credit_id,customer_id,credit_score,payment_behavior,missed_payments,credit_utilization,credit_risk_category
CRED-00001,CUST-00001,699,On-Time,0,0.38,Medium Risk
CRED-00002,CUST-00002,756,On-Time,0,0.11,Low Risk
CRED-00003,CUST-00003,754,On-Time,0,0.13,Low Risk
CRED-00004,CUST-00004,795,On-Time,0,0.15,Low Risk
CRED-00005,CUST-00005,569,Frequently Late,7,0.84,Very High Risk
CRED-00006,CUST-00006,781,On-Time,0,0.24,Low Risk
CRED-00007,CUST-00007,623,Frequently Late,4,0.65,High Risk
CRED-00008,CUST-00008,761,On-Time,0,0.22,Low Risk
CRED-00009,CUST-00009,697,On-Time,0,0.22,Medium Risk
CRED-00010,CUST-00010,667,Frequently Late,4,0.57,High Risk
CRED-00011,CUST-00011,618,Occasional Late,2,0.84,High Risk
CRED-00012,CUST-00012,600,Occasional Late,2,0.63,High Risk
CRED-00013,CUST-00013,610,Frequently Late,4,0.69,High Risk
CRED-00014,CUST-00014,556,Default Risk,8,0.84,Very High Risk
CRED-00015,CUST-00015,788,On-Time,0,0.21,Low Risk
CRED-00016,CUST-00016,562,Default Risk,8,0.96,Very High Risk
CRED-00017,CUST-00017,671,On-Time,0,0.35,Medium Risk
CRED-00018,CUST-00018,693,On-Time,1,0.25,Medium Risk
CRED-00019,CUST-00019,673,On-Time,1,0.44,Medium Risk
CRED-00020,CUST-00020,619,Frequently Late,1,0.73,High Risk
CRED-00021,CUST-00021,719,Occasional Late,1,0.38,Medium Risk
CRED-00022,CUST-00022,708,On-Time,2,0.43,Medium Risk
CRED-00023,CUST-00023,714,On-Time,0,0.23,Medium Risk
CRED-00024,CUST-00024,653,Occasional Late,2,0.69,High Risk
CRED-00025,CUST-00025,516,Default Risk,6,0.85,Very High Risk
CRED-00026,CUST-00026,647,Frequently Late,3,0.55,High Risk
CRED-00027,CUST-00027,738,On-Time,1,0.47,Medium Risk
CRED-00028,CUST-00028,620,Frequently Late,4,0.54,High Risk
CRED-00029,CUST-00029,652,Occasional Late,2,0.56,High Risk
CRED-00030,CUST-00030,447,Default Risk,4,0.83,Very High Risk
CRED-00031,CUST-00031,705,On-Time,0,0.37,Medium Risk
CRED-00032,CUST-00032,703,On-Time,0,0.39,Medium Risk
CRED-00033,CUST-00033,717,On-Time,0,0.28,Medium Risk
CRED-00034,CUST-00034,714,Occasional Late,0,0.41,Medium Risk
CRED-00035,CUST-00035,776,On-Time,0,0.25,Low Risk
CRED-00036,CUST-00036,696,On-Time,2,0.35,Medium Risk
CRED-00037,CUST-00037,783,On-Time,0,0.24,Low Risk
CRED-00038,CUST-00038,533,Default Risk,7,0.95,Very High Risk
CRED-00039,CUST-00039,788,On-Time,0,0.17,Low Risk
CRED-00040,CUST-00040,724,On-Time,0,0.22,Medium Risk
CRED-00041,CUST-00041,557,Default Risk,7,0.98,Very High Risk
CRED-00042,CUST-00042,744,Occasional Late,0,0.37,Medium Risk
CRED-00043,CUST-00043,762,On-Time,0,0.09,Low Risk
CRED-00044,CUST-00044,705,On-Time,0,0.37,Medium Risk
CRED-00045,CUST-00045,718,On-Time,0,0.33,Medium Risk
CRED-00046,CUST-00046,634,Occasional Late,4,0.56,High Risk
CRED-00047,CUST-00047,761,On-Time,0,0.07,Low Risk
CRED-00048,CUST-00048,747,On-Time,0,0.28,Medium Risk
CRED-00049,CUST-00049,639,Occasional Late,2,0.47,High Risk
CRED-00050,CUST-00050,661,Occasional Late,3,0.75,High Risk
CRED-00051,CUST-00051,671,Occasional Late,0,0.46,Medium Risk
CRED-00052,CUST-00052,735,On-Time,2,0.33,Medium Risk
CRED-00053,CUST-00053,653,Occasional Late,4,0.63,High Risk
CRED-00054,CUST-00054,736,On-Time,1,0.28,Medium Risk
CRED-00055,CUST-00055,702,On-Time,0,0.3,Medium Risk
CRED-00056,CUST-00056,746,On-Time,1,0.32,Medium Risk
CRED-00057,CUST-00057,455,Default Risk,11,0.76,Very High Risk
CRED-00058,CUST-00058,741,On-Time,2,0.22,Medium Risk
CRED-00059,CUST-00059,747,Occasional Late,0,0.25,Medium Risk
CRED-00060,CUST-00060,696,Occasional Late,0,0.28,Medium Risk
CRED-00061,CUST-00061,606,Frequently Late,3,0.67,High Risk
CRED-00062,CUST-00062,684,Occasional Late,0,0.34,Medium Risk
CRED-00063,CUST-00063,661,Occasional Late,2,0.54,High Risk
CRED-00064,CUST-00064,744,On-Time,2,0.35,Medium Risk
CRED-00065,CUST-00065,782,On-Time,0,0.14,Low Risk
CRED-00066,CUST-00066,586,Frequently Late,1,0.68,High Risk
CRED-00067,CUST-00067,666,Occasional Late,2,0.81,High Risk
CRED-00068,CUST-00068,762,On-Time,0,0.1,Low Risk
CRED-00069,CUST-00069,790,On-Time,0,0.07,Low Risk
CRED-00070,CUST-00070,440,Default Risk,6,0.94,Very High Risk
CRED-00071,CUST-00071,632,Occasional Late,4,0.65,High Risk
CRED-00072,CUST-00072,712,On-Time,0,0.26,Medium Risk
CRED-00073,CUST-00073,674,On-Time,0,0.28,Medium Risk
CRED-00074,CUST-00074,693,On-Time,0,0.23,Medium Risk
CRED-00075,CUST-00075,631,Occasional Late,4,0.73,High Risk
CRED-00076,CUST-00076,608,Frequently Late,3,0.6,High Risk
CRED-00077,CUST-00077,706,On-Time,1,0.38,Medium Risk
CRED-00078,CUST-00078,588,Frequently Late,3,0.47,High Risk
CRED-00079,CUST-00079,724,On-Time,0,0.49,Medium Risk
CRED-00080,CUST-00080,684,Occasional Late,0,0.22,Medium Risk
CRED-00081,CUST-00081,717,Occasional Late,1,0.25,Medium Risk
CRED-00082,CUST-00082,487,Default Risk,6,0.89,Very High Risk
CRED-00083,CUST-00083,744,On-Time,0,0.34,Medium Risk
CRED-00084,CUST-00084,733,On-Time,0,0.31,Medium Risk
CRED-00085,CUST-00085,658,Frequently Late,4,0.45,High Risk
CRED-00086,CUST-00086,687,On-Time,1,0.45,Medium Risk
CRED-00087,CUST-00087,548,Frequently Late,7,0.97,Very High Risk
CRED-00088,CUST-00088,598,Frequently Late,4,0.57,High Risk
CRED-00089,CUST-00089,584,Frequently Late,2,0.47,High Risk
CRED-00090,CUST-00090,562,Default Risk,4,0.83,Very High Risk
CRED-00091,CUST-00091,727,Occasional Late,1,0.35,Medium Risk
CRED-00092,CUST-00092,779,On-Time,0,0.25,Low Risk
CRED-00093,CUST-00093,504,Frequently Late,8,0.77,Very High Risk
CRED-00094,CUST-00094,750,On-Time,0,0.1,Low Risk
CRED-00095,CUST-00095,766,On-Time,0,0.21,Low Risk
CRED-00096,CUST-00096,653,Frequently Late,3,0.67,High Risk
CRED-00097,CUST-00097,640,Occasional Late,4,0.73,High Risk
CRED-00098,CUST-00098,720,On-Time,0,0.32,Medium Risk
CRED-00099,CUST-00099,722,Occasional Late,0,0.44,Medium Risk
CRED-00100,CUST-00100,737,On-Time,0,0.41,Medium Risk
CRED-00101,CUST-00101,685,Occasional Late,0,0.33,Medium Risk
CRED-00102,CUST-00102,648,Occasional Late,2,0.49,High Risk
CRED-00103,CUST-00103,648,Frequently Late,1,0.69,High Risk
CRED-00104,CUST-00104,754,On-Time,0,0.19,Low Risk
CRED-00105,CUST-00105,762,On-Time,0,0.2,Low Risk
CRED-00106,CUST-00106,820,On-Time,0,0.19,Low Risk
CRED-00107,CUST-00107,774,On-Time,0,0.08,Low Risk
CRED-00108,CUST-00108,649,Frequently Late,3,0.66,High Risk
CRED-00109,CUST-00109,569,Frequently Late,7,0.71,Very High Risk
CRED-00110,CUST-00110,669,Frequently Late,2,0.77,High Risk
CRED-00111,CUST-00111,690,On-Time,2,0.38,Medium Risk
CRED-00112,CUST-00112,752,On-Time,0,0.16,Low Risk
CRED-00113,CUST-00113,721,Occasional Late,0,0.47,Medium Risk
CRED-00114,CUST-00114,833,On-Time,0,0.18,Low Risk
CRED-00115,CUST-00115,714,On-Time,1,0.24,Medium Risk
CRED-00116,CUST-00116,769,On-Time,0,0.06,Low Risk
CRED-00117,CUST-00117,807,On-Time,0,0.13,Low Risk
CRED-00118,CUST-00118,713,On-Time,0,0.33,Medium Risk
CRED-00119,CUST-00119,727,On-Time,0,0.2,Medium Risk
CRED-00120,CUST-00120,702,On-Time,0,0.25,Medium Risk
CRED-00121,CUST-00121,721,Occasional Late,0,0.46,Medium Risk
CRED-00122,CUST-00122,736,On-Time,0,0.22,Medium Risk
CRED-00123,CUST-00123,697,On-Time,0,0.43,Medium Risk
CRED-00124,CUST-00124,682,On-Time,0,0.35,Medium Risk
CRED-00125,CUST-00125,702,Occasional Late,0,0.46,Medium Risk
CRED-00126,CUST-00126,721,On-Time,0,0.27,Medium Risk
CRED-00127,CUST-00127,709,On-Time,2,0.3,Medium Risk
CRED-00128,CUST-00128,590,Frequently Late,2,0.56,High Risk
CRED-00129,CUST-00129,671,On-Time,0,0.22,Medium Risk
CRED-00130,CUST-00130,792,On-Time,0,0.09,Low Risk
CRED-00131,CUST-00131,667,Occasional Late,2,0.75,High Risk
CRED-00132,CUST-00132,759,On-Time,0,0.11,Low Risk
CRED-00133,CUST-00133,696,Occasional Late,2,0.37,Medium Risk
CRED-00134,CUST-00134,709,On-Time,0,0.37,Medium Risk
CRED-00135,CUST-00135,736,Occasional Late,0,0.43,Medium Risk
CRED-00136,CUST-00136,793,On-Time,0,0.1,Low Risk
CRED-00137,CUST-00137,705,On-Time,0,0.3,Medium Risk
CRED-00138,CUST-00138,674,On-Time,0,0.24,Medium Risk
CRED-00139,CUST-00139,359,Frequently Late,6,0.7,Very High Risk
CRED-00140,CUST-00140,681,Occasional Late,0,0.46,Medium Risk
CRED-00141,CUST-00141,714,On-Time,0,0.3,Medium Risk
CRED-00142,CUST-00142,652,Frequently Late,1,0.82,High Risk
CRED-00143,CUST-00143,736,Occasional Late,0,0.44,Medium Risk
CRED-00144,CUST-00144,680,On-Time,0,0.44,Medium Risk
CRED-00145,CUST-00145,744,Occasional Late,0,0.28,Medium Risk
CRED-00146,CUST-00146,671,On-Time,0,0.46,Medium Risk
CRED-00147,CUST-00147,698,On-Time,0,0.34,Medium Risk
CRED-00148,CUST-00148,755,On-Time,0,0.1,Low Risk
CRED-00149,CUST-00149,613,Occasional Late,1,0.66,High Risk
CRED-00150,CUST-00150,606,Frequently Late,1,0.8,High Risk
CRED-00151,CUST-00151,398,Frequently Late,5,0.95,Very High Risk
CRED-00152,CUST-00152,720,Occasional Late,2,0.27,Medium Risk
CRED-00153,CUST-00153,703,On-Time,1,0.26,Medium Risk
CRED-00154,CUST-00154,682,On-Time,1,0.23,Medium Risk
CRED-00155,CUST-00155,717,On-Time,0,0.31,Medium Risk
CRED-00156,CUST-00156,580,Occasional Late,2,0.7,High Risk
CRED-00157,CUST-00157,690,Occasional Late,1,0.41,Medium Risk
CRED-00158,CUST-00158,719,Occasional Late,0,0.42,Medium Risk
CRED-00159,CUST-00159,730,On-Time,1,0.43,Medium Risk
CRED-00160,CUST-00160,772,On-Time,0,0.1,Low Risk
CRED-00161,CUST-00161,725,On-Time,0,0.24,Medium Risk
CRED-00162,CUST-00162,688,Occasional Late,0,0.26,Medium Risk
CRED-00163,CUST-00163,548,Default Risk,5,0.77,Very High Risk
CRED-00164,CUST-00164,737,On-Time,0,0.4,Medium Risk
CRED-00165,CUST-00165,745,Occasional Late,0,0.28,Medium Risk
CRED-00166,CUST-00166,688,Occasional Late,0,0.44,Medium Risk
CRED-00167,CUST-00167,784,On-Time,0,0.06,Low Risk
CRED-00168,CUST-00168,359,Default Risk,10,0.75,Very High Risk
CRED-00169,CUST-00169,659,Occasional Late,2,0.62,High Risk
CRED-00170,CUST-00170,609,Occasional Late,2,0.52,High Risk
CRED-00171,CUST-00171,742,On-Time,0,0.44,Medium Risk
CRED-00172,CUST-00172,772,On-Time,0,0.21,Low Risk
CRED-00173,CUST-00173,701,Occasional Late,0,0.34,Medium Risk
CRED-00174,CUST-00174,674,Occasional Late,0,0.48,Medium Risk
CRED-00175,CUST-00175,731,Occasional Late,2,0.31,Medium Risk
CRED-00176,CUST-00176,625,Occasional Late,3,0.6,High Risk
CRED-00177,CUST-00177,519,Default Risk,10,0.91,Very High Risk
CRED-00178,CUST-00178,628,Frequently Late,3,0.81,High Risk
CRED-00179,CUST-00179,734,On-Time,2,0.37,Medium Risk
CRED-00180,CUST-00180,779,On-Time,0,0.1,Low Risk
CRED-00181,CUST-00181,747,On-Time,1,0.23,Medium Risk
CRED-00182,CUST-00182,706,Occasional Late,1,0.31,Medium Risk
CRED-00183,CUST-00183,680,On-Time,1,0.2,Medium Risk
CRED-00184,CUST-00184,715,Occasional Late,0,0.43,Medium Risk
CRED-00185,CUST-00185,676,Occasional Late,2,0.25,Medium Risk
CRED-00186,CUST-00186,703,On-Time,0,0.33,Medium Risk
CRED-00187,CUST-00187,587,Occasional Late,4,0.66,High Risk
CRED-00188,CUST-00188,447,Default Risk,8,0.79,Very High Risk
CRED-00189,CUST-00189,671,Occasional Late,0,0.38,Medium Risk
CRED-00190,CUST-00190,725,On-Time,1,0.35,Medium Risk
CRED-00191,CUST-00191,738,Occasional Late,0,0.44,Medium Risk
CRED-00192,CUST-00192,750,On-Time,0,0.06,Low Risk
CRED-00193,CUST-00193,737,On-Time,1,0.38,Medium Risk
CRED-00194,CUST-00194,640,Occasional Late,4,0.77,High Risk
CRED-00195,CUST-00195,647,Frequently Late,4,0.72,High Risk
CRED-00196,CUST-00196,678,Occasional Late,0,0.45,Medium Risk
CRED-00197,CUST-00197,782,On-Time,1,0.22,Low Risk
CRED-00198,CUST-00198,729,Occasional Late,1,0.21,Medium Risk
CRED-00199,CUST-00199,763,On-Time,0,0.15,Low Risk
CRED-00200,CUST-00200,751,On-Time,0,0.14,Low Risk
CRED-00201,CUST-00201,710,On-Time,0,0.38,Medium Risk
CRED-00202,CUST-00202,766,On-Time,0,0.24,Low Risk
CRED-00203,CUST-00203,621,Frequently Late,1,0.7,High Risk
CRED-00204,CUST-00204,559,Default Risk,8,0.77,Very High Risk
CRED-00205,CUST-00205,703,On-Time,0,0.4,Medium Risk
CRED-00206,CUST-00206,669,Occasional Late,4,0.52,High Risk
CRED-00207,CUST-00207,741,On-Time,1,0.38,Medium Risk
CRED-00208,CUST-00208,741,Occasional Late,2,0.26,Medium Risk
CRED-00209,CUST-00209,643,Frequently Late,3,0.63,High Risk
CRED-00210,CUST-00210,768,On-Time,1,0.12,Low Risk
CRED-00211,CUST-00211,726,Occasional Late,0,0.46,Medium Risk
CRED-00212,CUST-00212,699,Occasional Late,0,0.46,Medium Risk
CRED-00213,CUST-00213,794,On-Time,0,0.16,Low Risk
CRED-00214,CUST-00214,730,On-Time,0,0.28,Medium Risk
CRED-00215,CUST-00215,664,Frequently Late,2,0.85,High Risk
CRED-00216,CUST-00216,766,On-Time,0,0.07,Low Risk
CRED-00217,CUST-00217,770,On-Time,0,0.11,Low Risk
CRED-00218,CUST-00218,668,Frequently Late,2,0.74,High Risk
CRED-00219,CUST-00219,792,On-Time,0,0.15,Low Risk
CRED-00220,CUST-00220,729,Occasional Late,1,0.24,Medium Risk
CRED-00221,CUST-00221,665,Frequently Late,3,0.66,High Risk
CRED-00222,CUST-00222,674,On-Time,0,0.3,Medium Risk
CRED-00223,CUST-00223,662,Frequently Late,1,0.75,High Risk
CRED-00224,CUST-00224,716,On-Time,0,0.36,Medium Risk
CRED-00225,CUST-00225,792,On-Time,0,0.18,Low Risk
CRED-00226,CUST-00226,653,Occasional Late,1,0.47,High Risk
CRED-00227,CUST-00227,702,On-Time,0,0.5,Medium Risk
CRED-00228,CUST-00228,749,On-Time,0,0.39,Medium Risk
CRED-00229,CUST-00229,783,On-Time,0,0.14,Low Risk
CRED-00230,CUST-00230,684,On-Time,0,0.49,Medium Risk
CRED-00231,CUST-00231,652,Occasional Late,3,0.7,High Risk
CRED-00232,CUST-00232,762,On-Time,0,0.17,Low Risk
CRED-00233,CUST-00233,712,On-Time,0,0.22,Medium Risk
CRED-00234,CUST-00234,720,Occasional Late,1,0.39,Medium Risk
CRED-00235,CUST-00235,694,On-Time,0,0.35,Medium Risk
CRED-00236,CUST-00236,444,Frequently Late,6,0.78,Very High Risk
CRED-00237,CUST-00237,667,Occasional Late,4,0.68,High Risk
CRED-00238,CUST-00238,743,On-Time,0,0.48,Medium Risk
CRED-00239,CUST-00239,689,On-Time,0,0.3,Medium Risk
CRED-00240,CUST-00240,749,On-Time,0,0.46,Medium Risk
CRED-00241,CUST-00241,751,On-Time,0,0.17,Low Risk
CRED-00242,CUST-00242,746,On-Time,0,0.21,Medium Risk
CRED-00243,CUST-00243,678,On-Time,1,0.43,Medium Risk
CRED-00244,CUST-00244,704,Occasional Late,0,0.5,Medium Risk
CRED-00245,CUST-00245,725,On-Time,1,0.37,Medium Risk
CRED-00246,CUST-00246,694,On-Time,0,0.28,Medium Risk
CRED-00247,CUST-00247,741,On-Time,0,0.29,Medium Risk
CRED-00248,CUST-00248,654,Frequently Late,2,0.47,High Risk
CRED-00249,CUST-00249,670,On-Time,0,0.28,Medium Risk
CRED-00250,CUST-00250,771,On-Time,0,0.22,Low Risk
CRED-00251,CUST-00251,704,On-Time,1,0.23,Medium Risk
CRED-00252,CUST-00252,692,Occasional Late,0,0.35,Medium Risk
CRED-00253,CUST-00253,656,Occasional Late,4,0.62,High Risk
CRED-00254,CUST-00254,676,On-Time,0,0.41,Medium Risk
CRED-00255,CUST-00255,757,On-Time,0,0.06,Low Risk
CRED-00256,CUST-00256,696,On-Time,1,0.2,Medium Risk
CRED-00257,CUST-00257,566,Frequently Late,4,0.98,Very High Risk
CRED-00258,CUST-00258,672,On-Time,1,0.46,Medium Risk
CRED-00259,CUST-00259,649,Occasional Late,2,0.85,High Risk
CRED-00260,CUST-00260,699,On-Time,1,0.36,Medium Risk
CRED-00261,CUST-00261,694,On-Time,0,0.39,Medium Risk
CRED-00262,CUST-00262,686,On-Time,1,0.4,Medium Risk
CRED-00263,CUST-00263,718,On-Time,1,0.32,Medium Risk
CRED-00264,CUST-00264,685,On-Time,2,0.31,Medium Risk
CRED-00265,CUST-00265,731,On-Time,2,0.35,Medium Risk
CRED-00266,CUST-00266,641,Frequently Late,2,0.77,High Risk
CRED-00267,CUST-00267,720,On-Time,0,0.29,Medium Risk
CRED-00268,CUST-00268,658,Occasional Late,2,0.73,High Risk
CRED-00269,CUST-00269,702,On-Time,0,0.22,Medium Risk
CRED-00270,CUST-00270,713,On-Time,1,0.29,Medium Risk
CRED-00271,CUST-00271,548,Default Risk,5,0.88,Very High Risk
CRED-00272,CUST-00272,815,On-Time,0,0.25,Low Risk
CRED-00273,CUST-00273,658,Occasional Late,3,0.62,High Risk
CRED-00274,CUST-00274,689,On-Time,0,0.35,Medium Risk
CRED-00275,CUST-00275,577,Default Risk,7,0.93,Very High Risk
CRED-00276,CUST-00276,624,Occasional Late,4,0.59,High Risk
CRED-00277,CUST-00277,610,Frequently Late,4,0.57,High Risk
CRED-00278,CUST-00278,617,Occasional Late,3,0.59,High Risk
CRED-00279,CUST-00279,770,On-Time,0,0.07,Low Risk
CRED-00280,CUST-00280,651,Frequently Late,2,0.69,High Risk
CRED-00281,CUST-00281,683,Occasional Late,0,0.47,Medium Risk
CRED-00282,CUST-00282,673,On-Time,0,0.39,Medium Risk
CRED-00283,CUST-00283,746,On-Time,0,0.22,Medium Risk
CRED-00284,CUST-00284,798,On-Time,0,0.15,Low Risk
CRED-00285,CUST-00285,717,On-Time,0,0.31,Medium Risk
CRED-00286,CUST-00286,724,On-Time,0,0.44,Medium Risk
CRED-00287,CUST-00287,741,On-Time,0,0.29,Medium Risk
CRED-00288,CUST-00288,667,Occasional Late,1,0.62,High Risk
CRED-00289,CUST-00289,714,On-Time,0,0.25,Medium Risk
CRED-00290,CUST-00290,660,Occasional Late,4,0.55,High Risk
CRED-00291,CUST-00291,666,Frequently Late,1,0.5,High Risk
CRED-00292,CUST-00292,592,Occasional Late,4,0.68,High Risk
CRED-00293,CUST-00293,580,Frequently Late,2,0.81,High Risk
CRED-00294,CUST-00294,764,On-Time,0,0.09,Low Risk
CRED-00295,CUST-00295,716,Occasional Late,0,0.29,Medium Risk
CRED-00296,CUST-00296,694,Occasional Late,1,0.37,Medium Risk
CRED-00297,CUST-00297,722,On-Time,0,0.35,Medium Risk
CRED-00298,CUST-00298,662,Occasional Late,4,0.82,High Risk
CRED-00299,CUST-00299,777,On-Time,0,0.16,Low Risk
CRED-00300,CUST-00300,717,On-Time,2,0.32,Medium Risk
CRED-00301,CUST-00301,674,On-Time,0,0.47,Medium Risk
CRED-00302,CUST-00302,577,Frequently Late,4,0.81,Very High Risk
CRED-00303,CUST-00303,710,Occasional Late,0,0.36,Medium Risk
CRED-00304,CUST-00304,723,On-Time,0,0.49,Medium Risk
CRED-00305,CUST-00305,491,Frequently Late,5,0.88,Very High Risk
CRED-00306,CUST-00306,597,Occasional Late,4,0.63,High Risk
CRED-00307,CUST-00307,678,Occasional Late,0,0.31,Medium Risk
CRED-00308,CUST-00308,689,On-Time,2,0.32,Medium Risk
CRED-00309,CUST-00309,735,On-Time,0,0.31,Medium Risk
CRED-00310,CUST-00310,737,Occasional Late,1,0.32,Medium Risk
CRED-00311,CUST-00311,754,On-Time,0,0.13,Low Risk
CRED-00312,CUST-00312,745,On-Time,0,0.39,Medium Risk
CRED-00313,CUST-00313,807,On-Time,0,0.24,Low Risk
CRED-00314,CUST-00314,733,Occasional Late,0,0.28,Medium Risk
CRED-00315,CUST-00315,542,Default Risk,6,0.76,Very High Risk
CRED-00316,CUST-00316,717,On-Time,1,0.41,Medium Risk
CRED-00317,CUST-00317,580,Frequently Late,1,0.54,High Risk
CRED-00318,CUST-00318,732,On-Time,1,0.39,Medium Risk
CRED-00319,CUST-00319,694,On-Time,0,0.25,Medium Risk
CRED-00320,CUST-00320,692,Occasional Late,0,0.21,Medium Risk
CRED-00321,CUST-00321,795,On-Time,0,0.16,Low Risk
CRED-00322,CUST-00322,718,On-Time,1,0.22,Medium Risk
CRED-00323,CUST-00323,736,On-Time,0,0.33,Medium Risk
CRED-00324,CUST-00324,696,Occasional Late,2,0.35,Medium Risk
CRED-00325,CUST-00325,726,Occasional Late,0,0.49,Medium Risk
CRED-00326,CUST-00326,843,On-Time,0,0.06,Low Risk
CRED-00327,CUST-00327,685,On-Time,1,0.29,Medium Risk
CRED-00328,CUST-00328,707,Occasional Late,1,0.31,Medium Risk
CRED-00329,CUST-00329,578,Default Risk,9,0.78,Very High Risk
CRED-00330,CUST-00330,790,On-Time,1,0.09,Low Risk
CRED-00331,CUST-00331,601,Frequently Late,2,0.69,High Risk
CRED-00332,CUST-00332,660,Frequently Late,4,0.55,High Risk
CRED-00333,CUST-00333,764,On-Time,0,0.1,Low Risk
CRED-00334,CUST-00334,657,Occasional Late,4,0.46,High Risk
CRED-00335,CUST-00335,667,Frequently Late,2,0.55,High Risk
CRED-00336,CUST-00336,682,On-Time,1,0.39,Medium Risk
CRED-00337,CUST-00337,758,On-Time,0,0.07,Low Risk
CRED-00338,CUST-00338,722,Occasional Late,0,0.34,Medium Risk
CRED-00339,CUST-00339,703,On-Time,0,0.2,Medium Risk
CRED-00340,CUST-00340,737,On-Time,0,0.31,Medium Risk
CRED-00341,CUST-00341,753,On-Time,0,0.17,Low Risk
CRED-00342,CUST-00342,663,Frequently Late,3,0.83,High Risk
CRED-00343,CUST-00343,712,On-Time,0,0.5,Medium Risk
CRED-00344,CUST-00344,730,On-Time,0,0.49,Medium Risk
CRED-00345,CUST-00345,643,Occasional Late,2,0.81,High Risk
CRED-00346,CUST-00346,689,Occasional Late,0,0.24,Medium Risk
CRED-00347,CUST-00347,640,Frequently Late,3,0.77,High Risk
CRED-00348,CUST-00348,732,On-Time,0,0.48,Medium Risk
CRED-00349,CUST-00349,692,On-Time,1,0.4,Medium Risk
CRED-00350,CUST-00350,732,On-Time,0,0.2,Medium Risk
CRED-00351,CUST-00351,757,On-Time,0,0.11,Low Risk
CRED-00352,CUST-00352,737,On-Time,1,0.39,Medium Risk
CRED-00353,CUST-00353,824,On-Time,0,0.09,Low Risk
CRED-00354,CUST-00354,723,On-Time,0,0.22,Medium Risk
CRED-00355,CUST-00355,699,On-Time,0,0.22,Medium Risk
CRED-00356,CUST-00356,790,On-Time,0,0.13,Low Risk
CRED-00357,CUST-00357,825,On-Time,0,0.05,Low Risk
CRED-00358,CUST-00358,733,On-Time,2,0.36,Medium Risk
CRED-00359,CUST-00359,726,On-Time,0,0.47,Medium Risk
CRED-00360,CUST-00360,746,Occasional Late,0,0.34,Medium Risk
CRED-00361,CUST-00361,790,On-Time,0,0.11,Low Risk
CRED-00362,CUST-00362,687,On-Time,2,0.33,Medium Risk
CRED-00363,CUST-00363,700,Occasional Late,0,0.29,Medium Risk
CRED-00364,CUST-00364,695,On-Time,0,0.27,Medium Risk
CRED-00365,CUST-00365,725,On-Time,1,0.3,Medium Risk
CRED-00366,CUST-00366,633,Occasional Late,1,0.73,High Risk
CRED-00367,CUST-00367,732,On-Time,0,0.26,Medium Risk
CRED-00368,CUST-00368,483,Frequently Late,10,0.9,Very High Risk
CRED-00369,CUST-00369,670,On-Time,2,0.28,Medium Risk
CRED-00370,CUST-00370,658,Occasional Late,2,0.79,High Risk
CRED-00371,CUST-00371,667,Occasional Late,1,0.78,High Risk
CRED-00372,CUST-00372,779,On-Time,0,0.22,Low Risk
CRED-00373,CUST-00373,783,On-Time,0,0.19,Low Risk
CRED-00374,CUST-00374,681,On-Time,0,0.4,Medium Risk
CRED-00375,CUST-00375,749,On-Time,2,0.23,Medium Risk
CRED-00376,CUST-00376,734,Occasional Late,0,0.47,Medium Risk
CRED-00377,CUST-00377,746,Occasional Late,1,0.3,Medium Risk
CRED-00378,CUST-00378,691,Occasional Late,0,0.35,Medium Risk
CRED-00379,CUST-00379,692,On-Time,0,0.27,Medium Risk
CRED-00380,CUST-00380,725,On-Time,1,0.45,Medium Risk
CRED-00381,CUST-00381,651,Frequently Late,2,0.55,High Risk
CRED-00382,CUST-00382,675,On-Time,0,0.46,Medium Risk
CRED-00383,CUST-00383,809,On-Time,0,0.19,Low Risk
CRED-00384,CUST-00384,789,On-Time,0,0.11,Low Risk
CRED-00385,CUST-00385,705,On-Time,0,0.36,Medium Risk
CRED-00386,CUST-00386,647,Frequently Late,4,0.83,High Risk
CRED-00387,CUST-00387,737,Occasional Late,0,0.22,Medium Risk
CRED-00388,CUST-00388,642,Occasional Late,4,0.76,High Risk
CRED-00389,CUST-00389,775,On-Time,0,0.14,Low Risk
CRED-00390,CUST-00390,613,Occasional Late,2,0.49,High Risk
CRED-00391,CUST-00391,647,Frequently Late,1,0.71,High Risk
CRED-00392,CUST-00392,631,Frequently Late,2,0.65,High Risk
CRED-00393,CUST-00393,752,On-Time,0,0.12,Low Risk
CRED-00394,CUST-00394,742,On-Time,1,0.31,Medium Risk
CRED-00395,CUST-00395,722,On-Time,0,0.33,Medium Risk
CRED-00396,CUST-00396,746,Occasional Late,1,0.24,Medium Risk
CRED-00397,CUST-00397,676,On-Time,1,0.27,Medium Risk
CRED-00398,CUST-00398,786,On-Time,0,0.2,Low Risk
CRED-00399,CUST-00399,628,Occasional Late,4,0.78,High Risk
CRED-00400,CUST-00400,633,Occasional Late,1,0.77,High Risk
CRED-00401,CUST-00401,701,Occasional Late,0,0.21,Medium Risk
CRED-00402,CUST-00402,642,Frequently Late,2,0.62,High Risk
CRED-00403,CUST-00403,786,On-Time,0,0.16,Low Risk
CRED-00404,CUST-00404,754,On-Time,0,0.08,Low Risk
CRED-00405,CUST-00405,673,On-Time,0,0.46,Medium Risk
CRED-00406,CUST-00406,702,On-Time,0,0.25,Medium Risk
CRED-00407,CUST-00407,748,On-Time,1,0.39,Medium Risk
CRED-00408,CUST-00408,735,On-Time,2,0.42,Medium Risk
CRED-00409,CUST-00409,637,Occasional Late,2,0.84,High Risk
CRED-00410,CUST-00410,525,Default Risk,4,0.8,Very High Risk
CRED-00411,CUST-00411,693,On-Time,0,0.32,Medium Risk
CRED-00412,CUST-00412,578,Default Risk,7,0.8,Very High Risk
CRED-00413,CUST-00413,698,On-Time,0,0.21,Medium Risk
CRED-00414,CUST-00414,678,On-Time,0,0.22,Medium Risk
CRED-00415,CUST-00415,561,Frequently Late,10,0.71,Very High Risk
CRED-00416,CUST-00416,698,On-Time,0,0.38,Medium Risk
CRED-00417,CUST-00417,618,Frequently Late,1,0.72,High Risk
CRED-00418,CUST-00418,726,On-Time,0,0.46,Medium Risk
CRED-00419,CUST-00419,689,On-Time,2,0.2,Medium Risk
CRED-00420,CUST-00420,762,On-Time,0,0.1,Low Risk
CRED-00421,CUST-00421,589,Occasional Late,2,0.73,High Risk
CRED-00422,CUST-00422,726,On-Time,0,0.38,Medium Risk
CRED-00423,CUST-00423,636,Occasional Late,3,0.52,High Risk
CRED-00424,CUST-00424,726,On-Time,0,0.35,Medium Risk
CRED-00425,CUST-00425,744,On-Time,0,0.34,Medium Risk
CRED-00426,CUST-00426,607,Frequently Late,2,0.52,High Risk
CRED-00427,CUST-00427,652,Occasional Late,3,0.68,High Risk
CRED-00428,CUST-00428,500,Default Risk,11,0.98,Very High Risk
CRED-00429,CUST-00429,647,Occasional Late,3,0.55,High Risk
CRED-00430,CUST-00430,757,On-Time,0,0.09,Low Risk
CRED-00431,CUST-00431,687,On-Time,1,0.5,Medium Risk
CRED-00432,CUST-00432,675,On-Time,0,0.26,Medium Risk
CRED-00433,CUST-00433,670,Occasional Late,0,0.25,Medium Risk
CRED-00434,CUST-00434,656,Occasional Late,1,0.65,High Risk
CRED-00435,CUST-00435,762,On-Time,0,0.2,Low Risk
CRED-00436,CUST-00436,702,On-Time,1,0.44,Medium Risk
CRED-00437,CUST-00437,677,On-Time,0,0.34,Medium Risk
CRED-00438,CUST-00438,694,Occasional Late,0,0.23,Medium Risk
CRED-00439,CUST-00439,753,On-Time,0,0.11,Low Risk
CRED-00440,CUST-00440,745,Occasional Late,0,0.32,Medium Risk
CRED-00441,CUST-00441,686,On-Time,0,0.3,Medium Risk
CRED-00442,CUST-00442,778,On-Time,0,0.12,Low Risk
CRED-00443,CUST-00443,785,On-Time,0,0.15,Low Risk
CRED-00444,CUST-00444,657,Occasional Late,4,0.73,High Risk
CRED-00445,CUST-00445,764,On-Time,0,0.09,Low Risk
CRED-00446,CUST-00446,736,Occasional Late,0,0.3,Medium Risk
CRED-00447,CUST-00447,639,Frequently Late,1,0.56,High Risk
CRED-00448,CUST-00448,702,On-Time,0,0.38,Medium Risk
CRED-00449,CUST-00449,673,On-Time,1,0.35,Medium Risk
CRED-00450,CUST-00450,764,On-Time,0,0.08,Low Risk
CRED-00451,CUST-00451,740,On-Time,0,0.33,Medium Risk
CRED-00452,CUST-00452,706,On-Time,2,0.25,Medium Risk
CRED-00453,CUST-00453,583,Frequently Late,3,0.77,High Risk
CRED-00454,CUST-00454,717,On-Time,2,0.5,Medium Risk
CRED-00455,CUST-00455,753,On-Time,0,0.21,Low Risk
CRED-00456,CUST-00456,609,Occasional Late,3,0.83,High Risk
CRED-00457,CUST-00457,783,On-Time,0,0.07,Low Risk
CRED-00458,CUST-00458,707,On-Time,0,0.35,Medium Risk
CRED-00459,CUST-00459,721,On-Time,1,0.26,Medium Risk
CRED-00460,CUST-00460,767,On-Time,0,0.1,Low Risk
CRED-00461,CUST-00461,647,Occasional Late,3,0.52,High Risk
CRED-00462,CUST-00462,727,On-Time,0,0.21,Medium Risk
CRED-00463,CUST-00463,619,Occasional Late,2,0.58,High Risk
CRED-00464,CUST-00464,745,On-Time,0,0.34,Medium Risk
CRED-00465,CUST-00465,557,Frequently Late,4,0.84,Very High Risk
CRED-00466,CUST-00466,712,On-Time,1,0.29,Medium Risk
CRED-00467,CUST-00467,710,On-Time,1,0.48,Medium Risk
CRED-00468,CUST-00468,580,Occasional Late,1,0.7,High Risk
CRED-00469,CUST-00469,676,On-Time,0,0.31,Medium Risk
CRED-00470,CUST-00470,696,On-Time,0,0.45,Medium Risk
CRED-00471,CUST-00471,709,On-Time,1,0.22,Medium Risk
CRED-00472,CUST-00472,673,Occasional Late,0,0.23,Medium Risk
CRED-00473,CUST-00473,755,On-Time,0,0.2,Low Risk
CRED-00474,CUST-00474,738,On-Time,1,0.2,Medium Risk
CRED-00475,CUST-00475,714,Occasional Late,0,0.25,Medium Risk
CRED-00476,CUST-00476,718,Occasional Late,0,0.39,Medium Risk
CRED-00477,CUST-00477,735,Occasional Late,2,0.5,Medium Risk
CRED-00478,CUST-00478,782,On-Time,0,0.22,Low Risk
CRED-00479,CUST-00479,583,Occasional Late,2,0.83,High Risk
CRED-00480,CUST-00480,692,On-Time,1,0.49,Medium Risk
CRED-00481,CUST-00481,623,Occasional Late,2,0.81,High Risk
CRED-00482,CUST-00482,640,Occasional Late,4,0.64,High Risk
CRED-00483,CUST-00483,726,On-Time,0,0.29,Medium Risk
CRED-00484,CUST-00484,714,On-Time,0,0.21,Medium Risk
CRED-00485,CUST-00485,753,On-Time,0,0.22,Low Risk
CRED-00486,CUST-00486,735,Occasional Late,0,0.31,Medium Risk
CRED-00487,CUST-00487,607,Occasional Late,1,0.57,High Risk
CRED-00488,CUST-00488,605,Occasional Late,2,0.75,High Risk
CRED-00489,CUST-00489,712,On-Time,0,0.49,Medium Risk
CRED-00490,CUST-00490,810,On-Time,0,0.22,Low Risk
CRED-00491,CUST-00491,775,On-Time,0,0.24,Low Risk
CRED-00492,CUST-00492,606,Occasional Late,2,0.66,High Risk
CRED-00493,CUST-00493,672,On-Time,0,0.46,Medium Risk
CRED-00494,CUST-00494,743,On-Time,0,0.22,Medium Risk
CRED-00495,CUST-00495,680,On-Time,1,0.21,Medium Risk
CRED-00496,CUST-00496,667,Occasional Late,2,0.74,High Risk
CRED-00497,CUST-00497,743,Occasional Late,0,0.42,Medium Risk
CRED-00498,CUST-00498,669,Frequently Late,4,0.74,High Risk
CRED-00499,CUST-00499,697,Occasional Late,2,0.2,Medium Risk
CRED-00500,CUST-00500,734,On-Time,0,0.24,Medium Risk
CRED-00501,CUST-00501,658,Occasional Late,1,0.72,High Risk
CRED-00502,CUST-00502,737,On-Time,0,0.3,Medium Risk
CRED-00503,CUST-00503,835,On-Time,0,0.2,Low Risk
CRED-00504,CUST-00504,659,Frequently Late,4,0.66,High Risk
CRED-00505,CUST-00505,631,Occasional Late,1,0.48,High Risk
CRED-00506,CUST-00506,743,On-Time,2,0.49,Medium Risk
CRED-00507,CUST-00507,670,Occasional Late,0,0.43,Medium Risk
CRED-00508,CUST-00508,708,On-Time,0,0.41,Medium Risk
CRED-00509,CUST-00509,775,On-Time,0,0.23,Low Risk
CRED-00510,CUST-00510,822,On-Time,0,0.11,Low Risk
CRED-00511,CUST-00511,787,On-Time,0,0.09,Low Risk
CRED-00512,CUST-00512,716,On-Time,0,0.21,Medium Risk
CRED-00513,CUST-00513,615,Frequently Late,1,0.83,High Risk
CRED-00514,CUST-00514,758,On-Time,0,0.11,Low Risk
CRED-00515,CUST-00515,622,Frequently Late,3,0.75,High Risk
CRED-00516,CUST-00516,763,On-Time,0,0.09,Low Risk
CRED-00517,CUST-00517,696,Occasional Late,0,0.4,Medium Risk
CRED-00518,CUST-00518,704,On-Time,0,0.22,Medium Risk
CRED-00519,CUST-00519,661,Occasional Late,4,0.52,High Risk
CRED-00520,CUST-00520,724,On-Time,0,0.41,Medium Risk
CRED-00521,CUST-00521,700,On-Time,1,0.36,Medium Risk
CRED-00522,CUST-00522,685,On-Time,1,0.32,Medium Risk
CRED-00523,CUST-00523,667,Frequently Late,3,0.73,High Risk
CRED-00524,CUST-00524,712,On-Time,0,0.23,Medium Risk
CRED-00525,CUST-00525,727,On-Time,0,0.3,Medium Risk
CRED-00526,CUST-00526,669,Occasional Late,4,0.51,High Risk
CRED-00527,CUST-00527,674,Occasional Late,0,0.21,Medium Risk
CRED-00528,CUST-00528,481,Frequently Late,10,0.79,Very High Risk
CRED-00529,CUST-00529,633,Frequently Late,4,0.62,High Risk
CRED-00530,CUST-00530,723,On-Time,0,0.24,Medium Risk
CRED-00531,CUST-00531,628,Occasional Late,2,0.81,High Risk
CRED-00532,CUST-00532,454,Frequently Late,9,0.73,Very High Risk
CRED-00533,CUST-00533,682,On-Time,0,0.48,Medium Risk
CRED-00534,CUST-00534,721,On-Time,0,0.45,Medium Risk
CRED-00535,CUST-00535,694,On-Time,0,0.27,Medium Risk
CRED-00536,CUST-00536,517,Frequently Late,11,0.97,Very High Risk
CRED-00537,CUST-00537,592,Occasional Late,1,0.8,High Risk
CRED-00538,CUST-00538,809,On-Time,0,0.09,Low Risk
CRED-00539,CUST-00539,812,On-Time,0,0.16,Low Risk
CRED-00540,CUST-00540,710,On-Time,1,0.23,Medium Risk
CRED-00541,CUST-00541,760,On-Time,0,0.18,Low Risk
CRED-00542,CUST-00542,678,Occasional Late,0,0.39,Medium Risk
CRED-00543,CUST-00543,789,On-Time,0,0.09,Low Risk
CRED-00544,CUST-00544,736,Occasional Late,0,0.45,Medium Risk
CRED-00545,CUST-00545,717,Occasional Late,0,0.28,Medium Risk
CRED-00546,CUST-00546,713,On-Time,1,0.39,Medium Risk
CRED-00547,CUST-00547,769,On-Time,0,0.24,Low Risk
CRED-00548,CUST-00548,676,Occasional Late,2,0.39,Medium Risk
CRED-00549,CUST-00549,720,On-Time,0,0.27,Medium Risk
CRED-00550,CUST-00550,710,On-Time,0,0.25,Medium Risk
CRED-00551,CUST-00551,706,On-Time,0,0.28,Medium Risk
CRED-00552,CUST-00552,646,Occasional Late,1,0.48,High Risk
CRED-00553,CUST-00553,729,On-Time,0,0.38,Medium Risk
CRED-00554,CUST-00554,564,Default Risk,8,0.89,Very High Risk
CRED-00555,CUST-00555,730,On-Time,0,0.41,Medium Risk
CRED-00556,CUST-00556,639,Frequently Late,2,0.59,High Risk
CRED-00557,CUST-00557,701,Occasional Late,2,0.34,Medium Risk
CRED-00558,CUST-00558,729,On-Time,0,0.46,Medium Risk
CRED-00559,CUST-00559,738,On-Time,0,0.36,Medium Risk
CRED-00560,CUST-00560,781,On-Time,0,0.13,Low Risk
CRED-00561,CUST-00561,690,On-Time,1,0.22,Medium Risk
CRED-00562,CUST-00562,619,Frequently Late,1,0.49,High Risk
CRED-00563,CUST-00563,823,On-Time,1,0.11,Low Risk
CRED-00564,CUST-00564,712,On-Time,0,0.44,Medium Risk
CRED-00565,CUST-00565,416,Default Risk,11,0.72,Very High Risk
CRED-00566,CUST-00566,616,Frequently Late,2,0.61,High Risk
CRED-00567,CUST-00567,676,On-Time,0,0.44,Medium Risk
CRED-00568,CUST-00568,700,Occasional Late,0,0.47,Medium Risk
CRED-00569,CUST-00569,747,Occasional Late,0,0.36,Medium Risk
CRED-00570,CUST-00570,737,On-Time,2,0.3,Medium Risk
CRED-00571,CUST-00571,716,Occasional Late,0,0.27,Medium Risk
CRED-00572,CUST-00572,716,On-Time,1,0.37,Medium Risk
CRED-00573,CUST-00573,702,Occasional Late,2,0.27,Medium Risk
CRED-00574,CUST-00574,704,Occasional Late,1,0.29,Medium Risk
CRED-00575,CUST-00575,692,Occasional Late,2,0.36,Medium Risk
CRED-00576,CUST-00576,743,On-Time,0,0.38,Medium Risk
CRED-00577,CUST-00577,768,On-Time,0,0.12,Low Risk
CRED-00578,CUST-00578,688,On-Time,0,0.24,Medium Risk
CRED-00579,CUST-00579,742,On-Time,1,0.26,Medium Risk
CRED-00580,CUST-00580,751,On-Time,1,0.21,Low Risk
CRED-00581,CUST-00581,812,On-Time,0,0.17,Low Risk
CRED-00582,CUST-00582,739,Occasional Late,0,0.31,Medium Risk
CRED-00583,CUST-00583,730,On-Time,0,0.4,Medium Risk
CRED-00584,CUST-00584,701,On-Time,0,0.4,Medium Risk
CRED-00585,CUST-00585,709,Occasional Late,0,0.33,Medium Risk
CRED-00586,CUST-00586,789,On-Time,0,0.25,Low Risk
CRED-00587,CUST-00587,590,Frequently Late,4,0.78,High Risk
CRED-00588,CUST-00588,789,On-Time,0,0.17,Low Risk
CRED-00589,CUST-00589,654,Occasional Late,4,0.83,High Risk
CRED-00590,CUST-00590,300,Default Risk,10,0.79,Very High Risk
CRED-00591,CUST-00591,729,On-Time,0,0.3,Medium Risk
CRED-00592,CUST-00592,695,Occasional Late,1,0.47,Medium Risk
CRED-00593,CUST-00593,698,Occasional Late,0,0.23,Medium Risk
CRED-00594,CUST-00594,728,Occasional Late,0,0.25,Medium Risk
CRED-00595,CUST-00595,622,Frequently Late,4,0.56,High Risk
CRED-00596,CUST-00596,688,Occasional Late,0,0.37,Medium Risk
CRED-00597,CUST-00597,740,Occasional Late,0,0.26,Medium Risk
CRED-00598,CUST-00598,656,Occasional Late,4,0.56,High Risk
CRED-00599,CUST-00599,720,On-Time,0,0.48,Medium Risk
CRED-00600,CUST-00600,755,On-Time,1,0.22,Low Risk
CRED-00601,CUST-00601,746,On-Time,1,0.35,Medium Risk
CRED-00602,CUST-00602,729,Occasional Late,0,0.46,Medium Risk
CRED-00603,CUST-00603,748,On-Time,0,0.47,Medium Risk
CRED-00604,CUST-00604,733,Occasional Late,0,0.29,Medium Risk
CRED-00605,CUST-00605,694,On-Time,0,0.22,Medium Risk
CRED-00606,CUST-00606,750,On-Time,0,0.13,Low Risk
CRED-00607,CUST-00607,765,On-Time,0,0.15,Low Risk
CRED-00608,CUST-00608,727,On-Time,0,0.36,Medium Risk
CRED-00609,CUST-00609,773,On-Time,0,0.17,Low Risk
CRED-00610,CUST-00610,734,On-Time,0,0.4,Medium Risk
CRED-00611,CUST-00611,642,Frequently Late,3,0.83,High Risk
CRED-00612,CUST-00612,686,On-Time,0,0.45,Medium Risk
CRED-00613,CUST-00613,809,On-Time,0,0.23,Low Risk
CRED-00614,CUST-00614,698,On-Time,0,0.48,Medium Risk
CRED-00615,CUST-00615,739,On-Time,0,0.32,Medium Risk
CRED-00616,CUST-00616,651,Occasional Late,1,0.53,High Risk
CRED-00617,CUST-00617,505,Default Risk,5,0.87,Very High Risk
CRED-00618,CUST-00618,594,Occasional Late,1,0.49,High Risk
CRED-00619,CUST-00619,715,On-Time,0,0.21,Medium Risk
CRED-00620,CUST-00620,711,Occasional Late,0,0.34,Medium Risk
CRED-00621,CUST-00621,771,On-Time,0,0.12,Low Risk
CRED-00622,CUST-00622,712,Occasional Late,0,0.25,Medium Risk
CRED-00623,CUST-00623,653,Occasional Late,1,0.71,High Risk
CRED-00624,CUST-00624,707,On-Time,0,0.32,Medium Risk
CRED-00625,CUST-00625,743,Occasional Late,1,0.2,Medium Risk
CRED-00626,CUST-00626,777,On-Time,0,0.23,Low Risk
CRED-00627,CUST-00627,549,Frequently Late,10,0.94,Very High Risk
CRED-00628,CUST-00628,692,Occasional Late,1,0.2,Medium Risk
CRED-00629,CUST-00629,559,Default Risk,7,0.76,Very High Risk
CRED-00630,CUST-00630,703,On-Time,0,0.26,Medium Risk
CRED-00631,CUST-00631,631,Frequently Late,1,0.59,High Risk
CRED-00632,CUST-00632,699,On-Time,1,0.26,Medium Risk
CRED-00633,CUST-00633,543,Frequently Late,8,0.79,Very High Risk
CRED-00634,CUST-00634,583,Frequently Late,2,0.81,High Risk
CRED-00635,CUST-00635,751,On-Time,0,0.24,Low Risk
CRED-00636,CUST-00636,680,On-Time,0,0.33,Medium Risk
CRED-00637,CUST-00637,665,Occasional Late,1,0.62,High Risk
CRED-00638,CUST-00638,729,On-Time,0,0.4,Medium Risk
CRED-00639,CUST-00639,680,On-Time,0,0.46,Medium Risk
CRED-00640,CUST-00640,769,On-Time,0,0.11,Low Risk
CRED-00641,CUST-00641,676,Occasional Late,1,0.44,Medium Risk
CRED-00642,CUST-00642,714,On-Time,0,0.36,Medium Risk
CRED-00643,CUST-00643,502,Default Risk,10,0.84,Very High Risk
CRED-00644,CUST-00644,768,On-Time,0,0.23,Low Risk
CRED-00645,CUST-00645,570,Frequently Late,5,0.96,Very High Risk
CRED-00646,CUST-00646,646,Occasional Late,1,0.52,High Risk
CRED-00647,CUST-00647,688,Occasional Late,0,0.31,Medium Risk
CRED-00648,CUST-00648,798,On-Time,0,0.19,Low Risk
CRED-00649,CUST-00649,788,On-Time,0,0.07,Low Risk
CRED-00650,CUST-00650,684,On-Time,1,0.45,Medium Risk
CRED-00651,CUST-00651,795,On-Time,0,0.13,Low Risk
CRED-00652,CUST-00652,624,Frequently Late,1,0.55,High Risk
CRED-00653,CUST-00653,683,On-Time,0,0.42,Medium Risk
CRED-00654,CUST-00654,394,Frequently Late,5,0.85,Very High Risk
CRED-00655,CUST-00655,757,On-Time,0,0.1,Low Risk
CRED-00656,CUST-00656,709,On-Time,2,0.24,Medium Risk
CRED-00657,CUST-00657,723,Occasional Late,0,0.41,Medium Risk
CRED-00658,CUST-00658,790,On-Time,0,0.12,Low Risk
CRED-00659,CUST-00659,725,Occasional Late,1,0.22,Medium Risk
CRED-00660,CUST-00660,715,On-Time,0,0.41,Medium Risk
CRED-00661,CUST-00661,779,On-Time,0,0.23,Low Risk
CRED-00662,CUST-00662,794,On-Time,0,0.2,Low Risk
CRED-00663,CUST-00663,719,Occasional Late,0,0.32,Medium Risk
CRED-00664,CUST-00664,725,Occasional Late,0,0.24,Medium Risk
CRED-00665,CUST-00665,808,On-Time,1,0.19,Low Risk
CRED-00666,CUST-00666,650,Frequently Late,1,0.47,High Risk
CRED-00667,CUST-00667,757,On-Time,0,0.19,Low Risk
CRED-00668,CUST-00668,678,On-Time,1,0.38,Medium Risk
CRED-00669,CUST-00669,720,On-Time,1,0.41,Medium Risk
CRED-00670,CUST-00670,704,Occasional Late,0,0.33,Medium Risk
CRED-00671,CUST-00671,725,Occasional Late,0,0.46,Medium Risk
CRED-00672,CUST-00672,520,Default Risk,11,0.93,Very High Risk
CRED-00673,CUST-00673,567,Frequently Late,9,0.72,Very High Risk
CRED-00674,CUST-00674,639,Occasional Late,4,0.73,High Risk
CRED-00675,CUST-00675,720,On-Time,0,0.33,Medium Risk
CRED-00676,CUST-00676,674,Occasional Late,1,0.3,Medium Risk
CRED-00677,CUST-00677,649,Occasional Late,2,0.68,High Risk
CRED-00678,CUST-00678,651,Occasional Late,2,0.83,High Risk
CRED-00679,CUST-00679,674,On-Time,0,0.32,Medium Risk
CRED-00680,CUST-00680,782,On-Time,0,0.11,Low Risk
CRED-00681,CUST-00681,683,On-Time,0,0.25,Medium Risk
CRED-00682,CUST-00682,693,Occasional Late,1,0.33,Medium Risk
CRED-00683,CUST-00683,731,Occasional Late,0,0.23,Medium Risk
CRED-00684,CUST-00684,643,Occasional Late,3,0.81,High Risk
CRED-00685,CUST-00685,793,On-Time,0,0.18,Low Risk
CRED-00686,CUST-00686,661,Occasional Late,4,0.71,High Risk
CRED-00687,CUST-00687,727,On-Time,1,0.21,Medium Risk
CRED-00688,CUST-00688,688,On-Time,0,0.31,Medium Risk
CRED-00689,CUST-00689,717,On-Time,0,0.21,Medium Risk
CRED-00690,CUST-00690,783,On-Time,0,0.23,Low Risk
CRED-00691,CUST-00691,678,On-Time,0,0.38,Medium Risk
CRED-00692,CUST-00692,511,Default Risk,11,0.97,Very High Risk
CRED-00693,CUST-00693,675,Occasional Late,0,0.36,Medium Risk
CRED-00694,CUST-00694,710,Occasional Late,0,0.33,Medium Risk
CRED-00695,CUST-00695,667,Occasional Late,3,0.6,High Risk
CRED-00696,CUST-00696,747,On-Time,1,0.31,Medium Risk
CRED-00697,CUST-00697,382,Default Risk,10,0.86,Very High Risk
CRED-00698,CUST-00698,665,Occasional Late,1,0.71,High Risk
CRED-00699,CUST-00699,432,Default Risk,11,0.82,Very High Risk
CRED-00700,CUST-00700,688,On-Time,0,0.48,Medium Risk
CRED-00701,CUST-00701,759,On-Time,0,0.15,Low Risk
CRED-00702,CUST-00702,572,Default Risk,5,0.85,Very High Risk
CRED-00703,CUST-00703,472,Default Risk,11,0.8,Very High Risk
CRED-00704,CUST-00704,723,On-Time,0,0.33,Medium Risk
CRED-00705,CUST-00705,731,On-Time,2,0.39,Medium Risk
CRED-00706,CUST-00706,708,On-Time,0,0.48,Medium Risk
CRED-00707,CUST-00707,732,On-Time,0,0.22,Medium Risk
CRED-00708,CUST-00708,657,Frequently Late,2,0.72,High Risk
CRED-00709,CUST-00709,665,Frequently Late,1,0.7,High Risk
CRED-00710,CUST-00710,642,Occasional Late,1,0.67,High Risk
CRED-00711,CUST-00711,678,Occasional Late,0,0.42,Medium Risk
CRED-00712,CUST-00712,743,On-Time,0,0.41,Medium Risk
CRED-00713,CUST-00713,670,On-Time,0,0.41,Medium Risk
CRED-00714,CUST-00714,581,Frequently Late,3,0.56,High Risk
CRED-00715,CUST-00715,715,On-Time,0,0.29,Medium Risk
CRED-00716,CUST-00716,566,Frequently Late,6,0.9,Very High Risk
CRED-00717,CUST-00717,756,On-Time,0,0.23,Low Risk
CRED-00718,CUST-00718,742,Occasional Late,0,0.4,Medium Risk
CRED-00719,CUST-00719,788,On-Time,0,0.1,Low Risk
CRED-00720,CUST-00720,735,On-Time,0,0.21,Medium Risk
CRED-00721,CUST-00721,681,Occasional Late,0,0.3,Medium Risk
CRED-00722,CUST-00722,714,On-Time,0,0.34,Medium Risk
CRED-00723,CUST-00723,663,Frequently Late,2,0.53,High Risk
CRED-00724,CUST-00724,785,On-Time,0,0.12,Low Risk
CRED-00725,CUST-00725,756,On-Time,0,0.2,Low Risk
CRED-00726,CUST-00726,591,Occasional Late,4,0.77,High Risk
CRED-00727,CUST-00727,643,Occasional Late,2,0.81,High Risk
CRED-00728,CUST-00728,630,Occasional Late,4,0.84,High Risk
CRED-00729,CUST-00729,700,On-Time,0,0.2,Medium Risk
CRED-00730,CUST-00730,760,On-Time,0,0.25,Low Risk
CRED-00731,CUST-00731,759,On-Time,0,0.18,Low Risk
CRED-00732,CUST-00732,737,Occasional Late,1,0.36,Medium Risk
CRED-00733,CUST-00733,668,Occasional Late,4,0.5,High Risk
CRED-00734,CUST-00734,679,Occasional Late,0,0.42,Medium Risk
CRED-00735,CUST-00735,784,On-Time,0,0.16,Low Risk
CRED-00736,CUST-00736,783,On-Time,0,0.2,Low Risk
CRED-00737,CUST-00737,718,On-Time,0,0.21,Medium Risk
CRED-00738,CUST-00738,768,On-Time,0,0.22,Low Risk
CRED-00739,CUST-00739,740,On-Time,0,0.46,Medium Risk
CRED-00740,CUST-00740,723,On-Time,1,0.24,Medium Risk
CRED-00741,CUST-00741,692,On-Time,0,0.29,Medium Risk
CRED-00742,CUST-00742,661,Occasional Late,3,0.83,High Risk
CRED-00743,CUST-00743,711,On-Time,0,0.31,Medium Risk
CRED-00744,CUST-00744,508,Frequently Late,4,0.76,Very High Risk
CRED-00745,CUST-00745,518,Frequently Late,11,0.72,Very High Risk
CRED-00746,CUST-00746,692,On-Time,0,0.35,Medium Risk
CRED-00747,CUST-00747,660,Frequently Late,3,0.46,High Risk
CRED-00748,CUST-00748,713,On-Time,0,0.25,Medium Risk
CRED-00749,CUST-00749,594,Frequently Late,1,0.64,High Risk
CRED-00750,CUST-00750,672,On-Time,0,0.48,Medium Risk
CRED-00751,CUST-00751,572,Default Risk,5,0.85,Very High Risk
CRED-00752,CUST-00752,654,Frequently Late,2,0.83,High Risk
CRED-00753,CUST-00753,699,On-Time,0,0.28,Medium Risk
CRED-00754,CUST-00754,749,On-Time,2,0.46,Medium Risk
CRED-00755,CUST-00755,705,On-Time,0,0.33,Medium Risk
CRED-00756,CUST-00756,731,On-Time,0,0.35,Medium Risk
CRED-00757,CUST-00757,759,On-Time,0,0.08,Low Risk
CRED-00758,CUST-00758,779,On-Time,0,0.08,Low Risk
CRED-00759,CUST-00759,693,Occasional Late,0,0.42,Medium Risk
CRED-00760,CUST-00760,784,On-Time,0,0.23,Low Risk
CRED-00761,CUST-00761,778,On-Time,0,0.08,Low Risk
CRED-00762,CUST-00762,669,Frequently Late,2,0.7,High Risk
CRED-00763,CUST-00763,682,On-Time,0,0.42,Medium Risk
CRED-00764,CUST-00764,675,On-Time,0,0.49,Medium Risk
CRED-00765,CUST-00765,708,On-Time,0,0.35,Medium Risk
CRED-00766,CUST-00766,722,Occasional Late,1,0.22,Medium Risk
CRED-00767,CUST-00767,630,Frequently Late,1,0.6,High Risk
CRED-00768,CUST-00768,779,On-Time,0,0.21,Low Risk
CRED-00769,CUST-00769,663,Occasional Late,4,0.77,High Risk
CRED-00770,CUST-00770,603,Frequently Late,3,0.73,High Risk
CRED-00771,CUST-00771,816,On-Time,0,0.16,Low Risk
CRED-00772,CUST-00772,706,On-Time,1,0.36,Medium Risk
CRED-00773,CUST-00773,701,On-Time,1,0.35,Medium Risk
CRED-00774,CUST-00774,723,Occasional Late,0,0.27,Medium Risk
CRED-00775,CUST-00775,579,Default Risk,5,0.81,Very High Risk
CRED-00776,CUST-00776,635,Occasional Late,4,0.75,High Risk
CRED-00777,CUST-00777,743,On-Time,0,0.48,Medium Risk
CRED-00778,CUST-00778,680,Occasional Late,1,0.31,Medium Risk
CRED-00779,CUST-00779,633,Frequently Late,1,0.84,High Risk
CRED-00780,CUST-00780,619,Occasional Late,2,0.77,High Risk
CRED-00781,CUST-00781,708,On-Time,1,0.32,Medium Risk
CRED-00782,CUST-00782,691,On-Time,0,0.47,Medium Risk
CRED-00783,CUST-00783,727,On-Time,0,0.5,Medium Risk
CRED-00784,CUST-00784,685,On-Time,1,0.26,Medium Risk
CRED-00785,CUST-00785,735,Occasional Late,0,0.23,Medium Risk
CRED-00786,CUST-00786,709,On-Time,0,0.27,Medium Risk
CRED-00787,CUST-00787,619,Frequently Late,2,0.81,High Risk
CRED-00788,CUST-00788,726,On-Time,0,0.36,Medium Risk
CRED-00789,CUST-00789,676,Occasional Late,0,0.36,Medium Risk
CRED-00790,CUST-00790,806,On-Time,0,0.23,Low Risk
CRED-00791,CUST-00791,584,Occasional Late,4,0.55,High Risk
CRED-00792,CUST-00792,565,Default Risk,5,0.78,Very High Risk
CRED-00793,CUST-00793,771,On-Time,0,0.19,Low Risk
CRED-00794,CUST-00794,781,On-Time,0,0.19,Low Risk
CRED-00795,CUST-00795,736,Occasional Late,0,0.26,Medium Risk
CRED-00796,CUST-00796,674,On-Time,0,0.43,Medium Risk
CRED-00797,CUST-00797,710,On-Time,1,0.3,Medium Risk
CRED-00798,CUST-00798,707,Occasional Late,0,0.49,Medium Risk
CRED-00799,CUST-00799,696,On-Time,0,0.29,Medium Risk
CRED-00800,CUST-00800,744,Occasional Late,1,0.37,Medium Risk
CRED-00801,CUST-00801,735,On-Time,0,0.25,Medium Risk
CRED-00802,CUST-00802,734,Occasional Late,1,0.34,Medium Risk
CRED-00803,CUST-00803,537,Default Risk,4,0.78,Very High Risk
CRED-00804,CUST-00804,823,On-Time,0,0.18,Low Risk
CRED-00805,CUST-00805,695,Occasional Late,0,0.39,Medium Risk
CRED-00806,CUST-00806,744,On-Time,0,0.44,Medium Risk
CRED-00807,CUST-00807,648,Frequently Late,1,0.5,High Risk
CRED-00808,CUST-00808,740,On-Time,0,0.25,Medium Risk
CRED-00809,CUST-00809,757,On-Time,0,0.07,Low Risk
CRED-00810,CUST-00810,720,On-Time,0,0.41,Medium Risk
CRED-00811,CUST-00811,749,On-Time,0,0.47,Medium Risk
CRED-00812,CUST-00812,658,Frequently Late,4,0.73,High Risk
CRED-00813,CUST-00813,672,Occasional Late,0,0.48,Medium Risk
CRED-00814,CUST-00814,683,On-Time,1,0.46,Medium Risk
CRED-00815,CUST-00815,741,On-Time,1,0.2,Medium Risk
CRED-00816,CUST-00816,760,On-Time,0,0.16,Low Risk
CRED-00817,CUST-00817,711,On-Time,1,0.42,Medium Risk
CRED-00818,CUST-00818,742,Occasional Late,0,0.42,Medium Risk
CRED-00819,CUST-00819,721,On-Time,1,0.27,Medium Risk
CRED-00820,CUST-00820,670,Occasional Late,0,0.36,Medium Risk
CRED-00821,CUST-00821,755,On-Time,0,0.07,Low Risk
CRED-00822,CUST-00822,712,On-Time,0,0.47,Medium Risk
CRED-00823,CUST-00823,652,Frequently Late,4,0.52,High Risk
CRED-00824,CUST-00824,785,On-Time,0,0.11,Low Risk
CRED-00825,CUST-00825,402,Default Risk,4,0.96,Very High Risk
CRED-00826,CUST-00826,565,Frequently Late,8,0.94,Very High Risk
CRED-00827,CUST-00827,588,Occasional Late,1,0.72,High Risk
CRED-00828,CUST-00828,698,On-Time,0,0.29,Medium Risk
CRED-00829,CUST-00829,696,On-Time,1,0.3,Medium Risk
CRED-00830,CUST-00830,562,Frequently Late,5,0.91,Very High Risk
CRED-00831,CUST-00831,706,On-Time,1,0.24,Medium Risk
CRED-00832,CUST-00832,700,On-Time,0,0.46,Medium Risk
CRED-00833,CUST-00833,678,On-Time,0,0.44,Medium Risk
CRED-00834,CUST-00834,700,On-Time,0,0.5,Medium Risk
CRED-00835,CUST-00835,705,On-Time,0,0.33,Medium Risk
CRED-00836,CUST-00836,594,Occasional Late,4,0.64,High Risk
CRED-00837,CUST-00837,670,On-Time,2,0.34,Medium Risk
CRED-00838,CUST-00838,670,Occasional Late,2,0.48,Medium Risk
CRED-00839,CUST-00839,612,Frequently Late,2,0.6,High Risk
CRED-00840,CUST-00840,786,On-Time,0,0.16,Low Risk
CRED-00841,CUST-00841,511,Frequently Late,9,0.8,Very High Risk
CRED-00842,CUST-00842,678,Occasional Late,0,0.41,Medium Risk
CRED-00843,CUST-00843,768,On-Time,0,0.25,Low Risk
CRED-00844,CUST-00844,716,Occasional Late,2,0.46,Medium Risk
CRED-00845,CUST-00845,523,Default Risk,10,0.73,Very High Risk
CRED-00846,CUST-00846,499,Default Risk,6,0.74,Very High Risk
CRED-00847,CUST-00847,705,Occasional Late,0,0.25,Medium Risk
CRED-00848,CUST-00848,654,Frequently Late,1,0.57,High Risk
CRED-00849,CUST-00849,748,Occasional Late,0,0.35,Medium Risk
CRED-00850,CUST-00850,727,On-Time,2,0.32,Medium Risk
CRED-00851,CUST-00851,707,On-Time,0,0.39,Medium Risk
CRED-00852,CUST-00852,686,On-Time,0,0.33,Medium Risk
CRED-00853,CUST-00853,490,Default Risk,10,0.92,Very High Risk
CRED-00854,CUST-00854,706,On-Time,0,0.48,Medium Risk
CRED-00855,CUST-00855,663,Occasional Late,3,0.68,High Risk
CRED-00856,CUST-00856,744,Occasional Late,0,0.45,Medium Risk
CRED-00857,CUST-00857,728,Occasional Late,2,0.29,Medium Risk
CRED-00858,CUST-00858,707,On-Time,0,0.43,Medium Risk
CRED-00859,CUST-00859,740,Occasional Late,2,0.34,Medium Risk
CRED-00860,CUST-00860,760,On-Time,0,0.05,Low Risk
CRED-00861,CUST-00861,736,On-Time,0,0.34,Medium Risk
CRED-00862,CUST-00862,700,Occasional Late,0,0.29,Medium Risk
CRED-00863,CUST-00863,748,On-Time,1,0.42,Medium Risk
CRED-00864,CUST-00864,709,On-Time,1,0.49,Medium Risk
CRED-00865,CUST-00865,690,Occasional Late,1,0.49,Medium Risk
CRED-00866,CUST-00866,760,On-Time,1,0.14,Low Risk
CRED-00867,CUST-00867,729,Occasional Late,1,0.37,Medium Risk
CRED-00868,CUST-00868,719,On-Time,0,0.4,Medium Risk
CRED-00869,CUST-00869,653,Frequently Late,4,0.51,High Risk
CRED-00870,CUST-00870,617,Occasional Late,1,0.82,High Risk
CRED-00871,CUST-00871,713,On-Time,0,0.45,Medium Risk
CRED-00872,CUST-00872,731,On-Time,0,0.33,Medium Risk
CRED-00873,CUST-00873,756,On-Time,0,0.13,Low Risk
CRED-00874,CUST-00874,697,Occasional Late,1,0.39,Medium Risk
CRED-00875,CUST-00875,748,On-Time,0,0.3,Medium Risk
CRED-00876,CUST-00876,587,Frequently Late,2,0.8,High Risk
CRED-00877,CUST-00877,783,On-Time,0,0.14,Low Risk
CRED-00878,CUST-00878,741,Occasional Late,0,0.33,Medium Risk
CRED-00879,CUST-00879,756,On-Time,0,0.22,Low Risk
CRED-00880,CUST-00880,710,On-Time,0,0.24,Medium Risk
CRED-00881,CUST-00881,821,On-Time,0,0.13,Low Risk
CRED-00882,CUST-00882,696,Occasional Late,0,0.37,Medium Risk
CRED-00883,CUST-00883,676,On-Time,0,0.47,Medium Risk
CRED-00884,CUST-00884,708,On-Time,0,0.32,Medium Risk
CRED-00885,CUST-00885,825,On-Time,0,0.11,Low Risk
CRED-00886,CUST-00886,663,Frequently Late,2,0.49,High Risk
CRED-00887,CUST-00887,727,On-Time,0,0.23,Medium Risk
CRED-00888,CUST-00888,659,Frequently Late,3,0.68,High Risk
CRED-00889,CUST-00889,723,On-Time,0,0.35,Medium Risk
CRED-00890,CUST-00890,679,On-Time,0,0.4,Medium Risk
CRED-00891,CUST-00891,668,Frequently Late,4,0.51,High Risk
CRED-00892,CUST-00892,764,On-Time,1,0.19,Low Risk
CRED-00893,CUST-00893,722,On-Time,0,0.44,Medium Risk
CRED-00894,CUST-00894,696,Occasional Late,0,0.2,Medium Risk
CRED-00895,CUST-00895,706,On-Time,0,0.42,Medium Risk
CRED-00896,CUST-00896,649,Occasional Late,1,0.56,High Risk
CRED-00897,CUST-00897,663,Occasional Late,3,0.56,High Risk
CRED-00898,CUST-00898,703,On-Time,1,0.42,Medium Risk
CRED-00899,CUST-00899,828,On-Time,0,0.08,Low Risk
CRED-00900,CUST-00900,718,On-Time,1,0.4,Medium Risk
CRED-00901,CUST-00901,819,On-Time,0,0.15,Low Risk
CRED-00902,CUST-00902,791,On-Time,0,0.16,Low Risk
CRED-00903,CUST-00903,666,Occasional Late,2,0.67,High Risk
CRED-00904,CUST-00904,701,On-Time,0,0.37,Medium Risk
CRED-00905,CUST-00905,763,On-Time,0,0.15,Low Risk
CRED-00906,CUST-00906,738,On-Time,0,0.22,Medium Risk
CRED-00907,CUST-00907,652,Frequently Late,1,0.71,High Risk
CRED-00908,CUST-00908,688,On-Time,1,0.28,Medium Risk
CRED-00909,CUST-00909,647,Occasional Late,2,0.52,High Risk
CRED-00910,CUST-00910,678,On-Time,1,0.31,Medium Risk
CRED-00911,CUST-00911,736,Occasional Late,0,0.24,Medium Risk
CRED-00912,CUST-00912,723,On-Time,1,0.46,Medium Risk
CRED-00913,CUST-00913,698,On-Time,0,0.31,Medium Risk
CRED-00914,CUST-00914,725,On-Time,0,0.41,Medium Risk
CRED-00915,CUST-00915,752,On-Time,0,0.2,Low Risk
CRED-00916,CUST-00916,697,On-Time,0,0.5,Medium Risk
CRED-00917,CUST-00917,745,On-Time,0,0.21,Medium Risk
CRED-00918,CUST-00918,725,Occasional Late,0,0.5,Medium Risk
CRED-00919,CUST-00919,652,Occasional Late,3,0.57,High Risk
CRED-00920,CUST-00920,713,On-Time,0,0.41,Medium Risk
CRED-00921,CUST-00921,743,On-Time,0,0.32,Medium Risk
CRED-00922,CUST-00922,795,On-Time,0,0.08,Low Risk
CRED-00923,CUST-00923,687,On-Time,0,0.46,Medium Risk
CRED-00924,CUST-00924,661,Frequently Late,3,0.77,High Risk
CRED-00925,CUST-00925,764,On-Time,0,0.24,Low Risk
CRED-00926,CUST-00926,754,On-Time,0,0.12,Low Risk
CRED-00927,CUST-00927,682,On-Time,0,0.21,Medium Risk
CRED-00928,CUST-00928,724,On-Time,2,0.2,Medium Risk
CRED-00929,CUST-00929,676,On-Time,0,0.33,Medium Risk
CRED-00930,CUST-00930,688,On-Time,2,0.37,Medium Risk
CRED-00931,CUST-00931,661,Occasional Late,3,0.84,High Risk
CRED-00932,CUST-00932,696,Occasional Late,0,0.31,Medium Risk
CRED-00933,CUST-00933,569,Frequently Late,4,0.82,Very High Risk
CRED-00934,CUST-00934,731,On-Time,1,0.33,Medium Risk
CRED-00935,CUST-00935,697,On-Time,0,0.4,Medium Risk
CRED-00936,CUST-00936,645,Frequently Late,4,0.49,High Risk
CRED-00937,CUST-00937,684,On-Time,1,0.29,Medium Risk
CRED-00938,CUST-00938,732,On-Time,0,0.21,Medium Risk
CRED-00939,CUST-00939,754,On-Time,0,0.06,Low Risk
CRED-00940,CUST-00940,702,On-Time,1,0.22,Medium Risk
CRED-00941,CUST-00941,792,On-Time,0,0.21,Low Risk
CRED-00942,CUST-00942,762,On-Time,0,0.24,Low Risk
CRED-00943,CUST-00943,684,On-Time,0,0.26,Medium Risk
CRED-00944,CUST-00944,681,Occasional Late,0,0.32,Medium Risk
CRED-00945,CUST-00945,777,On-Time,1,0.14,Low Risk
CRED-00946,CUST-00946,725,On-Time,0,0.25,Medium Risk
CRED-00947,CUST-00947,748,On-Time,0,0.39,Medium Risk
CRED-00948,CUST-00948,806,On-Time,0,0.1,Low Risk
CRED-00949,CUST-00949,773,On-Time,0,0.16,Low Risk
CRED-00950,CUST-00950,726,Occasional Late,0,0.44,Medium Risk
CRED-00951,CUST-00951,703,On-Time,0,0.43,Medium Risk
CRED-00952,CUST-00952,578,Default Risk,4,0.93,Very High Risk
CRED-00953,CUST-00953,664,Occasional Late,1,0.51,High Risk
CRED-00954,CUST-00954,722,Occasional Late,0,0.3,Medium Risk
CRED-00955,CUST-00955,647,Frequently Late,1,0.62,High Risk
CRED-00956,CUST-00956,770,On-Time,0,0.2,Low Risk
CRED-00957,CUST-00957,665,Frequently Late,2,0.66,High Risk
CRED-00958,CUST-00958,730,Occasional Late,2,0.21,Medium Risk
CRED-00959,CUST-00959,624,Occasional Late,2,0.64,High Risk
CRED-00960,CUST-00960,633,Occasional Late,4,0.76,High Risk
CRED-00961,CUST-00961,713,On-Time,0,0.39,Medium Risk
CRED-00962,CUST-00962,543,Frequently Late,4,0.73,Very High Risk
CRED-00963,CUST-00963,683,Occasional Late,0,0.29,Medium Risk
CRED-00964,CUST-00964,704,Occasional Late,0,0.46,Medium Risk
CRED-00965,CUST-00965,752,On-Time,0,0.24,Low Risk
CRED-00966,CUST-00966,778,On-Time,0,0.2,Low Risk
CRED-00967,CUST-00967,760,On-Time,0,0.18,Low Risk
CRED-00968,CUST-00968,729,On-Time,0,0.28,Medium Risk
CRED-00969,CUST-00969,688,Occasional Late,0,0.46,Medium Risk
CRED-00970,CUST-00970,689,On-Time,2,0.47,Medium Risk
CRED-00971,CUST-00971,687,Occasional Late,2,0.31,Medium Risk
CRED-00972,CUST-00972,739,On-Time,0,0.32,Medium Risk
CRED-00973,CUST-00973,745,On-Time,0,0.36,Medium Risk
CRED-00974,CUST-00974,731,Occasional Late,0,0.35,Medium Risk
CRED-00975,CUST-00975,627,Frequently Late,2,0.77,High Risk
CRED-00976,CUST-00976,716,Occasional Late,1,0.32,Medium Risk
CRED-00977,CUST-00977,748,On-Time,0,0.5,Medium Risk
CRED-00978,CUST-00978,739,Occasional Late,0,0.36,Medium Risk
CRED-00979,CUST-00979,709,On-Time,0,0.3,Medium Risk
CRED-00980,CUST-00980,644,Frequently Late,4,0.51,High Risk
CRED-00981,CUST-00981,708,Occasional Late,1,0.21,Medium Risk
CRED-00982,CUST-00982,644,Frequently Late,3,0.82,High Risk
CRED-00983,CUST-00983,566,Frequently Late,6,0.77,Very High Risk
CRED-00984,CUST-00984,776,On-Time,0,0.13,Low Risk
CRED-00985,CUST-00985,737,On-Time,0,0.33,Medium Risk
CRED-00986,CUST-00986,574,Default Risk,11,0.98,Very High Risk
CRED-00987,CUST-00987,554,Frequently Late,5,0.8,Very High Risk
CRED-00988,CUST-00988,747,On-Time,0,0.46,Medium Risk
CRED-00989,CUST-00989,751,On-Time,0,0.09,Low Risk
CRED-00990,CUST-00990,639,Frequently Late,3,0.62,High Risk
CRED-00991,CUST-00991,696,Occasional Late,1,0.38,Medium Risk
CRED-00992,CUST-00992,749,On-Time,0,0.23,Medium Risk
CRED-00993,CUST-00993,850,On-Time,0,0.13,Low Risk
CRED-00994,CUST-00994,624,Occasional Late,2,0.66,High Risk
CRED-00995,CUST-00995,694,Occasional Late,0,0.4,Medium Risk
CRED-00996,CUST-00996,658,Occasional Late,2,0.71,High Risk
CRED-00997,CUST-00997,765,On-Time,0,0.07,Low Risk
CRED-00998,CUST-00998,652,Occasional Late,2,0.51,High Risk
CRED-00999,CUST-00999,728,On-Time,0,0.23,Medium Risk
CRED-01000,CUST-01000,574,Frequently Late,8,0.78,Very High Risk
CRED-01001,CUST-01001,693,On-Time,0,0.33,Medium Risk
CRED-01002,CUST-01002,717,On-Time,2,0.32,Medium Risk
CRED-01003,CUST-01003,694,Occasional Late,1,0.29,Medium Risk
CRED-01004,CUST-01004,661,Frequently Late,3,0.56,High Risk
CRED-01005,CUST-01005,777,On-Time,0,0.23,Low Risk
CRED-01006,CUST-01006,744,Occasional Late,0,0.46,Medium Risk
CRED-01007,CUST-01007,531,Frequently Late,4,0.87,Very High Risk
CRED-01008,CUST-01008,664,Occasional Late,3,0.72,High Risk
CRED-01009,CUST-01009,738,On-Time,0,0.33,Medium Risk
CRED-01010,CUST-01010,630,Occasional Late,2,0.84,High Risk
CRED-01011,CUST-01011,749,On-Time,0,0.22,Medium Risk
CRED-01012,CUST-01012,693,On-Time,0,0.47,Medium Risk
CRED-01013,CUST-01013,654,Occasional Late,4,0.71,High Risk
CRED-01014,CUST-01014,669,Frequently Late,4,0.84,High Risk
CRED-01015,CUST-01015,618,Frequently Late,4,0.55,High Risk
CRED-01016,CUST-01016,756,On-Time,0,0.09,Low Risk
CRED-01017,CUST-01017,622,Occasional Late,2,0.54,High Risk
CRED-01018,CUST-01018,728,Occasional Late,0,0.35,Medium Risk
CRED-01019,CUST-01019,678,On-Time,0,0.37,Medium Risk
CRED-01020,CUST-01020,704,On-Time,0,0.42,Medium Risk
CRED-01021,CUST-01021,714,Occasional Late,0,0.41,Medium Risk
CRED-01022,CUST-01022,672,Occasional Late,0,0.37,Medium Risk
CRED-01023,CUST-01023,818,On-Time,0,0.12,Low Risk
CRED-01024,CUST-01024,690,On-Time,0,0.44,Medium Risk
CRED-01025,CUST-01025,723,Occasional Late,0,0.28,Medium Risk
CRED-01026,CUST-01026,725,On-Time,1,0.34,Medium Risk
CRED-01027,CUST-01027,776,On-Time,0,0.07,Low Risk
CRED-01028,CUST-01028,709,On-Time,0,0.28,Medium Risk
CRED-01029,CUST-01029,686,On-Time,1,0.26,Medium Risk
CRED-01030,CUST-01030,736,On-Time,1,0.3,Medium Risk
CRED-01031,CUST-01031,678,On-Time,1,0.29,Medium Risk
CRED-01032,CUST-01032,597,Frequently Late,1,0.63,High Risk
CRED-01033,CUST-01033,772,On-Time,0,0.05,Low Risk
CRED-01034,CUST-01034,683,Occasional Late,0,0.26,Medium Risk
CRED-01035,CUST-01035,681,On-Time,0,0.46,Medium Risk
CRED-01036,CUST-01036,744,Occasional Late,1,0.36,Medium Risk
CRED-01037,CUST-01037,548,Default Risk,7,0.85,Very High Risk
CRED-01038,CUST-01038,757,On-Time,0,0.09,Low Risk
CRED-01039,CUST-01039,602,Frequently Late,3,0.62,High Risk
CRED-01040,CUST-01040,768,On-Time,0,0.17,Low Risk
CRED-01041,CUST-01041,659,Occasional Late,1,0.76,High Risk
CRED-01042,CUST-01042,778,On-Time,0,0.07,Low Risk
CRED-01043,CUST-01043,669,Frequently Late,3,0.72,High Risk
CRED-01044,CUST-01044,685,Occasional Late,0,0.33,Medium Risk
CRED-01045,CUST-01045,552,Default Risk,10,0.82,Very High Risk
CRED-01046,CUST-01046,778,On-Time,0,0.21,Low Risk
CRED-01047,CUST-01047,699,Occasional Late,0,0.4,Medium Risk
CRED-01048,CUST-01048,744,On-Time,0,0.28,Medium Risk
CRED-01049,CUST-01049,648,Occasional Late,2,0.61,High Risk
CRED-01050,CUST-01050,693,On-Time,0,0.39,Medium Risk
CRED-01051,CUST-01051,507,Default Risk,8,0.85,Very High Risk
CRED-01052,CUST-01052,655,Occasional Late,4,0.57,High Risk
CRED-01053,CUST-01053,617,Occasional Late,2,0.5,High Risk
CRED-01054,CUST-01054,729,On-Time,0,0.45,Medium Risk
CRED-01055,CUST-01055,785,On-Time,0,0.21,Low Risk
CRED-01056,CUST-01056,668,Occasional Late,2,0.57,High Risk
CRED-01057,CUST-01057,713,Occasional Late,0,0.33,Medium Risk
CRED-01058,CUST-01058,657,Frequently Late,4,0.85,High Risk
CRED-01059,CUST-01059,760,On-Time,0,0.12,Low Risk
CRED-01060,CUST-01060,676,Occasional Late,0,0.27,Medium Risk
CRED-01061,CUST-01061,620,Occasional Late,4,0.65,High Risk
CRED-01062,CUST-01062,571,Frequently Late,11,0.95,Very High Risk
CRED-01063,CUST-01063,694,On-Time,2,0.33,Medium Risk
CRED-01064,CUST-01064,702,Occasional Late,0,0.24,Medium Risk
CRED-01065,CUST-01065,794,On-Time,0,0.21,Low Risk
CRED-01066,CUST-01066,731,On-Time,0,0.27,Medium Risk
CRED-01067,CUST-01067,645,Occasional Late,3,0.74,High Risk
CRED-01068,CUST-01068,557,Default Risk,4,0.86,Very High Risk
CRED-01069,CUST-01069,676,On-Time,0,0.35,Medium Risk
CRED-01070,CUST-01070,708,Occasional Late,0,0.28,Medium Risk
CRED-01071,CUST-01071,783,On-Time,0,0.07,Low Risk
CRED-01072,CUST-01072,490,Frequently Late,6,0.99,Very High Risk
CRED-01073,CUST-01073,688,On-Time,0,0.42,Medium Risk
CRED-01074,CUST-01074,727,On-Time,0,0.47,Medium Risk
CRED-01075,CUST-01075,683,Occasional Late,1,0.44,Medium Risk
CRED-01076,CUST-01076,674,On-Time,0,0.26,Medium Risk
CRED-01077,CUST-01077,706,On-Time,2,0.47,Medium Risk
CRED-01078,CUST-01078,709,On-Time,0,0.21,Medium Risk
CRED-01079,CUST-01079,746,On-Time,1,0.3,Medium Risk
CRED-01080,CUST-01080,617,Frequently Late,3,0.55,High Risk
CRED-01081,CUST-01081,548,Default Risk,10,0.91,Very High Risk
CRED-01082,CUST-01082,707,On-Time,0,0.21,Medium Risk
CRED-01083,CUST-01083,497,Default Risk,4,0.93,Very High Risk
CRED-01084,CUST-01084,691,On-Time,2,0.49,Medium Risk
CRED-01085,CUST-01085,669,Occasional Late,4,0.69,High Risk
CRED-01086,CUST-01086,756,On-Time,0,0.06,Low Risk
CRED-01087,CUST-01087,789,On-Time,0,0.24,Low Risk
CRED-01088,CUST-01088,728,Occasional Late,0,0.49,Medium Risk
CRED-01089,CUST-01089,629,Occasional Late,1,0.6,High Risk
CRED-01090,CUST-01090,705,Occasional Late,1,0.24,Medium Risk
CRED-01091,CUST-01091,639,Occasional Late,2,0.78,High Risk
CRED-01092,CUST-01092,707,On-Time,0,0.2,Medium Risk
CRED-01093,CUST-01093,720,On-Time,0,0.33,Medium Risk
CRED-01094,CUST-01094,632,Frequently Late,2,0.79,High Risk
CRED-01095,CUST-01095,706,On-Time,0,0.44,Medium Risk
CRED-01096,CUST-01096,711,Occasional Late,2,0.37,Medium Risk
CRED-01097,CUST-01097,673,On-Time,0,0.23,Medium Risk
CRED-01098,CUST-01098,724,On-Time,0,0.31,Medium Risk
CRED-01099,CUST-01099,456,Default Risk,6,0.91,Very High Risk
CRED-01100,CUST-01100,707,On-Time,0,0.29,Medium Risk
CRED-01101,CUST-01101,717,On-Time,0,0.49,Medium Risk
CRED-01102,CUST-01102,409,Default Risk,8,0.97,Very High Risk
CRED-01103,CUST-01103,671,Occasional Late,0,0.4,Medium Risk
CRED-01104,CUST-01104,611,Frequently Late,4,0.67,High Risk
CRED-01105,CUST-01105,759,On-Time,0,0.17,Low Risk
CRED-01106,CUST-01106,703,On-Time,0,0.32,Medium Risk
CRED-01107,CUST-01107,723,On-Time,0,0.36,Medium Risk
CRED-01108,CUST-01108,683,On-Time,2,0.43,Medium Risk
CRED-01109,CUST-01109,774,On-Time,0,0.12,Low Risk
CRED-01110,CUST-01110,492,Frequently Late,4,0.91,Very High Risk
CRED-01111,CUST-01111,731,Occasional Late,2,0.48,Medium Risk
CRED-01112,CUST-01112,661,Frequently Late,4,0.73,High Risk
CRED-01113,CUST-01113,665,Frequently Late,4,0.7,High Risk
CRED-01114,CUST-01114,679,On-Time,2,0.27,Medium Risk
CRED-01115,CUST-01115,639,Frequently Late,3,0.75,High Risk
CRED-01116,CUST-01116,672,On-Time,0,0.36,Medium Risk
CRED-01117,CUST-01117,726,On-Time,0,0.25,Medium Risk
CRED-01118,CUST-01118,757,On-Time,0,0.06,Low Risk
CRED-01119,CUST-01119,713,On-Time,0,0.44,Medium Risk
CRED-01120,CUST-01120,578,Default Risk,8,0.7,Very High Risk
CRED-01121,CUST-01121,708,On-Time,0,0.35,Medium Risk
CRED-01122,CUST-01122,735,On-Time,2,0.37,Medium Risk
CRED-01123,CUST-01123,728,On-Time,1,0.26,Medium Risk
CRED-01124,CUST-01124,687,Occasional Late,0,0.26,Medium Risk
CRED-01125,CUST-01125,694,On-Time,0,0.2,Medium Risk
CRED-01126,CUST-01126,746,On-Time,0,0.46,Medium Risk
CRED-01127,CUST-01127,693,On-Time,0,0.49,Medium Risk
CRED-01128,CUST-01128,767,On-Time,0,0.16,Low Risk
CRED-01129,CUST-01129,758,On-Time,0,0.08,Low Risk
CRED-01130,CUST-01130,783,On-Time,0,0.17,Low Risk
CRED-01131,CUST-01131,797,On-Time,0,0.25,Low Risk
CRED-01132,CUST-01132,761,On-Time,0,0.15,Low Risk
CRED-01133,CUST-01133,734,On-Time,0,0.4,Medium Risk
CRED-01134,CUST-01134,708,Occasional Late,0,0.41,Medium Risk
CRED-01135,CUST-01135,755,On-Time,0,0.19,Low Risk
CRED-01136,CUST-01136,617,Frequently Late,1,0.8,High Risk
CRED-01137,CUST-01137,666,Frequently Late,2,0.84,High Risk
CRED-01138,CUST-01138,573,Default Risk,10,0.97,Very High Risk
CRED-01139,CUST-01139,675,On-Time,0,0.41,Medium Risk
CRED-01140,CUST-01140,723,On-Time,0,0.33,Medium Risk
CRED-01141,CUST-01141,743,On-Time,1,0.26,Medium Risk
CRED-01142,CUST-01142,688,Occasional Late,0,0.43,Medium Risk
CRED-01143,CUST-01143,668,Frequently Late,1,0.78,High Risk
CRED-01144,CUST-01144,713,Occasional Late,0,0.5,Medium Risk
CRED-01145,CUST-01145,751,On-Time,0,0.12,Low Risk
CRED-01146,CUST-01146,721,Occasional Late,1,0.22,Medium Risk
CRED-01147,CUST-01147,715,Occasional Late,0,0.25,Medium Risk
CRED-01148,CUST-01148,707,On-Time,0,0.29,Medium Risk
CRED-01149,CUST-01149,757,On-Time,0,0.22,Low Risk
CRED-01150,CUST-01150,690,On-Time,0,0.49,Medium Risk
CRED-01151,CUST-01151,725,On-Time,0,0.41,Medium Risk
CRED-01152,CUST-01152,633,Occasional Late,4,0.62,High Risk
CRED-01153,CUST-01153,671,On-Time,0,0.42,Medium Risk
CRED-01154,CUST-01154,631,Frequently Late,3,0.52,High Risk
CRED-01155,CUST-01155,653,Frequently Late,1,0.52,High Risk
CRED-01156,CUST-01156,589,Frequently Late,2,0.73,High Risk
CRED-01157,CUST-01157,706,Occasional Late,0,0.21,Medium Risk
CRED-01158,CUST-01158,796,On-Time,0,0.06,Low Risk
CRED-01159,CUST-01159,706,On-Time,0,0.25,Medium Risk
CRED-01160,CUST-01160,751,On-Time,0,0.17,Low Risk
CRED-01161,CUST-01161,544,Default Risk,10,0.78,Very High Risk
CRED-01162,CUST-01162,822,On-Time,0,0.12,Low Risk
CRED-01163,CUST-01163,581,Occasional Late,4,0.71,High Risk
CRED-01164,CUST-01164,649,Frequently Late,3,0.77,High Risk
CRED-01165,CUST-01165,559,Frequently Late,9,0.83,Very High Risk
CRED-01166,CUST-01166,729,Occasional Late,0,0.28,Medium Risk
CRED-01167,CUST-01167,736,On-Time,2,0.5,Medium Risk
CRED-01168,CUST-01168,713,Occasional Late,0,0.25,Medium Risk
CRED-01169,CUST-01169,742,On-Time,0,0.38,Medium Risk
CRED-01170,CUST-01170,817,On-Time,0,0.16,Low Risk
CRED-01171,CUST-01171,743,Occasional Late,0,0.27,Medium Risk
CRED-01172,CUST-01172,763,On-Time,0,0.22,Low Risk
CRED-01173,CUST-01173,693,On-Time,1,0.3,Medium Risk
CRED-01174,CUST-01174,690,On-Time,2,0.43,Medium Risk
CRED-01175,CUST-01175,719,On-Time,0,0.48,Medium Risk
CRED-01176,CUST-01176,725,Occasional Late,0,0.35,Medium Risk
CRED-01177,CUST-01177,657,Frequently Late,3,0.74,High Risk
CRED-01178,CUST-01178,717,Occasional Late,1,0.43,Medium Risk
CRED-01179,CUST-01179,627,Frequently Late,1,0.77,High Risk
CRED-01180,CUST-01180,693,On-Time,2,0.46,Medium Risk
CRED-01181,CUST-01181,736,On-Time,0,0.31,Medium Risk
CRED-01182,CUST-01182,686,On-Time,0,0.25,Medium Risk
CRED-01183,CUST-01183,711,On-Time,1,0.42,Medium Risk
CRED-01184,CUST-01184,633,Frequently Late,3,0.72,High Risk
CRED-01185,CUST-01185,720,Occasional Late,0,0.45,Medium Risk
CRED-01186,CUST-01186,625,Frequently Late,4,0.56,High Risk
CRED-01187,CUST-01187,688,On-Time,2,0.38,Medium Risk
CRED-01188,CUST-01188,659,Frequently Late,1,0.61,High Risk
CRED-01189,CUST-01189,702,On-Time,0,0.25,Medium Risk
CRED-01190,CUST-01190,739,Occasional Late,2,0.47,Medium Risk
CRED-01191,CUST-01191,741,On-Time,0,0.38,Medium Risk
CRED-01192,CUST-01192,757,On-Time,0,0.07,Low Risk
CRED-01193,CUST-01193,716,On-Time,2,0.45,Medium Risk
CRED-01194,CUST-01194,732,Occasional Late,0,0.41,Medium Risk
CRED-01195,CUST-01195,802,On-Time,0,0.17,Low Risk
CRED-01196,CUST-01196,637,Frequently Late,2,0.82,High Risk
CRED-01197,CUST-01197,749,On-Time,0,0.44,Medium Risk
CRED-01198,CUST-01198,655,Occasional Late,4,0.74,High Risk
CRED-01199,CUST-01199,592,Occasional Late,2,0.84,High Risk
CRED-01200,CUST-01200,717,Occasional Late,0,0.25,Medium Risk
CRED-01201,CUST-01201,769,On-Time,0,0.14,Low Risk
CRED-01202,CUST-01202,706,Occasional Late,0,0.29,Medium Risk
CRED-01203,CUST-01203,692,On-Time,0,0.31,Medium Risk
CRED-01204,CUST-01204,706,Occasional Late,0,0.39,Medium Risk
CRED-01205,CUST-01205,716,On-Time,2,0.26,Medium Risk
CRED-01206,CUST-01206,648,Occasional Late,1,0.7,High Risk
CRED-01207,CUST-01207,772,On-Time,0,0.12,Low Risk
CRED-01208,CUST-01208,658,Frequently Late,1,0.45,High Risk
CRED-01209,CUST-01209,725,On-Time,0,0.26,Medium Risk
CRED-01210,CUST-01210,739,On-Time,0,0.47,Medium Risk
CRED-01211,CUST-01211,627,Occasional Late,1,0.65,High Risk
CRED-01212,CUST-01212,627,Occasional Late,2,0.59,High Risk
CRED-01213,CUST-01213,717,Occasional Late,0,0.46,Medium Risk
CRED-01214,CUST-01214,454,Default Risk,4,0.87,Very High Risk
CRED-01215,CUST-01215,691,Occasional Late,0,0.43,Medium Risk
CRED-01216,CUST-01216,673,On-Time,0,0.35,Medium Risk
CRED-01217,CUST-01217,692,On-Time,2,0.47,Medium Risk
CRED-01218,CUST-01218,625,Frequently Late,4,0.68,High Risk
CRED-01219,CUST-01219,720,On-Time,0,0.32,Medium Risk
CRED-01220,CUST-01220,682,On-Time,0,0.44,Medium Risk
CRED-01221,CUST-01221,599,Frequently Late,1,0.83,High Risk
CRED-01222,CUST-01222,627,Occasional Late,2,0.56,High Risk
CRED-01223,CUST-01223,549,Default Risk,11,0.71,Very High Risk
CRED-01224,CUST-01224,674,On-Time,0,0.33,Medium Risk
CRED-01225,CUST-01225,696,On-Time,0,0.24,Medium Risk
CRED-01226,CUST-01226,726,On-Time,0,0.35,Medium Risk
CRED-01227,CUST-01227,517,Default Risk,5,0.87,Very High Risk
CRED-01228,CUST-01228,719,On-Time,2,0.46,Medium Risk
CRED-01229,CUST-01229,753,On-Time,0,0.08,Low Risk
CRED-01230,CUST-01230,711,On-Time,0,0.39,Medium Risk
CRED-01231,CUST-01231,565,Default Risk,9,0.9,Very High Risk
CRED-01232,CUST-01232,686,On-Time,1,0.44,Medium Risk
CRED-01233,CUST-01233,664,Frequently Late,1,0.61,High Risk
CRED-01234,CUST-01234,699,Occasional Late,0,0.23,Medium Risk
CRED-01235,CUST-01235,709,On-Time,1,0.23,Medium Risk
CRED-01236,CUST-01236,762,On-Time,0,0.17,Low Risk
CRED-01237,CUST-01237,655,Occasional Late,2,0.82,High Risk
CRED-01238,CUST-01238,707,On-Time,0,0.43,Medium Risk
CRED-01239,CUST-01239,720,On-Time,0,0.47,Medium Risk
CRED-01240,CUST-01240,710,On-Time,0,0.45,Medium Risk
CRED-01241,CUST-01241,721,Occasional Late,1,0.26,Medium Risk
CRED-01242,CUST-01242,692,On-Time,0,0.49,Medium Risk
CRED-01243,CUST-01243,711,On-Time,0,0.2,Medium Risk
CRED-01244,CUST-01244,548,Default Risk,5,0.94,Very High Risk
CRED-01245,CUST-01245,770,On-Time,0,0.23,Low Risk
CRED-01246,CUST-01246,668,Occasional Late,4,0.56,High Risk
CRED-01247,CUST-01247,690,On-Time,0,0.21,Medium Risk
CRED-01248,CUST-01248,724,On-Time,1,0.48,Medium Risk
CRED-01249,CUST-01249,787,On-Time,0,0.18,Low Risk
CRED-01250,CUST-01250,705,Occasional Late,0,0.44,Medium Risk
CRED-01251,CUST-01251,723,On-Time,0,0.37,Medium Risk
CRED-01252,CUST-01252,794,On-Time,0,0.08,Low Risk
CRED-01253,CUST-01253,721,On-Time,1,0.36,Medium Risk
CRED-01254,CUST-01254,691,Occasional Late,0,0.34,Medium Risk
CRED-01255,CUST-01255,697,On-Time,0,0.49,Medium Risk
CRED-01256,CUST-01256,604,Frequently Late,2,0.48,High Risk
CRED-01257,CUST-01257,571,Frequently Late,8,0.76,Very High Risk
CRED-01258,CUST-01258,707,On-Time,1,0.29,Medium Risk
CRED-01259,CUST-01259,688,On-Time,0,0.43,Medium Risk
CRED-01260,CUST-01260,682,On-Time,0,0.36,Medium Risk
CRED-01261,CUST-01261,694,On-Time,2,0.24,Medium Risk
CRED-01262,CUST-01262,711,On-Time,0,0.3,Medium Risk
CRED-01263,CUST-01263,727,On-Time,1,0.46,Medium Risk
CRED-01264,CUST-01264,734,On-Time,1,0.28,Medium Risk
CRED-01265,CUST-01265,752,On-Time,0,0.09,Low Risk
CRED-01266,CUST-01266,707,On-Time,0,0.49,Medium Risk
CRED-01267,CUST-01267,703,On-Time,0,0.3,Medium Risk
CRED-01268,CUST-01268,745,Occasional Late,0,0.21,Medium Risk
CRED-01269,CUST-01269,766,On-Time,1,0.14,Low Risk
CRED-01270,CUST-01270,770,On-Time,0,0.23,Low Risk
CRED-01271,CUST-01271,641,Occasional Late,1,0.56,High Risk
CRED-01272,CUST-01272,575,Default Risk,8,0.89,Very High Risk
CRED-01273,CUST-01273,493,Default Risk,6,0.81,Very High Risk
CRED-01274,CUST-01274,776,On-Time,0,0.14,Low Risk
CRED-01275,CUST-01275,723,Occasional Late,0,0.21,Medium Risk
CRED-01276,CUST-01276,799,On-Time,0,0.12,Low Risk
CRED-01277,CUST-01277,775,On-Time,0,0.14,Low Risk
CRED-01278,CUST-01278,705,Occasional Late,1,0.42,Medium Risk
CRED-01279,CUST-01279,667,Frequently Late,4,0.66,High Risk
CRED-01280,CUST-01280,652,Frequently Late,3,0.46,High Risk
CRED-01281,CUST-01281,739,On-Time,0,0.48,Medium Risk
CRED-01282,CUST-01282,736,On-Time,2,0.49,Medium Risk
CRED-01283,CUST-01283,562,Frequently Late,11,0.85,Very High Risk
CRED-01284,CUST-01284,751,On-Time,0,0.14,Low Risk
CRED-01285,CUST-01285,707,Occasional Late,0,0.38,Medium Risk
CRED-01286,CUST-01286,701,Occasional Late,0,0.4,Medium Risk
CRED-01287,CUST-01287,698,On-Time,0,0.44,Medium Risk
CRED-01288,CUST-01288,680,On-Time,1,0.44,Medium Risk
CRED-01289,CUST-01289,648,Frequently Late,3,0.46,High Risk
CRED-01290,CUST-01290,733,On-Time,1,0.45,Medium Risk
CRED-01291,CUST-01291,723,Occasional Late,0,0.31,Medium Risk
CRED-01292,CUST-01292,551,Default Risk,8,0.78,Very High Risk
CRED-01293,CUST-01293,758,On-Time,0,0.14,Low Risk
CRED-01294,CUST-01294,597,Frequently Late,4,0.53,High Risk
CRED-01295,CUST-01295,726,Occasional Late,0,0.22,Medium Risk
CRED-01296,CUST-01296,675,Occasional Late,1,0.38,Medium Risk
CRED-01297,CUST-01297,756,On-Time,0,0.12,Low Risk
CRED-01298,CUST-01298,525,Default Risk,9,0.77,Very High Risk
CRED-01299,CUST-01299,686,On-Time,0,0.48,Medium Risk
CRED-01300,CUST-01300,813,On-Time,0,0.16,Low Risk
CRED-01301,CUST-01301,669,Occasional Late,2,0.65,High Risk
CRED-01302,CUST-01302,665,Frequently Late,4,0.52,High Risk
CRED-01303,CUST-01303,694,On-Time,1,0.48,Medium Risk
CRED-01304,CUST-01304,618,Occasional Late,1,0.62,High Risk
CRED-01305,CUST-01305,572,Default Risk,7,0.95,Very High Risk
CRED-01306,CUST-01306,722,On-Time,0,0.4,Medium Risk
CRED-01307,CUST-01307,651,Frequently Late,3,0.78,High Risk
CRED-01308,CUST-01308,716,On-Time,0,0.35,Medium Risk
CRED-01309,CUST-01309,683,On-Time,0,0.34,Medium Risk
CRED-01310,CUST-01310,671,Occasional Late,0,0.31,Medium Risk
CRED-01311,CUST-01311,754,On-Time,0,0.18,Low Risk
CRED-01312,CUST-01312,673,On-Time,2,0.45,Medium Risk
CRED-01313,CUST-01313,694,On-Time,0,0.44,Medium Risk
CRED-01314,CUST-01314,745,On-Time,0,0.26,Medium Risk
CRED-01315,CUST-01315,623,Occasional Late,4,0.7,High Risk
CRED-01316,CUST-01316,697,On-Time,0,0.29,Medium Risk
CRED-01317,CUST-01317,684,Occasional Late,0,0.32,Medium Risk
CRED-01318,CUST-01318,745,On-Time,1,0.41,Medium Risk
CRED-01319,CUST-01319,689,On-Time,1,0.5,Medium Risk
CRED-01320,CUST-01320,692,On-Time,0,0.42,Medium Risk
CRED-01321,CUST-01321,747,On-Time,1,0.2,Medium Risk
CRED-01322,CUST-01322,799,On-Time,0,0.11,Low Risk
CRED-01323,CUST-01323,672,On-Time,0,0.35,Medium Risk
CRED-01324,CUST-01324,757,On-Time,0,0.12,Low Risk
CRED-01325,CUST-01325,771,On-Time,0,0.07,Low Risk
CRED-01326,CUST-01326,672,Occasional Late,0,0.26,Medium Risk
CRED-01327,CUST-01327,718,On-Time,0,0.23,Medium Risk
CRED-01328,CUST-01328,758,On-Time,0,0.17,Low Risk
CRED-01329,CUST-01329,733,On-Time,0,0.35,Medium Risk
CRED-01330,CUST-01330,720,On-Time,0,0.34,Medium Risk
CRED-01331,CUST-01331,786,On-Time,0,0.18,Low Risk
CRED-01332,CUST-01332,742,On-Time,0,0.47,Medium Risk
CRED-01333,CUST-01333,650,Frequently Late,1,0.55,High Risk
CRED-01334,CUST-01334,747,On-Time,0,0.3,Medium Risk
CRED-01335,CUST-01335,717,Occasional Late,0,0.21,Medium Risk
CRED-01336,CUST-01336,609,Occasional Late,4,0.67,High Risk
CRED-01337,CUST-01337,650,Occasional Late,2,0.5,High Risk
CRED-01338,CUST-01338,680,On-Time,1,0.31,Medium Risk
CRED-01339,CUST-01339,633,Frequently Late,4,0.81,High Risk
CRED-01340,CUST-01340,666,Frequently Late,1,0.56,High Risk
CRED-01341,CUST-01341,765,On-Time,0,0.21,Low Risk
CRED-01342,CUST-01342,697,On-Time,0,0.23,Medium Risk
CRED-01343,CUST-01343,599,Frequently Late,4,0.49,High Risk
CRED-01344,CUST-01344,745,Occasional Late,1,0.36,Medium Risk
CRED-01345,CUST-01345,745,On-Time,0,0.35,Medium Risk
CRED-01346,CUST-01346,662,Occasional Late,3,0.55,High Risk
CRED-01347,CUST-01347,674,On-Time,0,0.45,Medium Risk
CRED-01348,CUST-01348,694,On-Time,0,0.43,Medium Risk
CRED-01349,CUST-01349,671,On-Time,0,0.24,Medium Risk
CRED-01350,CUST-01350,663,Frequently Late,1,0.7,High Risk
CRED-01351,CUST-01351,763,On-Time,0,0.11,Low Risk
CRED-01352,CUST-01352,770,On-Time,0,0.1,Low Risk
CRED-01353,CUST-01353,730,Occasional Late,1,0.33,Medium Risk
CRED-01354,CUST-01354,631,Occasional Late,4,0.51,High Risk
CRED-01355,CUST-01355,728,On-Time,1,0.39,Medium Risk
CRED-01356,CUST-01356,655,Occasional Late,2,0.84,High Risk
CRED-01357,CUST-01357,745,Occasional Late,0,0.46,Medium Risk
CRED-01358,CUST-01358,641,Frequently Late,4,0.71,High Risk
CRED-01359,CUST-01359,700,Occasional Late,0,0.4,Medium Risk
CRED-01360,CUST-01360,678,On-Time,0,0.47,Medium Risk
CRED-01361,CUST-01361,561,Default Risk,6,0.89,Very High Risk
CRED-01362,CUST-01362,674,Occasional Late,1,0.35,Medium Risk
CRED-01363,CUST-01363,715,On-Time,2,0.27,Medium Risk
CRED-01364,CUST-01364,837,On-Time,0,0.09,Low Risk
CRED-01365,CUST-01365,770,On-Time,0,0.17,Low Risk
CRED-01366,CUST-01366,768,On-Time,0,0.16,Low Risk
CRED-01367,CUST-01367,726,On-Time,0,0.37,Medium Risk
CRED-01368,CUST-01368,564,Frequently Late,7,0.92,Very High Risk
CRED-01369,CUST-01369,677,On-Time,0,0.23,Medium Risk
CRED-01370,CUST-01370,772,On-Time,0,0.14,Low Risk
CRED-01371,CUST-01371,717,On-Time,2,0.23,Medium Risk
CRED-01372,CUST-01372,742,On-Time,0,0.36,Medium Risk
CRED-01373,CUST-01373,625,Occasional Late,2,0.58,High Risk
CRED-01374,CUST-01374,663,Frequently Late,2,0.81,High Risk
CRED-01375,CUST-01375,663,Frequently Late,4,0.59,High Risk
CRED-01376,CUST-01376,748,Occasional Late,0,0.48,Medium Risk
CRED-01377,CUST-01377,708,On-Time,2,0.49,Medium Risk
CRED-01378,CUST-01378,689,On-Time,1,0.32,Medium Risk
CRED-01379,CUST-01379,716,On-Time,1,0.22,Medium Risk
CRED-01380,CUST-01380,766,On-Time,0,0.14,Low Risk
CRED-01381,CUST-01381,588,Frequently Late,1,0.59,High Risk
CRED-01382,CUST-01382,802,On-Time,0,0.19,Low Risk
CRED-01383,CUST-01383,788,On-Time,0,0.16,Low Risk
CRED-01384,CUST-01384,643,Frequently Late,1,0.55,High Risk
CRED-01385,CUST-01385,551,Default Risk,5,0.98,Very High Risk
CRED-01386,CUST-01386,732,On-Time,0,0.37,Medium Risk
CRED-01387,CUST-01387,764,On-Time,0,0.09,Low Risk
CRED-01388,CUST-01388,690,Occasional Late,1,0.34,Medium Risk
CRED-01389,CUST-01389,781,On-Time,0,0.21,Low Risk
CRED-01390,CUST-01390,759,On-Time,0,0.11,Low Risk
CRED-01391,CUST-01391,644,Occasional Late,4,0.74,High Risk
CRED-01392,CUST-01392,753,On-Time,0,0.08,Low Risk
CRED-01393,CUST-01393,720,On-Time,0,0.42,Medium Risk
CRED-01394,CUST-01394,806,On-Time,0,0.22,Low Risk
CRED-01395,CUST-01395,627,Occasional Late,2,0.58,High Risk
CRED-01396,CUST-01396,772,On-Time,0,0.2,Low Risk
CRED-01397,CUST-01397,693,On-Time,0,0.31,Medium Risk
CRED-01398,CUST-01398,711,Occasional Late,0,0.48,Medium Risk
CRED-01399,CUST-01399,766,On-Time,0,0.24,Low Risk
CRED-01400,CUST-01400,747,On-Time,0,0.49,Medium Risk
CRED-01401,CUST-01401,768,On-Time,0,0.24,Low Risk
CRED-01402,CUST-01402,775,On-Time,0,0.18,Low Risk
CRED-01403,CUST-01403,676,On-Time,1,0.39,Medium Risk
CRED-01404,CUST-01404,719,On-Time,0,0.21,Medium Risk
CRED-01405,CUST-01405,760,On-Time,0,0.24,Low Risk
CRED-01406,CUST-01406,563,Default Risk,10,0.71,Very High Risk
CRED-01407,CUST-01407,749,Occasional Late,0,0.47,Medium Risk
CRED-01408,CUST-01408,640,Occasional Late,1,0.73,High Risk
CRED-01409,CUST-01409,717,Occasional Late,0,0.35,Medium Risk
CRED-01410,CUST-01410,736,On-Time,0,0.43,Medium Risk
CRED-01411,CUST-01411,620,Occasional Late,2,0.77,High Risk
CRED-01412,CUST-01412,596,Occasional Late,4,0.62,High Risk
CRED-01413,CUST-01413,482,Default Risk,5,0.73,Very High Risk
CRED-01414,CUST-01414,765,On-Time,0,0.22,Low Risk
CRED-01415,CUST-01415,748,Occasional Late,1,0.2,Medium Risk
CRED-01416,CUST-01416,506,Default Risk,4,0.91,Very High Risk
CRED-01417,CUST-01417,741,Occasional Late,1,0.21,Medium Risk
CRED-01418,CUST-01418,695,On-Time,1,0.29,Medium Risk
CRED-01419,CUST-01419,680,On-Time,2,0.4,Medium Risk
CRED-01420,CUST-01420,704,Occasional Late,0,0.44,Medium Risk
CRED-01421,CUST-01421,723,On-Time,1,0.32,Medium Risk
CRED-01422,CUST-01422,685,On-Time,2,0.27,Medium Risk
CRED-01423,CUST-01423,651,Frequently Late,3,0.54,High Risk
CRED-01424,CUST-01424,771,On-Time,0,0.14,Low Risk
CRED-01425,CUST-01425,702,On-Time,0,0.48,Medium Risk
CRED-01426,CUST-01426,794,On-Time,0,0.17,Low Risk
CRED-01427,CUST-01427,773,On-Time,0,0.05,Low Risk
CRED-01428,CUST-01428,653,Frequently Late,2,0.69,High Risk
CRED-01429,CUST-01429,811,On-Time,0,0.19,Low Risk
CRED-01430,CUST-01430,725,On-Time,1,0.49,Medium Risk
CRED-01431,CUST-01431,573,Frequently Late,10,0.76,Very High Risk
CRED-01432,CUST-01432,724,On-Time,0,0.28,Medium Risk
CRED-01433,CUST-01433,727,On-Time,0,0.5,Medium Risk
CRED-01434,CUST-01434,739,On-Time,0,0.25,Medium Risk
CRED-01435,CUST-01435,627,Frequently Late,4,0.56,High Risk
CRED-01436,CUST-01436,736,On-Time,0,0.5,Medium Risk
CRED-01437,CUST-01437,666,Occasional Late,4,0.81,High Risk
CRED-01438,CUST-01438,693,On-Time,0,0.3,Medium Risk
CRED-01439,CUST-01439,700,On-Time,0,0.46,Medium Risk
CRED-01440,CUST-01440,604,Occasional Late,2,0.69,High Risk
CRED-01441,CUST-01441,656,Frequently Late,4,0.65,High Risk
CRED-01442,CUST-01442,736,Occasional Late,1,0.33,Medium Risk
CRED-01443,CUST-01443,712,Occasional Late,1,0.33,Medium Risk
CRED-01444,CUST-01444,760,On-Time,0,0.21,Low Risk
CRED-01445,CUST-01445,458,Frequently Late,6,0.99,Very High Risk
CRED-01446,CUST-01446,755,On-Time,0,0.13,Low Risk
CRED-01447,CUST-01447,659,Frequently Late,4,0.57,High Risk
CRED-01448,CUST-01448,739,On-Time,0,0.41,Medium Risk
CRED-01449,CUST-01449,762,On-Time,0,0.09,Low Risk
CRED-01450,CUST-01450,645,Occasional Late,2,0.52,High Risk
CRED-01451,CUST-01451,562,Frequently Late,8,0.84,Very High Risk
CRED-01452,CUST-01452,728,On-Time,0,0.34,Medium Risk
CRED-01453,CUST-01453,715,On-Time,0,0.41,Medium Risk
CRED-01454,CUST-01454,666,Frequently Late,4,0.52,High Risk
CRED-01455,CUST-01455,756,On-Time,0,0.12,Low Risk
CRED-01456,CUST-01456,764,On-Time,0,0.1,Low Risk
CRED-01457,CUST-01457,703,On-Time,2,0.47,Medium Risk
CRED-01458,CUST-01458,545,Default Risk,4,0.88,Very High Risk
CRED-01459,CUST-01459,525,Frequently Late,5,0.89,Very High Risk
CRED-01460,CUST-01460,692,Occasional Late,0,0.36,Medium Risk
CRED-01461,CUST-01461,701,Occasional Late,2,0.46,Medium Risk
CRED-01462,CUST-01462,755,On-Time,0,0.1,Low Risk
CRED-01463,CUST-01463,653,Frequently Late,3,0.53,High Risk
CRED-01464,CUST-01464,706,Occasional Late,0,0.27,Medium Risk
CRED-01465,CUST-01465,708,On-Time,0,0.38,Medium Risk
CRED-01466,CUST-01466,745,On-Time,1,0.29,Medium Risk
CRED-01467,CUST-01467,709,Occasional Late,0,0.48,Medium Risk
CRED-01468,CUST-01468,658,Occasional Late,4,0.73,High Risk
CRED-01469,CUST-01469,694,On-Time,0,0.25,Medium Risk
CRED-01470,CUST-01470,678,On-Time,0,0.32,Medium Risk
CRED-01471,CUST-01471,662,Occasional Late,4,0.78,High Risk
CRED-01472,CUST-01472,716,On-Time,0,0.39,Medium Risk
CRED-01473,CUST-01473,550,Default Risk,10,0.79,Very High Risk
CRED-01474,CUST-01474,712,Occasional Late,1,0.35,Medium Risk
CRED-01475,CUST-01475,742,On-Time,2,0.5,Medium Risk
CRED-01476,CUST-01476,655,Occasional Late,4,0.48,High Risk
CRED-01477,CUST-01477,718,On-Time,0,0.46,Medium Risk
CRED-01478,CUST-01478,754,On-Time,0,0.23,Low Risk
CRED-01479,CUST-01479,726,Occasional Late,0,0.29,Medium Risk
CRED-01480,CUST-01480,713,Occasional Late,0,0.22,Medium Risk
CRED-01481,CUST-01481,765,On-Time,0,0.2,Low Risk
CRED-01482,CUST-01482,725,On-Time,0,0.39,Medium Risk
CRED-01483,CUST-01483,676,Occasional Late,0,0.4,Medium Risk
CRED-01484,CUST-01484,555,Frequently Late,5,0.73,Very High Risk
CRED-01485,CUST-01485,712,Occasional Late,2,0.29,Medium Risk
CRED-01486,CUST-01486,788,On-Time,0,0.06,Low Risk
CRED-01487,CUST-01487,655,Frequently Late,2,0.54,High Risk
CRED-01488,CUST-01488,703,On-Time,0,0.33,Medium Risk
CRED-01489,CUST-01489,750,On-Time,0,0.21,Low Risk
CRED-01490,CUST-01490,729,Occasional Late,0,0.23,Medium Risk
CRED-01491,CUST-01491,774,On-Time,1,0.11,Low Risk
CRED-01492,CUST-01492,767,On-Time,0,0.13,Low Risk
CRED-01493,CUST-01493,624,Occasional Late,1,0.72,High Risk
CRED-01494,CUST-01494,579,Frequently Late,7,0.77,Very High Risk
CRED-01495,CUST-01495,696,On-Time,0,0.49,Medium Risk
CRED-01496,CUST-01496,687,On-Time,0,0.37,Medium Risk
CRED-01497,CUST-01497,750,On-Time,0,0.18,Low Risk
CRED-01498,CUST-01498,628,Frequently Late,1,0.58,High Risk
CRED-01499,CUST-01499,520,Default Risk,8,0.97,Very High Risk
CRED-01500,CUST-01500,703,On-Time,0,0.27,Medium Risk
CRED-01501,CUST-01501,708,Occasional Late,0,0.28,Medium Risk
CRED-01502,CUST-01502,689,Occasional Late,0,0.47,Medium Risk
CRED-01503,CUST-01503,850,On-Time,0,0.18,Low Risk
CRED-01504,CUST-01504,734,On-Time,2,0.24,Medium Risk
CRED-01505,CUST-01505,683,Occasional Late,1,0.3,Medium Risk
CRED-01506,CUST-01506,754,On-Time,0,0.13,Low Risk
CRED-01507,CUST-01507,681,Occasional Late,0,0.33,Medium Risk
CRED-01508,CUST-01508,730,On-Time,0,0.34,Medium Risk
CRED-01509,CUST-01509,506,Frequently Late,9,0.75,Very High Risk
CRED-01510,CUST-01510,689,On-Time,2,0.28,Medium Risk
CRED-01511,CUST-01511,627,Occasional Late,1,0.69,High Risk
CRED-01512,CUST-01512,684,Occasional Late,0,0.42,Medium Risk
CRED-01513,CUST-01513,669,Frequently Late,4,0.72,High Risk
CRED-01514,CUST-01514,793,On-Time,0,0.14,Low Risk
CRED-01515,CUST-01515,719,Occasional Late,0,0.5,Medium Risk
CRED-01516,CUST-01516,742,On-Time,0,0.33,Medium Risk
CRED-01517,CUST-01517,642,Frequently Late,4,0.84,High Risk
CRED-01518,CUST-01518,531,Default Risk,5,0.9,Very High Risk
CRED-01519,CUST-01519,702,On-Time,0,0.43,Medium Risk
CRED-01520,CUST-01520,731,On-Time,0,0.23,Medium Risk
CRED-01521,CUST-01521,679,On-Time,0,0.27,Medium Risk
CRED-01522,CUST-01522,814,On-Time,0,0.09,Low Risk
CRED-01523,CUST-01523,510,Default Risk,4,0.91,Very High Risk
CRED-01524,CUST-01524,664,Occasional Late,2,0.53,High Risk
CRED-01525,CUST-01525,711,On-Time,0,0.38,Medium Risk
CRED-01526,CUST-01526,553,Frequently Late,9,0.82,Very High Risk
CRED-01527,CUST-01527,766,On-Time,0,0.05,Low Risk
CRED-01528,CUST-01528,756,On-Time,0,0.23,Low Risk
CRED-01529,CUST-01529,733,On-Time,2,0.21,Medium Risk
CRED-01530,CUST-01530,744,Occasional Late,2,0.27,Medium Risk
CRED-01531,CUST-01531,672,Occasional Late,0,0.38,Medium Risk
CRED-01532,CUST-01532,715,On-Time,1,0.21,Medium Risk
CRED-01533,CUST-01533,650,Occasional Late,2,0.74,High Risk
CRED-01534,CUST-01534,703,On-Time,0,0.22,Medium Risk
CRED-01535,CUST-01535,590,Occasional Late,2,0.57,High Risk
CRED-01536,CUST-01536,733,Occasional Late,2,0.46,Medium Risk
CRED-01537,CUST-01537,735,On-Time,0,0.47,Medium Risk
CRED-01538,CUST-01538,788,On-Time,0,0.11,Low Risk
CRED-01539,CUST-01539,734,On-Time,0,0.24,Medium Risk
CRED-01540,CUST-01540,745,On-Time,1,0.27,Medium Risk
CRED-01541,CUST-01541,699,On-Time,0,0.27,Medium Risk
CRED-01542,CUST-01542,504,Frequently Late,9,0.97,Very High Risk
CRED-01543,CUST-01543,675,On-Time,1,0.29,Medium Risk
CRED-01544,CUST-01544,757,On-Time,0,0.1,Low Risk
CRED-01545,CUST-01545,723,On-Time,0,0.36,Medium Risk
CRED-01546,CUST-01546,774,On-Time,0,0.17,Low Risk
CRED-01547,CUST-01547,713,On-Time,0,0.42,Medium Risk
CRED-01548,CUST-01548,715,On-Time,0,0.41,Medium Risk
CRED-01549,CUST-01549,722,Occasional Late,0,0.27,Medium Risk
CRED-01550,CUST-01550,696,On-Time,0,0.48,Medium Risk
CRED-01551,CUST-01551,710,On-Time,0,0.5,Medium Risk
CRED-01552,CUST-01552,642,Occasional Late,4,0.82,High Risk
CRED-01553,CUST-01553,734,On-Time,0,0.41,Medium Risk
CRED-01554,CUST-01554,719,Occasional Late,0,0.39,Medium Risk
CRED-01555,CUST-01555,585,Frequently Late,2,0.72,High Risk
CRED-01556,CUST-01556,617,Occasional Late,1,0.66,High Risk
CRED-01557,CUST-01557,722,On-Time,0,0.32,Medium Risk
CRED-01558,CUST-01558,696,On-Time,0,0.28,Medium Risk
CRED-01559,CUST-01559,655,Frequently Late,4,0.75,High Risk
CRED-01560,CUST-01560,745,On-Time,1,0.47,Medium Risk
CRED-01561,CUST-01561,779,On-Time,0,0.22,Low Risk
CRED-01562,CUST-01562,624,Occasional Late,3,0.8,High Risk
CRED-01563,CUST-01563,688,Occasional Late,0,0.47,Medium Risk
CRED-01564,CUST-01564,608,Occasional Late,3,0.74,High Risk
CRED-01565,CUST-01565,686,On-Time,0,0.45,Medium Risk
CRED-01566,CUST-01566,733,On-Time,0,0.3,Medium Risk
CRED-01567,CUST-01567,677,Occasional Late,0,0.24,Medium Risk
CRED-01568,CUST-01568,707,On-Time,2,0.28,Medium Risk
CRED-01569,CUST-01569,670,On-Time,0,0.37,Medium Risk
CRED-01570,CUST-01570,605,Occasional Late,3,0.5,High Risk
CRED-01571,CUST-01571,653,Occasional Late,2,0.47,High Risk
CRED-01572,CUST-01572,746,On-Time,0,0.3,Medium Risk
CRED-01573,CUST-01573,594,Frequently Late,2,0.76,High Risk
CRED-01574,CUST-01574,752,On-Time,0,0.19,Low Risk
CRED-01575,CUST-01575,596,Frequently Late,3,0.79,High Risk
CRED-01576,CUST-01576,721,Occasional Late,0,0.24,Medium Risk
CRED-01577,CUST-01577,734,On-Time,1,0.31,Medium Risk
CRED-01578,CUST-01578,691,On-Time,1,0.25,Medium Risk
CRED-01579,CUST-01579,629,Occasional Late,3,0.8,High Risk
CRED-01580,CUST-01580,600,Frequently Late,1,0.46,High Risk
CRED-01581,CUST-01581,716,On-Time,0,0.35,Medium Risk
CRED-01582,CUST-01582,677,Occasional Late,1,0.31,Medium Risk
CRED-01583,CUST-01583,662,Occasional Late,2,0.75,High Risk
CRED-01584,CUST-01584,477,Frequently Late,6,0.9,Very High Risk
CRED-01585,CUST-01585,669,Frequently Late,4,0.81,High Risk
CRED-01586,CUST-01586,665,Occasional Late,1,0.82,High Risk
CRED-01587,CUST-01587,407,Default Risk,7,0.9,Very High Risk
CRED-01588,CUST-01588,686,On-Time,0,0.49,Medium Risk
CRED-01589,CUST-01589,747,On-Time,0,0.35,Medium Risk
CRED-01590,CUST-01590,674,On-Time,0,0.27,Medium Risk
CRED-01591,CUST-01591,720,On-Time,0,0.44,Medium Risk
CRED-01592,CUST-01592,722,On-Time,0,0.29,Medium Risk
CRED-01593,CUST-01593,684,On-Time,0,0.34,Medium Risk
CRED-01594,CUST-01594,587,Occasional Late,4,0.51,High Risk
CRED-01595,CUST-01595,643,Frequently Late,2,0.67,High Risk
CRED-01596,CUST-01596,553,Default Risk,11,0.86,Very High Risk
CRED-01597,CUST-01597,721,Occasional Late,0,0.33,Medium Risk
CRED-01598,CUST-01598,713,Occasional Late,1,0.34,Medium Risk
CRED-01599,CUST-01599,394,Frequently Late,9,0.94,Very High Risk
CRED-01600,CUST-01600,727,On-Time,1,0.26,Medium Risk
CRED-01601,CUST-01601,618,Frequently Late,3,0.49,High Risk
CRED-01602,CUST-01602,614,Occasional Late,2,0.67,High Risk
CRED-01603,CUST-01603,791,On-Time,0,0.14,Low Risk
CRED-01604,CUST-01604,731,Occasional Late,0,0.4,Medium Risk
CRED-01605,CUST-01605,793,On-Time,0,0.08,Low Risk
CRED-01606,CUST-01606,520,Frequently Late,5,0.92,Very High Risk
CRED-01607,CUST-01607,681,On-Time,0,0.24,Medium Risk
CRED-01608,CUST-01608,849,On-Time,0,0.13,Low Risk
CRED-01609,CUST-01609,637,Occasional Late,1,0.67,High Risk
CRED-01610,CUST-01610,705,Occasional Late,2,0.49,Medium Risk
CRED-01611,CUST-01611,703,On-Time,0,0.45,Medium Risk
CRED-01612,CUST-01612,588,Occasional Late,3,0.8,High Risk
CRED-01613,CUST-01613,714,Occasional Late,0,0.29,Medium Risk
CRED-01614,CUST-01614,331,Frequently Late,10,0.98,Very High Risk
CRED-01615,CUST-01615,743,On-Time,0,0.42,Medium Risk
CRED-01616,CUST-01616,623,Frequently Late,2,0.54,High Risk
CRED-01617,CUST-01617,670,Occasional Late,0,0.25,Medium Risk
CRED-01618,CUST-01618,715,On-Time,0,0.47,Medium Risk
CRED-01619,CUST-01619,654,Frequently Late,3,0.8,High Risk
CRED-01620,CUST-01620,624,Frequently Late,1,0.82,High Risk
CRED-01621,CUST-01621,717,Occasional Late,0,0.38,Medium Risk
CRED-01622,CUST-01622,744,Occasional Late,0,0.49,Medium Risk
CRED-01623,CUST-01623,725,On-Time,0,0.45,Medium Risk
CRED-01624,CUST-01624,560,Default Risk,9,0.75,Very High Risk
CRED-01625,CUST-01625,717,On-Time,2,0.41,Medium Risk
CRED-01626,CUST-01626,726,Occasional Late,2,0.45,Medium Risk
CRED-01627,CUST-01627,728,Occasional Late,0,0.48,Medium Risk
CRED-01628,CUST-01628,710,Occasional Late,0,0.44,Medium Risk
CRED-01629,CUST-01629,708,On-Time,0,0.33,Medium Risk
CRED-01630,CUST-01630,695,Occasional Late,2,0.28,Medium Risk
CRED-01631,CUST-01631,774,On-Time,0,0.09,Low Risk
CRED-01632,CUST-01632,627,Frequently Late,2,0.59,High Risk
CRED-01633,CUST-01633,652,Frequently Late,2,0.55,High Risk
CRED-01634,CUST-01634,572,Frequently Late,10,0.8,Very High Risk
CRED-01635,CUST-01635,776,On-Time,0,0.09,Low Risk
CRED-01636,CUST-01636,678,Occasional Late,0,0.5,Medium Risk
CRED-01637,CUST-01637,731,On-Time,0,0.28,Medium Risk
CRED-01638,CUST-01638,704,On-Time,0,0.27,Medium Risk
CRED-01639,CUST-01639,609,Occasional Late,1,0.83,High Risk
CRED-01640,CUST-01640,635,Frequently Late,4,0.54,High Risk
CRED-01641,CUST-01641,676,On-Time,0,0.2,Medium Risk
CRED-01642,CUST-01642,693,Occasional Late,0,0.45,Medium Risk
CRED-01643,CUST-01643,751,On-Time,1,0.1,Low Risk
CRED-01644,CUST-01644,743,On-Time,0,0.48,Medium Risk
CRED-01645,CUST-01645,749,On-Time,0,0.26,Medium Risk
CRED-01646,CUST-01646,724,On-Time,0,0.32,Medium Risk
CRED-01647,CUST-01647,696,On-Time,0,0.28,Medium Risk
CRED-01648,CUST-01648,706,On-Time,0,0.48,Medium Risk
CRED-01649,CUST-01649,704,Occasional Late,0,0.36,Medium Risk
CRED-01650,CUST-01650,696,Occasional Late,0,0.35,Medium Risk
CRED-01651,CUST-01651,818,On-Time,0,0.14,Low Risk
CRED-01652,CUST-01652,633,Frequently Late,1,0.73,High Risk
CRED-01653,CUST-01653,682,On-Time,0,0.46,Medium Risk
CRED-01654,CUST-01654,724,On-Time,1,0.45,Medium Risk
CRED-01655,CUST-01655,641,Occasional Late,1,0.51,High Risk
CRED-01656,CUST-01656,739,On-Time,0,0.43,Medium Risk
CRED-01657,CUST-01657,655,Frequently Late,4,0.81,High Risk
CRED-01658,CUST-01658,763,On-Time,0,0.19,Low Risk
CRED-01659,CUST-01659,681,On-Time,1,0.23,Medium Risk
CRED-01660,CUST-01660,715,On-Time,0,0.27,Medium Risk
CRED-01661,CUST-01661,717,On-Time,0,0.32,Medium Risk
CRED-01662,CUST-01662,707,On-Time,0,0.21,Medium Risk
CRED-01663,CUST-01663,765,On-Time,0,0.09,Low Risk
CRED-01664,CUST-01664,752,On-Time,0,0.2,Low Risk
CRED-01665,CUST-01665,697,Occasional Late,1,0.27,Medium Risk
CRED-01666,CUST-01666,632,Frequently Late,4,0.55,High Risk
CRED-01667,CUST-01667,497,Frequently Late,8,0.95,Very High Risk
CRED-01668,CUST-01668,755,On-Time,0,0.15,Low Risk
CRED-01669,CUST-01669,712,On-Time,0,0.46,Medium Risk
CRED-01670,CUST-01670,744,On-Time,0,0.3,Medium Risk
CRED-01671,CUST-01671,670,On-Time,0,0.48,Medium Risk
CRED-01672,CUST-01672,425,Default Risk,8,0.96,Very High Risk
CRED-01673,CUST-01673,723,On-Time,0,0.4,Medium Risk
CRED-01674,CUST-01674,521,Frequently Late,4,0.78,Very High Risk
CRED-01675,CUST-01675,598,Occasional Late,3,0.84,High Risk
CRED-01676,CUST-01676,728,On-Time,0,0.42,Medium Risk
CRED-01677,CUST-01677,840,On-Time,0,0.24,Low Risk
CRED-01678,CUST-01678,723,On-Time,0,0.43,Medium Risk
CRED-01679,CUST-01679,710,On-Time,0,0.33,Medium Risk
CRED-01680,CUST-01680,735,Occasional Late,0,0.38,Medium Risk
CRED-01681,CUST-01681,572,Default Risk,10,0.82,Very High Risk
CRED-01682,CUST-01682,634,Occasional Late,2,0.53,High Risk
CRED-01683,CUST-01683,788,On-Time,0,0.23,Low Risk
CRED-01684,CUST-01684,770,On-Time,0,0.12,Low Risk
CRED-01685,CUST-01685,418,Frequently Late,11,0.8,Very High Risk
CRED-01686,CUST-01686,730,On-Time,0,0.41,Medium Risk
CRED-01687,CUST-01687,771,On-Time,0,0.22,Low Risk
CRED-01688,CUST-01688,724,On-Time,2,0.42,Medium Risk
CRED-01689,CUST-01689,748,On-Time,0,0.41,Medium Risk
CRED-01690,CUST-01690,714,Occasional Late,2,0.45,Medium Risk
CRED-01691,CUST-01691,601,Frequently Late,2,0.73,High Risk
CRED-01692,CUST-01692,626,Frequently Late,4,0.53,High Risk
CRED-01693,CUST-01693,710,On-Time,1,0.2,Medium Risk
CRED-01694,CUST-01694,708,Occasional Late,0,0.21,Medium Risk
CRED-01695,CUST-01695,652,Frequently Late,1,0.82,High Risk
CRED-01696,CUST-01696,699,On-Time,0,0.44,Medium Risk
CRED-01697,CUST-01697,708,Occasional Late,0,0.5,Medium Risk
CRED-01698,CUST-01698,744,Occasional Late,1,0.33,Medium Risk
CRED-01699,CUST-01699,575,Default Risk,4,0.89,Very High Risk
CRED-01700,CUST-01700,716,On-Time,0,0.39,Medium Risk
CRED-01701,CUST-01701,682,On-Time,0,0.29,Medium Risk
CRED-01702,CUST-01702,711,On-Time,1,0.32,Medium Risk
CRED-01703,CUST-01703,736,On-Time,0,0.27,Medium Risk
CRED-01704,CUST-01704,824,On-Time,0,0.12,Low Risk
CRED-01705,CUST-01705,728,On-Time,0,0.41,Medium Risk
CRED-01706,CUST-01706,721,Occasional Late,0,0.48,Medium Risk
CRED-01707,CUST-01707,601,Frequently Late,1,0.75,High Risk
CRED-01708,CUST-01708,773,On-Time,0,0.24,Low Risk
CRED-01709,CUST-01709,735,On-Time,1,0.22,Medium Risk
CRED-01710,CUST-01710,757,On-Time,0,0.13,Low Risk
CRED-01711,CUST-01711,682,On-Time,0,0.27,Medium Risk
CRED-01712,CUST-01712,619,Occasional Late,3,0.64,High Risk
CRED-01713,CUST-01713,693,On-Time,0,0.43,Medium Risk
CRED-01714,CUST-01714,698,On-Time,0,0.46,Medium Risk
CRED-01715,CUST-01715,773,On-Time,0,0.22,Low Risk
CRED-01716,CUST-01716,695,On-Time,1,0.44,Medium Risk
CRED-01717,CUST-01717,726,On-Time,0,0.43,Medium Risk
CRED-01718,CUST-01718,712,On-Time,0,0.26,Medium Risk
CRED-01719,CUST-01719,825,On-Time,0,0.06,Low Risk
CRED-01720,CUST-01720,808,On-Time,0,0.21,Low Risk
CRED-01721,CUST-01721,689,Occasional Late,0,0.4,Medium Risk
CRED-01722,CUST-01722,752,On-Time,0,0.09,Low Risk
CRED-01723,CUST-01723,690,On-Time,0,0.21,Medium Risk
CRED-01724,CUST-01724,629,Frequently Late,1,0.72,High Risk
CRED-01725,CUST-01725,419,Frequently Late,4,0.94,Very High Risk
CRED-01726,CUST-01726,694,On-Time,0,0.23,Medium Risk
CRED-01727,CUST-01727,739,Occasional Late,2,0.25,Medium Risk
CRED-01728,CUST-01728,662,Occasional Late,2,0.46,High Risk
CRED-01729,CUST-01729,728,On-Time,1,0.46,Medium Risk
CRED-01730,CUST-01730,760,On-Time,0,0.25,Low Risk
CRED-01731,CUST-01731,730,On-Time,0,0.36,Medium Risk
CRED-01732,CUST-01732,721,On-Time,0,0.33,Medium Risk
CRED-01733,CUST-01733,707,Occasional Late,1,0.24,Medium Risk
CRED-01734,CUST-01734,713,On-Time,0,0.37,Medium Risk
CRED-01735,CUST-01735,653,Occasional Late,4,0.78,High Risk
CRED-01736,CUST-01736,737,On-Time,1,0.33,Medium Risk
CRED-01737,CUST-01737,742,Occasional Late,1,0.34,Medium Risk
CRED-01738,CUST-01738,684,On-Time,0,0.49,Medium Risk
CRED-01739,CUST-01739,727,On-Time,0,0.4,Medium Risk
CRED-01740,CUST-01740,743,On-Time,0,0.43,Medium Risk
CRED-01741,CUST-01741,711,On-Time,2,0.49,Medium Risk
CRED-01742,CUST-01742,598,Occasional Late,4,0.52,High Risk
CRED-01743,CUST-01743,679,Occasional Late,0,0.26,Medium Risk
CRED-01744,CUST-01744,744,On-Time,1,0.35,Medium Risk
CRED-01745,CUST-01745,753,On-Time,1,0.17,Low Risk
CRED-01746,CUST-01746,720,Occasional Late,0,0.49,Medium Risk
CRED-01747,CUST-01747,682,Occasional Late,1,0.37,Medium Risk
CRED-01748,CUST-01748,735,On-Time,0,0.44,Medium Risk
CRED-01749,CUST-01749,738,On-Time,0,0.46,Medium Risk
CRED-01750,CUST-01750,768,On-Time,0,0.25,Low Risk
CRED-01751,CUST-01751,696,On-Time,1,0.39,Medium Risk
CRED-01752,CUST-01752,696,On-Time,0,0.22,Medium Risk
CRED-01753,CUST-01753,692,On-Time,0,0.37,Medium Risk
CRED-01754,CUST-01754,712,On-Time,1,0.47,Medium Risk
CRED-01755,CUST-01755,778,On-Time,0,0.25,Low Risk
CRED-01756,CUST-01756,715,On-Time,0,0.29,Medium Risk
CRED-01757,CUST-01757,684,Occasional Late,0,0.35,Medium Risk
CRED-01758,CUST-01758,744,Occasional Late,0,0.2,Medium Risk
CRED-01759,CUST-01759,726,On-Time,0,0.22,Medium Risk
CRED-01760,CUST-01760,638,Frequently Late,2,0.5,High Risk
CRED-01761,CUST-01761,676,On-Time,0,0.39,Medium Risk
CRED-01762,CUST-01762,741,On-Time,1,0.35,Medium Risk
CRED-01763,CUST-01763,632,Frequently Late,4,0.51,High Risk
CRED-01764,CUST-01764,643,Frequently Late,2,0.75,High Risk
CRED-01765,CUST-01765,589,Occasional Late,2,0.76,High Risk
CRED-01766,CUST-01766,711,Occasional Late,0,0.27,Medium Risk
CRED-01767,CUST-01767,659,Occasional Late,3,0.71,High Risk
CRED-01768,CUST-01768,657,Frequently Late,3,0.73,High Risk
CRED-01769,CUST-01769,712,On-Time,1,0.4,Medium Risk
CRED-01770,CUST-01770,647,Frequently Late,3,0.79,High Risk
CRED-01771,CUST-01771,737,On-Time,1,0.28,Medium Risk
CRED-01772,CUST-01772,729,Occasional Late,0,0.42,Medium Risk
CRED-01773,CUST-01773,829,On-Time,0,0.16,Low Risk
CRED-01774,CUST-01774,816,On-Time,0,0.22,Low Risk
CRED-01775,CUST-01775,785,On-Time,0,0.12,Low Risk
CRED-01776,CUST-01776,724,Occasional Late,0,0.32,Medium Risk
CRED-01777,CUST-01777,712,On-Time,0,0.25,Medium Risk
CRED-01778,CUST-01778,691,On-Time,0,0.39,Medium Risk
CRED-01779,CUST-01779,645,Occasional Late,2,0.7,High Risk
CRED-01780,CUST-01780,571,Frequently Late,8,0.82,Very High Risk
CRED-01781,CUST-01781,708,Occasional Late,0,0.28,Medium Risk
CRED-01782,CUST-01782,634,Occasional Late,3,0.49,High Risk
CRED-01783,CUST-01783,822,On-Time,0,0.24,Low Risk
CRED-01784,CUST-01784,756,On-Time,1,0.1,Low Risk
CRED-01785,CUST-01785,716,Occasional Late,0,0.41,Medium Risk
CRED-01786,CUST-01786,620,Occasional Late,1,0.85,High Risk
CRED-01787,CUST-01787,773,On-Time,0,0.21,Low Risk
CRED-01788,CUST-01788,655,Occasional Late,3,0.78,High Risk
CRED-01789,CUST-01789,745,Occasional Late,0,0.36,Medium Risk
CRED-01790,CUST-01790,707,On-Time,2,0.34,Medium Risk
CRED-01791,CUST-01791,728,On-Time,0,0.21,Medium Risk
CRED-01792,CUST-01792,753,On-Time,0,0.11,Low Risk
CRED-01793,CUST-01793,645,Occasional Late,3,0.52,High Risk
CRED-01794,CUST-01794,559,Frequently Late,5,0.88,Very High Risk
CRED-01795,CUST-01795,721,On-Time,2,0.37,Medium Risk
CRED-01796,CUST-01796,687,Occasional Late,0,0.47,Medium Risk
CRED-01797,CUST-01797,750,On-Time,0,0.21,Low Risk
CRED-01798,CUST-01798,685,Occasional Late,0,0.36,Medium Risk
CRED-01799,CUST-01799,724,On-Time,1,0.44,Medium Risk
CRED-01800,CUST-01800,688,On-Time,0,0.28,Medium Risk
CRED-01801,CUST-01801,790,On-Time,0,0.07,Low Risk
CRED-01802,CUST-01802,815,On-Time,0,0.08,Low Risk
CRED-01803,CUST-01803,683,On-Time,0,0.39,Medium Risk
CRED-01804,CUST-01804,646,Occasional Late,1,0.81,High Risk
CRED-01805,CUST-01805,694,On-Time,0,0.25,Medium Risk
CRED-01806,CUST-01806,610,Occasional Late,4,0.62,High Risk
CRED-01807,CUST-01807,765,On-Time,0,0.22,Low Risk
CRED-01808,CUST-01808,528,Default Risk,5,0.93,Very High Risk
CRED-01809,CUST-01809,668,Occasional Late,1,0.46,High Risk
CRED-01810,CUST-01810,752,On-Time,0,0.2,Low Risk
CRED-01811,CUST-01811,598,Occasional Late,2,0.59,High Risk
CRED-01812,CUST-01812,687,On-Time,0,0.27,Medium Risk
CRED-01813,CUST-01813,774,On-Time,0,0.23,Low Risk
CRED-01814,CUST-01814,726,Occasional Late,0,0.28,Medium Risk
CRED-01815,CUST-01815,628,Occasional Late,1,0.76,High Risk
CRED-01816,CUST-01816,712,On-Time,0,0.31,Medium Risk
CRED-01817,CUST-01817,657,Frequently Late,1,0.5,High Risk
CRED-01818,CUST-01818,511,Default Risk,9,0.86,Very High Risk
CRED-01819,CUST-01819,816,On-Time,0,0.08,Low Risk
CRED-01820,CUST-01820,743,On-Time,0,0.38,Medium Risk
CRED-01821,CUST-01821,723,On-Time,2,0.44,Medium Risk
CRED-01822,CUST-01822,693,On-Time,0,0.49,Medium Risk
CRED-01823,CUST-01823,668,Frequently Late,2,0.64,High Risk
CRED-01824,CUST-01824,780,On-Time,0,0.11,Low Risk
CRED-01825,CUST-01825,708,On-Time,0,0.33,Medium Risk
CRED-01826,CUST-01826,573,Frequently Late,4,0.95,Very High Risk
CRED-01827,CUST-01827,749,Occasional Late,1,0.37,Medium Risk
CRED-01828,CUST-01828,780,On-Time,0,0.06,Low Risk
CRED-01829,CUST-01829,479,Default Risk,7,0.94,Very High Risk
CRED-01830,CUST-01830,700,Occasional Late,0,0.4,Medium Risk
CRED-01831,CUST-01831,735,On-Time,0,0.24,Medium Risk
CRED-01832,CUST-01832,754,On-Time,0,0.15,Low Risk
CRED-01833,CUST-01833,660,Occasional Late,3,0.75,High Risk
CRED-01834,CUST-01834,705,On-Time,0,0.24,Medium Risk
CRED-01835,CUST-01835,702,On-Time,0,0.24,Medium Risk
CRED-01836,CUST-01836,629,Occasional Late,3,0.72,High Risk
CRED-01837,CUST-01837,699,Occasional Late,0,0.22,Medium Risk
CRED-01838,CUST-01838,595,Frequently Late,3,0.68,High Risk
CRED-01839,CUST-01839,738,On-Time,0,0.22,Medium Risk
CRED-01840,CUST-01840,718,On-Time,1,0.25,Medium Risk
CRED-01841,CUST-01841,781,On-Time,0,0.16,Low Risk
CRED-01842,CUST-01842,827,On-Time,0,0.12,Low Risk
CRED-01843,CUST-01843,697,Occasional Late,0,0.48,Medium Risk
CRED-01844,CUST-01844,754,On-Time,0,0.15,Low Risk
CRED-01845,CUST-01845,604,Frequently Late,1,0.52,High Risk
CRED-01846,CUST-01846,589,Frequently Late,2,0.52,High Risk
CRED-01847,CUST-01847,644,Occasional Late,3,0.75,High Risk
CRED-01848,CUST-01848,694,On-Time,0,0.32,Medium Risk
CRED-01849,CUST-01849,698,On-Time,0,0.47,Medium Risk
CRED-01850,CUST-01850,727,On-Time,0,0.46,Medium Risk
CRED-01851,CUST-01851,754,On-Time,0,0.24,Low Risk
CRED-01852,CUST-01852,590,Frequently Late,1,0.61,High Risk
CRED-01853,CUST-01853,749,On-Time,1,0.21,Medium Risk
CRED-01854,CUST-01854,702,On-Time,0,0.37,Medium Risk
CRED-01855,CUST-01855,760,On-Time,0,0.18,Low Risk
CRED-01856,CUST-01856,695,On-Time,2,0.3,Medium Risk
CRED-01857,CUST-01857,675,On-Time,2,0.45,Medium Risk
CRED-01858,CUST-01858,687,On-Time,0,0.45,Medium Risk
CRED-01859,CUST-01859,631,Occasional Late,4,0.8,High Risk
CRED-01860,CUST-01860,523,Default Risk,6,0.94,Very High Risk
CRED-01861,CUST-01861,730,On-Time,1,0.4,Medium Risk
CRED-01862,CUST-01862,723,On-Time,0,0.36,Medium Risk
CRED-01863,CUST-01863,757,On-Time,0,0.15,Low Risk
CRED-01864,CUST-01864,781,On-Time,0,0.19,Low Risk
CRED-01865,CUST-01865,611,Frequently Late,3,0.78,High Risk
CRED-01866,CUST-01866,577,Default Risk,8,0.79,Very High Risk
CRED-01867,CUST-01867,674,On-Time,0,0.28,Medium Risk
CRED-01868,CUST-01868,686,On-Time,0,0.22,Medium Risk
CRED-01869,CUST-01869,680,Occasional Late,0,0.31,Medium Risk
CRED-01870,CUST-01870,505,Default Risk,10,0.72,Very High Risk
CRED-01871,CUST-01871,755,On-Time,0,0.23,Low Risk
CRED-01872,CUST-01872,740,On-Time,0,0.47,Medium Risk
CRED-01873,CUST-01873,630,Frequently Late,4,0.47,High Risk
CRED-01874,CUST-01874,767,On-Time,0,0.15,Low Risk
CRED-01875,CUST-01875,780,On-Time,0,0.22,Low Risk
CRED-01876,CUST-01876,721,On-Time,0,0.43,Medium Risk
CRED-01877,CUST-01877,814,On-Time,0,0.07,Low Risk
CRED-01878,CUST-01878,769,On-Time,0,0.17,Low Risk
CRED-01879,CUST-01879,761,On-Time,0,0.23,Low Risk
CRED-01880,CUST-01880,636,Occasional Late,2,0.47,High Risk
CRED-01881,CUST-01881,763,On-Time,0,0.2,Low Risk
CRED-01882,CUST-01882,725,On-Time,0,0.32,Medium Risk
CRED-01883,CUST-01883,728,Occasional Late,0,0.29,Medium Risk
CRED-01884,CUST-01884,716,On-Time,1,0.24,Medium Risk
CRED-01885,CUST-01885,785,On-Time,0,0.15,Low Risk
CRED-01886,CUST-01886,745,Occasional Late,0,0.24,Medium Risk
CRED-01887,CUST-01887,610,Occasional Late,4,0.58,High Risk
CRED-01888,CUST-01888,703,Occasional Late,0,0.45,Medium Risk
CRED-01889,CUST-01889,687,On-Time,0,0.35,Medium Risk
CRED-01890,CUST-01890,733,On-Time,0,0.3,Medium Risk
CRED-01891,CUST-01891,733,Occasional Late,0,0.32,Medium Risk
CRED-01892,CUST-01892,739,On-Time,2,0.31,Medium Risk
CRED-01893,CUST-01893,708,Occasional Late,0,0.36,Medium Risk
CRED-01894,CUST-01894,541,Default Risk,5,0.86,Very High Risk
CRED-01895,CUST-01895,733,On-Time,0,0.24,Medium Risk
CRED-01896,CUST-01896,619,Frequently Late,2,0.61,High Risk
CRED-01897,CUST-01897,666,Frequently Late,2,0.81,High Risk
CRED-01898,CUST-01898,675,On-Time,0,0.46,Medium Risk
CRED-01899,CUST-01899,799,On-Time,0,0.09,Low Risk
CRED-01900,CUST-01900,570,Default Risk,8,0.81,Very High Risk
CRED-01901,CUST-01901,790,On-Time,0,0.18,Low Risk
CRED-01902,CUST-01902,694,On-Time,0,0.42,Medium Risk
CRED-01903,CUST-01903,744,Occasional Late,2,0.23,Medium Risk
CRED-01904,CUST-01904,657,Occasional Late,1,0.56,High Risk
CRED-01905,CUST-01905,752,On-Time,1,0.15,Low Risk
CRED-01906,CUST-01906,717,On-Time,1,0.37,Medium Risk
CRED-01907,CUST-01907,722,On-Time,0,0.34,Medium Risk
CRED-01908,CUST-01908,590,Occasional Late,2,0.81,High Risk
CRED-01909,CUST-01909,810,On-Time,0,0.2,Low Risk
CRED-01910,CUST-01910,845,On-Time,0,0.14,Low Risk
CRED-01911,CUST-01911,533,Default Risk,4,0.83,Very High Risk
CRED-01912,CUST-01912,787,On-Time,0,0.1,Low Risk
CRED-01913,CUST-01913,715,On-Time,2,0.45,Medium Risk
CRED-01914,CUST-01914,721,On-Time,2,0.4,Medium Risk
CRED-01915,CUST-01915,723,On-Time,0,0.42,Medium Risk
CRED-01916,CUST-01916,729,On-Time,2,0.42,Medium Risk
CRED-01917,CUST-01917,750,On-Time,0,0.17,Low Risk
CRED-01918,CUST-01918,692,Occasional Late,2,0.23,Medium Risk
CRED-01919,CUST-01919,691,On-Time,0,0.27,Medium Risk
CRED-01920,CUST-01920,709,On-Time,0,0.21,Medium Risk
CRED-01921,CUST-01921,638,Occasional Late,4,0.63,High Risk
CRED-01922,CUST-01922,701,On-Time,0,0.35,Medium Risk
CRED-01923,CUST-01923,693,On-Time,1,0.26,Medium Risk
CRED-01924,CUST-01924,653,Frequently Late,2,0.85,High Risk
CRED-01925,CUST-01925,724,On-Time,1,0.38,Medium Risk
CRED-01926,CUST-01926,769,On-Time,0,0.18,Low Risk
CRED-01927,CUST-01927,683,Occasional Late,1,0.41,Medium Risk
CRED-01928,CUST-01928,679,On-Time,0,0.45,Medium Risk
CRED-01929,CUST-01929,795,On-Time,0,0.09,Low Risk
CRED-01930,CUST-01930,649,Frequently Late,4,0.82,High Risk
CRED-01931,CUST-01931,778,On-Time,0,0.09,Low Risk
CRED-01932,CUST-01932,484,Default Risk,8,0.96,Very High Risk
CRED-01933,CUST-01933,739,On-Time,1,0.42,Medium Risk
CRED-01934,CUST-01934,753,On-Time,0,0.15,Low Risk
CRED-01935,CUST-01935,756,On-Time,0,0.15,Low Risk
CRED-01936,CUST-01936,765,On-Time,0,0.25,Low Risk
CRED-01937,CUST-01937,688,On-Time,1,0.42,Medium Risk
CRED-01938,CUST-01938,699,Occasional Late,0,0.27,Medium Risk
CRED-01939,CUST-01939,682,On-Time,1,0.31,Medium Risk
CRED-01940,CUST-01940,618,Occasional Late,4,0.61,High Risk
CRED-01941,CUST-01941,717,On-Time,0,0.45,Medium Risk
CRED-01942,CUST-01942,767,On-Time,0,0.24,Low Risk
CRED-01943,CUST-01943,646,Frequently Late,3,0.48,High Risk
CRED-01944,CUST-01944,727,On-Time,1,0.2,Medium Risk
CRED-01945,CUST-01945,576,Frequently Late,11,0.72,Very High Risk
CRED-01946,CUST-01946,542,Default Risk,6,0.86,Very High Risk
CRED-01947,CUST-01947,763,On-Time,0,0.05,Low Risk
CRED-01948,CUST-01948,673,Occasional Late,0,0.25,Medium Risk
CRED-01949,CUST-01949,530,Default Risk,4,0.99,Very High Risk
CRED-01950,CUST-01950,826,On-Time,0,0.11,Low Risk
CRED-01951,CUST-01951,778,On-Time,0,0.16,Low Risk
CRED-01952,CUST-01952,781,On-Time,0,0.17,Low Risk
CRED-01953,CUST-01953,686,On-Time,0,0.24,Medium Risk
CRED-01954,CUST-01954,772,On-Time,0,0.11,Low Risk
CRED-01955,CUST-01955,568,Default Risk,9,0.87,Very High Risk
CRED-01956,CUST-01956,722,On-Time,0,0.27,Medium Risk
CRED-01957,CUST-01957,782,On-Time,0,0.14,Low Risk
CRED-01958,CUST-01958,756,On-Time,0,0.1,Low Risk
CRED-01959,CUST-01959,665,Frequently Late,2,0.74,High Risk
CRED-01960,CUST-01960,730,On-Time,0,0.46,Medium Risk
CRED-01961,CUST-01961,609,Occasional Late,1,0.73,High Risk
CRED-01962,CUST-01962,746,On-Time,1,0.34,Medium Risk
CRED-01963,CUST-01963,615,Frequently Late,2,0.54,High Risk
CRED-01964,CUST-01964,724,On-Time,1,0.43,Medium Risk
CRED-01965,CUST-01965,693,On-Time,0,0.29,Medium Risk
CRED-01966,CUST-01966,599,Frequently Late,1,0.64,High Risk
CRED-01967,CUST-01967,513,Default Risk,10,0.96,Very High Risk
CRED-01968,CUST-01968,620,Occasional Late,4,0.64,High Risk
CRED-01969,CUST-01969,741,On-Time,0,0.41,Medium Risk
CRED-01970,CUST-01970,628,Occasional Late,3,0.84,High Risk
CRED-01971,CUST-01971,729,On-Time,2,0.47,Medium Risk
CRED-01972,CUST-01972,755,On-Time,0,0.21,Low Risk
CRED-01973,CUST-01973,768,On-Time,0,0.23,Low Risk
CRED-01974,CUST-01974,689,On-Time,0,0.4,Medium Risk
CRED-01975,CUST-01975,806,On-Time,0,0.08,Low Risk
CRED-01976,CUST-01976,750,On-Time,0,0.07,Low Risk
CRED-01977,CUST-01977,669,Occasional Late,2,0.8,High Risk
CRED-01978,CUST-01978,717,Occasional Late,0,0.47,Medium Risk
CRED-01979,CUST-01979,614,Frequently Late,4,0.46,High Risk
CRED-01980,CUST-01980,725,On-Time,0,0.35,Medium Risk
CRED-01981,CUST-01981,683,Occasional Late,1,0.36,Medium Risk
CRED-01982,CUST-01982,694,On-Time,2,0.44,Medium Risk
CRED-01983,CUST-01983,683,On-Time,0,0.3,Medium Risk
CRED-01984,CUST-01984,668,Occasional Late,2,0.7,High Risk
CRED-01985,CUST-01985,373,Frequently Late,11,0.84,Very High Risk
CRED-01986,CUST-01986,771,On-Time,0,0.09,Low Risk
CRED-01987,CUST-01987,500,Frequently Late,9,0.96,Very High Risk
CRED-01988,CUST-01988,712,On-Time,1,0.45,Medium Risk
CRED-01989,CUST-01989,645,Occasional Late,2,0.58,High Risk
CRED-01990,CUST-01990,683,On-Time,0,0.37,Medium Risk
CRED-01991,CUST-01991,689,On-Time,0,0.23,Medium Risk
CRED-01992,CUST-01992,749,On-Time,0,0.25,Medium Risk
CRED-01993,CUST-01993,732,Occasional Late,0,0.4,Medium Risk
CRED-01994,CUST-01994,713,On-Time,0,0.31,Medium Risk
CRED-01995,CUST-01995,706,On-Time,0,0.36,Medium Risk
CRED-01996,CUST-01996,705,Occasional Late,0,0.23,Medium Risk
CRED-01997,CUST-01997,625,Frequently Late,3,0.62,High Risk
CRED-01998,CUST-01998,716,On-Time,1,0.29,Medium Risk
CRED-01999,CUST-01999,631,Occasional Late,4,0.77,High Risk
CRED-02000,CUST-02000,657,Frequently Late,4,0.84,High Risk
CRED-02001,CUST-02001,655,Frequently Late,4,0.75,High Risk
CRED-02002,CUST-02002,798,On-Time,0,0.13,Low Risk
CRED-02003,CUST-02003,596,Frequently Late,3,0.7,High Risk
CRED-02004,CUST-02004,722,On-Time,0,0.27,Medium Risk
CRED-02005,CUST-02005,741,Occasional Late,2,0.29,Medium Risk
CRED-02006,CUST-02006,747,Occasional Late,2,0.36,Medium Risk
CRED-02007,CUST-02007,726,On-Time,0,0.39,Medium Risk
CRED-02008,CUST-02008,740,Occasional Late,0,0.24,Medium Risk
CRED-02009,CUST-02009,723,On-Time,0,0.37,Medium Risk
CRED-02010,CUST-02010,674,Occasional Late,0,0.34,Medium Risk
CRED-02011,CUST-02011,672,On-Time,0,0.44,Medium Risk
CRED-02012,CUST-02012,673,On-Time,0,0.23,Medium Risk
CRED-02013,CUST-02013,673,On-Time,0,0.31,Medium Risk
CRED-02014,CUST-02014,668,Occasional Late,4,0.68,High Risk
CRED-02015,CUST-02015,720,On-Time,0,0.26,Medium Risk
CRED-02016,CUST-02016,533,Frequently Late,10,0.96,Very High Risk
CRED-02017,CUST-02017,786,On-Time,0,0.06,Low Risk
CRED-02018,CUST-02018,735,On-Time,1,0.41,Medium Risk
CRED-02019,CUST-02019,727,On-Time,2,0.34,Medium Risk
CRED-02020,CUST-02020,511,Default Risk,5,0.78,Very High Risk
CRED-02021,CUST-02021,765,On-Time,0,0.19,Low Risk
CRED-02022,CUST-02022,692,Occasional Late,0,0.22,Medium Risk
CRED-02023,CUST-02023,720,On-Time,2,0.24,Medium Risk
CRED-02024,CUST-02024,667,Occasional Late,3,0.48,High Risk
CRED-02025,CUST-02025,672,On-Time,2,0.36,Medium Risk
CRED-02026,CUST-02026,715,Occasional Late,2,0.35,Medium Risk
CRED-02027,CUST-02027,504,Default Risk,7,0.98,Very High Risk
CRED-02028,CUST-02028,724,Occasional Late,1,0.26,Medium Risk
CRED-02029,CUST-02029,722,On-Time,1,0.22,Medium Risk
CRED-02030,CUST-02030,709,Occasional Late,2,0.34,Medium Risk
CRED-02031,CUST-02031,807,On-Time,0,0.19,Low Risk
CRED-02032,CUST-02032,705,On-Time,0,0.5,Medium Risk
CRED-02033,CUST-02033,680,On-Time,1,0.23,Medium Risk
CRED-02034,CUST-02034,737,On-Time,1,0.2,Medium Risk
CRED-02035,CUST-02035,710,Occasional Late,0,0.42,Medium Risk
CRED-02036,CUST-02036,671,Occasional Late,0,0.5,Medium Risk
CRED-02037,CUST-02037,737,On-Time,0,0.2,Medium Risk
CRED-02038,CUST-02038,753,On-Time,0,0.06,Low Risk
CRED-02039,CUST-02039,713,Occasional Late,2,0.34,Medium Risk
CRED-02040,CUST-02040,737,On-Time,0,0.2,Medium Risk
CRED-02041,CUST-02041,640,Frequently Late,3,0.6,High Risk
CRED-02042,CUST-02042,795,On-Time,0,0.23,Low Risk
CRED-02043,CUST-02043,696,On-Time,2,0.35,Medium Risk
CRED-02044,CUST-02044,685,Occasional Late,0,0.23,Medium Risk
CRED-02045,CUST-02045,657,Frequently Late,3,0.63,High Risk
CRED-02046,CUST-02046,738,On-Time,0,0.49,Medium Risk
CRED-02047,CUST-02047,607,Occasional Late,3,0.81,High Risk
CRED-02048,CUST-02048,817,On-Time,0,0.25,Low Risk
CRED-02049,CUST-02049,496,Frequently Late,4,0.8,Very High Risk
CRED-02050,CUST-02050,717,On-Time,0,0.28,Medium Risk
CRED-02051,CUST-02051,665,Occasional Late,1,0.49,High Risk
CRED-02052,CUST-02052,663,Occasional Late,2,0.65,High Risk
CRED-02053,CUST-02053,707,Occasional Late,2,0.35,Medium Risk
CRED-02054,CUST-02054,708,Occasional Late,0,0.31,Medium Risk
CRED-02055,CUST-02055,722,Occasional Late,0,0.37,Medium Risk
CRED-02056,CUST-02056,567,Default Risk,8,0.84,Very High Risk
CRED-02057,CUST-02057,728,On-Time,0,0.43,Medium Risk
CRED-02058,CUST-02058,793,On-Time,0,0.17,Low Risk
CRED-02059,CUST-02059,628,Occasional Late,3,0.5,High Risk
CRED-02060,CUST-02060,677,Occasional Late,2,0.29,Medium Risk
CRED-02061,CUST-02061,585,Occasional Late,1,0.62,High Risk
CRED-02062,CUST-02062,808,On-Time,0,0.09,Low Risk
CRED-02063,CUST-02063,733,On-Time,0,0.4,Medium Risk
CRED-02064,CUST-02064,701,Occasional Late,0,0.5,Medium Risk
CRED-02065,CUST-02065,774,On-Time,1,0.22,Low Risk
CRED-02066,CUST-02066,720,Occasional Late,2,0.3,Medium Risk
CRED-02067,CUST-02067,774,On-Time,0,0.05,Low Risk
CRED-02068,CUST-02068,823,On-Time,0,0.17,Low Risk
CRED-02069,CUST-02069,675,On-Time,0,0.25,Medium Risk
CRED-02070,CUST-02070,724,Occasional Late,0,0.33,Medium Risk
CRED-02071,CUST-02071,725,On-Time,0,0.35,Medium Risk
CRED-02072,CUST-02072,686,On-Time,0,0.23,Medium Risk
CRED-02073,CUST-02073,709,Occasional Late,0,0.24,Medium Risk
CRED-02074,CUST-02074,578,Default Risk,5,0.8,Very High Risk
CRED-02075,CUST-02075,699,Occasional Late,2,0.2,Medium Risk
CRED-02076,CUST-02076,772,On-Time,0,0.22,Low Risk
CRED-02077,CUST-02077,727,Occasional Late,0,0.4,Medium Risk
CRED-02078,CUST-02078,719,On-Time,0,0.44,Medium Risk
CRED-02079,CUST-02079,743,On-Time,1,0.4,Medium Risk
CRED-02080,CUST-02080,677,Occasional Late,0,0.22,Medium Risk
CRED-02081,CUST-02081,715,On-Time,1,0.44,Medium Risk
CRED-02082,CUST-02082,687,Occasional Late,0,0.37,Medium Risk
CRED-02083,CUST-02083,724,On-Time,2,0.47,Medium Risk
CRED-02084,CUST-02084,741,Occasional Late,2,0.21,Medium Risk
CRED-02085,CUST-02085,688,On-Time,0,0.42,Medium Risk
CRED-02086,CUST-02086,581,Occasional Late,1,0.61,High Risk
CRED-02087,CUST-02087,749,Occasional Late,1,0.34,Medium Risk
CRED-02088,CUST-02088,746,On-Time,1,0.44,Medium Risk
CRED-02089,CUST-02089,720,On-Time,0,0.34,Medium Risk
CRED-02090,CUST-02090,810,On-Time,1,0.18,Low Risk
CRED-02091,CUST-02091,728,On-Time,2,0.36,Medium Risk
CRED-02092,CUST-02092,733,Occasional Late,0,0.35,Medium Risk
CRED-02093,CUST-02093,665,Occasional Late,4,0.61,High Risk
CRED-02094,CUST-02094,772,On-Time,0,0.09,Low Risk
CRED-02095,CUST-02095,374,Default Risk,9,0.72,Very High Risk
CRED-02096,CUST-02096,492,Frequently Late,7,0.98,Very High Risk
CRED-02097,CUST-02097,724,On-Time,0,0.33,Medium Risk
CRED-02098,CUST-02098,713,On-Time,0,0.26,Medium Risk
CRED-02099,CUST-02099,711,On-Time,2,0.47,Medium Risk
CRED-02100,CUST-02100,684,On-Time,0,0.47,Medium Risk
CRED-02101,CUST-02101,702,On-Time,0,0.21,Medium Risk
CRED-02102,CUST-02102,785,On-Time,0,0.06,Low Risk
CRED-02103,CUST-02103,746,On-Time,1,0.32,Medium Risk
CRED-02104,CUST-02104,704,On-Time,0,0.26,Medium Risk
CRED-02105,CUST-02105,773,On-Time,0,0.2,Low Risk
CRED-02106,CUST-02106,579,Default Risk,11,0.97,Very High Risk
CRED-02107,CUST-02107,665,Frequently Late,4,0.49,High Risk
CRED-02108,CUST-02108,681,Occasional Late,0,0.23,Medium Risk
CRED-02109,CUST-02109,721,On-Time,2,0.25,Medium Risk
CRED-02110,CUST-02110,691,On-Time,2,0.25,Medium Risk
CRED-02111,CUST-02111,699,Occasional Late,1,0.2,Medium Risk
CRED-02112,CUST-02112,808,On-Time,0,0.2,Low Risk
CRED-02113,CUST-02113,728,On-Time,2,0.25,Medium Risk
CRED-02114,CUST-02114,713,On-Time,0,0.28,Medium Risk
CRED-02115,CUST-02115,756,On-Time,0,0.2,Low Risk
CRED-02116,CUST-02116,829,On-Time,0,0.12,Low Risk
CRED-02117,CUST-02117,746,On-Time,0,0.49,Medium Risk
CRED-02118,CUST-02118,765,On-Time,1,0.08,Low Risk
CRED-02119,CUST-02119,558,Default Risk,6,0.94,Very High Risk
CRED-02120,CUST-02120,741,Occasional Late,1,0.4,Medium Risk
CRED-02121,CUST-02121,694,Occasional Late,0,0.48,Medium Risk
CRED-02122,CUST-02122,741,Occasional Late,2,0.36,Medium Risk
CRED-02123,CUST-02123,737,Occasional Late,1,0.21,Medium Risk
CRED-02124,CUST-02124,705,Occasional Late,1,0.32,Medium Risk
CRED-02125,CUST-02125,721,Occasional Late,1,0.35,Medium Risk
CRED-02126,CUST-02126,716,On-Time,1,0.45,Medium Risk
CRED-02127,CUST-02127,747,On-Time,0,0.37,Medium Risk
CRED-02128,CUST-02128,526,Frequently Late,8,0.92,Very High Risk
CRED-02129,CUST-02129,533,Default Risk,5,0.76,Very High Risk
CRED-02130,CUST-02130,732,Occasional Late,0,0.22,Medium Risk
CRED-02131,CUST-02131,631,Occasional Late,4,0.8,High Risk
CRED-02132,CUST-02132,785,On-Time,0,0.14,Low Risk
CRED-02133,CUST-02133,776,On-Time,0,0.07,Low Risk
CRED-02134,CUST-02134,698,On-Time,0,0.31,Medium Risk
CRED-02135,CUST-02135,609,Frequently Late,4,0.64,High Risk
CRED-02136,CUST-02136,794,On-Time,0,0.13,Low Risk
CRED-02137,CUST-02137,777,On-Time,0,0.24,Low Risk
CRED-02138,CUST-02138,740,On-Time,0,0.29,Medium Risk
CRED-02139,CUST-02139,693,On-Time,0,0.29,Medium Risk
CRED-02140,CUST-02140,651,Frequently Late,2,0.6,High Risk
CRED-02141,CUST-02141,708,On-Time,0,0.25,Medium Risk
CRED-02142,CUST-02142,742,On-Time,0,0.25,Medium Risk
CRED-02143,CUST-02143,733,Occasional Late,1,0.45,Medium Risk
CRED-02144,CUST-02144,586,Frequently Late,3,0.56,High Risk
CRED-02145,CUST-02145,646,Occasional Late,3,0.68,High Risk
CRED-02146,CUST-02146,663,Frequently Late,2,0.7,High Risk
CRED-02147,CUST-02147,736,Occasional Late,1,0.38,Medium Risk
CRED-02148,CUST-02148,650,Occasional Late,2,0.63,High Risk
CRED-02149,CUST-02149,597,Occasional Late,2,0.53,High Risk
CRED-02150,CUST-02150,692,On-Time,0,0.32,Medium Risk
CRED-02151,CUST-02151,782,On-Time,0,0.22,Low Risk
CRED-02152,CUST-02152,499,Frequently Late,5,0.86,Very High Risk
CRED-02153,CUST-02153,750,On-Time,0,0.19,Low Risk
CRED-02154,CUST-02154,684,On-Time,1,0.21,Medium Risk
CRED-02155,CUST-02155,697,On-Time,0,0.24,Medium Risk
CRED-02156,CUST-02156,775,On-Time,0,0.11,Low Risk
CRED-02157,CUST-02157,738,On-Time,0,0.36,Medium Risk
CRED-02158,CUST-02158,634,Frequently Late,1,0.8,High Risk
CRED-02159,CUST-02159,661,Frequently Late,3,0.79,High Risk
CRED-02160,CUST-02160,764,On-Time,0,0.18,Low Risk
CRED-02161,CUST-02161,804,On-Time,0,0.05,Low Risk
CRED-02162,CUST-02162,571,Default Risk,5,0.86,Very High Risk
CRED-02163,CUST-02163,664,Frequently Late,2,0.81,High Risk
CRED-02164,CUST-02164,733,Occasional Late,1,0.46,Medium Risk
CRED-02165,CUST-02165,614,Frequently Late,2,0.6,High Risk
CRED-02166,CUST-02166,730,On-Time,0,0.25,Medium Risk
CRED-02167,CUST-02167,740,On-Time,0,0.47,Medium Risk
CRED-02168,CUST-02168,642,Occasional Late,3,0.65,High Risk
CRED-02169,CUST-02169,633,Occasional Late,3,0.85,High Risk
CRED-02170,CUST-02170,704,Occasional Late,1,0.44,Medium Risk
CRED-02171,CUST-02171,668,Occasional Late,2,0.48,High Risk
CRED-02172,CUST-02172,713,On-Time,0,0.34,Medium Risk
CRED-02173,CUST-02173,612,Frequently Late,2,0.51,High Risk
CRED-02174,CUST-02174,796,On-Time,0,0.18,Low Risk
CRED-02175,CUST-02175,662,Occasional Late,4,0.76,High Risk
CRED-02176,CUST-02176,633,Occasional Late,2,0.49,High Risk
CRED-02177,CUST-02177,658,Frequently Late,3,0.85,High Risk
CRED-02178,CUST-02178,611,Occasional Late,4,0.48,High Risk
CRED-02179,CUST-02179,489,Frequently Late,7,0.97,Very High Risk
CRED-02180,CUST-02180,684,On-Time,1,0.29,Medium Risk
CRED-02181,CUST-02181,741,On-Time,0,0.33,Medium Risk
CRED-02182,CUST-02182,756,On-Time,0,0.19,Low Risk
CRED-02183,CUST-02183,763,On-Time,0,0.16,Low Risk
CRED-02184,CUST-02184,623,Frequently Late,1,0.76,High Risk
CRED-02185,CUST-02185,525,Default Risk,7,0.85,Very High Risk
CRED-02186,CUST-02186,600,Frequently Late,4,0.75,High Risk
CRED-02187,CUST-02187,736,On-Time,0,0.23,Medium Risk
CRED-02188,CUST-02188,443,Default Risk,5,0.91,Very High Risk
CRED-02189,CUST-02189,651,Frequently Late,4,0.48,High Risk
CRED-02190,CUST-02190,661,Occasional Late,4,0.78,High Risk
CRED-02191,CUST-02191,676,Occasional Late,1,0.22,Medium Risk
CRED-02192,CUST-02192,675,On-Time,0,0.22,Medium Risk
CRED-02193,CUST-02193,747,On-Time,0,0.43,Medium Risk
CRED-02194,CUST-02194,727,On-Time,0,0.27,Medium Risk
CRED-02195,CUST-02195,661,Occasional Late,1,0.72,High Risk
CRED-02196,CUST-02196,604,Frequently Late,3,0.48,High Risk
CRED-02197,CUST-02197,705,On-Time,2,0.29,Medium Risk
CRED-02198,CUST-02198,691,On-Time,0,0.49,Medium Risk
CRED-02199,CUST-02199,714,On-Time,0,0.44,Medium Risk
CRED-02200,CUST-02200,590,Occasional Late,2,0.81,High Risk
CRED-02201,CUST-02201,690,On-Time,0,0.46,Medium Risk
CRED-02202,CUST-02202,719,On-Time,1,0.48,Medium Risk
CRED-02203,CUST-02203,794,On-Time,0,0.13,Low Risk
CRED-02204,CUST-02204,741,On-Time,0,0.26,Medium Risk
CRED-02205,CUST-02205,717,On-Time,1,0.5,Medium Risk
CRED-02206,CUST-02206,751,On-Time,0,0.12,Low Risk
CRED-02207,CUST-02207,785,On-Time,0,0.09,Low Risk
CRED-02208,CUST-02208,481,Default Risk,11,0.76,Very High Risk
CRED-02209,CUST-02209,680,On-Time,0,0.44,Medium Risk
CRED-02210,CUST-02210,685,On-Time,0,0.29,Medium Risk
CRED-02211,CUST-02211,622,Occasional Late,3,0.76,High Risk
CRED-02212,CUST-02212,760,On-Time,0,0.16,Low Risk
CRED-02213,CUST-02213,633,Frequently Late,3,0.74,High Risk
CRED-02214,CUST-02214,776,On-Time,0,0.09,Low Risk
CRED-02215,CUST-02215,521,Frequently Late,8,0.71,Very High Risk
CRED-02216,CUST-02216,463,Default Risk,7,0.97,Very High Risk
CRED-02217,CUST-02217,719,Occasional Late,0,0.34,Medium Risk
CRED-02218,CUST-02218,572,Frequently Late,9,0.9,Very High Risk
CRED-02219,CUST-02219,831,On-Time,0,0.19,Low Risk
CRED-02220,CUST-02220,686,On-Time,1,0.3,Medium Risk
CRED-02221,CUST-02221,714,On-Time,2,0.33,Medium Risk
CRED-02222,CUST-02222,744,On-Time,1,0.32,Medium Risk
CRED-02223,CUST-02223,431,Frequently Late,11,0.88,Very High Risk
CRED-02224,CUST-02224,586,Occasional Late,3,0.67,High Risk
CRED-02225,CUST-02225,748,Occasional Late,1,0.43,Medium Risk
CRED-02226,CUST-02226,651,Frequently Late,1,0.68,High Risk
CRED-02227,CUST-02227,713,Occasional Late,2,0.34,Medium Risk
CRED-02228,CUST-02228,635,Frequently Late,1,0.64,High Risk
CRED-02229,CUST-02229,738,On-Time,0,0.49,Medium Risk
CRED-02230,CUST-02230,697,On-Time,0,0.38,Medium Risk
CRED-02231,CUST-02231,764,On-Time,0,0.17,Low Risk
CRED-02232,CUST-02232,789,On-Time,0,0.22,Low Risk
CRED-02233,CUST-02233,659,Frequently Late,1,0.61,High Risk
CRED-02234,CUST-02234,708,On-Time,0,0.41,Medium Risk
CRED-02235,CUST-02235,679,Occasional Late,0,0.46,Medium Risk
CRED-02236,CUST-02236,695,Occasional Late,2,0.41,Medium Risk
CRED-02237,CUST-02237,708,On-Time,0,0.27,Medium Risk
CRED-02238,CUST-02238,744,On-Time,2,0.35,Medium Risk
CRED-02239,CUST-02239,745,On-Time,0,0.37,Medium Risk
CRED-02240,CUST-02240,667,Frequently Late,3,0.55,High Risk
CRED-02241,CUST-02241,768,On-Time,0,0.05,Low Risk
CRED-02242,CUST-02242,712,On-Time,0,0.27,Medium Risk
CRED-02243,CUST-02243,603,Frequently Late,1,0.84,High Risk
CRED-02244,CUST-02244,641,Occasional Late,4,0.55,High Risk
CRED-02245,CUST-02245,536,Default Risk,6,0.94,Very High Risk
CRED-02246,CUST-02246,728,On-Time,0,0.43,Medium Risk
CRED-02247,CUST-02247,795,On-Time,0,0.21,Low Risk
CRED-02248,CUST-02248,669,Frequently Late,4,0.59,High Risk
CRED-02249,CUST-02249,714,On-Time,0,0.45,Medium Risk
CRED-02250,CUST-02250,693,Occasional Late,0,0.31,Medium Risk
CRED-02251,CUST-02251,673,On-Time,0,0.41,Medium Risk
CRED-02252,CUST-02252,671,Occasional Late,0,0.25,Medium Risk
CRED-02253,CUST-02253,734,On-Time,1,0.24,Medium Risk
CRED-02254,CUST-02254,552,Frequently Late,8,0.89,Very High Risk
CRED-02255,CUST-02255,737,On-Time,1,0.22,Medium Risk
CRED-02256,CUST-02256,694,Occasional Late,0,0.22,Medium Risk
CRED-02257,CUST-02257,693,Occasional Late,2,0.23,Medium Risk
CRED-02258,CUST-02258,755,On-Time,0,0.16,Low Risk
CRED-02259,CUST-02259,696,Occasional Late,0,0.28,Medium Risk
CRED-02260,CUST-02260,762,On-Time,0,0.2,Low Risk
CRED-02261,CUST-02261,712,On-Time,0,0.47,Medium Risk
CRED-02262,CUST-02262,694,On-Time,2,0.21,Medium Risk
CRED-02263,CUST-02263,785,On-Time,0,0.07,Low Risk
CRED-02264,CUST-02264,749,On-Time,0,0.31,Medium Risk
CRED-02265,CUST-02265,705,On-Time,1,0.45,Medium Risk
CRED-02266,CUST-02266,662,Frequently Late,4,0.69,High Risk
CRED-02267,CUST-02267,663,Frequently Late,3,0.78,High Risk
CRED-02268,CUST-02268,553,Default Risk,7,0.73,Very High Risk
CRED-02269,CUST-02269,593,Occasional Late,2,0.64,High Risk
CRED-02270,CUST-02270,656,Frequently Late,4,0.66,High Risk
CRED-02271,CUST-02271,563,Frequently Late,4,0.72,Very High Risk
CRED-02272,CUST-02272,642,Frequently Late,2,0.62,High Risk
CRED-02273,CUST-02273,639,Frequently Late,2,0.85,High Risk
CRED-02274,CUST-02274,650,Occasional Late,3,0.63,High Risk
CRED-02275,CUST-02275,699,Occasional Late,0,0.28,Medium Risk
CRED-02276,CUST-02276,621,Frequently Late,3,0.83,High Risk
CRED-02277,CUST-02277,686,On-Time,0,0.36,Medium Risk
CRED-02278,CUST-02278,719,Occasional Late,0,0.42,Medium Risk
CRED-02279,CUST-02279,763,On-Time,0,0.24,Low Risk
CRED-02280,CUST-02280,757,On-Time,0,0.24,Low Risk
CRED-02281,CUST-02281,678,On-Time,0,0.49,Medium Risk
CRED-02282,CUST-02282,733,On-Time,0,0.31,Medium Risk
CRED-02283,CUST-02283,593,Frequently Late,3,0.83,High Risk
CRED-02284,CUST-02284,678,On-Time,0,0.24,Medium Risk
CRED-02285,CUST-02285,723,On-Time,0,0.26,Medium Risk
CRED-02286,CUST-02286,736,Occasional Late,0,0.31,Medium Risk
CRED-02287,CUST-02287,811,On-Time,0,0.08,Low Risk
CRED-02288,CUST-02288,805,On-Time,0,0.17,Low Risk
CRED-02289,CUST-02289,728,Occasional Late,0,0.47,Medium Risk
CRED-02290,CUST-02290,702,Occasional Late,0,0.25,Medium Risk
CRED-02291,CUST-02291,733,On-Time,2,0.36,Medium Risk
CRED-02292,CUST-02292,749,On-Time,0,0.25,Medium Risk
CRED-02293,CUST-02293,754,On-Time,0,0.11,Low Risk
CRED-02294,CUST-02294,713,Occasional Late,1,0.45,Medium Risk
CRED-02295,CUST-02295,717,On-Time,1,0.24,Medium Risk
CRED-02296,CUST-02296,704,On-Time,0,0.45,Medium Risk
CRED-02297,CUST-02297,653,Occasional Late,1,0.7,High Risk
CRED-02298,CUST-02298,686,On-Time,1,0.4,Medium Risk
CRED-02299,CUST-02299,729,Occasional Late,0,0.26,Medium Risk
CRED-02300,CUST-02300,737,Occasional Late,1,0.27,Medium Risk
CRED-02301,CUST-02301,634,Occasional Late,3,0.48,High Risk
CRED-02302,CUST-02302,693,On-Time,0,0.32,Medium Risk
CRED-02303,CUST-02303,775,On-Time,1,0.05,Low Risk
CRED-02304,CUST-02304,608,Occasional Late,4,0.56,High Risk
CRED-02305,CUST-02305,728,On-Time,0,0.29,Medium Risk
CRED-02306,CUST-02306,738,Occasional Late,0,0.26,Medium Risk
CRED-02307,CUST-02307,679,On-Time,2,0.46,Medium Risk
CRED-02308,CUST-02308,738,On-Time,0,0.23,Medium Risk
CRED-02309,CUST-02309,748,On-Time,1,0.4,Medium Risk
CRED-02310,CUST-02310,618,Frequently Late,1,0.73,High Risk
CRED-02311,CUST-02311,716,Occasional Late,1,0.42,Medium Risk
CRED-02312,CUST-02312,694,Occasional Late,0,0.39,Medium Risk
CRED-02313,CUST-02313,820,On-Time,0,0.05,Low Risk
CRED-02314,CUST-02314,500,Frequently Late,8,0.97,Very High Risk
CRED-02315,CUST-02315,559,Default Risk,5,0.71,Very High Risk
CRED-02316,CUST-02316,660,Occasional Late,3,0.79,High Risk
CRED-02317,CUST-02317,724,On-Time,0,0.27,Medium Risk
CRED-02318,CUST-02318,731,On-Time,1,0.34,Medium Risk
CRED-02319,CUST-02319,672,On-Time,0,0.24,Medium Risk
CRED-02320,CUST-02320,586,Frequently Late,1,0.68,High Risk
CRED-02321,CUST-02321,686,On-Time,2,0.26,Medium Risk
CRED-02322,CUST-02322,699,On-Time,0,0.48,Medium Risk
CRED-02323,CUST-02323,724,On-Time,2,0.25,Medium Risk
CRED-02324,CUST-02324,666,Occasional Late,4,0.6,High Risk
CRED-02325,CUST-02325,753,On-Time,0,0.1,Low Risk
CRED-02326,CUST-02326,520,Default Risk,6,0.78,Very High Risk
CRED-02327,CUST-02327,710,Occasional Late,2,0.39,Medium Risk
CRED-02328,CUST-02328,581,Occasional Late,2,0.65,High Risk
CRED-02329,CUST-02329,701,On-Time,0,0.27,Medium Risk
CRED-02330,CUST-02330,752,On-Time,0,0.22,Low Risk
CRED-02331,CUST-02331,551,Default Risk,5,0.73,Very High Risk
CRED-02332,CUST-02332,641,Occasional Late,4,0.57,High Risk
CRED-02333,CUST-02333,682,On-Time,2,0.32,Medium Risk
CRED-02334,CUST-02334,679,On-Time,0,0.28,Medium Risk
CRED-02335,CUST-02335,723,On-Time,0,0.24,Medium Risk
CRED-02336,CUST-02336,733,On-Time,2,0.3,Medium Risk
CRED-02337,CUST-02337,748,On-Time,0,0.24,Medium Risk
CRED-02338,CUST-02338,718,On-Time,1,0.48,Medium Risk
CRED-02339,CUST-02339,595,Frequently Late,4,0.48,High Risk
CRED-02340,CUST-02340,640,Occasional Late,2,0.57,High Risk
CRED-02341,CUST-02341,721,Occasional Late,1,0.47,Medium Risk
CRED-02342,CUST-02342,584,Frequently Late,1,0.71,High Risk
CRED-02343,CUST-02343,665,Frequently Late,1,0.5,High Risk
CRED-02344,CUST-02344,716,On-Time,1,0.45,Medium Risk
CRED-02345,CUST-02345,743,Occasional Late,0,0.38,Medium Risk
CRED-02346,CUST-02346,730,Occasional Late,2,0.38,Medium Risk
CRED-02347,CUST-02347,678,Occasional Late,0,0.4,Medium Risk
CRED-02348,CUST-02348,486,Frequently Late,6,0.82,Very High Risk
CRED-02349,CUST-02349,712,On-Time,0,0.38,Medium Risk
CRED-02350,CUST-02350,536,Frequently Late,8,0.88,Very High Risk
CRED-02351,CUST-02351,698,On-Time,0,0.28,Medium Risk
CRED-02352,CUST-02352,612,Frequently Late,1,0.58,High Risk
CRED-02353,CUST-02353,697,On-Time,1,0.27,Medium Risk
CRED-02354,CUST-02354,825,On-Time,0,0.15,Low Risk
CRED-02355,CUST-02355,770,On-Time,0,0.2,Low Risk
CRED-02356,CUST-02356,665,Frequently Late,3,0.67,High Risk
CRED-02357,CUST-02357,756,On-Time,0,0.11,Low Risk
CRED-02358,CUST-02358,606,Frequently Late,3,0.6,High Risk
CRED-02359,CUST-02359,773,On-Time,1,0.09,Low Risk
CRED-02360,CUST-02360,685,On-Time,0,0.48,Medium Risk
CRED-02361,CUST-02361,629,Occasional Late,2,0.54,High Risk
CRED-02362,CUST-02362,723,On-Time,1,0.29,Medium Risk
CRED-02363,CUST-02363,696,On-Time,0,0.26,Medium Risk
CRED-02364,CUST-02364,677,On-Time,0,0.45,Medium Risk
CRED-02365,CUST-02365,735,On-Time,1,0.28,Medium Risk
CRED-02366,CUST-02366,681,Occasional Late,0,0.41,Medium Risk
CRED-02367,CUST-02367,748,On-Time,0,0.41,Medium Risk
CRED-02368,CUST-02368,647,Frequently Late,4,0.65,High Risk
CRED-02369,CUST-02369,743,Occasional Late,0,0.23,Medium Risk
CRED-02370,CUST-02370,730,On-Time,0,0.22,Medium Risk
CRED-02371,CUST-02371,745,Occasional Late,0,0.45,Medium Risk
CRED-02372,CUST-02372,747,On-Time,0,0.49,Medium Risk
CRED-02373,CUST-02373,669,Occasional Late,1,0.63,High Risk
CRED-02374,CUST-02374,751,On-Time,0,0.09,Low Risk
CRED-02375,CUST-02375,774,On-Time,0,0.16,Low Risk
CRED-02376,CUST-02376,688,On-Time,1,0.3,Medium Risk
CRED-02377,CUST-02377,732,On-Time,0,0.41,Medium Risk
CRED-02378,CUST-02378,753,On-Time,0,0.15,Low Risk
CRED-02379,CUST-02379,571,Default Risk,10,0.98,Very High Risk
CRED-02380,CUST-02380,702,Occasional Late,0,0.3,Medium Risk
CRED-02381,CUST-02381,676,On-Time,0,0.41,Medium Risk
CRED-02382,CUST-02382,705,On-Time,0,0.23,Medium Risk
CRED-02383,CUST-02383,726,On-Time,0,0.44,Medium Risk
CRED-02384,CUST-02384,765,On-Time,0,0.11,Low Risk
CRED-02385,CUST-02385,672,On-Time,0,0.35,Medium Risk
CRED-02386,CUST-02386,695,On-Time,0,0.2,Medium Risk
CRED-02387,CUST-02387,660,Frequently Late,1,0.64,High Risk
CRED-02388,CUST-02388,648,Occasional Late,4,0.48,High Risk
CRED-02389,CUST-02389,649,Occasional Late,3,0.46,High Risk
CRED-02390,CUST-02390,698,On-Time,2,0.47,Medium Risk
CRED-02391,CUST-02391,679,Occasional Late,0,0.44,Medium Risk
CRED-02392,CUST-02392,759,On-Time,0,0.13,Low Risk
CRED-02393,CUST-02393,650,Occasional Late,3,0.64,High Risk
CRED-02394,CUST-02394,693,Occasional Late,0,0.24,Medium Risk
CRED-02395,CUST-02395,647,Frequently Late,3,0.61,High Risk
CRED-02396,CUST-02396,647,Occasional Late,3,0.6,High Risk
CRED-02397,CUST-02397,746,On-Time,1,0.38,Medium Risk
CRED-02398,CUST-02398,798,On-Time,0,0.06,Low Risk
CRED-02399,CUST-02399,586,Occasional Late,2,0.46,High Risk
CRED-02400,CUST-02400,643,Occasional Late,3,0.67,High Risk
CRED-02401,CUST-02401,745,On-Time,0,0.27,Medium Risk
CRED-02402,CUST-02402,704,Occasional Late,0,0.38,Medium Risk
CRED-02403,CUST-02403,611,Frequently Late,3,0.81,High Risk
CRED-02404,CUST-02404,657,Frequently Late,2,0.57,High Risk
CRED-02405,CUST-02405,664,Frequently Late,1,0.49,High Risk
CRED-02406,CUST-02406,707,Occasional Late,0,0.25,Medium Risk
CRED-02407,CUST-02407,582,Occasional Late,1,0.69,High Risk
CRED-02408,CUST-02408,647,Occasional Late,3,0.73,High Risk
CRED-02409,CUST-02409,656,Frequently Late,1,0.82,High Risk
CRED-02410,CUST-02410,708,On-Time,0,0.27,Medium Risk
CRED-02411,CUST-02411,658,Frequently Late,2,0.66,High Risk
CRED-02412,CUST-02412,695,Occasional Late,1,0.38,Medium Risk
CRED-02413,CUST-02413,684,Occasional Late,1,0.33,Medium Risk
CRED-02414,CUST-02414,696,On-Time,0,0.34,Medium Risk
CRED-02415,CUST-02415,698,Occasional Late,0,0.36,Medium Risk
CRED-02416,CUST-02416,653,Occasional Late,4,0.47,High Risk
CRED-02417,CUST-02417,725,On-Time,2,0.2,Medium Risk
CRED-02418,CUST-02418,635,Occasional Late,4,0.69,High Risk
CRED-02419,CUST-02419,690,On-Time,1,0.43,Medium Risk
CRED-02420,CUST-02420,660,Occasional Late,2,0.72,High Risk
CRED-02421,CUST-02421,705,On-Time,0,0.49,Medium Risk
CRED-02422,CUST-02422,745,On-Time,0,0.32,Medium Risk
CRED-02423,CUST-02423,688,On-Time,0,0.37,Medium Risk
CRED-02424,CUST-02424,666,Occasional Late,3,0.53,High Risk
CRED-02425,CUST-02425,733,Occasional Late,0,0.37,Medium Risk
CRED-02426,CUST-02426,768,On-Time,0,0.15,Low Risk
CRED-02427,CUST-02427,806,On-Time,0,0.06,Low Risk
CRED-02428,CUST-02428,716,On-Time,0,0.48,Medium Risk
CRED-02429,CUST-02429,717,On-Time,2,0.29,Medium Risk
CRED-02430,CUST-02430,554,Default Risk,5,0.8,Very High Risk
CRED-02431,CUST-02431,674,On-Time,0,0.36,Medium Risk
CRED-02432,CUST-02432,672,On-Time,1,0.37,Medium Risk
CRED-02433,CUST-02433,757,On-Time,0,0.13,Low Risk
CRED-02434,CUST-02434,627,Occasional Late,2,0.78,High Risk
CRED-02435,CUST-02435,786,On-Time,1,0.06,Low Risk
CRED-02436,CUST-02436,706,On-Time,1,0.21,Medium Risk
CRED-02437,CUST-02437,825,On-Time,0,0.15,Low Risk
CRED-02438,CUST-02438,652,Occasional Late,2,0.65,High Risk
CRED-02439,CUST-02439,727,Occasional Late,0,0.31,Medium Risk
CRED-02440,CUST-02440,640,Frequently Late,4,0.85,High Risk
CRED-02441,CUST-02441,698,On-Time,0,0.34,Medium Risk
CRED-02442,CUST-02442,672,On-Time,1,0.22,Medium Risk
CRED-02443,CUST-02443,732,On-Time,2,0.27,Medium Risk
CRED-02444,CUST-02444,783,On-Time,0,0.1,Low Risk
CRED-02445,CUST-02445,498,Default Risk,7,0.74,Very High Risk
CRED-02446,CUST-02446,735,On-Time,2,0.41,Medium Risk
CRED-02447,CUST-02447,738,Occasional Late,0,0.49,Medium Risk
CRED-02448,CUST-02448,843,On-Time,0,0.22,Low Risk
CRED-02449,CUST-02449,728,On-Time,0,0.33,Medium Risk
CRED-02450,CUST-02450,706,On-Time,0,0.46,Medium Risk
CRED-02451,CUST-02451,763,On-Time,0,0.24,Low Risk
CRED-02452,CUST-02452,791,On-Time,0,0.22,Low Risk
CRED-02453,CUST-02453,736,On-Time,0,0.31,Medium Risk
CRED-02454,CUST-02454,471,Default Risk,8,0.89,Very High Risk
CRED-02455,CUST-02455,754,On-Time,0,0.21,Low Risk
CRED-02456,CUST-02456,722,On-Time,0,0.46,Medium Risk
CRED-02457,CUST-02457,661,Occasional Late,1,0.75,High Risk
CRED-02458,CUST-02458,734,On-Time,0,0.31,Medium Risk
CRED-02459,CUST-02459,685,On-Time,0,0.37,Medium Risk
CRED-02460,CUST-02460,763,On-Time,0,0.24,Low Risk
CRED-02461,CUST-02461,685,Occasional Late,1,0.28,Medium Risk
CRED-02462,CUST-02462,735,On-Time,0,0.31,Medium Risk
CRED-02463,CUST-02463,785,On-Time,0,0.11,Low Risk
CRED-02464,CUST-02464,677,On-Time,0,0.31,Medium Risk
CRED-02465,CUST-02465,692,On-Time,0,0.46,Medium Risk
CRED-02466,CUST-02466,727,On-Time,0,0.47,Medium Risk
CRED-02467,CUST-02467,550,Frequently Late,7,0.99,Very High Risk
CRED-02468,CUST-02468,568,Default Risk,7,0.96,Very High Risk
CRED-02469,CUST-02469,686,On-Time,0,0.42,Medium Risk
CRED-02470,CUST-02470,625,Frequently Late,3,0.46,High Risk
CRED-02471,CUST-02471,689,On-Time,0,0.22,Medium Risk
CRED-02472,CUST-02472,657,Occasional Late,2,0.85,High Risk
CRED-02473,CUST-02473,725,On-Time,0,0.38,Medium Risk
CRED-02474,CUST-02474,756,On-Time,0,0.14,Low Risk
CRED-02475,CUST-02475,743,Occasional Late,1,0.34,Medium Risk
CRED-02476,CUST-02476,740,Occasional Late,0,0.37,Medium Risk
CRED-02477,CUST-02477,605,Occasional Late,1,0.67,High Risk
CRED-02478,CUST-02478,704,Occasional Late,0,0.48,Medium Risk
CRED-02479,CUST-02479,754,On-Time,0,0.18,Low Risk
CRED-02480,CUST-02480,706,Occasional Late,1,0.32,Medium Risk
CRED-02481,CUST-02481,743,On-Time,0,0.28,Medium Risk
CRED-02482,CUST-02482,741,On-Time,0,0.47,Medium Risk
CRED-02483,CUST-02483,685,On-Time,0,0.33,Medium Risk
CRED-02484,CUST-02484,780,On-Time,0,0.15,Low Risk
CRED-02485,CUST-02485,490,Frequently Late,9,0.98,Very High Risk
CRED-02486,CUST-02486,757,On-Time,0,0.22,Low Risk
CRED-02487,CUST-02487,720,On-Time,0,0.22,Medium Risk
CRED-02488,CUST-02488,642,Occasional Late,2,0.67,High Risk
CRED-02489,CUST-02489,692,On-Time,0,0.22,Medium Risk
CRED-02490,CUST-02490,631,Frequently Late,3,0.81,High Risk
CRED-02491,CUST-02491,683,On-Time,2,0.39,Medium Risk
CRED-02492,CUST-02492,728,Occasional Late,0,0.23,Medium Risk
CRED-02493,CUST-02493,710,Occasional Late,0,0.32,Medium Risk
CRED-02494,CUST-02494,707,On-Time,2,0.34,Medium Risk
CRED-02495,CUST-02495,703,Occasional Late,0,0.29,Medium Risk
CRED-02496,CUST-02496,662,Frequently Late,3,0.74,High Risk
CRED-02497,CUST-02497,794,On-Time,0,0.07,Low Risk
CRED-02498,CUST-02498,718,On-Time,1,0.43,Medium Risk
CRED-02499,CUST-02499,764,On-Time,0,0.12,Low Risk
CRED-02500,CUST-02500,693,On-Time,0,0.21,Medium Risk
CRED-02501,CUST-02501,767,On-Time,0,0.06,Low Risk
CRED-02502,CUST-02502,481,Default Risk,11,0.99,Very High Risk
CRED-02503,CUST-02503,685,On-Time,2,0.24,Medium Risk
CRED-02504,CUST-02504,666,Occasional Late,3,0.58,High Risk
CRED-02505,CUST-02505,698,On-Time,0,0.26,Medium Risk
CRED-02506,CUST-02506,794,On-Time,0,0.25,Low Risk
CRED-02507,CUST-02507,749,On-Time,0,0.48,Medium Risk
CRED-02508,CUST-02508,723,On-Time,0,0.39,Medium Risk
CRED-02509,CUST-02509,679,On-Time,1,0.25,Medium Risk
CRED-02510,CUST-02510,678,Occasional Late,0,0.37,Medium Risk
CRED-02511,CUST-02511,705,Occasional Late,0,0.34,Medium Risk
CRED-02512,CUST-02512,715,On-Time,0,0.46,Medium Risk
CRED-02513,CUST-02513,720,Occasional Late,1,0.49,Medium Risk
CRED-02514,CUST-02514,491,Default Risk,4,0.94,Very High Risk
CRED-02515,CUST-02515,654,Frequently Late,2,0.48,High Risk
CRED-02516,CUST-02516,751,On-Time,0,0.06,Low Risk
CRED-02517,CUST-02517,545,Default Risk,10,0.86,Very High Risk
CRED-02518,CUST-02518,747,On-Time,1,0.49,Medium Risk
CRED-02519,CUST-02519,663,Occasional Late,1,0.51,High Risk
CRED-02520,CUST-02520,697,Occasional Late,2,0.27,Medium Risk
CRED-02521,CUST-02521,640,Occasional Late,3,0.47,High Risk
CRED-02522,CUST-02522,675,On-Time,0,0.29,Medium Risk
CRED-02523,CUST-02523,704,On-Time,0,0.35,Medium Risk
CRED-02524,CUST-02524,673,On-Time,0,0.29,Medium Risk
CRED-02525,CUST-02525,709,Occasional Late,0,0.21,Medium Risk
CRED-02526,CUST-02526,730,Occasional Late,0,0.43,Medium Risk
CRED-02527,CUST-02527,718,On-Time,0,0.33,Medium Risk
CRED-02528,CUST-02528,783,On-Time,0,0.12,Low Risk
CRED-02529,CUST-02529,626,Occasional Late,4,0.47,High Risk
CRED-02530,CUST-02530,781,On-Time,0,0.23,Low Risk
CRED-02531,CUST-02531,726,On-Time,0,0.35,Medium Risk
CRED-02532,CUST-02532,722,On-Time,0,0.28,Medium Risk
CRED-02533,CUST-02533,697,On-Time,0,0.48,Medium Risk
CRED-02534,CUST-02534,748,On-Time,1,0.46,Medium Risk
CRED-02535,CUST-02535,715,Occasional Late,0,0.48,Medium Risk
CRED-02536,CUST-02536,702,Occasional Late,0,0.47,Medium Risk
CRED-02537,CUST-02537,703,On-Time,0,0.41,Medium Risk
CRED-02538,CUST-02538,657,Frequently Late,3,0.56,High Risk
CRED-02539,CUST-02539,540,Frequently Late,4,0.93,Very High Risk
CRED-02540,CUST-02540,707,On-Time,0,0.48,Medium Risk
CRED-02541,CUST-02541,697,Occasional Late,1,0.4,Medium Risk
CRED-02542,CUST-02542,628,Occasional Late,1,0.79,High Risk
CRED-02543,CUST-02543,736,On-Time,0,0.36,Medium Risk
CRED-02544,CUST-02544,737,On-Time,2,0.39,Medium Risk
CRED-02545,CUST-02545,692,On-Time,0,0.27,Medium Risk
CRED-02546,CUST-02546,718,On-Time,1,0.34,Medium Risk
CRED-02547,CUST-02547,703,On-Time,1,0.37,Medium Risk
CRED-02548,CUST-02548,714,On-Time,0,0.47,Medium Risk
CRED-02549,CUST-02549,685,On-Time,0,0.43,Medium Risk
CRED-02550,CUST-02550,775,On-Time,0,0.2,Low Risk
CRED-02551,CUST-02551,739,Occasional Late,1,0.2,Medium Risk
CRED-02552,CUST-02552,782,On-Time,0,0.22,Low Risk
CRED-02553,CUST-02553,480,Frequently Late,11,0.87,Very High Risk
CRED-02554,CUST-02554,523,Default Risk,11,0.88,Very High Risk
CRED-02555,CUST-02555,714,On-Time,1,0.45,Medium Risk
CRED-02556,CUST-02556,747,Occasional Late,0,0.31,Medium Risk
CRED-02557,CUST-02557,709,On-Time,0,0.29,Medium Risk
CRED-02558,CUST-02558,600,Frequently Late,1,0.8,High Risk
CRED-02559,CUST-02559,748,Occasional Late,0,0.42,Medium Risk
CRED-02560,CUST-02560,618,Occasional Late,2,0.78,High Risk
CRED-02561,CUST-02561,738,On-Time,0,0.23,Medium Risk
CRED-02562,CUST-02562,740,On-Time,0,0.4,Medium Risk
CRED-02563,CUST-02563,799,On-Time,0,0.06,Low Risk
CRED-02564,CUST-02564,708,On-Time,0,0.31,Medium Risk
CRED-02565,CUST-02565,688,On-Time,0,0.48,Medium Risk
CRED-02566,CUST-02566,749,On-Time,2,0.3,Medium Risk
CRED-02567,CUST-02567,618,Occasional Late,2,0.55,High Risk
CRED-02568,CUST-02568,753,On-Time,0,0.07,Low Risk
CRED-02569,CUST-02569,692,On-Time,1,0.21,Medium Risk
CRED-02570,CUST-02570,756,On-Time,0,0.19,Low Risk
CRED-02571,CUST-02571,612,Frequently Late,3,0.54,High Risk
CRED-02572,CUST-02572,670,On-Time,0,0.37,Medium Risk
CRED-02573,CUST-02573,704,Occasional Late,2,0.21,Medium Risk
CRED-02574,CUST-02574,724,On-Time,0,0.32,Medium Risk
CRED-02575,CUST-02575,742,Occasional Late,0,0.36,Medium Risk
CRED-02576,CUST-02576,675,On-Time,0,0.33,Medium Risk
CRED-02577,CUST-02577,765,On-Time,0,0.13,Low Risk
CRED-02578,CUST-02578,606,Occasional Late,1,0.57,High Risk
CRED-02579,CUST-02579,712,Occasional Late,0,0.49,Medium Risk
CRED-02580,CUST-02580,688,Occasional Late,1,0.23,Medium Risk
CRED-02581,CUST-02581,695,On-Time,0,0.34,Medium Risk
CRED-02582,CUST-02582,726,Occasional Late,0,0.21,Medium Risk
CRED-02583,CUST-02583,705,Occasional Late,0,0.32,Medium Risk
CRED-02584,CUST-02584,784,On-Time,0,0.21,Low Risk
CRED-02585,CUST-02585,749,Occasional Late,1,0.41,Medium Risk
CRED-02586,CUST-02586,756,On-Time,0,0.22,Low Risk
CRED-02587,CUST-02587,788,On-Time,0,0.18,Low Risk
CRED-02588,CUST-02588,747,On-Time,0,0.35,Medium Risk
CRED-02589,CUST-02589,810,On-Time,0,0.19,Low Risk
CRED-02590,CUST-02590,578,Default Risk,4,0.88,Very High Risk
CRED-02591,CUST-02591,772,On-Time,0,0.06,Low Risk
CRED-02592,CUST-02592,761,On-Time,0,0.09,Low Risk
CRED-02593,CUST-02593,801,On-Time,0,0.22,Low Risk
CRED-02594,CUST-02594,713,On-Time,0,0.43,Medium Risk
CRED-02595,CUST-02595,681,On-Time,2,0.44,Medium Risk
CRED-02596,CUST-02596,684,Occasional Late,0,0.42,Medium Risk
CRED-02597,CUST-02597,665,Frequently Late,1,0.75,High Risk
CRED-02598,CUST-02598,687,On-Time,0,0.21,Medium Risk
CRED-02599,CUST-02599,760,On-Time,0,0.24,Low Risk
CRED-02600,CUST-02600,639,Frequently Late,3,0.53,High Risk
CRED-02601,CUST-02601,681,Occasional Late,0,0.47,Medium Risk
CRED-02602,CUST-02602,748,On-Time,1,0.41,Medium Risk
CRED-02603,CUST-02603,671,On-Time,0,0.37,Medium Risk
CRED-02604,CUST-02604,764,On-Time,0,0.17,Low Risk
CRED-02605,CUST-02605,698,On-Time,0,0.28,Medium Risk
CRED-02606,CUST-02606,439,Frequently Late,7,0.98,Very High Risk
CRED-02607,CUST-02607,735,On-Time,0,0.43,Medium Risk
CRED-02608,CUST-02608,613,Occasional Late,1,0.58,High Risk
CRED-02609,CUST-02609,770,On-Time,0,0.12,Low Risk
CRED-02610,CUST-02610,702,Occasional Late,0,0.22,Medium Risk
CRED-02611,CUST-02611,576,Default Risk,8,0.72,Very High Risk
CRED-02612,CUST-02612,679,On-Time,1,0.32,Medium Risk
CRED-02613,CUST-02613,730,Occasional Late,0,0.35,Medium Risk
CRED-02614,CUST-02614,702,On-Time,1,0.26,Medium Risk
CRED-02615,CUST-02615,635,Occasional Late,2,0.6,High Risk
CRED-02616,CUST-02616,708,On-Time,0,0.35,Medium Risk
CRED-02617,CUST-02617,648,Occasional Late,1,0.67,High Risk
CRED-02618,CUST-02618,699,Occasional Late,1,0.27,Medium Risk
CRED-02619,CUST-02619,719,On-Time,0,0.34,Medium Risk
CRED-02620,CUST-02620,555,Frequently Late,4,0.76,Very High Risk
CRED-02621,CUST-02621,787,On-Time,0,0.17,Low Risk
CRED-02622,CUST-02622,707,Occasional Late,0,0.45,Medium Risk
CRED-02623,CUST-02623,692,Occasional Late,2,0.46,Medium Risk
CRED-02624,CUST-02624,756,On-Time,0,0.21,Low Risk
CRED-02625,CUST-02625,654,Frequently Late,3,0.82,High Risk
CRED-02626,CUST-02626,676,Occasional Late,0,0.39,Medium Risk
CRED-02627,CUST-02627,750,On-Time,0,0.12,Low Risk
CRED-02628,CUST-02628,792,On-Time,0,0.2,Low Risk
CRED-02629,CUST-02629,819,On-Time,0,0.25,Low Risk
CRED-02630,CUST-02630,697,On-Time,0,0.35,Medium Risk
CRED-02631,CUST-02631,712,On-Time,0,0.23,Medium Risk
CRED-02632,CUST-02632,736,Occasional Late,1,0.23,Medium Risk
CRED-02633,CUST-02633,701,Occasional Late,0,0.32,Medium Risk
CRED-02634,CUST-02634,678,Occasional Late,1,0.34,Medium Risk
CRED-02635,CUST-02635,680,On-Time,1,0.33,Medium Risk
CRED-02636,CUST-02636,683,On-Time,0,0.48,Medium Risk
CRED-02637,CUST-02637,732,On-Time,0,0.41,Medium Risk
CRED-02638,CUST-02638,735,Occasional Late,0,0.27,Medium Risk
CRED-02639,CUST-02639,697,On-Time,0,0.21,Medium Risk
CRED-02640,CUST-02640,756,On-Time,0,0.05,Low Risk
CRED-02641,CUST-02641,714,Occasional Late,0,0.32,Medium Risk
CRED-02642,CUST-02642,585,Frequently Late,1,0.64,High Risk
CRED-02643,CUST-02643,789,On-Time,0,0.09,Low Risk
CRED-02644,CUST-02644,778,On-Time,0,0.22,Low Risk
CRED-02645,CUST-02645,733,On-Time,2,0.26,Medium Risk
CRED-02646,CUST-02646,732,On-Time,1,0.33,Medium Risk
CRED-02647,CUST-02647,621,Occasional Late,3,0.66,High Risk
CRED-02648,CUST-02648,746,On-Time,0,0.41,Medium Risk
CRED-02649,CUST-02649,712,Occasional Late,0,0.46,Medium Risk
CRED-02650,CUST-02650,667,Occasional Late,2,0.68,High Risk
CRED-02651,CUST-02651,751,On-Time,0,0.18,Low Risk
CRED-02652,CUST-02652,762,On-Time,0,0.18,Low Risk
CRED-02653,CUST-02653,690,On-Time,1,0.41,Medium Risk
CRED-02654,CUST-02654,705,On-Time,0,0.49,Medium Risk
CRED-02655,CUST-02655,556,Default Risk,4,0.79,Very High Risk
CRED-02656,CUST-02656,720,Occasional Late,0,0.28,Medium Risk
CRED-02657,CUST-02657,680,On-Time,0,0.39,Medium Risk
CRED-02658,CUST-02658,731,On-Time,0,0.43,Medium Risk
CRED-02659,CUST-02659,671,On-Time,0,0.31,Medium Risk
CRED-02660,CUST-02660,652,Occasional Late,2,0.72,High Risk
CRED-02661,CUST-02661,751,On-Time,0,0.22,Low Risk
CRED-02662,CUST-02662,710,On-Time,0,0.49,Medium Risk
CRED-02663,CUST-02663,676,On-Time,2,0.38,Medium Risk
CRED-02664,CUST-02664,758,On-Time,0,0.24,Low Risk
CRED-02665,CUST-02665,706,On-Time,1,0.28,Medium Risk
CRED-02666,CUST-02666,736,On-Time,1,0.42,Medium Risk
CRED-02667,CUST-02667,734,On-Time,0,0.36,Medium Risk
CRED-02668,CUST-02668,717,On-Time,0,0.27,Medium Risk
CRED-02669,CUST-02669,734,On-Time,0,0.24,Medium Risk
CRED-02670,CUST-02670,694,On-Time,0,0.45,Medium Risk
CRED-02671,CUST-02671,734,Occasional Late,0,0.37,Medium Risk
CRED-02672,CUST-02672,636,Frequently Late,2,0.77,High Risk
CRED-02673,CUST-02673,690,Occasional Late,1,0.21,Medium Risk
CRED-02674,CUST-02674,728,Occasional Late,0,0.48,Medium Risk
CRED-02675,CUST-02675,723,On-Time,2,0.26,Medium Risk
CRED-02676,CUST-02676,737,Occasional Late,2,0.32,Medium Risk
CRED-02677,CUST-02677,734,On-Time,0,0.42,Medium Risk
CRED-02678,CUST-02678,735,Occasional Late,0,0.34,Medium Risk
CRED-02679,CUST-02679,758,On-Time,0,0.19,Low Risk
CRED-02680,CUST-02680,652,Frequently Late,2,0.49,High Risk
CRED-02681,CUST-02681,759,On-Time,0,0.08,Low Risk
CRED-02682,CUST-02682,717,Occasional Late,1,0.32,Medium Risk
CRED-02683,CUST-02683,730,On-Time,2,0.24,Medium Risk
CRED-02684,CUST-02684,685,On-Time,0,0.45,Medium Risk
CRED-02685,CUST-02685,698,On-Time,2,0.26,Medium Risk
CRED-02686,CUST-02686,687,On-Time,0,0.36,Medium Risk
CRED-02687,CUST-02687,769,On-Time,0,0.05,Low Risk
CRED-02688,CUST-02688,700,Occasional Late,0,0.42,Medium Risk
CRED-02689,CUST-02689,775,On-Time,0,0.13,Low Risk
CRED-02690,CUST-02690,656,Occasional Late,1,0.68,High Risk
CRED-02691,CUST-02691,802,On-Time,0,0.17,Low Risk
CRED-02692,CUST-02692,693,On-Time,0,0.34,Medium Risk
CRED-02693,CUST-02693,722,Occasional Late,0,0.2,Medium Risk
CRED-02694,CUST-02694,605,Frequently Late,2,0.51,High Risk
CRED-02695,CUST-02695,650,Occasional Late,3,0.53,High Risk
CRED-02696,CUST-02696,816,On-Time,0,0.14,Low Risk
CRED-02697,CUST-02697,791,On-Time,0,0.2,Low Risk
CRED-02698,CUST-02698,626,Frequently Late,3,0.61,High Risk
CRED-02699,CUST-02699,691,On-Time,0,0.31,Medium Risk
CRED-02700,CUST-02700,694,On-Time,1,0.44,Medium Risk
CRED-02701,CUST-02701,706,Occasional Late,0,0.32,Medium Risk
CRED-02702,CUST-02702,686,On-Time,1,0.33,Medium Risk
CRED-02703,CUST-02703,562,Frequently Late,6,0.91,Very High Risk
CRED-02704,CUST-02704,582,Frequently Late,1,0.56,High Risk
CRED-02705,CUST-02705,662,Occasional Late,4,0.57,High Risk
CRED-02706,CUST-02706,710,Occasional Late,0,0.32,Medium Risk
CRED-02707,CUST-02707,832,On-Time,0,0.23,Low Risk
CRED-02708,CUST-02708,665,Frequently Late,4,0.47,High Risk
CRED-02709,CUST-02709,538,Frequently Late,10,0.9,Very High Risk
CRED-02710,CUST-02710,707,Occasional Late,0,0.34,Medium Risk
CRED-02711,CUST-02711,671,On-Time,0,0.21,Medium Risk
CRED-02712,CUST-02712,757,On-Time,0,0.13,Low Risk
CRED-02713,CUST-02713,663,Occasional Late,1,0.77,High Risk
CRED-02714,CUST-02714,551,Default Risk,7,0.93,Very High Risk
CRED-02715,CUST-02715,688,On-Time,0,0.44,Medium Risk
CRED-02716,CUST-02716,685,Occasional Late,0,0.29,Medium Risk
CRED-02717,CUST-02717,684,On-Time,0,0.33,Medium Risk
CRED-02718,CUST-02718,607,Frequently Late,2,0.77,High Risk
CRED-02719,CUST-02719,724,On-Time,0,0.46,Medium Risk
CRED-02720,CUST-02720,708,On-Time,0,0.35,Medium Risk
CRED-02721,CUST-02721,695,Occasional Late,0,0.33,Medium Risk
CRED-02722,CUST-02722,697,On-Time,1,0.23,Medium Risk
CRED-02723,CUST-02723,658,Frequently Late,1,0.53,High Risk
CRED-02724,CUST-02724,709,Occasional Late,1,0.25,Medium Risk
CRED-02725,CUST-02725,679,Occasional Late,0,0.5,Medium Risk
CRED-02726,CUST-02726,823,On-Time,0,0.22,Low Risk
CRED-02727,CUST-02727,662,Occasional Late,3,0.48,High Risk
CRED-02728,CUST-02728,786,On-Time,0,0.22,Low Risk
CRED-02729,CUST-02729,706,On-Time,0,0.23,Medium Risk
CRED-02730,CUST-02730,521,Default Risk,4,0.94,Very High Risk
CRED-02731,CUST-02731,542,Frequently Late,5,0.75,Very High Risk
CRED-02732,CUST-02732,767,On-Time,0,0.06,Low Risk
CRED-02733,CUST-02733,603,Frequently Late,3,0.72,High Risk
CRED-02734,CUST-02734,641,Frequently Late,2,0.47,High Risk
CRED-02735,CUST-02735,627,Occasional Late,1,0.76,High Risk
CRED-02736,CUST-02736,706,Occasional Late,0,0.46,Medium Risk
CRED-02737,CUST-02737,674,On-Time,0,0.37,Medium Risk
CRED-02738,CUST-02738,703,On-Time,1,0.21,Medium Risk
CRED-02739,CUST-02739,684,Occasional Late,1,0.23,Medium Risk
CRED-02740,CUST-02740,367,Default Risk,8,0.9,Very High Risk
CRED-02741,CUST-02741,686,On-Time,0,0.3,Medium Risk
CRED-02742,CUST-02742,741,On-Time,0,0.29,Medium Risk
CRED-02743,CUST-02743,614,Occasional Late,3,0.55,High Risk
CRED-02744,CUST-02744,590,Occasional Late,1,0.62,High Risk
CRED-02745,CUST-02745,706,On-Time,0,0.28,Medium Risk
CRED-02746,CUST-02746,678,On-Time,0,0.25,Medium Risk
CRED-02747,CUST-02747,662,Occasional Late,2,0.5,High Risk
CRED-02748,CUST-02748,773,On-Time,0,0.07,Low Risk
CRED-02749,CUST-02749,758,On-Time,0,0.12,Low Risk
CRED-02750,CUST-02750,692,Occasional Late,0,0.4,Medium Risk
CRED-02751,CUST-02751,722,On-Time,0,0.4,Medium Risk
CRED-02752,CUST-02752,718,On-Time,1,0.4,Medium Risk
CRED-02753,CUST-02753,691,On-Time,0,0.23,Medium Risk
CRED-02754,CUST-02754,737,On-Time,0,0.3,Medium Risk
CRED-02755,CUST-02755,694,On-Time,0,0.48,Medium Risk
CRED-02756,CUST-02756,645,Occasional Late,1,0.53,High Risk
CRED-02757,CUST-02757,687,On-Time,1,0.46,Medium Risk
CRED-02758,CUST-02758,777,On-Time,0,0.18,Low Risk
CRED-02759,CUST-02759,684,On-Time,0,0.33,Medium Risk
CRED-02760,CUST-02760,764,On-Time,1,0.22,Low Risk
CRED-02761,CUST-02761,705,Occasional Late,0,0.21,Medium Risk
CRED-02762,CUST-02762,735,Occasional Late,0,0.37,Medium Risk
CRED-02763,CUST-02763,744,On-Time,0,0.25,Medium Risk
CRED-02764,CUST-02764,690,Occasional Late,0,0.41,Medium Risk
CRED-02765,CUST-02765,716,Occasional Late,0,0.47,Medium Risk
CRED-02766,CUST-02766,769,On-Time,0,0.14,Low Risk
CRED-02767,CUST-02767,722,Occasional Late,1,0.25,Medium Risk
CRED-02768,CUST-02768,713,On-Time,1,0.22,Medium Risk
CRED-02769,CUST-02769,775,On-Time,0,0.13,Low Risk
CRED-02770,CUST-02770,712,Occasional Late,0,0.39,Medium Risk
CRED-02771,CUST-02771,768,On-Time,0,0.2,Low Risk
CRED-02772,CUST-02772,723,Occasional Late,0,0.2,Medium Risk
CRED-02773,CUST-02773,651,Occasional Late,2,0.52,High Risk
CRED-02774,CUST-02774,720,On-Time,2,0.5,Medium Risk
CRED-02775,CUST-02775,750,On-Time,0,0.12,Low Risk
CRED-02776,CUST-02776,762,On-Time,0,0.06,Low Risk
CRED-02777,CUST-02777,602,Frequently Late,1,0.6,High Risk
CRED-02778,CUST-02778,718,Occasional Late,0,0.35,Medium Risk
CRED-02779,CUST-02779,707,Occasional Late,1,0.41,Medium Risk
CRED-02780,CUST-02780,634,Occasional Late,1,0.49,High Risk
CRED-02781,CUST-02781,721,On-Time,0,0.48,Medium Risk
CRED-02782,CUST-02782,835,On-Time,0,0.07,Low Risk
CRED-02783,CUST-02783,744,Occasional Late,0,0.33,Medium Risk
CRED-02784,CUST-02784,747,On-Time,2,0.32,Medium Risk
CRED-02785,CUST-02785,692,On-Time,1,0.36,Medium Risk
CRED-02786,CUST-02786,762,On-Time,0,0.19,Low Risk
CRED-02787,CUST-02787,591,Frequently Late,1,0.61,High Risk
CRED-02788,CUST-02788,699,Occasional Late,1,0.25,Medium Risk
CRED-02789,CUST-02789,728,Occasional Late,1,0.41,Medium Risk
CRED-02790,CUST-02790,727,Occasional Late,0,0.38,Medium Risk
CRED-02791,CUST-02791,679,Occasional Late,0,0.29,Medium Risk
CRED-02792,CUST-02792,608,Frequently Late,2,0.74,High Risk
CRED-02793,CUST-02793,732,On-Time,0,0.45,Medium Risk
CRED-02794,CUST-02794,732,On-Time,1,0.49,Medium Risk
CRED-02795,CUST-02795,805,On-Time,0,0.14,Low Risk
CRED-02796,CUST-02796,671,On-Time,2,0.39,Medium Risk
CRED-02797,CUST-02797,697,Occasional Late,0,0.33,Medium Risk
CRED-02798,CUST-02798,659,Occasional Late,4,0.64,High Risk
CRED-02799,CUST-02799,752,On-Time,0,0.11,Low Risk
CRED-02800,CUST-02800,469,Default Risk,11,0.98,Very High Risk
CRED-02801,CUST-02801,671,On-Time,0,0.44,Medium Risk
CRED-02802,CUST-02802,697,On-Time,0,0.43,Medium Risk
CRED-02803,CUST-02803,721,On-Time,0,0.49,Medium Risk
CRED-02804,CUST-02804,633,Frequently Late,2,0.6,High Risk
CRED-02805,CUST-02805,745,On-Time,0,0.33,Medium Risk
CRED-02806,CUST-02806,674,Occasional Late,0,0.33,Medium Risk
CRED-02807,CUST-02807,761,On-Time,0,0.21,Low Risk
CRED-02808,CUST-02808,709,On-Time,0,0.41,Medium Risk
CRED-02809,CUST-02809,737,On-Time,0,0.24,Medium Risk
CRED-02810,CUST-02810,521,Frequently Late,11,0.79,Very High Risk
CRED-02811,CUST-02811,708,On-Time,2,0.4,Medium Risk
CRED-02812,CUST-02812,765,On-Time,0,0.05,Low Risk
CRED-02813,CUST-02813,513,Default Risk,7,0.72,Very High Risk
CRED-02814,CUST-02814,684,On-Time,1,0.21,Medium Risk
CRED-02815,CUST-02815,747,On-Time,0,0.45,Medium Risk
CRED-02816,CUST-02816,757,On-Time,0,0.21,Low Risk
CRED-02817,CUST-02817,338,Default Risk,5,0.84,Very High Risk
CRED-02818,CUST-02818,789,On-Time,0,0.07,Low Risk
CRED-02819,CUST-02819,748,On-Time,2,0.44,Medium Risk
CRED-02820,CUST-02820,768,On-Time,0,0.13,Low Risk
CRED-02821,CUST-02821,753,On-Time,0,0.19,Low Risk
CRED-02822,CUST-02822,670,On-Time,1,0.4,Medium Risk
CRED-02823,CUST-02823,657,Frequently Late,4,0.57,High Risk
CRED-02824,CUST-02824,616,Frequently Late,3,0.77,High Risk
CRED-02825,CUST-02825,728,On-Time,0,0.28,Medium Risk
CRED-02826,CUST-02826,702,Occasional Late,0,0.24,Medium Risk
CRED-02827,CUST-02827,699,Occasional Late,0,0.47,Medium Risk
CRED-02828,CUST-02828,786,On-Time,0,0.1,Low Risk
CRED-02829,CUST-02829,702,On-Time,0,0.35,Medium Risk
CRED-02830,CUST-02830,702,On-Time,0,0.32,Medium Risk
CRED-02831,CUST-02831,655,Frequently Late,1,0.66,High Risk
CRED-02832,CUST-02832,728,On-Time,0,0.4,Medium Risk
CRED-02833,CUST-02833,749,On-Time,0,0.33,Medium Risk
CRED-02834,CUST-02834,798,On-Time,0,0.07,Low Risk
CRED-02835,CUST-02835,727,On-Time,0,0.32,Medium Risk
CRED-02836,CUST-02836,792,On-Time,0,0.1,Low Risk
CRED-02837,CUST-02837,768,On-Time,0,0.08,Low Risk
CRED-02838,CUST-02838,736,On-Time,0,0.24,Medium Risk
CRED-02839,CUST-02839,587,Occasional Late,1,0.79,High Risk
CRED-02840,CUST-02840,429,Default Risk,11,0.78,Very High Risk
CRED-02841,CUST-02841,728,On-Time,0,0.38,Medium Risk
CRED-02842,CUST-02842,608,Occasional Late,3,0.53,High Risk
CRED-02843,CUST-02843,686,Occasional Late,0,0.29,Medium Risk
CRED-02844,CUST-02844,726,On-Time,0,0.38,Medium Risk
CRED-02845,CUST-02845,709,On-Time,0,0.47,Medium Risk
CRED-02846,CUST-02846,768,On-Time,0,0.2,Low Risk
CRED-02847,CUST-02847,588,Occasional Late,2,0.84,High Risk
CRED-02848,CUST-02848,797,On-Time,0,0.14,Low Risk
CRED-02849,CUST-02849,633,Occasional Late,3,0.55,High Risk
CRED-02850,CUST-02850,720,Occasional Late,0,0.43,Medium Risk
CRED-02851,CUST-02851,709,On-Time,0,0.45,Medium Risk
CRED-02852,CUST-02852,575,Default Risk,9,0.9,Very High Risk
CRED-02853,CUST-02853,727,On-Time,0,0.24,Medium Risk
CRED-02854,CUST-02854,350,Default Risk,9,0.94,Very High Risk
CRED-02855,CUST-02855,749,Occasional Late,0,0.41,Medium Risk
CRED-02856,CUST-02856,552,Default Risk,5,0.9,Very High Risk
CRED-02857,CUST-02857,705,On-Time,0,0.36,Medium Risk
CRED-02858,CUST-02858,700,Occasional Late,0,0.42,Medium Risk
CRED-02859,CUST-02859,755,On-Time,0,0.12,Low Risk
CRED-02860,CUST-02860,685,Occasional Late,0,0.4,Medium Risk
CRED-02861,CUST-02861,494,Default Risk,4,0.72,Very High Risk
CRED-02862,CUST-02862,694,On-Time,2,0.26,Medium Risk
CRED-02863,CUST-02863,759,On-Time,0,0.11,Low Risk
CRED-02864,CUST-02864,805,On-Time,0,0.24,Low Risk
CRED-02865,CUST-02865,742,On-Time,0,0.3,Medium Risk
CRED-02866,CUST-02866,763,On-Time,0,0.13,Low Risk
CRED-02867,CUST-02867,754,On-Time,0,0.11,Low Risk
CRED-02868,CUST-02868,573,Default Risk,9,0.76,Very High Risk
CRED-02869,CUST-02869,686,Occasional Late,1,0.27,Medium Risk
CRED-02870,CUST-02870,685,On-Time,1,0.37,Medium Risk
CRED-02871,CUST-02871,689,On-Time,0,0.41,Medium Risk
CRED-02872,CUST-02872,512,Default Risk,9,0.87,Very High Risk
CRED-02873,CUST-02873,756,On-Time,0,0.12,Low Risk
CRED-02874,CUST-02874,685,Occasional Late,0,0.34,Medium Risk
CRED-02875,CUST-02875,625,Occasional Late,1,0.74,High Risk
CRED-02876,CUST-02876,683,On-Time,0,0.39,Medium Risk
CRED-02877,CUST-02877,725,Occasional Late,2,0.46,Medium Risk
CRED-02878,CUST-02878,611,Occasional Late,2,0.46,High Risk
CRED-02879,CUST-02879,750,On-Time,0,0.1,Low Risk
CRED-02880,CUST-02880,760,On-Time,0,0.05,Low Risk
CRED-02881,CUST-02881,532,Default Risk,8,0.81,Very High Risk
CRED-02882,CUST-02882,725,On-Time,0,0.31,Medium Risk
CRED-02883,CUST-02883,678,On-Time,0,0.4,Medium Risk
CRED-02884,CUST-02884,660,Occasional Late,1,0.54,High Risk
CRED-02885,CUST-02885,657,Occasional Late,4,0.82,High Risk
CRED-02886,CUST-02886,704,On-Time,2,0.39,Medium Risk
CRED-02887,CUST-02887,690,On-Time,0,0.27,Medium Risk
CRED-02888,CUST-02888,699,Occasional Late,0,0.49,Medium Risk
CRED-02889,CUST-02889,761,On-Time,0,0.14,Low Risk
CRED-02890,CUST-02890,647,Occasional Late,1,0.75,High Risk
CRED-02891,CUST-02891,736,On-Time,0,0.47,Medium Risk
CRED-02892,CUST-02892,681,On-Time,0,0.29,Medium Risk
CRED-02893,CUST-02893,735,On-Time,0,0.2,Medium Risk
CRED-02894,CUST-02894,592,Frequently Late,3,0.55,High Risk
CRED-02895,CUST-02895,708,On-Time,0,0.31,Medium Risk
CRED-02896,CUST-02896,767,On-Time,0,0.09,Low Risk
CRED-02897,CUST-02897,730,On-Time,0,0.48,Medium Risk
CRED-02898,CUST-02898,671,Occasional Late,0,0.28,Medium Risk
CRED-02899,CUST-02899,695,On-Time,0,0.31,Medium Risk
CRED-02900,CUST-02900,792,On-Time,0,0.12,Low Risk
CRED-02901,CUST-02901,685,On-Time,0,0.43,Medium Risk
CRED-02902,CUST-02902,684,On-Time,0,0.48,Medium Risk
CRED-02903,CUST-02903,703,On-Time,0,0.36,Medium Risk
CRED-02904,CUST-02904,812,On-Time,1,0.1,Low Risk
CRED-02905,CUST-02905,749,Occasional Late,0,0.32,Medium Risk
CRED-02906,CUST-02906,681,On-Time,0,0.48,Medium Risk
CRED-02907,CUST-02907,756,On-Time,0,0.25,Low Risk
CRED-02908,CUST-02908,702,On-Time,0,0.29,Medium Risk
CRED-02909,CUST-02909,754,On-Time,0,0.05,Low Risk
CRED-02910,CUST-02910,763,On-Time,0,0.08,Low Risk
CRED-02911,CUST-02911,680,On-Time,0,0.41,Medium Risk
CRED-02912,CUST-02912,673,Occasional Late,0,0.39,Medium Risk
CRED-02913,CUST-02913,697,On-Time,0,0.45,Medium Risk
CRED-02914,CUST-02914,715,Occasional Late,0,0.25,Medium Risk
CRED-02915,CUST-02915,705,Occasional Late,0,0.25,Medium Risk
CRED-02916,CUST-02916,762,On-Time,0,0.17,Low Risk
CRED-02917,CUST-02917,725,Occasional Late,2,0.33,Medium Risk
CRED-02918,CUST-02918,723,Occasional Late,0,0.46,Medium Risk
CRED-02919,CUST-02919,729,On-Time,2,0.34,Medium Risk
CRED-02920,CUST-02920,677,On-Time,0,0.28,Medium Risk
CRED-02921,CUST-02921,725,Occasional Late,0,0.26,Medium Risk
CRED-02922,CUST-02922,730,On-Time,0,0.24,Medium Risk
CRED-02923,CUST-02923,713,On-Time,0,0.46,Medium Risk
CRED-02924,CUST-02924,679,Occasional Late,0,0.39,Medium Risk
CRED-02925,CUST-02925,754,On-Time,0,0.21,Low Risk
CRED-02926,CUST-02926,507,Default Risk,8,0.98,Very High Risk
CRED-02927,CUST-02927,713,On-Time,2,0.3,Medium Risk
CRED-02928,CUST-02928,802,On-Time,0,0.21,Low Risk
CRED-02929,CUST-02929,680,On-Time,0,0.34,Medium Risk
CRED-02930,CUST-02930,667,Frequently Late,4,0.5,High Risk
CRED-02931,CUST-02931,727,On-Time,0,0.39,Medium Risk
CRED-02932,CUST-02932,738,Occasional Late,0,0.34,Medium Risk
CRED-02933,CUST-02933,749,On-Time,0,0.33,Medium Risk
CRED-02934,CUST-02934,468,Default Risk,10,0.86,Very High Risk
CRED-02935,CUST-02935,750,On-Time,1,0.23,Low Risk
CRED-02936,CUST-02936,659,Frequently Late,3,0.53,High Risk
CRED-02937,CUST-02937,714,Occasional Late,0,0.49,Medium Risk
CRED-02938,CUST-02938,792,On-Time,0,0.14,Low Risk
CRED-02939,CUST-02939,486,Default Risk,4,0.91,Very High Risk
CRED-02940,CUST-02940,678,On-Time,2,0.47,Medium Risk
CRED-02941,CUST-02941,314,Frequently Late,5,0.76,Very High Risk
CRED-02942,CUST-02942,727,On-Time,0,0.29,Medium Risk
CRED-02943,CUST-02943,351,Default Risk,4,0.82,Very High Risk
CRED-02944,CUST-02944,779,On-Time,0,0.1,Low Risk
CRED-02945,CUST-02945,525,Frequently Late,9,0.85,Very High Risk
CRED-02946,CUST-02946,680,On-Time,0,0.31,Medium Risk
CRED-02947,CUST-02947,668,Frequently Late,1,0.78,High Risk
CRED-02948,CUST-02948,630,Occasional Late,1,0.84,High Risk
CRED-02949,CUST-02949,751,On-Time,0,0.14,Low Risk
CRED-02950,CUST-02950,620,Occasional Late,3,0.83,High Risk
CRED-02951,CUST-02951,485,Frequently Late,10,0.85,Very High Risk
CRED-02952,CUST-02952,679,On-Time,1,0.43,Medium Risk
CRED-02953,CUST-02953,747,On-Time,0,0.38,Medium Risk
CRED-02954,CUST-02954,742,On-Time,0,0.41,Medium Risk
CRED-02955,CUST-02955,673,On-Time,0,0.48,Medium Risk
CRED-02956,CUST-02956,745,On-Time,0,0.47,Medium Risk
CRED-02957,CUST-02957,728,Occasional Late,2,0.29,Medium Risk
CRED-02958,CUST-02958,693,Occasional Late,1,0.26,Medium Risk
CRED-02959,CUST-02959,776,On-Time,0,0.16,Low Risk
CRED-02960,CUST-02960,693,On-Time,0,0.26,Medium Risk
CRED-02961,CUST-02961,685,On-Time,0,0.31,Medium Risk
CRED-02962,CUST-02962,742,On-Time,1,0.45,Medium Risk
CRED-02963,CUST-02963,792,On-Time,0,0.13,Low Risk
CRED-02964,CUST-02964,772,On-Time,0,0.24,Low Risk
CRED-02965,CUST-02965,704,On-Time,0,0.41,Medium Risk
CRED-02966,CUST-02966,725,On-Time,0,0.26,Medium Risk
CRED-02967,CUST-02967,724,On-Time,0,0.45,Medium Risk
CRED-02968,CUST-02968,733,On-Time,0,0.33,Medium Risk
CRED-02969,CUST-02969,647,Occasional Late,3,0.84,High Risk
CRED-02970,CUST-02970,708,On-Time,0,0.23,Medium Risk
CRED-02971,CUST-02971,676,On-Time,0,0.36,Medium Risk
CRED-02972,CUST-02972,725,On-Time,0,0.4,Medium Risk
CRED-02973,CUST-02973,542,Frequently Late,11,0.75,Very High Risk
CRED-02974,CUST-02974,761,On-Time,0,0.06,Low Risk
CRED-02975,CUST-02975,673,Occasional Late,0,0.25,Medium Risk
CRED-02976,CUST-02976,763,On-Time,0,0.2,Low Risk
CRED-02977,CUST-02977,661,Occasional Late,1,0.7,High Risk
CRED-02978,CUST-02978,800,On-Time,0,0.23,Low Risk
CRED-02979,CUST-02979,781,On-Time,0,0.07,Low Risk
CRED-02980,CUST-02980,848,On-Time,0,0.07,Low Risk
CRED-02981,CUST-02981,731,On-Time,0,0.28,Medium Risk
CRED-02982,CUST-02982,799,On-Time,0,0.08,Low Risk
CRED-02983,CUST-02983,680,On-Time,0,0.34,Medium Risk
CRED-02984,CUST-02984,641,Occasional Late,3,0.73,High Risk
CRED-02985,CUST-02985,669,Frequently Late,4,0.72,High Risk
CRED-02986,CUST-02986,672,On-Time,1,0.35,Medium Risk
CRED-02987,CUST-02987,726,On-Time,1,0.31,Medium Risk
CRED-02988,CUST-02988,681,On-Time,0,0.35,Medium Risk
CRED-02989,CUST-02989,764,On-Time,0,0.14,Low Risk
CRED-02990,CUST-02990,731,Occasional Late,0,0.34,Medium Risk
CRED-02991,CUST-02991,702,Occasional Late,1,0.26,Medium Risk
CRED-02992,CUST-02992,557,Default Risk,8,0.74,Very High Risk
CRED-02993,CUST-02993,627,Occasional Late,3,0.82,High Risk
CRED-02994,CUST-02994,658,Occasional Late,1,0.78,High Risk
CRED-02995,CUST-02995,711,On-Time,0,0.45,Medium Risk
CRED-02996,CUST-02996,731,On-Time,0,0.43,Medium Risk
CRED-02997,CUST-02997,733,On-Time,2,0.41,Medium Risk
CRED-02998,CUST-02998,728,On-Time,0,0.3,Medium Risk
CRED-02999,CUST-02999,743,Occasional Late,1,0.28,Medium Risk
CRED-03000,CUST-03000,799,On-Time,0,0.23,Low Risk
CRED-03001,CUST-03001,427,Default Risk,9,0.93,Very High Risk
CRED-03002,CUST-03002,755,On-Time,0,0.09,Low Risk
CRED-03003,CUST-03003,663,Frequently Late,3,0.78,High Risk
CRED-03004,CUST-03004,657,Frequently Late,1,0.78,High Risk
CRED-03005,CUST-03005,705,Occasional Late,0,0.45,Medium Risk
CRED-03006,CUST-03006,692,On-Time,0,0.2,Medium Risk
CRED-03007,CUST-03007,791,On-Time,0,0.14,Low Risk
CRED-03008,CUST-03008,669,Frequently Late,1,0.66,High Risk
CRED-03009,CUST-03009,721,On-Time,0,0.49,Medium Risk
CRED-03010,CUST-03010,700,On-Time,0,0.27,Medium Risk
CRED-03011,CUST-03011,717,On-Time,0,0.24,Medium Risk
CRED-03012,CUST-03012,729,On-Time,0,0.31,Medium Risk
CRED-03013,CUST-03013,685,On-Time,0,0.45,Medium Risk
CRED-03014,CUST-03014,626,Frequently Late,4,0.46,High Risk
CRED-03015,CUST-03015,753,On-Time,0,0.25,Low Risk
CRED-03016,CUST-03016,632,Occasional Late,3,0.48,High Risk
CRED-03017,CUST-03017,778,On-Time,0,0.14,Low Risk
CRED-03018,CUST-03018,416,Frequently Late,4,0.84,Very High Risk
CRED-03019,CUST-03019,719,On-Time,0,0.22,Medium Risk
CRED-03020,CUST-03020,754,On-Time,0,0.13,Low Risk
CRED-03021,CUST-03021,686,On-Time,0,0.28,Medium Risk
CRED-03022,CUST-03022,713,On-Time,2,0.31,Medium Risk
CRED-03023,CUST-03023,734,Occasional Late,0,0.46,Medium Risk
CRED-03024,CUST-03024,542,Default Risk,7,0.93,Very High Risk
CRED-03025,CUST-03025,788,On-Time,0,0.22,Low Risk
CRED-03026,CUST-03026,744,On-Time,2,0.35,Medium Risk
CRED-03027,CUST-03027,654,Occasional Late,4,0.72,High Risk
CRED-03028,CUST-03028,725,Occasional Late,0,0.27,Medium Risk
CRED-03029,CUST-03029,788,On-Time,0,0.06,Low Risk
CRED-03030,CUST-03030,655,Frequently Late,4,0.54,High Risk
CRED-03031,CUST-03031,770,On-Time,0,0.19,Low Risk
CRED-03032,CUST-03032,662,Frequently Late,2,0.55,High Risk
CRED-03033,CUST-03033,724,On-Time,2,0.36,Medium Risk
CRED-03034,CUST-03034,623,Occasional Late,1,0.66,High Risk
CRED-03035,CUST-03035,632,Frequently Late,4,0.52,High Risk
CRED-03036,CUST-03036,651,Frequently Late,1,0.8,High Risk
CRED-03037,CUST-03037,670,On-Time,0,0.46,Medium Risk
CRED-03038,CUST-03038,564,Frequently Late,10,0.92,Very High Risk
CRED-03039,CUST-03039,759,On-Time,0,0.1,Low Risk
CRED-03040,CUST-03040,646,Occasional Late,2,0.47,High Risk
CRED-03041,CUST-03041,764,On-Time,0,0.06,Low Risk
CRED-03042,CUST-03042,818,On-Time,0,0.12,Low Risk
CRED-03043,CUST-03043,628,Occasional Late,4,0.76,High Risk
CRED-03044,CUST-03044,704,On-Time,0,0.39,Medium Risk
CRED-03045,CUST-03045,701,On-Time,0,0.41,Medium Risk
CRED-03046,CUST-03046,607,Occasional Late,2,0.58,High Risk
CRED-03047,CUST-03047,688,Occasional Late,0,0.42,Medium Risk
CRED-03048,CUST-03048,675,On-Time,0,0.48,Medium Risk
CRED-03049,CUST-03049,695,On-Time,0,0.3,Medium Risk
CRED-03050,CUST-03050,661,Occasional Late,2,0.82,High Risk
CRED-03051,CUST-03051,469,Frequently Late,6,0.84,Very High Risk
CRED-03052,CUST-03052,679,On-Time,0,0.37,Medium Risk
CRED-03053,CUST-03053,749,On-Time,0,0.34,Medium Risk
CRED-03054,CUST-03054,698,Occasional Late,1,0.4,Medium Risk
CRED-03055,CUST-03055,669,Occasional Late,3,0.52,High Risk
CRED-03056,CUST-03056,693,On-Time,1,0.3,Medium Risk
CRED-03057,CUST-03057,723,Occasional Late,2,0.46,Medium Risk
CRED-03058,CUST-03058,665,Frequently Late,2,0.77,High Risk
CRED-03059,CUST-03059,472,Frequently Late,6,0.79,Very High Risk
CRED-03060,CUST-03060,691,Occasional Late,0,0.2,Medium Risk
CRED-03061,CUST-03061,809,On-Time,0,0.11,Low Risk
CRED-03062,CUST-03062,794,On-Time,0,0.15,Low Risk
CRED-03063,CUST-03063,745,On-Time,0,0.28,Medium Risk
CRED-03064,CUST-03064,769,On-Time,0,0.15,Low Risk
CRED-03065,CUST-03065,699,On-Time,2,0.49,Medium Risk
CRED-03066,CUST-03066,807,On-Time,0,0.15,Low Risk
CRED-03067,CUST-03067,720,On-Time,0,0.27,Medium Risk
CRED-03068,CUST-03068,738,Occasional Late,0,0.49,Medium Risk
CRED-03069,CUST-03069,701,Occasional Late,0,0.38,Medium Risk
CRED-03070,CUST-03070,759,On-Time,0,0.09,Low Risk
CRED-03071,CUST-03071,519,Default Risk,7,0.92,Very High Risk
CRED-03072,CUST-03072,560,Frequently Late,7,0.93,Very High Risk
CRED-03073,CUST-03073,720,On-Time,0,0.38,Medium Risk
CRED-03074,CUST-03074,774,On-Time,0,0.11,Low Risk
CRED-03075,CUST-03075,518,Frequently Late,7,0.95,Very High Risk
CRED-03076,CUST-03076,563,Frequently Late,4,0.96,Very High Risk
CRED-03077,CUST-03077,595,Occasional Late,4,0.51,High Risk
CRED-03078,CUST-03078,649,Occasional Late,4,0.49,High Risk
CRED-03079,CUST-03079,713,On-Time,0,0.45,Medium Risk
CRED-03080,CUST-03080,713,On-Time,2,0.36,Medium Risk
CRED-03081,CUST-03081,716,Occasional Late,0,0.41,Medium Risk
CRED-03082,CUST-03082,614,Frequently Late,2,0.6,High Risk
CRED-03083,CUST-03083,764,On-Time,0,0.2,Low Risk
CRED-03084,CUST-03084,633,Frequently Late,2,0.68,High Risk
CRED-03085,CUST-03085,685,On-Time,0,0.44,Medium Risk
CRED-03086,CUST-03086,790,On-Time,0,0.15,Low Risk
CRED-03087,CUST-03087,599,Frequently Late,3,0.62,High Risk
CRED-03088,CUST-03088,731,On-Time,0,0.32,Medium Risk
CRED-03089,CUST-03089,800,On-Time,0,0.13,Low Risk
CRED-03090,CUST-03090,748,On-Time,0,0.43,Medium Risk
CRED-03091,CUST-03091,642,Occasional Late,3,0.57,High Risk
CRED-03092,CUST-03092,704,On-Time,0,0.48,Medium Risk
CRED-03093,CUST-03093,687,Occasional Late,0,0.29,Medium Risk
CRED-03094,CUST-03094,698,On-Time,0,0.35,Medium Risk
CRED-03095,CUST-03095,746,Occasional Late,0,0.4,Medium Risk
CRED-03096,CUST-03096,733,Occasional Late,0,0.48,Medium Risk
CRED-03097,CUST-03097,662,Occasional Late,2,0.47,High Risk
CRED-03098,CUST-03098,681,On-Time,0,0.4,Medium Risk
CRED-03099,CUST-03099,743,Occasional Late,0,0.27,Medium Risk
CRED-03100,CUST-03100,774,On-Time,0,0.2,Low Risk
CRED-03101,CUST-03101,706,On-Time,1,0.49,Medium Risk
CRED-03102,CUST-03102,785,On-Time,0,0.12,Low Risk
CRED-03103,CUST-03103,609,Frequently Late,2,0.77,High Risk
CRED-03104,CUST-03104,686,Occasional Late,0,0.23,Medium Risk
CRED-03105,CUST-03105,645,Frequently Late,4,0.58,High Risk
CRED-03106,CUST-03106,625,Occasional Late,4,0.75,High Risk
CRED-03107,CUST-03107,734,On-Time,0,0.22,Medium Risk
CRED-03108,CUST-03108,695,On-Time,0,0.34,Medium Risk
CRED-03109,CUST-03109,715,On-Time,0,0.42,Medium Risk
CRED-03110,CUST-03110,716,Occasional Late,0,0.26,Medium Risk
CRED-03111,CUST-03111,671,Occasional Late,1,0.21,Medium Risk
CRED-03112,CUST-03112,770,On-Time,0,0.09,Low Risk
CRED-03113,CUST-03113,570,Frequently Late,4,0.79,Very High Risk
CRED-03114,CUST-03114,559,Default Risk,5,0.75,Very High Risk
CRED-03115,CUST-03115,642,Frequently Late,2,0.79,High Risk
CRED-03116,CUST-03116,741,Occasional Late,0,0.49,Medium Risk
CRED-03117,CUST-03117,703,Occasional Late,0,0.31,Medium Risk
CRED-03118,CUST-03118,690,On-Time,1,0.25,Medium Risk
CRED-03119,CUST-03119,593,Occasional Late,3,0.76,High Risk
CRED-03120,CUST-03120,762,On-Time,0,0.19,Low Risk
CRED-03121,CUST-03121,702,Occasional Late,0,0.45,Medium Risk
CRED-03122,CUST-03122,692,On-Time,0,0.42,Medium Risk
CRED-03123,CUST-03123,693,On-Time,0,0.47,Medium Risk
CRED-03124,CUST-03124,767,On-Time,0,0.2,Low Risk
CRED-03125,CUST-03125,755,On-Time,0,0.06,Low Risk
CRED-03126,CUST-03126,680,On-Time,1,0.44,Medium Risk
CRED-03127,CUST-03127,653,Occasional Late,4,0.64,High Risk
CRED-03128,CUST-03128,773,On-Time,0,0.13,Low Risk
CRED-03129,CUST-03129,677,On-Time,1,0.24,Medium Risk
CRED-03130,CUST-03130,736,On-Time,0,0.36,Medium Risk
CRED-03131,CUST-03131,730,On-Time,0,0.3,Medium Risk
CRED-03132,CUST-03132,692,On-Time,0,0.24,Medium Risk
CRED-03133,CUST-03133,461,Default Risk,9,0.8,Very High Risk
CRED-03134,CUST-03134,589,Occasional Late,3,0.72,High Risk
CRED-03135,CUST-03135,751,On-Time,0,0.16,Low Risk
CRED-03136,CUST-03136,609,Frequently Late,1,0.58,High Risk
CRED-03137,CUST-03137,733,On-Time,0,0.36,Medium Risk
CRED-03138,CUST-03138,677,On-Time,0,0.42,Medium Risk
CRED-03139,CUST-03139,747,On-Time,0,0.36,Medium Risk
CRED-03140,CUST-03140,736,On-Time,0,0.24,Medium Risk
CRED-03141,CUST-03141,751,On-Time,0,0.17,Low Risk
CRED-03142,CUST-03142,556,Frequently Late,11,0.92,Very High Risk
CRED-03143,CUST-03143,656,Frequently Late,3,0.78,High Risk
CRED-03144,CUST-03144,743,On-Time,0,0.3,Medium Risk
CRED-03145,CUST-03145,725,Occasional Late,0,0.41,Medium Risk
CRED-03146,CUST-03146,694,On-Time,0,0.41,Medium Risk
CRED-03147,CUST-03147,804,On-Time,0,0.09,Low Risk
CRED-03148,CUST-03148,575,Default Risk,10,0.96,Very High Risk
CRED-03149,CUST-03149,693,On-Time,0,0.48,Medium Risk
CRED-03150,CUST-03150,740,Occasional Late,0,0.34,Medium Risk
CRED-03151,CUST-03151,707,On-Time,2,0.45,Medium Risk
CRED-03152,CUST-03152,732,On-Time,0,0.42,Medium Risk
CRED-03153,CUST-03153,642,Frequently Late,1,0.77,High Risk
CRED-03154,CUST-03154,744,On-Time,0,0.31,Medium Risk
CRED-03155,CUST-03155,685,On-Time,0,0.34,Medium Risk
CRED-03156,CUST-03156,728,On-Time,0,0.41,Medium Risk
CRED-03157,CUST-03157,608,Occasional Late,2,0.83,High Risk
CRED-03158,CUST-03158,742,Occasional Late,2,0.28,Medium Risk
CRED-03159,CUST-03159,779,On-Time,0,0.25,Low Risk
CRED-03160,CUST-03160,809,On-Time,0,0.24,Low Risk
CRED-03161,CUST-03161,300,Default Risk,9,0.99,Very High Risk
CRED-03162,CUST-03162,660,Frequently Late,2,0.83,High Risk
CRED-03163,CUST-03163,731,On-Time,1,0.22,Medium Risk
CRED-03164,CUST-03164,636,Frequently Late,1,0.55,High Risk
CRED-03165,CUST-03165,668,Frequently Late,2,0.49,High Risk
CRED-03166,CUST-03166,598,Frequently Late,1,0.58,High Risk
CRED-03167,CUST-03167,570,Frequently Late,10,0.96,Very High Risk
CRED-03168,CUST-03168,710,Occasional Late,0,0.35,Medium Risk
CRED-03169,CUST-03169,710,On-Time,0,0.44,Medium Risk
CRED-03170,CUST-03170,690,On-Time,0,0.32,Medium Risk
CRED-03171,CUST-03171,783,On-Time,0,0.14,Low Risk
CRED-03172,CUST-03172,748,On-Time,2,0.46,Medium Risk
CRED-03173,CUST-03173,747,Occasional Late,0,0.31,Medium Risk
CRED-03174,CUST-03174,685,On-Time,1,0.32,Medium Risk
CRED-03175,CUST-03175,705,On-Time,0,0.35,Medium Risk
CRED-03176,CUST-03176,640,Occasional Late,4,0.76,High Risk
CRED-03177,CUST-03177,495,Frequently Late,9,0.73,Very High Risk
CRED-03178,CUST-03178,744,On-Time,2,0.37,Medium Risk
CRED-03179,CUST-03179,697,On-Time,1,0.41,Medium Risk
CRED-03180,CUST-03180,666,Occasional Late,3,0.67,High Risk
CRED-03181,CUST-03181,651,Occasional Late,1,0.52,High Risk
CRED-03182,CUST-03182,743,On-Time,0,0.39,Medium Risk
CRED-03183,CUST-03183,669,Frequently Late,2,0.75,High Risk
CRED-03184,CUST-03184,698,On-Time,1,0.32,Medium Risk
CRED-03185,CUST-03185,708,On-Time,1,0.29,Medium Risk
CRED-03186,CUST-03186,753,On-Time,0,0.1,Low Risk
CRED-03187,CUST-03187,763,On-Time,0,0.18,Low Risk
CRED-03188,CUST-03188,682,On-Time,0,0.4,Medium Risk
CRED-03189,CUST-03189,746,On-Time,0,0.34,Medium Risk
CRED-03190,CUST-03190,658,Occasional Late,2,0.82,High Risk
CRED-03191,CUST-03191,665,Occasional Late,4,0.52,High Risk
CRED-03192,CUST-03192,737,Occasional Late,0,0.33,Medium Risk
CRED-03193,CUST-03193,624,Frequently Late,3,0.5,High Risk
CRED-03194,CUST-03194,611,Occasional Late,2,0.59,High Risk
CRED-03195,CUST-03195,713,On-Time,0,0.49,Medium Risk
CRED-03196,CUST-03196,763,On-Time,0,0.13,Low Risk
CRED-03197,CUST-03197,669,Frequently Late,3,0.49,High Risk
CRED-03198,CUST-03198,525,Frequently Late,5,0.74,Very High Risk
CRED-03199,CUST-03199,681,Occasional Late,0,0.46,Medium Risk
CRED-03200,CUST-03200,765,On-Time,0,0.15,Low Risk
CRED-03201,CUST-03201,649,Frequently Late,2,0.71,High Risk
CRED-03202,CUST-03202,771,On-Time,0,0.24,Low Risk
CRED-03203,CUST-03203,712,Occasional Late,2,0.29,Medium Risk
CRED-03204,CUST-03204,802,On-Time,0,0.21,Low Risk
CRED-03205,CUST-03205,715,On-Time,0,0.44,Medium Risk
CRED-03206,CUST-03206,753,On-Time,0,0.13,Low Risk
CRED-03207,CUST-03207,719,On-Time,1,0.41,Medium Risk
CRED-03208,CUST-03208,557,Frequently Late,7,0.8,Very High Risk
CRED-03209,CUST-03209,821,On-Time,0,0.1,Low Risk
CRED-03210,CUST-03210,806,On-Time,0,0.22,Low Risk
CRED-03211,CUST-03211,789,On-Time,0,0.24,Low Risk
CRED-03212,CUST-03212,704,On-Time,0,0.24,Medium Risk
CRED-03213,CUST-03213,721,Occasional Late,1,0.48,Medium Risk
CRED-03214,CUST-03214,777,On-Time,0,0.12,Low Risk
CRED-03215,CUST-03215,735,On-Time,0,0.46,Medium Risk
CRED-03216,CUST-03216,752,On-Time,0,0.13,Low Risk
CRED-03217,CUST-03217,590,Occasional Late,3,0.66,High Risk
CRED-03218,CUST-03218,750,On-Time,0,0.15,Low Risk
CRED-03219,CUST-03219,763,On-Time,0,0.22,Low Risk
CRED-03220,CUST-03220,751,On-Time,0,0.12,Low Risk
CRED-03221,CUST-03221,791,On-Time,0,0.18,Low Risk
CRED-03222,CUST-03222,738,On-Time,0,0.37,Medium Risk
CRED-03223,CUST-03223,597,Frequently Late,3,0.72,High Risk
CRED-03224,CUST-03224,707,On-Time,0,0.26,Medium Risk
CRED-03225,CUST-03225,650,Occasional Late,3,0.73,High Risk
CRED-03226,CUST-03226,785,On-Time,0,0.08,Low Risk
CRED-03227,CUST-03227,769,On-Time,1,0.23,Low Risk
CRED-03228,CUST-03228,660,Occasional Late,3,0.46,High Risk
CRED-03229,CUST-03229,646,Frequently Late,4,0.78,High Risk
CRED-03230,CUST-03230,781,On-Time,0,0.2,Low Risk
CRED-03231,CUST-03231,772,On-Time,0,0.06,Low Risk
CRED-03232,CUST-03232,740,On-Time,2,0.32,Medium Risk
CRED-03233,CUST-03233,784,On-Time,0,0.21,Low Risk
CRED-03234,CUST-03234,661,Frequently Late,4,0.8,High Risk
CRED-03235,CUST-03235,619,Frequently Late,1,0.58,High Risk
CRED-03236,CUST-03236,671,On-Time,0,0.48,Medium Risk
CRED-03237,CUST-03237,598,Frequently Late,1,0.48,High Risk
CRED-03238,CUST-03238,680,On-Time,0,0.43,Medium Risk
CRED-03239,CUST-03239,517,Default Risk,6,0.97,Very High Risk
CRED-03240,CUST-03240,727,On-Time,1,0.44,Medium Risk
CRED-03241,CUST-03241,502,Frequently Late,11,0.96,Very High Risk
CRED-03242,CUST-03242,702,On-Time,0,0.45,Medium Risk
CRED-03243,CUST-03243,772,On-Time,0,0.06,Low Risk
CRED-03244,CUST-03244,719,Occasional Late,1,0.31,Medium Risk
CRED-03245,CUST-03245,711,On-Time,0,0.42,Medium Risk
CRED-03246,CUST-03246,732,Occasional Late,2,0.33,Medium Risk
CRED-03247,CUST-03247,638,Occasional Late,3,0.84,High Risk
CRED-03248,CUST-03248,731,Occasional Late,0,0.2,Medium Risk
CRED-03249,CUST-03249,659,Occasional Late,3,0.5,High Risk
CRED-03250,CUST-03250,748,On-Time,0,0.47,Medium Risk
CRED-03251,CUST-03251,736,On-Time,0,0.31,Medium Risk
CRED-03252,CUST-03252,648,Occasional Late,4,0.75,High Risk
CRED-03253,CUST-03253,646,Occasional Late,1,0.81,High Risk
CRED-03254,CUST-03254,682,On-Time,0,0.36,Medium Risk
CRED-03255,CUST-03255,701,Occasional Late,0,0.35,Medium Risk
CRED-03256,CUST-03256,426,Frequently Late,10,0.91,Very High Risk
CRED-03257,CUST-03257,706,On-Time,0,0.44,Medium Risk
CRED-03258,CUST-03258,702,On-Time,0,0.5,Medium Risk
CRED-03259,CUST-03259,766,On-Time,0,0.19,Low Risk
CRED-03260,CUST-03260,785,On-Time,0,0.23,Low Risk
CRED-03261,CUST-03261,711,Occasional Late,0,0.33,Medium Risk
CRED-03262,CUST-03262,723,On-Time,0,0.5,Medium Risk
CRED-03263,CUST-03263,765,On-Time,0,0.22,Low Risk
CRED-03264,CUST-03264,782,On-Time,0,0.08,Low Risk
CRED-03265,CUST-03265,663,Frequently Late,4,0.65,High Risk
CRED-03266,CUST-03266,670,Occasional Late,1,0.47,Medium Risk
CRED-03267,CUST-03267,669,Frequently Late,4,0.54,High Risk
CRED-03268,CUST-03268,652,Occasional Late,3,0.47,High Risk
CRED-03269,CUST-03269,605,Frequently Late,3,0.47,High Risk
CRED-03270,CUST-03270,701,On-Time,1,0.22,Medium Risk
CRED-03271,CUST-03271,588,Occasional Late,3,0.71,High Risk
CRED-03272,CUST-03272,714,On-Time,2,0.25,Medium Risk
CRED-03273,CUST-03273,726,On-Time,0,0.3,Medium Risk
CRED-03274,CUST-03274,633,Frequently Late,2,0.48,High Risk
CRED-03275,CUST-03275,564,Frequently Late,8,0.77,Very High Risk
CRED-03276,CUST-03276,679,On-Time,0,0.25,Medium Risk
CRED-03277,CUST-03277,733,Occasional Late,0,0.49,Medium Risk
CRED-03278,CUST-03278,696,Occasional Late,0,0.31,Medium Risk
CRED-03279,CUST-03279,742,On-Time,0,0.34,Medium Risk
CRED-03280,CUST-03280,731,On-Time,0,0.49,Medium Risk
CRED-03281,CUST-03281,723,Occasional Late,0,0.22,Medium Risk
CRED-03282,CUST-03282,702,Occasional Late,0,0.28,Medium Risk
CRED-03283,CUST-03283,573,Frequently Late,8,0.76,Very High Risk
CRED-03284,CUST-03284,759,On-Time,0,0.23,Low Risk
CRED-03285,CUST-03285,769,On-Time,0,0.22,Low Risk
CRED-03286,CUST-03286,712,On-Time,0,0.22,Medium Risk
CRED-03287,CUST-03287,630,Occasional Late,3,0.58,High Risk
CRED-03288,CUST-03288,793,On-Time,0,0.16,Low Risk
CRED-03289,CUST-03289,782,On-Time,0,0.24,Low Risk
CRED-03290,CUST-03290,684,On-Time,0,0.34,Medium Risk
CRED-03291,CUST-03291,715,On-Time,2,0.43,Medium Risk
CRED-03292,CUST-03292,719,On-Time,0,0.27,Medium Risk
CRED-03293,CUST-03293,730,On-Time,0,0.46,Medium Risk
CRED-03294,CUST-03294,618,Occasional Late,2,0.56,High Risk
CRED-03295,CUST-03295,770,On-Time,0,0.08,Low Risk
CRED-03296,CUST-03296,689,Occasional Late,0,0.26,Medium Risk
CRED-03297,CUST-03297,697,On-Time,0,0.36,Medium Risk
CRED-03298,CUST-03298,677,On-Time,0,0.28,Medium Risk
CRED-03299,CUST-03299,660,Occasional Late,4,0.55,High Risk
CRED-03300,CUST-03300,509,Frequently Late,11,0.8,Very High Risk
CRED-03301,CUST-03301,743,Occasional Late,1,0.26,Medium Risk
CRED-03302,CUST-03302,731,On-Time,0,0.39,Medium Risk
CRED-03303,CUST-03303,674,On-Time,1,0.41,Medium Risk
CRED-03304,CUST-03304,756,On-Time,0,0.16,Low Risk
CRED-03305,CUST-03305,774,On-Time,0,0.11,Low Risk
CRED-03306,CUST-03306,663,Frequently Late,1,0.76,High Risk
CRED-03307,CUST-03307,579,Frequently Late,9,0.83,Very High Risk
CRED-03308,CUST-03308,650,Frequently Late,2,0.58,High Risk
CRED-03309,CUST-03309,850,On-Time,0,0.2,Low Risk
CRED-03310,CUST-03310,717,On-Time,0,0.23,Medium Risk
CRED-03311,CUST-03311,707,On-Time,0,0.37,Medium Risk
CRED-03312,CUST-03312,777,On-Time,0,0.2,Low Risk
CRED-03313,CUST-03313,652,Frequently Late,3,0.53,High Risk
CRED-03314,CUST-03314,707,On-Time,1,0.34,Medium Risk
CRED-03315,CUST-03315,658,Occasional Late,3,0.69,High Risk
CRED-03316,CUST-03316,696,Occasional Late,0,0.3,Medium Risk
CRED-03317,CUST-03317,797,On-Time,0,0.09,Low Risk
CRED-03318,CUST-03318,645,Occasional Late,4,0.57,High Risk
CRED-03319,CUST-03319,759,On-Time,0,0.07,Low Risk
CRED-03320,CUST-03320,650,Occasional Late,1,0.59,High Risk
CRED-03321,CUST-03321,670,On-Time,1,0.32,Medium Risk
CRED-03322,CUST-03322,691,On-Time,0,0.46,Medium Risk
CRED-03323,CUST-03323,641,Frequently Late,4,0.73,High Risk
CRED-03324,CUST-03324,780,On-Time,0,0.22,Low Risk
CRED-03325,CUST-03325,602,Occasional Late,4,0.72,High Risk
CRED-03326,CUST-03326,789,On-Time,0,0.07,Low Risk
CRED-03327,CUST-03327,754,On-Time,0,0.21,Low Risk
CRED-03328,CUST-03328,706,On-Time,0,0.47,Medium Risk
CRED-03329,CUST-03329,743,On-Time,0,0.32,Medium Risk
CRED-03330,CUST-03330,751,On-Time,0,0.22,Low Risk
CRED-03331,CUST-03331,737,On-Time,1,0.49,Medium Risk
CRED-03332,CUST-03332,751,On-Time,0,0.09,Low Risk
CRED-03333,CUST-03333,758,On-Time,0,0.09,Low Risk
CRED-03334,CUST-03334,799,On-Time,0,0.11,Low Risk
CRED-03335,CUST-03335,718,On-Time,0,0.44,Medium Risk
CRED-03336,CUST-03336,690,Occasional Late,1,0.31,Medium Risk
CRED-03337,CUST-03337,657,Occasional Late,2,0.69,High Risk
CRED-03338,CUST-03338,787,On-Time,0,0.12,Low Risk
CRED-03339,CUST-03339,607,Occasional Late,2,0.49,High Risk
CRED-03340,CUST-03340,680,Occasional Late,0,0.38,Medium Risk
CRED-03341,CUST-03341,502,Default Risk,11,0.92,Very High Risk
CRED-03342,CUST-03342,610,Frequently Late,4,0.48,High Risk
CRED-03343,CUST-03343,714,On-Time,0,0.23,Medium Risk
CRED-03344,CUST-03344,669,Frequently Late,3,0.63,High Risk
CRED-03345,CUST-03345,527,Default Risk,4,0.76,Very High Risk
CRED-03346,CUST-03346,656,Occasional Late,4,0.55,High Risk
CRED-03347,CUST-03347,830,On-Time,0,0.21,Low Risk
CRED-03348,CUST-03348,692,On-Time,0,0.32,Medium Risk
CRED-03349,CUST-03349,564,Frequently Late,6,0.91,Very High Risk
CRED-03350,CUST-03350,751,On-Time,0,0.07,Low Risk
CRED-03351,CUST-03351,760,On-Time,0,0.18,Low Risk
CRED-03352,CUST-03352,761,On-Time,0,0.22,Low Risk
CRED-03353,CUST-03353,598,Occasional Late,3,0.76,High Risk
CRED-03354,CUST-03354,633,Occasional Late,2,0.66,High Risk
CRED-03355,CUST-03355,692,On-Time,0,0.37,Medium Risk
CRED-03356,CUST-03356,719,On-Time,0,0.41,Medium Risk
CRED-03357,CUST-03357,646,Occasional Late,2,0.85,High Risk
CRED-03358,CUST-03358,737,On-Time,0,0.24,Medium Risk
CRED-03359,CUST-03359,714,On-Time,1,0.47,Medium Risk
CRED-03360,CUST-03360,711,Occasional Late,2,0.37,Medium Risk
CRED-03361,CUST-03361,626,Frequently Late,3,0.59,High Risk
CRED-03362,CUST-03362,697,On-Time,2,0.21,Medium Risk
CRED-03363,CUST-03363,600,Occasional Late,1,0.52,High Risk
CRED-03364,CUST-03364,591,Frequently Late,2,0.72,High Risk
CRED-03365,CUST-03365,771,On-Time,0,0.19,Low Risk
CRED-03366,CUST-03366,734,On-Time,0,0.32,Medium Risk
CRED-03367,CUST-03367,629,Occasional Late,2,0.47,High Risk
CRED-03368,CUST-03368,657,Frequently Late,2,0.46,High Risk
CRED-03369,CUST-03369,760,On-Time,0,0.07,Low Risk
CRED-03370,CUST-03370,745,Occasional Late,0,0.45,Medium Risk
CRED-03371,CUST-03371,784,On-Time,0,0.17,Low Risk
CRED-03372,CUST-03372,726,Occasional Late,0,0.27,Medium Risk
CRED-03373,CUST-03373,644,Frequently Late,3,0.75,High Risk
CRED-03374,CUST-03374,765,On-Time,0,0.16,Low Risk
CRED-03375,CUST-03375,787,On-Time,0,0.16,Low Risk
CRED-03376,CUST-03376,535,Frequently Late,5,0.76,Very High Risk
CRED-03377,CUST-03377,781,On-Time,0,0.06,Low Risk
CRED-03378,CUST-03378,663,Frequently Late,3,0.62,High Risk
CRED-03379,CUST-03379,730,On-Time,0,0.41,Medium Risk
CRED-03380,CUST-03380,736,On-Time,0,0.32,Medium Risk
CRED-03381,CUST-03381,654,Frequently Late,3,0.56,High Risk
CRED-03382,CUST-03382,756,On-Time,0,0.18,Low Risk
CRED-03383,CUST-03383,725,Occasional Late,0,0.3,Medium Risk
CRED-03384,CUST-03384,754,On-Time,0,0.1,Low Risk
CRED-03385,CUST-03385,624,Occasional Late,3,0.84,High Risk
CRED-03386,CUST-03386,711,Occasional Late,0,0.5,Medium Risk
CRED-03387,CUST-03387,749,On-Time,0,0.39,Medium Risk
CRED-03388,CUST-03388,729,Occasional Late,0,0.28,Medium Risk
CRED-03389,CUST-03389,697,On-Time,0,0.31,Medium Risk
CRED-03390,CUST-03390,711,On-Time,2,0.25,Medium Risk
CRED-03391,CUST-03391,563,Default Risk,9,0.91,Very High Risk
CRED-03392,CUST-03392,768,On-Time,0,0.11,Low Risk
CRED-03393,CUST-03393,689,Occasional Late,1,0.38,Medium Risk
CRED-03394,CUST-03394,779,On-Time,0,0.08,Low Risk
CRED-03395,CUST-03395,558,Default Risk,7,0.93,Very High Risk
CRED-03396,CUST-03396,746,Occasional Late,0,0.21,Medium Risk
CRED-03397,CUST-03397,748,Occasional Late,0,0.34,Medium Risk
CRED-03398,CUST-03398,665,Frequently Late,4,0.75,High Risk
CRED-03399,CUST-03399,701,Occasional Late,0,0.24,Medium Risk
CRED-03400,CUST-03400,801,On-Time,0,0.14,Low Risk
CRED-03401,CUST-03401,678,On-Time,0,0.45,Medium Risk
CRED-03402,CUST-03402,691,On-Time,1,0.38,Medium Risk
CRED-03403,CUST-03403,667,Occasional Late,3,0.72,High Risk
CRED-03404,CUST-03404,783,On-Time,0,0.25,Low Risk
CRED-03405,CUST-03405,724,On-Time,0,0.34,Medium Risk
CRED-03406,CUST-03406,741,On-Time,1,0.42,Medium Risk
CRED-03407,CUST-03407,732,On-Time,0,0.25,Medium Risk
CRED-03408,CUST-03408,810,On-Time,1,0.21,Low Risk
CRED-03409,CUST-03409,716,On-Time,0,0.28,Medium Risk
CRED-03410,CUST-03410,716,Occasional Late,0,0.46,Medium Risk
CRED-03411,CUST-03411,720,On-Time,0,0.32,Medium Risk
CRED-03412,CUST-03412,728,On-Time,0,0.44,Medium Risk
CRED-03413,CUST-03413,746,Occasional Late,2,0.47,Medium Risk
CRED-03414,CUST-03414,655,Frequently Late,2,0.68,High Risk
CRED-03415,CUST-03415,682,On-Time,0,0.46,Medium Risk
CRED-03416,CUST-03416,708,Occasional Late,0,0.5,Medium Risk
CRED-03417,CUST-03417,625,Frequently Late,3,0.48,High Risk
CRED-03418,CUST-03418,686,On-Time,1,0.44,Medium Risk
CRED-03419,CUST-03419,646,Occasional Late,4,0.81,High Risk
CRED-03420,CUST-03420,739,Occasional Late,1,0.24,Medium Risk
CRED-03421,CUST-03421,761,On-Time,0,0.07,Low Risk
CRED-03422,CUST-03422,728,On-Time,1,0.36,Medium Risk
CRED-03423,CUST-03423,606,Occasional Late,3,0.49,High Risk
CRED-03424,CUST-03424,726,On-Time,0,0.31,Medium Risk
CRED-03425,CUST-03425,758,On-Time,0,0.17,Low Risk
CRED-03426,CUST-03426,786,On-Time,0,0.19,Low Risk
CRED-03427,CUST-03427,680,On-Time,0,0.24,Medium Risk
CRED-03428,CUST-03428,795,On-Time,0,0.06,Low Risk
CRED-03429,CUST-03429,694,Occasional Late,0,0.38,Medium Risk
CRED-03430,CUST-03430,727,On-Time,0,0.48,Medium Risk
CRED-03431,CUST-03431,636,Occasional Late,4,0.72,High Risk
CRED-03432,CUST-03432,764,On-Time,0,0.22,Low Risk
CRED-03433,CUST-03433,785,On-Time,0,0.22,Low Risk
CRED-03434,CUST-03434,736,On-Time,2,0.23,Medium Risk
CRED-03435,CUST-03435,676,Occasional Late,0,0.47,Medium Risk
CRED-03436,CUST-03436,733,Occasional Late,0,0.28,Medium Risk
CRED-03437,CUST-03437,651,Occasional Late,2,0.76,High Risk
CRED-03438,CUST-03438,738,On-Time,2,0.23,Medium Risk
CRED-03439,CUST-03439,689,On-Time,1,0.46,Medium Risk
CRED-03440,CUST-03440,725,Occasional Late,0,0.4,Medium Risk
CRED-03441,CUST-03441,632,Occasional Late,3,0.5,High Risk
CRED-03442,CUST-03442,493,Frequently Late,11,0.77,Very High Risk
CRED-03443,CUST-03443,666,Frequently Late,1,0.72,High Risk
CRED-03444,CUST-03444,672,On-Time,0,0.29,Medium Risk
CRED-03445,CUST-03445,658,Frequently Late,1,0.79,High Risk
CRED-03446,CUST-03446,701,Occasional Late,0,0.49,Medium Risk
CRED-03447,CUST-03447,743,Occasional Late,0,0.26,Medium Risk
CRED-03448,CUST-03448,632,Frequently Late,1,0.7,High Risk
CRED-03449,CUST-03449,708,Occasional Late,1,0.25,Medium Risk
CRED-03450,CUST-03450,712,On-Time,0,0.42,Medium Risk
CRED-03451,CUST-03451,738,Occasional Late,1,0.26,Medium Risk
CRED-03452,CUST-03452,677,On-Time,2,0.38,Medium Risk
CRED-03453,CUST-03453,673,On-Time,0,0.45,Medium Risk
CRED-03454,CUST-03454,687,On-Time,0,0.49,Medium Risk
CRED-03455,CUST-03455,776,On-Time,0,0.18,Low Risk
CRED-03456,CUST-03456,748,On-Time,2,0.33,Medium Risk
CRED-03457,CUST-03457,698,Occasional Late,1,0.33,Medium Risk
CRED-03458,CUST-03458,711,On-Time,0,0.48,Medium Risk
CRED-03459,CUST-03459,629,Frequently Late,1,0.59,High Risk
CRED-03460,CUST-03460,691,Occasional Late,0,0.24,Medium Risk
CRED-03461,CUST-03461,671,On-Time,0,0.27,Medium Risk
CRED-03462,CUST-03462,683,On-Time,0,0.37,Medium Risk
CRED-03463,CUST-03463,628,Frequently Late,4,0.55,High Risk
CRED-03464,CUST-03464,708,On-Time,2,0.27,Medium Risk
CRED-03465,CUST-03465,608,Frequently Late,1,0.72,High Risk
CRED-03466,CUST-03466,761,On-Time,0,0.17,Low Risk
CRED-03467,CUST-03467,793,On-Time,0,0.2,Low Risk
CRED-03468,CUST-03468,710,On-Time,0,0.25,Medium Risk
CRED-03469,CUST-03469,598,Frequently Late,4,0.7,High Risk
CRED-03470,CUST-03470,697,On-Time,0,0.47,Medium Risk
CRED-03471,CUST-03471,690,On-Time,1,0.4,Medium Risk
CRED-03472,CUST-03472,748,Occasional Late,1,0.41,Medium Risk
CRED-03473,CUST-03473,724,On-Time,0,0.43,Medium Risk
CRED-03474,CUST-03474,736,On-Time,1,0.2,Medium Risk
CRED-03475,CUST-03475,711,On-Time,0,0.34,Medium Risk
CRED-03476,CUST-03476,666,Occasional Late,4,0.75,High Risk
CRED-03477,CUST-03477,752,On-Time,0,0.19,Low Risk
CRED-03478,CUST-03478,663,Occasional Late,4,0.61,High Risk
CRED-03479,CUST-03479,729,On-Time,0,0.46,Medium Risk
CRED-03480,CUST-03480,714,On-Time,0,0.23,Medium Risk
CRED-03481,CUST-03481,688,On-Time,0,0.24,Medium Risk
CRED-03482,CUST-03482,647,Occasional Late,4,0.83,High Risk
CRED-03483,CUST-03483,723,On-Time,0,0.31,Medium Risk
CRED-03484,CUST-03484,714,Occasional Late,1,0.38,Medium Risk
CRED-03485,CUST-03485,756,On-Time,0,0.06,Low Risk
CRED-03486,CUST-03486,655,Frequently Late,2,0.5,High Risk
CRED-03487,CUST-03487,701,On-Time,1,0.2,Medium Risk
CRED-03488,CUST-03488,678,On-Time,0,0.37,Medium Risk
CRED-03489,CUST-03489,729,On-Time,0,0.23,Medium Risk
CRED-03490,CUST-03490,408,Default Risk,5,0.98,Very High Risk
CRED-03491,CUST-03491,697,On-Time,0,0.24,Medium Risk
CRED-03492,CUST-03492,703,On-Time,1,0.45,Medium Risk
CRED-03493,CUST-03493,669,Occasional Late,4,0.68,High Risk
CRED-03494,CUST-03494,599,Frequently Late,2,0.74,High Risk
CRED-03495,CUST-03495,461,Default Risk,9,0.9,Very High Risk
CRED-03496,CUST-03496,708,On-Time,1,0.4,Medium Risk
CRED-03497,CUST-03497,727,On-Time,0,0.47,Medium Risk
CRED-03498,CUST-03498,512,Frequently Late,10,0.86,Very High Risk
CRED-03499,CUST-03499,702,On-Time,0,0.25,Medium Risk
CRED-03500,CUST-03500,733,Occasional Late,1,0.43,Medium Risk
CRED-03501,CUST-03501,737,On-Time,0,0.31,Medium Risk
CRED-03502,CUST-03502,748,On-Time,0,0.28,Medium Risk
CRED-03503,CUST-03503,738,On-Time,1,0.49,Medium Risk
CRED-03504,CUST-03504,655,Occasional Late,4,0.48,High Risk
CRED-03505,CUST-03505,730,Occasional Late,1,0.25,Medium Risk
CRED-03506,CUST-03506,710,Occasional Late,2,0.28,Medium Risk
CRED-03507,CUST-03507,671,On-Time,0,0.49,Medium Risk
CRED-03508,CUST-03508,734,On-Time,1,0.49,Medium Risk
CRED-03509,CUST-03509,748,On-Time,1,0.48,Medium Risk
CRED-03510,CUST-03510,623,Occasional Late,1,0.63,High Risk
CRED-03511,CUST-03511,661,Occasional Late,3,0.55,High Risk
CRED-03512,CUST-03512,678,On-Time,0,0.25,Medium Risk
CRED-03513,CUST-03513,699,On-Time,0,0.25,Medium Risk
CRED-03514,CUST-03514,484,Frequently Late,9,0.82,Very High Risk
CRED-03515,CUST-03515,802,On-Time,0,0.17,Low Risk
CRED-03516,CUST-03516,721,On-Time,0,0.29,Medium Risk
CRED-03517,CUST-03517,687,On-Time,0,0.43,Medium Risk
CRED-03518,CUST-03518,707,On-Time,2,0.38,Medium Risk
CRED-03519,CUST-03519,710,On-Time,0,0.36,Medium Risk
CRED-03520,CUST-03520,628,Occasional Late,2,0.55,High Risk
CRED-03521,CUST-03521,724,On-Time,1,0.34,Medium Risk
CRED-03522,CUST-03522,784,On-Time,0,0.21,Low Risk
CRED-03523,CUST-03523,720,On-Time,0,0.48,Medium Risk
CRED-03524,CUST-03524,523,Default Risk,6,0.91,Very High Risk
CRED-03525,CUST-03525,714,Occasional Late,0,0.49,Medium Risk
CRED-03526,CUST-03526,738,Occasional Late,2,0.38,Medium Risk
CRED-03527,CUST-03527,564,Frequently Late,4,0.79,Very High Risk
CRED-03528,CUST-03528,686,On-Time,0,0.35,Medium Risk
CRED-03529,CUST-03529,721,Occasional Late,0,0.4,Medium Risk
CRED-03530,CUST-03530,694,Occasional Late,0,0.37,Medium Risk
CRED-03531,CUST-03531,677,Occasional Late,1,0.21,Medium Risk
CRED-03532,CUST-03532,652,Occasional Late,4,0.69,High Risk
CRED-03533,CUST-03533,799,On-Time,0,0.19,Low Risk
CRED-03534,CUST-03534,694,On-Time,2,0.21,Medium Risk
CRED-03535,CUST-03535,622,Occasional Late,3,0.83,High Risk
CRED-03536,CUST-03536,737,On-Time,0,0.47,Medium Risk
CRED-03537,CUST-03537,709,On-Time,0,0.49,Medium Risk
CRED-03538,CUST-03538,687,On-Time,0,0.43,Medium Risk
CRED-03539,CUST-03539,722,On-Time,0,0.25,Medium Risk
CRED-03540,CUST-03540,709,On-Time,0,0.27,Medium Risk
CRED-03541,CUST-03541,719,On-Time,1,0.36,Medium Risk
CRED-03542,CUST-03542,765,On-Time,0,0.06,Low Risk
CRED-03543,CUST-03543,623,Occasional Late,1,0.66,High Risk
CRED-03544,CUST-03544,719,Occasional Late,0,0.27,Medium Risk
CRED-03545,CUST-03545,673,Occasional Late,0,0.31,Medium Risk
CRED-03546,CUST-03546,732,On-Time,0,0.24,Medium Risk
CRED-03547,CUST-03547,759,On-Time,0,0.23,Low Risk
CRED-03548,CUST-03548,704,On-Time,1,0.43,Medium Risk
CRED-03549,CUST-03549,768,On-Time,0,0.12,Low Risk
CRED-03550,CUST-03550,602,Frequently Late,3,0.51,High Risk
CRED-03551,CUST-03551,673,Occasional Late,2,0.33,Medium Risk
CRED-03552,CUST-03552,751,On-Time,0,0.19,Low Risk
CRED-03553,CUST-03553,674,On-Time,0,0.48,Medium Risk
CRED-03554,CUST-03554,808,On-Time,0,0.1,Low Risk
CRED-03555,CUST-03555,733,On-Time,0,0.2,Medium Risk
CRED-03556,CUST-03556,753,On-Time,0,0.06,Low Risk
CRED-03557,CUST-03557,674,On-Time,1,0.25,Medium Risk
CRED-03558,CUST-03558,755,On-Time,0,0.09,Low Risk
CRED-03559,CUST-03559,669,Frequently Late,4,0.74,High Risk
CRED-03560,CUST-03560,748,On-Time,0,0.25,Medium Risk
CRED-03561,CUST-03561,759,On-Time,0,0.25,Low Risk
CRED-03562,CUST-03562,709,Occasional Late,1,0.27,Medium Risk
CRED-03563,CUST-03563,522,Default Risk,4,0.75,Very High Risk
CRED-03564,CUST-03564,722,On-Time,1,0.34,Medium Risk
CRED-03565,CUST-03565,769,On-Time,1,0.15,Low Risk
CRED-03566,CUST-03566,670,On-Time,1,0.48,Medium Risk
CRED-03567,CUST-03567,691,Occasional Late,0,0.31,Medium Risk
CRED-03568,CUST-03568,654,Occasional Late,3,0.51,High Risk
CRED-03569,CUST-03569,759,On-Time,0,0.12,Low Risk
CRED-03570,CUST-03570,745,On-Time,0,0.38,Medium Risk
CRED-03571,CUST-03571,572,Default Risk,6,0.89,Very High Risk
CRED-03572,CUST-03572,728,On-Time,0,0.3,Medium Risk
CRED-03573,CUST-03573,702,On-Time,0,0.42,Medium Risk
CRED-03574,CUST-03574,688,On-Time,2,0.39,Medium Risk
CRED-03575,CUST-03575,739,On-Time,0,0.47,Medium Risk
CRED-03576,CUST-03576,710,On-Time,1,0.49,Medium Risk
CRED-03577,CUST-03577,661,Occasional Late,4,0.64,High Risk
CRED-03578,CUST-03578,672,On-Time,0,0.45,Medium Risk
CRED-03579,CUST-03579,757,On-Time,0,0.11,Low Risk
CRED-03580,CUST-03580,737,Occasional Late,1,0.45,Medium Risk
CRED-03581,CUST-03581,713,On-Time,1,0.43,Medium Risk
CRED-03582,CUST-03582,609,Occasional Late,4,0.6,High Risk
CRED-03583,CUST-03583,631,Occasional Late,3,0.78,High Risk
CRED-03584,CUST-03584,687,On-Time,2,0.37,Medium Risk
CRED-03585,CUST-03585,699,On-Time,1,0.41,Medium Risk
CRED-03586,CUST-03586,728,On-Time,0,0.39,Medium Risk
CRED-03587,CUST-03587,644,Occasional Late,3,0.56,High Risk
CRED-03588,CUST-03588,690,On-Time,0,0.34,Medium Risk
CRED-03589,CUST-03589,686,On-Time,0,0.34,Medium Risk
CRED-03590,CUST-03590,609,Frequently Late,1,0.49,High Risk
CRED-03591,CUST-03591,626,Frequently Late,2,0.84,High Risk
CRED-03592,CUST-03592,698,On-Time,0,0.46,Medium Risk
CRED-03593,CUST-03593,731,Occasional Late,0,0.44,Medium Risk
CRED-03594,CUST-03594,601,Occasional Late,3,0.71,High Risk
CRED-03595,CUST-03595,788,On-Time,0,0.06,Low Risk
CRED-03596,CUST-03596,802,On-Time,0,0.21,Low Risk
CRED-03597,CUST-03597,666,Frequently Late,4,0.78,High Risk
CRED-03598,CUST-03598,493,Frequently Late,11,0.97,Very High Risk
CRED-03599,CUST-03599,742,On-Time,0,0.3,Medium Risk
CRED-03600,CUST-03600,751,On-Time,0,0.19,Low Risk
CRED-03601,CUST-03601,674,On-Time,0,0.38,Medium Risk
CRED-03602,CUST-03602,692,Occasional Late,0,0.38,Medium Risk
CRED-03603,CUST-03603,587,Frequently Late,2,0.81,High Risk
CRED-03604,CUST-03604,707,Occasional Late,0,0.36,Medium Risk
CRED-03605,CUST-03605,817,On-Time,0,0.13,Low Risk
CRED-03606,CUST-03606,646,Frequently Late,1,0.59,High Risk
CRED-03607,CUST-03607,730,Occasional Late,0,0.34,Medium Risk
CRED-03608,CUST-03608,789,On-Time,0,0.21,Low Risk
CRED-03609,CUST-03609,684,On-Time,0,0.41,Medium Risk
CRED-03610,CUST-03610,763,On-Time,0,0.23,Low Risk
CRED-03611,CUST-03611,569,Frequently Late,6,0.72,Very High Risk
CRED-03612,CUST-03612,726,On-Time,1,0.31,Medium Risk
CRED-03613,CUST-03613,701,On-Time,0,0.49,Medium Risk
CRED-03614,CUST-03614,657,Occasional Late,2,0.56,High Risk
CRED-03615,CUST-03615,720,Occasional Late,0,0.21,Medium Risk
CRED-03616,CUST-03616,765,On-Time,0,0.21,Low Risk
CRED-03617,CUST-03617,720,On-Time,0,0.32,Medium Risk
CRED-03618,CUST-03618,754,On-Time,0,0.15,Low Risk
CRED-03619,CUST-03619,661,Frequently Late,3,0.84,High Risk
CRED-03620,CUST-03620,638,Frequently Late,3,0.54,High Risk
CRED-03621,CUST-03621,693,Occasional Late,0,0.34,Medium Risk
CRED-03622,CUST-03622,714,Occasional Late,0,0.45,Medium Risk
CRED-03623,CUST-03623,718,On-Time,0,0.22,Medium Risk
CRED-03624,CUST-03624,704,On-Time,0,0.3,Medium Risk
CRED-03625,CUST-03625,822,On-Time,0,0.09,Low Risk
CRED-03626,CUST-03626,710,On-Time,0,0.28,Medium Risk
CRED-03627,CUST-03627,697,Occasional Late,0,0.36,Medium Risk
CRED-03628,CUST-03628,611,Frequently Late,1,0.65,High Risk
CRED-03629,CUST-03629,554,Default Risk,7,0.73,Very High Risk
CRED-03630,CUST-03630,692,On-Time,0,0.31,Medium Risk
CRED-03631,CUST-03631,622,Occasional Late,3,0.79,High Risk
CRED-03632,CUST-03632,643,Occasional Late,3,0.73,High Risk
CRED-03633,CUST-03633,562,Frequently Late,7,0.76,Very High Risk
CRED-03634,CUST-03634,720,On-Time,0,0.37,Medium Risk
CRED-03635,CUST-03635,719,On-Time,0,0.24,Medium Risk
CRED-03636,CUST-03636,775,On-Time,0,0.12,Low Risk
CRED-03637,CUST-03637,709,Occasional Late,2,0.23,Medium Risk
CRED-03638,CUST-03638,662,Occasional Late,2,0.57,High Risk
CRED-03639,CUST-03639,789,On-Time,0,0.15,Low Risk
CRED-03640,CUST-03640,729,Occasional Late,0,0.36,Medium Risk
CRED-03641,CUST-03641,724,Occasional Late,0,0.33,Medium Risk
CRED-03642,CUST-03642,701,Occasional Late,1,0.48,Medium Risk
CRED-03643,CUST-03643,758,On-Time,0,0.17,Low Risk
CRED-03644,CUST-03644,632,Frequently Late,4,0.8,High Risk
CRED-03645,CUST-03645,428,Default Risk,8,0.83,Very High Risk
CRED-03646,CUST-03646,658,Frequently Late,4,0.53,High Risk
CRED-03647,CUST-03647,719,On-Time,0,0.29,Medium Risk
CRED-03648,CUST-03648,773,On-Time,0,0.16,Low Risk
CRED-03649,CUST-03649,729,On-Time,0,0.41,Medium Risk
CRED-03650,CUST-03650,738,On-Time,0,0.27,Medium Risk
CRED-03651,CUST-03651,629,Occasional Late,2,0.57,High Risk
CRED-03652,CUST-03652,695,On-Time,0,0.45,Medium Risk
CRED-03653,CUST-03653,748,On-Time,0,0.24,Medium Risk
CRED-03654,CUST-03654,672,On-Time,0,0.26,Medium Risk
CRED-03655,CUST-03655,488,Frequently Late,5,0.8,Very High Risk
CRED-03656,CUST-03656,668,Frequently Late,1,0.62,High Risk
CRED-03657,CUST-03657,688,On-Time,0,0.49,Medium Risk
CRED-03658,CUST-03658,666,Frequently Late,2,0.64,High Risk
CRED-03659,CUST-03659,769,On-Time,0,0.22,Low Risk
CRED-03660,CUST-03660,695,On-Time,0,0.38,Medium Risk
CRED-03661,CUST-03661,698,On-Time,0,0.36,Medium Risk
CRED-03662,CUST-03662,680,Occasional Late,0,0.4,Medium Risk
CRED-03663,CUST-03663,693,On-Time,0,0.48,Medium Risk
CRED-03664,CUST-03664,745,Occasional Late,0,0.41,Medium Risk
CRED-03665,CUST-03665,679,Occasional Late,0,0.26,Medium Risk
CRED-03666,CUST-03666,700,On-Time,0,0.24,Medium Risk
CRED-03667,CUST-03667,730,On-Time,2,0.29,Medium Risk
CRED-03668,CUST-03668,664,Frequently Late,2,0.82,High Risk
CRED-03669,CUST-03669,655,Occasional Late,3,0.8,High Risk
CRED-03670,CUST-03670,637,Occasional Late,3,0.83,High Risk
CRED-03671,CUST-03671,555,Frequently Late,7,0.74,Very High Risk
CRED-03672,CUST-03672,536,Default Risk,6,0.72,Very High Risk
CRED-03673,CUST-03673,753,On-Time,0,0.12,Low Risk
CRED-03674,CUST-03674,811,On-Time,0,0.23,Low Risk
CRED-03675,CUST-03675,691,Occasional Late,1,0.37,Medium Risk
CRED-03676,CUST-03676,703,On-Time,0,0.3,Medium Risk
CRED-03677,CUST-03677,691,On-Time,2,0.24,Medium Risk
CRED-03678,CUST-03678,791,On-Time,0,0.23,Low Risk
CRED-03679,CUST-03679,718,Occasional Late,0,0.45,Medium Risk
CRED-03680,CUST-03680,643,Frequently Late,3,0.75,High Risk
CRED-03681,CUST-03681,745,Occasional Late,0,0.23,Medium Risk
CRED-03682,CUST-03682,693,On-Time,1,0.31,Medium Risk
CRED-03683,CUST-03683,717,Occasional Late,0,0.45,Medium Risk
CRED-03684,CUST-03684,656,Occasional Late,1,0.63,High Risk
CRED-03685,CUST-03685,737,On-Time,0,0.47,Medium Risk
CRED-03686,CUST-03686,797,On-Time,0,0.21,Low Risk
CRED-03687,CUST-03687,684,On-Time,1,0.48,Medium Risk
CRED-03688,CUST-03688,725,On-Time,1,0.31,Medium Risk
CRED-03689,CUST-03689,663,Frequently Late,2,0.53,High Risk
CRED-03690,CUST-03690,764,On-Time,0,0.22,Low Risk
CRED-03691,CUST-03691,809,On-Time,0,0.07,Low Risk
CRED-03692,CUST-03692,739,On-Time,0,0.42,Medium Risk
CRED-03693,CUST-03693,702,On-Time,0,0.33,Medium Risk
CRED-03694,CUST-03694,707,On-Time,0,0.28,Medium Risk
CRED-03695,CUST-03695,744,On-Time,1,0.45,Medium Risk
CRED-03696,CUST-03696,641,Frequently Late,2,0.52,High Risk
CRED-03697,CUST-03697,736,On-Time,0,0.46,Medium Risk
CRED-03698,CUST-03698,522,Default Risk,10,0.72,Very High Risk
CRED-03699,CUST-03699,748,On-Time,1,0.4,Medium Risk
CRED-03700,CUST-03700,742,Occasional Late,0,0.37,Medium Risk
CRED-03701,CUST-03701,677,Occasional Late,1,0.47,Medium Risk
CRED-03702,CUST-03702,656,Occasional Late,3,0.61,High Risk
CRED-03703,CUST-03703,598,Frequently Late,4,0.65,High Risk
CRED-03704,CUST-03704,609,Frequently Late,3,0.47,High Risk
CRED-03705,CUST-03705,612,Frequently Late,3,0.5,High Risk
CRED-03706,CUST-03706,685,Occasional Late,0,0.3,Medium Risk
CRED-03707,CUST-03707,710,On-Time,0,0.28,Medium Risk
CRED-03708,CUST-03708,680,Occasional Late,0,0.25,Medium Risk
CRED-03709,CUST-03709,660,Frequently Late,1,0.84,High Risk
CRED-03710,CUST-03710,666,Occasional Late,4,0.48,High Risk
CRED-03711,CUST-03711,659,Frequently Late,2,0.55,High Risk
CRED-03712,CUST-03712,674,Occasional Late,0,0.28,Medium Risk
CRED-03713,CUST-03713,751,On-Time,1,0.11,Low Risk
CRED-03714,CUST-03714,700,On-Time,0,0.28,Medium Risk
CRED-03715,CUST-03715,738,Occasional Late,0,0.47,Medium Risk
CRED-03716,CUST-03716,575,Frequently Late,10,0.93,Very High Risk
CRED-03717,CUST-03717,702,On-Time,1,0.36,Medium Risk
CRED-03718,CUST-03718,686,Occasional Late,0,0.28,Medium Risk
CRED-03719,CUST-03719,704,Occasional Late,0,0.35,Medium Risk
CRED-03720,CUST-03720,739,Occasional Late,0,0.29,Medium Risk
CRED-03721,CUST-03721,710,On-Time,0,0.49,Medium Risk
CRED-03722,CUST-03722,696,Occasional Late,0,0.33,Medium Risk
CRED-03723,CUST-03723,626,Frequently Late,3,0.85,High Risk
CRED-03724,CUST-03724,737,On-Time,1,0.47,Medium Risk
CRED-03725,CUST-03725,749,On-Time,1,0.36,Medium Risk
CRED-03726,CUST-03726,615,Occasional Late,4,0.47,High Risk
CRED-03727,CUST-03727,779,On-Time,0,0.17,Low Risk
CRED-03728,CUST-03728,680,Occasional Late,0,0.42,Medium Risk
CRED-03729,CUST-03729,657,Frequently Late,2,0.81,High Risk
CRED-03730,CUST-03730,711,On-Time,1,0.21,Medium Risk
CRED-03731,CUST-03731,685,On-Time,0,0.47,Medium Risk
CRED-03732,CUST-03732,766,On-Time,0,0.16,Low Risk
CRED-03733,CUST-03733,727,On-Time,0,0.25,Medium Risk
CRED-03734,CUST-03734,758,On-Time,0,0.18,Low Risk
CRED-03735,CUST-03735,717,On-Time,0,0.22,Medium Risk
CRED-03736,CUST-03736,594,Occasional Late,4,0.79,High Risk
CRED-03737,CUST-03737,695,On-Time,0,0.44,Medium Risk
CRED-03738,CUST-03738,751,On-Time,0,0.18,Low Risk
CRED-03739,CUST-03739,710,Occasional Late,0,0.28,Medium Risk
CRED-03740,CUST-03740,762,On-Time,1,0.13,Low Risk
CRED-03741,CUST-03741,766,On-Time,0,0.19,Low Risk
CRED-03742,CUST-03742,616,Frequently Late,1,0.54,High Risk
CRED-03743,CUST-03743,707,On-Time,0,0.33,Medium Risk
CRED-03744,CUST-03744,558,Frequently Late,6,0.81,Very High Risk
CRED-03745,CUST-03745,705,On-Time,1,0.42,Medium Risk
CRED-03746,CUST-03746,611,Frequently Late,4,0.56,High Risk
CRED-03747,CUST-03747,712,Occasional Late,0,0.34,Medium Risk
CRED-03748,CUST-03748,558,Default Risk,7,0.85,Very High Risk
CRED-03749,CUST-03749,693,On-Time,0,0.38,Medium Risk
CRED-03750,CUST-03750,782,On-Time,0,0.11,Low Risk
CRED-03751,CUST-03751,737,Occasional Late,0,0.46,Medium Risk
CRED-03752,CUST-03752,764,On-Time,0,0.24,Low Risk
CRED-03753,CUST-03753,699,Occasional Late,2,0.4,Medium Risk
CRED-03754,CUST-03754,656,Frequently Late,1,0.48,High Risk
CRED-03755,CUST-03755,748,Occasional Late,0,0.25,Medium Risk
CRED-03756,CUST-03756,712,On-Time,2,0.32,Medium Risk
CRED-03757,CUST-03757,549,Default Risk,7,0.85,Very High Risk
CRED-03758,CUST-03758,669,Frequently Late,3,0.64,High Risk
CRED-03759,CUST-03759,738,On-Time,0,0.31,Medium Risk
CRED-03760,CUST-03760,718,On-Time,2,0.25,Medium Risk
CRED-03761,CUST-03761,726,On-Time,0,0.47,Medium Risk
CRED-03762,CUST-03762,778,On-Time,0,0.11,Low Risk
CRED-03763,CUST-03763,690,Occasional Late,2,0.36,Medium Risk
CRED-03764,CUST-03764,643,Occasional Late,4,0.57,High Risk
CRED-03765,CUST-03765,698,On-Time,0,0.3,Medium Risk
CRED-03766,CUST-03766,683,On-Time,0,0.23,Medium Risk
CRED-03767,CUST-03767,718,Occasional Late,0,0.34,Medium Risk
CRED-03768,CUST-03768,744,On-Time,2,0.45,Medium Risk
CRED-03769,CUST-03769,786,On-Time,0,0.1,Low Risk
CRED-03770,CUST-03770,673,Occasional Late,0,0.21,Medium Risk
CRED-03771,CUST-03771,736,Occasional Late,0,0.46,Medium Risk
CRED-03772,CUST-03772,807,On-Time,0,0.09,Low Risk
CRED-03773,CUST-03773,687,On-Time,0,0.21,Medium Risk
CRED-03774,CUST-03774,773,On-Time,0,0.09,Low Risk
CRED-03775,CUST-03775,708,On-Time,0,0.22,Medium Risk
CRED-03776,CUST-03776,680,On-Time,0,0.44,Medium Risk
CRED-03777,CUST-03777,664,Occasional Late,4,0.58,High Risk
CRED-03778,CUST-03778,671,On-Time,0,0.35,Medium Risk
CRED-03779,CUST-03779,644,Occasional Late,2,0.56,High Risk
CRED-03780,CUST-03780,736,On-Time,0,0.49,Medium Risk
CRED-03781,CUST-03781,660,Occasional Late,3,0.64,High Risk
CRED-03782,CUST-03782,667,Occasional Late,3,0.6,High Risk
CRED-03783,CUST-03783,763,On-Time,0,0.06,Low Risk
CRED-03784,CUST-03784,650,Occasional Late,1,0.68,High Risk
CRED-03785,CUST-03785,698,Occasional Late,0,0.48,Medium Risk
CRED-03786,CUST-03786,721,On-Time,0,0.24,Medium Risk
CRED-03787,CUST-03787,648,Occasional Late,1,0.51,High Risk
CRED-03788,CUST-03788,619,Frequently Late,4,0.69,High Risk
CRED-03789,CUST-03789,513,Frequently Late,7,0.8,Very High Risk
CRED-03790,CUST-03790,750,On-Time,0,0.18,Low Risk
CRED-03791,CUST-03791,723,On-Time,1,0.28,Medium Risk
CRED-03792,CUST-03792,480,Frequently Late,10,0.83,Very High Risk
CRED-03793,CUST-03793,727,On-Time,2,0.26,Medium Risk
CRED-03794,CUST-03794,746,On-Time,1,0.4,Medium Risk
CRED-03795,CUST-03795,785,On-Time,0,0.09,Low Risk
CRED-03796,CUST-03796,750,On-Time,0,0.13,Low Risk
CRED-03797,CUST-03797,684,On-Time,0,0.38,Medium Risk
CRED-03798,CUST-03798,711,On-Time,0,0.37,Medium Risk
CRED-03799,CUST-03799,765,On-Time,0,0.08,Low Risk
CRED-03800,CUST-03800,681,On-Time,0,0.36,Medium Risk
CRED-03801,CUST-03801,746,Occasional Late,0,0.27,Medium Risk
CRED-03802,CUST-03802,746,On-Time,0,0.38,Medium Risk
CRED-03803,CUST-03803,621,Occasional Late,4,0.73,High Risk
CRED-03804,CUST-03804,655,Occasional Late,3,0.53,High Risk
CRED-03805,CUST-03805,715,Occasional Late,1,0.22,Medium Risk
CRED-03806,CUST-03806,710,On-Time,0,0.49,Medium Risk
CRED-03807,CUST-03807,790,On-Time,0,0.08,Low Risk
CRED-03808,CUST-03808,752,On-Time,0,0.12,Low Risk
CRED-03809,CUST-03809,720,On-Time,0,0.26,Medium Risk
CRED-03810,CUST-03810,495,Frequently Late,8,0.95,Very High Risk
CRED-03811,CUST-03811,749,On-Time,0,0.34,Medium Risk
CRED-03812,CUST-03812,765,On-Time,0,0.17,Low Risk
CRED-03813,CUST-03813,573,Default Risk,9,0.98,Very High Risk
CRED-03814,CUST-03814,571,Default Risk,11,0.76,Very High Risk
CRED-03815,CUST-03815,688,Occasional Late,0,0.44,Medium Risk
CRED-03816,CUST-03816,785,On-Time,0,0.06,Low Risk
CRED-03817,CUST-03817,699,On-Time,0,0.3,Medium Risk
CRED-03818,CUST-03818,688,On-Time,1,0.28,Medium Risk
CRED-03819,CUST-03819,728,On-Time,0,0.43,Medium Risk
CRED-03820,CUST-03820,762,On-Time,0,0.19,Low Risk
CRED-03821,CUST-03821,532,Frequently Late,5,0.75,Very High Risk
CRED-03822,CUST-03822,543,Frequently Late,7,0.86,Very High Risk
CRED-03823,CUST-03823,738,On-Time,1,0.4,Medium Risk
CRED-03824,CUST-03824,680,On-Time,0,0.38,Medium Risk
CRED-03825,CUST-03825,766,On-Time,0,0.17,Low Risk
CRED-03826,CUST-03826,711,On-Time,1,0.46,Medium Risk
CRED-03827,CUST-03827,734,Occasional Late,2,0.46,Medium Risk
CRED-03828,CUST-03828,477,Default Risk,10,0.75,Very High Risk
CRED-03829,CUST-03829,746,On-Time,1,0.38,Medium Risk
CRED-03830,CUST-03830,694,On-Time,0,0.22,Medium Risk
CRED-03831,CUST-03831,716,On-Time,0,0.47,Medium Risk
CRED-03832,CUST-03832,798,On-Time,0,0.16,Low Risk
CRED-03833,CUST-03833,728,On-Time,2,0.48,Medium Risk
CRED-03834,CUST-03834,692,Occasional Late,1,0.35,Medium Risk
CRED-03835,CUST-03835,669,Occasional Late,3,0.64,High Risk
CRED-03836,CUST-03836,717,Occasional Late,0,0.42,Medium Risk
CRED-03837,CUST-03837,743,On-Time,0,0.47,Medium Risk
CRED-03838,CUST-03838,606,Occasional Late,4,0.5,High Risk
CRED-03839,CUST-03839,665,Occasional Late,3,0.76,High Risk
CRED-03840,CUST-03840,723,On-Time,1,0.3,Medium Risk
CRED-03841,CUST-03841,715,On-Time,2,0.22,Medium Risk
CRED-03842,CUST-03842,621,Occasional Late,3,0.49,High Risk
CRED-03843,CUST-03843,731,On-Time,0,0.4,Medium Risk
CRED-03844,CUST-03844,773,On-Time,0,0.25,Low Risk
CRED-03845,CUST-03845,724,On-Time,1,0.48,Medium Risk
CRED-03846,CUST-03846,665,Frequently Late,1,0.56,High Risk
CRED-03847,CUST-03847,771,On-Time,0,0.15,Low Risk
CRED-03848,CUST-03848,682,On-Time,0,0.3,Medium Risk
CRED-03849,CUST-03849,741,Occasional Late,1,0.37,Medium Risk
CRED-03850,CUST-03850,700,Occasional Late,0,0.22,Medium Risk
CRED-03851,CUST-03851,703,Occasional Late,0,0.5,Medium Risk
CRED-03852,CUST-03852,565,Default Risk,4,0.78,Very High Risk
CRED-03853,CUST-03853,710,Occasional Late,0,0.39,Medium Risk
CRED-03854,CUST-03854,735,On-Time,0,0.27,Medium Risk
CRED-03855,CUST-03855,719,On-Time,0,0.33,Medium Risk
CRED-03856,CUST-03856,684,Occasional Late,0,0.35,Medium Risk
CRED-03857,CUST-03857,661,Frequently Late,3,0.47,High Risk
CRED-03858,CUST-03858,736,On-Time,0,0.23,Medium Risk
CRED-03859,CUST-03859,653,Frequently Late,1,0.55,High Risk
CRED-03860,CUST-03860,804,On-Time,0,0.16,Low Risk
CRED-03861,CUST-03861,751,On-Time,0,0.15,Low Risk
CRED-03862,CUST-03862,587,Occasional Late,4,0.57,High Risk
CRED-03863,CUST-03863,669,Occasional Late,3,0.7,High Risk
CRED-03864,CUST-03864,686,On-Time,2,0.24,Medium Risk
CRED-03865,CUST-03865,709,On-Time,1,0.49,Medium Risk
CRED-03866,CUST-03866,658,Frequently Late,2,0.62,High Risk
CRED-03867,CUST-03867,604,Occasional Late,2,0.58,High Risk
CRED-03868,CUST-03868,725,On-Time,1,0.23,Medium Risk
CRED-03869,CUST-03869,608,Occasional Late,3,0.69,High Risk
CRED-03870,CUST-03870,743,On-Time,0,0.5,Medium Risk
CRED-03871,CUST-03871,700,On-Time,0,0.23,Medium Risk
CRED-03872,CUST-03872,804,On-Time,0,0.11,Low Risk
CRED-03873,CUST-03873,487,Frequently Late,11,0.75,Very High Risk
CRED-03874,CUST-03874,795,On-Time,0,0.14,Low Risk
CRED-03875,CUST-03875,681,On-Time,0,0.42,Medium Risk
CRED-03876,CUST-03876,732,On-Time,2,0.24,Medium Risk
CRED-03877,CUST-03877,784,On-Time,0,0.2,Low Risk
CRED-03878,CUST-03878,765,On-Time,0,0.23,Low Risk
CRED-03879,CUST-03879,713,On-Time,0,0.35,Medium Risk
CRED-03880,CUST-03880,666,Frequently Late,1,0.8,High Risk
CRED-03881,CUST-03881,626,Occasional Late,2,0.75,High Risk
CRED-03882,CUST-03882,678,On-Time,0,0.38,Medium Risk
CRED-03883,CUST-03883,719,Occasional Late,0,0.48,Medium Risk
CRED-03884,CUST-03884,712,On-Time,1,0.37,Medium Risk
CRED-03885,CUST-03885,745,On-Time,1,0.4,Medium Risk
CRED-03886,CUST-03886,770,On-Time,0,0.23,Low Risk
CRED-03887,CUST-03887,667,Frequently Late,1,0.82,High Risk
CRED-03888,CUST-03888,734,Occasional Late,2,0.3,Medium Risk
CRED-03889,CUST-03889,727,Occasional Late,0,0.47,Medium Risk
CRED-03890,CUST-03890,645,Occasional Late,3,0.7,High Risk
CRED-03891,CUST-03891,741,Occasional Late,0,0.25,Medium Risk
CRED-03892,CUST-03892,742,Occasional Late,0,0.23,Medium Risk
CRED-03893,CUST-03893,687,Occasional Late,2,0.22,Medium Risk
CRED-03894,CUST-03894,763,On-Time,0,0.13,Low Risk
CRED-03895,CUST-03895,719,On-Time,0,0.44,Medium Risk
CRED-03896,CUST-03896,705,Occasional Late,0,0.44,Medium Risk
CRED-03897,CUST-03897,722,On-Time,0,0.47,Medium Risk
CRED-03898,CUST-03898,591,Frequently Late,2,0.47,High Risk
CRED-03899,CUST-03899,666,Occasional Late,4,0.78,High Risk
CRED-03900,CUST-03900,618,Frequently Late,2,0.72,High Risk
CRED-03901,CUST-03901,674,On-Time,0,0.48,Medium Risk
CRED-03902,CUST-03902,709,On-Time,0,0.39,Medium Risk
CRED-03903,CUST-03903,647,Frequently Late,4,0.47,High Risk
CRED-03904,CUST-03904,717,On-Time,1,0.28,Medium Risk
CRED-03905,CUST-03905,728,On-Time,2,0.45,Medium Risk
CRED-03906,CUST-03906,707,On-Time,0,0.23,Medium Risk
CRED-03907,CUST-03907,780,On-Time,0,0.21,Low Risk
CRED-03908,CUST-03908,567,Frequently Late,4,0.9,Very High Risk
CRED-03909,CUST-03909,576,Default Risk,5,0.78,Very High Risk
CRED-03910,CUST-03910,730,Occasional Late,0,0.28,Medium Risk
CRED-03911,CUST-03911,739,On-Time,2,0.36,Medium Risk
CRED-03912,CUST-03912,670,On-Time,2,0.31,Medium Risk
CRED-03913,CUST-03913,717,Occasional Late,1,0.27,Medium Risk
CRED-03914,CUST-03914,750,On-Time,0,0.08,Low Risk
CRED-03915,CUST-03915,712,Occasional Late,0,0.37,Medium Risk
CRED-03916,CUST-03916,656,Occasional Late,4,0.64,High Risk
CRED-03917,CUST-03917,697,Occasional Late,1,0.49,Medium Risk
CRED-03918,CUST-03918,479,Default Risk,5,0.79,Very High Risk
CRED-03919,CUST-03919,725,On-Time,0,0.21,Medium Risk
CRED-03920,CUST-03920,689,On-Time,0,0.46,Medium Risk
CRED-03921,CUST-03921,712,On-Time,0,0.32,Medium Risk
CRED-03922,CUST-03922,673,Occasional Late,0,0.47,Medium Risk
CRED-03923,CUST-03923,743,On-Time,0,0.34,Medium Risk
CRED-03924,CUST-03924,750,On-Time,0,0.14,Low Risk
CRED-03925,CUST-03925,486,Frequently Late,4,0.74,Very High Risk
CRED-03926,CUST-03926,675,On-Time,0,0.34,Medium Risk
CRED-03927,CUST-03927,701,Occasional Late,1,0.4,Medium Risk
CRED-03928,CUST-03928,673,Occasional Late,0,0.37,Medium Risk
CRED-03929,CUST-03929,782,On-Time,0,0.21,Low Risk
CRED-03930,CUST-03930,770,On-Time,0,0.22,Low Risk
CRED-03931,CUST-03931,669,Frequently Late,1,0.52,High Risk
CRED-03932,CUST-03932,710,On-Time,2,0.5,Medium Risk
CRED-03933,CUST-03933,552,Frequently Late,10,0.99,Very High Risk
CRED-03934,CUST-03934,790,On-Time,0,0.16,Low Risk
CRED-03935,CUST-03935,639,Occasional Late,4,0.53,High Risk
CRED-03936,CUST-03936,707,On-Time,1,0.31,Medium Risk
CRED-03937,CUST-03937,698,On-Time,1,0.35,Medium Risk
CRED-03938,CUST-03938,818,On-Time,0,0.17,Low Risk
CRED-03939,CUST-03939,687,On-Time,0,0.41,Medium Risk
CRED-03940,CUST-03940,714,Occasional Late,1,0.37,Medium Risk
CRED-03941,CUST-03941,717,On-Time,1,0.48,Medium Risk
CRED-03942,CUST-03942,639,Occasional Late,4,0.53,High Risk
CRED-03943,CUST-03943,543,Frequently Late,8,0.81,Very High Risk
CRED-03944,CUST-03944,703,On-Time,0,0.24,Medium Risk
CRED-03945,CUST-03945,767,On-Time,0,0.22,Low Risk
CRED-03946,CUST-03946,772,On-Time,0,0.17,Low Risk
CRED-03947,CUST-03947,623,Frequently Late,1,0.47,High Risk
CRED-03948,CUST-03948,638,Frequently Late,4,0.78,High Risk
CRED-03949,CUST-03949,670,On-Time,2,0.22,Medium Risk
CRED-03950,CUST-03950,809,On-Time,0,0.06,Low Risk
CRED-03951,CUST-03951,715,On-Time,0,0.38,Medium Risk
CRED-03952,CUST-03952,751,On-Time,0,0.06,Low Risk
CRED-03953,CUST-03953,673,Occasional Late,0,0.46,Medium Risk
CRED-03954,CUST-03954,718,Occasional Late,2,0.48,Medium Risk
CRED-03955,CUST-03955,413,Default Risk,6,0.84,Very High Risk
CRED-03956,CUST-03956,776,On-Time,1,0.12,Low Risk
CRED-03957,CUST-03957,735,On-Time,1,0.45,Medium Risk
CRED-03958,CUST-03958,641,Occasional Late,3,0.72,High Risk
CRED-03959,CUST-03959,693,On-Time,0,0.47,Medium Risk
CRED-03960,CUST-03960,733,On-Time,0,0.37,Medium Risk
CRED-03961,CUST-03961,676,On-Time,0,0.22,Medium Risk
CRED-03962,CUST-03962,722,Occasional Late,0,0.35,Medium Risk
CRED-03963,CUST-03963,740,On-Time,0,0.27,Medium Risk
CRED-03964,CUST-03964,733,On-Time,0,0.24,Medium Risk
CRED-03965,CUST-03965,731,Occasional Late,0,0.33,Medium Risk
CRED-03966,CUST-03966,700,Occasional Late,2,0.45,Medium Risk
CRED-03967,CUST-03967,464,Frequently Late,10,0.88,Very High Risk
CRED-03968,CUST-03968,648,Frequently Late,4,0.64,High Risk
CRED-03969,CUST-03969,672,On-Time,0,0.26,Medium Risk
CRED-03970,CUST-03970,718,On-Time,0,0.46,Medium Risk
CRED-03971,CUST-03971,668,Frequently Late,4,0.66,High Risk
CRED-03972,CUST-03972,739,On-Time,0,0.23,Medium Risk
CRED-03973,CUST-03973,770,On-Time,0,0.19,Low Risk
CRED-03974,CUST-03974,647,Occasional Late,4,0.46,High Risk
CRED-03975,CUST-03975,708,Occasional Late,0,0.31,Medium Risk
CRED-03976,CUST-03976,835,On-Time,0,0.09,Low Risk
CRED-03977,CUST-03977,761,On-Time,0,0.2,Low Risk
CRED-03978,CUST-03978,746,On-Time,0,0.49,Medium Risk
CRED-03979,CUST-03979,663,Occasional Late,2,0.68,High Risk
CRED-03980,CUST-03980,699,On-Time,0,0.47,Medium Risk
CRED-03981,CUST-03981,736,On-Time,0,0.44,Medium Risk
CRED-03982,CUST-03982,757,On-Time,0,0.07,Low Risk
CRED-03983,CUST-03983,567,Frequently Late,11,0.91,Very High Risk
CRED-03984,CUST-03984,642,Frequently Late,2,0.56,High Risk
CRED-03985,CUST-03985,613,Occasional Late,2,0.84,High Risk
CRED-03986,CUST-03986,746,On-Time,1,0.2,Medium Risk
CRED-03987,CUST-03987,746,Occasional Late,0,0.28,Medium Risk
CRED-03988,CUST-03988,745,On-Time,0,0.3,Medium Risk
CRED-03989,CUST-03989,772,On-Time,0,0.25,Low Risk
CRED-03990,CUST-03990,784,On-Time,0,0.14,Low Risk
CRED-03991,CUST-03991,720,On-Time,0,0.38,Medium Risk
CRED-03992,CUST-03992,722,On-Time,2,0.32,Medium Risk
CRED-03993,CUST-03993,725,Occasional Late,0,0.27,Medium Risk
CRED-03994,CUST-03994,762,On-Time,0,0.09,Low Risk
CRED-03995,CUST-03995,672,Occasional Late,0,0.45,Medium Risk
CRED-03996,CUST-03996,610,Occasional Late,2,0.84,High Risk
CRED-03997,CUST-03997,796,On-Time,0,0.21,Low Risk
CRED-03998,CUST-03998,752,On-Time,0,0.2,Low Risk
CRED-03999,CUST-03999,708,Occasional Late,0,0.3,Medium Risk
CRED-04000,CUST-04000,593,Occasional Late,2,0.64,High Risk
CRED-04001,CUST-04001,629,Occasional Late,1,0.45,High Risk
CRED-04002,CUST-04002,689,Occasional Late,0,0.32,Medium Risk
CRED-04003,CUST-04003,602,Occasional Late,4,0.52,High Risk
CRED-04004,CUST-04004,780,On-Time,0,0.16,Low Risk
CRED-04005,CUST-04005,728,On-Time,0,0.3,Medium Risk
CRED-04006,CUST-04006,696,Occasional Late,2,0.31,Medium Risk
CRED-04007,CUST-04007,695,Occasional Late,0,0.29,Medium Risk
CRED-04008,CUST-04008,722,Occasional Late,0,0.41,Medium Risk
CRED-04009,CUST-04009,692,On-Time,0,0.22,Medium Risk
CRED-04010,CUST-04010,686,On-Time,1,0.46,Medium Risk
CRED-04011,CUST-04011,629,Occasional Late,3,0.74,High Risk
CRED-04012,CUST-04012,738,On-Time,1,0.49,Medium Risk
CRED-04013,CUST-04013,726,Occasional Late,0,0.29,Medium Risk
CRED-04014,CUST-04014,684,On-Time,1,0.46,Medium Risk
CRED-04015,CUST-04015,645,Occasional Late,2,0.48,High Risk
CRED-04016,CUST-04016,400,Default Risk,8,0.75,Very High Risk
CRED-04017,CUST-04017,593,Occasional Late,2,0.8,High Risk
CRED-04018,CUST-04018,666,Occasional Late,3,0.73,High Risk
CRED-04019,CUST-04019,684,On-Time,0,0.46,Medium Risk
CRED-04020,CUST-04020,657,Occasional Late,4,0.54,High Risk
CRED-04021,CUST-04021,750,On-Time,0,0.05,Low Risk
CRED-04022,CUST-04022,718,Occasional Late,0,0.3,Medium Risk
CRED-04023,CUST-04023,695,On-Time,0,0.34,Medium Risk
CRED-04024,CUST-04024,682,On-Time,0,0.46,Medium Risk
CRED-04025,CUST-04025,551,Frequently Late,11,0.74,Very High Risk
CRED-04026,CUST-04026,503,Default Risk,4,0.86,Very High Risk
CRED-04027,CUST-04027,680,On-Time,2,0.25,Medium Risk
CRED-04028,CUST-04028,646,Occasional Late,4,0.85,High Risk
CRED-04029,CUST-04029,740,On-Time,2,0.45,Medium Risk
CRED-04030,CUST-04030,709,Occasional Late,0,0.25,Medium Risk
CRED-04031,CUST-04031,667,Occasional Late,3,0.7,High Risk
CRED-04032,CUST-04032,786,On-Time,0,0.24,Low Risk
CRED-04033,CUST-04033,639,Frequently Late,4,0.65,High Risk
CRED-04034,CUST-04034,762,On-Time,0,0.05,Low Risk
CRED-04035,CUST-04035,680,On-Time,1,0.3,Medium Risk
CRED-04036,CUST-04036,755,On-Time,1,0.06,Low Risk
CRED-04037,CUST-04037,657,Occasional Late,4,0.72,High Risk
CRED-04038,CUST-04038,785,On-Time,0,0.18,Low Risk
CRED-04039,CUST-04039,704,On-Time,0,0.49,Medium Risk
CRED-04040,CUST-04040,683,On-Time,0,0.33,Medium Risk
CRED-04041,CUST-04041,692,Occasional Late,2,0.44,Medium Risk
CRED-04042,CUST-04042,691,On-Time,0,0.22,Medium Risk
CRED-04043,CUST-04043,527,Default Risk,11,0.79,Very High Risk
CRED-04044,CUST-04044,721,On-Time,1,0.24,Medium Risk
CRED-04045,CUST-04045,736,Occasional Late,0,0.29,Medium Risk
CRED-04046,CUST-04046,675,On-Time,1,0.43,Medium Risk
CRED-04047,CUST-04047,690,Occasional Late,0,0.21,Medium Risk
CRED-04048,CUST-04048,638,Occasional Late,1,0.59,High Risk
CRED-04049,CUST-04049,660,Occasional Late,3,0.65,High Risk
CRED-04050,CUST-04050,724,On-Time,0,0.37,Medium Risk
CRED-04051,CUST-04051,698,On-Time,0,0.33,Medium Risk
CRED-04052,CUST-04052,747,On-Time,0,0.39,Medium Risk
CRED-04053,CUST-04053,502,Frequently Late,10,0.89,Very High Risk
CRED-04054,CUST-04054,683,On-Time,0,0.37,Medium Risk
CRED-04055,CUST-04055,713,Occasional Late,0,0.24,Medium Risk
CRED-04056,CUST-04056,654,Frequently Late,1,0.67,High Risk
CRED-04057,CUST-04057,722,On-Time,0,0.45,Medium Risk
CRED-04058,CUST-04058,702,On-Time,0,0.49,Medium Risk
CRED-04059,CUST-04059,677,On-Time,0,0.24,Medium Risk
CRED-04060,CUST-04060,737,On-Time,0,0.43,Medium Risk
CRED-04061,CUST-04061,765,On-Time,0,0.1,Low Risk
CRED-04062,CUST-04062,678,On-Time,0,0.29,Medium Risk
CRED-04063,CUST-04063,525,Default Risk,9,0.93,Very High Risk
CRED-04064,CUST-04064,583,Occasional Late,3,0.47,High Risk
CRED-04065,CUST-04065,709,Occasional Late,0,0.48,Medium Risk
CRED-04066,CUST-04066,569,Default Risk,4,0.7,Very High Risk
CRED-04067,CUST-04067,704,Occasional Late,1,0.39,Medium Risk
CRED-04068,CUST-04068,668,Occasional Late,4,0.54,High Risk
CRED-04069,CUST-04069,728,On-Time,0,0.41,Medium Risk
CRED-04070,CUST-04070,648,Frequently Late,2,0.54,High Risk
CRED-04071,CUST-04071,772,On-Time,0,0.24,Low Risk
CRED-04072,CUST-04072,756,On-Time,0,0.15,Low Risk
CRED-04073,CUST-04073,729,On-Time,1,0.46,Medium Risk
CRED-04074,CUST-04074,769,On-Time,0,0.06,Low Risk
CRED-04075,CUST-04075,708,Occasional Late,0,0.41,Medium Risk
CRED-04076,CUST-04076,726,Occasional Late,0,0.43,Medium Risk
CRED-04077,CUST-04077,667,Occasional Late,4,0.62,High Risk
CRED-04078,CUST-04078,593,Occasional Late,2,0.55,High Risk
CRED-04079,CUST-04079,690,Occasional Late,0,0.26,Medium Risk
CRED-04080,CUST-04080,707,On-Time,1,0.2,Medium Risk
CRED-04081,CUST-04081,776,On-Time,0,0.23,Low Risk
CRED-04082,CUST-04082,517,Default Risk,5,0.91,Very High Risk
CRED-04083,CUST-04083,687,On-Time,0,0.22,Medium Risk
CRED-04084,CUST-04084,718,Occasional Late,0,0.39,Medium Risk
CRED-04085,CUST-04085,778,On-Time,0,0.17,Low Risk
CRED-04086,CUST-04086,669,Frequently Late,2,0.77,High Risk
CRED-04087,CUST-04087,560,Frequently Late,7,0.76,Very High Risk
CRED-04088,CUST-04088,749,On-Time,0,0.36,Medium Risk
CRED-04089,CUST-04089,685,On-Time,1,0.3,Medium Risk
CRED-04090,CUST-04090,720,Occasional Late,0,0.31,Medium Risk
CRED-04091,CUST-04091,768,On-Time,0,0.06,Low Risk
CRED-04092,CUST-04092,724,Occasional Late,0,0.32,Medium Risk
CRED-04093,CUST-04093,719,On-Time,0,0.46,Medium Risk
CRED-04094,CUST-04094,699,On-Time,0,0.22,Medium Risk
CRED-04095,CUST-04095,746,On-Time,0,0.25,Medium Risk
CRED-04096,CUST-04096,742,On-Time,0,0.28,Medium Risk
CRED-04097,CUST-04097,739,On-Time,1,0.26,Medium Risk
CRED-04098,CUST-04098,652,Occasional Late,3,0.6,High Risk
CRED-04099,CUST-04099,712,On-Time,0,0.26,Medium Risk
CRED-04100,CUST-04100,717,On-Time,0,0.23,Medium Risk
CRED-04101,CUST-04101,661,Occasional Late,4,0.52,High Risk
CRED-04102,CUST-04102,744,On-Time,0,0.31,Medium Risk
CRED-04103,CUST-04103,689,On-Time,0,0.35,Medium Risk
CRED-04104,CUST-04104,733,On-Time,2,0.21,Medium Risk
CRED-04105,CUST-04105,592,Frequently Late,4,0.73,High Risk
CRED-04106,CUST-04106,767,On-Time,0,0.11,Low Risk
CRED-04107,CUST-04107,700,On-Time,1,0.25,Medium Risk
CRED-04108,CUST-04108,533,Frequently Late,5,0.9,Very High Risk
CRED-04109,CUST-04109,720,Occasional Late,0,0.26,Medium Risk
CRED-04110,CUST-04110,659,Occasional Late,3,0.51,High Risk
CRED-04111,CUST-04111,656,Occasional Late,2,0.79,High Risk
CRED-04112,CUST-04112,687,Occasional Late,0,0.38,Medium Risk
CRED-04113,CUST-04113,678,Occasional Late,0,0.48,Medium Risk
CRED-04114,CUST-04114,753,On-Time,0,0.1,Low Risk
CRED-04115,CUST-04115,643,Occasional Late,2,0.75,High Risk
CRED-04116,CUST-04116,690,On-Time,0,0.39,Medium Risk
CRED-04117,CUST-04117,676,On-Time,0,0.46,Medium Risk
CRED-04118,CUST-04118,677,On-Time,0,0.41,Medium Risk
CRED-04119,CUST-04119,694,Occasional Late,0,0.35,Medium Risk
CRED-04120,CUST-04120,784,On-Time,1,0.14,Low Risk
CRED-04121,CUST-04121,668,Occasional Late,4,0.46,High Risk
CRED-04122,CUST-04122,738,On-Time,0,0.27,Medium Risk
CRED-04123,CUST-04123,723,On-Time,0,0.43,Medium Risk
CRED-04124,CUST-04124,699,On-Time,0,0.45,Medium Risk
CRED-04125,CUST-04125,731,On-Time,0,0.2,Medium Risk
CRED-04126,CUST-04126,689,Occasional Late,0,0.28,Medium Risk
CRED-04127,CUST-04127,648,Frequently Late,3,0.69,High Risk
CRED-04128,CUST-04128,710,Occasional Late,2,0.24,Medium Risk
CRED-04129,CUST-04129,714,Occasional Late,0,0.33,Medium Risk
CRED-04130,CUST-04130,786,On-Time,0,0.14,Low Risk
CRED-04131,CUST-04131,676,On-Time,2,0.41,Medium Risk
CRED-04132,CUST-04132,546,Frequently Late,10,0.96,Very High Risk
CRED-04133,CUST-04133,780,On-Time,0,0.23,Low Risk
CRED-04134,CUST-04134,749,On-Time,0,0.41,Medium Risk
CRED-04135,CUST-04135,705,Occasional Late,0,0.22,Medium Risk
CRED-04136,CUST-04136,691,Occasional Late,2,0.23,Medium Risk
CRED-04137,CUST-04137,753,On-Time,0,0.06,Low Risk
CRED-04138,CUST-04138,767,On-Time,0,0.11,Low Risk
CRED-04139,CUST-04139,610,Frequently Late,4,0.76,High Risk
CRED-04140,CUST-04140,654,Occasional Late,2,0.5,High Risk
CRED-04141,CUST-04141,736,On-Time,0,0.27,Medium Risk
CRED-04142,CUST-04142,660,Frequently Late,2,0.53,High Risk
CRED-04143,CUST-04143,767,On-Time,0,0.21,Low Risk
CRED-04144,CUST-04144,679,On-Time,0,0.28,Medium Risk
CRED-04145,CUST-04145,771,On-Time,0,0.22,Low Risk
CRED-04146,CUST-04146,634,Frequently Late,3,0.46,High Risk
CRED-04147,CUST-04147,714,On-Time,1,0.32,Medium Risk
CRED-04148,CUST-04148,800,On-Time,0,0.19,Low Risk
CRED-04149,CUST-04149,690,Occasional Late,0,0.22,Medium Risk
CRED-04150,CUST-04150,757,On-Time,0,0.09,Low Risk
CRED-04151,CUST-04151,586,Frequently Late,1,0.54,High Risk
CRED-04152,CUST-04152,670,Occasional Late,0,0.46,Medium Risk
CRED-04153,CUST-04153,788,On-Time,0,0.22,Low Risk
CRED-04154,CUST-04154,701,On-Time,0,0.37,Medium Risk
CRED-04155,CUST-04155,728,On-Time,0,0.4,Medium Risk
CRED-04156,CUST-04156,726,On-Time,1,0.38,Medium Risk
CRED-04157,CUST-04157,649,Frequently Late,3,0.54,High Risk
CRED-04158,CUST-04158,679,Occasional Late,0,0.23,Medium Risk
CRED-04159,CUST-04159,605,Frequently Late,4,0.61,High Risk
CRED-04160,CUST-04160,718,On-Time,0,0.4,Medium Risk
CRED-04161,CUST-04161,691,On-Time,0,0.39,Medium Risk
CRED-04162,CUST-04162,730,On-Time,1,0.42,Medium Risk
CRED-04163,CUST-04163,474,Default Risk,10,0.98,Very High Risk
CRED-04164,CUST-04164,651,Frequently Late,1,0.82,High Risk
CRED-04165,CUST-04165,697,On-Time,2,0.43,Medium Risk
CRED-04166,CUST-04166,642,Frequently Late,4,0.81,High Risk
CRED-04167,CUST-04167,748,On-Time,1,0.27,Medium Risk
CRED-04168,CUST-04168,643,Occasional Late,1,0.67,High Risk
CRED-04169,CUST-04169,689,On-Time,0,0.3,Medium Risk
CRED-04170,CUST-04170,748,On-Time,0,0.36,Medium Risk
CRED-04171,CUST-04171,642,Occasional Late,4,0.58,High Risk
CRED-04172,CUST-04172,795,On-Time,0,0.17,Low Risk
CRED-04173,CUST-04173,752,On-Time,0,0.11,Low Risk
CRED-04174,CUST-04174,763,On-Time,0,0.12,Low Risk
CRED-04175,CUST-04175,718,Occasional Late,0,0.4,Medium Risk
CRED-04176,CUST-04176,728,On-Time,2,0.24,Medium Risk
CRED-04177,CUST-04177,763,On-Time,0,0.08,Low Risk
CRED-04178,CUST-04178,801,On-Time,0,0.22,Low Risk
CRED-04179,CUST-04179,660,Occasional Late,4,0.84,High Risk
CRED-04180,CUST-04180,739,On-Time,0,0.39,Medium Risk
CRED-04181,CUST-04181,705,On-Time,0,0.38,Medium Risk
CRED-04182,CUST-04182,520,Default Risk,4,0.87,Very High Risk
CRED-04183,CUST-04183,607,Occasional Late,4,0.68,High Risk
CRED-04184,CUST-04184,691,On-Time,1,0.39,Medium Risk
CRED-04185,CUST-04185,694,On-Time,0,0.34,Medium Risk
CRED-04186,CUST-04186,756,On-Time,0,0.24,Low Risk
CRED-04187,CUST-04187,684,On-Time,0,0.38,Medium Risk
CRED-04188,CUST-04188,754,On-Time,0,0.18,Low Risk
CRED-04189,CUST-04189,816,On-Time,0,0.18,Low Risk
CRED-04190,CUST-04190,596,Frequently Late,3,0.71,High Risk
CRED-04191,CUST-04191,741,Occasional Late,2,0.43,Medium Risk
CRED-04192,CUST-04192,612,Occasional Late,2,0.7,High Risk
CRED-04193,CUST-04193,662,Occasional Late,3,0.68,High Risk
CRED-04194,CUST-04194,727,On-Time,0,0.28,Medium Risk
CRED-04195,CUST-04195,670,Occasional Late,1,0.28,Medium Risk
CRED-04196,CUST-04196,719,On-Time,0,0.41,Medium Risk
CRED-04197,CUST-04197,708,On-Time,0,0.2,Medium Risk
CRED-04198,CUST-04198,705,Occasional Late,0,0.4,Medium Risk
CRED-04199,CUST-04199,702,Occasional Late,0,0.44,Medium Risk
CRED-04200,CUST-04200,677,On-Time,0,0.21,Medium Risk
CRED-04201,CUST-04201,684,On-Time,1,0.45,Medium Risk
CRED-04202,CUST-04202,691,On-Time,0,0.31,Medium Risk
CRED-04203,CUST-04203,704,On-Time,0,0.27,Medium Risk
CRED-04204,CUST-04204,560,Frequently Late,8,0.87,Very High Risk
CRED-04205,CUST-04205,756,On-Time,0,0.1,Low Risk
CRED-04206,CUST-04206,671,Occasional Late,1,0.37,Medium Risk
CRED-04207,CUST-04207,741,Occasional Late,0,0.26,Medium Risk
CRED-04208,CUST-04208,850,On-Time,0,0.24,Low Risk
CRED-04209,CUST-04209,717,Occasional Late,0,0.4,Medium Risk
CRED-04210,CUST-04210,651,Frequently Late,4,0.71,High Risk
CRED-04211,CUST-04211,593,Occasional Late,2,0.47,High Risk
CRED-04212,CUST-04212,643,Frequently Late,3,0.47,High Risk
CRED-04213,CUST-04213,721,On-Time,0,0.48,Medium Risk
CRED-04214,CUST-04214,762,On-Time,0,0.07,Low Risk
CRED-04215,CUST-04215,731,On-Time,0,0.37,Medium Risk
CRED-04216,CUST-04216,715,On-Time,0,0.41,Medium Risk
CRED-04217,CUST-04217,683,On-Time,1,0.47,Medium Risk
CRED-04218,CUST-04218,729,On-Time,1,0.22,Medium Risk
CRED-04219,CUST-04219,715,On-Time,0,0.36,Medium Risk
CRED-04220,CUST-04220,570,Frequently Late,11,0.79,Very High Risk
CRED-04221,CUST-04221,793,On-Time,0,0.06,Low Risk
CRED-04222,CUST-04222,687,On-Time,0,0.22,Medium Risk
CRED-04223,CUST-04223,688,On-Time,0,0.24,Medium Risk
CRED-04224,CUST-04224,800,On-Time,0,0.21,Low Risk
CRED-04225,CUST-04225,711,Occasional Late,0,0.39,Medium Risk
CRED-04226,CUST-04226,683,Occasional Late,1,0.46,Medium Risk
CRED-04227,CUST-04227,666,Occasional Late,3,0.82,High Risk
CRED-04228,CUST-04228,716,Occasional Late,0,0.28,Medium Risk
CRED-04229,CUST-04229,723,On-Time,1,0.22,Medium Risk
CRED-04230,CUST-04230,639,Frequently Late,3,0.56,High Risk
CRED-04231,CUST-04231,617,Occasional Late,1,0.78,High Risk
CRED-04232,CUST-04232,585,Frequently Late,3,0.78,High Risk
CRED-04233,CUST-04233,639,Occasional Late,3,0.55,High Risk
CRED-04234,CUST-04234,678,On-Time,0,0.24,Medium Risk
CRED-04235,CUST-04235,754,On-Time,0,0.25,Low Risk
CRED-04236,CUST-04236,721,On-Time,1,0.27,Medium Risk
CRED-04237,CUST-04237,667,Occasional Late,1,0.61,High Risk
CRED-04238,CUST-04238,669,Frequently Late,3,0.49,High Risk
CRED-04239,CUST-04239,653,Occasional Late,2,0.72,High Risk
CRED-04240,CUST-04240,678,Occasional Late,0,0.45,Medium Risk
CRED-04241,CUST-04241,723,On-Time,0,0.46,Medium Risk
CRED-04242,CUST-04242,732,On-Time,0,0.3,Medium Risk
CRED-04243,CUST-04243,626,Frequently Late,4,0.65,High Risk
CRED-04244,CUST-04244,765,On-Time,0,0.24,Low Risk
CRED-04245,CUST-04245,669,Occasional Late,3,0.51,High Risk
CRED-04246,CUST-04246,787,On-Time,0,0.17,Low Risk
CRED-04247,CUST-04247,707,Occasional Late,0,0.29,Medium Risk
CRED-04248,CUST-04248,715,On-Time,2,0.32,Medium Risk
CRED-04249,CUST-04249,736,On-Time,0,0.43,Medium Risk
CRED-04250,CUST-04250,640,Frequently Late,4,0.67,High Risk
CRED-04251,CUST-04251,658,Frequently Late,4,0.45,High Risk
CRED-04252,CUST-04252,698,On-Time,2,0.41,Medium Risk
CRED-04253,CUST-04253,721,Occasional Late,0,0.48,Medium Risk
CRED-04254,CUST-04254,611,Frequently Late,4,0.76,High Risk
CRED-04255,CUST-04255,708,On-Time,0,0.38,Medium Risk
CRED-04256,CUST-04256,600,Occasional Late,2,0.69,High Risk
CRED-04257,CUST-04257,660,Occasional Late,4,0.59,High Risk
CRED-04258,CUST-04258,699,On-Time,2,0.32,Medium Risk
CRED-04259,CUST-04259,700,On-Time,1,0.41,Medium Risk
CRED-04260,CUST-04260,727,On-Time,2,0.2,Medium Risk
CRED-04261,CUST-04261,622,Frequently Late,2,0.82,High Risk
CRED-04262,CUST-04262,520,Default Risk,9,0.81,Very High Risk
CRED-04263,CUST-04263,703,On-Time,0,0.23,Medium Risk
CRED-04264,CUST-04264,723,Occasional Late,0,0.23,Medium Risk
CRED-04265,CUST-04265,802,On-Time,0,0.13,Low Risk
CRED-04266,CUST-04266,565,Frequently Late,11,0.81,Very High Risk
CRED-04267,CUST-04267,713,On-Time,0,0.41,Medium Risk
CRED-04268,CUST-04268,645,Occasional Late,4,0.6,High Risk
CRED-04269,CUST-04269,698,On-Time,0,0.36,Medium Risk
CRED-04270,CUST-04270,726,On-Time,0,0.27,Medium Risk
CRED-04271,CUST-04271,696,On-Time,2,0.25,Medium Risk
CRED-04272,CUST-04272,663,Occasional Late,1,0.54,High Risk
CRED-04273,CUST-04273,589,Frequently Late,1,0.8,High Risk
CRED-04274,CUST-04274,760,On-Time,0,0.2,Low Risk
CRED-04275,CUST-04275,619,Frequently Late,3,0.7,High Risk
CRED-04276,CUST-04276,720,On-Time,0,0.2,Medium Risk
CRED-04277,CUST-04277,697,On-Time,0,0.47,Medium Risk
CRED-04278,CUST-04278,675,On-Time,0,0.45,Medium Risk
CRED-04279,CUST-04279,750,On-Time,0,0.14,Low Risk
CRED-04280,CUST-04280,690,On-Time,1,0.48,Medium Risk
CRED-04281,CUST-04281,850,On-Time,0,0.24,Low Risk
CRED-04282,CUST-04282,809,On-Time,0,0.1,Low Risk
CRED-04283,CUST-04283,700,On-Time,0,0.34,Medium Risk
CRED-04284,CUST-04284,653,Frequently Late,4,0.7,High Risk
CRED-04285,CUST-04285,627,Occasional Late,2,0.45,High Risk
CRED-04286,CUST-04286,700,On-Time,0,0.29,Medium Risk
CRED-04287,CUST-04287,760,On-Time,0,0.24,Low Risk
CRED-04288,CUST-04288,648,Occasional Late,2,0.49,High Risk
CRED-04289,CUST-04289,774,On-Time,0,0.07,Low Risk
CRED-04290,CUST-04290,689,On-Time,0,0.42,Medium Risk
CRED-04291,CUST-04291,672,On-Time,0,0.34,Medium Risk
CRED-04292,CUST-04292,550,Frequently Late,10,0.72,Very High Risk
CRED-04293,CUST-04293,621,Occasional Late,2,0.46,High Risk
CRED-04294,CUST-04294,647,Frequently Late,2,0.78,High Risk
CRED-04295,CUST-04295,662,Frequently Late,4,0.55,High Risk
CRED-04296,CUST-04296,649,Frequently Late,4,0.49,High Risk
CRED-04297,CUST-04297,718,Occasional Late,0,0.38,Medium Risk
CRED-04298,CUST-04298,680,On-Time,0,0.34,Medium Risk
CRED-04299,CUST-04299,714,On-Time,0,0.34,Medium Risk
CRED-04300,CUST-04300,722,On-Time,1,0.29,Medium Risk
CRED-04301,CUST-04301,759,On-Time,0,0.2,Low Risk
CRED-04302,CUST-04302,732,On-Time,2,0.41,Medium Risk
CRED-04303,CUST-04303,713,On-Time,2,0.27,Medium Risk
CRED-04304,CUST-04304,617,Occasional Late,2,0.55,High Risk
CRED-04305,CUST-04305,768,On-Time,0,0.2,Low Risk
CRED-04306,CUST-04306,745,On-Time,1,0.24,Medium Risk
CRED-04307,CUST-04307,777,On-Time,0,0.12,Low Risk
CRED-04308,CUST-04308,672,On-Time,0,0.22,Medium Risk
CRED-04309,CUST-04309,744,On-Time,0,0.43,Medium Risk
CRED-04310,CUST-04310,719,Occasional Late,1,0.2,Medium Risk
CRED-04311,CUST-04311,717,On-Time,0,0.43,Medium Risk
CRED-04312,CUST-04312,735,On-Time,1,0.27,Medium Risk
CRED-04313,CUST-04313,680,Occasional Late,2,0.33,Medium Risk
CRED-04314,CUST-04314,672,On-Time,0,0.27,Medium Risk
CRED-04315,CUST-04315,706,On-Time,0,0.26,Medium Risk
CRED-04316,CUST-04316,717,On-Time,1,0.24,Medium Risk
CRED-04317,CUST-04317,823,On-Time,0,0.08,Low Risk
CRED-04318,CUST-04318,666,Occasional Late,1,0.81,High Risk
CRED-04319,CUST-04319,720,On-Time,2,0.39,Medium Risk
CRED-04320,CUST-04320,815,On-Time,0,0.1,Low Risk
CRED-04321,CUST-04321,729,On-Time,0,0.26,Medium Risk
CRED-04322,CUST-04322,787,On-Time,0,0.12,Low Risk
CRED-04323,CUST-04323,730,On-Time,0,0.26,Medium Risk
CRED-04324,CUST-04324,747,On-Time,0,0.31,Medium Risk
CRED-04325,CUST-04325,703,On-Time,0,0.31,Medium Risk
CRED-04326,CUST-04326,610,Occasional Late,4,0.63,High Risk
CRED-04327,CUST-04327,773,On-Time,0,0.08,Low Risk
CRED-04328,CUST-04328,540,Frequently Late,6,0.78,Very High Risk
CRED-04329,CUST-04329,478,Frequently Late,10,0.95,Very High Risk
CRED-04330,CUST-04330,690,On-Time,0,0.3,Medium Risk
CRED-04331,CUST-04331,768,On-Time,0,0.08,Low Risk
CRED-04332,CUST-04332,676,Occasional Late,0,0.42,Medium Risk
CRED-04333,CUST-04333,655,Occasional Late,1,0.57,High Risk
CRED-04334,CUST-04334,674,Occasional Late,0,0.46,Medium Risk
CRED-04335,CUST-04335,773,On-Time,0,0.12,Low Risk
CRED-04336,CUST-04336,635,Occasional Late,2,0.77,High Risk
CRED-04337,CUST-04337,708,On-Time,0,0.48,Medium Risk
CRED-04338,CUST-04338,733,On-Time,0,0.36,Medium Risk
CRED-04339,CUST-04339,701,Occasional Late,0,0.48,Medium Risk
CRED-04340,CUST-04340,694,On-Time,0,0.45,Medium Risk
CRED-04341,CUST-04341,691,On-Time,0,0.43,Medium Risk
CRED-04342,CUST-04342,761,On-Time,0,0.06,Low Risk
CRED-04343,CUST-04343,665,Occasional Late,2,0.74,High Risk
CRED-04344,CUST-04344,691,On-Time,2,0.38,Medium Risk
CRED-04345,CUST-04345,773,On-Time,0,0.15,Low Risk
CRED-04346,CUST-04346,687,On-Time,1,0.47,Medium Risk
CRED-04347,CUST-04347,712,On-Time,0,0.26,Medium Risk
CRED-04348,CUST-04348,664,Occasional Late,3,0.57,High Risk
CRED-04349,CUST-04349,652,Frequently Late,4,0.53,High Risk
CRED-04350,CUST-04350,662,Frequently Late,4,0.79,High Risk
CRED-04351,CUST-04351,635,Occasional Late,4,0.83,High Risk
CRED-04352,CUST-04352,716,On-Time,0,0.48,Medium Risk
CRED-04353,CUST-04353,705,On-Time,0,0.42,Medium Risk
CRED-04354,CUST-04354,737,On-Time,0,0.38,Medium Risk
CRED-04355,CUST-04355,695,On-Time,0,0.42,Medium Risk
CRED-04356,CUST-04356,725,On-Time,0,0.23,Medium Risk
CRED-04357,CUST-04357,759,On-Time,0,0.11,Low Risk
CRED-04358,CUST-04358,711,On-Time,0,0.46,Medium Risk
CRED-04359,CUST-04359,691,On-Time,0,0.45,Medium Risk
CRED-04360,CUST-04360,747,Occasional Late,0,0.31,Medium Risk
CRED-04361,CUST-04361,537,Frequently Late,10,0.87,Very High Risk
CRED-04362,CUST-04362,695,Occasional Late,1,0.5,Medium Risk
CRED-04363,CUST-04363,707,On-Time,2,0.38,Medium Risk
CRED-04364,CUST-04364,686,On-Time,0,0.48,Medium Risk
CRED-04365,CUST-04365,623,Occasional Late,3,0.69,High Risk
CRED-04366,CUST-04366,751,On-Time,0,0.2,Low Risk
CRED-04367,CUST-04367,735,On-Time,2,0.49,Medium Risk
CRED-04368,CUST-04368,680,On-Time,2,0.45,Medium Risk
CRED-04369,CUST-04369,439,Default Risk,9,0.76,Very High Risk
CRED-04370,CUST-04370,704,On-Time,2,0.37,Medium Risk
CRED-04371,CUST-04371,646,Frequently Late,4,0.55,High Risk
CRED-04372,CUST-04372,714,Occasional Late,0,0.38,Medium Risk
CRED-04373,CUST-04373,650,Occasional Late,1,0.65,High Risk
CRED-04374,CUST-04374,706,Occasional Late,0,0.34,Medium Risk
CRED-04375,CUST-04375,661,Occasional Late,4,0.74,High Risk
CRED-04376,CUST-04376,646,Occasional Late,3,0.47,High Risk
CRED-04377,CUST-04377,710,On-Time,0,0.49,Medium Risk
CRED-04378,CUST-04378,775,On-Time,0,0.23,Low Risk
CRED-04379,CUST-04379,690,On-Time,0,0.47,Medium Risk
CRED-04380,CUST-04380,750,On-Time,0,0.19,Low Risk
CRED-04381,CUST-04381,679,On-Time,0,0.22,Medium Risk
CRED-04382,CUST-04382,754,On-Time,0,0.06,Low Risk
CRED-04383,CUST-04383,658,Occasional Late,4,0.84,High Risk
CRED-04384,CUST-04384,712,Occasional Late,0,0.36,Medium Risk
CRED-04385,CUST-04385,782,On-Time,0,0.13,Low Risk
CRED-04386,CUST-04386,694,On-Time,0,0.38,Medium Risk
CRED-04387,CUST-04387,813,On-Time,0,0.17,Low Risk
CRED-04388,CUST-04388,690,Occasional Late,1,0.49,Medium Risk
CRED-04389,CUST-04389,461,Frequently Late,6,0.93,Very High Risk
CRED-04390,CUST-04390,751,On-Time,0,0.06,Low Risk
CRED-04391,CUST-04391,725,On-Time,1,0.27,Medium Risk
CRED-04392,CUST-04392,721,Occasional Late,0,0.22,Medium Risk
CRED-04393,CUST-04393,682,On-Time,0,0.39,Medium Risk
CRED-04394,CUST-04394,742,On-Time,0,0.29,Medium Risk
CRED-04395,CUST-04395,685,Occasional Late,0,0.24,Medium Risk
CRED-04396,CUST-04396,565,Frequently Late,11,0.7,Very High Risk
CRED-04397,CUST-04397,690,On-Time,0,0.5,Medium Risk
CRED-04398,CUST-04398,685,On-Time,1,0.37,Medium Risk
CRED-04399,CUST-04399,742,On-Time,1,0.47,Medium Risk
CRED-04400,CUST-04400,567,Default Risk,10,0.87,Very High Risk
CRED-04401,CUST-04401,663,Occasional Late,1,0.78,High Risk
CRED-04402,CUST-04402,706,Occasional Late,0,0.39,Medium Risk
CRED-04403,CUST-04403,763,On-Time,0,0.09,Low Risk
CRED-04404,CUST-04404,767,On-Time,0,0.12,Low Risk
CRED-04405,CUST-04405,672,Occasional Late,1,0.29,Medium Risk
CRED-04406,CUST-04406,838,On-Time,0,0.22,Low Risk
CRED-04407,CUST-04407,728,Occasional Late,0,0.39,Medium Risk
CRED-04408,CUST-04408,726,On-Time,0,0.27,Medium Risk
CRED-04409,CUST-04409,713,On-Time,0,0.35,Medium Risk
CRED-04410,CUST-04410,452,Default Risk,5,0.9,Very High Risk
CRED-04411,CUST-04411,662,Frequently Late,4,0.76,High Risk
CRED-04412,CUST-04412,780,On-Time,0,0.23,Low Risk
CRED-04413,CUST-04413,495,Default Risk,11,0.82,Very High Risk
CRED-04414,CUST-04414,467,Frequently Late,8,0.94,Very High Risk
CRED-04415,CUST-04415,713,On-Time,0,0.36,Medium Risk
CRED-04416,CUST-04416,768,On-Time,1,0.09,Low Risk
CRED-04417,CUST-04417,691,On-Time,1,0.35,Medium Risk
CRED-04418,CUST-04418,733,On-Time,1,0.32,Medium Risk
CRED-04419,CUST-04419,783,On-Time,0,0.07,Low Risk
CRED-04420,CUST-04420,791,On-Time,0,0.13,Low Risk
CRED-04421,CUST-04421,738,On-Time,0,0.25,Medium Risk
CRED-04422,CUST-04422,748,On-Time,0,0.27,Medium Risk
CRED-04423,CUST-04423,754,On-Time,0,0.24,Low Risk
CRED-04424,CUST-04424,713,Occasional Late,1,0.31,Medium Risk
CRED-04425,CUST-04425,663,Frequently Late,3,0.48,High Risk
CRED-04426,CUST-04426,634,Occasional Late,2,0.48,High Risk
CRED-04427,CUST-04427,793,On-Time,0,0.17,Low Risk
CRED-04428,CUST-04428,683,On-Time,0,0.33,Medium Risk
CRED-04429,CUST-04429,753,On-Time,1,0.16,Low Risk
CRED-04430,CUST-04430,658,Occasional Late,2,0.6,High Risk
CRED-04431,CUST-04431,534,Default Risk,7,0.84,Very High Risk
CRED-04432,CUST-04432,603,Occasional Late,3,0.57,High Risk
CRED-04433,CUST-04433,677,Occasional Late,0,0.29,Medium Risk
CRED-04434,CUST-04434,721,On-Time,0,0.38,Medium Risk
CRED-04435,CUST-04435,677,On-Time,1,0.24,Medium Risk
CRED-04436,CUST-04436,720,On-Time,0,0.35,Medium Risk
CRED-04437,CUST-04437,647,Frequently Late,2,0.6,High Risk
CRED-04438,CUST-04438,748,On-Time,1,0.29,Medium Risk
CRED-04439,CUST-04439,712,On-Time,0,0.37,Medium Risk
CRED-04440,CUST-04440,615,Frequently Late,4,0.65,High Risk
CRED-04441,CUST-04441,741,On-Time,0,0.27,Medium Risk
CRED-04442,CUST-04442,678,On-Time,1,0.28,Medium Risk
CRED-04443,CUST-04443,753,On-Time,1,0.14,Low Risk
CRED-04444,CUST-04444,773,On-Time,0,0.21,Low Risk
CRED-04445,CUST-04445,557,Frequently Late,11,0.75,Very High Risk
CRED-04446,CUST-04446,681,On-Time,0,0.37,Medium Risk
CRED-04447,CUST-04447,751,On-Time,0,0.11,Low Risk
CRED-04448,CUST-04448,639,Occasional Late,1,0.66,High Risk
CRED-04449,CUST-04449,655,Frequently Late,1,0.5,High Risk
CRED-04450,CUST-04450,743,Occasional Late,0,0.28,Medium Risk
CRED-04451,CUST-04451,505,Default Risk,10,0.71,Very High Risk
CRED-04452,CUST-04452,688,On-Time,1,0.27,Medium Risk
CRED-04453,CUST-04453,676,On-Time,0,0.32,Medium Risk
CRED-04454,CUST-04454,710,Occasional Late,2,0.28,Medium Risk
CRED-04455,CUST-04455,687,On-Time,2,0.24,Medium Risk
CRED-04456,CUST-04456,782,On-Time,0,0.23,Low Risk
CRED-04457,CUST-04457,725,On-Time,0,0.49,Medium Risk
CRED-04458,CUST-04458,698,Occasional Late,0,0.35,Medium Risk
CRED-04459,CUST-04459,738,Occasional Late,2,0.29,Medium Risk
CRED-04460,CUST-04460,735,On-Time,0,0.41,Medium Risk
CRED-04461,CUST-04461,591,Occasional Late,4,0.85,High Risk
CRED-04462,CUST-04462,714,On-Time,0,0.21,Medium Risk
CRED-04463,CUST-04463,723,On-Time,0,0.33,Medium Risk
CRED-04464,CUST-04464,766,On-Time,0,0.13,Low Risk
CRED-04465,CUST-04465,695,On-Time,0,0.33,Medium Risk
CRED-04466,CUST-04466,729,On-Time,0,0.3,Medium Risk
CRED-04467,CUST-04467,702,On-Time,0,0.4,Medium Risk
CRED-04468,CUST-04468,690,Occasional Late,1,0.46,Medium Risk
CRED-04469,CUST-04469,748,On-Time,0,0.49,Medium Risk
CRED-04470,CUST-04470,730,On-Time,0,0.42,Medium Risk
CRED-04471,CUST-04471,763,On-Time,0,0.21,Low Risk
CRED-04472,CUST-04472,661,Occasional Late,2,0.59,High Risk
CRED-04473,CUST-04473,670,Occasional Late,0,0.38,Medium Risk
CRED-04474,CUST-04474,700,Occasional Late,1,0.21,Medium Risk
CRED-04475,CUST-04475,634,Frequently Late,4,0.48,High Risk
CRED-04476,CUST-04476,661,Occasional Late,4,0.58,High Risk
CRED-04477,CUST-04477,723,On-Time,1,0.26,Medium Risk
CRED-04478,CUST-04478,642,Frequently Late,4,0.72,High Risk
CRED-04479,CUST-04479,788,On-Time,0,0.1,Low Risk
CRED-04480,CUST-04480,685,On-Time,0,0.29,Medium Risk
CRED-04481,CUST-04481,730,On-Time,0,0.37,Medium Risk
CRED-04482,CUST-04482,707,Occasional Late,0,0.42,Medium Risk
CRED-04483,CUST-04483,751,On-Time,0,0.17,Low Risk
CRED-04484,CUST-04484,716,On-Time,0,0.24,Medium Risk
CRED-04485,CUST-04485,685,Occasional Late,0,0.41,Medium Risk
CRED-04486,CUST-04486,733,On-Time,0,0.25,Medium Risk
CRED-04487,CUST-04487,724,Occasional Late,0,0.47,Medium Risk
CRED-04488,CUST-04488,587,Occasional Late,4,0.72,High Risk
CRED-04489,CUST-04489,807,On-Time,0,0.24,Low Risk
CRED-04490,CUST-04490,720,Occasional Late,1,0.46,Medium Risk
CRED-04491,CUST-04491,721,On-Time,0,0.33,Medium Risk
CRED-04492,CUST-04492,719,Occasional Late,1,0.49,Medium Risk
CRED-04493,CUST-04493,717,Occasional Late,0,0.36,Medium Risk
CRED-04494,CUST-04494,739,On-Time,0,0.31,Medium Risk
CRED-04495,CUST-04495,631,Occasional Late,3,0.59,High Risk
CRED-04496,CUST-04496,669,Occasional Late,2,0.59,High Risk
CRED-04497,CUST-04497,725,Occasional Late,0,0.31,Medium Risk
CRED-04498,CUST-04498,772,On-Time,0,0.18,Low Risk
CRED-04499,CUST-04499,522,Default Risk,4,0.9,Very High Risk
CRED-04500,CUST-04500,714,On-Time,0,0.27,Medium Risk
CRED-04501,CUST-04501,661,Frequently Late,3,0.73,High Risk
CRED-04502,CUST-04502,728,On-Time,0,0.25,Medium Risk
CRED-04503,CUST-04503,711,On-Time,0,0.24,Medium Risk
CRED-04504,CUST-04504,523,Frequently Late,9,0.79,Very High Risk
CRED-04505,CUST-04505,758,On-Time,0,0.19,Low Risk
CRED-04506,CUST-04506,684,On-Time,0,0.27,Medium Risk
CRED-04507,CUST-04507,792,On-Time,0,0.07,Low Risk
CRED-04508,CUST-04508,656,Frequently Late,2,0.73,High Risk
CRED-04509,CUST-04509,451,Default Risk,4,0.7,Very High Risk
CRED-04510,CUST-04510,779,On-Time,0,0.09,Low Risk
CRED-04511,CUST-04511,698,Occasional Late,0,0.26,Medium Risk
CRED-04512,CUST-04512,773,On-Time,0,0.08,Low Risk
CRED-04513,CUST-04513,722,Occasional Late,0,0.24,Medium Risk
CRED-04514,CUST-04514,647,Frequently Late,1,0.77,High Risk
CRED-04515,CUST-04515,760,On-Time,0,0.23,Low Risk
CRED-04516,CUST-04516,532,Default Risk,10,0.93,Very High Risk
CRED-04517,CUST-04517,773,On-Time,0,0.05,Low Risk
CRED-04518,CUST-04518,592,Frequently Late,4,0.76,High Risk
CRED-04519,CUST-04519,632,Frequently Late,4,0.56,High Risk
CRED-04520,CUST-04520,703,On-Time,0,0.37,Medium Risk
CRED-04521,CUST-04521,634,Occasional Late,3,0.61,High Risk
CRED-04522,CUST-04522,617,Frequently Late,3,0.63,High Risk
CRED-04523,CUST-04523,760,On-Time,0,0.16,Low Risk
CRED-04524,CUST-04524,608,Occasional Late,4,0.53,High Risk
CRED-04525,CUST-04525,406,Default Risk,9,0.75,Very High Risk
CRED-04526,CUST-04526,813,On-Time,0,0.12,Low Risk
CRED-04527,CUST-04527,578,Frequently Late,6,0.82,Very High Risk
CRED-04528,CUST-04528,808,On-Time,0,0.22,Low Risk
CRED-04529,CUST-04529,761,On-Time,0,0.21,Low Risk
CRED-04530,CUST-04530,714,On-Time,2,0.28,Medium Risk
CRED-04531,CUST-04531,768,On-Time,0,0.14,Low Risk
CRED-04532,CUST-04532,478,Default Risk,4,0.88,Very High Risk
CRED-04533,CUST-04533,598,Occasional Late,2,0.46,High Risk
CRED-04534,CUST-04534,786,On-Time,0,0.11,Low Risk
CRED-04535,CUST-04535,697,On-Time,2,0.23,Medium Risk
CRED-04536,CUST-04536,775,On-Time,0,0.18,Low Risk
CRED-04537,CUST-04537,739,On-Time,0,0.41,Medium Risk
CRED-04538,CUST-04538,716,On-Time,0,0.47,Medium Risk
CRED-04539,CUST-04539,712,On-Time,2,0.31,Medium Risk
CRED-04540,CUST-04540,664,Frequently Late,3,0.73,High Risk
CRED-04541,CUST-04541,661,Frequently Late,2,0.5,High Risk
CRED-04542,CUST-04542,788,On-Time,0,0.22,Low Risk
CRED-04543,CUST-04543,711,On-Time,0,0.45,Medium Risk
CRED-04544,CUST-04544,710,On-Time,0,0.23,Medium Risk
CRED-04545,CUST-04545,671,Occasional Late,0,0.23,Medium Risk
CRED-04546,CUST-04546,732,On-Time,0,0.29,Medium Risk
CRED-04547,CUST-04547,662,Frequently Late,3,0.78,High Risk
CRED-04548,CUST-04548,724,On-Time,1,0.25,Medium Risk
CRED-04549,CUST-04549,737,Occasional Late,1,0.23,Medium Risk
CRED-04550,CUST-04550,799,On-Time,0,0.23,Low Risk
CRED-04551,CUST-04551,654,Frequently Late,3,0.47,High Risk
CRED-04552,CUST-04552,659,Frequently Late,2,0.76,High Risk
CRED-04553,CUST-04553,615,Frequently Late,2,0.55,High Risk
CRED-04554,CUST-04554,707,On-Time,0,0.28,Medium Risk
CRED-04555,CUST-04555,696,Occasional Late,1,0.31,Medium Risk
CRED-04556,CUST-04556,756,On-Time,0,0.18,Low Risk
CRED-04557,CUST-04557,613,Frequently Late,4,0.58,High Risk
CRED-04558,CUST-04558,668,Frequently Late,1,0.49,High Risk
CRED-04559,CUST-04559,737,On-Time,1,0.3,Medium Risk
CRED-04560,CUST-04560,696,On-Time,0,0.27,Medium Risk
CRED-04561,CUST-04561,586,Frequently Late,1,0.84,High Risk
CRED-04562,CUST-04562,683,On-Time,0,0.34,Medium Risk
CRED-04563,CUST-04563,727,On-Time,2,0.29,Medium Risk
CRED-04564,CUST-04564,718,Occasional Late,0,0.38,Medium Risk
CRED-04565,CUST-04565,687,Occasional Late,0,0.45,Medium Risk
CRED-04566,CUST-04566,737,On-Time,0,0.32,Medium Risk
CRED-04567,CUST-04567,629,Occasional Late,2,0.7,High Risk
CRED-04568,CUST-04568,735,On-Time,0,0.31,Medium Risk
CRED-04569,CUST-04569,710,On-Time,0,0.32,Medium Risk
CRED-04570,CUST-04570,736,On-Time,0,0.48,Medium Risk
CRED-04571,CUST-04571,743,On-Time,0,0.3,Medium Risk
CRED-04572,CUST-04572,687,On-Time,0,0.25,Medium Risk
CRED-04573,CUST-04573,691,Occasional Late,0,0.38,Medium Risk
CRED-04574,CUST-04574,692,On-Time,0,0.49,Medium Risk
CRED-04575,CUST-04575,725,On-Time,0,0.38,Medium Risk
CRED-04576,CUST-04576,744,On-Time,0,0.45,Medium Risk
CRED-04577,CUST-04577,741,Occasional Late,0,0.44,Medium Risk
CRED-04578,CUST-04578,717,On-Time,0,0.44,Medium Risk
CRED-04579,CUST-04579,527,Frequently Late,6,0.79,Very High Risk
CRED-04580,CUST-04580,729,On-Time,1,0.38,Medium Risk
CRED-04581,CUST-04581,679,On-Time,0,0.41,Medium Risk
CRED-04582,CUST-04582,828,On-Time,0,0.17,Low Risk
CRED-04583,CUST-04583,714,On-Time,0,0.28,Medium Risk
CRED-04584,CUST-04584,621,Occasional Late,3,0.8,High Risk
CRED-04585,CUST-04585,644,Occasional Late,1,0.67,High Risk
CRED-04586,CUST-04586,576,Default Risk,7,0.86,Very High Risk
CRED-04587,CUST-04587,735,On-Time,2,0.4,Medium Risk
CRED-04588,CUST-04588,742,Occasional Late,0,0.31,Medium Risk
CRED-04589,CUST-04589,742,On-Time,0,0.41,Medium Risk
CRED-04590,CUST-04590,497,Default Risk,7,0.76,Very High Risk
CRED-04591,CUST-04591,700,Occasional Late,0,0.43,Medium Risk
CRED-04592,CUST-04592,745,On-Time,0,0.36,Medium Risk
CRED-04593,CUST-04593,733,Occasional Late,0,0.24,Medium Risk
CRED-04594,CUST-04594,734,On-Time,1,0.42,Medium Risk
CRED-04595,CUST-04595,731,On-Time,2,0.42,Medium Risk
CRED-04596,CUST-04596,733,On-Time,0,0.39,Medium Risk
CRED-04597,CUST-04597,658,Frequently Late,4,0.72,High Risk
CRED-04598,CUST-04598,763,On-Time,1,0.05,Low Risk
CRED-04599,CUST-04599,779,On-Time,0,0.23,Low Risk
CRED-04600,CUST-04600,695,On-Time,0,0.34,Medium Risk
CRED-04601,CUST-04601,721,On-Time,1,0.3,Medium Risk
CRED-04602,CUST-04602,672,On-Time,0,0.35,Medium Risk
CRED-04603,CUST-04603,653,Frequently Late,1,0.79,High Risk
CRED-04604,CUST-04604,710,Occasional Late,0,0.46,Medium Risk
CRED-04605,CUST-04605,672,On-Time,0,0.46,Medium Risk
CRED-04606,CUST-04606,707,On-Time,1,0.29,Medium Risk
CRED-04607,CUST-04607,698,Occasional Late,0,0.4,Medium Risk
CRED-04608,CUST-04608,694,On-Time,1,0.29,Medium Risk
CRED-04609,CUST-04609,722,On-Time,1,0.44,Medium Risk
CRED-04610,CUST-04610,772,On-Time,1,0.09,Low Risk
CRED-04611,CUST-04611,797,On-Time,0,0.19,Low Risk
CRED-04612,CUST-04612,686,Occasional Late,0,0.32,Medium Risk
CRED-04613,CUST-04613,699,Occasional Late,0,0.47,Medium Risk
CRED-04614,CUST-04614,730,On-Time,0,0.25,Medium Risk
CRED-04615,CUST-04615,763,On-Time,0,0.18,Low Risk
CRED-04616,CUST-04616,660,Frequently Late,1,0.54,High Risk
CRED-04617,CUST-04617,657,Frequently Late,1,0.53,High Risk
CRED-04618,CUST-04618,451,Default Risk,8,0.76,Very High Risk
CRED-04619,CUST-04619,727,On-Time,2,0.48,Medium Risk
CRED-04620,CUST-04620,753,On-Time,0,0.19,Low Risk
CRED-04621,CUST-04621,708,On-Time,0,0.49,Medium Risk
CRED-04622,CUST-04622,702,On-Time,0,0.4,Medium Risk
CRED-04623,CUST-04623,682,On-Time,2,0.41,Medium Risk
CRED-04624,CUST-04624,724,Occasional Late,0,0.44,Medium Risk
CRED-04625,CUST-04625,750,On-Time,0,0.15,Low Risk
CRED-04626,CUST-04626,716,On-Time,0,0.25,Medium Risk
CRED-04627,CUST-04627,729,Occasional Late,2,0.26,Medium Risk
CRED-04628,CUST-04628,772,On-Time,0,0.16,Low Risk
CRED-04629,CUST-04629,619,Occasional Late,1,0.53,High Risk
CRED-04630,CUST-04630,656,Occasional Late,4,0.8,High Risk
CRED-04631,CUST-04631,812,On-Time,0,0.09,Low Risk
CRED-04632,CUST-04632,693,Occasional Late,0,0.41,Medium Risk
CRED-04633,CUST-04633,690,Occasional Late,1,0.44,Medium Risk
CRED-04634,CUST-04634,676,On-Time,0,0.37,Medium Risk
CRED-04635,CUST-04635,728,On-Time,0,0.47,Medium Risk
CRED-04636,CUST-04636,738,On-Time,0,0.36,Medium Risk
CRED-04637,CUST-04637,644,Frequently Late,2,0.81,High Risk
CRED-04638,CUST-04638,659,Frequently Late,3,0.65,High Risk
CRED-04639,CUST-04639,709,On-Time,2,0.25,Medium Risk
CRED-04640,CUST-04640,666,Frequently Late,4,0.69,High Risk
CRED-04641,CUST-04641,504,Default Risk,11,0.83,Very High Risk
CRED-04642,CUST-04642,760,On-Time,0,0.13,Low Risk
CRED-04643,CUST-04643,766,On-Time,0,0.14,Low Risk
CRED-04644,CUST-04644,661,Occasional Late,4,0.48,High Risk
CRED-04645,CUST-04645,559,Default Risk,8,0.9,Very High Risk
CRED-04646,CUST-04646,681,Occasional Late,0,0.39,Medium Risk
CRED-04647,CUST-04647,690,On-Time,0,0.24,Medium Risk
CRED-04648,CUST-04648,770,On-Time,0,0.05,Low Risk
CRED-04649,CUST-04649,754,On-Time,0,0.12,Low Risk
CRED-04650,CUST-04650,701,On-Time,1,0.43,Medium Risk
CRED-04651,CUST-04651,808,On-Time,1,0.1,Low Risk
CRED-04652,CUST-04652,561,Frequently Late,7,0.89,Very High Risk
CRED-04653,CUST-04653,738,On-Time,2,0.23,Medium Risk
CRED-04654,CUST-04654,644,Occasional Late,4,0.64,High Risk
CRED-04655,CUST-04655,707,On-Time,0,0.37,Medium Risk
CRED-04656,CUST-04656,590,Frequently Late,4,0.79,High Risk
CRED-04657,CUST-04657,666,Frequently Late,1,0.69,High Risk
CRED-04658,CUST-04658,690,Occasional Late,2,0.48,Medium Risk
CRED-04659,CUST-04659,707,Occasional Late,1,0.49,Medium Risk
CRED-04660,CUST-04660,689,Occasional Late,0,0.34,Medium Risk
CRED-04661,CUST-04661,698,On-Time,0,0.41,Medium Risk
CRED-04662,CUST-04662,746,Occasional Late,0,0.41,Medium Risk
CRED-04663,CUST-04663,686,On-Time,1,0.27,Medium Risk
CRED-04664,CUST-04664,784,On-Time,0,0.13,Low Risk
CRED-04665,CUST-04665,718,On-Time,2,0.39,Medium Risk
CRED-04666,CUST-04666,699,Occasional Late,0,0.24,Medium Risk
CRED-04667,CUST-04667,631,Frequently Late,4,0.6,High Risk
CRED-04668,CUST-04668,732,Occasional Late,0,0.46,Medium Risk
CRED-04669,CUST-04669,727,On-Time,2,0.4,Medium Risk
CRED-04670,CUST-04670,704,On-Time,2,0.38,Medium Risk
CRED-04671,CUST-04671,649,Occasional Late,4,0.63,High Risk
CRED-04672,CUST-04672,651,Frequently Late,3,0.59,High Risk
CRED-04673,CUST-04673,742,On-Time,0,0.41,Medium Risk
CRED-04674,CUST-04674,579,Frequently Late,5,0.96,Very High Risk
CRED-04675,CUST-04675,680,Occasional Late,0,0.39,Medium Risk
CRED-04676,CUST-04676,753,On-Time,0,0.18,Low Risk
CRED-04677,CUST-04677,714,Occasional Late,1,0.24,Medium Risk
CRED-04678,CUST-04678,751,On-Time,0,0.11,Low Risk
CRED-04679,CUST-04679,809,On-Time,0,0.07,Low Risk
CRED-04680,CUST-04680,703,Occasional Late,0,0.21,Medium Risk
CRED-04681,CUST-04681,681,On-Time,1,0.41,Medium Risk
CRED-04682,CUST-04682,815,On-Time,0,0.17,Low Risk
CRED-04683,CUST-04683,789,On-Time,0,0.19,Low Risk
CRED-04684,CUST-04684,688,Occasional Late,2,0.41,Medium Risk
CRED-04685,CUST-04685,738,On-Time,0,0.24,Medium Risk
CRED-04686,CUST-04686,632,Frequently Late,2,0.47,High Risk
CRED-04687,CUST-04687,702,On-Time,1,0.37,Medium Risk
CRED-04688,CUST-04688,611,Frequently Late,1,0.48,High Risk
CRED-04689,CUST-04689,693,On-Time,0,0.38,Medium Risk
CRED-04690,CUST-04690,696,Occasional Late,0,0.37,Medium Risk
CRED-04691,CUST-04691,787,On-Time,0,0.19,Low Risk
CRED-04692,CUST-04692,689,On-Time,0,0.36,Medium Risk
CRED-04693,CUST-04693,524,Frequently Late,10,0.73,Very High Risk
CRED-04694,CUST-04694,531,Default Risk,5,0.94,Very High Risk
CRED-04695,CUST-04695,759,On-Time,0,0.1,Low Risk
CRED-04696,CUST-04696,536,Frequently Late,6,0.73,Very High Risk
CRED-04697,CUST-04697,653,Occasional Late,4,0.76,High Risk
CRED-04698,CUST-04698,566,Frequently Late,9,0.92,Very High Risk
CRED-04699,CUST-04699,686,Occasional Late,0,0.5,Medium Risk
CRED-04700,CUST-04700,808,On-Time,0,0.17,Low Risk
CRED-04701,CUST-04701,778,On-Time,0,0.18,Low Risk
CRED-04702,CUST-04702,694,On-Time,0,0.38,Medium Risk
CRED-04703,CUST-04703,661,Occasional Late,3,0.77,High Risk
CRED-04704,CUST-04704,710,On-Time,0,0.3,Medium Risk
CRED-04705,CUST-04705,627,Occasional Late,1,0.61,High Risk
CRED-04706,CUST-04706,661,Frequently Late,1,0.57,High Risk
CRED-04707,CUST-04707,628,Frequently Late,2,0.56,High Risk
CRED-04708,CUST-04708,772,On-Time,0,0.12,Low Risk
CRED-04709,CUST-04709,646,Occasional Late,1,0.57,High Risk
CRED-04710,CUST-04710,693,On-Time,0,0.29,Medium Risk
CRED-04711,CUST-04711,791,On-Time,0,0.12,Low Risk
CRED-04712,CUST-04712,511,Frequently Late,8,0.98,Very High Risk
CRED-04713,CUST-04713,658,Frequently Late,3,0.67,High Risk
CRED-04714,CUST-04714,678,On-Time,0,0.5,Medium Risk
CRED-04715,CUST-04715,796,On-Time,0,0.25,Low Risk
CRED-04716,CUST-04716,610,Occasional Late,4,0.7,High Risk
CRED-04717,CUST-04717,676,On-Time,2,0.49,Medium Risk
CRED-04718,CUST-04718,779,On-Time,0,0.18,Low Risk
CRED-04719,CUST-04719,698,Occasional Late,0,0.36,Medium Risk
CRED-04720,CUST-04720,696,On-Time,0,0.29,Medium Risk
CRED-04721,CUST-04721,633,Frequently Late,2,0.81,High Risk
CRED-04722,CUST-04722,701,On-Time,2,0.26,Medium Risk
CRED-04723,CUST-04723,552,Default Risk,6,0.8,Very High Risk
CRED-04724,CUST-04724,685,On-Time,0,0.31,Medium Risk
CRED-04725,CUST-04725,770,On-Time,0,0.09,Low Risk
CRED-04726,CUST-04726,726,On-Time,0,0.46,Medium Risk
CRED-04727,CUST-04727,673,On-Time,1,0.34,Medium Risk
CRED-04728,CUST-04728,666,Occasional Late,1,0.53,High Risk
CRED-04729,CUST-04729,415,Default Risk,7,0.76,Very High Risk
CRED-04730,CUST-04730,776,On-Time,0,0.15,Low Risk
CRED-04731,CUST-04731,757,On-Time,0,0.06,Low Risk
CRED-04732,CUST-04732,712,On-Time,0,0.46,Medium Risk
CRED-04733,CUST-04733,673,On-Time,1,0.25,Medium Risk
CRED-04734,CUST-04734,727,On-Time,0,0.37,Medium Risk
CRED-04735,CUST-04735,773,On-Time,0,0.22,Low Risk
CRED-04736,CUST-04736,643,Frequently Late,1,0.48,High Risk
CRED-04737,CUST-04737,631,Frequently Late,3,0.59,High Risk
CRED-04738,CUST-04738,677,Occasional Late,0,0.24,Medium Risk
CRED-04739,CUST-04739,781,On-Time,0,0.15,Low Risk
CRED-04740,CUST-04740,821,On-Time,0,0.13,Low Risk
CRED-04741,CUST-04741,650,Frequently Late,2,0.71,High Risk
CRED-04742,CUST-04742,731,Occasional Late,0,0.37,Medium Risk
CRED-04743,CUST-04743,716,Occasional Late,0,0.43,Medium Risk
CRED-04744,CUST-04744,582,Frequently Late,3,0.48,High Risk
CRED-04745,CUST-04745,699,Occasional Late,0,0.41,Medium Risk
CRED-04746,CUST-04746,718,On-Time,0,0.27,Medium Risk
CRED-04747,CUST-04747,653,Frequently Late,2,0.56,High Risk
CRED-04748,CUST-04748,640,Occasional Late,4,0.83,High Risk
CRED-04749,CUST-04749,721,On-Time,0,0.29,Medium Risk
CRED-04750,CUST-04750,744,On-Time,0,0.23,Medium Risk
CRED-04751,CUST-04751,589,Frequently Late,2,0.66,High Risk
CRED-04752,CUST-04752,683,Occasional Late,0,0.28,Medium Risk
CRED-04753,CUST-04753,538,Frequently Late,7,0.94,Very High Risk
CRED-04754,CUST-04754,683,On-Time,2,0.39,Medium Risk
CRED-04755,CUST-04755,690,On-Time,0,0.38,Medium Risk
CRED-04756,CUST-04756,599,Occasional Late,2,0.66,High Risk
CRED-04757,CUST-04757,713,Occasional Late,2,0.31,Medium Risk
CRED-04758,CUST-04758,778,On-Time,0,0.09,Low Risk
CRED-04759,CUST-04759,743,Occasional Late,0,0.25,Medium Risk
CRED-04760,CUST-04760,655,Frequently Late,3,0.62,High Risk
CRED-04761,CUST-04761,731,On-Time,0,0.33,Medium Risk
CRED-04762,CUST-04762,474,Default Risk,10,0.85,Very High Risk
CRED-04763,CUST-04763,686,On-Time,0,0.25,Medium Risk
CRED-04764,CUST-04764,629,Frequently Late,3,0.48,High Risk
CRED-04765,CUST-04765,674,On-Time,0,0.32,Medium Risk
CRED-04766,CUST-04766,763,On-Time,0,0.11,Low Risk
CRED-04767,CUST-04767,776,On-Time,0,0.21,Low Risk
CRED-04768,CUST-04768,720,On-Time,0,0.34,Medium Risk
CRED-04769,CUST-04769,778,On-Time,0,0.11,Low Risk
CRED-04770,CUST-04770,740,On-Time,0,0.31,Medium Risk
CRED-04771,CUST-04771,734,On-Time,0,0.44,Medium Risk
CRED-04772,CUST-04772,656,Frequently Late,2,0.76,High Risk
CRED-04773,CUST-04773,675,On-Time,0,0.3,Medium Risk
CRED-04774,CUST-04774,702,Occasional Late,0,0.38,Medium Risk
CRED-04775,CUST-04775,462,Default Risk,5,0.82,Very High Risk
CRED-04776,CUST-04776,659,Frequently Late,4,0.53,High Risk
CRED-04777,CUST-04777,621,Occasional Late,2,0.7,High Risk
CRED-04778,CUST-04778,550,Default Risk,11,0.78,Very High Risk
CRED-04779,CUST-04779,691,On-Time,0,0.4,Medium Risk
CRED-04780,CUST-04780,690,On-Time,0,0.45,Medium Risk
CRED-04781,CUST-04781,667,Occasional Late,3,0.8,High Risk
CRED-04782,CUST-04782,636,Frequently Late,3,0.49,High Risk
CRED-04783,CUST-04783,758,On-Time,0,0.22,Low Risk
CRED-04784,CUST-04784,576,Default Risk,7,0.82,Very High Risk
CRED-04785,CUST-04785,722,On-Time,0,0.49,Medium Risk
CRED-04786,CUST-04786,692,On-Time,2,0.4,Medium Risk
CRED-04787,CUST-04787,786,On-Time,0,0.11,Low Risk
CRED-04788,CUST-04788,651,Occasional Late,2,0.6,High Risk
CRED-04789,CUST-04789,690,Occasional Late,1,0.21,Medium Risk
CRED-04790,CUST-04790,647,Frequently Late,3,0.77,High Risk
CRED-04791,CUST-04791,780,On-Time,0,0.19,Low Risk
CRED-04792,CUST-04792,748,Occasional Late,1,0.34,Medium Risk
CRED-04793,CUST-04793,689,Occasional Late,0,0.38,Medium Risk
CRED-04794,CUST-04794,708,Occasional Late,0,0.49,Medium Risk
CRED-04795,CUST-04795,693,Occasional Late,0,0.33,Medium Risk
CRED-04796,CUST-04796,670,Occasional Late,0,0.27,Medium Risk
CRED-04797,CUST-04797,676,Occasional Late,0,0.48,Medium Risk
CRED-04798,CUST-04798,744,On-Time,1,0.21,Medium Risk
CRED-04799,CUST-04799,766,On-Time,0,0.07,Low Risk
CRED-04800,CUST-04800,715,On-Time,0,0.27,Medium Risk
CRED-04801,CUST-04801,650,Frequently Late,1,0.78,High Risk
CRED-04802,CUST-04802,713,On-Time,1,0.48,Medium Risk
CRED-04803,CUST-04803,586,Occasional Late,2,0.52,High Risk
CRED-04804,CUST-04804,639,Frequently Late,4,0.84,High Risk
CRED-04805,CUST-04805,725,Occasional Late,0,0.34,Medium Risk
CRED-04806,CUST-04806,630,Occasional Late,2,0.47,High Risk
CRED-04807,CUST-04807,764,On-Time,0,0.11,Low Risk
CRED-04808,CUST-04808,709,Occasional Late,0,0.22,Medium Risk
CRED-04809,CUST-04809,735,On-Time,0,0.31,Medium Risk
CRED-04810,CUST-04810,591,Frequently Late,2,0.73,High Risk
CRED-04811,CUST-04811,710,Occasional Late,0,0.31,Medium Risk
CRED-04812,CUST-04812,732,On-Time,1,0.35,Medium Risk
CRED-04813,CUST-04813,534,Default Risk,8,0.79,Very High Risk
CRED-04814,CUST-04814,609,Occasional Late,3,0.75,High Risk
CRED-04815,CUST-04815,748,On-Time,2,0.38,Medium Risk
CRED-04816,CUST-04816,591,Occasional Late,4,0.63,High Risk
CRED-04817,CUST-04817,540,Frequently Late,5,0.94,Very High Risk
CRED-04818,CUST-04818,634,Frequently Late,2,0.58,High Risk
CRED-04819,CUST-04819,668,Frequently Late,2,0.55,High Risk
CRED-04820,CUST-04820,840,On-Time,0,0.16,Low Risk
CRED-04821,CUST-04821,757,On-Time,0,0.05,Low Risk
CRED-04822,CUST-04822,635,Occasional Late,2,0.72,High Risk
CRED-04823,CUST-04823,586,Frequently Late,3,0.46,High Risk
CRED-04824,CUST-04824,695,On-Time,0,0.22,Medium Risk
CRED-04825,CUST-04825,709,On-Time,0,0.4,Medium Risk
CRED-04826,CUST-04826,770,On-Time,0,0.11,Low Risk
CRED-04827,CUST-04827,732,Occasional Late,0,0.44,Medium Risk
CRED-04828,CUST-04828,740,Occasional Late,0,0.22,Medium Risk
CRED-04829,CUST-04829,760,On-Time,0,0.07,Low Risk
CRED-04830,CUST-04830,673,Occasional Late,2,0.23,Medium Risk
CRED-04831,CUST-04831,776,On-Time,0,0.08,Low Risk
CRED-04832,CUST-04832,715,On-Time,0,0.35,Medium Risk
CRED-04833,CUST-04833,689,On-Time,0,0.48,Medium Risk
CRED-04834,CUST-04834,752,On-Time,0,0.18,Low Risk
CRED-04835,CUST-04835,749,On-Time,0,0.31,Medium Risk
CRED-04836,CUST-04836,741,On-Time,0,0.3,Medium Risk
CRED-04837,CUST-04837,685,Occasional Late,1,0.41,Medium Risk
CRED-04838,CUST-04838,667,Occasional Late,4,0.5,High Risk
CRED-04839,CUST-04839,537,Frequently Late,10,0.73,Very High Risk
CRED-04840,CUST-04840,541,Default Risk,9,0.89,Very High Risk
CRED-04841,CUST-04841,721,On-Time,0,0.33,Medium Risk
CRED-04842,CUST-04842,598,Frequently Late,3,0.58,High Risk
CRED-04843,CUST-04843,548,Frequently Late,9,0.73,Very High Risk
CRED-04844,CUST-04844,686,Occasional Late,0,0.26,Medium Risk
CRED-04845,CUST-04845,574,Default Risk,7,0.73,Very High Risk
CRED-04846,CUST-04846,565,Default Risk,10,0.78,Very High Risk
CRED-04847,CUST-04847,739,Occasional Late,2,0.24,Medium Risk
CRED-04848,CUST-04848,794,On-Time,0,0.18,Low Risk
CRED-04849,CUST-04849,678,On-Time,0,0.45,Medium Risk
CRED-04850,CUST-04850,712,Occasional Late,0,0.38,Medium Risk
CRED-04851,CUST-04851,765,On-Time,0,0.23,Low Risk
CRED-04852,CUST-04852,576,Default Risk,6,0.88,Very High Risk
CRED-04853,CUST-04853,780,On-Time,0,0.24,Low Risk
CRED-04854,CUST-04854,683,On-Time,1,0.44,Medium Risk
CRED-04855,CUST-04855,646,Occasional Late,3,0.79,High Risk
CRED-04856,CUST-04856,724,On-Time,2,0.4,Medium Risk
CRED-04857,CUST-04857,750,On-Time,0,0.19,Low Risk
CRED-04858,CUST-04858,790,On-Time,0,0.06,Low Risk
CRED-04859,CUST-04859,775,On-Time,0,0.09,Low Risk
CRED-04860,CUST-04860,691,On-Time,0,0.44,Medium Risk
CRED-04861,CUST-04861,670,Occasional Late,0,0.22,Medium Risk
CRED-04862,CUST-04862,688,On-Time,0,0.28,Medium Risk
CRED-04863,CUST-04863,721,Occasional Late,1,0.21,Medium Risk
CRED-04864,CUST-04864,733,Occasional Late,0,0.24,Medium Risk
CRED-04865,CUST-04865,685,Occasional Late,2,0.21,Medium Risk
CRED-04866,CUST-04866,713,On-Time,0,0.3,Medium Risk
CRED-04867,CUST-04867,713,On-Time,2,0.29,Medium Risk
CRED-04868,CUST-04868,728,Occasional Late,1,0.23,Medium Risk
CRED-04869,CUST-04869,675,On-Time,1,0.25,Medium Risk
CRED-04870,CUST-04870,506,Frequently Late,8,0.91,Very High Risk
CRED-04871,CUST-04871,620,Occasional Late,4,0.52,High Risk
CRED-04872,CUST-04872,694,On-Time,0,0.46,Medium Risk
CRED-04873,CUST-04873,588,Frequently Late,2,0.76,High Risk
CRED-04874,CUST-04874,702,On-Time,0,0.25,Medium Risk
CRED-04875,CUST-04875,687,On-Time,1,0.2,Medium Risk
CRED-04876,CUST-04876,571,Default Risk,11,0.85,Very High Risk
CRED-04877,CUST-04877,717,On-Time,0,0.47,Medium Risk
CRED-04878,CUST-04878,624,Occasional Late,4,0.46,High Risk
CRED-04879,CUST-04879,749,On-Time,0,0.21,Medium Risk
CRED-04880,CUST-04880,752,On-Time,0,0.23,Low Risk
CRED-04881,CUST-04881,757,On-Time,0,0.17,Low Risk
CRED-04882,CUST-04882,639,Frequently Late,4,0.61,High Risk
CRED-04883,CUST-04883,696,On-Time,0,0.33,Medium Risk
CRED-04884,CUST-04884,729,Occasional Late,0,0.24,Medium Risk
CRED-04885,CUST-04885,589,Frequently Late,2,0.55,High Risk
CRED-04886,CUST-04886,716,On-Time,0,0.49,Medium Risk
CRED-04887,CUST-04887,600,Frequently Late,2,0.76,High Risk
CRED-04888,CUST-04888,644,Occasional Late,2,0.63,High Risk
CRED-04889,CUST-04889,657,Frequently Late,1,0.71,High Risk
CRED-04890,CUST-04890,759,On-Time,0,0.14,Low Risk
CRED-04891,CUST-04891,679,On-Time,2,0.21,Medium Risk
CRED-04892,CUST-04892,660,Occasional Late,4,0.54,High Risk
CRED-04893,CUST-04893,696,On-Time,0,0.43,Medium Risk
CRED-04894,CUST-04894,720,Occasional Late,0,0.25,Medium Risk
CRED-04895,CUST-04895,695,On-Time,1,0.36,Medium Risk
CRED-04896,CUST-04896,772,On-Time,0,0.19,Low Risk
CRED-04897,CUST-04897,683,Occasional Late,2,0.28,Medium Risk
CRED-04898,CUST-04898,744,On-Time,0,0.29,Medium Risk
CRED-04899,CUST-04899,698,Occasional Late,1,0.48,Medium Risk
CRED-04900,CUST-04900,615,Frequently Late,2,0.53,High Risk
CRED-04901,CUST-04901,662,Occasional Late,1,0.76,High Risk
CRED-04902,CUST-04902,670,On-Time,0,0.47,Medium Risk
CRED-04903,CUST-04903,544,Frequently Late,7,0.74,Very High Risk
CRED-04904,CUST-04904,719,Occasional Late,1,0.27,Medium Risk
CRED-04905,CUST-04905,734,On-Time,0,0.2,Medium Risk
CRED-04906,CUST-04906,660,Occasional Late,4,0.82,High Risk
CRED-04907,CUST-04907,549,Frequently Late,8,0.94,Very High Risk
CRED-04908,CUST-04908,720,On-Time,0,0.28,Medium Risk
CRED-04909,CUST-04909,729,Occasional Late,0,0.31,Medium Risk
CRED-04910,CUST-04910,722,Occasional Late,0,0.39,Medium Risk
CRED-04911,CUST-04911,739,On-Time,1,0.21,Medium Risk
CRED-04912,CUST-04912,745,Occasional Late,0,0.34,Medium Risk
CRED-04913,CUST-04913,496,Frequently Late,5,0.98,Very High Risk
CRED-04914,CUST-04914,577,Default Risk,7,0.7,Very High Risk
CRED-04915,CUST-04915,800,On-Time,0,0.2,Low Risk
CRED-04916,CUST-04916,695,On-Time,0,0.34,Medium Risk
CRED-04917,CUST-04917,689,On-Time,1,0.22,Medium Risk
CRED-04918,CUST-04918,674,On-Time,0,0.22,Medium Risk
CRED-04919,CUST-04919,753,On-Time,0,0.18,Low Risk
CRED-04920,CUST-04920,625,Frequently Late,2,0.77,High Risk
CRED-04921,CUST-04921,722,On-Time,0,0.46,Medium Risk
CRED-04922,CUST-04922,802,On-Time,0,0.11,Low Risk
CRED-04923,CUST-04923,618,Frequently Late,2,0.71,High Risk
CRED-04924,CUST-04924,734,On-Time,0,0.29,Medium Risk
CRED-04925,CUST-04925,576,Frequently Late,7,0.84,Very High Risk
CRED-04926,CUST-04926,629,Occasional Late,1,0.58,High Risk
CRED-04927,CUST-04927,668,Frequently Late,3,0.51,High Risk
CRED-04928,CUST-04928,798,On-Time,0,0.21,Low Risk
CRED-04929,CUST-04929,660,Frequently Late,2,0.66,High Risk
CRED-04930,CUST-04930,756,On-Time,0,0.07,Low Risk
CRED-04931,CUST-04931,792,On-Time,0,0.12,Low Risk
CRED-04932,CUST-04932,746,On-Time,0,0.44,Medium Risk
CRED-04933,CUST-04933,654,Frequently Late,3,0.77,High Risk
CRED-04934,CUST-04934,676,On-Time,0,0.33,Medium Risk
CRED-04935,CUST-04935,699,Occasional Late,0,0.35,Medium Risk
CRED-04936,CUST-04936,540,Default Risk,10,0.87,Very High Risk
CRED-04937,CUST-04937,697,On-Time,0,0.25,Medium Risk
CRED-04938,CUST-04938,534,Default Risk,10,0.97,Very High Risk
CRED-04939,CUST-04939,697,On-Time,0,0.4,Medium Risk
CRED-04940,CUST-04940,695,On-Time,0,0.34,Medium Risk
CRED-04941,CUST-04941,674,On-Time,0,0.25,Medium Risk
CRED-04942,CUST-04942,604,Occasional Late,2,0.78,High Risk
CRED-04943,CUST-04943,750,On-Time,0,0.22,Low Risk
CRED-04944,CUST-04944,539,Frequently Late,10,0.88,Very High Risk
CRED-04945,CUST-04945,640,Occasional Late,2,0.58,High Risk
CRED-04946,CUST-04946,663,Occasional Late,2,0.63,High Risk
CRED-04947,CUST-04947,668,Occasional Late,1,0.76,High Risk
CRED-04948,CUST-04948,676,On-Time,0,0.38,Medium Risk
CRED-04949,CUST-04949,568,Default Risk,6,0.75,Very High Risk
CRED-04950,CUST-04950,646,Occasional Late,1,0.56,High Risk
CRED-04951,CUST-04951,563,Default Risk,4,0.97,Very High Risk
CRED-04952,CUST-04952,660,Occasional Late,3,0.66,High Risk
CRED-04953,CUST-04953,760,On-Time,0,0.09,Low Risk
CRED-04954,CUST-04954,715,On-Time,0,0.22,Medium Risk
CRED-04955,CUST-04955,634,Occasional Late,1,0.73,High Risk
CRED-04956,CUST-04956,659,Frequently Late,4,0.69,High Risk
CRED-04957,CUST-04957,804,On-Time,0,0.23,Low Risk
CRED-04958,CUST-04958,741,Occasional Late,0,0.31,Medium Risk
CRED-04959,CUST-04959,691,Occasional Late,0,0.48,Medium Risk
CRED-04960,CUST-04960,712,On-Time,0,0.34,Medium Risk
CRED-04961,CUST-04961,667,Occasional Late,4,0.78,High Risk
CRED-04962,CUST-04962,677,On-Time,2,0.25,Medium Risk
CRED-04963,CUST-04963,678,Occasional Late,0,0.25,Medium Risk
CRED-04964,CUST-04964,769,On-Time,0,0.22,Low Risk
CRED-04965,CUST-04965,771,On-Time,0,0.06,Low Risk
CRED-04966,CUST-04966,684,On-Time,0,0.43,Medium Risk
CRED-04967,CUST-04967,753,On-Time,0,0.12,Low Risk
CRED-04968,CUST-04968,765,On-Time,0,0.09,Low Risk
CRED-04969,CUST-04969,653,Frequently Late,3,0.53,High Risk
CRED-04970,CUST-04970,614,Occasional Late,3,0.75,High Risk
CRED-04971,CUST-04971,702,On-Time,0,0.46,Medium Risk
CRED-04972,CUST-04972,725,On-Time,1,0.23,Medium Risk
CRED-04973,CUST-04973,710,On-Time,1,0.4,Medium Risk
CRED-04974,CUST-04974,690,On-Time,1,0.31,Medium Risk
CRED-04975,CUST-04975,690,On-Time,0,0.3,Medium Risk
CRED-04976,CUST-04976,704,On-Time,0,0.35,Medium Risk
CRED-04977,CUST-04977,673,Occasional Late,0,0.26,Medium Risk
CRED-04978,CUST-04978,720,On-Time,0,0.39,Medium Risk
CRED-04979,CUST-04979,686,Occasional Late,0,0.34,Medium Risk
CRED-04980,CUST-04980,670,On-Time,2,0.44,Medium Risk
CRED-04981,CUST-04981,761,On-Time,0,0.2,Low Risk
CRED-04982,CUST-04982,728,On-Time,0,0.46,Medium Risk
CRED-04983,CUST-04983,537,Frequently Late,8,0.9,Very High Risk
CRED-04984,CUST-04984,699,Occasional Late,0,0.23,Medium Risk
CRED-04985,CUST-04985,642,Occasional Late,4,0.81,High Risk
CRED-04986,CUST-04986,807,On-Time,0,0.22,Low Risk
CRED-04987,CUST-04987,781,On-Time,1,0.19,Low Risk
CRED-04988,CUST-04988,733,On-Time,0,0.2,Medium Risk
CRED-04989,CUST-04989,667,Occasional Late,1,0.81,High Risk
CRED-04990,CUST-04990,823,On-Time,0,0.14,Low Risk
CRED-04991,CUST-04991,730,Occasional Late,0,0.33,Medium Risk
CRED-04992,CUST-04992,778,On-Time,0,0.15,Low Risk
CRED-04993,CUST-04993,753,On-Time,0,0.21,Low Risk
CRED-04994,CUST-04994,678,Occasional Late,0,0.33,Medium Risk
CRED-04995,CUST-04995,736,On-Time,0,0.39,Medium Risk
CRED-04996,CUST-04996,748,On-Time,0,0.26,Medium Risk
CRED-04997,CUST-04997,474,Frequently Late,9,0.98,Very High Risk
CRED-04998,CUST-04998,734,On-Time,0,0.35,Medium Risk
CRED-04999,CUST-04999,683,Occasional Late,0,0.26,Medium Risk
CRED-05000,CUST-05000,806,On-Time,0,0.22,Low Risk
CRED-05001,CUST-05001,671,Occasional Late,0,0.27,Medium Risk
CRED-05002,CUST-05002,698,Occasional Late,0,0.4,Medium Risk
CRED-05003,CUST-05003,680,On-Time,0,0.4,Medium Risk
CRED-05004,CUST-05004,697,On-Time,0,0.31,Medium Risk
CRED-05005,CUST-05005,657,Occasional Late,4,0.78,High Risk
CRED-05006,CUST-05006,759,On-Time,0,0.17,Low Risk
CRED-05007,CUST-05007,690,On-Time,0,0.4,Medium Risk
CRED-05008,CUST-05008,663,Frequently Late,4,0.78,High Risk
CRED-05009,CUST-05009,594,Occasional Late,4,0.83,High Risk
CRED-05010,CUST-05010,706,Occasional Late,0,0.46,Medium Risk
CRED-05011,CUST-05011,807,On-Time,0,0.21,Low Risk
CRED-05012,CUST-05012,710,Occasional Late,0,0.41,Medium Risk
CRED-05013,CUST-05013,705,On-Time,0,0.28,Medium Risk
CRED-05014,CUST-05014,808,On-Time,0,0.15,Low Risk
CRED-05015,CUST-05015,709,On-Time,1,0.24,Medium Risk
CRED-05016,CUST-05016,667,Occasional Late,3,0.73,High Risk
CRED-05017,CUST-05017,700,On-Time,0,0.24,Medium Risk
CRED-05018,CUST-05018,732,Occasional Late,1,0.22,Medium Risk
CRED-05019,CUST-05019,540,Default Risk,4,0.97,Very High Risk
CRED-05020,CUST-05020,739,On-Time,0,0.38,Medium Risk
CRED-05021,CUST-05021,723,On-Time,0,0.24,Medium Risk
CRED-05022,CUST-05022,734,On-Time,0,0.26,Medium Risk
CRED-05023,CUST-05023,450,Default Risk,8,0.71,Very High Risk
CRED-05024,CUST-05024,764,On-Time,0,0.12,Low Risk
CRED-05025,CUST-05025,674,On-Time,2,0.39,Medium Risk
CRED-05026,CUST-05026,617,Frequently Late,1,0.46,High Risk
CRED-05027,CUST-05027,702,On-Time,0,0.46,Medium Risk
CRED-05028,CUST-05028,691,On-Time,0,0.38,Medium Risk
CRED-05029,CUST-05029,764,On-Time,0,0.17,Low Risk
CRED-05030,CUST-05030,805,On-Time,0,0.21,Low Risk
CRED-05031,CUST-05031,662,Occasional Late,1,0.84,High Risk
CRED-05032,CUST-05032,669,Frequently Late,1,0.54,High Risk
CRED-05033,CUST-05033,788,On-Time,0,0.19,Low Risk
CRED-05034,CUST-05034,650,Occasional Late,3,0.54,High Risk
CRED-05035,CUST-05035,716,On-Time,0,0.47,Medium Risk
CRED-05036,CUST-05036,643,Frequently Late,4,0.58,High Risk
CRED-05037,CUST-05037,587,Occasional Late,3,0.64,High Risk
CRED-05038,CUST-05038,654,Frequently Late,1,0.65,High Risk
CRED-05039,CUST-05039,587,Occasional Late,1,0.51,High Risk
CRED-05040,CUST-05040,769,On-Time,0,0.08,Low Risk
CRED-05041,CUST-05041,714,On-Time,1,0.45,Medium Risk
CRED-05042,CUST-05042,742,Occasional Late,0,0.32,Medium Risk
CRED-05043,CUST-05043,676,Occasional Late,0,0.27,Medium Risk
CRED-05044,CUST-05044,643,Occasional Late,3,0.61,High Risk
CRED-05045,CUST-05045,554,Default Risk,6,0.82,Very High Risk
CRED-05046,CUST-05046,753,On-Time,0,0.1,Low Risk
CRED-05047,CUST-05047,743,On-Time,0,0.39,Medium Risk
CRED-05048,CUST-05048,779,On-Time,0,0.11,Low Risk
CRED-05049,CUST-05049,677,On-Time,0,0.29,Medium Risk
CRED-05050,CUST-05050,545,Default Risk,11,0.72,Very High Risk
CRED-05051,CUST-05051,770,On-Time,0,0.11,Low Risk
CRED-05052,CUST-05052,615,Frequently Late,1,0.64,High Risk
CRED-05053,CUST-05053,699,On-Time,0,0.38,Medium Risk
CRED-05054,CUST-05054,511,Default Risk,8,0.9,Very High Risk
CRED-05055,CUST-05055,695,Occasional Late,0,0.44,Medium Risk
CRED-05056,CUST-05056,727,On-Time,1,0.45,Medium Risk
CRED-05057,CUST-05057,727,On-Time,1,0.27,Medium Risk
CRED-05058,CUST-05058,761,On-Time,0,0.12,Low Risk
CRED-05059,CUST-05059,745,On-Time,0,0.24,Medium Risk
CRED-05060,CUST-05060,778,On-Time,0,0.09,Low Risk
CRED-05061,CUST-05061,788,On-Time,0,0.09,Low Risk
CRED-05062,CUST-05062,627,Frequently Late,2,0.7,High Risk
CRED-05063,CUST-05063,746,On-Time,0,0.44,Medium Risk
CRED-05064,CUST-05064,507,Frequently Late,7,0.97,Very High Risk
CRED-05065,CUST-05065,791,On-Time,0,0.24,Low Risk
CRED-05066,CUST-05066,602,Occasional Late,2,0.78,High Risk
CRED-05067,CUST-05067,594,Occasional Late,1,0.7,High Risk
CRED-05068,CUST-05068,666,Frequently Late,1,0.48,High Risk
CRED-05069,CUST-05069,662,Occasional Late,3,0.48,High Risk
CRED-05070,CUST-05070,722,On-Time,0,0.36,Medium Risk
CRED-05071,CUST-05071,708,On-Time,0,0.36,Medium Risk
CRED-05072,CUST-05072,679,On-Time,1,0.32,Medium Risk
CRED-05073,CUST-05073,706,On-Time,0,0.29,Medium Risk
CRED-05074,CUST-05074,530,Frequently Late,5,0.72,Very High Risk
CRED-05075,CUST-05075,791,On-Time,0,0.16,Low Risk
CRED-05076,CUST-05076,543,Frequently Late,10,0.83,Very High Risk
CRED-05077,CUST-05077,554,Default Risk,9,0.73,Very High Risk
CRED-05078,CUST-05078,684,On-Time,0,0.22,Medium Risk
CRED-05079,CUST-05079,659,Occasional Late,2,0.81,High Risk
CRED-05080,CUST-05080,744,On-Time,0,0.22,Medium Risk
CRED-05081,CUST-05081,754,On-Time,0,0.14,Low Risk
CRED-05082,CUST-05082,695,On-Time,0,0.45,Medium Risk
CRED-05083,CUST-05083,727,On-Time,1,0.27,Medium Risk
CRED-05084,CUST-05084,552,Frequently Late,7,0.76,Very High Risk
CRED-05085,CUST-05085,721,On-Time,0,0.43,Medium Risk
CRED-05086,CUST-05086,699,On-Time,0,0.32,Medium Risk
CRED-05087,CUST-05087,758,On-Time,0,0.2,Low Risk
CRED-05088,CUST-05088,810,On-Time,0,0.19,Low Risk
CRED-05089,CUST-05089,648,Occasional Late,2,0.84,High Risk
CRED-05090,CUST-05090,731,Occasional Late,0,0.33,Medium Risk
CRED-05091,CUST-05091,784,On-Time,0,0.22,Low Risk
CRED-05092,CUST-05092,735,Occasional Late,0,0.36,Medium Risk
CRED-05093,CUST-05093,734,On-Time,0,0.32,Medium Risk
CRED-05094,CUST-05094,656,Frequently Late,3,0.48,High Risk
CRED-05095,CUST-05095,727,On-Time,0,0.21,Medium Risk
CRED-05096,CUST-05096,701,On-Time,0,0.25,Medium Risk
CRED-05097,CUST-05097,559,Frequently Late,11,0.71,Very High Risk
CRED-05098,CUST-05098,677,On-Time,0,0.49,Medium Risk
CRED-05099,CUST-05099,738,On-Time,0,0.31,Medium Risk
CRED-05100,CUST-05100,546,Default Risk,10,0.83,Very High Risk
CRED-05101,CUST-05101,709,On-Time,0,0.23,Medium Risk
CRED-05102,CUST-05102,736,On-Time,0,0.42,Medium Risk
CRED-05103,CUST-05103,742,On-Time,1,0.5,Medium Risk
CRED-05104,CUST-05104,823,On-Time,0,0.24,Low Risk
CRED-05105,CUST-05105,646,Occasional Late,4,0.75,High Risk
CRED-05106,CUST-05106,577,Default Risk,6,0.79,Very High Risk
CRED-05107,CUST-05107,690,Occasional Late,2,0.5,Medium Risk
CRED-05108,CUST-05108,572,Default Risk,5,0.95,Very High Risk
CRED-05109,CUST-05109,612,Occasional Late,3,0.74,High Risk
CRED-05110,CUST-05110,673,On-Time,0,0.39,Medium Risk
CRED-05111,CUST-05111,754,On-Time,0,0.13,Low Risk
CRED-05112,CUST-05112,583,Frequently Late,3,0.51,High Risk
CRED-05113,CUST-05113,663,Frequently Late,3,0.5,High Risk
CRED-05114,CUST-05114,709,On-Time,0,0.46,Medium Risk
CRED-05115,CUST-05115,678,On-Time,1,0.49,Medium Risk
CRED-05116,CUST-05116,593,Frequently Late,2,0.78,High Risk
CRED-05117,CUST-05117,754,On-Time,0,0.09,Low Risk
CRED-05118,CUST-05118,820,On-Time,0,0.17,Low Risk
CRED-05119,CUST-05119,715,On-Time,0,0.49,Medium Risk
CRED-05120,CUST-05120,700,On-Time,2,0.44,Medium Risk
CRED-05121,CUST-05121,735,On-Time,0,0.45,Medium Risk
CRED-05122,CUST-05122,682,On-Time,1,0.5,Medium Risk
CRED-05123,CUST-05123,726,On-Time,1,0.48,Medium Risk
CRED-05124,CUST-05124,702,On-Time,2,0.42,Medium Risk
CRED-05125,CUST-05125,747,On-Time,0,0.24,Medium Risk
CRED-05126,CUST-05126,702,On-Time,2,0.48,Medium Risk
CRED-05127,CUST-05127,699,Occasional Late,2,0.2,Medium Risk
CRED-05128,CUST-05128,734,On-Time,0,0.24,Medium Risk
CRED-05129,CUST-05129,664,Frequently Late,3,0.55,High Risk
CRED-05130,CUST-05130,744,On-Time,1,0.39,Medium Risk
CRED-05131,CUST-05131,747,On-Time,0,0.47,Medium Risk
CRED-05132,CUST-05132,753,On-Time,0,0.06,Low Risk
CRED-05133,CUST-05133,808,On-Time,0,0.06,Low Risk
CRED-05134,CUST-05134,694,On-Time,2,0.31,Medium Risk
CRED-05135,CUST-05135,737,On-Time,0,0.45,Medium Risk
CRED-05136,CUST-05136,758,On-Time,0,0.23,Low Risk
CRED-05137,CUST-05137,610,Occasional Late,1,0.69,High Risk
CRED-05138,CUST-05138,663,Frequently Late,3,0.58,High Risk
CRED-05139,CUST-05139,710,Occasional Late,0,0.36,Medium Risk
CRED-05140,CUST-05140,490,Default Risk,4,0.86,Very High Risk
CRED-05141,CUST-05141,762,On-Time,0,0.12,Low Risk
CRED-05142,CUST-05142,735,On-Time,0,0.32,Medium Risk
CRED-05143,CUST-05143,723,Occasional Late,0,0.45,Medium Risk
CRED-05144,CUST-05144,744,On-Time,0,0.31,Medium Risk
CRED-05145,CUST-05145,731,On-Time,0,0.35,Medium Risk
CRED-05146,CUST-05146,633,Frequently Late,4,0.47,High Risk
CRED-05147,CUST-05147,759,On-Time,0,0.08,Low Risk
CRED-05148,CUST-05148,636,Frequently Late,4,0.54,High Risk
CRED-05149,CUST-05149,617,Occasional Late,3,0.81,High Risk
CRED-05150,CUST-05150,723,Occasional Late,0,0.34,Medium Risk
CRED-05151,CUST-05151,559,Default Risk,4,0.9,Very High Risk
CRED-05152,CUST-05152,769,On-Time,0,0.21,Low Risk
CRED-05153,CUST-05153,665,Occasional Late,4,0.83,High Risk
CRED-05154,CUST-05154,715,Occasional Late,1,0.43,Medium Risk
CRED-05155,CUST-05155,726,On-Time,1,0.5,Medium Risk
CRED-05156,CUST-05156,750,On-Time,0,0.05,Low Risk
CRED-05157,CUST-05157,635,Occasional Late,4,0.78,High Risk
CRED-05158,CUST-05158,789,On-Time,0,0.22,Low Risk
CRED-05159,CUST-05159,691,On-Time,0,0.47,Medium Risk
CRED-05160,CUST-05160,531,Frequently Late,6,0.81,Very High Risk
CRED-05161,CUST-05161,751,On-Time,0,0.06,Low Risk
CRED-05162,CUST-05162,789,On-Time,1,0.14,Low Risk
CRED-05163,CUST-05163,666,Occasional Late,2,0.47,High Risk
CRED-05164,CUST-05164,733,On-Time,0,0.24,Medium Risk
CRED-05165,CUST-05165,717,On-Time,1,0.34,Medium Risk
CRED-05166,CUST-05166,687,On-Time,0,0.29,Medium Risk
CRED-05167,CUST-05167,692,On-Time,0,0.36,Medium Risk
CRED-05168,CUST-05168,724,On-Time,0,0.32,Medium Risk
CRED-05169,CUST-05169,674,On-Time,0,0.24,Medium Risk
CRED-05170,CUST-05170,534,Default Risk,6,0.97,Very High Risk
CRED-05171,CUST-05171,676,On-Time,1,0.34,Medium Risk
CRED-05172,CUST-05172,779,On-Time,0,0.09,Low Risk
CRED-05173,CUST-05173,722,Occasional Late,1,0.36,Medium Risk
CRED-05174,CUST-05174,622,Frequently Late,3,0.82,High Risk
CRED-05175,CUST-05175,688,Occasional Late,1,0.37,Medium Risk
CRED-05176,CUST-05176,717,On-Time,0,0.27,Medium Risk
CRED-05177,CUST-05177,585,Frequently Late,4,0.82,High Risk
CRED-05178,CUST-05178,642,Frequently Late,3,0.46,High Risk
CRED-05179,CUST-05179,718,On-Time,1,0.43,Medium Risk
CRED-05180,CUST-05180,759,On-Time,0,0.12,Low Risk
CRED-05181,CUST-05181,689,On-Time,1,0.49,Medium Risk
CRED-05182,CUST-05182,763,On-Time,0,0.07,Low Risk
CRED-05183,CUST-05183,757,On-Time,0,0.23,Low Risk
CRED-05184,CUST-05184,642,Occasional Late,1,0.53,High Risk
CRED-05185,CUST-05185,495,Default Risk,10,0.85,Very High Risk
CRED-05186,CUST-05186,704,Occasional Late,0,0.38,Medium Risk
CRED-05187,CUST-05187,766,On-Time,0,0.15,Low Risk
CRED-05188,CUST-05188,722,On-Time,0,0.43,Medium Risk
CRED-05189,CUST-05189,670,Occasional Late,0,0.49,Medium Risk
CRED-05190,CUST-05190,716,On-Time,0,0.29,Medium Risk
CRED-05191,CUST-05191,773,On-Time,0,0.11,Low Risk
CRED-05192,CUST-05192,742,On-Time,0,0.37,Medium Risk
CRED-05193,CUST-05193,604,Occasional Late,1,0.47,High Risk
CRED-05194,CUST-05194,715,On-Time,0,0.45,Medium Risk
CRED-05195,CUST-05195,729,On-Time,0,0.44,Medium Risk
CRED-05196,CUST-05196,710,On-Time,0,0.22,Medium Risk
CRED-05197,CUST-05197,744,On-Time,2,0.41,Medium Risk
CRED-05198,CUST-05198,739,On-Time,0,0.25,Medium Risk
CRED-05199,CUST-05199,638,Frequently Late,4,0.61,High Risk
CRED-05200,CUST-05200,605,Occasional Late,2,0.59,High Risk
CRED-05201,CUST-05201,730,On-Time,0,0.3,Medium Risk
CRED-05202,CUST-05202,663,Occasional Late,1,0.84,High Risk
CRED-05203,CUST-05203,707,Occasional Late,0,0.35,Medium Risk
CRED-05204,CUST-05204,771,On-Time,0,0.1,Low Risk
CRED-05205,CUST-05205,620,Frequently Late,4,0.56,High Risk
CRED-05206,CUST-05206,663,Occasional Late,2,0.52,High Risk
CRED-05207,CUST-05207,749,On-Time,1,0.21,Medium Risk
CRED-05208,CUST-05208,622,Occasional Late,2,0.61,High Risk
CRED-05209,CUST-05209,741,Occasional Late,0,0.21,Medium Risk
CRED-05210,CUST-05210,718,On-Time,0,0.28,Medium Risk
CRED-05211,CUST-05211,733,On-Time,0,0.42,Medium Risk
CRED-05212,CUST-05212,710,On-Time,0,0.31,Medium Risk
CRED-05213,CUST-05213,653,Occasional Late,4,0.81,High Risk
CRED-05214,CUST-05214,683,On-Time,0,0.27,Medium Risk
CRED-05215,CUST-05215,697,On-Time,2,0.29,Medium Risk
CRED-05216,CUST-05216,750,On-Time,0,0.23,Low Risk
CRED-05217,CUST-05217,705,On-Time,0,0.25,Medium Risk
CRED-05218,CUST-05218,644,Frequently Late,2,0.5,High Risk
CRED-05219,CUST-05219,682,On-Time,0,0.3,Medium Risk
CRED-05220,CUST-05220,696,On-Time,0,0.4,Medium Risk
CRED-05221,CUST-05221,654,Frequently Late,2,0.85,High Risk
CRED-05222,CUST-05222,641,Frequently Late,3,0.51,High Risk
CRED-05223,CUST-05223,730,On-Time,0,0.34,Medium Risk
CRED-05224,CUST-05224,661,Frequently Late,2,0.46,High Risk
CRED-05225,CUST-05225,730,On-Time,2,0.21,Medium Risk
CRED-05226,CUST-05226,701,On-Time,0,0.33,Medium Risk
CRED-05227,CUST-05227,478,Default Risk,10,0.89,Very High Risk
CRED-05228,CUST-05228,759,On-Time,0,0.11,Low Risk
CRED-05229,CUST-05229,636,Frequently Late,3,0.6,High Risk
CRED-05230,CUST-05230,671,On-Time,0,0.21,Medium Risk
CRED-05231,CUST-05231,556,Default Risk,7,0.85,Very High Risk
CRED-05232,CUST-05232,777,On-Time,0,0.19,Low Risk
CRED-05233,CUST-05233,655,Occasional Late,4,0.72,High Risk
CRED-05234,CUST-05234,552,Default Risk,5,0.72,Very High Risk
CRED-05235,CUST-05235,726,Occasional Late,0,0.28,Medium Risk
CRED-05236,CUST-05236,729,On-Time,0,0.25,Medium Risk
CRED-05237,CUST-05237,681,Occasional Late,0,0.23,Medium Risk
CRED-05238,CUST-05238,709,On-Time,0,0.36,Medium Risk
CRED-05239,CUST-05239,715,On-Time,0,0.3,Medium Risk
CRED-05240,CUST-05240,720,On-Time,1,0.49,Medium Risk
CRED-05241,CUST-05241,687,On-Time,2,0.39,Medium Risk
CRED-05242,CUST-05242,697,On-Time,0,0.22,Medium Risk
CRED-05243,CUST-05243,679,On-Time,0,0.49,Medium Risk
CRED-05244,CUST-05244,581,Occasional Late,3,0.84,High Risk
CRED-05245,CUST-05245,590,Frequently Late,4,0.76,High Risk
CRED-05246,CUST-05246,750,On-Time,0,0.25,Low Risk
CRED-05247,CUST-05247,704,On-Time,1,0.27,Medium Risk
CRED-05248,CUST-05248,686,On-Time,1,0.3,Medium Risk
CRED-05249,CUST-05249,696,Occasional Late,2,0.44,Medium Risk
CRED-05250,CUST-05250,743,On-Time,0,0.36,Medium Risk
CRED-05251,CUST-05251,758,On-Time,0,0.06,Low Risk
CRED-05252,CUST-05252,726,On-Time,0,0.26,Medium Risk
CRED-05253,CUST-05253,680,On-Time,0,0.3,Medium Risk
CRED-05254,CUST-05254,569,Default Risk,10,0.93,Very High Risk
CRED-05255,CUST-05255,759,On-Time,0,0.2,Low Risk
CRED-05256,CUST-05256,681,On-Time,0,0.5,Medium Risk
CRED-05257,CUST-05257,706,On-Time,0,0.49,Medium Risk
CRED-05258,CUST-05258,714,On-Time,0,0.3,Medium Risk
CRED-05259,CUST-05259,615,Occasional Late,2,0.53,High Risk
CRED-05260,CUST-05260,723,On-Time,0,0.29,Medium Risk
CRED-05261,CUST-05261,653,Occasional Late,2,0.81,High Risk
CRED-05262,CUST-05262,696,On-Time,1,0.3,Medium Risk
CRED-05263,CUST-05263,642,Occasional Late,1,0.57,High Risk
CRED-05264,CUST-05264,699,Occasional Late,0,0.39,Medium Risk
CRED-05265,CUST-05265,644,Frequently Late,1,0.84,High Risk
CRED-05266,CUST-05266,655,Frequently Late,3,0.83,High Risk
CRED-05267,CUST-05267,690,On-Time,0,0.26,Medium Risk
CRED-05268,CUST-05268,780,On-Time,0,0.2,Low Risk
CRED-05269,CUST-05269,698,On-Time,2,0.49,Medium Risk
CRED-05270,CUST-05270,727,On-Time,1,0.49,Medium Risk
CRED-05271,CUST-05271,742,On-Time,0,0.26,Medium Risk
CRED-05272,CUST-05272,609,Frequently Late,2,0.5,High Risk
CRED-05273,CUST-05273,656,Frequently Late,2,0.48,High Risk
CRED-05274,CUST-05274,799,On-Time,0,0.22,Low Risk
CRED-05275,CUST-05275,797,On-Time,0,0.18,Low Risk
CRED-05276,CUST-05276,623,Frequently Late,2,0.65,High Risk
CRED-05277,CUST-05277,449,Frequently Late,5,0.85,Very High Risk
CRED-05278,CUST-05278,772,On-Time,1,0.08,Low Risk
CRED-05279,CUST-05279,714,On-Time,1,0.49,Medium Risk
CRED-05280,CUST-05280,553,Default Risk,11,0.71,Very High Risk
CRED-05281,CUST-05281,720,On-Time,2,0.32,Medium Risk
CRED-05282,CUST-05282,692,On-Time,2,0.36,Medium Risk
CRED-05283,CUST-05283,707,On-Time,1,0.38,Medium Risk
CRED-05284,CUST-05284,746,Occasional Late,1,0.39,Medium Risk
CRED-05285,CUST-05285,639,Occasional Late,4,0.48,High Risk
CRED-05286,CUST-05286,758,On-Time,0,0.15,Low Risk
CRED-05287,CUST-05287,682,On-Time,0,0.44,Medium Risk
CRED-05288,CUST-05288,654,Occasional Late,2,0.74,High Risk
CRED-05289,CUST-05289,761,On-Time,0,0.17,Low Risk
CRED-05290,CUST-05290,677,On-Time,0,0.28,Medium Risk
CRED-05291,CUST-05291,732,On-Time,0,0.23,Medium Risk
CRED-05292,CUST-05292,702,On-Time,2,0.49,Medium Risk
CRED-05293,CUST-05293,590,Occasional Late,3,0.47,High Risk
CRED-05294,CUST-05294,726,On-Time,0,0.22,Medium Risk
CRED-05295,CUST-05295,678,On-Time,0,0.43,Medium Risk
CRED-05296,CUST-05296,665,Occasional Late,3,0.58,High Risk
CRED-05297,CUST-05297,755,On-Time,1,0.23,Low Risk
CRED-05298,CUST-05298,686,Occasional Late,0,0.34,Medium Risk
CRED-05299,CUST-05299,672,On-Time,2,0.25,Medium Risk
CRED-05300,CUST-05300,770,On-Time,0,0.12,Low Risk
CRED-05301,CUST-05301,768,On-Time,0,0.19,Low Risk
CRED-05302,CUST-05302,768,On-Time,0,0.22,Low Risk
CRED-05303,CUST-05303,531,Frequently Late,9,0.94,Very High Risk
CRED-05304,CUST-05304,700,On-Time,0,0.48,Medium Risk
CRED-05305,CUST-05305,751,On-Time,0,0.18,Low Risk
CRED-05306,CUST-05306,764,On-Time,0,0.22,Low Risk
CRED-05307,CUST-05307,603,Occasional Late,1,0.45,High Risk
CRED-05308,CUST-05308,742,On-Time,1,0.48,Medium Risk
CRED-05309,CUST-05309,725,On-Time,0,0.33,Medium Risk
CRED-05310,CUST-05310,761,On-Time,1,0.08,Low Risk
CRED-05311,CUST-05311,751,On-Time,0,0.14,Low Risk
CRED-05312,CUST-05312,706,On-Time,1,0.5,Medium Risk
CRED-05313,CUST-05313,684,On-Time,0,0.48,Medium Risk
CRED-05314,CUST-05314,789,On-Time,0,0.11,Low Risk
CRED-05315,CUST-05315,684,On-Time,0,0.38,Medium Risk
CRED-05316,CUST-05316,774,On-Time,0,0.06,Low Risk
CRED-05317,CUST-05317,456,Default Risk,6,0.8,Very High Risk
CRED-05318,CUST-05318,657,Frequently Late,1,0.51,High Risk
CRED-05319,CUST-05319,601,Occasional Late,4,0.66,High Risk
CRED-05320,CUST-05320,649,Frequently Late,1,0.67,High Risk
CRED-05321,CUST-05321,758,On-Time,1,0.1,Low Risk
CRED-05322,CUST-05322,440,Default Risk,7,0.76,Very High Risk
CRED-05323,CUST-05323,631,Occasional Late,2,0.46,High Risk
CRED-05324,CUST-05324,669,Frequently Late,2,0.79,High Risk
CRED-05325,CUST-05325,681,On-Time,0,0.29,Medium Risk
CRED-05326,CUST-05326,436,Default Risk,4,0.98,Very High Risk
CRED-05327,CUST-05327,763,On-Time,0,0.19,Low Risk
CRED-05328,CUST-05328,798,On-Time,0,0.05,Low Risk
CRED-05329,CUST-05329,660,Occasional Late,4,0.54,High Risk
CRED-05330,CUST-05330,696,On-Time,0,0.23,Medium Risk
CRED-05331,CUST-05331,660,Occasional Late,1,0.49,High Risk
CRED-05332,CUST-05332,695,On-Time,0,0.49,Medium Risk
CRED-05333,CUST-05333,702,Occasional Late,0,0.46,Medium Risk
CRED-05334,CUST-05334,475,Default Risk,8,0.75,Very High Risk
CRED-05335,CUST-05335,773,On-Time,0,0.09,Low Risk
CRED-05336,CUST-05336,728,On-Time,0,0.43,Medium Risk
CRED-05337,CUST-05337,756,On-Time,0,0.12,Low Risk
CRED-05338,CUST-05338,788,On-Time,0,0.09,Low Risk
CRED-05339,CUST-05339,675,On-Time,1,0.33,Medium Risk
CRED-05340,CUST-05340,624,Frequently Late,3,0.56,High Risk
CRED-05341,CUST-05341,720,On-Time,1,0.31,Medium Risk
CRED-05342,CUST-05342,798,On-Time,0,0.05,Low Risk
CRED-05343,CUST-05343,767,On-Time,0,0.17,Low Risk
CRED-05344,CUST-05344,734,On-Time,0,0.26,Medium Risk
CRED-05345,CUST-05345,505,Default Risk,6,0.96,Very High Risk
CRED-05346,CUST-05346,744,On-Time,0,0.43,Medium Risk
CRED-05347,CUST-05347,657,Occasional Late,2,0.47,High Risk
CRED-05348,CUST-05348,666,Occasional Late,1,0.65,High Risk
CRED-05349,CUST-05349,669,Occasional Late,1,0.56,High Risk
CRED-05350,CUST-05350,740,Occasional Late,0,0.28,Medium Risk
CRED-05351,CUST-05351,659,Frequently Late,4,0.56,High Risk
CRED-05352,CUST-05352,702,On-Time,0,0.24,Medium Risk
CRED-05353,CUST-05353,698,Occasional Late,0,0.27,Medium Risk
CRED-05354,CUST-05354,650,Frequently Late,1,0.57,High Risk
CRED-05355,CUST-05355,661,Occasional Late,3,0.66,High Risk
CRED-05356,CUST-05356,737,On-Time,2,0.33,Medium Risk
CRED-05357,CUST-05357,719,Occasional Late,1,0.44,Medium Risk
CRED-05358,CUST-05358,647,Occasional Late,3,0.48,High Risk
CRED-05359,CUST-05359,672,On-Time,1,0.38,Medium Risk
CRED-05360,CUST-05360,724,On-Time,0,0.37,Medium Risk
CRED-05361,CUST-05361,707,On-Time,1,0.45,Medium Risk
CRED-05362,CUST-05362,727,Occasional Late,0,0.43,Medium Risk
CRED-05363,CUST-05363,666,Occasional Late,3,0.68,High Risk
CRED-05364,CUST-05364,688,On-Time,0,0.46,Medium Risk
CRED-05365,CUST-05365,708,On-Time,1,0.38,Medium Risk
CRED-05366,CUST-05366,508,Frequently Late,6,0.73,Very High Risk
CRED-05367,CUST-05367,688,On-Time,0,0.29,Medium Risk
CRED-05368,CUST-05368,670,On-Time,0,0.31,Medium Risk
CRED-05369,CUST-05369,733,On-Time,0,0.21,Medium Risk
CRED-05370,CUST-05370,620,Frequently Late,4,0.6,High Risk
CRED-05371,CUST-05371,721,Occasional Late,0,0.27,Medium Risk
CRED-05372,CUST-05372,697,On-Time,0,0.43,Medium Risk
CRED-05373,CUST-05373,730,On-Time,1,0.29,Medium Risk
CRED-05374,CUST-05374,708,On-Time,2,0.43,Medium Risk
CRED-05375,CUST-05375,624,Frequently Late,3,0.52,High Risk
CRED-05376,CUST-05376,648,Frequently Late,2,0.71,High Risk
CRED-05377,CUST-05377,665,Frequently Late,3,0.63,High Risk
CRED-05378,CUST-05378,641,Occasional Late,4,0.53,High Risk
CRED-05379,CUST-05379,656,Occasional Late,2,0.76,High Risk
CRED-05380,CUST-05380,671,On-Time,0,0.27,Medium Risk
CRED-05381,CUST-05381,520,Frequently Late,6,0.83,Very High Risk
CRED-05382,CUST-05382,624,Occasional Late,3,0.72,High Risk
CRED-05383,CUST-05383,739,On-Time,0,0.41,Medium Risk
CRED-05384,CUST-05384,697,On-Time,1,0.25,Medium Risk
CRED-05385,CUST-05385,756,On-Time,0,0.12,Low Risk
CRED-05386,CUST-05386,680,On-Time,0,0.2,Medium Risk
CRED-05387,CUST-05387,629,Occasional Late,1,0.67,High Risk
CRED-05388,CUST-05388,608,Occasional Late,3,0.77,High Risk
CRED-05389,CUST-05389,840,On-Time,0,0.13,Low Risk
CRED-05390,CUST-05390,735,On-Time,0,0.45,Medium Risk
CRED-05391,CUST-05391,712,Occasional Late,2,0.27,Medium Risk
CRED-05392,CUST-05392,699,Occasional Late,0,0.4,Medium Risk
CRED-05393,CUST-05393,595,Frequently Late,2,0.52,High Risk
CRED-05394,CUST-05394,729,On-Time,1,0.5,Medium Risk
CRED-05395,CUST-05395,721,Occasional Late,0,0.42,Medium Risk
CRED-05396,CUST-05396,572,Frequently Late,6,0.89,Very High Risk
CRED-05397,CUST-05397,749,Occasional Late,0,0.4,Medium Risk
CRED-05398,CUST-05398,629,Occasional Late,2,0.46,High Risk
CRED-05399,CUST-05399,726,On-Time,0,0.32,Medium Risk
CRED-05400,CUST-05400,718,On-Time,0,0.22,Medium Risk
CRED-05401,CUST-05401,649,Occasional Late,4,0.84,High Risk
CRED-05402,CUST-05402,529,Default Risk,9,0.98,Very High Risk
CRED-05403,CUST-05403,751,On-Time,0,0.14,Low Risk
CRED-05404,CUST-05404,767,On-Time,0,0.18,Low Risk
CRED-05405,CUST-05405,745,On-Time,0,0.39,Medium Risk
CRED-05406,CUST-05406,692,Occasional Late,1,0.35,Medium Risk
CRED-05407,CUST-05407,734,On-Time,0,0.39,Medium Risk
CRED-05408,CUST-05408,726,On-Time,0,0.31,Medium Risk
CRED-05409,CUST-05409,739,Occasional Late,0,0.44,Medium Risk
CRED-05410,CUST-05410,603,Occasional Late,4,0.48,High Risk
CRED-05411,CUST-05411,670,Occasional Late,0,0.45,Medium Risk
CRED-05412,CUST-05412,451,Default Risk,8,0.98,Very High Risk
CRED-05413,CUST-05413,649,Occasional Late,2,0.74,High Risk
CRED-05414,CUST-05414,745,On-Time,0,0.3,Medium Risk
CRED-05415,CUST-05415,758,On-Time,0,0.07,Low Risk
CRED-05416,CUST-05416,745,On-Time,0,0.45,Medium Risk
CRED-05417,CUST-05417,704,On-Time,0,0.48,Medium Risk
CRED-05418,CUST-05418,622,Occasional Late,2,0.79,High Risk
CRED-05419,CUST-05419,732,Occasional Late,0,0.23,Medium Risk
CRED-05420,CUST-05420,715,On-Time,0,0.38,Medium Risk
CRED-05421,CUST-05421,719,On-Time,0,0.43,Medium Risk
CRED-05422,CUST-05422,734,Occasional Late,1,0.35,Medium Risk
CRED-05423,CUST-05423,758,On-Time,0,0.2,Low Risk
CRED-05424,CUST-05424,663,Frequently Late,3,0.54,High Risk
CRED-05425,CUST-05425,756,On-Time,0,0.12,Low Risk
CRED-05426,CUST-05426,763,On-Time,0,0.25,Low Risk
CRED-05427,CUST-05427,734,On-Time,0,0.24,Medium Risk
CRED-05428,CUST-05428,642,Occasional Late,1,0.82,High Risk
CRED-05429,CUST-05429,697,On-Time,1,0.4,Medium Risk
CRED-05430,CUST-05430,721,On-Time,0,0.35,Medium Risk
CRED-05431,CUST-05431,679,Occasional Late,0,0.33,Medium Risk
CRED-05432,CUST-05432,721,On-Time,0,0.39,Medium Risk
CRED-05433,CUST-05433,737,Occasional Late,0,0.29,Medium Risk
CRED-05434,CUST-05434,657,Frequently Late,2,0.55,High Risk
CRED-05435,CUST-05435,680,On-Time,1,0.45,Medium Risk
CRED-05436,CUST-05436,750,On-Time,0,0.22,Low Risk
CRED-05437,CUST-05437,748,Occasional Late,0,0.34,Medium Risk
CRED-05438,CUST-05438,710,On-Time,0,0.35,Medium Risk
CRED-05439,CUST-05439,656,Frequently Late,1,0.47,High Risk
CRED-05440,CUST-05440,765,On-Time,0,0.08,Low Risk
CRED-05441,CUST-05441,569,Default Risk,7,0.87,Very High Risk
CRED-05442,CUST-05442,769,On-Time,0,0.14,Low Risk
CRED-05443,CUST-05443,761,On-Time,0,0.18,Low Risk
CRED-05444,CUST-05444,698,On-Time,0,0.44,Medium Risk
CRED-05445,CUST-05445,734,On-Time,0,0.44,Medium Risk
CRED-05446,CUST-05446,778,On-Time,0,0.21,Low Risk
CRED-05447,CUST-05447,668,Occasional Late,2,0.71,High Risk
CRED-05448,CUST-05448,670,On-Time,0,0.47,Medium Risk
CRED-05449,CUST-05449,785,On-Time,0,0.11,Low Risk
CRED-05450,CUST-05450,737,On-Time,0,0.4,Medium Risk
CRED-05451,CUST-05451,716,Occasional Late,0,0.2,Medium Risk
CRED-05452,CUST-05452,734,Occasional Late,0,0.39,Medium Risk
CRED-05453,CUST-05453,733,On-Time,2,0.23,Medium Risk
CRED-05454,CUST-05454,708,Occasional Late,0,0.36,Medium Risk
CRED-05455,CUST-05455,747,On-Time,0,0.39,Medium Risk
CRED-05456,CUST-05456,676,On-Time,0,0.37,Medium Risk
CRED-05457,CUST-05457,626,Frequently Late,4,0.67,High Risk
CRED-05458,CUST-05458,613,Frequently Late,1,0.84,High Risk
CRED-05459,CUST-05459,564,Default Risk,8,0.9,Very High Risk
CRED-05460,CUST-05460,682,On-Time,0,0.3,Medium Risk
CRED-05461,CUST-05461,685,Occasional Late,1,0.23,Medium Risk
CRED-05462,CUST-05462,778,On-Time,0,0.14,Low Risk
CRED-05463,CUST-05463,675,On-Time,0,0.4,Medium Risk
CRED-05464,CUST-05464,589,Frequently Late,1,0.69,High Risk
CRED-05465,CUST-05465,779,On-Time,0,0.09,Low Risk
CRED-05466,CUST-05466,722,Occasional Late,0,0.4,Medium Risk
CRED-05467,CUST-05467,547,Frequently Late,7,0.94,Very High Risk
CRED-05468,CUST-05468,520,Default Risk,10,0.75,Very High Risk
CRED-05469,CUST-05469,716,On-Time,0,0.47,Medium Risk
CRED-05470,CUST-05470,718,On-Time,0,0.33,Medium Risk
CRED-05471,CUST-05471,756,On-Time,0,0.1,Low Risk
CRED-05472,CUST-05472,669,Frequently Late,1,0.84,High Risk
CRED-05473,CUST-05473,761,On-Time,0,0.14,Low Risk
CRED-05474,CUST-05474,693,Occasional Late,2,0.2,Medium Risk
CRED-05475,CUST-05475,676,On-Time,0,0.2,Medium Risk
CRED-05476,CUST-05476,612,Frequently Late,2,0.5,High Risk
CRED-05477,CUST-05477,789,On-Time,0,0.15,Low Risk
CRED-05478,CUST-05478,649,Occasional Late,3,0.76,High Risk
CRED-05479,CUST-05479,703,On-Time,0,0.23,Medium Risk
CRED-05480,CUST-05480,693,On-Time,1,0.3,Medium Risk
CRED-05481,CUST-05481,723,On-Time,0,0.42,Medium Risk
CRED-05482,CUST-05482,692,On-Time,0,0.27,Medium Risk
CRED-05483,CUST-05483,477,Default Risk,11,0.75,Very High Risk
CRED-05484,CUST-05484,667,Occasional Late,2,0.55,High Risk
CRED-05485,CUST-05485,605,Frequently Late,2,0.83,High Risk
CRED-05486,CUST-05486,761,On-Time,0,0.1,Low Risk
CRED-05487,CUST-05487,672,On-Time,2,0.24,Medium Risk
CRED-05488,CUST-05488,771,On-Time,0,0.07,Low Risk
CRED-05489,CUST-05489,716,Occasional Late,0,0.39,Medium Risk
CRED-05490,CUST-05490,787,On-Time,0,0.06,Low Risk
CRED-05491,CUST-05491,781,On-Time,0,0.17,Low Risk
CRED-05492,CUST-05492,714,Occasional Late,0,0.32,Medium Risk
CRED-05493,CUST-05493,758,On-Time,0,0.2,Low Risk
CRED-05494,CUST-05494,679,Occasional Late,0,0.31,Medium Risk
CRED-05495,CUST-05495,724,Occasional Late,0,0.31,Medium Risk
CRED-05496,CUST-05496,713,On-Time,0,0.34,Medium Risk
CRED-05497,CUST-05497,808,On-Time,0,0.2,Low Risk
CRED-05498,CUST-05498,756,On-Time,0,0.12,Low Risk
CRED-05499,CUST-05499,672,On-Time,0,0.43,Medium Risk
CRED-05500,CUST-05500,721,On-Time,0,0.48,Medium Risk
CRED-05501,CUST-05501,564,Default Risk,11,0.71,Very High Risk
CRED-05502,CUST-05502,673,On-Time,0,0.36,Medium Risk
CRED-05503,CUST-05503,704,On-Time,1,0.22,Medium Risk
CRED-05504,CUST-05504,674,On-Time,0,0.43,Medium Risk
CRED-05505,CUST-05505,700,Occasional Late,1,0.38,Medium Risk
CRED-05506,CUST-05506,774,On-Time,0,0.22,Low Risk
CRED-05507,CUST-05507,703,On-Time,0,0.28,Medium Risk
CRED-05508,CUST-05508,760,On-Time,0,0.14,Low Risk
CRED-05509,CUST-05509,701,On-Time,0,0.37,Medium Risk
CRED-05510,CUST-05510,675,Occasional Late,1,0.46,Medium Risk
CRED-05511,CUST-05511,591,Frequently Late,4,0.47,High Risk
CRED-05512,CUST-05512,675,On-Time,2,0.21,Medium Risk
CRED-05513,CUST-05513,785,On-Time,0,0.2,Low Risk
CRED-05514,CUST-05514,730,Occasional Late,1,0.29,Medium Risk
CRED-05515,CUST-05515,770,On-Time,0,0.16,Low Risk
CRED-05516,CUST-05516,713,Occasional Late,0,0.28,Medium Risk
CRED-05517,CUST-05517,589,Frequently Late,3,0.81,High Risk
CRED-05518,CUST-05518,750,On-Time,0,0.14,Low Risk
CRED-05519,CUST-05519,701,On-Time,0,0.36,Medium Risk
CRED-05520,CUST-05520,728,Occasional Late,0,0.46,Medium Risk
CRED-05521,CUST-05521,666,Occasional Late,3,0.58,High Risk
CRED-05522,CUST-05522,577,Default Risk,7,0.77,Very High Risk
CRED-05523,CUST-05523,633,Frequently Late,4,0.56,High Risk
CRED-05524,CUST-05524,587,Frequently Late,2,0.76,High Risk
CRED-05525,CUST-05525,623,Occasional Late,2,0.61,High Risk
CRED-05526,CUST-05526,656,Frequently Late,3,0.58,High Risk
CRED-05527,CUST-05527,589,Frequently Late,3,0.46,High Risk
CRED-05528,CUST-05528,676,On-Time,1,0.49,Medium Risk
CRED-05529,CUST-05529,751,On-Time,0,0.07,Low Risk
CRED-05530,CUST-05530,696,On-Time,1,0.31,Medium Risk
CRED-05531,CUST-05531,716,On-Time,0,0.43,Medium Risk
CRED-05532,CUST-05532,750,On-Time,0,0.13,Low Risk
CRED-05533,CUST-05533,729,Occasional Late,0,0.45,Medium Risk
CRED-05534,CUST-05534,600,Occasional Late,3,0.81,High Risk
CRED-05535,CUST-05535,759,On-Time,0,0.08,Low Risk
CRED-05536,CUST-05536,613,Frequently Late,2,0.63,High Risk
CRED-05537,CUST-05537,736,On-Time,1,0.4,Medium Risk
CRED-05538,CUST-05538,791,On-Time,0,0.06,Low Risk
CRED-05539,CUST-05539,702,On-Time,1,0.3,Medium Risk
CRED-05540,CUST-05540,705,On-Time,0,0.28,Medium Risk
CRED-05541,CUST-05541,742,On-Time,0,0.21,Medium Risk
CRED-05542,CUST-05542,695,On-Time,1,0.28,Medium Risk
CRED-05543,CUST-05543,717,On-Time,0,0.35,Medium Risk
CRED-05544,CUST-05544,732,On-Time,0,0.44,Medium Risk
CRED-05545,CUST-05545,675,Occasional Late,1,0.21,Medium Risk
CRED-05546,CUST-05546,727,On-Time,0,0.36,Medium Risk
CRED-05547,CUST-05547,691,On-Time,0,0.46,Medium Risk
CRED-05548,CUST-05548,756,On-Time,0,0.21,Low Risk
CRED-05549,CUST-05549,535,Default Risk,7,0.96,Very High Risk
CRED-05550,CUST-05550,765,On-Time,0,0.11,Low Risk
CRED-05551,CUST-05551,677,On-Time,0,0.41,Medium Risk
CRED-05552,CUST-05552,533,Default Risk,5,0.98,Very High Risk
CRED-05553,CUST-05553,580,Occasional Late,4,0.76,High Risk
CRED-05554,CUST-05554,716,On-Time,1,0.27,Medium Risk
CRED-05555,CUST-05555,674,On-Time,0,0.32,Medium Risk
CRED-05556,CUST-05556,734,On-Time,0,0.22,Medium Risk
CRED-05557,CUST-05557,595,Occasional Late,4,0.47,High Risk
CRED-05558,CUST-05558,692,Occasional Late,0,0.25,Medium Risk
CRED-05559,CUST-05559,766,On-Time,0,0.18,Low Risk
CRED-05560,CUST-05560,717,Occasional Late,0,0.48,Medium Risk
CRED-05561,CUST-05561,729,On-Time,0,0.28,Medium Risk
CRED-05562,CUST-05562,771,On-Time,0,0.18,Low Risk
CRED-05563,CUST-05563,716,Occasional Late,1,0.32,Medium Risk
CRED-05564,CUST-05564,496,Default Risk,4,0.8,Very High Risk
CRED-05565,CUST-05565,729,Occasional Late,2,0.23,Medium Risk
CRED-05566,CUST-05566,504,Frequently Late,10,0.85,Very High Risk
CRED-05567,CUST-05567,766,On-Time,0,0.19,Low Risk
CRED-05568,CUST-05568,731,Occasional Late,0,0.22,Medium Risk
CRED-05569,CUST-05569,734,On-Time,0,0.45,Medium Risk
CRED-05570,CUST-05570,712,On-Time,1,0.3,Medium Risk
CRED-05571,CUST-05571,652,Frequently Late,3,0.46,High Risk
CRED-05572,CUST-05572,696,On-Time,0,0.28,Medium Risk
CRED-05573,CUST-05573,689,On-Time,2,0.27,Medium Risk
CRED-05574,CUST-05574,601,Frequently Late,1,0.62,High Risk
CRED-05575,CUST-05575,651,Occasional Late,4,0.59,High Risk
CRED-05576,CUST-05576,669,Frequently Late,2,0.62,High Risk
CRED-05577,CUST-05577,665,Frequently Late,1,0.59,High Risk
CRED-05578,CUST-05578,687,On-Time,0,0.21,Medium Risk
CRED-05579,CUST-05579,697,Occasional Late,0,0.28,Medium Risk
CRED-05580,CUST-05580,731,On-Time,0,0.45,Medium Risk
CRED-05581,CUST-05581,775,On-Time,0,0.22,Low Risk
CRED-05582,CUST-05582,679,Occasional Late,0,0.35,Medium Risk
CRED-05583,CUST-05583,745,On-Time,1,0.29,Medium Risk
CRED-05584,CUST-05584,770,On-Time,0,0.25,Low Risk
CRED-05585,CUST-05585,718,On-Time,2,0.42,Medium Risk
CRED-05586,CUST-05586,687,On-Time,0,0.31,Medium Risk
CRED-05587,CUST-05587,710,On-Time,0,0.24,Medium Risk
CRED-05588,CUST-05588,775,On-Time,0,0.16,Low Risk
CRED-05589,CUST-05589,584,Occasional Late,1,0.57,High Risk
CRED-05590,CUST-05590,680,Occasional Late,1,0.33,Medium Risk
CRED-05591,CUST-05591,726,On-Time,0,0.35,Medium Risk
CRED-05592,CUST-05592,769,On-Time,0,0.19,Low Risk
CRED-05593,CUST-05593,656,Frequently Late,3,0.69,High Risk
CRED-05594,CUST-05594,633,Occasional Late,1,0.74,High Risk
CRED-05595,CUST-05595,691,On-Time,1,0.48,Medium Risk
CRED-05596,CUST-05596,747,Occasional Late,2,0.46,Medium Risk
CRED-05597,CUST-05597,559,Default Risk,7,0.9,Very High Risk
CRED-05598,CUST-05598,716,On-Time,2,0.22,Medium Risk
CRED-05599,CUST-05599,593,Occasional Late,1,0.7,High Risk
CRED-05600,CUST-05600,709,Occasional Late,1,0.39,Medium Risk
CRED-05601,CUST-05601,644,Occasional Late,3,0.71,High Risk
CRED-05602,CUST-05602,722,On-Time,1,0.48,Medium Risk
CRED-05603,CUST-05603,703,On-Time,1,0.32,Medium Risk
CRED-05604,CUST-05604,736,On-Time,0,0.35,Medium Risk
CRED-05605,CUST-05605,534,Frequently Late,10,0.86,Very High Risk
CRED-05606,CUST-05606,629,Frequently Late,1,0.62,High Risk
CRED-05607,CUST-05607,700,On-Time,1,0.2,Medium Risk
CRED-05608,CUST-05608,780,On-Time,0,0.09,Low Risk
CRED-05609,CUST-05609,560,Default Risk,4,0.72,Very High Risk
CRED-05610,CUST-05610,790,On-Time,0,0.24,Low Risk
CRED-05611,CUST-05611,626,Frequently Late,3,0.55,High Risk
CRED-05612,CUST-05612,683,Occasional Late,0,0.28,Medium Risk
CRED-05613,CUST-05613,680,On-Time,0,0.4,Medium Risk
CRED-05614,CUST-05614,757,On-Time,0,0.07,Low Risk
CRED-05615,CUST-05615,561,Default Risk,7,0.95,Very High Risk
CRED-05616,CUST-05616,733,On-Time,1,0.34,Medium Risk
CRED-05617,CUST-05617,521,Frequently Late,11,0.85,Very High Risk
CRED-05618,CUST-05618,672,Occasional Late,1,0.3,Medium Risk
CRED-05619,CUST-05619,717,On-Time,0,0.48,Medium Risk
CRED-05620,CUST-05620,837,On-Time,0,0.11,Low Risk
CRED-05621,CUST-05621,721,On-Time,0,0.3,Medium Risk
CRED-05622,CUST-05622,734,On-Time,1,0.47,Medium Risk
CRED-05623,CUST-05623,621,Frequently Late,3,0.64,High Risk
CRED-05624,CUST-05624,710,Occasional Late,0,0.28,Medium Risk
CRED-05625,CUST-05625,765,On-Time,0,0.22,Low Risk
CRED-05626,CUST-05626,484,Frequently Late,4,0.76,Very High Risk
CRED-05627,CUST-05627,668,Occasional Late,2,0.83,High Risk
CRED-05628,CUST-05628,776,On-Time,0,0.11,Low Risk
CRED-05629,CUST-05629,819,On-Time,0,0.1,Low Risk
CRED-05630,CUST-05630,730,On-Time,0,0.24,Medium Risk
CRED-05631,CUST-05631,515,Frequently Late,8,0.8,Very High Risk
CRED-05632,CUST-05632,730,On-Time,0,0.34,Medium Risk
CRED-05633,CUST-05633,726,On-Time,1,0.3,Medium Risk
CRED-05634,CUST-05634,694,Occasional Late,0,0.32,Medium Risk
CRED-05635,CUST-05635,645,Occasional Late,1,0.56,High Risk
CRED-05636,CUST-05636,639,Frequently Late,4,0.71,High Risk
CRED-05637,CUST-05637,496,Frequently Late,10,0.89,Very High Risk
CRED-05638,CUST-05638,782,On-Time,0,0.09,Low Risk
CRED-05639,CUST-05639,780,On-Time,0,0.12,Low Risk
CRED-05640,CUST-05640,713,Occasional Late,0,0.48,Medium Risk
CRED-05641,CUST-05641,502,Frequently Late,9,0.85,Very High Risk
CRED-05642,CUST-05642,667,Frequently Late,2,0.7,High Risk
CRED-05643,CUST-05643,654,Occasional Late,3,0.67,High Risk
CRED-05644,CUST-05644,696,On-Time,0,0.36,Medium Risk
CRED-05645,CUST-05645,710,Occasional Late,0,0.49,Medium Risk
CRED-05646,CUST-05646,769,On-Time,0,0.13,Low Risk
CRED-05647,CUST-05647,674,Occasional Late,2,0.48,Medium Risk
CRED-05648,CUST-05648,531,Default Risk,8,0.79,Very High Risk
CRED-05649,CUST-05649,754,On-Time,0,0.14,Low Risk
CRED-05650,CUST-05650,777,On-Time,0,0.2,Low Risk
CRED-05651,CUST-05651,766,On-Time,0,0.12,Low Risk
CRED-05652,CUST-05652,781,On-Time,0,0.19,Low Risk
CRED-05653,CUST-05653,675,On-Time,0,0.49,Medium Risk
CRED-05654,CUST-05654,716,Occasional Late,0,0.42,Medium Risk
CRED-05655,CUST-05655,729,On-Time,0,0.36,Medium Risk
CRED-05656,CUST-05656,646,Frequently Late,1,0.52,High Risk
CRED-05657,CUST-05657,656,Frequently Late,3,0.6,High Risk
CRED-05658,CUST-05658,613,Frequently Late,1,0.83,High Risk
CRED-05659,CUST-05659,491,Default Risk,9,0.98,Very High Risk
CRED-05660,CUST-05660,685,Occasional Late,0,0.43,Medium Risk
CRED-05661,CUST-05661,623,Occasional Late,4,0.6,High Risk
CRED-05662,CUST-05662,635,Occasional Late,2,0.65,High Risk
CRED-05663,CUST-05663,730,Occasional Late,0,0.41,Medium Risk
CRED-05664,CUST-05664,623,Occasional Late,1,0.83,High Risk
CRED-05665,CUST-05665,617,Occasional Late,2,0.69,High Risk
CRED-05666,CUST-05666,772,On-Time,0,0.16,Low Risk
CRED-05667,CUST-05667,683,On-Time,0,0.47,Medium Risk
CRED-05668,CUST-05668,693,Occasional Late,0,0.21,Medium Risk
CRED-05669,CUST-05669,655,Occasional Late,1,0.8,High Risk
CRED-05670,CUST-05670,682,Occasional Late,0,0.39,Medium Risk
CRED-05671,CUST-05671,743,On-Time,0,0.38,Medium Risk
CRED-05672,CUST-05672,596,Frequently Late,2,0.72,High Risk
CRED-05673,CUST-05673,640,Frequently Late,3,0.47,High Risk
CRED-05674,CUST-05674,673,Occasional Late,0,0.2,Medium Risk
CRED-05675,CUST-05675,722,Occasional Late,1,0.24,Medium Risk
CRED-05676,CUST-05676,618,Occasional Late,4,0.49,High Risk
CRED-05677,CUST-05677,690,On-Time,0,0.28,Medium Risk
CRED-05678,CUST-05678,692,On-Time,1,0.41,Medium Risk
CRED-05679,CUST-05679,805,On-Time,0,0.24,Low Risk
CRED-05680,CUST-05680,673,Occasional Late,0,0.22,Medium Risk
CRED-05681,CUST-05681,727,Occasional Late,0,0.24,Medium Risk
CRED-05682,CUST-05682,716,Occasional Late,0,0.25,Medium Risk
CRED-05683,CUST-05683,721,On-Time,0,0.44,Medium Risk
CRED-05684,CUST-05684,697,On-Time,0,0.47,Medium Risk
CRED-05685,CUST-05685,735,On-Time,0,0.39,Medium Risk
CRED-05686,CUST-05686,713,On-Time,0,0.37,Medium Risk
CRED-05687,CUST-05687,733,Occasional Late,1,0.46,Medium Risk
CRED-05688,CUST-05688,492,Frequently Late,4,0.85,Very High Risk
CRED-05689,CUST-05689,709,Occasional Late,2,0.47,Medium Risk
CRED-05690,CUST-05690,649,Occasional Late,4,0.84,High Risk
CRED-05691,CUST-05691,688,Occasional Late,0,0.29,Medium Risk
CRED-05692,CUST-05692,732,On-Time,0,0.49,Medium Risk
CRED-05693,CUST-05693,739,On-Time,0,0.21,Medium Risk
CRED-05694,CUST-05694,551,Default Risk,8,0.93,Very High Risk
CRED-05695,CUST-05695,701,Occasional Late,1,0.24,Medium Risk
CRED-05696,CUST-05696,666,Occasional Late,2,0.63,High Risk
CRED-05697,CUST-05697,588,Occasional Late,4,0.61,High Risk
CRED-05698,CUST-05698,741,On-Time,1,0.33,Medium Risk
CRED-05699,CUST-05699,780,On-Time,0,0.22,Low Risk
CRED-05700,CUST-05700,695,On-Time,0,0.32,Medium Risk
CRED-05701,CUST-05701,685,Occasional Late,0,0.32,Medium Risk
CRED-05702,CUST-05702,758,On-Time,0,0.13,Low Risk
CRED-05703,CUST-05703,512,Default Risk,10,0.73,Very High Risk
CRED-05704,CUST-05704,646,Frequently Late,1,0.54,High Risk
CRED-05705,CUST-05705,701,Occasional Late,1,0.34,Medium Risk
CRED-05706,CUST-05706,721,Occasional Late,0,0.21,Medium Risk
CRED-05707,CUST-05707,678,Occasional Late,0,0.34,Medium Risk
CRED-05708,CUST-05708,683,On-Time,0,0.28,Medium Risk
CRED-05709,CUST-05709,759,On-Time,0,0.13,Low Risk
CRED-05710,CUST-05710,703,Occasional Late,0,0.5,Medium Risk
CRED-05711,CUST-05711,612,Frequently Late,4,0.56,High Risk
CRED-05712,CUST-05712,805,On-Time,0,0.19,Low Risk
CRED-05713,CUST-05713,769,On-Time,0,0.1,Low Risk
CRED-05714,CUST-05714,618,Frequently Late,4,0.75,High Risk
CRED-05715,CUST-05715,559,Default Risk,4,0.94,Very High Risk
CRED-05716,CUST-05716,455,Default Risk,4,0.81,Very High Risk
CRED-05717,CUST-05717,724,On-Time,0,0.37,Medium Risk
CRED-05718,CUST-05718,717,Occasional Late,0,0.32,Medium Risk
CRED-05719,CUST-05719,729,Occasional Late,0,0.39,Medium Risk
CRED-05720,CUST-05720,739,Occasional Late,0,0.42,Medium Risk
CRED-05721,CUST-05721,682,On-Time,2,0.4,Medium Risk
CRED-05722,CUST-05722,684,Occasional Late,1,0.28,Medium Risk
CRED-05723,CUST-05723,820,On-Time,0,0.13,Low Risk
CRED-05724,CUST-05724,594,Occasional Late,1,0.75,High Risk
CRED-05725,CUST-05725,728,On-Time,0,0.44,Medium Risk
CRED-05726,CUST-05726,693,Occasional Late,0,0.45,Medium Risk
CRED-05727,CUST-05727,759,On-Time,0,0.11,Low Risk
CRED-05728,CUST-05728,771,On-Time,0,0.23,Low Risk
CRED-05729,CUST-05729,780,On-Time,0,0.19,Low Risk
CRED-05730,CUST-05730,699,On-Time,0,0.3,Medium Risk
CRED-05731,CUST-05731,769,On-Time,1,0.11,Low Risk
CRED-05732,CUST-05732,740,Occasional Late,1,0.32,Medium Risk
CRED-05733,CUST-05733,557,Default Risk,9,0.9,Very High Risk
CRED-05734,CUST-05734,721,Occasional Late,1,0.25,Medium Risk
CRED-05735,CUST-05735,725,Occasional Late,0,0.26,Medium Risk
CRED-05736,CUST-05736,750,On-Time,0,0.08,Low Risk
CRED-05737,CUST-05737,782,On-Time,0,0.19,Low Risk
CRED-05738,CUST-05738,724,On-Time,2,0.4,Medium Risk
CRED-05739,CUST-05739,502,Frequently Late,5,0.91,Very High Risk
CRED-05740,CUST-05740,606,Occasional Late,4,0.64,High Risk
CRED-05741,CUST-05741,710,On-Time,2,0.49,Medium Risk
CRED-05742,CUST-05742,674,On-Time,0,0.23,Medium Risk
CRED-05743,CUST-05743,749,Occasional Late,0,0.42,Medium Risk
CRED-05744,CUST-05744,670,Occasional Late,0,0.23,Medium Risk
CRED-05745,CUST-05745,780,On-Time,0,0.21,Low Risk
CRED-05746,CUST-05746,780,On-Time,0,0.11,Low Risk
CRED-05747,CUST-05747,706,On-Time,0,0.25,Medium Risk
CRED-05748,CUST-05748,687,On-Time,0,0.33,Medium Risk
CRED-05749,CUST-05749,754,On-Time,0,0.08,Low Risk
CRED-05750,CUST-05750,595,Occasional Late,4,0.66,High Risk
CRED-05751,CUST-05751,510,Default Risk,10,0.89,Very High Risk
CRED-05752,CUST-05752,684,Occasional Late,0,0.29,Medium Risk
CRED-05753,CUST-05753,665,Occasional Late,1,0.48,High Risk
CRED-05754,CUST-05754,712,On-Time,0,0.49,Medium Risk
CRED-05755,CUST-05755,711,On-Time,1,0.38,Medium Risk
CRED-05756,CUST-05756,745,On-Time,0,0.26,Medium Risk
CRED-05757,CUST-05757,603,Frequently Late,4,0.53,High Risk
CRED-05758,CUST-05758,776,On-Time,0,0.07,Low Risk
CRED-05759,CUST-05759,694,On-Time,0,0.25,Medium Risk
CRED-05760,CUST-05760,711,Occasional Late,2,0.38,Medium Risk
CRED-05761,CUST-05761,615,Frequently Late,2,0.79,High Risk
CRED-05762,CUST-05762,752,On-Time,0,0.08,Low Risk
CRED-05763,CUST-05763,657,Frequently Late,1,0.48,High Risk
CRED-05764,CUST-05764,681,On-Time,1,0.26,Medium Risk
CRED-05765,CUST-05765,717,On-Time,0,0.33,Medium Risk
CRED-05766,CUST-05766,770,On-Time,0,0.07,Low Risk
CRED-05767,CUST-05767,805,On-Time,0,0.05,Low Risk
CRED-05768,CUST-05768,714,Occasional Late,0,0.23,Medium Risk
CRED-05769,CUST-05769,528,Default Risk,5,0.79,Very High Risk
CRED-05770,CUST-05770,688,Occasional Late,0,0.46,Medium Risk
CRED-05771,CUST-05771,623,Frequently Late,2,0.72,High Risk
CRED-05772,CUST-05772,729,On-Time,0,0.35,Medium Risk
CRED-05773,CUST-05773,596,Occasional Late,1,0.83,High Risk
CRED-05774,CUST-05774,640,Frequently Late,1,0.54,High Risk
CRED-05775,CUST-05775,730,Occasional Late,0,0.47,Medium Risk
CRED-05776,CUST-05776,671,On-Time,1,0.45,Medium Risk
CRED-05777,CUST-05777,671,On-Time,0,0.37,Medium Risk
CRED-05778,CUST-05778,758,On-Time,0,0.12,Low Risk
CRED-05779,CUST-05779,708,Occasional Late,2,0.43,Medium Risk
CRED-05780,CUST-05780,784,On-Time,0,0.08,Low Risk
CRED-05781,CUST-05781,621,Occasional Late,1,0.46,High Risk
CRED-05782,CUST-05782,613,Occasional Late,2,0.65,High Risk
CRED-05783,CUST-05783,653,Frequently Late,2,0.7,High Risk
CRED-05784,CUST-05784,717,Occasional Late,0,0.41,Medium Risk
CRED-05785,CUST-05785,727,On-Time,1,0.34,Medium Risk
CRED-05786,CUST-05786,604,Occasional Late,3,0.5,High Risk
CRED-05787,CUST-05787,652,Occasional Late,2,0.84,High Risk
CRED-05788,CUST-05788,466,Default Risk,5,0.85,Very High Risk
CRED-05789,CUST-05789,662,Frequently Late,1,0.85,High Risk
CRED-05790,CUST-05790,651,Occasional Late,2,0.5,High Risk
CRED-05791,CUST-05791,657,Occasional Late,1,0.73,High Risk
CRED-05792,CUST-05792,776,On-Time,0,0.08,Low Risk
CRED-05793,CUST-05793,593,Occasional Late,2,0.72,High Risk
CRED-05794,CUST-05794,740,On-Time,0,0.33,Medium Risk
CRED-05795,CUST-05795,661,Frequently Late,3,0.61,High Risk
CRED-05796,CUST-05796,701,On-Time,0,0.49,Medium Risk
CRED-05797,CUST-05797,650,Occasional Late,2,0.66,High Risk
CRED-05798,CUST-05798,686,On-Time,0,0.2,Medium Risk
CRED-05799,CUST-05799,636,Occasional Late,2,0.69,High Risk
CRED-05800,CUST-05800,659,Frequently Late,2,0.75,High Risk
CRED-05801,CUST-05801,733,On-Time,0,0.35,Medium Risk
CRED-05802,CUST-05802,693,On-Time,0,0.28,Medium Risk
CRED-05803,CUST-05803,653,Frequently Late,4,0.8,High Risk
CRED-05804,CUST-05804,690,Occasional Late,0,0.22,Medium Risk
CRED-05805,CUST-05805,628,Frequently Late,3,0.57,High Risk
CRED-05806,CUST-05806,615,Frequently Late,3,0.62,High Risk
CRED-05807,CUST-05807,713,On-Time,0,0.22,Medium Risk
CRED-05808,CUST-05808,710,Occasional Late,0,0.25,Medium Risk
CRED-05809,CUST-05809,687,On-Time,1,0.21,Medium Risk
CRED-05810,CUST-05810,682,Occasional Late,2,0.46,Medium Risk
CRED-05811,CUST-05811,670,On-Time,1,0.36,Medium Risk
CRED-05812,CUST-05812,606,Frequently Late,1,0.56,High Risk
CRED-05813,CUST-05813,562,Frequently Late,9,0.81,Very High Risk
CRED-05814,CUST-05814,648,Frequently Late,1,0.5,High Risk
CRED-05815,CUST-05815,713,Occasional Late,0,0.31,Medium Risk
CRED-05816,CUST-05816,754,On-Time,0,0.21,Low Risk
CRED-05817,CUST-05817,743,On-Time,1,0.35,Medium Risk
CRED-05818,CUST-05818,691,Occasional Late,0,0.34,Medium Risk
CRED-05819,CUST-05819,731,On-Time,0,0.31,Medium Risk
CRED-05820,CUST-05820,768,On-Time,0,0.06,Low Risk
CRED-05821,CUST-05821,660,Occasional Late,3,0.72,High Risk
CRED-05822,CUST-05822,709,Occasional Late,1,0.32,Medium Risk
CRED-05823,CUST-05823,604,Occasional Late,4,0.58,High Risk
CRED-05824,CUST-05824,749,Occasional Late,0,0.41,Medium Risk
CRED-05825,CUST-05825,635,Occasional Late,2,0.79,High Risk
CRED-05826,CUST-05826,687,On-Time,0,0.38,Medium Risk
CRED-05827,CUST-05827,691,On-Time,0,0.44,Medium Risk
CRED-05828,CUST-05828,727,On-Time,0,0.49,Medium Risk
CRED-05829,CUST-05829,633,Occasional Late,4,0.64,High Risk
CRED-05830,CUST-05830,653,Occasional Late,2,0.54,High Risk
CRED-05831,CUST-05831,662,Occasional Late,3,0.55,High Risk
CRED-05832,CUST-05832,701,On-Time,0,0.33,Medium Risk
CRED-05833,CUST-05833,671,On-Time,0,0.3,Medium Risk
CRED-05834,CUST-05834,719,Occasional Late,0,0.48,Medium Risk
CRED-05835,CUST-05835,737,On-Time,0,0.37,Medium Risk
CRED-05836,CUST-05836,701,On-Time,0,0.32,Medium Risk
CRED-05837,CUST-05837,764,On-Time,0,0.1,Low Risk
CRED-05838,CUST-05838,773,On-Time,0,0.19,Low Risk
CRED-05839,CUST-05839,640,Occasional Late,3,0.48,High Risk
CRED-05840,CUST-05840,631,Frequently Late,4,0.57,High Risk
CRED-05841,CUST-05841,730,Occasional Late,0,0.43,Medium Risk
CRED-05842,CUST-05842,638,Occasional Late,4,0.53,High Risk
CRED-05843,CUST-05843,701,On-Time,1,0.3,Medium Risk
CRED-05844,CUST-05844,708,On-Time,0,0.42,Medium Risk
CRED-05845,CUST-05845,692,On-Time,1,0.31,Medium Risk
CRED-05846,CUST-05846,650,Frequently Late,2,0.56,High Risk
CRED-05847,CUST-05847,678,Occasional Late,0,0.43,Medium Risk
CRED-05848,CUST-05848,577,Default Risk,4,0.72,Very High Risk
CRED-05849,CUST-05849,741,On-Time,0,0.41,Medium Risk
CRED-05850,CUST-05850,761,On-Time,0,0.1,Low Risk
CRED-05851,CUST-05851,694,On-Time,0,0.23,Medium Risk
CRED-05852,CUST-05852,684,On-Time,0,0.36,Medium Risk
CRED-05853,CUST-05853,675,On-Time,0,0.39,Medium Risk
CRED-05854,CUST-05854,663,Occasional Late,2,0.78,High Risk
CRED-05855,CUST-05855,655,Frequently Late,3,0.74,High Risk
CRED-05856,CUST-05856,724,On-Time,0,0.21,Medium Risk
CRED-05857,CUST-05857,747,On-Time,0,0.32,Medium Risk
CRED-05858,CUST-05858,604,Occasional Late,2,0.68,High Risk
CRED-05859,CUST-05859,708,Occasional Late,2,0.22,Medium Risk
CRED-05860,CUST-05860,751,On-Time,0,0.05,Low Risk
CRED-05861,CUST-05861,645,Frequently Late,1,0.45,High Risk
CRED-05862,CUST-05862,632,Occasional Late,2,0.52,High Risk
CRED-05863,CUST-05863,760,On-Time,0,0.22,Low Risk
CRED-05864,CUST-05864,721,On-Time,0,0.22,Medium Risk
CRED-05865,CUST-05865,817,On-Time,0,0.19,Low Risk
CRED-05866,CUST-05866,699,Occasional Late,0,0.45,Medium Risk
CRED-05867,CUST-05867,762,On-Time,0,0.11,Low Risk
CRED-05868,CUST-05868,685,On-Time,0,0.4,Medium Risk
CRED-05869,CUST-05869,492,Default Risk,6,0.9,Very High Risk
CRED-05870,CUST-05870,707,On-Time,0,0.46,Medium Risk
CRED-05871,CUST-05871,543,Default Risk,11,0.9,Very High Risk
CRED-05872,CUST-05872,686,On-Time,2,0.48,Medium Risk
CRED-05873,CUST-05873,702,On-Time,0,0.5,Medium Risk
CRED-05874,CUST-05874,761,On-Time,1,0.21,Low Risk
CRED-05875,CUST-05875,629,Occasional Late,4,0.51,High Risk
CRED-05876,CUST-05876,651,Occasional Late,2,0.49,High Risk
CRED-05877,CUST-05877,661,Frequently Late,4,0.71,High Risk
CRED-05878,CUST-05878,667,Frequently Late,2,0.75,High Risk
CRED-05879,CUST-05879,506,Frequently Late,4,0.76,Very High Risk
CRED-05880,CUST-05880,715,On-Time,0,0.31,Medium Risk
CRED-05881,CUST-05881,696,Occasional Late,0,0.5,Medium Risk
CRED-05882,CUST-05882,722,On-Time,0,0.49,Medium Risk
CRED-05883,CUST-05883,717,On-Time,2,0.33,Medium Risk
CRED-05884,CUST-05884,751,On-Time,0,0.24,Low Risk
CRED-05885,CUST-05885,505,Frequently Late,6,0.74,Very High Risk
CRED-05886,CUST-05886,704,On-Time,2,0.38,Medium Risk
CRED-05887,CUST-05887,756,On-Time,0,0.06,Low Risk
CRED-05888,CUST-05888,697,Occasional Late,0,0.34,Medium Risk
CRED-05889,CUST-05889,671,On-Time,0,0.3,Medium Risk
CRED-05890,CUST-05890,718,On-Time,1,0.47,Medium Risk
CRED-05891,CUST-05891,601,Occasional Late,1,0.67,High Risk
CRED-05892,CUST-05892,765,On-Time,0,0.07,Low Risk
CRED-05893,CUST-05893,597,Frequently Late,2,0.68,High Risk
CRED-05894,CUST-05894,700,Occasional Late,1,0.27,Medium Risk
CRED-05895,CUST-05895,590,Occasional Late,3,0.62,High Risk
CRED-05896,CUST-05896,690,On-Time,0,0.2,Medium Risk
CRED-05897,CUST-05897,714,On-Time,0,0.26,Medium Risk
CRED-05898,CUST-05898,776,On-Time,0,0.1,Low Risk
CRED-05899,CUST-05899,556,Default Risk,11,0.95,Very High Risk
CRED-05900,CUST-05900,804,On-Time,0,0.25,Low Risk
CRED-05901,CUST-05901,756,On-Time,0,0.21,Low Risk
CRED-05902,CUST-05902,649,Occasional Late,1,0.58,High Risk
CRED-05903,CUST-05903,531,Default Risk,5,0.89,Very High Risk
CRED-05904,CUST-05904,773,On-Time,1,0.14,Low Risk
CRED-05905,CUST-05905,739,On-Time,0,0.41,Medium Risk
CRED-05906,CUST-05906,777,On-Time,0,0.18,Low Risk
CRED-05907,CUST-05907,668,Occasional Late,2,0.47,High Risk
CRED-05908,CUST-05908,628,Frequently Late,1,0.76,High Risk
CRED-05909,CUST-05909,774,On-Time,0,0.23,Low Risk
CRED-05910,CUST-05910,732,On-Time,1,0.33,Medium Risk
CRED-05911,CUST-05911,719,On-Time,0,0.32,Medium Risk
CRED-05912,CUST-05912,793,On-Time,0,0.09,Low Risk
CRED-05913,CUST-05913,597,Frequently Late,1,0.82,High Risk
CRED-05914,CUST-05914,701,On-Time,1,0.45,Medium Risk
CRED-05915,CUST-05915,477,Default Risk,10,0.93,Very High Risk
CRED-05916,CUST-05916,604,Occasional Late,1,0.82,High Risk
CRED-05917,CUST-05917,730,Occasional Late,0,0.49,Medium Risk
CRED-05918,CUST-05918,752,On-Time,0,0.05,Low Risk
CRED-05919,CUST-05919,661,Frequently Late,1,0.58,High Risk
CRED-05920,CUST-05920,724,On-Time,0,0.45,Medium Risk
CRED-05921,CUST-05921,686,On-Time,1,0.25,Medium Risk
CRED-05922,CUST-05922,688,Occasional Late,0,0.21,Medium Risk
CRED-05923,CUST-05923,761,On-Time,0,0.21,Low Risk
CRED-05924,CUST-05924,458,Default Risk,7,0.81,Very High Risk
CRED-05925,CUST-05925,723,On-Time,0,0.46,Medium Risk
CRED-05926,CUST-05926,439,Default Risk,11,0.76,Very High Risk
CRED-05927,CUST-05927,725,Occasional Late,1,0.3,Medium Risk
CRED-05928,CUST-05928,679,Occasional Late,0,0.45,Medium Risk
CRED-05929,CUST-05929,732,Occasional Late,2,0.48,Medium Risk
CRED-05930,CUST-05930,689,On-Time,0,0.24,Medium Risk
CRED-05931,CUST-05931,704,Occasional Late,0,0.26,Medium Risk
CRED-05932,CUST-05932,560,Default Risk,9,0.91,Very High Risk
CRED-05933,CUST-05933,555,Default Risk,4,0.74,Very High Risk
CRED-05934,CUST-05934,651,Occasional Late,1,0.64,High Risk
CRED-05935,CUST-05935,677,On-Time,1,0.25,Medium Risk
CRED-05936,CUST-05936,769,On-Time,0,0.21,Low Risk
CRED-05937,CUST-05937,709,On-Time,0,0.42,Medium Risk
CRED-05938,CUST-05938,740,Occasional Late,0,0.23,Medium Risk
CRED-05939,CUST-05939,663,Occasional Late,2,0.61,High Risk
CRED-05940,CUST-05940,782,On-Time,0,0.16,Low Risk
CRED-05941,CUST-05941,719,On-Time,1,0.45,Medium Risk
CRED-05942,CUST-05942,709,On-Time,0,0.28,Medium Risk
CRED-05943,CUST-05943,672,Occasional Late,0,0.46,Medium Risk
CRED-05944,CUST-05944,776,On-Time,0,0.11,Low Risk
CRED-05945,CUST-05945,721,On-Time,0,0.29,Medium Risk
CRED-05946,CUST-05946,765,On-Time,0,0.24,Low Risk
CRED-05947,CUST-05947,639,Frequently Late,2,0.64,High Risk
CRED-05948,CUST-05948,760,On-Time,0,0.15,Low Risk
CRED-05949,CUST-05949,713,On-Time,0,0.35,Medium Risk
CRED-05950,CUST-05950,702,On-Time,0,0.47,Medium Risk
CRED-05951,CUST-05951,818,On-Time,0,0.07,Low Risk
CRED-05952,CUST-05952,734,On-Time,0,0.45,Medium Risk
CRED-05953,CUST-05953,715,Occasional Late,0,0.21,Medium Risk
CRED-05954,CUST-05954,648,Occasional Late,3,0.49,High Risk
CRED-05955,CUST-05955,764,On-Time,0,0.19,Low Risk
CRED-05956,CUST-05956,678,On-Time,2,0.43,Medium Risk
CRED-05957,CUST-05957,693,On-Time,0,0.36,Medium Risk
CRED-05958,CUST-05958,689,On-Time,0,0.37,Medium Risk
CRED-05959,CUST-05959,672,Occasional Late,0,0.34,Medium Risk
CRED-05960,CUST-05960,710,On-Time,0,0.32,Medium Risk
CRED-05961,CUST-05961,689,Occasional Late,1,0.5,Medium Risk
CRED-05962,CUST-05962,697,Occasional Late,1,0.29,Medium Risk
CRED-05963,CUST-05963,680,Occasional Late,0,0.23,Medium Risk
CRED-05964,CUST-05964,629,Frequently Late,3,0.77,High Risk
CRED-05965,CUST-05965,711,On-Time,2,0.3,Medium Risk
CRED-05966,CUST-05966,724,On-Time,0,0.38,Medium Risk
CRED-05967,CUST-05967,652,Occasional Late,3,0.72,High Risk
CRED-05968,CUST-05968,702,On-Time,0,0.4,Medium Risk
CRED-05969,CUST-05969,606,Occasional Late,2,0.68,High Risk
CRED-05970,CUST-05970,598,Occasional Late,2,0.53,High Risk
CRED-05971,CUST-05971,723,On-Time,2,0.25,Medium Risk
CRED-05972,CUST-05972,835,On-Time,1,0.11,Low Risk
CRED-05973,CUST-05973,748,Occasional Late,0,0.33,Medium Risk
CRED-05974,CUST-05974,710,On-Time,0,0.4,Medium Risk
CRED-05975,CUST-05975,695,On-Time,0,0.21,Medium Risk
CRED-05976,CUST-05976,746,On-Time,2,0.4,Medium Risk
CRED-05977,CUST-05977,729,On-Time,0,0.49,Medium Risk
CRED-05978,CUST-05978,691,On-Time,0,0.24,Medium Risk
CRED-05979,CUST-05979,740,On-Time,0,0.25,Medium Risk
CRED-05980,CUST-05980,714,On-Time,0,0.24,Medium Risk
CRED-05981,CUST-05981,687,On-Time,0,0.37,Medium Risk
CRED-05982,CUST-05982,639,Occasional Late,2,0.54,High Risk
CRED-05983,CUST-05983,713,Occasional Late,0,0.3,Medium Risk
CRED-05984,CUST-05984,730,On-Time,0,0.38,Medium Risk
CRED-05985,CUST-05985,608,Frequently Late,2,0.63,High Risk
CRED-05986,CUST-05986,783,On-Time,0,0.19,Low Risk
CRED-05987,CUST-05987,755,On-Time,0,0.17,Low Risk
CRED-05988,CUST-05988,474,Frequently Late,11,0.8,Very High Risk
CRED-05989,CUST-05989,745,On-Time,0,0.33,Medium Risk
CRED-05990,CUST-05990,672,Occasional Late,0,0.3,Medium Risk
CRED-05991,CUST-05991,646,Frequently Late,3,0.65,High Risk
CRED-05992,CUST-05992,441,Default Risk,8,0.89,Very High Risk
CRED-05993,CUST-05993,650,Occasional Late,1,0.82,High Risk
CRED-05994,CUST-05994,708,On-Time,0,0.23,Medium Risk
CRED-05995,CUST-05995,793,On-Time,0,0.12,Low Risk
CRED-05996,CUST-05996,740,Occasional Late,2,0.46,Medium Risk
CRED-05997,CUST-05997,699,On-Time,0,0.31,Medium Risk
CRED-05998,CUST-05998,676,On-Time,0,0.39,Medium Risk
CRED-05999,CUST-05999,779,On-Time,0,0.21,Low Risk
CRED-06000,CUST-06000,684,Occasional Late,1,0.44,Medium Risk
CRED-06001,CUST-06001,547,Frequently Late,5,0.91,Very High Risk
CRED-06002,CUST-06002,763,On-Time,0,0.13,Low Risk
CRED-06003,CUST-06003,718,On-Time,1,0.49,Medium Risk
CRED-06004,CUST-06004,712,On-Time,0,0.35,Medium Risk
CRED-06005,CUST-06005,745,On-Time,0,0.23,Medium Risk
CRED-06006,CUST-06006,710,On-Time,0,0.23,Medium Risk
CRED-06007,CUST-06007,557,Frequently Late,4,0.9,Very High Risk
CRED-06008,CUST-06008,685,On-Time,0,0.34,Medium Risk
CRED-06009,CUST-06009,663,Frequently Late,1,0.71,High Risk
CRED-06010,CUST-06010,721,On-Time,1,0.35,Medium Risk
CRED-06011,CUST-06011,646,Occasional Late,4,0.7,High Risk
CRED-06012,CUST-06012,691,Occasional Late,0,0.37,Medium Risk
CRED-06013,CUST-06013,666,Frequently Late,2,0.7,High Risk
CRED-06014,CUST-06014,771,On-Time,0,0.15,Low Risk
CRED-06015,CUST-06015,654,Occasional Late,3,0.74,High Risk
CRED-06016,CUST-06016,743,On-Time,0,0.26,Medium Risk
CRED-06017,CUST-06017,652,Occasional Late,1,0.77,High Risk
CRED-06018,CUST-06018,594,Frequently Late,3,0.48,High Risk
CRED-06019,CUST-06019,699,On-Time,0,0.48,Medium Risk
CRED-06020,CUST-06020,585,Occasional Late,3,0.45,High Risk
CRED-06021,CUST-06021,661,Frequently Late,4,0.73,High Risk
CRED-06022,CUST-06022,684,On-Time,0,0.24,Medium Risk
CRED-06023,CUST-06023,711,On-Time,0,0.22,Medium Risk
CRED-06024,CUST-06024,752,On-Time,0,0.16,Low Risk
CRED-06025,CUST-06025,616,Frequently Late,1,0.64,High Risk
CRED-06026,CUST-06026,736,On-Time,0,0.38,Medium Risk
CRED-06027,CUST-06027,507,Default Risk,11,0.76,Very High Risk
CRED-06028,CUST-06028,817,On-Time,0,0.23,Low Risk
CRED-06029,CUST-06029,593,Frequently Late,4,0.68,High Risk
CRED-06030,CUST-06030,682,Occasional Late,0,0.44,Medium Risk
CRED-06031,CUST-06031,649,Frequently Late,1,0.5,High Risk
CRED-06032,CUST-06032,689,Occasional Late,1,0.42,Medium Risk
CRED-06033,CUST-06033,578,Frequently Late,7,0.96,Very High Risk
CRED-06034,CUST-06034,763,On-Time,0,0.18,Low Risk
CRED-06035,CUST-06035,729,On-Time,0,0.2,Medium Risk
CRED-06036,CUST-06036,717,On-Time,0,0.44,Medium Risk
CRED-06037,CUST-06037,707,Occasional Late,1,0.44,Medium Risk
CRED-06038,CUST-06038,723,On-Time,0,0.46,Medium Risk
CRED-06039,CUST-06039,628,Occasional Late,1,0.69,High Risk
CRED-06040,CUST-06040,736,On-Time,0,0.26,Medium Risk
CRED-06041,CUST-06041,663,Occasional Late,1,0.57,High Risk
CRED-06042,CUST-06042,729,On-Time,0,0.38,Medium Risk
CRED-06043,CUST-06043,683,On-Time,0,0.23,Medium Risk
CRED-06044,CUST-06044,811,On-Time,0,0.2,Low Risk
CRED-06045,CUST-06045,543,Default Risk,11,0.74,Very High Risk
CRED-06046,CUST-06046,528,Default Risk,4,0.77,Very High Risk
CRED-06047,CUST-06047,682,Occasional Late,0,0.23,Medium Risk
CRED-06048,CUST-06048,636,Frequently Late,1,0.58,High Risk
CRED-06049,CUST-06049,553,Frequently Late,7,0.77,Very High Risk
CRED-06050,CUST-06050,678,On-Time,0,0.46,Medium Risk
CRED-06051,CUST-06051,739,Occasional Late,0,0.39,Medium Risk
CRED-06052,CUST-06052,692,On-Time,0,0.43,Medium Risk
CRED-06053,CUST-06053,623,Frequently Late,3,0.6,High Risk
CRED-06054,CUST-06054,710,Occasional Late,0,0.42,Medium Risk
CRED-06055,CUST-06055,631,Frequently Late,2,0.63,High Risk
CRED-06056,CUST-06056,714,On-Time,1,0.33,Medium Risk
CRED-06057,CUST-06057,725,On-Time,1,0.28,Medium Risk
CRED-06058,CUST-06058,634,Frequently Late,3,0.7,High Risk
CRED-06059,CUST-06059,648,Frequently Late,3,0.62,High Risk
CRED-06060,CUST-06060,711,On-Time,0,0.28,Medium Risk
CRED-06061,CUST-06061,680,On-Time,0,0.33,Medium Risk
CRED-06062,CUST-06062,607,Frequently Late,1,0.71,High Risk
CRED-06063,CUST-06063,741,On-Time,0,0.29,Medium Risk
CRED-06064,CUST-06064,563,Frequently Late,6,0.82,Very High Risk
CRED-06065,CUST-06065,682,On-Time,0,0.36,Medium Risk
CRED-06066,CUST-06066,673,On-Time,0,0.33,Medium Risk
CRED-06067,CUST-06067,666,Occasional Late,4,0.59,High Risk
CRED-06068,CUST-06068,767,On-Time,0,0.07,Low Risk
CRED-06069,CUST-06069,757,On-Time,0,0.07,Low Risk
CRED-06070,CUST-06070,709,On-Time,2,0.3,Medium Risk
CRED-06071,CUST-06071,753,On-Time,0,0.21,Low Risk
CRED-06072,CUST-06072,502,Frequently Late,10,0.86,Very High Risk
CRED-06073,CUST-06073,719,Occasional Late,0,0.47,Medium Risk
CRED-06074,CUST-06074,554,Frequently Late,4,0.88,Very High Risk
CRED-06075,CUST-06075,557,Default Risk,9,0.81,Very High Risk
CRED-06076,CUST-06076,782,On-Time,0,0.08,Low Risk
CRED-06077,CUST-06077,744,On-Time,0,0.37,Medium Risk
CRED-06078,CUST-06078,712,On-Time,0,0.3,Medium Risk
CRED-06079,CUST-06079,733,Occasional Late,0,0.39,Medium Risk
CRED-06080,CUST-06080,767,On-Time,0,0.15,Low Risk
CRED-06081,CUST-06081,675,Occasional Late,1,0.42,Medium Risk
CRED-06082,CUST-06082,728,Occasional Late,0,0.46,Medium Risk
CRED-06083,CUST-06083,657,Occasional Late,1,0.76,High Risk
CRED-06084,CUST-06084,815,On-Time,0,0.1,Low Risk
CRED-06085,CUST-06085,787,On-Time,0,0.07,Low Risk
CRED-06086,CUST-06086,798,On-Time,0,0.16,Low Risk
CRED-06087,CUST-06087,471,Default Risk,10,0.83,Very High Risk
CRED-06088,CUST-06088,695,Occasional Late,1,0.33,Medium Risk
CRED-06089,CUST-06089,752,On-Time,1,0.19,Low Risk
CRED-06090,CUST-06090,748,Occasional Late,0,0.36,Medium Risk
CRED-06091,CUST-06091,727,On-Time,0,0.39,Medium Risk
CRED-06092,CUST-06092,805,On-Time,0,0.08,Low Risk
CRED-06093,CUST-06093,726,On-Time,0,0.42,Medium Risk
CRED-06094,CUST-06094,605,Occasional Late,2,0.66,High Risk
CRED-06095,CUST-06095,705,On-Time,0,0.33,Medium Risk
CRED-06096,CUST-06096,675,On-Time,2,0.47,Medium Risk
CRED-06097,CUST-06097,653,Frequently Late,4,0.57,High Risk
CRED-06098,CUST-06098,598,Occasional Late,2,0.84,High Risk
CRED-06099,CUST-06099,737,On-Time,1,0.38,Medium Risk
CRED-06100,CUST-06100,764,On-Time,0,0.07,Low Risk
CRED-06101,CUST-06101,520,Frequently Late,7,0.85,Very High Risk
CRED-06102,CUST-06102,753,On-Time,0,0.08,Low Risk
CRED-06103,CUST-06103,729,Occasional Late,0,0.37,Medium Risk
CRED-06104,CUST-06104,744,On-Time,0,0.26,Medium Risk
CRED-06105,CUST-06105,627,Frequently Late,1,0.83,High Risk
CRED-06106,CUST-06106,704,On-Time,0,0.42,Medium Risk
CRED-06107,CUST-06107,494,Frequently Late,7,0.72,Very High Risk
CRED-06108,CUST-06108,625,Frequently Late,4,0.63,High Risk
CRED-06109,CUST-06109,768,On-Time,0,0.15,Low Risk
CRED-06110,CUST-06110,713,Occasional Late,0,0.29,Medium Risk
CRED-06111,CUST-06111,728,On-Time,0,0.27,Medium Risk
CRED-06112,CUST-06112,671,On-Time,0,0.28,Medium Risk
CRED-06113,CUST-06113,755,On-Time,0,0.25,Low Risk
CRED-06114,CUST-06114,698,Occasional Late,0,0.23,Medium Risk
CRED-06115,CUST-06115,725,On-Time,0,0.28,Medium Risk
CRED-06116,CUST-06116,711,On-Time,0,0.4,Medium Risk
CRED-06117,CUST-06117,793,On-Time,0,0.17,Low Risk
CRED-06118,CUST-06118,724,On-Time,2,0.36,Medium Risk
CRED-06119,CUST-06119,719,On-Time,0,0.49,Medium Risk
CRED-06120,CUST-06120,774,On-Time,0,0.1,Low Risk
CRED-06121,CUST-06121,684,On-Time,0,0.3,Medium Risk
CRED-06122,CUST-06122,756,On-Time,0,0.18,Low Risk
CRED-06123,CUST-06123,667,Frequently Late,2,0.65,High Risk
CRED-06124,CUST-06124,819,On-Time,0,0.22,Low Risk
CRED-06125,CUST-06125,749,On-Time,0,0.46,Medium Risk
CRED-06126,CUST-06126,635,Occasional Late,3,0.62,High Risk
CRED-06127,CUST-06127,565,Frequently Late,9,0.85,Very High Risk
CRED-06128,CUST-06128,693,On-Time,2,0.26,Medium Risk
CRED-06129,CUST-06129,782,On-Time,0,0.15,Low Risk
CRED-06130,CUST-06130,720,Occasional Late,0,0.37,Medium Risk
CRED-06131,CUST-06131,546,Frequently Late,9,0.98,Very High Risk
CRED-06132,CUST-06132,705,Occasional Late,1,0.47,Medium Risk
CRED-06133,CUST-06133,703,On-Time,0,0.33,Medium Risk
CRED-06134,CUST-06134,655,Frequently Late,3,0.54,High Risk
CRED-06135,CUST-06135,750,On-Time,0,0.14,Low Risk
CRED-06136,CUST-06136,653,Occasional Late,4,0.74,High Risk
CRED-06137,CUST-06137,696,On-Time,0,0.47,Medium Risk
CRED-06138,CUST-06138,690,On-Time,1,0.43,Medium Risk
CRED-06139,CUST-06139,634,Frequently Late,4,0.51,High Risk
CRED-06140,CUST-06140,648,Frequently Late,4,0.56,High Risk
CRED-06141,CUST-06141,745,Occasional Late,1,0.21,Medium Risk
CRED-06142,CUST-06142,658,Frequently Late,3,0.55,High Risk
CRED-06143,CUST-06143,704,Occasional Late,0,0.4,Medium Risk
CRED-06144,CUST-06144,673,Occasional Late,0,0.41,Medium Risk
CRED-06145,CUST-06145,635,Frequently Late,4,0.81,High Risk
CRED-06146,CUST-06146,588,Frequently Late,3,0.51,High Risk
CRED-06147,CUST-06147,686,On-Time,0,0.21,Medium Risk
CRED-06148,CUST-06148,563,Default Risk,7,0.91,Very High Risk
CRED-06149,CUST-06149,350,Default Risk,6,0.9,Very High Risk
CRED-06150,CUST-06150,475,Default Risk,5,0.96,Very High Risk
CRED-06151,CUST-06151,748,Occasional Late,1,0.47,Medium Risk
CRED-06152,CUST-06152,708,Occasional Late,1,0.35,Medium Risk
CRED-06153,CUST-06153,694,Occasional Late,0,0.45,Medium Risk
CRED-06154,CUST-06154,677,Occasional Late,0,0.21,Medium Risk
CRED-06155,CUST-06155,440,Frequently Late,4,0.79,Very High Risk
CRED-06156,CUST-06156,651,Frequently Late,4,0.79,High Risk
CRED-06157,CUST-06157,757,On-Time,0,0.11,Low Risk
CRED-06158,CUST-06158,662,Frequently Late,1,0.53,High Risk
CRED-06159,CUST-06159,590,Occasional Late,3,0.53,High Risk
CRED-06160,CUST-06160,723,On-Time,0,0.22,Medium Risk
CRED-06161,CUST-06161,757,On-Time,0,0.2,Low Risk
CRED-06162,CUST-06162,687,On-Time,0,0.31,Medium Risk
CRED-06163,CUST-06163,668,Occasional Late,1,0.76,High Risk
CRED-06164,CUST-06164,656,Frequently Late,3,0.46,High Risk
CRED-06165,CUST-06165,766,On-Time,0,0.11,Low Risk
CRED-06166,CUST-06166,712,On-Time,0,0.45,Medium Risk
CRED-06167,CUST-06167,679,On-Time,1,0.34,Medium Risk
CRED-06168,CUST-06168,693,Occasional Late,0,0.38,Medium Risk
CRED-06169,CUST-06169,752,On-Time,0,0.18,Low Risk
CRED-06170,CUST-06170,721,Occasional Late,0,0.29,Medium Risk
CRED-06171,CUST-06171,766,On-Time,0,0.06,Low Risk
CRED-06172,CUST-06172,639,Occasional Late,4,0.76,High Risk
CRED-06173,CUST-06173,799,On-Time,0,0.05,Low Risk
CRED-06174,CUST-06174,650,Frequently Late,3,0.85,High Risk
CRED-06175,CUST-06175,706,Occasional Late,0,0.38,Medium Risk
CRED-06176,CUST-06176,707,Occasional Late,1,0.33,Medium Risk
CRED-06177,CUST-06177,643,Occasional Late,3,0.83,High Risk
CRED-06178,CUST-06178,708,Occasional Late,0,0.45,Medium Risk
CRED-06179,CUST-06179,620,Occasional Late,4,0.73,High Risk
CRED-06180,CUST-06180,739,Occasional Late,0,0.3,Medium Risk
CRED-06181,CUST-06181,644,Occasional Late,4,0.62,High Risk
CRED-06182,CUST-06182,789,On-Time,0,0.1,Low Risk
CRED-06183,CUST-06183,770,On-Time,0,0.24,Low Risk
CRED-06184,CUST-06184,769,On-Time,0,0.13,Low Risk
CRED-06185,CUST-06185,668,Occasional Late,1,0.75,High Risk
CRED-06186,CUST-06186,706,On-Time,0,0.25,Medium Risk
CRED-06187,CUST-06187,702,Occasional Late,1,0.33,Medium Risk
CRED-06188,CUST-06188,730,Occasional Late,0,0.48,Medium Risk
CRED-06189,CUST-06189,614,Occasional Late,3,0.49,High Risk
CRED-06190,CUST-06190,742,Occasional Late,2,0.3,Medium Risk
CRED-06191,CUST-06191,665,Frequently Late,4,0.8,High Risk
CRED-06192,CUST-06192,697,Occasional Late,0,0.5,Medium Risk
CRED-06193,CUST-06193,636,Frequently Late,4,0.64,High Risk
CRED-06194,CUST-06194,646,Frequently Late,4,0.71,High Risk
CRED-06195,CUST-06195,527,Default Risk,10,0.9,Very High Risk
CRED-06196,CUST-06196,730,On-Time,1,0.28,Medium Risk
CRED-06197,CUST-06197,583,Frequently Late,4,0.64,High Risk
CRED-06198,CUST-06198,721,On-Time,2,0.42,Medium Risk
CRED-06199,CUST-06199,765,On-Time,0,0.07,Low Risk
CRED-06200,CUST-06200,449,Frequently Late,4,0.72,Very High Risk
CRED-06201,CUST-06201,776,On-Time,0,0.07,Low Risk
CRED-06202,CUST-06202,781,On-Time,0,0.08,Low Risk
CRED-06203,CUST-06203,779,On-Time,0,0.1,Low Risk
CRED-06204,CUST-06204,725,On-Time,0,0.22,Medium Risk
CRED-06205,CUST-06205,806,On-Time,0,0.12,Low Risk
CRED-06206,CUST-06206,742,On-Time,0,0.47,Medium Risk
CRED-06207,CUST-06207,619,Occasional Late,1,0.52,High Risk
CRED-06208,CUST-06208,788,On-Time,0,0.22,Low Risk
CRED-06209,CUST-06209,695,On-Time,0,0.35,Medium Risk
CRED-06210,CUST-06210,723,On-Time,1,0.44,Medium Risk
CRED-06211,CUST-06211,662,Frequently Late,3,0.61,High Risk
CRED-06212,CUST-06212,730,On-Time,1,0.35,Medium Risk
CRED-06213,CUST-06213,527,Default Risk,8,0.82,Very High Risk
CRED-06214,CUST-06214,633,Frequently Late,1,0.77,High Risk
CRED-06215,CUST-06215,665,Frequently Late,3,0.73,High Risk
CRED-06216,CUST-06216,672,Occasional Late,2,0.37,Medium Risk
CRED-06217,CUST-06217,632,Frequently Late,1,0.72,High Risk
CRED-06218,CUST-06218,456,Frequently Late,9,0.98,Very High Risk
CRED-06219,CUST-06219,543,Frequently Late,6,0.85,Very High Risk
CRED-06220,CUST-06220,685,On-Time,0,0.4,Medium Risk
CRED-06221,CUST-06221,739,Occasional Late,1,0.29,Medium Risk
CRED-06222,CUST-06222,767,On-Time,0,0.16,Low Risk
CRED-06223,CUST-06223,702,On-Time,1,0.42,Medium Risk
CRED-06224,CUST-06224,742,On-Time,0,0.44,Medium Risk
CRED-06225,CUST-06225,640,Occasional Late,1,0.64,High Risk
CRED-06226,CUST-06226,576,Frequently Late,4,0.8,Very High Risk
CRED-06227,CUST-06227,672,On-Time,1,0.35,Medium Risk
CRED-06228,CUST-06228,499,Default Risk,8,0.76,Very High Risk
CRED-06229,CUST-06229,666,Frequently Late,3,0.47,High Risk
CRED-06230,CUST-06230,701,Occasional Late,0,0.45,Medium Risk
CRED-06231,CUST-06231,579,Frequently Late,4,0.72,Very High Risk
CRED-06232,CUST-06232,790,On-Time,0,0.25,Low Risk
CRED-06233,CUST-06233,672,On-Time,0,0.31,Medium Risk
CRED-06234,CUST-06234,650,Frequently Late,4,0.82,High Risk
CRED-06235,CUST-06235,694,On-Time,0,0.24,Medium Risk
CRED-06236,CUST-06236,737,Occasional Late,0,0.24,Medium Risk
CRED-06237,CUST-06237,669,Occasional Late,1,0.58,High Risk
CRED-06238,CUST-06238,555,Default Risk,10,0.92,Very High Risk
CRED-06239,CUST-06239,748,On-Time,0,0.32,Medium Risk
CRED-06240,CUST-06240,717,On-Time,1,0.2,Medium Risk
CRED-06241,CUST-06241,692,Occasional Late,0,0.24,Medium Risk
CRED-06242,CUST-06242,739,Occasional Late,0,0.33,Medium Risk
CRED-06243,CUST-06243,812,On-Time,0,0.15,Low Risk
CRED-06244,CUST-06244,743,On-Time,0,0.28,Medium Risk
CRED-06245,CUST-06245,694,On-Time,0,0.39,Medium Risk
CRED-06246,CUST-06246,760,On-Time,0,0.14,Low Risk
CRED-06247,CUST-06247,547,Default Risk,7,0.88,Very High Risk
CRED-06248,CUST-06248,733,Occasional Late,0,0.32,Medium Risk
CRED-06249,CUST-06249,692,On-Time,1,0.5,Medium Risk
CRED-06250,CUST-06250,768,On-Time,0,0.05,Low Risk
CRED-06251,CUST-06251,708,On-Time,0,0.26,Medium Risk
CRED-06252,CUST-06252,645,Occasional Late,1,0.7,High Risk
CRED-06253,CUST-06253,538,Frequently Late,5,0.89,Very High Risk
CRED-06254,CUST-06254,776,On-Time,0,0.09,Low Risk
CRED-06255,CUST-06255,685,On-Time,0,0.35,Medium Risk
CRED-06256,CUST-06256,751,On-Time,0,0.11,Low Risk
CRED-06257,CUST-06257,647,Occasional Late,3,0.67,High Risk
CRED-06258,CUST-06258,776,On-Time,0,0.21,Low Risk
CRED-06259,CUST-06259,707,Occasional Late,0,0.43,Medium Risk
CRED-06260,CUST-06260,837,On-Time,0,0.09,Low Risk
CRED-06261,CUST-06261,673,Occasional Late,1,0.47,Medium Risk
CRED-06262,CUST-06262,664,Frequently Late,3,0.59,High Risk
CRED-06263,CUST-06263,722,Occasional Late,2,0.41,Medium Risk
CRED-06264,CUST-06264,753,On-Time,0,0.06,Low Risk
CRED-06265,CUST-06265,700,On-Time,0,0.38,Medium Risk
CRED-06266,CUST-06266,654,Occasional Late,2,0.77,High Risk
CRED-06267,CUST-06267,713,Occasional Late,0,0.34,Medium Risk
CRED-06268,CUST-06268,736,On-Time,0,0.33,Medium Risk
CRED-06269,CUST-06269,664,Frequently Late,4,0.51,High Risk
CRED-06270,CUST-06270,727,On-Time,1,0.29,Medium Risk
CRED-06271,CUST-06271,543,Frequently Late,11,0.98,Very High Risk
CRED-06272,CUST-06272,756,On-Time,0,0.18,Low Risk
CRED-06273,CUST-06273,720,On-Time,2,0.21,Medium Risk
CRED-06274,CUST-06274,730,On-Time,0,0.32,Medium Risk
CRED-06275,CUST-06275,776,On-Time,0,0.1,Low Risk
CRED-06276,CUST-06276,676,On-Time,0,0.24,Medium Risk
CRED-06277,CUST-06277,716,On-Time,0,0.29,Medium Risk
CRED-06278,CUST-06278,652,Frequently Late,4,0.84,High Risk
CRED-06279,CUST-06279,681,On-Time,0,0.32,Medium Risk
CRED-06280,CUST-06280,630,Occasional Late,1,0.75,High Risk
CRED-06281,CUST-06281,730,Occasional Late,0,0.46,Medium Risk
CRED-06282,CUST-06282,435,Frequently Late,4,0.83,Very High Risk
CRED-06283,CUST-06283,740,Occasional Late,1,0.37,Medium Risk
CRED-06284,CUST-06284,717,On-Time,1,0.28,Medium Risk
CRED-06285,CUST-06285,764,On-Time,0,0.25,Low Risk
CRED-06286,CUST-06286,661,Occasional Late,3,0.63,High Risk
CRED-06287,CUST-06287,651,Occasional Late,3,0.49,High Risk
CRED-06288,CUST-06288,805,On-Time,0,0.18,Low Risk
CRED-06289,CUST-06289,775,On-Time,0,0.17,Low Risk
CRED-06290,CUST-06290,760,On-Time,0,0.11,Low Risk
CRED-06291,CUST-06291,714,On-Time,1,0.3,Medium Risk
CRED-06292,CUST-06292,713,On-Time,0,0.44,Medium Risk
CRED-06293,CUST-06293,769,On-Time,0,0.25,Low Risk
CRED-06294,CUST-06294,721,Occasional Late,0,0.43,Medium Risk
CRED-06295,CUST-06295,775,On-Time,0,0.07,Low Risk
CRED-06296,CUST-06296,735,Occasional Late,0,0.28,Medium Risk
CRED-06297,CUST-06297,792,On-Time,0,0.15,Low Risk
CRED-06298,CUST-06298,678,On-Time,0,0.28,Medium Risk
CRED-06299,CUST-06299,679,On-Time,0,0.25,Medium Risk
CRED-06300,CUST-06300,757,On-Time,0,0.06,Low Risk
CRED-06301,CUST-06301,710,Occasional Late,0,0.49,Medium Risk
CRED-06302,CUST-06302,730,Occasional Late,1,0.42,Medium Risk
CRED-06303,CUST-06303,509,Frequently Late,4,0.74,Very High Risk
CRED-06304,CUST-06304,690,On-Time,0,0.38,Medium Risk
CRED-06305,CUST-06305,715,Occasional Late,0,0.41,Medium Risk
CRED-06306,CUST-06306,777,On-Time,0,0.17,Low Risk
CRED-06307,CUST-06307,617,Occasional Late,4,0.64,High Risk
CRED-06308,CUST-06308,752,On-Time,0,0.21,Low Risk
CRED-06309,CUST-06309,734,On-Time,0,0.32,Medium Risk
CRED-06310,CUST-06310,548,Default Risk,5,0.78,Very High Risk
CRED-06311,CUST-06311,768,On-Time,0,0.15,Low Risk
CRED-06312,CUST-06312,773,On-Time,0,0.12,Low Risk
CRED-06313,CUST-06313,566,Frequently Late,5,0.78,Very High Risk
CRED-06314,CUST-06314,650,Frequently Late,3,0.77,High Risk
CRED-06315,CUST-06315,710,On-Time,1,0.5,Medium Risk
CRED-06316,CUST-06316,695,Occasional Late,1,0.3,Medium Risk
CRED-06317,CUST-06317,617,Frequently Late,2,0.62,High Risk
CRED-06318,CUST-06318,670,On-Time,1,0.21,Medium Risk
CRED-06319,CUST-06319,663,Frequently Late,1,0.82,High Risk
CRED-06320,CUST-06320,727,On-Time,0,0.25,Medium Risk
CRED-06321,CUST-06321,771,On-Time,0,0.11,Low Risk
CRED-06322,CUST-06322,722,On-Time,0,0.35,Medium Risk
CRED-06323,CUST-06323,717,On-Time,0,0.42,Medium Risk
CRED-06324,CUST-06324,518,Frequently Late,8,0.96,Very High Risk
CRED-06325,CUST-06325,700,On-Time,0,0.3,Medium Risk
CRED-06326,CUST-06326,743,Occasional Late,0,0.38,Medium Risk
CRED-06327,CUST-06327,682,On-Time,0,0.38,Medium Risk
CRED-06328,CUST-06328,659,Occasional Late,4,0.69,High Risk
CRED-06329,CUST-06329,729,On-Time,0,0.36,Medium Risk
CRED-06330,CUST-06330,651,Frequently Late,4,0.73,High Risk
CRED-06331,CUST-06331,647,Frequently Late,4,0.54,High Risk
CRED-06332,CUST-06332,817,On-Time,0,0.24,Low Risk
CRED-06333,CUST-06333,727,Occasional Late,0,0.45,Medium Risk
CRED-06334,CUST-06334,726,On-Time,0,0.36,Medium Risk
CRED-06335,CUST-06335,620,Occasional Late,3,0.67,High Risk
CRED-06336,CUST-06336,680,Occasional Late,0,0.26,Medium Risk
CRED-06337,CUST-06337,783,On-Time,0,0.23,Low Risk
CRED-06338,CUST-06338,715,On-Time,0,0.22,Medium Risk
CRED-06339,CUST-06339,743,On-Time,0,0.28,Medium Risk
CRED-06340,CUST-06340,706,On-Time,1,0.3,Medium Risk
CRED-06341,CUST-06341,649,Occasional Late,2,0.58,High Risk
CRED-06342,CUST-06342,644,Frequently Late,3,0.76,High Risk
CRED-06343,CUST-06343,704,On-Time,1,0.38,Medium Risk
CRED-06344,CUST-06344,660,Occasional Late,2,0.73,High Risk
CRED-06345,CUST-06345,498,Default Risk,9,0.96,Very High Risk
CRED-06346,CUST-06346,721,On-Time,0,0.29,Medium Risk
CRED-06347,CUST-06347,705,On-Time,1,0.26,Medium Risk
CRED-06348,CUST-06348,492,Frequently Late,10,0.93,Very High Risk
CRED-06349,CUST-06349,774,On-Time,0,0.09,Low Risk
CRED-06350,CUST-06350,691,On-Time,1,0.39,Medium Risk
CRED-06351,CUST-06351,572,Frequently Late,5,0.96,Very High Risk
CRED-06352,CUST-06352,682,Occasional Late,0,0.36,Medium Risk
CRED-06353,CUST-06353,749,On-Time,1,0.27,Medium Risk
CRED-06354,CUST-06354,702,On-Time,0,0.47,Medium Risk
CRED-06355,CUST-06355,762,On-Time,0,0.12,Low Risk
CRED-06356,CUST-06356,705,Occasional Late,2,0.48,Medium Risk
CRED-06357,CUST-06357,668,Occasional Late,4,0.77,High Risk
CRED-06358,CUST-06358,806,On-Time,1,0.17,Low Risk
CRED-06359,CUST-06359,476,Default Risk,10,0.79,Very High Risk
CRED-06360,CUST-06360,758,On-Time,0,0.22,Low Risk
CRED-06361,CUST-06361,759,On-Time,0,0.1,Low Risk
CRED-06362,CUST-06362,698,On-Time,0,0.48,Medium Risk
CRED-06363,CUST-06363,654,Frequently Late,2,0.5,High Risk
CRED-06364,CUST-06364,785,On-Time,0,0.21,Low Risk
CRED-06365,CUST-06365,703,On-Time,0,0.31,Medium Risk
CRED-06366,CUST-06366,779,On-Time,0,0.08,Low Risk
CRED-06367,CUST-06367,682,On-Time,0,0.35,Medium Risk
CRED-06368,CUST-06368,704,On-Time,0,0.29,Medium Risk
CRED-06369,CUST-06369,694,Occasional Late,0,0.42,Medium Risk
CRED-06370,CUST-06370,695,On-Time,1,0.39,Medium Risk
CRED-06371,CUST-06371,714,Occasional Late,0,0.39,Medium Risk
CRED-06372,CUST-06372,728,Occasional Late,1,0.44,Medium Risk
CRED-06373,CUST-06373,743,Occasional Late,2,0.21,Medium Risk
CRED-06374,CUST-06374,637,Frequently Late,1,0.73,High Risk
CRED-06375,CUST-06375,734,On-Time,0,0.47,Medium Risk
CRED-06376,CUST-06376,680,On-Time,0,0.27,Medium Risk
CRED-06377,CUST-06377,689,On-Time,2,0.35,Medium Risk
CRED-06378,CUST-06378,733,On-Time,0,0.31,Medium Risk
CRED-06379,CUST-06379,776,On-Time,1,0.09,Low Risk
CRED-06380,CUST-06380,685,On-Time,0,0.49,Medium Risk
CRED-06381,CUST-06381,534,Frequently Late,7,0.98,Very High Risk
CRED-06382,CUST-06382,654,Occasional Late,1,0.57,High Risk
CRED-06383,CUST-06383,612,Occasional Late,2,0.83,High Risk
CRED-06384,CUST-06384,656,Frequently Late,1,0.47,High Risk
CRED-06385,CUST-06385,653,Frequently Late,2,0.59,High Risk
CRED-06386,CUST-06386,589,Occasional Late,3,0.58,High Risk
CRED-06387,CUST-06387,718,On-Time,0,0.43,Medium Risk
CRED-06388,CUST-06388,755,On-Time,0,0.21,Low Risk
CRED-06389,CUST-06389,699,On-Time,0,0.22,Medium Risk
CRED-06390,CUST-06390,639,Occasional Late,1,0.54,High Risk
CRED-06391,CUST-06391,780,On-Time,0,0.13,Low Risk
CRED-06392,CUST-06392,630,Frequently Late,1,0.62,High Risk
CRED-06393,CUST-06393,634,Frequently Late,1,0.82,High Risk
CRED-06394,CUST-06394,652,Frequently Late,4,0.66,High Risk
CRED-06395,CUST-06395,620,Frequently Late,1,0.71,High Risk
CRED-06396,CUST-06396,817,On-Time,0,0.17,Low Risk
CRED-06397,CUST-06397,694,Occasional Late,0,0.3,Medium Risk
CRED-06398,CUST-06398,756,On-Time,0,0.09,Low Risk
CRED-06399,CUST-06399,772,On-Time,0,0.14,Low Risk
CRED-06400,CUST-06400,709,On-Time,0,0.23,Medium Risk
CRED-06401,CUST-06401,703,On-Time,0,0.28,Medium Risk
CRED-06402,CUST-06402,754,On-Time,0,0.21,Low Risk
CRED-06403,CUST-06403,570,Default Risk,8,0.86,Very High Risk
CRED-06404,CUST-06404,689,Occasional Late,0,0.23,Medium Risk
CRED-06405,CUST-06405,714,Occasional Late,0,0.4,Medium Risk
CRED-06406,CUST-06406,710,On-Time,0,0.36,Medium Risk
CRED-06407,CUST-06407,745,On-Time,1,0.29,Medium Risk
CRED-06408,CUST-06408,777,On-Time,0,0.1,Low Risk
CRED-06409,CUST-06409,704,On-Time,0,0.33,Medium Risk
CRED-06410,CUST-06410,772,On-Time,0,0.22,Low Risk
CRED-06411,CUST-06411,731,On-Time,0,0.49,Medium Risk
CRED-06412,CUST-06412,727,Occasional Late,0,0.21,Medium Risk
CRED-06413,CUST-06413,692,Occasional Late,0,0.26,Medium Risk
CRED-06414,CUST-06414,738,On-Time,0,0.42,Medium Risk
CRED-06415,CUST-06415,697,Occasional Late,2,0.22,Medium Risk
CRED-06416,CUST-06416,789,On-Time,0,0.11,Low Risk
CRED-06417,CUST-06417,680,On-Time,0,0.33,Medium Risk
CRED-06418,CUST-06418,641,Frequently Late,2,0.75,High Risk
CRED-06419,CUST-06419,653,Occasional Late,4,0.63,High Risk
CRED-06420,CUST-06420,772,On-Time,0,0.06,Low Risk
CRED-06421,CUST-06421,749,On-Time,0,0.47,Medium Risk
CRED-06422,CUST-06422,688,Occasional Late,1,0.37,Medium Risk
CRED-06423,CUST-06423,787,On-Time,0,0.08,Low Risk
CRED-06424,CUST-06424,759,On-Time,0,0.07,Low Risk
CRED-06425,CUST-06425,671,On-Time,0,0.21,Medium Risk
CRED-06426,CUST-06426,721,On-Time,2,0.38,Medium Risk
CRED-06427,CUST-06427,673,Occasional Late,0,0.44,Medium Risk
CRED-06428,CUST-06428,734,Occasional Late,0,0.42,Medium Risk
CRED-06429,CUST-06429,689,On-Time,0,0.48,Medium Risk
CRED-06430,CUST-06430,820,On-Time,0,0.17,Low Risk
CRED-06431,CUST-06431,638,Frequently Late,4,0.6,High Risk
CRED-06432,CUST-06432,702,Occasional Late,1,0.39,Medium Risk
CRED-06433,CUST-06433,623,Frequently Late,4,0.75,High Risk
CRED-06434,CUST-06434,541,Frequently Late,8,0.72,Very High Risk
CRED-06435,CUST-06435,595,Occasional Late,2,0.45,High Risk
CRED-06436,CUST-06436,791,On-Time,0,0.06,Low Risk
CRED-06437,CUST-06437,473,Default Risk,4,0.95,Very High Risk
CRED-06438,CUST-06438,611,Occasional Late,2,0.49,High Risk
CRED-06439,CUST-06439,608,Frequently Late,4,0.53,High Risk
CRED-06440,CUST-06440,697,Occasional Late,1,0.37,Medium Risk
CRED-06441,CUST-06441,729,On-Time,0,0.27,Medium Risk
CRED-06442,CUST-06442,661,Frequently Late,2,0.85,High Risk
CRED-06443,CUST-06443,738,On-Time,0,0.23,Medium Risk
CRED-06444,CUST-06444,640,Frequently Late,1,0.72,High Risk
CRED-06445,CUST-06445,698,On-Time,2,0.29,Medium Risk
CRED-06446,CUST-06446,703,On-Time,1,0.24,Medium Risk
CRED-06447,CUST-06447,836,On-Time,0,0.06,Low Risk
CRED-06448,CUST-06448,622,Frequently Late,1,0.78,High Risk
CRED-06449,CUST-06449,557,Frequently Late,4,0.87,Very High Risk
CRED-06450,CUST-06450,795,On-Time,0,0.24,Low Risk
CRED-06451,CUST-06451,696,Occasional Late,0,0.22,Medium Risk
CRED-06452,CUST-06452,656,Frequently Late,3,0.69,High Risk
CRED-06453,CUST-06453,671,On-Time,0,0.45,Medium Risk
CRED-06454,CUST-06454,713,On-Time,0,0.35,Medium Risk
CRED-06455,CUST-06455,719,On-Time,0,0.48,Medium Risk
CRED-06456,CUST-06456,759,On-Time,0,0.08,Low Risk
CRED-06457,CUST-06457,621,Occasional Late,3,0.72,High Risk
CRED-06458,CUST-06458,660,Occasional Late,3,0.53,High Risk
CRED-06459,CUST-06459,674,On-Time,0,0.44,Medium Risk
CRED-06460,CUST-06460,758,On-Time,0,0.17,Low Risk
CRED-06461,CUST-06461,730,On-Time,0,0.22,Medium Risk
CRED-06462,CUST-06462,693,On-Time,1,0.35,Medium Risk
CRED-06463,CUST-06463,663,Occasional Late,1,0.76,High Risk
CRED-06464,CUST-06464,639,Occasional Late,3,0.79,High Risk
CRED-06465,CUST-06465,683,On-Time,1,0.22,Medium Risk
CRED-06466,CUST-06466,578,Default Risk,7,0.98,Very High Risk
CRED-06467,CUST-06467,790,On-Time,0,0.06,Low Risk
CRED-06468,CUST-06468,677,Occasional Late,0,0.46,Medium Risk
CRED-06469,CUST-06469,719,Occasional Late,0,0.49,Medium Risk
CRED-06470,CUST-06470,696,On-Time,2,0.42,Medium Risk
CRED-06471,CUST-06471,659,Occasional Late,4,0.58,High Risk
CRED-06472,CUST-06472,765,On-Time,0,0.07,Low Risk
CRED-06473,CUST-06473,704,On-Time,0,0.31,Medium Risk
CRED-06474,CUST-06474,754,On-Time,0,0.09,Low Risk
CRED-06475,CUST-06475,768,On-Time,0,0.15,Low Risk
CRED-06476,CUST-06476,712,On-Time,1,0.49,Medium Risk
CRED-06477,CUST-06477,673,On-Time,1,0.31,Medium Risk
CRED-06478,CUST-06478,751,On-Time,0,0.24,Low Risk
CRED-06479,CUST-06479,747,Occasional Late,2,0.34,Medium Risk
CRED-06480,CUST-06480,705,On-Time,0,0.36,Medium Risk
CRED-06481,CUST-06481,731,Occasional Late,0,0.45,Medium Risk
CRED-06482,CUST-06482,775,On-Time,0,0.15,Low Risk
CRED-06483,CUST-06483,660,Frequently Late,1,0.58,High Risk
CRED-06484,CUST-06484,649,Frequently Late,3,0.8,High Risk
CRED-06485,CUST-06485,754,On-Time,0,0.11,Low Risk
CRED-06486,CUST-06486,662,Occasional Late,2,0.72,High Risk
CRED-06487,CUST-06487,711,Occasional Late,1,0.45,Medium Risk
CRED-06488,CUST-06488,720,On-Time,2,0.29,Medium Risk
CRED-06489,CUST-06489,763,On-Time,1,0.07,Low Risk
CRED-06490,CUST-06490,726,On-Time,0,0.48,Medium Risk
CRED-06491,CUST-06491,736,On-Time,0,0.32,Medium Risk
CRED-06492,CUST-06492,707,On-Time,0,0.35,Medium Risk
CRED-06493,CUST-06493,739,On-Time,0,0.26,Medium Risk
CRED-06494,CUST-06494,583,Frequently Late,4,0.79,High Risk
CRED-06495,CUST-06495,667,Frequently Late,1,0.62,High Risk
CRED-06496,CUST-06496,678,Occasional Late,0,0.27,Medium Risk
CRED-06497,CUST-06497,751,On-Time,0,0.13,Low Risk
CRED-06498,CUST-06498,795,On-Time,0,0.23,Low Risk
CRED-06499,CUST-06499,705,On-Time,2,0.39,Medium Risk
CRED-06500,CUST-06500,766,On-Time,0,0.21,Low Risk
CRED-06501,CUST-06501,675,On-Time,0,0.49,Medium Risk
CRED-06502,CUST-06502,785,On-Time,0,0.15,Low Risk
CRED-06503,CUST-06503,741,On-Time,0,0.29,Medium Risk
CRED-06504,CUST-06504,715,On-Time,1,0.37,Medium Risk
CRED-06505,CUST-06505,690,On-Time,0,0.29,Medium Risk
CRED-06506,CUST-06506,762,On-Time,0,0.08,Low Risk
CRED-06507,CUST-06507,648,Occasional Late,4,0.49,High Risk
CRED-06508,CUST-06508,469,Default Risk,7,0.72,Very High Risk
CRED-06509,CUST-06509,766,On-Time,0,0.19,Low Risk
CRED-06510,CUST-06510,715,Occasional Late,0,0.21,Medium Risk
CRED-06511,CUST-06511,686,On-Time,0,0.25,Medium Risk
CRED-06512,CUST-06512,648,Frequently Late,4,0.62,High Risk
CRED-06513,CUST-06513,629,Occasional Late,2,0.75,High Risk
CRED-06514,CUST-06514,654,Occasional Late,3,0.68,High Risk
CRED-06515,CUST-06515,669,Occasional Late,3,0.7,High Risk
CRED-06516,CUST-06516,731,Occasional Late,1,0.46,Medium Risk
CRED-06517,CUST-06517,731,On-Time,0,0.44,Medium Risk
CRED-06518,CUST-06518,635,Occasional Late,4,0.48,High Risk
CRED-06519,CUST-06519,735,On-Time,1,0.48,Medium Risk
CRED-06520,CUST-06520,785,On-Time,0,0.21,Low Risk
CRED-06521,CUST-06521,845,On-Time,0,0.2,Low Risk
CRED-06522,CUST-06522,736,On-Time,0,0.28,Medium Risk
CRED-06523,CUST-06523,519,Default Risk,10,0.98,Very High Risk
CRED-06524,CUST-06524,603,Frequently Late,2,0.76,High Risk
CRED-06525,CUST-06525,520,Default Risk,7,0.95,Very High Risk
CRED-06526,CUST-06526,764,On-Time,0,0.24,Low Risk
CRED-06527,CUST-06527,697,On-Time,1,0.27,Medium Risk
CRED-06528,CUST-06528,696,Occasional Late,0,0.31,Medium Risk
CRED-06529,CUST-06529,681,Occasional Late,0,0.45,Medium Risk
CRED-06530,CUST-06530,727,On-Time,1,0.49,Medium Risk
CRED-06531,CUST-06531,720,Occasional Late,2,0.24,Medium Risk
CRED-06532,CUST-06532,605,Frequently Late,4,0.5,High Risk
CRED-06533,CUST-06533,669,Frequently Late,1,0.72,High Risk
CRED-06534,CUST-06534,723,On-Time,0,0.31,Medium Risk
CRED-06535,CUST-06535,790,On-Time,0,0.19,Low Risk
CRED-06536,CUST-06536,687,On-Time,0,0.48,Medium Risk
CRED-06537,CUST-06537,606,Occasional Late,1,0.8,High Risk
CRED-06538,CUST-06538,737,On-Time,0,0.28,Medium Risk
CRED-06539,CUST-06539,653,Occasional Late,1,0.55,High Risk
CRED-06540,CUST-06540,602,Occasional Late,4,0.77,High Risk
CRED-06541,CUST-06541,755,On-Time,0,0.17,Low Risk
CRED-06542,CUST-06542,574,Default Risk,6,0.71,Very High Risk
CRED-06543,CUST-06543,641,Occasional Late,2,0.83,High Risk
CRED-06544,CUST-06544,746,On-Time,1,0.25,Medium Risk
CRED-06545,CUST-06545,731,On-Time,0,0.36,Medium Risk
CRED-06546,CUST-06546,766,On-Time,0,0.14,Low Risk
CRED-06547,CUST-06547,716,On-Time,0,0.41,Medium Risk
CRED-06548,CUST-06548,715,On-Time,0,0.22,Medium Risk
CRED-06549,CUST-06549,675,Occasional Late,0,0.35,Medium Risk
CRED-06550,CUST-06550,717,On-Time,0,0.45,Medium Risk
CRED-06551,CUST-06551,722,On-Time,0,0.44,Medium Risk
CRED-06552,CUST-06552,759,On-Time,0,0.12,Low Risk
CRED-06553,CUST-06553,721,On-Time,0,0.25,Medium Risk
CRED-06554,CUST-06554,694,Occasional Late,0,0.27,Medium Risk
CRED-06555,CUST-06555,694,On-Time,1,0.29,Medium Risk
CRED-06556,CUST-06556,740,On-Time,0,0.35,Medium Risk
CRED-06557,CUST-06557,510,Default Risk,10,0.92,Very High Risk
CRED-06558,CUST-06558,777,On-Time,0,0.13,Low Risk
CRED-06559,CUST-06559,730,On-Time,0,0.46,Medium Risk
CRED-06560,CUST-06560,695,Occasional Late,2,0.43,Medium Risk
CRED-06561,CUST-06561,753,On-Time,0,0.21,Low Risk
CRED-06562,CUST-06562,648,Occasional Late,4,0.45,High Risk
CRED-06563,CUST-06563,701,On-Time,1,0.29,Medium Risk
CRED-06564,CUST-06564,699,On-Time,1,0.48,Medium Risk
CRED-06565,CUST-06565,672,On-Time,1,0.26,Medium Risk
CRED-06566,CUST-06566,752,On-Time,0,0.11,Low Risk
CRED-06567,CUST-06567,689,On-Time,2,0.29,Medium Risk
CRED-06568,CUST-06568,715,Occasional Late,0,0.36,Medium Risk
CRED-06569,CUST-06569,714,On-Time,1,0.24,Medium Risk
CRED-06570,CUST-06570,621,Occasional Late,4,0.52,High Risk
CRED-06571,CUST-06571,713,Occasional Late,0,0.26,Medium Risk
CRED-06572,CUST-06572,708,Occasional Late,0,0.49,Medium Risk
CRED-06573,CUST-06573,784,On-Time,0,0.1,Low Risk
CRED-06574,CUST-06574,573,Frequently Late,8,0.81,Very High Risk
CRED-06575,CUST-06575,686,On-Time,0,0.23,Medium Risk
CRED-06576,CUST-06576,525,Default Risk,5,0.89,Very High Risk
CRED-06577,CUST-06577,613,Frequently Late,1,0.59,High Risk
CRED-06578,CUST-06578,647,Occasional Late,1,0.7,High Risk
CRED-06579,CUST-06579,637,Occasional Late,4,0.72,High Risk
CRED-06580,CUST-06580,549,Default Risk,6,0.99,Very High Risk
CRED-06581,CUST-06581,588,Frequently Late,2,0.49,High Risk
CRED-06582,CUST-06582,666,Occasional Late,1,0.79,High Risk
CRED-06583,CUST-06583,685,Occasional Late,0,0.48,Medium Risk
CRED-06584,CUST-06584,661,Frequently Late,1,0.54,High Risk
CRED-06585,CUST-06585,464,Default Risk,7,0.96,Very High Risk
CRED-06586,CUST-06586,748,On-Time,0,0.27,Medium Risk
CRED-06587,CUST-06587,701,Occasional Late,0,0.43,Medium Risk
CRED-06588,CUST-06588,699,On-Time,0,0.37,Medium Risk
CRED-06589,CUST-06589,669,Frequently Late,4,0.54,High Risk
CRED-06590,CUST-06590,656,Occasional Late,4,0.6,High Risk
CRED-06591,CUST-06591,702,Occasional Late,0,0.38,Medium Risk
CRED-06592,CUST-06592,599,Frequently Late,2,0.57,High Risk
CRED-06593,CUST-06593,696,On-Time,0,0.26,Medium Risk
CRED-06594,CUST-06594,699,Occasional Late,0,0.42,Medium Risk
CRED-06595,CUST-06595,694,On-Time,0,0.28,Medium Risk
CRED-06596,CUST-06596,796,On-Time,0,0.06,Low Risk
CRED-06597,CUST-06597,837,On-Time,0,0.16,Low Risk
CRED-06598,CUST-06598,772,On-Time,0,0.18,Low Risk
CRED-06599,CUST-06599,659,Occasional Late,1,0.67,High Risk
CRED-06600,CUST-06600,760,On-Time,0,0.21,Low Risk
CRED-06601,CUST-06601,745,On-Time,2,0.29,Medium Risk
CRED-06602,CUST-06602,690,On-Time,0,0.3,Medium Risk
CRED-06603,CUST-06603,778,On-Time,1,0.2,Low Risk
CRED-06604,CUST-06604,706,On-Time,0,0.46,Medium Risk
CRED-06605,CUST-06605,722,Occasional Late,0,0.32,Medium Risk
CRED-06606,CUST-06606,659,Occasional Late,4,0.7,High Risk
CRED-06607,CUST-06607,511,Default Risk,7,0.71,Very High Risk
CRED-06608,CUST-06608,717,On-Time,0,0.25,Medium Risk
CRED-06609,CUST-06609,774,On-Time,0,0.12,Low Risk
CRED-06610,CUST-06610,628,Frequently Late,1,0.57,High Risk
CRED-06611,CUST-06611,681,On-Time,0,0.45,Medium Risk
CRED-06612,CUST-06612,655,Frequently Late,3,0.49,High Risk
CRED-06613,CUST-06613,746,On-Time,0,0.36,Medium Risk
CRED-06614,CUST-06614,731,Occasional Late,0,0.39,Medium Risk
CRED-06615,CUST-06615,748,On-Time,0,0.22,Medium Risk
CRED-06616,CUST-06616,742,On-Time,0,0.43,Medium Risk
CRED-06617,CUST-06617,752,On-Time,0,0.15,Low Risk
CRED-06618,CUST-06618,737,On-Time,0,0.43,Medium Risk
CRED-06619,CUST-06619,707,Occasional Late,0,0.34,Medium Risk
CRED-06620,CUST-06620,799,On-Time,0,0.09,Low Risk
CRED-06621,CUST-06621,654,Frequently Late,3,0.66,High Risk
CRED-06622,CUST-06622,639,Frequently Late,3,0.54,High Risk
CRED-06623,CUST-06623,671,Occasional Late,0,0.44,Medium Risk
CRED-06624,CUST-06624,730,On-Time,0,0.24,Medium Risk
CRED-06625,CUST-06625,663,Frequently Late,3,0.55,High Risk
CRED-06626,CUST-06626,664,Occasional Late,4,0.64,High Risk
CRED-06627,CUST-06627,693,Occasional Late,0,0.28,Medium Risk
CRED-06628,CUST-06628,676,On-Time,1,0.4,Medium Risk
CRED-06629,CUST-06629,609,Occasional Late,4,0.85,High Risk
CRED-06630,CUST-06630,751,On-Time,0,0.24,Low Risk
CRED-06631,CUST-06631,704,On-Time,2,0.3,Medium Risk
CRED-06632,CUST-06632,701,On-Time,2,0.29,Medium Risk
CRED-06633,CUST-06633,536,Frequently Late,6,0.8,Very High Risk
CRED-06634,CUST-06634,670,On-Time,0,0.47,Medium Risk
CRED-06635,CUST-06635,514,Default Risk,4,0.78,Very High Risk
CRED-06636,CUST-06636,620,Occasional Late,1,0.84,High Risk
CRED-06637,CUST-06637,708,On-Time,0,0.3,Medium Risk
CRED-06638,CUST-06638,775,On-Time,0,0.07,Low Risk
CRED-06639,CUST-06639,529,Default Risk,6,0.91,Very High Risk
CRED-06640,CUST-06640,749,On-Time,0,0.23,Medium Risk
CRED-06641,CUST-06641,714,On-Time,1,0.38,Medium Risk
CRED-06642,CUST-06642,806,On-Time,0,0.08,Low Risk
CRED-06643,CUST-06643,688,Occasional Late,0,0.41,Medium Risk
CRED-06644,CUST-06644,737,Occasional Late,2,0.42,Medium Risk
CRED-06645,CUST-06645,683,On-Time,0,0.41,Medium Risk
CRED-06646,CUST-06646,625,Occasional Late,2,0.78,High Risk
CRED-06647,CUST-06647,679,On-Time,0,0.44,Medium Risk
CRED-06648,CUST-06648,783,On-Time,0,0.08,Low Risk
CRED-06649,CUST-06649,677,On-Time,0,0.25,Medium Risk
CRED-06650,CUST-06650,588,Frequently Late,3,0.71,High Risk
CRED-06651,CUST-06651,752,On-Time,0,0.08,Low Risk
CRED-06652,CUST-06652,618,Frequently Late,2,0.49,High Risk
CRED-06653,CUST-06653,737,On-Time,0,0.37,Medium Risk
CRED-06654,CUST-06654,620,Occasional Late,2,0.58,High Risk
CRED-06655,CUST-06655,468,Frequently Late,4,0.82,Very High Risk
CRED-06656,CUST-06656,699,Occasional Late,0,0.34,Medium Risk
CRED-06657,CUST-06657,711,On-Time,0,0.4,Medium Risk
CRED-06658,CUST-06658,755,On-Time,0,0.12,Low Risk
CRED-06659,CUST-06659,676,Occasional Late,0,0.47,Medium Risk
CRED-06660,CUST-06660,580,Frequently Late,1,0.81,High Risk
CRED-06661,CUST-06661,559,Default Risk,7,0.81,Very High Risk
CRED-06662,CUST-06662,755,On-Time,0,0.21,Low Risk
CRED-06663,CUST-06663,442,Frequently Late,9,0.96,Very High Risk
CRED-06664,CUST-06664,650,Frequently Late,4,0.83,High Risk
CRED-06665,CUST-06665,744,Occasional Late,0,0.4,Medium Risk
CRED-06666,CUST-06666,769,On-Time,0,0.12,Low Risk
CRED-06667,CUST-06667,803,On-Time,0,0.24,Low Risk
CRED-06668,CUST-06668,703,On-Time,1,0.32,Medium Risk
CRED-06669,CUST-06669,517,Frequently Late,5,0.94,Very High Risk
CRED-06670,CUST-06670,522,Default Risk,6,0.8,Very High Risk
CRED-06671,CUST-06671,748,On-Time,0,0.37,Medium Risk
CRED-06672,CUST-06672,682,On-Time,1,0.29,Medium Risk
CRED-06673,CUST-06673,525,Default Risk,4,0.84,Very High Risk
CRED-06674,CUST-06674,673,Occasional Late,0,0.23,Medium Risk
CRED-06675,CUST-06675,776,On-Time,0,0.2,Low Risk
CRED-06676,CUST-06676,723,On-Time,2,0.45,Medium Risk
CRED-06677,CUST-06677,708,On-Time,0,0.36,Medium Risk
CRED-06678,CUST-06678,667,Occasional Late,3,0.69,High Risk
CRED-06679,CUST-06679,684,Occasional Late,0,0.22,Medium Risk
CRED-06680,CUST-06680,710,On-Time,0,0.46,Medium Risk
CRED-06681,CUST-06681,796,On-Time,0,0.06,Low Risk
CRED-06682,CUST-06682,665,Occasional Late,2,0.69,High Risk
CRED-06683,CUST-06683,607,Occasional Late,4,0.47,High Risk
CRED-06684,CUST-06684,645,Frequently Late,4,0.77,High Risk
CRED-06685,CUST-06685,775,On-Time,0,0.12,Low Risk
CRED-06686,CUST-06686,750,On-Time,0,0.21,Low Risk
CRED-06687,CUST-06687,692,On-Time,0,0.41,Medium Risk
CRED-06688,CUST-06688,674,On-Time,0,0.3,Medium Risk
CRED-06689,CUST-06689,743,On-Time,0,0.22,Medium Risk
CRED-06690,CUST-06690,709,On-Time,0,0.24,Medium Risk
CRED-06691,CUST-06691,718,On-Time,1,0.24,Medium Risk
CRED-06692,CUST-06692,678,On-Time,0,0.4,Medium Risk
CRED-06693,CUST-06693,673,Occasional Late,0,0.34,Medium Risk
CRED-06694,CUST-06694,704,Occasional Late,0,0.45,Medium Risk
CRED-06695,CUST-06695,684,Occasional Late,1,0.3,Medium Risk
CRED-06696,CUST-06696,622,Occasional Late,2,0.65,High Risk
CRED-06697,CUST-06697,786,On-Time,0,0.25,Low Risk
CRED-06698,CUST-06698,666,Frequently Late,4,0.56,High Risk
CRED-06699,CUST-06699,740,On-Time,1,0.42,Medium Risk
CRED-06700,CUST-06700,522,Frequently Late,9,0.87,Very High Risk
CRED-06701,CUST-06701,679,On-Time,1,0.46,Medium Risk
CRED-06702,CUST-06702,700,On-Time,0,0.27,Medium Risk
CRED-06703,CUST-06703,713,On-Time,1,0.46,Medium Risk
CRED-06704,CUST-06704,721,Occasional Late,0,0.33,Medium Risk
CRED-06705,CUST-06705,609,Occasional Late,3,0.62,High Risk
CRED-06706,CUST-06706,689,On-Time,0,0.28,Medium Risk
CRED-06707,CUST-06707,763,On-Time,0,0.11,Low Risk
CRED-06708,CUST-06708,634,Frequently Late,2,0.59,High Risk
CRED-06709,CUST-06709,753,On-Time,0,0.18,Low Risk
CRED-06710,CUST-06710,735,On-Time,0,0.5,Medium Risk
CRED-06711,CUST-06711,629,Frequently Late,2,0.5,High Risk
CRED-06712,CUST-06712,682,Occasional Late,0,0.41,Medium Risk
CRED-06713,CUST-06713,715,Occasional Late,1,0.34,Medium Risk
CRED-06714,CUST-06714,719,On-Time,0,0.25,Medium Risk
CRED-06715,CUST-06715,392,Default Risk,5,0.87,Very High Risk
CRED-06716,CUST-06716,659,Frequently Late,4,0.62,High Risk
CRED-06717,CUST-06717,762,On-Time,0,0.19,Low Risk
CRED-06718,CUST-06718,699,On-Time,0,0.22,Medium Risk
CRED-06719,CUST-06719,577,Default Risk,5,0.83,Very High Risk
CRED-06720,CUST-06720,644,Occasional Late,1,0.81,High Risk
CRED-06721,CUST-06721,619,Frequently Late,1,0.61,High Risk
CRED-06722,CUST-06722,699,Occasional Late,1,0.38,Medium Risk
CRED-06723,CUST-06723,673,Occasional Late,0,0.34,Medium Risk
CRED-06724,CUST-06724,716,On-Time,0,0.41,Medium Risk
CRED-06725,CUST-06725,756,On-Time,0,0.12,Low Risk
CRED-06726,CUST-06726,659,Occasional Late,4,0.64,High Risk
CRED-06727,CUST-06727,661,Occasional Late,4,0.81,High Risk
CRED-06728,CUST-06728,570,Frequently Late,11,0.97,Very High Risk
CRED-06729,CUST-06729,733,On-Time,1,0.25,Medium Risk
CRED-06730,CUST-06730,729,On-Time,0,0.2,Medium Risk
CRED-06731,CUST-06731,662,Frequently Late,1,0.74,High Risk
CRED-06732,CUST-06732,805,On-Time,0,0.24,Low Risk
CRED-06733,CUST-06733,697,On-Time,0,0.47,Medium Risk
CRED-06734,CUST-06734,788,On-Time,0,0.08,Low Risk
CRED-06735,CUST-06735,690,On-Time,0,0.42,Medium Risk
CRED-06736,CUST-06736,669,Occasional Late,2,0.74,High Risk
CRED-06737,CUST-06737,686,On-Time,1,0.31,Medium Risk
CRED-06738,CUST-06738,743,On-Time,0,0.32,Medium Risk
CRED-06739,CUST-06739,745,On-Time,1,0.27,Medium Risk
CRED-06740,CUST-06740,682,On-Time,0,0.31,Medium Risk
CRED-06741,CUST-06741,697,On-Time,0,0.22,Medium Risk
CRED-06742,CUST-06742,654,Frequently Late,3,0.69,High Risk
CRED-06743,CUST-06743,771,On-Time,1,0.24,Low Risk
CRED-06744,CUST-06744,665,Occasional Late,4,0.79,High Risk
CRED-06745,CUST-06745,740,Occasional Late,1,0.49,Medium Risk
CRED-06746,CUST-06746,568,Default Risk,10,0.93,Very High Risk
CRED-06747,CUST-06747,742,On-Time,0,0.3,Medium Risk
CRED-06748,CUST-06748,805,On-Time,0,0.18,Low Risk
CRED-06749,CUST-06749,677,On-Time,1,0.31,Medium Risk
CRED-06750,CUST-06750,792,On-Time,0,0.1,Low Risk
CRED-06751,CUST-06751,664,Frequently Late,3,0.67,High Risk
CRED-06752,CUST-06752,725,On-Time,1,0.22,Medium Risk
CRED-06753,CUST-06753,508,Default Risk,7,0.71,Very High Risk
CRED-06754,CUST-06754,738,Occasional Late,1,0.44,Medium Risk
CRED-06755,CUST-06755,722,On-Time,0,0.22,Medium Risk
CRED-06756,CUST-06756,687,On-Time,0,0.32,Medium Risk
CRED-06757,CUST-06757,716,On-Time,0,0.48,Medium Risk
CRED-06758,CUST-06758,755,On-Time,0,0.12,Low Risk
CRED-06759,CUST-06759,702,Occasional Late,2,0.28,Medium Risk
CRED-06760,CUST-06760,782,On-Time,0,0.18,Low Risk
CRED-06761,CUST-06761,787,On-Time,0,0.11,Low Risk
CRED-06762,CUST-06762,728,On-Time,0,0.47,Medium Risk
CRED-06763,CUST-06763,736,On-Time,2,0.3,Medium Risk
CRED-06764,CUST-06764,747,On-Time,1,0.37,Medium Risk
CRED-06765,CUST-06765,686,On-Time,2,0.2,Medium Risk
CRED-06766,CUST-06766,709,Occasional Late,0,0.3,Medium Risk
CRED-06767,CUST-06767,695,Occasional Late,0,0.21,Medium Risk
CRED-06768,CUST-06768,675,Occasional Late,2,0.28,Medium Risk
CRED-06769,CUST-06769,669,Occasional Late,3,0.83,High Risk
CRED-06770,CUST-06770,695,On-Time,1,0.24,Medium Risk
CRED-06771,CUST-06771,740,On-Time,0,0.36,Medium Risk
CRED-06772,CUST-06772,580,Occasional Late,3,0.73,High Risk
CRED-06773,CUST-06773,699,On-Time,0,0.36,Medium Risk
CRED-06774,CUST-06774,616,Frequently Late,1,0.77,High Risk
CRED-06775,CUST-06775,720,On-Time,0,0.49,Medium Risk
CRED-06776,CUST-06776,792,On-Time,0,0.25,Low Risk
CRED-06777,CUST-06777,765,On-Time,0,0.08,Low Risk
CRED-06778,CUST-06778,691,Occasional Late,0,0.43,Medium Risk
CRED-06779,CUST-06779,680,On-Time,0,0.47,Medium Risk
CRED-06780,CUST-06780,644,Occasional Late,1,0.47,High Risk
CRED-06781,CUST-06781,714,On-Time,0,0.5,Medium Risk
CRED-06782,CUST-06782,720,On-Time,0,0.37,Medium Risk
CRED-06783,CUST-06783,837,On-Time,0,0.19,Low Risk
CRED-06784,CUST-06784,772,On-Time,0,0.2,Low Risk
CRED-06785,CUST-06785,706,On-Time,0,0.46,Medium Risk
CRED-06786,CUST-06786,730,On-Time,0,0.34,Medium Risk
CRED-06787,CUST-06787,656,Occasional Late,1,0.78,High Risk
CRED-06788,CUST-06788,731,Occasional Late,2,0.22,Medium Risk
CRED-06789,CUST-06789,558,Frequently Late,5,0.94,Very High Risk
CRED-06790,CUST-06790,575,Default Risk,9,0.85,Very High Risk
CRED-06791,CUST-06791,633,Occasional Late,4,0.46,High Risk
CRED-06792,CUST-06792,712,Occasional Late,0,0.35,Medium Risk
CRED-06793,CUST-06793,776,On-Time,0,0.22,Low Risk
CRED-06794,CUST-06794,713,Occasional Late,0,0.32,Medium Risk
CRED-06795,CUST-06795,756,On-Time,0,0.17,Low Risk
CRED-06796,CUST-06796,704,On-Time,0,0.27,Medium Risk
CRED-06797,CUST-06797,658,Occasional Late,1,0.64,High Risk
CRED-06798,CUST-06798,564,Frequently Late,7,0.78,Very High Risk
CRED-06799,CUST-06799,716,Occasional Late,0,0.37,Medium Risk
CRED-06800,CUST-06800,615,Frequently Late,4,0.76,High Risk
CRED-06801,CUST-06801,759,On-Time,0,0.08,Low Risk
CRED-06802,CUST-06802,746,On-Time,0,0.24,Medium Risk
CRED-06803,CUST-06803,709,Occasional Late,0,0.25,Medium Risk
CRED-06804,CUST-06804,704,On-Time,1,0.39,Medium Risk
CRED-06805,CUST-06805,615,Frequently Late,3,0.53,High Risk
CRED-06806,CUST-06806,733,Occasional Late,0,0.48,Medium Risk
CRED-06807,CUST-06807,774,On-Time,0,0.14,Low Risk
CRED-06808,CUST-06808,798,On-Time,1,0.17,Low Risk
CRED-06809,CUST-06809,699,Occasional Late,0,0.31,Medium Risk
CRED-06810,CUST-06810,778,On-Time,0,0.24,Low Risk
CRED-06811,CUST-06811,703,On-Time,0,0.23,Medium Risk
CRED-06812,CUST-06812,653,Frequently Late,1,0.53,High Risk
CRED-06813,CUST-06813,742,On-Time,0,0.25,Medium Risk
CRED-06814,CUST-06814,708,On-Time,0,0.22,Medium Risk
CRED-06815,CUST-06815,691,On-Time,0,0.35,Medium Risk
CRED-06816,CUST-06816,752,On-Time,0,0.11,Low Risk
CRED-06817,CUST-06817,733,On-Time,1,0.39,Medium Risk
CRED-06818,CUST-06818,690,On-Time,0,0.31,Medium Risk
CRED-06819,CUST-06819,738,Occasional Late,0,0.43,Medium Risk
CRED-06820,CUST-06820,594,Occasional Late,3,0.7,High Risk
CRED-06821,CUST-06821,687,Occasional Late,0,0.28,Medium Risk
CRED-06822,CUST-06822,701,On-Time,0,0.29,Medium Risk
CRED-06823,CUST-06823,657,Occasional Late,4,0.49,High Risk
CRED-06824,CUST-06824,716,On-Time,0,0.41,Medium Risk
CRED-06825,CUST-06825,670,On-Time,1,0.24,Medium Risk
CRED-06826,CUST-06826,823,On-Time,0,0.13,Low Risk
CRED-06827,CUST-06827,743,On-Time,0,0.26,Medium Risk
CRED-06828,CUST-06828,608,Frequently Late,4,0.68,High Risk
CRED-06829,CUST-06829,801,On-Time,0,0.13,Low Risk
CRED-06830,CUST-06830,493,Frequently Late,11,0.71,Very High Risk
CRED-06831,CUST-06831,706,Occasional Late,0,0.49,Medium Risk
CRED-06832,CUST-06832,717,On-Time,1,0.3,Medium Risk
CRED-06833,CUST-06833,718,On-Time,0,0.41,Medium Risk
CRED-06834,CUST-06834,784,On-Time,0,0.08,Low Risk
CRED-06835,CUST-06835,670,Occasional Late,1,0.47,Medium Risk
CRED-06836,CUST-06836,680,Occasional Late,1,0.45,Medium Risk
CRED-06837,CUST-06837,692,On-Time,0,0.31,Medium Risk
CRED-06838,CUST-06838,670,On-Time,1,0.46,Medium Risk
CRED-06839,CUST-06839,545,Frequently Late,5,0.7,Very High Risk
CRED-06840,CUST-06840,565,Default Risk,9,0.71,Very High Risk
CRED-06841,CUST-06841,755,On-Time,0,0.08,Low Risk
CRED-06842,CUST-06842,840,On-Time,0,0.09,Low Risk
CRED-06843,CUST-06843,684,Occasional Late,0,0.43,Medium Risk
CRED-06844,CUST-06844,595,Occasional Late,4,0.56,High Risk
CRED-06845,CUST-06845,586,Occasional Late,3,0.65,High Risk
CRED-06846,CUST-06846,784,On-Time,0,0.14,Low Risk
CRED-06847,CUST-06847,690,On-Time,0,0.45,Medium Risk
CRED-06848,CUST-06848,700,On-Time,1,0.29,Medium Risk
CRED-06849,CUST-06849,709,On-Time,0,0.38,Medium Risk
CRED-06850,CUST-06850,635,Occasional Late,4,0.7,High Risk
CRED-06851,CUST-06851,680,On-Time,2,0.37,Medium Risk
CRED-06852,CUST-06852,710,On-Time,0,0.38,Medium Risk
CRED-06853,CUST-06853,804,On-Time,0,0.1,Low Risk
CRED-06854,CUST-06854,760,On-Time,0,0.25,Low Risk
CRED-06855,CUST-06855,751,On-Time,0,0.06,Low Risk
CRED-06856,CUST-06856,697,On-Time,0,0.23,Medium Risk
CRED-06857,CUST-06857,533,Frequently Late,9,0.89,Very High Risk
CRED-06858,CUST-06858,779,On-Time,0,0.21,Low Risk
CRED-06859,CUST-06859,737,On-Time,1,0.42,Medium Risk
CRED-06860,CUST-06860,659,Occasional Late,1,0.67,High Risk
CRED-06861,CUST-06861,747,On-Time,0,0.46,Medium Risk
CRED-06862,CUST-06862,686,On-Time,0,0.31,Medium Risk
CRED-06863,CUST-06863,683,On-Time,0,0.38,Medium Risk
CRED-06864,CUST-06864,666,Occasional Late,2,0.64,High Risk
CRED-06865,CUST-06865,722,Occasional Late,1,0.49,Medium Risk
CRED-06866,CUST-06866,673,On-Time,1,0.42,Medium Risk
CRED-06867,CUST-06867,716,On-Time,0,0.25,Medium Risk
CRED-06868,CUST-06868,686,On-Time,0,0.37,Medium Risk
CRED-06869,CUST-06869,662,Frequently Late,2,0.49,High Risk
CRED-06870,CUST-06870,634,Frequently Late,3,0.69,High Risk
CRED-06871,CUST-06871,695,On-Time,0,0.33,Medium Risk
CRED-06872,CUST-06872,758,On-Time,0,0.08,Low Risk
CRED-06873,CUST-06873,764,On-Time,0,0.08,Low Risk
CRED-06874,CUST-06874,717,Occasional Late,0,0.32,Medium Risk
CRED-06875,CUST-06875,682,On-Time,1,0.43,Medium Risk
CRED-06876,CUST-06876,684,On-Time,0,0.34,Medium Risk
CRED-06877,CUST-06877,727,On-Time,1,0.34,Medium Risk
CRED-06878,CUST-06878,751,On-Time,0,0.07,Low Risk
CRED-06879,CUST-06879,523,Default Risk,8,0.82,Very High Risk
CRED-06880,CUST-06880,637,Frequently Late,2,0.64,High Risk
CRED-06881,CUST-06881,775,On-Time,0,0.12,Low Risk
CRED-06882,CUST-06882,662,Frequently Late,1,0.57,High Risk
CRED-06883,CUST-06883,776,On-Time,0,0.17,Low Risk
CRED-06884,CUST-06884,761,On-Time,0,0.1,Low Risk
CRED-06885,CUST-06885,729,On-Time,0,0.33,Medium Risk
CRED-06886,CUST-06886,636,Occasional Late,1,0.69,High Risk
CRED-06887,CUST-06887,753,On-Time,0,0.09,Low Risk
CRED-06888,CUST-06888,706,On-Time,2,0.25,Medium Risk
CRED-06889,CUST-06889,696,On-Time,0,0.39,Medium Risk
CRED-06890,CUST-06890,660,Occasional Late,4,0.46,High Risk
CRED-06891,CUST-06891,621,Frequently Late,1,0.8,High Risk
CRED-06892,CUST-06892,788,On-Time,0,0.05,Low Risk
CRED-06893,CUST-06893,624,Frequently Late,4,0.55,High Risk
CRED-06894,CUST-06894,604,Occasional Late,4,0.66,High Risk
CRED-06895,CUST-06895,731,On-Time,0,0.21,Medium Risk
CRED-06896,CUST-06896,613,Frequently Late,2,0.51,High Risk
CRED-06897,CUST-06897,618,Occasional Late,1,0.71,High Risk
CRED-06898,CUST-06898,731,On-Time,0,0.4,Medium Risk
CRED-06899,CUST-06899,660,Frequently Late,1,0.78,High Risk
CRED-06900,CUST-06900,744,On-Time,1,0.29,Medium Risk
CRED-06901,CUST-06901,704,Occasional Late,0,0.41,Medium Risk
CRED-06902,CUST-06902,743,On-Time,0,0.33,Medium Risk
CRED-06903,CUST-06903,761,On-Time,0,0.23,Low Risk
CRED-06904,CUST-06904,746,On-Time,0,0.42,Medium Risk
CRED-06905,CUST-06905,748,On-Time,1,0.32,Medium Risk
CRED-06906,CUST-06906,626,Occasional Late,2,0.85,High Risk
CRED-06907,CUST-06907,737,Occasional Late,0,0.5,Medium Risk
CRED-06908,CUST-06908,769,On-Time,0,0.16,Low Risk
CRED-06909,CUST-06909,741,Occasional Late,1,0.44,Medium Risk
CRED-06910,CUST-06910,763,On-Time,0,0.24,Low Risk
CRED-06911,CUST-06911,743,Occasional Late,0,0.25,Medium Risk
CRED-06912,CUST-06912,729,On-Time,0,0.35,Medium Risk
CRED-06913,CUST-06913,749,On-Time,1,0.21,Medium Risk
CRED-06914,CUST-06914,748,Occasional Late,2,0.45,Medium Risk
CRED-06915,CUST-06915,767,On-Time,0,0.25,Low Risk
CRED-06916,CUST-06916,662,Frequently Late,3,0.75,High Risk
CRED-06917,CUST-06917,631,Frequently Late,1,0.8,High Risk
CRED-06918,CUST-06918,650,Occasional Late,3,0.76,High Risk
CRED-06919,CUST-06919,477,Default Risk,8,0.72,Very High Risk
CRED-06920,CUST-06920,756,On-Time,0,0.24,Low Risk
CRED-06921,CUST-06921,716,On-Time,0,0.28,Medium Risk
CRED-06922,CUST-06922,679,On-Time,0,0.43,Medium Risk
CRED-06923,CUST-06923,727,Occasional Late,2,0.37,Medium Risk
CRED-06924,CUST-06924,609,Occasional Late,3,0.59,High Risk
CRED-06925,CUST-06925,666,Occasional Late,4,0.47,High Risk
CRED-06926,CUST-06926,799,On-Time,0,0.2,Low Risk
CRED-06927,CUST-06927,699,On-Time,0,0.25,Medium Risk
CRED-06928,CUST-06928,714,On-Time,0,0.24,Medium Risk
CRED-06929,CUST-06929,683,On-Time,1,0.44,Medium Risk
CRED-06930,CUST-06930,603,Occasional Late,4,0.5,High Risk
CRED-06931,CUST-06931,714,On-Time,0,0.31,Medium Risk
CRED-06932,CUST-06932,746,On-Time,1,0.41,Medium Risk
CRED-06933,CUST-06933,758,On-Time,0,0.07,Low Risk
CRED-06934,CUST-06934,589,Frequently Late,3,0.82,High Risk
CRED-06935,CUST-06935,727,On-Time,0,0.32,Medium Risk
CRED-06936,CUST-06936,737,Occasional Late,1,0.34,Medium Risk
CRED-06937,CUST-06937,701,Occasional Late,0,0.46,Medium Risk
CRED-06938,CUST-06938,609,Occasional Late,1,0.54,High Risk
CRED-06939,CUST-06939,724,On-Time,0,0.35,Medium Risk
CRED-06940,CUST-06940,676,On-Time,2,0.28,Medium Risk
CRED-06941,CUST-06941,745,On-Time,0,0.22,Medium Risk
CRED-06942,CUST-06942,742,On-Time,0,0.43,Medium Risk
CRED-06943,CUST-06943,710,On-Time,0,0.34,Medium Risk
CRED-06944,CUST-06944,689,On-Time,0,0.37,Medium Risk
CRED-06945,CUST-06945,606,Frequently Late,4,0.83,High Risk
CRED-06946,CUST-06946,782,On-Time,0,0.11,Low Risk
CRED-06947,CUST-06947,674,On-Time,0,0.26,Medium Risk
CRED-06948,CUST-06948,682,On-Time,0,0.38,Medium Risk
CRED-06949,CUST-06949,659,Occasional Late,2,0.81,High Risk
CRED-06950,CUST-06950,742,On-Time,0,0.44,Medium Risk
CRED-06951,CUST-06951,715,On-Time,0,0.28,Medium Risk
CRED-06952,CUST-06952,686,Occasional Late,0,0.33,Medium Risk
CRED-06953,CUST-06953,700,On-Time,2,0.38,Medium Risk
CRED-06954,CUST-06954,712,Occasional Late,0,0.43,Medium Risk
CRED-06955,CUST-06955,732,On-Time,1,0.39,Medium Risk
CRED-06956,CUST-06956,728,On-Time,1,0.48,Medium Risk
CRED-06957,CUST-06957,632,Frequently Late,3,0.73,High Risk
CRED-06958,CUST-06958,634,Occasional Late,3,0.52,High Risk
CRED-06959,CUST-06959,757,On-Time,0,0.2,Low Risk
CRED-06960,CUST-06960,698,On-Time,0,0.38,Medium Risk
CRED-06961,CUST-06961,656,Frequently Late,4,0.69,High Risk
CRED-06962,CUST-06962,780,On-Time,0,0.17,Low Risk
CRED-06963,CUST-06963,764,On-Time,0,0.08,Low Risk
CRED-06964,CUST-06964,654,Occasional Late,1,0.79,High Risk
CRED-06965,CUST-06965,698,On-Time,2,0.31,Medium Risk
CRED-06966,CUST-06966,668,Frequently Late,3,0.63,High Risk
CRED-06967,CUST-06967,708,Occasional Late,0,0.48,Medium Risk
CRED-06968,CUST-06968,737,On-Time,0,0.32,Medium Risk
CRED-06969,CUST-06969,737,Occasional Late,2,0.46,Medium Risk
CRED-06970,CUST-06970,548,Default Risk,6,0.77,Very High Risk
CRED-06971,CUST-06971,723,Occasional Late,1,0.31,Medium Risk
CRED-06972,CUST-06972,780,On-Time,0,0.1,Low Risk
CRED-06973,CUST-06973,675,Occasional Late,0,0.34,Medium Risk
CRED-06974,CUST-06974,760,On-Time,0,0.15,Low Risk
CRED-06975,CUST-06975,713,Occasional Late,0,0.23,Medium Risk
CRED-06976,CUST-06976,698,On-Time,0,0.49,Medium Risk
CRED-06977,CUST-06977,670,Occasional Late,0,0.26,Medium Risk
CRED-06978,CUST-06978,750,On-Time,0,0.14,Low Risk
CRED-06979,CUST-06979,714,On-Time,0,0.45,Medium Risk
CRED-06980,CUST-06980,694,On-Time,0,0.4,Medium Risk
CRED-06981,CUST-06981,781,On-Time,0,0.11,Low Risk
CRED-06982,CUST-06982,713,On-Time,0,0.37,Medium Risk
CRED-06983,CUST-06983,629,Occasional Late,3,0.78,High Risk
CRED-06984,CUST-06984,700,Occasional Late,1,0.34,Medium Risk
CRED-06985,CUST-06985,686,On-Time,0,0.24,Medium Risk
CRED-06986,CUST-06986,715,On-Time,0,0.39,Medium Risk
CRED-06987,CUST-06987,671,On-Time,0,0.22,Medium Risk
CRED-06988,CUST-06988,660,Occasional Late,3,0.47,High Risk
CRED-06989,CUST-06989,697,On-Time,0,0.3,Medium Risk
CRED-06990,CUST-06990,680,Occasional Late,0,0.39,Medium Risk
CRED-06991,CUST-06991,495,Frequently Late,7,0.85,Very High Risk
CRED-06992,CUST-06992,703,On-Time,0,0.43,Medium Risk
CRED-06993,CUST-06993,434,Frequently Late,5,0.88,Very High Risk
CRED-06994,CUST-06994,621,Occasional Late,4,0.51,High Risk
CRED-06995,CUST-06995,671,On-Time,1,0.42,Medium Risk
CRED-06996,CUST-06996,719,On-Time,0,0.39,Medium Risk
CRED-06997,CUST-06997,774,On-Time,0,0.08,Low Risk
CRED-06998,CUST-06998,638,Frequently Late,3,0.83,High Risk
CRED-06999,CUST-06999,689,Occasional Late,0,0.49,Medium Risk
CRED-07000,CUST-07000,683,Occasional Late,1,0.33,Medium Risk
CRED-07001,CUST-07001,652,Occasional Late,2,0.64,High Risk
CRED-07002,CUST-07002,790,On-Time,1,0.25,Low Risk
CRED-07003,CUST-07003,723,Occasional Late,2,0.37,Medium Risk
CRED-07004,CUST-07004,743,On-Time,1,0.4,Medium Risk
CRED-07005,CUST-07005,563,Default Risk,8,0.78,Very High Risk
CRED-07006,CUST-07006,695,Occasional Late,0,0.48,Medium Risk
CRED-07007,CUST-07007,724,Occasional Late,0,0.22,Medium Risk
CRED-07008,CUST-07008,578,Frequently Late,10,0.95,Very High Risk
CRED-07009,CUST-07009,700,Occasional Late,1,0.29,Medium Risk
CRED-07010,CUST-07010,639,Frequently Late,1,0.78,High Risk
CRED-07011,CUST-07011,681,On-Time,0,0.4,Medium Risk
CRED-07012,CUST-07012,721,On-Time,0,0.39,Medium Risk
CRED-07013,CUST-07013,520,Default Risk,8,0.95,Very High Risk
CRED-07014,CUST-07014,765,On-Time,0,0.19,Low Risk
CRED-07015,CUST-07015,733,On-Time,0,0.24,Medium Risk
CRED-07016,CUST-07016,628,Occasional Late,3,0.66,High Risk
CRED-07017,CUST-07017,551,Frequently Late,9,0.76,Very High Risk
CRED-07018,CUST-07018,736,On-Time,0,0.24,Medium Risk
CRED-07019,CUST-07019,690,On-Time,0,0.22,Medium Risk
CRED-07020,CUST-07020,731,Occasional Late,0,0.37,Medium Risk
CRED-07021,CUST-07021,744,On-Time,1,0.44,Medium Risk
CRED-07022,CUST-07022,699,Occasional Late,2,0.34,Medium Risk
CRED-07023,CUST-07023,724,On-Time,1,0.39,Medium Risk
CRED-07024,CUST-07024,590,Frequently Late,2,0.49,High Risk
CRED-07025,CUST-07025,594,Occasional Late,3,0.46,High Risk
CRED-07026,CUST-07026,663,Frequently Late,4,0.58,High Risk
CRED-07027,CUST-07027,730,Occasional Late,1,0.43,Medium Risk
CRED-07028,CUST-07028,707,On-Time,2,0.48,Medium Risk
CRED-07029,CUST-07029,738,On-Time,0,0.39,Medium Risk
CRED-07030,CUST-07030,813,On-Time,0,0.19,Low Risk
CRED-07031,CUST-07031,708,On-Time,0,0.28,Medium Risk
CRED-07032,CUST-07032,659,Frequently Late,4,0.79,High Risk
CRED-07033,CUST-07033,664,Frequently Late,2,0.53,High Risk
CRED-07034,CUST-07034,746,Occasional Late,0,0.23,Medium Risk
CRED-07035,CUST-07035,724,On-Time,0,0.45,Medium Risk
CRED-07036,CUST-07036,717,On-Time,0,0.44,Medium Risk
CRED-07037,CUST-07037,710,Occasional Late,0,0.32,Medium Risk
CRED-07038,CUST-07038,649,Occasional Late,2,0.47,High Risk
CRED-07039,CUST-07039,738,Occasional Late,1,0.27,Medium Risk
CRED-07040,CUST-07040,710,On-Time,0,0.31,Medium Risk
CRED-07041,CUST-07041,788,On-Time,0,0.24,Low Risk
CRED-07042,CUST-07042,590,Frequently Late,1,0.55,High Risk
CRED-07043,CUST-07043,784,On-Time,0,0.16,Low Risk
CRED-07044,CUST-07044,665,Occasional Late,4,0.7,High Risk
CRED-07045,CUST-07045,633,Frequently Late,2,0.71,High Risk
CRED-07046,CUST-07046,521,Frequently Late,5,0.9,Very High Risk
CRED-07047,CUST-07047,743,On-Time,2,0.3,Medium Risk
CRED-07048,CUST-07048,781,On-Time,0,0.15,Low Risk
CRED-07049,CUST-07049,696,On-Time,0,0.38,Medium Risk
CRED-07050,CUST-07050,722,On-Time,0,0.2,Medium Risk
CRED-07051,CUST-07051,732,On-Time,0,0.36,Medium Risk
CRED-07052,CUST-07052,572,Default Risk,11,0.74,Very High Risk
CRED-07053,CUST-07053,665,Frequently Late,2,0.54,High Risk
CRED-07054,CUST-07054,689,Occasional Late,0,0.22,Medium Risk
CRED-07055,CUST-07055,664,Occasional Late,2,0.66,High Risk
CRED-07056,CUST-07056,715,On-Time,0,0.31,Medium Risk
CRED-07057,CUST-07057,798,On-Time,0,0.21,Low Risk
CRED-07058,CUST-07058,646,Occasional Late,2,0.49,High Risk
CRED-07059,CUST-07059,687,On-Time,0,0.46,Medium Risk
CRED-07060,CUST-07060,719,On-Time,0,0.22,Medium Risk
CRED-07061,CUST-07061,654,Occasional Late,3,0.61,High Risk
CRED-07062,CUST-07062,485,Default Risk,9,0.77,Very High Risk
CRED-07063,CUST-07063,729,Occasional Late,0,0.29,Medium Risk
CRED-07064,CUST-07064,656,Occasional Late,2,0.73,High Risk
CRED-07065,CUST-07065,728,On-Time,1,0.34,Medium Risk
CRED-07066,CUST-07066,752,On-Time,0,0.08,Low Risk
CRED-07067,CUST-07067,688,Occasional Late,1,0.46,Medium Risk
CRED-07068,CUST-07068,742,On-Time,0,0.46,Medium Risk
CRED-07069,CUST-07069,803,On-Time,0,0.05,Low Risk
CRED-07070,CUST-07070,633,Occasional Late,2,0.84,High Risk
CRED-07071,CUST-07071,729,Occasional Late,0,0.32,Medium Risk
CRED-07072,CUST-07072,637,Frequently Late,3,0.74,High Risk
CRED-07073,CUST-07073,722,Occasional Late,0,0.48,Medium Risk
CRED-07074,CUST-07074,663,Occasional Late,2,0.82,High Risk
CRED-07075,CUST-07075,678,On-Time,0,0.28,Medium Risk
CRED-07076,CUST-07076,606,Frequently Late,3,0.68,High Risk
CRED-07077,CUST-07077,697,On-Time,1,0.49,Medium Risk
CRED-07078,CUST-07078,733,On-Time,0,0.21,Medium Risk
CRED-07079,CUST-07079,676,On-Time,0,0.4,Medium Risk
CRED-07080,CUST-07080,705,On-Time,0,0.4,Medium Risk
CRED-07081,CUST-07081,691,On-Time,0,0.34,Medium Risk
CRED-07082,CUST-07082,581,Frequently Late,3,0.47,High Risk
CRED-07083,CUST-07083,724,Occasional Late,0,0.49,Medium Risk
CRED-07084,CUST-07084,760,On-Time,0,0.14,Low Risk
CRED-07085,CUST-07085,780,On-Time,0,0.15,Low Risk
CRED-07086,CUST-07086,748,Occasional Late,1,0.31,Medium Risk
CRED-07087,CUST-07087,757,On-Time,0,0.21,Low Risk
CRED-07088,CUST-07088,720,On-Time,0,0.24,Medium Risk
CRED-07089,CUST-07089,720,On-Time,0,0.44,Medium Risk
CRED-07090,CUST-07090,747,On-Time,0,0.5,Medium Risk
CRED-07091,CUST-07091,746,On-Time,0,0.47,Medium Risk
CRED-07092,CUST-07092,674,Occasional Late,1,0.23,Medium Risk
CRED-07093,CUST-07093,678,On-Time,1,0.29,Medium Risk
CRED-07094,CUST-07094,788,On-Time,0,0.22,Low Risk
CRED-07095,CUST-07095,654,Occasional Late,1,0.61,High Risk
CRED-07096,CUST-07096,670,On-Time,0,0.4,Medium Risk
CRED-07097,CUST-07097,767,On-Time,0,0.22,Low Risk
CRED-07098,CUST-07098,802,On-Time,0,0.18,Low Risk
CRED-07099,CUST-07099,700,Occasional Late,0,0.2,Medium Risk
CRED-07100,CUST-07100,695,On-Time,0,0.42,Medium Risk
CRED-07101,CUST-07101,752,On-Time,0,0.2,Low Risk
CRED-07102,CUST-07102,739,On-Time,0,0.33,Medium Risk
CRED-07103,CUST-07103,559,Default Risk,10,0.87,Very High Risk
CRED-07104,CUST-07104,691,Occasional Late,1,0.31,Medium Risk
CRED-07105,CUST-07105,724,On-Time,1,0.26,Medium Risk
CRED-07106,CUST-07106,664,Occasional Late,2,0.6,High Risk
CRED-07107,CUST-07107,598,Occasional Late,3,0.67,High Risk
CRED-07108,CUST-07108,710,On-Time,0,0.48,Medium Risk
CRED-07109,CUST-07109,631,Occasional Late,4,0.45,High Risk
CRED-07110,CUST-07110,734,On-Time,1,0.28,Medium Risk
CRED-07111,CUST-07111,674,Occasional Late,1,0.23,Medium Risk
CRED-07112,CUST-07112,594,Occasional Late,1,0.47,High Risk
CRED-07113,CUST-07113,737,Occasional Late,0,0.46,Medium Risk
CRED-07114,CUST-07114,683,On-Time,0,0.46,Medium Risk
CRED-07115,CUST-07115,793,On-Time,0,0.15,Low Risk
CRED-07116,CUST-07116,769,On-Time,0,0.21,Low Risk
CRED-07117,CUST-07117,786,On-Time,0,0.23,Low Risk
CRED-07118,CUST-07118,726,Occasional Late,0,0.29,Medium Risk
CRED-07119,CUST-07119,664,Occasional Late,3,0.61,High Risk
CRED-07120,CUST-07120,666,Occasional Late,2,0.67,High Risk
CRED-07121,CUST-07121,763,On-Time,0,0.19,Low Risk
CRED-07122,CUST-07122,743,Occasional Late,2,0.39,Medium Risk
CRED-07123,CUST-07123,742,On-Time,0,0.24,Medium Risk
CRED-07124,CUST-07124,730,On-Time,0,0.38,Medium Risk
CRED-07125,CUST-07125,767,On-Time,0,0.18,Low Risk
CRED-07126,CUST-07126,637,Frequently Late,2,0.53,High Risk
CRED-07127,CUST-07127,695,On-Time,0,0.37,Medium Risk
CRED-07128,CUST-07128,767,On-Time,0,0.19,Low Risk
CRED-07129,CUST-07129,702,On-Time,0,0.21,Medium Risk
CRED-07130,CUST-07130,724,On-Time,0,0.33,Medium Risk
CRED-07131,CUST-07131,702,On-Time,2,0.23,Medium Risk
CRED-07132,CUST-07132,714,On-Time,2,0.38,Medium Risk
CRED-07133,CUST-07133,745,On-Time,2,0.28,Medium Risk
CRED-07134,CUST-07134,781,On-Time,0,0.17,Low Risk
CRED-07135,CUST-07135,666,Occasional Late,1,0.73,High Risk
CRED-07136,CUST-07136,706,Occasional Late,0,0.32,Medium Risk
CRED-07137,CUST-07137,589,Occasional Late,3,0.53,High Risk
CRED-07138,CUST-07138,756,On-Time,0,0.07,Low Risk
CRED-07139,CUST-07139,675,On-Time,2,0.41,Medium Risk
CRED-07140,CUST-07140,724,On-Time,1,0.32,Medium Risk
CRED-07141,CUST-07141,713,On-Time,0,0.35,Medium Risk
CRED-07142,CUST-07142,620,Frequently Late,1,0.85,High Risk
CRED-07143,CUST-07143,687,On-Time,0,0.32,Medium Risk
CRED-07144,CUST-07144,457,Frequently Late,10,0.81,Very High Risk
CRED-07145,CUST-07145,711,On-Time,1,0.33,Medium Risk
CRED-07146,CUST-07146,670,On-Time,0,0.23,Medium Risk
CRED-07147,CUST-07147,715,On-Time,2,0.22,Medium Risk
CRED-07148,CUST-07148,691,On-Time,2,0.23,Medium Risk
CRED-07149,CUST-07149,732,On-Time,2,0.23,Medium Risk
CRED-07150,CUST-07150,710,On-Time,0,0.46,Medium Risk
CRED-07151,CUST-07151,751,On-Time,0,0.12,Low Risk
CRED-07152,CUST-07152,732,On-Time,0,0.32,Medium Risk
CRED-07153,CUST-07153,603,Occasional Late,1,0.73,High Risk
CRED-07154,CUST-07154,722,On-Time,2,0.39,Medium Risk
CRED-07155,CUST-07155,765,On-Time,0,0.18,Low Risk
CRED-07156,CUST-07156,753,On-Time,0,0.06,Low Risk
CRED-07157,CUST-07157,727,On-Time,0,0.41,Medium Risk
CRED-07158,CUST-07158,742,On-Time,1,0.46,Medium Risk
CRED-07159,CUST-07159,754,On-Time,0,0.11,Low Risk
CRED-07160,CUST-07160,693,Occasional Late,0,0.28,Medium Risk
CRED-07161,CUST-07161,719,On-Time,2,0.42,Medium Risk
CRED-07162,CUST-07162,769,On-Time,0,0.16,Low Risk
CRED-07163,CUST-07163,750,On-Time,0,0.07,Low Risk
CRED-07164,CUST-07164,791,On-Time,0,0.24,Low Risk
CRED-07165,CUST-07165,690,Occasional Late,0,0.35,Medium Risk
CRED-07166,CUST-07166,682,On-Time,0,0.49,Medium Risk
CRED-07167,CUST-07167,649,Frequently Late,1,0.57,High Risk
CRED-07168,CUST-07168,783,On-Time,0,0.12,Low Risk
CRED-07169,CUST-07169,692,Occasional Late,0,0.33,Medium Risk
CRED-07170,CUST-07170,784,On-Time,1,0.16,Low Risk
CRED-07171,CUST-07171,741,On-Time,0,0.41,Medium Risk
CRED-07172,CUST-07172,683,On-Time,0,0.22,Medium Risk
CRED-07173,CUST-07173,726,On-Time,1,0.36,Medium Risk
CRED-07174,CUST-07174,479,Frequently Late,8,0.87,Very High Risk
CRED-07175,CUST-07175,594,Frequently Late,4,0.55,High Risk
CRED-07176,CUST-07176,766,On-Time,0,0.13,Low Risk
CRED-07177,CUST-07177,725,Occasional Late,0,0.39,Medium Risk
CRED-07178,CUST-07178,655,Occasional Late,4,0.69,High Risk
CRED-07179,CUST-07179,687,On-Time,1,0.34,Medium Risk
CRED-07180,CUST-07180,693,On-Time,0,0.22,Medium Risk
CRED-07181,CUST-07181,676,On-Time,0,0.3,Medium Risk
CRED-07182,CUST-07182,613,Frequently Late,3,0.65,High Risk
CRED-07183,CUST-07183,699,Occasional Late,0,0.36,Medium Risk
CRED-07184,CUST-07184,651,Occasional Late,4,0.65,High Risk
CRED-07185,CUST-07185,802,On-Time,0,0.14,Low Risk
CRED-07186,CUST-07186,749,Occasional Late,0,0.36,Medium Risk
CRED-07187,CUST-07187,680,On-Time,0,0.39,Medium Risk
CRED-07188,CUST-07188,759,On-Time,0,0.11,Low Risk
CRED-07189,CUST-07189,688,On-Time,0,0.42,Medium Risk
CRED-07190,CUST-07190,750,On-Time,0,0.12,Low Risk
CRED-07191,CUST-07191,580,Frequently Late,2,0.7,High Risk
CRED-07192,CUST-07192,708,On-Time,0,0.28,Medium Risk
CRED-07193,CUST-07193,757,On-Time,0,0.17,Low Risk
CRED-07194,CUST-07194,686,On-Time,1,0.45,Medium Risk
CRED-07195,CUST-07195,698,On-Time,1,0.34,Medium Risk
CRED-07196,CUST-07196,753,On-Time,0,0.23,Low Risk
CRED-07197,CUST-07197,614,Occasional Late,4,0.8,High Risk
CRED-07198,CUST-07198,665,Frequently Late,4,0.75,High Risk
CRED-07199,CUST-07199,810,On-Time,0,0.15,Low Risk
CRED-07200,CUST-07200,793,On-Time,0,0.08,Low Risk
CRED-07201,CUST-07201,632,Frequently Late,3,0.65,High Risk
CRED-07202,CUST-07202,669,Occasional Late,1,0.48,High Risk
CRED-07203,CUST-07203,780,On-Time,0,0.11,Low Risk
CRED-07204,CUST-07204,725,On-Time,0,0.22,Medium Risk
CRED-07205,CUST-07205,702,On-Time,0,0.48,Medium Risk
CRED-07206,CUST-07206,571,Frequently Late,9,0.78,Very High Risk
CRED-07207,CUST-07207,693,On-Time,2,0.23,Medium Risk
CRED-07208,CUST-07208,726,On-Time,0,0.49,Medium Risk
CRED-07209,CUST-07209,695,Occasional Late,1,0.39,Medium Risk
CRED-07210,CUST-07210,676,Occasional Late,0,0.48,Medium Risk
CRED-07211,CUST-07211,720,Occasional Late,1,0.46,Medium Risk
CRED-07212,CUST-07212,721,Occasional Late,0,0.25,Medium Risk
CRED-07213,CUST-07213,640,Occasional Late,4,0.71,High Risk
CRED-07214,CUST-07214,679,On-Time,0,0.5,Medium Risk
CRED-07215,CUST-07215,811,On-Time,0,0.09,Low Risk
CRED-07216,CUST-07216,729,On-Time,0,0.43,Medium Risk
CRED-07217,CUST-07217,717,On-Time,0,0.31,Medium Risk
CRED-07218,CUST-07218,705,Occasional Late,0,0.23,Medium Risk
CRED-07219,CUST-07219,690,Occasional Late,0,0.48,Medium Risk
CRED-07220,CUST-07220,700,Occasional Late,1,0.24,Medium Risk
CRED-07221,CUST-07221,721,Occasional Late,0,0.31,Medium Risk
CRED-07222,CUST-07222,677,On-Time,0,0.25,Medium Risk
CRED-07223,CUST-07223,580,Occasional Late,2,0.8,High Risk
CRED-07224,CUST-07224,716,On-Time,1,0.46,Medium Risk
CRED-07225,CUST-07225,770,On-Time,0,0.17,Low Risk
CRED-07226,CUST-07226,751,On-Time,0,0.16,Low Risk
CRED-07227,CUST-07227,555,Default Risk,5,0.73,Very High Risk
CRED-07228,CUST-07228,678,On-Time,0,0.45,Medium Risk
CRED-07229,CUST-07229,741,Occasional Late,2,0.28,Medium Risk
CRED-07230,CUST-07230,736,On-Time,1,0.33,Medium Risk
CRED-07231,CUST-07231,685,On-Time,1,0.29,Medium Risk
CRED-07232,CUST-07232,652,Occasional Late,3,0.79,High Risk
CRED-07233,CUST-07233,770,On-Time,0,0.22,Low Risk
CRED-07234,CUST-07234,775,On-Time,0,0.11,Low Risk
CRED-07235,CUST-07235,771,On-Time,0,0.14,Low Risk
CRED-07236,CUST-07236,494,Default Risk,7,0.79,Very High Risk
CRED-07237,CUST-07237,722,On-Time,0,0.48,Medium Risk
CRED-07238,CUST-07238,700,Occasional Late,2,0.27,Medium Risk
CRED-07239,CUST-07239,709,On-Time,0,0.33,Medium Risk
CRED-07240,CUST-07240,708,On-Time,0,0.45,Medium Risk
CRED-07241,CUST-07241,689,Occasional Late,1,0.42,Medium Risk
CRED-07242,CUST-07242,756,On-Time,0,0.23,Low Risk
CRED-07243,CUST-07243,640,Occasional Late,2,0.71,High Risk
CRED-07244,CUST-07244,678,On-Time,0,0.26,Medium Risk
CRED-07245,CUST-07245,666,Frequently Late,3,0.49,High Risk
CRED-07246,CUST-07246,658,Occasional Late,4,0.59,High Risk
CRED-07247,CUST-07247,678,On-Time,2,0.37,Medium Risk
CRED-07248,CUST-07248,764,On-Time,0,0.18,Low Risk
CRED-07249,CUST-07249,668,Occasional Late,1,0.56,High Risk
CRED-07250,CUST-07250,689,Occasional Late,0,0.34,Medium Risk
CRED-07251,CUST-07251,631,Occasional Late,3,0.64,High Risk
CRED-07252,CUST-07252,685,On-Time,2,0.24,Medium Risk
CRED-07253,CUST-07253,551,Default Risk,5,0.93,Very High Risk
CRED-07254,CUST-07254,585,Occasional Late,1,0.63,High Risk
CRED-07255,CUST-07255,741,On-Time,0,0.38,Medium Risk
CRED-07256,CUST-07256,686,On-Time,1,0.33,Medium Risk
CRED-07257,CUST-07257,721,On-Time,0,0.26,Medium Risk
CRED-07258,CUST-07258,650,Frequently Late,2,0.46,High Risk
CRED-07259,CUST-07259,759,On-Time,1,0.13,Low Risk
CRED-07260,CUST-07260,578,Frequently Late,4,0.89,Very High Risk
CRED-07261,CUST-07261,549,Frequently Late,9,0.97,Very High Risk
CRED-07262,CUST-07262,759,On-Time,0,0.22,Low Risk
CRED-07263,CUST-07263,624,Occasional Late,4,0.8,High Risk
CRED-07264,CUST-07264,662,Frequently Late,3,0.49,High Risk
CRED-07265,CUST-07265,600,Frequently Late,3,0.47,High Risk
CRED-07266,CUST-07266,729,Occasional Late,0,0.21,Medium Risk
CRED-07267,CUST-07267,808,On-Time,0,0.14,Low Risk
CRED-07268,CUST-07268,721,Occasional Late,0,0.27,Medium Risk
CRED-07269,CUST-07269,614,Frequently Late,3,0.56,High Risk
CRED-07270,CUST-07270,551,Default Risk,9,0.86,Very High Risk
CRED-07271,CUST-07271,696,On-Time,0,0.22,Medium Risk
CRED-07272,CUST-07272,720,On-Time,2,0.34,Medium Risk
CRED-07273,CUST-07273,627,Frequently Late,2,0.52,High Risk
CRED-07274,CUST-07274,671,On-Time,1,0.49,Medium Risk
CRED-07275,CUST-07275,625,Frequently Late,1,0.66,High Risk
CRED-07276,CUST-07276,619,Occasional Late,2,0.46,High Risk
CRED-07277,CUST-07277,637,Occasional Late,3,0.8,High Risk
CRED-07278,CUST-07278,508,Frequently Late,9,0.94,Very High Risk
CRED-07279,CUST-07279,642,Frequently Late,4,0.66,High Risk
CRED-07280,CUST-07280,678,On-Time,0,0.4,Medium Risk
CRED-07281,CUST-07281,735,On-Time,0,0.5,Medium Risk
CRED-07282,CUST-07282,776,On-Time,0,0.12,Low Risk
CRED-07283,CUST-07283,784,On-Time,0,0.16,Low Risk
CRED-07284,CUST-07284,665,Occasional Late,4,0.52,High Risk
CRED-07285,CUST-07285,539,Frequently Late,8,0.79,Very High Risk
CRED-07286,CUST-07286,686,On-Time,0,0.41,Medium Risk
CRED-07287,CUST-07287,768,On-Time,0,0.2,Low Risk
CRED-07288,CUST-07288,664,Frequently Late,3,0.49,High Risk
CRED-07289,CUST-07289,671,On-Time,0,0.24,Medium Risk
CRED-07290,CUST-07290,653,Occasional Late,3,0.66,High Risk
CRED-07291,CUST-07291,758,On-Time,0,0.06,Low Risk
CRED-07292,CUST-07292,672,On-Time,1,0.29,Medium Risk
CRED-07293,CUST-07293,679,On-Time,2,0.48,Medium Risk
CRED-07294,CUST-07294,661,Occasional Late,3,0.53,High Risk
CRED-07295,CUST-07295,736,On-Time,1,0.45,Medium Risk
CRED-07296,CUST-07296,684,On-Time,2,0.34,Medium Risk
CRED-07297,CUST-07297,688,On-Time,0,0.32,Medium Risk
CRED-07298,CUST-07298,712,Occasional Late,0,0.27,Medium Risk
CRED-07299,CUST-07299,686,Occasional Late,1,0.39,Medium Risk
CRED-07300,CUST-07300,754,On-Time,0,0.16,Low Risk
CRED-07301,CUST-07301,698,Occasional Late,0,0.5,Medium Risk
CRED-07302,CUST-07302,712,On-Time,0,0.24,Medium Risk
CRED-07303,CUST-07303,647,Frequently Late,3,0.61,High Risk
CRED-07304,CUST-07304,772,On-Time,0,0.21,Low Risk
CRED-07305,CUST-07305,674,On-Time,0,0.5,Medium Risk
CRED-07306,CUST-07306,727,On-Time,0,0.31,Medium Risk
CRED-07307,CUST-07307,742,Occasional Late,0,0.44,Medium Risk
CRED-07308,CUST-07308,620,Occasional Late,3,0.82,High Risk
CRED-07309,CUST-07309,784,On-Time,0,0.11,Low Risk
CRED-07310,CUST-07310,626,Occasional Late,3,0.81,High Risk
CRED-07311,CUST-07311,687,On-Time,0,0.25,Medium Risk
CRED-07312,CUST-07312,636,Frequently Late,3,0.65,High Risk
CRED-07313,CUST-07313,642,Frequently Late,4,0.67,High Risk
CRED-07314,CUST-07314,660,Frequently Late,2,0.57,High Risk
CRED-07315,CUST-07315,629,Occasional Late,3,0.81,High Risk
CRED-07316,CUST-07316,691,On-Time,1,0.46,Medium Risk
CRED-07317,CUST-07317,677,On-Time,0,0.34,Medium Risk
CRED-07318,CUST-07318,655,Occasional Late,4,0.61,High Risk
CRED-07319,CUST-07319,707,On-Time,0,0.32,Medium Risk
CRED-07320,CUST-07320,742,On-Time,0,0.24,Medium Risk
CRED-07321,CUST-07321,624,Frequently Late,2,0.83,High Risk
CRED-07322,CUST-07322,728,On-Time,0,0.41,Medium Risk
CRED-07323,CUST-07323,649,Frequently Late,2,0.52,High Risk
CRED-07324,CUST-07324,463,Frequently Late,11,0.83,Very High Risk
CRED-07325,CUST-07325,627,Occasional Late,2,0.54,High Risk
CRED-07326,CUST-07326,746,Occasional Late,1,0.4,Medium Risk
CRED-07327,CUST-07327,603,Frequently Late,2,0.57,High Risk
CRED-07328,CUST-07328,587,Occasional Late,2,0.53,High Risk
CRED-07329,CUST-07329,708,Occasional Late,0,0.42,Medium Risk
CRED-07330,CUST-07330,710,On-Time,1,0.34,Medium Risk
CRED-07331,CUST-07331,705,On-Time,0,0.24,Medium Risk
CRED-07332,CUST-07332,689,Occasional Late,0,0.48,Medium Risk
CRED-07333,CUST-07333,733,On-Time,0,0.31,Medium Risk
CRED-07334,CUST-07334,669,Occasional Late,2,0.74,High Risk
CRED-07335,CUST-07335,777,On-Time,0,0.09,Low Risk
CRED-07336,CUST-07336,687,On-Time,0,0.47,Medium Risk
CRED-07337,CUST-07337,762,On-Time,0,0.14,Low Risk
CRED-07338,CUST-07338,675,On-Time,0,0.28,Medium Risk
CRED-07339,CUST-07339,656,Occasional Late,3,0.69,High Risk
CRED-07340,CUST-07340,673,On-Time,0,0.44,Medium Risk
CRED-07341,CUST-07341,690,On-Time,0,0.32,Medium Risk
CRED-07342,CUST-07342,538,Default Risk,8,0.71,Very High Risk
CRED-07343,CUST-07343,753,On-Time,0,0.06,Low Risk
CRED-07344,CUST-07344,753,On-Time,0,0.23,Low Risk
CRED-07345,CUST-07345,547,Default Risk,5,0.96,Very High Risk
CRED-07346,CUST-07346,670,On-Time,0,0.47,Medium Risk
CRED-07347,CUST-07347,681,Occasional Late,1,0.38,Medium Risk
CRED-07348,CUST-07348,757,On-Time,0,0.07,Low Risk
CRED-07349,CUST-07349,650,Occasional Late,4,0.56,High Risk
CRED-07350,CUST-07350,719,Occasional Late,0,0.41,Medium Risk
CRED-07351,CUST-07351,667,Frequently Late,3,0.81,High Risk
CRED-07352,CUST-07352,709,On-Time,0,0.48,Medium Risk
CRED-07353,CUST-07353,698,On-Time,0,0.45,Medium Risk
CRED-07354,CUST-07354,656,Occasional Late,4,0.54,High Risk
CRED-07355,CUST-07355,730,On-Time,0,0.38,Medium Risk
CRED-07356,CUST-07356,666,Frequently Late,1,0.64,High Risk
CRED-07357,CUST-07357,706,On-Time,2,0.29,Medium Risk
CRED-07358,CUST-07358,747,Occasional Late,0,0.36,Medium Risk
CRED-07359,CUST-07359,730,Occasional Late,2,0.22,Medium Risk
CRED-07360,CUST-07360,672,Occasional Late,0,0.42,Medium Risk
CRED-07361,CUST-07361,568,Frequently Late,7,0.76,Very High Risk
CRED-07362,CUST-07362,545,Frequently Late,9,0.75,Very High Risk
CRED-07363,CUST-07363,658,Occasional Late,1,0.78,High Risk
CRED-07364,CUST-07364,768,On-Time,0,0.16,Low Risk
CRED-07365,CUST-07365,724,On-Time,0,0.22,Medium Risk
CRED-07366,CUST-07366,724,Occasional Late,2,0.29,Medium Risk
CRED-07367,CUST-07367,750,On-Time,0,0.06,Low Risk
CRED-07368,CUST-07368,695,On-Time,0,0.33,Medium Risk
CRED-07369,CUST-07369,743,On-Time,0,0.25,Medium Risk
CRED-07370,CUST-07370,455,Frequently Late,10,0.92,Very High Risk
CRED-07371,CUST-07371,622,Occasional Late,2,0.57,High Risk
CRED-07372,CUST-07372,705,Occasional Late,0,0.48,Medium Risk
CRED-07373,CUST-07373,716,Occasional Late,0,0.32,Medium Risk
CRED-07374,CUST-07374,738,On-Time,0,0.47,Medium Risk
CRED-07375,CUST-07375,657,Occasional Late,4,0.74,High Risk
CRED-07376,CUST-07376,657,Occasional Late,2,0.79,High Risk
CRED-07377,CUST-07377,738,On-Time,0,0.36,Medium Risk
CRED-07378,CUST-07378,532,Frequently Late,8,0.75,Very High Risk
CRED-07379,CUST-07379,726,On-Time,1,0.26,Medium Risk
CRED-07380,CUST-07380,720,On-Time,0,0.47,Medium Risk
CRED-07381,CUST-07381,700,On-Time,0,0.36,Medium Risk
CRED-07382,CUST-07382,683,Occasional Late,0,0.32,Medium Risk
CRED-07383,CUST-07383,819,On-Time,0,0.19,Low Risk
CRED-07384,CUST-07384,745,On-Time,0,0.24,Medium Risk
CRED-07385,CUST-07385,688,On-Time,0,0.36,Medium Risk
CRED-07386,CUST-07386,800,On-Time,0,0.23,Low Risk
CRED-07387,CUST-07387,675,Occasional Late,1,0.44,Medium Risk
CRED-07388,CUST-07388,666,Frequently Late,1,0.5,High Risk
CRED-07389,CUST-07389,646,Occasional Late,3,0.47,High Risk
CRED-07390,CUST-07390,753,On-Time,0,0.15,Low Risk
CRED-07391,CUST-07391,571,Frequently Late,11,0.7,Very High Risk
CRED-07392,CUST-07392,634,Occasional Late,3,0.72,High Risk
CRED-07393,CUST-07393,690,Occasional Late,0,0.26,Medium Risk
CRED-07394,CUST-07394,789,On-Time,0,0.09,Low Risk
CRED-07395,CUST-07395,744,On-Time,0,0.26,Medium Risk
CRED-07396,CUST-07396,753,On-Time,0,0.2,Low Risk
CRED-07397,CUST-07397,716,Occasional Late,0,0.39,Medium Risk
CRED-07398,CUST-07398,473,Frequently Late,10,0.88,Very High Risk
CRED-07399,CUST-07399,736,On-Time,1,0.33,Medium Risk
CRED-07400,CUST-07400,748,On-Time,0,0.29,Medium Risk
CRED-07401,CUST-07401,735,On-Time,2,0.36,Medium Risk
CRED-07402,CUST-07402,757,On-Time,0,0.13,Low Risk
CRED-07403,CUST-07403,580,Frequently Late,1,0.73,High Risk
CRED-07404,CUST-07404,781,On-Time,0,0.09,Low Risk
CRED-07405,CUST-07405,714,On-Time,2,0.4,Medium Risk
CRED-07406,CUST-07406,740,On-Time,0,0.45,Medium Risk
CRED-07407,CUST-07407,649,Frequently Late,3,0.8,High Risk
CRED-07408,CUST-07408,595,Frequently Late,2,0.82,High Risk
CRED-07409,CUST-07409,701,On-Time,1,0.39,Medium Risk
CRED-07410,CUST-07410,656,Occasional Late,1,0.73,High Risk
CRED-07411,CUST-07411,716,Occasional Late,0,0.42,Medium Risk
CRED-07412,CUST-07412,686,On-Time,0,0.36,Medium Risk
CRED-07413,CUST-07413,565,Frequently Late,10,0.86,Very High Risk
CRED-07414,CUST-07414,746,On-Time,0,0.42,Medium Risk
CRED-07415,CUST-07415,574,Frequently Late,4,0.88,Very High Risk
CRED-07416,CUST-07416,670,On-Time,1,0.22,Medium Risk
CRED-07417,CUST-07417,746,On-Time,2,0.23,Medium Risk
CRED-07418,CUST-07418,526,Default Risk,10,0.73,Very High Risk
CRED-07419,CUST-07419,698,On-Time,2,0.31,Medium Risk
CRED-07420,CUST-07420,797,On-Time,0,0.19,Low Risk
CRED-07421,CUST-07421,722,On-Time,0,0.34,Medium Risk
CRED-07422,CUST-07422,624,Occasional Late,3,0.69,High Risk
CRED-07423,CUST-07423,705,Occasional Late,0,0.37,Medium Risk
CRED-07424,CUST-07424,670,On-Time,0,0.5,Medium Risk
CRED-07425,CUST-07425,640,Frequently Late,3,0.49,High Risk
CRED-07426,CUST-07426,709,On-Time,0,0.48,Medium Risk
CRED-07427,CUST-07427,695,On-Time,2,0.47,Medium Risk
CRED-07428,CUST-07428,513,Default Risk,8,0.78,Very High Risk
CRED-07429,CUST-07429,788,On-Time,0,0.17,Low Risk
CRED-07430,CUST-07430,745,On-Time,0,0.38,Medium Risk
CRED-07431,CUST-07431,467,Default Risk,11,0.73,Very High Risk
CRED-07432,CUST-07432,543,Default Risk,9,0.99,Very High Risk
CRED-07433,CUST-07433,669,Frequently Late,4,0.79,High Risk
CRED-07434,CUST-07434,679,On-Time,0,0.46,Medium Risk
CRED-07435,CUST-07435,732,On-Time,0,0.37,Medium Risk
CRED-07436,CUST-07436,641,Frequently Late,1,0.59,High Risk
CRED-07437,CUST-07437,719,Occasional Late,0,0.23,Medium Risk
CRED-07438,CUST-07438,634,Frequently Late,2,0.46,High Risk
CRED-07439,CUST-07439,746,On-Time,0,0.26,Medium Risk
CRED-07440,CUST-07440,644,Occasional Late,2,0.62,High Risk
CRED-07441,CUST-07441,588,Frequently Late,3,0.54,High Risk
CRED-07442,CUST-07442,797,On-Time,0,0.15,Low Risk
CRED-07443,CUST-07443,731,On-Time,0,0.45,Medium Risk
CRED-07444,CUST-07444,629,Occasional Late,4,0.55,High Risk
CRED-07445,CUST-07445,780,On-Time,0,0.19,Low Risk
CRED-07446,CUST-07446,650,Occasional Late,4,0.55,High Risk
CRED-07447,CUST-07447,757,On-Time,0,0.2,Low Risk
CRED-07448,CUST-07448,482,Frequently Late,5,0.88,Very High Risk
CRED-07449,CUST-07449,594,Occasional Late,4,0.56,High Risk
CRED-07450,CUST-07450,721,On-Time,0,0.32,Medium Risk
CRED-07451,CUST-07451,698,Occasional Late,0,0.42,Medium Risk
CRED-07452,CUST-07452,668,Occasional Late,2,0.64,High Risk
CRED-07453,CUST-07453,541,Default Risk,11,0.78,Very High Risk
CRED-07454,CUST-07454,704,On-Time,0,0.34,Medium Risk
CRED-07455,CUST-07455,761,On-Time,0,0.06,Low Risk
CRED-07456,CUST-07456,788,On-Time,0,0.07,Low Risk
CRED-07457,CUST-07457,769,On-Time,0,0.17,Low Risk
CRED-07458,CUST-07458,496,Frequently Late,5,0.94,Very High Risk
CRED-07459,CUST-07459,649,Occasional Late,2,0.74,High Risk
CRED-07460,CUST-07460,752,On-Time,0,0.19,Low Risk
CRED-07461,CUST-07461,708,On-Time,1,0.24,Medium Risk
CRED-07462,CUST-07462,726,On-Time,0,0.45,Medium Risk
CRED-07463,CUST-07463,681,On-Time,0,0.38,Medium Risk
CRED-07464,CUST-07464,622,Frequently Late,3,0.78,High Risk
CRED-07465,CUST-07465,763,On-Time,0,0.05,Low Risk
CRED-07466,CUST-07466,676,On-Time,0,0.21,Medium Risk
CRED-07467,CUST-07467,612,Frequently Late,1,0.69,High Risk
CRED-07468,CUST-07468,517,Default Risk,5,0.96,Very High Risk
CRED-07469,CUST-07469,639,Frequently Late,2,0.61,High Risk
CRED-07470,CUST-07470,759,On-Time,0,0.12,Low Risk
CRED-07471,CUST-07471,721,On-Time,2,0.33,Medium Risk
CRED-07472,CUST-07472,624,Frequently Late,2,0.52,High Risk
CRED-07473,CUST-07473,701,On-Time,2,0.31,Medium Risk
CRED-07474,CUST-07474,542,Default Risk,10,0.88,Very High Risk
CRED-07475,CUST-07475,709,On-Time,0,0.43,Medium Risk
CRED-07476,CUST-07476,688,Occasional Late,0,0.26,Medium Risk
CRED-07477,CUST-07477,743,On-Time,0,0.21,Medium Risk
CRED-07478,CUST-07478,641,Frequently Late,3,0.64,High Risk
CRED-07479,CUST-07479,755,On-Time,0,0.15,Low Risk
CRED-07480,CUST-07480,790,On-Time,0,0.16,Low Risk
CRED-07481,CUST-07481,675,Occasional Late,0,0.42,Medium Risk
CRED-07482,CUST-07482,655,Occasional Late,3,0.82,High Risk
CRED-07483,CUST-07483,422,Frequently Late,7,0.74,Very High Risk
CRED-07484,CUST-07484,777,On-Time,0,0.08,Low Risk
CRED-07485,CUST-07485,767,On-Time,0,0.11,Low Risk
CRED-07486,CUST-07486,575,Default Risk,6,0.77,Very High Risk
CRED-07487,CUST-07487,728,Occasional Late,0,0.45,Medium Risk
CRED-07488,CUST-07488,671,On-Time,0,0.36,Medium Risk
CRED-07489,CUST-07489,663,Frequently Late,1,0.47,High Risk
CRED-07490,CUST-07490,690,On-Time,0,0.21,Medium Risk
CRED-07491,CUST-07491,787,On-Time,0,0.23,Low Risk
CRED-07492,CUST-07492,699,On-Time,0,0.24,Medium Risk
CRED-07493,CUST-07493,554,Frequently Late,8,0.95,Very High Risk
CRED-07494,CUST-07494,708,On-Time,0,0.4,Medium Risk
CRED-07495,CUST-07495,631,Frequently Late,4,0.79,High Risk
CRED-07496,CUST-07496,664,Occasional Late,3,0.57,High Risk
CRED-07497,CUST-07497,744,On-Time,1,0.22,Medium Risk
CRED-07498,CUST-07498,560,Frequently Late,9,0.86,Very High Risk
CRED-07499,CUST-07499,696,On-Time,1,0.39,Medium Risk
CRED-07500,CUST-07500,693,On-Time,1,0.37,Medium Risk
CRED-07501,CUST-07501,722,On-Time,0,0.27,Medium Risk
CRED-07502,CUST-07502,573,Frequently Late,6,0.83,Very High Risk
CRED-07503,CUST-07503,612,Occasional Late,4,0.56,High Risk
CRED-07504,CUST-07504,741,Occasional Late,1,0.25,Medium Risk
CRED-07505,CUST-07505,664,Occasional Late,4,0.72,High Risk
CRED-07506,CUST-07506,720,On-Time,0,0.42,Medium Risk
CRED-07507,CUST-07507,721,Occasional Late,0,0.23,Medium Risk
CRED-07508,CUST-07508,736,Occasional Late,0,0.4,Medium Risk
CRED-07509,CUST-07509,697,Occasional Late,0,0.23,Medium Risk
CRED-07510,CUST-07510,537,Frequently Late,4,0.95,Very High Risk
CRED-07511,CUST-07511,733,Occasional Late,0,0.32,Medium Risk
CRED-07512,CUST-07512,694,On-Time,0,0.46,Medium Risk
CRED-07513,CUST-07513,545,Default Risk,5,0.94,Very High Risk
CRED-07514,CUST-07514,713,Occasional Late,0,0.32,Medium Risk
CRED-07515,CUST-07515,628,Frequently Late,4,0.75,High Risk
CRED-07516,CUST-07516,746,On-Time,1,0.42,Medium Risk
CRED-07517,CUST-07517,759,On-Time,0,0.09,Low Risk
CRED-07518,CUST-07518,649,Frequently Late,4,0.7,High Risk
CRED-07519,CUST-07519,641,Frequently Late,4,0.58,High Risk
CRED-07520,CUST-07520,649,Frequently Late,2,0.84,High Risk
CRED-07521,CUST-07521,446,Default Risk,5,0.75,Very High Risk
CRED-07522,CUST-07522,705,Occasional Late,1,0.31,Medium Risk
CRED-07523,CUST-07523,732,On-Time,0,0.5,Medium Risk
CRED-07524,CUST-07524,782,On-Time,0,0.09,Low Risk
CRED-07525,CUST-07525,677,Occasional Late,0,0.41,Medium Risk
CRED-07526,CUST-07526,727,Occasional Late,1,0.25,Medium Risk
CRED-07527,CUST-07527,696,On-Time,0,0.48,Medium Risk
CRED-07528,CUST-07528,700,On-Time,0,0.39,Medium Risk
CRED-07529,CUST-07529,729,On-Time,2,0.22,Medium Risk
CRED-07530,CUST-07530,627,Occasional Late,2,0.66,High Risk
CRED-07531,CUST-07531,738,On-Time,0,0.28,Medium Risk
CRED-07532,CUST-07532,706,Occasional Late,0,0.25,Medium Risk
CRED-07533,CUST-07533,710,On-Time,0,0.21,Medium Risk
CRED-07534,CUST-07534,599,Occasional Late,1,0.83,High Risk
CRED-07535,CUST-07535,524,Frequently Late,7,0.91,Very High Risk
CRED-07536,CUST-07536,688,On-Time,0,0.39,Medium Risk
CRED-07537,CUST-07537,661,Occasional Late,1,0.83,High Risk
CRED-07538,CUST-07538,593,Frequently Late,4,0.75,High Risk
CRED-07539,CUST-07539,674,On-Time,0,0.23,Medium Risk
CRED-07540,CUST-07540,726,On-Time,0,0.5,Medium Risk
CRED-07541,CUST-07541,748,On-Time,0,0.48,Medium Risk
CRED-07542,CUST-07542,714,On-Time,0,0.26,Medium Risk
CRED-07543,CUST-07543,720,Occasional Late,0,0.31,Medium Risk
CRED-07544,CUST-07544,733,Occasional Late,0,0.3,Medium Risk
CRED-07545,CUST-07545,777,On-Time,0,0.21,Low Risk
CRED-07546,CUST-07546,715,On-Time,0,0.35,Medium Risk
CRED-07547,CUST-07547,519,Frequently Late,8,0.87,Very High Risk
CRED-07548,CUST-07548,510,Default Risk,8,0.76,Very High Risk
CRED-07549,CUST-07549,601,Frequently Late,3,0.61,High Risk
CRED-07550,CUST-07550,696,On-Time,0,0.2,Medium Risk
CRED-07551,CUST-07551,698,Occasional Late,1,0.3,Medium Risk
CRED-07552,CUST-07552,357,Default Risk,4,0.78,Very High Risk
CRED-07553,CUST-07553,676,On-Time,0,0.25,Medium Risk
CRED-07554,CUST-07554,741,On-Time,2,0.37,Medium Risk
CRED-07555,CUST-07555,743,On-Time,0,0.29,Medium Risk
CRED-07556,CUST-07556,706,On-Time,1,0.27,Medium Risk
CRED-07557,CUST-07557,758,On-Time,0,0.13,Low Risk
CRED-07558,CUST-07558,753,On-Time,0,0.2,Low Risk
CRED-07559,CUST-07559,715,Occasional Late,0,0.37,Medium Risk
CRED-07560,CUST-07560,717,On-Time,0,0.39,Medium Risk
CRED-07561,CUST-07561,684,On-Time,0,0.21,Medium Risk
CRED-07562,CUST-07562,744,Occasional Late,2,0.41,Medium Risk
CRED-07563,CUST-07563,804,On-Time,0,0.19,Low Risk
CRED-07564,CUST-07564,528,Default Risk,11,0.82,Very High Risk
CRED-07565,CUST-07565,638,Frequently Late,1,0.65,High Risk
CRED-07566,CUST-07566,650,Frequently Late,3,0.84,High Risk
CRED-07567,CUST-07567,710,On-Time,0,0.4,Medium Risk
CRED-07568,CUST-07568,726,Occasional Late,0,0.5,Medium Risk
CRED-07569,CUST-07569,670,On-Time,0,0.38,Medium Risk
CRED-07570,CUST-07570,583,Frequently Late,4,0.72,High Risk
CRED-07571,CUST-07571,680,Occasional Late,0,0.24,Medium Risk
CRED-07572,CUST-07572,615,Frequently Late,4,0.78,High Risk
CRED-07573,CUST-07573,691,Occasional Late,0,0.25,Medium Risk
CRED-07574,CUST-07574,791,On-Time,0,0.17,Low Risk
CRED-07575,CUST-07575,674,On-Time,0,0.3,Medium Risk
CRED-07576,CUST-07576,779,On-Time,1,0.16,Low Risk
CRED-07577,CUST-07577,680,On-Time,0,0.31,Medium Risk
CRED-07578,CUST-07578,696,On-Time,0,0.36,Medium Risk
CRED-07579,CUST-07579,696,Occasional Late,2,0.23,Medium Risk
CRED-07580,CUST-07580,773,On-Time,0,0.17,Low Risk
CRED-07581,CUST-07581,508,Default Risk,9,0.76,Very High Risk
CRED-07582,CUST-07582,660,Frequently Late,2,0.66,High Risk
CRED-07583,CUST-07583,544,Default Risk,7,0.74,Very High Risk
CRED-07584,CUST-07584,720,On-Time,0,0.28,Medium Risk
CRED-07585,CUST-07585,772,On-Time,0,0.11,Low Risk
CRED-07586,CUST-07586,626,Frequently Late,4,0.59,High Risk
CRED-07587,CUST-07587,673,Occasional Late,0,0.27,Medium Risk
CRED-07588,CUST-07588,679,Occasional Late,0,0.42,Medium Risk
CRED-07589,CUST-07589,628,Frequently Late,1,0.81,High Risk
CRED-07590,CUST-07590,658,Frequently Late,1,0.74,High Risk
CRED-07591,CUST-07591,704,On-Time,0,0.41,Medium Risk
CRED-07592,CUST-07592,629,Frequently Late,1,0.58,High Risk
CRED-07593,CUST-07593,631,Occasional Late,2,0.71,High Risk
CRED-07594,CUST-07594,695,Occasional Late,0,0.46,Medium Risk
CRED-07595,CUST-07595,672,Occasional Late,0,0.4,Medium Risk
CRED-07596,CUST-07596,739,Occasional Late,2,0.5,Medium Risk
CRED-07597,CUST-07597,771,On-Time,0,0.21,Low Risk
CRED-07598,CUST-07598,727,On-Time,0,0.42,Medium Risk
CRED-07599,CUST-07599,442,Default Risk,5,0.85,Very High Risk
CRED-07600,CUST-07600,606,Occasional Late,4,0.59,High Risk
CRED-07601,CUST-07601,712,On-Time,1,0.24,Medium Risk
CRED-07602,CUST-07602,747,On-Time,0,0.28,Medium Risk
CRED-07603,CUST-07603,738,On-Time,2,0.47,Medium Risk
CRED-07604,CUST-07604,770,On-Time,0,0.13,Low Risk
CRED-07605,CUST-07605,588,Occasional Late,4,0.73,High Risk
CRED-07606,CUST-07606,635,Frequently Late,2,0.76,High Risk
CRED-07607,CUST-07607,492,Default Risk,8,0.93,Very High Risk
CRED-07608,CUST-07608,645,Occasional Late,2,0.81,High Risk
CRED-07609,CUST-07609,786,On-Time,0,0.12,Low Risk
CRED-07610,CUST-07610,753,On-Time,0,0.13,Low Risk
CRED-07611,CUST-07611,754,On-Time,0,0.15,Low Risk
CRED-07612,CUST-07612,763,On-Time,0,0.11,Low Risk
CRED-07613,CUST-07613,747,On-Time,1,0.29,Medium Risk
CRED-07614,CUST-07614,735,Occasional Late,0,0.47,Medium Risk
CRED-07615,CUST-07615,685,Occasional Late,0,0.35,Medium Risk
CRED-07616,CUST-07616,714,On-Time,0,0.35,Medium Risk
CRED-07617,CUST-07617,728,On-Time,0,0.47,Medium Risk
CRED-07618,CUST-07618,753,On-Time,0,0.16,Low Risk
CRED-07619,CUST-07619,682,On-Time,0,0.45,Medium Risk
CRED-07620,CUST-07620,692,On-Time,0,0.33,Medium Risk
CRED-07621,CUST-07621,733,On-Time,0,0.29,Medium Risk
CRED-07622,CUST-07622,766,On-Time,0,0.23,Low Risk
CRED-07623,CUST-07623,607,Frequently Late,1,0.84,High Risk
CRED-07624,CUST-07624,640,Occasional Late,1,0.5,High Risk
CRED-07625,CUST-07625,681,On-Time,0,0.21,Medium Risk
CRED-07626,CUST-07626,774,On-Time,0,0.2,Low Risk
CRED-07627,CUST-07627,561,Frequently Late,11,0.98,Very High Risk
CRED-07628,CUST-07628,654,Occasional Late,2,0.66,High Risk
CRED-07629,CUST-07629,710,Occasional Late,0,0.33,Medium Risk
CRED-07630,CUST-07630,661,Frequently Late,4,0.59,High Risk
CRED-07631,CUST-07631,745,On-Time,0,0.49,Medium Risk
CRED-07632,CUST-07632,752,On-Time,0,0.1,Low Risk
CRED-07633,CUST-07633,802,On-Time,0,0.19,Low Risk
CRED-07634,CUST-07634,591,Occasional Late,1,0.6,High Risk
CRED-07635,CUST-07635,715,On-Time,0,0.46,Medium Risk
CRED-07636,CUST-07636,736,On-Time,2,0.48,Medium Risk
CRED-07637,CUST-07637,739,Occasional Late,1,0.31,Medium Risk
CRED-07638,CUST-07638,659,Frequently Late,2,0.67,High Risk
CRED-07639,CUST-07639,647,Frequently Late,3,0.56,High Risk
CRED-07640,CUST-07640,725,On-Time,0,0.45,Medium Risk
CRED-07641,CUST-07641,653,Frequently Late,1,0.6,High Risk
CRED-07642,CUST-07642,728,On-Time,0,0.44,Medium Risk
CRED-07643,CUST-07643,755,On-Time,0,0.16,Low Risk
CRED-07644,CUST-07644,680,On-Time,0,0.24,Medium Risk
CRED-07645,CUST-07645,765,On-Time,0,0.14,Low Risk
CRED-07646,CUST-07646,750,On-Time,0,0.08,Low Risk
CRED-07647,CUST-07647,749,Occasional Late,2,0.48,Medium Risk
CRED-07648,CUST-07648,550,Default Risk,10,0.94,Very High Risk
CRED-07649,CUST-07649,628,Frequently Late,2,0.73,High Risk
CRED-07650,CUST-07650,745,On-Time,0,0.41,Medium Risk
CRED-07651,CUST-07651,758,On-Time,0,0.23,Low Risk
CRED-07652,CUST-07652,724,On-Time,2,0.39,Medium Risk
CRED-07653,CUST-07653,843,On-Time,0,0.09,Low Risk
CRED-07654,CUST-07654,716,On-Time,1,0.28,Medium Risk
CRED-07655,CUST-07655,597,Occasional Late,2,0.78,High Risk
CRED-07656,CUST-07656,659,Occasional Late,2,0.56,High Risk
CRED-07657,CUST-07657,741,On-Time,0,0.48,Medium Risk
CRED-07658,CUST-07658,713,Occasional Late,0,0.27,Medium Risk
CRED-07659,CUST-07659,791,On-Time,0,0.24,Low Risk
CRED-07660,CUST-07660,556,Default Risk,10,0.88,Very High Risk
CRED-07661,CUST-07661,680,On-Time,0,0.28,Medium Risk
CRED-07662,CUST-07662,675,On-Time,0,0.36,Medium Risk
CRED-07663,CUST-07663,612,Frequently Late,4,0.75,High Risk
CRED-07664,CUST-07664,649,Frequently Late,3,0.69,High Risk
CRED-07665,CUST-07665,692,On-Time,0,0.24,Medium Risk
CRED-07666,CUST-07666,672,Occasional Late,2,0.35,Medium Risk
CRED-07667,CUST-07667,780,On-Time,0,0.05,Low Risk
CRED-07668,CUST-07668,734,On-Time,0,0.22,Medium Risk
CRED-07669,CUST-07669,655,Occasional Late,1,0.49,High Risk
CRED-07670,CUST-07670,513,Default Risk,5,0.82,Very High Risk
CRED-07671,CUST-07671,769,On-Time,0,0.17,Low Risk
CRED-07672,CUST-07672,581,Frequently Late,2,0.71,High Risk
CRED-07673,CUST-07673,674,On-Time,1,0.45,Medium Risk
CRED-07674,CUST-07674,591,Occasional Late,2,0.76,High Risk
CRED-07675,CUST-07675,626,Frequently Late,2,0.82,High Risk
CRED-07676,CUST-07676,645,Frequently Late,1,0.61,High Risk
CRED-07677,CUST-07677,673,On-Time,0,0.3,Medium Risk
CRED-07678,CUST-07678,546,Default Risk,6,0.75,Very High Risk
CRED-07679,CUST-07679,747,Occasional Late,1,0.47,Medium Risk
CRED-07680,CUST-07680,702,On-Time,2,0.35,Medium Risk
CRED-07681,CUST-07681,603,Occasional Late,4,0.58,High Risk
CRED-07682,CUST-07682,747,On-Time,2,0.35,Medium Risk
CRED-07683,CUST-07683,684,On-Time,1,0.39,Medium Risk
CRED-07684,CUST-07684,724,Occasional Late,2,0.4,Medium Risk
CRED-07685,CUST-07685,716,On-Time,1,0.27,Medium Risk
CRED-07686,CUST-07686,488,Frequently Late,7,0.8,Very High Risk
CRED-07687,CUST-07687,763,On-Time,0,0.15,Low Risk
CRED-07688,CUST-07688,805,On-Time,0,0.1,Low Risk
CRED-07689,CUST-07689,633,Frequently Late,2,0.84,High Risk
CRED-07690,CUST-07690,684,Occasional Late,0,0.37,Medium Risk
CRED-07691,CUST-07691,732,Occasional Late,1,0.23,Medium Risk
CRED-07692,CUST-07692,610,Frequently Late,4,0.84,High Risk
CRED-07693,CUST-07693,664,Occasional Late,2,0.76,High Risk
CRED-07694,CUST-07694,805,On-Time,0,0.14,Low Risk
CRED-07695,CUST-07695,652,Frequently Late,4,0.59,High Risk
CRED-07696,CUST-07696,627,Frequently Late,4,0.57,High Risk
CRED-07697,CUST-07697,787,On-Time,0,0.13,Low Risk
CRED-07698,CUST-07698,607,Frequently Late,3,0.79,High Risk
CRED-07699,CUST-07699,742,On-Time,0,0.45,Medium Risk
CRED-07700,CUST-07700,716,On-Time,1,0.48,Medium Risk
CRED-07701,CUST-07701,689,Occasional Late,1,0.24,Medium Risk
CRED-07702,CUST-07702,722,On-Time,0,0.3,Medium Risk
CRED-07703,CUST-07703,682,On-Time,1,0.27,Medium Risk
CRED-07704,CUST-07704,664,Occasional Late,2,0.66,High Risk
CRED-07705,CUST-07705,678,On-Time,0,0.24,Medium Risk
CRED-07706,CUST-07706,679,On-Time,0,0.26,Medium Risk
CRED-07707,CUST-07707,684,On-Time,0,0.33,Medium Risk
CRED-07708,CUST-07708,689,On-Time,0,0.24,Medium Risk
CRED-07709,CUST-07709,723,On-Time,1,0.26,Medium Risk
CRED-07710,CUST-07710,723,Occasional Late,0,0.31,Medium Risk
CRED-07711,CUST-07711,694,Occasional Late,0,0.24,Medium Risk
CRED-07712,CUST-07712,656,Occasional Late,1,0.85,High Risk
CRED-07713,CUST-07713,731,Occasional Late,0,0.45,Medium Risk
CRED-07714,CUST-07714,493,Default Risk,5,0.71,Very High Risk
CRED-07715,CUST-07715,714,Occasional Late,0,0.27,Medium Risk
CRED-07716,CUST-07716,779,On-Time,0,0.16,Low Risk
CRED-07717,CUST-07717,810,On-Time,0,0.2,Low Risk
CRED-07718,CUST-07718,723,On-Time,0,0.26,Medium Risk
CRED-07719,CUST-07719,352,Frequently Late,11,0.74,Very High Risk
CRED-07720,CUST-07720,683,Occasional Late,0,0.44,Medium Risk
CRED-07721,CUST-07721,615,Frequently Late,4,0.51,High Risk
CRED-07722,CUST-07722,607,Frequently Late,2,0.66,High Risk
CRED-07723,CUST-07723,547,Frequently Late,7,0.89,Very High Risk
CRED-07724,CUST-07724,758,On-Time,0,0.21,Low Risk
CRED-07725,CUST-07725,692,On-Time,1,0.4,Medium Risk
CRED-07726,CUST-07726,726,Occasional Late,1,0.47,Medium Risk
CRED-07727,CUST-07727,841,On-Time,0,0.06,Low Risk
CRED-07728,CUST-07728,652,Occasional Late,3,0.79,High Risk
CRED-07729,CUST-07729,722,Occasional Late,0,0.37,Medium Risk
CRED-07730,CUST-07730,707,Occasional Late,0,0.24,Medium Risk
CRED-07731,CUST-07731,527,Default Risk,9,0.8,Very High Risk
CRED-07732,CUST-07732,757,On-Time,0,0.12,Low Risk
CRED-07733,CUST-07733,726,On-Time,0,0.21,Medium Risk
CRED-07734,CUST-07734,781,On-Time,0,0.08,Low Risk
CRED-07735,CUST-07735,688,On-Time,0,0.28,Medium Risk
CRED-07736,CUST-07736,499,Default Risk,11,0.98,Very High Risk
CRED-07737,CUST-07737,610,Occasional Late,4,0.76,High Risk
CRED-07738,CUST-07738,612,Occasional Late,3,0.67,High Risk
CRED-07739,CUST-07739,724,On-Time,0,0.38,Medium Risk
CRED-07740,CUST-07740,716,On-Time,1,0.41,Medium Risk
CRED-07741,CUST-07741,758,On-Time,0,0.09,Low Risk
CRED-07742,CUST-07742,673,On-Time,0,0.39,Medium Risk
CRED-07743,CUST-07743,764,On-Time,0,0.18,Low Risk
CRED-07744,CUST-07744,650,Occasional Late,2,0.81,High Risk
CRED-07745,CUST-07745,723,On-Time,1,0.31,Medium Risk
CRED-07746,CUST-07746,800,On-Time,0,0.13,Low Risk
CRED-07747,CUST-07747,740,Occasional Late,0,0.3,Medium Risk
CRED-07748,CUST-07748,612,Occasional Late,1,0.82,High Risk
CRED-07749,CUST-07749,767,On-Time,0,0.12,Low Risk
CRED-07750,CUST-07750,633,Occasional Late,4,0.52,High Risk
CRED-07751,CUST-07751,716,On-Time,1,0.29,Medium Risk
CRED-07752,CUST-07752,460,Default Risk,9,0.97,Very High Risk
CRED-07753,CUST-07753,720,On-Time,0,0.25,Medium Risk
CRED-07754,CUST-07754,647,Frequently Late,2,0.74,High Risk
CRED-07755,CUST-07755,753,On-Time,0,0.13,Low Risk
CRED-07756,CUST-07756,639,Occasional Late,1,0.57,High Risk
CRED-07757,CUST-07757,772,On-Time,0,0.23,Low Risk
CRED-07758,CUST-07758,715,On-Time,0,0.44,Medium Risk
CRED-07759,CUST-07759,672,On-Time,0,0.33,Medium Risk
CRED-07760,CUST-07760,751,On-Time,0,0.06,Low Risk
CRED-07761,CUST-07761,468,Frequently Late,5,0.71,Very High Risk
CRED-07762,CUST-07762,599,Occasional Late,2,0.57,High Risk
CRED-07763,CUST-07763,714,On-Time,1,0.38,Medium Risk
CRED-07764,CUST-07764,704,On-Time,1,0.27,Medium Risk
CRED-07765,CUST-07765,742,On-Time,2,0.31,Medium Risk
CRED-07766,CUST-07766,800,On-Time,0,0.13,Low Risk
CRED-07767,CUST-07767,635,Frequently Late,4,0.53,High Risk
CRED-07768,CUST-07768,608,Frequently Late,4,0.68,High Risk
CRED-07769,CUST-07769,562,Frequently Late,4,0.94,Very High Risk
CRED-07770,CUST-07770,574,Frequently Late,6,0.91,Very High Risk
CRED-07771,CUST-07771,761,On-Time,0,0.14,Low Risk
CRED-07772,CUST-07772,759,On-Time,0,0.22,Low Risk
CRED-07773,CUST-07773,716,Occasional Late,0,0.27,Medium Risk
CRED-07774,CUST-07774,791,On-Time,0,0.07,Low Risk
CRED-07775,CUST-07775,818,On-Time,0,0.15,Low Risk
CRED-07776,CUST-07776,733,On-Time,0,0.21,Medium Risk
CRED-07777,CUST-07777,678,Occasional Late,0,0.42,Medium Risk
CRED-07778,CUST-07778,742,On-Time,0,0.4,Medium Risk
CRED-07779,CUST-07779,733,Occasional Late,0,0.24,Medium Risk
CRED-07780,CUST-07780,725,On-Time,0,0.3,Medium Risk
CRED-07781,CUST-07781,755,On-Time,0,0.18,Low Risk
CRED-07782,CUST-07782,690,On-Time,0,0.49,Medium Risk
CRED-07783,CUST-07783,754,On-Time,0,0.17,Low Risk
CRED-07784,CUST-07784,783,On-Time,0,0.05,Low Risk
CRED-07785,CUST-07785,684,On-Time,2,0.49,Medium Risk
CRED-07786,CUST-07786,847,On-Time,0,0.23,Low Risk
CRED-07787,CUST-07787,683,Occasional Late,0,0.42,Medium Risk
CRED-07788,CUST-07788,597,Occasional Late,3,0.51,High Risk
CRED-07789,CUST-07789,505,Frequently Late,10,0.96,Very High Risk
CRED-07790,CUST-07790,641,Frequently Late,3,0.74,High Risk
CRED-07791,CUST-07791,537,Default Risk,10,0.91,Very High Risk
CRED-07792,CUST-07792,619,Frequently Late,4,0.75,High Risk
CRED-07793,CUST-07793,644,Occasional Late,3,0.62,High Risk
CRED-07794,CUST-07794,534,Default Risk,4,0.91,Very High Risk
CRED-07795,CUST-07795,746,Occasional Late,2,0.44,Medium Risk
CRED-07796,CUST-07796,690,Occasional Late,0,0.34,Medium Risk
CRED-07797,CUST-07797,740,On-Time,0,0.36,Medium Risk
CRED-07798,CUST-07798,820,On-Time,0,0.17,Low Risk
CRED-07799,CUST-07799,792,On-Time,1,0.16,Low Risk
CRED-07800,CUST-07800,505,Frequently Late,11,0.92,Very High Risk
CRED-07801,CUST-07801,760,On-Time,1,0.17,Low Risk
CRED-07802,CUST-07802,711,On-Time,0,0.23,Medium Risk
CRED-07803,CUST-07803,530,Default Risk,8,0.79,Very High Risk
CRED-07804,CUST-07804,720,On-Time,2,0.3,Medium Risk
CRED-07805,CUST-07805,712,On-Time,1,0.45,Medium Risk
CRED-07806,CUST-07806,659,Frequently Late,2,0.65,High Risk
CRED-07807,CUST-07807,649,Occasional Late,3,0.52,High Risk
CRED-07808,CUST-07808,724,Occasional Late,0,0.35,Medium Risk
CRED-07809,CUST-07809,717,Occasional Late,0,0.32,Medium Risk
CRED-07810,CUST-07810,716,Occasional Late,0,0.26,Medium Risk
CRED-07811,CUST-07811,629,Occasional Late,1,0.81,High Risk
CRED-07812,CUST-07812,768,On-Time,0,0.11,Low Risk
CRED-07813,CUST-07813,779,On-Time,0,0.06,Low Risk
CRED-07814,CUST-07814,794,On-Time,0,0.07,Low Risk
CRED-07815,CUST-07815,668,Occasional Late,2,0.76,High Risk
CRED-07816,CUST-07816,763,On-Time,0,0.24,Low Risk
CRED-07817,CUST-07817,698,On-Time,0,0.49,Medium Risk
CRED-07818,CUST-07818,651,Occasional Late,1,0.78,High Risk
CRED-07819,CUST-07819,637,Occasional Late,2,0.6,High Risk
CRED-07820,CUST-07820,675,On-Time,0,0.35,Medium Risk
CRED-07821,CUST-07821,653,Occasional Late,1,0.81,High Risk
CRED-07822,CUST-07822,766,On-Time,0,0.11,Low Risk
CRED-07823,CUST-07823,690,On-Time,0,0.46,Medium Risk
CRED-07824,CUST-07824,650,Occasional Late,2,0.75,High Risk
CRED-07825,CUST-07825,618,Occasional Late,3,0.6,High Risk
CRED-07826,CUST-07826,588,Frequently Late,2,0.81,High Risk
CRED-07827,CUST-07827,711,Occasional Late,0,0.47,Medium Risk
CRED-07828,CUST-07828,631,Frequently Late,3,0.85,High Risk
CRED-07829,CUST-07829,751,On-Time,0,0.11,Low Risk
CRED-07830,CUST-07830,667,Occasional Late,1,0.74,High Risk
CRED-07831,CUST-07831,742,Occasional Late,0,0.37,Medium Risk
CRED-07832,CUST-07832,780,On-Time,0,0.08,Low Risk
CRED-07833,CUST-07833,680,Occasional Late,0,0.21,Medium Risk
CRED-07834,CUST-07834,670,Occasional Late,0,0.49,Medium Risk
CRED-07835,CUST-07835,748,Occasional Late,0,0.36,Medium Risk
CRED-07836,CUST-07836,703,On-Time,1,0.3,Medium Risk
CRED-07837,CUST-07837,666,Occasional Late,1,0.48,High Risk
CRED-07838,CUST-07838,714,On-Time,1,0.24,Medium Risk
CRED-07839,CUST-07839,747,On-Time,0,0.28,Medium Risk
CRED-07840,CUST-07840,756,On-Time,1,0.09,Low Risk
CRED-07841,CUST-07841,731,On-Time,0,0.45,Medium Risk
CRED-07842,CUST-07842,807,On-Time,0,0.16,Low Risk
CRED-07843,CUST-07843,703,On-Time,0,0.42,Medium Risk
CRED-07844,CUST-07844,767,On-Time,0,0.25,Low Risk
CRED-07845,CUST-07845,723,On-Time,0,0.21,Medium Risk
CRED-07846,CUST-07846,691,On-Time,0,0.43,Medium Risk
CRED-07847,CUST-07847,764,On-Time,0,0.18,Low Risk
CRED-07848,CUST-07848,664,Frequently Late,1,0.7,High Risk
CRED-07849,CUST-07849,625,Frequently Late,2,0.7,High Risk
CRED-07850,CUST-07850,715,On-Time,0,0.24,Medium Risk
CRED-07851,CUST-07851,689,On-Time,0,0.38,Medium Risk
CRED-07852,CUST-07852,819,On-Time,0,0.06,Low Risk
CRED-07853,CUST-07853,603,Frequently Late,4,0.53,High Risk
CRED-07854,CUST-07854,540,Frequently Late,8,0.87,Very High Risk
CRED-07855,CUST-07855,726,On-Time,0,0.48,Medium Risk
CRED-07856,CUST-07856,746,On-Time,0,0.38,Medium Risk
CRED-07857,CUST-07857,775,On-Time,0,0.25,Low Risk
CRED-07858,CUST-07858,695,Occasional Late,1,0.37,Medium Risk
CRED-07859,CUST-07859,685,On-Time,0,0.37,Medium Risk
CRED-07860,CUST-07860,725,Occasional Late,0,0.27,Medium Risk
CRED-07861,CUST-07861,700,Occasional Late,0,0.34,Medium Risk
CRED-07862,CUST-07862,695,On-Time,0,0.27,Medium Risk
CRED-07863,CUST-07863,699,On-Time,0,0.47,Medium Risk
CRED-07864,CUST-07864,638,Frequently Late,4,0.61,High Risk
CRED-07865,CUST-07865,594,Frequently Late,4,0.84,High Risk
CRED-07866,CUST-07866,686,Occasional Late,1,0.32,Medium Risk
CRED-07867,CUST-07867,752,On-Time,0,0.13,Low Risk
CRED-07868,CUST-07868,690,On-Time,0,0.25,Medium Risk
CRED-07869,CUST-07869,718,On-Time,1,0.42,Medium Risk
CRED-07870,CUST-07870,628,Frequently Late,3,0.56,High Risk
CRED-07871,CUST-07871,727,Occasional Late,0,0.29,Medium Risk
CRED-07872,CUST-07872,583,Occasional Late,4,0.57,High Risk
CRED-07873,CUST-07873,713,On-Time,0,0.37,Medium Risk
CRED-07874,CUST-07874,696,Occasional Late,1,0.25,Medium Risk
CRED-07875,CUST-07875,746,On-Time,2,0.45,Medium Risk
CRED-07876,CUST-07876,544,Frequently Late,11,0.9,Very High Risk
CRED-07877,CUST-07877,783,On-Time,0,0.05,Low Risk
CRED-07878,CUST-07878,626,Frequently Late,2,0.84,High Risk
CRED-07879,CUST-07879,761,On-Time,1,0.23,Low Risk
CRED-07880,CUST-07880,707,On-Time,0,0.24,Medium Risk
CRED-07881,CUST-07881,432,Default Risk,5,0.97,Very High Risk
CRED-07882,CUST-07882,709,On-Time,0,0.32,Medium Risk
CRED-07883,CUST-07883,622,Frequently Late,4,0.67,High Risk
CRED-07884,CUST-07884,779,On-Time,0,0.14,Low Risk
CRED-07885,CUST-07885,598,Occasional Late,2,0.59,High Risk
CRED-07886,CUST-07886,727,On-Time,1,0.33,Medium Risk
CRED-07887,CUST-07887,706,On-Time,0,0.21,Medium Risk
CRED-07888,CUST-07888,720,On-Time,1,0.24,Medium Risk
CRED-07889,CUST-07889,662,Occasional Late,1,0.61,High Risk
CRED-07890,CUST-07890,421,Default Risk,7,0.94,Very High Risk
CRED-07891,CUST-07891,703,On-Time,0,0.49,Medium Risk
CRED-07892,CUST-07892,644,Frequently Late,1,0.56,High Risk
CRED-07893,CUST-07893,797,On-Time,0,0.19,Low Risk
CRED-07894,CUST-07894,755,On-Time,0,0.06,Low Risk
CRED-07895,CUST-07895,712,Occasional Late,0,0.34,Medium Risk
CRED-07896,CUST-07896,700,On-Time,1,0.4,Medium Risk
CRED-07897,CUST-07897,680,On-Time,0,0.49,Medium Risk
CRED-07898,CUST-07898,753,On-Time,0,0.05,Low Risk
CRED-07899,CUST-07899,749,On-Time,0,0.5,Medium Risk
CRED-07900,CUST-07900,747,On-Time,0,0.46,Medium Risk
CRED-07901,CUST-07901,664,Frequently Late,3,0.67,High Risk
CRED-07902,CUST-07902,714,Occasional Late,0,0.39,Medium Risk
CRED-07903,CUST-07903,662,Occasional Late,4,0.79,High Risk
CRED-07904,CUST-07904,703,On-Time,1,0.45,Medium Risk
CRED-07905,CUST-07905,587,Occasional Late,2,0.46,High Risk
CRED-07906,CUST-07906,788,On-Time,0,0.07,Low Risk
CRED-07907,CUST-07907,721,On-Time,0,0.22,Medium Risk
CRED-07908,CUST-07908,766,On-Time,0,0.17,Low Risk
CRED-07909,CUST-07909,556,Default Risk,8,0.87,Very High Risk
CRED-07910,CUST-07910,744,On-Time,0,0.45,Medium Risk
CRED-07911,CUST-07911,681,On-Time,1,0.35,Medium Risk
CRED-07912,CUST-07912,664,Occasional Late,1,0.5,High Risk
CRED-07913,CUST-07913,477,Default Risk,4,0.77,Very High Risk
CRED-07914,CUST-07914,768,On-Time,0,0.08,Low Risk
CRED-07915,CUST-07915,688,Occasional Late,0,0.21,Medium Risk
CRED-07916,CUST-07916,758,On-Time,0,0.13,Low Risk
CRED-07917,CUST-07917,731,Occasional Late,2,0.24,Medium Risk
CRED-07918,CUST-07918,747,On-Time,0,0.44,Medium Risk
CRED-07919,CUST-07919,663,Frequently Late,2,0.56,High Risk
CRED-07920,CUST-07920,528,Default Risk,10,0.86,Very High Risk
CRED-07921,CUST-07921,647,Frequently Late,3,0.5,High Risk
CRED-07922,CUST-07922,719,On-Time,0,0.32,Medium Risk
CRED-07923,CUST-07923,631,Frequently Late,4,0.54,High Risk
CRED-07924,CUST-07924,659,Occasional Late,3,0.65,High Risk
CRED-07925,CUST-07925,769,On-Time,0,0.17,Low Risk
CRED-07926,CUST-07926,773,On-Time,0,0.15,Low Risk
CRED-07927,CUST-07927,758,On-Time,0,0.13,Low Risk
CRED-07928,CUST-07928,739,On-Time,0,0.37,Medium Risk
CRED-07929,CUST-07929,740,Occasional Late,1,0.27,Medium Risk
CRED-07930,CUST-07930,665,Occasional Late,4,0.64,High Risk
CRED-07931,CUST-07931,698,On-Time,0,0.36,Medium Risk
CRED-07932,CUST-07932,683,Occasional Late,0,0.46,Medium Risk
CRED-07933,CUST-07933,658,Frequently Late,2,0.65,High Risk
CRED-07934,CUST-07934,703,On-Time,0,0.31,Medium Risk
CRED-07935,CUST-07935,691,On-Time,0,0.41,Medium Risk
CRED-07936,CUST-07936,580,Frequently Late,3,0.54,High Risk
CRED-07937,CUST-07937,685,On-Time,2,0.45,Medium Risk
CRED-07938,CUST-07938,700,Occasional Late,0,0.27,Medium Risk
CRED-07939,CUST-07939,802,On-Time,0,0.1,Low Risk
CRED-07940,CUST-07940,690,Occasional Late,0,0.34,Medium Risk
CRED-07941,CUST-07941,778,On-Time,0,0.13,Low Risk
CRED-07942,CUST-07942,749,Occasional Late,1,0.49,Medium Risk
CRED-07943,CUST-07943,746,Occasional Late,0,0.43,Medium Risk
CRED-07944,CUST-07944,582,Occasional Late,1,0.78,High Risk
CRED-07945,CUST-07945,617,Frequently Late,2,0.74,High Risk
CRED-07946,CUST-07946,689,On-Time,1,0.36,Medium Risk
CRED-07947,CUST-07947,777,On-Time,0,0.17,Low Risk
CRED-07948,CUST-07948,698,On-Time,0,0.48,Medium Risk
CRED-07949,CUST-07949,616,Frequently Late,4,0.55,High Risk
CRED-07950,CUST-07950,696,Occasional Late,2,0.46,Medium Risk
CRED-07951,CUST-07951,743,On-Time,0,0.25,Medium Risk
CRED-07952,CUST-07952,683,Occasional Late,0,0.22,Medium Risk
CRED-07953,CUST-07953,678,On-Time,0,0.46,Medium Risk
CRED-07954,CUST-07954,658,Frequently Late,2,0.75,High Risk
CRED-07955,CUST-07955,779,On-Time,0,0.23,Low Risk
CRED-07956,CUST-07956,720,On-Time,1,0.48,Medium Risk
CRED-07957,CUST-07957,783,On-Time,0,0.1,Low Risk
CRED-07958,CUST-07958,674,On-Time,0,0.49,Medium Risk
CRED-07959,CUST-07959,711,On-Time,0,0.21,Medium Risk
CRED-07960,CUST-07960,431,Default Risk,5,0.78,Very High Risk
CRED-07961,CUST-07961,667,Frequently Late,4,0.48,High Risk
CRED-07962,CUST-07962,606,Frequently Late,4,0.51,High Risk
CRED-07963,CUST-07963,670,Occasional Late,0,0.43,Medium Risk
CRED-07964,CUST-07964,708,On-Time,0,0.34,Medium Risk
CRED-07965,CUST-07965,736,On-Time,0,0.36,Medium Risk
CRED-07966,CUST-07966,762,On-Time,0,0.15,Low Risk
CRED-07967,CUST-07967,774,On-Time,0,0.15,Low Risk
CRED-07968,CUST-07968,745,On-Time,2,0.38,Medium Risk
CRED-07969,CUST-07969,594,Occasional Late,1,0.53,High Risk
CRED-07970,CUST-07970,721,Occasional Late,0,0.44,Medium Risk
CRED-07971,CUST-07971,807,On-Time,0,0.11,Low Risk
CRED-07972,CUST-07972,757,On-Time,0,0.06,Low Risk
CRED-07973,CUST-07973,759,On-Time,0,0.12,Low Risk
CRED-07974,CUST-07974,773,On-Time,0,0.15,Low Risk
CRED-07975,CUST-07975,778,On-Time,0,0.11,Low Risk
CRED-07976,CUST-07976,761,On-Time,0,0.1,Low Risk
CRED-07977,CUST-07977,657,Frequently Late,1,0.7,High Risk
CRED-07978,CUST-07978,727,On-Time,0,0.37,Medium Risk
CRED-07979,CUST-07979,700,On-Time,0,0.39,Medium Risk
CRED-07980,CUST-07980,774,On-Time,0,0.16,Low Risk
CRED-07981,CUST-07981,658,Occasional Late,1,0.7,High Risk
CRED-07982,CUST-07982,775,On-Time,0,0.22,Low Risk
CRED-07983,CUST-07983,759,On-Time,1,0.21,Low Risk
CRED-07984,CUST-07984,699,On-Time,0,0.34,Medium Risk
CRED-07985,CUST-07985,709,Occasional Late,0,0.28,Medium Risk
CRED-07986,CUST-07986,748,On-Time,0,0.45,Medium Risk
CRED-07987,CUST-07987,658,Frequently Late,3,0.62,High Risk
CRED-07988,CUST-07988,675,Occasional Late,1,0.39,Medium Risk
CRED-07989,CUST-07989,699,Occasional Late,0,0.32,Medium Risk
CRED-07990,CUST-07990,791,On-Time,0,0.06,Low Risk
CRED-07991,CUST-07991,594,Frequently Late,4,0.63,High Risk
CRED-07992,CUST-07992,571,Default Risk,5,0.86,Very High Risk
CRED-07993,CUST-07993,719,On-Time,0,0.22,Medium Risk
CRED-07994,CUST-07994,608,Occasional Late,4,0.79,High Risk
CRED-07995,CUST-07995,600,Occasional Late,2,0.55,High Risk
CRED-07996,CUST-07996,736,Occasional Late,1,0.23,Medium Risk
CRED-07997,CUST-07997,734,Occasional Late,0,0.29,Medium Risk
CRED-07998,CUST-07998,749,On-Time,2,0.49,Medium Risk
CRED-07999,CUST-07999,677,On-Time,2,0.32,Medium Risk
CRED-08000,CUST-08000,582,Occasional Late,2,0.79,High Risk
CRED-08001,CUST-08001,751,On-Time,1,0.06,Low Risk
CRED-08002,CUST-08002,634,Occasional Late,2,0.79,High Risk
CRED-08003,CUST-08003,750,On-Time,0,0.17,Low Risk
CRED-08004,CUST-08004,801,On-Time,0,0.12,Low Risk
CRED-08005,CUST-08005,762,On-Time,1,0.1,Low Risk
CRED-08006,CUST-08006,772,On-Time,0,0.1,Low Risk
CRED-08007,CUST-08007,604,Occasional Late,3,0.75,High Risk
CRED-08008,CUST-08008,723,Occasional Late,0,0.42,Medium Risk
CRED-08009,CUST-08009,759,On-Time,0,0.19,Low Risk
CRED-08010,CUST-08010,689,On-Time,0,0.45,Medium Risk
CRED-08011,CUST-08011,799,On-Time,0,0.1,Low Risk
CRED-08012,CUST-08012,668,Frequently Late,4,0.6,High Risk
CRED-08013,CUST-08013,709,On-Time,0,0.32,Medium Risk
CRED-08014,CUST-08014,734,On-Time,0,0.46,Medium Risk
CRED-08015,CUST-08015,616,Frequently Late,4,0.67,High Risk
CRED-08016,CUST-08016,786,On-Time,0,0.22,Low Risk
CRED-08017,CUST-08017,756,On-Time,0,0.23,Low Risk
CRED-08018,CUST-08018,730,Occasional Late,2,0.29,Medium Risk
CRED-08019,CUST-08019,669,Frequently Late,4,0.78,High Risk
CRED-08020,CUST-08020,710,On-Time,2,0.24,Medium Risk
CRED-08021,CUST-08021,682,On-Time,0,0.43,Medium Risk
CRED-08022,CUST-08022,748,On-Time,0,0.28,Medium Risk
CRED-08023,CUST-08023,717,On-Time,0,0.35,Medium Risk
CRED-08024,CUST-08024,727,On-Time,0,0.44,Medium Risk
CRED-08025,CUST-08025,702,On-Time,0,0.24,Medium Risk
CRED-08026,CUST-08026,748,Occasional Late,0,0.22,Medium Risk
CRED-08027,CUST-08027,647,Frequently Late,2,0.62,High Risk
CRED-08028,CUST-08028,606,Frequently Late,3,0.48,High Risk
CRED-08029,CUST-08029,663,Occasional Late,4,0.61,High Risk
CRED-08030,CUST-08030,733,On-Time,0,0.44,Medium Risk
CRED-08031,CUST-08031,723,On-Time,0,0.22,Medium Risk
CRED-08032,CUST-08032,738,On-Time,2,0.37,Medium Risk
CRED-08033,CUST-08033,629,Occasional Late,3,0.62,High Risk
CRED-08034,CUST-08034,737,On-Time,1,0.5,Medium Risk
CRED-08035,CUST-08035,602,Occasional Late,3,0.61,High Risk
CRED-08036,CUST-08036,691,Occasional Late,0,0.37,Medium Risk
CRED-08037,CUST-08037,793,On-Time,0,0.24,Low Risk
CRED-08038,CUST-08038,621,Frequently Late,3,0.55,High Risk
CRED-08039,CUST-08039,678,Occasional Late,0,0.36,Medium Risk
CRED-08040,CUST-08040,697,On-Time,0,0.37,Medium Risk
CRED-08041,CUST-08041,743,On-Time,1,0.23,Medium Risk
CRED-08042,CUST-08042,645,Occasional Late,4,0.58,High Risk
CRED-08043,CUST-08043,712,On-Time,0,0.4,Medium Risk
CRED-08044,CUST-08044,644,Frequently Late,4,0.76,High Risk
CRED-08045,CUST-08045,751,On-Time,0,0.17,Low Risk
CRED-08046,CUST-08046,619,Frequently Late,2,0.61,High Risk
CRED-08047,CUST-08047,785,On-Time,0,0.16,Low Risk
CRED-08048,CUST-08048,748,On-Time,1,0.28,Medium Risk
CRED-08049,CUST-08049,641,Frequently Late,4,0.69,High Risk
CRED-08050,CUST-08050,526,Frequently Late,9,0.88,Very High Risk
CRED-08051,CUST-08051,639,Frequently Late,2,0.69,High Risk
CRED-08052,CUST-08052,667,Frequently Late,4,0.65,High Risk
CRED-08053,CUST-08053,688,On-Time,0,0.39,Medium Risk
CRED-08054,CUST-08054,637,Occasional Late,1,0.52,High Risk
CRED-08055,CUST-08055,750,On-Time,0,0.21,Low Risk
CRED-08056,CUST-08056,575,Default Risk,6,0.75,Very High Risk
CRED-08057,CUST-08057,702,On-Time,0,0.22,Medium Risk
CRED-08058,CUST-08058,769,On-Time,0,0.09,Low Risk
CRED-08059,CUST-08059,608,Frequently Late,3,0.52,High Risk
CRED-08060,CUST-08060,741,Occasional Late,0,0.31,Medium Risk
CRED-08061,CUST-08061,593,Frequently Late,2,0.81,High Risk
CRED-08062,CUST-08062,753,On-Time,0,0.25,Low Risk
CRED-08063,CUST-08063,695,On-Time,0,0.26,Medium Risk
CRED-08064,CUST-08064,657,Occasional Late,3,0.75,High Risk
CRED-08065,CUST-08065,518,Frequently Late,4,0.74,Very High Risk
CRED-08066,CUST-08066,638,Frequently Late,4,0.49,High Risk
CRED-08067,CUST-08067,670,Occasional Late,1,0.46,Medium Risk
CRED-08068,CUST-08068,478,Default Risk,11,0.94,Very High Risk
CRED-08069,CUST-08069,683,On-Time,0,0.43,Medium Risk
CRED-08070,CUST-08070,779,On-Time,1,0.22,Low Risk
CRED-08071,CUST-08071,757,On-Time,1,0.1,Low Risk
CRED-08072,CUST-08072,660,Occasional Late,2,0.75,High Risk
CRED-08073,CUST-08073,707,Occasional Late,1,0.49,Medium Risk
CRED-08074,CUST-08074,745,On-Time,0,0.4,Medium Risk
CRED-08075,CUST-08075,713,Occasional Late,1,0.4,Medium Risk
CRED-08076,CUST-08076,766,On-Time,0,0.08,Low Risk
CRED-08077,CUST-08077,648,Occasional Late,4,0.66,High Risk
CRED-08078,CUST-08078,753,On-Time,0,0.1,Low Risk
CRED-08079,CUST-08079,733,On-Time,0,0.5,Medium Risk
CRED-08080,CUST-08080,723,On-Time,0,0.35,Medium Risk
CRED-08081,CUST-08081,723,On-Time,0,0.49,Medium Risk
CRED-08082,CUST-08082,770,On-Time,0,0.2,Low Risk
CRED-08083,CUST-08083,544,Default Risk,5,0.77,Very High Risk
CRED-08084,CUST-08084,665,Occasional Late,1,0.77,High Risk
CRED-08085,CUST-08085,717,On-Time,2,0.2,Medium Risk
CRED-08086,CUST-08086,714,On-Time,0,0.46,Medium Risk
CRED-08087,CUST-08087,676,On-Time,2,0.2,Medium Risk
CRED-08088,CUST-08088,751,On-Time,0,0.21,Low Risk
CRED-08089,CUST-08089,717,On-Time,0,0.45,Medium Risk
CRED-08090,CUST-08090,818,On-Time,0,0.22,Low Risk
CRED-08091,CUST-08091,676,Occasional Late,0,0.49,Medium Risk
CRED-08092,CUST-08092,762,On-Time,0,0.22,Low Risk
CRED-08093,CUST-08093,713,On-Time,0,0.25,Medium Risk
CRED-08094,CUST-08094,701,Occasional Late,1,0.49,Medium Risk
CRED-08095,CUST-08095,674,On-Time,0,0.24,Medium Risk
CRED-08096,CUST-08096,683,On-Time,1,0.21,Medium Risk
CRED-08097,CUST-08097,753,On-Time,0,0.21,Low Risk
CRED-08098,CUST-08098,717,On-Time,0,0.25,Medium Risk
CRED-08099,CUST-08099,692,On-Time,0,0.44,Medium Risk
CRED-08100,CUST-08100,718,On-Time,0,0.43,Medium Risk
CRED-08101,CUST-08101,634,Occasional Late,1,0.83,High Risk
CRED-08102,CUST-08102,667,Frequently Late,2,0.66,High Risk
CRED-08103,CUST-08103,749,Occasional Late,0,0.23,Medium Risk
CRED-08104,CUST-08104,733,Occasional Late,0,0.26,Medium Risk
CRED-08105,CUST-08105,661,Occasional Late,4,0.57,High Risk
CRED-08106,CUST-08106,709,On-Time,0,0.37,Medium Risk
CRED-08107,CUST-08107,728,Occasional Late,0,0.2,Medium Risk
CRED-08108,CUST-08108,645,Frequently Late,4,0.5,High Risk
CRED-08109,CUST-08109,707,On-Time,1,0.36,Medium Risk
CRED-08110,CUST-08110,558,Default Risk,6,0.91,Very High Risk
CRED-08111,CUST-08111,662,Occasional Late,3,0.5,High Risk
CRED-08112,CUST-08112,751,On-Time,0,0.15,Low Risk
CRED-08113,CUST-08113,564,Default Risk,6,0.78,Very High Risk
CRED-08114,CUST-08114,803,On-Time,0,0.2,Low Risk
CRED-08115,CUST-08115,692,On-Time,2,0.23,Medium Risk
CRED-08116,CUST-08116,714,Occasional Late,1,0.47,Medium Risk
CRED-08117,CUST-08117,639,Occasional Late,2,0.8,High Risk
CRED-08118,CUST-08118,673,On-Time,0,0.41,Medium Risk
CRED-08119,CUST-08119,704,Occasional Late,0,0.28,Medium Risk
CRED-08120,CUST-08120,740,On-Time,0,0.23,Medium Risk
CRED-08121,CUST-08121,661,Frequently Late,4,0.5,High Risk
CRED-08122,CUST-08122,767,On-Time,0,0.2,Low Risk
CRED-08123,CUST-08123,714,Occasional Late,0,0.36,Medium Risk
CRED-08124,CUST-08124,676,Occasional Late,0,0.46,Medium Risk
CRED-08125,CUST-08125,502,Default Risk,8,0.78,Very High Risk
CRED-08126,CUST-08126,504,Default Risk,4,0.74,Very High Risk
CRED-08127,CUST-08127,669,Frequently Late,2,0.57,High Risk
CRED-08128,CUST-08128,697,Occasional Late,0,0.34,Medium Risk
CRED-08129,CUST-08129,734,On-Time,0,0.26,Medium Risk
CRED-08130,CUST-08130,745,On-Time,1,0.5,Medium Risk
CRED-08131,CUST-08131,718,On-Time,0,0.36,Medium Risk
CRED-08132,CUST-08132,702,On-Time,0,0.27,Medium Risk
CRED-08133,CUST-08133,711,On-Time,0,0.49,Medium Risk
CRED-08134,CUST-08134,799,On-Time,0,0.22,Low Risk
CRED-08135,CUST-08135,714,On-Time,1,0.27,Medium Risk
CRED-08136,CUST-08136,640,Frequently Late,2,0.75,High Risk
CRED-08137,CUST-08137,720,On-Time,1,0.31,Medium Risk
CRED-08138,CUST-08138,706,On-Time,0,0.27,Medium Risk
CRED-08139,CUST-08139,575,Default Risk,4,0.74,Very High Risk
CRED-08140,CUST-08140,767,On-Time,0,0.23,Low Risk
CRED-08141,CUST-08141,705,On-Time,0,0.49,Medium Risk
CRED-08142,CUST-08142,691,On-Time,1,0.23,Medium Risk
CRED-08143,CUST-08143,722,On-Time,2,0.34,Medium Risk
CRED-08144,CUST-08144,710,On-Time,0,0.2,Medium Risk
CRED-08145,CUST-08145,711,Occasional Late,1,0.45,Medium Risk
CRED-08146,CUST-08146,713,On-Time,0,0.4,Medium Risk
CRED-08147,CUST-08147,658,Frequently Late,1,0.59,High Risk
CRED-08148,CUST-08148,730,On-Time,0,0.34,Medium Risk
CRED-08149,CUST-08149,749,On-Time,0,0.26,Medium Risk
CRED-08150,CUST-08150,564,Default Risk,11,0.87,Very High Risk
CRED-08151,CUST-08151,671,On-Time,0,0.42,Medium Risk
CRED-08152,CUST-08152,719,On-Time,0,0.41,Medium Risk
CRED-08153,CUST-08153,688,Occasional Late,1,0.38,Medium Risk
CRED-08154,CUST-08154,573,Frequently Late,4,0.83,Very High Risk
CRED-08155,CUST-08155,673,On-Time,1,0.27,Medium Risk
CRED-08156,CUST-08156,653,Frequently Late,1,0.74,High Risk
CRED-08157,CUST-08157,788,On-Time,0,0.1,Low Risk
CRED-08158,CUST-08158,663,Occasional Late,1,0.83,High Risk
CRED-08159,CUST-08159,704,On-Time,0,0.5,Medium Risk
CRED-08160,CUST-08160,786,On-Time,0,0.06,Low Risk
CRED-08161,CUST-08161,749,Occasional Late,0,0.3,Medium Risk
CRED-08162,CUST-08162,710,On-Time,0,0.41,Medium Risk
CRED-08163,CUST-08163,658,Frequently Late,4,0.47,High Risk
CRED-08164,CUST-08164,703,On-Time,0,0.47,Medium Risk
CRED-08165,CUST-08165,563,Frequently Late,8,0.98,Very High Risk
CRED-08166,CUST-08166,691,On-Time,0,0.42,Medium Risk
CRED-08167,CUST-08167,753,On-Time,0,0.1,Low Risk
CRED-08168,CUST-08168,710,Occasional Late,0,0.33,Medium Risk
CRED-08169,CUST-08169,518,Default Risk,6,0.88,Very High Risk
CRED-08170,CUST-08170,700,On-Time,0,0.25,Medium Risk
CRED-08171,CUST-08171,652,Occasional Late,1,0.63,High Risk
CRED-08172,CUST-08172,707,On-Time,1,0.26,Medium Risk
CRED-08173,CUST-08173,729,On-Time,1,0.22,Medium Risk
CRED-08174,CUST-08174,804,On-Time,0,0.1,Low Risk
CRED-08175,CUST-08175,766,On-Time,0,0.24,Low Risk
CRED-08176,CUST-08176,634,Occasional Late,1,0.66,High Risk
CRED-08177,CUST-08177,560,Default Risk,5,0.78,Very High Risk
CRED-08178,CUST-08178,624,Occasional Late,1,0.72,High Risk
CRED-08179,CUST-08179,595,Frequently Late,4,0.8,High Risk
CRED-08180,CUST-08180,796,On-Time,0,0.23,Low Risk
CRED-08181,CUST-08181,663,Frequently Late,4,0.74,High Risk
CRED-08182,CUST-08182,663,Occasional Late,4,0.7,High Risk
CRED-08183,CUST-08183,554,Default Risk,10,0.74,Very High Risk
CRED-08184,CUST-08184,678,On-Time,0,0.43,Medium Risk
CRED-08185,CUST-08185,676,On-Time,0,0.42,Medium Risk
CRED-08186,CUST-08186,706,Occasional Late,0,0.44,Medium Risk
CRED-08187,CUST-08187,695,Occasional Late,1,0.25,Medium Risk
CRED-08188,CUST-08188,840,On-Time,1,0.16,Low Risk
CRED-08189,CUST-08189,713,On-Time,0,0.36,Medium Risk
CRED-08190,CUST-08190,672,On-Time,1,0.34,Medium Risk
CRED-08191,CUST-08191,646,Frequently Late,2,0.67,High Risk
CRED-08192,CUST-08192,689,On-Time,0,0.32,Medium Risk
CRED-08193,CUST-08193,653,Occasional Late,1,0.73,High Risk
CRED-08194,CUST-08194,757,On-Time,1,0.2,Low Risk
CRED-08195,CUST-08195,610,Occasional Late,2,0.76,High Risk
CRED-08196,CUST-08196,748,Occasional Late,0,0.29,Medium Risk
CRED-08197,CUST-08197,654,Occasional Late,4,0.59,High Risk
CRED-08198,CUST-08198,608,Frequently Late,1,0.57,High Risk
CRED-08199,CUST-08199,628,Frequently Late,4,0.77,High Risk
CRED-08200,CUST-08200,731,Occasional Late,0,0.4,Medium Risk
CRED-08201,CUST-08201,684,On-Time,1,0.48,Medium Risk
CRED-08202,CUST-08202,647,Occasional Late,1,0.7,High Risk
CRED-08203,CUST-08203,736,On-Time,2,0.43,Medium Risk
CRED-08204,CUST-08204,749,On-Time,0,0.5,Medium Risk
CRED-08205,CUST-08205,759,On-Time,0,0.25,Low Risk
CRED-08206,CUST-08206,750,On-Time,0,0.15,Low Risk
CRED-08207,CUST-08207,747,On-Time,0,0.47,Medium Risk
CRED-08208,CUST-08208,653,Occasional Late,4,0.54,High Risk
CRED-08209,CUST-08209,672,Occasional Late,0,0.28,Medium Risk
CRED-08210,CUST-08210,654,Frequently Late,3,0.84,High Risk
CRED-08211,CUST-08211,732,On-Time,0,0.41,Medium Risk
CRED-08212,CUST-08212,727,On-Time,0,0.42,Medium Risk
CRED-08213,CUST-08213,466,Default Risk,7,0.72,Very High Risk
CRED-08214,CUST-08214,823,On-Time,0,0.06,Low Risk
CRED-08215,CUST-08215,625,Occasional Late,2,0.53,High Risk
CRED-08216,CUST-08216,734,Occasional Late,0,0.22,Medium Risk
CRED-08217,CUST-08217,570,Default Risk,8,0.85,Very High Risk
CRED-08218,CUST-08218,564,Default Risk,10,0.94,Very High Risk
CRED-08219,CUST-08219,635,Occasional Late,1,0.79,High Risk
CRED-08220,CUST-08220,606,Frequently Late,3,0.83,High Risk
CRED-08221,CUST-08221,696,On-Time,1,0.35,Medium Risk
CRED-08222,CUST-08222,697,Occasional Late,1,0.24,Medium Risk
CRED-08223,CUST-08223,678,On-Time,0,0.47,Medium Risk
CRED-08224,CUST-08224,679,On-Time,1,0.25,Medium Risk
CRED-08225,CUST-08225,838,On-Time,0,0.07,Low Risk
CRED-08226,CUST-08226,685,On-Time,1,0.34,Medium Risk
CRED-08227,CUST-08227,796,On-Time,0,0.19,Low Risk
CRED-08228,CUST-08228,745,On-Time,0,0.27,Medium Risk
CRED-08229,CUST-08229,647,Frequently Late,4,0.49,High Risk
CRED-08230,CUST-08230,760,On-Time,0,0.17,Low Risk
CRED-08231,CUST-08231,674,On-Time,0,0.45,Medium Risk
CRED-08232,CUST-08232,591,Occasional Late,3,0.47,High Risk
CRED-08233,CUST-08233,723,On-Time,0,0.32,Medium Risk
CRED-08234,CUST-08234,653,Occasional Late,4,0.85,High Risk
CRED-08235,CUST-08235,591,Frequently Late,4,0.52,High Risk
CRED-08236,CUST-08236,697,On-Time,0,0.32,Medium Risk
CRED-08237,CUST-08237,782,On-Time,0,0.19,Low Risk
CRED-08238,CUST-08238,701,On-Time,0,0.4,Medium Risk
CRED-08239,CUST-08239,757,On-Time,1,0.15,Low Risk
CRED-08240,CUST-08240,720,Occasional Late,0,0.38,Medium Risk
CRED-08241,CUST-08241,681,On-Time,0,0.26,Medium Risk
CRED-08242,CUST-08242,715,On-Time,0,0.24,Medium Risk
CRED-08243,CUST-08243,762,On-Time,0,0.17,Low Risk
CRED-08244,CUST-08244,709,On-Time,0,0.47,Medium Risk
CRED-08245,CUST-08245,688,On-Time,0,0.48,Medium Risk
CRED-08246,CUST-08246,739,On-Time,0,0.37,Medium Risk
CRED-08247,CUST-08247,520,Default Risk,9,0.86,Very High Risk
CRED-08248,CUST-08248,701,On-Time,0,0.3,Medium Risk
CRED-08249,CUST-08249,684,Occasional Late,0,0.47,Medium Risk
CRED-08250,CUST-08250,711,On-Time,1,0.21,Medium Risk
CRED-08251,CUST-08251,675,On-Time,0,0.23,Medium Risk
CRED-08252,CUST-08252,716,Occasional Late,0,0.32,Medium Risk
CRED-08253,CUST-08253,700,On-Time,0,0.38,Medium Risk
CRED-08254,CUST-08254,668,Frequently Late,1,0.45,High Risk
CRED-08255,CUST-08255,724,On-Time,0,0.4,Medium Risk
CRED-08256,CUST-08256,784,On-Time,0,0.14,Low Risk
CRED-08257,CUST-08257,768,On-Time,0,0.15,Low Risk
CRED-08258,CUST-08258,708,On-Time,0,0.42,Medium Risk
CRED-08259,CUST-08259,732,On-Time,2,0.29,Medium Risk
CRED-08260,CUST-08260,707,Occasional Late,1,0.26,Medium Risk
CRED-08261,CUST-08261,757,On-Time,0,0.14,Low Risk
CRED-08262,CUST-08262,731,On-Time,0,0.34,Medium Risk
CRED-08263,CUST-08263,729,On-Time,0,0.45,Medium Risk
CRED-08264,CUST-08264,735,On-Time,0,0.46,Medium Risk
CRED-08265,CUST-08265,779,On-Time,0,0.19,Low Risk
CRED-08266,CUST-08266,591,Frequently Late,2,0.71,High Risk
CRED-08267,CUST-08267,517,Frequently Late,9,0.8,Very High Risk
CRED-08268,CUST-08268,815,On-Time,0,0.17,Low Risk
CRED-08269,CUST-08269,777,On-Time,0,0.23,Low Risk
CRED-08270,CUST-08270,707,On-Time,1,0.28,Medium Risk
CRED-08271,CUST-08271,587,Frequently Late,4,0.49,High Risk
CRED-08272,CUST-08272,721,On-Time,1,0.37,Medium Risk
CRED-08273,CUST-08273,678,On-Time,1,0.3,Medium Risk
CRED-08274,CUST-08274,671,On-Time,0,0.24,Medium Risk
CRED-08275,CUST-08275,735,Occasional Late,0,0.3,Medium Risk
CRED-08276,CUST-08276,729,On-Time,2,0.48,Medium Risk
CRED-08277,CUST-08277,758,On-Time,0,0.18,Low Risk
CRED-08278,CUST-08278,670,Occasional Late,0,0.26,Medium Risk
CRED-08279,CUST-08279,772,On-Time,0,0.21,Low Risk
CRED-08280,CUST-08280,544,Default Risk,11,0.85,Very High Risk
CRED-08281,CUST-08281,654,Frequently Late,4,0.61,High Risk
CRED-08282,CUST-08282,729,On-Time,0,0.25,Medium Risk
CRED-08283,CUST-08283,693,On-Time,0,0.32,Medium Risk
CRED-08284,CUST-08284,647,Frequently Late,1,0.64,High Risk
CRED-08285,CUST-08285,821,On-Time,0,0.12,Low Risk
CRED-08286,CUST-08286,770,On-Time,0,0.15,Low Risk
CRED-08287,CUST-08287,543,Default Risk,10,0.72,Very High Risk
CRED-08288,CUST-08288,728,On-Time,0,0.37,Medium Risk
CRED-08289,CUST-08289,717,Occasional Late,0,0.22,Medium Risk
CRED-08290,CUST-08290,705,Occasional Late,0,0.24,Medium Risk
CRED-08291,CUST-08291,707,Occasional Late,0,0.3,Medium Risk
CRED-08292,CUST-08292,733,Occasional Late,0,0.26,Medium Risk
CRED-08293,CUST-08293,723,On-Time,0,0.21,Medium Risk
CRED-08294,CUST-08294,656,Occasional Late,3,0.79,High Risk
CRED-08295,CUST-08295,739,Occasional Late,0,0.38,Medium Risk
CRED-08296,CUST-08296,734,On-Time,0,0.43,Medium Risk
CRED-08297,CUST-08297,710,On-Time,1,0.48,Medium Risk
CRED-08298,CUST-08298,731,Occasional Late,0,0.48,Medium Risk
CRED-08299,CUST-08299,712,Occasional Late,0,0.4,Medium Risk
CRED-08300,CUST-08300,750,On-Time,0,0.11,Low Risk
CRED-08301,CUST-08301,764,On-Time,1,0.15,Low Risk
CRED-08302,CUST-08302,758,On-Time,0,0.16,Low Risk
CRED-08303,CUST-08303,419,Default Risk,6,0.96,Very High Risk
CRED-08304,CUST-08304,562,Default Risk,6,0.79,Very High Risk
CRED-08305,CUST-08305,760,On-Time,0,0.07,Low Risk
CRED-08306,CUST-08306,658,Occasional Late,2,0.51,High Risk
CRED-08307,CUST-08307,700,On-Time,0,0.31,Medium Risk
CRED-08308,CUST-08308,753,On-Time,0,0.1,Low Risk
CRED-08309,CUST-08309,646,Frequently Late,4,0.78,High Risk
CRED-08310,CUST-08310,686,On-Time,0,0.23,Medium Risk
CRED-08311,CUST-08311,636,Occasional Late,4,0.5,High Risk
CRED-08312,CUST-08312,707,On-Time,0,0.37,Medium Risk
CRED-08313,CUST-08313,690,On-Time,1,0.23,Medium Risk
CRED-08314,CUST-08314,668,Occasional Late,2,0.67,High Risk
CRED-08315,CUST-08315,737,On-Time,0,0.43,Medium Risk
CRED-08316,CUST-08316,668,Occasional Late,4,0.52,High Risk
CRED-08317,CUST-08317,734,On-Time,1,0.3,Medium Risk
CRED-08318,CUST-08318,644,Occasional Late,2,0.7,High Risk
CRED-08319,CUST-08319,721,Occasional Late,0,0.35,Medium Risk
CRED-08320,CUST-08320,764,On-Time,0,0.12,Low Risk
CRED-08321,CUST-08321,790,On-Time,0,0.09,Low Risk
CRED-08322,CUST-08322,757,On-Time,0,0.12,Low Risk
CRED-08323,CUST-08323,673,On-Time,0,0.28,Medium Risk
CRED-08324,CUST-08324,668,Frequently Late,4,0.79,High Risk
CRED-08325,CUST-08325,738,On-Time,2,0.22,Medium Risk
CRED-08326,CUST-08326,478,Frequently Late,7,0.72,Very High Risk
CRED-08327,CUST-08327,563,Frequently Late,7,0.88,Very High Risk
CRED-08328,CUST-08328,688,On-Time,1,0.48,Medium Risk
CRED-08329,CUST-08329,731,On-Time,0,0.49,Medium Risk
CRED-08330,CUST-08330,722,On-Time,0,0.29,Medium Risk
CRED-08331,CUST-08331,700,Occasional Late,0,0.37,Medium Risk
CRED-08332,CUST-08332,593,Frequently Late,3,0.73,High Risk
CRED-08333,CUST-08333,718,Occasional Late,0,0.39,Medium Risk
CRED-08334,CUST-08334,760,On-Time,0,0.2,Low Risk
CRED-08335,CUST-08335,751,On-Time,0,0.09,Low Risk
CRED-08336,CUST-08336,615,Frequently Late,4,0.7,High Risk
CRED-08337,CUST-08337,651,Frequently Late,2,0.63,High Risk
CRED-08338,CUST-08338,677,On-Time,0,0.5,Medium Risk
CRED-08339,CUST-08339,731,On-Time,0,0.42,Medium Risk
CRED-08340,CUST-08340,485,Default Risk,5,0.71,Very High Risk
CRED-08341,CUST-08341,779,On-Time,0,0.05,Low Risk
CRED-08342,CUST-08342,734,On-Time,1,0.22,Medium Risk
CRED-08343,CUST-08343,703,Occasional Late,2,0.26,Medium Risk
CRED-08344,CUST-08344,521,Frequently Late,5,0.93,Very High Risk
CRED-08345,CUST-08345,709,On-Time,1,0.47,Medium Risk
CRED-08346,CUST-08346,561,Frequently Late,8,0.81,Very High Risk
CRED-08347,CUST-08347,705,On-Time,0,0.22,Medium Risk
CRED-08348,CUST-08348,762,On-Time,0,0.14,Low Risk
CRED-08349,CUST-08349,721,On-Time,0,0.22,Medium Risk
CRED-08350,CUST-08350,625,Frequently Late,3,0.49,High Risk
CRED-08351,CUST-08351,730,On-Time,0,0.47,Medium Risk
CRED-08352,CUST-08352,680,Occasional Late,0,0.5,Medium Risk
CRED-08353,CUST-08353,757,On-Time,0,0.07,Low Risk
CRED-08354,CUST-08354,724,Occasional Late,0,0.24,Medium Risk
CRED-08355,CUST-08355,731,On-Time,0,0.49,Medium Risk
CRED-08356,CUST-08356,670,On-Time,1,0.32,Medium Risk
CRED-08357,CUST-08357,616,Frequently Late,3,0.63,High Risk
CRED-08358,CUST-08358,525,Default Risk,8,0.76,Very High Risk
CRED-08359,CUST-08359,729,Occasional Late,2,0.46,Medium Risk
CRED-08360,CUST-08360,677,On-Time,1,0.31,Medium Risk
CRED-08361,CUST-08361,611,Occasional Late,4,0.84,High Risk
CRED-08362,CUST-08362,510,Default Risk,6,0.85,Very High Risk
CRED-08363,CUST-08363,685,On-Time,1,0.37,Medium Risk
CRED-08364,CUST-08364,697,On-Time,0,0.37,Medium Risk
CRED-08365,CUST-08365,598,Occasional Late,4,0.61,High Risk
CRED-08366,CUST-08366,590,Occasional Late,2,0.7,High Risk
CRED-08367,CUST-08367,737,On-Time,0,0.47,Medium Risk
CRED-08368,CUST-08368,680,Occasional Late,0,0.5,Medium Risk
CRED-08369,CUST-08369,634,Occasional Late,1,0.8,High Risk
CRED-08370,CUST-08370,799,On-Time,0,0.15,Low Risk
CRED-08371,CUST-08371,700,Occasional Late,1,0.31,Medium Risk
CRED-08372,CUST-08372,665,Occasional Late,4,0.62,High Risk
CRED-08373,CUST-08373,807,On-Time,0,0.2,Low Risk
CRED-08374,CUST-08374,691,On-Time,1,0.24,Medium Risk
CRED-08375,CUST-08375,752,On-Time,0,0.12,Low Risk
CRED-08376,CUST-08376,770,On-Time,0,0.11,Low Risk
CRED-08377,CUST-08377,629,Occasional Late,4,0.8,High Risk
CRED-08378,CUST-08378,710,On-Time,0,0.21,Medium Risk
CRED-08379,CUST-08379,706,On-Time,1,0.27,Medium Risk
CRED-08380,CUST-08380,567,Default Risk,9,0.7,Very High Risk
CRED-08381,CUST-08381,661,Occasional Late,4,0.51,High Risk
CRED-08382,CUST-08382,675,On-Time,1,0.35,Medium Risk
CRED-08383,CUST-08383,566,Default Risk,10,0.85,Very High Risk
CRED-08384,CUST-08384,705,On-Time,0,0.45,Medium Risk
CRED-08385,CUST-08385,658,Frequently Late,4,0.57,High Risk
CRED-08386,CUST-08386,821,On-Time,0,0.09,Low Risk
CRED-08387,CUST-08387,688,Occasional Late,0,0.43,Medium Risk
CRED-08388,CUST-08388,654,Occasional Late,3,0.76,High Risk
CRED-08389,CUST-08389,706,On-Time,0,0.42,Medium Risk
CRED-08390,CUST-08390,598,Frequently Late,1,0.47,High Risk
CRED-08391,CUST-08391,608,Occasional Late,4,0.55,High Risk
CRED-08392,CUST-08392,767,On-Time,0,0.14,Low Risk
CRED-08393,CUST-08393,612,Frequently Late,2,0.61,High Risk
CRED-08394,CUST-08394,706,On-Time,1,0.25,Medium Risk
CRED-08395,CUST-08395,691,On-Time,0,0.28,Medium Risk
CRED-08396,CUST-08396,682,Occasional Late,0,0.27,Medium Risk
CRED-08397,CUST-08397,749,On-Time,0,0.2,Medium Risk
CRED-08398,CUST-08398,788,On-Time,0,0.24,Low Risk
CRED-08399,CUST-08399,737,Occasional Late,0,0.35,Medium Risk
CRED-08400,CUST-08400,663,Frequently Late,2,0.57,High Risk
CRED-08401,CUST-08401,733,On-Time,0,0.34,Medium Risk
CRED-08402,CUST-08402,682,On-Time,0,0.21,Medium Risk
CRED-08403,CUST-08403,622,Frequently Late,2,0.66,High Risk
CRED-08404,CUST-08404,501,Default Risk,6,0.95,Very High Risk
CRED-08405,CUST-08405,732,Occasional Late,0,0.26,Medium Risk
CRED-08406,CUST-08406,624,Frequently Late,2,0.77,High Risk
CRED-08407,CUST-08407,710,On-Time,0,0.25,Medium Risk
CRED-08408,CUST-08408,507,Default Risk,10,0.92,Very High Risk
CRED-08409,CUST-08409,747,On-Time,0,0.32,Medium Risk
CRED-08410,CUST-08410,591,Frequently Late,4,0.72,High Risk
CRED-08411,CUST-08411,681,On-Time,0,0.34,Medium Risk
CRED-08412,CUST-08412,644,Occasional Late,2,0.72,High Risk
CRED-08413,CUST-08413,367,Default Risk,7,0.73,Very High Risk
CRED-08414,CUST-08414,686,Occasional Late,0,0.31,Medium Risk
CRED-08415,CUST-08415,591,Occasional Late,4,0.53,High Risk
CRED-08416,CUST-08416,663,Frequently Late,4,0.84,High Risk
CRED-08417,CUST-08417,680,Occasional Late,0,0.33,Medium Risk
CRED-08418,CUST-08418,722,On-Time,0,0.4,Medium Risk
CRED-08419,CUST-08419,719,On-Time,1,0.34,Medium Risk
CRED-08420,CUST-08420,653,Occasional Late,3,0.45,High Risk
CRED-08421,CUST-08421,709,Occasional Late,0,0.43,Medium Risk
CRED-08422,CUST-08422,657,Occasional Late,1,0.75,High Risk
CRED-08423,CUST-08423,729,On-Time,0,0.42,Medium Risk
CRED-08424,CUST-08424,690,On-Time,0,0.3,Medium Risk
CRED-08425,CUST-08425,751,On-Time,0,0.17,Low Risk
CRED-08426,CUST-08426,714,On-Time,0,0.23,Medium Risk
CRED-08427,CUST-08427,799,On-Time,0,0.22,Low Risk
CRED-08428,CUST-08428,626,Occasional Late,1,0.61,High Risk
CRED-08429,CUST-08429,691,On-Time,1,0.38,Medium Risk
CRED-08430,CUST-08430,693,On-Time,0,0.38,Medium Risk
CRED-08431,CUST-08431,712,Occasional Late,0,0.47,Medium Risk
CRED-08432,CUST-08432,582,Occasional Late,3,0.47,High Risk
CRED-08433,CUST-08433,728,On-Time,2,0.22,Medium Risk
CRED-08434,CUST-08434,775,On-Time,0,0.15,Low Risk
CRED-08435,CUST-08435,673,Occasional Late,1,0.25,Medium Risk
CRED-08436,CUST-08436,700,Occasional Late,0,0.31,Medium Risk
CRED-08437,CUST-08437,655,Occasional Late,4,0.56,High Risk
CRED-08438,CUST-08438,580,Frequently Late,2,0.6,High Risk
CRED-08439,CUST-08439,714,Occasional Late,0,0.33,Medium Risk
CRED-08440,CUST-08440,746,Occasional Late,0,0.39,Medium Risk
CRED-08441,CUST-08441,477,Frequently Late,11,0.8,Very High Risk
CRED-08442,CUST-08442,768,On-Time,1,0.19,Low Risk
CRED-08443,CUST-08443,553,Frequently Late,8,0.87,Very High Risk
CRED-08444,CUST-08444,701,Occasional Late,1,0.33,Medium Risk
CRED-08445,CUST-08445,676,On-Time,2,0.21,Medium Risk
CRED-08446,CUST-08446,766,On-Time,0,0.1,Low Risk
CRED-08447,CUST-08447,705,On-Time,0,0.21,Medium Risk
CRED-08448,CUST-08448,743,On-Time,0,0.22,Medium Risk
CRED-08449,CUST-08449,644,Occasional Late,4,0.79,High Risk
CRED-08450,CUST-08450,742,On-Time,0,0.48,Medium Risk
CRED-08451,CUST-08451,726,On-Time,0,0.49,Medium Risk
CRED-08452,CUST-08452,761,On-Time,0,0.17,Low Risk
CRED-08453,CUST-08453,724,On-Time,0,0.21,Medium Risk
CRED-08454,CUST-08454,671,On-Time,0,0.36,Medium Risk
CRED-08455,CUST-08455,795,On-Time,0,0.21,Low Risk
CRED-08456,CUST-08456,778,On-Time,0,0.14,Low Risk
CRED-08457,CUST-08457,650,Occasional Late,1,0.67,High Risk
CRED-08458,CUST-08458,705,On-Time,0,0.39,Medium Risk
CRED-08459,CUST-08459,645,Frequently Late,3,0.83,High Risk
CRED-08460,CUST-08460,735,On-Time,0,0.37,Medium Risk
CRED-08461,CUST-08461,726,Occasional Late,1,0.23,Medium Risk
CRED-08462,CUST-08462,588,Frequently Late,3,0.64,High Risk
CRED-08463,CUST-08463,721,On-Time,2,0.24,Medium Risk
CRED-08464,CUST-08464,750,On-Time,0,0.19,Low Risk
CRED-08465,CUST-08465,766,On-Time,0,0.06,Low Risk
CRED-08466,CUST-08466,712,Occasional Late,0,0.39,Medium Risk
CRED-08467,CUST-08467,535,Frequently Late,8,0.8,Very High Risk
CRED-08468,CUST-08468,314,Default Risk,9,0.88,Very High Risk
CRED-08469,CUST-08469,742,On-Time,0,0.3,Medium Risk
CRED-08470,CUST-08470,666,Occasional Late,2,0.47,High Risk
CRED-08471,CUST-08471,762,On-Time,0,0.22,Low Risk
CRED-08472,CUST-08472,704,On-Time,0,0.2,Medium Risk
CRED-08473,CUST-08473,723,On-Time,2,0.49,Medium Risk
CRED-08474,CUST-08474,777,On-Time,0,0.1,Low Risk
CRED-08475,CUST-08475,603,Occasional Late,4,0.75,High Risk
CRED-08476,CUST-08476,553,Default Risk,10,0.8,Very High Risk
CRED-08477,CUST-08477,707,On-Time,1,0.21,Medium Risk
CRED-08478,CUST-08478,449,Default Risk,9,0.78,Very High Risk
CRED-08479,CUST-08479,709,Occasional Late,0,0.4,Medium Risk
CRED-08480,CUST-08480,754,On-Time,0,0.11,Low Risk
CRED-08481,CUST-08481,702,On-Time,1,0.4,Medium Risk
CRED-08482,CUST-08482,722,Occasional Late,0,0.41,Medium Risk
CRED-08483,CUST-08483,634,Occasional Late,1,0.67,High Risk
CRED-08484,CUST-08484,587,Frequently Late,3,0.62,High Risk
CRED-08485,CUST-08485,793,On-Time,1,0.1,Low Risk
CRED-08486,CUST-08486,785,On-Time,0,0.05,Low Risk
CRED-08487,CUST-08487,728,On-Time,0,0.42,Medium Risk
CRED-08488,CUST-08488,442,Frequently Late,5,0.74,Very High Risk
CRED-08489,CUST-08489,704,On-Time,2,0.37,Medium Risk
CRED-08490,CUST-08490,765,On-Time,0,0.08,Low Risk
CRED-08491,CUST-08491,777,On-Time,0,0.25,Low Risk
CRED-08492,CUST-08492,717,On-Time,0,0.49,Medium Risk
CRED-08493,CUST-08493,740,On-Time,0,0.21,Medium Risk
CRED-08494,CUST-08494,683,Occasional Late,0,0.32,Medium Risk
CRED-08495,CUST-08495,777,On-Time,0,0.08,Low Risk
CRED-08496,CUST-08496,741,On-Time,1,0.28,Medium Risk
CRED-08497,CUST-08497,837,On-Time,0,0.09,Low Risk
CRED-08498,CUST-08498,715,Occasional Late,0,0.39,Medium Risk
CRED-08499,CUST-08499,729,Occasional Late,0,0.4,Medium Risk
CRED-08500,CUST-08500,685,Occasional Late,1,0.39,Medium Risk
CRED-08501,CUST-08501,692,Occasional Late,0,0.33,Medium Risk
CRED-08502,CUST-08502,761,On-Time,0,0.2,Low Risk
CRED-08503,CUST-08503,702,On-Time,1,0.31,Medium Risk
CRED-08504,CUST-08504,763,On-Time,0,0.11,Low Risk
CRED-08505,CUST-08505,626,Occasional Late,4,0.71,High Risk
CRED-08506,CUST-08506,713,Occasional Late,0,0.22,Medium Risk
CRED-08507,CUST-08507,680,Occasional Late,0,0.5,Medium Risk
CRED-08508,CUST-08508,757,On-Time,0,0.15,Low Risk
CRED-08509,CUST-08509,742,On-Time,0,0.25,Medium Risk
CRED-08510,CUST-08510,744,On-Time,0,0.29,Medium Risk
CRED-08511,CUST-08511,694,On-Time,2,0.39,Medium Risk
CRED-08512,CUST-08512,616,Frequently Late,3,0.59,High Risk
CRED-08513,CUST-08513,668,Occasional Late,3,0.78,High Risk
CRED-08514,CUST-08514,683,Occasional Late,0,0.48,Medium Risk
CRED-08515,CUST-08515,729,On-Time,0,0.44,Medium Risk
CRED-08516,CUST-08516,537,Frequently Late,6,0.92,Very High Risk
CRED-08517,CUST-08517,738,On-Time,1,0.26,Medium Risk
CRED-08518,CUST-08518,686,Occasional Late,0,0.4,Medium Risk
CRED-08519,CUST-08519,769,On-Time,0,0.06,Low Risk
CRED-08520,CUST-08520,620,Frequently Late,1,0.82,High Risk
CRED-08521,CUST-08521,704,On-Time,0,0.41,Medium Risk
CRED-08522,CUST-08522,685,Occasional Late,2,0.27,Medium Risk
CRED-08523,CUST-08523,668,Occasional Late,2,0.46,High Risk
CRED-08524,CUST-08524,742,On-Time,2,0.29,Medium Risk
CRED-08525,CUST-08525,773,On-Time,0,0.19,Low Risk
CRED-08526,CUST-08526,753,On-Time,0,0.24,Low Risk
CRED-08527,CUST-08527,767,On-Time,0,0.06,Low Risk
CRED-08528,CUST-08528,724,On-Time,0,0.37,Medium Risk
CRED-08529,CUST-08529,599,Occasional Late,1,0.79,High Risk
CRED-08530,CUST-08530,712,On-Time,0,0.43,Medium Risk
CRED-08531,CUST-08531,711,Occasional Late,1,0.25,Medium Risk
CRED-08532,CUST-08532,707,On-Time,1,0.4,Medium Risk
CRED-08533,CUST-08533,781,On-Time,0,0.18,Low Risk
CRED-08534,CUST-08534,705,Occasional Late,0,0.49,Medium Risk
CRED-08535,CUST-08535,627,Occasional Late,1,0.74,High Risk
CRED-08536,CUST-08536,715,On-Time,0,0.32,Medium Risk
CRED-08537,CUST-08537,661,Occasional Late,4,0.63,High Risk
CRED-08538,CUST-08538,654,Frequently Late,4,0.62,High Risk
CRED-08539,CUST-08539,743,Occasional Late,0,0.29,Medium Risk
CRED-08540,CUST-08540,675,Occasional Late,0,0.45,Medium Risk
CRED-08541,CUST-08541,716,On-Time,0,0.37,Medium Risk
CRED-08542,CUST-08542,621,Occasional Late,1,0.81,High Risk
CRED-08543,CUST-08543,678,Occasional Late,0,0.32,Medium Risk
CRED-08544,CUST-08544,754,On-Time,0,0.07,Low Risk
CRED-08545,CUST-08545,791,On-Time,1,0.13,Low Risk
CRED-08546,CUST-08546,605,Occasional Late,3,0.67,High Risk
CRED-08547,CUST-08547,599,Occasional Late,1,0.85,High Risk
CRED-08548,CUST-08548,734,On-Time,0,0.46,Medium Risk
CRED-08549,CUST-08549,710,On-Time,0,0.42,Medium Risk
CRED-08550,CUST-08550,500,Frequently Late,9,0.81,Very High Risk
CRED-08551,CUST-08551,724,Occasional Late,1,0.34,Medium Risk
CRED-08552,CUST-08552,725,Occasional Late,0,0.43,Medium Risk
CRED-08553,CUST-08553,660,Occasional Late,1,0.81,High Risk
CRED-08554,CUST-08554,799,On-Time,0,0.07,Low Risk
CRED-08555,CUST-08555,669,Occasional Late,2,0.49,High Risk
CRED-08556,CUST-08556,696,Occasional Late,0,0.39,Medium Risk
CRED-08557,CUST-08557,709,On-Time,1,0.34,Medium Risk
CRED-08558,CUST-08558,689,Occasional Late,1,0.24,Medium Risk
CRED-08559,CUST-08559,699,On-Time,0,0.25,Medium Risk
CRED-08560,CUST-08560,773,On-Time,0,0.12,Low Risk
CRED-08561,CUST-08561,700,On-Time,0,0.34,Medium Risk
CRED-08562,CUST-08562,726,On-Time,0,0.49,Medium Risk
CRED-08563,CUST-08563,819,On-Time,0,0.23,Low Risk
CRED-08564,CUST-08564,734,On-Time,0,0.28,Medium Risk
CRED-08565,CUST-08565,693,On-Time,0,0.24,Medium Risk
CRED-08566,CUST-08566,717,Occasional Late,2,0.41,Medium Risk
CRED-08567,CUST-08567,637,Occasional Late,4,0.71,High Risk
CRED-08568,CUST-08568,628,Frequently Late,2,0.57,High Risk
CRED-08569,CUST-08569,776,On-Time,0,0.2,Low Risk
CRED-08570,CUST-08570,756,On-Time,0,0.2,Low Risk
CRED-08571,CUST-08571,718,On-Time,0,0.5,Medium Risk
CRED-08572,CUST-08572,684,Occasional Late,0,0.39,Medium Risk
CRED-08573,CUST-08573,682,On-Time,0,0.28,Medium Risk
CRED-08574,CUST-08574,706,On-Time,1,0.36,Medium Risk
CRED-08575,CUST-08575,727,On-Time,0,0.25,Medium Risk
CRED-08576,CUST-08576,703,On-Time,0,0.27,Medium Risk
CRED-08577,CUST-08577,707,Occasional Late,1,0.28,Medium Risk
CRED-08578,CUST-08578,749,On-Time,0,0.2,Medium Risk
CRED-08579,CUST-08579,648,Occasional Late,4,0.5,High Risk
CRED-08580,CUST-08580,676,On-Time,0,0.41,Medium Risk
CRED-08581,CUST-08581,754,On-Time,0,0.11,Low Risk
CRED-08582,CUST-08582,750,On-Time,0,0.11,Low Risk
CRED-08583,CUST-08583,715,On-Time,0,0.44,Medium Risk
CRED-08584,CUST-08584,679,On-Time,0,0.45,Medium Risk
CRED-08585,CUST-08585,762,On-Time,0,0.19,Low Risk
CRED-08586,CUST-08586,729,On-Time,0,0.21,Medium Risk
CRED-08587,CUST-08587,738,On-Time,0,0.43,Medium Risk
CRED-08588,CUST-08588,719,Occasional Late,1,0.33,Medium Risk
CRED-08589,CUST-08589,645,Occasional Late,4,0.51,High Risk
CRED-08590,CUST-08590,519,Default Risk,7,0.8,Very High Risk
CRED-08591,CUST-08591,699,On-Time,0,0.29,Medium Risk
CRED-08592,CUST-08592,814,On-Time,0,0.12,Low Risk
CRED-08593,CUST-08593,686,On-Time,0,0.21,Medium Risk
CRED-08594,CUST-08594,686,Occasional Late,1,0.4,Medium Risk
CRED-08595,CUST-08595,692,Occasional Late,0,0.45,Medium Risk
CRED-08596,CUST-08596,674,On-Time,0,0.41,Medium Risk
CRED-08597,CUST-08597,684,Occasional Late,1,0.2,Medium Risk
CRED-08598,CUST-08598,723,On-Time,0,0.5,Medium Risk
CRED-08599,CUST-08599,786,On-Time,0,0.24,Low Risk
CRED-08600,CUST-08600,786,On-Time,0,0.19,Low Risk
CRED-08601,CUST-08601,663,Frequently Late,4,0.72,High Risk
CRED-08602,CUST-08602,716,On-Time,1,0.23,Medium Risk
CRED-08603,CUST-08603,685,On-Time,0,0.43,Medium Risk
CRED-08604,CUST-08604,648,Occasional Late,3,0.76,High Risk
CRED-08605,CUST-08605,625,Frequently Late,4,0.64,High Risk
CRED-08606,CUST-08606,745,Occasional Late,2,0.24,Medium Risk
CRED-08607,CUST-08607,688,On-Time,0,0.44,Medium Risk
CRED-08608,CUST-08608,739,On-Time,0,0.43,Medium Risk
CRED-08609,CUST-08609,710,Occasional Late,0,0.29,Medium Risk
CRED-08610,CUST-08610,766,On-Time,0,0.13,Low Risk
CRED-08611,CUST-08611,739,On-Time,0,0.48,Medium Risk
CRED-08612,CUST-08612,709,On-Time,0,0.24,Medium Risk
CRED-08613,CUST-08613,707,On-Time,0,0.32,Medium Risk
CRED-08614,CUST-08614,701,Occasional Late,0,0.38,Medium Risk
CRED-08615,CUST-08615,651,Occasional Late,1,0.54,High Risk
CRED-08616,CUST-08616,754,On-Time,0,0.06,Low Risk
CRED-08617,CUST-08617,757,On-Time,0,0.19,Low Risk
CRED-08618,CUST-08618,746,On-Time,1,0.45,Medium Risk
CRED-08619,CUST-08619,779,On-Time,0,0.15,Low Risk
CRED-08620,CUST-08620,723,Occasional Late,0,0.48,Medium Risk
CRED-08621,CUST-08621,782,On-Time,0,0.12,Low Risk
CRED-08622,CUST-08622,666,Frequently Late,2,0.56,High Risk
CRED-08623,CUST-08623,708,On-Time,0,0.23,Medium Risk
CRED-08624,CUST-08624,609,Occasional Late,1,0.7,High Risk
CRED-08625,CUST-08625,720,On-Time,0,0.38,Medium Risk
CRED-08626,CUST-08626,759,On-Time,0,0.25,Low Risk
CRED-08627,CUST-08627,570,Default Risk,7,0.96,Very High Risk
CRED-08628,CUST-08628,673,On-Time,0,0.28,Medium Risk
CRED-08629,CUST-08629,774,On-Time,0,0.22,Low Risk
CRED-08630,CUST-08630,725,On-Time,0,0.29,Medium Risk
CRED-08631,CUST-08631,731,Occasional Late,0,0.31,Medium Risk
CRED-08632,CUST-08632,718,On-Time,0,0.39,Medium Risk
CRED-08633,CUST-08633,736,On-Time,0,0.26,Medium Risk
CRED-08634,CUST-08634,642,Occasional Late,1,0.48,High Risk
CRED-08635,CUST-08635,589,Frequently Late,4,0.5,High Risk
CRED-08636,CUST-08636,694,On-Time,0,0.47,Medium Risk
CRED-08637,CUST-08637,663,Frequently Late,3,0.75,High Risk
CRED-08638,CUST-08638,690,On-Time,0,0.41,Medium Risk
CRED-08639,CUST-08639,703,On-Time,0,0.35,Medium Risk
CRED-08640,CUST-08640,735,On-Time,1,0.26,Medium Risk
CRED-08641,CUST-08641,661,Occasional Late,3,0.73,High Risk
CRED-08642,CUST-08642,707,Occasional Late,1,0.3,Medium Risk
CRED-08643,CUST-08643,716,On-Time,1,0.22,Medium Risk
CRED-08644,CUST-08644,694,On-Time,0,0.44,Medium Risk
CRED-08645,CUST-08645,591,Frequently Late,1,0.68,High Risk
CRED-08646,CUST-08646,680,Occasional Late,0,0.22,Medium Risk
CRED-08647,CUST-08647,792,On-Time,0,0.21,Low Risk
CRED-08648,CUST-08648,677,On-Time,0,0.32,Medium Risk
CRED-08649,CUST-08649,615,Occasional Late,4,0.48,High Risk
CRED-08650,CUST-08650,647,Occasional Late,1,0.61,High Risk
CRED-08651,CUST-08651,671,On-Time,1,0.45,Medium Risk
CRED-08652,CUST-08652,444,Frequently Late,8,0.8,Very High Risk
CRED-08653,CUST-08653,615,Occasional Late,4,0.52,High Risk
CRED-08654,CUST-08654,697,Occasional Late,1,0.43,Medium Risk
CRED-08655,CUST-08655,755,On-Time,1,0.15,Low Risk
CRED-08656,CUST-08656,747,Occasional Late,0,0.42,Medium Risk
CRED-08657,CUST-08657,694,On-Time,0,0.23,Medium Risk
CRED-08658,CUST-08658,703,On-Time,0,0.32,Medium Risk
CRED-08659,CUST-08659,686,On-Time,0,0.39,Medium Risk
CRED-08660,CUST-08660,795,On-Time,0,0.17,Low Risk
CRED-08661,CUST-08661,660,Frequently Late,3,0.64,High Risk
CRED-08662,CUST-08662,672,On-Time,0,0.41,Medium Risk
CRED-08663,CUST-08663,716,Occasional Late,0,0.37,Medium Risk
CRED-08664,CUST-08664,602,Occasional Late,3,0.46,High Risk
CRED-08665,CUST-08665,727,On-Time,0,0.35,Medium Risk
CRED-08666,CUST-08666,733,On-Time,0,0.46,Medium Risk
CRED-08667,CUST-08667,742,Occasional Late,1,0.49,Medium Risk
CRED-08668,CUST-08668,667,Occasional Late,4,0.54,High Risk
CRED-08669,CUST-08669,714,On-Time,2,0.47,Medium Risk
CRED-08670,CUST-08670,681,On-Time,0,0.29,Medium Risk
CRED-08671,CUST-08671,700,On-Time,0,0.32,Medium Risk
CRED-08672,CUST-08672,740,Occasional Late,0,0.21,Medium Risk
CRED-08673,CUST-08673,765,On-Time,0,0.14,Low Risk
CRED-08674,CUST-08674,667,Frequently Late,1,0.68,High Risk
CRED-08675,CUST-08675,737,On-Time,1,0.4,Medium Risk
CRED-08676,CUST-08676,767,On-Time,0,0.18,Low Risk
CRED-08677,CUST-08677,730,On-Time,0,0.25,Medium Risk
CRED-08678,CUST-08678,748,On-Time,0,0.25,Medium Risk
CRED-08679,CUST-08679,561,Frequently Late,11,0.8,Very High Risk
CRED-08680,CUST-08680,686,On-Time,0,0.23,Medium Risk
CRED-08681,CUST-08681,743,On-Time,2,0.38,Medium Risk
CRED-08682,CUST-08682,720,Occasional Late,1,0.29,Medium Risk
CRED-08683,CUST-08683,710,On-Time,1,0.4,Medium Risk
CRED-08684,CUST-08684,746,On-Time,0,0.45,Medium Risk
CRED-08685,CUST-08685,574,Default Risk,5,0.73,Very High Risk
CRED-08686,CUST-08686,792,On-Time,0,0.18,Low Risk
CRED-08687,CUST-08687,713,Occasional Late,1,0.41,Medium Risk
CRED-08688,CUST-08688,679,On-Time,0,0.42,Medium Risk
CRED-08689,CUST-08689,689,On-Time,1,0.48,Medium Risk
CRED-08690,CUST-08690,650,Frequently Late,1,0.49,High Risk
CRED-08691,CUST-08691,788,On-Time,0,0.25,Low Risk
CRED-08692,CUST-08692,694,On-Time,1,0.37,Medium Risk
CRED-08693,CUST-08693,748,On-Time,0,0.49,Medium Risk
CRED-08694,CUST-08694,763,On-Time,0,0.25,Low Risk
CRED-08695,CUST-08695,723,On-Time,0,0.46,Medium Risk
CRED-08696,CUST-08696,707,On-Time,1,0.31,Medium Risk
CRED-08697,CUST-08697,763,On-Time,1,0.1,Low Risk
CRED-08698,CUST-08698,759,On-Time,0,0.05,Low Risk
CRED-08699,CUST-08699,623,Frequently Late,1,0.74,High Risk
CRED-08700,CUST-08700,639,Occasional Late,4,0.59,High Risk
CRED-08701,CUST-08701,652,Occasional Late,2,0.8,High Risk
CRED-08702,CUST-08702,693,On-Time,2,0.44,Medium Risk
CRED-08703,CUST-08703,558,Frequently Late,11,0.84,Very High Risk
CRED-08704,CUST-08704,789,On-Time,0,0.18,Low Risk
CRED-08705,CUST-08705,774,On-Time,0,0.23,Low Risk
CRED-08706,CUST-08706,823,On-Time,0,0.18,Low Risk
CRED-08707,CUST-08707,743,On-Time,0,0.42,Medium Risk
CRED-08708,CUST-08708,760,On-Time,0,0.1,Low Risk
CRED-08709,CUST-08709,715,Occasional Late,0,0.29,Medium Risk
CRED-08710,CUST-08710,673,On-Time,0,0.25,Medium Risk
CRED-08711,CUST-08711,708,On-Time,0,0.48,Medium Risk
CRED-08712,CUST-08712,640,Occasional Late,3,0.61,High Risk
CRED-08713,CUST-08713,758,On-Time,0,0.24,Low Risk
CRED-08714,CUST-08714,622,Occasional Late,1,0.54,High Risk
CRED-08715,CUST-08715,719,Occasional Late,0,0.29,Medium Risk
CRED-08716,CUST-08716,694,Occasional Late,1,0.21,Medium Risk
CRED-08717,CUST-08717,753,On-Time,0,0.15,Low Risk
CRED-08718,CUST-08718,742,Occasional Late,0,0.3,Medium Risk
CRED-08719,CUST-08719,743,On-Time,0,0.44,Medium Risk
CRED-08720,CUST-08720,583,Frequently Late,2,0.61,High Risk
CRED-08721,CUST-08721,804,On-Time,0,0.21,Low Risk
CRED-08722,CUST-08722,757,On-Time,0,0.22,Low Risk
CRED-08723,CUST-08723,696,On-Time,0,0.36,Medium Risk
CRED-08724,CUST-08724,780,On-Time,0,0.16,Low Risk
CRED-08725,CUST-08725,693,On-Time,0,0.42,Medium Risk
CRED-08726,CUST-08726,689,Occasional Late,0,0.42,Medium Risk
CRED-08727,CUST-08727,680,On-Time,0,0.42,Medium Risk
CRED-08728,CUST-08728,705,On-Time,0,0.22,Medium Risk
CRED-08729,CUST-08729,777,On-Time,0,0.19,Low Risk
CRED-08730,CUST-08730,684,On-Time,0,0.38,Medium Risk
CRED-08731,CUST-08731,608,Occasional Late,2,0.74,High Risk
CRED-08732,CUST-08732,546,Default Risk,7,0.92,Very High Risk
CRED-08733,CUST-08733,599,Occasional Late,4,0.52,High Risk
CRED-08734,CUST-08734,698,On-Time,0,0.3,Medium Risk
CRED-08735,CUST-08735,591,Frequently Late,2,0.72,High Risk
CRED-08736,CUST-08736,715,On-Time,0,0.33,Medium Risk
CRED-08737,CUST-08737,727,On-Time,1,0.47,Medium Risk
CRED-08738,CUST-08738,642,Frequently Late,3,0.55,High Risk
CRED-08739,CUST-08739,643,Occasional Late,2,0.82,High Risk
CRED-08740,CUST-08740,680,Occasional Late,0,0.43,Medium Risk
CRED-08741,CUST-08741,756,On-Time,0,0.14,Low Risk
CRED-08742,CUST-08742,719,On-Time,0,0.26,Medium Risk
CRED-08743,CUST-08743,719,On-Time,0,0.28,Medium Risk
CRED-08744,CUST-08744,741,On-Time,0,0.48,Medium Risk
CRED-08745,CUST-08745,605,Occasional Late,4,0.72,High Risk
CRED-08746,CUST-08746,711,Occasional Late,0,0.23,Medium Risk
CRED-08747,CUST-08747,702,Occasional Late,0,0.25,Medium Risk
CRED-08748,CUST-08748,560,Frequently Late,5,0.73,Very High Risk
CRED-08749,CUST-08749,751,On-Time,0,0.11,Low Risk
CRED-08750,CUST-08750,730,Occasional Late,0,0.31,Medium Risk
CRED-08751,CUST-08751,708,Occasional Late,1,0.39,Medium Risk
CRED-08752,CUST-08752,741,Occasional Late,0,0.28,Medium Risk
CRED-08753,CUST-08753,806,On-Time,0,0.13,Low Risk
CRED-08754,CUST-08754,699,Occasional Late,0,0.31,Medium Risk
CRED-08755,CUST-08755,804,On-Time,0,0.24,Low Risk
CRED-08756,CUST-08756,678,Occasional Late,0,0.44,Medium Risk
CRED-08757,CUST-08757,679,On-Time,0,0.21,Medium Risk
CRED-08758,CUST-08758,755,On-Time,0,0.17,Low Risk
CRED-08759,CUST-08759,711,On-Time,2,0.28,Medium Risk
CRED-08760,CUST-08760,770,On-Time,0,0.1,Low Risk
CRED-08761,CUST-08761,694,On-Time,0,0.26,Medium Risk
CRED-08762,CUST-08762,771,On-Time,0,0.16,Low Risk
CRED-08763,CUST-08763,607,Frequently Late,2,0.72,High Risk
CRED-08764,CUST-08764,743,Occasional Late,0,0.47,Medium Risk
CRED-08765,CUST-08765,625,Occasional Late,4,0.65,High Risk
CRED-08766,CUST-08766,669,Occasional Late,1,0.47,High Risk
CRED-08767,CUST-08767,658,Frequently Late,3,0.59,High Risk
CRED-08768,CUST-08768,670,On-Time,2,0.48,Medium Risk
CRED-08769,CUST-08769,513,Default Risk,11,0.81,Very High Risk
CRED-08770,CUST-08770,733,Occasional Late,2,0.23,Medium Risk
CRED-08771,CUST-08771,612,Frequently Late,1,0.8,High Risk
CRED-08772,CUST-08772,766,On-Time,0,0.23,Low Risk
CRED-08773,CUST-08773,730,Occasional Late,0,0.26,Medium Risk
CRED-08774,CUST-08774,716,On-Time,1,0.28,Medium Risk
CRED-08775,CUST-08775,630,Frequently Late,1,0.73,High Risk
CRED-08776,CUST-08776,670,On-Time,0,0.37,Medium Risk
CRED-08777,CUST-08777,679,On-Time,0,0.3,Medium Risk
CRED-08778,CUST-08778,685,Occasional Late,1,0.45,Medium Risk
CRED-08779,CUST-08779,645,Occasional Late,4,0.85,High Risk
CRED-08780,CUST-08780,715,On-Time,2,0.3,Medium Risk
CRED-08781,CUST-08781,691,Occasional Late,0,0.23,Medium Risk
CRED-08782,CUST-08782,731,On-Time,2,0.27,Medium Risk
CRED-08783,CUST-08783,752,On-Time,0,0.06,Low Risk
CRED-08784,CUST-08784,532,Frequently Late,8,0.73,Very High Risk
CRED-08785,CUST-08785,708,Occasional Late,1,0.48,Medium Risk
CRED-08786,CUST-08786,718,Occasional Late,2,0.46,Medium Risk
CRED-08787,CUST-08787,589,Frequently Late,3,0.53,High Risk
CRED-08788,CUST-08788,770,On-Time,0,0.19,Low Risk
CRED-08789,CUST-08789,711,On-Time,2,0.2,Medium Risk
CRED-08790,CUST-08790,599,Occasional Late,1,0.67,High Risk
CRED-08791,CUST-08791,701,Occasional Late,0,0.38,Medium Risk
CRED-08792,CUST-08792,764,On-Time,0,0.13,Low Risk
CRED-08793,CUST-08793,666,Frequently Late,4,0.75,High Risk
CRED-08794,CUST-08794,676,Occasional Late,0,0.24,Medium Risk
CRED-08795,CUST-08795,656,Occasional Late,4,0.66,High Risk
CRED-08796,CUST-08796,554,Frequently Late,8,0.87,Very High Risk
CRED-08797,CUST-08797,464,Default Risk,4,0.86,Very High Risk
CRED-08798,CUST-08798,727,On-Time,0,0.36,Medium Risk
CRED-08799,CUST-08799,718,On-Time,0,0.34,Medium Risk
CRED-08800,CUST-08800,780,On-Time,0,0.24,Low Risk
CRED-08801,CUST-08801,518,Frequently Late,5,0.75,Very High Risk
CRED-08802,CUST-08802,756,On-Time,0,0.07,Low Risk
CRED-08803,CUST-08803,640,Frequently Late,4,0.61,High Risk
CRED-08804,CUST-08804,688,On-Time,0,0.48,Medium Risk
CRED-08805,CUST-08805,697,On-Time,0,0.2,Medium Risk
CRED-08806,CUST-08806,705,On-Time,2,0.42,Medium Risk
CRED-08807,CUST-08807,753,On-Time,0,0.12,Low Risk
CRED-08808,CUST-08808,725,On-Time,0,0.49,Medium Risk
CRED-08809,CUST-08809,731,On-Time,0,0.27,Medium Risk
CRED-08810,CUST-08810,740,On-Time,0,0.21,Medium Risk
CRED-08811,CUST-08811,754,On-Time,0,0.08,Low Risk
CRED-08812,CUST-08812,632,Frequently Late,1,0.81,High Risk
CRED-08813,CUST-08813,724,On-Time,1,0.42,Medium Risk
CRED-08814,CUST-08814,693,On-Time,0,0.31,Medium Risk
CRED-08815,CUST-08815,544,Frequently Late,9,0.8,Very High Risk
CRED-08816,CUST-08816,686,On-Time,0,0.37,Medium Risk
CRED-08817,CUST-08817,720,On-Time,2,0.21,Medium Risk
CRED-08818,CUST-08818,602,Occasional Late,1,0.63,High Risk
CRED-08819,CUST-08819,711,On-Time,0,0.41,Medium Risk
CRED-08820,CUST-08820,614,Occasional Late,1,0.75,High Risk
CRED-08821,CUST-08821,717,On-Time,1,0.2,Medium Risk
CRED-08822,CUST-08822,499,Default Risk,8,0.75,Very High Risk
CRED-08823,CUST-08823,722,On-Time,0,0.33,Medium Risk
CRED-08824,CUST-08824,649,Frequently Late,2,0.7,High Risk
CRED-08825,CUST-08825,739,Occasional Late,2,0.24,Medium Risk
CRED-08826,CUST-08826,678,On-Time,0,0.29,Medium Risk
CRED-08827,CUST-08827,482,Default Risk,4,0.76,Very High Risk
CRED-08828,CUST-08828,682,On-Time,0,0.48,Medium Risk
CRED-08829,CUST-08829,724,Occasional Late,0,0.48,Medium Risk
CRED-08830,CUST-08830,655,Occasional Late,4,0.64,High Risk
CRED-08831,CUST-08831,513,Frequently Late,8,0.85,Very High Risk
CRED-08832,CUST-08832,627,Occasional Late,1,0.83,High Risk
CRED-08833,CUST-08833,735,Occasional Late,1,0.24,Medium Risk
CRED-08834,CUST-08834,534,Frequently Late,5,0.89,Very High Risk
CRED-08835,CUST-08835,720,On-Time,0,0.27,Medium Risk
CRED-08836,CUST-08836,735,On-Time,1,0.21,Medium Risk
CRED-08837,CUST-08837,651,Frequently Late,3,0.64,High Risk
CRED-08838,CUST-08838,781,On-Time,1,0.1,Low Risk
CRED-08839,CUST-08839,600,Frequently Late,2,0.76,High Risk
CRED-08840,CUST-08840,693,On-Time,0,0.41,Medium Risk
CRED-08841,CUST-08841,672,On-Time,1,0.33,Medium Risk
CRED-08842,CUST-08842,672,On-Time,0,0.32,Medium Risk
CRED-08843,CUST-08843,728,Occasional Late,0,0.4,Medium Risk
CRED-08844,CUST-08844,708,Occasional Late,0,0.36,Medium Risk
CRED-08845,CUST-08845,771,On-Time,0,0.25,Low Risk
CRED-08846,CUST-08846,753,On-Time,0,0.05,Low Risk
CRED-08847,CUST-08847,671,On-Time,0,0.29,Medium Risk
CRED-08848,CUST-08848,804,On-Time,0,0.16,Low Risk
CRED-08849,CUST-08849,752,On-Time,0,0.13,Low Risk
CRED-08850,CUST-08850,722,On-Time,0,0.21,Medium Risk
CRED-08851,CUST-08851,479,Default Risk,5,0.96,Very High Risk
CRED-08852,CUST-08852,693,On-Time,0,0.45,Medium Risk
CRED-08853,CUST-08853,755,On-Time,0,0.2,Low Risk
CRED-08854,CUST-08854,646,Frequently Late,4,0.79,High Risk
CRED-08855,CUST-08855,719,Occasional Late,0,0.5,Medium Risk
CRED-08856,CUST-08856,674,On-Time,1,0.25,Medium Risk
CRED-08857,CUST-08857,590,Occasional Late,4,0.6,High Risk
CRED-08858,CUST-08858,775,On-Time,0,0.09,Low Risk
CRED-08859,CUST-08859,750,On-Time,0,0.23,Low Risk
CRED-08860,CUST-08860,595,Frequently Late,4,0.63,High Risk
CRED-08861,CUST-08861,642,Occasional Late,4,0.54,High Risk
CRED-08862,CUST-08862,702,Occasional Late,0,0.35,Medium Risk
CRED-08863,CUST-08863,680,Occasional Late,1,0.48,Medium Risk
CRED-08864,CUST-08864,551,Default Risk,6,0.72,Very High Risk
CRED-08865,CUST-08865,733,On-Time,0,0.24,Medium Risk
CRED-08866,CUST-08866,750,On-Time,0,0.12,Low Risk
CRED-08867,CUST-08867,761,On-Time,0,0.17,Low Risk
CRED-08868,CUST-08868,606,Frequently Late,2,0.82,High Risk
CRED-08869,CUST-08869,622,Occasional Late,1,0.52,High Risk
CRED-08870,CUST-08870,783,On-Time,0,0.24,Low Risk
CRED-08871,CUST-08871,811,On-Time,0,0.22,Low Risk
CRED-08872,CUST-08872,691,On-Time,1,0.31,Medium Risk
CRED-08873,CUST-08873,718,Occasional Late,0,0.4,Medium Risk
CRED-08874,CUST-08874,770,On-Time,0,0.18,Low Risk
CRED-08875,CUST-08875,758,On-Time,0,0.07,Low Risk
CRED-08876,CUST-08876,597,Frequently Late,4,0.49,High Risk
CRED-08877,CUST-08877,725,On-Time,1,0.33,Medium Risk
CRED-08878,CUST-08878,704,Occasional Late,0,0.35,Medium Risk
CRED-08879,CUST-08879,719,On-Time,2,0.32,Medium Risk
CRED-08880,CUST-08880,702,On-Time,0,0.38,Medium Risk
CRED-08881,CUST-08881,783,On-Time,0,0.21,Low Risk
CRED-08882,CUST-08882,686,On-Time,0,0.46,Medium Risk
CRED-08883,CUST-08883,699,Occasional Late,0,0.29,Medium Risk
CRED-08884,CUST-08884,710,On-Time,0,0.22,Medium Risk
CRED-08885,CUST-08885,635,Occasional Late,4,0.47,High Risk
CRED-08886,CUST-08886,779,On-Time,0,0.15,Low Risk
CRED-08887,CUST-08887,641,Occasional Late,4,0.47,High Risk
CRED-08888,CUST-08888,695,On-Time,0,0.47,Medium Risk
CRED-08889,CUST-08889,735,On-Time,0,0.5,Medium Risk
CRED-08890,CUST-08890,733,On-Time,0,0.29,Medium Risk
CRED-08891,CUST-08891,698,On-Time,0,0.21,Medium Risk
CRED-08892,CUST-08892,736,On-Time,0,0.34,Medium Risk
CRED-08893,CUST-08893,728,On-Time,0,0.41,Medium Risk
CRED-08894,CUST-08894,545,Default Risk,5,0.82,Very High Risk
CRED-08895,CUST-08895,608,Frequently Late,3,0.62,High Risk
CRED-08896,CUST-08896,765,On-Time,0,0.06,Low Risk
CRED-08897,CUST-08897,677,On-Time,0,0.32,Medium Risk
CRED-08898,CUST-08898,690,Occasional Late,0,0.35,Medium Risk
CRED-08899,CUST-08899,604,Occasional Late,1,0.55,High Risk
CRED-08900,CUST-08900,611,Frequently Late,4,0.52,High Risk
CRED-08901,CUST-08901,655,Frequently Late,3,0.67,High Risk
CRED-08902,CUST-08902,686,On-Time,1,0.42,Medium Risk
CRED-08903,CUST-08903,712,On-Time,1,0.2,Medium Risk
CRED-08904,CUST-08904,397,Default Risk,7,0.83,Very High Risk
CRED-08905,CUST-08905,622,Frequently Late,1,0.57,High Risk
CRED-08906,CUST-08906,791,On-Time,0,0.13,Low Risk
CRED-08907,CUST-08907,662,Frequently Late,1,0.54,High Risk
CRED-08908,CUST-08908,685,On-Time,2,0.33,Medium Risk
CRED-08909,CUST-08909,738,On-Time,0,0.49,Medium Risk
CRED-08910,CUST-08910,658,Frequently Late,1,0.51,High Risk
CRED-08911,CUST-08911,745,On-Time,1,0.44,Medium Risk
CRED-08912,CUST-08912,646,Frequently Late,4,0.82,High Risk
CRED-08913,CUST-08913,732,Occasional Late,2,0.41,Medium Risk
CRED-08914,CUST-08914,664,Occasional Late,2,0.74,High Risk
CRED-08915,CUST-08915,645,Frequently Late,4,0.78,High Risk
CRED-08916,CUST-08916,670,On-Time,0,0.33,Medium Risk
CRED-08917,CUST-08917,780,On-Time,0,0.12,Low Risk
CRED-08918,CUST-08918,770,On-Time,0,0.25,Low Risk
CRED-08919,CUST-08919,695,Occasional Late,0,0.46,Medium Risk
CRED-08920,CUST-08920,794,On-Time,0,0.21,Low Risk
CRED-08921,CUST-08921,622,Frequently Late,2,0.66,High Risk
CRED-08922,CUST-08922,665,Occasional Late,2,0.75,High Risk
CRED-08923,CUST-08923,674,Occasional Late,0,0.43,Medium Risk
CRED-08924,CUST-08924,738,Occasional Late,0,0.29,Medium Risk
CRED-08925,CUST-08925,770,On-Time,0,0.16,Low Risk
CRED-08926,CUST-08926,812,On-Time,0,0.2,Low Risk
CRED-08927,CUST-08927,757,On-Time,0,0.13,Low Risk
CRED-08928,CUST-08928,690,On-Time,0,0.23,Medium Risk
CRED-08929,CUST-08929,684,On-Time,1,0.29,Medium Risk
CRED-08930,CUST-08930,674,On-Time,1,0.38,Medium Risk
CRED-08931,CUST-08931,748,Occasional Late,0,0.35,Medium Risk
CRED-08932,CUST-08932,648,Occasional Late,4,0.76,High Risk
CRED-08933,CUST-08933,690,On-Time,0,0.5,Medium Risk
CRED-08934,CUST-08934,696,On-Time,0,0.44,Medium Risk
CRED-08935,CUST-08935,690,On-Time,1,0.38,Medium Risk
CRED-08936,CUST-08936,681,On-Time,2,0.29,Medium Risk
CRED-08937,CUST-08937,766,On-Time,0,0.21,Low Risk
CRED-08938,CUST-08938,612,Occasional Late,3,0.81,High Risk
CRED-08939,CUST-08939,754,On-Time,0,0.12,Low Risk
CRED-08940,CUST-08940,692,Occasional Late,0,0.29,Medium Risk
CRED-08941,CUST-08941,653,Frequently Late,1,0.55,High Risk
CRED-08942,CUST-08942,673,On-Time,1,0.46,Medium Risk
CRED-08943,CUST-08943,692,On-Time,2,0.22,Medium Risk
CRED-08944,CUST-08944,766,On-Time,0,0.21,Low Risk
CRED-08945,CUST-08945,730,On-Time,0,0.25,Medium Risk
CRED-08946,CUST-08946,665,Frequently Late,1,0.84,High Risk
CRED-08947,CUST-08947,631,Occasional Late,1,0.82,High Risk
CRED-08948,CUST-08948,655,Occasional Late,2,0.6,High Risk
CRED-08949,CUST-08949,716,On-Time,1,0.34,Medium Risk
CRED-08950,CUST-08950,778,On-Time,0,0.1,Low Risk
CRED-08951,CUST-08951,684,Occasional Late,1,0.34,Medium Risk
CRED-08952,CUST-08952,703,On-Time,0,0.28,Medium Risk
CRED-08953,CUST-08953,714,On-Time,2,0.38,Medium Risk
CRED-08954,CUST-08954,789,On-Time,0,0.16,Low Risk
CRED-08955,CUST-08955,682,On-Time,1,0.32,Medium Risk
CRED-08956,CUST-08956,744,Occasional Late,1,0.25,Medium Risk
CRED-08957,CUST-08957,728,On-Time,0,0.44,Medium Risk
CRED-08958,CUST-08958,751,On-Time,0,0.07,Low Risk
CRED-08959,CUST-08959,692,On-Time,0,0.24,Medium Risk
CRED-08960,CUST-08960,676,On-Time,0,0.33,Medium Risk
CRED-08961,CUST-08961,744,Occasional Late,0,0.2,Medium Risk
CRED-08962,CUST-08962,735,Occasional Late,1,0.39,Medium Risk
CRED-08963,CUST-08963,718,On-Time,0,0.35,Medium Risk
CRED-08964,CUST-08964,519,Default Risk,10,0.86,Very High Risk
CRED-08965,CUST-08965,726,On-Time,0,0.36,Medium Risk
CRED-08966,CUST-08966,665,Frequently Late,4,0.82,High Risk
CRED-08967,CUST-08967,726,Occasional Late,1,0.24,Medium Risk
CRED-08968,CUST-08968,667,Frequently Late,4,0.6,High Risk
CRED-08969,CUST-08969,524,Default Risk,11,0.83,Very High Risk
CRED-08970,CUST-08970,759,On-Time,0,0.2,Low Risk
CRED-08971,CUST-08971,674,On-Time,1,0.41,Medium Risk
CRED-08972,CUST-08972,748,On-Time,0,0.44,Medium Risk
CRED-08973,CUST-08973,671,Occasional Late,0,0.28,Medium Risk
CRED-08974,CUST-08974,653,Occasional Late,2,0.74,High Risk
CRED-08975,CUST-08975,796,On-Time,0,0.11,Low Risk
CRED-08976,CUST-08976,645,Occasional Late,1,0.82,High Risk
CRED-08977,CUST-08977,656,Occasional Late,4,0.61,High Risk
CRED-08978,CUST-08978,757,On-Time,0,0.15,Low Risk
CRED-08979,CUST-08979,669,Frequently Late,2,0.47,High Risk
CRED-08980,CUST-08980,724,On-Time,0,0.41,Medium Risk
CRED-08981,CUST-08981,722,On-Time,1,0.21,Medium Risk
CRED-08982,CUST-08982,682,Occasional Late,2,0.32,Medium Risk
CRED-08983,CUST-08983,752,On-Time,0,0.08,Low Risk
CRED-08984,CUST-08984,666,Frequently Late,1,0.82,High Risk
CRED-08985,CUST-08985,706,On-Time,0,0.33,Medium Risk
CRED-08986,CUST-08986,607,Frequently Late,2,0.62,High Risk
CRED-08987,CUST-08987,489,Default Risk,9,0.81,Very High Risk
CRED-08988,CUST-08988,685,Occasional Late,0,0.21,Medium Risk
CRED-08989,CUST-08989,657,Occasional Late,2,0.58,High Risk
CRED-08990,CUST-08990,739,On-Time,0,0.48,Medium Risk
CRED-08991,CUST-08991,704,On-Time,0,0.46,Medium Risk
CRED-08992,CUST-08992,731,Occasional Late,2,0.21,Medium Risk
CRED-08993,CUST-08993,750,On-Time,0,0.15,Low Risk
CRED-08994,CUST-08994,661,Occasional Late,3,0.83,High Risk
CRED-08995,CUST-08995,750,On-Time,0,0.11,Low Risk
CRED-08996,CUST-08996,748,Occasional Late,0,0.26,Medium Risk
CRED-08997,CUST-08997,624,Frequently Late,2,0.78,High Risk
CRED-08998,CUST-08998,743,On-Time,1,0.36,Medium Risk
CRED-08999,CUST-08999,565,Default Risk,6,0.76,Very High Risk
CRED-09000,CUST-09000,705,Occasional Late,1,0.24,Medium Risk
CRED-09001,CUST-09001,754,On-Time,0,0.14,Low Risk
CRED-09002,CUST-09002,641,Occasional Late,3,0.78,High Risk
CRED-09003,CUST-09003,662,Frequently Late,3,0.66,High Risk
CRED-09004,CUST-09004,764,On-Time,0,0.23,Low Risk
CRED-09005,CUST-09005,616,Occasional Late,2,0.68,High Risk
CRED-09006,CUST-09006,707,On-Time,0,0.44,Medium Risk
CRED-09007,CUST-09007,850,On-Time,0,0.16,Low Risk
CRED-09008,CUST-09008,630,Frequently Late,1,0.48,High Risk
CRED-09009,CUST-09009,652,Frequently Late,2,0.74,High Risk
CRED-09010,CUST-09010,691,On-Time,0,0.32,Medium Risk
CRED-09011,CUST-09011,651,Occasional Late,4,0.47,High Risk
CRED-09012,CUST-09012,752,On-Time,0,0.11,Low Risk
CRED-09013,CUST-09013,736,On-Time,2,0.3,Medium Risk
CRED-09014,CUST-09014,653,Frequently Late,1,0.71,High Risk
CRED-09015,CUST-09015,726,Occasional Late,0,0.23,Medium Risk
CRED-09016,CUST-09016,502,Default Risk,4,0.74,Very High Risk
CRED-09017,CUST-09017,796,On-Time,0,0.24,Low Risk
CRED-09018,CUST-09018,764,On-Time,0,0.24,Low Risk
CRED-09019,CUST-09019,548,Default Risk,10,0.97,Very High Risk
CRED-09020,CUST-09020,774,On-Time,0,0.11,Low Risk
CRED-09021,CUST-09021,673,On-Time,0,0.33,Medium Risk
CRED-09022,CUST-09022,664,Occasional Late,2,0.5,High Risk
CRED-09023,CUST-09023,742,Occasional Late,0,0.32,Medium Risk
CRED-09024,CUST-09024,723,On-Time,0,0.25,Medium Risk
CRED-09025,CUST-09025,758,On-Time,0,0.21,Low Risk
CRED-09026,CUST-09026,680,On-Time,0,0.31,Medium Risk
CRED-09027,CUST-09027,734,On-Time,0,0.27,Medium Risk
CRED-09028,CUST-09028,631,Occasional Late,4,0.54,High Risk
CRED-09029,CUST-09029,728,On-Time,1,0.41,Medium Risk
CRED-09030,CUST-09030,739,On-Time,0,0.21,Medium Risk
CRED-09031,CUST-09031,677,Occasional Late,1,0.42,Medium Risk
CRED-09032,CUST-09032,693,On-Time,0,0.3,Medium Risk
CRED-09033,CUST-09033,691,On-Time,0,0.21,Medium Risk
CRED-09034,CUST-09034,621,Frequently Late,2,0.68,High Risk
CRED-09035,CUST-09035,667,Occasional Late,1,0.63,High Risk
CRED-09036,CUST-09036,737,On-Time,0,0.27,Medium Risk
CRED-09037,CUST-09037,708,On-Time,2,0.44,Medium Risk
CRED-09038,CUST-09038,739,On-Time,0,0.3,Medium Risk
CRED-09039,CUST-09039,809,On-Time,1,0.07,Low Risk
CRED-09040,CUST-09040,675,On-Time,0,0.36,Medium Risk
CRED-09041,CUST-09041,735,Occasional Late,0,0.25,Medium Risk
CRED-09042,CUST-09042,635,Frequently Late,4,0.45,High Risk
CRED-09043,CUST-09043,644,Frequently Late,4,0.69,High Risk
CRED-09044,CUST-09044,669,Frequently Late,1,0.65,High Risk
CRED-09045,CUST-09045,569,Default Risk,4,0.71,Very High Risk
CRED-09046,CUST-09046,722,On-Time,1,0.37,Medium Risk
CRED-09047,CUST-09047,668,Occasional Late,2,0.66,High Risk
CRED-09048,CUST-09048,771,On-Time,0,0.15,Low Risk
CRED-09049,CUST-09049,678,On-Time,2,0.49,Medium Risk
CRED-09050,CUST-09050,682,On-Time,2,0.25,Medium Risk
CRED-09051,CUST-09051,599,Frequently Late,1,0.83,High Risk
CRED-09052,CUST-09052,647,Occasional Late,3,0.79,High Risk
CRED-09053,CUST-09053,741,On-Time,1,0.23,Medium Risk
CRED-09054,CUST-09054,471,Default Risk,4,0.75,Very High Risk
CRED-09055,CUST-09055,586,Occasional Late,3,0.81,High Risk
CRED-09056,CUST-09056,776,On-Time,1,0.09,Low Risk
CRED-09057,CUST-09057,760,On-Time,1,0.12,Low Risk
CRED-09058,CUST-09058,774,On-Time,0,0.07,Low Risk
CRED-09059,CUST-09059,683,On-Time,0,0.4,Medium Risk
CRED-09060,CUST-09060,744,On-Time,0,0.48,Medium Risk
CRED-09061,CUST-09061,754,On-Time,0,0.23,Low Risk
CRED-09062,CUST-09062,671,On-Time,0,0.42,Medium Risk
CRED-09063,CUST-09063,554,Frequently Late,5,0.83,Very High Risk
CRED-09064,CUST-09064,609,Occasional Late,4,0.74,High Risk
CRED-09065,CUST-09065,719,Occasional Late,2,0.45,Medium Risk
CRED-09066,CUST-09066,701,On-Time,0,0.5,Medium Risk
CRED-09067,CUST-09067,695,Occasional Late,2,0.4,Medium Risk
CRED-09068,CUST-09068,496,Default Risk,9,0.82,Very High Risk
CRED-09069,CUST-09069,727,On-Time,0,0.36,Medium Risk
CRED-09070,CUST-09070,710,Occasional Late,1,0.45,Medium Risk
CRED-09071,CUST-09071,517,Default Risk,10,0.84,Very High Risk
CRED-09072,CUST-09072,763,On-Time,0,0.18,Low Risk
CRED-09073,CUST-09073,615,Frequently Late,4,0.6,High Risk
CRED-09074,CUST-09074,610,Occasional Late,3,0.84,High Risk
CRED-09075,CUST-09075,688,On-Time,0,0.45,Medium Risk
CRED-09076,CUST-09076,705,On-Time,0,0.48,Medium Risk
CRED-09077,CUST-09077,713,On-Time,0,0.48,Medium Risk
CRED-09078,CUST-09078,737,On-Time,2,0.4,Medium Risk
CRED-09079,CUST-09079,600,Frequently Late,4,0.8,High Risk
CRED-09080,CUST-09080,743,On-Time,0,0.35,Medium Risk
CRED-09081,CUST-09081,659,Frequently Late,3,0.56,High Risk
CRED-09082,CUST-09082,712,On-Time,2,0.24,Medium Risk
CRED-09083,CUST-09083,643,Occasional Late,4,0.64,High Risk
CRED-09084,CUST-09084,747,On-Time,1,0.4,Medium Risk
CRED-09085,CUST-09085,545,Default Risk,7,0.7,Very High Risk
CRED-09086,CUST-09086,722,On-Time,1,0.25,Medium Risk
CRED-09087,CUST-09087,784,On-Time,0,0.07,Low Risk
CRED-09088,CUST-09088,767,On-Time,0,0.15,Low Risk
CRED-09089,CUST-09089,713,On-Time,1,0.47,Medium Risk
CRED-09090,CUST-09090,682,On-Time,1,0.27,Medium Risk
CRED-09091,CUST-09091,677,On-Time,2,0.47,Medium Risk
CRED-09092,CUST-09092,756,On-Time,0,0.08,Low Risk
CRED-09093,CUST-09093,746,On-Time,0,0.47,Medium Risk
CRED-09094,CUST-09094,790,On-Time,0,0.21,Low Risk
CRED-09095,CUST-09095,736,Occasional Late,0,0.4,Medium Risk
CRED-09096,CUST-09096,831,On-Time,0,0.2,Low Risk
CRED-09097,CUST-09097,684,On-Time,2,0.37,Medium Risk
CRED-09098,CUST-09098,810,On-Time,0,0.11,Low Risk
CRED-09099,CUST-09099,752,On-Time,0,0.08,Low Risk
CRED-09100,CUST-09100,715,Occasional Late,0,0.43,Medium Risk
CRED-09101,CUST-09101,749,On-Time,0,0.49,Medium Risk
CRED-09102,CUST-09102,663,Frequently Late,2,0.51,High Risk
CRED-09103,CUST-09103,660,Occasional Late,2,0.85,High Risk
CRED-09104,CUST-09104,738,Occasional Late,0,0.2,Medium Risk
CRED-09105,CUST-09105,782,On-Time,0,0.25,Low Risk
CRED-09106,CUST-09106,703,Occasional Late,1,0.4,Medium Risk
CRED-09107,CUST-09107,730,Occasional Late,0,0.33,Medium Risk
CRED-09108,CUST-09108,736,On-Time,2,0.29,Medium Risk
CRED-09109,CUST-09109,719,Occasional Late,0,0.33,Medium Risk
CRED-09110,CUST-09110,783,On-Time,0,0.14,Low Risk
CRED-09111,CUST-09111,651,Frequently Late,1,0.63,High Risk
CRED-09112,CUST-09112,730,On-Time,2,0.23,Medium Risk
CRED-09113,CUST-09113,700,On-Time,0,0.22,Medium Risk
CRED-09114,CUST-09114,600,Frequently Late,1,0.52,High Risk
CRED-09115,CUST-09115,733,On-Time,0,0.36,Medium Risk
CRED-09116,CUST-09116,748,On-Time,1,0.21,Medium Risk
CRED-09117,CUST-09117,791,On-Time,0,0.18,Low Risk
CRED-09118,CUST-09118,577,Default Risk,5,0.8,Very High Risk
CRED-09119,CUST-09119,728,On-Time,1,0.45,Medium Risk
CRED-09120,CUST-09120,703,On-Time,0,0.23,Medium Risk
CRED-09121,CUST-09121,763,On-Time,0,0.21,Low Risk
CRED-09122,CUST-09122,574,Frequently Late,9,0.74,Very High Risk
CRED-09123,CUST-09123,706,On-Time,2,0.26,Medium Risk
CRED-09124,CUST-09124,669,Occasional Late,2,0.47,High Risk
CRED-09125,CUST-09125,629,Frequently Late,1,0.48,High Risk
CRED-09126,CUST-09126,670,Occasional Late,0,0.21,Medium Risk
CRED-09127,CUST-09127,649,Frequently Late,3,0.67,High Risk
CRED-09128,CUST-09128,754,On-Time,0,0.13,Low Risk
CRED-09129,CUST-09129,746,Occasional Late,0,0.29,Medium Risk
CRED-09130,CUST-09130,721,On-Time,0,0.28,Medium Risk
CRED-09131,CUST-09131,737,Occasional Late,1,0.42,Medium Risk
CRED-09132,CUST-09132,400,Default Risk,8,0.9,Very High Risk
CRED-09133,CUST-09133,743,Occasional Late,0,0.31,Medium Risk
CRED-09134,CUST-09134,795,On-Time,0,0.15,Low Risk
CRED-09135,CUST-09135,378,Default Risk,7,0.72,Very High Risk
CRED-09136,CUST-09136,683,Occasional Late,0,0.41,Medium Risk
CRED-09137,CUST-09137,564,Default Risk,8,0.78,Very High Risk
CRED-09138,CUST-09138,733,On-Time,0,0.46,Medium Risk
CRED-09139,CUST-09139,744,Occasional Late,0,0.33,Medium Risk
CRED-09140,CUST-09140,714,On-Time,0,0.31,Medium Risk
CRED-09141,CUST-09141,690,On-Time,0,0.29,Medium Risk
CRED-09142,CUST-09142,661,Occasional Late,2,0.71,High Risk
CRED-09143,CUST-09143,616,Frequently Late,4,0.61,High Risk
CRED-09144,CUST-09144,653,Frequently Late,4,0.77,High Risk
CRED-09145,CUST-09145,679,On-Time,0,0.32,Medium Risk
CRED-09146,CUST-09146,694,On-Time,0,0.48,Medium Risk
CRED-09147,CUST-09147,703,On-Time,1,0.25,Medium Risk
CRED-09148,CUST-09148,711,On-Time,0,0.25,Medium Risk
CRED-09149,CUST-09149,654,Frequently Late,2,0.47,High Risk
CRED-09150,CUST-09150,673,On-Time,0,0.31,Medium Risk
CRED-09151,CUST-09151,739,On-Time,0,0.27,Medium Risk
CRED-09152,CUST-09152,728,On-Time,0,0.38,Medium Risk
CRED-09153,CUST-09153,740,On-Time,0,0.35,Medium Risk
CRED-09154,CUST-09154,749,On-Time,0,0.36,Medium Risk
CRED-09155,CUST-09155,777,On-Time,0,0.19,Low Risk
CRED-09156,CUST-09156,745,Occasional Late,1,0.27,Medium Risk
CRED-09157,CUST-09157,678,On-Time,1,0.31,Medium Risk
CRED-09158,CUST-09158,697,On-Time,0,0.37,Medium Risk
CRED-09159,CUST-09159,795,On-Time,0,0.13,Low Risk
CRED-09160,CUST-09160,682,On-Time,0,0.45,Medium Risk
CRED-09161,CUST-09161,753,On-Time,0,0.11,Low Risk
CRED-09162,CUST-09162,694,On-Time,0,0.34,Medium Risk
CRED-09163,CUST-09163,741,Occasional Late,0,0.44,Medium Risk
CRED-09164,CUST-09164,734,On-Time,1,0.28,Medium Risk
CRED-09165,CUST-09165,685,Occasional Late,1,0.28,Medium Risk
CRED-09166,CUST-09166,720,On-Time,1,0.3,Medium Risk
CRED-09167,CUST-09167,745,On-Time,0,0.3,Medium Risk
CRED-09168,CUST-09168,379,Default Risk,6,0.73,Very High Risk
CRED-09169,CUST-09169,720,On-Time,0,0.42,Medium Risk
CRED-09170,CUST-09170,687,On-Time,1,0.29,Medium Risk
CRED-09171,CUST-09171,671,On-Time,0,0.23,Medium Risk
CRED-09172,CUST-09172,685,On-Time,0,0.38,Medium Risk
CRED-09173,CUST-09173,771,On-Time,0,0.23,Low Risk
CRED-09174,CUST-09174,731,Occasional Late,0,0.3,Medium Risk
CRED-09175,CUST-09175,768,On-Time,0,0.21,Low Risk
CRED-09176,CUST-09176,750,On-Time,0,0.23,Low Risk
CRED-09177,CUST-09177,718,Occasional Late,0,0.36,Medium Risk
CRED-09178,CUST-09178,654,Occasional Late,3,0.81,High Risk
CRED-09179,CUST-09179,730,On-Time,0,0.42,Medium Risk
CRED-09180,CUST-09180,676,On-Time,2,0.4,Medium Risk
CRED-09181,CUST-09181,734,Occasional Late,0,0.41,Medium Risk
CRED-09182,CUST-09182,850,On-Time,0,0.25,Low Risk
CRED-09183,CUST-09183,782,On-Time,0,0.1,Low Risk
CRED-09184,CUST-09184,667,Frequently Late,4,0.46,High Risk
CRED-09185,CUST-09185,663,Frequently Late,1,0.67,High Risk
CRED-09186,CUST-09186,633,Occasional Late,3,0.7,High Risk
CRED-09187,CUST-09187,774,On-Time,0,0.12,Low Risk
CRED-09188,CUST-09188,749,On-Time,1,0.49,Medium Risk
CRED-09189,CUST-09189,697,On-Time,0,0.43,Medium Risk
CRED-09190,CUST-09190,621,Occasional Late,4,0.57,High Risk
CRED-09191,CUST-09191,778,On-Time,0,0.24,Low Risk
CRED-09192,CUST-09192,683,Occasional Late,0,0.28,Medium Risk
CRED-09193,CUST-09193,748,On-Time,0,0.44,Medium Risk
CRED-09194,CUST-09194,637,Frequently Late,3,0.48,High Risk
CRED-09195,CUST-09195,681,On-Time,1,0.41,Medium Risk
CRED-09196,CUST-09196,561,Default Risk,6,0.89,Very High Risk
CRED-09197,CUST-09197,733,On-Time,0,0.34,Medium Risk
CRED-09198,CUST-09198,773,On-Time,0,0.05,Low Risk
CRED-09199,CUST-09199,782,On-Time,0,0.06,Low Risk
CRED-09200,CUST-09200,756,On-Time,0,0.14,Low Risk
CRED-09201,CUST-09201,691,Occasional Late,2,0.45,Medium Risk
CRED-09202,CUST-09202,742,Occasional Late,0,0.23,Medium Risk
CRED-09203,CUST-09203,742,On-Time,0,0.41,Medium Risk
CRED-09204,CUST-09204,487,Default Risk,7,0.92,Very High Risk
CRED-09205,CUST-09205,772,On-Time,0,0.2,Low Risk
CRED-09206,CUST-09206,718,Occasional Late,0,0.2,Medium Risk
CRED-09207,CUST-09207,754,On-Time,0,0.08,Low Risk
CRED-09208,CUST-09208,814,On-Time,0,0.1,Low Risk
CRED-09209,CUST-09209,567,Default Risk,6,0.72,Very High Risk
CRED-09210,CUST-09210,732,On-Time,0,0.26,Medium Risk
CRED-09211,CUST-09211,613,Occasional Late,3,0.46,High Risk
CRED-09212,CUST-09212,642,Frequently Late,4,0.59,High Risk
CRED-09213,CUST-09213,675,On-Time,1,0.38,Medium Risk
CRED-09214,CUST-09214,563,Default Risk,11,0.82,Very High Risk
CRED-09215,CUST-09215,723,On-Time,0,0.5,Medium Risk
CRED-09216,CUST-09216,653,Occasional Late,4,0.78,High Risk
CRED-09217,CUST-09217,685,Occasional Late,1,0.23,Medium Risk
CRED-09218,CUST-09218,709,On-Time,0,0.45,Medium Risk
CRED-09219,CUST-09219,760,On-Time,0,0.23,Low Risk
CRED-09220,CUST-09220,688,Occasional Late,1,0.28,Medium Risk
CRED-09221,CUST-09221,719,On-Time,1,0.34,Medium Risk
CRED-09222,CUST-09222,756,On-Time,0,0.06,Low Risk
CRED-09223,CUST-09223,745,Occasional Late,0,0.47,Medium Risk
CRED-09224,CUST-09224,723,On-Time,0,0.38,Medium Risk
CRED-09225,CUST-09225,457,Default Risk,9,0.77,Very High Risk
CRED-09226,CUST-09226,736,On-Time,0,0.42,Medium Risk
CRED-09227,CUST-09227,714,On-Time,0,0.29,Medium Risk
CRED-09228,CUST-09228,722,Occasional Late,0,0.28,Medium Risk
CRED-09229,CUST-09229,780,On-Time,0,0.12,Low Risk
CRED-09230,CUST-09230,683,On-Time,0,0.36,Medium Risk
CRED-09231,CUST-09231,621,Occasional Late,4,0.56,High Risk
CRED-09232,CUST-09232,740,On-Time,0,0.21,Medium Risk
CRED-09233,CUST-09233,711,Occasional Late,0,0.27,Medium Risk
CRED-09234,CUST-09234,783,On-Time,0,0.09,Low Risk
CRED-09235,CUST-09235,801,On-Time,0,0.06,Low Risk
CRED-09236,CUST-09236,599,Frequently Late,2,0.51,High Risk
CRED-09237,CUST-09237,721,On-Time,0,0.24,Medium Risk
CRED-09238,CUST-09238,656,Frequently Late,4,0.64,High Risk
CRED-09239,CUST-09239,703,Occasional Late,0,0.41,Medium Risk
CRED-09240,CUST-09240,666,Occasional Late,3,0.51,High Risk
CRED-09241,CUST-09241,702,Occasional Late,0,0.32,Medium Risk
CRED-09242,CUST-09242,744,Occasional Late,0,0.44,Medium Risk
CRED-09243,CUST-09243,702,Occasional Late,0,0.27,Medium Risk
CRED-09244,CUST-09244,732,On-Time,0,0.4,Medium Risk
CRED-09245,CUST-09245,689,Occasional Late,0,0.45,Medium Risk
CRED-09246,CUST-09246,672,Occasional Late,0,0.28,Medium Risk
CRED-09247,CUST-09247,786,On-Time,0,0.23,Low Risk
CRED-09248,CUST-09248,574,Default Risk,6,0.92,Very High Risk
CRED-09249,CUST-09249,689,On-Time,0,0.37,Medium Risk
CRED-09250,CUST-09250,706,Occasional Late,0,0.49,Medium Risk
CRED-09251,CUST-09251,643,Frequently Late,4,0.58,High Risk
CRED-09252,CUST-09252,712,On-Time,1,0.26,Medium Risk
CRED-09253,CUST-09253,717,On-Time,0,0.29,Medium Risk
CRED-09254,CUST-09254,726,On-Time,0,0.39,Medium Risk
CRED-09255,CUST-09255,695,On-Time,0,0.45,Medium Risk
CRED-09256,CUST-09256,732,On-Time,0,0.38,Medium Risk
CRED-09257,CUST-09257,794,On-Time,0,0.21,Low Risk
CRED-09258,CUST-09258,719,Occasional Late,0,0.35,Medium Risk
CRED-09259,CUST-09259,644,Occasional Late,4,0.58,High Risk
CRED-09260,CUST-09260,605,Frequently Late,1,0.57,High Risk
CRED-09261,CUST-09261,644,Occasional Late,1,0.81,High Risk
CRED-09262,CUST-09262,674,Occasional Late,0,0.24,Medium Risk
CRED-09263,CUST-09263,654,Occasional Late,1,0.66,High Risk
CRED-09264,CUST-09264,781,On-Time,0,0.13,Low Risk
CRED-09265,CUST-09265,740,On-Time,1,0.44,Medium Risk
CRED-09266,CUST-09266,679,Occasional Late,2,0.49,Medium Risk
CRED-09267,CUST-09267,717,On-Time,0,0.46,Medium Risk
CRED-09268,CUST-09268,697,On-Time,0,0.26,Medium Risk
CRED-09269,CUST-09269,679,Occasional Late,1,0.42,Medium Risk
CRED-09270,CUST-09270,704,On-Time,0,0.35,Medium Risk
CRED-09271,CUST-09271,709,On-Time,0,0.47,Medium Risk
CRED-09272,CUST-09272,659,Frequently Late,2,0.68,High Risk
CRED-09273,CUST-09273,686,On-Time,0,0.46,Medium Risk
CRED-09274,CUST-09274,697,On-Time,2,0.32,Medium Risk
CRED-09275,CUST-09275,652,Frequently Late,2,0.82,High Risk
CRED-09276,CUST-09276,679,On-Time,2,0.4,Medium Risk
CRED-09277,CUST-09277,633,Occasional Late,4,0.45,High Risk
CRED-09278,CUST-09278,619,Frequently Late,1,0.83,High Risk
CRED-09279,CUST-09279,685,Occasional Late,1,0.33,Medium Risk
CRED-09280,CUST-09280,721,On-Time,0,0.43,Medium Risk
CRED-09281,CUST-09281,701,On-Time,0,0.22,Medium Risk
CRED-09282,CUST-09282,746,Occasional Late,0,0.36,Medium Risk
CRED-09283,CUST-09283,746,On-Time,0,0.48,Medium Risk
CRED-09284,CUST-09284,574,Default Risk,9,0.96,Very High Risk
CRED-09285,CUST-09285,621,Occasional Late,1,0.67,High Risk
CRED-09286,CUST-09286,677,On-Time,0,0.48,Medium Risk
CRED-09287,CUST-09287,750,On-Time,0,0.07,Low Risk
CRED-09288,CUST-09288,682,On-Time,0,0.31,Medium Risk
CRED-09289,CUST-09289,547,Default Risk,5,0.72,Very High Risk
CRED-09290,CUST-09290,736,On-Time,0,0.43,Medium Risk
CRED-09291,CUST-09291,690,On-Time,0,0.43,Medium Risk
CRED-09292,CUST-09292,644,Occasional Late,1,0.51,High Risk
CRED-09293,CUST-09293,760,On-Time,0,0.24,Low Risk
CRED-09294,CUST-09294,490,Frequently Late,11,0.87,Very High Risk
CRED-09295,CUST-09295,753,On-Time,0,0.13,Low Risk
CRED-09296,CUST-09296,713,Occasional Late,0,0.29,Medium Risk
CRED-09297,CUST-09297,694,On-Time,2,0.34,Medium Risk
CRED-09298,CUST-09298,793,On-Time,0,0.1,Low Risk
CRED-09299,CUST-09299,737,Occasional Late,0,0.47,Medium Risk
CRED-09300,CUST-09300,677,Occasional Late,0,0.36,Medium Risk
CRED-09301,CUST-09301,757,On-Time,0,0.23,Low Risk
CRED-09302,CUST-09302,635,Frequently Late,1,0.53,High Risk
CRED-09303,CUST-09303,624,Occasional Late,1,0.67,High Risk
CRED-09304,CUST-09304,718,On-Time,0,0.35,Medium Risk
CRED-09305,CUST-09305,686,On-Time,0,0.34,Medium Risk
CRED-09306,CUST-09306,711,On-Time,2,0.3,Medium Risk
CRED-09307,CUST-09307,613,Occasional Late,1,0.56,High Risk
CRED-09308,CUST-09308,612,Frequently Late,2,0.62,High Risk
CRED-09309,CUST-09309,673,On-Time,0,0.33,Medium Risk
CRED-09310,CUST-09310,751,On-Time,0,0.16,Low Risk
CRED-09311,CUST-09311,657,Occasional Late,2,0.65,High Risk
CRED-09312,CUST-09312,629,Frequently Late,2,0.8,High Risk
CRED-09313,CUST-09313,694,On-Time,1,0.34,Medium Risk
CRED-09314,CUST-09314,688,Occasional Late,0,0.36,Medium Risk
CRED-09315,CUST-09315,758,On-Time,0,0.05,Low Risk
CRED-09316,CUST-09316,674,On-Time,0,0.46,Medium Risk
CRED-09317,CUST-09317,728,On-Time,0,0.26,Medium Risk
CRED-09318,CUST-09318,701,Occasional Late,0,0.38,Medium Risk
CRED-09319,CUST-09319,439,Frequently Late,8,0.97,Very High Risk
CRED-09320,CUST-09320,775,On-Time,0,0.24,Low Risk
CRED-09321,CUST-09321,676,On-Time,1,0.39,Medium Risk
CRED-09322,CUST-09322,757,On-Time,1,0.23,Low Risk
CRED-09323,CUST-09323,758,On-Time,0,0.06,Low Risk
CRED-09324,CUST-09324,740,On-Time,1,0.24,Medium Risk
CRED-09325,CUST-09325,649,Occasional Late,2,0.53,High Risk
CRED-09326,CUST-09326,677,On-Time,0,0.47,Medium Risk
CRED-09327,CUST-09327,764,On-Time,0,0.17,Low Risk
CRED-09328,CUST-09328,666,Frequently Late,1,0.56,High Risk
CRED-09329,CUST-09329,723,On-Time,0,0.31,Medium Risk
CRED-09330,CUST-09330,600,Frequently Late,1,0.78,High Risk
CRED-09331,CUST-09331,599,Occasional Late,1,0.64,High Risk
CRED-09332,CUST-09332,614,Frequently Late,1,0.47,High Risk
CRED-09333,CUST-09333,458,Frequently Late,8,0.97,Very High Risk
CRED-09334,CUST-09334,640,Occasional Late,1,0.67,High Risk
CRED-09335,CUST-09335,744,On-Time,0,0.43,Medium Risk
CRED-09336,CUST-09336,495,Frequently Late,6,0.84,Very High Risk
CRED-09337,CUST-09337,781,On-Time,0,0.06,Low Risk
CRED-09338,CUST-09338,677,On-Time,0,0.43,Medium Risk
CRED-09339,CUST-09339,739,On-Time,0,0.43,Medium Risk
CRED-09340,CUST-09340,511,Default Risk,9,0.75,Very High Risk
CRED-09341,CUST-09341,630,Frequently Late,1,0.67,High Risk
CRED-09342,CUST-09342,495,Default Risk,6,0.93,Very High Risk
CRED-09343,CUST-09343,582,Frequently Late,1,0.51,High Risk
CRED-09344,CUST-09344,696,Occasional Late,0,0.47,Medium Risk
CRED-09345,CUST-09345,719,On-Time,0,0.3,Medium Risk
CRED-09346,CUST-09346,662,Frequently Late,2,0.6,High Risk
CRED-09347,CUST-09347,707,Occasional Late,0,0.38,Medium Risk
CRED-09348,CUST-09348,665,Occasional Late,2,0.68,High Risk
CRED-09349,CUST-09349,785,On-Time,0,0.16,Low Risk
CRED-09350,CUST-09350,679,On-Time,0,0.47,Medium Risk
CRED-09351,CUST-09351,704,On-Time,1,0.35,Medium Risk
CRED-09352,CUST-09352,744,On-Time,0,0.41,Medium Risk
CRED-09353,CUST-09353,736,On-Time,0,0.28,Medium Risk
CRED-09354,CUST-09354,785,On-Time,0,0.21,Low Risk
CRED-09355,CUST-09355,735,On-Time,1,0.39,Medium Risk
CRED-09356,CUST-09356,715,On-Time,2,0.4,Medium Risk
CRED-09357,CUST-09357,611,Occasional Late,2,0.48,High Risk
CRED-09358,CUST-09358,766,On-Time,0,0.2,Low Risk
CRED-09359,CUST-09359,677,On-Time,0,0.29,Medium Risk
CRED-09360,CUST-09360,729,On-Time,0,0.5,Medium Risk
CRED-09361,CUST-09361,597,Frequently Late,2,0.45,High Risk
CRED-09362,CUST-09362,764,On-Time,0,0.17,Low Risk
CRED-09363,CUST-09363,760,On-Time,0,0.13,Low Risk
CRED-09364,CUST-09364,739,On-Time,0,0.4,Medium Risk
CRED-09365,CUST-09365,729,On-Time,0,0.42,Medium Risk
CRED-09366,CUST-09366,682,Occasional Late,1,0.43,Medium Risk
CRED-09367,CUST-09367,737,Occasional Late,1,0.22,Medium Risk
CRED-09368,CUST-09368,658,Occasional Late,2,0.57,High Risk
CRED-09369,CUST-09369,573,Frequently Late,4,0.77,Very High Risk
CRED-09370,CUST-09370,623,Occasional Late,1,0.53,High Risk
CRED-09371,CUST-09371,600,Frequently Late,3,0.81,High Risk
CRED-09372,CUST-09372,751,On-Time,0,0.22,Low Risk
CRED-09373,CUST-09373,698,Occasional Late,0,0.36,Medium Risk
CRED-09374,CUST-09374,802,On-Time,0,0.08,Low Risk
CRED-09375,CUST-09375,728,Occasional Late,2,0.4,Medium Risk
CRED-09376,CUST-09376,731,On-Time,1,0.26,Medium Risk
CRED-09377,CUST-09377,460,Frequently Late,4,0.73,Very High Risk
CRED-09378,CUST-09378,734,On-Time,1,0.23,Medium Risk
CRED-09379,CUST-09379,757,On-Time,0,0.07,Low Risk
CRED-09380,CUST-09380,728,On-Time,0,0.28,Medium Risk
CRED-09381,CUST-09381,653,Frequently Late,4,0.82,High Risk
CRED-09382,CUST-09382,782,On-Time,0,0.13,Low Risk
CRED-09383,CUST-09383,614,Frequently Late,1,0.6,High Risk
CRED-09384,CUST-09384,767,On-Time,0,0.24,Low Risk
CRED-09385,CUST-09385,725,Occasional Late,0,0.35,Medium Risk
CRED-09386,CUST-09386,733,Occasional Late,1,0.21,Medium Risk
CRED-09387,CUST-09387,726,Occasional Late,0,0.38,Medium Risk
CRED-09388,CUST-09388,543,Default Risk,7,0.9,Very High Risk
CRED-09389,CUST-09389,430,Default Risk,6,0.98,Very High Risk
CRED-09390,CUST-09390,700,On-Time,0,0.33,Medium Risk
CRED-09391,CUST-09391,747,Occasional Late,0,0.2,Medium Risk
CRED-09392,CUST-09392,708,On-Time,1,0.49,Medium Risk
CRED-09393,CUST-09393,725,Occasional Late,0,0.22,Medium Risk
CRED-09394,CUST-09394,671,On-Time,1,0.42,Medium Risk
CRED-09395,CUST-09395,798,On-Time,0,0.2,Low Risk
CRED-09396,CUST-09396,688,On-Time,1,0.47,Medium Risk
CRED-09397,CUST-09397,743,On-Time,0,0.47,Medium Risk
CRED-09398,CUST-09398,679,On-Time,1,0.21,Medium Risk
CRED-09399,CUST-09399,477,Default Risk,6,0.82,Very High Risk
CRED-09400,CUST-09400,711,On-Time,0,0.46,Medium Risk
CRED-09401,CUST-09401,633,Occasional Late,4,0.82,High Risk
CRED-09402,CUST-09402,686,On-Time,0,0.35,Medium Risk
CRED-09403,CUST-09403,586,Frequently Late,4,0.53,High Risk
CRED-09404,CUST-09404,726,Occasional Late,0,0.4,Medium Risk
CRED-09405,CUST-09405,791,On-Time,0,0.18,Low Risk
CRED-09406,CUST-09406,678,Occasional Late,0,0.35,Medium Risk
CRED-09407,CUST-09407,670,On-Time,0,0.46,Medium Risk
CRED-09408,CUST-09408,713,On-Time,0,0.44,Medium Risk
CRED-09409,CUST-09409,712,Occasional Late,0,0.29,Medium Risk
CRED-09410,CUST-09410,703,On-Time,1,0.32,Medium Risk
CRED-09411,CUST-09411,697,On-Time,0,0.33,Medium Risk
CRED-09412,CUST-09412,719,Occasional Late,0,0.27,Medium Risk
CRED-09413,CUST-09413,767,On-Time,0,0.2,Low Risk
CRED-09414,CUST-09414,729,On-Time,1,0.28,Medium Risk
CRED-09415,CUST-09415,654,Frequently Late,2,0.53,High Risk
CRED-09416,CUST-09416,755,On-Time,0,0.14,Low Risk
CRED-09417,CUST-09417,751,On-Time,0,0.2,Low Risk
CRED-09418,CUST-09418,739,Occasional Late,0,0.37,Medium Risk
CRED-09419,CUST-09419,711,On-Time,1,0.47,Medium Risk
CRED-09420,CUST-09420,719,On-Time,1,0.43,Medium Risk
CRED-09421,CUST-09421,658,Occasional Late,2,0.47,High Risk
CRED-09422,CUST-09422,775,On-Time,0,0.16,Low Risk
CRED-09423,CUST-09423,704,On-Time,0,0.43,Medium Risk
CRED-09424,CUST-09424,739,On-Time,0,0.33,Medium Risk
CRED-09425,CUST-09425,652,Occasional Late,1,0.58,High Risk
CRED-09426,CUST-09426,736,On-Time,0,0.35,Medium Risk
CRED-09427,CUST-09427,731,On-Time,2,0.42,Medium Risk
CRED-09428,CUST-09428,752,On-Time,0,0.19,Low Risk
CRED-09429,CUST-09429,727,On-Time,0,0.42,Medium Risk
CRED-09430,CUST-09430,622,Frequently Late,4,0.58,High Risk
CRED-09431,CUST-09431,657,Occasional Late,1,0.73,High Risk
CRED-09432,CUST-09432,704,On-Time,1,0.43,Medium Risk
CRED-09433,CUST-09433,735,On-Time,1,0.38,Medium Risk
CRED-09434,CUST-09434,805,On-Time,0,0.24,Low Risk
CRED-09435,CUST-09435,717,On-Time,1,0.31,Medium Risk
CRED-09436,CUST-09436,708,On-Time,0,0.28,Medium Risk
CRED-09437,CUST-09437,777,On-Time,0,0.24,Low Risk
CRED-09438,CUST-09438,744,On-Time,1,0.47,Medium Risk
CRED-09439,CUST-09439,710,On-Time,0,0.45,Medium Risk
CRED-09440,CUST-09440,704,On-Time,0,0.43,Medium Risk
CRED-09441,CUST-09441,736,On-Time,0,0.38,Medium Risk
CRED-09442,CUST-09442,616,Frequently Late,2,0.47,High Risk
CRED-09443,CUST-09443,629,Occasional Late,1,0.68,High Risk
CRED-09444,CUST-09444,581,Frequently Late,1,0.83,High Risk
CRED-09445,CUST-09445,744,On-Time,1,0.3,Medium Risk
CRED-09446,CUST-09446,729,On-Time,0,0.3,Medium Risk
CRED-09447,CUST-09447,677,On-Time,0,0.46,Medium Risk
CRED-09448,CUST-09448,730,On-Time,0,0.29,Medium Risk
CRED-09449,CUST-09449,687,On-Time,0,0.23,Medium Risk
CRED-09450,CUST-09450,626,Occasional Late,4,0.78,High Risk
CRED-09451,CUST-09451,787,On-Time,0,0.2,Low Risk
CRED-09452,CUST-09452,725,Occasional Late,1,0.48,Medium Risk
CRED-09453,CUST-09453,616,Occasional Late,4,0.56,High Risk
CRED-09454,CUST-09454,704,On-Time,0,0.33,Medium Risk
CRED-09455,CUST-09455,758,On-Time,0,0.07,Low Risk
CRED-09456,CUST-09456,705,Occasional Late,0,0.29,Medium Risk
CRED-09457,CUST-09457,691,On-Time,0,0.27,Medium Risk
CRED-09458,CUST-09458,647,Occasional Late,4,0.49,High Risk
CRED-09459,CUST-09459,777,On-Time,0,0.07,Low Risk
CRED-09460,CUST-09460,756,On-Time,0,0.2,Low Risk
CRED-09461,CUST-09461,725,On-Time,0,0.47,Medium Risk
CRED-09462,CUST-09462,657,Frequently Late,2,0.46,High Risk
CRED-09463,CUST-09463,783,On-Time,1,0.18,Low Risk
CRED-09464,CUST-09464,777,On-Time,0,0.08,Low Risk
CRED-09465,CUST-09465,694,On-Time,0,0.41,Medium Risk
CRED-09466,CUST-09466,491,Frequently Late,6,0.9,Very High Risk
CRED-09467,CUST-09467,724,On-Time,0,0.28,Medium Risk
CRED-09468,CUST-09468,686,Occasional Late,1,0.44,Medium Risk
CRED-09469,CUST-09469,744,Occasional Late,0,0.47,Medium Risk
CRED-09470,CUST-09470,771,On-Time,0,0.09,Low Risk
CRED-09471,CUST-09471,661,Frequently Late,3,0.55,High Risk
CRED-09472,CUST-09472,660,Frequently Late,2,0.69,High Risk
CRED-09473,CUST-09473,628,Occasional Late,1,0.8,High Risk
CRED-09474,CUST-09474,675,On-Time,0,0.21,Medium Risk
CRED-09475,CUST-09475,746,On-Time,0,0.21,Medium Risk
CRED-09476,CUST-09476,618,Frequently Late,1,0.63,High Risk
CRED-09477,CUST-09477,559,Frequently Late,9,0.79,Very High Risk
CRED-09478,CUST-09478,721,On-Time,0,0.42,Medium Risk
CRED-09479,CUST-09479,723,On-Time,0,0.33,Medium Risk
CRED-09480,CUST-09480,639,Occasional Late,1,0.78,High Risk
CRED-09481,CUST-09481,641,Occasional Late,4,0.5,High Risk
CRED-09482,CUST-09482,682,On-Time,0,0.21,Medium Risk
CRED-09483,CUST-09483,760,On-Time,0,0.22,Low Risk
CRED-09484,CUST-09484,708,Occasional Late,0,0.39,Medium Risk
CRED-09485,CUST-09485,613,Occasional Late,4,0.51,High Risk
CRED-09486,CUST-09486,666,Occasional Late,2,0.76,High Risk
CRED-09487,CUST-09487,592,Frequently Late,3,0.7,High Risk
CRED-09488,CUST-09488,667,Frequently Late,4,0.55,High Risk
CRED-09489,CUST-09489,758,On-Time,0,0.06,Low Risk
CRED-09490,CUST-09490,663,Frequently Late,3,0.56,High Risk
CRED-09491,CUST-09491,688,On-Time,1,0.23,Medium Risk
CRED-09492,CUST-09492,710,On-Time,0,0.42,Medium Risk
CRED-09493,CUST-09493,680,On-Time,0,0.35,Medium Risk
CRED-09494,CUST-09494,720,On-Time,0,0.29,Medium Risk
CRED-09495,CUST-09495,721,Occasional Late,2,0.35,Medium Risk
CRED-09496,CUST-09496,714,Occasional Late,2,0.39,Medium Risk
CRED-09497,CUST-09497,678,Occasional Late,0,0.39,Medium Risk
CRED-09498,CUST-09498,730,On-Time,2,0.21,Medium Risk
CRED-09499,CUST-09499,805,On-Time,0,0.14,Low Risk
CRED-09500,CUST-09500,771,On-Time,0,0.2,Low Risk
CRED-09501,CUST-09501,547,Default Risk,8,0.85,Very High Risk
CRED-09502,CUST-09502,658,Frequently Late,2,0.82,High Risk
CRED-09503,CUST-09503,725,On-Time,0,0.32,Medium Risk
CRED-09504,CUST-09504,740,Occasional Late,1,0.46,Medium Risk
CRED-09505,CUST-09505,789,On-Time,0,0.09,Low Risk
CRED-09506,CUST-09506,706,On-Time,0,0.4,Medium Risk
CRED-09507,CUST-09507,678,On-Time,0,0.46,Medium Risk
CRED-09508,CUST-09508,554,Default Risk,6,0.74,Very High Risk
CRED-09509,CUST-09509,678,Occasional Late,1,0.34,Medium Risk
CRED-09510,CUST-09510,697,On-Time,0,0.33,Medium Risk
CRED-09511,CUST-09511,640,Frequently Late,3,0.74,High Risk
CRED-09512,CUST-09512,728,On-Time,0,0.39,Medium Risk
CRED-09513,CUST-09513,650,Occasional Late,2,0.53,High Risk
CRED-09514,CUST-09514,688,On-Time,1,0.25,Medium Risk
CRED-09515,CUST-09515,763,On-Time,0,0.08,Low Risk
CRED-09516,CUST-09516,664,Frequently Late,2,0.81,High Risk
CRED-09517,CUST-09517,746,On-Time,0,0.32,Medium Risk
CRED-09518,CUST-09518,630,Frequently Late,4,0.71,High Risk
CRED-09519,CUST-09519,727,Occasional Late,0,0.28,Medium Risk
CRED-09520,CUST-09520,758,On-Time,0,0.17,Low Risk
CRED-09521,CUST-09521,614,Occasional Late,2,0.6,High Risk
CRED-09522,CUST-09522,714,Occasional Late,0,0.49,Medium Risk
CRED-09523,CUST-09523,680,On-Time,0,0.33,Medium Risk
CRED-09524,CUST-09524,621,Occasional Late,1,0.55,High Risk
CRED-09525,CUST-09525,713,Occasional Late,2,0.41,Medium Risk
CRED-09526,CUST-09526,759,On-Time,0,0.15,Low Risk
CRED-09527,CUST-09527,788,On-Time,0,0.06,Low Risk
CRED-09528,CUST-09528,665,Occasional Late,1,0.49,High Risk
CRED-09529,CUST-09529,658,Frequently Late,3,0.64,High Risk
CRED-09530,CUST-09530,635,Occasional Late,4,0.74,High Risk
CRED-09531,CUST-09531,705,On-Time,0,0.43,Medium Risk
CRED-09532,CUST-09532,719,On-Time,1,0.35,Medium Risk
CRED-09533,CUST-09533,787,On-Time,0,0.21,Low Risk
CRED-09534,CUST-09534,675,On-Time,2,0.43,Medium Risk
CRED-09535,CUST-09535,702,On-Time,2,0.35,Medium Risk
CRED-09536,CUST-09536,765,On-Time,0,0.13,Low Risk
CRED-09537,CUST-09537,726,On-Time,0,0.44,Medium Risk
CRED-09538,CUST-09538,674,On-Time,1,0.24,Medium Risk
CRED-09539,CUST-09539,718,On-Time,1,0.3,Medium Risk
CRED-09540,CUST-09540,716,On-Time,1,0.48,Medium Risk
CRED-09541,CUST-09541,531,Default Risk,9,0.98,Very High Risk
CRED-09542,CUST-09542,710,On-Time,2,0.24,Medium Risk
CRED-09543,CUST-09543,731,On-Time,1,0.45,Medium Risk
CRED-09544,CUST-09544,710,On-Time,0,0.42,Medium Risk
CRED-09545,CUST-09545,766,On-Time,0,0.11,Low Risk
CRED-09546,CUST-09546,702,On-Time,0,0.44,Medium Risk
CRED-09547,CUST-09547,703,On-Time,0,0.4,Medium Risk
CRED-09548,CUST-09548,699,On-Time,0,0.39,Medium Risk
CRED-09549,CUST-09549,630,Frequently Late,4,0.74,High Risk
CRED-09550,CUST-09550,742,On-Time,0,0.3,Medium Risk
CRED-09551,CUST-09551,730,On-Time,0,0.37,Medium Risk
CRED-09552,CUST-09552,731,Occasional Late,0,0.41,Medium Risk
CRED-09553,CUST-09553,562,Default Risk,7,0.81,Very High Risk
CRED-09554,CUST-09554,733,Occasional Late,0,0.22,Medium Risk
CRED-09555,CUST-09555,662,Frequently Late,1,0.55,High Risk
CRED-09556,CUST-09556,725,On-Time,2,0.44,Medium Risk
CRED-09557,CUST-09557,701,Occasional Late,1,0.4,Medium Risk
CRED-09558,CUST-09558,746,Occasional Late,0,0.44,Medium Risk
CRED-09559,CUST-09559,640,Occasional Late,1,0.76,High Risk
CRED-09560,CUST-09560,791,On-Time,0,0.24,Low Risk
CRED-09561,CUST-09561,693,On-Time,0,0.25,Medium Risk
CRED-09562,CUST-09562,739,On-Time,0,0.5,Medium Risk
CRED-09563,CUST-09563,727,On-Time,1,0.2,Medium Risk
CRED-09564,CUST-09564,787,On-Time,0,0.19,Low Risk
CRED-09565,CUST-09565,570,Default Risk,4,0.88,Very High Risk
CRED-09566,CUST-09566,707,On-Time,1,0.41,Medium Risk
CRED-09567,CUST-09567,658,Frequently Late,4,0.53,High Risk
CRED-09568,CUST-09568,694,On-Time,0,0.23,Medium Risk
CRED-09569,CUST-09569,651,Frequently Late,2,0.72,High Risk
CRED-09570,CUST-09570,711,Occasional Late,2,0.21,Medium Risk
CRED-09571,CUST-09571,743,Occasional Late,0,0.22,Medium Risk
CRED-09572,CUST-09572,696,On-Time,1,0.39,Medium Risk
CRED-09573,CUST-09573,665,Frequently Late,4,0.64,High Risk
CRED-09574,CUST-09574,590,Frequently Late,1,0.53,High Risk
CRED-09575,CUST-09575,690,Occasional Late,2,0.41,Medium Risk
CRED-09576,CUST-09576,738,On-Time,0,0.34,Medium Risk
CRED-09577,CUST-09577,777,On-Time,0,0.1,Low Risk
CRED-09578,CUST-09578,604,Frequently Late,1,0.85,High Risk
CRED-09579,CUST-09579,743,On-Time,0,0.31,Medium Risk
CRED-09580,CUST-09580,764,On-Time,0,0.13,Low Risk
CRED-09581,CUST-09581,746,On-Time,0,0.49,Medium Risk
CRED-09582,CUST-09582,690,On-Time,0,0.24,Medium Risk
CRED-09583,CUST-09583,687,On-Time,0,0.42,Medium Risk
CRED-09584,CUST-09584,605,Occasional Late,3,0.63,High Risk
CRED-09585,CUST-09585,578,Default Risk,9,0.8,Very High Risk
CRED-09586,CUST-09586,685,On-Time,0,0.3,Medium Risk
CRED-09587,CUST-09587,716,On-Time,0,0.28,Medium Risk
CRED-09588,CUST-09588,716,On-Time,1,0.27,Medium Risk
CRED-09589,CUST-09589,648,Frequently Late,4,0.71,High Risk
CRED-09590,CUST-09590,741,On-Time,1,0.28,Medium Risk
CRED-09591,CUST-09591,741,On-Time,0,0.42,Medium Risk
CRED-09592,CUST-09592,731,Occasional Late,0,0.39,Medium Risk
CRED-09593,CUST-09593,745,Occasional Late,0,0.37,Medium Risk
CRED-09594,CUST-09594,711,Occasional Late,0,0.47,Medium Risk
CRED-09595,CUST-09595,513,Frequently Late,4,0.91,Very High Risk
CRED-09596,CUST-09596,791,On-Time,0,0.12,Low Risk
CRED-09597,CUST-09597,591,Occasional Late,4,0.8,High Risk
CRED-09598,CUST-09598,754,On-Time,0,0.11,Low Risk
CRED-09599,CUST-09599,744,On-Time,0,0.41,Medium Risk
CRED-09600,CUST-09600,652,Frequently Late,1,0.54,High Risk
CRED-09601,CUST-09601,712,On-Time,0,0.29,Medium Risk
CRED-09602,CUST-09602,760,On-Time,0,0.24,Low Risk
CRED-09603,CUST-09603,709,On-Time,1,0.46,Medium Risk
CRED-09604,CUST-09604,740,On-Time,1,0.46,Medium Risk
CRED-09605,CUST-09605,693,On-Time,0,0.3,Medium Risk
CRED-09606,CUST-09606,771,On-Time,0,0.06,Low Risk
CRED-09607,CUST-09607,726,On-Time,0,0.44,Medium Risk
CRED-09608,CUST-09608,778,On-Time,0,0.13,Low Risk
CRED-09609,CUST-09609,653,Frequently Late,4,0.54,High Risk
CRED-09610,CUST-09610,621,Occasional Late,1,0.57,High Risk
CRED-09611,CUST-09611,740,On-Time,0,0.33,Medium Risk
CRED-09612,CUST-09612,710,Occasional Late,0,0.3,Medium Risk
CRED-09613,CUST-09613,748,On-Time,0,0.27,Medium Risk
CRED-09614,CUST-09614,742,On-Time,0,0.46,Medium Risk
CRED-09615,CUST-09615,723,On-Time,1,0.38,Medium Risk
CRED-09616,CUST-09616,722,On-Time,1,0.23,Medium Risk
CRED-09617,CUST-09617,666,Frequently Late,2,0.85,High Risk
CRED-09618,CUST-09618,775,On-Time,0,0.21,Low Risk
CRED-09619,CUST-09619,697,Occasional Late,0,0.49,Medium Risk
CRED-09620,CUST-09620,644,Frequently Late,2,0.77,High Risk
CRED-09621,CUST-09621,688,Occasional Late,2,0.32,Medium Risk
CRED-09622,CUST-09622,590,Occasional Late,2,0.51,High Risk
CRED-09623,CUST-09623,771,On-Time,0,0.2,Low Risk
CRED-09624,CUST-09624,850,On-Time,0,0.15,Low Risk
CRED-09625,CUST-09625,767,On-Time,0,0.14,Low Risk
CRED-09626,CUST-09626,806,On-Time,0,0.09,Low Risk
CRED-09627,CUST-09627,685,Occasional Late,1,0.39,Medium Risk
CRED-09628,CUST-09628,677,On-Time,0,0.25,Medium Risk
CRED-09629,CUST-09629,642,Frequently Late,4,0.48,High Risk
CRED-09630,CUST-09630,794,On-Time,0,0.18,Low Risk
CRED-09631,CUST-09631,755,On-Time,0,0.09,Low Risk
CRED-09632,CUST-09632,643,Frequently Late,3,0.69,High Risk
CRED-09633,CUST-09633,732,Occasional Late,1,0.39,Medium Risk
CRED-09634,CUST-09634,637,Frequently Late,4,0.58,High Risk
CRED-09635,CUST-09635,548,Frequently Late,6,0.89,Very High Risk
CRED-09636,CUST-09636,625,Occasional Late,2,0.82,High Risk
CRED-09637,CUST-09637,705,On-Time,0,0.41,Medium Risk
CRED-09638,CUST-09638,760,On-Time,1,0.21,Low Risk
CRED-09639,CUST-09639,699,On-Time,0,0.32,Medium Risk
CRED-09640,CUST-09640,724,On-Time,0,0.29,Medium Risk
CRED-09641,CUST-09641,701,On-Time,0,0.23,Medium Risk
CRED-09642,CUST-09642,686,Occasional Late,0,0.31,Medium Risk
CRED-09643,CUST-09643,697,Occasional Late,1,0.47,Medium Risk
CRED-09644,CUST-09644,634,Occasional Late,3,0.76,High Risk
CRED-09645,CUST-09645,721,On-Time,0,0.48,Medium Risk
CRED-09646,CUST-09646,712,On-Time,0,0.27,Medium Risk
CRED-09647,CUST-09647,664,Frequently Late,3,0.6,High Risk
CRED-09648,CUST-09648,690,Occasional Late,2,0.44,Medium Risk
CRED-09649,CUST-09649,538,Frequently Late,4,0.95,Very High Risk
CRED-09650,CUST-09650,741,On-Time,1,0.24,Medium Risk
CRED-09651,CUST-09651,739,On-Time,0,0.45,Medium Risk
CRED-09652,CUST-09652,701,On-Time,1,0.31,Medium Risk
CRED-09653,CUST-09653,777,On-Time,0,0.13,Low Risk
CRED-09654,CUST-09654,812,On-Time,0,0.14,Low Risk
CRED-09655,CUST-09655,751,On-Time,0,0.09,Low Risk
CRED-09656,CUST-09656,795,On-Time,0,0.17,Low Risk
CRED-09657,CUST-09657,772,On-Time,0,0.12,Low Risk
CRED-09658,CUST-09658,719,On-Time,1,0.3,Medium Risk
CRED-09659,CUST-09659,738,On-Time,0,0.37,Medium Risk
CRED-09660,CUST-09660,550,Default Risk,6,0.71,Very High Risk
CRED-09661,CUST-09661,589,Occasional Late,1,0.45,High Risk
CRED-09662,CUST-09662,688,On-Time,0,0.25,Medium Risk
CRED-09663,CUST-09663,718,Occasional Late,1,0.23,Medium Risk
CRED-09664,CUST-09664,675,Occasional Late,0,0.26,Medium Risk
CRED-09665,CUST-09665,743,On-Time,1,0.29,Medium Risk
CRED-09666,CUST-09666,671,On-Time,0,0.24,Medium Risk
CRED-09667,CUST-09667,693,On-Time,1,0.39,Medium Risk
CRED-09668,CUST-09668,704,Occasional Late,0,0.48,Medium Risk
CRED-09669,CUST-09669,686,On-Time,0,0.26,Medium Risk
CRED-09670,CUST-09670,771,On-Time,0,0.24,Low Risk
CRED-09671,CUST-09671,707,On-Time,2,0.48,Medium Risk
CRED-09672,CUST-09672,826,On-Time,0,0.2,Low Risk
CRED-09673,CUST-09673,793,On-Time,0,0.2,Low Risk
CRED-09674,CUST-09674,726,On-Time,1,0.32,Medium Risk
CRED-09675,CUST-09675,683,On-Time,0,0.29,Medium Risk
CRED-09676,CUST-09676,649,Occasional Late,4,0.62,High Risk
CRED-09677,CUST-09677,652,Occasional Late,4,0.59,High Risk
CRED-09678,CUST-09678,795,On-Time,0,0.18,Low Risk
CRED-09679,CUST-09679,713,Occasional Late,0,0.26,Medium Risk
CRED-09680,CUST-09680,751,On-Time,0,0.08,Low Risk
CRED-09681,CUST-09681,671,Occasional Late,0,0.45,Medium Risk
CRED-09682,CUST-09682,716,On-Time,2,0.39,Medium Risk
CRED-09683,CUST-09683,741,On-Time,1,0.33,Medium Risk
CRED-09684,CUST-09684,542,Default Risk,10,0.92,Very High Risk
CRED-09685,CUST-09685,669,Occasional Late,2,0.58,High Risk
CRED-09686,CUST-09686,491,Frequently Late,4,0.7,Very High Risk
CRED-09687,CUST-09687,692,On-Time,0,0.28,Medium Risk
CRED-09688,CUST-09688,772,On-Time,0,0.2,Low Risk
CRED-09689,CUST-09689,751,On-Time,0,0.08,Low Risk
CRED-09690,CUST-09690,711,Occasional Late,0,0.22,Medium Risk
CRED-09691,CUST-09691,594,Frequently Late,2,0.54,High Risk
CRED-09692,CUST-09692,679,Occasional Late,0,0.3,Medium Risk
CRED-09693,CUST-09693,709,On-Time,0,0.3,Medium Risk
CRED-09694,CUST-09694,707,On-Time,0,0.28,Medium Risk
CRED-09695,CUST-09695,737,On-Time,0,0.38,Medium Risk
CRED-09696,CUST-09696,731,Occasional Late,2,0.33,Medium Risk
CRED-09697,CUST-09697,697,On-Time,0,0.32,Medium Risk
CRED-09698,CUST-09698,736,On-Time,1,0.47,Medium Risk
CRED-09699,CUST-09699,738,On-Time,0,0.47,Medium Risk
CRED-09700,CUST-09700,735,On-Time,0,0.27,Medium Risk
CRED-09701,CUST-09701,672,On-Time,1,0.42,Medium Risk
CRED-09702,CUST-09702,788,On-Time,0,0.09,Low Risk
CRED-09703,CUST-09703,651,Occasional Late,4,0.82,High Risk
CRED-09704,CUST-09704,803,On-Time,0,0.08,Low Risk
CRED-09705,CUST-09705,693,Occasional Late,0,0.46,Medium Risk
CRED-09706,CUST-09706,742,On-Time,0,0.43,Medium Risk
CRED-09707,CUST-09707,667,Frequently Late,1,0.63,High Risk
CRED-09708,CUST-09708,658,Frequently Late,1,0.64,High Risk
CRED-09709,CUST-09709,688,Occasional Late,0,0.33,Medium Risk
CRED-09710,CUST-09710,654,Frequently Late,1,0.64,High Risk
CRED-09711,CUST-09711,714,On-Time,0,0.35,Medium Risk
CRED-09712,CUST-09712,689,On-Time,0,0.21,Medium Risk
CRED-09713,CUST-09713,611,Occasional Late,4,0.63,High Risk
CRED-09714,CUST-09714,789,On-Time,0,0.21,Low Risk
CRED-09715,CUST-09715,669,Occasional Late,4,0.59,High Risk
CRED-09716,CUST-09716,654,Occasional Late,3,0.8,High Risk
CRED-09717,CUST-09717,680,Occasional Late,1,0.25,Medium Risk
CRED-09718,CUST-09718,838,On-Time,0,0.14,Low Risk
CRED-09719,CUST-09719,783,On-Time,0,0.22,Low Risk
CRED-09720,CUST-09720,704,On-Time,0,0.34,Medium Risk
CRED-09721,CUST-09721,668,Occasional Late,4,0.46,High Risk
CRED-09722,CUST-09722,696,On-Time,2,0.22,Medium Risk
CRED-09723,CUST-09723,745,On-Time,0,0.33,Medium Risk
CRED-09724,CUST-09724,691,On-Time,0,0.21,Medium Risk
CRED-09725,CUST-09725,701,Occasional Late,1,0.28,Medium Risk
CRED-09726,CUST-09726,637,Frequently Late,2,0.54,High Risk
CRED-09727,CUST-09727,765,On-Time,0,0.12,Low Risk
CRED-09728,CUST-09728,649,Frequently Late,4,0.8,High Risk
CRED-09729,CUST-09729,703,Occasional Late,0,0.39,Medium Risk
CRED-09730,CUST-09730,736,On-Time,0,0.26,Medium Risk
CRED-09731,CUST-09731,739,On-Time,0,0.41,Medium Risk
CRED-09732,CUST-09732,685,On-Time,0,0.32,Medium Risk
CRED-09733,CUST-09733,725,Occasional Late,1,0.29,Medium Risk
CRED-09734,CUST-09734,724,On-Time,0,0.48,Medium Risk
CRED-09735,CUST-09735,709,On-Time,0,0.3,Medium Risk
CRED-09736,CUST-09736,679,On-Time,0,0.46,Medium Risk
CRED-09737,CUST-09737,510,Frequently Late,4,0.92,Very High Risk
CRED-09738,CUST-09738,716,On-Time,1,0.31,Medium Risk
CRED-09739,CUST-09739,734,On-Time,0,0.36,Medium Risk
CRED-09740,CUST-09740,499,Default Risk,10,0.93,Very High Risk
CRED-09741,CUST-09741,685,Occasional Late,0,0.43,Medium Risk
CRED-09742,CUST-09742,711,Occasional Late,1,0.26,Medium Risk
CRED-09743,CUST-09743,773,On-Time,0,0.19,Low Risk
CRED-09744,CUST-09744,741,On-Time,0,0.37,Medium Risk
CRED-09745,CUST-09745,630,Occasional Late,1,0.62,High Risk
CRED-09746,CUST-09746,658,Frequently Late,1,0.83,High Risk
CRED-09747,CUST-09747,746,Occasional Late,0,0.33,Medium Risk
CRED-09748,CUST-09748,688,On-Time,0,0.35,Medium Risk
CRED-09749,CUST-09749,764,On-Time,0,0.05,Low Risk
CRED-09750,CUST-09750,704,On-Time,0,0.38,Medium Risk
CRED-09751,CUST-09751,621,Frequently Late,2,0.69,High Risk
CRED-09752,CUST-09752,611,Occasional Late,4,0.66,High Risk
CRED-09753,CUST-09753,710,On-Time,0,0.3,Medium Risk
CRED-09754,CUST-09754,760,On-Time,0,0.09,Low Risk
CRED-09755,CUST-09755,697,On-Time,2,0.23,Medium Risk
CRED-09756,CUST-09756,447,Default Risk,6,0.9,Very High Risk
CRED-09757,CUST-09757,727,On-Time,0,0.41,Medium Risk
CRED-09758,CUST-09758,669,Occasional Late,3,0.57,High Risk
CRED-09759,CUST-09759,712,On-Time,0,0.48,Medium Risk
CRED-09760,CUST-09760,708,On-Time,0,0.29,Medium Risk
CRED-09761,CUST-09761,663,Occasional Late,3,0.8,High Risk
CRED-09762,CUST-09762,685,On-Time,0,0.44,Medium Risk
CRED-09763,CUST-09763,580,Occasional Late,2,0.5,High Risk
CRED-09764,CUST-09764,764,On-Time,0,0.15,Low Risk
CRED-09765,CUST-09765,669,Occasional Late,2,0.77,High Risk
CRED-09766,CUST-09766,727,Occasional Late,0,0.44,Medium Risk
CRED-09767,CUST-09767,742,On-Time,0,0.37,Medium Risk
CRED-09768,CUST-09768,669,Occasional Late,3,0.66,High Risk
CRED-09769,CUST-09769,699,Occasional Late,1,0.36,Medium Risk
CRED-09770,CUST-09770,717,Occasional Late,0,0.2,Medium Risk
CRED-09771,CUST-09771,687,On-Time,0,0.25,Medium Risk
CRED-09772,CUST-09772,720,Occasional Late,0,0.21,Medium Risk
CRED-09773,CUST-09773,730,On-Time,1,0.22,Medium Risk
CRED-09774,CUST-09774,370,Default Risk,7,0.73,Very High Risk
CRED-09775,CUST-09775,721,On-Time,0,0.46,Medium Risk
CRED-09776,CUST-09776,789,On-Time,0,0.15,Low Risk
CRED-09777,CUST-09777,787,On-Time,0,0.21,Low Risk
CRED-09778,CUST-09778,667,Occasional Late,3,0.76,High Risk
CRED-09779,CUST-09779,535,Default Risk,7,0.88,Very High Risk
CRED-09780,CUST-09780,703,Occasional Late,0,0.45,Medium Risk
CRED-09781,CUST-09781,750,On-Time,0,0.08,Low Risk
CRED-09782,CUST-09782,751,On-Time,0,0.17,Low Risk
CRED-09783,CUST-09783,684,On-Time,2,0.38,Medium Risk
CRED-09784,CUST-09784,741,On-Time,0,0.22,Medium Risk
CRED-09785,CUST-09785,669,Frequently Late,3,0.84,High Risk
CRED-09786,CUST-09786,727,Occasional Late,0,0.32,Medium Risk
CRED-09787,CUST-09787,780,On-Time,0,0.17,Low Risk
CRED-09788,CUST-09788,678,Occasional Late,0,0.23,Medium Risk
CRED-09789,CUST-09789,759,On-Time,0,0.07,Low Risk
CRED-09790,CUST-09790,740,On-Time,1,0.35,Medium Risk
CRED-09791,CUST-09791,696,Occasional Late,0,0.33,Medium Risk
CRED-09792,CUST-09792,775,On-Time,0,0.23,Low Risk
CRED-09793,CUST-09793,798,On-Time,0,0.07,Low Risk
CRED-09794,CUST-09794,716,Occasional Late,2,0.21,Medium Risk
CRED-09795,CUST-09795,736,Occasional Late,0,0.38,Medium Risk
CRED-09796,CUST-09796,762,On-Time,0,0.23,Low Risk
CRED-09797,CUST-09797,690,On-Time,0,0.45,Medium Risk
CRED-09798,CUST-09798,623,Frequently Late,3,0.46,High Risk
CRED-09799,CUST-09799,573,Frequently Late,5,0.75,Very High Risk
CRED-09800,CUST-09800,730,On-Time,0,0.46,Medium Risk
CRED-09801,CUST-09801,511,Default Risk,7,0.82,Very High Risk
CRED-09802,CUST-09802,695,On-Time,1,0.22,Medium Risk
CRED-09803,CUST-09803,711,On-Time,0,0.47,Medium Risk
CRED-09804,CUST-09804,772,On-Time,0,0.24,Low Risk
CRED-09805,CUST-09805,717,On-Time,0,0.4,Medium Risk
CRED-09806,CUST-09806,697,On-Time,2,0.24,Medium Risk
CRED-09807,CUST-09807,740,On-Time,0,0.26,Medium Risk
CRED-09808,CUST-09808,598,Occasional Late,4,0.8,High Risk
CRED-09809,CUST-09809,693,On-Time,0,0.33,Medium Risk
CRED-09810,CUST-09810,732,On-Time,0,0.28,Medium Risk
CRED-09811,CUST-09811,711,On-Time,0,0.34,Medium Risk
CRED-09812,CUST-09812,805,On-Time,0,0.21,Low Risk
CRED-09813,CUST-09813,571,Default Risk,6,0.9,Very High Risk
CRED-09814,CUST-09814,738,On-Time,0,0.44,Medium Risk
CRED-09815,CUST-09815,684,On-Time,0,0.24,Medium Risk
CRED-09816,CUST-09816,782,On-Time,0,0.12,Low Risk
CRED-09817,CUST-09817,713,On-Time,0,0.4,Medium Risk
CRED-09818,CUST-09818,543,Frequently Late,9,0.81,Very High Risk
CRED-09819,CUST-09819,725,On-Time,1,0.23,Medium Risk
CRED-09820,CUST-09820,670,Occasional Late,0,0.22,Medium Risk
CRED-09821,CUST-09821,813,On-Time,1,0.09,Low Risk
CRED-09822,CUST-09822,803,On-Time,0,0.23,Low Risk
CRED-09823,CUST-09823,765,On-Time,0,0.22,Low Risk
CRED-09824,CUST-09824,757,On-Time,0,0.14,Low Risk
CRED-09825,CUST-09825,673,On-Time,0,0.29,Medium Risk
CRED-09826,CUST-09826,627,Frequently Late,4,0.69,High Risk
CRED-09827,CUST-09827,729,On-Time,2,0.39,Medium Risk
CRED-09828,CUST-09828,743,On-Time,0,0.21,Medium Risk
CRED-09829,CUST-09829,653,Frequently Late,3,0.5,High Risk
CRED-09830,CUST-09830,738,On-Time,0,0.39,Medium Risk
CRED-09831,CUST-09831,747,Occasional Late,2,0.23,Medium Risk
CRED-09832,CUST-09832,717,Occasional Late,2,0.42,Medium Risk
CRED-09833,CUST-09833,436,Default Risk,10,0.72,Very High Risk
CRED-09834,CUST-09834,707,On-Time,0,0.43,Medium Risk
CRED-09835,CUST-09835,625,Frequently Late,3,0.48,High Risk
CRED-09836,CUST-09836,692,Occasional Late,1,0.41,Medium Risk
CRED-09837,CUST-09837,766,On-Time,0,0.24,Low Risk
CRED-09838,CUST-09838,694,Occasional Late,0,0.28,Medium Risk
CRED-09839,CUST-09839,775,On-Time,0,0.14,Low Risk
CRED-09840,CUST-09840,739,On-Time,0,0.39,Medium Risk
CRED-09841,CUST-09841,569,Default Risk,11,0.98,Very High Risk
CRED-09842,CUST-09842,686,On-Time,0,0.24,Medium Risk
CRED-09843,CUST-09843,768,On-Time,0,0.12,Low Risk
CRED-09844,CUST-09844,681,On-Time,1,0.24,Medium Risk
CRED-09845,CUST-09845,606,Occasional Late,2,0.8,High Risk
CRED-09846,CUST-09846,746,On-Time,2,0.34,Medium Risk
CRED-09847,CUST-09847,771,On-Time,0,0.2,Low Risk
CRED-09848,CUST-09848,768,On-Time,0,0.2,Low Risk
CRED-09849,CUST-09849,740,On-Time,0,0.46,Medium Risk
CRED-09850,CUST-09850,589,Occasional Late,4,0.54,High Risk
CRED-09851,CUST-09851,689,On-Time,0,0.28,Medium Risk
CRED-09852,CUST-09852,730,Occasional Late,0,0.28,Medium Risk
CRED-09853,CUST-09853,673,On-Time,0,0.42,Medium Risk
CRED-09854,CUST-09854,594,Frequently Late,2,0.82,High Risk
CRED-09855,CUST-09855,698,On-Time,0,0.41,Medium Risk
CRED-09856,CUST-09856,651,Frequently Late,4,0.76,High Risk
CRED-09857,CUST-09857,649,Occasional Late,2,0.84,High Risk
CRED-09858,CUST-09858,583,Occasional Late,3,0.64,High Risk
CRED-09859,CUST-09859,686,Occasional Late,0,0.49,Medium Risk
CRED-09860,CUST-09860,719,On-Time,0,0.38,Medium Risk
CRED-09861,CUST-09861,734,On-Time,0,0.3,Medium Risk
CRED-09862,CUST-09862,724,On-Time,1,0.3,Medium Risk
CRED-09863,CUST-09863,706,Occasional Late,1,0.5,Medium Risk
CRED-09864,CUST-09864,710,On-Time,0,0.38,Medium Risk
CRED-09865,CUST-09865,565,Default Risk,8,0.9,Very High Risk
CRED-09866,CUST-09866,719,Occasional Late,0,0.21,Medium Risk
CRED-09867,CUST-09867,481,Default Risk,4,0.77,Very High Risk
CRED-09868,CUST-09868,670,On-Time,0,0.2,Medium Risk
CRED-09869,CUST-09869,733,On-Time,0,0.23,Medium Risk
CRED-09870,CUST-09870,653,Frequently Late,1,0.73,High Risk
CRED-09871,CUST-09871,687,On-Time,0,0.46,Medium Risk
CRED-09872,CUST-09872,549,Default Risk,10,0.7,Very High Risk
CRED-09873,CUST-09873,697,Occasional Late,0,0.31,Medium Risk
CRED-09874,CUST-09874,702,On-Time,0,0.33,Medium Risk
CRED-09875,CUST-09875,606,Occasional Late,2,0.55,High Risk
CRED-09876,CUST-09876,705,On-Time,0,0.26,Medium Risk
CRED-09877,CUST-09877,736,On-Time,0,0.37,Medium Risk
CRED-09878,CUST-09878,643,Occasional Late,2,0.51,High Risk
CRED-09879,CUST-09879,759,On-Time,0,0.2,Low Risk
CRED-09880,CUST-09880,649,Frequently Late,1,0.84,High Risk
CRED-09881,CUST-09881,695,On-Time,2,0.45,Medium Risk
CRED-09882,CUST-09882,676,Occasional Late,1,0.3,Medium Risk
CRED-09883,CUST-09883,741,Occasional Late,0,0.22,Medium Risk
CRED-09884,CUST-09884,669,Occasional Late,3,0.78,High Risk
CRED-09885,CUST-09885,702,On-Time,0,0.23,Medium Risk
CRED-09886,CUST-09886,737,Occasional Late,0,0.43,Medium Risk
CRED-09887,CUST-09887,692,On-Time,2,0.21,Medium Risk
CRED-09888,CUST-09888,724,On-Time,0,0.42,Medium Risk
CRED-09889,CUST-09889,702,On-Time,0,0.4,Medium Risk
CRED-09890,CUST-09890,751,On-Time,1,0.15,Low Risk
CRED-09891,CUST-09891,718,On-Time,0,0.41,Medium Risk
CRED-09892,CUST-09892,713,On-Time,1,0.48,Medium Risk
CRED-09893,CUST-09893,701,On-Time,0,0.35,Medium Risk
CRED-09894,CUST-09894,693,Occasional Late,0,0.46,Medium Risk
CRED-09895,CUST-09895,488,Default Risk,6,0.82,Very High Risk
CRED-09896,CUST-09896,704,Occasional Late,0,0.41,Medium Risk
CRED-09897,CUST-09897,545,Frequently Late,8,0.92,Very High Risk
CRED-09898,CUST-09898,679,On-Time,0,0.3,Medium Risk
CRED-09899,CUST-09899,583,Frequently Late,2,0.74,High Risk
CRED-09900,CUST-09900,689,On-Time,0,0.22,Medium Risk
CRED-09901,CUST-09901,661,Frequently Late,2,0.73,High Risk
CRED-09902,CUST-09902,560,Default Risk,11,0.92,Very High Risk
CRED-09903,CUST-09903,614,Frequently Late,1,0.61,High Risk
CRED-09904,CUST-09904,767,On-Time,0,0.16,Low Risk
CRED-09905,CUST-09905,676,On-Time,1,0.41,Medium Risk
CRED-09906,CUST-09906,683,On-Time,1,0.48,Medium Risk
CRED-09907,CUST-09907,725,Occasional Late,0,0.42,Medium Risk
CRED-09908,CUST-09908,738,On-Time,0,0.48,Medium Risk
CRED-09909,CUST-09909,656,Frequently Late,3,0.75,High Risk
CRED-09910,CUST-09910,746,On-Time,2,0.39,Medium Risk
CRED-09911,CUST-09911,690,Occasional Late,0,0.27,Medium Risk
CRED-09912,CUST-09912,759,On-Time,0,0.13,Low Risk
CRED-09913,CUST-09913,772,On-Time,0,0.09,Low Risk
CRED-09914,CUST-09914,675,On-Time,0,0.32,Medium Risk
CRED-09915,CUST-09915,638,Frequently Late,2,0.66,High Risk
CRED-09916,CUST-09916,590,Frequently Late,4,0.58,High Risk
CRED-09917,CUST-09917,776,On-Time,0,0.21,Low Risk
CRED-09918,CUST-09918,717,On-Time,0,0.47,Medium Risk
CRED-09919,CUST-09919,659,Frequently Late,2,0.56,High Risk
CRED-09920,CUST-09920,715,On-Time,1,0.24,Medium Risk
CRED-09921,CUST-09921,696,On-Time,1,0.23,Medium Risk
CRED-09922,CUST-09922,636,Occasional Late,1,0.82,High Risk
CRED-09923,CUST-09923,698,Occasional Late,0,0.3,Medium Risk
CRED-09924,CUST-09924,604,Frequently Late,3,0.8,High Risk
CRED-09925,CUST-09925,693,On-Time,1,0.49,Medium Risk
CRED-09926,CUST-09926,751,On-Time,0,0.08,Low Risk
CRED-09927,CUST-09927,654,Occasional Late,4,0.51,High Risk
CRED-09928,CUST-09928,712,On-Time,1,0.45,Medium Risk
CRED-09929,CUST-09929,720,Occasional Late,0,0.49,Medium Risk
CRED-09930,CUST-09930,719,Occasional Late,0,0.34,Medium Risk
CRED-09931,CUST-09931,631,Frequently Late,4,0.81,High Risk
CRED-09932,CUST-09932,725,On-Time,0,0.32,Medium Risk
CRED-09933,CUST-09933,756,On-Time,0,0.06,Low Risk
CRED-09934,CUST-09934,808,On-Time,0,0.1,Low Risk
CRED-09935,CUST-09935,672,On-Time,0,0.22,Medium Risk
CRED-09936,CUST-09936,697,On-Time,0,0.2,Medium Risk
CRED-09937,CUST-09937,774,On-Time,0,0.2,Low Risk
CRED-09938,CUST-09938,698,On-Time,1,0.46,Medium Risk
CRED-09939,CUST-09939,727,Occasional Late,0,0.47,Medium Risk
CRED-09940,CUST-09940,752,On-Time,0,0.21,Low Risk
CRED-09941,CUST-09941,720,Occasional Late,1,0.43,Medium Risk
CRED-09942,CUST-09942,588,Occasional Late,3,0.79,High Risk
CRED-09943,CUST-09943,778,On-Time,0,0.24,Low Risk
CRED-09944,CUST-09944,679,Occasional Late,0,0.45,Medium Risk
CRED-09945,CUST-09945,595,Occasional Late,2,0.52,High Risk
CRED-09946,CUST-09946,703,On-Time,1,0.29,Medium Risk
CRED-09947,CUST-09947,829,On-Time,0,0.05,Low Risk
CRED-09948,CUST-09948,704,On-Time,0,0.42,Medium Risk
CRED-09949,CUST-09949,779,On-Time,0,0.21,Low Risk
CRED-09950,CUST-09950,656,Occasional Late,1,0.75,High Risk
CRED-09951,CUST-09951,762,On-Time,0,0.16,Low Risk
CRED-09952,CUST-09952,690,On-Time,0,0.39,Medium Risk
CRED-09953,CUST-09953,767,On-Time,0,0.13,Low Risk
CRED-09954,CUST-09954,616,Frequently Late,1,0.61,High Risk
CRED-09955,CUST-09955,742,On-Time,1,0.22,Medium Risk
CRED-09956,CUST-09956,571,Frequently Late,5,0.81,Very High Risk
CRED-09957,CUST-09957,713,On-Time,0,0.49,Medium Risk
CRED-09958,CUST-09958,722,Occasional Late,0,0.35,Medium Risk
CRED-09959,CUST-09959,724,Occasional Late,0,0.3,Medium Risk
CRED-09960,CUST-09960,645,Frequently Late,4,0.6,High Risk
CRED-09961,CUST-09961,631,Occasional Late,1,0.79,High Risk
CRED-09962,CUST-09962,689,On-Time,0,0.39,Medium Risk
CRED-09963,CUST-09963,643,Frequently Late,3,0.57,High Risk
CRED-09964,CUST-09964,747,On-Time,0,0.31,Medium Risk
CRED-09965,CUST-09965,595,Frequently Late,1,0.68,High Risk
CRED-09966,CUST-09966,727,Occasional Late,2,0.2,Medium Risk
CRED-09967,CUST-09967,653,Frequently Late,2,0.46,High Risk
CRED-09968,CUST-09968,666,Occasional Late,1,0.59,High Risk
CRED-09969,CUST-09969,768,On-Time,0,0.05,Low Risk
CRED-09970,CUST-09970,785,On-Time,0,0.1,Low Risk
CRED-09971,CUST-09971,722,On-Time,0,0.35,Medium Risk
CRED-09972,CUST-09972,825,On-Time,0,0.07,Low Risk
CRED-09973,CUST-09973,627,Occasional Late,4,0.56,High Risk
CRED-09974,CUST-09974,815,On-Time,0,0.21,Low Risk
CRED-09975,CUST-09975,760,On-Time,0,0.08,Low Risk
CRED-09976,CUST-09976,562,Frequently Late,6,0.9,Very High Risk
CRED-09977,CUST-09977,640,Occasional Late,3,0.71,High Risk
CRED-09978,CUST-09978,717,Occasional Late,2,0.26,Medium Risk
CRED-09979,CUST-09979,742,On-Time,1,0.43,Medium Risk
CRED-09980,CUST-09980,704,Occasional Late,0,0.31,Medium Risk
CRED-09981,CUST-09981,745,On-Time,0,0.48,Medium Risk
CRED-09982,CUST-09982,761,On-Time,0,0.12,Low Risk
CRED-09983,CUST-09983,720,On-Time,0,0.36,Medium Risk
CRED-09984,CUST-09984,732,On-Time,0,0.31,Medium Risk
CRED-09985,CUST-09985,711,On-Time,0,0.21,Medium Risk
CRED-09986,CUST-09986,652,Frequently Late,4,0.79,High Risk
CRED-09987,CUST-09987,627,Occasional Late,2,0.78,High Risk
CRED-09988,CUST-09988,733,On-Time,1,0.46,Medium Risk
CRED-09989,CUST-09989,735,On-Time,0,0.27,Medium Risk
CRED-09990,CUST-09990,552,Frequently Late,10,0.89,Very High Risk
CRED-09991,CUST-09991,759,On-Time,0,0.08,Low Risk
CRED-09992,CUST-09992,688,On-Time,2,0.38,Medium Risk
CRED-09993,CUST-09993,742,On-Time,1,0.48,Medium Risk
CRED-09994,CUST-09994,478,Frequently Late,11,0.73,Very High Risk
CRED-09995,CUST-09995,716,On-Time,0,0.45,Medium Risk
CRED-09996,CUST-09996,795,On-Time,0,0.23,Low Risk
CRED-09997,CUST-09997,629,Frequently Late,1,0.78,High Risk
CRED-09998,CUST-09998,499,Default Risk,5,0.77,Very High Risk
CRED-09999,CUST-09999,554,Default Risk,9,0.84,Very High Risk
CRED-10000,CUST-10000,683,On-Time,0,0.32,Medium Risk
CRED-10001,CUST-10001,607,Frequently Late,2,0.49,High Risk
CRED-10002,CUST-10002,668,Frequently Late,4,0.51,High Risk
CRED-10003,CUST-10003,623,Occasional Late,4,0.49,High Risk
CRED-10004,CUST-10004,740,On-Time,0,0.23,Medium Risk
CRED-10005,CUST-10005,728,Occasional Late,0,0.31,Medium Risk
CRED-10006,CUST-10006,593,Frequently Late,1,0.79,High Risk
CRED-10007,CUST-10007,821,On-Time,0,0.15,Low Risk
CRED-10008,CUST-10008,715,Occasional Late,0,0.27,Medium Risk
CRED-10009,CUST-10009,766,On-Time,0,0.08,Low Risk
CRED-10010,CUST-10010,600,Occasional Late,3,0.65,High Risk
CRED-10011,CUST-10011,642,Occasional Late,2,0.74,High Risk
CRED-10012,CUST-10012,794,On-Time,0,0.2,Low Risk
CRED-10013,CUST-10013,682,On-Time,2,0.46,Medium Risk
CRED-10014,CUST-10014,613,Frequently Late,1,0.7,High Risk
CRED-10015,CUST-10015,815,On-Time,0,0.05,Low Risk
CRED-10016,CUST-10016,539,Default Risk,5,0.72,Very High Risk
CRED-10017,CUST-10017,650,Frequently Late,4,0.84,High Risk
CRED-10018,CUST-10018,498,Default Risk,8,0.94,Very High Risk
CRED-10019,CUST-10019,526,Default Risk,9,0.78,Very High Risk
CRED-10020,CUST-10020,633,Occasional Late,1,0.72,High Risk
CRED-10021,CUST-10021,727,Occasional Late,0,0.38,Medium Risk
CRED-10022,CUST-10022,748,Occasional Late,0,0.43,Medium Risk
CRED-10023,CUST-10023,733,On-Time,0,0.27,Medium Risk
CRED-10024,CUST-10024,680,On-Time,0,0.24,Medium Risk
CRED-10025,CUST-10025,691,On-Time,0,0.44,Medium Risk
CRED-10026,CUST-10026,678,On-Time,0,0.37,Medium Risk
CRED-10027,CUST-10027,647,Occasional Late,2,0.61,High Risk
CRED-10028,CUST-10028,728,On-Time,0,0.41,Medium Risk
CRED-10029,CUST-10029,800,On-Time,0,0.17,Low Risk
CRED-10030,CUST-10030,648,Frequently Late,4,0.5,High Risk
CRED-10031,CUST-10031,697,On-Time,2,0.41,Medium Risk
CRED-10032,CUST-10032,684,Occasional Late,1,0.26,Medium Risk
CRED-10033,CUST-10033,733,Occasional Late,0,0.49,Medium Risk
CRED-10034,CUST-10034,782,On-Time,0,0.1,Low Risk
CRED-10035,CUST-10035,674,Occasional Late,0,0.41,Medium Risk
CRED-10036,CUST-10036,494,Default Risk,6,0.75,Very High Risk
CRED-10037,CUST-10037,829,On-Time,0,0.23,Low Risk
CRED-10038,CUST-10038,718,On-Time,0,0.36,Medium Risk
CRED-10039,CUST-10039,673,On-Time,0,0.39,Medium Risk
CRED-10040,CUST-10040,738,On-Time,0,0.3,Medium Risk
CRED-10041,CUST-10041,714,Occasional Late,0,0.36,Medium Risk
CRED-10042,CUST-10042,604,Occasional Late,3,0.73,High Risk
CRED-10043,CUST-10043,616,Occasional Late,3,0.47,High Risk
CRED-10044,CUST-10044,756,On-Time,0,0.08,Low Risk
CRED-10045,CUST-10045,758,On-Time,0,0.07,Low Risk
CRED-10046,CUST-10046,762,On-Time,0,0.2,Low Risk
CRED-10047,CUST-10047,462,Frequently Late,8,0.73,Very High Risk
CRED-10048,CUST-10048,658,Frequently Late,4,0.64,High Risk
CRED-10049,CUST-10049,665,Frequently Late,1,0.58,High Risk
CRED-10050,CUST-10050,740,On-Time,1,0.23,Medium Risk
CRED-10051,CUST-10051,715,On-Time,1,0.3,Medium Risk
CRED-10052,CUST-10052,708,On-Time,0,0.3,Medium Risk
CRED-10053,CUST-10053,725,On-Time,0,0.31,Medium Risk
CRED-10054,CUST-10054,692,On-Time,1,0.31,Medium Risk
CRED-10055,CUST-10055,671,Occasional Late,1,0.21,Medium Risk
CRED-10056,CUST-10056,662,Occasional Late,1,0.58,High Risk
CRED-10057,CUST-10057,745,Occasional Late,0,0.28,Medium Risk
CRED-10058,CUST-10058,763,On-Time,1,0.18,Low Risk
CRED-10059,CUST-10059,674,On-Time,0,0.38,Medium Risk
CRED-10060,CUST-10060,700,Occasional Late,0,0.42,Medium Risk
CRED-10061,CUST-10061,688,On-Time,2,0.24,Medium Risk
CRED-10062,CUST-10062,702,On-Time,1,0.21,Medium Risk
CRED-10063,CUST-10063,777,On-Time,0,0.09,Low Risk
CRED-10064,CUST-10064,731,On-Time,0,0.44,Medium Risk
CRED-10065,CUST-10065,650,Frequently Late,4,0.77,High Risk
CRED-10066,CUST-10066,665,Occasional Late,1,0.8,High Risk
CRED-10067,CUST-10067,755,On-Time,0,0.06,Low Risk
CRED-10068,CUST-10068,765,On-Time,0,0.11,Low Risk
CRED-10069,CUST-10069,681,On-Time,1,0.41,Medium Risk
CRED-10070,CUST-10070,745,On-Time,0,0.24,Medium Risk
CRED-10071,CUST-10071,624,Occasional Late,4,0.71,High Risk
CRED-10072,CUST-10072,755,On-Time,0,0.2,Low Risk
CRED-10073,CUST-10073,669,Frequently Late,1,0.5,High Risk
CRED-10074,CUST-10074,469,Frequently Late,8,0.77,Very High Risk
CRED-10075,CUST-10075,651,Occasional Late,2,0.76,High Risk
CRED-10076,CUST-10076,743,On-Time,1,0.3,Medium Risk
CRED-10077,CUST-10077,732,On-Time,0,0.34,Medium Risk
CRED-10078,CUST-10078,554,Frequently Late,6,0.87,Very High Risk
CRED-10079,CUST-10079,712,On-Time,0,0.32,Medium Risk
CRED-10080,CUST-10080,587,Frequently Late,1,0.75,High Risk
CRED-10081,CUST-10081,589,Frequently Late,1,0.77,High Risk
CRED-10082,CUST-10082,689,On-Time,0,0.47,Medium Risk
CRED-10083,CUST-10083,720,On-Time,0,0.35,Medium Risk
CRED-10084,CUST-10084,703,On-Time,0,0.31,Medium Risk
CRED-10085,CUST-10085,757,On-Time,0,0.1,Low Risk
CRED-10086,CUST-10086,803,On-Time,0,0.18,Low Risk
CRED-10087,CUST-10087,673,Occasional Late,0,0.28,Medium Risk
CRED-10088,CUST-10088,708,Occasional Late,0,0.44,Medium Risk
CRED-10089,CUST-10089,635,Frequently Late,2,0.7,High Risk
CRED-10090,CUST-10090,717,On-Time,1,0.46,Medium Risk
CRED-10091,CUST-10091,640,Frequently Late,2,0.79,High Risk
CRED-10092,CUST-10092,729,Occasional Late,0,0.39,Medium Risk
CRED-10093,CUST-10093,630,Occasional Late,3,0.77,High Risk
CRED-10094,CUST-10094,684,On-Time,0,0.45,Medium Risk
CRED-10095,CUST-10095,701,On-Time,1,0.21,Medium Risk
CRED-10096,CUST-10096,660,Frequently Late,3,0.49,High Risk
CRED-10097,CUST-10097,763,On-Time,0,0.11,Low Risk
CRED-10098,CUST-10098,699,On-Time,0,0.26,Medium Risk
CRED-10099,CUST-10099,613,Frequently Late,4,0.72,High Risk
CRED-10100,CUST-10100,666,Occasional Late,4,0.68,High Risk
CRED-10101,CUST-10101,576,Default Risk,5,0.74,Very High Risk
CRED-10102,CUST-10102,685,Occasional Late,0,0.25,Medium Risk
CRED-10103,CUST-10103,773,On-Time,1,0.06,Low Risk
CRED-10104,CUST-10104,720,Occasional Late,1,0.38,Medium Risk
CRED-10105,CUST-10105,614,Occasional Late,4,0.83,High Risk
CRED-10106,CUST-10106,721,On-Time,0,0.35,Medium Risk
CRED-10107,CUST-10107,738,Occasional Late,0,0.26,Medium Risk
CRED-10108,CUST-10108,703,On-Time,0,0.29,Medium Risk
CRED-10109,CUST-10109,779,On-Time,0,0.2,Low Risk
CRED-10110,CUST-10110,617,Occasional Late,2,0.47,High Risk
CRED-10111,CUST-10111,629,Occasional Late,4,0.79,High Risk
CRED-10112,CUST-10112,612,Occasional Late,4,0.61,High Risk
CRED-10113,CUST-10113,689,On-Time,2,0.5,Medium Risk
CRED-10114,CUST-10114,732,On-Time,0,0.29,Medium Risk
CRED-10115,CUST-10115,752,On-Time,0,0.06,Low Risk
CRED-10116,CUST-10116,666,Frequently Late,1,0.55,High Risk
CRED-10117,CUST-10117,643,Frequently Late,3,0.66,High Risk
CRED-10118,CUST-10118,752,On-Time,0,0.17,Low Risk
CRED-10119,CUST-10119,671,On-Time,1,0.36,Medium Risk
CRED-10120,CUST-10120,644,Occasional Late,3,0.8,High Risk
CRED-10121,CUST-10121,742,On-Time,0,0.35,Medium Risk
CRED-10122,CUST-10122,731,Occasional Late,1,0.41,Medium Risk
CRED-10123,CUST-10123,638,Frequently Late,4,0.75,High Risk
CRED-10124,CUST-10124,716,On-Time,0,0.37,Medium Risk
CRED-10125,CUST-10125,671,On-Time,1,0.24,Medium Risk
CRED-10126,CUST-10126,673,On-Time,1,0.22,Medium Risk
CRED-10127,CUST-10127,703,Occasional Late,2,0.28,Medium Risk
CRED-10128,CUST-10128,721,Occasional Late,2,0.5,Medium Risk
CRED-10129,CUST-10129,693,On-Time,0,0.33,Medium Risk
CRED-10130,CUST-10130,711,On-Time,0,0.36,Medium Risk
CRED-10131,CUST-10131,671,On-Time,2,0.47,Medium Risk
CRED-10132,CUST-10132,686,On-Time,2,0.22,Medium Risk
CRED-10133,CUST-10133,729,On-Time,0,0.39,Medium Risk
CRED-10134,CUST-10134,778,On-Time,0,0.22,Low Risk
CRED-10135,CUST-10135,713,On-Time,0,0.34,Medium Risk
CRED-10136,CUST-10136,554,Default Risk,6,0.94,Very High Risk
CRED-10137,CUST-10137,689,On-Time,0,0.35,Medium Risk
CRED-10138,CUST-10138,686,On-Time,1,0.35,Medium Risk
CRED-10139,CUST-10139,627,Frequently Late,2,0.68,High Risk
CRED-10140,CUST-10140,584,Frequently Late,4,0.73,High Risk
CRED-10141,CUST-10141,775,On-Time,0,0.1,Low Risk
CRED-10142,CUST-10142,747,Occasional Late,0,0.35,Medium Risk
CRED-10143,CUST-10143,803,On-Time,0,0.12,Low Risk
CRED-10144,CUST-10144,656,Occasional Late,2,0.66,High Risk
CRED-10145,CUST-10145,574,Default Risk,5,0.94,Very High Risk
CRED-10146,CUST-10146,738,Occasional Late,0,0.35,Medium Risk
CRED-10147,CUST-10147,642,Frequently Late,3,0.8,High Risk
CRED-10148,CUST-10148,801,On-Time,1,0.13,Low Risk
CRED-10149,CUST-10149,554,Frequently Late,11,0.75,Very High Risk
CRED-10150,CUST-10150,672,On-Time,1,0.4,Medium Risk
CRED-10151,CUST-10151,730,Occasional Late,0,0.3,Medium Risk
CRED-10152,CUST-10152,782,On-Time,0,0.18,Low Risk
CRED-10153,CUST-10153,675,On-Time,0,0.26,Medium Risk
CRED-10154,CUST-10154,750,On-Time,1,0.16,Low Risk
CRED-10155,CUST-10155,726,Occasional Late,0,0.2,Medium Risk
CRED-10156,CUST-10156,713,On-Time,0,0.22,Medium Risk
CRED-10157,CUST-10157,763,On-Time,0,0.1,Low Risk
CRED-10158,CUST-10158,630,Occasional Late,3,0.81,High Risk
CRED-10159,CUST-10159,764,On-Time,0,0.06,Low Risk
CRED-10160,CUST-10160,687,On-Time,0,0.35,Medium Risk
CRED-10161,CUST-10161,776,On-Time,0,0.1,Low Risk
CRED-10162,CUST-10162,710,Occasional Late,0,0.35,Medium Risk
CRED-10163,CUST-10163,715,On-Time,0,0.45,Medium Risk
CRED-10164,CUST-10164,723,On-Time,2,0.49,Medium Risk
CRED-10165,CUST-10165,599,Frequently Late,3,0.76,High Risk
CRED-10166,CUST-10166,746,On-Time,0,0.5,Medium Risk
CRED-10167,CUST-10167,687,On-Time,0,0.39,Medium Risk
CRED-10168,CUST-10168,743,On-Time,0,0.26,Medium Risk
CRED-10169,CUST-10169,807,On-Time,0,0.13,Low Risk
CRED-10170,CUST-10170,762,On-Time,0,0.18,Low Risk
CRED-10171,CUST-10171,765,On-Time,0,0.06,Low Risk
CRED-10172,CUST-10172,658,Occasional Late,3,0.81,High Risk
CRED-10173,CUST-10173,736,On-Time,0,0.27,Medium Risk
CRED-10174,CUST-10174,693,On-Time,0,0.44,Medium Risk
CRED-10175,CUST-10175,701,On-Time,0,0.31,Medium Risk
CRED-10176,CUST-10176,632,Occasional Late,3,0.77,High Risk
CRED-10177,CUST-10177,769,On-Time,0,0.13,Low Risk
CRED-10178,CUST-10178,729,On-Time,0,0.29,Medium Risk
CRED-10179,CUST-10179,786,On-Time,0,0.15,Low Risk
CRED-10180,CUST-10180,645,Occasional Late,1,0.75,High Risk
CRED-10181,CUST-10181,671,On-Time,1,0.28,Medium Risk
CRED-10182,CUST-10182,687,Occasional Late,0,0.49,Medium Risk
CRED-10183,CUST-10183,795,On-Time,0,0.15,Low Risk
CRED-10184,CUST-10184,449,Default Risk,4,0.92,Very High Risk
CRED-10185,CUST-10185,647,Frequently Late,3,0.68,High Risk
CRED-10186,CUST-10186,745,On-Time,0,0.46,Medium Risk
CRED-10187,CUST-10187,707,Occasional Late,0,0.2,Medium Risk
CRED-10188,CUST-10188,726,On-Time,0,0.25,Medium Risk
CRED-10189,CUST-10189,688,Occasional Late,1,0.34,Medium Risk
CRED-10190,CUST-10190,661,Frequently Late,4,0.78,High Risk
CRED-10191,CUST-10191,779,On-Time,1,0.16,Low Risk
CRED-10192,CUST-10192,718,On-Time,0,0.31,Medium Risk
CRED-10193,CUST-10193,759,On-Time,0,0.2,Low Risk
CRED-10194,CUST-10194,741,On-Time,0,0.34,Medium Risk
CRED-10195,CUST-10195,661,Occasional Late,2,0.76,High Risk
CRED-10196,CUST-10196,680,On-Time,1,0.2,Medium Risk
CRED-10197,CUST-10197,638,Frequently Late,1,0.61,High Risk
CRED-10198,CUST-10198,720,On-Time,0,0.42,Medium Risk
CRED-10199,CUST-10199,659,Occasional Late,4,0.53,High Risk
CRED-10200,CUST-10200,708,Occasional Late,0,0.39,Medium Risk
CRED-10201,CUST-10201,688,Occasional Late,2,0.28,Medium Risk
CRED-10202,CUST-10202,690,On-Time,1,0.29,Medium Risk
CRED-10203,CUST-10203,746,On-Time,0,0.37,Medium Risk
CRED-10204,CUST-10204,647,Frequently Late,3,0.77,High Risk
CRED-10205,CUST-10205,713,On-Time,0,0.49,Medium Risk
CRED-10206,CUST-10206,805,On-Time,0,0.12,Low Risk
CRED-10207,CUST-10207,664,Occasional Late,2,0.73,High Risk
CRED-10208,CUST-10208,718,On-Time,0,0.47,Medium Risk
CRED-10209,CUST-10209,683,On-Time,2,0.48,Medium Risk
CRED-10210,CUST-10210,693,On-Time,0,0.26,Medium Risk
CRED-10211,CUST-10211,672,On-Time,0,0.34,Medium Risk
CRED-10212,CUST-10212,776,On-Time,0,0.19,Low Risk
CRED-10213,CUST-10213,750,On-Time,0,0.1,Low Risk
CRED-10214,CUST-10214,755,On-Time,0,0.23,Low Risk
CRED-10215,CUST-10215,769,On-Time,0,0.1,Low Risk
CRED-10216,CUST-10216,669,Occasional Late,3,0.77,High Risk
CRED-10217,CUST-10217,716,Occasional Late,0,0.32,Medium Risk
CRED-10218,CUST-10218,699,Occasional Late,1,0.43,Medium Risk
CRED-10219,CUST-10219,720,On-Time,0,0.41,Medium Risk
CRED-10220,CUST-10220,735,On-Time,1,0.27,Medium Risk
CRED-10221,CUST-10221,723,On-Time,2,0.27,Medium Risk
CRED-10222,CUST-10222,740,Occasional Late,0,0.33,Medium Risk
CRED-10223,CUST-10223,721,Occasional Late,0,0.38,Medium Risk
CRED-10224,CUST-10224,712,On-Time,0,0.33,Medium Risk
CRED-10225,CUST-10225,754,On-Time,0,0.15,Low Risk
CRED-10226,CUST-10226,753,On-Time,0,0.15,Low Risk
CRED-10227,CUST-10227,725,Occasional Late,0,0.38,Medium Risk
CRED-10228,CUST-10228,659,Occasional Late,3,0.52,High Risk
CRED-10229,CUST-10229,733,On-Time,0,0.48,Medium Risk
CRED-10230,CUST-10230,702,On-Time,0,0.43,Medium Risk
CRED-10231,CUST-10231,643,Occasional Late,4,0.79,High Risk
CRED-10232,CUST-10232,719,On-Time,0,0.24,Medium Risk
CRED-10233,CUST-10233,742,Occasional Late,2,0.28,Medium Risk
CRED-10234,CUST-10234,728,Occasional Late,0,0.36,Medium Risk
CRED-10235,CUST-10235,752,On-Time,0,0.14,Low Risk
CRED-10236,CUST-10236,711,On-Time,0,0.31,Medium Risk
CRED-10237,CUST-10237,698,On-Time,0,0.46,Medium Risk
CRED-10238,CUST-10238,778,On-Time,0,0.24,Low Risk
CRED-10239,CUST-10239,555,Frequently Late,11,0.92,Very High Risk
CRED-10240,CUST-10240,726,On-Time,1,0.25,Medium Risk
CRED-10241,CUST-10241,685,Occasional Late,0,0.36,Medium Risk
CRED-10242,CUST-10242,598,Frequently Late,2,0.51,High Risk
CRED-10243,CUST-10243,696,Occasional Late,0,0.35,Medium Risk
CRED-10244,CUST-10244,693,On-Time,0,0.47,Medium Risk
CRED-10245,CUST-10245,689,On-Time,0,0.33,Medium Risk
CRED-10246,CUST-10246,747,On-Time,0,0.22,Medium Risk
CRED-10247,CUST-10247,715,On-Time,0,0.28,Medium Risk
CRED-10248,CUST-10248,733,On-Time,0,0.33,Medium Risk
CRED-10249,CUST-10249,646,Frequently Late,3,0.66,High Risk
CRED-10250,CUST-10250,784,On-Time,0,0.18,Low Risk
CRED-10251,CUST-10251,699,Occasional Late,0,0.34,Medium Risk
CRED-10252,CUST-10252,706,On-Time,2,0.41,Medium Risk
CRED-10253,CUST-10253,772,On-Time,0,0.17,Low Risk
CRED-10254,CUST-10254,789,On-Time,0,0.25,Low Risk
CRED-10255,CUST-10255,792,On-Time,0,0.12,Low Risk
CRED-10256,CUST-10256,650,Frequently Late,3,0.63,High Risk
CRED-10257,CUST-10257,713,On-Time,1,0.26,Medium Risk
CRED-10258,CUST-10258,765,On-Time,0,0.2,Low Risk
CRED-10259,CUST-10259,675,On-Time,0,0.29,Medium Risk
CRED-10260,CUST-10260,706,On-Time,0,0.27,Medium Risk
CRED-10261,CUST-10261,562,Frequently Late,8,0.81,Very High Risk
CRED-10262,CUST-10262,733,Occasional Late,0,0.3,Medium Risk
CRED-10263,CUST-10263,695,Occasional Late,2,0.4,Medium Risk
CRED-10264,CUST-10264,622,Occasional Late,4,0.58,High Risk
CRED-10265,CUST-10265,679,On-Time,0,0.29,Medium Risk
CRED-10266,CUST-10266,705,On-Time,0,0.31,Medium Risk
CRED-10267,CUST-10267,669,Frequently Late,3,0.75,High Risk
CRED-10268,CUST-10268,747,Occasional Late,0,0.23,Medium Risk
CRED-10269,CUST-10269,653,Occasional Late,3,0.51,High Risk
CRED-10270,CUST-10270,731,On-Time,0,0.44,Medium Risk
CRED-10271,CUST-10271,683,Occasional Late,1,0.22,Medium Risk
CRED-10272,CUST-10272,739,Occasional Late,1,0.43,Medium Risk
CRED-10273,CUST-10273,743,On-Time,1,0.26,Medium Risk
CRED-10274,CUST-10274,706,On-Time,1,0.39,Medium Risk
CRED-10275,CUST-10275,539,Frequently Late,7,0.79,Very High Risk
CRED-10276,CUST-10276,751,On-Time,0,0.25,Low Risk
CRED-10277,CUST-10277,720,Occasional Late,1,0.28,Medium Risk
CRED-10278,CUST-10278,538,Frequently Late,10,0.85,Very High Risk
CRED-10279,CUST-10279,764,On-Time,0,0.06,Low Risk
CRED-10280,CUST-10280,703,On-Time,1,0.37,Medium Risk
CRED-10281,CUST-10281,763,On-Time,0,0.08,Low Risk
CRED-10282,CUST-10282,726,Occasional Late,0,0.3,Medium Risk
CRED-10283,CUST-10283,715,Occasional Late,2,0.49,Medium Risk
CRED-10284,CUST-10284,658,Occasional Late,2,0.75,High Risk
CRED-10285,CUST-10285,756,On-Time,0,0.23,Low Risk
CRED-10286,CUST-10286,609,Frequently Late,4,0.73,High Risk
CRED-10287,CUST-10287,812,On-Time,0,0.1,Low Risk
CRED-10288,CUST-10288,757,On-Time,0,0.24,Low Risk
CRED-10289,CUST-10289,548,Frequently Late,10,0.94,Very High Risk
CRED-10290,CUST-10290,737,Occasional Late,1,0.43,Medium Risk
CRED-10291,CUST-10291,676,On-Time,0,0.36,Medium Risk
CRED-10292,CUST-10292,728,Occasional Late,1,0.36,Medium Risk
CRED-10293,CUST-10293,795,On-Time,0,0.16,Low Risk
CRED-10294,CUST-10294,694,On-Time,0,0.38,Medium Risk
CRED-10295,CUST-10295,394,Frequently Late,11,0.97,Very High Risk
CRED-10296,CUST-10296,787,On-Time,0,0.25,Low Risk
CRED-10297,CUST-10297,486,Default Risk,7,0.95,Very High Risk
CRED-10298,CUST-10298,603,Occasional Late,3,0.51,High Risk
CRED-10299,CUST-10299,758,On-Time,0,0.19,Low Risk
CRED-10300,CUST-10300,706,On-Time,1,0.49,Medium Risk
CRED-10301,CUST-10301,738,On-Time,1,0.36,Medium Risk
CRED-10302,CUST-10302,733,On-Time,0,0.3,Medium Risk
CRED-10303,CUST-10303,694,Occasional Late,0,0.39,Medium Risk
CRED-10304,CUST-10304,742,On-Time,0,0.39,Medium Risk
CRED-10305,CUST-10305,676,Occasional Late,0,0.41,Medium Risk
CRED-10306,CUST-10306,647,Frequently Late,4,0.81,High Risk
CRED-10307,CUST-10307,700,Occasional Late,0,0.33,Medium Risk
CRED-10308,CUST-10308,588,Occasional Late,3,0.78,High Risk
CRED-10309,CUST-10309,597,Occasional Late,2,0.5,High Risk
CRED-10310,CUST-10310,765,On-Time,0,0.17,Low Risk
CRED-10311,CUST-10311,758,On-Time,1,0.2,Low Risk
CRED-10312,CUST-10312,700,On-Time,1,0.2,Medium Risk
CRED-10313,CUST-10313,713,On-Time,0,0.37,Medium Risk
CRED-10314,CUST-10314,752,On-Time,0,0.11,Low Risk
CRED-10315,CUST-10315,776,On-Time,0,0.23,Low Risk
CRED-10316,CUST-10316,636,Frequently Late,4,0.47,High Risk
CRED-10317,CUST-10317,814,On-Time,0,0.24,Low Risk
CRED-10318,CUST-10318,743,Occasional Late,0,0.38,Medium Risk
CRED-10319,CUST-10319,772,On-Time,0,0.09,Low Risk
CRED-10320,CUST-10320,617,Frequently Late,1,0.8,High Risk
CRED-10321,CUST-10321,790,On-Time,0,0.08,Low Risk
CRED-10322,CUST-10322,743,On-Time,0,0.36,Medium Risk
CRED-10323,CUST-10323,667,Frequently Late,4,0.79,High Risk
CRED-10324,CUST-10324,727,On-Time,0,0.43,Medium Risk
CRED-10325,CUST-10325,751,On-Time,0,0.17,Low Risk
CRED-10326,CUST-10326,679,Occasional Late,0,0.49,Medium Risk
CRED-10327,CUST-10327,732,On-Time,0,0.23,Medium Risk
CRED-10328,CUST-10328,709,On-Time,1,0.45,Medium Risk
CRED-10329,CUST-10329,707,On-Time,1,0.28,Medium Risk
CRED-10330,CUST-10330,695,Occasional Late,1,0.49,Medium Risk
CRED-10331,CUST-10331,745,On-Time,0,0.43,Medium Risk
CRED-10332,CUST-10332,487,Frequently Late,10,0.88,Very High Risk
CRED-10333,CUST-10333,699,On-Time,0,0.34,Medium Risk
CRED-10334,CUST-10334,637,Frequently Late,4,0.83,High Risk
CRED-10335,CUST-10335,722,Occasional Late,0,0.33,Medium Risk
CRED-10336,CUST-10336,697,On-Time,0,0.28,Medium Risk
CRED-10337,CUST-10337,697,On-Time,0,0.21,Medium Risk
CRED-10338,CUST-10338,756,On-Time,0,0.17,Low Risk
CRED-10339,CUST-10339,718,On-Time,0,0.26,Medium Risk
CRED-10340,CUST-10340,634,Occasional Late,1,0.54,High Risk
CRED-10341,CUST-10341,725,Occasional Late,1,0.44,Medium Risk
CRED-10342,CUST-10342,726,On-Time,0,0.33,Medium Risk
CRED-10343,CUST-10343,741,On-Time,0,0.34,Medium Risk
CRED-10344,CUST-10344,653,Frequently Late,2,0.62,High Risk
CRED-10345,CUST-10345,821,On-Time,0,0.24,Low Risk
CRED-10346,CUST-10346,611,Occasional Late,4,0.68,High Risk
CRED-10347,CUST-10347,795,On-Time,0,0.08,Low Risk
CRED-10348,CUST-10348,718,Occasional Late,1,0.41,Medium Risk
CRED-10349,CUST-10349,700,On-Time,0,0.2,Medium Risk
CRED-10350,CUST-10350,771,On-Time,0,0.1,Low Risk
CRED-10351,CUST-10351,701,Occasional Late,0,0.38,Medium Risk
CRED-10352,CUST-10352,532,Default Risk,10,0.97,Very High Risk
CRED-10353,CUST-10353,758,On-Time,1,0.24,Low Risk
CRED-10354,CUST-10354,603,Occasional Late,3,0.65,High Risk
CRED-10355,CUST-10355,748,On-Time,0,0.36,Medium Risk
CRED-10356,CUST-10356,747,Occasional Late,2,0.42,Medium Risk
CRED-10357,CUST-10357,735,On-Time,0,0.3,Medium Risk
CRED-10358,CUST-10358,681,On-Time,2,0.34,Medium Risk
CRED-10359,CUST-10359,644,Frequently Late,3,0.59,High Risk
CRED-10360,CUST-10360,548,Frequently Late,5,0.94,Very High Risk
CRED-10361,CUST-10361,676,Occasional Late,0,0.31,Medium Risk
CRED-10362,CUST-10362,704,On-Time,0,0.42,Medium Risk
CRED-10363,CUST-10363,712,On-Time,0,0.36,Medium Risk
CRED-10364,CUST-10364,748,On-Time,0,0.2,Medium Risk
CRED-10365,CUST-10365,705,On-Time,0,0.25,Medium Risk
CRED-10366,CUST-10366,638,Frequently Late,1,0.73,High Risk
CRED-10367,CUST-10367,677,On-Time,0,0.34,Medium Risk
CRED-10368,CUST-10368,704,Occasional Late,0,0.38,Medium Risk
CRED-10369,CUST-10369,585,Frequently Late,2,0.68,High Risk
CRED-10370,CUST-10370,758,On-Time,0,0.2,Low Risk
CRED-10371,CUST-10371,658,Occasional Late,4,0.61,High Risk
CRED-10372,CUST-10372,740,Occasional Late,0,0.42,Medium Risk
CRED-10373,CUST-10373,699,Occasional Late,1,0.34,Medium Risk
CRED-10374,CUST-10374,531,Frequently Late,7,0.72,Very High Risk
CRED-10375,CUST-10375,702,On-Time,0,0.39,Medium Risk
CRED-10376,CUST-10376,712,On-Time,0,0.31,Medium Risk
CRED-10377,CUST-10377,743,Occasional Late,0,0.2,Medium Risk
CRED-10378,CUST-10378,671,Occasional Late,0,0.27,Medium Risk
CRED-10379,CUST-10379,731,On-Time,1,0.27,Medium Risk
CRED-10380,CUST-10380,760,On-Time,0,0.13,Low Risk
CRED-10381,CUST-10381,713,On-Time,0,0.44,Medium Risk
CRED-10382,CUST-10382,626,Occasional Late,3,0.71,High Risk
CRED-10383,CUST-10383,771,On-Time,0,0.1,Low Risk
CRED-10384,CUST-10384,734,On-Time,0,0.28,Medium Risk
CRED-10385,CUST-10385,731,Occasional Late,0,0.5,Medium Risk
CRED-10386,CUST-10386,701,On-Time,1,0.47,Medium Risk
CRED-10387,CUST-10387,719,Occasional Late,2,0.25,Medium Risk
CRED-10388,CUST-10388,498,Frequently Late,6,0.94,Very High Risk
CRED-10389,CUST-10389,688,On-Time,0,0.23,Medium Risk
CRED-10390,CUST-10390,723,On-Time,0,0.39,Medium Risk
CRED-10391,CUST-10391,732,On-Time,2,0.24,Medium Risk
CRED-10392,CUST-10392,692,On-Time,0,0.46,Medium Risk
CRED-10393,CUST-10393,741,Occasional Late,0,0.35,Medium Risk
CRED-10394,CUST-10394,751,On-Time,0,0.2,Low Risk
CRED-10395,CUST-10395,663,Occasional Late,2,0.62,High Risk
CRED-10396,CUST-10396,634,Occasional Late,3,0.53,High Risk
CRED-10397,CUST-10397,761,On-Time,0,0.05,Low Risk
CRED-10398,CUST-10398,780,On-Time,0,0.14,Low Risk
CRED-10399,CUST-10399,745,Occasional Late,0,0.31,Medium Risk
CRED-10400,CUST-10400,709,On-Time,0,0.45,Medium Risk
CRED-10401,CUST-10401,677,On-Time,0,0.25,Medium Risk
CRED-10402,CUST-10402,569,Default Risk,10,0.76,Very High Risk
CRED-10403,CUST-10403,602,Occasional Late,3,0.5,High Risk
CRED-10404,CUST-10404,698,On-Time,1,0.29,Medium Risk
CRED-10405,CUST-10405,724,On-Time,0,0.31,Medium Risk
CRED-10406,CUST-10406,726,On-Time,0,0.23,Medium Risk
CRED-10407,CUST-10407,717,On-Time,1,0.34,Medium Risk
CRED-10408,CUST-10408,753,On-Time,0,0.08,Low Risk
CRED-10409,CUST-10409,785,On-Time,0,0.19,Low Risk
CRED-10410,CUST-10410,637,Frequently Late,2,0.69,High Risk
CRED-10411,CUST-10411,713,Occasional Late,0,0.34,Medium Risk
CRED-10412,CUST-10412,672,On-Time,1,0.47,Medium Risk
CRED-10413,CUST-10413,683,Occasional Late,0,0.38,Medium Risk
CRED-10414,CUST-10414,483,Default Risk,10,0.85,Very High Risk
CRED-10415,CUST-10415,745,On-Time,1,0.29,Medium Risk
CRED-10416,CUST-10416,648,Occasional Late,1,0.52,High Risk
CRED-10417,CUST-10417,650,Occasional Late,1,0.7,High Risk
CRED-10418,CUST-10418,649,Occasional Late,4,0.79,High Risk
CRED-10419,CUST-10419,683,On-Time,0,0.44,Medium Risk
CRED-10420,CUST-10420,758,On-Time,0,0.07,Low Risk
CRED-10421,CUST-10421,605,Occasional Late,3,0.84,High Risk
CRED-10422,CUST-10422,702,On-Time,1,0.36,Medium Risk
CRED-10423,CUST-10423,747,On-Time,0,0.22,Medium Risk
CRED-10424,CUST-10424,750,On-Time,0,0.1,Low Risk
CRED-10425,CUST-10425,751,On-Time,0,0.23,Low Risk
CRED-10426,CUST-10426,662,Frequently Late,4,0.58,High Risk
CRED-10427,CUST-10427,539,Frequently Late,7,0.92,Very High Risk
CRED-10428,CUST-10428,727,Occasional Late,0,0.41,Medium Risk
CRED-10429,CUST-10429,719,On-Time,2,0.36,Medium Risk
CRED-10430,CUST-10430,743,Occasional Late,0,0.33,Medium Risk
CRED-10431,CUST-10431,756,On-Time,0,0.12,Low Risk
CRED-10432,CUST-10432,686,Occasional Late,0,0.25,Medium Risk
CRED-10433,CUST-10433,700,On-Time,1,0.27,Medium Risk
CRED-10434,CUST-10434,526,Frequently Late,9,0.78,Very High Risk
CRED-10435,CUST-10435,788,On-Time,0,0.24,Low Risk
CRED-10436,CUST-10436,791,On-Time,0,0.18,Low Risk
CRED-10437,CUST-10437,662,Frequently Late,2,0.82,High Risk
CRED-10438,CUST-10438,569,Frequently Late,5,0.97,Very High Risk
CRED-10439,CUST-10439,522,Frequently Late,9,0.71,Very High Risk
CRED-10440,CUST-10440,687,On-Time,0,0.45,Medium Risk
CRED-10441,CUST-10441,708,On-Time,0,0.38,Medium Risk
CRED-10442,CUST-10442,762,On-Time,0,0.16,Low Risk
CRED-10443,CUST-10443,751,On-Time,0,0.15,Low Risk
CRED-10444,CUST-10444,681,Occasional Late,0,0.47,Medium Risk
CRED-10445,CUST-10445,654,Occasional Late,4,0.61,High Risk
CRED-10446,CUST-10446,773,On-Time,0,0.2,Low Risk
CRED-10447,CUST-10447,688,On-Time,1,0.45,Medium Risk
CRED-10448,CUST-10448,688,On-Time,1,0.44,Medium Risk
CRED-10449,CUST-10449,756,On-Time,0,0.16,Low Risk
CRED-10450,CUST-10450,688,On-Time,1,0.29,Medium Risk
CRED-10451,CUST-10451,705,Occasional Late,0,0.21,Medium Risk
CRED-10452,CUST-10452,765,On-Time,0,0.17,Low Risk
CRED-10453,CUST-10453,709,On-Time,0,0.21,Medium Risk
CRED-10454,CUST-10454,743,On-Time,0,0.33,Medium Risk
CRED-10455,CUST-10455,729,Occasional Late,0,0.35,Medium Risk
CRED-10456,CUST-10456,710,Occasional Late,0,0.29,Medium Risk
CRED-10457,CUST-10457,691,Occasional Late,0,0.2,Medium Risk
CRED-10458,CUST-10458,654,Frequently Late,4,0.68,High Risk
CRED-10459,CUST-10459,701,On-Time,2,0.43,Medium Risk
CRED-10460,CUST-10460,765,On-Time,1,0.08,Low Risk
CRED-10461,CUST-10461,679,Occasional Late,0,0.48,Medium Risk
CRED-10462,CUST-10462,438,Frequently Late,6,0.75,Very High Risk
CRED-10463,CUST-10463,771,On-Time,0,0.07,Low Risk
CRED-10464,CUST-10464,759,On-Time,0,0.15,Low Risk
CRED-10465,CUST-10465,824,On-Time,0,0.09,Low Risk
CRED-10466,CUST-10466,679,On-Time,0,0.4,Medium Risk
CRED-10467,CUST-10467,695,On-Time,0,0.42,Medium Risk
CRED-10468,CUST-10468,796,On-Time,0,0.23,Low Risk
CRED-10469,CUST-10469,642,Occasional Late,2,0.59,High Risk
CRED-10470,CUST-10470,742,On-Time,1,0.49,Medium Risk
CRED-10471,CUST-10471,778,On-Time,0,0.19,Low Risk
CRED-10472,CUST-10472,725,On-Time,0,0.26,Medium Risk
CRED-10473,CUST-10473,674,On-Time,0,0.48,Medium Risk
CRED-10474,CUST-10474,722,On-Time,0,0.31,Medium Risk
CRED-10475,CUST-10475,823,On-Time,0,0.16,Low Risk
CRED-10476,CUST-10476,703,Occasional Late,1,0.21,Medium Risk
CRED-10477,CUST-10477,720,Occasional Late,0,0.21,Medium Risk
CRED-10478,CUST-10478,768,On-Time,0,0.12,Low Risk
CRED-10479,CUST-10479,723,On-Time,0,0.32,Medium Risk
CRED-10480,CUST-10480,656,Frequently Late,2,0.79,High Risk
CRED-10481,CUST-10481,647,Frequently Late,4,0.49,High Risk
CRED-10482,CUST-10482,757,On-Time,0,0.12,Low Risk
CRED-10483,CUST-10483,669,Frequently Late,3,0.62,High Risk
CRED-10484,CUST-10484,656,Frequently Late,1,0.63,High Risk
CRED-10485,CUST-10485,761,On-Time,1,0.09,Low Risk
CRED-10486,CUST-10486,712,On-Time,0,0.21,Medium Risk
CRED-10487,CUST-10487,680,On-Time,2,0.47,Medium Risk
CRED-10488,CUST-10488,714,On-Time,0,0.22,Medium Risk
CRED-10489,CUST-10489,672,Occasional Late,0,0.47,Medium Risk
CRED-10490,CUST-10490,657,Occasional Late,1,0.51,High Risk
CRED-10491,CUST-10491,770,On-Time,0,0.14,Low Risk
CRED-10492,CUST-10492,567,Default Risk,8,0.93,Very High Risk
CRED-10493,CUST-10493,540,Default Risk,10,0.74,Very High Risk
CRED-10494,CUST-10494,706,On-Time,1,0.2,Medium Risk
CRED-10495,CUST-10495,739,On-Time,2,0.43,Medium Risk
CRED-10496,CUST-10496,749,On-Time,0,0.25,Medium Risk
CRED-10497,CUST-10497,745,On-Time,1,0.46,Medium Risk
CRED-10498,CUST-10498,623,Occasional Late,3,0.51,High Risk
CRED-10499,CUST-10499,703,On-Time,0,0.39,Medium Risk
CRED-10500,CUST-10500,746,On-Time,0,0.38,Medium Risk
CRED-10501,CUST-10501,731,On-Time,0,0.36,Medium Risk
CRED-10502,CUST-10502,772,On-Time,0,0.17,Low Risk
CRED-10503,CUST-10503,698,Occasional Late,0,0.35,Medium Risk
CRED-10504,CUST-10504,464,Default Risk,10,0.71,Very High Risk
CRED-10505,CUST-10505,697,On-Time,0,0.43,Medium Risk
CRED-10506,CUST-10506,736,Occasional Late,1,0.47,Medium Risk
CRED-10507,CUST-10507,739,Occasional Late,0,0.23,Medium Risk
CRED-10508,CUST-10508,707,On-Time,0,0.21,Medium Risk
CRED-10509,CUST-10509,689,On-Time,0,0.3,Medium Risk
CRED-10510,CUST-10510,727,Occasional Late,1,0.29,Medium Risk
CRED-10511,CUST-10511,740,Occasional Late,2,0.28,Medium Risk
CRED-10512,CUST-10512,693,On-Time,0,0.34,Medium Risk
CRED-10513,CUST-10513,703,On-Time,2,0.21,Medium Risk
CRED-10514,CUST-10514,671,On-Time,1,0.25,Medium Risk
CRED-10515,CUST-10515,630,Occasional Late,1,0.66,High Risk
CRED-10516,CUST-10516,684,On-Time,1,0.27,Medium Risk
CRED-10517,CUST-10517,723,On-Time,0,0.35,Medium Risk
CRED-10518,CUST-10518,730,On-Time,0,0.34,Medium Risk
CRED-10519,CUST-10519,658,Occasional Late,2,0.52,High Risk
CRED-10520,CUST-10520,786,On-Time,0,0.14,Low Risk
CRED-10521,CUST-10521,656,Occasional Late,4,0.55,High Risk
CRED-10522,CUST-10522,656,Occasional Late,3,0.48,High Risk
CRED-10523,CUST-10523,651,Occasional Late,1,0.74,High Risk
CRED-10524,CUST-10524,659,Frequently Late,3,0.5,High Risk
CRED-10525,CUST-10525,517,Default Risk,11,0.74,Very High Risk
CRED-10526,CUST-10526,639,Occasional Late,3,0.47,High Risk
CRED-10527,CUST-10527,714,Occasional Late,0,0.32,Medium Risk
CRED-10528,CUST-10528,779,On-Time,0,0.13,Low Risk
CRED-10529,CUST-10529,685,Occasional Late,0,0.47,Medium Risk
CRED-10530,CUST-10530,455,Frequently Late,10,0.81,Very High Risk
CRED-10531,CUST-10531,616,Occasional Late,2,0.56,High Risk
CRED-10532,CUST-10532,611,Occasional Late,1,0.53,High Risk
CRED-10533,CUST-10533,643,Occasional Late,2,0.57,High Risk
CRED-10534,CUST-10534,735,On-Time,0,0.43,Medium Risk
CRED-10535,CUST-10535,754,On-Time,0,0.17,Low Risk
CRED-10536,CUST-10536,697,On-Time,0,0.24,Medium Risk
CRED-10537,CUST-10537,692,On-Time,0,0.23,Medium Risk
CRED-10538,CUST-10538,792,On-Time,0,0.2,Low Risk
CRED-10539,CUST-10539,716,On-Time,0,0.23,Medium Risk
CRED-10540,CUST-10540,700,On-Time,0,0.38,Medium Risk
CRED-10541,CUST-10541,545,Default Risk,11,0.83,Very High Risk
CRED-10542,CUST-10542,671,On-Time,0,0.34,Medium Risk
CRED-10543,CUST-10543,717,Occasional Late,0,0.33,Medium Risk
CRED-10544,CUST-10544,696,On-Time,2,0.44,Medium Risk
CRED-10545,CUST-10545,784,On-Time,0,0.21,Low Risk
CRED-10546,CUST-10546,711,On-Time,0,0.47,Medium Risk
CRED-10547,CUST-10547,713,Occasional Late,0,0.36,Medium Risk
CRED-10548,CUST-10548,668,Frequently Late,1,0.75,High Risk
CRED-10549,CUST-10549,776,On-Time,0,0.24,Low Risk
CRED-10550,CUST-10550,694,Occasional Late,0,0.38,Medium Risk
CRED-10551,CUST-10551,665,Frequently Late,1,0.62,High Risk
CRED-10552,CUST-10552,719,On-Time,1,0.3,Medium Risk
CRED-10553,CUST-10553,664,Occasional Late,4,0.73,High Risk
CRED-10554,CUST-10554,691,On-Time,0,0.45,Medium Risk
CRED-10555,CUST-10555,703,On-Time,0,0.2,Medium Risk
CRED-10556,CUST-10556,726,Occasional Late,0,0.36,Medium Risk
CRED-10557,CUST-10557,608,Frequently Late,1,0.8,High Risk
CRED-10558,CUST-10558,757,On-Time,0,0.23,Low Risk
CRED-10559,CUST-10559,753,On-Time,0,0.1,Low Risk
CRED-10560,CUST-10560,763,On-Time,0,0.19,Low Risk
CRED-10561,CUST-10561,706,On-Time,0,0.22,Medium Risk
CRED-10562,CUST-10562,732,On-Time,0,0.49,Medium Risk
CRED-10563,CUST-10563,791,On-Time,0,0.19,Low Risk
CRED-10564,CUST-10564,642,Frequently Late,2,0.7,High Risk
CRED-10565,CUST-10565,703,Occasional Late,1,0.22,Medium Risk
CRED-10566,CUST-10566,739,On-Time,0,0.28,Medium Risk
CRED-10567,CUST-10567,664,Occasional Late,2,0.48,High Risk
CRED-10568,CUST-10568,727,Occasional Late,0,0.42,Medium Risk
CRED-10569,CUST-10569,783,On-Time,0,0.23,Low Risk
CRED-10570,CUST-10570,778,On-Time,0,0.2,Low Risk
CRED-10571,CUST-10571,695,On-Time,0,0.45,Medium Risk
CRED-10572,CUST-10572,738,On-Time,2,0.48,Medium Risk
CRED-10573,CUST-10573,707,On-Time,0,0.27,Medium Risk
CRED-10574,CUST-10574,688,On-Time,0,0.41,Medium Risk
CRED-10575,CUST-10575,745,On-Time,1,0.33,Medium Risk
CRED-10576,CUST-10576,683,Occasional Late,1,0.22,Medium Risk
CRED-10577,CUST-10577,703,On-Time,1,0.29,Medium Risk
CRED-10578,CUST-10578,766,On-Time,0,0.08,Low Risk
CRED-10579,CUST-10579,709,On-Time,2,0.3,Medium Risk
CRED-10580,CUST-10580,700,On-Time,0,0.41,Medium Risk
CRED-10581,CUST-10581,609,Frequently Late,3,0.73,High Risk
CRED-10582,CUST-10582,748,On-Time,1,0.36,Medium Risk
CRED-10583,CUST-10583,817,On-Time,0,0.21,Low Risk
CRED-10584,CUST-10584,749,On-Time,0,0.39,Medium Risk
CRED-10585,CUST-10585,699,Occasional Late,0,0.49,Medium Risk
CRED-10586,CUST-10586,850,On-Time,0,0.09,Low Risk
CRED-10587,CUST-10587,512,Default Risk,9,0.89,Very High Risk
CRED-10588,CUST-10588,752,On-Time,0,0.05,Low Risk
CRED-10589,CUST-10589,656,Frequently Late,4,0.7,High Risk
CRED-10590,CUST-10590,650,Frequently Late,2,0.78,High Risk
CRED-10591,CUST-10591,749,On-Time,0,0.21,Medium Risk
CRED-10592,CUST-10592,719,On-Time,0,0.27,Medium Risk
CRED-10593,CUST-10593,734,Occasional Late,0,0.41,Medium Risk
CRED-10594,CUST-10594,644,Occasional Late,4,0.55,High Risk
CRED-10595,CUST-10595,691,On-Time,0,0.49,Medium Risk
CRED-10596,CUST-10596,668,Occasional Late,3,0.84,High Risk
CRED-10597,CUST-10597,638,Occasional Late,4,0.68,High Risk
CRED-10598,CUST-10598,684,On-Time,0,0.2,Medium Risk
CRED-10599,CUST-10599,631,Frequently Late,1,0.82,High Risk
CRED-10600,CUST-10600,720,On-Time,0,0.25,Medium Risk
CRED-10601,CUST-10601,515,Frequently Late,11,0.85,Very High Risk
CRED-10602,CUST-10602,640,Frequently Late,4,0.56,High Risk
CRED-10603,CUST-10603,788,On-Time,0,0.06,Low Risk
CRED-10604,CUST-10604,781,On-Time,0,0.16,Low Risk
CRED-10605,CUST-10605,652,Occasional Late,3,0.61,High Risk
CRED-10606,CUST-10606,725,On-Time,0,0.29,Medium Risk
CRED-10607,CUST-10607,753,On-Time,0,0.13,Low Risk
CRED-10608,CUST-10608,670,Occasional Late,2,0.22,Medium Risk
CRED-10609,CUST-10609,792,On-Time,0,0.17,Low Risk
CRED-10610,CUST-10610,714,On-Time,0,0.39,Medium Risk
CRED-10611,CUST-10611,672,On-Time,1,0.37,Medium Risk
CRED-10612,CUST-10612,715,On-Time,0,0.46,Medium Risk
CRED-10613,CUST-10613,689,On-Time,0,0.33,Medium Risk
CRED-10614,CUST-10614,783,On-Time,0,0.18,Low Risk
CRED-10615,CUST-10615,712,On-Time,0,0.21,Medium Risk
CRED-10616,CUST-10616,706,On-Time,1,0.25,Medium Risk
CRED-10617,CUST-10617,658,Occasional Late,3,0.82,High Risk
CRED-10618,CUST-10618,639,Occasional Late,3,0.47,High Risk
CRED-10619,CUST-10619,626,Occasional Late,3,0.72,High Risk
CRED-10620,CUST-10620,683,On-Time,1,0.29,Medium Risk
CRED-10621,CUST-10621,731,On-Time,0,0.27,Medium Risk
CRED-10622,CUST-10622,724,On-Time,0,0.38,Medium Risk
CRED-10623,CUST-10623,776,On-Time,0,0.1,Low Risk
CRED-10624,CUST-10624,674,On-Time,2,0.2,Medium Risk
CRED-10625,CUST-10625,722,Occasional Late,0,0.38,Medium Risk
CRED-10626,CUST-10626,683,On-Time,0,0.43,Medium Risk
CRED-10627,CUST-10627,781,On-Time,0,0.06,Low Risk
CRED-10628,CUST-10628,744,Occasional Late,1,0.27,Medium Risk
CRED-10629,CUST-10629,810,On-Time,0,0.15,Low Risk
CRED-10630,CUST-10630,710,On-Time,0,0.23,Medium Risk
CRED-10631,CUST-10631,701,On-Time,0,0.41,Medium Risk
CRED-10632,CUST-10632,680,On-Time,1,0.45,Medium Risk
CRED-10633,CUST-10633,728,On-Time,0,0.23,Medium Risk
CRED-10634,CUST-10634,708,On-Time,0,0.46,Medium Risk
CRED-10635,CUST-10635,746,On-Time,2,0.31,Medium Risk
CRED-10636,CUST-10636,524,Frequently Late,5,0.91,Very High Risk
CRED-10637,CUST-10637,701,On-Time,0,0.39,Medium Risk
CRED-10638,CUST-10638,730,On-Time,1,0.48,Medium Risk
CRED-10639,CUST-10639,649,Occasional Late,2,0.74,High Risk
CRED-10640,CUST-10640,689,On-Time,0,0.21,Medium Risk
CRED-10641,CUST-10641,597,Occasional Late,3,0.73,High Risk
CRED-10642,CUST-10642,717,Occasional Late,0,0.4,Medium Risk
CRED-10643,CUST-10643,776,On-Time,0,0.14,Low Risk
CRED-10644,CUST-10644,732,On-Time,0,0.36,Medium Risk
CRED-10645,CUST-10645,720,Occasional Late,0,0.25,Medium Risk
CRED-10646,CUST-10646,696,On-Time,0,0.41,Medium Risk
CRED-10647,CUST-10647,692,On-Time,2,0.46,Medium Risk
CRED-10648,CUST-10648,666,Occasional Late,4,0.78,High Risk
CRED-10649,CUST-10649,759,On-Time,0,0.06,Low Risk
CRED-10650,CUST-10650,549,Frequently Late,4,0.8,Very High Risk
CRED-10651,CUST-10651,718,On-Time,2,0.25,Medium Risk
CRED-10652,CUST-10652,749,On-Time,0,0.35,Medium Risk
CRED-10653,CUST-10653,710,Occasional Late,0,0.45,Medium Risk
CRED-10654,CUST-10654,769,On-Time,0,0.22,Low Risk
CRED-10655,CUST-10655,812,On-Time,0,0.11,Low Risk
CRED-10656,CUST-10656,706,On-Time,1,0.47,Medium Risk
CRED-10657,CUST-10657,790,On-Time,0,0.14,Low Risk
CRED-10658,CUST-10658,748,On-Time,1,0.49,Medium Risk
CRED-10659,CUST-10659,791,On-Time,0,0.08,Low Risk
CRED-10660,CUST-10660,749,On-Time,0,0.34,Medium Risk
CRED-10661,CUST-10661,508,Default Risk,5,0.75,Very High Risk
CRED-10662,CUST-10662,614,Frequently Late,2,0.78,High Risk
CRED-10663,CUST-10663,644,Frequently Late,1,0.8,High Risk
CRED-10664,CUST-10664,651,Frequently Late,2,0.53,High Risk
CRED-10665,CUST-10665,698,Occasional Late,1,0.24,Medium Risk
CRED-10666,CUST-10666,750,On-Time,0,0.17,Low Risk
CRED-10667,CUST-10667,723,On-Time,1,0.5,Medium Risk
CRED-10668,CUST-10668,644,Frequently Late,1,0.54,High Risk
CRED-10669,CUST-10669,571,Frequently Late,11,0.9,Very High Risk
CRED-10670,CUST-10670,759,On-Time,0,0.08,Low Risk
CRED-10671,CUST-10671,766,On-Time,0,0.09,Low Risk
CRED-10672,CUST-10672,745,Occasional Late,2,0.24,Medium Risk
CRED-10673,CUST-10673,630,Frequently Late,2,0.54,High Risk
CRED-10674,CUST-10674,675,On-Time,0,0.2,Medium Risk
CRED-10675,CUST-10675,775,On-Time,0,0.1,Low Risk
CRED-10676,CUST-10676,708,On-Time,1,0.32,Medium Risk
CRED-10677,CUST-10677,435,Frequently Late,6,0.75,Very High Risk
CRED-10678,CUST-10678,758,On-Time,0,0.25,Low Risk
CRED-10679,CUST-10679,667,Frequently Late,2,0.79,High Risk
CRED-10680,CUST-10680,725,On-Time,0,0.34,Medium Risk
CRED-10681,CUST-10681,712,On-Time,0,0.43,Medium Risk
CRED-10682,CUST-10682,677,On-Time,1,0.41,Medium Risk
CRED-10683,CUST-10683,778,On-Time,0,0.09,Low Risk
CRED-10684,CUST-10684,680,Occasional Late,0,0.41,Medium Risk
CRED-10685,CUST-10685,690,On-Time,2,0.28,Medium Risk
CRED-10686,CUST-10686,658,Frequently Late,4,0.7,High Risk
CRED-10687,CUST-10687,686,On-Time,2,0.47,Medium Risk
CRED-10688,CUST-10688,671,On-Time,0,0.31,Medium Risk
CRED-10689,CUST-10689,505,Default Risk,4,0.75,Very High Risk
CRED-10690,CUST-10690,495,Default Risk,7,0.86,Very High Risk
CRED-10691,CUST-10691,770,On-Time,0,0.11,Low Risk
CRED-10692,CUST-10692,782,On-Time,0,0.06,Low Risk
CRED-10693,CUST-10693,598,Frequently Late,3,0.51,High Risk
CRED-10694,CUST-10694,722,On-Time,1,0.29,Medium Risk
CRED-10695,CUST-10695,675,Occasional Late,0,0.48,Medium Risk
CRED-10696,CUST-10696,622,Occasional Late,3,0.69,High Risk
CRED-10697,CUST-10697,709,On-Time,0,0.35,Medium Risk
CRED-10698,CUST-10698,611,Occasional Late,1,0.59,High Risk
CRED-10699,CUST-10699,746,On-Time,0,0.4,Medium Risk
CRED-10700,CUST-10700,717,On-Time,2,0.38,Medium Risk
CRED-10701,CUST-10701,671,On-Time,2,0.28,Medium Risk
CRED-10702,CUST-10702,762,On-Time,0,0.21,Low Risk
CRED-10703,CUST-10703,582,Frequently Late,4,0.65,High Risk
CRED-10704,CUST-10704,643,Frequently Late,1,0.49,High Risk
CRED-10705,CUST-10705,719,On-Time,2,0.31,Medium Risk
CRED-10706,CUST-10706,723,On-Time,0,0.5,Medium Risk
CRED-10707,CUST-10707,743,Occasional Late,0,0.3,Medium Risk
CRED-10708,CUST-10708,723,On-Time,1,0.46,Medium Risk
CRED-10709,CUST-10709,685,On-Time,0,0.43,Medium Risk
CRED-10710,CUST-10710,730,On-Time,0,0.3,Medium Risk
CRED-10711,CUST-10711,669,Occasional Late,3,0.69,High Risk
CRED-10712,CUST-10712,628,Occasional Late,3,0.68,High Risk
CRED-10713,CUST-10713,688,On-Time,0,0.34,Medium Risk
CRED-10714,CUST-10714,831,On-Time,0,0.12,Low Risk
CRED-10715,CUST-10715,565,Frequently Late,11,0.93,Very High Risk
CRED-10716,CUST-10716,647,Occasional Late,2,0.66,High Risk
CRED-10717,CUST-10717,605,Occasional Late,1,0.47,High Risk
CRED-10718,CUST-10718,679,Occasional Late,2,0.32,Medium Risk
CRED-10719,CUST-10719,714,On-Time,0,0.25,Medium Risk
CRED-10720,CUST-10720,729,Occasional Late,0,0.23,Medium Risk
CRED-10721,CUST-10721,596,Occasional Late,4,0.77,High Risk
CRED-10722,CUST-10722,782,On-Time,0,0.16,Low Risk
CRED-10723,CUST-10723,733,On-Time,1,0.27,Medium Risk
CRED-10724,CUST-10724,688,On-Time,0,0.25,Medium Risk
CRED-10725,CUST-10725,695,On-Time,1,0.4,Medium Risk
CRED-10726,CUST-10726,553,Frequently Late,7,0.76,Very High Risk
CRED-10727,CUST-10727,702,On-Time,0,0.34,Medium Risk
CRED-10728,CUST-10728,695,On-Time,1,0.39,Medium Risk
CRED-10729,CUST-10729,738,On-Time,0,0.46,Medium Risk
CRED-10730,CUST-10730,589,Occasional Late,4,0.64,High Risk
CRED-10731,CUST-10731,687,On-Time,0,0.41,Medium Risk
CRED-10732,CUST-10732,794,On-Time,0,0.24,Low Risk
CRED-10733,CUST-10733,445,Default Risk,9,0.83,Very High Risk
CRED-10734,CUST-10734,711,On-Time,1,0.42,Medium Risk
CRED-10735,CUST-10735,808,On-Time,0,0.19,Low Risk
CRED-10736,CUST-10736,687,On-Time,2,0.2,Medium Risk
CRED-10737,CUST-10737,714,On-Time,0,0.3,Medium Risk
CRED-10738,CUST-10738,647,Frequently Late,3,0.49,High Risk
CRED-10739,CUST-10739,713,On-Time,0,0.48,Medium Risk
CRED-10740,CUST-10740,791,On-Time,1,0.2,Low Risk
CRED-10741,CUST-10741,663,Occasional Late,1,0.55,High Risk
CRED-10742,CUST-10742,684,Occasional Late,0,0.5,Medium Risk
CRED-10743,CUST-10743,697,On-Time,0,0.34,Medium Risk
CRED-10744,CUST-10744,617,Frequently Late,1,0.5,High Risk
CRED-10745,CUST-10745,685,On-Time,0,0.35,Medium Risk
CRED-10746,CUST-10746,770,On-Time,0,0.16,Low Risk
CRED-10747,CUST-10747,771,On-Time,0,0.25,Low Risk
CRED-10748,CUST-10748,806,On-Time,0,0.06,Low Risk
CRED-10749,CUST-10749,668,Frequently Late,2,0.68,High Risk
CRED-10750,CUST-10750,524,Frequently Late,5,0.98,Very High Risk
CRED-10751,CUST-10751,713,Occasional Late,0,0.46,Medium Risk
CRED-10752,CUST-10752,593,Frequently Late,2,0.77,High Risk
CRED-10753,CUST-10753,761,On-Time,0,0.22,Low Risk
CRED-10754,CUST-10754,687,On-Time,2,0.37,Medium Risk
CRED-10755,CUST-10755,795,On-Time,0,0.19,Low Risk
CRED-10756,CUST-10756,588,Frequently Late,1,0.66,High Risk
CRED-10757,CUST-10757,718,On-Time,0,0.4,Medium Risk
CRED-10758,CUST-10758,777,On-Time,0,0.22,Low Risk
CRED-10759,CUST-10759,612,Frequently Late,1,0.54,High Risk
CRED-10760,CUST-10760,669,Occasional Late,4,0.76,High Risk
CRED-10761,CUST-10761,474,Default Risk,8,0.93,Very High Risk
CRED-10762,CUST-10762,596,Occasional Late,3,0.49,High Risk
CRED-10763,CUST-10763,724,On-Time,1,0.33,Medium Risk
CRED-10764,CUST-10764,586,Occasional Late,4,0.8,High Risk
CRED-10765,CUST-10765,675,On-Time,0,0.27,Medium Risk
CRED-10766,CUST-10766,628,Frequently Late,4,0.79,High Risk
CRED-10767,CUST-10767,695,On-Time,0,0.35,Medium Risk
CRED-10768,CUST-10768,779,On-Time,0,0.23,Low Risk
CRED-10769,CUST-10769,631,Frequently Late,1,0.51,High Risk
CRED-10770,CUST-10770,738,On-Time,0,0.2,Medium Risk
CRED-10771,CUST-10771,646,Occasional Late,4,0.49,High Risk
CRED-10772,CUST-10772,703,On-Time,0,0.46,Medium Risk
CRED-10773,CUST-10773,700,On-Time,0,0.32,Medium Risk
CRED-10774,CUST-10774,668,Frequently Late,1,0.49,High Risk
CRED-10775,CUST-10775,793,On-Time,0,0.21,Low Risk
CRED-10776,CUST-10776,748,Occasional Late,0,0.37,Medium Risk
CRED-10777,CUST-10777,700,On-Time,0,0.43,Medium Risk
CRED-10778,CUST-10778,569,Frequently Late,10,0.83,Very High Risk
CRED-10779,CUST-10779,604,Frequently Late,1,0.63,High Risk
CRED-10780,CUST-10780,747,Occasional Late,0,0.26,Medium Risk
CRED-10781,CUST-10781,551,Default Risk,8,0.83,Very High Risk
CRED-10782,CUST-10782,686,On-Time,2,0.26,Medium Risk
CRED-10783,CUST-10783,722,On-Time,0,0.35,Medium Risk
CRED-10784,CUST-10784,791,On-Time,0,0.1,Low Risk
CRED-10785,CUST-10785,698,On-Time,0,0.29,Medium Risk
CRED-10786,CUST-10786,745,Occasional Late,0,0.49,Medium Risk
CRED-10787,CUST-10787,631,Occasional Late,4,0.54,High Risk
CRED-10788,CUST-10788,484,Default Risk,8,0.83,Very High Risk
CRED-10789,CUST-10789,727,On-Time,0,0.4,Medium Risk
CRED-10790,CUST-10790,666,Occasional Late,2,0.54,High Risk
CRED-10791,CUST-10791,636,Frequently Late,2,0.68,High Risk
CRED-10792,CUST-10792,725,Occasional Late,0,0.42,Medium Risk
CRED-10793,CUST-10793,678,On-Time,0,0.35,Medium Risk
CRED-10794,CUST-10794,734,Occasional Late,0,0.37,Medium Risk
CRED-10795,CUST-10795,781,On-Time,0,0.14,Low Risk
CRED-10796,CUST-10796,688,Occasional Late,0,0.21,Medium Risk
CRED-10797,CUST-10797,657,Occasional Late,1,0.71,High Risk
CRED-10798,CUST-10798,616,Occasional Late,1,0.81,High Risk
CRED-10799,CUST-10799,741,Occasional Late,0,0.5,Medium Risk
CRED-10800,CUST-10800,743,On-Time,0,0.38,Medium Risk
CRED-10801,CUST-10801,725,Occasional Late,0,0.42,Medium Risk
CRED-10802,CUST-10802,695,On-Time,2,0.37,Medium Risk
CRED-10803,CUST-10803,752,On-Time,0,0.23,Low Risk
CRED-10804,CUST-10804,676,Occasional Late,0,0.46,Medium Risk
CRED-10805,CUST-10805,720,Occasional Late,0,0.43,Medium Risk
CRED-10806,CUST-10806,779,On-Time,0,0.17,Low Risk
CRED-10807,CUST-10807,730,On-Time,2,0.35,Medium Risk
CRED-10808,CUST-10808,702,On-Time,0,0.32,Medium Risk
CRED-10809,CUST-10809,667,Occasional Late,3,0.57,High Risk
CRED-10810,CUST-10810,645,Frequently Late,4,0.79,High Risk
CRED-10811,CUST-10811,652,Occasional Late,1,0.74,High Risk
CRED-10812,CUST-10812,672,On-Time,0,0.39,Medium Risk
CRED-10813,CUST-10813,621,Occasional Late,1,0.74,High Risk
CRED-10814,CUST-10814,721,On-Time,0,0.47,Medium Risk
CRED-10815,CUST-10815,709,On-Time,0,0.48,Medium Risk
CRED-10816,CUST-10816,735,Occasional Late,1,0.34,Medium Risk
CRED-10817,CUST-10817,708,On-Time,0,0.41,Medium Risk
CRED-10818,CUST-10818,728,Occasional Late,2,0.46,Medium Risk
CRED-10819,CUST-10819,703,On-Time,0,0.28,Medium Risk
CRED-10820,CUST-10820,736,On-Time,0,0.32,Medium Risk
CRED-10821,CUST-10821,514,Frequently Late,9,0.85,Very High Risk
CRED-10822,CUST-10822,644,Frequently Late,3,0.53,High Risk
CRED-10823,CUST-10823,726,Occasional Late,1,0.41,Medium Risk
CRED-10824,CUST-10824,701,On-Time,0,0.31,Medium Risk
CRED-10825,CUST-10825,671,On-Time,0,0.41,Medium Risk
CRED-10826,CUST-10826,611,Frequently Late,4,0.77,High Risk
CRED-10827,CUST-10827,663,Frequently Late,4,0.73,High Risk
CRED-10828,CUST-10828,569,Frequently Late,10,0.75,Very High Risk
CRED-10829,CUST-10829,622,Occasional Late,1,0.69,High Risk
CRED-10830,CUST-10830,639,Occasional Late,4,0.51,High Risk
CRED-10831,CUST-10831,792,On-Time,0,0.12,Low Risk
CRED-10832,CUST-10832,586,Frequently Late,1,0.69,High Risk
CRED-10833,CUST-10833,777,On-Time,0,0.17,Low Risk
CRED-10834,CUST-10834,701,Occasional Late,2,0.3,Medium Risk
CRED-10835,CUST-10835,763,On-Time,0,0.18,Low Risk
CRED-10836,CUST-10836,507,Default Risk,9,0.86,Very High Risk
CRED-10837,CUST-10837,685,On-Time,0,0.39,Medium Risk
CRED-10838,CUST-10838,731,On-Time,0,0.2,Medium Risk
CRED-10839,CUST-10839,622,Frequently Late,1,0.73,High Risk
CRED-10840,CUST-10840,703,On-Time,1,0.44,Medium Risk
CRED-10841,CUST-10841,726,Occasional Late,0,0.21,Medium Risk
CRED-10842,CUST-10842,701,On-Time,0,0.49,Medium Risk
CRED-10843,CUST-10843,671,Occasional Late,0,0.35,Medium Risk
CRED-10844,CUST-10844,686,On-Time,0,0.28,Medium Risk
CRED-10845,CUST-10845,721,On-Time,2,0.42,Medium Risk
CRED-10846,CUST-10846,768,On-Time,1,0.19,Low Risk
CRED-10847,CUST-10847,750,On-Time,0,0.23,Low Risk
CRED-10848,CUST-10848,705,On-Time,2,0.25,Medium Risk
CRED-10849,CUST-10849,710,On-Time,0,0.31,Medium Risk
CRED-10850,CUST-10850,773,On-Time,0,0.06,Low Risk
CRED-10851,CUST-10851,810,On-Time,0,0.19,Low Risk
CRED-10852,CUST-10852,741,Occasional Late,0,0.48,Medium Risk
CRED-10853,CUST-10853,765,On-Time,0,0.17,Low Risk
CRED-10854,CUST-10854,648,Frequently Late,1,0.79,High Risk
CRED-10855,CUST-10855,672,Occasional Late,1,0.24,Medium Risk
CRED-10856,CUST-10856,704,On-Time,0,0.25,Medium Risk
CRED-10857,CUST-10857,697,Occasional Late,0,0.44,Medium Risk
CRED-10858,CUST-10858,640,Frequently Late,2,0.73,High Risk
CRED-10859,CUST-10859,629,Occasional Late,2,0.71,High Risk
CRED-10860,CUST-10860,634,Occasional Late,1,0.82,High Risk
CRED-10861,CUST-10861,712,On-Time,0,0.41,Medium Risk
CRED-10862,CUST-10862,737,On-Time,0,0.44,Medium Risk
CRED-10863,CUST-10863,784,On-Time,0,0.07,Low Risk
CRED-10864,CUST-10864,517,Default Risk,7,0.96,Very High Risk
CRED-10865,CUST-10865,720,Occasional Late,0,0.48,Medium Risk
CRED-10866,CUST-10866,676,On-Time,0,0.2,Medium Risk
CRED-10867,CUST-10867,737,Occasional Late,1,0.44,Medium Risk
CRED-10868,CUST-10868,630,Frequently Late,2,0.85,High Risk
CRED-10869,CUST-10869,717,Occasional Late,1,0.36,Medium Risk
CRED-10870,CUST-10870,707,On-Time,0,0.31,Medium Risk
CRED-10871,CUST-10871,680,Occasional Late,1,0.31,Medium Risk
CRED-10872,CUST-10872,649,Frequently Late,3,0.82,High Risk
CRED-10873,CUST-10873,762,On-Time,0,0.2,Low Risk
CRED-10874,CUST-10874,693,On-Time,0,0.5,Medium Risk
CRED-10875,CUST-10875,665,Occasional Late,1,0.74,High Risk
CRED-10876,CUST-10876,671,Occasional Late,1,0.34,Medium Risk
CRED-10877,CUST-10877,529,Frequently Late,11,0.71,Very High Risk
CRED-10878,CUST-10878,739,Occasional Late,2,0.28,Medium Risk
CRED-10879,CUST-10879,790,On-Time,0,0.2,Low Risk
CRED-10880,CUST-10880,580,Frequently Late,3,0.68,High Risk
CRED-10881,CUST-10881,701,Occasional Late,2,0.23,Medium Risk
CRED-10882,CUST-10882,689,On-Time,0,0.22,Medium Risk
CRED-10883,CUST-10883,668,Frequently Late,1,0.55,High Risk
CRED-10884,CUST-10884,575,Frequently Late,5,0.85,Very High Risk
CRED-10885,CUST-10885,684,Occasional Late,0,0.27,Medium Risk
CRED-10886,CUST-10886,661,Frequently Late,3,0.77,High Risk
CRED-10887,CUST-10887,742,On-Time,0,0.5,Medium Risk
CRED-10888,CUST-10888,745,On-Time,1,0.22,Medium Risk
CRED-10889,CUST-10889,727,On-Time,0,0.26,Medium Risk
CRED-10890,CUST-10890,728,On-Time,0,0.3,Medium Risk
CRED-10891,CUST-10891,719,Occasional Late,1,0.27,Medium Risk
CRED-10892,CUST-10892,716,On-Time,0,0.32,Medium Risk
CRED-10893,CUST-10893,656,Frequently Late,2,0.7,High Risk
CRED-10894,CUST-10894,589,Frequently Late,1,0.56,High Risk
CRED-10895,CUST-10895,696,Occasional Late,0,0.3,Medium Risk
CRED-10896,CUST-10896,626,Frequently Late,2,0.61,High Risk
CRED-10897,CUST-10897,703,Occasional Late,0,0.37,Medium Risk
CRED-10898,CUST-10898,589,Frequently Late,2,0.69,High Risk
CRED-10899,CUST-10899,596,Occasional Late,3,0.71,High Risk
CRED-10900,CUST-10900,766,On-Time,0,0.09,Low Risk
CRED-10901,CUST-10901,752,On-Time,0,0.13,Low Risk
CRED-10902,CUST-10902,718,On-Time,0,0.49,Medium Risk
CRED-10903,CUST-10903,697,Occasional Late,0,0.39,Medium Risk
CRED-10904,CUST-10904,621,Occasional Late,2,0.72,High Risk
CRED-10905,CUST-10905,740,On-Time,0,0.34,Medium Risk
CRED-10906,CUST-10906,718,On-Time,0,0.36,Medium Risk
CRED-10907,CUST-10907,691,On-Time,0,0.47,Medium Risk
CRED-10908,CUST-10908,602,Occasional Late,1,0.5,High Risk
CRED-10909,CUST-10909,780,On-Time,0,0.18,Low Risk
CRED-10910,CUST-10910,740,Occasional Late,0,0.22,Medium Risk
CRED-10911,CUST-10911,688,On-Time,0,0.43,Medium Risk
CRED-10912,CUST-10912,746,On-Time,0,0.36,Medium Risk
CRED-10913,CUST-10913,727,On-Time,0,0.4,Medium Risk
CRED-10914,CUST-10914,734,On-Time,0,0.36,Medium Risk
CRED-10915,CUST-10915,682,On-Time,0,0.24,Medium Risk
CRED-10916,CUST-10916,601,Occasional Late,2,0.79,High Risk
CRED-10917,CUST-10917,743,On-Time,1,0.5,Medium Risk
CRED-10918,CUST-10918,700,Occasional Late,1,0.22,Medium Risk
CRED-10919,CUST-10919,703,Occasional Late,2,0.4,Medium Risk
CRED-10920,CUST-10920,712,On-Time,2,0.28,Medium Risk
CRED-10921,CUST-10921,680,On-Time,0,0.4,Medium Risk
CRED-10922,CUST-10922,697,Occasional Late,0,0.22,Medium Risk
CRED-10923,CUST-10923,728,On-Time,0,0.29,Medium Risk
CRED-10924,CUST-10924,702,On-Time,1,0.34,Medium Risk
CRED-10925,CUST-10925,791,On-Time,0,0.2,Low Risk
CRED-10926,CUST-10926,684,On-Time,0,0.28,Medium Risk
CRED-10927,CUST-10927,702,On-Time,0,0.23,Medium Risk
CRED-10928,CUST-10928,580,Occasional Late,4,0.52,High Risk
CRED-10929,CUST-10929,660,Occasional Late,1,0.83,High Risk
CRED-10930,CUST-10930,680,On-Time,0,0.32,Medium Risk
CRED-10931,CUST-10931,770,On-Time,0,0.24,Low Risk
CRED-10932,CUST-10932,689,On-Time,0,0.39,Medium Risk
CRED-10933,CUST-10933,742,Occasional Late,0,0.38,Medium Risk
CRED-10934,CUST-10934,626,Occasional Late,4,0.83,High Risk
CRED-10935,CUST-10935,698,On-Time,0,0.42,Medium Risk
CRED-10936,CUST-10936,773,On-Time,1,0.16,Low Risk
CRED-10937,CUST-10937,636,Occasional Late,1,0.82,High Risk
CRED-10938,CUST-10938,732,On-Time,0,0.24,Medium Risk
CRED-10939,CUST-10939,701,On-Time,1,0.29,Medium Risk
CRED-10940,CUST-10940,518,Default Risk,4,0.77,Very High Risk
CRED-10941,CUST-10941,695,On-Time,0,0.36,Medium Risk
CRED-10942,CUST-10942,725,On-Time,0,0.26,Medium Risk
CRED-10943,CUST-10943,632,Frequently Late,2,0.67,High Risk
CRED-10944,CUST-10944,695,Occasional Late,0,0.41,Medium Risk
CRED-10945,CUST-10945,704,On-Time,0,0.39,Medium Risk
CRED-10946,CUST-10946,696,On-Time,0,0.47,Medium Risk
CRED-10947,CUST-10947,670,On-Time,0,0.35,Medium Risk
CRED-10948,CUST-10948,603,Frequently Late,2,0.85,High Risk
CRED-10949,CUST-10949,762,On-Time,0,0.24,Low Risk
CRED-10950,CUST-10950,718,Occasional Late,0,0.23,Medium Risk
CRED-10951,CUST-10951,709,Occasional Late,1,0.25,Medium Risk
CRED-10952,CUST-10952,604,Occasional Late,4,0.48,High Risk
CRED-10953,CUST-10953,692,Occasional Late,2,0.3,Medium Risk
CRED-10954,CUST-10954,678,On-Time,1,0.4,Medium Risk
CRED-10955,CUST-10955,716,On-Time,0,0.26,Medium Risk
CRED-10956,CUST-10956,667,Frequently Late,4,0.8,High Risk
CRED-10957,CUST-10957,710,On-Time,2,0.23,Medium Risk
CRED-10958,CUST-10958,747,Occasional Late,1,0.31,Medium Risk
CRED-10959,CUST-10959,739,On-Time,0,0.23,Medium Risk
CRED-10960,CUST-10960,656,Frequently Late,2,0.63,High Risk
CRED-10961,CUST-10961,712,On-Time,0,0.42,Medium Risk
CRED-10962,CUST-10962,711,Occasional Late,2,0.4,Medium Risk
CRED-10963,CUST-10963,717,On-Time,1,0.26,Medium Risk
CRED-10964,CUST-10964,557,Frequently Late,10,0.96,Very High Risk
CRED-10965,CUST-10965,653,Occasional Late,1,0.67,High Risk
CRED-10966,CUST-10966,696,On-Time,2,0.37,Medium Risk
CRED-10967,CUST-10967,653,Occasional Late,1,0.83,High Risk
CRED-10968,CUST-10968,489,Default Risk,10,0.79,Very High Risk
CRED-10969,CUST-10969,701,Occasional Late,2,0.46,Medium Risk
CRED-10970,CUST-10970,541,Default Risk,7,0.85,Very High Risk
CRED-10971,CUST-10971,813,On-Time,0,0.22,Low Risk
CRED-10972,CUST-10972,723,On-Time,0,0.2,Medium Risk
CRED-10973,CUST-10973,706,On-Time,1,0.27,Medium Risk
CRED-10974,CUST-10974,754,On-Time,0,0.06,Low Risk
CRED-10975,CUST-10975,665,Frequently Late,1,0.67,High Risk
CRED-10976,CUST-10976,719,Occasional Late,0,0.47,Medium Risk
CRED-10977,CUST-10977,704,On-Time,0,0.37,Medium Risk
CRED-10978,CUST-10978,750,On-Time,0,0.21,Low Risk
CRED-10979,CUST-10979,738,On-Time,2,0.42,Medium Risk
CRED-10980,CUST-10980,795,On-Time,0,0.22,Low Risk
CRED-10981,CUST-10981,774,On-Time,0,0.23,Low Risk
CRED-10982,CUST-10982,565,Default Risk,8,0.98,Very High Risk
CRED-10983,CUST-10983,617,Frequently Late,3,0.85,High Risk
CRED-10984,CUST-10984,749,On-Time,1,0.24,Medium Risk
CRED-10985,CUST-10985,698,On-Time,0,0.46,Medium Risk
CRED-10986,CUST-10986,714,On-Time,1,0.34,Medium Risk
CRED-10987,CUST-10987,706,Occasional Late,0,0.33,Medium Risk
CRED-10988,CUST-10988,763,On-Time,0,0.13,Low Risk
CRED-10989,CUST-10989,814,On-Time,0,0.11,Low Risk
CRED-10990,CUST-10990,738,On-Time,0,0.2,Medium Risk
CRED-10991,CUST-10991,795,On-Time,0,0.09,Low Risk
CRED-10992,CUST-10992,658,Frequently Late,3,0.83,High Risk
CRED-10993,CUST-10993,752,On-Time,0,0.17,Low Risk
CRED-10994,CUST-10994,712,On-Time,0,0.43,Medium Risk
CRED-10995,CUST-10995,694,On-Time,1,0.39,Medium Risk
CRED-10996,CUST-10996,613,Occasional Late,4,0.81,High Risk
CRED-10997,CUST-10997,770,On-Time,0,0.2,Low Risk
CRED-10998,CUST-10998,708,On-Time,0,0.32,Medium Risk
CRED-10999,CUST-10999,709,On-Time,0,0.27,Medium Risk
CRED-11000,CUST-11000,665,Frequently Late,1,0.49,High Risk
CRED-11001,CUST-11001,643,Occasional Late,4,0.51,High Risk
CRED-11002,CUST-11002,650,Frequently Late,1,0.8,High Risk
CRED-11003,CUST-11003,646,Frequently Late,1,0.54,High Risk
CRED-11004,CUST-11004,721,On-Time,0,0.25,Medium Risk
CRED-11005,CUST-11005,743,On-Time,1,0.42,Medium Risk
CRED-11006,CUST-11006,628,Frequently Late,2,0.82,High Risk
CRED-11007,CUST-11007,665,Occasional Late,4,0.51,High Risk
CRED-11008,CUST-11008,577,Frequently Late,10,0.8,Very High Risk
CRED-11009,CUST-11009,724,On-Time,0,0.38,Medium Risk
CRED-11010,CUST-11010,681,On-Time,0,0.23,Medium Risk
CRED-11011,CUST-11011,740,Occasional Late,0,0.3,Medium Risk
CRED-11012,CUST-11012,664,Frequently Late,2,0.82,High Risk
CRED-11013,CUST-11013,667,Frequently Late,1,0.82,High Risk
CRED-11014,CUST-11014,659,Occasional Late,1,0.82,High Risk
CRED-11015,CUST-11015,648,Frequently Late,2,0.84,High Risk
CRED-11016,CUST-11016,584,Occasional Late,2,0.58,High Risk
CRED-11017,CUST-11017,571,Default Risk,4,0.86,Very High Risk
CRED-11018,CUST-11018,525,Frequently Late,7,0.85,Very High Risk
CRED-11019,CUST-11019,789,On-Time,1,0.15,Low Risk
CRED-11020,CUST-11020,722,On-Time,0,0.31,Medium Risk
CRED-11021,CUST-11021,694,On-Time,0,0.21,Medium Risk
CRED-11022,CUST-11022,684,On-Time,0,0.4,Medium Risk
CRED-11023,CUST-11023,762,On-Time,1,0.18,Low Risk
CRED-11024,CUST-11024,738,On-Time,2,0.37,Medium Risk
CRED-11025,CUST-11025,785,On-Time,0,0.18,Low Risk
CRED-11026,CUST-11026,594,Occasional Late,4,0.49,High Risk
CRED-11027,CUST-11027,646,Occasional Late,1,0.57,High Risk
CRED-11028,CUST-11028,704,On-Time,0,0.24,Medium Risk
CRED-11029,CUST-11029,656,Occasional Late,1,0.59,High Risk
CRED-11030,CUST-11030,691,On-Time,0,0.37,Medium Risk
CRED-11031,CUST-11031,659,Occasional Late,4,0.49,High Risk
CRED-11032,CUST-11032,717,Occasional Late,0,0.26,Medium Risk
CRED-11033,CUST-11033,777,On-Time,0,0.22,Low Risk
CRED-11034,CUST-11034,766,On-Time,0,0.23,Low Risk
CRED-11035,CUST-11035,548,Frequently Late,7,0.8,Very High Risk
CRED-11036,CUST-11036,692,On-Time,0,0.31,Medium Risk
CRED-11037,CUST-11037,672,On-Time,1,0.22,Medium Risk
CRED-11038,CUST-11038,728,On-Time,0,0.21,Medium Risk
CRED-11039,CUST-11039,721,Occasional Late,0,0.37,Medium Risk
CRED-11040,CUST-11040,762,On-Time,0,0.08,Low Risk
CRED-11041,CUST-11041,711,On-Time,1,0.39,Medium Risk
CRED-11042,CUST-11042,666,Occasional Late,1,0.62,High Risk
CRED-11043,CUST-11043,660,Occasional Late,2,0.65,High Risk
CRED-11044,CUST-11044,498,Frequently Late,6,0.87,Very High Risk
CRED-11045,CUST-11045,696,On-Time,0,0.22,Medium Risk
CRED-11046,CUST-11046,759,On-Time,0,0.19,Low Risk
CRED-11047,CUST-11047,695,On-Time,0,0.3,Medium Risk
CRED-11048,CUST-11048,664,Frequently Late,1,0.65,High Risk
CRED-11049,CUST-11049,747,On-Time,0,0.47,Medium Risk
CRED-11050,CUST-11050,704,Occasional Late,2,0.36,Medium Risk
CRED-11051,CUST-11051,691,On-Time,2,0.43,Medium Risk
CRED-11052,CUST-11052,791,On-Time,0,0.12,Low Risk
CRED-11053,CUST-11053,729,On-Time,0,0.36,Medium Risk
CRED-11054,CUST-11054,692,On-Time,1,0.44,Medium Risk
CRED-11055,CUST-11055,786,On-Time,0,0.15,Low Risk
CRED-11056,CUST-11056,714,On-Time,0,0.38,Medium Risk
CRED-11057,CUST-11057,731,Occasional Late,0,0.41,Medium Risk
CRED-11058,CUST-11058,648,Frequently Late,1,0.59,High Risk
CRED-11059,CUST-11059,733,Occasional Late,0,0.34,Medium Risk
CRED-11060,CUST-11060,605,Occasional Late,1,0.63,High Risk
CRED-11061,CUST-11061,717,On-Time,2,0.28,Medium Risk
CRED-11062,CUST-11062,686,Occasional Late,0,0.36,Medium Risk
CRED-11063,CUST-11063,714,On-Time,0,0.47,Medium Risk
CRED-11064,CUST-11064,676,Occasional Late,0,0.2,Medium Risk
CRED-11065,CUST-11065,673,On-Time,0,0.48,Medium Risk
CRED-11066,CUST-11066,659,Frequently Late,4,0.82,High Risk
CRED-11067,CUST-11067,683,Occasional Late,1,0.44,Medium Risk
CRED-11068,CUST-11068,540,Frequently Late,7,0.7,Very High Risk
CRED-11069,CUST-11069,728,On-Time,0,0.34,Medium Risk
CRED-11070,CUST-11070,753,On-Time,0,0.12,Low Risk
CRED-11071,CUST-11071,720,On-Time,1,0.29,Medium Risk
CRED-11072,CUST-11072,716,On-Time,0,0.49,Medium Risk
CRED-11073,CUST-11073,664,Frequently Late,4,0.78,High Risk
CRED-11074,CUST-11074,733,On-Time,1,0.29,Medium Risk
CRED-11075,CUST-11075,627,Occasional Late,4,0.58,High Risk
CRED-11076,CUST-11076,752,On-Time,0,0.19,Low Risk
CRED-11077,CUST-11077,759,On-Time,0,0.18,Low Risk
CRED-11078,CUST-11078,709,On-Time,0,0.49,Medium Risk
CRED-11079,CUST-11079,334,Frequently Late,8,0.86,Very High Risk
CRED-11080,CUST-11080,630,Frequently Late,4,0.78,High Risk
CRED-11081,CUST-11081,637,Frequently Late,4,0.48,High Risk
CRED-11082,CUST-11082,710,On-Time,0,0.22,Medium Risk
CRED-11083,CUST-11083,686,On-Time,0,0.21,Medium Risk
CRED-11084,CUST-11084,644,Occasional Late,4,0.58,High Risk
CRED-11085,CUST-11085,744,On-Time,0,0.44,Medium Risk
CRED-11086,CUST-11086,739,On-Time,0,0.34,Medium Risk
CRED-11087,CUST-11087,612,Occasional Late,3,0.58,High Risk
CRED-11088,CUST-11088,713,Occasional Late,2,0.32,Medium Risk
CRED-11089,CUST-11089,660,Occasional Late,2,0.5,High Risk
CRED-11090,CUST-11090,603,Frequently Late,4,0.77,High Risk
CRED-11091,CUST-11091,735,Occasional Late,0,0.27,Medium Risk
CRED-11092,CUST-11092,751,On-Time,0,0.08,Low Risk
CRED-11093,CUST-11093,716,On-Time,0,0.4,Medium Risk
CRED-11094,CUST-11094,519,Default Risk,6,0.86,Very High Risk
CRED-11095,CUST-11095,836,On-Time,0,0.12,Low Risk
CRED-11096,CUST-11096,720,Occasional Late,0,0.23,Medium Risk
CRED-11097,CUST-11097,706,Occasional Late,0,0.38,Medium Risk
CRED-11098,CUST-11098,659,Occasional Late,1,0.48,High Risk
CRED-11099,CUST-11099,688,On-Time,0,0.43,Medium Risk
CRED-11100,CUST-11100,768,On-Time,0,0.17,Low Risk
CRED-11101,CUST-11101,746,On-Time,0,0.28,Medium Risk
CRED-11102,CUST-11102,726,Occasional Late,0,0.29,Medium Risk
CRED-11103,CUST-11103,706,On-Time,0,0.28,Medium Risk
CRED-11104,CUST-11104,511,Default Risk,4,0.71,Very High Risk
CRED-11105,CUST-11105,691,On-Time,0,0.44,Medium Risk
CRED-11106,CUST-11106,500,Default Risk,7,0.84,Very High Risk
CRED-11107,CUST-11107,628,Frequently Late,1,0.71,High Risk
CRED-11108,CUST-11108,702,On-Time,0,0.47,Medium Risk
CRED-11109,CUST-11109,673,On-Time,0,0.39,Medium Risk
CRED-11110,CUST-11110,704,Occasional Late,0,0.37,Medium Risk
CRED-11111,CUST-11111,649,Frequently Late,2,0.57,High Risk
CRED-11112,CUST-11112,668,Frequently Late,3,0.69,High Risk
CRED-11113,CUST-11113,688,Occasional Late,1,0.37,Medium Risk
CRED-11114,CUST-11114,716,Occasional Late,1,0.27,Medium Risk
CRED-11115,CUST-11115,731,On-Time,0,0.41,Medium Risk
CRED-11116,CUST-11116,754,On-Time,0,0.1,Low Risk
CRED-11117,CUST-11117,636,Occasional Late,1,0.65,High Risk
CRED-11118,CUST-11118,660,Frequently Late,4,0.67,High Risk
CRED-11119,CUST-11119,650,Occasional Late,2,0.68,High Risk
CRED-11120,CUST-11120,749,Occasional Late,2,0.32,Medium Risk
CRED-11121,CUST-11121,730,Occasional Late,0,0.24,Medium Risk
CRED-11122,CUST-11122,735,On-Time,1,0.29,Medium Risk
CRED-11123,CUST-11123,594,Frequently Late,3,0.77,High Risk
CRED-11124,CUST-11124,663,Occasional Late,2,0.5,High Risk
CRED-11125,CUST-11125,565,Default Risk,7,0.74,Very High Risk
CRED-11126,CUST-11126,764,On-Time,0,0.11,Low Risk
CRED-11127,CUST-11127,717,Occasional Late,0,0.36,Medium Risk
CRED-11128,CUST-11128,736,Occasional Late,0,0.3,Medium Risk
CRED-11129,CUST-11129,734,Occasional Late,0,0.2,Medium Risk
CRED-11130,CUST-11130,723,On-Time,0,0.22,Medium Risk
CRED-11131,CUST-11131,753,On-Time,1,0.22,Low Risk
CRED-11132,CUST-11132,720,On-Time,0,0.24,Medium Risk
CRED-11133,CUST-11133,743,On-Time,2,0.36,Medium Risk
CRED-11134,CUST-11134,618,Occasional Late,4,0.64,High Risk
CRED-11135,CUST-11135,640,Frequently Late,1,0.65,High Risk
CRED-11136,CUST-11136,753,On-Time,0,0.18,Low Risk
CRED-11137,CUST-11137,694,On-Time,2,0.35,Medium Risk
CRED-11138,CUST-11138,687,On-Time,0,0.27,Medium Risk
CRED-11139,CUST-11139,609,Frequently Late,3,0.64,High Risk
CRED-11140,CUST-11140,643,Frequently Late,1,0.83,High Risk
CRED-11141,CUST-11141,749,On-Time,1,0.37,Medium Risk
CRED-11142,CUST-11142,771,On-Time,0,0.21,Low Risk
CRED-11143,CUST-11143,682,On-Time,0,0.24,Medium Risk
CRED-11144,CUST-11144,779,On-Time,0,0.23,Low Risk
CRED-11145,CUST-11145,643,Occasional Late,1,0.63,High Risk
CRED-11146,CUST-11146,745,On-Time,0,0.26,Medium Risk
CRED-11147,CUST-11147,727,On-Time,0,0.42,Medium Risk
CRED-11148,CUST-11148,626,Occasional Late,3,0.49,High Risk
CRED-11149,CUST-11149,738,Occasional Late,0,0.26,Medium Risk
CRED-11150,CUST-11150,722,On-Time,0,0.25,Medium Risk
CRED-11151,CUST-11151,755,On-Time,0,0.08,Low Risk
CRED-11152,CUST-11152,506,Default Risk,5,0.89,Very High Risk
CRED-11153,CUST-11153,723,On-Time,1,0.42,Medium Risk
CRED-11154,CUST-11154,701,On-Time,2,0.41,Medium Risk
CRED-11155,CUST-11155,660,Occasional Late,1,0.59,High Risk
CRED-11156,CUST-11156,798,On-Time,0,0.08,Low Risk
CRED-11157,CUST-11157,689,On-Time,0,0.34,Medium Risk
CRED-11158,CUST-11158,632,Frequently Late,4,0.61,High Risk
CRED-11159,CUST-11159,734,On-Time,0,0.43,Medium Risk
CRED-11160,CUST-11160,738,Occasional Late,0,0.33,Medium Risk
CRED-11161,CUST-11161,746,On-Time,0,0.43,Medium Risk
CRED-11162,CUST-11162,743,On-Time,0,0.47,Medium Risk
CRED-11163,CUST-11163,806,On-Time,0,0.1,Low Risk
CRED-11164,CUST-11164,754,On-Time,0,0.11,Low Risk
CRED-11165,CUST-11165,703,On-Time,0,0.4,Medium Risk
CRED-11166,CUST-11166,717,On-Time,0,0.24,Medium Risk
CRED-11167,CUST-11167,736,On-Time,2,0.32,Medium Risk
CRED-11168,CUST-11168,471,Default Risk,5,0.84,Very High Risk
CRED-11169,CUST-11169,704,On-Time,0,0.35,Medium Risk
CRED-11170,CUST-11170,713,On-Time,0,0.38,Medium Risk
CRED-11171,CUST-11171,707,Occasional Late,0,0.38,Medium Risk
CRED-11172,CUST-11172,668,Occasional Late,2,0.72,High Risk
CRED-11173,CUST-11173,608,Occasional Late,2,0.5,High Risk
CRED-11174,CUST-11174,741,Occasional Late,0,0.39,Medium Risk
CRED-11175,CUST-11175,758,On-Time,0,0.12,Low Risk
CRED-11176,CUST-11176,824,On-Time,0,0.06,Low Risk
CRED-11177,CUST-11177,495,Frequently Late,4,0.79,Very High Risk
CRED-11178,CUST-11178,607,Occasional Late,4,0.62,High Risk
CRED-11179,CUST-11179,722,On-Time,1,0.27,Medium Risk
CRED-11180,CUST-11180,702,On-Time,0,0.26,Medium Risk
CRED-11181,CUST-11181,646,Frequently Late,3,0.76,High Risk
CRED-11182,CUST-11182,743,On-Time,0,0.29,Medium Risk
CRED-11183,CUST-11183,717,On-Time,0,0.31,Medium Risk
CRED-11184,CUST-11184,770,On-Time,0,0.07,Low Risk
CRED-11185,CUST-11185,710,Occasional Late,0,0.2,Medium Risk
CRED-11186,CUST-11186,624,Occasional Late,1,0.54,High Risk
CRED-11187,CUST-11187,683,Occasional Late,2,0.49,Medium Risk
CRED-11188,CUST-11188,742,On-Time,0,0.42,Medium Risk
CRED-11189,CUST-11189,588,Frequently Late,1,0.54,High Risk
CRED-11190,CUST-11190,716,On-Time,1,0.48,Medium Risk
CRED-11191,CUST-11191,531,Default Risk,7,0.8,Very High Risk
CRED-11192,CUST-11192,723,On-Time,0,0.26,Medium Risk
CRED-11193,CUST-11193,722,On-Time,0,0.24,Medium Risk
CRED-11194,CUST-11194,806,On-Time,0,0.18,Low Risk
CRED-11195,CUST-11195,780,On-Time,0,0.22,Low Risk
CRED-11196,CUST-11196,751,On-Time,0,0.2,Low Risk
CRED-11197,CUST-11197,715,Occasional Late,2,0.37,Medium Risk
CRED-11198,CUST-11198,705,On-Time,0,0.44,Medium Risk
CRED-11199,CUST-11199,544,Frequently Late,9,0.73,Very High Risk
CRED-11200,CUST-11200,694,On-Time,0,0.46,Medium Risk
CRED-11201,CUST-11201,693,Occasional Late,1,0.37,Medium Risk
CRED-11202,CUST-11202,758,On-Time,0,0.11,Low Risk
CRED-11203,CUST-11203,661,Occasional Late,2,0.59,High Risk
CRED-11204,CUST-11204,596,Frequently Late,1,0.51,High Risk
CRED-11205,CUST-11205,688,Occasional Late,0,0.44,Medium Risk
CRED-11206,CUST-11206,484,Default Risk,7,0.7,Very High Risk
CRED-11207,CUST-11207,669,Frequently Late,3,0.63,High Risk
CRED-11208,CUST-11208,754,On-Time,0,0.05,Low Risk
CRED-11209,CUST-11209,577,Default Risk,9,0.97,Very High Risk
CRED-11210,CUST-11210,796,On-Time,0,0.22,Low Risk
CRED-11211,CUST-11211,709,Occasional Late,0,0.35,Medium Risk
CRED-11212,CUST-11212,607,Frequently Late,3,0.83,High Risk
CRED-11213,CUST-11213,647,Occasional Late,4,0.84,High Risk
CRED-11214,CUST-11214,671,Occasional Late,1,0.34,Medium Risk
CRED-11215,CUST-11215,658,Occasional Late,2,0.67,High Risk
CRED-11216,CUST-11216,751,On-Time,0,0.06,Low Risk
CRED-11217,CUST-11217,691,On-Time,1,0.21,Medium Risk
CRED-11218,CUST-11218,700,On-Time,1,0.49,Medium Risk
CRED-11219,CUST-11219,651,Frequently Late,2,0.45,High Risk
CRED-11220,CUST-11220,703,On-Time,0,0.31,Medium Risk
CRED-11221,CUST-11221,681,On-Time,2,0.23,Medium Risk
CRED-11222,CUST-11222,642,Frequently Late,1,0.81,High Risk
CRED-11223,CUST-11223,638,Occasional Late,1,0.74,High Risk
CRED-11224,CUST-11224,719,On-Time,0,0.25,Medium Risk
CRED-11225,CUST-11225,709,On-Time,0,0.22,Medium Risk
CRED-11226,CUST-11226,706,On-Time,0,0.48,Medium Risk
CRED-11227,CUST-11227,705,On-Time,1,0.3,Medium Risk
CRED-11228,CUST-11228,520,Default Risk,9,0.74,Very High Risk
CRED-11229,CUST-11229,722,On-Time,1,0.48,Medium Risk
CRED-11230,CUST-11230,689,On-Time,0,0.38,Medium Risk
CRED-11231,CUST-11231,656,Occasional Late,1,0.57,High Risk
CRED-11232,CUST-11232,679,On-Time,1,0.39,Medium Risk
CRED-11233,CUST-11233,710,On-Time,0,0.29,Medium Risk
CRED-11234,CUST-11234,704,Occasional Late,0,0.22,Medium Risk
CRED-11235,CUST-11235,754,On-Time,1,0.19,Low Risk
CRED-11236,CUST-11236,716,On-Time,0,0.35,Medium Risk
CRED-11237,CUST-11237,845,On-Time,0,0.18,Low Risk
CRED-11238,CUST-11238,707,On-Time,0,0.32,Medium Risk
CRED-11239,CUST-11239,731,Occasional Late,1,0.24,Medium Risk
CRED-11240,CUST-11240,697,On-Time,0,0.41,Medium Risk
CRED-11241,CUST-11241,741,On-Time,0,0.23,Medium Risk
CRED-11242,CUST-11242,776,On-Time,0,0.14,Low Risk
CRED-11243,CUST-11243,743,Occasional Late,0,0.4,Medium Risk
CRED-11244,CUST-11244,547,Frequently Late,8,0.86,Very High Risk
CRED-11245,CUST-11245,739,On-Time,0,0.26,Medium Risk
CRED-11246,CUST-11246,679,On-Time,0,0.38,Medium Risk
CRED-11247,CUST-11247,743,On-Time,1,0.27,Medium Risk
CRED-11248,CUST-11248,567,Frequently Late,9,0.71,Very High Risk
CRED-11249,CUST-11249,760,On-Time,0,0.17,Low Risk
CRED-11250,CUST-11250,750,On-Time,0,0.05,Low Risk
CRED-11251,CUST-11251,768,On-Time,0,0.09,Low Risk
CRED-11252,CUST-11252,758,On-Time,0,0.16,Low Risk
CRED-11253,CUST-11253,735,On-Time,0,0.26,Medium Risk
CRED-11254,CUST-11254,594,Frequently Late,3,0.66,High Risk
CRED-11255,CUST-11255,621,Occasional Late,4,0.78,High Risk
CRED-11256,CUST-11256,722,On-Time,1,0.49,Medium Risk
CRED-11257,CUST-11257,655,Frequently Late,2,0.56,High Risk
CRED-11258,CUST-11258,701,On-Time,0,0.39,Medium Risk
CRED-11259,CUST-11259,695,On-Time,0,0.37,Medium Risk
CRED-11260,CUST-11260,758,On-Time,0,0.16,Low Risk
CRED-11261,CUST-11261,660,Frequently Late,2,0.8,High Risk
CRED-11262,CUST-11262,746,On-Time,0,0.41,Medium Risk
CRED-11263,CUST-11263,693,On-Time,1,0.41,Medium Risk
CRED-11264,CUST-11264,564,Default Risk,5,0.82,Very High Risk
CRED-11265,CUST-11265,450,Default Risk,10,0.98,Very High Risk
CRED-11266,CUST-11266,721,On-Time,1,0.46,Medium Risk
CRED-11267,CUST-11267,719,On-Time,0,0.28,Medium Risk
CRED-11268,CUST-11268,633,Frequently Late,3,0.78,High Risk
CRED-11269,CUST-11269,700,Occasional Late,0,0.22,Medium Risk
CRED-11270,CUST-11270,681,On-Time,1,0.28,Medium Risk
CRED-11271,CUST-11271,761,On-Time,0,0.15,Low Risk
CRED-11272,CUST-11272,711,On-Time,1,0.48,Medium Risk
CRED-11273,CUST-11273,748,On-Time,0,0.22,Medium Risk
CRED-11274,CUST-11274,718,On-Time,2,0.28,Medium Risk
CRED-11275,CUST-11275,721,On-Time,0,0.25,Medium Risk
CRED-11276,CUST-11276,741,On-Time,0,0.35,Medium Risk
CRED-11277,CUST-11277,634,Frequently Late,2,0.48,High Risk
CRED-11278,CUST-11278,728,On-Time,0,0.37,Medium Risk
CRED-11279,CUST-11279,757,On-Time,0,0.09,Low Risk
CRED-11280,CUST-11280,826,On-Time,0,0.1,Low Risk
CRED-11281,CUST-11281,776,On-Time,0,0.1,Low Risk
CRED-11282,CUST-11282,730,On-Time,2,0.21,Medium Risk
CRED-11283,CUST-11283,708,On-Time,0,0.48,Medium Risk
CRED-11284,CUST-11284,693,On-Time,0,0.35,Medium Risk
CRED-11285,CUST-11285,804,On-Time,1,0.13,Low Risk
CRED-11286,CUST-11286,750,On-Time,0,0.22,Low Risk
CRED-11287,CUST-11287,714,On-Time,0,0.34,Medium Risk
CRED-11288,CUST-11288,436,Frequently Late,10,0.72,Very High Risk
CRED-11289,CUST-11289,690,On-Time,1,0.28,Medium Risk
CRED-11290,CUST-11290,755,On-Time,0,0.06,Low Risk
CRED-11291,CUST-11291,733,On-Time,0,0.28,Medium Risk
CRED-11292,CUST-11292,763,On-Time,0,0.09,Low Risk
CRED-11293,CUST-11293,568,Default Risk,6,0.82,Very High Risk
CRED-11294,CUST-11294,792,On-Time,0,0.14,Low Risk
CRED-11295,CUST-11295,720,On-Time,1,0.47,Medium Risk
CRED-11296,CUST-11296,667,Occasional Late,4,0.72,High Risk
CRED-11297,CUST-11297,659,Occasional Late,2,0.46,High Risk
CRED-11298,CUST-11298,635,Frequently Late,1,0.66,High Risk
CRED-11299,CUST-11299,695,On-Time,0,0.43,Medium Risk
CRED-11300,CUST-11300,752,On-Time,0,0.19,Low Risk
CRED-11301,CUST-11301,790,On-Time,0,0.07,Low Risk
CRED-11302,CUST-11302,743,On-Time,0,0.4,Medium Risk
CRED-11303,CUST-11303,607,Frequently Late,3,0.66,High Risk
CRED-11304,CUST-11304,680,Occasional Late,2,0.34,Medium Risk
CRED-11305,CUST-11305,720,On-Time,0,0.4,Medium Risk
CRED-11306,CUST-11306,673,On-Time,0,0.24,Medium Risk
CRED-11307,CUST-11307,700,On-Time,0,0.48,Medium Risk
CRED-11308,CUST-11308,683,On-Time,0,0.47,Medium Risk
CRED-11309,CUST-11309,668,Occasional Late,1,0.79,High Risk
CRED-11310,CUST-11310,635,Occasional Late,4,0.51,High Risk
CRED-11311,CUST-11311,718,On-Time,0,0.32,Medium Risk
CRED-11312,CUST-11312,726,Occasional Late,2,0.4,Medium Risk
CRED-11313,CUST-11313,719,On-Time,0,0.46,Medium Risk
CRED-11314,CUST-11314,713,On-Time,0,0.35,Medium Risk
CRED-11315,CUST-11315,774,On-Time,0,0.24,Low Risk
CRED-11316,CUST-11316,773,On-Time,0,0.11,Low Risk
CRED-11317,CUST-11317,806,On-Time,0,0.18,Low Risk
CRED-11318,CUST-11318,769,On-Time,0,0.17,Low Risk
CRED-11319,CUST-11319,681,Occasional Late,2,0.27,Medium Risk
CRED-11320,CUST-11320,687,Occasional Late,1,0.3,Medium Risk
CRED-11321,CUST-11321,764,On-Time,0,0.05,Low Risk
CRED-11322,CUST-11322,777,On-Time,0,0.25,Low Risk
CRED-11323,CUST-11323,696,On-Time,0,0.28,Medium Risk
CRED-11324,CUST-11324,605,Occasional Late,1,0.5,High Risk
CRED-11325,CUST-11325,709,Occasional Late,2,0.45,Medium Risk
CRED-11326,CUST-11326,636,Occasional Late,3,0.58,High Risk
CRED-11327,CUST-11327,622,Occasional Late,1,0.77,High Risk
CRED-11328,CUST-11328,716,On-Time,0,0.31,Medium Risk
CRED-11329,CUST-11329,684,Occasional Late,0,0.4,Medium Risk
CRED-11330,CUST-11330,751,On-Time,0,0.21,Low Risk
CRED-11331,CUST-11331,728,Occasional Late,0,0.27,Medium Risk
CRED-11332,CUST-11332,678,On-Time,0,0.26,Medium Risk
CRED-11333,CUST-11333,741,Occasional Late,0,0.31,Medium Risk
CRED-11334,CUST-11334,735,Occasional Late,2,0.25,Medium Risk
CRED-11335,CUST-11335,774,On-Time,1,0.18,Low Risk
CRED-11336,CUST-11336,686,On-Time,0,0.25,Medium Risk
CRED-11337,CUST-11337,766,On-Time,0,0.21,Low Risk
CRED-11338,CUST-11338,720,On-Time,0,0.38,Medium Risk
CRED-11339,CUST-11339,637,Occasional Late,3,0.79,High Risk
CRED-11340,CUST-11340,654,Occasional Late,2,0.67,High Risk
CRED-11341,CUST-11341,573,Default Risk,9,0.82,Very High Risk
CRED-11342,CUST-11342,749,On-Time,0,0.5,Medium Risk
CRED-11343,CUST-11343,747,Occasional Late,0,0.41,Medium Risk
CRED-11344,CUST-11344,585,Occasional Late,3,0.77,High Risk
CRED-11345,CUST-11345,691,Occasional Late,0,0.48,Medium Risk
CRED-11346,CUST-11346,778,On-Time,0,0.22,Low Risk
CRED-11347,CUST-11347,697,On-Time,0,0.44,Medium Risk
CRED-11348,CUST-11348,811,On-Time,0,0.23,Low Risk
CRED-11349,CUST-11349,772,On-Time,0,0.06,Low Risk
CRED-11350,CUST-11350,649,Frequently Late,1,0.72,High Risk
CRED-11351,CUST-11351,639,Occasional Late,2,0.5,High Risk
CRED-11352,CUST-11352,723,On-Time,0,0.38,Medium Risk
CRED-11353,CUST-11353,601,Frequently Late,2,0.51,High Risk
CRED-11354,CUST-11354,691,Occasional Late,0,0.41,Medium Risk
CRED-11355,CUST-11355,731,Occasional Late,0,0.47,Medium Risk
CRED-11356,CUST-11356,762,On-Time,0,0.12,Low Risk
CRED-11357,CUST-11357,729,On-Time,0,0.32,Medium Risk
CRED-11358,CUST-11358,686,On-Time,0,0.24,Medium Risk
CRED-11359,CUST-11359,729,On-Time,0,0.41,Medium Risk
CRED-11360,CUST-11360,739,On-Time,0,0.29,Medium Risk
CRED-11361,CUST-11361,671,On-Time,2,0.3,Medium Risk
CRED-11362,CUST-11362,438,Frequently Late,4,0.76,Very High Risk
CRED-11363,CUST-11363,686,On-Time,1,0.47,Medium Risk
CRED-11364,CUST-11364,711,On-Time,0,0.21,Medium Risk
CRED-11365,CUST-11365,705,On-Time,0,0.27,Medium Risk
CRED-11366,CUST-11366,769,On-Time,0,0.16,Low Risk
CRED-11367,CUST-11367,612,Frequently Late,1,0.71,High Risk
CRED-11368,CUST-11368,738,On-Time,0,0.27,Medium Risk
CRED-11369,CUST-11369,597,Frequently Late,1,0.74,High Risk
CRED-11370,CUST-11370,716,On-Time,0,0.27,Medium Risk
CRED-11371,CUST-11371,676,Occasional Late,0,0.35,Medium Risk
CRED-11372,CUST-11372,757,On-Time,0,0.05,Low Risk
CRED-11373,CUST-11373,665,Frequently Late,4,0.71,High Risk
CRED-11374,CUST-11374,613,Occasional Late,2,0.73,High Risk
CRED-11375,CUST-11375,757,On-Time,0,0.11,Low Risk
CRED-11376,CUST-11376,575,Frequently Late,9,0.86,Very High Risk
CRED-11377,CUST-11377,777,On-Time,0,0.19,Low Risk
CRED-11378,CUST-11378,635,Frequently Late,2,0.48,High Risk
CRED-11379,CUST-11379,738,On-Time,0,0.29,Medium Risk
CRED-11380,CUST-11380,718,On-Time,1,0.41,Medium Risk
CRED-11381,CUST-11381,784,On-Time,0,0.16,Low Risk
CRED-11382,CUST-11382,794,On-Time,0,0.13,Low Risk
CRED-11383,CUST-11383,787,On-Time,1,0.13,Low Risk
CRED-11384,CUST-11384,729,Occasional Late,0,0.31,Medium Risk
CRED-11385,CUST-11385,700,Occasional Late,0,0.38,Medium Risk
CRED-11386,CUST-11386,768,On-Time,0,0.11,Low Risk
CRED-11387,CUST-11387,729,Occasional Late,1,0.2,Medium Risk
CRED-11388,CUST-11388,740,On-Time,0,0.44,Medium Risk
CRED-11389,CUST-11389,727,On-Time,0,0.38,Medium Risk
CRED-11390,CUST-11390,768,On-Time,0,0.08,Low Risk
CRED-11391,CUST-11391,747,Occasional Late,2,0.46,Medium Risk
CRED-11392,CUST-11392,724,On-Time,0,0.42,Medium Risk
CRED-11393,CUST-11393,689,Occasional Late,0,0.4,Medium Risk
CRED-11394,CUST-11394,701,On-Time,1,0.32,Medium Risk
CRED-11395,CUST-11395,693,On-Time,0,0.47,Medium Risk
CRED-11396,CUST-11396,750,On-Time,0,0.2,Low Risk
CRED-11397,CUST-11397,643,Frequently Late,2,0.48,High Risk
CRED-11398,CUST-11398,738,On-Time,0,0.22,Medium Risk
CRED-11399,CUST-11399,735,Occasional Late,0,0.33,Medium Risk
CRED-11400,CUST-11400,642,Frequently Late,2,0.56,High Risk
CRED-11401,CUST-11401,635,Frequently Late,3,0.5,High Risk
CRED-11402,CUST-11402,637,Frequently Late,4,0.81,High Risk
CRED-11403,CUST-11403,647,Frequently Late,1,0.55,High Risk
CRED-11404,CUST-11404,825,On-Time,0,0.11,Low Risk
CRED-11405,CUST-11405,659,Occasional Late,2,0.46,High Risk
CRED-11406,CUST-11406,580,Occasional Late,2,0.71,High Risk
CRED-11407,CUST-11407,755,On-Time,0,0.21,Low Risk
CRED-11408,CUST-11408,772,On-Time,0,0.14,Low Risk
CRED-11409,CUST-11409,743,On-Time,0,0.32,Medium Risk
CRED-11410,CUST-11410,524,Frequently Late,4,0.75,Very High Risk
CRED-11411,CUST-11411,658,Frequently Late,3,0.77,High Risk
CRED-11412,CUST-11412,654,Occasional Late,3,0.47,High Risk
CRED-11413,CUST-11413,597,Frequently Late,4,0.82,High Risk
CRED-11414,CUST-11414,779,On-Time,0,0.17,Low Risk
CRED-11415,CUST-11415,609,Frequently Late,1,0.49,High Risk
CRED-11416,CUST-11416,679,On-Time,0,0.35,Medium Risk
CRED-11417,CUST-11417,708,On-Time,1,0.42,Medium Risk
CRED-11418,CUST-11418,649,Occasional Late,2,0.71,High Risk
CRED-11419,CUST-11419,717,On-Time,1,0.45,Medium Risk
CRED-11420,CUST-11420,563,Frequently Late,6,0.91,Very High Risk
CRED-11421,CUST-11421,703,On-Time,2,0.25,Medium Risk
CRED-11422,CUST-11422,801,On-Time,0,0.1,Low Risk
CRED-11423,CUST-11423,673,Occasional Late,0,0.37,Medium Risk
CRED-11424,CUST-11424,673,Occasional Late,1,0.47,Medium Risk
CRED-11425,CUST-11425,682,On-Time,0,0.5,Medium Risk
CRED-11426,CUST-11426,752,On-Time,0,0.11,Low Risk
CRED-11427,CUST-11427,644,Occasional Late,1,0.51,High Risk
CRED-11428,CUST-11428,571,Default Risk,5,0.71,Very High Risk
CRED-11429,CUST-11429,764,On-Time,0,0.06,Low Risk
CRED-11430,CUST-11430,787,On-Time,0,0.2,Low Risk
CRED-11431,CUST-11431,779,On-Time,0,0.2,Low Risk
CRED-11432,CUST-11432,703,On-Time,1,0.27,Medium Risk
CRED-11433,CUST-11433,743,Occasional Late,1,0.42,Medium Risk
CRED-11434,CUST-11434,757,On-Time,0,0.19,Low Risk
CRED-11435,CUST-11435,785,On-Time,0,0.18,Low Risk
CRED-11436,CUST-11436,726,On-Time,0,0.43,Medium Risk
CRED-11437,CUST-11437,784,On-Time,0,0.21,Low Risk
CRED-11438,CUST-11438,703,On-Time,0,0.41,Medium Risk
CRED-11439,CUST-11439,815,On-Time,0,0.08,Low Risk
CRED-11440,CUST-11440,755,On-Time,0,0.08,Low Risk
CRED-11441,CUST-11441,671,On-Time,0,0.2,Medium Risk
CRED-11442,CUST-11442,637,Occasional Late,1,0.67,High Risk
CRED-11443,CUST-11443,626,Occasional Late,2,0.49,High Risk
CRED-11444,CUST-11444,665,Frequently Late,4,0.61,High Risk
CRED-11445,CUST-11445,708,On-Time,1,0.28,Medium Risk
CRED-11446,CUST-11446,825,On-Time,0,0.12,Low Risk
CRED-11447,CUST-11447,733,On-Time,0,0.38,Medium Risk
CRED-11448,CUST-11448,650,Occasional Late,4,0.76,High Risk
CRED-11449,CUST-11449,674,On-Time,0,0.27,Medium Risk
CRED-11450,CUST-11450,729,On-Time,1,0.48,Medium Risk
CRED-11451,CUST-11451,709,Occasional Late,1,0.39,Medium Risk
CRED-11452,CUST-11452,752,On-Time,0,0.2,Low Risk
CRED-11453,CUST-11453,646,Frequently Late,2,0.59,High Risk
CRED-11454,CUST-11454,681,On-Time,0,0.41,Medium Risk
CRED-11455,CUST-11455,662,Occasional Late,1,0.45,High Risk
CRED-11456,CUST-11456,678,On-Time,0,0.36,Medium Risk
CRED-11457,CUST-11457,749,On-Time,0,0.36,Medium Risk
CRED-11458,CUST-11458,748,On-Time,0,0.4,Medium Risk
CRED-11459,CUST-11459,785,On-Time,0,0.11,Low Risk
CRED-11460,CUST-11460,720,Occasional Late,0,0.43,Medium Risk
CRED-11461,CUST-11461,699,On-Time,1,0.41,Medium Risk
CRED-11462,CUST-11462,642,Frequently Late,1,0.48,High Risk
CRED-11463,CUST-11463,761,On-Time,0,0.1,Low Risk
CRED-11464,CUST-11464,690,On-Time,1,0.41,Medium Risk
CRED-11465,CUST-11465,674,Occasional Late,0,0.22,Medium Risk
CRED-11466,CUST-11466,776,On-Time,1,0.07,Low Risk
CRED-11467,CUST-11467,753,On-Time,0,0.06,Low Risk
CRED-11468,CUST-11468,648,Occasional Late,4,0.68,High Risk
CRED-11469,CUST-11469,697,On-Time,0,0.21,Medium Risk
CRED-11470,CUST-11470,691,Occasional Late,0,0.27,Medium Risk
CRED-11471,CUST-11471,705,On-Time,0,0.31,Medium Risk
CRED-11472,CUST-11472,749,Occasional Late,1,0.45,Medium Risk
CRED-11473,CUST-11473,738,Occasional Late,1,0.25,Medium Risk
CRED-11474,CUST-11474,696,On-Time,0,0.45,Medium Risk
CRED-11475,CUST-11475,701,On-Time,0,0.31,Medium Risk
CRED-11476,CUST-11476,702,On-Time,2,0.34,Medium Risk
CRED-11477,CUST-11477,708,On-Time,0,0.4,Medium Risk
CRED-11478,CUST-11478,709,On-Time,0,0.4,Medium Risk
CRED-11479,CUST-11479,782,On-Time,0,0.09,Low Risk
CRED-11480,CUST-11480,682,Occasional Late,0,0.46,Medium Risk
CRED-11481,CUST-11481,701,On-Time,0,0.38,Medium Risk
CRED-11482,CUST-11482,786,On-Time,0,0.15,Low Risk
CRED-11483,CUST-11483,713,On-Time,1,0.38,Medium Risk
CRED-11484,CUST-11484,704,Occasional Late,1,0.45,Medium Risk
CRED-11485,CUST-11485,735,On-Time,0,0.43,Medium Risk
CRED-11486,CUST-11486,720,On-Time,1,0.26,Medium Risk
CRED-11487,CUST-11487,726,On-Time,0,0.2,Medium Risk
CRED-11488,CUST-11488,768,On-Time,1,0.22,Low Risk
CRED-11489,CUST-11489,721,Occasional Late,0,0.22,Medium Risk
CRED-11490,CUST-11490,563,Default Risk,9,0.91,Very High Risk
CRED-11491,CUST-11491,712,On-Time,0,0.39,Medium Risk
CRED-11492,CUST-11492,710,On-Time,1,0.22,Medium Risk
CRED-11493,CUST-11493,696,On-Time,1,0.31,Medium Risk
CRED-11494,CUST-11494,555,Default Risk,8,0.75,Very High Risk
CRED-11495,CUST-11495,709,On-Time,0,0.38,Medium Risk
CRED-11496,CUST-11496,732,On-Time,1,0.29,Medium Risk
CRED-11497,CUST-11497,796,On-Time,0,0.22,Low Risk
CRED-11498,CUST-11498,726,On-Time,1,0.4,Medium Risk
CRED-11499,CUST-11499,735,On-Time,0,0.26,Medium Risk
CRED-11500,CUST-11500,700,On-Time,1,0.24,Medium Risk
CRED-11501,CUST-11501,751,On-Time,0,0.22,Low Risk
CRED-11502,CUST-11502,727,Occasional Late,0,0.36,Medium Risk
CRED-11503,CUST-11503,681,Occasional Late,1,0.23,Medium Risk
CRED-11504,CUST-11504,668,Frequently Late,3,0.64,High Risk
CRED-11505,CUST-11505,780,On-Time,0,0.1,Low Risk
CRED-11506,CUST-11506,736,On-Time,0,0.39,Medium Risk
CRED-11507,CUST-11507,732,On-Time,0,0.2,Medium Risk
CRED-11508,CUST-11508,532,Frequently Late,5,0.71,Very High Risk
CRED-11509,CUST-11509,771,On-Time,0,0.19,Low Risk
CRED-11510,CUST-11510,723,On-Time,0,0.31,Medium Risk
CRED-11511,CUST-11511,664,Occasional Late,4,0.7,High Risk
CRED-11512,CUST-11512,793,On-Time,0,0.25,Low Risk
CRED-11513,CUST-11513,573,Default Risk,8,0.74,Very High Risk
CRED-11514,CUST-11514,601,Frequently Late,1,0.65,High Risk
CRED-11515,CUST-11515,614,Frequently Late,3,0.46,High Risk
CRED-11516,CUST-11516,672,On-Time,0,0.42,Medium Risk
CRED-11517,CUST-11517,695,On-Time,1,0.48,Medium Risk
CRED-11518,CUST-11518,706,On-Time,0,0.36,Medium Risk
CRED-11519,CUST-11519,596,Occasional Late,1,0.71,High Risk
CRED-11520,CUST-11520,723,Occasional Late,1,0.46,Medium Risk
CRED-11521,CUST-11521,762,On-Time,0,0.14,Low Risk
CRED-11522,CUST-11522,754,On-Time,0,0.12,Low Risk
CRED-11523,CUST-11523,790,On-Time,0,0.13,Low Risk
CRED-11524,CUST-11524,601,Frequently Late,1,0.46,High Risk
CRED-11525,CUST-11525,661,Frequently Late,3,0.48,High Risk
CRED-11526,CUST-11526,773,On-Time,0,0.21,Low Risk
CRED-11527,CUST-11527,632,Frequently Late,1,0.69,High Risk
CRED-11528,CUST-11528,655,Occasional Late,2,0.81,High Risk
CRED-11529,CUST-11529,697,On-Time,1,0.45,Medium Risk
CRED-11530,CUST-11530,752,On-Time,0,0.12,Low Risk
CRED-11531,CUST-11531,654,Occasional Late,3,0.58,High Risk
CRED-11532,CUST-11532,731,On-Time,0,0.34,Medium Risk
CRED-11533,CUST-11533,651,Occasional Late,3,0.67,High Risk
CRED-11534,CUST-11534,733,Occasional Late,0,0.46,Medium Risk
CRED-11535,CUST-11535,745,Occasional Late,1,0.47,Medium Risk
CRED-11536,CUST-11536,688,On-Time,0,0.29,Medium Risk
CRED-11537,CUST-11537,537,Frequently Late,10,0.86,Very High Risk
CRED-11538,CUST-11538,668,Frequently Late,1,0.83,High Risk
CRED-11539,CUST-11539,680,Occasional Late,0,0.36,Medium Risk
CRED-11540,CUST-11540,621,Frequently Late,3,0.73,High Risk
CRED-11541,CUST-11541,709,Occasional Late,0,0.39,Medium Risk
CRED-11542,CUST-11542,710,On-Time,1,0.32,Medium Risk
CRED-11543,CUST-11543,693,On-Time,0,0.46,Medium Risk
CRED-11544,CUST-11544,652,Occasional Late,1,0.5,High Risk
CRED-11545,CUST-11545,715,On-Time,1,0.42,Medium Risk
CRED-11546,CUST-11546,685,On-Time,0,0.34,Medium Risk
CRED-11547,CUST-11547,749,Occasional Late,2,0.47,Medium Risk
CRED-11548,CUST-11548,766,On-Time,0,0.18,Low Risk
CRED-11549,CUST-11549,589,Frequently Late,3,0.63,High Risk
CRED-11550,CUST-11550,648,Frequently Late,4,0.62,High Risk
CRED-11551,CUST-11551,671,On-Time,0,0.35,Medium Risk
CRED-11552,CUST-11552,700,On-Time,0,0.25,Medium Risk
CRED-11553,CUST-11553,798,On-Time,0,0.17,Low Risk
CRED-11554,CUST-11554,694,On-Time,1,0.39,Medium Risk
CRED-11555,CUST-11555,643,Frequently Late,1,0.47,High Risk
CRED-11556,CUST-11556,691,Occasional Late,0,0.3,Medium Risk
CRED-11557,CUST-11557,754,On-Time,0,0.24,Low Risk
CRED-11558,CUST-11558,725,Occasional Late,0,0.24,Medium Risk
CRED-11559,CUST-11559,689,On-Time,1,0.31,Medium Risk
CRED-11560,CUST-11560,768,On-Time,0,0.14,Low Risk
CRED-11561,CUST-11561,748,On-Time,0,0.4,Medium Risk
CRED-11562,CUST-11562,629,Occasional Late,4,0.46,High Risk
CRED-11563,CUST-11563,705,On-Time,0,0.47,Medium Risk
CRED-11564,CUST-11564,725,Occasional Late,0,0.22,Medium Risk
CRED-11565,CUST-11565,664,Frequently Late,3,0.67,High Risk
CRED-11566,CUST-11566,500,Frequently Late,10,0.78,Very High Risk
CRED-11567,CUST-11567,548,Frequently Late,4,0.89,Very High Risk
CRED-11568,CUST-11568,773,On-Time,0,0.09,Low Risk
CRED-11569,CUST-11569,663,Frequently Late,3,0.81,High Risk
CRED-11570,CUST-11570,596,Occasional Late,3,0.72,High Risk
CRED-11571,CUST-11571,675,Occasional Late,0,0.41,Medium Risk
CRED-11572,CUST-11572,443,Default Risk,9,0.8,Very High Risk
CRED-11573,CUST-11573,698,On-Time,0,0.36,Medium Risk
CRED-11574,CUST-11574,699,On-Time,0,0.37,Medium Risk
CRED-11575,CUST-11575,689,Occasional Late,0,0.21,Medium Risk
CRED-11576,CUST-11576,636,Occasional Late,4,0.51,High Risk
CRED-11577,CUST-11577,686,On-Time,0,0.43,Medium Risk
CRED-11578,CUST-11578,753,On-Time,0,0.11,Low Risk
CRED-11579,CUST-11579,676,On-Time,1,0.39,Medium Risk
CRED-11580,CUST-11580,706,Occasional Late,2,0.23,Medium Risk
CRED-11581,CUST-11581,759,On-Time,0,0.1,Low Risk
CRED-11582,CUST-11582,759,On-Time,0,0.09,Low Risk
CRED-11583,CUST-11583,738,Occasional Late,0,0.28,Medium Risk
CRED-11584,CUST-11584,735,Occasional Late,0,0.29,Medium Risk
CRED-11585,CUST-11585,754,On-Time,0,0.14,Low Risk
CRED-11586,CUST-11586,727,On-Time,1,0.4,Medium Risk
CRED-11587,CUST-11587,619,Frequently Late,1,0.7,High Risk
CRED-11588,CUST-11588,679,On-Time,0,0.45,Medium Risk
CRED-11589,CUST-11589,709,On-Time,1,0.46,Medium Risk
CRED-11590,CUST-11590,738,On-Time,1,0.25,Medium Risk
CRED-11591,CUST-11591,639,Frequently Late,2,0.71,High Risk
CRED-11592,CUST-11592,512,Default Risk,9,0.78,Very High Risk
CRED-11593,CUST-11593,631,Frequently Late,2,0.53,High Risk
CRED-11594,CUST-11594,580,Occasional Late,2,0.8,High Risk
CRED-11595,CUST-11595,599,Occasional Late,3,0.63,High Risk
CRED-11596,CUST-11596,730,Occasional Late,0,0.28,Medium Risk
CRED-11597,CUST-11597,670,On-Time,0,0.35,Medium Risk
CRED-11598,CUST-11598,690,Occasional Late,0,0.47,Medium Risk
CRED-11599,CUST-11599,707,On-Time,0,0.24,Medium Risk
CRED-11600,CUST-11600,660,Frequently Late,2,0.49,High Risk
CRED-11601,CUST-11601,719,Occasional Late,0,0.22,Medium Risk
CRED-11602,CUST-11602,761,On-Time,0,0.24,Low Risk
CRED-11603,CUST-11603,598,Occasional Late,2,0.78,High Risk
CRED-11604,CUST-11604,599,Occasional Late,2,0.58,High Risk
CRED-11605,CUST-11605,691,On-Time,0,0.2,Medium Risk
CRED-11606,CUST-11606,627,Occasional Late,3,0.61,High Risk
CRED-11607,CUST-11607,738,Occasional Late,0,0.25,Medium Risk
CRED-11608,CUST-11608,752,On-Time,0,0.2,Low Risk
CRED-11609,CUST-11609,824,On-Time,0,0.11,Low Risk
CRED-11610,CUST-11610,653,Occasional Late,4,0.55,High Risk
CRED-11611,CUST-11611,749,On-Time,1,0.41,Medium Risk
CRED-11612,CUST-11612,767,On-Time,0,0.16,Low Risk
CRED-11613,CUST-11613,745,On-Time,0,0.49,Medium Risk
CRED-11614,CUST-11614,652,Frequently Late,2,0.58,High Risk
CRED-11615,CUST-11615,720,On-Time,0,0.27,Medium Risk
CRED-11616,CUST-11616,701,On-Time,2,0.35,Medium Risk
CRED-11617,CUST-11617,706,Occasional Late,0,0.45,Medium Risk
CRED-11618,CUST-11618,744,On-Time,0,0.24,Medium Risk
CRED-11619,CUST-11619,694,On-Time,0,0.21,Medium Risk
CRED-11620,CUST-11620,630,Occasional Late,1,0.69,High Risk
CRED-11621,CUST-11621,665,Occasional Late,2,0.5,High Risk
CRED-11622,CUST-11622,589,Frequently Late,3,0.72,High Risk
CRED-11623,CUST-11623,703,On-Time,0,0.22,Medium Risk
CRED-11624,CUST-11624,719,On-Time,0,0.25,Medium Risk
CRED-11625,CUST-11625,752,On-Time,0,0.11,Low Risk
CRED-11626,CUST-11626,747,On-Time,0,0.28,Medium Risk
CRED-11627,CUST-11627,700,On-Time,0,0.31,Medium Risk
CRED-11628,CUST-11628,810,On-Time,0,0.18,Low Risk
CRED-11629,CUST-11629,719,On-Time,0,0.28,Medium Risk
CRED-11630,CUST-11630,733,Occasional Late,0,0.21,Medium Risk
CRED-11631,CUST-11631,706,Occasional Late,0,0.37,Medium Risk
CRED-11632,CUST-11632,778,On-Time,0,0.06,Low Risk
CRED-11633,CUST-11633,696,On-Time,0,0.31,Medium Risk
CRED-11634,CUST-11634,726,Occasional Late,0,0.38,Medium Risk
CRED-11635,CUST-11635,687,On-Time,0,0.36,Medium Risk
CRED-11636,CUST-11636,725,On-Time,1,0.38,Medium Risk
CRED-11637,CUST-11637,757,On-Time,0,0.25,Low Risk
CRED-11638,CUST-11638,728,Occasional Late,0,0.36,Medium Risk
CRED-11639,CUST-11639,540,Default Risk,7,0.72,Very High Risk
CRED-11640,CUST-11640,773,On-Time,0,0.23,Low Risk
CRED-11641,CUST-11641,678,Occasional Late,0,0.33,Medium Risk
CRED-11642,CUST-11642,702,On-Time,1,0.22,Medium Risk
CRED-11643,CUST-11643,748,Occasional Late,1,0.31,Medium Risk
CRED-11644,CUST-11644,747,On-Time,0,0.34,Medium Risk
CRED-11645,CUST-11645,741,On-Time,1,0.25,Medium Risk
CRED-11646,CUST-11646,812,On-Time,0,0.22,Low Risk
CRED-11647,CUST-11647,707,Occasional Late,0,0.2,Medium Risk
CRED-11648,CUST-11648,709,On-Time,1,0.21,Medium Risk
CRED-11649,CUST-11649,708,Occasional Late,1,0.23,Medium Risk
CRED-11650,CUST-11650,715,Occasional Late,1,0.3,Medium Risk
CRED-11651,CUST-11651,524,Default Risk,8,0.72,Very High Risk
CRED-11652,CUST-11652,691,On-Time,0,0.32,Medium Risk
CRED-11653,CUST-11653,760,On-Time,0,0.1,Low Risk
CRED-11654,CUST-11654,675,On-Time,1,0.28,Medium Risk
CRED-11655,CUST-11655,687,On-Time,0,0.21,Medium Risk
CRED-11656,CUST-11656,717,On-Time,0,0.28,Medium Risk
CRED-11657,CUST-11657,693,On-Time,0,0.38,Medium Risk
CRED-11658,CUST-11658,739,On-Time,0,0.35,Medium Risk
CRED-11659,CUST-11659,599,Occasional Late,2,0.76,High Risk
CRED-11660,CUST-11660,618,Occasional Late,3,0.74,High Risk
CRED-11661,CUST-11661,727,Occasional Late,2,0.29,Medium Risk
CRED-11662,CUST-11662,729,On-Time,0,0.29,Medium Risk
CRED-11663,CUST-11663,710,On-Time,0,0.22,Medium Risk
CRED-11664,CUST-11664,748,On-Time,2,0.38,Medium Risk
CRED-11665,CUST-11665,642,Occasional Late,4,0.6,High Risk
CRED-11666,CUST-11666,722,On-Time,0,0.41,Medium Risk
CRED-11667,CUST-11667,630,Occasional Late,4,0.68,High Risk
CRED-11668,CUST-11668,619,Occasional Late,2,0.79,High Risk
CRED-11669,CUST-11669,691,On-Time,0,0.4,Medium Risk
CRED-11670,CUST-11670,691,Occasional Late,0,0.43,Medium Risk
CRED-11671,CUST-11671,610,Occasional Late,1,0.74,High Risk
CRED-11672,CUST-11672,695,On-Time,0,0.34,Medium Risk
CRED-11673,CUST-11673,809,On-Time,0,0.1,Low Risk
CRED-11674,CUST-11674,652,Occasional Late,3,0.69,High Risk
CRED-11675,CUST-11675,658,Occasional Late,2,0.59,High Risk
CRED-11676,CUST-11676,725,On-Time,0,0.24,Medium Risk
CRED-11677,CUST-11677,727,Occasional Late,0,0.47,Medium Risk
CRED-11678,CUST-11678,696,Occasional Late,0,0.3,Medium Risk
CRED-11679,CUST-11679,751,On-Time,0,0.13,Low Risk
CRED-11680,CUST-11680,774,On-Time,0,0.13,Low Risk
CRED-11681,CUST-11681,746,On-Time,0,0.23,Medium Risk
CRED-11682,CUST-11682,663,Occasional Late,4,0.78,High Risk
CRED-11683,CUST-11683,742,Occasional Late,0,0.25,Medium Risk
CRED-11684,CUST-11684,663,Occasional Late,1,0.45,High Risk
CRED-11685,CUST-11685,756,On-Time,0,0.22,Low Risk
CRED-11686,CUST-11686,732,On-Time,0,0.35,Medium Risk
CRED-11687,CUST-11687,732,On-Time,0,0.24,Medium Risk
CRED-11688,CUST-11688,741,On-Time,1,0.3,Medium Risk
CRED-11689,CUST-11689,755,On-Time,0,0.24,Low Risk
CRED-11690,CUST-11690,717,On-Time,2,0.23,Medium Risk
CRED-11691,CUST-11691,699,On-Time,1,0.26,Medium Risk
CRED-11692,CUST-11692,663,Occasional Late,3,0.64,High Risk
CRED-11693,CUST-11693,658,Occasional Late,1,0.81,High Risk
CRED-11694,CUST-11694,794,On-Time,0,0.15,Low Risk
CRED-11695,CUST-11695,696,Occasional Late,1,0.43,Medium Risk
CRED-11696,CUST-11696,771,On-Time,0,0.24,Low Risk
CRED-11697,CUST-11697,734,On-Time,1,0.35,Medium Risk
CRED-11698,CUST-11698,716,Occasional Late,0,0.23,Medium Risk
CRED-11699,CUST-11699,700,On-Time,0,0.49,Medium Risk
CRED-11700,CUST-11700,704,Occasional Late,0,0.32,Medium Risk
CRED-11701,CUST-11701,715,On-Time,0,0.49,Medium Risk
CRED-11702,CUST-11702,737,On-Time,1,0.25,Medium Risk
CRED-11703,CUST-11703,707,Occasional Late,0,0.39,Medium Risk
CRED-11704,CUST-11704,730,On-Time,0,0.28,Medium Risk
CRED-11705,CUST-11705,721,On-Time,0,0.29,Medium Risk
CRED-11706,CUST-11706,603,Occasional Late,3,0.57,High Risk
CRED-11707,CUST-11707,688,On-Time,0,0.38,Medium Risk
CRED-11708,CUST-11708,620,Occasional Late,3,0.52,High Risk
CRED-11709,CUST-11709,582,Frequently Late,3,0.6,High Risk
CRED-11710,CUST-11710,748,On-Time,0,0.24,Medium Risk
CRED-11711,CUST-11711,715,On-Time,0,0.28,Medium Risk
CRED-11712,CUST-11712,539,Default Risk,11,0.71,Very High Risk
CRED-11713,CUST-11713,746,On-Time,1,0.26,Medium Risk
CRED-11714,CUST-11714,651,Frequently Late,2,0.75,High Risk
CRED-11715,CUST-11715,677,On-Time,0,0.28,Medium Risk
CRED-11716,CUST-11716,722,On-Time,0,0.48,Medium Risk
CRED-11717,CUST-11717,782,On-Time,0,0.19,Low Risk
CRED-11718,CUST-11718,606,Frequently Late,3,0.55,High Risk
CRED-11719,CUST-11719,753,On-Time,0,0.22,Low Risk
CRED-11720,CUST-11720,703,On-Time,0,0.41,Medium Risk
CRED-11721,CUST-11721,563,Default Risk,4,0.71,Very High Risk
CRED-11722,CUST-11722,703,On-Time,1,0.26,Medium Risk
CRED-11723,CUST-11723,539,Frequently Late,6,0.94,Very High Risk
CRED-11724,CUST-11724,691,Occasional Late,0,0.32,Medium Risk
CRED-11725,CUST-11725,673,On-Time,0,0.24,Medium Risk
CRED-11726,CUST-11726,850,On-Time,0,0.13,Low Risk
CRED-11727,CUST-11727,728,On-Time,0,0.41,Medium Risk
CRED-11728,CUST-11728,673,On-Time,2,0.38,Medium Risk
CRED-11729,CUST-11729,699,On-Time,0,0.47,Medium Risk
CRED-11730,CUST-11730,635,Frequently Late,4,0.47,High Risk
CRED-11731,CUST-11731,739,Occasional Late,0,0.47,Medium Risk
CRED-11732,CUST-11732,730,On-Time,0,0.4,Medium Risk
CRED-11733,CUST-11733,716,Occasional Late,0,0.29,Medium Risk
CRED-11734,CUST-11734,713,On-Time,0,0.35,Medium Risk
CRED-11735,CUST-11735,684,On-Time,0,0.43,Medium Risk
CRED-11736,CUST-11736,721,On-Time,0,0.23,Medium Risk
CRED-11737,CUST-11737,741,Occasional Late,1,0.23,Medium Risk
CRED-11738,CUST-11738,753,On-Time,0,0.14,Low Risk
CRED-11739,CUST-11739,729,Occasional Late,1,0.41,Medium Risk
CRED-11740,CUST-11740,715,On-Time,0,0.35,Medium Risk
CRED-11741,CUST-11741,736,Occasional Late,0,0.44,Medium Risk
CRED-11742,CUST-11742,699,On-Time,0,0.42,Medium Risk
CRED-11743,CUST-11743,634,Frequently Late,2,0.65,High Risk
CRED-11744,CUST-11744,720,On-Time,0,0.24,Medium Risk
CRED-11745,CUST-11745,660,Frequently Late,3,0.49,High Risk
CRED-11746,CUST-11746,667,Frequently Late,2,0.67,High Risk
CRED-11747,CUST-11747,657,Occasional Late,3,0.46,High Risk
CRED-11748,CUST-11748,693,On-Time,0,0.4,Medium Risk
CRED-11749,CUST-11749,714,On-Time,0,0.39,Medium Risk
CRED-11750,CUST-11750,643,Frequently Late,1,0.59,High Risk
CRED-11751,CUST-11751,621,Occasional Late,2,0.68,High Risk
CRED-11752,CUST-11752,721,On-Time,0,0.47,Medium Risk
CRED-11753,CUST-11753,693,On-Time,0,0.24,Medium Risk
CRED-11754,CUST-11754,685,On-Time,0,0.27,Medium Risk
CRED-11755,CUST-11755,750,On-Time,0,0.1,Low Risk
CRED-11756,CUST-11756,748,On-Time,0,0.41,Medium Risk
CRED-11757,CUST-11757,669,Frequently Late,4,0.81,High Risk
CRED-11758,CUST-11758,668,Frequently Late,1,0.76,High Risk
CRED-11759,CUST-11759,707,On-Time,0,0.4,Medium Risk
CRED-11760,CUST-11760,759,On-Time,0,0.13,Low Risk
CRED-11761,CUST-11761,524,Frequently Late,4,0.97,Very High Risk
CRED-11762,CUST-11762,683,On-Time,0,0.44,Medium Risk
CRED-11763,CUST-11763,771,On-Time,0,0.23,Low Risk
CRED-11764,CUST-11764,689,Occasional Late,1,0.36,Medium Risk
CRED-11765,CUST-11765,758,On-Time,0,0.13,Low Risk
CRED-11766,CUST-11766,749,Occasional Late,0,0.46,Medium Risk
CRED-11767,CUST-11767,770,On-Time,0,0.2,Low Risk
CRED-11768,CUST-11768,725,On-Time,0,0.29,Medium Risk
CRED-11769,CUST-11769,696,On-Time,1,0.25,Medium Risk
CRED-11770,CUST-11770,728,Occasional Late,0,0.2,Medium Risk
CRED-11771,CUST-11771,726,On-Time,0,0.37,Medium Risk
CRED-11772,CUST-11772,779,On-Time,0,0.12,Low Risk
CRED-11773,CUST-11773,759,On-Time,0,0.11,Low Risk
CRED-11774,CUST-11774,687,Occasional Late,2,0.46,Medium Risk
CRED-11775,CUST-11775,634,Frequently Late,2,0.69,High Risk
CRED-11776,CUST-11776,744,On-Time,1,0.23,Medium Risk
CRED-11777,CUST-11777,659,Occasional Late,3,0.76,High Risk
CRED-11778,CUST-11778,724,On-Time,2,0.2,Medium Risk
CRED-11779,CUST-11779,625,Frequently Late,3,0.46,High Risk
CRED-11780,CUST-11780,755,On-Time,0,0.22,Low Risk
CRED-11781,CUST-11781,572,Frequently Late,5,0.85,Very High Risk
CRED-11782,CUST-11782,646,Occasional Late,4,0.54,High Risk
CRED-11783,CUST-11783,630,Frequently Late,2,0.77,High Risk
CRED-11784,CUST-11784,702,On-Time,0,0.2,Medium Risk
CRED-11785,CUST-11785,556,Default Risk,6,0.84,Very High Risk
CRED-11786,CUST-11786,582,Occasional Late,3,0.57,High Risk
CRED-11787,CUST-11787,633,Occasional Late,4,0.52,High Risk
CRED-11788,CUST-11788,713,On-Time,0,0.48,Medium Risk
CRED-11789,CUST-11789,665,Frequently Late,1,0.67,High Risk
CRED-11790,CUST-11790,640,Occasional Late,1,0.85,High Risk
CRED-11791,CUST-11791,646,Frequently Late,3,0.67,High Risk
CRED-11792,CUST-11792,557,Default Risk,7,0.85,Very High Risk
CRED-11793,CUST-11793,754,On-Time,1,0.19,Low Risk
CRED-11794,CUST-11794,662,Frequently Late,1,0.78,High Risk
CRED-11795,CUST-11795,724,On-Time,0,0.39,Medium Risk
CRED-11796,CUST-11796,617,Frequently Late,4,0.66,High Risk
CRED-11797,CUST-11797,651,Occasional Late,1,0.76,High Risk
CRED-11798,CUST-11798,783,On-Time,0,0.12,Low Risk
CRED-11799,CUST-11799,699,On-Time,0,0.3,Medium Risk
CRED-11800,CUST-11800,443,Frequently Late,10,0.77,Very High Risk
CRED-11801,CUST-11801,713,On-Time,0,0.25,Medium Risk
CRED-11802,CUST-11802,825,On-Time,0,0.15,Low Risk
CRED-11803,CUST-11803,791,On-Time,0,0.19,Low Risk
CRED-11804,CUST-11804,793,On-Time,0,0.25,Low Risk
CRED-11805,CUST-11805,662,Occasional Late,2,0.68,High Risk
CRED-11806,CUST-11806,715,On-Time,2,0.39,Medium Risk
CRED-11807,CUST-11807,700,On-Time,1,0.22,Medium Risk
CRED-11808,CUST-11808,760,On-Time,0,0.18,Low Risk
CRED-11809,CUST-11809,713,Occasional Late,2,0.41,Medium Risk
CRED-11810,CUST-11810,691,On-Time,2,0.39,Medium Risk
CRED-11811,CUST-11811,693,Occasional Late,0,0.28,Medium Risk
CRED-11812,CUST-11812,587,Frequently Late,1,0.71,High Risk
CRED-11813,CUST-11813,670,On-Time,0,0.46,Medium Risk
CRED-11814,CUST-11814,763,On-Time,0,0.19,Low Risk
CRED-11815,CUST-11815,640,Occasional Late,1,0.48,High Risk
CRED-11816,CUST-11816,636,Occasional Late,4,0.59,High Risk
CRED-11817,CUST-11817,732,Occasional Late,1,0.46,Medium Risk
CRED-11818,CUST-11818,796,On-Time,0,0.18,Low Risk
CRED-11819,CUST-11819,692,On-Time,1,0.3,Medium Risk
CRED-11820,CUST-11820,692,Occasional Late,0,0.47,Medium Risk
CRED-11821,CUST-11821,658,Occasional Late,1,0.54,High Risk
CRED-11822,CUST-11822,722,On-Time,0,0.39,Medium Risk
CRED-11823,CUST-11823,698,On-Time,0,0.45,Medium Risk
CRED-11824,CUST-11824,690,On-Time,0,0.39,Medium Risk
CRED-11825,CUST-11825,808,On-Time,0,0.19,Low Risk
CRED-11826,CUST-11826,695,On-Time,1,0.45,Medium Risk
CRED-11827,CUST-11827,758,On-Time,0,0.22,Low Risk
CRED-11828,CUST-11828,804,On-Time,0,0.13,Low Risk
CRED-11829,CUST-11829,668,Frequently Late,1,0.63,High Risk
CRED-11830,CUST-11830,734,Occasional Late,2,0.39,Medium Risk
CRED-11831,CUST-11831,797,On-Time,0,0.11,Low Risk
CRED-11832,CUST-11832,526,Default Risk,7,0.92,Very High Risk
CRED-11833,CUST-11833,763,On-Time,0,0.21,Low Risk
CRED-11834,CUST-11834,677,On-Time,1,0.37,Medium Risk
CRED-11835,CUST-11835,803,On-Time,0,0.11,Low Risk
CRED-11836,CUST-11836,708,On-Time,0,0.46,Medium Risk
CRED-11837,CUST-11837,681,Occasional Late,1,0.2,Medium Risk
CRED-11838,CUST-11838,672,On-Time,0,0.46,Medium Risk
CRED-11839,CUST-11839,650,Occasional Late,2,0.79,High Risk
CRED-11840,CUST-11840,757,On-Time,0,0.1,Low Risk
CRED-11841,CUST-11841,774,On-Time,0,0.11,Low Risk
CRED-11842,CUST-11842,719,Occasional Late,0,0.26,Medium Risk
CRED-11843,CUST-11843,699,On-Time,0,0.23,Medium Risk
CRED-11844,CUST-11844,541,Default Risk,7,0.91,Very High Risk
CRED-11845,CUST-11845,679,On-Time,2,0.21,Medium Risk
CRED-11846,CUST-11846,699,On-Time,2,0.25,Medium Risk
CRED-11847,CUST-11847,669,Occasional Late,3,0.77,High Risk
CRED-11848,CUST-11848,748,Occasional Late,1,0.28,Medium Risk
CRED-11849,CUST-11849,703,On-Time,0,0.35,Medium Risk
CRED-11850,CUST-11850,677,On-Time,0,0.4,Medium Risk
CRED-11851,CUST-11851,652,Occasional Late,4,0.71,High Risk
CRED-11852,CUST-11852,753,On-Time,0,0.1,Low Risk
CRED-11853,CUST-11853,714,Occasional Late,0,0.25,Medium Risk
CRED-11854,CUST-11854,474,Frequently Late,11,0.76,Very High Risk
CRED-11855,CUST-11855,769,On-Time,0,0.13,Low Risk
CRED-11856,CUST-11856,530,Frequently Late,5,0.78,Very High Risk
CRED-11857,CUST-11857,618,Frequently Late,1,0.84,High Risk
CRED-11858,CUST-11858,718,Occasional Late,0,0.24,Medium Risk
CRED-11859,CUST-11859,777,On-Time,0,0.08,Low Risk
CRED-11860,CUST-11860,664,Frequently Late,3,0.52,High Risk
CRED-11861,CUST-11861,621,Occasional Late,2,0.78,High Risk
CRED-11862,CUST-11862,753,On-Time,0,0.11,Low Risk
CRED-11863,CUST-11863,692,On-Time,0,0.47,Medium Risk
CRED-11864,CUST-11864,735,Occasional Late,0,0.45,Medium Risk
CRED-11865,CUST-11865,745,On-Time,0,0.45,Medium Risk
CRED-11866,CUST-11866,666,Frequently Late,4,0.69,High Risk
CRED-11867,CUST-11867,631,Frequently Late,1,0.77,High Risk
CRED-11868,CUST-11868,701,On-Time,0,0.22,Medium Risk
CRED-11869,CUST-11869,705,On-Time,0,0.33,Medium Risk
CRED-11870,CUST-11870,641,Occasional Late,3,0.72,High Risk
CRED-11871,CUST-11871,630,Frequently Late,4,0.58,High Risk
CRED-11872,CUST-11872,787,On-Time,0,0.17,Low Risk
CRED-11873,CUST-11873,766,On-Time,0,0.24,Low Risk
CRED-11874,CUST-11874,687,On-Time,0,0.29,Medium Risk
CRED-11875,CUST-11875,758,On-Time,0,0.14,Low Risk
CRED-11876,CUST-11876,830,On-Time,0,0.18,Low Risk
CRED-11877,CUST-11877,709,On-Time,0,0.28,Medium Risk
CRED-11878,CUST-11878,724,On-Time,0,0.46,Medium Risk
CRED-11879,CUST-11879,767,On-Time,0,0.1,Low Risk
CRED-11880,CUST-11880,694,On-Time,2,0.21,Medium Risk
CRED-11881,CUST-11881,760,On-Time,0,0.1,Low Risk
CRED-11882,CUST-11882,673,On-Time,0,0.48,Medium Risk
CRED-11883,CUST-11883,707,Occasional Late,0,0.28,Medium Risk
CRED-11884,CUST-11884,547,Default Risk,10,0.85,Very High Risk
CRED-11885,CUST-11885,696,Occasional Late,0,0.32,Medium Risk
CRED-11886,CUST-11886,657,Occasional Late,4,0.81,High Risk
CRED-11887,CUST-11887,739,On-Time,0,0.29,Medium Risk
CRED-11888,CUST-11888,629,Frequently Late,4,0.78,High Risk
CRED-11889,CUST-11889,647,Frequently Late,4,0.76,High Risk
CRED-11890,CUST-11890,766,On-Time,0,0.16,Low Risk
CRED-11891,CUST-11891,785,On-Time,0,0.23,Low Risk
CRED-11892,CUST-11892,616,Frequently Late,4,0.65,High Risk
CRED-11893,CUST-11893,686,On-Time,0,0.3,Medium Risk
CRED-11894,CUST-11894,657,Frequently Late,4,0.47,High Risk
CRED-11895,CUST-11895,732,Occasional Late,2,0.26,Medium Risk
CRED-11896,CUST-11896,714,On-Time,0,0.46,Medium Risk
CRED-11897,CUST-11897,700,On-Time,0,0.32,Medium Risk
CRED-11898,CUST-11898,571,Default Risk,4,0.78,Very High Risk
CRED-11899,CUST-11899,629,Occasional Late,3,0.55,High Risk
CRED-11900,CUST-11900,737,Occasional Late,2,0.35,Medium Risk
CRED-11901,CUST-11901,658,Occasional Late,4,0.74,High Risk
CRED-11902,CUST-11902,615,Frequently Late,1,0.78,High Risk
CRED-11903,CUST-11903,661,Occasional Late,1,0.5,High Risk
CRED-11904,CUST-11904,715,Occasional Late,0,0.38,Medium Risk
CRED-11905,CUST-11905,460,Frequently Late,4,0.78,Very High Risk
CRED-11906,CUST-11906,693,On-Time,0,0.49,Medium Risk
CRED-11907,CUST-11907,781,On-Time,0,0.22,Low Risk
CRED-11908,CUST-11908,683,On-Time,1,0.31,Medium Risk
CRED-11909,CUST-11909,600,Frequently Late,3,0.77,High Risk
CRED-11910,CUST-11910,700,On-Time,0,0.31,Medium Risk
CRED-11911,CUST-11911,779,On-Time,0,0.13,Low Risk
CRED-11912,CUST-11912,742,On-Time,0,0.21,Medium Risk
CRED-11913,CUST-11913,661,Frequently Late,1,0.64,High Risk
CRED-11914,CUST-11914,836,On-Time,1,0.07,Low Risk
CRED-11915,CUST-11915,452,Default Risk,10,0.73,Very High Risk
CRED-11916,CUST-11916,695,On-Time,1,0.25,Medium Risk
CRED-11917,CUST-11917,691,Occasional Late,0,0.42,Medium Risk
CRED-11918,CUST-11918,719,On-Time,0,0.5,Medium Risk
CRED-11919,CUST-11919,657,Occasional Late,2,0.6,High Risk
CRED-11920,CUST-11920,726,On-Time,0,0.27,Medium Risk
CRED-11921,CUST-11921,762,On-Time,0,0.18,Low Risk
CRED-11922,CUST-11922,731,On-Time,0,0.3,Medium Risk
CRED-11923,CUST-11923,658,Occasional Late,1,0.61,High Risk
CRED-11924,CUST-11924,661,Occasional Late,2,0.78,High Risk
CRED-11925,CUST-11925,714,Occasional Late,0,0.24,Medium Risk
CRED-11926,CUST-11926,697,Occasional Late,1,0.24,Medium Risk
CRED-11927,CUST-11927,682,Occasional Late,0,0.22,Medium Risk
CRED-11928,CUST-11928,654,Occasional Late,3,0.64,High Risk
CRED-11929,CUST-11929,721,On-Time,0,0.33,Medium Risk
CRED-11930,CUST-11930,757,On-Time,0,0.09,Low Risk
CRED-11931,CUST-11931,742,On-Time,0,0.44,Medium Risk
CRED-11932,CUST-11932,638,Frequently Late,4,0.56,High Risk
CRED-11933,CUST-11933,682,Occasional Late,0,0.41,Medium Risk
CRED-11934,CUST-11934,721,On-Time,0,0.27,Medium Risk
CRED-11935,CUST-11935,757,On-Time,0,0.05,Low Risk
CRED-11936,CUST-11936,648,Occasional Late,3,0.53,High Risk
CRED-11937,CUST-11937,733,Occasional Late,0,0.32,Medium Risk
CRED-11938,CUST-11938,727,Occasional Late,0,0.45,Medium Risk
CRED-11939,CUST-11939,560,Default Risk,10,0.98,Very High Risk
CRED-11940,CUST-11940,653,Occasional Late,2,0.78,High Risk
CRED-11941,CUST-11941,760,On-Time,0,0.12,Low Risk
CRED-11942,CUST-11942,732,Occasional Late,0,0.33,Medium Risk
CRED-11943,CUST-11943,677,Occasional Late,2,0.32,Medium Risk
CRED-11944,CUST-11944,720,On-Time,1,0.45,Medium Risk
CRED-11945,CUST-11945,655,Frequently Late,2,0.57,High Risk
CRED-11946,CUST-11946,588,Frequently Late,4,0.58,High Risk
CRED-11947,CUST-11947,744,On-Time,0,0.39,Medium Risk
CRED-11948,CUST-11948,676,On-Time,0,0.24,Medium Risk
CRED-11949,CUST-11949,675,On-Time,0,0.28,Medium Risk
CRED-11950,CUST-11950,700,On-Time,0,0.36,Medium Risk
CRED-11951,CUST-11951,587,Occasional Late,4,0.69,High Risk
CRED-11952,CUST-11952,740,Occasional Late,0,0.48,Medium Risk
CRED-11953,CUST-11953,758,On-Time,0,0.24,Low Risk
CRED-11954,CUST-11954,737,On-Time,0,0.4,Medium Risk
CRED-11955,CUST-11955,705,Occasional Late,1,0.33,Medium Risk
CRED-11956,CUST-11956,765,On-Time,0,0.23,Low Risk
CRED-11957,CUST-11957,776,On-Time,0,0.13,Low Risk
CRED-11958,CUST-11958,725,On-Time,1,0.27,Medium Risk
CRED-11959,CUST-11959,667,Occasional Late,4,0.67,High Risk
CRED-11960,CUST-11960,805,On-Time,0,0.24,Low Risk
CRED-11961,CUST-11961,696,On-Time,0,0.46,Medium Risk
CRED-11962,CUST-11962,708,On-Time,0,0.24,Medium Risk
CRED-11963,CUST-11963,590,Frequently Late,2,0.73,High Risk
CRED-11964,CUST-11964,745,On-Time,0,0.3,Medium Risk
CRED-11965,CUST-11965,523,Default Risk,10,0.82,Very High Risk
CRED-11966,CUST-11966,706,On-Time,0,0.49,Medium Risk
CRED-11967,CUST-11967,709,On-Time,0,0.43,Medium Risk
CRED-11968,CUST-11968,745,On-Time,0,0.35,Medium Risk
CRED-11969,CUST-11969,665,Frequently Late,2,0.65,High Risk
CRED-11970,CUST-11970,736,On-Time,0,0.49,Medium Risk
CRED-11971,CUST-11971,681,On-Time,2,0.22,Medium Risk
CRED-11972,CUST-11972,739,Occasional Late,0,0.25,Medium Risk
CRED-11973,CUST-11973,727,Occasional Late,0,0.42,Medium Risk
CRED-11974,CUST-11974,791,On-Time,0,0.24,Low Risk
CRED-11975,CUST-11975,743,On-Time,0,0.32,Medium Risk
CRED-11976,CUST-11976,779,On-Time,0,0.2,Low Risk
CRED-11977,CUST-11977,614,Occasional Late,4,0.7,High Risk
CRED-11978,CUST-11978,683,On-Time,1,0.33,Medium Risk
CRED-11979,CUST-11979,701,Occasional Late,0,0.49,Medium Risk
CRED-11980,CUST-11980,738,On-Time,0,0.31,Medium Risk
CRED-11981,CUST-11981,738,On-Time,1,0.26,Medium Risk
CRED-11982,CUST-11982,703,Occasional Late,1,0.24,Medium Risk
CRED-11983,CUST-11983,598,Frequently Late,3,0.78,High Risk
CRED-11984,CUST-11984,727,Occasional Late,0,0.25,Medium Risk
CRED-11985,CUST-11985,597,Frequently Late,3,0.54,High Risk
CRED-11986,CUST-11986,757,On-Time,0,0.19,Low Risk
CRED-11987,CUST-11987,680,On-Time,0,0.3,Medium Risk
CRED-11988,CUST-11988,661,Frequently Late,2,0.79,High Risk
CRED-11989,CUST-11989,734,Occasional Late,0,0.34,Medium Risk
CRED-11990,CUST-11990,583,Occasional Late,3,0.61,High Risk
CRED-11991,CUST-11991,773,On-Time,1,0.1,Low Risk
CRED-11992,CUST-11992,683,On-Time,2,0.25,Medium Risk
CRED-11993,CUST-11993,744,On-Time,1,0.22,Medium Risk
CRED-11994,CUST-11994,774,On-Time,0,0.07,Low Risk
CRED-11995,CUST-11995,615,Frequently Late,4,0.46,High Risk
CRED-11996,CUST-11996,625,Occasional Late,1,0.69,High Risk
CRED-11997,CUST-11997,641,Frequently Late,4,0.76,High Risk
CRED-11998,CUST-11998,647,Occasional Late,4,0.52,High Risk
CRED-11999,CUST-11999,602,Frequently Late,1,0.72,High Risk
CRED-12000,CUST-12000,573,Default Risk,6,0.91,Very High Risk
CRED-12001,CUST-12001,583,Occasional Late,1,0.59,High Risk
CRED-12002,CUST-12002,696,On-Time,0,0.37,Medium Risk
CRED-12003,CUST-12003,691,Occasional Late,0,0.49,Medium Risk
CRED-12004,CUST-12004,736,On-Time,0,0.41,Medium Risk
CRED-12005,CUST-12005,639,Frequently Late,3,0.58,High Risk
CRED-12006,CUST-12006,734,On-Time,0,0.39,Medium Risk
CRED-12007,CUST-12007,659,Occasional Late,1,0.84,High Risk
CRED-12008,CUST-12008,717,On-Time,0,0.21,Medium Risk
CRED-12009,CUST-12009,540,Default Risk,9,0.74,Very High Risk
CRED-12010,CUST-12010,844,On-Time,0,0.09,Low Risk
CRED-12011,CUST-12011,726,Occasional Late,0,0.32,Medium Risk
CRED-12012,CUST-12012,638,Frequently Late,4,0.85,High Risk
CRED-12013,CUST-12013,694,On-Time,2,0.41,Medium Risk
CRED-12014,CUST-12014,751,On-Time,0,0.16,Low Risk
CRED-12015,CUST-12015,776,On-Time,0,0.2,Low Risk
CRED-12016,CUST-12016,732,Occasional Late,0,0.36,Medium Risk
CRED-12017,CUST-12017,754,On-Time,0,0.18,Low Risk
CRED-12018,CUST-12018,694,On-Time,0,0.44,Medium Risk
CRED-12019,CUST-12019,735,Occasional Late,0,0.38,Medium Risk
CRED-12020,CUST-12020,574,Frequently Late,4,0.77,Very High Risk
CRED-12021,CUST-12021,548,Default Risk,11,0.7,Very High Risk
CRED-12022,CUST-12022,538,Frequently Late,5,0.78,Very High Risk
CRED-12023,CUST-12023,553,Frequently Late,6,0.97,Very High Risk
CRED-12024,CUST-12024,663,Frequently Late,1,0.53,High Risk
CRED-12025,CUST-12025,736,Occasional Late,0,0.48,Medium Risk
CRED-12026,CUST-12026,733,On-Time,0,0.36,Medium Risk
CRED-12027,CUST-12027,703,On-Time,0,0.48,Medium Risk
CRED-12028,CUST-12028,791,On-Time,0,0.1,Low Risk
CRED-12029,CUST-12029,685,On-Time,2,0.21,Medium Risk
CRED-12030,CUST-12030,716,On-Time,0,0.34,Medium Risk
CRED-12031,CUST-12031,745,On-Time,0,0.48,Medium Risk
CRED-12032,CUST-12032,731,On-Time,0,0.32,Medium Risk
CRED-12033,CUST-12033,587,Occasional Late,1,0.82,High Risk
CRED-12034,CUST-12034,639,Occasional Late,4,0.72,High Risk
CRED-12035,CUST-12035,675,On-Time,1,0.42,Medium Risk
CRED-12036,CUST-12036,631,Occasional Late,3,0.74,High Risk
CRED-12037,CUST-12037,740,On-Time,1,0.35,Medium Risk
CRED-12038,CUST-12038,766,On-Time,0,0.11,Low Risk
CRED-12039,CUST-12039,716,On-Time,0,0.21,Medium Risk
CRED-12040,CUST-12040,562,Frequently Late,8,0.87,Very High Risk
CRED-12041,CUST-12041,748,Occasional Late,0,0.21,Medium Risk
CRED-12042,CUST-12042,761,On-Time,0,0.08,Low Risk
CRED-12043,CUST-12043,674,Occasional Late,0,0.27,Medium Risk
CRED-12044,CUST-12044,641,Occasional Late,2,0.68,High Risk
CRED-12045,CUST-12045,652,Frequently Late,3,0.64,High Risk
CRED-12046,CUST-12046,607,Frequently Late,3,0.67,High Risk
CRED-12047,CUST-12047,694,On-Time,0,0.48,Medium Risk
CRED-12048,CUST-12048,801,On-Time,0,0.17,Low Risk
CRED-12049,CUST-12049,578,Default Risk,7,0.86,Very High Risk
CRED-12050,CUST-12050,681,Occasional Late,0,0.5,Medium Risk
CRED-12051,CUST-12051,690,On-Time,0,0.45,Medium Risk
CRED-12052,CUST-12052,748,On-Time,0,0.38,Medium Risk
CRED-12053,CUST-12053,667,Occasional Late,2,0.73,High Risk
CRED-12054,CUST-12054,561,Default Risk,6,0.81,Very High Risk
CRED-12055,CUST-12055,746,On-Time,0,0.36,Medium Risk
CRED-12056,CUST-12056,786,On-Time,0,0.1,Low Risk
CRED-12057,CUST-12057,717,Occasional Late,0,0.43,Medium Risk
CRED-12058,CUST-12058,673,On-Time,2,0.4,Medium Risk
CRED-12059,CUST-12059,821,On-Time,0,0.2,Low Risk
CRED-12060,CUST-12060,709,Occasional Late,2,0.25,Medium Risk
CRED-12061,CUST-12061,738,On-Time,1,0.21,Medium Risk
CRED-12062,CUST-12062,726,On-Time,0,0.31,Medium Risk
CRED-12063,CUST-12063,750,On-Time,0,0.08,Low Risk
CRED-12064,CUST-12064,727,On-Time,0,0.5,Medium Risk
CRED-12065,CUST-12065,683,On-Time,0,0.4,Medium Risk
CRED-12066,CUST-12066,719,On-Time,1,0.47,Medium Risk
CRED-12067,CUST-12067,721,Occasional Late,0,0.47,Medium Risk
CRED-12068,CUST-12068,677,On-Time,0,0.48,Medium Risk
CRED-12069,CUST-12069,725,On-Time,1,0.38,Medium Risk
CRED-12070,CUST-12070,719,On-Time,0,0.31,Medium Risk
CRED-12071,CUST-12071,658,Occasional Late,4,0.48,High Risk
CRED-12072,CUST-12072,591,Occasional Late,2,0.76,High Risk
CRED-12073,CUST-12073,720,On-Time,0,0.36,Medium Risk
CRED-12074,CUST-12074,568,Default Risk,5,0.93,Very High Risk
CRED-12075,CUST-12075,654,Frequently Late,1,0.47,High Risk
CRED-12076,CUST-12076,702,On-Time,0,0.39,Medium Risk
CRED-12077,CUST-12077,796,On-Time,0,0.18,Low Risk
CRED-12078,CUST-12078,697,On-Time,1,0.23,Medium Risk
CRED-12079,CUST-12079,790,On-Time,0,0.09,Low Risk
CRED-12080,CUST-12080,591,Frequently Late,3,0.7,High Risk
CRED-12081,CUST-12081,689,On-Time,0,0.36,Medium Risk
CRED-12082,CUST-12082,770,On-Time,0,0.17,Low Risk
CRED-12083,CUST-12083,705,On-Time,1,0.32,Medium Risk
CRED-12084,CUST-12084,791,On-Time,0,0.23,Low Risk
CRED-12085,CUST-12085,731,On-Time,0,0.46,Medium Risk
CRED-12086,CUST-12086,743,On-Time,0,0.43,Medium Risk
CRED-12087,CUST-12087,620,Occasional Late,4,0.65,High Risk
CRED-12088,CUST-12088,736,On-Time,0,0.45,Medium Risk
CRED-12089,CUST-12089,832,On-Time,0,0.13,Low Risk
CRED-12090,CUST-12090,678,Occasional Late,0,0.33,Medium Risk
CRED-12091,CUST-12091,637,Occasional Late,3,0.65,High Risk
CRED-12092,CUST-12092,540,Frequently Late,11,0.79,Very High Risk
CRED-12093,CUST-12093,760,On-Time,0,0.06,Low Risk
CRED-12094,CUST-12094,614,Frequently Late,2,0.73,High Risk
CRED-12095,CUST-12095,666,Occasional Late,2,0.76,High Risk
CRED-12096,CUST-12096,737,On-Time,0,0.3,Medium Risk
CRED-12097,CUST-12097,711,On-Time,0,0.48,Medium Risk
CRED-12098,CUST-12098,707,On-Time,0,0.29,Medium Risk
CRED-12099,CUST-12099,681,On-Time,0,0.36,Medium Risk
CRED-12100,CUST-12100,704,On-Time,0,0.46,Medium Risk
CRED-12101,CUST-12101,715,On-Time,1,0.42,Medium Risk
CRED-12102,CUST-12102,705,Occasional Late,0,0.4,Medium Risk
CRED-12103,CUST-12103,676,Occasional Late,0,0.2,Medium Risk
CRED-12104,CUST-12104,787,On-Time,0,0.19,Low Risk
CRED-12105,CUST-12105,712,On-Time,0,0.44,Medium Risk
CRED-12106,CUST-12106,696,On-Time,1,0.37,Medium Risk
CRED-12107,CUST-12107,638,Frequently Late,1,0.8,High Risk
CRED-12108,CUST-12108,634,Frequently Late,3,0.73,High Risk
CRED-12109,CUST-12109,707,Occasional Late,0,0.41,Medium Risk
CRED-12110,CUST-12110,515,Default Risk,10,0.86,Very High Risk
CRED-12111,CUST-12111,685,Occasional Late,0,0.31,Medium Risk
CRED-12112,CUST-12112,706,On-Time,1,0.35,Medium Risk
CRED-12113,CUST-12113,706,On-Time,0,0.28,Medium Risk
CRED-12114,CUST-12114,703,On-Time,0,0.43,Medium Risk
CRED-12115,CUST-12115,623,Frequently Late,4,0.82,High Risk
CRED-12116,CUST-12116,755,On-Time,0,0.24,Low Risk
CRED-12117,CUST-12117,516,Frequently Late,6,0.91,Very High Risk
CRED-12118,CUST-12118,593,Occasional Late,4,0.56,High Risk
CRED-12119,CUST-12119,664,Frequently Late,3,0.8,High Risk
CRED-12120,CUST-12120,631,Occasional Late,2,0.63,High Risk
CRED-12121,CUST-12121,730,On-Time,2,0.44,Medium Risk
CRED-12122,CUST-12122,807,On-Time,0,0.07,Low Risk
CRED-12123,CUST-12123,679,On-Time,0,0.27,Medium Risk
CRED-12124,CUST-12124,775,On-Time,0,0.18,Low Risk
CRED-12125,CUST-12125,700,On-Time,0,0.22,Medium Risk
CRED-12126,CUST-12126,797,On-Time,0,0.09,Low Risk
CRED-12127,CUST-12127,721,Occasional Late,0,0.39,Medium Risk
CRED-12128,CUST-12128,713,On-Time,0,0.42,Medium Risk
CRED-12129,CUST-12129,433,Frequently Late,8,0.9,Very High Risk
CRED-12130,CUST-12130,728,On-Time,0,0.46,Medium Risk
CRED-12131,CUST-12131,678,On-Time,0,0.42,Medium Risk
CRED-12132,CUST-12132,774,On-Time,0,0.15,Low Risk
CRED-12133,CUST-12133,720,On-Time,0,0.22,Medium Risk
CRED-12134,CUST-12134,728,On-Time,0,0.3,Medium Risk
CRED-12135,CUST-12135,707,On-Time,1,0.31,Medium Risk
CRED-12136,CUST-12136,711,Occasional Late,1,0.37,Medium Risk
CRED-12137,CUST-12137,688,Occasional Late,0,0.47,Medium Risk
CRED-12138,CUST-12138,796,On-Time,0,0.09,Low Risk
CRED-12139,CUST-12139,688,Occasional Late,0,0.46,Medium Risk
CRED-12140,CUST-12140,707,On-Time,0,0.21,Medium Risk
CRED-12141,CUST-12141,646,Occasional Late,3,0.84,High Risk
CRED-12142,CUST-12142,670,On-Time,0,0.49,Medium Risk
CRED-12143,CUST-12143,647,Occasional Late,4,0.54,High Risk
CRED-12144,CUST-12144,618,Occasional Late,2,0.52,High Risk
CRED-12145,CUST-12145,649,Occasional Late,3,0.67,High Risk
CRED-12146,CUST-12146,714,Occasional Late,0,0.29,Medium Risk
CRED-12147,CUST-12147,726,On-Time,0,0.2,Medium Risk
CRED-12148,CUST-12148,681,On-Time,0,0.35,Medium Risk
CRED-12149,CUST-12149,707,Occasional Late,1,0.49,Medium Risk
CRED-12150,CUST-12150,727,On-Time,0,0.45,Medium Risk
CRED-12151,CUST-12151,695,Occasional Late,0,0.31,Medium Risk
CRED-12152,CUST-12152,760,On-Time,0,0.15,Low Risk
CRED-12153,CUST-12153,570,Default Risk,10,0.94,Very High Risk
CRED-12154,CUST-12154,628,Frequently Late,3,0.8,High Risk
CRED-12155,CUST-12155,721,On-Time,0,0.49,Medium Risk
CRED-12156,CUST-12156,685,On-Time,0,0.28,Medium Risk
CRED-12157,CUST-12157,682,On-Time,1,0.44,Medium Risk
CRED-12158,CUST-12158,717,Occasional Late,0,0.26,Medium Risk
CRED-12159,CUST-12159,809,On-Time,0,0.11,Low Risk
CRED-12160,CUST-12160,721,Occasional Late,0,0.44,Medium Risk
CRED-12161,CUST-12161,782,On-Time,0,0.24,Low Risk
CRED-12162,CUST-12162,695,On-Time,1,0.39,Medium Risk
CRED-12163,CUST-12163,734,Occasional Late,0,0.21,Medium Risk
CRED-12164,CUST-12164,722,Occasional Late,0,0.22,Medium Risk
CRED-12165,CUST-12165,785,On-Time,0,0.2,Low Risk
CRED-12166,CUST-12166,740,Occasional Late,0,0.27,Medium Risk
CRED-12167,CUST-12167,751,On-Time,0,0.19,Low Risk
CRED-12168,CUST-12168,652,Frequently Late,1,0.64,High Risk
CRED-12169,CUST-12169,736,On-Time,0,0.44,Medium Risk
CRED-12170,CUST-12170,649,Occasional Late,4,0.57,High Risk
CRED-12171,CUST-12171,665,Frequently Late,1,0.59,High Risk
CRED-12172,CUST-12172,650,Occasional Late,4,0.65,High Risk
CRED-12173,CUST-12173,651,Frequently Late,2,0.54,High Risk
CRED-12174,CUST-12174,700,Occasional Late,0,0.21,Medium Risk
CRED-12175,CUST-12175,727,Occasional Late,0,0.23,Medium Risk
CRED-12176,CUST-12176,734,On-Time,0,0.38,Medium Risk
CRED-12177,CUST-12177,737,Occasional Late,1,0.44,Medium Risk
CRED-12178,CUST-12178,647,Frequently Late,4,0.55,High Risk
CRED-12179,CUST-12179,719,On-Time,0,0.2,Medium Risk
CRED-12180,CUST-12180,665,Frequently Late,4,0.56,High Risk
CRED-12181,CUST-12181,717,Occasional Late,1,0.4,Medium Risk
CRED-12182,CUST-12182,641,Frequently Late,3,0.78,High Risk
CRED-12183,CUST-12183,679,On-Time,1,0.36,Medium Risk
CRED-12184,CUST-12184,696,On-Time,1,0.39,Medium Risk
CRED-12185,CUST-12185,619,Frequently Late,3,0.52,High Risk
CRED-12186,CUST-12186,726,On-Time,1,0.4,Medium Risk
CRED-12187,CUST-12187,729,On-Time,0,0.38,Medium Risk
CRED-12188,CUST-12188,641,Occasional Late,2,0.61,High Risk
CRED-12189,CUST-12189,750,On-Time,0,0.08,Low Risk
CRED-12190,CUST-12190,766,On-Time,0,0.22,Low Risk
CRED-12191,CUST-12191,600,Occasional Late,1,0.47,High Risk
CRED-12192,CUST-12192,592,Frequently Late,3,0.65,High Risk
CRED-12193,CUST-12193,632,Occasional Late,4,0.75,High Risk
CRED-12194,CUST-12194,589,Occasional Late,1,0.54,High Risk
CRED-12195,CUST-12195,743,On-Time,1,0.25,Medium Risk
CRED-12196,CUST-12196,706,On-Time,0,0.46,Medium Risk
CRED-12197,CUST-12197,693,On-Time,0,0.46,Medium Risk
CRED-12198,CUST-12198,698,Occasional Late,0,0.48,Medium Risk
CRED-12199,CUST-12199,696,On-Time,1,0.24,Medium Risk
CRED-12200,CUST-12200,722,Occasional Late,0,0.35,Medium Risk
CRED-12201,CUST-12201,727,On-Time,0,0.32,Medium Risk
CRED-12202,CUST-12202,763,On-Time,0,0.16,Low Risk
CRED-12203,CUST-12203,584,Occasional Late,3,0.66,High Risk
CRED-12204,CUST-12204,677,On-Time,1,0.3,Medium Risk
CRED-12205,CUST-12205,753,On-Time,0,0.12,Low Risk
CRED-12206,CUST-12206,617,Frequently Late,3,0.48,High Risk
CRED-12207,CUST-12207,723,On-Time,0,0.44,Medium Risk
CRED-12208,CUST-12208,627,Occasional Late,4,0.81,High Risk
CRED-12209,CUST-12209,766,On-Time,0,0.18,Low Risk
CRED-12210,CUST-12210,693,On-Time,0,0.47,Medium Risk
CRED-12211,CUST-12211,668,Occasional Late,3,0.7,High Risk
CRED-12212,CUST-12212,656,Occasional Late,1,0.48,High Risk
CRED-12213,CUST-12213,736,On-Time,0,0.32,Medium Risk
CRED-12214,CUST-12214,639,Occasional Late,4,0.47,High Risk
CRED-12215,CUST-12215,558,Default Risk,9,0.87,Very High Risk
CRED-12216,CUST-12216,676,Occasional Late,0,0.28,Medium Risk
CRED-12217,CUST-12217,688,On-Time,0,0.45,Medium Risk
CRED-12218,CUST-12218,687,On-Time,0,0.34,Medium Risk
CRED-12219,CUST-12219,686,Occasional Late,0,0.28,Medium Risk
CRED-12220,CUST-12220,746,On-Time,2,0.31,Medium Risk
CRED-12221,CUST-12221,587,Occasional Late,4,0.69,High Risk
CRED-12222,CUST-12222,739,On-Time,2,0.23,Medium Risk
CRED-12223,CUST-12223,743,On-Time,0,0.3,Medium Risk
CRED-12224,CUST-12224,738,On-Time,1,0.46,Medium Risk
CRED-12225,CUST-12225,755,On-Time,0,0.07,Low Risk
CRED-12226,CUST-12226,659,Occasional Late,2,0.46,High Risk
CRED-12227,CUST-12227,717,On-Time,0,0.45,Medium Risk
CRED-12228,CUST-12228,602,Frequently Late,2,0.79,High Risk
CRED-12229,CUST-12229,754,On-Time,0,0.22,Low Risk
CRED-12230,CUST-12230,640,Occasional Late,4,0.72,High Risk
CRED-12231,CUST-12231,702,On-Time,0,0.37,Medium Risk
CRED-12232,CUST-12232,676,On-Time,0,0.48,Medium Risk
CRED-12233,CUST-12233,657,Occasional Late,1,0.53,High Risk
CRED-12234,CUST-12234,686,On-Time,0,0.36,Medium Risk
CRED-12235,CUST-12235,673,On-Time,1,0.29,Medium Risk
CRED-12236,CUST-12236,849,On-Time,0,0.08,Low Risk
CRED-12237,CUST-12237,684,Occasional Late,0,0.35,Medium Risk
CRED-12238,CUST-12238,713,On-Time,1,0.38,Medium Risk
CRED-12239,CUST-12239,467,Frequently Late,5,0.91,Very High Risk
CRED-12240,CUST-12240,427,Default Risk,10,0.96,Very High Risk
CRED-12241,CUST-12241,712,Occasional Late,0,0.37,Medium Risk
CRED-12242,CUST-12242,725,On-Time,0,0.42,Medium Risk
CRED-12243,CUST-12243,645,Frequently Late,3,0.76,High Risk
CRED-12244,CUST-12244,673,On-Time,0,0.48,Medium Risk
CRED-12245,CUST-12245,651,Occasional Late,1,0.74,High Risk
CRED-12246,CUST-12246,761,On-Time,0,0.2,Low Risk
CRED-12247,CUST-12247,691,Occasional Late,1,0.28,Medium Risk
CRED-12248,CUST-12248,668,Frequently Late,4,0.63,High Risk
CRED-12249,CUST-12249,650,Frequently Late,3,0.62,High Risk
CRED-12250,CUST-12250,795,On-Time,0,0.24,Low Risk
CRED-12251,CUST-12251,673,On-Time,0,0.34,Medium Risk
CRED-12252,CUST-12252,729,On-Time,1,0.39,Medium Risk
CRED-12253,CUST-12253,708,On-Time,0,0.44,Medium Risk
CRED-12254,CUST-12254,732,On-Time,0,0.21,Medium Risk
CRED-12255,CUST-12255,556,Default Risk,7,0.74,Very High Risk
CRED-12256,CUST-12256,676,Occasional Late,0,0.39,Medium Risk
CRED-12257,CUST-12257,773,On-Time,0,0.12,Low Risk
CRED-12258,CUST-12258,562,Frequently Late,11,0.92,Very High Risk
CRED-12259,CUST-12259,719,On-Time,0,0.37,Medium Risk
CRED-12260,CUST-12260,679,On-Time,0,0.42,Medium Risk
CRED-12261,CUST-12261,726,On-Time,0,0.31,Medium Risk
CRED-12262,CUST-12262,418,Default Risk,8,0.97,Very High Risk
CRED-12263,CUST-12263,806,On-Time,0,0.07,Low Risk
CRED-12264,CUST-12264,656,Occasional Late,1,0.46,High Risk
CRED-12265,CUST-12265,744,On-Time,0,0.23,Medium Risk
CRED-12266,CUST-12266,756,On-Time,0,0.23,Low Risk
CRED-12267,CUST-12267,663,Occasional Late,4,0.78,High Risk
CRED-12268,CUST-12268,777,On-Time,0,0.2,Low Risk
CRED-12269,CUST-12269,688,On-Time,0,0.3,Medium Risk
CRED-12270,CUST-12270,650,Frequently Late,3,0.54,High Risk
CRED-12271,CUST-12271,682,On-Time,0,0.26,Medium Risk
CRED-12272,CUST-12272,713,On-Time,0,0.48,Medium Risk
CRED-12273,CUST-12273,702,On-Time,0,0.34,Medium Risk
CRED-12274,CUST-12274,795,On-Time,0,0.19,Low Risk
CRED-12275,CUST-12275,782,On-Time,1,0.16,Low Risk
CRED-12276,CUST-12276,687,On-Time,0,0.34,Medium Risk
CRED-12277,CUST-12277,671,On-Time,0,0.43,Medium Risk
CRED-12278,CUST-12278,419,Default Risk,6,0.83,Very High Risk
CRED-12279,CUST-12279,765,On-Time,0,0.15,Low Risk
CRED-12280,CUST-12280,786,On-Time,0,0.16,Low Risk
CRED-12281,CUST-12281,723,Occasional Late,0,0.26,Medium Risk
CRED-12282,CUST-12282,706,On-Time,0,0.37,Medium Risk
CRED-12283,CUST-12283,744,Occasional Late,0,0.45,Medium Risk
CRED-12284,CUST-12284,709,On-Time,2,0.25,Medium Risk
CRED-12285,CUST-12285,692,On-Time,0,0.25,Medium Risk
CRED-12286,CUST-12286,666,Occasional Late,2,0.68,High Risk
CRED-12287,CUST-12287,618,Frequently Late,1,0.81,High Risk
CRED-12288,CUST-12288,655,Frequently Late,3,0.79,High Risk
CRED-12289,CUST-12289,665,Occasional Late,4,0.77,High Risk
CRED-12290,CUST-12290,681,Occasional Late,1,0.34,Medium Risk
CRED-12291,CUST-12291,743,On-Time,0,0.32,Medium Risk
CRED-12292,CUST-12292,687,On-Time,0,0.29,Medium Risk
CRED-12293,CUST-12293,795,On-Time,0,0.22,Low Risk
CRED-12294,CUST-12294,708,Occasional Late,0,0.43,Medium Risk
CRED-12295,CUST-12295,633,Occasional Late,3,0.85,High Risk
CRED-12296,CUST-12296,756,On-Time,0,0.2,Low Risk
CRED-12297,CUST-12297,710,Occasional Late,1,0.34,Medium Risk
CRED-12298,CUST-12298,741,On-Time,0,0.31,Medium Risk
CRED-12299,CUST-12299,828,On-Time,0,0.06,Low Risk
CRED-12300,CUST-12300,596,Frequently Late,1,0.57,High Risk
CRED-12301,CUST-12301,660,Occasional Late,4,0.77,High Risk
CRED-12302,CUST-12302,672,On-Time,1,0.27,Medium Risk
CRED-12303,CUST-12303,800,On-Time,0,0.11,Low Risk
CRED-12304,CUST-12304,771,On-Time,0,0.11,Low Risk
CRED-12305,CUST-12305,762,On-Time,0,0.08,Low Risk
CRED-12306,CUST-12306,645,Frequently Late,1,0.67,High Risk
CRED-12307,CUST-12307,741,On-Time,0,0.45,Medium Risk
CRED-12308,CUST-12308,686,On-Time,1,0.39,Medium Risk
CRED-12309,CUST-12309,711,Occasional Late,0,0.47,Medium Risk
CRED-12310,CUST-12310,767,On-Time,0,0.2,Low Risk
CRED-12311,CUST-12311,621,Frequently Late,4,0.68,High Risk
CRED-12312,CUST-12312,727,On-Time,0,0.26,Medium Risk
CRED-12313,CUST-12313,624,Occasional Late,3,0.65,High Risk
CRED-12314,CUST-12314,763,On-Time,0,0.25,Low Risk
CRED-12315,CUST-12315,720,On-Time,0,0.26,Medium Risk
CRED-12316,CUST-12316,669,Frequently Late,2,0.61,High Risk
CRED-12317,CUST-12317,763,On-Time,0,0.21,Low Risk
CRED-12318,CUST-12318,651,Occasional Late,3,0.72,High Risk
CRED-12319,CUST-12319,733,On-Time,0,0.22,Medium Risk
CRED-12320,CUST-12320,833,On-Time,0,0.12,Low Risk
CRED-12321,CUST-12321,670,On-Time,1,0.43,Medium Risk
CRED-12322,CUST-12322,805,On-Time,0,0.17,Low Risk
CRED-12323,CUST-12323,720,Occasional Late,1,0.37,Medium Risk
CRED-12324,CUST-12324,695,Occasional Late,0,0.23,Medium Risk
CRED-12325,CUST-12325,530,Frequently Late,9,0.71,Very High Risk
CRED-12326,CUST-12326,584,Frequently Late,4,0.77,High Risk
CRED-12327,CUST-12327,771,On-Time,0,0.06,Low Risk
CRED-12328,CUST-12328,712,On-Time,0,0.3,Medium Risk
CRED-12329,CUST-12329,606,Occasional Late,1,0.7,High Risk
CRED-12330,CUST-12330,681,Occasional Late,0,0.44,Medium Risk
CRED-12331,CUST-12331,704,On-Time,0,0.25,Medium Risk
CRED-12332,CUST-12332,540,Frequently Late,10,0.85,Very High Risk
CRED-12333,CUST-12333,491,Default Risk,4,0.88,Very High Risk
CRED-12334,CUST-12334,747,On-Time,0,0.44,Medium Risk
CRED-12335,CUST-12335,694,On-Time,0,0.35,Medium Risk
CRED-12336,CUST-12336,697,On-Time,0,0.48,Medium Risk
CRED-12337,CUST-12337,627,Frequently Late,1,0.53,High Risk
CRED-12338,CUST-12338,779,On-Time,0,0.25,Low Risk
CRED-12339,CUST-12339,747,Occasional Late,0,0.41,Medium Risk
CRED-12340,CUST-12340,746,On-Time,0,0.41,Medium Risk
CRED-12341,CUST-12341,701,On-Time,0,0.47,Medium Risk
CRED-12342,CUST-12342,689,On-Time,0,0.32,Medium Risk
CRED-12343,CUST-12343,612,Occasional Late,1,0.81,High Risk
CRED-12344,CUST-12344,694,Occasional Late,2,0.41,Medium Risk
CRED-12345,CUST-12345,807,On-Time,0,0.23,Low Risk
CRED-12346,CUST-12346,517,Default Risk,10,0.7,Very High Risk
CRED-12347,CUST-12347,712,Occasional Late,0,0.44,Medium Risk
CRED-12348,CUST-12348,708,On-Time,0,0.35,Medium Risk
CRED-12349,CUST-12349,586,Occasional Late,1,0.71,High Risk
CRED-12350,CUST-12350,596,Occasional Late,2,0.8,High Risk
CRED-12351,CUST-12351,650,Frequently Late,1,0.53,High Risk
CRED-12352,CUST-12352,748,On-Time,0,0.3,Medium Risk
CRED-12353,CUST-12353,658,Frequently Late,2,0.82,High Risk
CRED-12354,CUST-12354,659,Frequently Late,4,0.51,High Risk
CRED-12355,CUST-12355,648,Occasional Late,1,0.66,High Risk
CRED-12356,CUST-12356,677,On-Time,0,0.33,Medium Risk
CRED-12357,CUST-12357,665,Occasional Late,2,0.75,High Risk
CRED-12358,CUST-12358,764,On-Time,0,0.2,Low Risk
CRED-12359,CUST-12359,521,Default Risk,4,0.88,Very High Risk
CRED-12360,CUST-12360,641,Occasional Late,4,0.81,High Risk
CRED-12361,CUST-12361,673,On-Time,0,0.43,Medium Risk
CRED-12362,CUST-12362,689,On-Time,2,0.33,Medium Risk
CRED-12363,CUST-12363,720,Occasional Late,0,0.31,Medium Risk
CRED-12364,CUST-12364,712,On-Time,0,0.2,Medium Risk
CRED-12365,CUST-12365,803,On-Time,0,0.17,Low Risk
CRED-12366,CUST-12366,779,On-Time,0,0.23,Low Risk
CRED-12367,CUST-12367,754,On-Time,0,0.06,Low Risk
CRED-12368,CUST-12368,522,Default Risk,6,0.86,Very High Risk
CRED-12369,CUST-12369,756,On-Time,0,0.06,Low Risk
CRED-12370,CUST-12370,725,On-Time,0,0.25,Medium Risk
CRED-12371,CUST-12371,706,Occasional Late,0,0.21,Medium Risk
CRED-12372,CUST-12372,678,On-Time,0,0.49,Medium Risk
CRED-12373,CUST-12373,648,Frequently Late,2,0.8,High Risk
CRED-12374,CUST-12374,642,Frequently Late,3,0.51,High Risk
CRED-12375,CUST-12375,422,Frequently Late,5,0.72,Very High Risk
CRED-12376,CUST-12376,657,Frequently Late,4,0.61,High Risk
CRED-12377,CUST-12377,508,Default Risk,5,0.8,Very High Risk
CRED-12378,CUST-12378,709,On-Time,0,0.27,Medium Risk
CRED-12379,CUST-12379,710,On-Time,2,0.42,Medium Risk
CRED-12380,CUST-12380,654,Occasional Late,2,0.81,High Risk
CRED-12381,CUST-12381,717,On-Time,0,0.23,Medium Risk
CRED-12382,CUST-12382,677,On-Time,0,0.39,Medium Risk
CRED-12383,CUST-12383,671,Occasional Late,0,0.33,Medium Risk
CRED-12384,CUST-12384,705,On-Time,0,0.22,Medium Risk
CRED-12385,CUST-12385,645,Occasional Late,1,0.79,High Risk
CRED-12386,CUST-12386,703,On-Time,0,0.42,Medium Risk
CRED-12387,CUST-12387,759,On-Time,0,0.22,Low Risk
CRED-12388,CUST-12388,611,Occasional Late,4,0.52,High Risk
CRED-12389,CUST-12389,781,On-Time,1,0.11,Low Risk
CRED-12390,CUST-12390,714,On-Time,2,0.34,Medium Risk
CRED-12391,CUST-12391,701,On-Time,0,0.34,Medium Risk
CRED-12392,CUST-12392,727,Occasional Late,1,0.24,Medium Risk
CRED-12393,CUST-12393,637,Frequently Late,2,0.84,High Risk
CRED-12394,CUST-12394,734,On-Time,0,0.21,Medium Risk
CRED-12395,CUST-12395,766,On-Time,0,0.09,Low Risk
CRED-12396,CUST-12396,739,Occasional Late,0,0.4,Medium Risk
CRED-12397,CUST-12397,638,Occasional Late,4,0.56,High Risk
CRED-12398,CUST-12398,724,On-Time,0,0.48,Medium Risk
CRED-12399,CUST-12399,778,On-Time,0,0.17,Low Risk
CRED-12400,CUST-12400,692,On-Time,0,0.47,Medium Risk
CRED-12401,CUST-12401,729,On-Time,1,0.23,Medium Risk
CRED-12402,CUST-12402,723,Occasional Late,0,0.25,Medium Risk
CRED-12403,CUST-12403,642,Occasional Late,3,0.65,High Risk
CRED-12404,CUST-12404,720,On-Time,0,0.28,Medium Risk
CRED-12405,CUST-12405,777,On-Time,0,0.12,Low Risk
CRED-12406,CUST-12406,726,Occasional Late,0,0.32,Medium Risk
CRED-12407,CUST-12407,673,On-Time,0,0.44,Medium Risk
CRED-12408,CUST-12408,707,Occasional Late,0,0.4,Medium Risk
CRED-12409,CUST-12409,699,On-Time,1,0.22,Medium Risk
CRED-12410,CUST-12410,744,On-Time,0,0.27,Medium Risk
CRED-12411,CUST-12411,762,On-Time,0,0.12,Low Risk
CRED-12412,CUST-12412,769,On-Time,0,0.17,Low Risk
CRED-12413,CUST-12413,560,Frequently Late,6,0.91,Very High Risk
CRED-12414,CUST-12414,652,Occasional Late,4,0.62,High Risk
CRED-12415,CUST-12415,772,On-Time,0,0.12,Low Risk
CRED-12416,CUST-12416,685,On-Time,0,0.36,Medium Risk
CRED-12417,CUST-12417,650,Occasional Late,1,0.45,High Risk
CRED-12418,CUST-12418,697,On-Time,0,0.26,Medium Risk
CRED-12419,CUST-12419,693,On-Time,1,0.27,Medium Risk
CRED-12420,CUST-12420,738,On-Time,0,0.28,Medium Risk
CRED-12421,CUST-12421,653,Frequently Late,4,0.68,High Risk
CRED-12422,CUST-12422,596,Frequently Late,4,0.58,High Risk
CRED-12423,CUST-12423,540,Frequently Late,8,0.73,Very High Risk
CRED-12424,CUST-12424,579,Default Risk,7,0.83,Very High Risk
CRED-12425,CUST-12425,760,On-Time,0,0.19,Low Risk
CRED-12426,CUST-12426,693,On-Time,0,0.21,Medium Risk
CRED-12427,CUST-12427,718,On-Time,0,0.44,Medium Risk
CRED-12428,CUST-12428,684,On-Time,1,0.41,Medium Risk
CRED-12429,CUST-12429,657,Occasional Late,3,0.46,High Risk
CRED-12430,CUST-12430,661,Frequently Late,1,0.74,High Risk
CRED-12431,CUST-12431,673,On-Time,0,0.38,Medium Risk
CRED-12432,CUST-12432,615,Occasional Late,1,0.59,High Risk
CRED-12433,CUST-12433,813,On-Time,0,0.14,Low Risk
CRED-12434,CUST-12434,639,Frequently Late,1,0.59,High Risk
CRED-12435,CUST-12435,758,On-Time,0,0.08,Low Risk
CRED-12436,CUST-12436,588,Occasional Late,1,0.8,High Risk
CRED-12437,CUST-12437,605,Occasional Late,1,0.63,High Risk
CRED-12438,CUST-12438,686,On-Time,0,0.44,Medium Risk
CRED-12439,CUST-12439,712,Occasional Late,2,0.41,Medium Risk
CRED-12440,CUST-12440,649,Frequently Late,1,0.55,High Risk
CRED-12441,CUST-12441,785,On-Time,0,0.06,Low Risk
CRED-12442,CUST-12442,716,On-Time,0,0.26,Medium Risk
CRED-12443,CUST-12443,817,On-Time,0,0.05,Low Risk
CRED-12444,CUST-12444,731,Occasional Late,0,0.49,Medium Risk
CRED-12445,CUST-12445,709,On-Time,0,0.24,Medium Risk
CRED-12446,CUST-12446,748,On-Time,1,0.24,Medium Risk
CRED-12447,CUST-12447,740,On-Time,2,0.42,Medium Risk
CRED-12448,CUST-12448,750,On-Time,0,0.09,Low Risk
CRED-12449,CUST-12449,693,On-Time,1,0.23,Medium Risk
CRED-12450,CUST-12450,612,Occasional Late,3,0.64,High Risk
CRED-12451,CUST-12451,732,On-Time,0,0.22,Medium Risk
CRED-12452,CUST-12452,704,Occasional Late,1,0.41,Medium Risk
CRED-12453,CUST-12453,708,On-Time,0,0.21,Medium Risk
CRED-12454,CUST-12454,791,On-Time,0,0.08,Low Risk
CRED-12455,CUST-12455,639,Occasional Late,3,0.79,High Risk
CRED-12456,CUST-12456,737,On-Time,0,0.47,Medium Risk
CRED-12457,CUST-12457,656,Occasional Late,1,0.52,High Risk
CRED-12458,CUST-12458,593,Occasional Late,2,0.53,High Risk
CRED-12459,CUST-12459,697,Occasional Late,0,0.49,Medium Risk
CRED-12460,CUST-12460,736,On-Time,0,0.35,Medium Risk
CRED-12461,CUST-12461,762,On-Time,0,0.21,Low Risk
CRED-12462,CUST-12462,727,On-Time,0,0.26,Medium Risk
CRED-12463,CUST-12463,735,On-Time,0,0.45,Medium Risk
CRED-12464,CUST-12464,659,Frequently Late,1,0.84,High Risk
CRED-12465,CUST-12465,775,On-Time,0,0.18,Low Risk
CRED-12466,CUST-12466,684,Occasional Late,2,0.36,Medium Risk
CRED-12467,CUST-12467,644,Frequently Late,1,0.72,High Risk
CRED-12468,CUST-12468,705,On-Time,2,0.23,Medium Risk
CRED-12469,CUST-12469,756,On-Time,0,0.13,Low Risk
CRED-12470,CUST-12470,614,Frequently Late,4,0.63,High Risk
CRED-12471,CUST-12471,710,Occasional Late,0,0.21,Medium Risk
CRED-12472,CUST-12472,762,On-Time,0,0.12,Low Risk
CRED-12473,CUST-12473,534,Default Risk,6,0.94,Very High Risk
CRED-12474,CUST-12474,627,Occasional Late,2,0.51,High Risk
CRED-12475,CUST-12475,734,Occasional Late,2,0.36,Medium Risk
CRED-12476,CUST-12476,717,Occasional Late,0,0.42,Medium Risk
CRED-12477,CUST-12477,735,Occasional Late,1,0.42,Medium Risk
CRED-12478,CUST-12478,766,On-Time,0,0.21,Low Risk
CRED-12479,CUST-12479,726,On-Time,0,0.39,Medium Risk
CRED-12480,CUST-12480,715,Occasional Late,0,0.24,Medium Risk
CRED-12481,CUST-12481,599,Occasional Late,1,0.55,High Risk
CRED-12482,CUST-12482,563,Default Risk,10,0.83,Very High Risk
CRED-12483,CUST-12483,806,On-Time,0,0.12,Low Risk
CRED-12484,CUST-12484,783,On-Time,0,0.08,Low Risk
CRED-12485,CUST-12485,715,On-Time,0,0.45,Medium Risk
CRED-12486,CUST-12486,678,On-Time,1,0.46,Medium Risk
CRED-12487,CUST-12487,712,Occasional Late,2,0.25,Medium Risk
CRED-12488,CUST-12488,732,On-Time,0,0.49,Medium Risk
CRED-12489,CUST-12489,663,Frequently Late,1,0.5,High Risk
CRED-12490,CUST-12490,738,On-Time,1,0.29,Medium Risk
CRED-12491,CUST-12491,757,On-Time,0,0.19,Low Risk
CRED-12492,CUST-12492,578,Default Risk,11,0.87,Very High Risk
CRED-12493,CUST-12493,476,Default Risk,11,0.91,Very High Risk
CRED-12494,CUST-12494,714,On-Time,1,0.46,Medium Risk
CRED-12495,CUST-12495,781,On-Time,0,0.1,Low Risk
CRED-12496,CUST-12496,718,Occasional Late,1,0.27,Medium Risk
CRED-12497,CUST-12497,776,On-Time,0,0.13,Low Risk
CRED-12498,CUST-12498,742,Occasional Late,0,0.21,Medium Risk
CRED-12499,CUST-12499,711,On-Time,1,0.48,Medium Risk
CRED-12500,CUST-12500,659,Frequently Late,4,0.55,High Risk
CRED-12501,CUST-12501,724,On-Time,0,0.28,Medium Risk
CRED-12502,CUST-12502,720,On-Time,0,0.47,Medium Risk
CRED-12503,CUST-12503,750,On-Time,0,0.14,Low Risk
CRED-12504,CUST-12504,804,On-Time,0,0.16,Low Risk
CRED-12505,CUST-12505,663,Occasional Late,1,0.49,High Risk
CRED-12506,CUST-12506,649,Frequently Late,1,0.61,High Risk
CRED-12507,CUST-12507,741,On-Time,0,0.34,Medium Risk
CRED-12508,CUST-12508,739,Occasional Late,0,0.29,Medium Risk
CRED-12509,CUST-12509,459,Default Risk,8,0.76,Very High Risk
CRED-12510,CUST-12510,744,On-Time,0,0.32,Medium Risk
CRED-12511,CUST-12511,772,On-Time,1,0.14,Low Risk
CRED-12512,CUST-12512,614,Occasional Late,4,0.73,High Risk
CRED-12513,CUST-12513,612,Occasional Late,3,0.55,High Risk
CRED-12514,CUST-12514,766,On-Time,0,0.25,Low Risk
CRED-12515,CUST-12515,546,Frequently Late,10,0.89,Very High Risk
CRED-12516,CUST-12516,727,Occasional Late,1,0.31,Medium Risk
CRED-12517,CUST-12517,669,Frequently Late,2,0.85,High Risk
CRED-12518,CUST-12518,709,On-Time,0,0.2,Medium Risk
CRED-12519,CUST-12519,602,Occasional Late,2,0.81,High Risk
CRED-12520,CUST-12520,705,On-Time,0,0.27,Medium Risk
CRED-12521,CUST-12521,726,On-Time,0,0.36,Medium Risk
CRED-12522,CUST-12522,679,On-Time,0,0.42,Medium Risk
CRED-12523,CUST-12523,758,On-Time,0,0.12,Low Risk
CRED-12524,CUST-12524,679,On-Time,0,0.31,Medium Risk
CRED-12525,CUST-12525,691,On-Time,0,0.43,Medium Risk
CRED-12526,CUST-12526,637,Occasional Late,1,0.55,High Risk
CRED-12527,CUST-12527,756,On-Time,0,0.23,Low Risk
CRED-12528,CUST-12528,506,Frequently Late,11,0.77,Very High Risk
CRED-12529,CUST-12529,817,On-Time,0,0.14,Low Risk
CRED-12530,CUST-12530,565,Default Risk,4,0.92,Very High Risk
CRED-12531,CUST-12531,566,Default Risk,4,0.86,Very High Risk
CRED-12532,CUST-12532,676,On-Time,2,0.3,Medium Risk
CRED-12533,CUST-12533,637,Frequently Late,4,0.77,High Risk
CRED-12534,CUST-12534,765,On-Time,0,0.25,Low Risk
CRED-12535,CUST-12535,755,On-Time,0,0.12,Low Risk
CRED-12536,CUST-12536,727,On-Time,1,0.41,Medium Risk
CRED-12537,CUST-12537,759,On-Time,0,0.1,Low Risk
CRED-12538,CUST-12538,639,Occasional Late,3,0.69,High Risk
CRED-12539,CUST-12539,714,Occasional Late,2,0.49,Medium Risk
CRED-12540,CUST-12540,641,Occasional Late,2,0.76,High Risk
CRED-12541,CUST-12541,591,Occasional Late,1,0.83,High Risk
CRED-12542,CUST-12542,690,On-Time,0,0.4,Medium Risk
CRED-12543,CUST-12543,718,On-Time,0,0.44,Medium Risk
CRED-12544,CUST-12544,697,On-Time,0,0.25,Medium Risk
CRED-12545,CUST-12545,681,Occasional Late,1,0.46,Medium Risk
CRED-12546,CUST-12546,541,Default Risk,5,0.8,Very High Risk
CRED-12547,CUST-12547,733,On-Time,1,0.31,Medium Risk
CRED-12548,CUST-12548,655,Occasional Late,3,0.74,High Risk
CRED-12549,CUST-12549,723,On-Time,0,0.4,Medium Risk
CRED-12550,CUST-12550,609,Frequently Late,2,0.84,High Risk
CRED-12551,CUST-12551,685,On-Time,0,0.48,Medium Risk
CRED-12552,CUST-12552,680,On-Time,0,0.5,Medium Risk
CRED-12553,CUST-12553,653,Occasional Late,3,0.62,High Risk
CRED-12554,CUST-12554,652,Frequently Late,3,0.7,High Risk
CRED-12555,CUST-12555,704,Occasional Late,0,0.23,Medium Risk
CRED-12556,CUST-12556,644,Frequently Late,2,0.51,High Risk
CRED-12557,CUST-12557,678,On-Time,0,0.31,Medium Risk
CRED-12558,CUST-12558,789,On-Time,0,0.16,Low Risk
CRED-12559,CUST-12559,679,On-Time,1,0.3,Medium Risk
CRED-12560,CUST-12560,789,On-Time,0,0.11,Low Risk
CRED-12561,CUST-12561,613,Frequently Late,3,0.81,High Risk
CRED-12562,CUST-12562,702,On-Time,0,0.39,Medium Risk
CRED-12563,CUST-12563,706,On-Time,1,0.45,Medium Risk
CRED-12564,CUST-12564,705,Occasional Late,0,0.39,Medium Risk
CRED-12565,CUST-12565,717,On-Time,0,0.29,Medium Risk
CRED-12566,CUST-12566,674,Occasional Late,0,0.45,Medium Risk
CRED-12567,CUST-12567,600,Frequently Late,4,0.62,High Risk
CRED-12568,CUST-12568,527,Default Risk,8,0.77,Very High Risk
CRED-12569,CUST-12569,752,On-Time,0,0.17,Low Risk
CRED-12570,CUST-12570,638,Occasional Late,3,0.52,High Risk
CRED-12571,CUST-12571,732,Occasional Late,0,0.31,Medium Risk
CRED-12572,CUST-12572,714,Occasional Late,0,0.26,Medium Risk
CRED-12573,CUST-12573,670,On-Time,0,0.41,Medium Risk
CRED-12574,CUST-12574,785,On-Time,0,0.19,Low Risk
CRED-12575,CUST-12575,692,Occasional Late,0,0.31,Medium Risk
CRED-12576,CUST-12576,622,Frequently Late,4,0.61,High Risk
CRED-12577,CUST-12577,596,Frequently Late,4,0.6,High Risk
CRED-12578,CUST-12578,732,Occasional Late,0,0.28,Medium Risk
CRED-12579,CUST-12579,779,On-Time,0,0.13,Low Risk
CRED-12580,CUST-12580,673,On-Time,1,0.25,Medium Risk
CRED-12581,CUST-12581,688,On-Time,2,0.23,Medium Risk
CRED-12582,CUST-12582,627,Occasional Late,1,0.58,High Risk
CRED-12583,CUST-12583,708,On-Time,0,0.33,Medium Risk
CRED-12584,CUST-12584,706,On-Time,1,0.21,Medium Risk
CRED-12585,CUST-12585,709,On-Time,0,0.22,Medium Risk
CRED-12586,CUST-12586,771,On-Time,0,0.14,Low Risk
CRED-12587,CUST-12587,720,On-Time,1,0.41,Medium Risk
CRED-12588,CUST-12588,753,On-Time,0,0.17,Low Risk
CRED-12589,CUST-12589,733,Occasional Late,1,0.43,Medium Risk
CRED-12590,CUST-12590,746,On-Time,0,0.36,Medium Risk
CRED-12591,CUST-12591,671,Occasional Late,0,0.28,Medium Risk
CRED-12592,CUST-12592,697,On-Time,0,0.31,Medium Risk
CRED-12593,CUST-12593,707,On-Time,0,0.33,Medium Risk
CRED-12594,CUST-12594,696,On-Time,0,0.37,Medium Risk
CRED-12595,CUST-12595,595,Occasional Late,3,0.75,High Risk
CRED-12596,CUST-12596,683,Occasional Late,0,0.22,Medium Risk
CRED-12597,CUST-12597,776,On-Time,0,0.12,Low Risk
CRED-12598,CUST-12598,771,On-Time,0,0.07,Low Risk
CRED-12599,CUST-12599,607,Frequently Late,4,0.52,High Risk
CRED-12600,CUST-12600,636,Frequently Late,2,0.53,High Risk
CRED-12601,CUST-12601,555,Default Risk,7,0.99,Very High Risk
CRED-12602,CUST-12602,738,Occasional Late,0,0.44,Medium Risk
CRED-12603,CUST-12603,760,On-Time,0,0.09,Low Risk
CRED-12604,CUST-12604,660,Frequently Late,1,0.63,High Risk
CRED-12605,CUST-12605,669,Occasional Late,2,0.73,High Risk
CRED-12606,CUST-12606,701,On-Time,1,0.21,Medium Risk
CRED-12607,CUST-12607,797,On-Time,0,0.15,Low Risk
CRED-12608,CUST-12608,681,On-Time,0,0.32,Medium Risk
CRED-12609,CUST-12609,715,On-Time,0,0.39,Medium Risk
CRED-12610,CUST-12610,612,Frequently Late,1,0.62,High Risk
CRED-12611,CUST-12611,718,Occasional Late,0,0.35,Medium Risk
CRED-12612,CUST-12612,707,Occasional Late,0,0.36,Medium Risk
CRED-12613,CUST-12613,711,Occasional Late,0,0.24,Medium Risk
CRED-12614,CUST-12614,616,Frequently Late,4,0.45,High Risk
CRED-12615,CUST-12615,760,On-Time,0,0.05,Low Risk
CRED-12616,CUST-12616,728,On-Time,0,0.42,Medium Risk
CRED-12617,CUST-12617,727,On-Time,0,0.32,Medium Risk
CRED-12618,CUST-12618,676,Occasional Late,0,0.29,Medium Risk
CRED-12619,CUST-12619,735,On-Time,0,0.35,Medium Risk
CRED-12620,CUST-12620,728,Occasional Late,1,0.25,Medium Risk
CRED-12621,CUST-12621,569,Default Risk,7,0.89,Very High Risk
CRED-12622,CUST-12622,780,On-Time,0,0.07,Low Risk
CRED-12623,CUST-12623,471,Default Risk,9,0.89,Very High Risk
CRED-12624,CUST-12624,521,Frequently Late,4,0.95,Very High Risk
CRED-12625,CUST-12625,727,Occasional Late,0,0.29,Medium Risk
CRED-12626,CUST-12626,803,On-Time,0,0.09,Low Risk
CRED-12627,CUST-12627,739,On-Time,0,0.24,Medium Risk
CRED-12628,CUST-12628,806,On-Time,0,0.16,Low Risk
CRED-12629,CUST-12629,735,On-Time,0,0.33,Medium Risk
CRED-12630,CUST-12630,690,Occasional Late,0,0.38,Medium Risk
CRED-12631,CUST-12631,662,Frequently Late,1,0.76,High Risk
CRED-12632,CUST-12632,761,On-Time,0,0.22,Low Risk
CRED-12633,CUST-12633,714,On-Time,1,0.22,Medium Risk
CRED-12634,CUST-12634,588,Frequently Late,3,0.51,High Risk
CRED-12635,CUST-12635,700,On-Time,2,0.43,Medium Risk
CRED-12636,CUST-12636,610,Frequently Late,1,0.46,High Risk
CRED-12637,CUST-12637,658,Occasional Late,1,0.62,High Risk
CRED-12638,CUST-12638,780,On-Time,0,0.11,Low Risk
CRED-12639,CUST-12639,701,On-Time,0,0.22,Medium Risk
CRED-12640,CUST-12640,681,On-Time,1,0.21,Medium Risk
CRED-12641,CUST-12641,686,Occasional Late,0,0.2,Medium Risk
CRED-12642,CUST-12642,793,On-Time,0,0.08,Low Risk
CRED-12643,CUST-12643,671,On-Time,0,0.5,Medium Risk
CRED-12644,CUST-12644,732,On-Time,1,0.31,Medium Risk
CRED-12645,CUST-12645,709,Occasional Late,2,0.24,Medium Risk
CRED-12646,CUST-12646,734,On-Time,0,0.4,Medium Risk
CRED-12647,CUST-12647,756,On-Time,0,0.08,Low Risk
CRED-12648,CUST-12648,661,Occasional Late,4,0.59,High Risk
CRED-12649,CUST-12649,694,Occasional Late,0,0.4,Medium Risk
CRED-12650,CUST-12650,639,Occasional Late,3,0.7,High Risk
CRED-12651,CUST-12651,591,Occasional Late,1,0.77,High Risk
CRED-12652,CUST-12652,706,On-Time,0,0.3,Medium Risk
CRED-12653,CUST-12653,691,Occasional Late,0,0.39,Medium Risk
CRED-12654,CUST-12654,637,Occasional Late,3,0.63,High Risk
CRED-12655,CUST-12655,753,On-Time,0,0.15,Low Risk
CRED-12656,CUST-12656,746,Occasional Late,0,0.38,Medium Risk
CRED-12657,CUST-12657,649,Occasional Late,2,0.45,High Risk
CRED-12658,CUST-12658,627,Frequently Late,1,0.7,High Risk
CRED-12659,CUST-12659,691,On-Time,0,0.49,Medium Risk
CRED-12660,CUST-12660,674,On-Time,0,0.4,Medium Risk
CRED-12661,CUST-12661,523,Default Risk,6,0.81,Very High Risk
CRED-12662,CUST-12662,716,On-Time,0,0.36,Medium Risk
CRED-12663,CUST-12663,714,On-Time,2,0.35,Medium Risk
CRED-12664,CUST-12664,764,On-Time,0,0.2,Low Risk
CRED-12665,CUST-12665,771,On-Time,0,0.11,Low Risk
CRED-12666,CUST-12666,672,On-Time,0,0.45,Medium Risk
CRED-12667,CUST-12667,553,Default Risk,9,0.74,Very High Risk
CRED-12668,CUST-12668,728,On-Time,0,0.31,Medium Risk
CRED-12669,CUST-12669,738,Occasional Late,2,0.42,Medium Risk
CRED-12670,CUST-12670,768,On-Time,0,0.08,Low Risk
CRED-12671,CUST-12671,724,On-Time,0,0.26,Medium Risk
CRED-12672,CUST-12672,742,On-Time,2,0.35,Medium Risk
CRED-12673,CUST-12673,690,On-Time,0,0.5,Medium Risk
CRED-12674,CUST-12674,712,On-Time,1,0.4,Medium Risk
CRED-12675,CUST-12675,566,Default Risk,7,0.89,Very High Risk
CRED-12676,CUST-12676,751,On-Time,0,0.09,Low Risk
CRED-12677,CUST-12677,706,Occasional Late,0,0.28,Medium Risk
CRED-12678,CUST-12678,776,On-Time,0,0.18,Low Risk
CRED-12679,CUST-12679,592,Frequently Late,3,0.49,High Risk
CRED-12680,CUST-12680,656,Occasional Late,2,0.52,High Risk
CRED-12681,CUST-12681,697,On-Time,1,0.4,Medium Risk
CRED-12682,CUST-12682,585,Occasional Late,3,0.67,High Risk
CRED-12683,CUST-12683,683,Occasional Late,0,0.46,Medium Risk
CRED-12684,CUST-12684,765,On-Time,0,0.09,Low Risk
CRED-12685,CUST-12685,675,On-Time,2,0.38,Medium Risk
CRED-12686,CUST-12686,664,Frequently Late,4,0.84,High Risk
CRED-12687,CUST-12687,632,Occasional Late,3,0.56,High Risk
CRED-12688,CUST-12688,748,On-Time,0,0.31,Medium Risk
CRED-12689,CUST-12689,743,On-Time,0,0.46,Medium Risk
CRED-12690,CUST-12690,748,On-Time,0,0.36,Medium Risk
CRED-12691,CUST-12691,723,Occasional Late,0,0.35,Medium Risk
CRED-12692,CUST-12692,760,On-Time,0,0.24,Low Risk
CRED-12693,CUST-12693,651,Frequently Late,3,0.82,High Risk
CRED-12694,CUST-12694,786,On-Time,0,0.22,Low Risk
CRED-12695,CUST-12695,689,On-Time,1,0.24,Medium Risk
CRED-12696,CUST-12696,395,Default Risk,10,0.8,Very High Risk
CRED-12697,CUST-12697,662,Frequently Late,4,0.64,High Risk
CRED-12698,CUST-12698,652,Occasional Late,1,0.6,High Risk
CRED-12699,CUST-12699,571,Default Risk,5,0.98,Very High Risk
CRED-12700,CUST-12700,702,Occasional Late,0,0.28,Medium Risk
CRED-12701,CUST-12701,720,On-Time,0,0.41,Medium Risk
CRED-12702,CUST-12702,744,Occasional Late,1,0.44,Medium Risk
CRED-12703,CUST-12703,717,On-Time,0,0.29,Medium Risk
CRED-12704,CUST-12704,696,Occasional Late,0,0.29,Medium Risk
CRED-12705,CUST-12705,665,Occasional Late,3,0.72,High Risk
CRED-12706,CUST-12706,740,On-Time,0,0.26,Medium Risk
CRED-12707,CUST-12707,721,On-Time,1,0.43,Medium Risk
CRED-12708,CUST-12708,702,Occasional Late,0,0.39,Medium Risk
CRED-12709,CUST-12709,662,Frequently Late,3,0.48,High Risk
CRED-12710,CUST-12710,682,On-Time,0,0.26,Medium Risk
CRED-12711,CUST-12711,733,On-Time,1,0.43,Medium Risk
CRED-12712,CUST-12712,724,On-Time,0,0.22,Medium Risk
CRED-12713,CUST-12713,585,Occasional Late,2,0.46,High Risk
CRED-12714,CUST-12714,752,On-Time,0,0.06,Low Risk
CRED-12715,CUST-12715,694,On-Time,2,0.2,Medium Risk
CRED-12716,CUST-12716,721,Occasional Late,0,0.29,Medium Risk
CRED-12717,CUST-12717,693,On-Time,0,0.38,Medium Risk
CRED-12718,CUST-12718,695,On-Time,1,0.28,Medium Risk
CRED-12719,CUST-12719,722,Occasional Late,0,0.39,Medium Risk
CRED-12720,CUST-12720,703,On-Time,0,0.45,Medium Risk
CRED-12721,CUST-12721,663,Frequently Late,4,0.78,High Risk
CRED-12722,CUST-12722,714,On-Time,0,0.46,Medium Risk
CRED-12723,CUST-12723,643,Frequently Late,3,0.67,High Risk
CRED-12724,CUST-12724,734,Occasional Late,0,0.47,Medium Risk
CRED-12725,CUST-12725,705,On-Time,1,0.4,Medium Risk
CRED-12726,CUST-12726,671,Occasional Late,0,0.43,Medium Risk
CRED-12727,CUST-12727,710,On-Time,0,0.42,Medium Risk
CRED-12728,CUST-12728,793,On-Time,1,0.16,Low Risk
CRED-12729,CUST-12729,737,On-Time,0,0.46,Medium Risk
CRED-12730,CUST-12730,753,On-Time,0,0.07,Low Risk
CRED-12731,CUST-12731,718,Occasional Late,0,0.46,Medium Risk
CRED-12732,CUST-12732,679,Occasional Late,0,0.31,Medium Risk
CRED-12733,CUST-12733,698,On-Time,0,0.43,Medium Risk
CRED-12734,CUST-12734,689,On-Time,1,0.37,Medium Risk
CRED-12735,CUST-12735,704,Occasional Late,0,0.39,Medium Risk
CRED-12736,CUST-12736,735,On-Time,1,0.34,Medium Risk
CRED-12737,CUST-12737,631,Frequently Late,2,0.71,High Risk
CRED-12738,CUST-12738,614,Frequently Late,1,0.49,High Risk
CRED-12739,CUST-12739,761,On-Time,0,0.22,Low Risk
CRED-12740,CUST-12740,763,On-Time,0,0.1,Low Risk
CRED-12741,CUST-12741,709,On-Time,1,0.5,Medium Risk
CRED-12742,CUST-12742,807,On-Time,0,0.22,Low Risk
CRED-12743,CUST-12743,621,Occasional Late,2,0.54,High Risk
CRED-12744,CUST-12744,770,On-Time,0,0.14,Low Risk
CRED-12745,CUST-12745,759,On-Time,0,0.13,Low Risk
CRED-12746,CUST-12746,739,Occasional Late,0,0.27,Medium Risk
CRED-12747,CUST-12747,658,Occasional Late,3,0.53,High Risk
CRED-12748,CUST-12748,820,On-Time,0,0.12,Low Risk
CRED-12749,CUST-12749,654,Frequently Late,2,0.59,High Risk
CRED-12750,CUST-12750,713,On-Time,1,0.28,Medium Risk
CRED-12751,CUST-12751,686,On-Time,2,0.21,Medium Risk
CRED-12752,CUST-12752,749,On-Time,1,0.44,Medium Risk
CRED-12753,CUST-12753,603,Frequently Late,2,0.46,High Risk
CRED-12754,CUST-12754,743,On-Time,1,0.43,Medium Risk
CRED-12755,CUST-12755,797,On-Time,0,0.2,Low Risk
CRED-12756,CUST-12756,761,On-Time,0,0.21,Low Risk
CRED-12757,CUST-12757,716,On-Time,0,0.27,Medium Risk
CRED-12758,CUST-12758,687,On-Time,0,0.33,Medium Risk
CRED-12759,CUST-12759,722,On-Time,2,0.33,Medium Risk
CRED-12760,CUST-12760,619,Frequently Late,2,0.48,High Risk
CRED-12761,CUST-12761,721,Occasional Late,1,0.24,Medium Risk
CRED-12762,CUST-12762,676,On-Time,0,0.42,Medium Risk
CRED-12763,CUST-12763,732,On-Time,0,0.38,Medium Risk
CRED-12764,CUST-12764,718,Occasional Late,2,0.42,Medium Risk
CRED-12765,CUST-12765,770,On-Time,1,0.21,Low Risk
CRED-12766,CUST-12766,724,On-Time,1,0.25,Medium Risk
CRED-12767,CUST-12767,720,On-Time,1,0.49,Medium Risk
CRED-12768,CUST-12768,739,Occasional Late,0,0.48,Medium Risk
CRED-12769,CUST-12769,735,Occasional Late,0,0.42,Medium Risk
CRED-12770,CUST-12770,749,On-Time,0,0.39,Medium Risk
CRED-12771,CUST-12771,659,Frequently Late,4,0.82,High Risk
CRED-12772,CUST-12772,772,On-Time,0,0.08,Low Risk
CRED-12773,CUST-12773,668,Frequently Late,3,0.84,High Risk
CRED-12774,CUST-12774,652,Occasional Late,1,0.6,High Risk
CRED-12775,CUST-12775,719,Occasional Late,2,0.39,Medium Risk
CRED-12776,CUST-12776,794,On-Time,0,0.1,Low Risk
CRED-12777,CUST-12777,741,On-Time,0,0.47,Medium Risk
CRED-12778,CUST-12778,772,On-Time,0,0.11,Low Risk
CRED-12779,CUST-12779,639,Frequently Late,1,0.76,High Risk
CRED-12780,CUST-12780,674,On-Time,0,0.34,Medium Risk
CRED-12781,CUST-12781,703,On-Time,0,0.29,Medium Risk
CRED-12782,CUST-12782,626,Occasional Late,2,0.82,High Risk
CRED-12783,CUST-12783,667,Frequently Late,3,0.51,High Risk
CRED-12784,CUST-12784,765,On-Time,1,0.25,Low Risk
CRED-12785,CUST-12785,709,On-Time,0,0.35,Medium Risk
CRED-12786,CUST-12786,801,On-Time,0,0.11,Low Risk
CRED-12787,CUST-12787,779,On-Time,0,0.15,Low Risk
CRED-12788,CUST-12788,774,On-Time,0,0.17,Low Risk
CRED-12789,CUST-12789,669,Frequently Late,3,0.65,High Risk
CRED-12790,CUST-12790,680,Occasional Late,1,0.33,Medium Risk
CRED-12791,CUST-12791,676,On-Time,0,0.25,Medium Risk
CRED-12792,CUST-12792,703,Occasional Late,1,0.41,Medium Risk
CRED-12793,CUST-12793,567,Frequently Late,7,0.87,Very High Risk
CRED-12794,CUST-12794,730,On-Time,0,0.36,Medium Risk
CRED-12795,CUST-12795,755,On-Time,0,0.09,Low Risk
CRED-12796,CUST-12796,669,Occasional Late,3,0.65,High Risk
CRED-12797,CUST-12797,821,On-Time,0,0.06,Low Risk
CRED-12798,CUST-12798,713,On-Time,0,0.37,Medium Risk
CRED-12799,CUST-12799,673,On-Time,0,0.26,Medium Risk
CRED-12800,CUST-12800,746,Occasional Late,1,0.38,Medium Risk
CRED-12801,CUST-12801,781,On-Time,0,0.11,Low Risk
CRED-12802,CUST-12802,597,Frequently Late,2,0.58,High Risk
CRED-12803,CUST-12803,653,Occasional Late,4,0.7,High Risk
CRED-12804,CUST-12804,746,On-Time,0,0.22,Medium Risk
CRED-12805,CUST-12805,702,On-Time,0,0.37,Medium Risk
CRED-12806,CUST-12806,745,Occasional Late,0,0.27,Medium Risk
CRED-12807,CUST-12807,750,On-Time,0,0.12,Low Risk
CRED-12808,CUST-12808,758,On-Time,0,0.07,Low Risk
CRED-12809,CUST-12809,742,Occasional Late,2,0.25,Medium Risk
CRED-12810,CUST-12810,687,On-Time,0,0.43,Medium Risk
CRED-12811,CUST-12811,757,On-Time,0,0.15,Low Risk
CRED-12812,CUST-12812,664,Occasional Late,2,0.73,High Risk
CRED-12813,CUST-12813,809,On-Time,0,0.1,Low Risk
CRED-12814,CUST-12814,698,On-Time,0,0.27,Medium Risk
CRED-12815,CUST-12815,717,On-Time,0,0.43,Medium Risk
CRED-12816,CUST-12816,704,Occasional Late,1,0.47,Medium Risk
CRED-12817,CUST-12817,521,Default Risk,8,0.71,Very High Risk
CRED-12818,CUST-12818,635,Frequently Late,1,0.6,High Risk
CRED-12819,CUST-12819,696,Occasional Late,0,0.39,Medium Risk
CRED-12820,CUST-12820,740,Occasional Late,1,0.25,Medium Risk
CRED-12821,CUST-12821,525,Frequently Late,11,0.9,Very High Risk
CRED-12822,CUST-12822,690,On-Time,0,0.32,Medium Risk
CRED-12823,CUST-12823,760,On-Time,0,0.06,Low Risk
CRED-12824,CUST-12824,408,Default Risk,8,0.93,Very High Risk
CRED-12825,CUST-12825,740,On-Time,0,0.45,Medium Risk
CRED-12826,CUST-12826,799,On-Time,0,0.06,Low Risk
CRED-12827,CUST-12827,704,On-Time,0,0.41,Medium Risk
CRED-12828,CUST-12828,726,On-Time,0,0.25,Medium Risk
CRED-12829,CUST-12829,732,On-Time,0,0.45,Medium Risk
CRED-12830,CUST-12830,661,Occasional Late,4,0.82,High Risk
CRED-12831,CUST-12831,658,Occasional Late,2,0.85,High Risk
CRED-12832,CUST-12832,614,Frequently Late,4,0.74,High Risk
CRED-12833,CUST-12833,671,On-Time,1,0.28,Medium Risk
CRED-12834,CUST-12834,709,Occasional Late,2,0.26,Medium Risk
CRED-12835,CUST-12835,676,Occasional Late,0,0.47,Medium Risk
CRED-12836,CUST-12836,762,On-Time,0,0.07,Low Risk
CRED-12837,CUST-12837,616,Frequently Late,1,0.7,High Risk
CRED-12838,CUST-12838,701,On-Time,1,0.48,Medium Risk
CRED-12839,CUST-12839,595,Occasional Late,3,0.84,High Risk
CRED-12840,CUST-12840,689,On-Time,0,0.37,Medium Risk
CRED-12841,CUST-12841,695,On-Time,0,0.24,Medium Risk
CRED-12842,CUST-12842,673,On-Time,1,0.35,Medium Risk
CRED-12843,CUST-12843,573,Default Risk,5,0.76,Very High Risk
CRED-12844,CUST-12844,662,Occasional Late,2,0.76,High Risk
CRED-12845,CUST-12845,715,Occasional Late,2,0.44,Medium Risk
CRED-12846,CUST-12846,737,On-Time,0,0.4,Medium Risk
CRED-12847,CUST-12847,613,Occasional Late,4,0.64,High Risk
CRED-12848,CUST-12848,723,Occasional Late,0,0.44,Medium Risk
CRED-12849,CUST-12849,744,Occasional Late,2,0.42,Medium Risk
CRED-12850,CUST-12850,646,Frequently Late,3,0.83,High Risk
CRED-12851,CUST-12851,739,On-Time,0,0.35,Medium Risk
CRED-12852,CUST-12852,761,On-Time,0,0.14,Low Risk
CRED-12853,CUST-12853,710,Occasional Late,1,0.32,Medium Risk
CRED-12854,CUST-12854,631,Frequently Late,2,0.7,High Risk
CRED-12855,CUST-12855,684,On-Time,0,0.36,Medium Risk
CRED-12856,CUST-12856,744,Occasional Late,0,0.31,Medium Risk
CRED-12857,CUST-12857,660,Frequently Late,2,0.5,High Risk
CRED-12858,CUST-12858,686,On-Time,0,0.41,Medium Risk
CRED-12859,CUST-12859,680,On-Time,0,0.38,Medium Risk
CRED-12860,CUST-12860,743,On-Time,1,0.46,Medium Risk
CRED-12861,CUST-12861,700,Occasional Late,0,0.48,Medium Risk
CRED-12862,CUST-12862,569,Default Risk,9,0.76,Very High Risk
CRED-12863,CUST-12863,618,Frequently Late,4,0.52,High Risk
CRED-12864,CUST-12864,640,Frequently Late,2,0.76,High Risk
CRED-12865,CUST-12865,769,On-Time,0,0.23,Low Risk
CRED-12866,CUST-12866,489,Default Risk,11,0.87,Very High Risk
CRED-12867,CUST-12867,676,On-Time,0,0.41,Medium Risk
CRED-12868,CUST-12868,729,Occasional Late,0,0.45,Medium Risk
CRED-12869,CUST-12869,619,Frequently Late,2,0.7,High Risk
CRED-12870,CUST-12870,735,On-Time,0,0.24,Medium Risk
CRED-12871,CUST-12871,729,On-Time,0,0.48,Medium Risk
CRED-12872,CUST-12872,711,On-Time,1,0.48,Medium Risk
CRED-12873,CUST-12873,687,On-Time,0,0.25,Medium Risk
CRED-12874,CUST-12874,726,On-Time,0,0.45,Medium Risk
CRED-12875,CUST-12875,681,On-Time,1,0.46,Medium Risk
CRED-12876,CUST-12876,702,Occasional Late,0,0.37,Medium Risk
CRED-12877,CUST-12877,730,Occasional Late,0,0.49,Medium Risk
CRED-12878,CUST-12878,536,Default Risk,10,0.7,Very High Risk
CRED-12879,CUST-12879,775,On-Time,0,0.12,Low Risk
CRED-12880,CUST-12880,790,On-Time,0,0.12,Low Risk
CRED-12881,CUST-12881,595,Frequently Late,1,0.58,High Risk
CRED-12882,CUST-12882,780,On-Time,0,0.07,Low Risk
CRED-12883,CUST-12883,765,On-Time,0,0.11,Low Risk
CRED-12884,CUST-12884,745,On-Time,2,0.24,Medium Risk
CRED-12885,CUST-12885,707,On-Time,0,0.39,Medium Risk
CRED-12886,CUST-12886,753,On-Time,0,0.2,Low Risk
CRED-12887,CUST-12887,630,Occasional Late,1,0.48,High Risk
CRED-12888,CUST-12888,734,On-Time,0,0.24,Medium Risk
CRED-12889,CUST-12889,727,On-Time,1,0.42,Medium Risk
CRED-12890,CUST-12890,680,On-Time,0,0.48,Medium Risk
CRED-12891,CUST-12891,759,On-Time,0,0.05,Low Risk
CRED-12892,CUST-12892,551,Default Risk,9,0.99,Very High Risk
CRED-12893,CUST-12893,743,On-Time,1,0.27,Medium Risk
CRED-12894,CUST-12894,508,Default Risk,6,0.88,Very High Risk
CRED-12895,CUST-12895,662,Frequently Late,4,0.83,High Risk
CRED-12896,CUST-12896,655,Frequently Late,4,0.45,High Risk
CRED-12897,CUST-12897,716,Occasional Late,0,0.29,Medium Risk
CRED-12898,CUST-12898,734,Occasional Late,0,0.46,Medium Risk
CRED-12899,CUST-12899,728,On-Time,0,0.27,Medium Risk
CRED-12900,CUST-12900,794,On-Time,0,0.07,Low Risk
CRED-12901,CUST-12901,738,On-Time,0,0.26,Medium Risk
CRED-12902,CUST-12902,768,On-Time,1,0.21,Low Risk
CRED-12903,CUST-12903,686,Occasional Late,0,0.31,Medium Risk
CRED-12904,CUST-12904,721,On-Time,1,0.21,Medium Risk
CRED-12905,CUST-12905,668,Occasional Late,3,0.74,High Risk
CRED-12906,CUST-12906,696,Occasional Late,0,0.48,Medium Risk
CRED-12907,CUST-12907,630,Occasional Late,2,0.79,High Risk
CRED-12908,CUST-12908,638,Frequently Late,1,0.81,High Risk
CRED-12909,CUST-12909,726,On-Time,1,0.38,Medium Risk
CRED-12910,CUST-12910,680,On-Time,1,0.25,Medium Risk
CRED-12911,CUST-12911,742,On-Time,0,0.43,Medium Risk
CRED-12912,CUST-12912,573,Default Risk,11,0.85,Very High Risk
CRED-12913,CUST-12913,751,On-Time,0,0.18,Low Risk
CRED-12914,CUST-12914,801,On-Time,0,0.14,Low Risk
CRED-12915,CUST-12915,767,On-Time,0,0.05,Low Risk
CRED-12916,CUST-12916,580,Occasional Late,3,0.79,High Risk
CRED-12917,CUST-12917,734,Occasional Late,0,0.45,Medium Risk
CRED-12918,CUST-12918,723,Occasional Late,1,0.23,Medium Risk
CRED-12919,CUST-12919,700,On-Time,0,0.39,Medium Risk
CRED-12920,CUST-12920,741,Occasional Late,1,0.39,Medium Risk
CRED-12921,CUST-12921,678,Occasional Late,0,0.39,Medium Risk
CRED-12922,CUST-12922,636,Occasional Late,2,0.79,High Risk
CRED-12923,CUST-12923,692,On-Time,0,0.25,Medium Risk
CRED-12924,CUST-12924,641,Occasional Late,4,0.48,High Risk
CRED-12925,CUST-12925,657,Occasional Late,4,0.63,High Risk
CRED-12926,CUST-12926,780,On-Time,0,0.21,Low Risk
CRED-12927,CUST-12927,583,Occasional Late,1,0.66,High Risk
CRED-12928,CUST-12928,623,Frequently Late,3,0.69,High Risk
CRED-12929,CUST-12929,716,Occasional Late,0,0.46,Medium Risk
CRED-12930,CUST-12930,725,Occasional Late,0,0.33,Medium Risk
CRED-12931,CUST-12931,693,On-Time,0,0.46,Medium Risk
CRED-12932,CUST-12932,640,Occasional Late,2,0.79,High Risk
CRED-12933,CUST-12933,691,On-Time,0,0.4,Medium Risk
CRED-12934,CUST-12934,779,On-Time,0,0.23,Low Risk
CRED-12935,CUST-12935,655,Frequently Late,1,0.63,High Risk
CRED-12936,CUST-12936,809,On-Time,0,0.07,Low Risk
CRED-12937,CUST-12937,727,On-Time,0,0.5,Medium Risk
CRED-12938,CUST-12938,536,Default Risk,9,0.83,Very High Risk
CRED-12939,CUST-12939,755,On-Time,0,0.21,Low Risk
CRED-12940,CUST-12940,639,Occasional Late,3,0.62,High Risk
CRED-12941,CUST-12941,565,Frequently Late,8,0.94,Very High Risk
CRED-12942,CUST-12942,608,Frequently Late,1,0.66,High Risk
CRED-12943,CUST-12943,691,On-Time,0,0.33,Medium Risk
CRED-12944,CUST-12944,501,Default Risk,6,0.8,Very High Risk
CRED-12945,CUST-12945,682,Occasional Late,1,0.32,Medium Risk
CRED-12946,CUST-12946,743,On-Time,0,0.2,Medium Risk
CRED-12947,CUST-12947,730,Occasional Late,1,0.46,Medium Risk
CRED-12948,CUST-12948,606,Occasional Late,1,0.63,High Risk
CRED-12949,CUST-12949,441,Default Risk,10,0.9,Very High Risk
CRED-12950,CUST-12950,691,On-Time,0,0.43,Medium Risk
CRED-12951,CUST-12951,663,Occasional Late,1,0.64,High Risk
CRED-12952,CUST-12952,691,On-Time,1,0.43,Medium Risk
CRED-12953,CUST-12953,744,On-Time,0,0.24,Medium Risk
CRED-12954,CUST-12954,657,Frequently Late,1,0.68,High Risk
CRED-12955,CUST-12955,577,Default Risk,4,0.98,Very High Risk
CRED-12956,CUST-12956,640,Frequently Late,3,0.59,High Risk
CRED-12957,CUST-12957,562,Default Risk,10,0.91,Very High Risk
CRED-12958,CUST-12958,751,On-Time,0,0.09,Low Risk
CRED-12959,CUST-12959,705,On-Time,0,0.31,Medium Risk
CRED-12960,CUST-12960,681,Occasional Late,1,0.36,Medium Risk
CRED-12961,CUST-12961,762,On-Time,0,0.12,Low Risk
CRED-12962,CUST-12962,772,On-Time,0,0.13,Low Risk
CRED-12963,CUST-12963,782,On-Time,0,0.05,Low Risk
CRED-12964,CUST-12964,701,Occasional Late,0,0.29,Medium Risk
CRED-12965,CUST-12965,611,Occasional Late,3,0.58,High Risk
CRED-12966,CUST-12966,701,On-Time,0,0.29,Medium Risk
CRED-12967,CUST-12967,703,Occasional Late,0,0.23,Medium Risk
CRED-12968,CUST-12968,751,On-Time,0,0.2,Low Risk
CRED-12969,CUST-12969,705,On-Time,0,0.35,Medium Risk
CRED-12970,CUST-12970,674,On-Time,0,0.33,Medium Risk
CRED-12971,CUST-12971,730,On-Time,0,0.35,Medium Risk
CRED-12972,CUST-12972,723,On-Time,2,0.3,Medium Risk
CRED-12973,CUST-12973,512,Default Risk,9,0.91,Very High Risk
CRED-12974,CUST-12974,641,Frequently Late,2,0.51,High Risk
CRED-12975,CUST-12975,704,On-Time,0,0.31,Medium Risk
CRED-12976,CUST-12976,641,Frequently Late,1,0.48,High Risk
CRED-12977,CUST-12977,778,On-Time,0,0.13,Low Risk
CRED-12978,CUST-12978,684,On-Time,1,0.47,Medium Risk
CRED-12979,CUST-12979,714,Occasional Late,0,0.48,Medium Risk
CRED-12980,CUST-12980,717,On-Time,0,0.25,Medium Risk
CRED-12981,CUST-12981,610,Occasional Late,1,0.54,High Risk
CRED-12982,CUST-12982,786,On-Time,0,0.23,Low Risk
CRED-12983,CUST-12983,681,On-Time,0,0.35,Medium Risk
CRED-12984,CUST-12984,723,Occasional Late,1,0.32,Medium Risk
CRED-12985,CUST-12985,727,On-Time,0,0.26,Medium Risk
CRED-12986,CUST-12986,785,On-Time,0,0.15,Low Risk
CRED-12987,CUST-12987,729,On-Time,0,0.32,Medium Risk
CRED-12988,CUST-12988,737,On-Time,0,0.48,Medium Risk
CRED-12989,CUST-12989,715,Occasional Late,0,0.35,Medium Risk
CRED-12990,CUST-12990,659,Frequently Late,2,0.49,High Risk
CRED-12991,CUST-12991,768,On-Time,0,0.08,Low Risk
CRED-12992,CUST-12992,755,On-Time,0,0.19,Low Risk
CRED-12993,CUST-12993,708,On-Time,0,0.29,Medium Risk
CRED-12994,CUST-12994,714,Occasional Late,0,0.3,Medium Risk
CRED-12995,CUST-12995,790,On-Time,0,0.07,Low Risk
CRED-12996,CUST-12996,744,Occasional Late,2,0.28,Medium Risk
CRED-12997,CUST-12997,420,Default Risk,8,0.75,Very High Risk
CRED-12998,CUST-12998,657,Occasional Late,2,0.66,High Risk
CRED-12999,CUST-12999,690,On-Time,1,0.34,Medium Risk
CRED-13000,CUST-13000,619,Frequently Late,4,0.7,High Risk
CRED-13001,CUST-13001,682,On-Time,0,0.46,Medium Risk
CRED-13002,CUST-13002,764,On-Time,0,0.21,Low Risk
CRED-13003,CUST-13003,722,On-Time,1,0.43,Medium Risk
CRED-13004,CUST-13004,649,Occasional Late,2,0.47,High Risk
CRED-13005,CUST-13005,731,Occasional Late,0,0.33,Medium Risk
CRED-13006,CUST-13006,802,On-Time,0,0.23,Low Risk
CRED-13007,CUST-13007,703,On-Time,1,0.36,Medium Risk
CRED-13008,CUST-13008,843,On-Time,0,0.13,Low Risk
CRED-13009,CUST-13009,706,Occasional Late,0,0.3,Medium Risk
CRED-13010,CUST-13010,709,Occasional Late,0,0.5,Medium Risk
CRED-13011,CUST-13011,728,On-Time,1,0.36,Medium Risk
CRED-13012,CUST-13012,633,Occasional Late,4,0.72,High Risk
CRED-13013,CUST-13013,726,Occasional Late,0,0.29,Medium Risk
CRED-13014,CUST-13014,688,Occasional Late,0,0.49,Medium Risk
CRED-13015,CUST-13015,683,On-Time,0,0.36,Medium Risk
CRED-13016,CUST-13016,759,On-Time,0,0.21,Low Risk
CRED-13017,CUST-13017,605,Occasional Late,3,0.76,High Risk
CRED-13018,CUST-13018,642,Frequently Late,3,0.8,High Risk
CRED-13019,CUST-13019,762,On-Time,0,0.21,Low Risk
CRED-13020,CUST-13020,801,On-Time,0,0.08,Low Risk
CRED-13021,CUST-13021,611,Occasional Late,4,0.64,High Risk
CRED-13022,CUST-13022,732,On-Time,1,0.24,Medium Risk
CRED-13023,CUST-13023,759,On-Time,0,0.18,Low Risk
CRED-13024,CUST-13024,625,Occasional Late,1,0.67,High Risk
CRED-13025,CUST-13025,670,On-Time,0,0.46,Medium Risk
CRED-13026,CUST-13026,713,On-Time,1,0.28,Medium Risk
CRED-13027,CUST-13027,671,On-Time,0,0.21,Medium Risk
CRED-13028,CUST-13028,745,On-Time,2,0.33,Medium Risk
CRED-13029,CUST-13029,736,On-Time,0,0.33,Medium Risk
CRED-13030,CUST-13030,811,On-Time,0,0.05,Low Risk
CRED-13031,CUST-13031,769,On-Time,0,0.24,Low Risk
CRED-13032,CUST-13032,650,Frequently Late,2,0.63,High Risk
CRED-13033,CUST-13033,678,Occasional Late,0,0.35,Medium Risk
CRED-13034,CUST-13034,770,On-Time,0,0.23,Low Risk
CRED-13035,CUST-13035,783,On-Time,0,0.08,Low Risk
CRED-13036,CUST-13036,763,On-Time,0,0.16,Low Risk
CRED-13037,CUST-13037,656,Occasional Late,3,0.73,High Risk
CRED-13038,CUST-13038,738,On-Time,2,0.38,Medium Risk
CRED-13039,CUST-13039,742,On-Time,2,0.32,Medium Risk
CRED-13040,CUST-13040,722,On-Time,2,0.25,Medium Risk
CRED-13041,CUST-13041,695,On-Time,0,0.28,Medium Risk
CRED-13042,CUST-13042,815,On-Time,0,0.19,Low Risk
CRED-13043,CUST-13043,804,On-Time,0,0.19,Low Risk
CRED-13044,CUST-13044,599,Frequently Late,3,0.84,High Risk
CRED-13045,CUST-13045,708,Occasional Late,0,0.5,Medium Risk
CRED-13046,CUST-13046,660,Frequently Late,1,0.63,High Risk
CRED-13047,CUST-13047,689,On-Time,0,0.45,Medium Risk
CRED-13048,CUST-13048,743,Occasional Late,0,0.21,Medium Risk
CRED-13049,CUST-13049,740,On-Time,0,0.32,Medium Risk
CRED-13050,CUST-13050,673,Occasional Late,0,0.49,Medium Risk
CRED-13051,CUST-13051,784,On-Time,0,0.07,Low Risk
CRED-13052,CUST-13052,674,On-Time,1,0.47,Medium Risk
CRED-13053,CUST-13053,456,Default Risk,5,0.94,Very High Risk
CRED-13054,CUST-13054,638,Frequently Late,3,0.73,High Risk
CRED-13055,CUST-13055,629,Occasional Late,4,0.66,High Risk
CRED-13056,CUST-13056,700,Occasional Late,0,0.44,Medium Risk
CRED-13057,CUST-13057,751,On-Time,0,0.16,Low Risk
CRED-13058,CUST-13058,708,On-Time,1,0.22,Medium Risk
CRED-13059,CUST-13059,724,On-Time,0,0.43,Medium Risk
CRED-13060,CUST-13060,463,Default Risk,10,0.8,Very High Risk
CRED-13061,CUST-13061,640,Occasional Late,3,0.71,High Risk
CRED-13062,CUST-13062,764,On-Time,0,0.21,Low Risk
CRED-13063,CUST-13063,658,Occasional Late,2,0.54,High Risk
CRED-13064,CUST-13064,747,On-Time,0,0.27,Medium Risk
CRED-13065,CUST-13065,818,On-Time,0,0.19,Low Risk
CRED-13066,CUST-13066,765,On-Time,0,0.1,Low Risk
CRED-13067,CUST-13067,738,On-Time,0,0.29,Medium Risk
CRED-13068,CUST-13068,802,On-Time,0,0.07,Low Risk
CRED-13069,CUST-13069,474,Default Risk,8,0.74,Very High Risk
CRED-13070,CUST-13070,836,On-Time,0,0.2,Low Risk
CRED-13071,CUST-13071,716,On-Time,0,0.23,Medium Risk
CRED-13072,CUST-13072,703,On-Time,1,0.44,Medium Risk
CRED-13073,CUST-13073,750,On-Time,1,0.16,Low Risk
CRED-13074,CUST-13074,742,On-Time,0,0.46,Medium Risk
CRED-13075,CUST-13075,737,On-Time,0,0.36,Medium Risk
CRED-13076,CUST-13076,704,On-Time,1,0.37,Medium Risk
CRED-13077,CUST-13077,669,Occasional Late,1,0.51,High Risk
CRED-13078,CUST-13078,490,Frequently Late,4,0.98,Very High Risk
CRED-13079,CUST-13079,618,Occasional Late,4,0.78,High Risk
CRED-13080,CUST-13080,632,Occasional Late,4,0.85,High Risk
CRED-13081,CUST-13081,670,On-Time,0,0.33,Medium Risk
CRED-13082,CUST-13082,762,On-Time,0,0.18,Low Risk
CRED-13083,CUST-13083,666,Occasional Late,3,0.73,High Risk
CRED-13084,CUST-13084,695,On-Time,0,0.37,Medium Risk
CRED-13085,CUST-13085,686,On-Time,0,0.45,Medium Risk
CRED-13086,CUST-13086,764,On-Time,0,0.11,Low Risk
CRED-13087,CUST-13087,596,Frequently Late,2,0.78,High Risk
CRED-13088,CUST-13088,748,On-Time,1,0.46,Medium Risk
CRED-13089,CUST-13089,561,Default Risk,11,0.9,Very High Risk
CRED-13090,CUST-13090,745,Occasional Late,0,0.42,Medium Risk
CRED-13091,CUST-13091,598,Occasional Late,3,0.71,High Risk
CRED-13092,CUST-13092,677,Occasional Late,0,0.3,Medium Risk
CRED-13093,CUST-13093,712,Occasional Late,2,0.34,Medium Risk
CRED-13094,CUST-13094,739,Occasional Late,0,0.28,Medium Risk
CRED-13095,CUST-13095,649,Occasional Late,4,0.63,High Risk
CRED-13096,CUST-13096,598,Frequently Late,1,0.49,High Risk
CRED-13097,CUST-13097,714,On-Time,0,0.32,Medium Risk
CRED-13098,CUST-13098,731,On-Time,0,0.48,Medium Risk
CRED-13099,CUST-13099,669,Occasional Late,2,0.8,High Risk
CRED-13100,CUST-13100,740,On-Time,0,0.46,Medium Risk
CRED-13101,CUST-13101,760,On-Time,0,0.15,Low Risk
CRED-13102,CUST-13102,641,Frequently Late,4,0.75,High Risk
CRED-13103,CUST-13103,702,On-Time,1,0.28,Medium Risk
CRED-13104,CUST-13104,578,Default Risk,5,0.75,Very High Risk
CRED-13105,CUST-13105,735,On-Time,0,0.23,Medium Risk
CRED-13106,CUST-13106,539,Default Risk,11,0.88,Very High Risk
CRED-13107,CUST-13107,659,Frequently Late,2,0.47,High Risk
CRED-13108,CUST-13108,760,On-Time,0,0.13,Low Risk
CRED-13109,CUST-13109,753,On-Time,0,0.19,Low Risk
CRED-13110,CUST-13110,662,Occasional Late,2,0.78,High Risk
CRED-13111,CUST-13111,711,On-Time,0,0.25,Medium Risk
CRED-13112,CUST-13112,419,Default Risk,7,0.85,Very High Risk
CRED-13113,CUST-13113,667,Occasional Late,4,0.59,High Risk
CRED-13114,CUST-13114,747,Occasional Late,0,0.2,Medium Risk
CRED-13115,CUST-13115,673,On-Time,0,0.29,Medium Risk
CRED-13116,CUST-13116,715,On-Time,0,0.25,Medium Risk
CRED-13117,CUST-13117,518,Frequently Late,5,0.95,Very High Risk
CRED-13118,CUST-13118,570,Default Risk,11,0.85,Very High Risk
CRED-13119,CUST-13119,712,On-Time,0,0.48,Medium Risk
CRED-13120,CUST-13120,802,On-Time,0,0.23,Low Risk
CRED-13121,CUST-13121,665,Frequently Late,3,0.82,High Risk
CRED-13122,CUST-13122,784,On-Time,1,0.18,Low Risk
CRED-13123,CUST-13123,706,Occasional Late,1,0.26,Medium Risk
CRED-13124,CUST-13124,547,Default Risk,8,0.8,Very High Risk
CRED-13125,CUST-13125,695,On-Time,1,0.49,Medium Risk
CRED-13126,CUST-13126,736,On-Time,2,0.44,Medium Risk
CRED-13127,CUST-13127,697,Occasional Late,2,0.29,Medium Risk
CRED-13128,CUST-13128,777,On-Time,0,0.24,Low Risk
CRED-13129,CUST-13129,743,On-Time,0,0.31,Medium Risk
CRED-13130,CUST-13130,524,Frequently Late,5,0.92,Very High Risk
CRED-13131,CUST-13131,650,Frequently Late,2,0.45,High Risk
CRED-13132,CUST-13132,675,On-Time,0,0.25,Medium Risk
CRED-13133,CUST-13133,758,On-Time,0,0.2,Low Risk
CRED-13134,CUST-13134,634,Frequently Late,1,0.72,High Risk
CRED-13135,CUST-13135,666,Frequently Late,1,0.62,High Risk
CRED-13136,CUST-13136,741,On-Time,0,0.22,Medium Risk
CRED-13137,CUST-13137,730,On-Time,0,0.21,Medium Risk
CRED-13138,CUST-13138,640,Frequently Late,4,0.58,High Risk
CRED-13139,CUST-13139,760,On-Time,0,0.22,Low Risk
CRED-13140,CUST-13140,707,On-Time,0,0.32,Medium Risk
CRED-13141,CUST-13141,672,Occasional Late,0,0.39,Medium Risk
CRED-13142,CUST-13142,714,On-Time,2,0.36,Medium Risk
CRED-13143,CUST-13143,638,Frequently Late,2,0.7,High Risk
CRED-13144,CUST-13144,748,On-Time,1,0.3,Medium Risk
CRED-13145,CUST-13145,762,On-Time,0,0.2,Low Risk
CRED-13146,CUST-13146,750,On-Time,0,0.24,Low Risk
CRED-13147,CUST-13147,727,Occasional Late,0,0.32,Medium Risk
CRED-13148,CUST-13148,576,Default Risk,5,0.83,Very High Risk
CRED-13149,CUST-13149,650,Occasional Late,1,0.7,High Risk
CRED-13150,CUST-13150,669,Frequently Late,1,0.48,High Risk
CRED-13151,CUST-13151,749,On-Time,0,0.49,Medium Risk
CRED-13152,CUST-13152,652,Occasional Late,2,0.73,High Risk
CRED-13153,CUST-13153,708,Occasional Late,1,0.27,Medium Risk
CRED-13154,CUST-13154,768,On-Time,0,0.14,Low Risk
CRED-13155,CUST-13155,629,Frequently Late,1,0.84,High Risk
CRED-13156,CUST-13156,702,On-Time,0,0.42,Medium Risk
CRED-13157,CUST-13157,800,On-Time,0,0.2,Low Risk
CRED-13158,CUST-13158,674,On-Time,0,0.29,Medium Risk
CRED-13159,CUST-13159,678,On-Time,0,0.32,Medium Risk
CRED-13160,CUST-13160,754,On-Time,0,0.07,Low Risk
CRED-13161,CUST-13161,751,On-Time,0,0.08,Low Risk
CRED-13162,CUST-13162,713,On-Time,0,0.27,Medium Risk
CRED-13163,CUST-13163,730,On-Time,0,0.43,Medium Risk
CRED-13164,CUST-13164,757,On-Time,0,0.18,Low Risk
CRED-13165,CUST-13165,690,On-Time,0,0.48,Medium Risk
CRED-13166,CUST-13166,681,On-Time,0,0.48,Medium Risk
CRED-13167,CUST-13167,613,Frequently Late,2,0.69,High Risk
CRED-13168,CUST-13168,717,On-Time,0,0.48,Medium Risk
CRED-13169,CUST-13169,653,Occasional Late,1,0.55,High Risk
CRED-13170,CUST-13170,702,On-Time,0,0.43,Medium Risk
CRED-13171,CUST-13171,713,On-Time,0,0.23,Medium Risk
CRED-13172,CUST-13172,743,Occasional Late,0,0.27,Medium Risk
CRED-13173,CUST-13173,711,On-Time,0,0.43,Medium Risk
CRED-13174,CUST-13174,458,Default Risk,7,0.78,Very High Risk
CRED-13175,CUST-13175,761,On-Time,0,0.25,Low Risk
CRED-13176,CUST-13176,779,On-Time,0,0.15,Low Risk
CRED-13177,CUST-13177,651,Frequently Late,1,0.63,High Risk
CRED-13178,CUST-13178,806,On-Time,0,0.08,Low Risk
CRED-13179,CUST-13179,713,Occasional Late,0,0.46,Medium Risk
CRED-13180,CUST-13180,775,On-Time,0,0.22,Low Risk
CRED-13181,CUST-13181,713,On-Time,0,0.22,Medium Risk
CRED-13182,CUST-13182,634,Frequently Late,2,0.52,High Risk
CRED-13183,CUST-13183,680,On-Time,0,0.2,Medium Risk
CRED-13184,CUST-13184,732,On-Time,2,0.42,Medium Risk
CRED-13185,CUST-13185,620,Frequently Late,2,0.62,High Risk
CRED-13186,CUST-13186,638,Occasional Late,4,0.48,High Risk
CRED-13187,CUST-13187,738,Occasional Late,0,0.29,Medium Risk
CRED-13188,CUST-13188,704,Occasional Late,0,0.45,Medium Risk
CRED-13189,CUST-13189,717,On-Time,0,0.48,Medium Risk
CRED-13190,CUST-13190,724,Occasional Late,0,0.31,Medium Risk
CRED-13191,CUST-13191,670,Occasional Late,0,0.31,Medium Risk
CRED-13192,CUST-13192,742,On-Time,0,0.38,Medium Risk
CRED-13193,CUST-13193,723,On-Time,1,0.39,Medium Risk
CRED-13194,CUST-13194,759,On-Time,0,0.07,Low Risk
CRED-13195,CUST-13195,745,On-Time,0,0.44,Medium Risk
CRED-13196,CUST-13196,707,Occasional Late,0,0.22,Medium Risk
CRED-13197,CUST-13197,761,On-Time,0,0.09,Low Risk
CRED-13198,CUST-13198,715,On-Time,1,0.47,Medium Risk
CRED-13199,CUST-13199,789,On-Time,0,0.19,Low Risk
CRED-13200,CUST-13200,762,On-Time,0,0.14,Low Risk
CRED-13201,CUST-13201,693,On-Time,0,0.37,Medium Risk
CRED-13202,CUST-13202,469,Default Risk,8,0.85,Very High Risk
CRED-13203,CUST-13203,731,On-Time,1,0.43,Medium Risk
CRED-13204,CUST-13204,696,On-Time,1,0.47,Medium Risk
CRED-13205,CUST-13205,654,Occasional Late,2,0.82,High Risk
CRED-13206,CUST-13206,741,Occasional Late,0,0.44,Medium Risk
CRED-13207,CUST-13207,618,Occasional Late,3,0.69,High Risk
CRED-13208,CUST-13208,739,On-Time,2,0.29,Medium Risk
CRED-13209,CUST-13209,783,On-Time,0,0.22,Low Risk
CRED-13210,CUST-13210,734,On-Time,0,0.28,Medium Risk
CRED-13211,CUST-13211,612,Occasional Late,3,0.83,High Risk
CRED-13212,CUST-13212,726,On-Time,0,0.46,Medium Risk
CRED-13213,CUST-13213,783,On-Time,1,0.14,Low Risk
CRED-13214,CUST-13214,702,On-Time,1,0.39,Medium Risk
CRED-13215,CUST-13215,720,Occasional Late,0,0.25,Medium Risk
CRED-13216,CUST-13216,682,On-Time,0,0.3,Medium Risk
CRED-13217,CUST-13217,601,Frequently Late,3,0.83,High Risk
CRED-13218,CUST-13218,629,Occasional Late,1,0.48,High Risk
CRED-13219,CUST-13219,692,On-Time,0,0.31,Medium Risk
CRED-13220,CUST-13220,681,Occasional Late,1,0.43,Medium Risk
CRED-13221,CUST-13221,703,On-Time,0,0.28,Medium Risk
CRED-13222,CUST-13222,744,Occasional Late,0,0.25,Medium Risk
CRED-13223,CUST-13223,713,On-Time,0,0.39,Medium Risk
CRED-13224,CUST-13224,700,On-Time,0,0.36,Medium Risk
CRED-13225,CUST-13225,680,Occasional Late,0,0.49,Medium Risk
CRED-13226,CUST-13226,714,On-Time,0,0.44,Medium Risk
CRED-13227,CUST-13227,668,Frequently Late,3,0.48,High Risk
CRED-13228,CUST-13228,651,Occasional Late,3,0.62,High Risk
CRED-13229,CUST-13229,633,Frequently Late,1,0.47,High Risk
CRED-13230,CUST-13230,769,On-Time,0,0.16,Low Risk
CRED-13231,CUST-13231,733,Occasional Late,2,0.38,Medium Risk
CRED-13232,CUST-13232,761,On-Time,0,0.09,Low Risk
CRED-13233,CUST-13233,774,On-Time,1,0.13,Low Risk
CRED-13234,CUST-13234,793,On-Time,0,0.22,Low Risk
CRED-13235,CUST-13235,605,Frequently Late,3,0.46,High Risk
CRED-13236,CUST-13236,725,Occasional Late,0,0.26,Medium Risk
CRED-13237,CUST-13237,670,On-Time,2,0.27,Medium Risk
CRED-13238,CUST-13238,637,Occasional Late,2,0.65,High Risk
CRED-13239,CUST-13239,713,On-Time,0,0.44,Medium Risk
CRED-13240,CUST-13240,790,On-Time,0,0.11,Low Risk
CRED-13241,CUST-13241,700,On-Time,0,0.32,Medium Risk
CRED-13242,CUST-13242,796,On-Time,0,0.13,Low Risk
CRED-13243,CUST-13243,735,Occasional Late,0,0.37,Medium Risk
CRED-13244,CUST-13244,728,On-Time,0,0.48,Medium Risk
CRED-13245,CUST-13245,746,Occasional Late,2,0.43,Medium Risk
CRED-13246,CUST-13246,702,On-Time,1,0.39,Medium Risk
CRED-13247,CUST-13247,670,On-Time,2,0.42,Medium Risk
CRED-13248,CUST-13248,649,Occasional Late,2,0.76,High Risk
CRED-13249,CUST-13249,688,On-Time,0,0.34,Medium Risk
CRED-13250,CUST-13250,742,On-Time,0,0.5,Medium Risk
CRED-13251,CUST-13251,631,Occasional Late,4,0.79,High Risk
CRED-13252,CUST-13252,729,On-Time,0,0.29,Medium Risk
CRED-13253,CUST-13253,677,On-Time,0,0.32,Medium Risk
CRED-13254,CUST-13254,711,On-Time,0,0.2,Medium Risk
CRED-13255,CUST-13255,678,Occasional Late,1,0.32,Medium Risk
CRED-13256,CUST-13256,700,On-Time,1,0.35,Medium Risk
CRED-13257,CUST-13257,703,Occasional Late,0,0.34,Medium Risk
CRED-13258,CUST-13258,738,Occasional Late,0,0.41,Medium Risk
CRED-13259,CUST-13259,697,On-Time,0,0.33,Medium Risk
CRED-13260,CUST-13260,682,On-Time,0,0.46,Medium Risk
CRED-13261,CUST-13261,717,Occasional Late,0,0.31,Medium Risk
CRED-13262,CUST-13262,760,On-Time,0,0.25,Low Risk
CRED-13263,CUST-13263,763,On-Time,0,0.07,Low Risk
CRED-13264,CUST-13264,719,On-Time,1,0.4,Medium Risk
CRED-13265,CUST-13265,684,On-Time,0,0.22,Medium Risk
CRED-13266,CUST-13266,747,On-Time,0,0.21,Medium Risk
CRED-13267,CUST-13267,646,Occasional Late,3,0.79,High Risk
CRED-13268,CUST-13268,744,On-Time,0,0.32,Medium Risk
CRED-13269,CUST-13269,594,Occasional Late,1,0.46,High Risk
CRED-13270,CUST-13270,718,On-Time,0,0.33,Medium Risk
CRED-13271,CUST-13271,635,Occasional Late,3,0.58,High Risk
CRED-13272,CUST-13272,710,Occasional Late,0,0.44,Medium Risk
CRED-13273,CUST-13273,725,Occasional Late,1,0.32,Medium Risk
CRED-13274,CUST-13274,713,On-Time,0,0.26,Medium Risk
CRED-13275,CUST-13275,708,On-Time,0,0.39,Medium Risk
CRED-13276,CUST-13276,741,On-Time,0,0.35,Medium Risk
CRED-13277,CUST-13277,658,Frequently Late,2,0.76,High Risk
CRED-13278,CUST-13278,621,Occasional Late,3,0.8,High Risk
CRED-13279,CUST-13279,608,Occasional Late,3,0.55,High Risk
CRED-13280,CUST-13280,655,Frequently Late,1,0.76,High Risk
CRED-13281,CUST-13281,692,Occasional Late,0,0.29,Medium Risk
CRED-13282,CUST-13282,715,Occasional Late,0,0.41,Medium Risk
CRED-13283,CUST-13283,643,Occasional Late,2,0.53,High Risk
CRED-13284,CUST-13284,520,Default Risk,9,0.98,Very High Risk
CRED-13285,CUST-13285,770,On-Time,0,0.17,Low Risk
CRED-13286,CUST-13286,797,On-Time,0,0.22,Low Risk
CRED-13287,CUST-13287,690,On-Time,0,0.37,Medium Risk
CRED-13288,CUST-13288,778,On-Time,0,0.09,Low Risk
CRED-13289,CUST-13289,803,On-Time,0,0.23,Low Risk
CRED-13290,CUST-13290,700,On-Time,0,0.29,Medium Risk
CRED-13291,CUST-13291,491,Default Risk,5,0.94,Very High Risk
CRED-13292,CUST-13292,760,On-Time,0,0.13,Low Risk
CRED-13293,CUST-13293,728,On-Time,0,0.3,Medium Risk
CRED-13294,CUST-13294,709,On-Time,0,0.23,Medium Risk
CRED-13295,CUST-13295,718,On-Time,0,0.42,Medium Risk
CRED-13296,CUST-13296,448,Default Risk,10,0.98,Very High Risk
CRED-13297,CUST-13297,812,On-Time,0,0.06,Low Risk
CRED-13298,CUST-13298,492,Frequently Late,5,0.74,Very High Risk
CRED-13299,CUST-13299,706,On-Time,1,0.32,Medium Risk
CRED-13300,CUST-13300,701,On-Time,0,0.42,Medium Risk
CRED-13301,CUST-13301,723,Occasional Late,1,0.5,Medium Risk
CRED-13302,CUST-13302,760,On-Time,0,0.14,Low Risk
CRED-13303,CUST-13303,464,Default Risk,5,0.92,Very High Risk
CRED-13304,CUST-13304,691,On-Time,0,0.43,Medium Risk
CRED-13305,CUST-13305,626,Frequently Late,4,0.68,High Risk
CRED-13306,CUST-13306,722,On-Time,0,0.44,Medium Risk
CRED-13307,CUST-13307,726,On-Time,1,0.29,Medium Risk
CRED-13308,CUST-13308,744,On-Time,0,0.27,Medium Risk
CRED-13309,CUST-13309,672,On-Time,0,0.49,Medium Risk
CRED-13310,CUST-13310,629,Frequently Late,2,0.45,High Risk
CRED-13311,CUST-13311,551,Frequently Late,7,0.85,Very High Risk
CRED-13312,CUST-13312,674,On-Time,1,0.43,Medium Risk
CRED-13313,CUST-13313,658,Occasional Late,1,0.63,High Risk
CRED-13314,CUST-13314,553,Frequently Late,6,0.9,Very High Risk
CRED-13315,CUST-13315,721,On-Time,0,0.33,Medium Risk
CRED-13316,CUST-13316,792,On-Time,0,0.21,Low Risk
CRED-13317,CUST-13317,666,Frequently Late,3,0.64,High Risk
CRED-13318,CUST-13318,762,On-Time,0,0.12,Low Risk
CRED-13319,CUST-13319,687,On-Time,0,0.38,Medium Risk
CRED-13320,CUST-13320,645,Occasional Late,3,0.72,High Risk
CRED-13321,CUST-13321,690,On-Time,0,0.45,Medium Risk
CRED-13322,CUST-13322,767,On-Time,0,0.19,Low Risk
CRED-13323,CUST-13323,739,On-Time,0,0.22,Medium Risk
CRED-13324,CUST-13324,750,On-Time,0,0.11,Low Risk
CRED-13325,CUST-13325,682,On-Time,2,0.45,Medium Risk
CRED-13326,CUST-13326,539,Frequently Late,9,0.97,Very High Risk
CRED-13327,CUST-13327,756,On-Time,0,0.2,Low Risk
CRED-13328,CUST-13328,632,Occasional Late,1,0.61,High Risk
CRED-13329,CUST-13329,739,On-Time,0,0.34,Medium Risk
CRED-13330,CUST-13330,632,Frequently Late,1,0.55,High Risk
CRED-13331,CUST-13331,735,Occasional Late,0,0.29,Medium Risk
CRED-13332,CUST-13332,754,On-Time,0,0.19,Low Risk
CRED-13333,CUST-13333,629,Occasional Late,2,0.58,High Risk
CRED-13334,CUST-13334,726,On-Time,1,0.42,Medium Risk
CRED-13335,CUST-13335,697,Occasional Late,0,0.21,Medium Risk
CRED-13336,CUST-13336,731,On-Time,0,0.27,Medium Risk
CRED-13337,CUST-13337,712,On-Time,0,0.25,Medium Risk
CRED-13338,CUST-13338,701,On-Time,0,0.33,Medium Risk
CRED-13339,CUST-13339,739,Occasional Late,2,0.5,Medium Risk
CRED-13340,CUST-13340,777,On-Time,0,0.07,Low Risk
CRED-13341,CUST-13341,709,Occasional Late,0,0.39,Medium Risk
CRED-13342,CUST-13342,699,On-Time,0,0.41,Medium Risk
CRED-13343,CUST-13343,677,On-Time,0,0.22,Medium Risk
CRED-13344,CUST-13344,668,Frequently Late,2,0.74,High Risk
CRED-13345,CUST-13345,758,On-Time,0,0.15,Low Risk
CRED-13346,CUST-13346,624,Frequently Late,4,0.53,High Risk
CRED-13347,CUST-13347,813,On-Time,0,0.23,Low Risk
CRED-13348,CUST-13348,709,On-Time,0,0.36,Medium Risk
CRED-13349,CUST-13349,754,On-Time,0,0.19,Low Risk
CRED-13350,CUST-13350,546,Default Risk,8,0.85,Very High Risk
CRED-13351,CUST-13351,671,On-Time,0,0.45,Medium Risk
CRED-13352,CUST-13352,717,On-Time,1,0.28,Medium Risk
CRED-13353,CUST-13353,835,On-Time,0,0.06,Low Risk
CRED-13354,CUST-13354,662,Frequently Late,4,0.58,High Risk
CRED-13355,CUST-13355,742,On-Time,2,0.46,Medium Risk
CRED-13356,CUST-13356,807,On-Time,0,0.19,Low Risk
CRED-13357,CUST-13357,671,On-Time,0,0.45,Medium Risk
CRED-13358,CUST-13358,691,Occasional Late,0,0.43,Medium Risk
CRED-13359,CUST-13359,718,On-Time,0,0.38,Medium Risk
CRED-13360,CUST-13360,701,Occasional Late,1,0.38,Medium Risk
CRED-13361,CUST-13361,535,Frequently Late,6,0.99,Very High Risk
CRED-13362,CUST-13362,716,Occasional Late,0,0.23,Medium Risk
CRED-13363,CUST-13363,562,Frequently Late,7,0.97,Very High Risk
CRED-13364,CUST-13364,704,On-Time,1,0.41,Medium Risk
CRED-13365,CUST-13365,813,On-Time,0,0.12,Low Risk
CRED-13366,CUST-13366,701,On-Time,1,0.27,Medium Risk
CRED-13367,CUST-13367,732,On-Time,0,0.33,Medium Risk
CRED-13368,CUST-13368,641,Occasional Late,3,0.57,High Risk
CRED-13369,CUST-13369,679,On-Time,0,0.28,Medium Risk
CRED-13370,CUST-13370,624,Occasional Late,1,0.5,High Risk
CRED-13371,CUST-13371,562,Frequently Late,11,0.96,Very High Risk
CRED-13372,CUST-13372,704,On-Time,1,0.35,Medium Risk
CRED-13373,CUST-13373,697,On-Time,0,0.27,Medium Risk
CRED-13374,CUST-13374,657,Frequently Late,4,0.72,High Risk
CRED-13375,CUST-13375,728,On-Time,0,0.33,Medium Risk
CRED-13376,CUST-13376,694,On-Time,1,0.3,Medium Risk
CRED-13377,CUST-13377,592,Frequently Late,4,0.47,High Risk
CRED-13378,CUST-13378,708,Occasional Late,0,0.49,Medium Risk
CRED-13379,CUST-13379,670,On-Time,1,0.36,Medium Risk
CRED-13380,CUST-13380,698,Occasional Late,0,0.37,Medium Risk
CRED-13381,CUST-13381,638,Occasional Late,2,0.63,High Risk
CRED-13382,CUST-13382,695,On-Time,0,0.41,Medium Risk
CRED-13383,CUST-13383,771,On-Time,0,0.15,Low Risk
CRED-13384,CUST-13384,656,Occasional Late,1,0.68,High Risk
CRED-13385,CUST-13385,574,Frequently Late,11,0.8,Very High Risk
CRED-13386,CUST-13386,411,Frequently Late,7,0.83,Very High Risk
CRED-13387,CUST-13387,715,On-Time,0,0.29,Medium Risk
CRED-13388,CUST-13388,808,On-Time,0,0.15,Low Risk
CRED-13389,CUST-13389,677,Occasional Late,0,0.32,Medium Risk
CRED-13390,CUST-13390,709,On-Time,0,0.49,Medium Risk
CRED-13391,CUST-13391,739,On-Time,2,0.32,Medium Risk
CRED-13392,CUST-13392,738,On-Time,0,0.43,Medium Risk
CRED-13393,CUST-13393,746,Occasional Late,0,0.21,Medium Risk
CRED-13394,CUST-13394,681,Occasional Late,1,0.48,Medium Risk
CRED-13395,CUST-13395,719,On-Time,0,0.24,Medium Risk
CRED-13396,CUST-13396,765,On-Time,0,0.14,Low Risk
CRED-13397,CUST-13397,728,On-Time,0,0.31,Medium Risk
CRED-13398,CUST-13398,750,On-Time,0,0.09,Low Risk
CRED-13399,CUST-13399,722,On-Time,0,0.27,Medium Risk
CRED-13400,CUST-13400,592,Frequently Late,4,0.7,High Risk
CRED-13401,CUST-13401,661,Occasional Late,2,0.77,High Risk
CRED-13402,CUST-13402,615,Occasional Late,1,0.56,High Risk
CRED-13403,CUST-13403,675,On-Time,0,0.43,Medium Risk
CRED-13404,CUST-13404,739,On-Time,0,0.45,Medium Risk
CRED-13405,CUST-13405,734,On-Time,2,0.23,Medium Risk
CRED-13406,CUST-13406,790,On-Time,0,0.23,Low Risk
CRED-13407,CUST-13407,772,On-Time,0,0.13,Low Risk
CRED-13408,CUST-13408,727,Occasional Late,0,0.43,Medium Risk
CRED-13409,CUST-13409,666,Occasional Late,1,0.82,High Risk
CRED-13410,CUST-13410,715,On-Time,0,0.29,Medium Risk
CRED-13411,CUST-13411,713,Occasional Late,1,0.49,Medium Risk
CRED-13412,CUST-13412,659,Occasional Late,3,0.71,High Risk
CRED-13413,CUST-13413,593,Occasional Late,1,0.61,High Risk
CRED-13414,CUST-13414,566,Default Risk,11,0.78,Very High Risk
CRED-13415,CUST-13415,652,Frequently Late,3,0.68,High Risk
CRED-13416,CUST-13416,643,Frequently Late,2,0.66,High Risk
CRED-13417,CUST-13417,623,Frequently Late,1,0.82,High Risk
CRED-13418,CUST-13418,656,Occasional Late,3,0.48,High Risk
CRED-13419,CUST-13419,812,On-Time,0,0.23,Low Risk
CRED-13420,CUST-13420,726,Occasional Late,0,0.48,Medium Risk
CRED-13421,CUST-13421,596,Frequently Late,1,0.79,High Risk
CRED-13422,CUST-13422,729,On-Time,0,0.28,Medium Risk
CRED-13423,CUST-13423,817,On-Time,0,0.12,Low Risk
CRED-13424,CUST-13424,752,On-Time,0,0.15,Low Risk
CRED-13425,CUST-13425,759,On-Time,0,0.08,Low Risk
CRED-13426,CUST-13426,671,On-Time,0,0.47,Medium Risk
CRED-13427,CUST-13427,687,On-Time,0,0.29,Medium Risk
CRED-13428,CUST-13428,765,On-Time,0,0.23,Low Risk
CRED-13429,CUST-13429,713,On-Time,0,0.27,Medium Risk
CRED-13430,CUST-13430,757,On-Time,0,0.15,Low Risk
CRED-13431,CUST-13431,638,Occasional Late,2,0.75,High Risk
CRED-13432,CUST-13432,735,On-Time,0,0.38,Medium Risk
CRED-13433,CUST-13433,672,On-Time,0,0.2,Medium Risk
CRED-13434,CUST-13434,769,On-Time,0,0.2,Low Risk
CRED-13435,CUST-13435,716,On-Time,2,0.48,Medium Risk
CRED-13436,CUST-13436,720,Occasional Late,0,0.28,Medium Risk
CRED-13437,CUST-13437,732,On-Time,0,0.31,Medium Risk
CRED-13438,CUST-13438,696,On-Time,0,0.31,Medium Risk
CRED-13439,CUST-13439,701,On-Time,0,0.23,Medium Risk
CRED-13440,CUST-13440,648,Occasional Late,2,0.53,High Risk
CRED-13441,CUST-13441,640,Occasional Late,2,0.49,High Risk
CRED-13442,CUST-13442,653,Occasional Late,4,0.57,High Risk
CRED-13443,CUST-13443,769,On-Time,0,0.18,Low Risk
CRED-13444,CUST-13444,645,Frequently Late,4,0.8,High Risk
CRED-13445,CUST-13445,792,On-Time,0,0.13,Low Risk
CRED-13446,CUST-13446,683,On-Time,0,0.43,Medium Risk
CRED-13447,CUST-13447,636,Occasional Late,4,0.78,High Risk
CRED-13448,CUST-13448,712,On-Time,0,0.35,Medium Risk
CRED-13449,CUST-13449,602,Occasional Late,2,0.71,High Risk
CRED-13450,CUST-13450,709,Occasional Late,1,0.44,Medium Risk
CRED-13451,CUST-13451,636,Frequently Late,2,0.51,High Risk
CRED-13452,CUST-13452,650,Occasional Late,1,0.68,High Risk
CRED-13453,CUST-13453,737,On-Time,0,0.34,Medium Risk
CRED-13454,CUST-13454,745,On-Time,0,0.49,Medium Risk
CRED-13455,CUST-13455,688,On-Time,0,0.31,Medium Risk
CRED-13456,CUST-13456,691,Occasional Late,0,0.37,Medium Risk
CRED-13457,CUST-13457,772,On-Time,0,0.14,Low Risk
CRED-13458,CUST-13458,703,On-Time,0,0.45,Medium Risk
CRED-13459,CUST-13459,847,On-Time,0,0.14,Low Risk
CRED-13460,CUST-13460,582,Frequently Late,3,0.8,High Risk
CRED-13461,CUST-13461,735,Occasional Late,0,0.29,Medium Risk
CRED-13462,CUST-13462,573,Frequently Late,8,0.71,Very High Risk
CRED-13463,CUST-13463,755,On-Time,0,0.2,Low Risk
CRED-13464,CUST-13464,703,On-Time,0,0.3,Medium Risk
CRED-13465,CUST-13465,729,On-Time,0,0.47,Medium Risk
CRED-13466,CUST-13466,677,Occasional Late,0,0.31,Medium Risk
CRED-13467,CUST-13467,686,On-Time,1,0.36,Medium Risk
CRED-13468,CUST-13468,694,On-Time,0,0.24,Medium Risk
CRED-13469,CUST-13469,598,Occasional Late,4,0.5,High Risk
CRED-13470,CUST-13470,728,On-Time,2,0.29,Medium Risk
CRED-13471,CUST-13471,654,Occasional Late,4,0.84,High Risk
CRED-13472,CUST-13472,741,On-Time,0,0.32,Medium Risk
CRED-13473,CUST-13473,682,On-Time,2,0.33,Medium Risk
CRED-13474,CUST-13474,726,On-Time,0,0.47,Medium Risk
CRED-13475,CUST-13475,727,On-Time,0,0.46,Medium Risk
CRED-13476,CUST-13476,694,On-Time,0,0.34,Medium Risk
CRED-13477,CUST-13477,685,On-Time,1,0.39,Medium Risk
CRED-13478,CUST-13478,727,On-Time,0,0.41,Medium Risk
CRED-13479,CUST-13479,710,On-Time,0,0.24,Medium Risk
CRED-13480,CUST-13480,750,On-Time,0,0.2,Low Risk
CRED-13481,CUST-13481,400,Frequently Late,11,0.78,Very High Risk
CRED-13482,CUST-13482,673,On-Time,0,0.35,Medium Risk
CRED-13483,CUST-13483,561,Default Risk,7,0.94,Very High Risk
CRED-13484,CUST-13484,660,Occasional Late,1,0.53,High Risk
CRED-13485,CUST-13485,586,Frequently Late,4,0.82,High Risk
CRED-13486,CUST-13486,599,Frequently Late,1,0.56,High Risk
CRED-13487,CUST-13487,688,Occasional Late,0,0.47,Medium Risk
CRED-13488,CUST-13488,710,On-Time,0,0.44,Medium Risk
CRED-13489,CUST-13489,591,Occasional Late,1,0.47,High Risk
CRED-13490,CUST-13490,739,Occasional Late,0,0.37,Medium Risk
CRED-13491,CUST-13491,680,On-Time,0,0.46,Medium Risk
CRED-13492,CUST-13492,704,Occasional Late,1,0.44,Medium Risk
CRED-13493,CUST-13493,605,Occasional Late,3,0.84,High Risk
CRED-13494,CUST-13494,593,Frequently Late,3,0.83,High Risk
CRED-13495,CUST-13495,645,Frequently Late,2,0.48,High Risk
CRED-13496,CUST-13496,706,Occasional Late,0,0.42,Medium Risk
CRED-13497,CUST-13497,790,On-Time,0,0.07,Low Risk
CRED-13498,CUST-13498,691,On-Time,1,0.34,Medium Risk
CRED-13499,CUST-13499,678,On-Time,1,0.32,Medium Risk
CRED-13500,CUST-13500,721,On-Time,0,0.31,Medium Risk
CRED-13501,CUST-13501,427,Frequently Late,10,0.84,Very High Risk
CRED-13502,CUST-13502,757,On-Time,0,0.19,Low Risk
CRED-13503,CUST-13503,677,On-Time,1,0.38,Medium Risk
CRED-13504,CUST-13504,665,Occasional Late,2,0.79,High Risk
CRED-13505,CUST-13505,686,Occasional Late,0,0.32,Medium Risk
CRED-13506,CUST-13506,684,On-Time,0,0.23,Medium Risk
CRED-13507,CUST-13507,804,On-Time,0,0.24,Low Risk
CRED-13508,CUST-13508,670,On-Time,0,0.44,Medium Risk
CRED-13509,CUST-13509,612,Occasional Late,2,0.63,High Risk
CRED-13510,CUST-13510,671,On-Time,0,0.29,Medium Risk
CRED-13511,CUST-13511,603,Frequently Late,4,0.79,High Risk
CRED-13512,CUST-13512,600,Frequently Late,2,0.79,High Risk
CRED-13513,CUST-13513,745,Occasional Late,0,0.3,Medium Risk
CRED-13514,CUST-13514,779,On-Time,0,0.16,Low Risk
CRED-13515,CUST-13515,696,On-Time,0,0.26,Medium Risk
CRED-13516,CUST-13516,794,On-Time,0,0.1,Low Risk
CRED-13517,CUST-13517,742,On-Time,1,0.31,Medium Risk
CRED-13518,CUST-13518,576,Default Risk,6,0.8,Very High Risk
CRED-13519,CUST-13519,709,Occasional Late,0,0.45,Medium Risk
CRED-13520,CUST-13520,565,Frequently Late,4,0.91,Very High Risk
CRED-13521,CUST-13521,645,Frequently Late,3,0.8,High Risk
CRED-13522,CUST-13522,760,On-Time,0,0.23,Low Risk
CRED-13523,CUST-13523,770,On-Time,0,0.08,Low Risk
CRED-13524,CUST-13524,691,On-Time,1,0.3,Medium Risk
CRED-13525,CUST-13525,684,On-Time,0,0.35,Medium Risk
CRED-13526,CUST-13526,752,On-Time,0,0.12,Low Risk
CRED-13527,CUST-13527,748,On-Time,0,0.39,Medium Risk
CRED-13528,CUST-13528,489,Frequently Late,7,0.78,Very High Risk
CRED-13529,CUST-13529,691,On-Time,2,0.21,Medium Risk
CRED-13530,CUST-13530,662,Frequently Late,1,0.51,High Risk
CRED-13531,CUST-13531,788,On-Time,0,0.17,Low Risk
CRED-13532,CUST-13532,698,Occasional Late,0,0.5,Medium Risk
CRED-13533,CUST-13533,796,On-Time,0,0.1,Low Risk
CRED-13534,CUST-13534,743,On-Time,1,0.35,Medium Risk
CRED-13535,CUST-13535,716,Occasional Late,0,0.34,Medium Risk
CRED-13536,CUST-13536,667,Frequently Late,2,0.59,High Risk
CRED-13537,CUST-13537,702,On-Time,0,0.33,Medium Risk
CRED-13538,CUST-13538,710,On-Time,2,0.35,Medium Risk
CRED-13539,CUST-13539,712,Occasional Late,0,0.27,Medium Risk
CRED-13540,CUST-13540,621,Frequently Late,1,0.62,High Risk
CRED-13541,CUST-13541,729,On-Time,0,0.29,Medium Risk
CRED-13542,CUST-13542,635,Frequently Late,3,0.52,High Risk
CRED-13543,CUST-13543,706,On-Time,1,0.47,Medium Risk
CRED-13544,CUST-13544,720,On-Time,2,0.46,Medium Risk
CRED-13545,CUST-13545,574,Default Risk,7,0.96,Very High Risk
CRED-13546,CUST-13546,712,On-Time,2,0.27,Medium Risk
CRED-13547,CUST-13547,757,On-Time,0,0.24,Low Risk
CRED-13548,CUST-13548,671,On-Time,0,0.47,Medium Risk
CRED-13549,CUST-13549,721,On-Time,0,0.49,Medium Risk
CRED-13550,CUST-13550,654,Frequently Late,3,0.72,High Risk
CRED-13551,CUST-13551,641,Occasional Late,4,0.65,High Risk
CRED-13552,CUST-13552,760,On-Time,0,0.1,Low Risk
CRED-13553,CUST-13553,693,Occasional Late,2,0.36,Medium Risk
CRED-13554,CUST-13554,757,On-Time,0,0.18,Low Risk
CRED-13555,CUST-13555,702,Occasional Late,0,0.2,Medium Risk
CRED-13556,CUST-13556,799,On-Time,1,0.23,Low Risk
CRED-13557,CUST-13557,723,On-Time,1,0.49,Medium Risk
CRED-13558,CUST-13558,682,On-Time,1,0.49,Medium Risk
CRED-13559,CUST-13559,644,Frequently Late,2,0.81,High Risk
CRED-13560,CUST-13560,660,Occasional Late,3,0.82,High Risk
CRED-13561,CUST-13561,763,On-Time,0,0.2,Low Risk
CRED-13562,CUST-13562,753,On-Time,0,0.07,Low Risk
CRED-13563,CUST-13563,660,Occasional Late,3,0.74,High Risk
CRED-13564,CUST-13564,506,Frequently Late,5,0.73,Very High Risk
CRED-13565,CUST-13565,815,On-Time,0,0.24,Low Risk
CRED-13566,CUST-13566,685,On-Time,0,0.31,Medium Risk
CRED-13567,CUST-13567,690,On-Time,1,0.35,Medium Risk
CRED-13568,CUST-13568,648,Frequently Late,4,0.64,High Risk
CRED-13569,CUST-13569,723,Occasional Late,0,0.21,Medium Risk
CRED-13570,CUST-13570,745,Occasional Late,0,0.31,Medium Risk
CRED-13571,CUST-13571,713,Occasional Late,1,0.29,Medium Risk
CRED-13572,CUST-13572,740,Occasional Late,0,0.43,Medium Risk
CRED-13573,CUST-13573,705,Occasional Late,0,0.39,Medium Risk
CRED-13574,CUST-13574,632,Occasional Late,4,0.57,High Risk
CRED-13575,CUST-13575,740,Occasional Late,1,0.47,Medium Risk
CRED-13576,CUST-13576,694,On-Time,2,0.36,Medium Risk
CRED-13577,CUST-13577,682,Occasional Late,0,0.22,Medium Risk
CRED-13578,CUST-13578,696,On-Time,0,0.48,Medium Risk
CRED-13579,CUST-13579,713,On-Time,0,0.42,Medium Risk
CRED-13580,CUST-13580,750,On-Time,0,0.2,Low Risk
CRED-13581,CUST-13581,750,On-Time,0,0.09,Low Risk
CRED-13582,CUST-13582,747,On-Time,0,0.38,Medium Risk
CRED-13583,CUST-13583,641,Occasional Late,1,0.77,High Risk
CRED-13584,CUST-13584,735,On-Time,0,0.39,Medium Risk
CRED-13585,CUST-13585,812,On-Time,0,0.08,Low Risk
CRED-13586,CUST-13586,716,Occasional Late,0,0.22,Medium Risk
CRED-13587,CUST-13587,718,Occasional Late,0,0.41,Medium Risk
CRED-13588,CUST-13588,528,Frequently Late,8,0.87,Very High Risk
CRED-13589,CUST-13589,682,On-Time,1,0.23,Medium Risk
CRED-13590,CUST-13590,675,On-Time,0,0.24,Medium Risk
CRED-13591,CUST-13591,648,Occasional Late,3,0.59,High Risk
CRED-13592,CUST-13592,684,On-Time,0,0.28,Medium Risk
CRED-13593,CUST-13593,667,Occasional Late,2,0.65,High Risk
CRED-13594,CUST-13594,490,Frequently Late,5,0.93,Very High Risk
CRED-13595,CUST-13595,688,Occasional Late,0,0.42,Medium Risk
CRED-13596,CUST-13596,735,On-Time,1,0.46,Medium Risk
CRED-13597,CUST-13597,778,On-Time,0,0.13,Low Risk
CRED-13598,CUST-13598,773,On-Time,0,0.1,Low Risk
CRED-13599,CUST-13599,745,Occasional Late,0,0.24,Medium Risk
CRED-13600,CUST-13600,665,Frequently Late,1,0.52,High Risk
CRED-13601,CUST-13601,739,On-Time,0,0.41,Medium Risk
CRED-13602,CUST-13602,712,Occasional Late,0,0.41,Medium Risk
CRED-13603,CUST-13603,761,On-Time,0,0.21,Low Risk
CRED-13604,CUST-13604,749,On-Time,0,0.4,Medium Risk
CRED-13605,CUST-13605,736,On-Time,1,0.27,Medium Risk
CRED-13606,CUST-13606,667,Frequently Late,4,0.46,High Risk
CRED-13607,CUST-13607,643,Frequently Late,4,0.73,High Risk
CRED-13608,CUST-13608,647,Frequently Late,2,0.69,High Risk
CRED-13609,CUST-13609,686,Occasional Late,0,0.3,Medium Risk
CRED-13610,CUST-13610,639,Occasional Late,4,0.82,High Risk
CRED-13611,CUST-13611,706,On-Time,0,0.43,Medium Risk
CRED-13612,CUST-13612,654,Frequently Late,1,0.49,High Risk
CRED-13613,CUST-13613,694,On-Time,0,0.3,Medium Risk
CRED-13614,CUST-13614,685,On-Time,1,0.44,Medium Risk
CRED-13615,CUST-13615,712,On-Time,1,0.38,Medium Risk
CRED-13616,CUST-13616,706,On-Time,1,0.4,Medium Risk
CRED-13617,CUST-13617,651,Occasional Late,1,0.58,High Risk
CRED-13618,CUST-13618,741,Occasional Late,2,0.33,Medium Risk
CRED-13619,CUST-13619,429,Default Risk,8,0.83,Very High Risk
CRED-13620,CUST-13620,677,Occasional Late,1,0.41,Medium Risk
CRED-13621,CUST-13621,731,On-Time,0,0.29,Medium Risk
CRED-13622,CUST-13622,482,Frequently Late,5,0.88,Very High Risk
CRED-13623,CUST-13623,714,On-Time,0,0.47,Medium Risk
CRED-13624,CUST-13624,712,Occasional Late,0,0.21,Medium Risk
CRED-13625,CUST-13625,723,Occasional Late,0,0.22,Medium Risk
CRED-13626,CUST-13626,687,Occasional Late,0,0.22,Medium Risk
CRED-13627,CUST-13627,732,On-Time,0,0.31,Medium Risk
CRED-13628,CUST-13628,667,Occasional Late,1,0.66,High Risk
CRED-13629,CUST-13629,760,On-Time,0,0.2,Low Risk
CRED-13630,CUST-13630,765,On-Time,0,0.07,Low Risk
CRED-13631,CUST-13631,602,Occasional Late,2,0.61,High Risk
CRED-13632,CUST-13632,737,Occasional Late,0,0.43,Medium Risk
CRED-13633,CUST-13633,690,On-Time,1,0.37,Medium Risk
CRED-13634,CUST-13634,698,Occasional Late,2,0.26,Medium Risk
CRED-13635,CUST-13635,654,Occasional Late,4,0.74,High Risk
CRED-13636,CUST-13636,701,On-Time,2,0.46,Medium Risk
CRED-13637,CUST-13637,705,Occasional Late,0,0.26,Medium Risk
CRED-13638,CUST-13638,648,Frequently Late,4,0.67,High Risk
CRED-13639,CUST-13639,721,On-Time,0,0.22,Medium Risk
CRED-13640,CUST-13640,711,On-Time,0,0.35,Medium Risk
CRED-13641,CUST-13641,710,Occasional Late,0,0.49,Medium Risk
CRED-13642,CUST-13642,710,On-Time,0,0.43,Medium Risk
CRED-13643,CUST-13643,396,Default Risk,11,0.96,Very High Risk
CRED-13644,CUST-13644,775,On-Time,0,0.19,Low Risk
CRED-13645,CUST-13645,678,On-Time,0,0.32,Medium Risk
CRED-13646,CUST-13646,720,Occasional Late,0,0.25,Medium Risk
CRED-13647,CUST-13647,749,On-Time,0,0.33,Medium Risk
CRED-13648,CUST-13648,791,On-Time,0,0.19,Low Risk
CRED-13649,CUST-13649,621,Occasional Late,1,0.7,High Risk
CRED-13650,CUST-13650,645,Frequently Late,4,0.68,High Risk
CRED-13651,CUST-13651,681,On-Time,0,0.48,Medium Risk
CRED-13652,CUST-13652,745,On-Time,2,0.29,Medium Risk
CRED-13653,CUST-13653,656,Occasional Late,2,0.65,High Risk
CRED-13654,CUST-13654,665,Occasional Late,3,0.67,High Risk
CRED-13655,CUST-13655,572,Default Risk,6,0.86,Very High Risk
CRED-13656,CUST-13656,717,On-Time,0,0.37,Medium Risk
CRED-13657,CUST-13657,747,On-Time,0,0.24,Medium Risk
CRED-13658,CUST-13658,603,Frequently Late,1,0.81,High Risk
CRED-13659,CUST-13659,532,Default Risk,6,0.89,Very High Risk
CRED-13660,CUST-13660,719,On-Time,0,0.3,Medium Risk
CRED-13661,CUST-13661,638,Frequently Late,1,0.64,High Risk
CRED-13662,CUST-13662,703,On-Time,1,0.39,Medium Risk
CRED-13663,CUST-13663,563,Default Risk,5,0.71,Very High Risk
CRED-13664,CUST-13664,533,Default Risk,8,0.81,Very High Risk
CRED-13665,CUST-13665,732,Occasional Late,1,0.25,Medium Risk
CRED-13666,CUST-13666,672,On-Time,1,0.27,Medium Risk
CRED-13667,CUST-13667,662,Frequently Late,1,0.51,High Risk
CRED-13668,CUST-13668,746,Occasional Late,0,0.34,Medium Risk
CRED-13669,CUST-13669,713,Occasional Late,0,0.37,Medium Risk
CRED-13670,CUST-13670,760,On-Time,0,0.25,Low Risk
CRED-13671,CUST-13671,690,On-Time,2,0.36,Medium Risk
CRED-13672,CUST-13672,705,On-Time,0,0.33,Medium Risk
CRED-13673,CUST-13673,653,Occasional Late,1,0.73,High Risk
CRED-13674,CUST-13674,694,Occasional Late,0,0.28,Medium Risk
CRED-13675,CUST-13675,652,Frequently Late,3,0.53,High Risk
CRED-13676,CUST-13676,736,Occasional Late,0,0.34,Medium Risk
CRED-13677,CUST-13677,715,On-Time,0,0.28,Medium Risk
CRED-13678,CUST-13678,607,Occasional Late,3,0.66,High Risk
CRED-13679,CUST-13679,707,On-Time,0,0.27,Medium Risk
CRED-13680,CUST-13680,588,Frequently Late,4,0.66,High Risk
CRED-13681,CUST-13681,590,Occasional Late,4,0.74,High Risk
CRED-13682,CUST-13682,755,On-Time,0,0.15,Low Risk
CRED-13683,CUST-13683,748,Occasional Late,1,0.27,Medium Risk
CRED-13684,CUST-13684,768,On-Time,0,0.06,Low Risk
CRED-13685,CUST-13685,716,On-Time,0,0.44,Medium Risk
CRED-13686,CUST-13686,680,On-Time,0,0.33,Medium Risk
CRED-13687,CUST-13687,652,Frequently Late,1,0.57,High Risk
CRED-13688,CUST-13688,708,Occasional Late,0,0.4,Medium Risk
CRED-13689,CUST-13689,712,On-Time,0,0.49,Medium Risk
CRED-13690,CUST-13690,719,On-Time,1,0.26,Medium Risk
CRED-13691,CUST-13691,731,On-Time,1,0.39,Medium Risk
CRED-13692,CUST-13692,499,Frequently Late,6,0.83,Very High Risk
CRED-13693,CUST-13693,631,Occasional Late,1,0.51,High Risk
CRED-13694,CUST-13694,540,Default Risk,9,0.77,Very High Risk
CRED-13695,CUST-13695,742,On-Time,0,0.43,Medium Risk
CRED-13696,CUST-13696,729,On-Time,1,0.39,Medium Risk
CRED-13697,CUST-13697,733,Occasional Late,1,0.22,Medium Risk
CRED-13698,CUST-13698,506,Frequently Late,7,0.95,Very High Risk
CRED-13699,CUST-13699,611,Frequently Late,1,0.82,High Risk
CRED-13700,CUST-13700,567,Frequently Late,8,0.96,Very High Risk
CRED-13701,CUST-13701,748,On-Time,1,0.44,Medium Risk
CRED-13702,CUST-13702,682,On-Time,0,0.43,Medium Risk
CRED-13703,CUST-13703,687,On-Time,0,0.22,Medium Risk
CRED-13704,CUST-13704,707,Occasional Late,0,0.33,Medium Risk
CRED-13705,CUST-13705,458,Frequently Late,10,0.95,Very High Risk
CRED-13706,CUST-13706,704,On-Time,2,0.37,Medium Risk
CRED-13707,CUST-13707,722,Occasional Late,0,0.23,Medium Risk
CRED-13708,CUST-13708,612,Frequently Late,3,0.75,High Risk
CRED-13709,CUST-13709,781,On-Time,0,0.13,Low Risk
CRED-13710,CUST-13710,662,Frequently Late,4,0.47,High Risk
CRED-13711,CUST-13711,745,Occasional Late,0,0.24,Medium Risk
CRED-13712,CUST-13712,531,Frequently Late,6,0.71,Very High Risk
CRED-13713,CUST-13713,535,Frequently Late,10,0.88,Very High Risk
CRED-13714,CUST-13714,677,On-Time,0,0.43,Medium Risk
CRED-13715,CUST-13715,636,Occasional Late,1,0.64,High Risk
CRED-13716,CUST-13716,747,On-Time,1,0.43,Medium Risk
CRED-13717,CUST-13717,751,On-Time,0,0.2,Low Risk
CRED-13718,CUST-13718,681,On-Time,0,0.23,Medium Risk
CRED-13719,CUST-13719,748,Occasional Late,0,0.27,Medium Risk
CRED-13720,CUST-13720,654,Frequently Late,3,0.71,High Risk
CRED-13721,CUST-13721,694,On-Time,1,0.42,Medium Risk
CRED-13722,CUST-13722,707,On-Time,1,0.34,Medium Risk
CRED-13723,CUST-13723,688,Occasional Late,0,0.44,Medium Risk
CRED-13724,CUST-13724,756,On-Time,0,0.18,Low Risk
CRED-13725,CUST-13725,691,On-Time,0,0.31,Medium Risk
CRED-13726,CUST-13726,758,On-Time,0,0.14,Low Risk
CRED-13727,CUST-13727,651,Occasional Late,1,0.75,High Risk
CRED-13728,CUST-13728,702,On-Time,0,0.37,Medium Risk
CRED-13729,CUST-13729,638,Frequently Late,1,0.68,High Risk
CRED-13730,CUST-13730,364,Frequently Late,5,0.75,Very High Risk
CRED-13731,CUST-13731,699,On-Time,0,0.24,Medium Risk
CRED-13732,CUST-13732,627,Frequently Late,2,0.57,High Risk
CRED-13733,CUST-13733,775,On-Time,0,0.14,Low Risk
CRED-13734,CUST-13734,748,On-Time,0,0.31,Medium Risk
CRED-13735,CUST-13735,729,On-Time,0,0.3,Medium Risk
CRED-13736,CUST-13736,757,On-Time,0,0.2,Low Risk
CRED-13737,CUST-13737,684,On-Time,0,0.33,Medium Risk
CRED-13738,CUST-13738,768,On-Time,0,0.14,Low Risk
CRED-13739,CUST-13739,489,Default Risk,5,0.97,Very High Risk
CRED-13740,CUST-13740,804,On-Time,0,0.19,Low Risk
CRED-13741,CUST-13741,705,Occasional Late,0,0.38,Medium Risk
CRED-13742,CUST-13742,721,On-Time,1,0.3,Medium Risk
CRED-13743,CUST-13743,670,Occasional Late,1,0.46,Medium Risk
CRED-13744,CUST-13744,679,On-Time,0,0.34,Medium Risk
CRED-13745,CUST-13745,850,On-Time,0,0.17,Low Risk
CRED-13746,CUST-13746,590,Occasional Late,1,0.66,High Risk
CRED-13747,CUST-13747,686,On-Time,0,0.38,Medium Risk
CRED-13748,CUST-13748,711,Occasional Late,0,0.38,Medium Risk
CRED-13749,CUST-13749,747,On-Time,1,0.48,Medium Risk
CRED-13750,CUST-13750,664,Occasional Late,3,0.48,High Risk
CRED-13751,CUST-13751,716,On-Time,0,0.3,Medium Risk
CRED-13752,CUST-13752,516,Frequently Late,11,0.76,Very High Risk
CRED-13753,CUST-13753,752,On-Time,0,0.06,Low Risk
CRED-13754,CUST-13754,496,Default Risk,7,0.81,Very High Risk
CRED-13755,CUST-13755,825,On-Time,0,0.07,Low Risk
CRED-13756,CUST-13756,697,On-Time,0,0.27,Medium Risk
CRED-13757,CUST-13757,600,Occasional Late,2,0.84,High Risk
CRED-13758,CUST-13758,700,On-Time,0,0.4,Medium Risk
CRED-13759,CUST-13759,645,Frequently Late,3,0.51,High Risk
CRED-13760,CUST-13760,671,On-Time,0,0.22,Medium Risk
CRED-13761,CUST-13761,656,Occasional Late,4,0.69,High Risk
CRED-13762,CUST-13762,687,On-Time,0,0.35,Medium Risk
CRED-13763,CUST-13763,699,Occasional Late,0,0.28,Medium Risk
CRED-13764,CUST-13764,696,On-Time,0,0.35,Medium Risk
CRED-13765,CUST-13765,699,On-Time,0,0.39,Medium Risk
CRED-13766,CUST-13766,735,Occasional Late,2,0.48,Medium Risk
CRED-13767,CUST-13767,730,Occasional Late,2,0.23,Medium Risk
CRED-13768,CUST-13768,723,On-Time,1,0.5,Medium Risk
CRED-13769,CUST-13769,721,On-Time,2,0.24,Medium Risk
CRED-13770,CUST-13770,686,On-Time,0,0.25,Medium Risk
CRED-13771,CUST-13771,688,On-Time,1,0.47,Medium Risk
CRED-13772,CUST-13772,753,On-Time,0,0.13,Low Risk
CRED-13773,CUST-13773,677,On-Time,0,0.43,Medium Risk
CRED-13774,CUST-13774,658,Frequently Late,3,0.73,High Risk
CRED-13775,CUST-13775,713,On-Time,0,0.47,Medium Risk
CRED-13776,CUST-13776,559,Default Risk,11,0.84,Very High Risk
CRED-13777,CUST-13777,334,Frequently Late,6,0.87,Very High Risk
CRED-13778,CUST-13778,735,On-Time,1,0.28,Medium Risk
CRED-13779,CUST-13779,579,Frequently Late,10,0.85,Very High Risk
CRED-13780,CUST-13780,732,On-Time,0,0.23,Medium Risk
CRED-13781,CUST-13781,583,Occasional Late,2,0.67,High Risk
CRED-13782,CUST-13782,682,On-Time,0,0.24,Medium Risk
CRED-13783,CUST-13783,642,Frequently Late,2,0.84,High Risk
CRED-13784,CUST-13784,738,On-Time,0,0.46,Medium Risk
CRED-13785,CUST-13785,744,On-Time,0,0.28,Medium Risk
CRED-13786,CUST-13786,794,On-Time,0,0.11,Low Risk
CRED-13787,CUST-13787,772,On-Time,1,0.13,Low Risk
CRED-13788,CUST-13788,706,On-Time,1,0.26,Medium Risk
CRED-13789,CUST-13789,732,Occasional Late,0,0.27,Medium Risk
CRED-13790,CUST-13790,775,On-Time,0,0.12,Low Risk
CRED-13791,CUST-13791,684,On-Time,1,0.38,Medium Risk
CRED-13792,CUST-13792,707,On-Time,0,0.37,Medium Risk
CRED-13793,CUST-13793,682,Occasional Late,0,0.21,Medium Risk
CRED-13794,CUST-13794,769,On-Time,0,0.1,Low Risk
CRED-13795,CUST-13795,773,On-Time,1,0.22,Low Risk
CRED-13796,CUST-13796,715,On-Time,1,0.37,Medium Risk
CRED-13797,CUST-13797,783,On-Time,0,0.23,Low Risk
CRED-13798,CUST-13798,679,On-Time,1,0.2,Medium Risk
CRED-13799,CUST-13799,688,Occasional Late,2,0.31,Medium Risk
CRED-13800,CUST-13800,738,On-Time,2,0.26,Medium Risk
CRED-13801,CUST-13801,579,Default Risk,4,0.79,Very High Risk
CRED-13802,CUST-13802,752,On-Time,0,0.14,Low Risk
CRED-13803,CUST-13803,720,On-Time,1,0.47,Medium Risk
CRED-13804,CUST-13804,762,On-Time,0,0.07,Low Risk
CRED-13805,CUST-13805,675,On-Time,0,0.38,Medium Risk
CRED-13806,CUST-13806,700,Occasional Late,0,0.47,Medium Risk
CRED-13807,CUST-13807,685,On-Time,1,0.22,Medium Risk
CRED-13808,CUST-13808,511,Default Risk,11,0.88,Very High Risk
CRED-13809,CUST-13809,630,Occasional Late,2,0.52,High Risk
CRED-13810,CUST-13810,798,On-Time,0,0.13,Low Risk
CRED-13811,CUST-13811,684,On-Time,0,0.44,Medium Risk
CRED-13812,CUST-13812,616,Frequently Late,4,0.66,High Risk
CRED-13813,CUST-13813,647,Occasional Late,1,0.79,High Risk
CRED-13814,CUST-13814,710,On-Time,0,0.3,Medium Risk
CRED-13815,CUST-13815,604,Frequently Late,4,0.79,High Risk
CRED-13816,CUST-13816,712,On-Time,0,0.45,Medium Risk
CRED-13817,CUST-13817,641,Occasional Late,2,0.62,High Risk
CRED-13818,CUST-13818,742,On-Time,0,0.22,Medium Risk
CRED-13819,CUST-13819,762,On-Time,0,0.19,Low Risk
CRED-13820,CUST-13820,706,On-Time,0,0.28,Medium Risk
CRED-13821,CUST-13821,738,On-Time,0,0.33,Medium Risk
CRED-13822,CUST-13822,717,Occasional Late,0,0.27,Medium Risk
CRED-13823,CUST-13823,736,Occasional Late,1,0.46,Medium Risk
CRED-13824,CUST-13824,682,On-Time,0,0.34,Medium Risk
CRED-13825,CUST-13825,759,On-Time,0,0.17,Low Risk
CRED-13826,CUST-13826,487,Default Risk,6,0.71,Very High Risk
CRED-13827,CUST-13827,743,On-Time,0,0.4,Medium Risk
CRED-13828,CUST-13828,615,Occasional Late,4,0.79,High Risk
CRED-13829,CUST-13829,737,On-Time,0,0.29,Medium Risk
CRED-13830,CUST-13830,703,On-Time,0,0.26,Medium Risk
CRED-13831,CUST-13831,772,On-Time,0,0.11,Low Risk
CRED-13832,CUST-13832,542,Default Risk,10,0.98,Very High Risk
CRED-13833,CUST-13833,706,On-Time,0,0.49,Medium Risk
CRED-13834,CUST-13834,739,On-Time,1,0.24,Medium Risk
CRED-13835,CUST-13835,522,Frequently Late,7,0.76,Very High Risk
CRED-13836,CUST-13836,718,On-Time,0,0.41,Medium Risk
CRED-13837,CUST-13837,682,Occasional Late,0,0.25,Medium Risk
CRED-13838,CUST-13838,773,On-Time,0,0.05,Low Risk
CRED-13839,CUST-13839,708,On-Time,2,0.48,Medium Risk
CRED-13840,CUST-13840,726,On-Time,2,0.34,Medium Risk
CRED-13841,CUST-13841,786,On-Time,0,0.17,Low Risk
CRED-13842,CUST-13842,711,On-Time,0,0.31,Medium Risk
CRED-13843,CUST-13843,706,On-Time,0,0.27,Medium Risk
CRED-13844,CUST-13844,776,On-Time,0,0.07,Low Risk
CRED-13845,CUST-13845,719,On-Time,2,0.36,Medium Risk
CRED-13846,CUST-13846,681,On-Time,0,0.4,Medium Risk
CRED-13847,CUST-13847,707,Occasional Late,1,0.29,Medium Risk
CRED-13848,CUST-13848,562,Frequently Late,7,0.87,Very High Risk
CRED-13849,CUST-13849,682,Occasional Late,1,0.33,Medium Risk
CRED-13850,CUST-13850,642,Occasional Late,3,0.62,High Risk
CRED-13851,CUST-13851,617,Frequently Late,3,0.65,High Risk
CRED-13852,CUST-13852,703,On-Time,0,0.45,Medium Risk
CRED-13853,CUST-13853,728,Occasional Late,1,0.21,Medium Risk
CRED-13854,CUST-13854,708,On-Time,0,0.48,Medium Risk
CRED-13855,CUST-13855,736,On-Time,0,0.31,Medium Risk
CRED-13856,CUST-13856,707,Occasional Late,2,0.48,Medium Risk
CRED-13857,CUST-13857,726,Occasional Late,1,0.4,Medium Risk
CRED-13858,CUST-13858,691,On-Time,0,0.34,Medium Risk
CRED-13859,CUST-13859,625,Occasional Late,4,0.82,High Risk
CRED-13860,CUST-13860,765,On-Time,0,0.19,Low Risk
CRED-13861,CUST-13861,726,On-Time,0,0.42,Medium Risk
CRED-13862,CUST-13862,773,On-Time,0,0.11,Low Risk
CRED-13863,CUST-13863,652,Frequently Late,1,0.81,High Risk
CRED-13864,CUST-13864,618,Frequently Late,1,0.84,High Risk
CRED-13865,CUST-13865,724,Occasional Late,0,0.33,Medium Risk
CRED-13866,CUST-13866,678,Occasional Late,0,0.37,Medium Risk
CRED-13867,CUST-13867,704,On-Time,0,0.44,Medium Risk
CRED-13868,CUST-13868,686,On-Time,0,0.33,Medium Risk
CRED-13869,CUST-13869,508,Default Risk,4,0.94,Very High Risk
CRED-13870,CUST-13870,846,On-Time,0,0.18,Low Risk
CRED-13871,CUST-13871,787,On-Time,0,0.23,Low Risk
CRED-13872,CUST-13872,702,Occasional Late,0,0.26,Medium Risk
CRED-13873,CUST-13873,739,On-Time,1,0.32,Medium Risk
CRED-13874,CUST-13874,648,Frequently Late,3,0.8,High Risk
CRED-13875,CUST-13875,681,On-Time,0,0.45,Medium Risk
CRED-13876,CUST-13876,643,Occasional Late,1,0.45,High Risk
CRED-13877,CUST-13877,691,On-Time,0,0.26,Medium Risk
CRED-13878,CUST-13878,742,On-Time,0,0.34,Medium Risk
CRED-13879,CUST-13879,580,Frequently Late,1,0.47,High Risk
CRED-13880,CUST-13880,719,Occasional Late,0,0.22,Medium Risk
CRED-13881,CUST-13881,528,Default Risk,9,0.73,Very High Risk
CRED-13882,CUST-13882,620,Frequently Late,2,0.77,High Risk
CRED-13883,CUST-13883,689,Occasional Late,0,0.3,Medium Risk
CRED-13884,CUST-13884,691,On-Time,0,0.45,Medium Risk
CRED-13885,CUST-13885,670,On-Time,0,0.36,Medium Risk
CRED-13886,CUST-13886,752,On-Time,0,0.05,Low Risk
CRED-13887,CUST-13887,682,On-Time,0,0.24,Medium Risk
CRED-13888,CUST-13888,763,On-Time,0,0.07,Low Risk
CRED-13889,CUST-13889,671,On-Time,0,0.37,Medium Risk
CRED-13890,CUST-13890,674,On-Time,1,0.49,Medium Risk
CRED-13891,CUST-13891,754,On-Time,0,0.11,Low Risk
CRED-13892,CUST-13892,763,On-Time,0,0.25,Low Risk
CRED-13893,CUST-13893,481,Frequently Late,5,0.96,Very High Risk
CRED-13894,CUST-13894,760,On-Time,0,0.19,Low Risk
CRED-13895,CUST-13895,732,Occasional Late,0,0.28,Medium Risk
CRED-13896,CUST-13896,694,On-Time,0,0.27,Medium Risk
CRED-13897,CUST-13897,758,On-Time,0,0.14,Low Risk
CRED-13898,CUST-13898,779,On-Time,0,0.06,Low Risk
CRED-13899,CUST-13899,746,On-Time,0,0.28,Medium Risk
CRED-13900,CUST-13900,727,On-Time,0,0.33,Medium Risk
CRED-13901,CUST-13901,415,Default Risk,5,0.82,Very High Risk
CRED-13902,CUST-13902,646,Occasional Late,1,0.85,High Risk
CRED-13903,CUST-13903,713,Occasional Late,1,0.3,Medium Risk
CRED-13904,CUST-13904,738,On-Time,0,0.38,Medium Risk
CRED-13905,CUST-13905,709,On-Time,0,0.42,Medium Risk
CRED-13906,CUST-13906,733,On-Time,0,0.44,Medium Risk
CRED-13907,CUST-13907,747,On-Time,0,0.33,Medium Risk
CRED-13908,CUST-13908,502,Default Risk,6,0.95,Very High Risk
CRED-13909,CUST-13909,495,Frequently Late,5,0.97,Very High Risk
CRED-13910,CUST-13910,573,Default Risk,4,0.84,Very High Risk
CRED-13911,CUST-13911,708,On-Time,1,0.29,Medium Risk
CRED-13912,CUST-13912,740,On-Time,2,0.26,Medium Risk
CRED-13913,CUST-13913,378,Default Risk,6,0.97,Very High Risk
CRED-13914,CUST-13914,780,On-Time,0,0.1,Low Risk
CRED-13915,CUST-13915,797,On-Time,0,0.19,Low Risk
CRED-13916,CUST-13916,629,Occasional Late,2,0.82,High Risk
CRED-13917,CUST-13917,541,Default Risk,9,0.81,Very High Risk
CRED-13918,CUST-13918,703,On-Time,0,0.27,Medium Risk
CRED-13919,CUST-13919,747,Occasional Late,0,0.45,Medium Risk
CRED-13920,CUST-13920,686,On-Time,0,0.43,Medium Risk
CRED-13921,CUST-13921,755,On-Time,0,0.21,Low Risk
CRED-13922,CUST-13922,636,Occasional Late,1,0.85,High Risk
CRED-13923,CUST-13923,684,Occasional Late,0,0.22,Medium Risk
CRED-13924,CUST-13924,734,On-Time,1,0.22,Medium Risk
CRED-13925,CUST-13925,658,Frequently Late,1,0.53,High Risk
CRED-13926,CUST-13926,661,Frequently Late,4,0.79,High Risk
CRED-13927,CUST-13927,716,On-Time,1,0.49,Medium Risk
CRED-13928,CUST-13928,704,On-Time,0,0.27,Medium Risk
CRED-13929,CUST-13929,665,Frequently Late,2,0.58,High Risk
CRED-13930,CUST-13930,593,Occasional Late,2,0.74,High Risk
CRED-13931,CUST-13931,697,Occasional Late,0,0.46,Medium Risk
CRED-13932,CUST-13932,716,On-Time,0,0.28,Medium Risk
CRED-13933,CUST-13933,714,Occasional Late,0,0.2,Medium Risk
CRED-13934,CUST-13934,741,On-Time,2,0.44,Medium Risk
CRED-13935,CUST-13935,749,On-Time,0,0.35,Medium Risk
CRED-13936,CUST-13936,695,On-Time,1,0.37,Medium Risk
CRED-13937,CUST-13937,686,On-Time,0,0.38,Medium Risk
CRED-13938,CUST-13938,708,On-Time,2,0.41,Medium Risk
CRED-13939,CUST-13939,613,Frequently Late,1,0.46,High Risk
CRED-13940,CUST-13940,784,On-Time,0,0.08,Low Risk
CRED-13941,CUST-13941,646,Occasional Late,3,0.64,High Risk
CRED-13942,CUST-13942,743,On-Time,1,0.45,Medium Risk
CRED-13943,CUST-13943,730,On-Time,1,0.41,Medium Risk
CRED-13944,CUST-13944,702,On-Time,0,0.47,Medium Risk
CRED-13945,CUST-13945,710,On-Time,2,0.44,Medium Risk
CRED-13946,CUST-13946,683,Occasional Late,1,0.22,Medium Risk
CRED-13947,CUST-13947,747,On-Time,1,0.34,Medium Risk
CRED-13948,CUST-13948,671,Occasional Late,0,0.3,Medium Risk
CRED-13949,CUST-13949,779,On-Time,0,0.19,Low Risk
CRED-13950,CUST-13950,711,On-Time,1,0.37,Medium Risk
CRED-13951,CUST-13951,628,Occasional Late,1,0.54,High Risk
CRED-13952,CUST-13952,695,On-Time,0,0.43,Medium Risk
CRED-13953,CUST-13953,588,Frequently Late,4,0.45,High Risk
CRED-13954,CUST-13954,784,On-Time,0,0.13,Low Risk
CRED-13955,CUST-13955,708,On-Time,0,0.2,Medium Risk
CRED-13956,CUST-13956,720,Occasional Late,1,0.33,Medium Risk
CRED-13957,CUST-13957,790,On-Time,0,0.19,Low Risk
CRED-13958,CUST-13958,715,On-Time,0,0.44,Medium Risk
CRED-13959,CUST-13959,704,On-Time,0,0.28,Medium Risk
CRED-13960,CUST-13960,737,Occasional Late,0,0.36,Medium Risk
CRED-13961,CUST-13961,750,On-Time,0,0.14,Low Risk
CRED-13962,CUST-13962,746,On-Time,1,0.27,Medium Risk
CRED-13963,CUST-13963,728,On-Time,1,0.22,Medium Risk
CRED-13964,CUST-13964,768,On-Time,0,0.05,Low Risk
CRED-13965,CUST-13965,790,On-Time,0,0.17,Low Risk
CRED-13966,CUST-13966,490,Default Risk,10,0.8,Very High Risk
CRED-13967,CUST-13967,696,On-Time,0,0.39,Medium Risk
CRED-13968,CUST-13968,700,On-Time,0,0.28,Medium Risk
CRED-13969,CUST-13969,701,Occasional Late,0,0.44,Medium Risk
CRED-13970,CUST-13970,726,On-Time,0,0.35,Medium Risk
CRED-13971,CUST-13971,821,On-Time,0,0.14,Low Risk
CRED-13972,CUST-13972,640,Occasional Late,1,0.68,High Risk
CRED-13973,CUST-13973,747,Occasional Late,0,0.45,Medium Risk
CRED-13974,CUST-13974,633,Occasional Late,1,0.72,High Risk
CRED-13975,CUST-13975,685,On-Time,0,0.37,Medium Risk
CRED-13976,CUST-13976,731,Occasional Late,0,0.38,Medium Risk
CRED-13977,CUST-13977,722,On-Time,1,0.4,Medium Risk
CRED-13978,CUST-13978,581,Frequently Late,4,0.45,High Risk
CRED-13979,CUST-13979,669,Occasional Late,4,0.8,High Risk
CRED-13980,CUST-13980,595,Frequently Late,4,0.6,High Risk
CRED-13981,CUST-13981,633,Frequently Late,4,0.83,High Risk
CRED-13982,CUST-13982,750,On-Time,0,0.11,Low Risk
CRED-13983,CUST-13983,643,Occasional Late,1,0.81,High Risk
CRED-13984,CUST-13984,730,On-Time,1,0.47,Medium Risk
CRED-13985,CUST-13985,665,Occasional Late,2,0.63,High Risk
CRED-13986,CUST-13986,752,On-Time,0,0.2,Low Risk
CRED-13987,CUST-13987,675,On-Time,0,0.3,Medium Risk
CRED-13988,CUST-13988,667,Frequently Late,4,0.57,High Risk
CRED-13989,CUST-13989,771,On-Time,0,0.2,Low Risk
CRED-13990,CUST-13990,714,On-Time,1,0.5,Medium Risk
CRED-13991,CUST-13991,621,Occasional Late,2,0.8,High Risk
CRED-13992,CUST-13992,712,Occasional Late,1,0.21,Medium Risk
CRED-13993,CUST-13993,736,On-Time,0,0.32,Medium Risk
CRED-13994,CUST-13994,640,Frequently Late,1,0.74,High Risk
CRED-13995,CUST-13995,762,On-Time,0,0.07,Low Risk
CRED-13996,CUST-13996,800,On-Time,0,0.12,Low Risk
CRED-13997,CUST-13997,716,On-Time,0,0.35,Medium Risk
CRED-13998,CUST-13998,662,Occasional Late,4,0.63,High Risk
CRED-13999,CUST-13999,704,Occasional Late,0,0.33,Medium Risk
CRED-14000,CUST-14000,636,Occasional Late,4,0.55,High Risk
CRED-14001,CUST-14001,711,On-Time,0,0.45,Medium Risk
CRED-14002,CUST-14002,713,On-Time,0,0.27,Medium Risk
CRED-14003,CUST-14003,680,Occasional Late,0,0.31,Medium Risk
CRED-14004,CUST-14004,639,Occasional Late,3,0.68,High Risk
CRED-14005,CUST-14005,650,Occasional Late,3,0.61,High Risk
CRED-14006,CUST-14006,628,Occasional Late,2,0.54,High Risk
CRED-14007,CUST-14007,605,Frequently Late,4,0.49,High Risk
CRED-14008,CUST-14008,839,On-Time,0,0.2,Low Risk
CRED-14009,CUST-14009,557,Default Risk,9,0.88,Very High Risk
CRED-14010,CUST-14010,721,Occasional Late,2,0.23,Medium Risk
CRED-14011,CUST-14011,591,Frequently Late,2,0.57,High Risk
CRED-14012,CUST-14012,665,Frequently Late,4,0.68,High Risk
CRED-14013,CUST-14013,735,On-Time,0,0.35,Medium Risk
CRED-14014,CUST-14014,747,On-Time,0,0.3,Medium Risk
CRED-14015,CUST-14015,697,On-Time,1,0.41,Medium Risk
CRED-14016,CUST-14016,667,Frequently Late,1,0.57,High Risk
CRED-14017,CUST-14017,691,Occasional Late,0,0.3,Medium Risk
CRED-14018,CUST-14018,754,On-Time,0,0.2,Low Risk
CRED-14019,CUST-14019,672,On-Time,1,0.45,Medium Risk
CRED-14020,CUST-14020,777,On-Time,0,0.22,Low Risk
CRED-14021,CUST-14021,662,Occasional Late,2,0.53,High Risk
CRED-14022,CUST-14022,690,On-Time,0,0.42,Medium Risk
CRED-14023,CUST-14023,636,Frequently Late,2,0.74,High Risk
CRED-14024,CUST-14024,738,On-Time,0,0.24,Medium Risk
CRED-14025,CUST-14025,583,Occasional Late,1,0.78,High Risk
CRED-14026,CUST-14026,655,Frequently Late,1,0.48,High Risk
CRED-14027,CUST-14027,664,Frequently Late,1,0.59,High Risk
CRED-14028,CUST-14028,706,On-Time,0,0.47,Medium Risk
CRED-14029,CUST-14029,583,Occasional Late,1,0.68,High Risk
CRED-14030,CUST-14030,749,Occasional Late,0,0.45,Medium Risk
CRED-14031,CUST-14031,673,Occasional Late,0,0.39,Medium Risk
CRED-14032,CUST-14032,746,On-Time,2,0.45,Medium Risk
CRED-14033,CUST-14033,658,Frequently Late,1,0.66,High Risk
CRED-14034,CUST-14034,753,On-Time,0,0.16,Low Risk
CRED-14035,CUST-14035,736,On-Time,1,0.25,Medium Risk
CRED-14036,CUST-14036,648,Frequently Late,1,0.76,High Risk
CRED-14037,CUST-14037,670,Occasional Late,0,0.31,Medium Risk
CRED-14038,CUST-14038,733,On-Time,0,0.25,Medium Risk
CRED-14039,CUST-14039,683,On-Time,0,0.44,Medium Risk
CRED-14040,CUST-14040,691,On-Time,2,0.32,Medium Risk
CRED-14041,CUST-14041,732,Occasional Late,1,0.49,Medium Risk
CRED-14042,CUST-14042,595,Frequently Late,4,0.81,High Risk
CRED-14043,CUST-14043,681,On-Time,1,0.42,Medium Risk
CRED-14044,CUST-14044,556,Default Risk,9,0.89,Very High Risk
CRED-14045,CUST-14045,712,Occasional Late,0,0.25,Medium Risk
CRED-14046,CUST-14046,774,On-Time,0,0.09,Low Risk
CRED-14047,CUST-14047,724,Occasional Late,0,0.48,Medium Risk
CRED-14048,CUST-14048,714,On-Time,0,0.45,Medium Risk
CRED-14049,CUST-14049,684,On-Time,0,0.35,Medium Risk
CRED-14050,CUST-14050,764,On-Time,0,0.25,Low Risk
CRED-14051,CUST-14051,667,Occasional Late,4,0.59,High Risk
CRED-14052,CUST-14052,773,On-Time,0,0.15,Low Risk
CRED-14053,CUST-14053,711,Occasional Late,0,0.39,Medium Risk
CRED-14054,CUST-14054,688,On-Time,0,0.36,Medium Risk
CRED-14055,CUST-14055,609,Occasional Late,3,0.54,High Risk
CRED-14056,CUST-14056,748,On-Time,0,0.25,Medium Risk
CRED-14057,CUST-14057,732,On-Time,0,0.41,Medium Risk
CRED-14058,CUST-14058,755,On-Time,0,0.15,Low Risk
CRED-14059,CUST-14059,719,On-Time,1,0.28,Medium Risk
CRED-14060,CUST-14060,692,On-Time,0,0.45,Medium Risk
CRED-14061,CUST-14061,761,On-Time,0,0.08,Low Risk
CRED-14062,CUST-14062,650,Frequently Late,4,0.8,High Risk
CRED-14063,CUST-14063,664,Frequently Late,3,0.76,High Risk
CRED-14064,CUST-14064,433,Default Risk,8,0.76,Very High Risk
CRED-14065,CUST-14065,790,On-Time,0,0.08,Low Risk
CRED-14066,CUST-14066,581,Frequently Late,1,0.51,High Risk
CRED-14067,CUST-14067,779,On-Time,0,0.13,Low Risk
CRED-14068,CUST-14068,738,On-Time,0,0.25,Medium Risk
CRED-14069,CUST-14069,779,On-Time,0,0.19,Low Risk
CRED-14070,CUST-14070,589,Occasional Late,3,0.85,High Risk
CRED-14071,CUST-14071,739,On-Time,0,0.25,Medium Risk
CRED-14072,CUST-14072,722,On-Time,0,0.21,Medium Risk
CRED-14073,CUST-14073,765,On-Time,0,0.12,Low Risk
CRED-14074,CUST-14074,760,On-Time,0,0.05,Low Risk
CRED-14075,CUST-14075,717,On-Time,0,0.32,Medium Risk
CRED-14076,CUST-14076,680,On-Time,0,0.3,Medium Risk
CRED-14077,CUST-14077,722,On-Time,1,0.27,Medium Risk
CRED-14078,CUST-14078,756,On-Time,0,0.2,Low Risk
CRED-14079,CUST-14079,599,Frequently Late,1,0.51,High Risk
CRED-14080,CUST-14080,524,Default Risk,10,0.74,Very High Risk
CRED-14081,CUST-14081,728,On-Time,0,0.39,Medium Risk
CRED-14082,CUST-14082,571,Frequently Late,9,0.87,Very High Risk
CRED-14083,CUST-14083,724,On-Time,0,0.24,Medium Risk
CRED-14084,CUST-14084,745,On-Time,0,0.48,Medium Risk
CRED-14085,CUST-14085,663,Occasional Late,4,0.5,High Risk
CRED-14086,CUST-14086,722,On-Time,0,0.25,Medium Risk
CRED-14087,CUST-14087,661,Frequently Late,3,0.65,High Risk
CRED-14088,CUST-14088,705,On-Time,1,0.36,Medium Risk
CRED-14089,CUST-14089,719,Occasional Late,0,0.47,Medium Risk
CRED-14090,CUST-14090,730,On-Time,1,0.22,Medium Risk
CRED-14091,CUST-14091,645,Occasional Late,4,0.71,High Risk
CRED-14092,CUST-14092,691,On-Time,0,0.47,Medium Risk
CRED-14093,CUST-14093,734,Occasional Late,0,0.26,Medium Risk
CRED-14094,CUST-14094,664,Occasional Late,3,0.55,High Risk
CRED-14095,CUST-14095,562,Default Risk,10,0.78,Very High Risk
CRED-14096,CUST-14096,716,On-Time,0,0.31,Medium Risk
CRED-14097,CUST-14097,617,Occasional Late,3,0.66,High Risk
CRED-14098,CUST-14098,542,Frequently Late,8,0.77,Very High Risk
CRED-14099,CUST-14099,667,Occasional Late,1,0.58,High Risk
CRED-14100,CUST-14100,649,Occasional Late,2,0.52,High Risk
CRED-14101,CUST-14101,660,Frequently Late,1,0.55,High Risk
CRED-14102,CUST-14102,709,On-Time,0,0.26,Medium Risk
CRED-14103,CUST-14103,639,Frequently Late,3,0.57,High Risk
CRED-14104,CUST-14104,685,On-Time,0,0.34,Medium Risk
CRED-14105,CUST-14105,826,On-Time,0,0.06,Low Risk
CRED-14106,CUST-14106,593,Occasional Late,2,0.84,High Risk
CRED-14107,CUST-14107,709,Occasional Late,1,0.4,Medium Risk
CRED-14108,CUST-14108,676,On-Time,0,0.42,Medium Risk
CRED-14109,CUST-14109,660,Frequently Late,3,0.84,High Risk
CRED-14110,CUST-14110,503,Default Risk,6,0.93,Very High Risk
CRED-14111,CUST-14111,680,Occasional Late,0,0.29,Medium Risk
CRED-14112,CUST-14112,804,On-Time,1,0.2,Low Risk
CRED-14113,CUST-14113,694,On-Time,0,0.23,Medium Risk
CRED-14114,CUST-14114,691,On-Time,0,0.2,Medium Risk
CRED-14115,CUST-14115,568,Frequently Late,7,0.83,Very High Risk
CRED-14116,CUST-14116,494,Default Risk,11,0.84,Very High Risk
CRED-14117,CUST-14117,595,Occasional Late,1,0.66,High Risk
CRED-14118,CUST-14118,691,On-Time,0,0.3,Medium Risk
CRED-14119,CUST-14119,752,On-Time,0,0.1,Low Risk
CRED-14120,CUST-14120,692,On-Time,0,0.22,Medium Risk
CRED-14121,CUST-14121,786,On-Time,0,0.25,Low Risk
CRED-14122,CUST-14122,732,On-Time,0,0.47,Medium Risk
CRED-14123,CUST-14123,754,On-Time,0,0.11,Low Risk
CRED-14124,CUST-14124,772,On-Time,0,0.13,Low Risk
CRED-14125,CUST-14125,747,On-Time,0,0.42,Medium Risk
CRED-14126,CUST-14126,738,Occasional Late,1,0.27,Medium Risk
CRED-14127,CUST-14127,672,Occasional Late,2,0.35,Medium Risk
CRED-14128,CUST-14128,713,On-Time,0,0.31,Medium Risk
CRED-14129,CUST-14129,791,On-Time,0,0.14,Low Risk
CRED-14130,CUST-14130,731,On-Time,0,0.22,Medium Risk
CRED-14131,CUST-14131,489,Default Risk,9,0.7,Very High Risk
CRED-14132,CUST-14132,666,Frequently Late,4,0.8,High Risk
CRED-14133,CUST-14133,740,On-Time,1,0.24,Medium Risk
CRED-14134,CUST-14134,627,Occasional Late,2,0.72,High Risk
CRED-14135,CUST-14135,712,On-Time,0,0.44,Medium Risk
CRED-14136,CUST-14136,776,On-Time,0,0.13,Low Risk
CRED-14137,CUST-14137,656,Occasional Late,3,0.79,High Risk
CRED-14138,CUST-14138,784,On-Time,0,0.12,Low Risk
CRED-14139,CUST-14139,829,On-Time,0,0.24,Low Risk
CRED-14140,CUST-14140,792,On-Time,0,0.2,Low Risk
CRED-14141,CUST-14141,749,On-Time,0,0.34,Medium Risk
CRED-14142,CUST-14142,769,On-Time,0,0.14,Low Risk
CRED-14143,CUST-14143,631,Occasional Late,3,0.69,High Risk
CRED-14144,CUST-14144,736,On-Time,1,0.42,Medium Risk
CRED-14145,CUST-14145,739,On-Time,0,0.25,Medium Risk
CRED-14146,CUST-14146,709,Occasional Late,1,0.26,Medium Risk
CRED-14147,CUST-14147,717,Occasional Late,1,0.35,Medium Risk
CRED-14148,CUST-14148,627,Frequently Late,4,0.59,High Risk
CRED-14149,CUST-14149,573,Frequently Late,7,0.73,Very High Risk
CRED-14150,CUST-14150,757,On-Time,0,0.05,Low Risk
CRED-14151,CUST-14151,643,Occasional Late,1,0.54,High Risk
CRED-14152,CUST-14152,626,Frequently Late,2,0.72,High Risk
CRED-14153,CUST-14153,737,On-Time,0,0.39,Medium Risk
CRED-14154,CUST-14154,658,Occasional Late,2,0.54,High Risk
CRED-14155,CUST-14155,753,On-Time,0,0.14,Low Risk
CRED-14156,CUST-14156,727,On-Time,1,0.32,Medium Risk
CRED-14157,CUST-14157,777,On-Time,0,0.16,Low Risk
CRED-14158,CUST-14158,616,Frequently Late,4,0.81,High Risk
CRED-14159,CUST-14159,657,Occasional Late,2,0.58,High Risk
CRED-14160,CUST-14160,697,On-Time,0,0.28,Medium Risk
CRED-14161,CUST-14161,575,Default Risk,7,0.73,Very High Risk
CRED-14162,CUST-14162,700,On-Time,2,0.45,Medium Risk
CRED-14163,CUST-14163,579,Default Risk,5,0.74,Very High Risk
CRED-14164,CUST-14164,797,On-Time,0,0.21,Low Risk
CRED-14165,CUST-14165,651,Frequently Late,4,0.8,High Risk
CRED-14166,CUST-14166,731,On-Time,2,0.28,Medium Risk
CRED-14167,CUST-14167,685,On-Time,0,0.35,Medium Risk
CRED-14168,CUST-14168,577,Frequently Late,5,0.71,Very High Risk
CRED-14169,CUST-14169,728,On-Time,1,0.42,Medium Risk
CRED-14170,CUST-14170,748,On-Time,0,0.38,Medium Risk
CRED-14171,CUST-14171,638,Frequently Late,2,0.78,High Risk
CRED-14172,CUST-14172,707,On-Time,0,0.46,Medium Risk
CRED-14173,CUST-14173,791,On-Time,0,0.21,Low Risk
CRED-14174,CUST-14174,758,On-Time,0,0.24,Low Risk
CRED-14175,CUST-14175,736,On-Time,1,0.4,Medium Risk
CRED-14176,CUST-14176,695,Occasional Late,0,0.49,Medium Risk
CRED-14177,CUST-14177,697,Occasional Late,0,0.47,Medium Risk
CRED-14178,CUST-14178,751,On-Time,0,0.24,Low Risk
CRED-14179,CUST-14179,738,On-Time,0,0.36,Medium Risk
CRED-14180,CUST-14180,666,Frequently Late,3,0.69,High Risk
CRED-14181,CUST-14181,720,On-Time,2,0.34,Medium Risk
CRED-14182,CUST-14182,721,On-Time,0,0.5,Medium Risk
CRED-14183,CUST-14183,682,Occasional Late,0,0.42,Medium Risk
CRED-14184,CUST-14184,617,Frequently Late,1,0.64,High Risk
CRED-14185,CUST-14185,532,Default Risk,8,0.8,Very High Risk
CRED-14186,CUST-14186,514,Default Risk,6,0.94,Very High Risk
CRED-14187,CUST-14187,767,On-Time,0,0.17,Low Risk
CRED-14188,CUST-14188,722,On-Time,0,0.48,Medium Risk
CRED-14189,CUST-14189,733,On-Time,0,0.46,Medium Risk
CRED-14190,CUST-14190,735,On-Time,0,0.35,Medium Risk
CRED-14191,CUST-14191,613,Frequently Late,1,0.69,High Risk
CRED-14192,CUST-14192,747,On-Time,1,0.25,Medium Risk
CRED-14193,CUST-14193,649,Frequently Late,4,0.73,High Risk
CRED-14194,CUST-14194,703,On-Time,0,0.31,Medium Risk
CRED-14195,CUST-14195,691,Occasional Late,0,0.45,Medium Risk
CRED-14196,CUST-14196,749,Occasional Late,0,0.46,Medium Risk
CRED-14197,CUST-14197,657,Occasional Late,2,0.49,High Risk
CRED-14198,CUST-14198,547,Frequently Late,9,0.78,Very High Risk
CRED-14199,CUST-14199,745,On-Time,0,0.48,Medium Risk
CRED-14200,CUST-14200,724,On-Time,2,0.37,Medium Risk
CRED-14201,CUST-14201,605,Occasional Late,1,0.47,High Risk
CRED-14202,CUST-14202,722,On-Time,0,0.5,Medium Risk
CRED-14203,CUST-14203,688,On-Time,0,0.38,Medium Risk
CRED-14204,CUST-14204,737,On-Time,0,0.25,Medium Risk
CRED-14205,CUST-14205,743,On-Time,0,0.26,Medium Risk
CRED-14206,CUST-14206,593,Frequently Late,1,0.54,High Risk
CRED-14207,CUST-14207,713,Occasional Late,0,0.43,Medium Risk
CRED-14208,CUST-14208,752,On-Time,0,0.16,Low Risk
CRED-14209,CUST-14209,675,Occasional Late,0,0.5,Medium Risk
CRED-14210,CUST-14210,579,Default Risk,8,0.85,Very High Risk
CRED-14211,CUST-14211,666,Occasional Late,1,0.59,High Risk
CRED-14212,CUST-14212,725,On-Time,0,0.28,Medium Risk
CRED-14213,CUST-14213,748,On-Time,0,0.49,Medium Risk
CRED-14214,CUST-14214,669,Frequently Late,4,0.67,High Risk
CRED-14215,CUST-14215,544,Default Risk,10,0.72,Very High Risk
CRED-14216,CUST-14216,695,On-Time,0,0.35,Medium Risk
CRED-14217,CUST-14217,757,On-Time,0,0.11,Low Risk
CRED-14218,CUST-14218,709,Occasional Late,0,0.42,Medium Risk
CRED-14219,CUST-14219,703,On-Time,0,0.24,Medium Risk
CRED-14220,CUST-14220,743,On-Time,0,0.21,Medium Risk
CRED-14221,CUST-14221,517,Frequently Late,11,0.88,Very High Risk
CRED-14222,CUST-14222,773,On-Time,0,0.25,Low Risk
CRED-14223,CUST-14223,721,On-Time,0,0.48,Medium Risk
CRED-14224,CUST-14224,671,Occasional Late,0,0.47,Medium Risk
CRED-14225,CUST-14225,709,On-Time,0,0.41,Medium Risk
CRED-14226,CUST-14226,629,Frequently Late,1,0.58,High Risk
CRED-14227,CUST-14227,750,On-Time,0,0.1,Low Risk
CRED-14228,CUST-14228,666,Occasional Late,1,0.84,High Risk
CRED-14229,CUST-14229,787,On-Time,0,0.17,Low Risk
CRED-14230,CUST-14230,765,On-Time,0,0.16,Low Risk
CRED-14231,CUST-14231,669,Frequently Late,1,0.58,High Risk
CRED-14232,CUST-14232,764,On-Time,0,0.16,Low Risk
CRED-14233,CUST-14233,558,Default Risk,11,0.85,Very High Risk
CRED-14234,CUST-14234,641,Occasional Late,1,0.49,High Risk
CRED-14235,CUST-14235,704,Occasional Late,0,0.36,Medium Risk
CRED-14236,CUST-14236,713,Occasional Late,2,0.43,Medium Risk
CRED-14237,CUST-14237,703,On-Time,2,0.44,Medium Risk
CRED-14238,CUST-14238,734,On-Time,0,0.33,Medium Risk
CRED-14239,CUST-14239,693,On-Time,0,0.29,Medium Risk
CRED-14240,CUST-14240,776,On-Time,0,0.16,Low Risk
CRED-14241,CUST-14241,698,On-Time,2,0.45,Medium Risk
CRED-14242,CUST-14242,716,On-Time,0,0.34,Medium Risk
CRED-14243,CUST-14243,735,Occasional Late,0,0.31,Medium Risk
CRED-14244,CUST-14244,458,Default Risk,5,0.94,Very High Risk
CRED-14245,CUST-14245,550,Default Risk,11,0.93,Very High Risk
CRED-14246,CUST-14246,674,On-Time,0,0.38,Medium Risk
CRED-14247,CUST-14247,544,Default Risk,10,0.98,Very High Risk
CRED-14248,CUST-14248,761,On-Time,0,0.07,Low Risk
CRED-14249,CUST-14249,788,On-Time,0,0.19,Low Risk
CRED-14250,CUST-14250,743,On-Time,0,0.36,Medium Risk
CRED-14251,CUST-14251,726,On-Time,1,0.48,Medium Risk
CRED-14252,CUST-14252,683,On-Time,0,0.42,Medium Risk
CRED-14253,CUST-14253,698,On-Time,0,0.36,Medium Risk
CRED-14254,CUST-14254,677,Occasional Late,0,0.43,Medium Risk
CRED-14255,CUST-14255,672,Occasional Late,1,0.5,Medium Risk
CRED-14256,CUST-14256,701,Occasional Late,2,0.34,Medium Risk
CRED-14257,CUST-14257,656,Frequently Late,4,0.6,High Risk
CRED-14258,CUST-14258,712,On-Time,0,0.44,Medium Risk
CRED-14259,CUST-14259,750,On-Time,0,0.15,Low Risk
CRED-14260,CUST-14260,753,On-Time,0,0.1,Low Risk
CRED-14261,CUST-14261,739,On-Time,2,0.44,Medium Risk
CRED-14262,CUST-14262,637,Occasional Late,1,0.8,High Risk
CRED-14263,CUST-14263,611,Occasional Late,4,0.58,High Risk
CRED-14264,CUST-14264,693,On-Time,1,0.24,Medium Risk
CRED-14265,CUST-14265,730,On-Time,0,0.26,Medium Risk
CRED-14266,CUST-14266,695,Occasional Late,0,0.44,Medium Risk
CRED-14267,CUST-14267,687,Occasional Late,0,0.3,Medium Risk
CRED-14268,CUST-14268,756,On-Time,0,0.17,Low Risk
CRED-14269,CUST-14269,621,Frequently Late,1,0.76,High Risk
CRED-14270,CUST-14270,700,On-Time,0,0.45,Medium Risk
CRED-14271,CUST-14271,769,On-Time,0,0.14,Low Risk
CRED-14272,CUST-14272,512,Default Risk,9,0.88,Very High Risk
CRED-14273,CUST-14273,543,Default Risk,6,0.79,Very High Risk
CRED-14274,CUST-14274,590,Frequently Late,4,0.8,High Risk
CRED-14275,CUST-14275,706,Occasional Late,0,0.27,Medium Risk
CRED-14276,CUST-14276,624,Frequently Late,2,0.84,High Risk
CRED-14277,CUST-14277,761,On-Time,0,0.21,Low Risk
CRED-14278,CUST-14278,721,On-Time,0,0.43,Medium Risk
CRED-14279,CUST-14279,664,Occasional Late,2,0.62,High Risk
CRED-14280,CUST-14280,691,On-Time,0,0.47,Medium Risk
CRED-14281,CUST-14281,786,On-Time,0,0.12,Low Risk
CRED-14282,CUST-14282,693,On-Time,1,0.34,Medium Risk
CRED-14283,CUST-14283,805,On-Time,0,0.07,Low Risk
CRED-14284,CUST-14284,665,Frequently Late,1,0.7,High Risk
CRED-14285,CUST-14285,695,On-Time,0,0.4,Medium Risk
CRED-14286,CUST-14286,616,Occasional Late,4,0.57,High Risk
CRED-14287,CUST-14287,779,On-Time,0,0.12,Low Risk
CRED-14288,CUST-14288,696,Occasional Late,0,0.45,Medium Risk
CRED-14289,CUST-14289,619,Frequently Late,4,0.57,High Risk
CRED-14290,CUST-14290,639,Frequently Late,1,0.66,High Risk
CRED-14291,CUST-14291,605,Frequently Late,1,0.71,High Risk
CRED-14292,CUST-14292,744,Occasional Late,0,0.25,Medium Risk
CRED-14293,CUST-14293,675,On-Time,0,0.32,Medium Risk
CRED-14294,CUST-14294,651,Occasional Late,4,0.65,High Risk
CRED-14295,CUST-14295,799,On-Time,0,0.18,Low Risk
CRED-14296,CUST-14296,730,Occasional Late,0,0.36,Medium Risk
CRED-14297,CUST-14297,498,Default Risk,10,0.85,Very High Risk
CRED-14298,CUST-14298,790,On-Time,0,0.19,Low Risk
CRED-14299,CUST-14299,605,Occasional Late,4,0.8,High Risk
CRED-14300,CUST-14300,743,On-Time,1,0.2,Medium Risk
CRED-14301,CUST-14301,717,On-Time,0,0.23,Medium Risk
CRED-14302,CUST-14302,734,On-Time,0,0.29,Medium Risk
CRED-14303,CUST-14303,771,On-Time,0,0.16,Low Risk
CRED-14304,CUST-14304,743,On-Time,0,0.41,Medium Risk
CRED-14305,CUST-14305,767,On-Time,0,0.07,Low Risk
CRED-14306,CUST-14306,685,On-Time,0,0.41,Medium Risk
CRED-14307,CUST-14307,768,On-Time,0,0.13,Low Risk
CRED-14308,CUST-14308,643,Occasional Late,1,0.53,High Risk
CRED-14309,CUST-14309,785,On-Time,0,0.21,Low Risk
CRED-14310,CUST-14310,687,Occasional Late,0,0.24,Medium Risk
CRED-14311,CUST-14311,632,Frequently Late,4,0.79,High Risk
CRED-14312,CUST-14312,662,Occasional Late,4,0.48,High Risk
CRED-14313,CUST-14313,666,Occasional Late,2,0.58,High Risk
CRED-14314,CUST-14314,707,On-Time,0,0.23,Medium Risk
CRED-14315,CUST-14315,651,Occasional Late,1,0.52,High Risk
CRED-14316,CUST-14316,726,On-Time,0,0.25,Medium Risk
CRED-14317,CUST-14317,595,Occasional Late,2,0.74,High Risk
CRED-14318,CUST-14318,776,On-Time,0,0.21,Low Risk
CRED-14319,CUST-14319,627,Frequently Late,4,0.79,High Risk
CRED-14320,CUST-14320,767,On-Time,0,0.16,Low Risk
CRED-14321,CUST-14321,663,Frequently Late,2,0.56,High Risk
CRED-14322,CUST-14322,725,On-Time,0,0.24,Medium Risk
CRED-14323,CUST-14323,739,Occasional Late,0,0.43,Medium Risk
CRED-14324,CUST-14324,627,Occasional Late,4,0.8,High Risk
CRED-14325,CUST-14325,742,On-Time,0,0.44,Medium Risk
CRED-14326,CUST-14326,742,On-Time,0,0.2,Medium Risk
CRED-14327,CUST-14327,740,On-Time,1,0.46,Medium Risk
CRED-14328,CUST-14328,698,On-Time,0,0.47,Medium Risk
CRED-14329,CUST-14329,491,Default Risk,9,0.76,Very High Risk
CRED-14330,CUST-14330,694,Occasional Late,0,0.43,Medium Risk
CRED-14331,CUST-14331,640,Occasional Late,1,0.57,High Risk
CRED-14332,CUST-14332,562,Frequently Late,10,0.93,Very High Risk
CRED-14333,CUST-14333,825,On-Time,1,0.12,Low Risk
CRED-14334,CUST-14334,701,On-Time,0,0.42,Medium Risk
CRED-14335,CUST-14335,653,Frequently Late,3,0.59,High Risk
CRED-14336,CUST-14336,596,Occasional Late,4,0.51,High Risk
CRED-14337,CUST-14337,795,On-Time,0,0.24,Low Risk
CRED-14338,CUST-14338,775,On-Time,0,0.17,Low Risk
CRED-14339,CUST-14339,693,On-Time,0,0.43,Medium Risk
CRED-14340,CUST-14340,700,On-Time,0,0.28,Medium Risk
CRED-14341,CUST-14341,669,Occasional Late,3,0.64,High Risk
CRED-14342,CUST-14342,724,On-Time,0,0.27,Medium Risk
CRED-14343,CUST-14343,672,Occasional Late,0,0.43,Medium Risk
CRED-14344,CUST-14344,738,Occasional Late,0,0.21,Medium Risk
CRED-14345,CUST-14345,788,On-Time,0,0.15,Low Risk
CRED-14346,CUST-14346,703,On-Time,0,0.33,Medium Risk
CRED-14347,CUST-14347,642,Occasional Late,3,0.62,High Risk
CRED-14348,CUST-14348,778,On-Time,0,0.06,Low Risk
CRED-14349,CUST-14349,689,On-Time,0,0.27,Medium Risk
CRED-14350,CUST-14350,715,On-Time,0,0.3,Medium Risk
CRED-14351,CUST-14351,706,On-Time,0,0.38,Medium Risk
CRED-14352,CUST-14352,673,On-Time,0,0.25,Medium Risk
CRED-14353,CUST-14353,718,On-Time,0,0.46,Medium Risk
CRED-14354,CUST-14354,757,On-Time,0,0.09,Low Risk
CRED-14355,CUST-14355,729,On-Time,1,0.32,Medium Risk
CRED-14356,CUST-14356,642,Frequently Late,2,0.47,High Risk
CRED-14357,CUST-14357,400,Default Risk,8,0.91,Very High Risk
CRED-14358,CUST-14358,708,On-Time,0,0.43,Medium Risk
CRED-14359,CUST-14359,679,On-Time,1,0.31,Medium Risk
CRED-14360,CUST-14360,621,Occasional Late,3,0.84,High Risk
CRED-14361,CUST-14361,656,Occasional Late,3,0.72,High Risk
CRED-14362,CUST-14362,706,On-Time,0,0.48,Medium Risk
CRED-14363,CUST-14363,707,On-Time,2,0.43,Medium Risk
CRED-14364,CUST-14364,740,Occasional Late,1,0.33,Medium Risk
CRED-14365,CUST-14365,690,On-Time,1,0.21,Medium Risk
CRED-14366,CUST-14366,696,On-Time,0,0.3,Medium Risk
CRED-14367,CUST-14367,638,Frequently Late,3,0.49,High Risk
CRED-14368,CUST-14368,677,On-Time,2,0.46,Medium Risk
CRED-14369,CUST-14369,731,On-Time,0,0.5,Medium Risk
CRED-14370,CUST-14370,764,On-Time,0,0.18,Low Risk
CRED-14371,CUST-14371,592,Occasional Late,3,0.56,High Risk
CRED-14372,CUST-14372,727,Occasional Late,0,0.44,Medium Risk
CRED-14373,CUST-14373,744,Occasional Late,2,0.33,Medium Risk
CRED-14374,CUST-14374,679,On-Time,1,0.23,Medium Risk
CRED-14375,CUST-14375,655,Occasional Late,4,0.54,High Risk
CRED-14376,CUST-14376,799,On-Time,0,0.05,Low Risk
CRED-14377,CUST-14377,751,On-Time,0,0.19,Low Risk
CRED-14378,CUST-14378,776,On-Time,0,0.07,Low Risk
CRED-14379,CUST-14379,699,On-Time,0,0.24,Medium Risk
CRED-14380,CUST-14380,707,On-Time,0,0.35,Medium Risk
CRED-14381,CUST-14381,658,Occasional Late,4,0.46,High Risk
CRED-14382,CUST-14382,770,On-Time,0,0.1,Low Risk
CRED-14383,CUST-14383,758,On-Time,0,0.1,Low Risk
CRED-14384,CUST-14384,725,On-Time,0,0.49,Medium Risk
CRED-14385,CUST-14385,731,On-Time,0,0.41,Medium Risk
CRED-14386,CUST-14386,847,On-Time,0,0.21,Low Risk
CRED-14387,CUST-14387,770,On-Time,0,0.17,Low Risk
CRED-14388,CUST-14388,739,On-Time,0,0.44,Medium Risk
CRED-14389,CUST-14389,630,Occasional Late,4,0.67,High Risk
CRED-14390,CUST-14390,787,On-Time,0,0.24,Low Risk
CRED-14391,CUST-14391,698,On-Time,0,0.38,Medium Risk
CRED-14392,CUST-14392,639,Frequently Late,3,0.75,High Risk
CRED-14393,CUST-14393,711,Occasional Late,0,0.24,Medium Risk
CRED-14394,CUST-14394,773,On-Time,0,0.07,Low Risk
CRED-14395,CUST-14395,788,On-Time,0,0.1,Low Risk
CRED-14396,CUST-14396,790,On-Time,0,0.13,Low Risk
CRED-14397,CUST-14397,601,Occasional Late,2,0.81,High Risk
CRED-14398,CUST-14398,616,Frequently Late,2,0.65,High Risk
CRED-14399,CUST-14399,682,On-Time,1,0.24,Medium Risk
CRED-14400,CUST-14400,721,Occasional Late,0,0.28,Medium Risk
CRED-14401,CUST-14401,704,Occasional Late,0,0.27,Medium Risk
CRED-14402,CUST-14402,513,Frequently Late,7,0.91,Very High Risk
CRED-14403,CUST-14403,769,On-Time,0,0.11,Low Risk
CRED-14404,CUST-14404,687,On-Time,0,0.22,Medium Risk
CRED-14405,CUST-14405,658,Frequently Late,1,0.52,High Risk
CRED-14406,CUST-14406,670,On-Time,0,0.28,Medium Risk
CRED-14407,CUST-14407,685,On-Time,1,0.23,Medium Risk
CRED-14408,CUST-14408,698,Occasional Late,0,0.34,Medium Risk
CRED-14409,CUST-14409,729,On-Time,1,0.32,Medium Risk
CRED-14410,CUST-14410,646,Occasional Late,1,0.75,High Risk
CRED-14411,CUST-14411,778,On-Time,1,0.23,Low Risk
CRED-14412,CUST-14412,742,On-Time,1,0.27,Medium Risk
CRED-14413,CUST-14413,715,On-Time,0,0.49,Medium Risk
CRED-14414,CUST-14414,699,On-Time,0,0.23,Medium Risk
CRED-14415,CUST-14415,738,On-Time,0,0.25,Medium Risk
CRED-14416,CUST-14416,682,On-Time,0,0.25,Medium Risk
CRED-14417,CUST-14417,772,On-Time,0,0.19,Low Risk
CRED-14418,CUST-14418,750,On-Time,0,0.16,Low Risk
CRED-14419,CUST-14419,777,On-Time,0,0.18,Low Risk
CRED-14420,CUST-14420,669,Occasional Late,2,0.75,High Risk
CRED-14421,CUST-14421,646,Occasional Late,2,0.63,High Risk
CRED-14422,CUST-14422,708,On-Time,0,0.24,Medium Risk
CRED-14423,CUST-14423,741,On-Time,0,0.26,Medium Risk
CRED-14424,CUST-14424,591,Frequently Late,3,0.7,High Risk
CRED-14425,CUST-14425,743,Occasional Late,0,0.23,Medium Risk
CRED-14426,CUST-14426,651,Occasional Late,4,0.6,High Risk
CRED-14427,CUST-14427,522,Default Risk,5,0.76,Very High Risk
CRED-14428,CUST-14428,728,On-Time,0,0.41,Medium Risk
CRED-14429,CUST-14429,644,Frequently Late,4,0.63,High Risk
CRED-14430,CUST-14430,690,On-Time,0,0.23,Medium Risk
CRED-14431,CUST-14431,802,On-Time,0,0.18,Low Risk
CRED-14432,CUST-14432,673,On-Time,0,0.29,Medium Risk
CRED-14433,CUST-14433,812,On-Time,0,0.2,Low Risk
CRED-14434,CUST-14434,765,On-Time,0,0.14,Low Risk
CRED-14435,CUST-14435,719,On-Time,0,0.41,Medium Risk
CRED-14436,CUST-14436,750,On-Time,1,0.15,Low Risk
CRED-14437,CUST-14437,749,Occasional Late,2,0.45,Medium Risk
CRED-14438,CUST-14438,696,Occasional Late,1,0.41,Medium Risk
CRED-14439,CUST-14439,777,On-Time,0,0.09,Low Risk
CRED-14440,CUST-14440,722,On-Time,0,0.46,Medium Risk
CRED-14441,CUST-14441,720,On-Time,0,0.34,Medium Risk
CRED-14442,CUST-14442,702,Occasional Late,0,0.31,Medium Risk
CRED-14443,CUST-14443,777,On-Time,0,0.16,Low Risk
CRED-14444,CUST-14444,768,On-Time,1,0.16,Low Risk
CRED-14445,CUST-14445,453,Frequently Late,9,0.74,Very High Risk
CRED-14446,CUST-14446,660,Frequently Late,1,0.45,High Risk
CRED-14447,CUST-14447,713,On-Time,0,0.43,Medium Risk
CRED-14448,CUST-14448,712,On-Time,0,0.22,Medium Risk
CRED-14449,CUST-14449,571,Default Risk,10,0.91,Very High Risk
CRED-14450,CUST-14450,723,On-Time,0,0.45,Medium Risk
CRED-14451,CUST-14451,746,On-Time,0,0.23,Medium Risk
CRED-14452,CUST-14452,719,Occasional Late,1,0.26,Medium Risk
CRED-14453,CUST-14453,687,On-Time,1,0.28,Medium Risk
CRED-14454,CUST-14454,610,Frequently Late,3,0.51,High Risk
CRED-14455,CUST-14455,783,On-Time,0,0.18,Low Risk
CRED-14456,CUST-14456,752,On-Time,0,0.07,Low Risk
CRED-14457,CUST-14457,683,On-Time,0,0.32,Medium Risk
CRED-14458,CUST-14458,579,Default Risk,9,0.93,Very High Risk
CRED-14459,CUST-14459,623,Frequently Late,3,0.83,High Risk
CRED-14460,CUST-14460,683,On-Time,2,0.32,Medium Risk
CRED-14461,CUST-14461,735,On-Time,0,0.37,Medium Risk
CRED-14462,CUST-14462,743,On-Time,1,0.5,Medium Risk
CRED-14463,CUST-14463,731,On-Time,0,0.45,Medium Risk
CRED-14464,CUST-14464,776,On-Time,0,0.2,Low Risk
CRED-14465,CUST-14465,778,On-Time,0,0.2,Low Risk
CRED-14466,CUST-14466,711,Occasional Late,0,0.37,Medium Risk
CRED-14467,CUST-14467,665,Occasional Late,4,0.7,High Risk
CRED-14468,CUST-14468,676,On-Time,0,0.37,Medium Risk
CRED-14469,CUST-14469,670,On-Time,1,0.48,Medium Risk
CRED-14470,CUST-14470,721,On-Time,0,0.43,Medium Risk
CRED-14471,CUST-14471,771,On-Time,0,0.06,Low Risk
CRED-14472,CUST-14472,717,On-Time,0,0.4,Medium Risk
CRED-14473,CUST-14473,578,Frequently Late,9,0.85,Very High Risk
CRED-14474,CUST-14474,603,Occasional Late,4,0.6,High Risk
CRED-14475,CUST-14475,703,Occasional Late,0,0.25,Medium Risk
CRED-14476,CUST-14476,615,Occasional Late,1,0.8,High Risk
CRED-14477,CUST-14477,649,Occasional Late,1,0.7,High Risk
CRED-14478,CUST-14478,705,Occasional Late,0,0.3,Medium Risk
CRED-14479,CUST-14479,550,Frequently Late,7,0.96,Very High Risk
CRED-14480,CUST-14480,737,Occasional Late,0,0.3,Medium Risk
CRED-14481,CUST-14481,705,Occasional Late,0,0.44,Medium Risk
CRED-14482,CUST-14482,677,On-Time,0,0.41,Medium Risk
CRED-14483,CUST-14483,664,Occasional Late,1,0.67,High Risk
CRED-14484,CUST-14484,629,Frequently Late,3,0.74,High Risk
CRED-14485,CUST-14485,723,On-Time,0,0.45,Medium Risk
CRED-14486,CUST-14486,696,On-Time,0,0.31,Medium Risk
CRED-14487,CUST-14487,730,On-Time,0,0.49,Medium Risk
CRED-14488,CUST-14488,719,On-Time,0,0.37,Medium Risk
CRED-14489,CUST-14489,486,Default Risk,4,0.71,Very High Risk
CRED-14490,CUST-14490,662,Frequently Late,2,0.48,High Risk
CRED-14491,CUST-14491,745,On-Time,0,0.26,Medium Risk
CRED-14492,CUST-14492,755,On-Time,0,0.08,Low Risk
CRED-14493,CUST-14493,637,Frequently Late,4,0.75,High Risk
CRED-14494,CUST-14494,726,On-Time,0,0.39,Medium Risk
CRED-14495,CUST-14495,764,On-Time,0,0.1,Low Risk
CRED-14496,CUST-14496,703,On-Time,1,0.43,Medium Risk
CRED-14497,CUST-14497,736,On-Time,0,0.39,Medium Risk
CRED-14498,CUST-14498,795,On-Time,0,0.1,Low Risk
CRED-14499,CUST-14499,725,On-Time,1,0.35,Medium Risk
CRED-14500,CUST-14500,608,Frequently Late,1,0.74,High Risk
CRED-14501,CUST-14501,555,Frequently Late,10,0.9,Very High Risk
CRED-14502,CUST-14502,780,On-Time,0,0.12,Low Risk
CRED-14503,CUST-14503,693,On-Time,0,0.48,Medium Risk
CRED-14504,CUST-14504,708,On-Time,0,0.38,Medium Risk
CRED-14505,CUST-14505,461,Frequently Late,7,0.93,Very High Risk
CRED-14506,CUST-14506,704,On-Time,0,0.29,Medium Risk
CRED-14507,CUST-14507,731,Occasional Late,0,0.38,Medium Risk
CRED-14508,CUST-14508,683,Occasional Late,0,0.47,Medium Risk
CRED-14509,CUST-14509,701,On-Time,1,0.43,Medium Risk
CRED-14510,CUST-14510,586,Frequently Late,1,0.72,High Risk
CRED-14511,CUST-14511,683,Occasional Late,1,0.41,Medium Risk
CRED-14512,CUST-14512,681,On-Time,1,0.22,Medium Risk
CRED-14513,CUST-14513,698,On-Time,0,0.25,Medium Risk
CRED-14514,CUST-14514,764,On-Time,0,0.09,Low Risk
CRED-14515,CUST-14515,696,On-Time,0,0.42,Medium Risk
CRED-14516,CUST-14516,721,On-Time,0,0.35,Medium Risk
CRED-14517,CUST-14517,768,On-Time,0,0.2,Low Risk
CRED-14518,CUST-14518,663,Occasional Late,3,0.56,High Risk
CRED-14519,CUST-14519,668,Frequently Late,4,0.56,High Risk
CRED-14520,CUST-14520,600,Frequently Late,4,0.67,High Risk
CRED-14521,CUST-14521,475,Frequently Late,10,0.72,Very High Risk
CRED-14522,CUST-14522,683,On-Time,0,0.22,Medium Risk
CRED-14523,CUST-14523,666,Frequently Late,2,0.6,High Risk
CRED-14524,CUST-14524,670,On-Time,1,0.23,Medium Risk
CRED-14525,CUST-14525,735,On-Time,1,0.37,Medium Risk
CRED-14526,CUST-14526,466,Default Risk,8,0.85,Very High Risk
CRED-14527,CUST-14527,769,On-Time,0,0.17,Low Risk
CRED-14528,CUST-14528,731,On-Time,0,0.25,Medium Risk
CRED-14529,CUST-14529,650,Frequently Late,4,0.74,High Risk
CRED-14530,CUST-14530,713,On-Time,0,0.38,Medium Risk
CRED-14531,CUST-14531,659,Occasional Late,4,0.79,High Risk
CRED-14532,CUST-14532,640,Frequently Late,1,0.57,High Risk
CRED-14533,CUST-14533,741,On-Time,0,0.42,Medium Risk
CRED-14534,CUST-14534,654,Frequently Late,1,0.85,High Risk
CRED-14535,CUST-14535,725,On-Time,0,0.43,Medium Risk
CRED-14536,CUST-14536,726,On-Time,0,0.48,Medium Risk
CRED-14537,CUST-14537,737,Occasional Late,0,0.34,Medium Risk
CRED-14538,CUST-14538,752,On-Time,0,0.22,Low Risk
CRED-14539,CUST-14539,709,Occasional Late,0,0.36,Medium Risk
CRED-14540,CUST-14540,653,Occasional Late,3,0.82,High Risk
CRED-14541,CUST-14541,753,On-Time,0,0.06,Low Risk
CRED-14542,CUST-14542,835,On-Time,0,0.07,Low Risk
CRED-14543,CUST-14543,648,Occasional Late,4,0.58,High Risk
CRED-14544,CUST-14544,699,Occasional Late,1,0.42,Medium Risk
CRED-14545,CUST-14545,770,On-Time,0,0.17,Low Risk
CRED-14546,CUST-14546,688,On-Time,0,0.45,Medium Risk
CRED-14547,CUST-14547,736,On-Time,0,0.5,Medium Risk
CRED-14548,CUST-14548,660,Occasional Late,2,0.76,High Risk
CRED-14549,CUST-14549,663,Occasional Late,3,0.53,High Risk
CRED-14550,CUST-14550,674,Occasional Late,0,0.31,Medium Risk
CRED-14551,CUST-14551,762,On-Time,0,0.18,Low Risk
CRED-14552,CUST-14552,722,On-Time,2,0.27,Medium Risk
CRED-14553,CUST-14553,764,On-Time,1,0.14,Low Risk
CRED-14554,CUST-14554,740,Occasional Late,0,0.32,Medium Risk
CRED-14555,CUST-14555,773,On-Time,0,0.05,Low Risk
CRED-14556,CUST-14556,705,On-Time,2,0.35,Medium Risk
CRED-14557,CUST-14557,706,Occasional Late,1,0.35,Medium Risk
CRED-14558,CUST-14558,760,On-Time,0,0.06,Low Risk
CRED-14559,CUST-14559,596,Occasional Late,2,0.48,High Risk
CRED-14560,CUST-14560,791,On-Time,0,0.23,Low Risk
CRED-14561,CUST-14561,825,On-Time,0,0.22,Low Risk
CRED-14562,CUST-14562,727,Occasional Late,0,0.38,Medium Risk
CRED-14563,CUST-14563,674,Occasional Late,0,0.45,Medium Risk
CRED-14564,CUST-14564,668,Occasional Late,4,0.68,High Risk
CRED-14565,CUST-14565,778,On-Time,0,0.21,Low Risk
CRED-14566,CUST-14566,583,Frequently Late,3,0.66,High Risk
CRED-14567,CUST-14567,717,On-Time,0,0.27,Medium Risk
CRED-14568,CUST-14568,594,Frequently Late,1,0.83,High Risk
CRED-14569,CUST-14569,663,Frequently Late,2,0.61,High Risk
CRED-14570,CUST-14570,740,On-Time,1,0.4,Medium Risk
CRED-14571,CUST-14571,726,On-Time,1,0.42,Medium Risk
CRED-14572,CUST-14572,714,Occasional Late,1,0.43,Medium Risk
CRED-14573,CUST-14573,753,On-Time,0,0.14,Low Risk
CRED-14574,CUST-14574,633,Frequently Late,2,0.46,High Risk
CRED-14575,CUST-14575,780,On-Time,0,0.23,Low Risk
CRED-14576,CUST-14576,697,Occasional Late,0,0.37,Medium Risk
CRED-14577,CUST-14577,737,On-Time,0,0.32,Medium Risk
CRED-14578,CUST-14578,720,On-Time,0,0.33,Medium Risk
CRED-14579,CUST-14579,691,Occasional Late,0,0.4,Medium Risk
CRED-14580,CUST-14580,752,On-Time,0,0.11,Low Risk
CRED-14581,CUST-14581,747,On-Time,0,0.5,Medium Risk
CRED-14582,CUST-14582,708,Occasional Late,0,0.25,Medium Risk
CRED-14583,CUST-14583,669,Frequently Late,4,0.62,High Risk
CRED-14584,CUST-14584,762,On-Time,0,0.22,Low Risk
CRED-14585,CUST-14585,726,On-Time,2,0.48,Medium Risk
CRED-14586,CUST-14586,667,Frequently Late,3,0.49,High Risk
CRED-14587,CUST-14587,650,Frequently Late,4,0.62,High Risk
CRED-14588,CUST-14588,684,Occasional Late,0,0.29,Medium Risk
CRED-14589,CUST-14589,758,On-Time,0,0.09,Low Risk
CRED-14590,CUST-14590,660,Occasional Late,4,0.61,High Risk
CRED-14591,CUST-14591,433,Default Risk,8,0.78,Very High Risk
CRED-14592,CUST-14592,680,On-Time,0,0.38,Medium Risk
CRED-14593,CUST-14593,804,On-Time,0,0.09,Low Risk
CRED-14594,CUST-14594,680,On-Time,1,0.35,Medium Risk
CRED-14595,CUST-14595,695,On-Time,1,0.48,Medium Risk
CRED-14596,CUST-14596,685,On-Time,0,0.36,Medium Risk
CRED-14597,CUST-14597,612,Occasional Late,2,0.68,High Risk
CRED-14598,CUST-14598,628,Occasional Late,1,0.76,High Risk
CRED-14599,CUST-14599,728,On-Time,0,0.25,Medium Risk
CRED-14600,CUST-14600,763,On-Time,0,0.21,Low Risk
CRED-14601,CUST-14601,521,Default Risk,6,0.82,Very High Risk
CRED-14602,CUST-14602,740,On-Time,2,0.4,Medium Risk
CRED-14603,CUST-14603,717,On-Time,1,0.3,Medium Risk
CRED-14604,CUST-14604,699,Occasional Late,1,0.38,Medium Risk
CRED-14605,CUST-14605,710,On-Time,0,0.21,Medium Risk
CRED-14606,CUST-14606,850,On-Time,0,0.19,Low Risk
CRED-14607,CUST-14607,689,On-Time,0,0.39,Medium Risk
CRED-14608,CUST-14608,738,On-Time,0,0.31,Medium Risk
CRED-14609,CUST-14609,732,On-Time,0,0.39,Medium Risk
CRED-14610,CUST-14610,722,On-Time,0,0.28,Medium Risk
CRED-14611,CUST-14611,529,Default Risk,11,0.72,Very High Risk
CRED-14612,CUST-14612,701,Occasional Late,0,0.22,Medium Risk
CRED-14613,CUST-14613,630,Occasional Late,1,0.6,High Risk
CRED-14614,CUST-14614,661,Frequently Late,3,0.67,High Risk
CRED-14615,CUST-14615,701,Occasional Late,0,0.41,Medium Risk
CRED-14616,CUST-14616,747,On-Time,0,0.27,Medium Risk
CRED-14617,CUST-14617,731,Occasional Late,0,0.25,Medium Risk
CRED-14618,CUST-14618,540,Frequently Late,10,0.95,Very High Risk
CRED-14619,CUST-14619,743,On-Time,1,0.29,Medium Risk
CRED-14620,CUST-14620,584,Frequently Late,3,0.74,High Risk
CRED-14621,CUST-14621,669,Frequently Late,4,0.82,High Risk
CRED-14622,CUST-14622,777,On-Time,0,0.21,Low Risk
CRED-14623,CUST-14623,642,Frequently Late,1,0.61,High Risk
CRED-14624,CUST-14624,399,Frequently Late,10,0.72,Very High Risk
CRED-14625,CUST-14625,666,Frequently Late,2,0.51,High Risk
CRED-14626,CUST-14626,666,Frequently Late,4,0.8,High Risk
CRED-14627,CUST-14627,694,Occasional Late,0,0.3,Medium Risk
CRED-14628,CUST-14628,666,Occasional Late,2,0.73,High Risk
CRED-14629,CUST-14629,648,Frequently Late,1,0.56,High Risk
CRED-14630,CUST-14630,783,On-Time,0,0.11,Low Risk
CRED-14631,CUST-14631,748,Occasional Late,0,0.33,Medium Risk
CRED-14632,CUST-14632,750,On-Time,0,0.18,Low Risk
CRED-14633,CUST-14633,690,On-Time,0,0.29,Medium Risk
CRED-14634,CUST-14634,818,On-Time,0,0.11,Low Risk
CRED-14635,CUST-14635,690,Occasional Late,0,0.31,Medium Risk
CRED-14636,CUST-14636,756,On-Time,0,0.21,Low Risk
CRED-14637,CUST-14637,737,Occasional Late,1,0.5,Medium Risk
CRED-14638,CUST-14638,711,On-Time,1,0.25,Medium Risk
CRED-14639,CUST-14639,639,Occasional Late,2,0.67,High Risk
CRED-14640,CUST-14640,737,On-Time,1,0.2,Medium Risk
CRED-14641,CUST-14641,735,On-Time,0,0.35,Medium Risk
CRED-14642,CUST-14642,703,On-Time,0,0.45,Medium Risk
CRED-14643,CUST-14643,693,On-Time,0,0.29,Medium Risk
CRED-14644,CUST-14644,692,On-Time,2,0.3,Medium Risk
CRED-14645,CUST-14645,720,Occasional Late,1,0.41,Medium Risk
CRED-14646,CUST-14646,652,Occasional Late,3,0.6,High Risk
CRED-14647,CUST-14647,620,Occasional Late,3,0.67,High Risk
CRED-14648,CUST-14648,714,On-Time,0,0.29,Medium Risk
CRED-14649,CUST-14649,615,Frequently Late,4,0.84,High Risk
CRED-14650,CUST-14650,691,On-Time,0,0.24,Medium Risk
CRED-14651,CUST-14651,710,Occasional Late,0,0.41,Medium Risk
CRED-14652,CUST-14652,685,On-Time,1,0.29,Medium Risk
CRED-14653,CUST-14653,709,On-Time,0,0.21,Medium Risk
CRED-14654,CUST-14654,770,On-Time,1,0.14,Low Risk
CRED-14655,CUST-14655,724,On-Time,1,0.44,Medium Risk
CRED-14656,CUST-14656,780,On-Time,0,0.21,Low Risk
CRED-14657,CUST-14657,590,Frequently Late,3,0.63,High Risk
CRED-14658,CUST-14658,715,On-Time,2,0.33,Medium Risk
CRED-14659,CUST-14659,717,On-Time,1,0.28,Medium Risk
CRED-14660,CUST-14660,718,On-Time,0,0.24,Medium Risk
CRED-14661,CUST-14661,687,On-Time,1,0.27,Medium Risk
CRED-14662,CUST-14662,754,On-Time,0,0.21,Low Risk
CRED-14663,CUST-14663,828,On-Time,0,0.12,Low Risk
CRED-14664,CUST-14664,629,Occasional Late,1,0.58,High Risk
CRED-14665,CUST-14665,444,Default Risk,7,0.87,Very High Risk
CRED-14666,CUST-14666,701,Occasional Late,0,0.36,Medium Risk
CRED-14667,CUST-14667,783,On-Time,0,0.16,Low Risk
CRED-14668,CUST-14668,716,On-Time,0,0.21,Medium Risk
CRED-14669,CUST-14669,709,On-Time,0,0.39,Medium Risk
CRED-14670,CUST-14670,727,On-Time,0,0.22,Medium Risk
CRED-14671,CUST-14671,642,Frequently Late,3,0.72,High Risk
CRED-14672,CUST-14672,756,On-Time,0,0.11,Low Risk
CRED-14673,CUST-14673,768,On-Time,0,0.23,Low Risk
CRED-14674,CUST-14674,712,On-Time,0,0.33,Medium Risk
CRED-14675,CUST-14675,680,On-Time,2,0.39,Medium Risk
CRED-14676,CUST-14676,620,Occasional Late,3,0.74,High Risk
CRED-14677,CUST-14677,741,Occasional Late,0,0.24,Medium Risk
CRED-14678,CUST-14678,648,Occasional Late,4,0.75,High Risk
CRED-14679,CUST-14679,766,On-Time,0,0.11,Low Risk
CRED-14680,CUST-14680,716,On-Time,2,0.36,Medium Risk
CRED-14681,CUST-14681,775,On-Time,0,0.09,Low Risk
CRED-14682,CUST-14682,737,Occasional Late,2,0.38,Medium Risk
CRED-14683,CUST-14683,715,On-Time,0,0.39,Medium Risk
CRED-14684,CUST-14684,671,On-Time,0,0.36,Medium Risk
CRED-14685,CUST-14685,512,Frequently Late,4,0.85,Very High Risk
CRED-14686,CUST-14686,709,On-Time,0,0.37,Medium Risk
CRED-14687,CUST-14687,625,Frequently Late,2,0.7,High Risk
CRED-14688,CUST-14688,710,On-Time,0,0.23,Medium Risk
CRED-14689,CUST-14689,642,Frequently Late,4,0.48,High Risk
CRED-14690,CUST-14690,567,Frequently Late,10,0.98,Very High Risk
CRED-14691,CUST-14691,742,On-Time,0,0.24,Medium Risk
CRED-14692,CUST-14692,785,On-Time,0,0.12,Low Risk
CRED-14693,CUST-14693,676,Occasional Late,2,0.48,Medium Risk
CRED-14694,CUST-14694,715,On-Time,0,0.26,Medium Risk
CRED-14695,CUST-14695,676,On-Time,0,0.5,Medium Risk
CRED-14696,CUST-14696,764,On-Time,0,0.07,Low Risk
CRED-14697,CUST-14697,757,On-Time,0,0.08,Low Risk
CRED-14698,CUST-14698,601,Frequently Late,2,0.79,High Risk
CRED-14699,CUST-14699,662,Occasional Late,3,0.71,High Risk
CRED-14700,CUST-14700,723,On-Time,1,0.38,Medium Risk
CRED-14701,CUST-14701,712,On-Time,0,0.26,Medium Risk
CRED-14702,CUST-14702,708,On-Time,0,0.42,Medium Risk
CRED-14703,CUST-14703,660,Occasional Late,3,0.58,High Risk
CRED-14704,CUST-14704,597,Occasional Late,3,0.72,High Risk
CRED-14705,CUST-14705,766,On-Time,0,0.06,Low Risk
CRED-14706,CUST-14706,763,On-Time,0,0.21,Low Risk
CRED-14707,CUST-14707,485,Frequently Late,8,0.8,Very High Risk
CRED-14708,CUST-14708,681,On-Time,0,0.21,Medium Risk
CRED-14709,CUST-14709,624,Frequently Late,2,0.56,High Risk
CRED-14710,CUST-14710,674,On-Time,0,0.21,Medium Risk
CRED-14711,CUST-14711,769,On-Time,0,0.11,Low Risk
CRED-14712,CUST-14712,742,On-Time,0,0.3,Medium Risk
CRED-14713,CUST-14713,623,Occasional Late,3,0.51,High Risk
CRED-14714,CUST-14714,618,Frequently Late,4,0.72,High Risk
CRED-14715,CUST-14715,731,On-Time,0,0.42,Medium Risk
CRED-14716,CUST-14716,688,Occasional Late,0,0.23,Medium Risk
CRED-14717,CUST-14717,625,Occasional Late,2,0.69,High Risk
CRED-14718,CUST-14718,691,On-Time,0,0.31,Medium Risk
CRED-14719,CUST-14719,771,On-Time,0,0.11,Low Risk
CRED-14720,CUST-14720,757,On-Time,0,0.11,Low Risk
CRED-14721,CUST-14721,831,On-Time,0,0.06,Low Risk
CRED-14722,CUST-14722,676,Occasional Late,0,0.5,Medium Risk
CRED-14723,CUST-14723,694,On-Time,0,0.29,Medium Risk
CRED-14724,CUST-14724,718,On-Time,0,0.36,Medium Risk
CRED-14725,CUST-14725,786,On-Time,0,0.08,Low Risk
CRED-14726,CUST-14726,670,On-Time,0,0.24,Medium Risk
CRED-14727,CUST-14727,643,Frequently Late,3,0.47,High Risk
CRED-14728,CUST-14728,536,Default Risk,9,0.77,Very High Risk
CRED-14729,CUST-14729,714,On-Time,0,0.33,Medium Risk
CRED-14730,CUST-14730,723,Occasional Late,0,0.49,Medium Risk
CRED-14731,CUST-14731,609,Occasional Late,4,0.51,High Risk
CRED-14732,CUST-14732,739,On-Time,0,0.42,Medium Risk
CRED-14733,CUST-14733,722,On-Time,0,0.37,Medium Risk
CRED-14734,CUST-14734,659,Frequently Late,2,0.54,High Risk
CRED-14735,CUST-14735,715,Occasional Late,0,0.26,Medium Risk
CRED-14736,CUST-14736,696,On-Time,0,0.25,Medium Risk
CRED-14737,CUST-14737,672,On-Time,2,0.24,Medium Risk
CRED-14738,CUST-14738,743,Occasional Late,0,0.38,Medium Risk
CRED-14739,CUST-14739,788,On-Time,1,0.19,Low Risk
CRED-14740,CUST-14740,634,Frequently Late,1,0.73,High Risk
CRED-14741,CUST-14741,792,On-Time,0,0.11,Low Risk
CRED-14742,CUST-14742,716,Occasional Late,0,0.32,Medium Risk
CRED-14743,CUST-14743,664,Occasional Late,1,0.65,High Risk
CRED-14744,CUST-14744,631,Occasional Late,4,0.6,High Risk
CRED-14745,CUST-14745,726,On-Time,1,0.37,Medium Risk
CRED-14746,CUST-14746,736,On-Time,0,0.25,Medium Risk
CRED-14747,CUST-14747,731,Occasional Late,0,0.47,Medium Risk
CRED-14748,CUST-14748,682,Occasional Late,0,0.36,Medium Risk
CRED-14749,CUST-14749,676,On-Time,1,0.47,Medium Risk
CRED-14750,CUST-14750,758,On-Time,0,0.11,Low Risk
CRED-14751,CUST-14751,704,Occasional Late,0,0.38,Medium Risk
CRED-14752,CUST-14752,722,On-Time,1,0.38,Medium Risk
CRED-14753,CUST-14753,545,Default Risk,5,0.72,Very High Risk
CRED-14754,CUST-14754,697,On-Time,0,0.36,Medium Risk
CRED-14755,CUST-14755,679,Occasional Late,0,0.3,Medium Risk
CRED-14756,CUST-14756,659,Occasional Late,3,0.59,High Risk
CRED-14757,CUST-14757,656,Occasional Late,3,0.8,High Risk
CRED-14758,CUST-14758,623,Occasional Late,4,0.66,High Risk
CRED-14759,CUST-14759,631,Frequently Late,3,0.83,High Risk
CRED-14760,CUST-14760,627,Occasional Late,3,0.71,High Risk
CRED-14761,CUST-14761,734,On-Time,1,0.42,Medium Risk
CRED-14762,CUST-14762,692,Occasional Late,0,0.3,Medium Risk
CRED-14763,CUST-14763,720,On-Time,0,0.47,Medium Risk
CRED-14764,CUST-14764,731,On-Time,0,0.46,Medium Risk
CRED-14765,CUST-14765,641,Occasional Late,4,0.75,High Risk
CRED-14766,CUST-14766,780,On-Time,1,0.14,Low Risk
CRED-14767,CUST-14767,728,On-Time,0,0.48,Medium Risk
CRED-14768,CUST-14768,589,Frequently Late,1,0.78,High Risk
CRED-14769,CUST-14769,727,On-Time,0,0.48,Medium Risk
CRED-14770,CUST-14770,640,Frequently Late,1,0.57,High Risk
CRED-14771,CUST-14771,541,Default Risk,11,0.85,Very High Risk
CRED-14772,CUST-14772,718,On-Time,0,0.4,Medium Risk
CRED-14773,CUST-14773,667,Occasional Late,3,0.66,High Risk
CRED-14774,CUST-14774,764,On-Time,0,0.23,Low Risk
CRED-14775,CUST-14775,724,On-Time,2,0.32,Medium Risk
CRED-14776,CUST-14776,729,On-Time,0,0.44,Medium Risk
CRED-14777,CUST-14777,644,Frequently Late,1,0.79,High Risk
CRED-14778,CUST-14778,738,On-Time,0,0.37,Medium Risk
CRED-14779,CUST-14779,714,On-Time,1,0.31,Medium Risk
CRED-14780,CUST-14780,635,Frequently Late,3,0.73,High Risk
CRED-14781,CUST-14781,674,On-Time,1,0.23,Medium Risk
CRED-14782,CUST-14782,723,On-Time,0,0.23,Medium Risk
CRED-14783,CUST-14783,750,On-Time,0,0.17,Low Risk
CRED-14784,CUST-14784,716,On-Time,0,0.22,Medium Risk
CRED-14785,CUST-14785,771,On-Time,0,0.23,Low Risk
CRED-14786,CUST-14786,686,Occasional Late,0,0.34,Medium Risk
CRED-14787,CUST-14787,751,On-Time,0,0.06,Low Risk
CRED-14788,CUST-14788,759,On-Time,0,0.07,Low Risk
CRED-14789,CUST-14789,815,On-Time,0,0.07,Low Risk
CRED-14790,CUST-14790,672,On-Time,0,0.23,Medium Risk
CRED-14791,CUST-14791,712,Occasional Late,2,0.39,Medium Risk
CRED-14792,CUST-14792,726,Occasional Late,0,0.47,Medium Risk
CRED-14793,CUST-14793,694,On-Time,1,0.24,Medium Risk
CRED-14794,CUST-14794,699,On-Time,0,0.25,Medium Risk
CRED-14795,CUST-14795,634,Occasional Late,1,0.71,High Risk
CRED-14796,CUST-14796,690,On-Time,0,0.23,Medium Risk
CRED-14797,CUST-14797,600,Occasional Late,1,0.85,High Risk
CRED-14798,CUST-14798,760,On-Time,0,0.09,Low Risk
CRED-14799,CUST-14799,696,On-Time,0,0.22,Medium Risk
CRED-14800,CUST-14800,765,On-Time,0,0.08,Low Risk
CRED-14801,CUST-14801,620,Frequently Late,2,0.54,High Risk
CRED-14802,CUST-14802,652,Frequently Late,3,0.46,High Risk
CRED-14803,CUST-14803,762,On-Time,0,0.09,Low Risk
CRED-14804,CUST-14804,722,On-Time,0,0.29,Medium Risk
CRED-14805,CUST-14805,673,Occasional Late,0,0.35,Medium Risk
CRED-14806,CUST-14806,687,Occasional Late,1,0.32,Medium Risk
CRED-14807,CUST-14807,789,On-Time,1,0.16,Low Risk
CRED-14808,CUST-14808,661,Frequently Late,3,0.72,High Risk
CRED-14809,CUST-14809,691,On-Time,0,0.28,Medium Risk
CRED-14810,CUST-14810,504,Frequently Late,7,0.93,Very High Risk
CRED-14811,CUST-14811,705,On-Time,0,0.46,Medium Risk
CRED-14812,CUST-14812,689,On-Time,0,0.46,Medium Risk
CRED-14813,CUST-14813,780,On-Time,0,0.18,Low Risk
CRED-14814,CUST-14814,679,Occasional Late,0,0.48,Medium Risk
CRED-14815,CUST-14815,669,Frequently Late,1,0.7,High Risk
CRED-14816,CUST-14816,650,Frequently Late,4,0.75,High Risk
CRED-14817,CUST-14817,606,Occasional Late,2,0.66,High Risk
CRED-14818,CUST-14818,679,On-Time,0,0.41,Medium Risk
CRED-14819,CUST-14819,642,Occasional Late,3,0.69,High Risk
CRED-14820,CUST-14820,726,On-Time,0,0.38,Medium Risk
CRED-14821,CUST-14821,689,On-Time,2,0.43,Medium Risk
CRED-14822,CUST-14822,558,Frequently Late,7,0.73,Very High Risk
CRED-14823,CUST-14823,670,On-Time,0,0.37,Medium Risk
CRED-14824,CUST-14824,699,On-Time,0,0.36,Medium Risk
CRED-14825,CUST-14825,649,Frequently Late,4,0.73,High Risk
CRED-14826,CUST-14826,790,On-Time,0,0.15,Low Risk
CRED-14827,CUST-14827,714,Occasional Late,1,0.35,Medium Risk
CRED-14828,CUST-14828,640,Frequently Late,4,0.53,High Risk
CRED-14829,CUST-14829,677,On-Time,0,0.37,Medium Risk
CRED-14830,CUST-14830,690,On-Time,0,0.3,Medium Risk
CRED-14831,CUST-14831,676,On-Time,0,0.38,Medium Risk
CRED-14832,CUST-14832,672,On-Time,0,0.23,Medium Risk
CRED-14833,CUST-14833,715,On-Time,0,0.32,Medium Risk
CRED-14834,CUST-14834,577,Default Risk,7,0.72,Very High Risk
CRED-14835,CUST-14835,715,On-Time,0,0.41,Medium Risk
CRED-14836,CUST-14836,707,On-Time,0,0.28,Medium Risk
CRED-14837,CUST-14837,754,On-Time,1,0.17,Low Risk
CRED-14838,CUST-14838,731,Occasional Late,0,0.28,Medium Risk
CRED-14839,CUST-14839,728,On-Time,1,0.43,Medium Risk
CRED-14840,CUST-14840,648,Frequently Late,4,0.51,High Risk
CRED-14841,CUST-14841,649,Occasional Late,3,0.76,High Risk
CRED-14842,CUST-14842,730,On-Time,0,0.23,Medium Risk
CRED-14843,CUST-14843,688,On-Time,1,0.31,Medium Risk
CRED-14844,CUST-14844,753,On-Time,0,0.18,Low Risk
CRED-14845,CUST-14845,620,Frequently Late,3,0.79,High Risk
CRED-14846,CUST-14846,769,On-Time,0,0.12,Low Risk
CRED-14847,CUST-14847,675,Occasional Late,0,0.38,Medium Risk
CRED-14848,CUST-14848,575,Frequently Late,7,0.72,Very High Risk
CRED-14849,CUST-14849,727,Occasional Late,1,0.27,Medium Risk
CRED-14850,CUST-14850,743,On-Time,1,0.48,Medium Risk
CRED-14851,CUST-14851,454,Default Risk,4,0.7,Very High Risk
CRED-14852,CUST-14852,618,Occasional Late,2,0.7,High Risk
CRED-14853,CUST-14853,752,On-Time,0,0.24,Low Risk
CRED-14854,CUST-14854,695,On-Time,1,0.47,Medium Risk
CRED-14855,CUST-14855,753,On-Time,0,0.2,Low Risk
CRED-14856,CUST-14856,746,Occasional Late,0,0.48,Medium Risk
CRED-14857,CUST-14857,645,Occasional Late,1,0.64,High Risk
CRED-14858,CUST-14858,691,On-Time,2,0.34,Medium Risk
CRED-14859,CUST-14859,691,On-Time,0,0.33,Medium Risk
CRED-14860,CUST-14860,661,Frequently Late,4,0.75,High Risk
CRED-14861,CUST-14861,699,On-Time,0,0.32,Medium Risk
CRED-14862,CUST-14862,723,On-Time,1,0.26,Medium Risk
CRED-14863,CUST-14863,678,On-Time,0,0.21,Medium Risk
CRED-14864,CUST-14864,728,On-Time,0,0.48,Medium Risk
CRED-14865,CUST-14865,570,Default Risk,8,0.76,Very High Risk
CRED-14866,CUST-14866,667,Frequently Late,3,0.51,High Risk
CRED-14867,CUST-14867,716,On-Time,1,0.44,Medium Risk
CRED-14868,CUST-14868,757,On-Time,0,0.24,Low Risk
CRED-14869,CUST-14869,698,Occasional Late,0,0.26,Medium Risk
CRED-14870,CUST-14870,675,Occasional Late,1,0.25,Medium Risk
CRED-14871,CUST-14871,629,Frequently Late,4,0.66,High Risk
CRED-14872,CUST-14872,711,On-Time,0,0.3,Medium Risk
CRED-14873,CUST-14873,767,On-Time,0,0.22,Low Risk
CRED-14874,CUST-14874,646,Occasional Late,2,0.66,High Risk
CRED-14875,CUST-14875,729,On-Time,0,0.47,Medium Risk
CRED-14876,CUST-14876,747,Occasional Late,0,0.24,Medium Risk
CRED-14877,CUST-14877,718,Occasional Late,0,0.35,Medium Risk
CRED-14878,CUST-14878,778,On-Time,0,0.2,Low Risk
CRED-14879,CUST-14879,726,On-Time,0,0.28,Medium Risk
CRED-14880,CUST-14880,733,On-Time,0,0.47,Medium Risk
CRED-14881,CUST-14881,696,On-Time,0,0.22,Medium Risk
CRED-14882,CUST-14882,574,Default Risk,11,0.77,Very High Risk
CRED-14883,CUST-14883,705,Occasional Late,0,0.23,Medium Risk
CRED-14884,CUST-14884,433,Frequently Late,11,0.92,Very High Risk
CRED-14885,CUST-14885,650,Frequently Late,2,0.8,High Risk
CRED-14886,CUST-14886,760,On-Time,0,0.14,Low Risk
CRED-14887,CUST-14887,552,Frequently Late,6,0.87,Very High Risk
CRED-14888,CUST-14888,696,On-Time,0,0.32,Medium Risk
CRED-14889,CUST-14889,733,On-Time,0,0.32,Medium Risk
CRED-14890,CUST-14890,618,Frequently Late,3,0.58,High Risk
CRED-14891,CUST-14891,785,On-Time,0,0.22,Low Risk
CRED-14892,CUST-14892,772,On-Time,0,0.12,Low Risk
CRED-14893,CUST-14893,728,On-Time,0,0.46,Medium Risk
CRED-14894,CUST-14894,692,On-Time,0,0.2,Medium Risk
CRED-14895,CUST-14895,668,Occasional Late,1,0.54,High Risk
CRED-14896,CUST-14896,579,Frequently Late,11,0.74,Very High Risk
CRED-14897,CUST-14897,667,Occasional Late,4,0.85,High Risk
CRED-14898,CUST-14898,711,On-Time,1,0.35,Medium Risk
CRED-14899,CUST-14899,757,On-Time,0,0.21,Low Risk
CRED-14900,CUST-14900,728,On-Time,0,0.37,Medium Risk
CRED-14901,CUST-14901,711,On-Time,2,0.48,Medium Risk
CRED-14902,CUST-14902,717,On-Time,0,0.28,Medium Risk
CRED-14903,CUST-14903,758,On-Time,0,0.23,Low Risk
CRED-14904,CUST-14904,773,On-Time,0,0.22,Low Risk
CRED-14905,CUST-14905,786,On-Time,0,0.24,Low Risk
CRED-14906,CUST-14906,665,Frequently Late,4,0.84,High Risk
CRED-14907,CUST-14907,704,On-Time,0,0.35,Medium Risk
CRED-14908,CUST-14908,728,On-Time,0,0.34,Medium Risk
CRED-14909,CUST-14909,710,On-Time,0,0.39,Medium Risk
CRED-14910,CUST-14910,732,Occasional Late,2,0.33,Medium Risk
CRED-14911,CUST-14911,690,On-Time,1,0.39,Medium Risk
CRED-14912,CUST-14912,734,On-Time,0,0.29,Medium Risk
CRED-14913,CUST-14913,682,Occasional Late,1,0.42,Medium Risk
CRED-14914,CUST-14914,707,On-Time,0,0.48,Medium Risk
CRED-14915,CUST-14915,742,On-Time,0,0.25,Medium Risk
CRED-14916,CUST-14916,751,On-Time,0,0.15,Low Risk
CRED-14917,CUST-14917,752,On-Time,0,0.16,Low Risk
CRED-14918,CUST-14918,734,Occasional Late,2,0.26,Medium Risk
CRED-14919,CUST-14919,660,Occasional Late,2,0.77,High Risk
CRED-14920,CUST-14920,733,Occasional Late,1,0.28,Medium Risk
CRED-14921,CUST-14921,566,Default Risk,6,0.75,Very High Risk
CRED-14922,CUST-14922,689,On-Time,0,0.43,Medium Risk
CRED-14923,CUST-14923,744,Occasional Late,0,0.38,Medium Risk
CRED-14924,CUST-14924,487,Default Risk,6,0.75,Very High Risk
CRED-14925,CUST-14925,653,Frequently Late,3,0.82,High Risk
CRED-14926,CUST-14926,794,On-Time,0,0.1,Low Risk
CRED-14927,CUST-14927,675,Occasional Late,0,0.4,Medium Risk
CRED-14928,CUST-14928,674,On-Time,2,0.32,Medium Risk
CRED-14929,CUST-14929,700,On-Time,0,0.25,Medium Risk
CRED-14930,CUST-14930,741,On-Time,1,0.31,Medium Risk
CRED-14931,CUST-14931,628,Occasional Late,4,0.5,High Risk
CRED-14932,CUST-14932,633,Occasional Late,4,0.62,High Risk
CRED-14933,CUST-14933,710,Occasional Late,2,0.47,Medium Risk
CRED-14934,CUST-14934,673,Occasional Late,0,0.37,Medium Risk
CRED-14935,CUST-14935,736,On-Time,2,0.2,Medium Risk
CRED-14936,CUST-14936,674,Occasional Late,0,0.49,Medium Risk
CRED-14937,CUST-14937,647,Occasional Late,2,0.52,High Risk
CRED-14938,CUST-14938,739,On-Time,1,0.34,Medium Risk
CRED-14939,CUST-14939,568,Default Risk,5,0.89,Very High Risk
CRED-14940,CUST-14940,676,On-Time,2,0.27,Medium Risk
CRED-14941,CUST-14941,630,Occasional Late,4,0.69,High Risk
CRED-14942,CUST-14942,636,Frequently Late,4,0.69,High Risk
CRED-14943,CUST-14943,647,Frequently Late,1,0.73,High Risk
CRED-14944,CUST-14944,702,Occasional Late,0,0.35,Medium Risk
CRED-14945,CUST-14945,683,On-Time,1,0.25,Medium Risk
CRED-14946,CUST-14946,707,On-Time,0,0.36,Medium Risk
CRED-14947,CUST-14947,722,Occasional Late,0,0.45,Medium Risk
CRED-14948,CUST-14948,706,On-Time,0,0.39,Medium Risk
CRED-14949,CUST-14949,733,Occasional Late,1,0.25,Medium Risk
CRED-14950,CUST-14950,661,Frequently Late,4,0.51,High Risk
CRED-14951,CUST-14951,737,On-Time,0,0.3,Medium Risk
CRED-14952,CUST-14952,654,Frequently Late,1,0.57,High Risk
CRED-14953,CUST-14953,642,Frequently Late,1,0.53,High Risk
CRED-14954,CUST-14954,648,Frequently Late,2,0.53,High Risk
CRED-14955,CUST-14955,696,On-Time,1,0.37,Medium Risk
CRED-14956,CUST-14956,740,On-Time,2,0.4,Medium Risk
CRED-14957,CUST-14957,844,On-Time,0,0.23,Low Risk
CRED-14958,CUST-14958,689,On-Time,1,0.39,Medium Risk
CRED-14959,CUST-14959,690,On-Time,0,0.48,Medium Risk
CRED-14960,CUST-14960,719,On-Time,0,0.33,Medium Risk
CRED-14961,CUST-14961,726,Occasional Late,0,0.49,Medium Risk
CRED-14962,CUST-14962,644,Occasional Late,1,0.75,High Risk
CRED-14963,CUST-14963,723,On-Time,1,0.42,Medium Risk
CRED-14964,CUST-14964,794,On-Time,0,0.19,Low Risk
CRED-14965,CUST-14965,759,On-Time,0,0.09,Low Risk
CRED-14966,CUST-14966,742,On-Time,2,0.23,Medium Risk
CRED-14967,CUST-14967,657,Occasional Late,1,0.74,High Risk
CRED-14968,CUST-14968,653,Frequently Late,1,0.67,High Risk
CRED-14969,CUST-14969,715,Occasional Late,0,0.29,Medium Risk
CRED-14970,CUST-14970,717,On-Time,0,0.4,Medium Risk
CRED-14971,CUST-14971,730,On-Time,2,0.47,Medium Risk
CRED-14972,CUST-14972,701,Occasional Late,0,0.48,Medium Risk
CRED-14973,CUST-14973,485,Default Risk,9,0.79,Very High Risk
CRED-14974,CUST-14974,665,Occasional Late,1,0.84,High Risk
CRED-14975,CUST-14975,803,On-Time,0,0.12,Low Risk
CRED-14976,CUST-14976,686,On-Time,1,0.48,Medium Risk
CRED-14977,CUST-14977,745,On-Time,0,0.47,Medium Risk
CRED-14978,CUST-14978,728,On-Time,0,0.3,Medium Risk
CRED-14979,CUST-14979,717,On-Time,1,0.41,Medium Risk
CRED-14980,CUST-14980,572,Frequently Late,9,0.74,Very High Risk
CRED-14981,CUST-14981,729,Occasional Late,1,0.35,Medium Risk
CRED-14982,CUST-14982,647,Frequently Late,4,0.75,High Risk
CRED-14983,CUST-14983,768,On-Time,0,0.08,Low Risk
CRED-14984,CUST-14984,754,On-Time,0,0.15,Low Risk
CRED-14985,CUST-14985,674,On-Time,0,0.38,Medium Risk
CRED-14986,CUST-14986,728,On-Time,2,0.45,Medium Risk
CRED-14987,CUST-14987,714,Occasional Late,0,0.25,Medium Risk
CRED-14988,CUST-14988,614,Frequently Late,1,0.59,High Risk
CRED-14989,CUST-14989,733,Occasional Late,0,0.41,Medium Risk
CRED-14990,CUST-14990,780,On-Time,0,0.18,Low Risk
CRED-14991,CUST-14991,652,Frequently Late,1,0.81,High Risk
CRED-14992,CUST-14992,605,Occasional Late,1,0.65,High Risk
CRED-14993,CUST-14993,760,On-Time,0,0.15,Low Risk
CRED-14994,CUST-14994,763,On-Time,0,0.08,Low Risk
CRED-14995,CUST-14995,728,Occasional Late,0,0.31,Medium Risk
CRED-14996,CUST-14996,799,On-Time,0,0.16,Low Risk
CRED-14997,CUST-14997,655,Frequently Late,2,0.53,High Risk
CRED-14998,CUST-14998,665,Occasional Late,2,0.65,High Risk
CRED-14999,CUST-14999,716,On-Time,2,0.48,Medium Risk
CRED-15000,CUST-15000,746,Occasional Late,1,0.4,Medium Risk
