debt_id,customer_id,credit_card_debt,personal_loan,education_loan,vehicle_loan,mortgage,total_debt,debt_to_income_ratio
DEBT-00001,CUST-00001,10309.06,0.0,0.0,12469.28,0.0,22778.34,0.0433
DEBT-00002,CUST-00002,11049.72,0.0,0.0,26648.97,0.0,37698.69,0.0785
DEBT-00003,CUST-00003,5980.29,0.0,0.0,0.0,0.0,5980.29,0.0126
DEBT-00004,CUST-00004,8773.58,0.0,0.0,18521.5,0.0,27295.08,0.0471
DEBT-00005,CUST-00005,11222.65,0.0,0.0,0.0,385853.08,397075.73,0.6388
DEBT-00006,CUST-00006,2792.94,0.0,28522.58,0.0,0.0,31315.52,0.0668
DEBT-00007,CUST-00007,0.0,11985.09,0.0,0.0,400371.12,412356.21,0.4344
DEBT-00008,CUST-00008,681.17,3016.04,0.0,0.0,0.0,3697.21,0.0112
DEBT-00009,CUST-00009,0.0,0.0,0.0,13194.18,0.0,13194.18,0.0208
DEBT-00010,CUST-00010,7598.76,0.0,19407.39,25323.1,0.0,52329.25,0.1234
DEBT-00011,CUST-00011,800.41,0.0,0.0,7136.62,248355.94,256292.97,0.5818
DEBT-00012,CUST-00012,6244.89,0.0,12395.33,26067.24,196557.12,241264.58,0.6177
DEBT-00013,CUST-00013,5915.61,0.0,0.0,0.0,0.0,5915.61,0.0176
DEBT-00014,CUST-00014,2554.34,0.0,0.0,33074.96,162817.41,198446.71,0.7709
DEBT-00015,CUST-00015,2276.5,12974.55,0.0,0.0,0.0,15251.05,0.0487
DEBT-00016,CUST-00016,5862.68,0.0,0.0,33813.77,199402.3,239078.75,0.6849
DEBT-00017,CUST-00017,0.0,0.0,0.0,23641.06,0.0,23641.06,0.036
DEBT-00018,CUST-00018,3944.85,0.0,0.0,34037.64,0.0,37982.49,0.0769
DEBT-00019,CUST-00019,312.48,24854.78,13971.03,0.0,0.0,39138.29,0.2908
DEBT-00020,CUST-00020,518.87,0.0,0.0,26140.04,0.0,26658.91,0.3182
DEBT-00021,CUST-00021,0.0,0.0,0.0,31643.18,0.0,31643.18,0.0572
DEBT-00022,CUST-00022,1065.76,0.0,0.0,23359.56,0.0,24425.32,0.2787
DEBT-00023,CUST-00023,1715.53,0.0,0.0,0.0,0.0,1715.53,0.0157
DEBT-00024,CUST-00024,0.0,0.0,0.0,0.0,0.0,0.0,0.0
DEBT-00025,CUST-00025,3166.84,0.0,0.0,0.0,292257.79,295424.63,1.1172
DEBT-00026,CUST-00026,5740.46,0.0,0.0,0.0,128857.53,134597.99,0.3671
DEBT-00027,CUST-00027,0.0,0.0,0.0,0.0,0.0,0.0,0.0
DEBT-00028,CUST-00028,3360.41,20433.79,6404.42,11201.45,155910.15,197310.22,0.3584
DEBT-00029,CUST-00029,0.0,0.0,0.0,19350.56,0.0,19350.56,0.027
DEBT-00030,CUST-00030,0.0,0.0,44362.74,0.0,378282.23,422644.97,1.1865
DEBT-00031,CUST-00031,0.0,0.0,0.0,16390.02,0.0,16390.02,0.0439
DEBT-00032,CUST-00032,0.0,0.0,0.0,0.0,112151.84,112151.84,0.1938
DEBT-00033,CUST-00033,10003.03,0.0,0.0,0.0,143958.82,153961.85,0.2636
DEBT-00034,CUST-00034,8900.13,0.0,0.0,0.0,0.0,8900.13,0.0146
DEBT-00035,CUST-00035,0.0,0.0,0.0,0.0,0.0,0.0,0.0
DEBT-00036,CUST-00036,12128.15,0.0,0.0,0.0,0.0,12128.15,0.0136
DEBT-00037,CUST-00037,9430.53,0.0,0.0,0.0,0.0,9430.53,0.0113
DEBT-00038,CUST-00038,0.0,0.0,0.0,0.0,395741.58,395741.58,0.613
DEBT-00039,CUST-00039,0.0,0.0,36893.63,0.0,0.0,36893.63,0.0458
DEBT-00040,CUST-00040,3443.54,0.0,44339.23,0.0,0.0,47782.77,0.1045
DEBT-00041,CUST-00041,2824.68,0.0,0.0,14973.88,322433.06,340231.62,1.0081
DEBT-00042,CUST-00042,11255.32,14224.87,0.0,0.0,0.0,25480.19,0.0502
DEBT-00043,CUST-00043,6075.43,16164.58,0.0,0.0,0.0,22240.01,0.0227
DEBT-00044,CUST-00044,4441.81,8679.21,0.0,0.0,0.0,13121.02,0.0211
DEBT-00045,CUST-00045,0.0,0.0,0.0,27589.59,0.0,27589.59,0.0416
DEBT-00046,CUST-00046,0.0,0.0,0.0,13804.44,0.0,13804.44,0.0477
DEBT-00047,CUST-00047,0.0,7606.7,0.0,0.0,0.0,7606.7,0.0779
DEBT-00048,CUST-00048,6846.0,0.0,0.0,0.0,0.0,6846.0,0.0228
DEBT-00049,CUST-00049,0.0,8285.67,0.0,11322.49,0.0,19608.16,0.049
DEBT-00050,CUST-00050,9372.56,9141.73,44809.2,0.0,0.0,63323.49,0.124
DEBT-00051,CUST-00051,3871.32,13991.99,0.0,0.0,0.0,17863.31,0.0437
DEBT-00052,CUST-00052,1797.44,0.0,0.0,0.0,0.0,1797.44,0.0027
DEBT-00053,CUST-00053,0.0,0.0,0.0,0.0,255422.09,255422.09,0.3761
DEBT-00054,CUST-00054,12407.23,18343.94,0.0,14827.29,0.0,45578.46,0.0806
DEBT-00055,CUST-00055,0.0,0.0,0.0,0.0,0.0,0.0,0.0
DEBT-00056,CUST-00056,832.87,0.0,0.0,4405.68,0.0,5238.55,0.0071
DEBT-00057,CUST-00057,0.0,0.0,0.0,0.0,438916.39,438916.39,1.39
DEBT-00058,CUST-00058,9554.19,0.0,0.0,0.0,0.0,9554.19,0.0182
DEBT-00059,CUST-00059,0.0,24273.34,0.0,0.0,0.0,24273.34,0.0243
DEBT-00060,CUST-00060,26879.88,0.0,0.0,10422.64,0.0,37302.52,0.0306
DEBT-00061,CUST-00061,0.0,3151.21,0.0,0.0,259512.43,262663.64,0.5097
DEBT-00062,CUST-00062,3586.31,0.0,0.0,29790.46,0.0,33376.77,0.0922
DEBT-00063,CUST-00063,720.81,18189.44,0.0,21442.85,0.0,40353.1,0.1572
DEBT-00064,CUST-00064,13311.25,0.0,0.0,12054.16,0.0,25365.41,0.0313
DEBT-00065,CUST-00065,16923.88,10982.01,0.0,0.0,0.0,27905.89,0.0288
DEBT-00066,CUST-00066,0.0,0.0,0.0,0.0,424968.62,424968.62,0.7078
DEBT-00067,CUST-00067,2652.62,0.0,0.0,30365.87,0.0,33018.49,0.1273
DEBT-00068,CUST-00068,1464.4,0.0,0.0,15137.91,120695.13,137297.44,0.2637
DEBT-00069,CUST-00069,2273.33,0.0,0.0,0.0,0.0,2273.33,0.0073
DEBT-00070,CUST-00070,0.0,0.0,0.0,0.0,361125.02,361125.02,1.3096
DEBT-00071,CUST-00071,4017.67,21532.99,0.0,22447.04,0.0,47997.7,0.1487
DEBT-00072,CUST-00072,0.0,0.0,17571.22,0.0,0.0,17571.22,0.0197
DEBT-00073,CUST-00073,0.0,0.0,0.0,23402.03,0.0,23402.03,0.098
DEBT-00074,CUST-00074,0.0,0.0,0.0,0.0,149593.54,149593.54,0.1916
DEBT-00075,CUST-00075,0.0,0.0,0.0,0.0,0.0,0.0,0.0
DEBT-00076,CUST-00076,16423.96,0.0,0.0,0.0,391372.36,407796.32,0.5402
DEBT-00077,CUST-00077,0.0,0.0,0.0,0.0,0.0,0.0,0.0
DEBT-00078,CUST-00078,1045.57,0.0,18488.97,0.0,0.0,19534.54,0.3031
DEBT-00079,CUST-00079,0.0,20085.05,0.0,0.0,0.0,20085.05,0.1823
DEBT-00080,CUST-00080,5138.77,0.0,0.0,0.0,0.0,5138.77,0.0138
DEBT-00081,CUST-00081,21620.7,16549.65,0.0,0.0,0.0,38170.35,0.0342
DEBT-00082,CUST-00082,541.58,0.0,44008.09,17019.88,0.0,61569.55,0.9637
DEBT-00083,CUST-00083,4273.38,0.0,0.0,24414.16,0.0,28687.54,0.0526
DEBT-00084,CUST-00084,4737.41,0.0,0.0,15515.58,0.0,20252.99,0.0269
DEBT-00085,CUST-00085,13494.24,19730.3,38716.65,0.0,0.0,71941.19,0.1081
DEBT-00086,CUST-00086,2179.32,16997.62,0.0,10205.84,0.0,29382.78,0.1262
DEBT-00087,CUST-00087,1601.97,0.0,0.0,22136.49,203151.32,226889.78,0.6614
DEBT-00088,CUST-00088,7040.59,0.0,0.0,22535.95,407819.47,437396.01,0.4664
DEBT-00089,CUST-00089,5924.17,0.0,17364.72,31696.22,0.0,54985.11,0.161
DEBT-00090,CUST-00090,5827.96,0.0,0.0,0.0,397845.72,403673.68,0.89
DEBT-00091,CUST-00091,2668.53,0.0,44549.88,4134.72,0.0,51353.13,0.206
DEBT-00092,CUST-00092,4993.1,0.0,0.0,0.0,0.0,4993.1,0.0124
DEBT-00093,CUST-00093,0.0,0.0,0.0,0.0,449165.31,449165.31,0.7073
DEBT-00094,CUST-00094,16241.82,0.0,0.0,13395.44,0.0,29637.26,0.0335
DEBT-00095,CUST-00095,10503.96,15722.91,33278.09,32401.84,0.0,91906.8,0.1939
DEBT-00096,CUST-00096,9129.11,0.0,0.0,18620.91,0.0,27750.02,0.0625
DEBT-00097,CUST-00097,1456.29,0.0,0.0,0.0,132402.67,133858.96,0.4183
DEBT-00098,CUST-00098,11385.99,0.0,0.0,6962.07,0.0,18348.06,0.0279
DEBT-00099,CUST-00099,5367.97,13603.17,0.0,34768.69,0.0,53739.83,0.1043
DEBT-00100,CUST-00100,190.17,0.0,0.0,0.0,0.0,190.17,0.0008
DEBT-00101,CUST-00101,3008.26,0.0,0.0,26288.3,0.0,29296.56,0.0722
DEBT-00102,CUST-00102,10410.87,0.0,0.0,31397.6,221732.48,263540.95,0.4337
DEBT-00103,CUST-00103,3578.58,0.0,0.0,0.0,0.0,3578.58,0.0076
DEBT-00104,CUST-00104,1075.41,0.0,0.0,0.0,0.0,1075.41,0.008
DEBT-00105,CUST-00105,8186.89,0.0,0.0,0.0,0.0,8186.89,0.0224
DEBT-00106,CUST-00106,0.0,0.0,0.0,4153.57,0.0,4153.57,0.0195
DEBT-00107,CUST-00107,5148.84,1138.82,0.0,0.0,0.0,6287.66,0.0154
DEBT-00108,CUST-00108,0.0,0.0,0.0,0.0,245896.42,245896.42,0.329
DEBT-00109,CUST-00109,3978.15,0.0,0.0,14457.68,433083.05,451518.88,0.9076
DEBT-00110,CUST-00110,5324.79,0.0,0.0,0.0,0.0,5324.79,0.0122
DEBT-00111,CUST-00111,4526.91,12624.29,0.0,6601.74,99592.37,123345.31,0.4057
DEBT-00112,CUST-00112,3796.11,0.0,0.0,0.0,0.0,3796.11,0.0159
DEBT-00113,CUST-00113,1549.36,0.0,0.0,0.0,0.0,1549.36,0.0027
DEBT-00114,CUST-00114,0.0,0.0,0.0,0.0,0.0,0.0,0.0
DEBT-00115,CUST-00115,1581.47,1588.81,0.0,0.0,0.0,3170.28,0.0106
DEBT-00116,CUST-00116,1608.51,0.0,38211.19,6444.93,0.0,46264.63,0.0975
DEBT-00117,CUST-00117,5625.03,19851.23,22639.95,0.0,0.0,48116.21,0.0581
DEBT-00118,CUST-00118,0.0,23096.76,0.0,0.0,0.0,23096.76,0.0208
DEBT-00119,CUST-00119,0.0,0.0,0.0,0.0,0.0,0.0,0.0
DEBT-00120,CUST-00120,6477.91,0.0,0.0,0.0,0.0,6477.91,0.0092
DEBT-00121,CUST-00121,6977.06,0.0,0.0,0.0,0.0,6977.06,0.0122
DEBT-00122,CUST-00122,3116.44,0.0,0.0,0.0,0.0,3116.44,0.0109
DEBT-00123,CUST-00123,2394.07,18624.94,0.0,0.0,103549.43,124568.44,0.238
DEBT-00124,CUST-00124,6193.16,0.0,0.0,0.0,0.0,6193.16,0.0131
DEBT-00125,CUST-00125,10384.41,0.0,0.0,24854.74,0.0,35239.15,0.0373
DEBT-00126,CUST-00126,11520.41,23419.68,44350.39,0.0,0.0,79290.48,0.0917
DEBT-00127,CUST-00127,6212.34,0.0,0.0,0.0,0.0,6212.34,0.0133
DEBT-00128,CUST-00128,685.69,0.0,0.0,0.0,197351.39,198037.08,0.4761
DEBT-00129,CUST-00129,887.22,17426.86,0.0,14880.41,0.0,33194.49,0.1444
DEBT-00130,CUST-00130,3208.82,0.0,0.0,21167.33,0.0,24376.15,0.0575
DEBT-00131,CUST-00131,12266.83,0.0,0.0,28879.31,102084.78,143230.92,0.1651
DEBT-00132,CUST-00132,14427.38,3561.79,0.0,0.0,0.0,17989.17,0.0281
DEBT-00133,CUST-00133,0.0,0.0,0.0,30983.39,0.0,30983.39,0.0611
DEBT-00134,CUST-00134,8786.59,5879.62,0.0,6220.86,0.0,20887.07,0.047
DEBT-00135,CUST-00135,0.0,0.0,0.0,0.0,93683.08,93683.08,0.1421
DEBT-00136,CUST-00136,3918.52,0.0,0.0,0.0,0.0,3918.52,0.0124
DEBT-00137,CUST-00137,0.0,0.0,0.0,0.0,0.0,0.0,0.0
DEBT-00138,CUST-00138,2866.96,24822.09,0.0,0.0,0.0,27689.05,0.07
DEBT-00139,CUST-00139,0.0,2389.45,0.0,0.0,360265.39,362654.84,1.4212
DEBT-00140,CUST-00140,12118.82,19248.58,0.0,0.0,0.0,31367.4,0.0474
DEBT-00141,CUST-00141,21298.29,7190.58,0.0,0.0,0.0,28488.87,0.025
DEBT-00142,CUST-00142,0.0,0.0,0.0,13192.51,373185.62,386378.13,0.3771
DEBT-00143,CUST-00143,0.0,0.0,0.0,24049.67,0.0,24049.67,0.031
DEBT-00144,CUST-00144,0.0,0.0,0.0,13577.47,0.0,13577.47,0.0171
DEBT-00145,CUST-00145,0.0,0.0,0.0,0.0,0.0,0.0,0.0
DEBT-00146,CUST-00146,13438.14,15026.89,0.0,12170.28,85503.65,126138.96,0.2078
DEBT-00147,CUST-00147,17315.48,3662.25,0.0,12658.19,0.0,33635.92,0.0439
DEBT-00148,CUST-00148,10637.53,0.0,0.0,0.0,0.0,10637.53,0.0119
DEBT-00149,CUST-00149,15346.44,0.0,0.0,0.0,297651.23,312997.67,0.3633
DEBT-00150,CUST-00150,0.0,0.0,0.0,11361.53,244968.52,256330.05,0.7348
DEBT-00151,CUST-00151,0.0,0.0,0.0,0.0,432654.16,432654.16,1.6402
DEBT-00152,CUST-00152,2880.41,0.0,0.0,0.0,0.0,2880.41,0.0035
DEBT-00153,CUST-00153,1497.92,2777.03,0.0,0.0,0.0,4274.95,0.0171
DEBT-00154,CUST-00154,15005.62,0.0,0.0,34241.38,0.0,49247.0,0.032
DEBT-00155,CUST-00155,14190.84,0.0,0.0,0.0,140350.36,154541.2,0.1778
DEBT-00156,CUST-00156,0.0,0.0,0.0,0.0,240033.14,240033.14,0.5779
DEBT-00157,CUST-00157,0.0,0.0,0.0,0.0,263576.31,263576.31,0.8178
DEBT-00158,CUST-00158,3100.32,0.0,15498.26,8042.63,0.0,26641.21,0.0594
DEBT-00159,CUST-00159,4393.38,0.0,0.0,6371.9,0.0,10765.28,0.0462
DEBT-00160,CUST-00160,4462.74,10410.61,0.0,0.0,0.0,14873.35,0.0173
DEBT-00161,CUST-00161,0.0,0.0,0.0,0.0,0.0,0.0,0.0
DEBT-00162,CUST-00162,8851.46,0.0,0.0,0.0,0.0,8851.46,0.0133
DEBT-00163,CUST-00163,440.88,0.0,0.0,32889.46,247563.39,280893.73,0.7784
DEBT-00164,CUST-00164,0.0,0.0,0.0,0.0,0.0,0.0,0.0
DEBT-00165,CUST-00165,4555.71,13867.94,0.0,0.0,0.0,18423.65,0.0628
DEBT-00166,CUST-00166,3227.42,12419.25,0.0,29978.08,0.0,45624.75,0.1712
DEBT-00167,CUST-00167,3701.55,0.0,12078.93,0.0,0.0,15780.48,0.0234
DEBT-00168,CUST-00168,291.84,0.0,0.0,23683.86,447266.14,471241.84,1.6333
DEBT-00169,CUST-00169,6981.46,10440.69,0.0,0.0,302524.34,319946.49,0.4773
DEBT-00170,CUST-00170,0.0,0.0,0.0,0.0,0.0,0.0,0.0
DEBT-00171,CUST-00171,17238.45,0.0,0.0,17149.51,0.0,34387.96,0.0314
DEBT-00172,CUST-00172,0.0,0.0,0.0,32514.6,0.0,32514.6,0.081
DEBT-00173,CUST-00173,0.0,0.0,0.0,0.0,195244.68,195244.68,0.4814
DEBT-00174,CUST-00174,16986.58,0.0,0.0,0.0,0.0,16986.58,0.0206
DEBT-00175,CUST-00175,8126.08,11737.71,0.0,14152.81,0.0,34016.6,0.0893
DEBT-00176,CUST-00176,0.0,0.0,0.0,11414.84,0.0,11414.84,0.0135
DEBT-00177,CUST-00177,339.13,20780.61,0.0,0.0,271907.8,293027.54,0.857
DEBT-00178,CUST-00178,698.7,4057.07,0.0,22414.8,0.0,27170.57,0.5569
DEBT-00179,CUST-00179,5085.46,0.0,0.0,0.0,197752.24,202837.7,0.2499
DEBT-00180,CUST-00180,0.0,3320.66,0.0,0.0,0.0,3320.66,0.0051
DEBT-00181,CUST-00181,577.83,0.0,0.0,30102.51,0.0,30680.34,0.1121
DEBT-00182,CUST-00182,10588.6,0.0,0.0,33231.11,0.0,43819.71,0.0786
DEBT-00183,CUST-00183,7491.19,22313.45,0.0,0.0,0.0,29804.64,0.0574
DEBT-00184,CUST-00184,13107.13,21584.39,7705.39,12899.48,0.0,55296.39,0.0598
DEBT-00185,CUST-00185,1430.42,16732.32,0.0,0.0,0.0,18162.74,0.1857
DEBT-00186,CUST-00186,5017.53,7581.63,0.0,0.0,0.0,12599.16,0.0407
DEBT-00187,CUST-00187,2806.84,0.0,0.0,0.0,269682.75,272489.59,0.5587
DEBT-00188,CUST-00188,6533.71,0.0,0.0,0.0,399770.48,406304.19,1.0703
DEBT-00189,CUST-00189,8399.51,12947.95,0.0,28031.04,0.0,49378.5,0.0513
DEBT-00190,CUST-00190,0.0,0.0,0.0,31811.88,0.0,31811.88,0.0789
DEBT-00191,CUST-00191,0.0,0.0,0.0,13561.32,0.0,13561.32,0.0122
DEBT-00192,CUST-00192,3183.72,0.0,30120.25,0.0,0.0,33303.97,0.0614
DEBT-00193,CUST-00193,0.0,8439.33,0.0,7024.51,0.0,15463.84,0.0248
DEBT-00194,CUST-00194,2245.46,0.0,31284.38,0.0,0.0,33529.84,0.3349
DEBT-00195,CUST-00195,3540.73,0.0,0.0,0.0,0.0,3540.73,0.0033
DEBT-00196,CUST-00196,9669.97,0.0,0.0,21650.36,0.0,31320.33,0.0694
DEBT-00197,CUST-00197,0.0,24073.18,0.0,0.0,0.0,24073.18,0.0524
DEBT-00198,CUST-00198,0.0,11723.94,0.0,8128.7,0.0,19852.64,0.0378
DEBT-00199,CUST-00199,0.0,0.0,23556.65,0.0,0.0,23556.65,0.0317
DEBT-00200,CUST-00200,3814.35,11717.07,0.0,0.0,0.0,15531.42,0.0171
DEBT-00201,CUST-00201,0.0,0.0,0.0,0.0,0.0,0.0,0.0
DEBT-00202,CUST-00202,3556.57,0.0,0.0,0.0,127324.66,130881.23,0.1436
DEBT-00203,CUST-00203,0.0,0.0,0.0,5425.76,448148.65,453574.41,0.7054
DEBT-00204,CUST-00204,2675.82,0.0,38926.48,0.0,211238.93,252841.23,0.6521
DEBT-00205,CUST-00205,4611.76,0.0,0.0,0.0,0.0,4611.76,0.0187
DEBT-00206,CUST-00206,0.0,0.0,0.0,32116.83,148309.08,180425.91,0.5226
DEBT-00207,CUST-00207,0.0,0.0,0.0,0.0,0.0,0.0,0.0
DEBT-00208,CUST-00208,8961.37,8115.56,0.0,0.0,0.0,17076.93,0.0361
DEBT-00209,CUST-00209,2223.85,0.0,0.0,24620.64,166529.39,193373.88,0.2668
DEBT-00210,CUST-00210,10004.25,0.0,0.0,0.0,0.0,10004.25,0.0195
DEBT-00211,CUST-00211,8207.49,0.0,0.0,0.0,0.0,8207.49,0.02
DEBT-00212,CUST-00212,3368.3,0.0,0.0,0.0,138329.69,141697.99,0.2268
DEBT-00213,CUST-00213,2361.43,0.0,0.0,0.0,0.0,2361.43,0.0176
DEBT-00214,CUST-00214,3564.64,6832.56,0.0,0.0,0.0,10397.2,0.0233
DEBT-00215,CUST-00215,7403.32,0.0,0.0,0.0,0.0,7403.32,0.0199
DEBT-00216,CUST-00216,5120.7,0.0,0.0,0.0,0.0,5120.7,0.0068
DEBT-00217,CUST-00217,7829.54,0.0,0.0,0.0,0.0,7829.54,0.0103
DEBT-00218,CUST-00218,0.0,0.0,0.0,21859.44,0.0,21859.44,0.1075
DEBT-00219,CUST-00219,9002.5,18996.02,0.0,0.0,0.0,27998.52,0.0552
DEBT-00220,CUST-00220,1308.33,0.0,8567.54,0.0,0.0,9875.87,0.0634
DEBT-00221,CUST-00221,0.0,0.0,0.0,0.0,211418.41,211418.41,0.3776
DEBT-00222,CUST-00222,10185.01,0.0,10509.69,0.0,0.0,20694.7,0.027
DEBT-00223,CUST-00223,12340.45,5066.26,8032.54,25716.13,0.0,51155.38,0.0862
DEBT-00224,CUST-00224,665.33,0.0,0.0,0.0,0.0,665.33,0.0017
DEBT-00225,CUST-00225,0.0,0.0,0.0,0.0,0.0,0.0,0.0
DEBT-00226,CUST-00226,904.6,0.0,0.0,0.0,147636.45,148541.05,0.2345
DEBT-00227,CUST-00227,10479.09,0.0,0.0,0.0,0.0,10479.09,0.0182
DEBT-00228,CUST-00228,8437.44,0.0,0.0,0.0,0.0,8437.44,0.0111
DEBT-00229,CUST-00229,9906.82,0.0,0.0,0.0,0.0,9906.82,0.0183
DEBT-00230,CUST-00230,4364.83,0.0,0.0,0.0,0.0,4364.83,0.0119
DEBT-00231,CUST-00231,6205.05,23714.81,0.0,0.0,0.0,29919.86,0.0901
DEBT-00232,CUST-00232,14636.17,0.0,8295.19,9301.24,0.0,32232.6,0.0333
DEBT-00233,CUST-00233,594.64,0.0,0.0,0.0,0.0,594.64,0.0018
DEBT-00234,CUST-00234,2828.39,3980.76,0.0,21572.03,0.0,28381.18,0.1592
DEBT-00235,CUST-00235,4105.87,0.0,0.0,0.0,0.0,4105.87,0.0097
DEBT-00236,CUST-00236,3223.06,7913.63,0.0,0.0,395782.16,406918.85,1.6689
DEBT-00237,CUST-00237,0.0,0.0,0.0,0.0,0.0,0.0,0.0
DEBT-00238,CUST-00238,7261.86,0.0,0.0,0.0,0.0,7261.86,0.0079
DEBT-00239,CUST-00239,0.0,0.0,0.0,8585.97,0.0,8585.97,0.0364
DEBT-00240,CUST-00240,9158.41,0.0,0.0,0.0,0.0,9158.41,0.0154
DEBT-00241,CUST-00241,3217.38,0.0,0.0,0.0,0.0,3217.38,0.0045
DEBT-00242,CUST-00242,988.4,0.0,0.0,0.0,0.0,988.4,0.002
DEBT-00243,CUST-00243,8071.58,1556.16,0.0,0.0,0.0,9627.74,0.0235
DEBT-00244,CUST-00244,7791.7,0.0,0.0,33484.09,0.0,41275.79,0.0339
DEBT-00245,CUST-00245,8672.39,0.0,33460.96,0.0,0.0,42133.35,0.0767
DEBT-00246,CUST-00246,1050.15,0.0,0.0,0.0,0.0,1050.15,0.0116
DEBT-00247,CUST-00247,8047.45,5429.11,0.0,0.0,0.0,13476.56,0.0362
DEBT-00248,CUST-00248,13403.15,0.0,0.0,5596.14,0.0,18999.29,0.0185
DEBT-00249,CUST-00249,21928.8,0.0,0.0,22892.32,0.0,44821.12,0.045
DEBT-00250,CUST-00250,9565.13,0.0,0.0,0.0,0.0,9565.13,0.0152
DEBT-00251,CUST-00251,12848.18,13545.79,0.0,0.0,0.0,26393.97,0.0346
DEBT-00252,CUST-00252,6855.83,6855.56,0.0,0.0,0.0,13711.39,0.0311
DEBT-00253,CUST-00253,0.0,22450.71,0.0,14568.06,0.0,37018.77,0.4153
DEBT-00254,CUST-00254,99.24,0.0,0.0,18668.82,0.0,18768.06,0.2877
DEBT-00255,CUST-00255,0.0,0.0,0.0,19970.16,0.0,19970.16,0.0436
DEBT-00256,CUST-00256,7592.87,0.0,0.0,0.0,0.0,7592.87,0.0175
DEBT-00257,CUST-00257,8793.36,16226.79,0.0,0.0,417044.77,442064.92,0.636
DEBT-00258,CUST-00258,4382.24,0.0,0.0,15031.27,0.0,19413.51,0.0876
DEBT-00259,CUST-00259,6195.27,0.0,0.0,0.0,176008.5,182203.77,0.4094
DEBT-00260,CUST-00260,6324.64,0.0,0.0,23611.11,0.0,29935.75,0.0731
DEBT-00261,CUST-00261,9634.16,21681.21,0.0,0.0,0.0,31315.37,0.0456
DEBT-00262,CUST-00262,7506.87,7611.28,35717.02,0.0,0.0,50835.17,0.1069
DEBT-00263,CUST-00263,891.03,0.0,0.0,0.0,0.0,891.03,0.0036
DEBT-00264,CUST-00264,0.0,19957.42,0.0,23029.35,0.0,42986.77,0.066
DEBT-00265,CUST-00265,0.0,0.0,0.0,0.0,0.0,0.0,0.0
DEBT-00266,CUST-00266,0.0,0.0,0.0,5852.65,339332.65,345185.3,0.5078
DEBT-00267,CUST-00267,1662.01,0.0,0.0,0.0,232007.26,233669.27,0.2833
DEBT-00268,CUST-00268,0.0,0.0,0.0,34107.85,0.0,34107.85,0.1371
DEBT-00269,CUST-00269,9003.5,0.0,0.0,0.0,0.0,9003.5,0.0218
DEBT-00270,CUST-00270,10689.49,0.0,0.0,0.0,0.0,10689.49,0.0217
DEBT-00271,CUST-00271,0.0,0.0,0.0,34795.18,0.0,34795.18,0.4796
DEBT-00272,CUST-00272,0.0,0.0,0.0,8199.53,0.0,8199.53,0.0122
DEBT-00273,CUST-00273,10312.96,0.0,0.0,0.0,238119.09,248432.05,0.4893
DEBT-00274,CUST-00274,0.0,0.0,0.0,0.0,0.0,0.0,0.0
DEBT-00275,CUST-00275,0.0,0.0,15751.19,0.0,296495.73,312246.92,0.4989
DEBT-00276,CUST-00276,744.34,0.0,0.0,0.0,152937.89,153682.23,0.3242
DEBT-00277,CUST-00277,0.0,9469.21,0.0,0.0,431188.53,440657.74,0.8383
DEBT-00278,CUST-00278,8718.68,0.0,13590.62,0.0,0.0,22309.3,0.0476
DEBT-00279,CUST-00279,6317.01,6210.57,0.0,22355.68,0.0,34883.26,0.0984
DEBT-00280,CUST-00280,7517.17,17899.1,0.0,11041.3,0.0,36457.57,0.0747
DEBT-00281,CUST-00281,0.0,0.0,0.0,26928.55,0.0,26928.55,0.1148
DEBT-00282,CUST-00282,16369.58,0.0,22100.24,31781.58,0.0,70251.4,0.0803
DEBT-00283,CUST-00283,8946.97,0.0,0.0,0.0,0.0,8946.97,0.018
DEBT-00284,CUST-00284,0.0,0.0,0.0,0.0,0.0,0.0,0.0
DEBT-00285,CUST-00285,0.0,3229.1,0.0,0.0,0.0,3229.1,0.0056
DEBT-00286,CUST-00286,0.0,23151.52,0.0,0.0,0.0,23151.52,0.0541
DEBT-00287,CUST-00287,6670.69,0.0,0.0,0.0,0.0,6670.69,0.0147
DEBT-00288,CUST-00288,0.0,0.0,0.0,8800.04,0.0,8800.04,0.0213
DEBT-00289,CUST-00289,6945.09,23312.92,0.0,19032.26,0.0,49290.27,0.1043
DEBT-00290,CUST-00290,6106.86,0.0,0.0,0.0,0.0,6106.86,0.016
DEBT-00291,CUST-00291,2909.01,0.0,0.0,10275.82,0.0,13184.83,0.0364
DEBT-00292,CUST-00292,2246.57,21700.76,29966.92,0.0,172554.15,226468.4,0.5527
DEBT-00293,CUST-00293,1362.41,0.0,0.0,0.0,230519.95,231882.36,0.5436
DEBT-00294,CUST-00294,0.0,0.0,0.0,0.0,0.0,0.0,0.0
DEBT-00295,CUST-00295,9067.04,0.0,0.0,13944.48,0.0,23011.52,0.0312
DEBT-00296,CUST-00296,0.0,0.0,29169.45,0.0,0.0,29169.45,0.0682
DEBT-00297,CUST-00297,7356.76,0.0,0.0,26943.54,0.0,34300.3,0.0912
DEBT-00298,CUST-00298,8309.19,0.0,0.0,0.0,0.0,8309.19,0.0163
DEBT-00299,CUST-00299,2970.18,0.0,0.0,0.0,0.0,2970.18,0.0062
DEBT-00300,CUST-00300,0.0,24426.47,0.0,31034.39,0.0,55460.86,0.1453
DEBT-00301,CUST-00301,1343.89,20402.84,0.0,11155.26,0.0,32901.99,0.0567
DEBT-00302,CUST-00302,0.0,7880.88,0.0,13506.36,152087.53,173474.77,0.3419
DEBT-00303,CUST-00303,3635.64,0.0,0.0,0.0,0.0,3635.64,0.0109
DEBT-00304,CUST-00304,6309.43,20736.68,0.0,0.0,0.0,27046.11,0.043
DEBT-00305,CUST-00305,4368.6,0.0,0.0,0.0,351490.43,355859.03,0.8104
DEBT-00306,CUST-00306,7795.52,0.0,28248.27,0.0,158716.04,194759.83,0.5011
DEBT-00307,CUST-00307,3112.88,0.0,0.0,8923.34,0.0,12036.22,0.0597
DEBT-00308,CUST-00308,0.0,0.0,37777.52,29605.21,0.0,67382.73,0.1119
DEBT-00309,CUST-00309,5030.83,0.0,44364.66,0.0,0.0,49395.49,0.1721
DEBT-00310,CUST-00310,7252.3,0.0,0.0,26711.94,0.0,33964.24,0.0549
DEBT-00311,CUST-00311,9138.24,0.0,0.0,0.0,0.0,9138.24,0.0189
DEBT-00312,CUST-00312,1552.24,0.0,0.0,4253.81,0.0,5806.05,0.0216
DEBT-00313,CUST-00313,12651.29,0.0,0.0,0.0,0.0,12651.29,0.0196
DEBT-00314,CUST-00314,0.0,0.0,0.0,0.0,0.0,0.0,0.0
DEBT-00315,CUST-00315,0.0,0.0,0.0,0.0,333760.8,333760.8,0.7252
DEBT-00316,CUST-00316,9880.59,0.0,0.0,6569.04,0.0,16449.63,0.0248
DEBT-00317,CUST-00317,1293.41,0.0,0.0,0.0,166197.75,167491.16,0.5691
DEBT-00318,CUST-00318,15186.17,0.0,0.0,0.0,0.0,15186.17,0.0216
DEBT-00319,CUST-00319,7983.45,0.0,0.0,0.0,0.0,7983.45,0.0172
DEBT-00320,CUST-00320,6011.55,0.0,0.0,0.0,194033.46,200045.01,0.3596
DEBT-00321,CUST-00321,3850.14,0.0,0.0,0.0,0.0,3850.14,0.0062
DEBT-00322,CUST-00322,2436.95,0.0,0.0,0.0,0.0,2436.95,0.0057
DEBT-00323,CUST-00323,1744.78,0.0,0.0,0.0,0.0,1744.78,0.0034
DEBT-00324,CUST-00324,0.0,0.0,0.0,0.0,0.0,0.0,0.0
DEBT-00325,CUST-00325,0.0,0.0,0.0,0.0,0.0,0.0,0.0
DEBT-00326,CUST-00326,316.65,0.0,0.0,0.0,0.0,316.65,0.0042
DEBT-00327,CUST-00327,0.0,0.0,7794.37,7380.39,0.0,15174.76,0.1401
DEBT-00328,CUST-00328,3297.95,0.0,0.0,21727.94,0.0,25025.89,0.0264
DEBT-00329,CUST-00329,842.39,0.0,22202.46,23239.03,143950.78,190234.66,0.5932
DEBT-00330,CUST-00330,5456.23,0.0,0.0,17467.17,0.0,22923.4,0.0493
DEBT-00331,CUST-00331,8026.87,0.0,0.0,23786.26,350159.0,381972.13,0.6225
DEBT-00332,CUST-00332,4662.96,0.0,0.0,34587.04,0.0,39250.0,0.0865
DEBT-00333,CUST-00333,12123.88,0.0,0.0,0.0,0.0,12123.88,0.019
DEBT-00334,CUST-00334,1576.73,0.0,26504.24,0.0,0.0,28080.97,0.2827
DEBT-00335,CUST-00335,14029.32,24092.03,0.0,10449.45,95482.54,144053.34,0.1547
DEBT-00336,CUST-00336,3048.94,0.0,0.0,0.0,0.0,3048.94,0.0069
DEBT-00337,CUST-00337,15334.64,0.0,0.0,21836.29,152630.8,189801.73,0.2093
DEBT-00338,CUST-00338,4166.41,0.0,0.0,0.0,276790.79,280957.2,0.5942
DEBT-00339,CUST-00339,0.0,5843.29,0.0,0.0,0.0,5843.29,0.0127
DEBT-00340,CUST-00340,3651.53,0.0,0.0,0.0,0.0,3651.53,0.0122
DEBT-00341,CUST-00341,12076.42,0.0,0.0,0.0,0.0,12076.42,0.022
DEBT-00342,CUST-00342,8145.19,0.0,0.0,0.0,0.0,8145.19,0.0136
DEBT-00343,CUST-00343,6653.96,0.0,0.0,0.0,0.0,6653.96,0.0144
DEBT-00344,CUST-00344,6739.74,0.0,0.0,0.0,0.0,6739.74,0.0075
DEBT-00345,CUST-00345,11789.45,0.0,0.0,8741.57,0.0,20531.02,0.0233
DEBT-00346,CUST-00346,11330.29,0.0,0.0,26302.44,0.0,37632.73,0.0619
DEBT-00347,CUST-00347,4385.71,0.0,0.0,0.0,0.0,4385.71,0.0069
DEBT-00348,CUST-00348,0.0,0.0,0.0,0.0,0.0,0.0,0.0
DEBT-00349,CUST-00349,11639.03,0.0,0.0,0.0,0.0,11639.03,0.0211
DEBT-00350,CUST-00350,0.0,0.0,0.0,0.0,0.0,0.0,0.0
DEBT-00351,CUST-00351,0.0,0.0,0.0,14022.3,0.0,14022.3,0.0168
DEBT-00352,CUST-00352,8474.78,0.0,0.0,0.0,0.0,8474.78,0.0176
DEBT-00353,CUST-00353,3675.64,0.0,0.0,0.0,0.0,3675.64,0.0066
DEBT-00354,CUST-00354,8453.14,0.0,11369.77,0.0,0.0,19822.91,0.0492
DEBT-00355,CUST-00355,0.0,23733.37,0.0,0.0,0.0,23733.37,0.0265
DEBT-00356,CUST-00356,3749.03,0.0,0.0,5495.14,0.0,9244.17,0.0141
DEBT-00357,CUST-00357,732.88,0.0,0.0,0.0,0.0,732.88,0.002
DEBT-00358,CUST-00358,9127.31,0.0,0.0,0.0,0.0,9127.31,0.018
DEBT-00359,CUST-00359,3789.81,0.0,0.0,0.0,0.0,3789.81,0.0109
DEBT-00360,CUST-00360,9145.14,0.0,0.0,0.0,0.0,9145.14,0.015
DEBT-00361,CUST-00361,0.0,0.0,0.0,0.0,0.0,0.0,0.0
DEBT-00362,CUST-00362,4193.86,0.0,0.0,16706.91,0.0,20900.77,0.0519
DEBT-00363,CUST-00363,10535.09,0.0,0.0,0.0,0.0,10535.09,0.021
DEBT-00364,CUST-00364,10194.15,12575.9,6595.83,11310.31,0.0,40676.19,0.0521
DEBT-00365,CUST-00365,10665.23,20039.61,0.0,31974.83,0.0,62679.67,0.1156
DEBT-00366,CUST-00366,0.0,0.0,0.0,24529.14,391302.14,415831.28,0.5366
DEBT-00367,CUST-00367,705.55,20447.53,7700.15,0.0,0.0,28853.23,0.0685
DEBT-00368,CUST-00368,303.32,3421.57,0.0,13168.46,430705.48,447598.83,0.977
DEBT-00369,CUST-00369,7993.53,0.0,0.0,31844.66,147435.94,187274.13,0.3638
DEBT-00370,CUST-00370,0.0,7861.03,0.0,0.0,0.0,7861.03,0.0152
DEBT-00371,CUST-00371,1381.53,0.0,29640.86,0.0,0.0,31022.39,0.3226
DEBT-00372,CUST-00372,0.0,0.0,0.0,0.0,0.0,0.0,0.0
DEBT-00373,CUST-00373,0.0,0.0,0.0,0.0,0.0,0.0,0.0
DEBT-00374,CUST-00374,1095.44,0.0,36921.81,0.0,0.0,38017.25,0.0971
DEBT-00375,CUST-00375,471.52,0.0,0.0,21273.7,0.0,21745.22,0.0473
DEBT-00376,CUST-00376,15253.11,0.0,0.0,0.0,0.0,15253.11,0.0225
DEBT-00377,CUST-00377,2299.06,0.0,0.0,0.0,0.0,2299.06,0.006
DEBT-00378,CUST-00378,7818.48,0.0,0.0,0.0,0.0,7818.48,0.0197
DEBT-00379,CUST-00379,0.0,0.0,30942.33,9480.04,0.0,40422.37,0.0969
DEBT-00380,CUST-00380,246.64,0.0,0.0,0.0,0.0,246.64,0.0025
DEBT-00381,CUST-00381,12662.46,18233.85,16132.09,6591.38,0.0,53619.78,0.061
DEBT-00382,CUST-00382,0.0,0.0,0.0,27943.73,394938.81,422882.54,0.2966
DEBT-00383,CUST-00383,0.0,0.0,0.0,7790.72,0.0,7790.72,0.0106
DEBT-00384,CUST-00384,4667.06,14872.02,0.0,0.0,0.0,19539.08,0.0696
DEBT-00385,CUST-00385,0.0,4582.22,0.0,0.0,0.0,4582.22,0.0141
DEBT-00386,CUST-00386,8456.63,0.0,0.0,0.0,0.0,8456.63,0.0212
DEBT-00387,CUST-00387,421.17,0.0,0.0,0.0,0.0,421.17,0.0017
DEBT-00388,CUST-00388,1652.1,8371.85,20199.18,0.0,0.0,30223.13,0.2434
DEBT-00389,CUST-00389,0.0,0.0,0.0,0.0,0.0,0.0,0.0
DEBT-00390,CUST-00390,4408.97,0.0,0.0,0.0,163756.49,168165.46,0.3514
DEBT-00391,CUST-00391,0.0,0.0,0.0,16167.97,411263.32,427431.29,0.6831
DEBT-00392,CUST-00392,1023.78,23005.62,0.0,0.0,0.0,24029.4,0.1487
DEBT-00393,CUST-00393,0.0,0.0,0.0,0.0,128266.72,128266.72,0.1807
DEBT-00394,CUST-00394,0.0,0.0,0.0,10118.95,0.0,10118.95,0.0141
DEBT-00395,CUST-00395,8701.88,0.0,0.0,0.0,0.0,8701.88,0.0097
DEBT-00396,CUST-00396,575.55,0.0,0.0,0.0,0.0,575.55,0.0014
DEBT-00397,CUST-00397,5047.5,0.0,0.0,30776.56,92793.82,128617.88,0.3701
DEBT-00398,CUST-00398,0.0,5595.59,0.0,0.0,0.0,5595.59,0.0071
DEBT-00399,CUST-00399,6216.83,16251.63,0.0,0.0,334634.9,357103.36,0.6342
DEBT-00400,CUST-00400,0.0,16502.13,0.0,0.0,0.0,16502.13,0.0674
DEBT-00401,CUST-00401,0.0,0.0,0.0,34778.27,0.0,34778.27,0.0549
DEBT-00402,CUST-00402,9474.31,0.0,0.0,0.0,0.0,9474.31,0.0198
DEBT-00403,CUST-00403,6093.46,0.0,0.0,23325.32,0.0,29418.78,0.0354
DEBT-00404,CUST-00404,6275.61,0.0,0.0,15191.73,0.0,21467.34,0.0787
DEBT-00405,CUST-00405,7075.24,0.0,0.0,25955.06,0.0,33030.3,0.0327
DEBT-00406,CUST-00406,2222.32,0.0,0.0,0.0,0.0,2222.32,0.004
DEBT-00407,CUST-00407,0.0,0.0,0.0,5539.53,0.0,5539.53,0.029
DEBT-00408,CUST-00408,7233.96,0.0,0.0,0.0,0.0,7233.96,0.0092
DEBT-00409,CUST-00409,3142.75,2890.8,0.0,19712.87,0.0,25746.42,0.1702
DEBT-00410,CUST-00410,3314.54,0.0,0.0,10572.18,225755.23,239641.95,0.914
DEBT-00411,CUST-00411,9967.41,0.0,0.0,0.0,0.0,9967.41,0.0153
DEBT-00412,CUST-00412,9909.84,0.0,0.0,0.0,375107.74,385017.58,0.5102
DEBT-00413,CUST-00413,9314.72,6962.89,0.0,0.0,0.0,16277.61,0.0307
DEBT-00414,CUST-00414,2013.25,11438.86,0.0,16204.52,0.0,29656.63,0.048
DEBT-00415,CUST-00415,0.0,0.0,0.0,26226.94,341820.85,368047.79,1.2351
DEBT-00416,CUST-00416,14694.05,0.0,0.0,0.0,0.0,14694.05,0.0192
DEBT-00417,CUST-00417,7751.82,0.0,0.0,0.0,87137.59,94889.41,0.2325
DEBT-00418,CUST-00418,7385.82,0.0,0.0,15773.31,0.0,23159.13,0.0684
DEBT-00419,CUST-00419,9017.04,5710.84,0.0,0.0,0.0,14727.88,0.0359
DEBT-00420,CUST-00420,9817.55,0.0,0.0,0.0,0.0,9817.55,0.0216
DEBT-00421,CUST-00421,6360.6,0.0,0.0,0.0,259490.62,265851.22,0.4368
DEBT-00422,CUST-00422,9172.01,0.0,0.0,0.0,0.0,9172.01,0.0203
DEBT-00423,CUST-00423,9303.68,0.0,0.0,0.0,210755.67,220059.35,0.3688
DEBT-00424,CUST-00424,13118.64,0.0,0.0,0.0,0.0,13118.64,0.0189
DEBT-00425,CUST-00425,0.0,4008.89,0.0,34642.54,0.0,38651.43,0.0833
DEBT-00426,CUST-00426,4933.36,0.0,0.0,27543.87,418108.74,450585.97,0.7398
DEBT-00427,CUST-00427,10015.98,0.0,0.0,0.0,0.0,10015.98,0.0204
DEBT-00428,CUST-00428,267.9,0.0,0.0,14418.11,368210.01,382896.02,1.1266
DEBT-00429,CUST-00429,12302.96,0.0,0.0,23811.45,0.0,36114.41,0.0628
DEBT-00430,CUST-00430,13141.52,0.0,0.0,0.0,0.0,13141.52,0.0229
DEBT-00431,CUST-00431,5943.23,0.0,0.0,0.0,0.0,5943.23,0.0088
DEBT-00432,CUST-00432,4800.4,0.0,0.0,16811.77,0.0,21612.17,0.0843
DEBT-00433,CUST-00433,0.0,0.0,0.0,0.0,0.0,0.0,0.0
DEBT-00434,CUST-00434,11391.89,0.0,0.0,0.0,0.0,11391.89,0.0208
DEBT-00435,CUST-00435,0.0,1105.47,0.0,0.0,0.0,1105.47,0.0017
DEBT-00436,CUST-00436,159.69,0.0,39481.83,0.0,0.0,39641.52,0.3891
DEBT-00437,CUST-00437,11087.92,9364.16,0.0,0.0,331941.06,352393.14,0.4814
DEBT-00438,CUST-00438,8378.12,1465.36,0.0,0.0,0.0,9843.48,0.0235
DEBT-00439,CUST-00439,0.0,0.0,0.0,0.0,0.0,0.0,0.0
DEBT-00440,CUST-00440,0.0,0.0,0.0,18833.84,0.0,18833.84,0.0181
DEBT-00441,CUST-00441,6921.75,0.0,0.0,0.0,0.0,6921.75,0.0128
DEBT-00442,CUST-00442,9151.72,10783.94,0.0,0.0,0.0,19935.66,0.0498
DEBT-00443,CUST-00443,0.0,0.0,0.0,0.0,0.0,0.0,0.0
DEBT-00444,CUST-00444,5612.59,0.0,0.0,0.0,115563.39,121175.98,0.3622
DEBT-00445,CUST-00445,2423.41,0.0,0.0,0.0,0.0,2423.41,0.0044
DEBT-00446,CUST-00446,2309.44,0.0,0.0,0.0,0.0,2309.44,0.008
DEBT-00447,CUST-00447,1527.13,0.0,0.0,0.0,0.0,1527.13,0.0058
DEBT-00448,CUST-00448,9165.54,15926.25,0.0,0.0,361617.63,386709.42,0.4848
DEBT-00449,CUST-00449,0.0,0.0,0.0,0.0,135226.46,135226.46,0.0877
DEBT-00450,CUST-00450,0.0,18337.12,0.0,0.0,0.0,18337.12,0.1991
DEBT-00451,CUST-00451,0.0,0.0,0.0,0.0,0.0,0.0,0.0
DEBT-00452,CUST-00452,0.0,0.0,0.0,0.0,0.0,0.0,0.0
DEBT-00453,CUST-00453,0.0,0.0,0.0,0.0,218562.64,218562.64,0.2376
DEBT-00454,CUST-00454,22007.97,0.0,0.0,0.0,0.0,22007.97,0.0226
DEBT-00455,CUST-00455,6269.99,0.0,0.0,0.0,0.0,6269.99,0.0215
DEBT-00456,CUST-00456,0.0,0.0,0.0,0.0,0.0,0.0,0.0
DEBT-00457,CUST-00457,3398.0,0.0,0.0,0.0,0.0,3398.0,0.0146
DEBT-00458,CUST-00458,9340.96,16071.19,0.0,0.0,0.0,25412.15,0.0604
DEBT-00459,CUST-00459,7282.49,15304.85,0.0,0.0,0.0,22587.34,0.0506
DEBT-00460,CUST-00460,4610.0,23616.62,0.0,0.0,0.0,28226.62,0.1156
DEBT-00461,CUST-00461,5620.89,0.0,0.0,0.0,195509.34,201130.23,0.5897
DEBT-00462,CUST-00462,7698.06,24608.08,0.0,0.0,0.0,32306.14,0.0837
DEBT-00463,CUST-00463,5708.44,0.0,0.0,23700.62,383586.87,412995.93,0.5193
DEBT-00464,CUST-00464,4918.12,22016.59,0.0,12125.59,0.0,39060.3,0.1193
DEBT-00465,CUST-00465,462.11,0.0,0.0,23926.89,377039.07,401428.07,1.1031
DEBT-00466,CUST-00466,20071.56,0.0,0.0,33678.32,358912.55,412662.43,0.4499
DEBT-00467,CUST-00467,2263.93,0.0,0.0,15586.38,0.0,17850.31,0.0231
DEBT-00468,CUST-00468,0.0,0.0,0.0,5652.23,167030.71,172682.94,0.3984
DEBT-00469,CUST-00469,0.0,0.0,0.0,0.0,0.0,0.0,0.0
DEBT-00470,CUST-00470,14741.15,0.0,0.0,0.0,0.0,14741.15,0.021
DEBT-00471,CUST-00471,1921.75,0.0,0.0,0.0,0.0,1921.75,0.0108
DEBT-00472,CUST-00472,1109.97,0.0,0.0,0.0,0.0,1109.97,0.0142
DEBT-00473,CUST-00473,0.0,0.0,36499.89,0.0,205198.39,241698.28,0.3726
DEBT-00474,CUST-00474,0.0,0.0,0.0,0.0,0.0,0.0,0.0
DEBT-00475,CUST-00475,0.0,1071.2,23755.66,4501.8,0.0,29328.66,0.0765
DEBT-00476,CUST-00476,3910.15,0.0,0.0,0.0,0.0,3910.15,0.0116
DEBT-00477,CUST-00477,10527.62,0.0,0.0,30750.59,0.0,41278.21,0.055
DEBT-00478,CUST-00478,0.0,0.0,0.0,5301.5,0.0,5301.5,0.01
DEBT-00479,CUST-00479,8102.21,0.0,0.0,0.0,348878.35,356980.56,0.7426
DEBT-00480,CUST-00480,1725.26,3450.04,0.0,8260.93,0.0,13436.23,0.1147
DEBT-00481,CUST-00481,0.0,0.0,24050.39,0.0,0.0,24050.39,0.0772
DEBT-00482,CUST-00482,0.0,0.0,0.0,0.0,344926.47,344926.47,0.5945
DEBT-00483,CUST-00483,3031.78,20394.33,0.0,0.0,0.0,23426.11,0.0524
DEBT-00484,CUST-00484,1647.29,5193.31,0.0,0.0,0.0,6840.6,0.017
DEBT-00485,CUST-00485,3626.1,0.0,0.0,0.0,171795.21,175421.31,0.3534
DEBT-00486,CUST-00486,10507.22,0.0,0.0,0.0,0.0,10507.22,0.0063
DEBT-00487,CUST-00487,12232.5,0.0,0.0,0.0,267995.37,280227.87,0.3991
DEBT-00488,CUST-00488,280.23,0.0,40792.43,0.0,256020.09,297092.75,0.7666
DEBT-00489,CUST-00489,0.0,0.0,0.0,0.0,0.0,0.0,0.0
DEBT-00490,CUST-00490,9497.79,0.0,0.0,0.0,0.0,9497.79,0.0203
DEBT-00491,CUST-00491,0.0,19585.28,0.0,0.0,0.0,19585.28,0.0862
DEBT-00492,CUST-00492,2804.16,0.0,0.0,0.0,206233.47,209037.63,0.5175
DEBT-00493,CUST-00493,9743.43,0.0,0.0,9948.02,0.0,19691.45,0.0367
DEBT-00494,CUST-00494,4836.98,0.0,0.0,22301.83,0.0,27138.81,0.0715
DEBT-00495,CUST-00495,1293.55,0.0,0.0,0.0,0.0,1293.55,0.003
DEBT-00496,CUST-00496,2900.22,14469.69,0.0,0.0,0.0,17369.91,0.0362
DEBT-00497,CUST-00497,2865.01,0.0,0.0,12794.42,0.0,15659.43,0.0437
DEBT-00498,CUST-00498,8136.56,0.0,0.0,0.0,0.0,8136.56,0.0186
DEBT-00499,CUST-00499,5718.75,0.0,0.0,26652.94,0.0,32371.69,0.072
DEBT-00500,CUST-00500,7455.26,0.0,0.0,0.0,0.0,7455.26,0.0192
DEBT-00501,CUST-00501,5998.58,19967.88,0.0,8795.44,231868.5,266630.4,0.4636
DEBT-00502,CUST-00502,3203.66,17541.95,0.0,15821.79,0.0,36567.4,0.0849
DEBT-00503,CUST-00503,10809.12,0.0,0.0,0.0,0.0,10809.12,0.019
DEBT-00504,CUST-00504,15863.11,0.0,0.0,0.0,161873.18,177736.29,0.234
DEBT-00505,CUST-00505,63.8,20369.64,0.0,0.0,0.0,20433.44,0.2886
DEBT-00506,CUST-00506,2567.68,0.0,0.0,0.0,0.0,2567.68,0.0038
DEBT-00507,CUST-00507,3606.48,0.0,0.0,0.0,0.0,3606.48,0.0058
DEBT-00508,CUST-00508,4349.01,0.0,0.0,9127.88,0.0,13476.89,0.0504
DEBT-00509,CUST-00509,1858.78,9737.08,0.0,6640.8,0.0,18236.66,0.042
DEBT-00510,CUST-00510,1801.04,5920.54,0.0,11277.8,0.0,18999.38,0.0358
DEBT-00511,CUST-00511,6212.44,0.0,0.0,0.0,0.0,6212.44,0.0133
DEBT-00512,CUST-00512,19937.62,0.0,0.0,0.0,0.0,19937.62,0.0217
DEBT-00513,CUST-00513,999.95,0.0,0.0,0.0,357772.99,358772.94,0.7147
DEBT-00514,CUST-00514,14159.25,6121.32,0.0,0.0,0.0,20280.57,0.0324
DEBT-00515,CUST-00515,6310.52,0.0,0.0,0.0,0.0,6310.52,0.0207
DEBT-00516,CUST-00516,9439.11,0.0,0.0,10022.81,0.0,19461.92,0.0232
DEBT-00517,CUST-00517,1833.89,4635.11,0.0,0.0,0.0,6469.0,0.0193
DEBT-00518,CUST-00518,3582.83,0.0,0.0,0.0,0.0,3582.83,0.0119
DEBT-00519,CUST-00519,0.0,0.0,0.0,0.0,0.0,0.0,0.0
DEBT-00520,CUST-00520,8704.82,16769.18,0.0,0.0,0.0,25474.0,0.0327
DEBT-00521,CUST-00521,5585.89,0.0,0.0,0.0,0.0,5585.89,0.0088
DEBT-00522,CUST-00522,0.0,0.0,0.0,0.0,103523.09,103523.09,0.102
DEBT-00523,CUST-00523,6035.97,0.0,0.0,5016.87,0.0,11052.84,0.0122
DEBT-00524,CUST-00524,0.0,0.0,0.0,0.0,137754.28,137754.28,0.2146
DEBT-00525,CUST-00525,837.87,0.0,0.0,27544.41,0.0,28382.28,0.0787
DEBT-00526,CUST-00526,1418.1,0.0,0.0,0.0,94118.31,95536.41,0.1896
DEBT-00527,CUST-00527,0.0,18667.37,0.0,0.0,0.0,18667.37,0.0278
DEBT-00528,CUST-00528,1142.61,21223.09,0.0,0.0,432772.31,455138.01,1.2403
DEBT-00529,CUST-00529,8123.06,0.0,0.0,15375.02,275223.34,298721.42,0.5169
DEBT-00530,CUST-00530,7412.54,0.0,0.0,0.0,0.0,7412.54,0.0124
DEBT-00531,CUST-00531,6970.99,0.0,0.0,26569.87,302904.76,336445.62,0.356
DEBT-00532,CUST-00532,1938.17,0.0,0.0,0.0,384510.22,386448.39,1.3297
DEBT-00533,CUST-00533,4746.35,0.0,0.0,15221.08,0.0,19967.43,0.0415
DEBT-00534,CUST-00534,3851.61,0.0,0.0,0.0,0.0,3851.61,0.0103
DEBT-00535,CUST-00535,8420.75,16710.47,0.0,0.0,0.0,25131.22,0.0413
DEBT-00536,CUST-00536,10360.24,0.0,0.0,0.0,416293.69,426653.93,0.8214
DEBT-00537,CUST-00537,334.35,0.0,0.0,0.0,396765.2,397099.55,1.0468
DEBT-00538,CUST-00538,15324.96,0.0,0.0,21158.65,0.0,36483.61,0.0493
DEBT-00539,CUST-00539,0.0,0.0,0.0,29028.05,0.0,29028.05,0.0317
DEBT-00540,CUST-00540,10259.32,0.0,0.0,15500.14,0.0,25759.46,0.0567
DEBT-00541,CUST-00541,16282.09,0.0,0.0,17007.53,0.0,33289.62,0.0388
DEBT-00542,CUST-00542,0.0,0.0,0.0,0.0,0.0,0.0,0.0
DEBT-00543,CUST-00543,8707.83,0.0,0.0,0.0,0.0,8707.83,0.0091
DEBT-00544,CUST-00544,10898.77,0.0,0.0,0.0,0.0,10898.77,0.018
DEBT-00545,CUST-00545,352.13,0.0,0.0,0.0,0.0,352.13,0.0016
DEBT-00546,CUST-00546,2047.56,0.0,0.0,0.0,0.0,2047.56,0.0094
DEBT-00547,CUST-00547,1973.02,0.0,0.0,0.0,0.0,1973.02,0.002
DEBT-00548,CUST-00548,4014.06,0.0,0.0,0.0,0.0,4014.06,0.0081
DEBT-00549,CUST-00549,11409.52,13101.78,0.0,0.0,0.0,24511.3,0.0433
DEBT-00550,CUST-00550,5204.94,0.0,0.0,10161.39,0.0,15366.33,0.0547
DEBT-00551,CUST-00551,0.0,0.0,0.0,13392.12,0.0,13392.12,0.0948
DEBT-00552,CUST-00552,7951.66,18312.33,0.0,7296.78,0.0,33560.77,0.075
DEBT-00553,CUST-00553,13503.33,0.0,0.0,0.0,0.0,13503.33,0.0194
DEBT-00554,CUST-00554,19847.33,0.0,0.0,10993.78,272396.67,303237.78,0.3112
DEBT-00555,CUST-00555,3714.71,0.0,0.0,0.0,0.0,3714.71,0.0101
DEBT-00556,CUST-00556,14351.1,0.0,0.0,0.0,294678.7,309029.8,0.381
DEBT-00557,CUST-00557,2253.1,0.0,0.0,0.0,0.0,2253.1,0.0127
DEBT-00558,CUST-00558,0.0,0.0,0.0,0.0,0.0,0.0,0.0
DEBT-00559,CUST-00559,0.0,0.0,0.0,0.0,0.0,0.0,0.0
DEBT-00560,CUST-00560,0.0,0.0,0.0,23119.82,0.0,23119.82,0.0515
DEBT-00561,CUST-00561,0.0,0.0,0.0,10157.18,0.0,10157.18,0.0426
DEBT-00562,CUST-00562,0.0,0.0,0.0,0.0,0.0,0.0,0.0
DEBT-00563,CUST-00563,0.0,22943.25,0.0,0.0,0.0,22943.25,0.0513
DEBT-00564,CUST-00564,0.0,19458.9,0.0,18668.75,0.0,38127.65,0.2066
DEBT-00565,CUST-00565,3278.97,15131.31,27595.05,0.0,423379.3,469384.63,1.4317
DEBT-00566,CUST-00566,8183.92,0.0,0.0,6847.06,148895.9,163926.88,0.391
DEBT-00567,CUST-00567,1108.31,0.0,0.0,0.0,0.0,1108.31,0.002
DEBT-00568,CUST-00568,3222.46,5829.92,44233.94,0.0,0.0,53286.32,0.1047
DEBT-00569,CUST-00569,2379.53,0.0,0.0,0.0,0.0,2379.53,0.0198
DEBT-00570,CUST-00570,5348.2,7356.43,0.0,0.0,0.0,12704.63,0.0212
DEBT-00571,CUST-00571,0.0,0.0,0.0,0.0,0.0,0.0,0.0
DEBT-00572,CUST-00572,0.0,0.0,0.0,0.0,0.0,0.0,0.0
DEBT-00573,CUST-00573,0.0,0.0,0.0,0.0,0.0,0.0,0.0
DEBT-00574,CUST-00574,8461.4,20646.04,0.0,26659.15,0.0,55766.59,0.1281
DEBT-00575,CUST-00575,0.0,0.0,0.0,0.0,0.0,0.0,0.0
DEBT-00576,CUST-00576,0.0,0.0,0.0,4044.73,0.0,4044.73,0.0107
DEBT-00577,CUST-00577,3641.67,0.0,0.0,0.0,0.0,3641.67,0.0088
DEBT-00578,CUST-00578,2501.31,0.0,0.0,0.0,0.0,2501.31,0.0026
DEBT-00579,CUST-00579,0.0,0.0,0.0,33214.63,0.0,33214.63,0.0843
DEBT-00580,CUST-00580,3916.06,14969.16,0.0,25019.36,0.0,43904.58,0.1062
DEBT-00581,CUST-00581,2698.95,0.0,0.0,0.0,0.0,2698.95,0.0044
DEBT-00582,CUST-00582,945.69,0.0,0.0,0.0,0.0,945.69,0.0019
DEBT-00583,CUST-00583,7521.97,23856.89,0.0,0.0,0.0,31378.86,0.0754
DEBT-00584,CUST-00584,0.0,1050.4,0.0,0.0,0.0,1050.4,0.0017
DEBT-00585,CUST-00585,782.1,0.0,0.0,0.0,0.0,782.1,0.0026
DEBT-00586,CUST-00586,0.0,0.0,0.0,0.0,0.0,0.0,0.0
DEBT-00587,CUST-00587,6095.97,0.0,0.0,0.0,359684.37,365780.34,0.629
DEBT-00588,CUST-00588,4388.4,0.0,0.0,0.0,0.0,4388.4,0.0197
DEBT-00589,CUST-00589,7858.65,0.0,0.0,33614.43,111918.28,153391.36,0.3176
DEBT-00590,CUST-00590,2951.67,11870.63,0.0,34321.29,440141.79,489285.38,1.7589
DEBT-00591,CUST-00591,0.0,0.0,0.0,0.0,0.0,0.0,0.0
DEBT-00592,CUST-00592,6101.49,0.0,0.0,15071.25,119953.27,141126.01,0.3924
DEBT-00593,CUST-00593,20707.06,0.0,0.0,0.0,0.0,20707.06,0.022
DEBT-00594,CUST-00594,8226.85,14079.9,0.0,0.0,0.0,22306.75,0.031
DEBT-00595,CUST-00595,2613.47,0.0,0.0,12202.92,126092.52,140908.91,0.48
DEBT-00596,CUST-00596,0.0,18918.93,0.0,0.0,0.0,18918.93,0.0367
DEBT-00597,CUST-00597,12382.13,0.0,0.0,29567.11,0.0,41949.24,0.0592
DEBT-00598,CUST-00598,0.0,0.0,0.0,21633.86,0.0,21633.86,0.0409
DEBT-00599,CUST-00599,929.83,0.0,0.0,0.0,0.0,929.83,0.0018
DEBT-00600,CUST-00600,16162.97,0.0,0.0,20440.3,0.0,36603.27,0.041
DEBT-00601,CUST-00601,4148.73,0.0,14584.42,23616.8,0.0,42349.95,0.1661
DEBT-00602,CUST-00602,6443.99,0.0,0.0,0.0,0.0,6443.99,0.0088
DEBT-00603,CUST-00603,6286.23,16605.52,0.0,4680.06,0.0,27571.81,0.0703
DEBT-00604,CUST-00604,0.0,0.0,0.0,11153.84,0.0,11153.84,0.029
DEBT-00605,CUST-00605,0.0,8712.54,0.0,0.0,0.0,8712.54,0.0238
DEBT-00606,CUST-00606,0.0,5898.39,0.0,0.0,0.0,5898.39,0.0135
DEBT-00607,CUST-00607,2556.94,0.0,0.0,0.0,0.0,2556.94,0.0063
DEBT-00608,CUST-00608,0.0,17859.19,5215.25,23195.01,0.0,46269.45,0.1043
DEBT-00609,CUST-00609,8187.45,0.0,0.0,0.0,0.0,8187.45,0.0135
DEBT-00610,CUST-00610,8396.92,11328.42,0.0,23082.83,0.0,42808.17,0.0787
DEBT-00611,CUST-00611,1712.24,0.0,0.0,0.0,0.0,1712.24,0.0101
DEBT-00612,CUST-00612,6688.86,8824.49,0.0,0.0,0.0,15513.35,0.0152
DEBT-00613,CUST-00613,0.0,0.0,0.0,0.0,0.0,0.0,0.0
DEBT-00614,CUST-00614,9938.39,21791.63,0.0,18788.57,0.0,50518.59,0.1036
DEBT-00615,CUST-00615,216.12,0.0,0.0,0.0,0.0,216.12,0.0031
DEBT-00616,CUST-00616,3932.61,14980.93,0.0,28235.1,0.0,47148.64,0.1087
DEBT-00617,CUST-00617,2667.18,0.0,0.0,0.0,440334.23,443001.41,0.6181
DEBT-00618,CUST-00618,7955.71,0.0,0.0,22422.46,193750.35,224128.52,0.6241
DEBT-00619,CUST-00619,0.0,0.0,0.0,30497.76,0.0,30497.76,0.0629
DEBT-00620,CUST-00620,1369.71,3741.58,0.0,0.0,0.0,5111.29,0.0522
DEBT-00621,CUST-00621,0.0,0.0,0.0,0.0,0.0,0.0,0.0
DEBT-00622,CUST-00622,0.0,0.0,0.0,0.0,0.0,0.0,0.0
DEBT-00623,CUST-00623,7546.48,0.0,0.0,0.0,0.0,7546.48,0.0175
DEBT-00624,CUST-00624,0.0,0.0,0.0,0.0,140080.34,140080.34,0.2023
DEBT-00625,CUST-00625,1281.87,7343.67,0.0,21655.36,99816.89,130097.79,0.1936
DEBT-00626,CUST-00626,0.0,0.0,0.0,0.0,0.0,0.0,0.0
DEBT-00627,CUST-00627,423.36,0.0,0.0,0.0,253129.67,253553.03,0.8161
DEBT-00628,CUST-00628,3078.09,0.0,0.0,0.0,0.0,3078.09,0.0085
DEBT-00629,CUST-00629,3780.05,0.0,0.0,15501.97,216250.79,235532.81,0.6197
DEBT-00630,CUST-00630,0.0,0.0,0.0,0.0,0.0,0.0,0.0
DEBT-00631,CUST-00631,2348.27,0.0,0.0,17832.88,0.0,20181.15,0.0937
DEBT-00632,CUST-00632,679.33,0.0,0.0,0.0,0.0,679.33,0.0018
DEBT-00633,CUST-00633,787.11,22420.52,0.0,0.0,162518.87,185726.5,0.6107
DEBT-00634,CUST-00634,1239.38,8661.41,0.0,0.0,281720.27,291621.06,0.587
DEBT-00635,CUST-00635,4900.02,3299.52,0.0,6065.09,0.0,14264.63,0.0551
DEBT-00636,CUST-00636,884.11,0.0,0.0,12507.75,0.0,13391.86,0.1863
DEBT-00637,CUST-00637,1941.25,0.0,7760.38,0.0,0.0,9701.63,0.0962
DEBT-00638,CUST-00638,0.0,17243.89,0.0,0.0,0.0,17243.89,0.0182
DEBT-00639,CUST-00639,7428.37,0.0,0.0,33556.83,138689.57,179674.77,0.253
DEBT-00640,CUST-00640,9675.87,0.0,0.0,0.0,0.0,9675.87,0.0218
DEBT-00641,CUST-00641,10532.4,0.0,0.0,0.0,336376.63,346909.03,0.3587
DEBT-00642,CUST-00642,4886.79,0.0,0.0,0.0,0.0,4886.79,0.0049
DEBT-00643,CUST-00643,0.0,0.0,0.0,8537.23,352208.74,360745.97,0.8923
DEBT-00644,CUST-00644,118.29,0.0,0.0,0.0,0.0,118.29,0.0009
DEBT-00645,CUST-00645,0.0,17384.93,0.0,0.0,368349.06,385733.99,0.9148
DEBT-00646,CUST-00646,14751.38,0.0,0.0,0.0,235760.86,250512.24,0.3291
DEBT-00647,CUST-00647,12916.97,0.0,0.0,0.0,0.0,12916.97,0.0156
DEBT-00648,CUST-00648,0.0,4540.87,0.0,0.0,0.0,4540.87,0.0694
DEBT-00649,CUST-00649,6441.13,9912.57,0.0,24509.57,0.0,40863.27,0.0475
DEBT-00650,CUST-00650,7526.64,0.0,0.0,8646.19,0.0,16172.83,0.0272
DEBT-00651,CUST-00651,0.0,0.0,0.0,0.0,0.0,0.0,0.0
DEBT-00652,CUST-00652,0.0,0.0,0.0,0.0,155586.44,155586.44,0.2557
DEBT-00653,CUST-00653,0.0,0.0,0.0,4538.98,0.0,4538.98,0.0073
DEBT-00654,CUST-00654,2927.82,0.0,0.0,0.0,443590.27,446518.09,1.4036
DEBT-00655,CUST-00655,7847.95,0.0,0.0,0.0,0.0,7847.95,0.0159
DEBT-00656,CUST-00656,4175.97,0.0,0.0,0.0,0.0,4175.97,0.008
DEBT-00657,CUST-00657,4174.42,0.0,0.0,0.0,0.0,4174.42,0.0142
DEBT-00658,CUST-00658,0.0,0.0,0.0,0.0,0.0,0.0,0.0
DEBT-00659,CUST-00659,2980.45,0.0,0.0,0.0,0.0,2980.45,0.009
DEBT-00660,CUST-00660,2819.65,0.0,0.0,0.0,0.0,2819.65,0.0108
DEBT-00661,CUST-00661,4767.37,0.0,0.0,0.0,0.0,4767.37,0.0056
DEBT-00662,CUST-00662,10336.23,2411.06,0.0,0.0,0.0,12747.29,0.0268
DEBT-00663,CUST-00663,0.0,0.0,0.0,0.0,0.0,0.0,0.0
DEBT-00664,CUST-00664,3518.78,0.0,0.0,0.0,0.0,3518.78,0.012
DEBT-00665,CUST-00665,0.0,15971.06,0.0,7800.04,0.0,23771.1,0.0308
DEBT-00666,CUST-00666,15786.53,0.0,0.0,27854.25,0.0,43640.78,0.0614
DEBT-00667,CUST-00667,0.0,15450.0,0.0,0.0,0.0,15450.0,0.0558
DEBT-00668,CUST-00668,0.0,0.0,0.0,0.0,0.0,0.0,0.0
DEBT-00669,CUST-00669,2266.44,16147.62,0.0,27933.06,0.0,46347.12,0.1021
DEBT-00670,CUST-00670,6578.68,0.0,0.0,0.0,0.0,6578.68,0.0184
DEBT-00671,CUST-00671,6264.93,0.0,0.0,0.0,0.0,6264.93,0.0105
DEBT-00672,CUST-00672,4077.32,12798.58,0.0,0.0,441879.52,458755.42,0.8355
DEBT-00673,CUST-00673,2484.21,0.0,0.0,0.0,226682.33,229166.54,0.7136
DEBT-00674,CUST-00674,15572.31,0.0,0.0,34112.43,0.0,49684.74,0.0719
DEBT-00675,CUST-00675,0.0,0.0,0.0,17188.63,0.0,17188.63,0.0334
DEBT-00676,CUST-00676,0.0,0.0,0.0,0.0,167576.61,167576.61,0.2228
DEBT-00677,CUST-00677,0.0,3984.77,0.0,32209.59,0.0,36194.36,0.0916
DEBT-00678,CUST-00678,7591.15,13685.46,0.0,0.0,449580.94,470857.55,0.4579
DEBT-00679,CUST-00679,9416.96,16985.8,0.0,0.0,0.0,26402.76,0.059
DEBT-00680,CUST-00680,7770.25,0.0,0.0,30766.93,0.0,38537.18,0.0635
DEBT-00681,CUST-00681,0.0,6648.07,0.0,26851.43,160330.6,193830.1,0.4836
DEBT-00682,CUST-00682,0.0,0.0,0.0,0.0,0.0,0.0,0.0
DEBT-00683,CUST-00683,2703.98,15855.0,0.0,10088.89,0.0,28647.87,0.0432
DEBT-00684,CUST-00684,8511.42,20247.71,0.0,17646.11,88117.68,134522.92,0.2255
DEBT-00685,CUST-00685,0.0,0.0,0.0,15680.71,0.0,15680.71,0.0349
DEBT-00686,CUST-00686,5871.5,0.0,0.0,0.0,0.0,5871.5,0.0137
DEBT-00687,CUST-00687,0.0,0.0,0.0,0.0,0.0,0.0,0.0
DEBT-00688,CUST-00688,2597.72,7831.5,0.0,0.0,337158.47,347587.69,0.3166
DEBT-00689,CUST-00689,2229.1,0.0,0.0,0.0,0.0,2229.1,0.0047
DEBT-00690,CUST-00690,0.0,0.0,0.0,0.0,0.0,0.0,0.0
DEBT-00691,CUST-00691,336.0,0.0,0.0,33995.89,0.0,34331.89,0.4149
DEBT-00692,CUST-00692,4737.85,0.0,0.0,25462.48,268432.6,298632.93,0.7028
DEBT-00693,CUST-00693,0.0,1726.52,0.0,0.0,170707.14,172433.66,0.3609
DEBT-00694,CUST-00694,13068.76,0.0,0.0,0.0,0.0,13068.76,0.0206
DEBT-00695,CUST-00695,2832.09,0.0,0.0,0.0,0.0,2832.09,0.0096
DEBT-00696,CUST-00696,0.0,0.0,0.0,25056.47,0.0,25056.47,0.0282
DEBT-00697,CUST-00697,2877.03,18879.23,0.0,25420.15,395983.73,443160.14,1.3154
DEBT-00698,CUST-00698,2343.42,20842.34,0.0,0.0,0.0,23185.76,0.0747
DEBT-00699,CUST-00699,7093.07,0.0,0.0,0.0,307462.39,314555.46,0.9176
DEBT-00700,CUST-00700,10057.13,0.0,0.0,0.0,0.0,10057.13,0.0219
DEBT-00701,CUST-00701,4851.34,24277.49,0.0,0.0,0.0,29128.83,0.0405
DEBT-00702,CUST-00702,8329.1,23163.35,0.0,0.0,259998.71,291491.16,0.6645
DEBT-00703,CUST-00703,0.0,5878.18,0.0,0.0,288957.94,294836.12,0.8034
DEBT-00704,CUST-00704,2054.47,0.0,0.0,13635.82,0.0,15690.29,0.0138
DEBT-00705,CUST-00705,0.0,0.0,7929.02,0.0,0.0,7929.02,0.0109
DEBT-00706,CUST-00706,7693.88,15153.2,0.0,17738.6,0.0,40585.68,0.0675
DEBT-00707,CUST-00707,19553.14,11808.18,0.0,23634.67,0.0,54995.99,0.0567
DEBT-00708,CUST-00708,1971.09,0.0,37305.02,0.0,0.0,39276.11,0.1123
DEBT-00709,CUST-00709,6352.61,0.0,0.0,8047.68,0.0,14400.29,0.0431
DEBT-00710,CUST-00710,4551.41,0.0,0.0,0.0,114358.32,118909.73,0.4273
DEBT-00711,CUST-00711,6757.65,0.0,0.0,27374.35,0.0,34132.0,0.0671
DEBT-00712,CUST-00712,16497.8,0.0,0.0,0.0,0.0,16497.8,0.0172
DEBT-00713,CUST-00713,469.01,0.0,0.0,0.0,234016.52,234485.53,0.7322
DEBT-00714,CUST-00714,0.0,0.0,0.0,0.0,257030.48,257030.48,0.6445
DEBT-00715,CUST-00715,7757.24,0.0,0.0,23009.7,0.0,30766.94,0.059
DEBT-00716,CUST-00716,5248.98,16490.57,0.0,23744.25,116763.68,162247.48,0.4203
DEBT-00717,CUST-00717,0.0,4130.29,0.0,0.0,0.0,4130.29,0.013
DEBT-00718,CUST-00718,0.0,17865.61,0.0,0.0,0.0,17865.61,0.034
DEBT-00719,CUST-00719,597.56,5412.35,0.0,0.0,0.0,6009.91,0.0617
DEBT-00720,CUST-00720,7334.78,0.0,0.0,0.0,0.0,7334.78,0.0213
DEBT-00721,CUST-00721,2739.29,0.0,0.0,0.0,0.0,2739.29,0.0099
DEBT-00722,CUST-00722,6394.35,0.0,0.0,0.0,0.0,6394.35,0.0167
DEBT-00723,CUST-00723,1261.74,0.0,5720.3,21999.54,0.0,28981.58,0.305
DEBT-00724,CUST-00724,0.0,0.0,0.0,0.0,0.0,0.0,0.0
DEBT-00725,CUST-00725,22400.35,23590.59,0.0,26269.87,0.0,72260.81,0.0661
DEBT-00726,CUST-00726,10771.78,0.0,0.0,0.0,398270.77,409042.55,0.8727
DEBT-00727,CUST-00727,0.0,0.0,0.0,0.0,0.0,0.0,0.0
DEBT-00728,CUST-00728,3142.83,0.0,0.0,18974.73,0.0,22117.56,0.1035
DEBT-00729,CUST-00729,1229.21,16514.62,0.0,0.0,0.0,17743.83,0.0747
DEBT-00730,CUST-00730,5269.51,0.0,15752.5,27531.43,0.0,48553.44,0.1584
DEBT-00731,CUST-00731,0.0,0.0,0.0,0.0,0.0,0.0,0.0
DEBT-00732,CUST-00732,0.0,16387.12,0.0,0.0,0.0,16387.12,0.0383
DEBT-00733,CUST-00733,4504.1,19416.03,0.0,0.0,0.0,23920.13,0.0991
DEBT-00734,CUST-00734,13437.75,0.0,0.0,26589.3,419351.24,459378.29,0.332
DEBT-00735,CUST-00735,0.0,0.0,0.0,0.0,0.0,0.0,0.0
DEBT-00736,CUST-00736,11929.57,0.0,0.0,0.0,0.0,11929.57,0.0212
DEBT-00737,CUST-00737,0.0,5801.59,0.0,15504.18,0.0,21305.77,0.0802
DEBT-00738,CUST-00738,5704.35,0.0,0.0,31187.76,0.0,36892.11,0.1448
DEBT-00739,CUST-00739,3052.3,0.0,0.0,25436.64,0.0,28488.94,0.0502
DEBT-00740,CUST-00740,2526.64,0.0,0.0,16149.16,0.0,18675.8,0.0224
DEBT-00741,CUST-00741,0.0,0.0,0.0,0.0,0.0,0.0,0.0
DEBT-00742,CUST-00742,9127.62,0.0,0.0,0.0,244118.6,253246.22,0.4351
DEBT-00743,CUST-00743,26960.62,18499.98,0.0,0.0,0.0,45460.6,0.0331
DEBT-00744,CUST-00744,6641.03,0.0,0.0,0.0,382084.93,388725.96,0.7996
DEBT-00745,CUST-00745,0.0,1773.37,0.0,0.0,254030.0,255803.37,0.7736
DEBT-00746,CUST-00746,12755.4,0.0,0.0,14611.27,0.0,27366.67,0.0349
DEBT-00747,CUST-00747,6871.44,13611.41,0.0,0.0,0.0,20482.85,0.0578
DEBT-00748,CUST-00748,0.0,0.0,0.0,0.0,0.0,0.0,0.0
DEBT-00749,CUST-00749,3457.86,23025.85,0.0,13798.63,348635.65,388917.99,0.5923
DEBT-00750,CUST-00750,1626.84,0.0,0.0,16328.99,0.0,17955.83,0.1557
DEBT-00751,CUST-00751,3109.36,8418.37,0.0,27004.24,234356.54,272888.51,0.5801
DEBT-00752,CUST-00752,16648.54,0.0,0.0,9503.33,114012.57,140164.44,0.1863
DEBT-00753,CUST-00753,16728.61,0.0,0.0,0.0,0.0,16728.61,0.0194
DEBT-00754,CUST-00754,622.8,0.0,0.0,25749.29,0.0,26372.09,0.0885
DEBT-00755,CUST-00755,1108.5,0.0,0.0,20110.37,0.0,21218.87,0.194
DEBT-00756,CUST-00756,0.0,21666.42,0.0,0.0,0.0,21666.42,0.0409
DEBT-00757,CUST-00757,7496.9,0.0,0.0,0.0,0.0,7496.9,0.0194
DEBT-00758,CUST-00758,7020.63,0.0,0.0,0.0,0.0,7020.63,0.0223
DEBT-00759,CUST-00759,5691.22,0.0,0.0,0.0,0.0,5691.22,0.0124
DEBT-00760,CUST-00760,0.0,0.0,0.0,0.0,0.0,0.0,0.0
DEBT-00761,CUST-00761,4247.33,0.0,0.0,0.0,0.0,4247.33,0.0092
DEBT-00762,CUST-00762,0.0,0.0,0.0,0.0,0.0,0.0,0.0
DEBT-00763,CUST-00763,3163.56,0.0,0.0,6293.44,0.0,9457.0,0.0216
DEBT-00764,CUST-00764,1202.33,0.0,0.0,10303.67,0.0,11506.0,0.1277
DEBT-00765,CUST-00765,2468.75,0.0,0.0,0.0,0.0,2468.75,0.0062
DEBT-00766,CUST-00766,32785.04,0.0,0.0,0.0,0.0,32785.04,0.0221
DEBT-00767,CUST-00767,3130.15,4542.52,0.0,0.0,374244.72,381917.39,0.7277
DEBT-00768,CUST-00768,3024.98,0.0,0.0,0.0,0.0,3024.98,0.0131
DEBT-00769,CUST-00769,6671.36,13084.61,0.0,0.0,0.0,19755.97,0.0204
DEBT-00770,CUST-00770,11260.6,0.0,0.0,0.0,323147.82,334408.42,0.6314
DEBT-00771,CUST-00771,5119.93,23915.9,0.0,0.0,0.0,29035.83,0.0393
DEBT-00772,CUST-00772,8458.02,0.0,0.0,0.0,0.0,8458.02,0.0228
DEBT-00773,CUST-00773,0.0,0.0,0.0,14636.98,0.0,14636.98,0.021
DEBT-00774,CUST-00774,8067.8,11629.71,0.0,0.0,89388.39,109085.9,0.238
DEBT-00775,CUST-00775,9322.85,13636.89,0.0,0.0,226548.63,249508.37,0.446
DEBT-00776,CUST-00776,0.0,0.0,0.0,7546.16,114274.47,121820.63,0.2052
DEBT-00777,CUST-00777,0.0,0.0,0.0,0.0,0.0,0.0,0.0
DEBT-00778,CUST-00778,1888.88,0.0,0.0,25905.25,0.0,27794.13,0.0665
DEBT-00779,CUST-00779,0.0,0.0,0.0,0.0,222116.18,222116.18,0.4031
DEBT-00780,CUST-00780,0.0,20377.26,0.0,0.0,154670.52,175047.78,0.2994
DEBT-00781,CUST-00781,2038.17,0.0,0.0,0.0,0.0,2038.17,0.0202
DEBT-00782,CUST-00782,2543.62,11294.09,0.0,14791.37,0.0,28629.08,0.1545
DEBT-00783,CUST-00783,1113.85,0.0,0.0,0.0,0.0,1113.85,0.0023
DEBT-00784,CUST-00784,0.0,0.0,0.0,0.0,0.0,0.0,0.0
DEBT-00785,CUST-00785,2777.33,18713.43,11270.08,0.0,0.0,32760.84,0.045
DEBT-00786,CUST-00786,0.0,6881.05,0.0,0.0,0.0,6881.05,0.0137
DEBT-00787,CUST-00787,0.0,10631.36,0.0,0.0,107458.41,118089.77,0.339
DEBT-00788,CUST-00788,6113.81,3462.93,0.0,25872.27,0.0,35449.01,0.0763
DEBT-00789,CUST-00789,2679.68,11330.82,0.0,27714.52,0.0,41725.02,0.0963
DEBT-00790,CUST-00790,4738.73,6491.81,8558.04,10183.64,0.0,29972.22,0.0574
DEBT-00791,CUST-00791,0.0,13425.19,0.0,14591.15,354358.84,382375.18,0.737
DEBT-00792,CUST-00792,0.0,0.0,43639.37,5625.79,285365.81,334630.97,0.9271
DEBT-00793,CUST-00793,5308.12,0.0,0.0,5292.49,0.0,10600.61,0.0351
DEBT-00794,CUST-00794,0.0,0.0,0.0,0.0,0.0,0.0,0.0
DEBT-00795,CUST-00795,8100.5,0.0,0.0,7789.51,0.0,15890.01,0.029
DEBT-00796,CUST-00796,4484.56,0.0,0.0,0.0,0.0,4484.56,0.0179
DEBT-00797,CUST-00797,0.0,0.0,0.0,17570.36,0.0,17570.36,0.0495
DEBT-00798,CUST-00798,12455.21,0.0,0.0,0.0,0.0,12455.21,0.015
DEBT-00799,CUST-00799,7895.64,0.0,0.0,0.0,0.0,7895.64,0.0159
DEBT-00800,CUST-00800,6113.69,15487.89,0.0,0.0,0.0,21601.58,0.0523
DEBT-00801,CUST-00801,7301.2,0.0,0.0,0.0,0.0,7301.2,0.0162
DEBT-00802,CUST-00802,6307.15,18293.11,0.0,27896.7,0.0,52496.96,0.0924
DEBT-00803,CUST-00803,404.65,0.0,0.0,0.0,272466.31,272870.96,1.0349
DEBT-00804,CUST-00804,4243.83,0.0,0.0,0.0,0.0,4243.83,0.0084
DEBT-00805,CUST-00805,3073.75,0.0,0.0,0.0,0.0,3073.75,0.0085
DEBT-00806,CUST-00806,9778.52,0.0,0.0,0.0,0.0,9778.52,0.0191
DEBT-00807,CUST-00807,17178.75,0.0,0.0,0.0,165543.88,182722.63,0.2266
DEBT-00808,CUST-00808,8831.77,0.0,0.0,0.0,0.0,8831.77,0.0087
DEBT-00809,CUST-00809,530.12,0.0,0.0,18951.53,0.0,19481.65,0.0685
DEBT-00810,CUST-00810,413.79,0.0,0.0,27492.13,0.0,27905.92,0.1913
DEBT-00811,CUST-00811,10144.95,0.0,0.0,0.0,0.0,10144.95,0.0157
DEBT-00812,CUST-00812,419.47,16635.42,0.0,0.0,0.0,17054.89,0.1851
DEBT-00813,CUST-00813,0.0,0.0,0.0,0.0,0.0,0.0,0.0
DEBT-00814,CUST-00814,0.0,0.0,0.0,34153.56,89539.1,123692.66,0.1644
DEBT-00815,CUST-00815,0.0,0.0,0.0,0.0,0.0,0.0,0.0
DEBT-00816,CUST-00816,4974.72,0.0,0.0,0.0,0.0,4974.72,0.017
DEBT-00817,CUST-00817,5587.44,15761.01,0.0,19588.19,0.0,40936.64,0.1077
DEBT-00818,CUST-00818,0.0,0.0,0.0,0.0,0.0,0.0,0.0
DEBT-00819,CUST-00819,0.0,0.0,0.0,0.0,0.0,0.0,0.0
DEBT-00820,CUST-00820,0.0,0.0,0.0,0.0,0.0,0.0,0.0
DEBT-00821,CUST-00821,0.0,0.0,0.0,0.0,0.0,0.0,0.0
DEBT-00822,CUST-00822,9888.02,0.0,0.0,0.0,0.0,9888.02,0.0192
DEBT-00823,CUST-00823,0.0,14275.92,0.0,0.0,0.0,14275.92,0.0281
DEBT-00824,CUST-00824,0.0,0.0,0.0,31970.87,0.0,31970.87,0.0506
DEBT-00825,CUST-00825,6359.08,0.0,0.0,0.0,375728.38,382087.46,1.2372
DEBT-00826,CUST-00826,12786.38,0.0,0.0,5226.47,278888.87,296901.72,0.4241
DEBT-00827,CUST-00827,0.0,13536.97,0.0,0.0,342697.33,356234.3,0.4129
DEBT-00828,CUST-00828,7485.43,0.0,0.0,0.0,210516.59,218002.02,0.459
DEBT-00829,CUST-00829,4809.98,0.0,0.0,0.0,0.0,4809.98,0.0051
DEBT-00830,CUST-00830,20898.63,1822.08,40157.71,0.0,246575.43,309453.85,0.316
DEBT-00831,CUST-00831,1941.1,19872.02,0.0,0.0,0.0,21813.12,0.0485
DEBT-00832,CUST-00832,14286.12,18794.24,0.0,0.0,0.0,33080.36,0.0477
DEBT-00833,CUST-00833,1032.65,0.0,0.0,0.0,0.0,1032.65,0.0026
DEBT-00834,CUST-00834,1140.05,0.0,0.0,12679.04,0.0,13819.09,0.1141
DEBT-00835,CUST-00835,5064.46,0.0,0.0,17083.44,0.0,22147.9,0.0892
DEBT-00836,CUST-00836,0.0,1475.84,0.0,0.0,396529.95,398005.79,0.5401
DEBT-00837,CUST-00837,0.0,0.0,0.0,0.0,190374.77,190374.77,0.3161
DEBT-00838,CUST-00838,993.82,0.0,0.0,0.0,0.0,993.82,0.0022
DEBT-00839,CUST-00839,0.0,0.0,0.0,17349.74,432537.62,449887.36,0.7474
DEBT-00840,CUST-00840,0.0,0.0,0.0,0.0,0.0,0.0,0.0
DEBT-00841,CUST-00841,6964.57,0.0,0.0,0.0,346998.36,353962.93,0.6055
DEBT-00842,CUST-00842,9466.15,0.0,0.0,29091.02,0.0,38557.17,0.0299
DEBT-00843,CUST-00843,0.0,0.0,0.0,11909.28,0.0,11909.28,0.0199
DEBT-00844,CUST-00844,695.55,0.0,0.0,0.0,0.0,695.55,0.0029
DEBT-00845,CUST-00845,5489.09,0.0,0.0,16575.59,279121.44,301186.12,1.2097
DEBT-00846,CUST-00846,268.41,0.0,0.0,0.0,395334.7,395603.11,1.0559
DEBT-00847,CUST-00847,3246.11,0.0,0.0,26148.44,0.0,29394.55,0.1963
DEBT-00848,CUST-00848,3460.98,0.0,0.0,5296.87,0.0,8757.85,0.0215
DEBT-00849,CUST-00849,0.0,0.0,0.0,0.0,0.0,0.0,0.0
DEBT-00850,CUST-00850,3488.01,0.0,0.0,0.0,0.0,3488.01,0.0064
DEBT-00851,CUST-00851,0.0,15666.6,0.0,0.0,0.0,15666.6,0.0195
DEBT-00852,CUST-00852,0.0,0.0,0.0,21909.29,0.0,21909.29,0.3677
DEBT-00853,CUST-00853,3308.49,2561.54,0.0,5822.12,413561.99,425254.14,1.5818
DEBT-00854,CUST-00854,4318.78,0.0,0.0,0.0,0.0,4318.78,0.0051
DEBT-00855,CUST-00855,10628.31,22332.65,0.0,0.0,0.0,32960.96,0.0469
DEBT-00856,CUST-00856,0.0,0.0,0.0,31616.69,0.0,31616.69,0.0881
DEBT-00857,CUST-00857,581.09,0.0,43184.02,0.0,125497.71,169262.82,0.3107
DEBT-00858,CUST-00858,184.26,19784.66,0.0,0.0,0.0,19968.92,0.0857
DEBT-00859,CUST-00859,7429.03,0.0,0.0,0.0,0.0,7429.03,0.0135
DEBT-00860,CUST-00860,2892.21,0.0,0.0,0.0,0.0,2892.21,0.0066
DEBT-00861,CUST-00861,2530.16,0.0,0.0,7830.3,0.0,10360.46,0.0222
DEBT-00862,CUST-00862,0.0,23517.98,0.0,0.0,0.0,23517.98,0.0232
DEBT-00863,CUST-00863,0.0,0.0,30002.61,0.0,0.0,30002.61,0.0563
DEBT-00864,CUST-00864,0.0,0.0,0.0,0.0,0.0,0.0,0.0
DEBT-00865,CUST-00865,0.0,0.0,0.0,0.0,126543.21,126543.21,0.2312
DEBT-00866,CUST-00866,0.0,0.0,0.0,0.0,0.0,0.0,0.0
DEBT-00867,CUST-00867,12198.81,0.0,11652.03,0.0,0.0,23850.84,0.0342
DEBT-00868,CUST-00868,8699.19,0.0,0.0,17179.98,0.0,25879.17,0.0241
DEBT-00869,CUST-00869,1674.81,0.0,0.0,0.0,0.0,1674.81,0.0012
DEBT-00870,CUST-00870,2674.43,0.0,0.0,28565.37,326090.04,357329.84,0.8358
DEBT-00871,CUST-00871,5768.33,0.0,0.0,32005.53,0.0,37773.86,0.1214
DEBT-00872,CUST-00872,502.24,0.0,0.0,0.0,0.0,502.24,0.0034
DEBT-00873,CUST-00873,5533.81,1971.19,0.0,0.0,0.0,7505.0,0.0181
DEBT-00874,CUST-00874,7149.47,0.0,0.0,0.0,0.0,7149.47,0.0133
DEBT-00875,CUST-00875,2282.66,3277.59,0.0,0.0,0.0,5560.25,0.0111
DEBT-00876,CUST-00876,14091.75,0.0,0.0,0.0,345448.99,359540.74,0.4905
DEBT-00877,CUST-00877,6563.06,0.0,0.0,0.0,0.0,6563.06,0.0105
DEBT-00878,CUST-00878,0.0,0.0,0.0,0.0,240854.33,240854.33,0.2305
DEBT-00879,CUST-00879,3933.47,0.0,0.0,0.0,0.0,3933.47,0.0036
DEBT-00880,CUST-00880,0.0,0.0,0.0,21446.56,0.0,21446.56,0.018
DEBT-00881,CUST-00881,5612.04,11761.4,0.0,0.0,0.0,17373.44,0.0461
DEBT-00882,CUST-00882,6881.43,0.0,0.0,20010.22,0.0,26891.65,0.0886
DEBT-00883,CUST-00883,3369.39,14350.14,0.0,0.0,0.0,17719.53,0.0411
DEBT-00884,CUST-00884,0.0,0.0,0.0,0.0,0.0,0.0,0.0
DEBT-00885,CUST-00885,1894.79,0.0,0.0,0.0,0.0,1894.79,0.0045
DEBT-00886,CUST-00886,7322.51,0.0,36297.92,24788.56,220064.82,288473.81,0.3819
DEBT-00887,CUST-00887,1177.05,14179.0,0.0,0.0,0.0,15356.05,0.056
DEBT-00888,CUST-00888,468.07,0.0,0.0,0.0,143678.12,144146.19,0.3295
DEBT-00889,CUST-00889,10508.07,0.0,0.0,0.0,0.0,10508.07,0.0119
DEBT-00890,CUST-00890,8446.24,0.0,0.0,30665.6,0.0,39111.84,0.0631
DEBT-00891,CUST-00891,4273.29,19749.08,0.0,27742.83,0.0,51765.2,0.0912
DEBT-00892,CUST-00892,12642.5,0.0,0.0,0.0,0.0,12642.5,0.0213
DEBT-00893,CUST-00893,4800.7,11248.5,0.0,0.0,0.0,16049.2,0.0204
DEBT-00894,CUST-00894,84.23,0.0,0.0,12390.32,0.0,12474.55,0.1544
DEBT-00895,CUST-00895,2632.93,0.0,0.0,0.0,0.0,2632.93,0.0127
DEBT-00896,CUST-00896,4562.14,0.0,0.0,0.0,0.0,4562.14,0.0128
DEBT-00897,CUST-00897,0.0,0.0,11516.11,32393.01,0.0,43909.12,0.1247
DEBT-00898,CUST-00898,6510.28,0.0,0.0,0.0,378158.24,384668.52,0.3892
DEBT-00899,CUST-00899,0.0,0.0,0.0,0.0,0.0,0.0,0.0
DEBT-00900,CUST-00900,971.79,19689.08,15299.92,0.0,0.0,35960.79,0.2949
DEBT-00901,CUST-00901,8873.03,0.0,28054.51,0.0,0.0,36927.54,0.0559
DEBT-00902,CUST-00902,6208.47,0.0,0.0,8953.73,0.0,15162.2,0.0506
DEBT-00903,CUST-00903,0.0,0.0,0.0,22664.03,221479.47,244143.5,0.1277
DEBT-00904,CUST-00904,2740.8,0.0,0.0,32557.09,0.0,35297.89,0.0672
DEBT-00905,CUST-00905,6410.17,0.0,0.0,0.0,0.0,6410.17,0.006
DEBT-00906,CUST-00906,0.0,0.0,0.0,0.0,0.0,0.0,0.0
DEBT-00907,CUST-00907,2871.89,0.0,0.0,17491.93,0.0,20363.82,0.0694
DEBT-00908,CUST-00908,5284.89,0.0,0.0,15072.48,0.0,20357.37,0.0407
DEBT-00909,CUST-00909,5679.94,0.0,0.0,0.0,0.0,5679.94,0.0201
DEBT-00910,CUST-00910,0.0,0.0,0.0,0.0,0.0,0.0,0.0
DEBT-00911,CUST-00911,1728.71,0.0,17863.13,0.0,0.0,19591.84,0.1279
DEBT-00912,CUST-00912,6036.95,0.0,0.0,0.0,0.0,6036.95,0.0081
DEBT-00913,CUST-00913,7277.87,0.0,0.0,30453.54,0.0,37731.41,0.0529
DEBT-00914,CUST-00914,0.0,0.0,0.0,24720.31,0.0,24720.31,0.0964
DEBT-00915,CUST-00915,0.0,0.0,0.0,9345.62,0.0,9345.62,0.0198
DEBT-00916,CUST-00916,7032.04,2039.42,0.0,0.0,92054.01,101125.47,0.2264
DEBT-00917,CUST-00917,0.0,0.0,0.0,0.0,0.0,0.0,0.0
DEBT-00918,CUST-00918,6604.74,0.0,0.0,0.0,0.0,6604.74,0.0164
DEBT-00919,CUST-00919,13388.62,0.0,0.0,0.0,0.0,13388.62,0.0113
DEBT-00920,CUST-00920,6883.95,0.0,0.0,30571.29,0.0,37455.24,0.0717
DEBT-00921,CUST-00921,6895.58,2435.05,0.0,30737.56,0.0,40068.19,0.0603
DEBT-00922,CUST-00922,8670.19,0.0,0.0,0.0,0.0,8670.19,0.0103
DEBT-00923,CUST-00923,6304.44,0.0,0.0,13353.79,0.0,19658.23,0.0547
DEBT-00924,CUST-00924,4447.48,0.0,0.0,18980.8,436067.52,459495.8,0.4287
DEBT-00925,CUST-00925,9173.93,0.0,0.0,0.0,0.0,9173.93,0.0141
DEBT-00926,CUST-00926,0.0,0.0,0.0,0.0,0.0,0.0,0.0
DEBT-00927,CUST-00927,3312.57,0.0,0.0,0.0,203834.19,207146.76,0.3027
DEBT-00928,CUST-00928,2141.8,0.0,25967.02,20686.78,0.0,48795.6,0.1264
DEBT-00929,CUST-00929,1484.27,0.0,0.0,18733.62,0.0,20217.89,0.05
DEBT-00930,CUST-00930,0.0,0.0,0.0,0.0,281172.35,281172.35,0.8176
DEBT-00931,CUST-00931,11442.12,0.0,0.0,0.0,0.0,11442.12,0.0194
DEBT-00932,CUST-00932,642.56,0.0,0.0,0.0,0.0,642.56,0.0017
DEBT-00933,CUST-00933,0.0,22491.86,0.0,23934.61,217359.54,263786.01,0.8123
DEBT-00934,CUST-00934,0.0,0.0,0.0,25439.38,0.0,25439.38,0.1038
DEBT-00935,CUST-00935,0.0,0.0,0.0,20873.64,0.0,20873.64,0.0705
DEBT-00936,CUST-00936,0.0,0.0,0.0,16660.66,367693.46,384354.12,0.329
DEBT-00937,CUST-00937,547.69,7540.87,14404.39,0.0,0.0,22492.95,0.2653
DEBT-00938,CUST-00938,0.0,0.0,0.0,24522.11,0.0,24522.11,0.082
DEBT-00939,CUST-00939,15334.53,0.0,22589.24,0.0,0.0,37923.77,0.0443
DEBT-00940,CUST-00940,0.0,22606.5,0.0,0.0,0.0,22606.5,0.0554
DEBT-00941,CUST-00941,2037.26,0.0,0.0,0.0,0.0,2037.26,0.0042
DEBT-00942,CUST-00942,5638.59,23176.47,0.0,12716.85,0.0,41531.91,0.0947
DEBT-00943,CUST-00943,7573.64,0.0,0.0,0.0,0.0,7573.64,0.0193
DEBT-00944,CUST-00944,1485.3,0.0,0.0,0.0,195988.42,197473.72,0.3653
DEBT-00945,CUST-00945,6396.67,0.0,0.0,0.0,0.0,6396.67,0.0162
DEBT-00946,CUST-00946,11658.95,0.0,0.0,0.0,0.0,11658.95,0.0198
DEBT-00947,CUST-00947,8321.43,19206.55,0.0,0.0,0.0,27527.98,0.0381
DEBT-00948,CUST-00948,1087.57,0.0,0.0,26985.89,0.0,28073.46,0.0811
DEBT-00949,CUST-00949,8965.14,0.0,0.0,19508.7,0.0,28473.84,0.0676
DEBT-00950,CUST-00950,0.0,16915.61,39263.0,11145.88,0.0,67324.49,0.1472
DEBT-00951,CUST-00951,0.0,10961.4,0.0,0.0,0.0,10961.4,0.0259
DEBT-00952,CUST-00952,1866.43,0.0,0.0,0.0,402946.3,404812.73,0.3633
DEBT-00953,CUST-00953,0.0,22222.77,0.0,0.0,0.0,22222.77,0.2614
DEBT-00954,CUST-00954,5467.35,0.0,0.0,0.0,0.0,5467.35,0.009
DEBT-00955,CUST-00955,302.88,0.0,0.0,0.0,234536.92,234839.8,0.5065
DEBT-00956,CUST-00956,0.0,0.0,33655.63,0.0,0.0,33655.63,0.0822
DEBT-00957,CUST-00957,0.0,0.0,41812.85,0.0,0.0,41812.85,0.2929
DEBT-00958,CUST-00958,989.63,0.0,0.0,13119.27,0.0,14108.9,0.1619
DEBT-00959,CUST-00959,6366.65,0.0,0.0,0.0,0.0,6366.65,0.0058
DEBT-00960,CUST-00960,3695.23,0.0,0.0,9049.85,183177.46,195922.54,0.7808
DEBT-00961,CUST-00961,0.0,0.0,0.0,33236.93,0.0,33236.93,0.0324
DEBT-00962,CUST-00962,9132.15,0.0,0.0,0.0,235183.72,244315.87,0.4627
DEBT-00963,CUST-00963,0.0,0.0,0.0,0.0,148221.97,148221.97,0.3765
DEBT-00964,CUST-00964,0.0,0.0,0.0,20152.96,0.0,20152.96,0.035
DEBT-00965,CUST-00965,7286.47,0.0,0.0,0.0,0.0,7286.47,0.0189
DEBT-00966,CUST-00966,9197.0,0.0,0.0,5336.83,0.0,14533.83,0.0237
DEBT-00967,CUST-00967,0.0,0.0,0.0,0.0,0.0,0.0,0.0
DEBT-00968,CUST-00968,4234.94,0.0,0.0,19401.82,0.0,23636.76,0.0432
DEBT-00969,CUST-00969,0.0,20424.19,0.0,33268.31,0.0,53692.5,0.1494
DEBT-00970,CUST-00970,10747.79,0.0,0.0,0.0,0.0,10747.79,0.0166
DEBT-00971,CUST-00971,3997.8,0.0,0.0,0.0,0.0,3997.8,0.0061
DEBT-00972,CUST-00972,4309.33,6611.95,0.0,0.0,0.0,10921.28,0.0387
DEBT-00973,CUST-00973,3682.93,5902.28,0.0,0.0,0.0,9585.21,0.0217
DEBT-00974,CUST-00974,0.0,19104.48,0.0,0.0,0.0,19104.48,0.0976
DEBT-00975,CUST-00975,151.56,0.0,30770.84,11745.93,0.0,42668.33,0.3325
DEBT-00976,CUST-00976,5423.43,0.0,0.0,0.0,0.0,5423.43,0.0074
DEBT-00977,CUST-00977,12898.3,0.0,0.0,0.0,0.0,12898.3,0.0133
DEBT-00978,CUST-00978,1154.15,0.0,0.0,0.0,0.0,1154.15,0.0061
DEBT-00979,CUST-00979,0.0,22969.64,0.0,0.0,0.0,22969.64,0.3003
DEBT-00980,CUST-00980,6506.6,0.0,0.0,0.0,101947.4,108454.0,0.2002
DEBT-00981,CUST-00981,5359.59,0.0,0.0,0.0,0.0,5359.59,0.0223
DEBT-00982,CUST-00982,0.0,0.0,0.0,0.0,0.0,0.0,0.0
DEBT-00983,CUST-00983,8024.06,0.0,0.0,0.0,335098.71,343122.77,0.5377
DEBT-00984,CUST-00984,2284.44,9360.23,0.0,0.0,0.0,11644.67,0.0183
DEBT-00985,CUST-00985,3323.24,0.0,0.0,0.0,0.0,3323.24,0.004
DEBT-00986,CUST-00986,6319.45,0.0,39375.1,0.0,316446.39,362140.94,0.8844
DEBT-00987,CUST-00987,4222.73,3099.68,0.0,0.0,424596.72,431919.13,0.9227
DEBT-00988,CUST-00988,0.0,0.0,0.0,10390.26,0.0,10390.26,0.0857
DEBT-00989,CUST-00989,0.0,11217.58,0.0,0.0,0.0,11217.58,0.0286
DEBT-00990,CUST-00990,1781.17,0.0,10828.87,27947.55,0.0,40557.59,0.2998
DEBT-00991,CUST-00991,13289.99,1409.99,36018.07,0.0,289946.15,340664.2,0.5175
DEBT-00992,CUST-00992,3582.75,0.0,0.0,0.0,0.0,3582.75,0.0084
DEBT-00993,CUST-00993,3693.72,0.0,0.0,0.0,0.0,3693.72,0.0075
DEBT-00994,CUST-00994,16998.42,1285.24,0.0,21073.15,106525.02,145881.83,0.1485
DEBT-00995,CUST-00995,2924.18,0.0,0.0,0.0,0.0,2924.18,0.0097
DEBT-00996,CUST-00996,6786.71,0.0,0.0,0.0,0.0,6786.71,0.0139
DEBT-00997,CUST-00997,5103.12,20957.58,0.0,21180.76,0.0,47241.46,0.1258
DEBT-00998,CUST-00998,13703.09,17245.44,0.0,0.0,222448.75,253397.28,0.4142
DEBT-00999,CUST-00999,0.0,0.0,10324.03,24671.37,0.0,34995.4,0.2183
DEBT-01000,CUST-01000,7535.37,0.0,0.0,0.0,444377.51,451912.88,0.6469
DEBT-01001,CUST-01001,7069.8,0.0,40965.32,0.0,149459.26,197494.38,0.1621
DEBT-01002,CUST-01002,10382.73,0.0,0.0,29938.87,0.0,40321.6,0.063
DEBT-01003,CUST-01003,11819.48,0.0,0.0,0.0,0.0,11819.48,0.0168
DEBT-01004,CUST-01004,2505.82,0.0,0.0,0.0,299120.29,301626.11,0.6891
DEBT-01005,CUST-01005,0.0,0.0,0.0,0.0,0.0,0.0,0.0
DEBT-01006,CUST-01006,3674.82,17269.97,0.0,0.0,0.0,20944.79,0.0533
DEBT-01007,CUST-01007,4414.57,0.0,0.0,22521.56,192672.48,219608.61,0.841
DEBT-01008,CUST-01008,5439.51,0.0,0.0,6764.2,0.0,12203.71,0.0254
DEBT-01009,CUST-01009,0.0,0.0,0.0,33309.64,0.0,33309.64,0.0624
DEBT-01010,CUST-01010,723.43,0.0,0.0,29536.53,196732.94,226992.9,0.3303
DEBT-01011,CUST-01011,0.0,0.0,0.0,16606.01,0.0,16606.01,0.0553
DEBT-01012,CUST-01012,4887.26,0.0,0.0,0.0,0.0,4887.26,0.0156
DEBT-01013,CUST-01013,14213.64,22420.58,0.0,0.0,269605.5,306239.72,0.3688
DEBT-01014,CUST-01014,8253.01,0.0,0.0,0.0,0.0,8253.01,0.0173
DEBT-01015,CUST-01015,4251.73,0.0,0.0,0.0,0.0,4251.73,0.0148
DEBT-01016,CUST-01016,0.0,14838.61,0.0,25398.2,0.0,40236.81,0.0999
DEBT-01017,CUST-01017,5734.32,20504.31,0.0,0.0,411951.03,438189.66,0.6855
DEBT-01018,CUST-01018,3871.2,6229.91,0.0,0.0,0.0,10101.11,0.0285
DEBT-01019,CUST-01019,2937.07,0.0,0.0,0.0,0.0,2937.07,0.0098
DEBT-01020,CUST-01020,7002.53,0.0,0.0,0.0,0.0,7002.53,0.0116
DEBT-01021,CUST-01021,3589.93,0.0,36473.49,0.0,0.0,40063.42,0.1539
DEBT-01022,CUST-01022,0.0,21315.02,20715.66,30568.38,0.0,72599.06,0.2818
DEBT-01023,CUST-01023,313.76,0.0,0.0,0.0,0.0,313.76,0.0006
DEBT-01024,CUST-01024,1655.35,0.0,0.0,0.0,0.0,1655.35,0.0112
DEBT-01025,CUST-01025,478.42,0.0,0.0,0.0,0.0,478.42,0.0023
DEBT-01026,CUST-01026,0.0,0.0,36919.65,0.0,0.0,36919.65,0.0757
DEBT-01027,CUST-01027,4163.43,20529.93,0.0,24837.72,0.0,49531.08,0.0855
DEBT-01028,CUST-01028,1471.8,0.0,0.0,28564.4,0.0,30036.2,0.1876
DEBT-01029,CUST-01029,6344.24,11824.45,0.0,0.0,0.0,18168.69,0.0359
DEBT-01030,CUST-01030,807.07,0.0,0.0,0.0,0.0,807.07,0.0148
DEBT-01031,CUST-01031,424.04,17681.05,0.0,0.0,0.0,18105.09,0.0485
DEBT-01032,CUST-01032,6353.91,0.0,0.0,0.0,236305.6,242659.51,0.4445
DEBT-01033,CUST-01033,0.0,0.0,0.0,0.0,0.0,0.0,0.0
DEBT-01034,CUST-01034,4315.49,0.0,0.0,0.0,0.0,4315.49,0.0111
DEBT-01035,CUST-01035,1319.14,0.0,0.0,0.0,146985.58,148304.72,0.5355
DEBT-01036,CUST-01036,0.0,0.0,0.0,28581.67,0.0,28581.67,0.0393
DEBT-01037,CUST-01037,2923.93,0.0,0.0,25674.09,261079.95,289677.97,0.7027
DEBT-01038,CUST-01038,8199.8,16206.39,0.0,18537.58,0.0,42943.77,0.0781
DEBT-01039,CUST-01039,13308.39,0.0,0.0,6673.82,230415.19,250397.4,0.4076
DEBT-01040,CUST-01040,7526.2,13546.87,0.0,0.0,0.0,21073.07,0.0429
DEBT-01041,CUST-01041,3551.95,13819.14,15992.22,17134.05,300323.59,350820.95,0.7139
DEBT-01042,CUST-01042,0.0,0.0,0.0,0.0,0.0,0.0,0.0
DEBT-01043,CUST-01043,6683.59,0.0,15151.48,0.0,0.0,21835.07,0.0319
DEBT-01044,CUST-01044,0.0,0.0,0.0,0.0,0.0,0.0,0.0
DEBT-01045,CUST-01045,4856.65,0.0,26989.15,0.0,373951.06,405796.86,0.9531
DEBT-01046,CUST-01046,1431.08,0.0,0.0,0.0,0.0,1431.08,0.0029
DEBT-01047,CUST-01047,0.0,0.0,0.0,30959.96,0.0,30959.96,0.0356
DEBT-01048,CUST-01048,3921.82,17207.53,0.0,0.0,0.0,21129.35,0.0542
DEBT-01049,CUST-01049,2559.12,0.0,0.0,29910.34,0.0,32469.46,0.2837
DEBT-01050,CUST-01050,0.0,0.0,0.0,0.0,0.0,0.0,0.0
DEBT-01051,CUST-01051,4398.67,0.0,0.0,27533.37,275074.75,307006.79,1.0223
DEBT-01052,CUST-01052,0.0,0.0,0.0,31094.42,0.0,31094.42,0.4816
DEBT-01053,CUST-01053,0.0,0.0,0.0,16196.09,338351.16,354547.25,0.8022
DEBT-01054,CUST-01054,523.63,0.0,0.0,15324.01,0.0,15847.64,0.1782
DEBT-01055,CUST-01055,2627.16,1276.71,0.0,0.0,0.0,3903.87,0.014
DEBT-01056,CUST-01056,6095.96,0.0,0.0,0.0,238560.33,244656.29,0.3565
DEBT-01057,CUST-01057,950.37,0.0,0.0,32113.37,0.0,33063.74,0.0759
DEBT-01058,CUST-01058,0.0,0.0,0.0,11647.32,0.0,11647.32,0.0361
DEBT-01059,CUST-01059,15582.43,18629.92,0.0,0.0,0.0,34212.35,0.0452
DEBT-01060,CUST-01060,10272.6,2825.59,0.0,31100.83,0.0,44199.02,0.0582
DEBT-01061,CUST-01061,5906.67,20767.69,12730.04,0.0,197278.38,236682.78,0.3993
DEBT-01062,CUST-01062,0.0,0.0,0.0,0.0,349417.57,349417.57,0.6499
DEBT-01063,CUST-01063,0.0,0.0,0.0,11609.5,0.0,11609.5,0.0191
DEBT-01064,CUST-01064,0.0,14615.07,0.0,0.0,0.0,14615.07,0.0408
DEBT-01065,CUST-01065,0.0,20940.08,0.0,0.0,0.0,20940.08,0.0306
DEBT-01066,CUST-01066,7732.89,0.0,0.0,0.0,123157.77,130890.66,0.3001
DEBT-01067,CUST-01067,3778.84,0.0,0.0,13216.96,229820.98,246816.78,0.5749
DEBT-01068,CUST-01068,0.0,11567.46,0.0,29203.38,265469.89,306240.73,0.5892
DEBT-01069,CUST-01069,0.0,0.0,0.0,26646.71,0.0,26646.71,0.0922
DEBT-01070,CUST-01070,8709.42,21539.08,20791.88,31160.59,0.0,82200.97,0.2173
DEBT-01071,CUST-01071,13290.13,0.0,0.0,0.0,0.0,13290.13,0.0229
DEBT-01072,CUST-01072,8022.24,0.0,0.0,0.0,416253.02,424275.26,0.9991
DEBT-01073,CUST-01073,0.0,5628.08,0.0,0.0,0.0,5628.08,0.0196
DEBT-01074,CUST-01074,13164.65,0.0,0.0,29814.07,0.0,42978.72,0.0737
DEBT-01075,CUST-01075,0.0,19954.62,0.0,0.0,427028.38,446983.0,0.3977
DEBT-01076,CUST-01076,0.0,21554.87,0.0,6287.39,0.0,27842.26,0.246
DEBT-01077,CUST-01077,9522.74,0.0,0.0,6824.13,0.0,16346.87,0.0281
DEBT-01078,CUST-01078,0.0,0.0,0.0,0.0,0.0,0.0,0.0
DEBT-01079,CUST-01079,7161.95,0.0,0.0,0.0,0.0,7161.95,0.0171
DEBT-01080,CUST-01080,0.0,14024.36,0.0,0.0,101493.52,115517.88,0.3035
DEBT-01081,CUST-01081,7045.79,0.0,0.0,22050.62,344258.88,373355.29,0.7991
DEBT-01082,CUST-01082,2665.82,0.0,0.0,14270.79,0.0,16936.61,0.0247
DEBT-01083,CUST-01083,0.0,0.0,0.0,0.0,380447.53,380447.53,0.9919
DEBT-01084,CUST-01084,16003.03,0.0,0.0,33259.93,0.0,49262.96,0.0649
DEBT-01085,CUST-01085,0.0,0.0,0.0,0.0,203597.65,203597.65,0.3984
DEBT-01086,CUST-01086,7797.87,0.0,0.0,0.0,0.0,7797.87,0.0136
DEBT-01087,CUST-01087,5571.85,4625.94,20247.15,17446.23,0.0,47891.17,0.1396
DEBT-01088,CUST-01088,0.0,2426.91,0.0,0.0,321146.43,323573.34,0.36
DEBT-01089,CUST-01089,10996.45,0.0,0.0,0.0,0.0,10996.45,0.015
DEBT-01090,CUST-01090,0.0,0.0,0.0,0.0,0.0,0.0,0.0
DEBT-01091,CUST-01091,9689.81,0.0,0.0,0.0,428687.56,438377.37,0.5103
DEBT-01092,CUST-01092,3677.57,0.0,0.0,0.0,0.0,3677.57,0.0084
DEBT-01093,CUST-01093,0.0,0.0,0.0,24115.3,0.0,24115.3,0.1491
DEBT-01094,CUST-01094,94.36,23178.64,0.0,0.0,0.0,23273.0,0.2218
DEBT-01095,CUST-01095,12526.15,8081.36,0.0,0.0,127566.9,148174.41,0.2259
DEBT-01096,CUST-01096,5309.8,0.0,0.0,0.0,0.0,5309.8,0.0147
DEBT-01097,CUST-01097,3389.17,0.0,0.0,0.0,0.0,3389.17,0.0125
DEBT-01098,CUST-01098,0.0,21473.13,0.0,0.0,0.0,21473.13,0.0407
DEBT-01099,CUST-01099,0.0,0.0,0.0,27019.59,435690.11,462709.7,1.1739
DEBT-01100,CUST-01100,0.0,4912.21,0.0,0.0,0.0,4912.21,0.0062
DEBT-01101,CUST-01101,0.0,0.0,0.0,0.0,0.0,0.0,0.0
DEBT-01102,CUST-01102,5696.27,0.0,0.0,0.0,449132.27,454828.54,1.5381
DEBT-01103,CUST-01103,4182.91,0.0,0.0,0.0,0.0,4182.91,0.015
DEBT-01104,CUST-01104,14255.41,0.0,35372.63,0.0,107617.95,157245.99,0.1555
DEBT-01105,CUST-01105,0.0,0.0,0.0,0.0,0.0,0.0,0.0
DEBT-01106,CUST-01106,3955.65,0.0,0.0,0.0,0.0,3955.65,0.0041
DEBT-01107,CUST-01107,0.0,0.0,0.0,0.0,0.0,0.0,0.0
DEBT-01108,CUST-01108,4533.86,0.0,0.0,0.0,0.0,4533.86,0.0044
DEBT-01109,CUST-01109,7903.12,7407.66,17807.18,9982.07,0.0,43100.03,0.1137
DEBT-01110,CUST-01110,0.0,0.0,0.0,0.0,368754.59,368754.59,1.1923
DEBT-01111,CUST-01111,5732.59,19773.88,17463.81,0.0,0.0,42970.28,0.1224
DEBT-01112,CUST-01112,0.0,0.0,0.0,0.0,0.0,0.0,0.0
DEBT-01113,CUST-01113,4803.55,1639.82,0.0,0.0,0.0,6443.37,0.0197
DEBT-01114,CUST-01114,5187.43,0.0,0.0,10448.66,0.0,15636.09,0.0368
DEBT-01115,CUST-01115,0.0,0.0,0.0,9438.74,0.0,9438.74,0.0148
DEBT-01116,CUST-01116,707.44,1937.07,0.0,0.0,0.0,2644.51,0.0248
DEBT-01117,CUST-01117,2987.86,0.0,12462.14,0.0,0.0,15450.0,0.0707
DEBT-01118,CUST-01118,5726.13,0.0,7964.48,7708.18,0.0,21398.79,0.0449
DEBT-01119,CUST-01119,0.0,18873.42,0.0,0.0,0.0,18873.42,0.026
DEBT-01120,CUST-01120,3711.98,0.0,0.0,0.0,404879.58,408591.56,0.8181
DEBT-01121,CUST-01121,0.0,0.0,0.0,9115.7,0.0,9115.7,0.0107
DEBT-01122,CUST-01122,3063.37,20234.76,0.0,0.0,350602.54,373900.67,0.4235
DEBT-01123,CUST-01123,3632.0,0.0,0.0,28869.91,0.0,32501.91,0.0928
DEBT-01124,CUST-01124,0.0,9063.89,0.0,0.0,0.0,9063.89,0.0112
DEBT-01125,CUST-01125,11958.9,19668.71,0.0,0.0,311483.63,343111.24,0.5493
DEBT-01126,CUST-01126,430.21,0.0,0.0,6960.77,0.0,7390.98,0.0283
DEBT-01127,CUST-01127,2724.05,0.0,0.0,17695.77,0.0,20419.82,0.0841
DEBT-01128,CUST-01128,6583.86,0.0,0.0,0.0,0.0,6583.86,0.0141
DEBT-01129,CUST-01129,0.0,0.0,0.0,19722.78,0.0,19722.78,0.0528
DEBT-01130,CUST-01130,4134.0,0.0,0.0,0.0,125983.01,130117.01,0.3269
DEBT-01131,CUST-01131,4474.67,0.0,0.0,26993.62,0.0,31468.29,0.0425
DEBT-01132,CUST-01132,0.0,0.0,0.0,14100.17,0.0,14100.17,0.0381
DEBT-01133,CUST-01133,2964.29,14199.48,0.0,0.0,0.0,17163.77,0.0889
DEBT-01134,CUST-01134,16579.88,0.0,0.0,0.0,0.0,16579.88,0.0214
DEBT-01135,CUST-01135,0.0,14347.37,0.0,0.0,0.0,14347.37,0.0494
DEBT-01136,CUST-01136,8398.07,17839.96,0.0,0.0,135684.2,161922.23,0.4075
DEBT-01137,CUST-01137,0.0,16322.11,0.0,0.0,0.0,16322.11,0.0236
DEBT-01138,CUST-01138,4759.93,0.0,0.0,31184.79,235194.78,271139.5,0.3377
DEBT-01139,CUST-01139,0.0,0.0,0.0,7810.68,0.0,7810.68,0.023
DEBT-01140,CUST-01140,0.0,0.0,0.0,0.0,0.0,0.0,0.0
DEBT-01141,CUST-01141,0.0,0.0,0.0,0.0,0.0,0.0,0.0
DEBT-01142,CUST-01142,7546.13,0.0,0.0,10832.34,0.0,18378.47,0.0517
DEBT-01143,CUST-01143,10800.45,0.0,0.0,25552.65,0.0,36353.1,0.0714
DEBT-01144,CUST-01144,1148.71,11806.92,0.0,10488.34,0.0,23443.97,0.1333
DEBT-01145,CUST-01145,4126.46,0.0,0.0,0.0,0.0,4126.46,0.0218
DEBT-01146,CUST-01146,12790.47,0.0,0.0,0.0,0.0,12790.47,0.0146
DEBT-01147,CUST-01147,0.0,8688.62,0.0,33667.13,0.0,42355.75,0.0887
DEBT-01148,CUST-01148,2024.55,0.0,0.0,21393.29,0.0,23417.84,0.2481
DEBT-01149,CUST-01149,6767.93,0.0,0.0,0.0,0.0,6767.93,0.0227
DEBT-01150,CUST-01150,586.66,11109.09,0.0,0.0,0.0,11695.75,0.0311
DEBT-01151,CUST-01151,15814.71,0.0,0.0,0.0,0.0,15814.71,0.0175
DEBT-01152,CUST-01152,4037.31,0.0,0.0,0.0,134574.09,138611.4,0.2295
DEBT-01153,CUST-01153,0.0,0.0,0.0,0.0,151128.12,151128.12,0.5849
DEBT-01154,CUST-01154,10008.12,0.0,0.0,12221.02,288664.53,310893.67,0.5463
DEBT-01155,CUST-01155,3030.09,0.0,0.0,25736.37,333696.84,362463.3,0.6025
DEBT-01156,CUST-01156,4137.53,0.0,0.0,0.0,131236.71,135374.24,0.4098
DEBT-01157,CUST-01157,0.0,11433.44,12077.31,25464.3,0.0,48975.05,0.096
DEBT-01158,CUST-01158,0.0,22142.24,0.0,32034.9,0.0,54177.14,0.0969
DEBT-01159,CUST-01159,4071.64,0.0,0.0,0.0,0.0,4071.64,0.0119
DEBT-01160,CUST-01160,3430.84,0.0,30036.46,0.0,0.0,33467.3,0.1113
DEBT-01161,CUST-01161,10772.86,0.0,0.0,0.0,425706.35,436479.21,0.4918
DEBT-01162,CUST-01162,0.0,0.0,0.0,0.0,0.0,0.0,0.0
DEBT-01163,CUST-01163,0.0,0.0,0.0,0.0,225024.76,225024.76,0.3497
DEBT-01164,CUST-01164,1916.57,19601.16,0.0,0.0,0.0,21517.73,0.24
DEBT-01165,CUST-01165,0.0,0.0,0.0,0.0,220620.1,220620.1,0.8747
DEBT-01166,CUST-01166,13332.69,0.0,0.0,0.0,0.0,13332.69,0.0168
DEBT-01167,CUST-01167,2839.06,0.0,0.0,0.0,0.0,2839.06,0.003
DEBT-01168,CUST-01168,0.0,0.0,0.0,0.0,0.0,0.0,0.0
DEBT-01169,CUST-01169,5732.71,0.0,0.0,14567.92,0.0,20300.63,0.0306
DEBT-01170,CUST-01170,0.0,0.0,0.0,0.0,0.0,0.0,0.0
DEBT-01171,CUST-01171,1245.27,0.0,0.0,0.0,0.0,1245.27,0.0024
DEBT-01172,CUST-01172,7654.27,18419.5,0.0,0.0,0.0,26073.77,0.0414
DEBT-01173,CUST-01173,0.0,0.0,0.0,8731.48,379140.0,387871.48,0.3361
DEBT-01174,CUST-01174,784.49,0.0,0.0,30129.65,0.0,30914.14,0.1862
DEBT-01175,CUST-01175,1378.11,0.0,0.0,0.0,0.0,1378.11,0.0017
DEBT-01176,CUST-01176,0.0,18022.55,0.0,31584.16,0.0,49606.71,0.0932
DEBT-01177,CUST-01177,11137.55,0.0,0.0,7773.25,303913.42,322824.22,0.5775
DEBT-01178,CUST-01178,10190.36,0.0,0.0,0.0,0.0,10190.36,0.0175
DEBT-01179,CUST-01179,544.16,0.0,19985.11,0.0,252139.22,272668.49,0.7761
DEBT-01180,CUST-01180,0.0,11568.01,0.0,0.0,0.0,11568.01,0.0299
DEBT-01181,CUST-01181,0.0,0.0,41765.79,30533.75,0.0,72299.54,0.1408
DEBT-01182,CUST-01182,5908.32,0.0,0.0,0.0,0.0,5908.32,0.0173
DEBT-01183,CUST-01183,0.0,0.0,0.0,0.0,0.0,0.0,0.0
DEBT-01184,CUST-01184,1395.72,0.0,0.0,26941.37,0.0,28337.09,0.0593
DEBT-01185,CUST-01185,9954.62,10272.07,27157.38,0.0,0.0,47384.07,0.0722
DEBT-01186,CUST-01186,8548.14,11507.93,0.0,8348.06,449256.66,477660.79,0.6578
DEBT-01187,CUST-01187,3335.78,0.0,0.0,0.0,0.0,3335.78,0.0116
DEBT-01188,CUST-01188,0.0,0.0,0.0,0.0,333807.65,333807.65,0.5175
DEBT-01189,CUST-01189,0.0,0.0,0.0,0.0,0.0,0.0,0.0
DEBT-01190,CUST-01190,1697.62,0.0,0.0,0.0,0.0,1697.62,0.002
DEBT-01191,CUST-01191,3704.62,0.0,0.0,0.0,0.0,3704.62,0.0194
DEBT-01192,CUST-01192,4827.5,0.0,0.0,4443.78,0.0,9271.28,0.0222
DEBT-01193,CUST-01193,0.0,0.0,0.0,0.0,0.0,0.0,0.0
DEBT-01194,CUST-01194,2057.26,0.0,0.0,0.0,0.0,2057.26,0.0221
DEBT-01195,CUST-01195,3124.01,0.0,0.0,0.0,0.0,3124.01,0.0078
DEBT-01196,CUST-01196,0.0,3787.11,0.0,0.0,403847.45,407634.56,0.4487
DEBT-01197,CUST-01197,437.67,0.0,0.0,0.0,0.0,437.67,0.0013
DEBT-01198,CUST-01198,4274.56,0.0,0.0,0.0,198103.38,202377.94,0.1999
DEBT-01199,CUST-01199,7016.54,0.0,0.0,26744.48,325423.41,359184.43,0.7309
DEBT-01200,CUST-01200,9903.11,0.0,0.0,28456.89,0.0,38360.0,0.0718
DEBT-01201,CUST-01201,343.48,0.0,0.0,0.0,0.0,343.48,0.0008
DEBT-01202,CUST-01202,8013.84,0.0,0.0,0.0,0.0,8013.84,0.0102
DEBT-01203,CUST-01203,2462.77,0.0,0.0,0.0,0.0,2462.77,0.0191
DEBT-01204,CUST-01204,18167.8,0.0,38645.66,0.0,183795.68,240609.14,0.3005
DEBT-01205,CUST-01205,21532.27,10501.3,0.0,4803.54,0.0,36837.11,0.0288
DEBT-01206,CUST-01206,4025.62,0.0,0.0,0.0,211237.88,215263.5,0.5953
DEBT-01207,CUST-01207,0.0,0.0,0.0,0.0,0.0,0.0,0.0
DEBT-01208,CUST-01208,10100.74,0.0,14272.71,0.0,297206.86,321580.31,0.3021
DEBT-01209,CUST-01209,0.0,9010.92,12143.28,34199.75,0.0,55353.95,0.0908
DEBT-01210,CUST-01210,10046.82,10721.13,0.0,0.0,0.0,20767.95,0.0429
DEBT-01211,CUST-01211,0.0,0.0,0.0,0.0,0.0,0.0,0.0
DEBT-01212,CUST-01212,0.0,0.0,0.0,15047.27,267805.81,282853.08,0.3899
DEBT-01213,CUST-01213,5572.4,0.0,0.0,0.0,0.0,5572.4,0.013
DEBT-01214,CUST-01214,2227.06,0.0,0.0,20794.22,280961.49,303982.77,1.1071
DEBT-01215,CUST-01215,0.0,0.0,0.0,0.0,0.0,0.0,0.0
DEBT-01216,CUST-01216,0.0,0.0,0.0,30622.19,0.0,30622.19,0.0699
DEBT-01217,CUST-01217,129.7,0.0,6499.52,0.0,0.0,6629.22,0.0743
DEBT-01218,CUST-01218,0.0,0.0,0.0,0.0,199574.0,199574.0,0.3049
DEBT-01219,CUST-01219,2696.69,0.0,27641.84,25334.82,0.0,55673.35,0.078
DEBT-01220,CUST-01220,8499.51,0.0,0.0,0.0,0.0,8499.51,0.0157
DEBT-01221,CUST-01221,5858.93,18549.46,0.0,0.0,181826.19,206234.58,0.4046
DEBT-01222,CUST-01222,5341.28,0.0,0.0,0.0,0.0,5341.28,0.0146
DEBT-01223,CUST-01223,0.0,0.0,0.0,0.0,406125.67,406125.67,0.5229
DEBT-01224,CUST-01224,0.0,0.0,0.0,0.0,283606.06,283606.06,0.3476
DEBT-01225,CUST-01225,7048.06,0.0,37287.39,0.0,0.0,44335.45,0.0919
DEBT-01226,CUST-01226,0.0,0.0,0.0,14145.72,0.0,14145.72,0.0306
DEBT-01227,CUST-01227,3170.04,0.0,0.0,7043.81,242988.79,253202.64,0.7578
DEBT-01228,CUST-01228,7693.56,0.0,0.0,34121.84,0.0,41815.4,0.1087
DEBT-01229,CUST-01229,0.0,0.0,0.0,0.0,0.0,0.0,0.0
DEBT-01230,CUST-01230,0.0,7965.57,19854.67,0.0,0.0,27820.24,0.0306
DEBT-01231,CUST-01231,2220.87,0.0,38048.08,0.0,219219.09,259488.04,0.5798
DEBT-01232,CUST-01232,7007.87,0.0,0.0,18059.26,0.0,25067.13,0.0295
DEBT-01233,CUST-01233,10637.96,0.0,0.0,0.0,444686.28,455324.24,0.5285
DEBT-01234,CUST-01234,3449.58,0.0,0.0,7850.84,0.0,11300.42,0.0215
DEBT-01235,CUST-01235,4603.25,0.0,0.0,21163.69,0.0,25766.94,0.0549
DEBT-01236,CUST-01236,0.0,0.0,0.0,5801.72,0.0,5801.72,0.0129
DEBT-01237,CUST-01237,0.0,14860.8,0.0,26339.57,0.0,41200.37,0.4976
DEBT-01238,CUST-01238,1897.1,0.0,0.0,0.0,0.0,1897.1,0.0041
DEBT-01239,CUST-01239,5575.56,0.0,0.0,0.0,0.0,5575.56,0.0188
DEBT-01240,CUST-01240,0.0,0.0,0.0,0.0,0.0,0.0,0.0
DEBT-01241,CUST-01241,3245.67,6216.59,0.0,0.0,0.0,9462.26,0.0193
DEBT-01242,CUST-01242,3796.02,0.0,21887.25,11090.25,0.0,36773.52,0.0742
DEBT-01243,CUST-01243,4451.44,0.0,0.0,0.0,0.0,4451.44,0.0132
DEBT-01244,CUST-01244,9249.8,9563.89,40245.24,0.0,162835.9,221894.83,0.399
DEBT-01245,CUST-01245,0.0,0.0,0.0,6379.72,0.0,6379.72,0.0122
DEBT-01246,CUST-01246,3418.22,0.0,0.0,4054.02,0.0,7472.24,0.0216
DEBT-01247,CUST-01247,0.0,0.0,0.0,0.0,0.0,0.0,0.0
DEBT-01248,CUST-01248,4893.8,0.0,0.0,0.0,0.0,4893.8,0.012
DEBT-01249,CUST-01249,3657.2,0.0,0.0,8555.22,0.0,12212.42,0.0102
DEBT-01250,CUST-01250,5685.25,0.0,0.0,33895.5,0.0,39580.75,0.132
DEBT-01251,CUST-01251,0.0,0.0,0.0,10011.51,0.0,10011.51,0.0324
DEBT-01252,CUST-01252,12901.61,0.0,0.0,0.0,0.0,12901.61,0.0176
DEBT-01253,CUST-01253,4492.7,0.0,0.0,0.0,0.0,4492.7,0.0074
DEBT-01254,CUST-01254,0.0,0.0,0.0,0.0,0.0,0.0,0.0
DEBT-01255,CUST-01255,763.89,0.0,0.0,29071.56,0.0,29835.45,0.0704
DEBT-01256,CUST-01256,2181.03,0.0,0.0,25536.1,0.0,27717.13,0.2915
DEBT-01257,CUST-01257,986.33,0.0,0.0,0.0,193623.92,194610.25,0.7514
DEBT-01258,CUST-01258,0.0,0.0,0.0,0.0,0.0,0.0,0.0
DEBT-01259,CUST-01259,654.63,0.0,33416.06,0.0,0.0,34070.69,0.0473
DEBT-01260,CUST-01260,8350.52,0.0,11693.96,0.0,181952.85,201997.33,0.358
DEBT-01261,CUST-01261,0.0,10533.42,0.0,0.0,0.0,10533.42,0.0379
DEBT-01262,CUST-01262,0.0,0.0,0.0,20444.32,0.0,20444.32,0.0162
DEBT-01263,CUST-01263,2607.11,0.0,0.0,15530.84,0.0,18137.95,0.0685
DEBT-01264,CUST-01264,0.0,24085.14,0.0,12218.17,0.0,36303.31,0.0763
DEBT-01265,CUST-01265,14940.13,10445.9,0.0,29685.08,0.0,55071.11,0.0683
DEBT-01266,CUST-01266,0.0,7737.29,0.0,0.0,0.0,7737.29,0.0266
DEBT-01267,CUST-01267,1004.52,0.0,0.0,0.0,0.0,1004.52,0.0096
DEBT-01268,CUST-01268,0.0,0.0,0.0,0.0,0.0,0.0,0.0
DEBT-01269,CUST-01269,5335.96,0.0,0.0,14439.29,0.0,19775.25,0.023
DEBT-01270,CUST-01270,3893.7,0.0,0.0,0.0,0.0,3893.7,0.0123
DEBT-01271,CUST-01271,7332.47,0.0,0.0,32974.46,140433.84,180740.77,0.3416
DEBT-01272,CUST-01272,0.0,0.0,0.0,0.0,428726.58,428726.58,0.5789
DEBT-01273,CUST-01273,0.0,0.0,0.0,0.0,415985.89,415985.89,1.1139
DEBT-01274,CUST-01274,7463.64,0.0,0.0,21812.39,0.0,29276.03,0.0774
DEBT-01275,CUST-01275,2711.7,0.0,28373.72,0.0,0.0,31085.42,0.0945
DEBT-01276,CUST-01276,13409.47,0.0,0.0,0.0,0.0,13409.47,0.0122
DEBT-01277,CUST-01277,5293.94,0.0,0.0,0.0,0.0,5293.94,0.0173
DEBT-01278,CUST-01278,0.0,0.0,39307.34,29009.89,0.0,68317.23,0.173
DEBT-01279,CUST-01279,7003.52,0.0,0.0,0.0,0.0,7003.52,0.0214
DEBT-01280,CUST-01280,0.0,0.0,0.0,30990.12,0.0,30990.12,0.116
DEBT-01281,CUST-01281,1310.06,0.0,23157.52,0.0,0.0,24467.58,0.0356
DEBT-01282,CUST-01282,4358.07,0.0,0.0,0.0,0.0,4358.07,0.0167
DEBT-01283,CUST-01283,0.0,0.0,0.0,0.0,344034.1,344034.1,0.4456
DEBT-01284,CUST-01284,9537.02,0.0,14386.06,30108.68,0.0,54031.76,0.0808
DEBT-01285,CUST-01285,13096.3,0.0,0.0,0.0,0.0,13096.3,0.018
DEBT-01286,CUST-01286,0.0,0.0,0.0,33049.54,0.0,33049.54,0.0647
DEBT-01287,CUST-01287,0.0,0.0,0.0,30650.54,0.0,30650.54,0.4351
DEBT-01288,CUST-01288,537.12,0.0,0.0,0.0,0.0,537.12,0.0071
DEBT-01289,CUST-01289,266.8,0.0,0.0,0.0,144615.21,144882.01,0.3241
DEBT-01290,CUST-01290,11479.33,0.0,0.0,0.0,0.0,11479.33,0.0107
DEBT-01291,CUST-01291,0.0,13775.12,0.0,0.0,0.0,13775.12,0.0259
DEBT-01292,CUST-01292,0.0,0.0,26532.91,0.0,218963.21,245496.12,0.9595
DEBT-01293,CUST-01293,10731.06,0.0,0.0,0.0,0.0,10731.06,0.0117
DEBT-01294,CUST-01294,17834.73,5873.01,0.0,22222.77,402343.98,448274.49,0.5466
DEBT-01295,CUST-01295,2626.57,0.0,0.0,0.0,0.0,2626.57,0.0143
DEBT-01296,CUST-01296,6719.52,0.0,0.0,0.0,85922.93,92642.45,0.1792
DEBT-01297,CUST-01297,4443.83,0.0,0.0,0.0,104165.72,108609.55,0.2213
DEBT-01298,CUST-01298,3165.81,0.0,22944.58,29477.99,214454.86,270043.24,0.4193
DEBT-01299,CUST-01299,2359.03,0.0,0.0,0.0,0.0,2359.03,0.0171
DEBT-01300,CUST-01300,0.0,0.0,0.0,0.0,0.0,0.0,0.0
DEBT-01301,CUST-01301,10306.47,0.0,0.0,26802.76,0.0,37109.23,0.0644
DEBT-01302,CUST-01302,12157.61,0.0,41909.8,0.0,101015.16,155082.57,0.2117
DEBT-01303,CUST-01303,0.0,21018.93,0.0,0.0,0.0,21018.93,0.0222
DEBT-01304,CUST-01304,3278.37,21058.24,14205.95,0.0,0.0,38542.56,0.2699
DEBT-01305,CUST-01305,12468.35,0.0,0.0,23894.18,325326.35,361688.88,0.4893
DEBT-01306,CUST-01306,766.74,0.0,0.0,0.0,0.0,766.74,0.0033
DEBT-01307,CUST-01307,3641.79,0.0,0.0,0.0,177312.9,180954.69,0.3012
DEBT-01308,CUST-01308,1376.32,0.0,0.0,0.0,0.0,1376.32,0.0034
DEBT-01309,CUST-01309,5290.05,0.0,0.0,0.0,378745.75,384035.8,0.6014
DEBT-01310,CUST-01310,2955.75,0.0,0.0,0.0,251966.57,254922.32,0.1647
DEBT-01311,CUST-01311,421.38,0.0,0.0,0.0,0.0,421.38,0.0016
DEBT-01312,CUST-01312,5714.42,0.0,0.0,0.0,0.0,5714.42,0.0153
DEBT-01313,CUST-01313,0.0,0.0,0.0,24219.08,0.0,24219.08,0.0391
DEBT-01314,CUST-01314,2173.84,0.0,12793.92,24672.02,0.0,39639.78,0.1097
DEBT-01315,CUST-01315,5990.37,0.0,0.0,6408.82,393907.91,406307.1,0.7708
DEBT-01316,CUST-01316,1265.83,9887.71,0.0,6749.76,0.0,17903.3,0.0308
DEBT-01317,CUST-01317,2879.84,0.0,0.0,0.0,0.0,2879.84,0.0054
DEBT-01318,CUST-01318,0.0,0.0,0.0,0.0,0.0,0.0,0.0
DEBT-01319,CUST-01319,6047.29,12165.21,0.0,26339.84,0.0,44552.34,0.1381
DEBT-01320,CUST-01320,6735.87,24780.72,8113.54,27610.88,0.0,67241.01,0.1697
DEBT-01321,CUST-01321,10368.75,0.0,0.0,0.0,0.0,10368.75,0.0155
DEBT-01322,CUST-01322,15139.81,0.0,0.0,30583.76,0.0,45723.57,0.0505
DEBT-01323,CUST-01323,7463.49,0.0,0.0,29061.64,0.0,36525.13,0.065
DEBT-01324,CUST-01324,0.0,0.0,0.0,10198.47,0.0,10198.47,0.0158
DEBT-01325,CUST-01325,4113.67,8932.53,0.0,0.0,0.0,13046.2,0.0294
DEBT-01326,CUST-01326,0.0,0.0,0.0,25031.37,0.0,25031.37,0.0579
DEBT-01327,CUST-01327,3869.37,0.0,0.0,21726.3,0.0,25595.67,0.0501
DEBT-01328,CUST-01328,0.0,0.0,0.0,0.0,0.0,0.0,0.0
DEBT-01329,CUST-01329,7273.91,1487.7,0.0,0.0,0.0,8761.61,0.0131
DEBT-01330,CUST-01330,8579.76,0.0,0.0,0.0,0.0,8579.76,0.0184
DEBT-01331,CUST-01331,6694.82,0.0,0.0,0.0,0.0,6694.82,0.0089
DEBT-01332,CUST-01332,8529.19,0.0,0.0,6250.78,0.0,14779.97,0.0189
DEBT-01333,CUST-01333,0.0,23951.89,0.0,20083.84,0.0,44035.73,0.0872
DEBT-01334,CUST-01334,2911.9,0.0,0.0,8780.22,0.0,11692.12,0.0456
DEBT-01335,CUST-01335,4346.84,1130.65,0.0,0.0,0.0,5477.49,0.0154
DEBT-01336,CUST-01336,4439.11,0.0,0.0,0.0,0.0,4439.11,0.0123
DEBT-01337,CUST-01337,1016.02,0.0,0.0,17988.58,0.0,19004.6,0.397
DEBT-01338,CUST-01338,9147.69,0.0,35410.76,29659.8,0.0,74218.25,0.174
DEBT-01339,CUST-01339,14993.75,0.0,0.0,5330.54,0.0,20324.29,0.0304
DEBT-01340,CUST-01340,2831.17,0.0,17920.62,34916.56,0.0,55668.35,0.0617
DEBT-01341,CUST-01341,7748.58,7085.4,0.0,34326.57,0.0,49160.55,0.106
DEBT-01342,CUST-01342,7036.76,2713.41,0.0,0.0,0.0,9750.17,0.0268
DEBT-01343,CUST-01343,11921.53,0.0,0.0,0.0,158797.39,170718.92,0.3045
DEBT-01344,CUST-01344,0.0,0.0,0.0,0.0,0.0,0.0,0.0
DEBT-01345,CUST-01345,6003.14,0.0,0.0,34012.49,0.0,40015.63,0.0786
DEBT-01346,CUST-01346,5893.32,0.0,0.0,0.0,352891.02,358784.34,0.4603
DEBT-01347,CUST-01347,5316.68,0.0,0.0,0.0,0.0,5316.68,0.0112
DEBT-01348,CUST-01348,11039.16,0.0,0.0,0.0,0.0,11039.16,0.0199
DEBT-01349,CUST-01349,0.0,0.0,0.0,7714.56,0.0,7714.56,0.0134
DEBT-01350,CUST-01350,3278.87,0.0,0.0,0.0,126631.79,129910.66,0.3859
DEBT-01351,CUST-01351,10900.35,9247.98,0.0,0.0,0.0,20148.33,0.0408
DEBT-01352,CUST-01352,5897.83,24071.19,0.0,9877.75,0.0,39846.77,0.1326
DEBT-01353,CUST-01353,3392.42,13411.36,0.0,8352.3,0.0,25156.08,0.0539
DEBT-01354,CUST-01354,8311.16,0.0,0.0,21273.68,0.0,29584.84,0.0581
DEBT-01355,CUST-01355,8090.5,0.0,0.0,0.0,141154.26,149244.76,0.2422
DEBT-01356,CUST-01356,2889.63,0.0,0.0,32270.31,0.0,35159.94,0.0839
DEBT-01357,CUST-01357,0.0,0.0,0.0,0.0,0.0,0.0,0.0
DEBT-01358,CUST-01358,7528.74,0.0,0.0,0.0,0.0,7528.74,0.0178
DEBT-01359,CUST-01359,2771.94,0.0,0.0,33414.67,0.0,36186.61,0.195
DEBT-01360,CUST-01360,90.05,20680.49,0.0,0.0,0.0,20770.54,0.4585
DEBT-01361,CUST-01361,0.0,0.0,43317.85,31219.52,94429.71,168967.08,0.3475
DEBT-01362,CUST-01362,0.0,0.0,0.0,11953.06,0.0,11953.06,0.0842
DEBT-01363,CUST-01363,4167.66,0.0,22183.44,0.0,0.0,26351.1,0.0646
DEBT-01364,CUST-01364,4596.94,0.0,40593.8,0.0,0.0,45190.74,0.0832
DEBT-01365,CUST-01365,0.0,0.0,0.0,0.0,0.0,0.0,0.0
DEBT-01366,CUST-01366,0.0,0.0,0.0,4603.68,0.0,4603.68,0.0068
DEBT-01367,CUST-01367,1873.01,0.0,0.0,0.0,0.0,1873.01,0.0038
DEBT-01368,CUST-01368,0.0,23532.32,0.0,0.0,430558.78,454091.1,0.5836
DEBT-01369,CUST-01369,0.0,0.0,0.0,0.0,0.0,0.0,0.0
DEBT-01370,CUST-01370,0.0,0.0,0.0,10994.14,0.0,10994.14,0.0147
DEBT-01371,CUST-01371,7482.68,0.0,0.0,0.0,0.0,7482.68,0.0159
DEBT-01372,CUST-01372,4140.86,0.0,0.0,0.0,0.0,4140.86,0.008
DEBT-01373,CUST-01373,5235.54,0.0,0.0,0.0,0.0,5235.54,0.0207
DEBT-01374,CUST-01374,2017.34,0.0,0.0,0.0,297764.06,299781.4,0.5018
DEBT-01375,CUST-01375,6136.36,0.0,0.0,23462.61,0.0,29598.97,0.0826
DEBT-01376,CUST-01376,6878.56,0.0,0.0,25599.36,0.0,32477.92,0.0769
DEBT-01377,CUST-01377,0.0,0.0,0.0,30326.6,129451.63,159778.23,0.2906
DEBT-01378,CUST-01378,0.0,17695.24,0.0,0.0,108505.46,126200.7,0.3873
DEBT-01379,CUST-01379,707.3,0.0,42001.55,0.0,0.0,42708.85,0.1145
DEBT-01380,CUST-01380,0.0,0.0,0.0,0.0,0.0,0.0,0.0
DEBT-01381,CUST-01381,1568.83,22349.8,0.0,0.0,160048.49,183967.12,0.4367
DEBT-01382,CUST-01382,1246.54,8597.19,0.0,29902.54,156756.85,196503.12,0.1923
DEBT-01383,CUST-01383,1844.22,0.0,0.0,14462.46,0.0,16306.68,0.1427
DEBT-01384,CUST-01384,6984.3,0.0,0.0,7968.37,0.0,14952.67,0.0435
DEBT-01385,CUST-01385,2678.18,0.0,0.0,28935.52,404686.48,436300.18,1.2625
DEBT-01386,CUST-01386,0.0,0.0,0.0,0.0,0.0,0.0,0.0
DEBT-01387,CUST-01387,0.0,0.0,0.0,19686.02,0.0,19686.02,0.0311
DEBT-01388,CUST-01388,6504.63,0.0,0.0,0.0,0.0,6504.63,0.0073
DEBT-01389,CUST-01389,6503.86,14363.7,0.0,0.0,0.0,20867.56,0.0579
DEBT-01390,CUST-01390,2918.24,0.0,0.0,0.0,0.0,2918.24,0.0054
DEBT-01391,CUST-01391,2619.02,0.0,0.0,0.0,109194.09,111813.11,0.2728
DEBT-01392,CUST-01392,6464.13,0.0,0.0,0.0,0.0,6464.13,0.0087
DEBT-01393,CUST-01393,4469.74,0.0,0.0,0.0,0.0,4469.74,0.0092
DEBT-01394,CUST-01394,2706.86,0.0,0.0,0.0,0.0,2706.86,0.0089
DEBT-01395,CUST-01395,0.0,12300.62,0.0,0.0,342766.05,355066.67,0.571
DEBT-01396,CUST-01396,0.0,0.0,0.0,0.0,0.0,0.0,0.0
DEBT-01397,CUST-01397,11044.67,0.0,9602.61,0.0,0.0,20647.28,0.038
DEBT-01398,CUST-01398,8433.52,0.0,0.0,27679.35,295071.6,331184.47,0.5265
DEBT-01399,CUST-01399,1107.77,0.0,12793.51,0.0,0.0,13901.28,0.0314
DEBT-01400,CUST-01400,3903.26,0.0,0.0,10392.57,0.0,14295.83,0.0294
DEBT-01401,CUST-01401,4205.18,1682.65,0.0,0.0,0.0,5887.83,0.0093
DEBT-01402,CUST-01402,0.0,10236.37,33954.94,0.0,0.0,44191.31,0.0343
DEBT-01403,CUST-01403,0.0,6058.94,0.0,0.0,0.0,6058.94,0.0156
DEBT-01404,CUST-01404,1158.35,0.0,0.0,0.0,0.0,1158.35,0.0119
DEBT-01405,CUST-01405,0.0,0.0,0.0,13919.81,0.0,13919.81,0.0143
DEBT-01406,CUST-01406,12381.31,22039.16,0.0,0.0,325766.83,360187.3,0.6205
DEBT-01407,CUST-01407,3833.92,0.0,0.0,0.0,0.0,3833.92,0.005
DEBT-01408,CUST-01408,7998.1,0.0,0.0,0.0,0.0,7998.1,0.0223
DEBT-01409,CUST-01409,8989.8,17379.12,0.0,7751.82,0.0,34120.74,0.051
DEBT-01410,CUST-01410,11123.78,0.0,0.0,0.0,0.0,11123.78,0.0178
DEBT-01411,CUST-01411,1319.47,0.0,0.0,11973.02,142231.26,155523.75,0.437
DEBT-01412,CUST-01412,0.0,1040.25,0.0,0.0,199674.9,200715.15,0.3523
DEBT-01413,CUST-01413,0.0,0.0,0.0,0.0,348403.8,348403.8,0.8421
DEBT-01414,CUST-01414,41.8,0.0,0.0,0.0,0.0,41.8,0.0006
DEBT-01415,CUST-01415,0.0,0.0,0.0,0.0,0.0,0.0,0.0
DEBT-01416,CUST-01416,3683.41,0.0,0.0,6200.51,445371.47,455255.39,1.067
DEBT-01417,CUST-01417,9510.87,0.0,0.0,0.0,0.0,9510.87,0.019
DEBT-01418,CUST-01418,3075.59,0.0,0.0,0.0,0.0,3075.59,0.0027
DEBT-01419,CUST-01419,0.0,21643.77,0.0,24714.36,0.0,46358.13,0.1291
DEBT-01420,CUST-01420,3733.73,0.0,0.0,0.0,0.0,3733.73,0.0135
DEBT-01421,CUST-01421,0.0,8656.34,0.0,12831.0,194487.99,215975.33,0.295
DEBT-01422,CUST-01422,5558.14,0.0,0.0,0.0,87963.95,93522.09,0.2992
DEBT-01423,CUST-01423,70.93,0.0,0.0,24916.37,0.0,24987.3,0.4015
DEBT-01424,CUST-01424,0.0,3869.25,0.0,0.0,0.0,3869.25,0.0097
DEBT-01425,CUST-01425,13197.75,21171.03,0.0,0.0,0.0,34368.78,0.0372
DEBT-01426,CUST-01426,1519.47,0.0,0.0,0.0,0.0,1519.47,0.0051
DEBT-01427,CUST-01427,0.0,0.0,0.0,0.0,0.0,0.0,0.0
DEBT-01428,CUST-01428,30644.81,3231.52,0.0,0.0,278176.89,312053.22,0.225
DEBT-01429,CUST-01429,21278.41,0.0,0.0,0.0,0.0,21278.41,0.0153
DEBT-01430,CUST-01430,8177.05,0.0,0.0,12870.35,0.0,21047.4,0.0448
DEBT-01431,CUST-01431,352.86,0.0,0.0,0.0,355253.68,355606.54,0.7205
DEBT-01432,CUST-01432,2297.25,0.0,0.0,0.0,0.0,2297.25,0.0062
DEBT-01433,CUST-01433,9107.87,0.0,27151.11,28285.8,0.0,64544.78,0.0917
DEBT-01434,CUST-01434,0.0,0.0,0.0,0.0,0.0,0.0,0.0
DEBT-01435,CUST-01435,14969.29,0.0,0.0,0.0,0.0,14969.29,0.021
DEBT-01436,CUST-01436,0.0,0.0,0.0,27919.49,0.0,27919.49,0.1823
DEBT-01437,CUST-01437,8478.02,12173.34,24325.56,0.0,0.0,44976.92,0.1186
DEBT-01438,CUST-01438,18994.45,6324.02,0.0,33915.65,0.0,59234.12,0.0583
DEBT-01439,CUST-01439,27140.24,12071.62,0.0,0.0,0.0,39211.86,0.032
DEBT-01440,CUST-01440,0.0,0.0,43242.17,0.0,257966.81,301208.98,0.4449
DEBT-01441,CUST-01441,0.0,0.0,0.0,0.0,97928.92,97928.92,0.2876
DEBT-01442,CUST-01442,1635.06,0.0,0.0,0.0,0.0,1635.06,0.006
DEBT-01443,CUST-01443,1739.77,0.0,0.0,33724.39,0.0,35464.16,0.2281
DEBT-01444,CUST-01444,7137.84,13742.34,0.0,0.0,0.0,20880.18,0.0532
DEBT-01445,CUST-01445,0.0,24606.57,0.0,0.0,383501.98,408108.55,1.2724
DEBT-01446,CUST-01446,0.0,15524.88,0.0,0.0,0.0,15524.88,0.0193
DEBT-01447,CUST-01447,5258.63,17815.18,0.0,21775.66,0.0,44849.47,0.176
DEBT-01448,CUST-01448,15089.33,0.0,0.0,0.0,0.0,15089.33,0.0208
DEBT-01449,CUST-01449,720.96,0.0,0.0,0.0,0.0,720.96,0.0012
DEBT-01450,CUST-01450,0.0,0.0,0.0,0.0,0.0,0.0,0.0
DEBT-01451,CUST-01451,9615.29,0.0,0.0,14301.8,409564.78,433481.87,0.6341
DEBT-01452,CUST-01452,0.0,0.0,0.0,0.0,0.0,0.0,0.0
DEBT-01453,CUST-01453,3002.75,0.0,0.0,0.0,0.0,3002.75,0.0097
DEBT-01454,CUST-01454,2476.57,0.0,0.0,9959.11,0.0,12435.68,0.0725
DEBT-01455,CUST-01455,2076.15,5216.44,0.0,0.0,0.0,7292.59,0.0154
DEBT-01456,CUST-01456,0.0,0.0,0.0,0.0,0.0,0.0,0.0
DEBT-01457,CUST-01457,1531.69,0.0,0.0,0.0,0.0,1531.69,0.0084
DEBT-01458,CUST-01458,0.0,0.0,0.0,7196.6,315266.71,322463.31,1.0056
DEBT-01459,CUST-01459,319.54,0.0,0.0,19223.84,330752.12,350295.5,1.234
DEBT-01460,CUST-01460,2008.4,0.0,0.0,0.0,445857.62,447866.02,0.4069
DEBT-01461,CUST-01461,0.0,0.0,0.0,21255.94,0.0,21255.94,0.0804
DEBT-01462,CUST-01462,1905.35,0.0,0.0,0.0,0.0,1905.35,0.0073
DEBT-01463,CUST-01463,3180.93,18912.28,0.0,0.0,0.0,22093.21,0.075
DEBT-01464,CUST-01464,0.0,0.0,39161.6,32378.87,0.0,71540.47,0.2051
DEBT-01465,CUST-01465,5499.93,0.0,0.0,0.0,0.0,5499.93,0.0167
DEBT-01466,CUST-01466,0.0,0.0,0.0,0.0,0.0,0.0,0.0
DEBT-01467,CUST-01467,1756.04,0.0,0.0,34138.37,0.0,35894.41,0.1171
DEBT-01468,CUST-01468,0.0,0.0,0.0,0.0,0.0,0.0,0.0
DEBT-01469,CUST-01469,2516.84,0.0,0.0,0.0,0.0,2516.84,0.0059
DEBT-01470,CUST-01470,23007.81,20541.39,0.0,0.0,366003.62,409552.82,0.3116
DEBT-01471,CUST-01471,2178.72,23677.53,0.0,28846.58,0.0,54702.83,0.2234
DEBT-01472,CUST-01472,2209.87,0.0,0.0,0.0,0.0,2209.87,0.0086
DEBT-01473,CUST-01473,14358.02,0.0,0.0,0.0,381098.86,395456.88,0.5444
DEBT-01474,CUST-01474,798.23,0.0,0.0,0.0,0.0,798.23,0.0135
DEBT-01475,CUST-01475,3013.98,0.0,0.0,0.0,0.0,3013.98,0.0188
DEBT-01476,CUST-01476,139.82,0.0,0.0,0.0,0.0,139.82,0.0016
DEBT-01477,CUST-01477,7132.17,0.0,0.0,24244.92,0.0,31377.09,0.0628
DEBT-01478,CUST-01478,1398.58,7782.28,15695.61,0.0,0.0,24876.47,0.0435
DEBT-01479,CUST-01479,1313.68,0.0,0.0,0.0,0.0,1313.68,0.0025
DEBT-01480,CUST-01480,4942.14,0.0,0.0,0.0,0.0,4942.14,0.0102
DEBT-01481,CUST-01481,6169.86,0.0,0.0,8924.74,0.0,15094.6,0.0418
DEBT-01482,CUST-01482,3902.93,0.0,0.0,0.0,307309.88,311212.81,0.4821
DEBT-01483,CUST-01483,0.0,0.0,0.0,32024.13,146326.68,178350.81,0.2359
DEBT-01484,CUST-01484,2415.46,0.0,0.0,0.0,336560.24,338975.7,0.903
DEBT-01485,CUST-01485,0.0,0.0,0.0,0.0,0.0,0.0,0.0
DEBT-01486,CUST-01486,0.0,0.0,0.0,0.0,0.0,0.0,0.0
DEBT-01487,CUST-01487,4169.91,0.0,0.0,0.0,125404.32,129574.23,0.2768
DEBT-01488,CUST-01488,0.0,0.0,0.0,0.0,81898.85,81898.85,0.1207
DEBT-01489,CUST-01489,12972.85,0.0,0.0,0.0,0.0,12972.85,0.022
DEBT-01490,CUST-01490,8935.5,0.0,0.0,0.0,0.0,8935.5,0.0228
DEBT-01491,CUST-01491,121.91,0.0,0.0,0.0,0.0,121.91,0.0006
DEBT-01492,CUST-01492,0.0,0.0,0.0,0.0,0.0,0.0,0.0
DEBT-01493,CUST-01493,2482.9,0.0,0.0,0.0,234394.31,236877.21,0.5837
DEBT-01494,CUST-01494,0.0,23756.53,0.0,7386.93,0.0,31143.46,0.2458
DEBT-01495,CUST-01495,6065.27,0.0,0.0,30137.71,0.0,36202.98,0.0732
DEBT-01496,CUST-01496,2684.4,0.0,0.0,8638.5,101011.2,112334.1,0.1043
DEBT-01497,CUST-01497,0.0,0.0,0.0,0.0,122336.15,122336.15,0.1053
DEBT-01498,CUST-01498,14208.87,0.0,0.0,17176.84,357601.19,388986.9,0.5067
DEBT-01499,CUST-01499,12186.56,8567.83,0.0,0.0,424188.45,444942.84,0.791
DEBT-01500,CUST-01500,3884.33,0.0,0.0,29577.94,0.0,33462.27,0.0757
DEBT-01501,CUST-01501,0.0,0.0,0.0,31688.06,0.0,31688.06,0.0522
DEBT-01502,CUST-01502,13957.48,0.0,39733.82,32196.67,0.0,85887.97,0.1169
DEBT-01503,CUST-01503,0.0,0.0,0.0,0.0,0.0,0.0,0.0
DEBT-01504,CUST-01504,7531.56,0.0,0.0,0.0,0.0,7531.56,0.0131
DEBT-01505,CUST-01505,0.0,0.0,33163.72,8630.96,0.0,41794.68,0.087
DEBT-01506,CUST-01506,2542.77,5003.09,23212.12,0.0,0.0,30757.98,0.0693
DEBT-01507,CUST-01507,4971.04,0.0,0.0,0.0,0.0,4971.04,0.0154
DEBT-01508,CUST-01508,0.0,1777.58,0.0,0.0,0.0,1777.58,0.0032
DEBT-01509,CUST-01509,0.0,0.0,0.0,20517.71,420504.83,441022.54,1.1622
DEBT-01510,CUST-01510,7512.71,16939.01,0.0,0.0,0.0,24451.72,0.028
DEBT-01511,CUST-01511,0.0,0.0,0.0,24817.43,0.0,24817.43,0.1184
DEBT-01512,CUST-01512,7371.6,0.0,0.0,0.0,85271.67,92643.27,0.1483
DEBT-01513,CUST-01513,4660.71,3399.84,0.0,0.0,91330.5,99391.05,0.1955
DEBT-01514,CUST-01514,3321.71,0.0,0.0,0.0,0.0,3321.71,0.0078
DEBT-01515,CUST-01515,6906.95,0.0,0.0,23645.58,0.0,30552.53,0.0574
DEBT-01516,CUST-01516,0.0,0.0,0.0,14754.79,0.0,14754.79,0.0731
DEBT-01517,CUST-01517,12566.0,16130.56,0.0,0.0,401542.03,430238.59,0.5196
DEBT-01518,CUST-01518,1400.47,0.0,0.0,5466.05,247911.7,254778.22,0.8699
DEBT-01519,CUST-01519,6226.52,0.0,0.0,0.0,0.0,6226.52,0.0123
DEBT-01520,CUST-01520,15744.16,14167.47,0.0,0.0,0.0,29911.63,0.0423
DEBT-01521,CUST-01521,5966.62,0.0,0.0,27431.3,0.0,33397.92,0.0745
DEBT-01522,CUST-01522,7462.25,0.0,0.0,0.0,0.0,7462.25,0.0212
DEBT-01523,CUST-01523,423.11,0.0,44487.65,0.0,234884.17,279794.93,0.7632
DEBT-01524,CUST-01524,4471.91,0.0,0.0,0.0,177271.75,181743.66,0.2655
DEBT-01525,CUST-01525,5487.98,0.0,0.0,0.0,0.0,5487.98,0.0103
DEBT-01526,CUST-01526,4762.18,0.0,0.0,0.0,255613.35,260375.53,0.5743
DEBT-01527,CUST-01527,3465.1,22624.63,0.0,11631.21,0.0,37720.94,0.0375
DEBT-01528,CUST-01528,0.0,0.0,0.0,0.0,0.0,0.0,0.0
DEBT-01529,CUST-01529,0.0,0.0,0.0,15178.81,0.0,15178.81,0.022
DEBT-01530,CUST-01530,418.8,0.0,0.0,0.0,0.0,418.8,0.0008
DEBT-01531,CUST-01531,6947.23,0.0,0.0,26996.48,191267.92,225211.63,0.5764
DEBT-01532,CUST-01532,0.0,0.0,0.0,13742.85,0.0,13742.85,0.0445
DEBT-01533,CUST-01533,1238.4,0.0,22506.48,6668.34,0.0,30413.22,0.2859
DEBT-01534,CUST-01534,4314.11,20020.25,30971.22,0.0,0.0,55305.58,0.1428
DEBT-01535,CUST-01535,1086.09,0.0,40604.76,0.0,0.0,41690.85,0.3684
DEBT-01536,CUST-01536,3533.46,0.0,0.0,0.0,0.0,3533.46,0.009
DEBT-01537,CUST-01537,0.0,0.0,0.0,19501.3,0.0,19501.3,0.0363
DEBT-01538,CUST-01538,11586.62,0.0,0.0,0.0,0.0,11586.62,0.0172
DEBT-01539,CUST-01539,12441.26,0.0,0.0,0.0,0.0,12441.26,0.0189
DEBT-01540,CUST-01540,0.0,22598.86,0.0,0.0,0.0,22598.86,0.1961
DEBT-01541,CUST-01541,4685.77,9671.31,0.0,0.0,0.0,14357.08,0.0455
DEBT-01542,CUST-01542,3419.8,0.0,0.0,31237.73,257684.37,292341.9,0.9594
DEBT-01543,CUST-01543,1000.63,6892.89,0.0,0.0,0.0,7893.52,0.0089
DEBT-01544,CUST-01544,0.0,0.0,0.0,0.0,0.0,0.0,0.0
DEBT-01545,CUST-01545,0.0,0.0,0.0,0.0,0.0,0.0,0.0
DEBT-01546,CUST-01546,0.0,0.0,0.0,19021.61,0.0,19021.61,0.0357
DEBT-01547,CUST-01547,16321.43,0.0,0.0,0.0,0.0,16321.43,0.0194
DEBT-01548,CUST-01548,372.06,0.0,0.0,0.0,0.0,372.06,0.0073
DEBT-01549,CUST-01549,542.4,0.0,0.0,9232.92,0.0,9775.32,0.0347
DEBT-01550,CUST-01550,1034.3,14467.91,0.0,0.0,0.0,15502.21,0.0911
DEBT-01551,CUST-01551,11993.6,0.0,0.0,0.0,0.0,11993.6,0.0127
DEBT-01552,CUST-01552,0.0,0.0,0.0,18680.03,0.0,18680.03,0.0185
DEBT-01553,CUST-01553,0.0,0.0,0.0,14558.34,0.0,14558.34,0.0181
DEBT-01554,CUST-01554,411.99,0.0,0.0,8805.5,0.0,9217.49,0.0948
DEBT-01555,CUST-01555,3641.87,0.0,0.0,13221.57,154873.04,171736.48,0.5134
DEBT-01556,CUST-01556,4085.26,12600.75,0.0,34142.76,0.0,50828.77,0.1929
DEBT-01557,CUST-01557,5130.93,0.0,18137.14,0.0,0.0,23268.07,0.0356
DEBT-01558,CUST-01558,0.0,0.0,0.0,34805.39,0.0,34805.39,0.116
DEBT-01559,CUST-01559,2686.07,0.0,0.0,0.0,370487.99,373174.06,0.3891
DEBT-01560,CUST-01560,0.0,0.0,0.0,0.0,0.0,0.0,0.0
DEBT-01561,CUST-01561,0.0,22153.21,0.0,22836.06,0.0,44989.27,0.1108
DEBT-01562,CUST-01562,7934.45,0.0,0.0,17129.59,263256.43,288320.47,0.5772
DEBT-01563,CUST-01563,0.0,0.0,0.0,29370.11,0.0,29370.11,0.0398
DEBT-01564,CUST-01564,9409.45,0.0,0.0,0.0,374115.3,383524.75,0.6776
DEBT-01565,CUST-01565,2394.49,14565.65,0.0,0.0,0.0,16960.14,0.0726
DEBT-01566,CUST-01566,2260.05,0.0,0.0,0.0,0.0,2260.05,0.0089
DEBT-01567,CUST-01567,2115.32,0.0,0.0,27484.91,0.0,29600.23,0.0829
DEBT-01568,CUST-01568,5917.12,0.0,0.0,5848.14,0.0,11765.26,0.0102
DEBT-01569,CUST-01569,0.0,0.0,0.0,28993.29,0.0,28993.29,0.1268
DEBT-01570,CUST-01570,707.96,0.0,32278.3,0.0,0.0,32986.26,0.3314
DEBT-01571,CUST-01571,11428.7,0.0,0.0,23341.14,0.0,34769.84,0.066
DEBT-01572,CUST-01572,12760.03,12125.94,0.0,0.0,0.0,24885.97,0.0397
DEBT-01573,CUST-01573,74.36,3992.15,0.0,29738.9,0.0,33805.41,0.3111
DEBT-01574,CUST-01574,619.31,0.0,0.0,0.0,0.0,619.31,0.0021
DEBT-01575,CUST-01575,4626.16,0.0,0.0,0.0,211141.01,215767.17,0.6582
DEBT-01576,CUST-01576,1330.99,0.0,0.0,33759.58,0.0,35090.57,0.15
DEBT-01577,CUST-01577,23999.27,0.0,0.0,16553.69,0.0,40552.96,0.0343
DEBT-01578,CUST-01578,5810.74,0.0,0.0,14098.09,0.0,19908.83,0.0598
DEBT-01579,CUST-01579,0.0,19516.7,0.0,0.0,185197.79,204714.49,0.5432
DEBT-01580,CUST-01580,8478.9,0.0,0.0,8938.75,297960.76,315378.41,0.6699
DEBT-01581,CUST-01581,276.45,0.0,0.0,13527.6,0.0,13804.05,0.0508
DEBT-01582,CUST-01582,9614.08,0.0,0.0,0.0,0.0,9614.08,0.0191
DEBT-01583,CUST-01583,0.0,0.0,0.0,0.0,0.0,0.0,0.0
DEBT-01584,CUST-01584,3730.33,21750.57,0.0,0.0,441010.87,466491.77,1.269
DEBT-01585,CUST-01585,12787.4,0.0,0.0,0.0,425523.12,438310.52,0.5141
DEBT-01586,CUST-01586,333.08,23612.0,0.0,0.0,0.0,23945.08,0.0904
DEBT-01587,CUST-01587,5782.06,0.0,0.0,0.0,352588.39,358370.45,1.2023
DEBT-01588,CUST-01588,10337.7,0.0,0.0,8626.61,0.0,18964.31,0.0336
DEBT-01589,CUST-01589,4583.54,0.0,0.0,0.0,0.0,4583.54,0.0074
DEBT-01590,CUST-01590,5643.03,14196.45,0.0,0.0,0.0,19839.48,0.0561
DEBT-01591,CUST-01591,0.0,0.0,0.0,0.0,0.0,0.0,0.0
DEBT-01592,CUST-01592,15766.57,0.0,0.0,0.0,0.0,15766.57,0.021
DEBT-01593,CUST-01593,5516.37,0.0,0.0,25080.77,0.0,30597.14,0.1031
DEBT-01594,CUST-01594,15779.1,0.0,0.0,0.0,394649.29,410428.39,0.5737
DEBT-01595,CUST-01595,11754.6,5722.5,0.0,0.0,325616.07,343093.17,0.5414
DEBT-01596,CUST-01596,0.0,6873.83,16729.77,0.0,372371.79,395975.39,0.776
DEBT-01597,CUST-01597,1606.95,0.0,0.0,32145.01,0.0,33751.96,0.0821
DEBT-01598,CUST-01598,0.0,0.0,0.0,0.0,0.0,0.0,0.0
DEBT-01599,CUST-01599,7177.15,0.0,0.0,5007.46,424383.95,436568.56,1.2642
DEBT-01600,CUST-01600,6020.53,23240.21,0.0,7899.5,0.0,37160.24,0.1309
DEBT-01601,CUST-01601,806.04,7124.24,9393.07,0.0,213047.93,230371.28,0.4753
DEBT-01602,CUST-01602,9787.5,0.0,0.0,27034.97,280208.22,317030.69,0.5824
DEBT-01603,CUST-01603,7832.22,0.0,0.0,0.0,0.0,7832.22,0.0132
DEBT-01604,CUST-01604,8884.92,0.0,0.0,28605.14,0.0,37490.06,0.0959
DEBT-01605,CUST-01605,2896.13,0.0,0.0,0.0,0.0,2896.13,0.0053
DEBT-01606,CUST-01606,2111.1,12085.12,0.0,0.0,310312.81,324509.03,0.7592
DEBT-01607,CUST-01607,3317.45,0.0,0.0,0.0,0.0,3317.45,0.0068
DEBT-01608,CUST-01608,2699.43,0.0,0.0,0.0,0.0,2699.43,0.0081
DEBT-01609,CUST-01609,5969.94,17684.98,0.0,0.0,0.0,23654.92,0.0741
DEBT-01610,CUST-01610,2843.77,0.0,0.0,0.0,0.0,2843.77,0.008
DEBT-01611,CUST-01611,7582.95,0.0,0.0,0.0,165792.35,173375.3,0.3632
DEBT-01612,CUST-01612,0.0,0.0,0.0,24999.14,364314.5,389313.64,0.7632
DEBT-01613,CUST-01613,276.0,0.0,0.0,0.0,0.0,276.0,0.0011
DEBT-01614,CUST-01614,5137.6,0.0,0.0,25269.39,442020.47,472427.46,1.9042
DEBT-01615,CUST-01615,1325.58,0.0,0.0,0.0,0.0,1325.58,0.0089
DEBT-01616,CUST-01616,2967.42,0.0,0.0,0.0,408086.12,411053.54,0.4031
DEBT-01617,CUST-01617,520.03,20988.75,0.0,0.0,0.0,21508.78,0.1585
DEBT-01618,CUST-01618,12715.24,22525.49,20344.49,0.0,0.0,55585.22,0.0641
DEBT-01619,CUST-01619,1032.93,5848.35,0.0,0.0,0.0,6881.28,0.0851
DEBT-01620,CUST-01620,2586.79,0.0,31859.1,0.0,0.0,34445.89,0.2539
DEBT-01621,CUST-01621,20345.94,0.0,0.0,0.0,293192.66,313538.6,0.218
DEBT-01622,CUST-01622,3492.39,0.0,0.0,24279.32,0.0,27771.71,0.0871
DEBT-01623,CUST-01623,1771.54,0.0,0.0,0.0,0.0,1771.54,0.0198
DEBT-01624,CUST-01624,11870.65,0.0,14501.69,0.0,354203.18,380575.52,0.702
DEBT-01625,CUST-01625,6498.12,0.0,0.0,0.0,0.0,6498.12,0.0178
DEBT-01626,CUST-01626,1524.68,0.0,0.0,0.0,0.0,1524.68,0.0149
DEBT-01627,CUST-01627,4986.3,0.0,0.0,25594.96,0.0,30581.26,0.1007
DEBT-01628,CUST-01628,4640.53,0.0,0.0,0.0,0.0,4640.53,0.0089
DEBT-01629,CUST-01629,0.0,0.0,0.0,5993.42,0.0,5993.42,0.0143
DEBT-01630,CUST-01630,0.0,0.0,0.0,0.0,0.0,0.0,0.0
DEBT-01631,CUST-01631,4234.03,0.0,18732.36,0.0,0.0,22966.39,0.0851
DEBT-01632,CUST-01632,0.0,0.0,36867.13,12446.05,0.0,49313.18,0.6141
DEBT-01633,CUST-01633,0.0,0.0,0.0,20155.75,214920.56,235076.31,0.4816
DEBT-01634,CUST-01634,0.0,0.0,0.0,0.0,296713.18,296713.18,0.7326
DEBT-01635,CUST-01635,1427.86,0.0,0.0,0.0,0.0,1427.86,0.013
DEBT-01636,CUST-01636,8361.0,0.0,0.0,0.0,0.0,8361.0,0.0116
DEBT-01637,CUST-01637,0.0,0.0,0.0,0.0,0.0,0.0,0.0
DEBT-01638,CUST-01638,11813.49,0.0,0.0,0.0,0.0,11813.49,0.0148
DEBT-01639,CUST-01639,0.0,0.0,0.0,33206.11,0.0,33206.11,0.4122
DEBT-01640,CUST-01640,9100.4,0.0,0.0,0.0,310660.82,319761.22,0.7963
DEBT-01641,CUST-01641,0.0,0.0,0.0,0.0,0.0,0.0,0.0
DEBT-01642,CUST-01642,4494.55,2554.01,0.0,0.0,0.0,7048.56,0.0222
DEBT-01643,CUST-01643,1812.15,5549.89,0.0,0.0,0.0,7362.04,0.0212
DEBT-01644,CUST-01644,0.0,0.0,0.0,0.0,0.0,0.0,0.0
DEBT-01645,CUST-01645,0.0,0.0,0.0,0.0,0.0,0.0,0.0
DEBT-01646,CUST-01646,609.83,0.0,25045.4,0.0,122248.36,147903.59,0.1927
DEBT-01647,CUST-01647,3411.03,0.0,0.0,0.0,0.0,3411.03,0.0115
DEBT-01648,CUST-01648,12024.79,12822.3,0.0,0.0,0.0,24847.09,0.0294
DEBT-01649,CUST-01649,1792.85,0.0,0.0,0.0,0.0,1792.85,0.0039
DEBT-01650,CUST-01650,8214.49,0.0,0.0,0.0,0.0,8214.49,0.0136
DEBT-01651,CUST-01651,9018.8,0.0,0.0,18646.57,0.0,27665.37,0.067
DEBT-01652,CUST-01652,5660.31,22254.8,0.0,30782.25,280954.3,339651.66,0.4085
DEBT-01653,CUST-01653,0.0,21186.75,0.0,0.0,0.0,21186.75,0.0664
DEBT-01654,CUST-01654,2422.3,0.0,0.0,0.0,0.0,2422.3,0.0068
DEBT-01655,CUST-01655,1412.05,0.0,0.0,0.0,0.0,1412.05,0.0019
DEBT-01656,CUST-01656,2294.49,0.0,0.0,0.0,0.0,2294.49,0.0055
DEBT-01657,CUST-01657,6825.48,2081.71,0.0,0.0,236257.0,245164.19,0.345
DEBT-01658,CUST-01658,2862.7,0.0,10849.44,13973.1,0.0,27685.24,0.0507
DEBT-01659,CUST-01659,10449.32,0.0,0.0,0.0,140740.49,151189.81,0.3155
DEBT-01660,CUST-01660,1182.04,0.0,0.0,14288.93,0.0,15470.97,0.1112
DEBT-01661,CUST-01661,3283.79,15788.09,0.0,28504.33,107845.84,155422.05,0.4558
DEBT-01662,CUST-01662,2142.75,0.0,0.0,0.0,0.0,2142.75,0.0049
DEBT-01663,CUST-01663,9685.19,0.0,0.0,0.0,0.0,9685.19,0.0164
DEBT-01664,CUST-01664,0.0,0.0,0.0,0.0,0.0,0.0,0.0
DEBT-01665,CUST-01665,3355.74,0.0,0.0,18192.57,0.0,21548.31,0.0675
DEBT-01666,CUST-01666,6691.18,0.0,41289.28,0.0,125038.0,173018.46,0.3101
DEBT-01667,CUST-01667,895.54,0.0,0.0,6781.74,287791.71,295468.99,1.0036
DEBT-01668,CUST-01668,1936.91,0.0,0.0,0.0,0.0,1936.91,0.0036
DEBT-01669,CUST-01669,253.96,0.0,0.0,0.0,0.0,253.96,0.006
DEBT-01670,CUST-01670,7713.98,0.0,0.0,0.0,0.0,7713.98,0.0196
DEBT-01671,CUST-01671,10765.38,0.0,0.0,0.0,0.0,10765.38,0.0172
DEBT-01672,CUST-01672,4327.12,13334.96,0.0,0.0,363798.63,381460.71,1.2426
DEBT-01673,CUST-01673,6730.73,0.0,0.0,27143.19,0.0,33873.92,0.0514
DEBT-01674,CUST-01674,4485.2,3621.65,0.0,0.0,385861.12,393967.97,1.152
DEBT-01675,CUST-01675,0.0,0.0,0.0,33036.22,0.0,33036.22,0.0468
DEBT-01676,CUST-01676,0.0,9576.32,0.0,0.0,0.0,9576.32,0.0294
DEBT-01677,CUST-01677,334.0,3165.49,0.0,0.0,0.0,3499.49,0.0126
DEBT-01678,CUST-01678,6048.71,0.0,0.0,15240.64,0.0,21289.35,0.0526
DEBT-01679,CUST-01679,13380.62,0.0,0.0,4311.47,0.0,17692.09,0.0285
DEBT-01680,CUST-01680,947.76,16680.87,5766.87,0.0,0.0,23395.5,0.0452
DEBT-01681,CUST-01681,9850.37,0.0,0.0,8831.97,437904.28,456586.62,0.6429
DEBT-01682,CUST-01682,4696.66,0.0,0.0,0.0,346992.83,351689.49,0.5712
DEBT-01683,CUST-01683,2807.44,0.0,0.0,19387.19,0.0,22194.63,0.0415
DEBT-01684,CUST-01684,6302.34,0.0,0.0,25476.91,0.0,31779.25,0.0463
DEBT-01685,CUST-01685,1976.86,11201.24,0.0,0.0,436576.55,449754.65,1.5175
DEBT-01686,CUST-01686,0.0,3443.26,0.0,0.0,80528.31,83971.57,0.1705
DEBT-01687,CUST-01687,0.0,0.0,0.0,0.0,0.0,0.0,0.0
DEBT-01688,CUST-01688,3368.94,0.0,0.0,0.0,0.0,3368.94,0.0102
DEBT-01689,CUST-01689,0.0,22215.23,0.0,0.0,0.0,22215.23,0.1103
DEBT-01690,CUST-01690,0.0,9970.81,0.0,0.0,0.0,9970.81,0.0099
DEBT-01691,CUST-01691,11236.92,9856.8,0.0,28855.66,224534.61,274483.99,0.4604
DEBT-01692,CUST-01692,0.0,0.0,0.0,29341.66,100274.89,129616.55,0.2795
DEBT-01693,CUST-01693,0.0,9813.93,0.0,0.0,0.0,9813.93,0.0163
DEBT-01694,CUST-01694,7035.19,22029.47,0.0,27244.92,0.0,56309.58,0.1482
DEBT-01695,CUST-01695,4827.07,18492.59,0.0,23775.79,0.0,47095.45,0.1417
DEBT-01696,CUST-01696,5908.39,0.0,0.0,18336.83,0.0,24245.22,0.0787
DEBT-01697,CUST-01697,0.0,0.0,0.0,0.0,0.0,0.0,0.0
DEBT-01698,CUST-01698,14409.16,6938.42,0.0,0.0,0.0,21347.58,0.0297
DEBT-01699,CUST-01699,0.0,0.0,0.0,0.0,232088.96,232088.96,0.602
DEBT-01700,CUST-01700,13853.75,0.0,8347.87,0.0,0.0,22201.62,0.0262
DEBT-01701,CUST-01701,3185.32,0.0,0.0,0.0,0.0,3185.32,0.0084
DEBT-01702,CUST-01702,3789.53,14591.12,0.0,0.0,0.0,18380.65,0.0508
DEBT-01703,CUST-01703,7462.46,0.0,0.0,4275.39,0.0,11737.85,0.027
DEBT-01704,CUST-01704,3589.04,0.0,0.0,0.0,0.0,3589.04,0.0044
DEBT-01705,CUST-01705,1106.88,0.0,0.0,0.0,0.0,1106.88,0.016
DEBT-01706,CUST-01706,1962.59,0.0,0.0,0.0,0.0,1962.59,0.0048
DEBT-01707,CUST-01707,2535.44,0.0,0.0,29750.24,0.0,32285.68,0.1301
DEBT-01708,CUST-01708,3300.41,0.0,0.0,0.0,0.0,3300.41,0.0125
DEBT-01709,CUST-01709,6806.75,0.0,0.0,0.0,0.0,6806.75,0.0207
DEBT-01710,CUST-01710,10308.12,1107.04,0.0,0.0,0.0,11415.16,0.025
DEBT-01711,CUST-01711,9341.7,0.0,17090.03,0.0,0.0,26431.73,0.0373
DEBT-01712,CUST-01712,8731.05,0.0,0.0,0.0,0.0,8731.05,0.0131
DEBT-01713,CUST-01713,6362.3,3960.48,0.0,0.0,301912.02,312234.8,0.528
DEBT-01714,CUST-01714,5741.86,0.0,0.0,0.0,129748.03,135489.89,0.4387
DEBT-01715,CUST-01715,0.0,0.0,0.0,0.0,0.0,0.0,0.0
DEBT-01716,CUST-01716,9438.17,0.0,0.0,0.0,0.0,9438.17,0.0128
DEBT-01717,CUST-01717,0.0,15194.84,0.0,0.0,0.0,15194.84,0.1125
DEBT-01718,CUST-01718,3909.01,0.0,0.0,17931.73,0.0,21840.74,0.0309
DEBT-01719,CUST-01719,18715.34,0.0,0.0,0.0,0.0,18715.34,0.017
DEBT-01720,CUST-01720,0.0,0.0,0.0,27448.2,0.0,27448.2,0.0578
DEBT-01721,CUST-01721,1129.61,0.0,0.0,0.0,0.0,1129.61,0.0029
DEBT-01722,CUST-01722,3824.16,0.0,0.0,0.0,0.0,3824.16,0.0169
DEBT-01723,CUST-01723,4187.24,0.0,0.0,9036.17,168587.02,181810.43,0.3881
DEBT-01724,CUST-01724,5310.07,24283.13,0.0,15891.18,0.0,45484.38,0.1333
DEBT-01725,CUST-01725,0.0,0.0,0.0,16219.2,434320.9,450540.1,1.6044
DEBT-01726,CUST-01726,13697.0,0.0,0.0,5999.23,305051.06,324747.29,0.3813
DEBT-01727,CUST-01727,11627.68,0.0,32103.67,0.0,96816.07,140547.42,0.2457
DEBT-01728,CUST-01728,8911.25,0.0,0.0,0.0,0.0,8911.25,0.0146
DEBT-01729,CUST-01729,9496.8,0.0,0.0,0.0,0.0,9496.8,0.0177
DEBT-01730,CUST-01730,0.0,0.0,0.0,0.0,104272.51,104272.51,0.4124
DEBT-01731,CUST-01731,0.0,0.0,0.0,6254.08,0.0,6254.08,0.0073
DEBT-01732,CUST-01732,0.0,0.0,0.0,0.0,0.0,0.0,0.0
DEBT-01733,CUST-01733,0.0,0.0,0.0,0.0,0.0,0.0,0.0
DEBT-01734,CUST-01734,0.0,0.0,0.0,0.0,0.0,0.0,0.0
DEBT-01735,CUST-01735,23493.81,0.0,0.0,15883.96,350397.03,389774.8,0.332
DEBT-01736,CUST-01736,5474.78,0.0,0.0,0.0,0.0,5474.78,0.0096
DEBT-01737,CUST-01737,7167.51,0.0,0.0,23774.94,0.0,30942.45,0.074
DEBT-01738,CUST-01738,13081.1,0.0,0.0,0.0,0.0,13081.1,0.0226
DEBT-01739,CUST-01739,3818.32,0.0,0.0,0.0,0.0,3818.32,0.0052
DEBT-01740,CUST-01740,10806.05,0.0,0.0,0.0,0.0,10806.05,0.0215
DEBT-01741,CUST-01741,5058.9,24679.32,0.0,0.0,0.0,29738.22,0.0418
DEBT-01742,CUST-01742,0.0,0.0,28184.14,0.0,297672.57,325856.71,0.6203
DEBT-01743,CUST-01743,10398.1,0.0,44328.88,0.0,0.0,54726.98,0.0984
DEBT-01744,CUST-01744,5971.93,0.0,0.0,0.0,0.0,5971.93,0.0224
DEBT-01745,CUST-01745,1605.88,0.0,0.0,24966.02,0.0,26571.9,0.0707
DEBT-01746,CUST-01746,5317.79,7063.94,0.0,8885.49,0.0,21267.22,0.0508
DEBT-01747,CUST-01747,7989.47,9785.03,0.0,20747.02,0.0,38521.52,0.065
DEBT-01748,CUST-01748,13524.53,0.0,0.0,0.0,0.0,13524.53,0.0214
DEBT-01749,CUST-01749,0.0,0.0,0.0,31377.86,0.0,31377.86,0.0476
DEBT-01750,CUST-01750,0.0,0.0,0.0,19631.08,0.0,19631.08,0.0511
DEBT-01751,CUST-01751,13846.08,0.0,0.0,0.0,256868.92,270715.0,0.3203
DEBT-01752,CUST-01752,0.0,0.0,0.0,0.0,0.0,0.0,0.0
DEBT-01753,CUST-01753,7036.38,22208.75,0.0,34924.91,0.0,64170.04,0.0744
DEBT-01754,CUST-01754,4136.2,3707.05,0.0,0.0,0.0,7843.25,0.0143
DEBT-01755,CUST-01755,23528.31,0.0,0.0,0.0,187833.32,211361.63,0.1005
DEBT-01756,CUST-01756,0.0,22582.92,0.0,20306.11,0.0,42889.03,0.0995
DEBT-01757,CUST-01757,4854.29,0.0,0.0,0.0,0.0,4854.29,0.0055
DEBT-01758,CUST-01758,0.0,0.0,0.0,20480.35,0.0,20480.35,0.1047
DEBT-01759,CUST-01759,0.0,0.0,0.0,0.0,0.0,0.0,0.0
DEBT-01760,CUST-01760,0.0,14354.98,0.0,0.0,0.0,14354.98,0.0575
DEBT-01761,CUST-01761,4935.19,0.0,0.0,0.0,0.0,4935.19,0.0137
DEBT-01762,CUST-01762,1265.94,23970.14,0.0,0.0,0.0,25236.08,0.0623
DEBT-01763,CUST-01763,5584.73,0.0,44104.59,0.0,0.0,49689.32,0.1238
DEBT-01764,CUST-01764,5695.08,0.0,0.0,0.0,204823.61,210518.69,0.4145
DEBT-01765,CUST-01765,0.0,0.0,21012.07,0.0,235590.19,256602.26,0.6946
DEBT-01766,CUST-01766,1295.29,0.0,0.0,0.0,0.0,1295.29,0.0045
DEBT-01767,CUST-01767,4350.36,20418.46,0.0,0.0,272751.7,297520.52,0.5387
DEBT-01768,CUST-01768,3016.51,0.0,0.0,7064.76,0.0,10081.27,0.0676
DEBT-01769,CUST-01769,15569.35,13102.44,0.0,0.0,0.0,28671.79,0.0264
DEBT-01770,CUST-01770,803.92,0.0,0.0,0.0,0.0,803.92,0.0009
DEBT-01771,CUST-01771,0.0,0.0,0.0,33760.33,0.0,33760.33,0.1214
DEBT-01772,CUST-01772,5223.31,0.0,0.0,0.0,0.0,5223.31,0.0096
DEBT-01773,CUST-01773,18667.94,1143.55,0.0,0.0,0.0,19811.49,0.0153
DEBT-01774,CUST-01774,0.0,0.0,0.0,0.0,0.0,0.0,0.0
DEBT-01775,CUST-01775,11222.67,0.0,0.0,32613.64,0.0,43836.31,0.0609
DEBT-01776,CUST-01776,0.0,0.0,0.0,31252.07,0.0,31252.07,0.0566
DEBT-01777,CUST-01777,19763.92,0.0,0.0,0.0,0.0,19763.92,0.0195
DEBT-01778,CUST-01778,1438.25,18431.86,0.0,6885.68,0.0,26755.79,0.1866
DEBT-01779,CUST-01779,6374.72,0.0,0.0,0.0,0.0,6374.72,0.0221
DEBT-01780,CUST-01780,0.0,0.0,0.0,0.0,327597.35,327597.35,0.7098
DEBT-01781,CUST-01781,6854.01,0.0,0.0,0.0,382019.42,388873.43,0.3806
DEBT-01782,CUST-01782,9881.29,19209.9,0.0,28956.21,356869.53,414916.93,0.5191
DEBT-01783,CUST-01783,0.0,3036.75,27093.52,0.0,0.0,30130.27,0.0355
DEBT-01784,CUST-01784,12968.08,0.0,26838.51,0.0,0.0,39806.59,0.0583
DEBT-01785,CUST-01785,9618.96,12664.63,0.0,27787.55,0.0,50071.14,0.0882
DEBT-01786,CUST-01786,10035.06,0.0,0.0,0.0,419252.48,429287.54,0.4849
DEBT-01787,CUST-01787,14224.68,0.0,0.0,30170.47,0.0,44395.15,0.0446
DEBT-01788,CUST-01788,2445.08,0.0,0.0,0.0,247346.79,249791.87,0.4043
DEBT-01789,CUST-01789,0.0,0.0,0.0,0.0,0.0,0.0,0.0
DEBT-01790,CUST-01790,0.0,0.0,0.0,0.0,0.0,0.0,0.0
DEBT-01791,CUST-01791,0.0,14978.31,0.0,0.0,0.0,14978.31,0.033
DEBT-01792,CUST-01792,10339.21,11011.76,0.0,0.0,0.0,21350.97,0.027
DEBT-01793,CUST-01793,2429.22,0.0,0.0,0.0,324655.64,327084.86,0.79
DEBT-01794,CUST-01794,11028.11,0.0,0.0,32616.12,449458.17,493102.4,0.9882
DEBT-01795,CUST-01795,1744.55,0.0,0.0,18966.67,0.0,20711.22,0.0439
DEBT-01796,CUST-01796,0.0,9954.42,0.0,0.0,0.0,9954.42,0.0339
DEBT-01797,CUST-01797,2819.82,22871.98,23345.45,20462.16,0.0,69499.41,0.1388
DEBT-01798,CUST-01798,14004.07,0.0,0.0,0.0,0.0,14004.07,0.0185
DEBT-01799,CUST-01799,0.0,0.0,0.0,5958.66,0.0,5958.66,0.0134
DEBT-01800,CUST-01800,8261.96,0.0,8851.87,0.0,0.0,17113.83,0.0265
DEBT-01801,CUST-01801,434.16,13104.42,0.0,0.0,0.0,13538.58,0.0487
DEBT-01802,CUST-01802,0.0,0.0,0.0,24381.89,0.0,24381.89,0.0436
DEBT-01803,CUST-01803,20971.36,0.0,0.0,0.0,421390.31,442361.67,0.4793
DEBT-01804,CUST-01804,0.0,20128.69,0.0,0.0,0.0,20128.69,0.0639
DEBT-01805,CUST-01805,6459.75,0.0,0.0,0.0,0.0,6459.75,0.015
DEBT-01806,CUST-01806,897.06,0.0,11948.19,0.0,0.0,12845.25,0.0396
DEBT-01807,CUST-01807,1142.89,0.0,0.0,0.0,0.0,1142.89,0.0032
DEBT-01808,CUST-01808,0.0,0.0,0.0,0.0,273789.42,273789.42,0.9139
DEBT-01809,CUST-01809,7339.23,14025.59,31858.79,30258.4,99284.98,182766.99,0.221
DEBT-01810,CUST-01810,291.52,0.0,0.0,0.0,0.0,291.52,0.0015
DEBT-01811,CUST-01811,1868.86,0.0,36923.97,19325.7,247808.39,305926.92,0.4799
DEBT-01812,CUST-01812,9951.33,0.0,0.0,0.0,0.0,9951.33,0.0147
DEBT-01813,CUST-01813,8789.98,0.0,0.0,0.0,0.0,8789.98,0.0159
DEBT-01814,CUST-01814,0.0,0.0,0.0,22447.98,0.0,22447.98,0.0287
DEBT-01815,CUST-01815,6602.39,0.0,0.0,0.0,413080.35,419682.74,0.6696
DEBT-01816,CUST-01816,7502.42,0.0,0.0,8682.7,253846.88,270032.0,0.3344
DEBT-01817,CUST-01817,847.19,0.0,0.0,0.0,239019.21,239866.4,0.5955
DEBT-01818,CUST-01818,0.0,0.0,0.0,18483.55,341342.17,359825.72,0.676
DEBT-01819,CUST-01819,15782.93,0.0,26632.49,20674.62,0.0,63090.04,0.0834
DEBT-01820,CUST-01820,3166.06,0.0,0.0,26411.17,0.0,29577.23,0.0981
DEBT-01821,CUST-01821,0.0,0.0,0.0,0.0,0.0,0.0,0.0
DEBT-01822,CUST-01822,5777.21,13608.88,0.0,33932.79,0.0,53318.88,0.1142
DEBT-01823,CUST-01823,517.91,8790.38,0.0,0.0,151430.19,160738.48,0.2898
DEBT-01824,CUST-01824,0.0,0.0,0.0,13780.95,0.0,13780.95,0.0111
DEBT-01825,CUST-01825,9873.59,0.0,38091.27,0.0,0.0,47964.86,0.0697
DEBT-01826,CUST-01826,8104.32,0.0,0.0,13817.71,443501.79,465423.82,0.5628
DEBT-01827,CUST-01827,3425.22,24876.12,0.0,0.0,0.0,28301.34,0.0291
DEBT-01828,CUST-01828,0.0,12623.91,0.0,0.0,0.0,12623.91,0.0304
DEBT-01829,CUST-01829,6779.99,0.0,0.0,15212.75,396268.65,418261.39,0.9098
DEBT-01830,CUST-01830,0.0,0.0,0.0,0.0,0.0,0.0,0.0
DEBT-01831,CUST-01831,0.0,0.0,0.0,24200.42,0.0,24200.42,0.058
DEBT-01832,CUST-01832,0.0,0.0,0.0,0.0,0.0,0.0,0.0
DEBT-01833,CUST-01833,6685.64,20925.61,0.0,0.0,0.0,27611.25,0.0831
DEBT-01834,CUST-01834,2685.13,14089.4,0.0,0.0,0.0,16774.53,0.033
DEBT-01835,CUST-01835,7878.49,2267.57,0.0,8091.96,0.0,18238.02,0.0454
DEBT-01836,CUST-01836,4297.68,0.0,0.0,33909.71,0.0,38207.39,0.1666
DEBT-01837,CUST-01837,4593.07,6912.36,0.0,23303.02,0.0,34808.45,0.0948
DEBT-01838,CUST-01838,14198.53,16885.04,0.0,0.0,399904.19,430987.76,0.5049
DEBT-01839,CUST-01839,0.0,0.0,0.0,13105.0,0.0,13105.0,0.0384
DEBT-01840,CUST-01840,5390.18,6600.67,0.0,0.0,0.0,11990.85,0.031
DEBT-01841,CUST-01841,2154.93,0.0,0.0,0.0,0.0,2154.93,0.0045
DEBT-01842,CUST-01842,2427.1,2039.93,0.0,0.0,0.0,4467.03,0.0064
DEBT-01843,CUST-01843,0.0,11223.21,0.0,18804.72,0.0,30027.93,0.047
DEBT-01844,CUST-01844,0.0,0.0,0.0,31766.14,0.0,31766.14,0.0328
DEBT-01845,CUST-01845,4836.51,0.0,0.0,0.0,193454.27,198290.78,0.6936
DEBT-01846,CUST-01846,75.43,24804.41,0.0,13385.2,0.0,38265.04,0.8182
DEBT-01847,CUST-01847,0.0,8427.27,0.0,0.0,258240.55,266667.82,0.7092
DEBT-01848,CUST-01848,0.0,7971.27,0.0,0.0,267461.81,275433.08,0.1469
DEBT-01849,CUST-01849,3014.41,0.0,0.0,6753.91,0.0,9768.32,0.0308
DEBT-01850,CUST-01850,1416.32,0.0,0.0,19628.21,0.0,21044.53,0.1067
DEBT-01851,CUST-01851,0.0,5716.07,0.0,0.0,0.0,5716.07,0.0117
DEBT-01852,CUST-01852,636.66,0.0,0.0,0.0,0.0,636.66,0.0011
DEBT-01853,CUST-01853,10524.33,0.0,0.0,0.0,0.0,10524.33,0.0089
DEBT-01854,CUST-01854,0.0,0.0,0.0,8647.65,188956.76,197604.41,0.2606
DEBT-01855,CUST-01855,0.0,0.0,0.0,0.0,0.0,0.0,0.0
DEBT-01856,CUST-01856,0.0,0.0,0.0,0.0,328726.74,328726.74,0.411
DEBT-01857,CUST-01857,0.0,18674.0,0.0,15646.63,0.0,34320.63,0.4421
DEBT-01858,CUST-01858,0.0,0.0,0.0,19645.09,344939.12,364584.21,0.5713
DEBT-01859,CUST-01859,16984.04,10471.52,0.0,0.0,351157.96,378613.52,0.4477
DEBT-01860,CUST-01860,2665.04,0.0,0.0,13318.5,349659.31,365642.85,0.8959
DEBT-01861,CUST-01861,10172.36,0.0,0.0,0.0,0.0,10172.36,0.0168
DEBT-01862,CUST-01862,788.36,1865.93,0.0,0.0,0.0,2654.29,0.0045
DEBT-01863,CUST-01863,4754.12,0.0,0.0,33254.71,0.0,38008.83,0.0484
DEBT-01864,CUST-01864,1415.03,0.0,0.0,0.0,0.0,1415.03,0.0228
DEBT-01865,CUST-01865,3270.91,17861.57,0.0,12675.59,264397.64,298205.71,0.6696
DEBT-01866,CUST-01866,10506.11,0.0,34165.96,26258.24,440476.73,511407.04,1.045
DEBT-01867,CUST-01867,10056.4,9716.44,0.0,0.0,0.0,19772.84,0.0286
DEBT-01868,CUST-01868,4148.77,17984.8,0.0,0.0,0.0,22133.57,0.0624
DEBT-01869,CUST-01869,0.0,0.0,0.0,0.0,0.0,0.0,0.0
DEBT-01870,CUST-01870,2528.17,0.0,0.0,0.0,149413.7,151941.87,0.5603
DEBT-01871,CUST-01871,0.0,0.0,0.0,0.0,0.0,0.0,0.0
DEBT-01872,CUST-01872,5900.89,0.0,0.0,0.0,0.0,5900.89,0.0166
DEBT-01873,CUST-01873,3451.16,0.0,0.0,34498.23,0.0,37949.39,0.137
DEBT-01874,CUST-01874,15453.42,2992.7,0.0,16621.13,0.0,35067.25,0.047
DEBT-01875,CUST-01875,12244.58,0.0,0.0,9597.97,118095.73,139938.28,0.1622
DEBT-01876,CUST-01876,0.0,0.0,19911.02,0.0,0.0,19911.02,0.0246
DEBT-01877,CUST-01877,9846.53,0.0,0.0,0.0,0.0,9846.53,0.006
DEBT-01878,CUST-01878,23075.16,0.0,0.0,0.0,0.0,23075.16,0.0218
DEBT-01879,CUST-01879,0.0,0.0,0.0,21377.61,0.0,21377.61,0.0325
DEBT-01880,CUST-01880,905.84,0.0,0.0,5089.92,0.0,5995.76,0.0728
DEBT-01881,CUST-01881,6310.95,0.0,0.0,0.0,0.0,6310.95,0.0091
DEBT-01882,CUST-01882,0.0,0.0,0.0,0.0,0.0,0.0,0.0
DEBT-01883,CUST-01883,6827.11,0.0,0.0,27724.7,0.0,34551.81,0.0606
DEBT-01884,CUST-01884,11858.18,14081.15,0.0,0.0,0.0,25939.33,0.0371
DEBT-01885,CUST-01885,685.97,0.0,0.0,22282.28,0.0,22968.25,0.0475
DEBT-01886,CUST-01886,1501.79,0.0,0.0,0.0,0.0,1501.79,0.0026
DEBT-01887,CUST-01887,11537.55,0.0,0.0,0.0,375338.94,386876.49,0.6899
DEBT-01888,CUST-01888,3024.96,0.0,13549.52,0.0,0.0,16574.48,0.0336
DEBT-01889,CUST-01889,309.78,0.0,0.0,0.0,172296.31,172606.09,0.6686
DEBT-01890,CUST-01890,8641.57,0.0,0.0,0.0,0.0,8641.57,0.0106
DEBT-01891,CUST-01891,8057.95,10664.4,0.0,0.0,0.0,18722.35,0.0224
DEBT-01892,CUST-01892,5284.6,0.0,0.0,0.0,0.0,5284.6,0.009
DEBT-01893,CUST-01893,804.33,0.0,0.0,21081.0,0.0,21885.33,0.0577
DEBT-01894,CUST-01894,0.0,0.0,0.0,23117.16,370448.31,393565.47,1.0368
DEBT-01895,CUST-01895,2973.91,9023.48,0.0,21846.52,0.0,33843.91,0.0921
DEBT-01896,CUST-01896,4863.08,15270.57,0.0,0.0,0.0,20133.65,0.0284
DEBT-01897,CUST-01897,0.0,20280.85,0.0,32981.29,0.0,53262.14,0.2165
DEBT-01898,CUST-01898,0.0,0.0,0.0,0.0,0.0,0.0,0.0
DEBT-01899,CUST-01899,13556.9,0.0,0.0,16084.23,0.0,29641.13,0.041
DEBT-01900,CUST-01900,8302.18,12347.01,0.0,0.0,249097.57,269746.76,0.5377
DEBT-01901,CUST-01901,931.75,0.0,0.0,24512.24,0.0,25443.99,0.0492
DEBT-01902,CUST-01902,3370.89,0.0,17490.31,0.0,0.0,20861.2,0.0477
DEBT-01903,CUST-01903,12410.45,0.0,0.0,0.0,0.0,12410.45,0.0172
DEBT-01904,CUST-01904,6057.42,3077.82,0.0,0.0,0.0,9135.24,0.0157
DEBT-01905,CUST-01905,1979.57,16144.33,0.0,27642.68,0.0,45766.58,0.0631
DEBT-01906,CUST-01906,0.0,0.0,0.0,21071.08,0.0,21071.08,0.0488
DEBT-01907,CUST-01907,0.0,0.0,0.0,0.0,0.0,0.0,0.0
DEBT-01908,CUST-01908,1452.82,0.0,0.0,0.0,267650.54,269103.36,0.5885
DEBT-01909,CUST-01909,6724.07,0.0,0.0,0.0,0.0,6724.07,0.01
DEBT-01910,CUST-01910,14097.41,0.0,0.0,0.0,0.0,14097.41,0.0208
DEBT-01911,CUST-01911,0.0,9945.37,0.0,17841.09,343417.63,371204.09,1.0955
DEBT-01912,CUST-01912,2118.81,0.0,0.0,0.0,0.0,2118.81,0.0071
DEBT-01913,CUST-01913,488.05,16484.89,0.0,0.0,0.0,16972.94,0.2001
DEBT-01914,CUST-01914,3514.49,0.0,0.0,0.0,0.0,3514.49,0.0056
DEBT-01915,CUST-01915,0.0,18797.98,0.0,0.0,0.0,18797.98,0.0476
DEBT-01916,CUST-01916,453.9,1655.61,0.0,0.0,0.0,2109.51,0.0364
DEBT-01917,CUST-01917,0.0,0.0,0.0,0.0,86571.62,86571.62,0.2083
DEBT-01918,CUST-01918,0.0,0.0,34272.2,0.0,0.0,34272.2,0.0732
DEBT-01919,CUST-01919,0.0,0.0,0.0,26543.37,0.0,26543.37,0.0882
DEBT-01920,CUST-01920,0.0,16091.83,0.0,0.0,0.0,16091.83,0.0267
DEBT-01921,CUST-01921,12038.83,0.0,0.0,0.0,0.0,12038.83,0.0164
DEBT-01922,CUST-01922,2106.5,2741.79,0.0,0.0,0.0,4848.29,0.0075
DEBT-01923,CUST-01923,3266.03,0.0,0.0,10882.96,0.0,14148.99,0.0716
DEBT-01924,CUST-01924,0.0,0.0,0.0,0.0,187436.32,187436.32,0.3034
DEBT-01925,CUST-01925,12267.93,0.0,0.0,5534.11,0.0,17802.04,0.03
DEBT-01926,CUST-01926,20419.22,18900.88,0.0,24928.58,0.0,64248.68,0.0492
DEBT-01927,CUST-01927,167.62,18811.64,0.0,4598.55,0.0,23577.81,0.2729
DEBT-01928,CUST-01928,0.0,21599.2,0.0,0.0,0.0,21599.2,0.0255
DEBT-01929,CUST-01929,0.0,17812.09,0.0,0.0,0.0,17812.09,0.0427
DEBT-01930,CUST-01930,5796.08,4887.82,37421.06,0.0,0.0,48104.96,0.0687
DEBT-01931,CUST-01931,6788.03,0.0,0.0,8615.07,0.0,15403.1,0.0369
DEBT-01932,CUST-01932,0.0,5223.77,0.0,14342.53,253864.72,273431.02,0.9838
DEBT-01933,CUST-01933,2612.93,0.0,0.0,0.0,0.0,2612.93,0.0071
DEBT-01934,CUST-01934,4239.08,0.0,0.0,0.0,0.0,4239.08,0.0082
DEBT-01935,CUST-01935,0.0,0.0,0.0,0.0,244401.78,244401.78,0.3121
DEBT-01936,CUST-01936,4434.51,0.0,13342.24,0.0,0.0,17776.75,0.0556
DEBT-01937,CUST-01937,262.07,0.0,0.0,0.0,0.0,262.07,0.0007
DEBT-01938,CUST-01938,1198.51,7443.15,0.0,0.0,0.0,8641.66,0.0192
DEBT-01939,CUST-01939,2071.41,0.0,0.0,0.0,0.0,2071.41,0.0051
DEBT-01940,CUST-01940,0.0,22904.19,0.0,0.0,262396.67,285300.86,0.5806
DEBT-01941,CUST-01941,5038.24,14881.01,0.0,0.0,0.0,19919.25,0.0303
DEBT-01942,CUST-01942,3089.48,0.0,0.0,20444.09,0.0,23533.57,0.0277
DEBT-01943,CUST-01943,5218.78,0.0,0.0,0.0,90639.15,95857.93,0.2305
DEBT-01944,CUST-01944,0.0,0.0,0.0,0.0,0.0,0.0,0.0
DEBT-01945,CUST-01945,1725.4,0.0,0.0,0.0,225770.15,227495.55,0.5089
DEBT-01946,CUST-01946,548.6,0.0,0.0,0.0,259736.71,260285.31,1.0465
DEBT-01947,CUST-01947,2753.61,24452.43,0.0,0.0,0.0,27206.04,0.0598
DEBT-01948,CUST-01948,389.45,0.0,24912.83,5457.82,0.0,30760.1,0.0689
DEBT-01949,CUST-01949,1329.0,0.0,0.0,29255.88,382406.44,412991.32,1.3743
DEBT-01950,CUST-01950,3105.44,0.0,0.0,22995.39,0.0,26100.83,0.0701
DEBT-01951,CUST-01951,2745.71,9513.47,23631.19,0.0,0.0,35890.37,0.1239
DEBT-01952,CUST-01952,0.0,0.0,0.0,0.0,0.0,0.0,0.0
DEBT-01953,CUST-01953,481.87,16702.34,0.0,0.0,0.0,17184.21,0.1732
DEBT-01954,CUST-01954,0.0,0.0,0.0,0.0,0.0,0.0,0.0
DEBT-01955,CUST-01955,0.0,0.0,0.0,27384.56,279659.17,307043.73,0.818
DEBT-01956,CUST-01956,11418.59,0.0,0.0,11305.25,171157.9,193881.74,0.1442
DEBT-01957,CUST-01957,1132.18,0.0,0.0,0.0,0.0,1132.18,0.0027
DEBT-01958,CUST-01958,20605.24,0.0,0.0,0.0,0.0,20605.24,0.0225
DEBT-01959,CUST-01959,400.11,0.0,0.0,0.0,0.0,400.11,0.0013
DEBT-01960,CUST-01960,0.0,0.0,0.0,0.0,149917.59,149917.59,0.1639
DEBT-01961,CUST-01961,454.32,0.0,0.0,28846.59,329343.19,358644.1,0.5434
DEBT-01962,CUST-01962,5822.78,0.0,0.0,29338.32,0.0,35161.1,0.1011
DEBT-01963,CUST-01963,4025.5,0.0,0.0,0.0,168792.01,172817.51,0.4086
DEBT-01964,CUST-01964,1475.14,0.0,0.0,0.0,0.0,1475.14,0.0024
DEBT-01965,CUST-01965,3422.34,22607.75,0.0,0.0,0.0,26030.09,0.0453
DEBT-01966,CUST-01966,9113.56,0.0,0.0,0.0,143034.57,152148.13,0.3333
DEBT-01967,CUST-01967,11624.31,0.0,0.0,29869.88,442348.28,483842.47,0.8576
DEBT-01968,CUST-01968,4771.19,0.0,0.0,0.0,0.0,4771.19,0.0196
DEBT-01969,CUST-01969,0.0,0.0,0.0,0.0,0.0,0.0,0.0
DEBT-01970,CUST-01970,2026.23,18382.26,0.0,23450.97,0.0,43859.46,0.4369
DEBT-01971,CUST-01971,11043.42,0.0,0.0,4635.7,0.0,15679.12,0.0279
DEBT-01972,CUST-01972,2061.69,16967.63,0.0,0.0,0.0,19029.32,0.0492
DEBT-01973,CUST-01973,0.0,0.0,0.0,0.0,0.0,0.0,0.0
DEBT-01974,CUST-01974,8624.52,0.0,9908.64,0.0,0.0,18533.16,0.0275
DEBT-01975,CUST-01975,11140.64,0.0,0.0,20756.01,0.0,31896.65,0.0505
DEBT-01976,CUST-01976,14624.96,0.0,0.0,0.0,0.0,14624.96,0.0108
DEBT-01977,CUST-01977,11723.22,0.0,0.0,0.0,0.0,11723.22,0.0217
DEBT-01978,CUST-01978,0.0,0.0,0.0,0.0,0.0,0.0,0.0
DEBT-01979,CUST-01979,345.07,9668.81,0.0,29487.36,0.0,39501.24,0.1392
DEBT-01980,CUST-01980,11063.69,5306.51,0.0,30508.18,0.0,46878.38,0.0505
DEBT-01981,CUST-01981,1920.73,0.0,20070.65,0.0,0.0,21991.38,0.0429
DEBT-01982,CUST-01982,4148.87,0.0,0.0,0.0,0.0,4148.87,0.0129
DEBT-01983,CUST-01983,0.0,23133.0,0.0,31888.28,0.0,55021.28,0.0834
DEBT-01984,CUST-01984,7084.47,0.0,0.0,0.0,0.0,7084.47,0.0148
DEBT-01985,CUST-01985,6430.61,0.0,0.0,0.0,410892.16,417322.77,1.4878
DEBT-01986,CUST-01986,0.0,0.0,0.0,0.0,0.0,0.0,0.0
DEBT-01987,CUST-01987,3988.51,0.0,0.0,0.0,402350.79,406339.3,0.7483
DEBT-01988,CUST-01988,3104.78,13960.87,32918.93,10240.65,0.0,60225.23,0.1204
DEBT-01989,CUST-01989,9858.68,0.0,0.0,0.0,0.0,9858.68,0.0222
DEBT-01990,CUST-01990,0.0,0.0,0.0,10439.42,0.0,10439.42,0.0825
DEBT-01991,CUST-01991,0.0,0.0,0.0,0.0,0.0,0.0,0.0
DEBT-01992,CUST-01992,2833.06,0.0,0.0,5380.07,0.0,8213.13,0.0154
DEBT-01993,CUST-01993,11686.43,0.0,0.0,24086.41,0.0,35772.84,0.0493
DEBT-01994,CUST-01994,4282.25,0.0,0.0,0.0,0.0,4282.25,0.0064
DEBT-01995,CUST-01995,2326.59,0.0,0.0,0.0,0.0,2326.59,0.0096
DEBT-01996,CUST-01996,7921.6,0.0,0.0,17065.52,0.0,24987.12,0.0574
DEBT-01997,CUST-01997,4335.98,13214.03,0.0,25697.67,172809.38,216057.06,0.4374
DEBT-01998,CUST-01998,2983.27,0.0,0.0,0.0,0.0,2983.27,0.0119
DEBT-01999,CUST-01999,982.41,0.0,0.0,21111.03,0.0,22093.44,0.3487
DEBT-02000,CUST-02000,2149.83,0.0,43713.35,0.0,0.0,45863.18,0.1042
DEBT-02001,CUST-02001,9664.35,0.0,0.0,0.0,0.0,9664.35,0.0175
DEBT-02002,CUST-02002,4261.78,0.0,0.0,0.0,0.0,4261.78,0.0064
DEBT-02003,CUST-02003,9594.01,9278.94,17581.93,0.0,396770.88,433225.76,0.592
DEBT-02004,CUST-02004,5248.35,0.0,0.0,8838.57,0.0,14086.92,0.0277
DEBT-02005,CUST-02005,9039.34,0.0,0.0,0.0,0.0,9039.34,0.0197
DEBT-02006,CUST-02006,0.0,0.0,0.0,0.0,0.0,0.0,0.0
DEBT-02007,CUST-02007,3371.52,7318.63,0.0,12847.3,0.0,23537.45,0.0297
DEBT-02008,CUST-02008,8596.27,0.0,0.0,0.0,0.0,8596.27,0.0074
DEBT-02009,CUST-02009,557.64,18530.61,23487.74,0.0,0.0,42575.99,0.1396
DEBT-02010,CUST-02010,0.0,0.0,0.0,0.0,0.0,0.0,0.0
DEBT-02011,CUST-02011,0.0,3356.46,0.0,0.0,0.0,3356.46,0.0058
DEBT-02012,CUST-02012,4779.02,0.0,0.0,0.0,115412.07,120191.09,0.3177
DEBT-02013,CUST-02013,3427.73,0.0,6535.31,4519.68,97010.88,111493.6,0.1834
DEBT-02014,CUST-02014,0.0,0.0,0.0,22229.74,0.0,22229.74,0.0253
DEBT-02015,CUST-02015,7566.4,0.0,0.0,5158.24,0.0,12724.64,0.0178
DEBT-02016,CUST-02016,0.0,15915.34,0.0,25687.93,424169.62,465772.89,1.0524
DEBT-02017,CUST-02017,2862.53,23033.99,0.0,0.0,0.0,25896.52,0.0701
DEBT-02018,CUST-02018,4053.73,0.0,0.0,0.0,0.0,4053.73,0.0103
DEBT-02019,CUST-02019,2817.88,22179.71,0.0,0.0,0.0,24997.59,0.0822
DEBT-02020,CUST-02020,1501.07,0.0,0.0,31829.93,384499.91,417830.91,1.501
DEBT-02021,CUST-02021,7787.04,0.0,0.0,0.0,0.0,7787.04,0.0135
DEBT-02022,CUST-02022,5151.92,0.0,0.0,0.0,0.0,5151.92,0.0126
DEBT-02023,CUST-02023,0.0,0.0,0.0,32259.11,0.0,32259.11,0.0568
DEBT-02024,CUST-02024,0.0,0.0,0.0,0.0,0.0,0.0,0.0
DEBT-02025,CUST-02025,11021.86,0.0,0.0,0.0,0.0,11021.86,0.0188
DEBT-02026,CUST-02026,1394.72,0.0,0.0,25367.87,0.0,26762.59,0.0658
DEBT-02027,CUST-02027,0.0,18631.4,0.0,0.0,409976.14,428607.54,1.1317
DEBT-02028,CUST-02028,0.0,0.0,0.0,0.0,0.0,0.0,0.0
DEBT-02029,CUST-02029,4185.96,19370.62,0.0,8531.71,0.0,32088.29,0.1451
DEBT-02030,CUST-02030,0.0,0.0,0.0,0.0,0.0,0.0,0.0
DEBT-02031,CUST-02031,321.01,0.0,0.0,0.0,0.0,321.01,0.0009
DEBT-02032,CUST-02032,1384.46,11974.47,0.0,18755.33,0.0,32114.26,0.0511
DEBT-02033,CUST-02033,1105.09,0.0,0.0,32785.61,0.0,33890.7,0.0952
DEBT-02034,CUST-02034,0.0,0.0,0.0,13016.95,0.0,13016.95,0.0249
DEBT-02035,CUST-02035,2857.22,0.0,0.0,0.0,0.0,2857.22,0.0071
DEBT-02036,CUST-02036,2824.54,18137.18,35066.89,0.0,133516.51,189545.12,0.2553
DEBT-02037,CUST-02037,1674.99,0.0,0.0,0.0,0.0,1674.99,0.0042
DEBT-02038,CUST-02038,0.0,0.0,0.0,0.0,0.0,0.0,0.0
DEBT-02039,CUST-02039,4465.27,0.0,0.0,0.0,265852.88,270318.15,0.4617
DEBT-02040,CUST-02040,0.0,11901.04,0.0,14897.26,0.0,26798.3,0.0466
DEBT-02041,CUST-02041,11502.37,0.0,0.0,0.0,199511.28,211013.65,0.2568
DEBT-02042,CUST-02042,9926.15,0.0,0.0,0.0,0.0,9926.15,0.019
DEBT-02043,CUST-02043,5190.81,0.0,0.0,0.0,0.0,5190.81,0.0189
DEBT-02044,CUST-02044,2695.56,16827.61,0.0,0.0,0.0,19523.17,0.022
DEBT-02045,CUST-02045,3064.66,0.0,0.0,23069.81,0.0,26134.47,0.1266
DEBT-02046,CUST-02046,10105.12,0.0,0.0,29319.83,0.0,39424.95,0.0747
DEBT-02047,CUST-02047,7256.98,0.0,0.0,20825.47,434417.96,462500.41,0.4862
DEBT-02048,CUST-02048,7293.69,0.0,0.0,9703.46,0.0,16997.15,0.0442
DEBT-02049,CUST-02049,3288.02,0.0,0.0,0.0,349990.55,353278.57,1.0058
DEBT-02050,CUST-02050,0.0,15914.82,0.0,0.0,0.0,15914.82,0.0337
DEBT-02051,CUST-02051,0.0,0.0,27362.85,22938.44,0.0,50301.29,0.1044
DEBT-02052,CUST-02052,12785.72,16007.51,0.0,18185.16,129719.94,176698.33,0.2397
DEBT-02053,CUST-02053,11447.21,23092.82,0.0,0.0,0.0,34540.03,0.0411
DEBT-02054,CUST-02054,1705.34,1107.02,8076.83,0.0,0.0,10889.19,0.0205
DEBT-02055,CUST-02055,2707.79,0.0,0.0,0.0,0.0,2707.79,0.0176
DEBT-02056,CUST-02056,2267.32,0.0,0.0,0.0,295970.41,298237.73,0.9783
DEBT-02057,CUST-02057,0.0,0.0,0.0,0.0,0.0,0.0,0.0
DEBT-02058,CUST-02058,5743.72,18884.72,0.0,0.0,0.0,24628.44,0.0429
DEBT-02059,CUST-02059,6568.09,0.0,0.0,19189.04,221407.11,247164.24,0.6112
DEBT-02060,CUST-02060,875.02,11728.25,0.0,7029.63,0.0,19632.9,0.1643
DEBT-02061,CUST-02061,5381.39,0.0,0.0,27741.93,433371.05,466494.37,0.7124
DEBT-02062,CUST-02062,5054.72,0.0,0.0,0.0,0.0,5054.72,0.0068
DEBT-02063,CUST-02063,10086.18,24196.58,0.0,0.0,0.0,34282.76,0.065
DEBT-02064,CUST-02064,12108.54,0.0,0.0,0.0,204087.55,216196.09,0.2772
DEBT-02065,CUST-02065,0.0,4974.73,0.0,29782.9,0.0,34757.63,0.0623
DEBT-02066,CUST-02066,5711.84,0.0,0.0,0.0,0.0,5711.84,0.0127
DEBT-02067,CUST-02067,9811.46,0.0,0.0,4803.42,0.0,14614.88,0.0204
DEBT-02068,CUST-02068,0.0,0.0,0.0,6420.26,0.0,6420.26,0.0148
DEBT-02069,CUST-02069,1808.86,0.0,0.0,4975.26,0.0,6784.12,0.0395
DEBT-02070,CUST-02070,11749.32,21542.04,0.0,0.0,122055.2,155346.56,0.1913
DEBT-02071,CUST-02071,7872.65,0.0,0.0,0.0,0.0,7872.65,0.0103
DEBT-02072,CUST-02072,0.0,13768.09,22265.44,0.0,0.0,36033.53,0.1051
DEBT-02073,CUST-02073,7918.59,0.0,41846.21,14896.04,0.0,64660.84,0.1325
DEBT-02074,CUST-02074,3618.69,21268.71,0.0,0.0,389069.41,413956.81,0.971
DEBT-02075,CUST-02075,3366.55,0.0,0.0,0.0,0.0,3366.55,0.0094
DEBT-02076,CUST-02076,2514.47,0.0,0.0,0.0,0.0,2514.47,0.0033
DEBT-02077,CUST-02077,2029.25,0.0,0.0,23408.4,0.0,25437.65,0.0357
DEBT-02078,CUST-02078,3099.01,0.0,0.0,11383.64,0.0,14482.65,0.0244
DEBT-02079,CUST-02079,10113.25,17696.32,0.0,10410.02,0.0,38219.59,0.0744
DEBT-02080,CUST-02080,549.9,0.0,0.0,0.0,0.0,549.9,0.0024
DEBT-02081,CUST-02081,0.0,13518.07,0.0,8804.74,0.0,22322.81,0.0591
DEBT-02082,CUST-02082,0.0,0.0,0.0,0.0,0.0,0.0,0.0
DEBT-02083,CUST-02083,0.0,0.0,0.0,0.0,0.0,0.0,0.0
DEBT-02084,CUST-02084,1084.44,0.0,0.0,0.0,0.0,1084.44,0.0086
DEBT-02085,CUST-02085,0.0,0.0,0.0,0.0,0.0,0.0,0.0
DEBT-02086,CUST-02086,10534.29,0.0,0.0,0.0,362292.58,372826.87,0.7193
DEBT-02087,CUST-02087,11020.39,0.0,0.0,0.0,0.0,11020.39,0.016
DEBT-02088,CUST-02088,7317.22,0.0,0.0,0.0,0.0,7317.22,0.0113
DEBT-02089,CUST-02089,2170.5,0.0,0.0,0.0,0.0,2170.5,0.011
DEBT-02090,CUST-02090,23445.57,0.0,0.0,0.0,0.0,23445.57,0.0163
DEBT-02091,CUST-02091,1200.67,0.0,0.0,4833.7,0.0,6034.37,0.0711
DEBT-02092,CUST-02092,3926.76,0.0,0.0,0.0,0.0,3926.76,0.007
DEBT-02093,CUST-02093,2410.87,0.0,22206.87,26608.98,0.0,51226.72,0.1356
DEBT-02094,CUST-02094,21135.18,0.0,0.0,0.0,0.0,21135.18,0.0183
DEBT-02095,CUST-02095,3691.46,0.0,0.0,0.0,446347.06,450038.52,1.3961
DEBT-02096,CUST-02096,1829.22,0.0,0.0,0.0,300107.44,301936.66,0.9065
DEBT-02097,CUST-02097,6724.05,0.0,0.0,0.0,0.0,6724.05,0.0146
DEBT-02098,CUST-02098,0.0,0.0,0.0,0.0,0.0,0.0,0.0
DEBT-02099,CUST-02099,0.0,0.0,0.0,9219.66,0.0,9219.66,0.0707
DEBT-02100,CUST-02100,2569.34,0.0,0.0,17892.55,156381.13,176843.02,0.1807
DEBT-02101,CUST-02101,11177.22,0.0,0.0,0.0,0.0,11177.22,0.0218
DEBT-02102,CUST-02102,3217.24,0.0,0.0,0.0,0.0,3217.24,0.0059
DEBT-02103,CUST-02103,6055.41,0.0,0.0,0.0,0.0,6055.41,0.0181
DEBT-02104,CUST-02104,6745.26,0.0,19457.48,11680.22,158581.11,196464.07,0.4251
DEBT-02105,CUST-02105,0.0,0.0,0.0,0.0,0.0,0.0,0.0
DEBT-02106,CUST-02106,0.0,0.0,0.0,0.0,220127.38,220127.38,0.4314
DEBT-02107,CUST-02107,9078.11,0.0,0.0,30437.27,0.0,39515.38,0.0872
DEBT-02108,CUST-02108,25095.62,0.0,0.0,0.0,288918.23,314013.85,0.234
DEBT-02109,CUST-02109,0.0,3414.14,0.0,0.0,0.0,3414.14,0.0058
DEBT-02110,CUST-02110,12621.01,0.0,0.0,0.0,80945.46,93566.47,0.1563
DEBT-02111,CUST-02111,5327.47,0.0,0.0,0.0,0.0,5327.47,0.0163
DEBT-02112,CUST-02112,1499.57,0.0,0.0,0.0,0.0,1499.57,0.0029
DEBT-02113,CUST-02113,2619.51,0.0,0.0,19544.28,0.0,22163.79,0.0402
DEBT-02114,CUST-02114,0.0,0.0,0.0,18351.62,0.0,18351.62,0.0372
DEBT-02115,CUST-02115,0.0,0.0,0.0,0.0,0.0,0.0,0.0
DEBT-02116,CUST-02116,4785.06,0.0,0.0,7680.31,0.0,12465.37,0.0438
DEBT-02117,CUST-02117,8399.85,0.0,0.0,22835.18,0.0,31235.03,0.055
DEBT-02118,CUST-02118,3929.76,0.0,0.0,0.0,0.0,3929.76,0.0091
DEBT-02119,CUST-02119,8849.64,20503.85,0.0,0.0,434156.64,463510.13,0.8395
DEBT-02120,CUST-02120,12392.12,0.0,0.0,0.0,0.0,12392.12,0.0224
DEBT-02121,CUST-02121,7668.67,0.0,22715.71,18727.67,0.0,49112.05,0.065
DEBT-02122,CUST-02122,4560.26,18404.48,0.0,0.0,0.0,22964.74,0.0385
DEBT-02123,CUST-02123,0.0,0.0,0.0,0.0,153390.51,153390.51,0.1736
DEBT-02124,CUST-02124,1722.36,0.0,0.0,0.0,199422.08,201144.44,0.4148
DEBT-02125,CUST-02125,1945.01,0.0,35090.63,0.0,0.0,37035.64,0.0613
DEBT-02126,CUST-02126,2253.99,0.0,0.0,21408.65,0.0,23662.64,0.0999
DEBT-02127,CUST-02127,0.0,1507.44,0.0,0.0,0.0,1507.44,0.008
DEBT-02128,CUST-02128,4933.59,13416.86,0.0,0.0,383638.19,401988.64,0.853
DEBT-02129,CUST-02129,5028.83,0.0,0.0,0.0,404990.1,410018.93,0.7577
DEBT-02130,CUST-02130,4146.63,0.0,0.0,10069.31,0.0,14215.94,0.0231
DEBT-02131,CUST-02131,0.0,0.0,0.0,0.0,0.0,0.0,0.0
DEBT-02132,CUST-02132,0.0,0.0,0.0,0.0,0.0,0.0,0.0
DEBT-02133,CUST-02133,7681.51,0.0,31933.05,0.0,0.0,39614.56,0.1016
DEBT-02134,CUST-02134,3749.61,3585.13,43847.4,0.0,0.0,51182.14,0.1036
DEBT-02135,CUST-02135,3696.42,4614.84,0.0,0.0,257763.61,266074.87,0.4636
DEBT-02136,CUST-02136,3308.15,22472.51,0.0,0.0,0.0,25780.66,0.0706
DEBT-02137,CUST-02137,0.0,12718.16,0.0,0.0,0.0,12718.16,0.0455
DEBT-02138,CUST-02138,1218.75,0.0,0.0,0.0,0.0,1218.75,0.0027
DEBT-02139,CUST-02139,4442.58,0.0,0.0,0.0,0.0,4442.58,0.0208
DEBT-02140,CUST-02140,2584.12,0.0,0.0,0.0,300147.72,302731.84,0.6711
DEBT-02141,CUST-02141,0.0,3929.93,0.0,0.0,0.0,3929.93,0.0093
DEBT-02142,CUST-02142,6864.58,10573.51,0.0,0.0,0.0,17438.09,0.0344
DEBT-02143,CUST-02143,0.0,0.0,0.0,0.0,0.0,0.0,0.0
DEBT-02144,CUST-02144,8359.14,0.0,0.0,34263.9,0.0,42623.04,0.0783
DEBT-02145,CUST-02145,0.0,6879.92,27076.07,32251.32,0.0,66207.31,0.2847
DEBT-02146,CUST-02146,0.0,0.0,0.0,0.0,0.0,0.0,0.0
DEBT-02147,CUST-02147,6442.13,0.0,0.0,0.0,0.0,6442.13,0.0109
DEBT-02148,CUST-02148,6189.47,0.0,38346.82,0.0,133681.87,178218.16,0.6045
DEBT-02149,CUST-02149,0.0,14671.48,0.0,0.0,135491.94,150163.42,0.2825
DEBT-02150,CUST-02150,0.0,17660.9,0.0,0.0,0.0,17660.9,0.0116
DEBT-02151,CUST-02151,0.0,0.0,0.0,22525.28,0.0,22525.28,0.0448
DEBT-02152,CUST-02152,0.0,19495.45,0.0,33931.19,308915.4,362342.04,0.8324
DEBT-02153,CUST-02153,5525.78,0.0,28865.06,0.0,0.0,34390.84,0.1231
DEBT-02154,CUST-02154,8115.38,0.0,0.0,0.0,0.0,8115.38,0.0142
DEBT-02155,CUST-02155,4429.59,7411.11,0.0,0.0,0.0,11840.7,0.0523
DEBT-02156,CUST-02156,0.0,3165.33,0.0,0.0,0.0,3165.33,0.0092
DEBT-02157,CUST-02157,0.0,0.0,0.0,6681.04,0.0,6681.04,0.014
DEBT-02158,CUST-02158,2123.37,0.0,0.0,0.0,252285.91,254409.28,0.3451
DEBT-02159,CUST-02159,4769.1,22573.16,0.0,5934.52,0.0,33276.78,0.0919
DEBT-02160,CUST-02160,0.0,0.0,0.0,0.0,0.0,0.0,0.0
DEBT-02161,CUST-02161,4846.01,0.0,0.0,0.0,0.0,4846.01,0.0081
DEBT-02162,CUST-02162,4115.22,3356.6,0.0,0.0,254215.35,261687.17,0.8053
DEBT-02163,CUST-02163,8642.63,0.0,0.0,0.0,0.0,8642.63,0.0123
DEBT-02164,CUST-02164,0.0,3440.12,0.0,33128.43,0.0,36568.55,0.0455
DEBT-02165,CUST-02165,0.0,15717.97,0.0,7408.86,328022.7,351149.53,0.5508
DEBT-02166,CUST-02166,0.0,0.0,0.0,0.0,0.0,0.0,0.0
DEBT-02167,CUST-02167,6469.57,1006.54,0.0,10167.32,0.0,17643.43,0.0626
DEBT-02168,CUST-02168,0.0,0.0,0.0,0.0,0.0,0.0,0.0
DEBT-02169,CUST-02169,0.0,0.0,0.0,0.0,326495.84,326495.84,0.5173
DEBT-02170,CUST-02170,0.0,0.0,0.0,0.0,0.0,0.0,0.0
DEBT-02171,CUST-02171,5779.34,0.0,0.0,0.0,0.0,5779.34,0.0153
DEBT-02172,CUST-02172,9795.13,0.0,0.0,33492.77,0.0,43287.9,0.0495
DEBT-02173,CUST-02173,6374.32,0.0,0.0,24473.95,324419.55,355267.82,0.3496
DEBT-02174,CUST-02174,7716.68,0.0,0.0,34966.54,0.0,42683.22,0.1236
DEBT-02175,CUST-02175,6374.02,0.0,0.0,0.0,0.0,6374.02,0.0084
DEBT-02176,CUST-02176,0.0,23094.38,0.0,0.0,442558.27,465652.65,0.469
DEBT-02177,CUST-02177,6071.52,0.0,0.0,0.0,0.0,6071.52,0.0191
DEBT-02178,CUST-02178,5556.88,0.0,0.0,9828.45,371913.69,387299.02,0.5431
DEBT-02179,CUST-02179,10283.89,0.0,0.0,0.0,417349.53,427633.42,0.9359
DEBT-02180,CUST-02180,1418.04,9355.99,0.0,20004.32,0.0,30778.35,0.1289
DEBT-02181,CUST-02181,2651.27,0.0,0.0,33040.25,0.0,35691.52,0.1195
DEBT-02182,CUST-02182,0.0,0.0,0.0,0.0,0.0,0.0,0.0
DEBT-02183,CUST-02183,0.0,0.0,0.0,0.0,0.0,0.0,0.0
DEBT-02184,CUST-02184,0.0,0.0,0.0,0.0,355381.24,355381.24,0.4152
DEBT-02185,CUST-02185,0.0,0.0,0.0,33099.35,141309.85,174409.2,0.6651
DEBT-02186,CUST-02186,7263.81,0.0,22008.69,0.0,398583.05,427855.55,0.8515
DEBT-02187,CUST-02187,2289.57,0.0,34083.98,0.0,0.0,36373.55,0.0725
DEBT-02188,CUST-02188,0.0,5106.19,11999.07,14896.98,411563.39,443565.63,1.2804
DEBT-02189,CUST-02189,0.0,0.0,0.0,4134.51,246930.01,251064.52,0.3118
DEBT-02190,CUST-02190,8868.87,13742.68,35270.95,34975.39,0.0,92857.89,0.1564
DEBT-02191,CUST-02191,9448.09,0.0,0.0,14355.23,0.0,23803.32,0.0493
DEBT-02192,CUST-02192,0.0,0.0,0.0,5558.3,0.0,5558.3,0.0196
DEBT-02193,CUST-02193,0.0,0.0,0.0,0.0,0.0,0.0,0.0
DEBT-02194,CUST-02194,2852.76,0.0,0.0,34384.75,0.0,37237.51,0.0772
DEBT-02195,CUST-02195,7479.19,22977.23,0.0,15449.22,131175.39,177081.03,0.5245
DEBT-02196,CUST-02196,1433.33,16513.06,0.0,22864.98,0.0,40811.37,0.2414
DEBT-02197,CUST-02197,8211.55,3713.56,0.0,0.0,0.0,11925.11,0.0157
DEBT-02198,CUST-02198,7589.42,12489.85,0.0,0.0,0.0,20079.27,0.059
DEBT-02199,CUST-02199,15711.52,0.0,0.0,0.0,227415.29,243126.81,0.3475
DEBT-02200,CUST-02200,2582.71,0.0,0.0,0.0,277644.83,280227.54,0.4739
DEBT-02201,CUST-02201,6359.45,6323.13,25096.54,0.0,0.0,37779.12,0.1046
DEBT-02202,CUST-02202,10537.86,0.0,5701.32,0.0,0.0,16239.18,0.0289
DEBT-02203,CUST-02203,32156.69,0.0,0.0,28541.64,0.0,60698.33,0.0386
DEBT-02204,CUST-02204,0.0,0.0,0.0,15835.9,0.0,15835.9,0.0517
DEBT-02205,CUST-02205,1621.08,0.0,13971.28,0.0,0.0,15592.36,0.1526
DEBT-02206,CUST-02206,5199.61,0.0,0.0,0.0,0.0,5199.61,0.0169
DEBT-02207,CUST-02207,4768.36,0.0,0.0,0.0,0.0,4768.36,0.0102
DEBT-02208,CUST-02208,7093.05,22317.82,0.0,30726.27,394916.85,455053.99,1.2496
DEBT-02209,CUST-02209,1160.42,2265.98,0.0,0.0,0.0,3426.4,0.0143
DEBT-02210,CUST-02210,6873.69,7684.36,0.0,0.0,0.0,14558.05,0.0164
DEBT-02211,CUST-02211,5393.48,0.0,0.0,0.0,248267.83,253661.31,0.5713
DEBT-02212,CUST-02212,2219.84,0.0,0.0,0.0,0.0,2219.84,0.0094
DEBT-02213,CUST-02213,281.07,3421.13,0.0,16710.96,0.0,20413.16,0.0644
DEBT-02214,CUST-02214,5581.2,5398.01,0.0,0.0,0.0,10979.21,0.0229
DEBT-02215,CUST-02215,7964.79,0.0,0.0,0.0,282948.66,290913.45,0.7444
DEBT-02216,CUST-02216,1148.9,0.0,0.0,24053.69,411920.2,437122.79,1.298
DEBT-02217,CUST-02217,0.0,0.0,0.0,0.0,0.0,0.0,0.0
DEBT-02218,CUST-02218,0.0,13630.05,0.0,22310.91,216099.33,252040.29,1.0081
DEBT-02219,CUST-02219,2873.58,0.0,0.0,0.0,0.0,2873.58,0.0089
DEBT-02220,CUST-02220,3892.92,22280.41,0.0,0.0,0.0,26173.33,0.0345
DEBT-02221,CUST-02221,0.0,0.0,17260.08,0.0,0.0,17260.08,0.1301
DEBT-02222,CUST-02222,2086.05,0.0,0.0,22400.85,0.0,24486.9,0.1211
DEBT-02223,CUST-02223,4053.42,0.0,0.0,0.0,391291.2,395344.62,1.1941
DEBT-02224,CUST-02224,4309.13,0.0,0.0,0.0,398741.46,403050.59,0.7597
DEBT-02225,CUST-02225,17287.73,0.0,0.0,11029.72,265586.81,293904.26,0.292
DEBT-02226,CUST-02226,6204.3,0.0,0.0,10354.74,0.0,16559.04,0.0426
DEBT-02227,CUST-02227,5339.23,0.0,0.0,0.0,0.0,5339.23,0.0168
DEBT-02228,CUST-02228,9833.28,0.0,16498.45,7470.82,211734.85,245537.4,0.438
DEBT-02229,CUST-02229,0.0,0.0,0.0,0.0,0.0,0.0,0.0
DEBT-02230,CUST-02230,2148.52,8363.7,0.0,0.0,0.0,10512.22,0.0684
DEBT-02231,CUST-02231,6160.44,0.0,0.0,0.0,0.0,6160.44,0.0169
DEBT-02232,CUST-02232,3378.18,0.0,0.0,0.0,0.0,3378.18,0.005
DEBT-02233,CUST-02233,0.0,0.0,0.0,32993.56,0.0,32993.56,0.1025
DEBT-02234,CUST-02234,1518.04,0.0,0.0,0.0,0.0,1518.04,0.0191
DEBT-02235,CUST-02235,0.0,0.0,0.0,0.0,0.0,0.0,0.0
DEBT-02236,CUST-02236,2084.61,1566.33,0.0,0.0,0.0,3650.94,0.0226
DEBT-02237,CUST-02237,7245.53,0.0,0.0,16743.21,0.0,23988.74,0.0409
DEBT-02238,CUST-02238,14413.13,0.0,0.0,8756.22,91559.19,114728.54,0.1608
DEBT-02239,CUST-02239,0.0,1398.58,0.0,0.0,0.0,1398.58,0.002
DEBT-02240,CUST-02240,0.0,0.0,15070.61,0.0,0.0,15070.61,0.1347
DEBT-02241,CUST-02241,0.0,0.0,0.0,0.0,0.0,0.0,0.0
DEBT-02242,CUST-02242,4287.33,0.0,0.0,18261.75,128260.07,150809.15,0.3313
DEBT-02243,CUST-02243,2318.76,0.0,0.0,0.0,359976.9,362295.66,0.7446
DEBT-02244,CUST-02244,0.0,0.0,0.0,13142.33,0.0,13142.33,0.0278
DEBT-02245,CUST-02245,12940.77,0.0,0.0,0.0,390039.25,402980.02,0.7125
DEBT-02246,CUST-02246,1914.23,0.0,0.0,0.0,0.0,1914.23,0.0059
DEBT-02247,CUST-02247,7452.28,0.0,0.0,0.0,0.0,7452.28,0.0204
DEBT-02248,CUST-02248,1234.21,0.0,44667.13,0.0,0.0,45901.34,0.2568
DEBT-02249,CUST-02249,11627.69,0.0,0.0,0.0,0.0,11627.69,0.0103
DEBT-02250,CUST-02250,3807.36,4764.85,0.0,0.0,0.0,8572.21,0.0181
DEBT-02251,CUST-02251,0.0,0.0,0.0,0.0,0.0,0.0,0.0
DEBT-02252,CUST-02252,0.0,0.0,0.0,12963.68,0.0,12963.68,0.0386
DEBT-02253,CUST-02253,17600.45,10863.17,0.0,0.0,434591.22,463054.84,0.3853
DEBT-02254,CUST-02254,2227.79,0.0,0.0,33373.46,214110.7,249711.95,0.9786
DEBT-02255,CUST-02255,0.0,0.0,0.0,18314.6,0.0,18314.6,0.1577
DEBT-02256,CUST-02256,0.0,12774.23,41745.82,0.0,0.0,54520.05,0.087
DEBT-02257,CUST-02257,0.0,18133.09,0.0,0.0,0.0,18133.09,0.0304
DEBT-02258,CUST-02258,0.0,0.0,0.0,0.0,0.0,0.0,0.0
DEBT-02259,CUST-02259,6132.93,0.0,0.0,0.0,0.0,6132.93,0.0089
DEBT-02260,CUST-02260,1999.82,0.0,0.0,26967.58,0.0,28967.4,0.2528
DEBT-02261,CUST-02261,0.0,0.0,0.0,0.0,190904.97,190904.97,0.3378
DEBT-02262,CUST-02262,0.0,3656.76,0.0,0.0,0.0,3656.76,0.0076
DEBT-02263,CUST-02263,0.0,0.0,0.0,31278.39,0.0,31278.39,0.0785
DEBT-02264,CUST-02264,333.58,0.0,0.0,0.0,0.0,333.58,0.0034
DEBT-02265,CUST-02265,1170.32,0.0,0.0,0.0,0.0,1170.32,0.0044
DEBT-02266,CUST-02266,0.0,17867.13,27609.51,33773.08,0.0,79249.72,0.1761
DEBT-02267,CUST-02267,0.0,0.0,0.0,33185.77,160775.0,193960.77,0.4869
DEBT-02268,CUST-02268,6863.6,0.0,0.0,28213.2,259481.34,294558.14,0.7912
DEBT-02269,CUST-02269,0.0,0.0,0.0,0.0,147948.96,147948.96,0.4169
DEBT-02270,CUST-02270,3214.95,0.0,0.0,11676.59,0.0,14891.54,0.0439
DEBT-02271,CUST-02271,6844.8,0.0,0.0,0.0,181779.1,188623.9,0.5001
DEBT-02272,CUST-02272,11943.4,13632.5,0.0,29488.44,0.0,55064.34,0.0943
DEBT-02273,CUST-02273,6895.34,0.0,0.0,0.0,122883.57,129778.91,0.3099
DEBT-02274,CUST-02274,5510.92,0.0,0.0,16874.99,0.0,22385.91,0.052
DEBT-02275,CUST-02275,6191.83,7673.17,0.0,0.0,0.0,13865.0,0.0224
DEBT-02276,CUST-02276,0.0,21821.72,0.0,0.0,0.0,21821.72,0.1335
DEBT-02277,CUST-02277,0.0,0.0,0.0,20143.42,0.0,20143.42,0.1713
DEBT-02278,CUST-02278,998.95,0.0,0.0,0.0,0.0,998.95,0.005
DEBT-02279,CUST-02279,15565.46,9976.2,0.0,0.0,0.0,25541.66,0.0301
DEBT-02280,CUST-02280,10159.66,0.0,0.0,31640.65,269280.18,311080.49,0.2781
DEBT-02281,CUST-02281,0.0,2490.4,0.0,31735.25,0.0,34225.65,0.0747
DEBT-02282,CUST-02282,6003.16,0.0,0.0,30661.27,0.0,36664.43,0.0598
DEBT-02283,CUST-02283,1059.75,20771.5,0.0,6090.94,0.0,27922.19,0.5535
DEBT-02284,CUST-02284,570.97,0.0,0.0,6410.16,192971.79,199952.92,0.3941
DEBT-02285,CUST-02285,0.0,7262.97,0.0,17396.61,0.0,24659.58,0.0657
DEBT-02286,CUST-02286,10955.0,18474.93,0.0,5578.77,0.0,35008.7,0.0504
DEBT-02287,CUST-02287,2207.76,22159.06,0.0,9088.66,0.0,33455.48,0.0713
DEBT-02288,CUST-02288,865.51,0.0,0.0,0.0,0.0,865.51,0.0031
DEBT-02289,CUST-02289,0.0,0.0,0.0,0.0,0.0,0.0,0.0
DEBT-02290,CUST-02290,9510.12,0.0,0.0,0.0,0.0,9510.12,0.0215
DEBT-02291,CUST-02291,9456.69,0.0,0.0,0.0,322196.78,331653.47,0.4815
DEBT-02292,CUST-02292,0.0,0.0,0.0,0.0,0.0,0.0,0.0
DEBT-02293,CUST-02293,8516.23,0.0,0.0,21597.81,0.0,30114.04,0.0596
DEBT-02294,CUST-02294,4315.67,0.0,23491.98,0.0,0.0,27807.65,0.0968
DEBT-02295,CUST-02295,13813.3,0.0,0.0,0.0,0.0,13813.3,0.02
DEBT-02296,CUST-02296,3349.6,0.0,0.0,0.0,0.0,3349.6,0.0071
DEBT-02297,CUST-02297,0.0,4856.35,0.0,0.0,112461.41,117317.76,0.3063
DEBT-02298,CUST-02298,15033.05,0.0,27143.32,0.0,0.0,42176.37,0.0581
DEBT-02299,CUST-02299,0.0,0.0,0.0,7609.72,0.0,7609.72,0.0512
DEBT-02300,CUST-02300,0.0,0.0,0.0,4749.57,0.0,4749.57,0.0146
DEBT-02301,CUST-02301,0.0,0.0,0.0,0.0,177146.91,177146.91,0.5105
DEBT-02302,CUST-02302,6679.19,0.0,0.0,0.0,0.0,6679.19,0.0126
DEBT-02303,CUST-02303,0.0,0.0,0.0,0.0,0.0,0.0,0.0
DEBT-02304,CUST-02304,0.0,0.0,0.0,20243.7,135543.19,155786.89,0.4428
DEBT-02305,CUST-02305,0.0,0.0,0.0,0.0,0.0,0.0,0.0
DEBT-02306,CUST-02306,0.0,0.0,0.0,0.0,82645.35,82645.35,0.0905
DEBT-02307,CUST-02307,0.0,0.0,0.0,0.0,0.0,0.0,0.0
DEBT-02308,CUST-02308,9135.32,1689.94,0.0,0.0,0.0,10825.26,0.0194
DEBT-02309,CUST-02309,264.48,0.0,33270.66,18688.55,0.0,52223.69,0.1537
DEBT-02310,CUST-02310,0.0,16338.48,0.0,25945.04,307064.87,349348.39,0.7055
DEBT-02311,CUST-02311,0.0,0.0,0.0,0.0,0.0,0.0,0.0
DEBT-02312,CUST-02312,2692.62,0.0,0.0,34966.23,0.0,37658.85,0.1433
DEBT-02313,CUST-02313,6184.92,0.0,0.0,0.0,0.0,6184.92,0.0096
DEBT-02314,CUST-02314,0.0,0.0,0.0,20225.75,435155.2,455380.95,1.3186
DEBT-02315,CUST-02315,1154.29,21414.71,0.0,0.0,184108.18,206677.18,0.6965
DEBT-02316,CUST-02316,4443.36,20636.18,0.0,17061.9,0.0,42141.44,0.2032
DEBT-02317,CUST-02317,0.0,0.0,0.0,0.0,0.0,0.0,0.0
DEBT-02318,CUST-02318,0.0,0.0,0.0,13559.37,0.0,13559.37,0.0335
DEBT-02319,CUST-02319,25192.29,0.0,0.0,0.0,0.0,25192.29,0.0228
DEBT-02320,CUST-02320,0.0,22482.0,0.0,0.0,348412.18,370894.18,0.7917
DEBT-02321,CUST-02321,0.0,15625.29,0.0,34215.55,0.0,49840.84,0.073
DEBT-02322,CUST-02322,2907.4,16274.19,0.0,0.0,0.0,19181.59,0.033
DEBT-02323,CUST-02323,10799.57,0.0,0.0,0.0,0.0,10799.57,0.0189
DEBT-02324,CUST-02324,1173.45,2054.12,0.0,11176.09,137153.0,151556.66,0.4244
DEBT-02325,CUST-02325,0.0,0.0,0.0,0.0,0.0,0.0,0.0
DEBT-02326,CUST-02326,4481.96,0.0,0.0,0.0,289533.93,294015.89,0.7311
DEBT-02327,CUST-02327,0.0,0.0,0.0,25201.98,0.0,25201.98,0.0586
DEBT-02328,CUST-02328,4285.64,0.0,0.0,0.0,190462.51,194748.15,0.755
DEBT-02329,CUST-02329,18396.16,0.0,0.0,23260.62,0.0,41656.78,0.0411
DEBT-02330,CUST-02330,0.0,0.0,0.0,0.0,114884.97,114884.97,0.157
DEBT-02331,CUST-02331,2429.58,0.0,0.0,0.0,235410.51,237840.09,0.5443
DEBT-02332,CUST-02332,2096.53,20621.17,31721.42,33986.21,0.0,88425.33,0.9
DEBT-02333,CUST-02333,4419.33,16432.81,9814.99,4957.31,0.0,35624.44,0.0871
DEBT-02334,CUST-02334,4221.27,21093.74,26376.85,0.0,0.0,51691.86,0.0995
DEBT-02335,CUST-02335,5368.54,0.0,0.0,0.0,0.0,5368.54,0.0152
DEBT-02336,CUST-02336,15770.74,0.0,0.0,31057.25,0.0,46827.99,0.0586
DEBT-02337,CUST-02337,3014.75,0.0,0.0,0.0,0.0,3014.75,0.02
DEBT-02338,CUST-02338,9910.71,0.0,0.0,0.0,0.0,9910.71,0.008
DEBT-02339,CUST-02339,0.0,0.0,0.0,24633.03,443105.74,467738.77,0.7918
DEBT-02340,CUST-02340,1054.04,0.0,0.0,0.0,199584.65,200638.69,0.5002
DEBT-02341,CUST-02341,566.81,15337.29,0.0,0.0,0.0,15904.1,0.0466
DEBT-02342,CUST-02342,5156.1,13413.28,0.0,12887.55,207863.43,239320.36,0.8341
DEBT-02343,CUST-02343,5935.98,7753.58,0.0,0.0,0.0,13689.56,0.0325
DEBT-02344,CUST-02344,0.0,16156.35,39115.71,0.0,0.0,55272.06,0.0684
DEBT-02345,CUST-02345,5751.34,0.0,0.0,0.0,0.0,5751.34,0.0119
DEBT-02346,CUST-02346,0.0,0.0,0.0,0.0,180438.86,180438.86,0.4322
DEBT-02347,CUST-02347,0.0,0.0,0.0,34502.55,151721.69,186224.24,0.2031
DEBT-02348,CUST-02348,1618.09,0.0,0.0,16195.79,311989.79,329803.67,0.8771
DEBT-02349,CUST-02349,1621.88,0.0,0.0,0.0,0.0,1621.88,0.0034
DEBT-02350,CUST-02350,9467.66,0.0,33827.14,12067.78,386911.78,442274.36,0.8943
DEBT-02351,CUST-02351,0.0,0.0,30790.73,16904.21,0.0,47694.94,0.1111
DEBT-02352,CUST-02352,0.0,0.0,19526.84,0.0,0.0,19526.84,0.0472
DEBT-02353,CUST-02353,1564.2,0.0,0.0,0.0,0.0,1564.2,0.006
DEBT-02354,CUST-02354,8382.2,0.0,0.0,0.0,0.0,8382.2,0.0133
DEBT-02355,CUST-02355,9097.14,0.0,0.0,0.0,0.0,9097.14,0.0085
DEBT-02356,CUST-02356,0.0,11064.85,0.0,4769.21,293866.87,309700.93,0.4639
DEBT-02357,CUST-02357,9211.91,0.0,0.0,0.0,0.0,9211.91,0.0158
DEBT-02358,CUST-02358,629.87,0.0,0.0,34198.28,0.0,34828.15,0.4098
DEBT-02359,CUST-02359,0.0,0.0,0.0,0.0,0.0,0.0,0.0
DEBT-02360,CUST-02360,965.85,0.0,0.0,25226.3,0.0,26192.15,0.2457
DEBT-02361,CUST-02361,5901.56,12128.98,0.0,12572.07,214285.04,244887.65,0.4777
DEBT-02362,CUST-02362,0.0,0.0,0.0,15723.45,0.0,15723.45,0.0754
DEBT-02363,CUST-02363,0.0,0.0,0.0,0.0,92116.76,92116.76,0.181
DEBT-02364,CUST-02364,8238.23,0.0,0.0,18105.44,0.0,26343.67,0.063
DEBT-02365,CUST-02365,3839.18,0.0,40793.75,0.0,318837.79,363470.72,0.5407
DEBT-02366,CUST-02366,4516.8,1761.6,0.0,0.0,288093.29,294371.69,0.4765
DEBT-02367,CUST-02367,0.0,0.0,0.0,0.0,0.0,0.0,0.0
DEBT-02368,CUST-02368,0.0,9098.31,0.0,0.0,0.0,9098.31,0.0182
DEBT-02369,CUST-02369,3347.28,23121.33,0.0,0.0,0.0,26468.61,0.0552
DEBT-02370,CUST-02370,0.0,23919.98,0.0,8071.5,0.0,31991.48,0.0555
DEBT-02371,CUST-02371,10279.12,0.0,0.0,0.0,0.0,10279.12,0.0181
DEBT-02372,CUST-02372,7039.03,0.0,0.0,0.0,0.0,7039.03,0.021
DEBT-02373,CUST-02373,7727.76,3842.24,13385.25,0.0,0.0,24955.25,0.0415
DEBT-02374,CUST-02374,0.0,3397.45,0.0,14318.94,0.0,17716.39,0.038
DEBT-02375,CUST-02375,814.78,9851.27,0.0,0.0,0.0,10666.05,0.0208
DEBT-02376,CUST-02376,15751.75,0.0,0.0,0.0,150568.05,166319.8,0.1139
DEBT-02377,CUST-02377,6906.05,0.0,0.0,0.0,0.0,6906.05,0.0227
DEBT-02378,CUST-02378,0.0,0.0,0.0,0.0,0.0,0.0,0.0
DEBT-02379,CUST-02379,5532.59,0.0,0.0,6550.95,348410.95,360494.49,0.752
DEBT-02380,CUST-02380,1145.87,0.0,0.0,0.0,0.0,1145.87,0.0021
DEBT-02381,CUST-02381,9428.89,0.0,0.0,0.0,0.0,9428.89,0.0198
DEBT-02382,CUST-02382,3164.03,0.0,0.0,0.0,0.0,3164.03,0.0093
DEBT-02383,CUST-02383,5513.64,0.0,0.0,22489.78,0.0,28003.42,0.083
DEBT-02384,CUST-02384,351.14,0.0,0.0,17647.66,0.0,17998.8,0.0697
DEBT-02385,CUST-02385,0.0,0.0,0.0,0.0,0.0,0.0,0.0
DEBT-02386,CUST-02386,4395.97,0.0,36220.71,0.0,0.0,40616.68,0.0862
DEBT-02387,CUST-02387,5172.97,0.0,9628.26,0.0,0.0,14801.23,0.0304
DEBT-02388,CUST-02388,10163.02,0.0,0.0,0.0,244718.36,254881.38,0.577
DEBT-02389,CUST-02389,3737.77,0.0,0.0,0.0,210190.56,213928.33,0.5983
DEBT-02390,CUST-02390,2037.21,20852.78,0.0,7200.92,0.0,30090.91,0.1018
DEBT-02391,CUST-02391,13470.64,21133.77,0.0,0.0,0.0,34604.41,0.0572
DEBT-02392,CUST-02392,0.0,0.0,0.0,0.0,0.0,0.0,0.0
DEBT-02393,CUST-02393,0.0,0.0,0.0,0.0,0.0,0.0,0.0
DEBT-02394,CUST-02394,10730.8,0.0,0.0,0.0,0.0,10730.8,0.0181
DEBT-02395,CUST-02395,0.0,21302.96,0.0,24419.84,0.0,45722.8,0.1808
DEBT-02396,CUST-02396,759.16,0.0,0.0,0.0,0.0,759.16,0.0126
DEBT-02397,CUST-02397,0.0,0.0,6677.65,23694.29,0.0,30371.94,0.0872
DEBT-02398,CUST-02398,10743.41,0.0,0.0,0.0,0.0,10743.41,0.0166
DEBT-02399,CUST-02399,1332.39,17773.5,0.0,31023.53,332110.1,382239.52,0.5633
DEBT-02400,CUST-02400,5322.16,0.0,0.0,0.0,0.0,5322.16,0.0128
DEBT-02401,CUST-02401,2762.7,0.0,0.0,11450.42,0.0,14213.12,0.0367
DEBT-02402,CUST-02402,2831.71,0.0,0.0,0.0,0.0,2831.71,0.011
DEBT-02403,CUST-02403,13282.65,0.0,0.0,30670.31,360292.65,404245.61,0.6289
DEBT-02404,CUST-02404,679.78,0.0,9208.24,0.0,0.0,9888.02,0.0424
DEBT-02405,CUST-02405,1451.42,23364.16,0.0,12388.86,0.0,37204.44,0.1157
DEBT-02406,CUST-02406,9934.01,4509.94,0.0,0.0,0.0,14443.95,0.0327
DEBT-02407,CUST-02407,0.0,0.0,0.0,18154.38,310013.81,328168.19,0.6062
DEBT-02408,CUST-02408,0.0,0.0,0.0,0.0,0.0,0.0,0.0
DEBT-02409,CUST-02409,557.17,0.0,0.0,31669.74,261105.89,293332.8,0.4485
DEBT-02410,CUST-02410,0.0,0.0,0.0,9423.3,0.0,9423.3,0.0251
DEBT-02411,CUST-02411,4220.17,7807.78,0.0,13044.02,0.0,25071.97,0.0608
DEBT-02412,CUST-02412,3507.43,0.0,0.0,0.0,0.0,3507.43,0.0134
DEBT-02413,CUST-02413,1794.11,10893.91,0.0,24983.8,180627.95,218299.77,0.5749
DEBT-02414,CUST-02414,2770.63,0.0,0.0,0.0,0.0,2770.63,0.0106
DEBT-02415,CUST-02415,3704.78,10989.16,0.0,0.0,297015.49,311709.43,0.6369
DEBT-02416,CUST-02416,0.0,0.0,0.0,27294.0,371191.12,398485.12,0.7187
DEBT-02417,CUST-02417,2601.62,0.0,0.0,14267.06,0.0,16868.68,0.0724
DEBT-02418,CUST-02418,12563.97,0.0,0.0,22330.37,0.0,34894.34,0.0568
DEBT-02419,CUST-02419,0.0,0.0,0.0,16622.82,0.0,16622.82,0.0397
DEBT-02420,CUST-02420,0.0,0.0,0.0,0.0,0.0,0.0,0.0
DEBT-02421,CUST-02421,1517.99,20274.62,0.0,0.0,0.0,21792.61,0.0831
DEBT-02422,CUST-02422,1645.9,3998.57,0.0,0.0,0.0,5644.47,0.0374
DEBT-02423,CUST-02423,6048.92,0.0,0.0,0.0,0.0,6048.92,0.0112
DEBT-02424,CUST-02424,14116.8,0.0,0.0,0.0,196756.6,210873.4,0.3148
DEBT-02425,CUST-02425,0.0,0.0,0.0,0.0,0.0,0.0,0.0
DEBT-02426,CUST-02426,2143.75,0.0,0.0,0.0,0.0,2143.75,0.0069
DEBT-02427,CUST-02427,7980.68,2022.67,0.0,0.0,0.0,10003.35,0.0244
DEBT-02428,CUST-02428,2843.58,0.0,0.0,0.0,0.0,2843.58,0.0059
DEBT-02429,CUST-02429,2277.16,0.0,0.0,0.0,0.0,2277.16,0.0141
DEBT-02430,CUST-02430,8323.82,0.0,0.0,0.0,391263.28,399587.1,0.5792
DEBT-02431,CUST-02431,0.0,0.0,0.0,27944.64,143510.39,171455.03,0.2608
DEBT-02432,CUST-02432,884.45,0.0,0.0,0.0,217807.67,218692.12,0.3518
DEBT-02433,CUST-02433,608.13,0.0,0.0,0.0,0.0,608.13,0.0025
DEBT-02434,CUST-02434,10452.26,0.0,0.0,22812.51,129263.1,162527.87,0.1527
DEBT-02435,CUST-02435,2855.34,0.0,0.0,0.0,0.0,2855.34,0.021
DEBT-02436,CUST-02436,8339.14,6528.06,0.0,0.0,0.0,14867.2,0.0327
DEBT-02437,CUST-02437,0.0,0.0,0.0,0.0,0.0,0.0,0.0
DEBT-02438,CUST-02438,2818.26,22978.12,0.0,0.0,0.0,25796.38,0.0588
DEBT-02439,CUST-02439,5434.62,0.0,0.0,0.0,0.0,5434.62,0.0089
DEBT-02440,CUST-02440,5796.1,0.0,39644.25,0.0,0.0,45440.35,0.1148
DEBT-02441,CUST-02441,697.23,23705.13,0.0,0.0,0.0,24402.36,0.2906
DEBT-02442,CUST-02442,23140.12,0.0,0.0,0.0,187887.29,211027.41,0.1742
DEBT-02443,CUST-02443,2242.06,1467.99,0.0,0.0,0.0,3710.05,0.0111
DEBT-02444,CUST-02444,9183.57,10423.82,0.0,0.0,0.0,19607.39,0.0351
DEBT-02445,CUST-02445,1507.25,0.0,14194.64,10925.22,358875.66,385502.77,1.1393
DEBT-02446,CUST-02446,0.0,0.0,0.0,22288.02,0.0,22288.02,0.0439
DEBT-02447,CUST-02447,0.0,0.0,0.0,0.0,0.0,0.0,0.0
DEBT-02448,CUST-02448,3838.11,0.0,0.0,22957.33,0.0,26795.44,0.0467
DEBT-02449,CUST-02449,6239.17,14429.96,0.0,16588.96,0.0,37258.09,0.0576
DEBT-02450,CUST-02450,2205.96,0.0,0.0,0.0,0.0,2205.96,0.0085
DEBT-02451,CUST-02451,3085.59,2865.64,0.0,0.0,0.0,5951.23,0.0366
DEBT-02452,CUST-02452,0.0,8931.33,0.0,0.0,0.0,8931.33,0.0142
DEBT-02453,CUST-02453,17388.39,24639.57,0.0,0.0,0.0,42027.96,0.0436
DEBT-02454,CUST-02454,0.0,0.0,0.0,15483.12,360101.31,375584.43,1.542
DEBT-02455,CUST-02455,0.0,0.0,0.0,25507.54,0.0,25507.54,0.0516
DEBT-02456,CUST-02456,5171.22,15860.55,0.0,31835.24,0.0,52867.01,0.1098
DEBT-02457,CUST-02457,0.0,0.0,0.0,7157.7,344479.38,351637.08,0.4921
DEBT-02458,CUST-02458,6264.64,17580.32,0.0,0.0,142845.42,166690.38,0.4133
DEBT-02459,CUST-02459,1488.83,0.0,0.0,21198.88,0.0,22687.71,0.2994
DEBT-02460,CUST-02460,3050.28,0.0,0.0,33626.83,0.0,36677.11,0.1222
DEBT-02461,CUST-02461,15001.63,0.0,0.0,28661.88,197974.1,241637.61,0.2577
DEBT-02462,CUST-02462,0.0,0.0,22778.4,0.0,0.0,22778.4,0.1002
DEBT-02463,CUST-02463,695.14,24921.2,0.0,25080.97,0.0,50697.31,0.1222
DEBT-02464,CUST-02464,17346.39,0.0,0.0,16778.58,0.0,34124.97,0.0304
DEBT-02465,CUST-02465,29110.02,0.0,0.0,0.0,95909.62,125019.64,0.0835
DEBT-02466,CUST-02466,7299.83,0.0,0.0,0.0,0.0,7299.83,0.0215
DEBT-02467,CUST-02467,1347.13,0.0,0.0,9050.55,329063.81,339461.49,0.6294
DEBT-02468,CUST-02468,3224.13,8820.14,7101.03,0.0,241912.93,261058.23,0.4695
DEBT-02469,CUST-02469,3494.24,0.0,0.0,0.0,0.0,3494.24,0.0079
DEBT-02470,CUST-02470,3853.83,0.0,0.0,0.0,318494.25,322348.08,0.9263
DEBT-02471,CUST-02471,13016.96,13591.27,0.0,11345.21,0.0,37953.44,0.0494
DEBT-02472,CUST-02472,10215.0,0.0,26731.8,0.0,147858.88,184805.68,0.3341
DEBT-02473,CUST-02473,0.0,0.0,0.0,0.0,0.0,0.0,0.0
DEBT-02474,CUST-02474,1919.99,0.0,0.0,33493.69,0.0,35413.68,0.0645
DEBT-02475,CUST-02475,9336.14,0.0,30254.5,25111.3,0.0,64701.94,0.1062
DEBT-02476,CUST-02476,0.0,0.0,0.0,0.0,0.0,0.0,0.0
DEBT-02477,CUST-02477,0.0,22874.66,0.0,0.0,414077.63,436952.29,0.6979
DEBT-02478,CUST-02478,4637.33,0.0,0.0,0.0,0.0,4637.33,0.0065
DEBT-02479,CUST-02479,5954.12,0.0,0.0,16749.59,0.0,22703.71,0.0351
DEBT-02480,CUST-02480,666.04,0.0,0.0,0.0,0.0,666.04,0.0119
DEBT-02481,CUST-02481,5190.07,0.0,0.0,4268.1,0.0,9458.17,0.0143
DEBT-02482,CUST-02482,3251.49,0.0,0.0,0.0,0.0,3251.49,0.0072
DEBT-02483,CUST-02483,3781.27,0.0,0.0,0.0,0.0,3781.27,0.0114
DEBT-02484,CUST-02484,6760.73,3475.5,0.0,18420.08,0.0,28656.31,0.0335
DEBT-02485,CUST-02485,0.0,0.0,0.0,23789.91,283088.56,306878.47,0.9168
DEBT-02486,CUST-02486,14405.2,0.0,8531.63,0.0,0.0,22936.83,0.0351
DEBT-02487,CUST-02487,3015.78,9247.38,0.0,0.0,0.0,12263.16,0.049
DEBT-02488,CUST-02488,4775.41,0.0,0.0,0.0,0.0,4775.41,0.0105
DEBT-02489,CUST-02489,0.0,0.0,0.0,0.0,156179.81,156179.81,0.1796
DEBT-02490,CUST-02490,0.0,0.0,0.0,0.0,0.0,0.0,0.0
DEBT-02491,CUST-02491,3625.69,8935.78,0.0,0.0,0.0,12561.47,0.0652
DEBT-02492,CUST-02492,1999.82,0.0,0.0,0.0,235731.72,237731.54,0.4405
DEBT-02493,CUST-02493,0.0,0.0,0.0,29817.6,0.0,29817.6,0.1582
DEBT-02494,CUST-02494,0.0,21856.29,25178.91,30889.68,0.0,77924.88,0.3645
DEBT-02495,CUST-02495,0.0,20549.63,0.0,0.0,0.0,20549.63,0.2877
DEBT-02496,CUST-02496,0.0,0.0,0.0,0.0,0.0,0.0,0.0
DEBT-02497,CUST-02497,492.19,0.0,0.0,0.0,0.0,492.19,0.0057
DEBT-02498,CUST-02498,5080.94,0.0,0.0,0.0,0.0,5080.94,0.0178
DEBT-02499,CUST-02499,6434.06,0.0,0.0,10102.69,0.0,16536.75,0.0428
DEBT-02500,CUST-02500,3869.89,0.0,0.0,0.0,0.0,3869.89,0.0061
DEBT-02501,CUST-02501,0.0,0.0,35143.94,0.0,0.0,35143.94,0.0918
DEBT-02502,CUST-02502,0.0,0.0,0.0,22117.77,367967.78,390085.55,1.1886
DEBT-02503,CUST-02503,0.0,0.0,0.0,0.0,0.0,0.0,0.0
DEBT-02504,CUST-02504,2003.88,0.0,0.0,0.0,145214.73,147218.61,0.2288
DEBT-02505,CUST-02505,57.85,0.0,17941.64,0.0,0.0,17999.49,0.194
DEBT-02506,CUST-02506,0.0,0.0,0.0,0.0,0.0,0.0,0.0
DEBT-02507,CUST-02507,16780.41,5816.45,0.0,7043.39,0.0,29640.25,0.031
DEBT-02508,CUST-02508,2976.18,0.0,0.0,0.0,0.0,2976.18,0.0179
DEBT-02509,CUST-02509,8242.07,16401.36,0.0,10087.33,90923.38,125654.14,0.2056
DEBT-02510,CUST-02510,9773.32,8661.83,19909.06,0.0,0.0,38344.21,0.0549
DEBT-02511,CUST-02511,225.66,12056.1,0.0,0.0,0.0,12281.76,0.1218
DEBT-02512,CUST-02512,7731.92,0.0,0.0,0.0,0.0,7731.92,0.0131
DEBT-02513,CUST-02513,8619.13,0.0,0.0,0.0,0.0,8619.13,0.018
DEBT-02514,CUST-02514,3920.38,19603.2,0.0,0.0,400715.88,424239.46,1.1987
DEBT-02515,CUST-02515,16066.06,0.0,0.0,0.0,121299.16,137365.22,0.1932
DEBT-02516,CUST-02516,0.0,0.0,0.0,0.0,0.0,0.0,0.0
DEBT-02517,CUST-02517,5914.3,0.0,0.0,11706.85,378774.06,396395.21,0.5426
DEBT-02518,CUST-02518,0.0,0.0,0.0,34608.88,0.0,34608.88,0.0961
DEBT-02519,CUST-02519,4532.43,0.0,0.0,0.0,104485.14,109017.57,0.2653
DEBT-02520,CUST-02520,23920.24,0.0,0.0,0.0,0.0,23920.24,0.0173
DEBT-02521,CUST-02521,2985.09,10262.68,0.0,0.0,199646.14,212893.91,0.559
DEBT-02522,CUST-02522,7866.9,0.0,0.0,0.0,0.0,7866.9,0.0108
DEBT-02523,CUST-02523,864.08,0.0,0.0,0.0,0.0,864.08,0.0013
DEBT-02524,CUST-02524,5897.48,0.0,0.0,0.0,0.0,5897.48,0.0183
DEBT-02525,CUST-02525,8940.41,0.0,0.0,0.0,0.0,8940.41,0.0194
DEBT-02526,CUST-02526,3702.71,0.0,0.0,0.0,0.0,3702.71,0.0045
DEBT-02527,CUST-02527,8199.95,0.0,0.0,0.0,0.0,8199.95,0.0221
DEBT-02528,CUST-02528,1000.17,0.0,0.0,16738.92,0.0,17739.09,0.0365
DEBT-02529,CUST-02529,309.88,0.0,0.0,15290.58,160195.99,175796.45,0.5273
DEBT-02530,CUST-02530,0.0,0.0,0.0,0.0,0.0,0.0,0.0
DEBT-02531,CUST-02531,0.0,0.0,43299.42,0.0,0.0,43299.42,0.091
DEBT-02532,CUST-02532,13839.45,0.0,0.0,0.0,0.0,13839.45,0.0182
DEBT-02533,CUST-02533,4276.67,0.0,43266.52,0.0,0.0,47543.19,0.0714
DEBT-02534,CUST-02534,5810.0,0.0,0.0,0.0,0.0,5810.0,0.0188
DEBT-02535,CUST-02535,5569.34,0.0,0.0,0.0,0.0,5569.34,0.0127
DEBT-02536,CUST-02536,0.0,0.0,0.0,5926.64,0.0,5926.64,0.1025
DEBT-02537,CUST-02537,3126.5,0.0,0.0,25551.55,0.0,28678.05,0.1086
DEBT-02538,CUST-02538,9471.41,0.0,0.0,0.0,0.0,9471.41,0.0181
DEBT-02539,CUST-02539,0.0,0.0,0.0,0.0,392842.14,392842.14,0.6454
DEBT-02540,CUST-02540,0.0,5172.31,0.0,14889.8,0.0,20062.11,0.0823
DEBT-02541,CUST-02541,0.0,0.0,0.0,8241.49,98690.55,106932.04,0.1426
DEBT-02542,CUST-02542,745.52,0.0,29055.02,7596.29,0.0,37396.83,0.4864
DEBT-02543,CUST-02543,16079.53,13139.48,0.0,33380.52,0.0,62599.53,0.0757
DEBT-02544,CUST-02544,0.0,0.0,0.0,0.0,0.0,0.0,0.0
DEBT-02545,CUST-02545,0.0,0.0,0.0,0.0,0.0,0.0,0.0
DEBT-02546,CUST-02546,0.0,0.0,0.0,0.0,329415.61,329415.61,0.5581
DEBT-02547,CUST-02547,0.0,0.0,0.0,0.0,0.0,0.0,0.0
DEBT-02548,CUST-02548,0.0,0.0,0.0,33423.24,0.0,33423.24,0.0759
DEBT-02549,CUST-02549,4102.71,20715.55,0.0,0.0,0.0,24818.26,0.0334
DEBT-02550,CUST-02550,0.0,0.0,0.0,0.0,0.0,0.0,0.0
DEBT-02551,CUST-02551,2833.8,0.0,0.0,0.0,0.0,2833.8,0.0091
DEBT-02552,CUST-02552,5999.45,0.0,39299.95,34094.5,0.0,79393.9,0.2316
DEBT-02553,CUST-02553,0.0,9646.06,41094.26,0.0,442303.54,493043.86,1.5111
DEBT-02554,CUST-02554,0.0,21890.09,0.0,17600.82,411268.28,450759.19,0.9579
DEBT-02555,CUST-02555,4315.65,18718.69,0.0,0.0,0.0,23034.34,0.0673
DEBT-02556,CUST-02556,419.59,0.0,0.0,0.0,0.0,419.59,0.0006
DEBT-02557,CUST-02557,6911.28,0.0,0.0,25680.5,0.0,32591.78,0.0695
DEBT-02558,CUST-02558,291.04,0.0,0.0,5331.63,409763.39,415386.06,0.9477
DEBT-02559,CUST-02559,2427.52,0.0,0.0,0.0,0.0,2427.52,0.0028
DEBT-02560,CUST-02560,6958.82,0.0,0.0,23495.64,221132.75,251587.21,0.3232
DEBT-02561,CUST-02561,7282.07,0.0,0.0,17103.66,0.0,24385.73,0.0531
DEBT-02562,CUST-02562,2504.65,0.0,0.0,8489.73,0.0,10994.38,0.0409
DEBT-02563,CUST-02563,0.0,0.0,0.0,12203.6,0.0,12203.6,0.0313
DEBT-02564,CUST-02564,554.31,0.0,0.0,24765.76,0.0,25320.07,0.0442
DEBT-02565,CUST-02565,0.0,16706.79,0.0,34601.4,0.0,51308.19,0.0734
DEBT-02566,CUST-02566,5816.52,0.0,0.0,0.0,0.0,5816.52,0.0189
DEBT-02567,CUST-02567,2495.37,0.0,0.0,26211.86,0.0,28707.23,0.1115
DEBT-02568,CUST-02568,24240.39,0.0,0.0,0.0,0.0,24240.39,0.0213
DEBT-02569,CUST-02569,11301.64,0.0,0.0,0.0,0.0,11301.64,0.0143
DEBT-02570,CUST-02570,22845.08,5693.42,0.0,0.0,0.0,28538.5,0.0169
DEBT-02571,CUST-02571,0.0,24667.34,0.0,0.0,88520.12,113187.46,0.3415
DEBT-02572,CUST-02572,0.0,0.0,0.0,0.0,221091.46,221091.46,0.3673
DEBT-02573,CUST-02573,0.0,9732.7,0.0,29301.94,261985.71,301020.35,0.2463
DEBT-02574,CUST-02574,1774.86,0.0,43085.54,0.0,0.0,44860.4,0.0407
DEBT-02575,CUST-02575,3984.99,14409.68,0.0,15734.22,0.0,34128.89,0.059
DEBT-02576,CUST-02576,0.0,0.0,0.0,0.0,88695.25,88695.25,0.1496
DEBT-02577,CUST-02577,1831.46,0.0,0.0,0.0,0.0,1831.46,0.0023
DEBT-02578,CUST-02578,0.0,0.0,0.0,0.0,209806.2,209806.2,0.3751
DEBT-02579,CUST-02579,7305.31,0.0,0.0,0.0,0.0,7305.31,0.0125
DEBT-02580,CUST-02580,1123.86,14928.65,0.0,21069.2,322683.53,359805.24,0.5313
DEBT-02581,CUST-02581,13484.15,13623.67,0.0,0.0,0.0,27107.82,0.0426
DEBT-02582,CUST-02582,5867.66,0.0,0.0,0.0,0.0,5867.66,0.0204
DEBT-02583,CUST-02583,10839.4,23063.52,0.0,0.0,0.0,33902.92,0.0404
DEBT-02584,CUST-02584,1978.27,0.0,0.0,0.0,0.0,1978.27,0.0046
DEBT-02585,CUST-02585,53.18,0.0,0.0,0.0,0.0,53.18,0.0007
DEBT-02586,CUST-02586,0.0,0.0,0.0,0.0,0.0,0.0,0.0
DEBT-02587,CUST-02587,332.84,0.0,0.0,0.0,0.0,332.84,0.0013
DEBT-02588,CUST-02588,0.0,0.0,0.0,32547.28,0.0,32547.28,0.0831
DEBT-02589,CUST-02589,6787.37,1946.16,0.0,9055.65,0.0,17789.18,0.0476
DEBT-02590,CUST-02590,4543.72,10972.23,0.0,29504.89,388784.84,433805.68,0.5537
DEBT-02591,CUST-02591,0.0,0.0,0.0,6517.32,0.0,6517.32,0.0117
DEBT-02592,CUST-02592,5800.4,0.0,0.0,0.0,0.0,5800.4,0.0147
DEBT-02593,CUST-02593,0.0,0.0,16995.34,0.0,0.0,16995.34,0.026
DEBT-02594,CUST-02594,9469.35,0.0,0.0,0.0,0.0,9469.35,0.0194
DEBT-02595,CUST-02595,0.0,6738.42,0.0,0.0,0.0,6738.42,0.0171
DEBT-02596,CUST-02596,0.0,0.0,43701.51,0.0,0.0,43701.51,0.4335
DEBT-02597,CUST-02597,0.0,0.0,0.0,0.0,0.0,0.0,0.0
DEBT-02598,CUST-02598,15914.34,0.0,0.0,0.0,0.0,15914.34,0.022
DEBT-02599,CUST-02599,0.0,0.0,0.0,0.0,0.0,0.0,0.0
DEBT-02600,CUST-02600,11293.82,0.0,0.0,0.0,279483.84,290777.66,0.5429
DEBT-02601,CUST-02601,4843.67,15416.42,0.0,16096.01,0.0,36356.1,0.0837
DEBT-02602,CUST-02602,3937.69,0.0,0.0,0.0,0.0,3937.69,0.0079
DEBT-02603,CUST-02603,4954.24,0.0,0.0,26546.96,0.0,31501.2,0.0455
DEBT-02604,CUST-02604,4047.26,0.0,0.0,0.0,0.0,4047.26,0.0168
DEBT-02605,CUST-02605,2301.24,0.0,15991.49,0.0,0.0,18292.73,0.1676
DEBT-02606,CUST-02606,2579.67,11156.97,0.0,0.0,382177.05,395913.69,1.3658
DEBT-02607,CUST-02607,3453.95,24211.08,0.0,0.0,0.0,27665.03,0.0512
DEBT-02608,CUST-02608,9011.53,0.0,0.0,23500.15,369020.46,401532.14,0.5114
DEBT-02609,CUST-02609,0.0,0.0,0.0,0.0,0.0,0.0,0.0
DEBT-02610,CUST-02610,3437.74,0.0,0.0,0.0,0.0,3437.74,0.009
DEBT-02611,CUST-02611,2907.58,22205.92,29616.89,28291.57,336690.82,419712.78,0.7371
DEBT-02612,CUST-02612,7115.85,0.0,0.0,32789.46,0.0,39905.31,0.0979
DEBT-02613,CUST-02613,7180.82,0.0,0.0,29747.98,0.0,36928.8,0.1145
DEBT-02614,CUST-02614,0.0,0.0,0.0,30553.86,0.0,30553.86,0.2022
DEBT-02615,CUST-02615,36842.07,0.0,0.0,0.0,195545.62,232387.69,0.1345
DEBT-02616,CUST-02616,0.0,0.0,42789.68,0.0,0.0,42789.68,0.3399
DEBT-02617,CUST-02617,0.0,0.0,0.0,0.0,0.0,0.0,0.0
DEBT-02618,CUST-02618,0.0,0.0,0.0,0.0,0.0,0.0,0.0
DEBT-02619,CUST-02619,6565.1,0.0,21280.68,0.0,0.0,27845.78,0.0286
DEBT-02620,CUST-02620,6170.18,0.0,0.0,7763.18,445478.86,459412.22,0.4976
DEBT-02621,CUST-02621,5102.4,6971.68,0.0,6245.16,0.0,18319.24,0.032
DEBT-02622,CUST-02622,0.0,0.0,26233.56,6380.96,0.0,32614.52,0.069
DEBT-02623,CUST-02623,2296.45,0.0,0.0,0.0,0.0,2296.45,0.0074
DEBT-02624,CUST-02624,1455.69,0.0,0.0,0.0,0.0,1455.69,0.0031
DEBT-02625,CUST-02625,7681.2,0.0,0.0,0.0,0.0,7681.2,0.0183
DEBT-02626,CUST-02626,5973.87,0.0,0.0,0.0,0.0,5973.87,0.0195
DEBT-02627,CUST-02627,0.0,0.0,0.0,33094.94,0.0,33094.94,0.0729
DEBT-02628,CUST-02628,8357.01,0.0,0.0,0.0,0.0,8357.01,0.0151
DEBT-02629,CUST-02629,12972.27,8860.34,0.0,0.0,0.0,21832.61,0.0253
DEBT-02630,CUST-02630,35320.59,0.0,0.0,0.0,0.0,35320.59,0.0188
DEBT-02631,CUST-02631,2382.23,0.0,0.0,0.0,0.0,2382.23,0.008
DEBT-02632,CUST-02632,6077.15,0.0,0.0,0.0,0.0,6077.15,0.0133
DEBT-02633,CUST-02633,262.02,0.0,0.0,0.0,0.0,262.02,0.002
DEBT-02634,CUST-02634,9817.63,4035.59,0.0,0.0,340528.91,354382.13,0.4805
DEBT-02635,CUST-02635,8960.81,0.0,0.0,0.0,130427.45,139388.26,0.19
DEBT-02636,CUST-02636,0.0,0.0,0.0,19721.28,202792.18,222513.46,0.4156
DEBT-02637,CUST-02637,2503.23,20092.64,0.0,0.0,0.0,22595.87,0.0778
DEBT-02638,CUST-02638,7946.37,0.0,43134.08,0.0,0.0,51080.45,0.0901
DEBT-02639,CUST-02639,9104.78,0.0,0.0,0.0,0.0,9104.78,0.0128
DEBT-02640,CUST-02640,4892.45,0.0,0.0,0.0,0.0,4892.45,0.0222
DEBT-02641,CUST-02641,16406.84,24308.33,0.0,0.0,100382.82,141097.99,0.1097
DEBT-02642,CUST-02642,0.0,6432.84,0.0,21339.33,330835.97,358608.14,0.6597
DEBT-02643,CUST-02643,10988.49,0.0,0.0,32127.57,0.0,43116.06,0.0572
DEBT-02644,CUST-02644,13240.67,0.0,0.0,0.0,0.0,13240.67,0.0183
DEBT-02645,CUST-02645,6207.56,0.0,0.0,0.0,0.0,6207.56,0.0142
DEBT-02646,CUST-02646,10358.11,0.0,0.0,0.0,107361.48,117719.59,0.1346
DEBT-02647,CUST-02647,7047.72,17349.22,0.0,16398.76,404534.17,445329.87,0.7753
DEBT-02648,CUST-02648,0.0,0.0,0.0,0.0,0.0,0.0,0.0
DEBT-02649,CUST-02649,0.0,0.0,0.0,22520.43,0.0,22520.43,0.0497
DEBT-02650,CUST-02650,2564.2,0.0,0.0,0.0,238450.93,241015.13,0.3989
DEBT-02651,CUST-02651,0.0,0.0,0.0,24148.68,0.0,24148.68,0.0373
DEBT-02652,CUST-02652,0.0,0.0,0.0,0.0,0.0,0.0,0.0
DEBT-02653,CUST-02653,3295.89,0.0,0.0,12655.58,0.0,15951.47,0.0582
DEBT-02654,CUST-02654,794.59,0.0,0.0,20665.08,0.0,21459.67,0.2286
DEBT-02655,CUST-02655,3470.15,0.0,0.0,0.0,336899.95,340370.1,1.0663
DEBT-02656,CUST-02656,5313.79,0.0,0.0,0.0,0.0,5313.79,0.0097
DEBT-02657,CUST-02657,1248.61,0.0,0.0,0.0,0.0,1248.61,0.0046
DEBT-02658,CUST-02658,8409.74,0.0,0.0,0.0,0.0,8409.74,0.009
DEBT-02659,CUST-02659,13448.37,0.0,0.0,21076.77,289375.25,323900.39,0.5343
DEBT-02660,CUST-02660,8539.1,0.0,18745.65,0.0,0.0,27284.75,0.0571
DEBT-02661,CUST-02661,0.0,0.0,0.0,0.0,0.0,0.0,0.0
DEBT-02662,CUST-02662,6649.15,0.0,0.0,0.0,0.0,6649.15,0.0085
DEBT-02663,CUST-02663,9986.95,0.0,44688.0,0.0,0.0,54674.95,0.1038
DEBT-02664,CUST-02664,4746.29,0.0,0.0,0.0,0.0,4746.29,0.0091
DEBT-02665,CUST-02665,6776.21,0.0,0.0,25388.85,0.0,32165.06,0.092
DEBT-02666,CUST-02666,0.0,16397.31,18514.76,0.0,0.0,34912.07,0.2042
DEBT-02667,CUST-02667,5948.94,7455.48,0.0,0.0,0.0,13404.42,0.0449
DEBT-02668,CUST-02668,6513.19,0.0,0.0,24981.89,0.0,31495.08,0.08
DEBT-02669,CUST-02669,0.0,0.0,0.0,0.0,0.0,0.0,0.0
DEBT-02670,CUST-02670,9365.41,22469.12,30791.91,0.0,0.0,62626.44,0.111
DEBT-02671,CUST-02671,7687.55,0.0,21577.14,0.0,0.0,29264.69,0.0696
DEBT-02672,CUST-02672,10147.75,0.0,0.0,12435.99,237736.69,260320.43,0.5763
DEBT-02673,CUST-02673,4254.94,0.0,0.0,0.0,0.0,4254.94,0.0078
DEBT-02674,CUST-02674,5924.75,0.0,0.0,0.0,0.0,5924.75,0.0177
DEBT-02675,CUST-02675,17481.01,0.0,0.0,0.0,0.0,17481.01,0.0183
DEBT-02676,CUST-02676,0.0,0.0,0.0,28851.91,87974.43,116826.34,0.1151
DEBT-02677,CUST-02677,15317.39,0.0,0.0,0.0,0.0,15317.39,0.0214
DEBT-02678,CUST-02678,9436.11,0.0,0.0,0.0,0.0,9436.11,0.0077
DEBT-02679,CUST-02679,6920.85,0.0,0.0,16665.87,0.0,23586.72,0.0677
DEBT-02680,CUST-02680,6254.46,0.0,0.0,0.0,215987.95,222242.41,0.2575
DEBT-02681,CUST-02681,18012.89,0.0,0.0,0.0,94082.04,112094.93,0.1243
DEBT-02682,CUST-02682,0.0,20361.39,0.0,0.0,0.0,20361.39,0.057
DEBT-02683,CUST-02683,0.0,0.0,0.0,0.0,0.0,0.0,0.0
DEBT-02684,CUST-02684,0.0,23590.66,14841.53,0.0,0.0,38432.19,0.1034
DEBT-02685,CUST-02685,14413.02,0.0,0.0,0.0,177239.75,191652.77,0.1974
DEBT-02686,CUST-02686,7299.63,21095.35,36626.85,0.0,0.0,65021.83,0.0889
DEBT-02687,CUST-02687,0.0,0.0,0.0,0.0,0.0,0.0,0.0
DEBT-02688,CUST-02688,2451.18,0.0,0.0,0.0,0.0,2451.18,0.0107
DEBT-02689,CUST-02689,5263.16,0.0,0.0,30109.98,0.0,35373.14,0.0481
DEBT-02690,CUST-02690,832.92,9325.32,0.0,0.0,0.0,10158.24,0.196
DEBT-02691,CUST-02691,9488.97,0.0,0.0,6441.16,91267.74,107197.87,0.1031
DEBT-02692,CUST-02692,2986.99,0.0,0.0,6017.78,0.0,9004.77,0.0242
DEBT-02693,CUST-02693,0.0,2988.14,0.0,6942.07,0.0,9930.21,0.0934
DEBT-02694,CUST-02694,4302.75,0.0,0.0,0.0,293187.75,297490.5,0.8134
DEBT-02695,CUST-02695,5085.46,18299.73,0.0,0.0,0.0,23385.19,0.1003
DEBT-02696,CUST-02696,2299.04,0.0,0.0,0.0,0.0,2299.04,0.0072
DEBT-02697,CUST-02697,10993.22,0.0,0.0,0.0,0.0,10993.22,0.0113
DEBT-02698,CUST-02698,380.88,0.0,0.0,20302.64,0.0,20683.52,0.2285
DEBT-02699,CUST-02699,4227.29,0.0,0.0,12145.17,0.0,16372.46,0.0511
DEBT-02700,CUST-02700,2133.51,0.0,0.0,0.0,0.0,2133.51,0.0035
DEBT-02701,CUST-02701,7220.91,0.0,0.0,22764.75,0.0,29985.66,0.0919
DEBT-02702,CUST-02702,337.64,13919.51,0.0,0.0,0.0,14257.15,0.063
DEBT-02703,CUST-02703,0.0,0.0,0.0,15144.05,120851.64,135995.69,0.2565
DEBT-02704,CUST-02704,8117.25,19092.38,0.0,0.0,127813.65,155023.28,0.246
DEBT-02705,CUST-02705,1472.76,0.0,21262.22,20379.38,0.0,43114.36,0.1109
DEBT-02706,CUST-02706,6954.44,0.0,0.0,0.0,0.0,6954.44,0.015
DEBT-02707,CUST-02707,5330.27,0.0,0.0,16509.92,0.0,21840.19,0.0484
DEBT-02708,CUST-02708,0.0,0.0,0.0,20939.2,0.0,20939.2,0.0201
DEBT-02709,CUST-02709,0.0,0.0,0.0,8268.07,381000.54,389268.61,0.9105
DEBT-02710,CUST-02710,5780.82,0.0,0.0,0.0,0.0,5780.82,0.0183
DEBT-02711,CUST-02711,8395.56,0.0,0.0,0.0,0.0,8395.56,0.0112
DEBT-02712,CUST-02712,10661.42,0.0,0.0,0.0,83420.92,94082.34,0.132
DEBT-02713,CUST-02713,8989.68,0.0,0.0,0.0,0.0,8989.68,0.0227
DEBT-02714,CUST-02714,0.0,0.0,0.0,0.0,418444.04,418444.04,0.8662
DEBT-02715,CUST-02715,5620.2,5660.29,0.0,0.0,0.0,11280.49,0.0237
DEBT-02716,CUST-02716,1475.11,0.0,0.0,0.0,0.0,1475.11,0.0034
DEBT-02717,CUST-02717,11982.03,12186.25,0.0,0.0,0.0,24168.28,0.0414
DEBT-02718,CUST-02718,0.0,12400.36,0.0,0.0,434595.56,446995.92,0.3753
DEBT-02719,CUST-02719,0.0,0.0,0.0,0.0,0.0,0.0,0.0
DEBT-02720,CUST-02720,1151.91,0.0,0.0,0.0,0.0,1151.91,0.0029
DEBT-02721,CUST-02721,8673.64,0.0,0.0,32762.96,218366.02,259802.62,0.4516
DEBT-02722,CUST-02722,11624.63,0.0,0.0,0.0,257385.79,269010.42,0.3828
DEBT-02723,CUST-02723,0.0,9821.19,0.0,20710.29,0.0,30531.48,0.0765
DEBT-02724,CUST-02724,4273.01,0.0,0.0,0.0,203643.19,207916.2,0.3531
DEBT-02725,CUST-02725,0.0,0.0,0.0,0.0,0.0,0.0,0.0
DEBT-02726,CUST-02726,9697.63,0.0,0.0,0.0,0.0,9697.63,0.0169
DEBT-02727,CUST-02727,0.0,0.0,0.0,0.0,0.0,0.0,0.0
DEBT-02728,CUST-02728,0.0,0.0,0.0,0.0,0.0,0.0,0.0
DEBT-02729,CUST-02729,775.25,0.0,0.0,0.0,0.0,775.25,0.0017
DEBT-02730,CUST-02730,4786.73,0.0,6341.83,16707.65,367066.1,394902.31,1.0937
DEBT-02731,CUST-02731,9731.37,0.0,0.0,0.0,308255.13,317986.5,0.6174
DEBT-02732,CUST-02732,0.0,0.0,0.0,0.0,0.0,0.0,0.0
DEBT-02733,CUST-02733,3886.76,23063.3,0.0,28506.97,0.0,55457.03,0.1501
DEBT-02734,CUST-02734,1767.94,16684.05,0.0,29465.89,0.0,47917.88,0.1598
DEBT-02735,CUST-02735,11556.3,15288.66,33532.0,16092.69,0.0,76469.65,0.1299
DEBT-02736,CUST-02736,0.0,0.0,39364.06,0.0,0.0,39364.06,0.3298
DEBT-02737,CUST-02737,1737.67,0.0,0.0,0.0,0.0,1737.67,0.0202
DEBT-02738,CUST-02738,0.0,0.0,0.0,34082.99,0.0,34082.99,0.1949
DEBT-02739,CUST-02739,2070.61,0.0,0.0,0.0,0.0,2070.61,0.0048
DEBT-02740,CUST-02740,3642.32,0.0,0.0,27003.07,402538.89,433184.28,1.3206
DEBT-02741,CUST-02741,8242.16,0.0,0.0,0.0,0.0,8242.16,0.015
DEBT-02742,CUST-02742,3572.56,0.0,0.0,0.0,0.0,3572.56,0.0161
DEBT-02743,CUST-02743,192.52,20840.73,0.0,0.0,0.0,21033.25,0.3303
DEBT-02744,CUST-02744,4917.99,0.0,0.0,0.0,367930.16,372848.15,0.6289
DEBT-02745,CUST-02745,8727.51,0.0,0.0,20836.47,0.0,29563.98,0.0628
DEBT-02746,CUST-02746,3161.89,11206.73,0.0,0.0,0.0,14368.62,0.0429
DEBT-02747,CUST-02747,0.0,0.0,0.0,0.0,307567.55,307567.55,0.3142
DEBT-02748,CUST-02748,0.0,0.0,0.0,0.0,0.0,0.0,0.0
DEBT-02749,CUST-02749,0.0,16980.86,0.0,0.0,0.0,16980.86,0.0424
DEBT-02750,CUST-02750,4780.38,0.0,0.0,20462.57,0.0,25242.95,0.0266
DEBT-02751,CUST-02751,1957.35,16233.3,0.0,0.0,0.0,18190.65,0.0641
DEBT-02752,CUST-02752,5934.63,5214.79,0.0,27710.49,171715.65,210575.56,0.3173
DEBT-02753,CUST-02753,2190.18,0.0,0.0,0.0,0.0,2190.18,0.0066
DEBT-02754,CUST-02754,869.45,6988.87,0.0,0.0,0.0,7858.32,0.0339
DEBT-02755,CUST-02755,4503.47,0.0,0.0,0.0,0.0,4503.47,0.0063
DEBT-02756,CUST-02756,3589.08,0.0,0.0,5668.98,203681.06,212939.12,0.7096
DEBT-02757,CUST-02757,0.0,4414.08,0.0,0.0,0.0,4414.08,0.0079
DEBT-02758,CUST-02758,0.0,0.0,0.0,0.0,0.0,0.0,0.0
DEBT-02759,CUST-02759,1070.5,0.0,0.0,0.0,0.0,1070.5,0.0068
DEBT-02760,CUST-02760,1333.61,0.0,0.0,0.0,0.0,1333.61,0.0027
DEBT-02761,CUST-02761,9521.95,0.0,7591.09,20013.72,0.0,37126.76,0.0613
DEBT-02762,CUST-02762,852.69,0.0,0.0,0.0,0.0,852.69,0.0117
DEBT-02763,CUST-02763,0.0,0.0,0.0,0.0,0.0,0.0,0.0
DEBT-02764,CUST-02764,6510.79,0.0,0.0,0.0,211355.41,217866.2,0.2749
DEBT-02765,CUST-02765,21868.34,10793.05,0.0,24046.93,0.0,56708.32,0.0576
DEBT-02766,CUST-02766,9647.26,0.0,30082.77,0.0,0.0,39730.03,0.0752
DEBT-02767,CUST-02767,0.0,10600.66,0.0,4104.82,0.0,14705.48,0.0163
DEBT-02768,CUST-02768,3516.46,0.0,0.0,0.0,0.0,3516.46,0.007
DEBT-02769,CUST-02769,2403.74,23440.12,0.0,19719.05,0.0,45562.91,0.0953
DEBT-02770,CUST-02770,0.0,0.0,0.0,0.0,0.0,0.0,0.0
DEBT-02771,CUST-02771,0.0,0.0,0.0,0.0,0.0,0.0,0.0
DEBT-02772,CUST-02772,4593.72,0.0,0.0,0.0,0.0,4593.72,0.0068
DEBT-02773,CUST-02773,0.0,17091.34,0.0,16378.34,213193.1,246662.78,0.5876
DEBT-02774,CUST-02774,0.0,0.0,0.0,13317.19,0.0,13317.19,0.038
DEBT-02775,CUST-02775,28008.48,20289.07,0.0,0.0,0.0,48297.55,0.0382
DEBT-02776,CUST-02776,1069.33,0.0,0.0,0.0,0.0,1069.33,0.0015
DEBT-02777,CUST-02777,4332.64,0.0,0.0,21588.76,437865.64,463787.04,0.7824
DEBT-02778,CUST-02778,910.05,0.0,0.0,0.0,0.0,910.05,0.0072
DEBT-02779,CUST-02779,0.0,0.0,0.0,0.0,0.0,0.0,0.0
DEBT-02780,CUST-02780,0.0,0.0,0.0,8919.7,400024.47,408944.17,0.4676
DEBT-02781,CUST-02781,5173.39,11495.6,0.0,0.0,0.0,16668.99,0.0596
DEBT-02782,CUST-02782,0.0,0.0,0.0,0.0,0.0,0.0,0.0
DEBT-02783,CUST-02783,0.0,20853.48,0.0,0.0,0.0,20853.48,0.0739
DEBT-02784,CUST-02784,1028.35,0.0,0.0,0.0,0.0,1028.35,0.0031
DEBT-02785,CUST-02785,0.0,0.0,0.0,13288.66,0.0,13288.66,0.0202
DEBT-02786,CUST-02786,3782.62,0.0,0.0,0.0,0.0,3782.62,0.0188
DEBT-02787,CUST-02787,7682.87,24724.9,0.0,0.0,196156.25,228564.02,0.6084
DEBT-02788,CUST-02788,0.0,0.0,0.0,0.0,0.0,0.0,0.0
DEBT-02789,CUST-02789,7311.99,8118.14,0.0,0.0,0.0,15430.13,0.0244
DEBT-02790,CUST-02790,4506.35,0.0,0.0,0.0,0.0,4506.35,0.0113
DEBT-02791,CUST-02791,1605.23,0.0,0.0,0.0,0.0,1605.23,0.0144
DEBT-02792,CUST-02792,8288.51,24750.73,0.0,0.0,230693.01,263732.25,0.5201
DEBT-02793,CUST-02793,9487.44,22303.55,0.0,0.0,0.0,31790.99,0.061
DEBT-02794,CUST-02794,0.0,1744.79,21722.99,25851.7,0.0,49319.48,0.0602
DEBT-02795,CUST-02795,6663.8,0.0,0.0,8803.54,0.0,15467.34,0.0423
DEBT-02796,CUST-02796,889.85,0.0,0.0,0.0,0.0,889.85,0.0015
DEBT-02797,CUST-02797,0.0,0.0,38592.23,0.0,0.0,38592.23,0.0465
DEBT-02798,CUST-02798,1862.89,0.0,0.0,22628.15,324352.42,348843.46,0.3794
DEBT-02799,CUST-02799,5959.0,0.0,0.0,0.0,0.0,5959.0,0.0162
DEBT-02800,CUST-02800,218.23,0.0,0.0,22322.81,276661.99,299203.03,0.8608
DEBT-02801,CUST-02801,5666.52,10352.35,0.0,0.0,0.0,16018.87,0.0591
DEBT-02802,CUST-02802,1950.61,0.0,0.0,0.0,0.0,1950.61,0.0032
DEBT-02803,CUST-02803,6032.59,0.0,0.0,0.0,0.0,6032.59,0.0148
DEBT-02804,CUST-02804,7809.0,0.0,0.0,0.0,0.0,7809.0,0.0183
DEBT-02805,CUST-02805,6172.58,0.0,0.0,0.0,0.0,6172.58,0.0086
DEBT-02806,CUST-02806,0.0,0.0,0.0,0.0,0.0,0.0,0.0
DEBT-02807,CUST-02807,81.31,0.0,0.0,0.0,0.0,81.31,0.0009
DEBT-02808,CUST-02808,6978.46,20378.63,0.0,9557.74,0.0,36914.83,0.1087
DEBT-02809,CUST-02809,0.0,0.0,0.0,0.0,0.0,0.0,0.0
DEBT-02810,CUST-02810,8779.47,0.0,0.0,23753.0,377764.46,410296.93,0.6798
DEBT-02811,CUST-02811,1928.23,2855.32,0.0,0.0,0.0,4783.55,0.0081
DEBT-02812,CUST-02812,7594.38,12339.47,0.0,0.0,0.0,19933.85,0.0294
DEBT-02813,CUST-02813,3849.83,0.0,0.0,30364.56,426470.68,460685.07,1.237
DEBT-02814,CUST-02814,10222.64,0.0,0.0,0.0,129528.76,139751.4,0.1408
DEBT-02815,CUST-02815,3414.15,0.0,0.0,0.0,0.0,3414.15,0.0132
DEBT-02816,CUST-02816,4200.28,19614.12,0.0,0.0,0.0,23814.4,0.0653
DEBT-02817,CUST-02817,5402.9,0.0,0.0,31052.65,422643.51,459099.06,1.7368
DEBT-02818,CUST-02818,5822.4,0.0,0.0,0.0,0.0,5822.4,0.0121
DEBT-02819,CUST-02819,0.0,0.0,0.0,0.0,0.0,0.0,0.0
DEBT-02820,CUST-02820,0.0,0.0,0.0,0.0,0.0,0.0,0.0
DEBT-02821,CUST-02821,12068.66,0.0,0.0,8718.9,0.0,20787.56,0.0289
DEBT-02822,CUST-02822,11498.24,0.0,0.0,4703.79,175966.66,192168.69,0.307
DEBT-02823,CUST-02823,9859.67,0.0,18187.71,0.0,398133.18,426180.56,0.8289
DEBT-02824,CUST-02824,800.22,0.0,22449.7,0.0,163904.16,187154.08,0.3369
DEBT-02825,CUST-02825,8077.29,0.0,0.0,17083.2,0.0,25160.49,0.0521
DEBT-02826,CUST-02826,0.0,0.0,0.0,0.0,0.0,0.0,0.0
DEBT-02827,CUST-02827,1923.4,0.0,0.0,0.0,0.0,1923.4,0.0062
DEBT-02828,CUST-02828,2236.22,0.0,0.0,0.0,0.0,2236.22,0.0091
DEBT-02829,CUST-02829,1083.91,0.0,0.0,0.0,0.0,1083.91,0.0018
DEBT-02830,CUST-02830,2114.66,0.0,0.0,0.0,0.0,2114.66,0.0216
DEBT-02831,CUST-02831,4194.91,9964.27,0.0,0.0,0.0,14159.18,0.0204
DEBT-02832,CUST-02832,6614.04,4597.05,0.0,0.0,0.0,11211.09,0.0288
DEBT-02833,CUST-02833,0.0,0.0,0.0,18365.05,0.0,18365.05,0.0394
DEBT-02834,CUST-02834,0.0,20171.66,0.0,0.0,0.0,20171.66,0.0366
DEBT-02835,CUST-02835,0.0,0.0,0.0,19820.63,0.0,19820.63,0.0362
DEBT-02836,CUST-02836,0.0,3268.0,0.0,14170.77,0.0,17438.77,0.0354
DEBT-02837,CUST-02837,16958.05,0.0,0.0,7086.37,0.0,24044.42,0.0312
DEBT-02838,CUST-02838,4840.93,0.0,0.0,0.0,0.0,4840.93,0.01
DEBT-02839,CUST-02839,1678.45,0.0,0.0,0.0,328706.94,330385.39,0.691
DEBT-02840,CUST-02840,873.42,0.0,0.0,32453.38,379311.57,412638.37,1.5098
DEBT-02841,CUST-02841,5845.45,0.0,0.0,0.0,0.0,5845.45,0.0105
DEBT-02842,CUST-02842,6803.46,3377.57,0.0,23021.41,278636.08,311838.52,0.5391
DEBT-02843,CUST-02843,6656.67,13379.07,0.0,0.0,0.0,20035.74,0.0397
DEBT-02844,CUST-02844,0.0,2718.3,0.0,0.0,360980.49,363698.79,0.4206
DEBT-02845,CUST-02845,4824.5,0.0,0.0,11869.43,0.0,16693.93,0.0376
DEBT-02846,CUST-02846,0.0,0.0,0.0,0.0,0.0,0.0,0.0
DEBT-02847,CUST-02847,0.0,0.0,0.0,12142.38,183368.49,195510.87,0.5301
DEBT-02848,CUST-02848,6215.06,0.0,0.0,0.0,0.0,6215.06,0.0141
DEBT-02849,CUST-02849,3660.52,0.0,0.0,14343.94,0.0,18004.46,0.062
DEBT-02850,CUST-02850,661.64,7405.93,0.0,31566.78,0.0,39634.35,0.0806
DEBT-02851,CUST-02851,4111.18,0.0,0.0,0.0,0.0,4111.18,0.0063
DEBT-02852,CUST-02852,6441.7,0.0,0.0,8934.95,0.0,15376.65,0.0534
DEBT-02853,CUST-02853,7169.79,0.0,0.0,0.0,0.0,7169.79,0.0185
DEBT-02854,CUST-02854,5611.69,0.0,0.0,28886.9,356699.05,391197.64,1.5332
DEBT-02855,CUST-02855,5213.59,15373.39,0.0,0.0,0.0,20586.98,0.0901
DEBT-02856,CUST-02856,0.0,21662.74,0.0,14792.04,310793.91,347248.69,0.9173
DEBT-02857,CUST-02857,4445.08,0.0,19155.65,0.0,0.0,23600.73,0.0751
DEBT-02858,CUST-02858,0.0,0.0,0.0,0.0,0.0,0.0,0.0
DEBT-02859,CUST-02859,6996.62,20679.22,19591.13,0.0,0.0,47266.97,0.0956
DEBT-02860,CUST-02860,2421.39,0.0,34234.9,0.0,0.0,36656.29,0.3454
DEBT-02861,CUST-02861,0.0,23041.61,0.0,0.0,448993.9,472035.51,0.9228
DEBT-02862,CUST-02862,10712.59,9515.62,0.0,28421.31,0.0,48649.52,0.067
DEBT-02863,CUST-02863,3523.95,0.0,0.0,0.0,0.0,3523.95,0.0047
DEBT-02864,CUST-02864,0.0,0.0,0.0,0.0,0.0,0.0,0.0
DEBT-02865,CUST-02865,1904.29,0.0,0.0,0.0,0.0,1904.29,0.0041
DEBT-02866,CUST-02866,452.36,0.0,0.0,0.0,0.0,452.36,0.0017
DEBT-02867,CUST-02867,15985.85,16493.74,0.0,17298.98,0.0,49778.57,0.0712
DEBT-02868,CUST-02868,7118.64,0.0,0.0,0.0,214348.67,221467.31,0.6263
DEBT-02869,CUST-02869,9731.66,0.0,0.0,5827.92,0.0,15559.58,0.0244
DEBT-02870,CUST-02870,0.0,0.0,0.0,20371.94,0.0,20371.94,0.0451
DEBT-02871,CUST-02871,0.0,17433.14,0.0,0.0,0.0,17433.14,0.2053
DEBT-02872,CUST-02872,0.0,0.0,0.0,0.0,265286.02,265286.02,1.0226
DEBT-02873,CUST-02873,5826.39,0.0,0.0,16335.55,0.0,22161.94,0.0662
DEBT-02874,CUST-02874,17589.62,0.0,0.0,0.0,0.0,17589.62,0.0185
DEBT-02875,CUST-02875,0.0,0.0,0.0,0.0,246632.65,246632.65,0.4619
DEBT-02876,CUST-02876,2489.91,0.0,0.0,28498.16,0.0,30988.07,0.0652
DEBT-02877,CUST-02877,8278.03,0.0,0.0,0.0,0.0,8278.03,0.0123
DEBT-02878,CUST-02878,2367.21,0.0,0.0,5335.0,296692.63,304394.84,0.687
DEBT-02879,CUST-02879,4340.29,0.0,0.0,0.0,0.0,4340.29,0.0217
DEBT-02880,CUST-02880,865.65,21267.55,0.0,0.0,0.0,22133.2,0.1659
DEBT-02881,CUST-02881,8916.63,0.0,0.0,0.0,371065.67,379982.3,0.9669
DEBT-02882,CUST-02882,0.0,0.0,0.0,0.0,0.0,0.0,0.0
DEBT-02883,CUST-02883,0.0,13674.9,0.0,0.0,0.0,13674.9,0.102
DEBT-02884,CUST-02884,1397.79,0.0,0.0,0.0,0.0,1397.79,0.0229
DEBT-02885,CUST-02885,3433.22,0.0,0.0,33491.29,0.0,36924.51,0.0935
DEBT-02886,CUST-02886,1289.8,23086.53,0.0,0.0,0.0,24376.33,0.1346
DEBT-02887,CUST-02887,15709.22,0.0,0.0,27441.33,0.0,43150.55,0.052
DEBT-02888,CUST-02888,289.51,6083.28,0.0,32826.91,0.0,39199.7,0.1118
DEBT-02889,CUST-02889,6227.57,0.0,0.0,0.0,0.0,6227.57,0.0089
DEBT-02890,CUST-02890,1039.93,0.0,0.0,0.0,276321.17,277361.1,0.6829
DEBT-02891,CUST-02891,42.89,0.0,0.0,0.0,0.0,42.89,0.0006
DEBT-02892,CUST-02892,1060.79,0.0,26137.95,0.0,0.0,27198.74,0.07
DEBT-02893,CUST-02893,0.0,6068.9,0.0,0.0,0.0,6068.9,0.0291
DEBT-02894,CUST-02894,0.0,0.0,30837.51,24444.52,0.0,55282.03,0.8152
DEBT-02895,CUST-02895,1034.7,0.0,0.0,10814.12,0.0,11848.82,0.0672
DEBT-02896,CUST-02896,0.0,0.0,0.0,19784.0,327624.83,347408.83,0.3829
DEBT-02897,CUST-02897,6304.91,12323.04,0.0,0.0,0.0,18627.95,0.0374
DEBT-02898,CUST-02898,10931.89,13826.08,0.0,0.0,0.0,24757.97,0.0391
DEBT-02899,CUST-02899,178.55,20968.58,10285.87,0.0,0.0,31433.0,0.1814
DEBT-02900,CUST-02900,2094.94,0.0,0.0,5026.44,0.0,7121.38,0.0431
DEBT-02901,CUST-02901,0.0,0.0,0.0,0.0,0.0,0.0,0.0
DEBT-02902,CUST-02902,11086.36,0.0,0.0,34622.01,0.0,45708.37,0.0898
DEBT-02903,CUST-02903,0.0,8214.76,0.0,0.0,0.0,8214.76,0.0161
DEBT-02904,CUST-02904,486.9,0.0,29473.54,0.0,0.0,29960.44,0.0429
DEBT-02905,CUST-02905,0.0,0.0,0.0,14881.53,0.0,14881.53,0.0269
DEBT-02906,CUST-02906,9914.09,1793.67,0.0,0.0,0.0,11707.76,0.0189
DEBT-02907,CUST-02907,4866.68,8474.04,0.0,21880.29,0.0,35221.01,0.0541
DEBT-02908,CUST-02908,0.0,10196.5,25556.53,0.0,0.0,35753.03,0.2833
DEBT-02909,CUST-02909,0.0,0.0,0.0,21690.81,0.0,21690.81,0.172
DEBT-02910,CUST-02910,0.0,0.0,0.0,25236.01,0.0,25236.01,0.0489
DEBT-02911,CUST-02911,4718.43,9683.51,10772.01,0.0,0.0,25173.95,0.0664
DEBT-02912,CUST-02912,0.0,4927.1,0.0,13355.84,0.0,18282.94,0.0223
DEBT-02913,CUST-02913,0.0,0.0,0.0,0.0,0.0,0.0,0.0
DEBT-02914,CUST-02914,0.0,0.0,0.0,0.0,0.0,0.0,0.0
DEBT-02915,CUST-02915,15432.29,10171.67,0.0,0.0,0.0,25603.96,0.0258
DEBT-02916,CUST-02916,0.0,14970.71,0.0,0.0,0.0,14970.71,0.0365
DEBT-02917,CUST-02917,8953.06,19864.66,0.0,0.0,0.0,28817.72,0.0431
DEBT-02918,CUST-02918,2864.61,0.0,0.0,0.0,0.0,2864.61,0.0079
DEBT-02919,CUST-02919,1365.97,0.0,0.0,0.0,0.0,1365.97,0.0189
DEBT-02920,CUST-02920,0.0,0.0,0.0,0.0,0.0,0.0,0.0
DEBT-02921,CUST-02921,10542.77,2681.27,0.0,0.0,0.0,13224.04,0.019
DEBT-02922,CUST-02922,0.0,0.0,0.0,0.0,0.0,0.0,0.0
DEBT-02923,CUST-02923,6082.06,0.0,0.0,0.0,0.0,6082.06,0.0105
DEBT-02924,CUST-02924,11482.84,0.0,0.0,0.0,265940.5,277423.34,0.3853
DEBT-02925,CUST-02925,6924.95,0.0,0.0,9506.5,0.0,16431.45,0.0308
DEBT-02926,CUST-02926,6781.02,17336.53,0.0,0.0,273112.51,297230.06,0.9495
DEBT-02927,CUST-02927,0.0,0.0,0.0,0.0,0.0,0.0,0.0
DEBT-02928,CUST-02928,1860.25,0.0,0.0,0.0,0.0,1860.25,0.0054
DEBT-02929,CUST-02929,3344.77,0.0,0.0,31061.34,0.0,34406.11,0.2089
DEBT-02930,CUST-02930,3553.83,0.0,0.0,0.0,0.0,3553.83,0.0072
DEBT-02931,CUST-02931,16998.9,23147.52,0.0,31912.59,0.0,72059.01,0.0717
DEBT-02932,CUST-02932,8486.12,0.0,0.0,0.0,0.0,8486.12,0.0177
DEBT-02933,CUST-02933,2669.77,0.0,0.0,0.0,0.0,2669.77,0.0044
DEBT-02934,CUST-02934,2931.01,12149.35,24456.55,0.0,340865.17,380402.08,0.8879
DEBT-02935,CUST-02935,0.0,0.0,0.0,0.0,258259.96,258259.96,0.2206
DEBT-02936,CUST-02936,14652.86,21661.11,0.0,0.0,0.0,36313.97,0.0563
DEBT-02937,CUST-02937,5854.49,0.0,0.0,0.0,0.0,5854.49,0.016
DEBT-02938,CUST-02938,5418.13,0.0,0.0,0.0,0.0,5418.13,0.0057
DEBT-02939,CUST-02939,0.0,0.0,0.0,0.0,350410.96,350410.96,1.18
DEBT-02940,CUST-02940,8833.44,0.0,0.0,0.0,88947.38,97780.82,0.1853
DEBT-02941,CUST-02941,1534.59,0.0,0.0,23113.52,437900.75,462548.86,1.7613
DEBT-02942,CUST-02942,5436.83,0.0,21179.15,0.0,0.0,26615.98,0.0739
DEBT-02943,CUST-02943,0.0,7720.46,0.0,0.0,412644.36,420364.82,1.7091
DEBT-02944,CUST-02944,0.0,2737.95,18603.44,0.0,0.0,21341.39,0.0469
DEBT-02945,CUST-02945,0.0,5401.07,0.0,27866.88,248783.0,282050.95,0.7298
DEBT-02946,CUST-02946,0.0,22651.73,14040.13,0.0,0.0,36691.86,0.3894
DEBT-02947,CUST-02947,9508.93,0.0,32938.2,0.0,260154.73,302601.86,0.5429
DEBT-02948,CUST-02948,352.5,0.0,0.0,0.0,223592.01,223944.51,0.5571
DEBT-02949,CUST-02949,2862.2,0.0,0.0,0.0,0.0,2862.2,0.0055
DEBT-02950,CUST-02950,0.0,3756.1,0.0,0.0,0.0,3756.1,0.0049
DEBT-02951,CUST-02951,0.0,0.0,0.0,29318.02,345890.55,375208.57,1.4975
DEBT-02952,CUST-02952,13064.97,0.0,0.0,0.0,0.0,13064.97,0.0196
DEBT-02953,CUST-02953,41026.07,0.0,0.0,0.0,103683.54,144709.61,0.0737
DEBT-02954,CUST-02954,0.0,0.0,0.0,15629.82,0.0,15629.82,0.0226
DEBT-02955,CUST-02955,4254.95,0.0,0.0,0.0,0.0,4254.95,0.0184
DEBT-02956,CUST-02956,1683.7,0.0,0.0,0.0,0.0,1683.7,0.0193
DEBT-02957,CUST-02957,23538.48,7603.89,0.0,0.0,0.0,31142.37,0.0245
DEBT-02958,CUST-02958,0.0,18223.98,0.0,0.0,0.0,18223.98,0.0598
DEBT-02959,CUST-02959,2710.52,0.0,0.0,24002.13,0.0,26712.65,0.0518
DEBT-02960,CUST-02960,0.0,0.0,5554.95,0.0,0.0,5554.95,0.0525
DEBT-02961,CUST-02961,0.0,23069.51,0.0,0.0,0.0,23069.51,0.1928
DEBT-02962,CUST-02962,5698.14,21465.82,0.0,0.0,0.0,27163.96,0.0507
DEBT-02963,CUST-02963,8125.44,0.0,0.0,29074.73,0.0,37200.17,0.0673
DEBT-02964,CUST-02964,9470.97,0.0,34632.65,0.0,0.0,44103.62,0.0536
DEBT-02965,CUST-02965,2554.4,0.0,0.0,23383.07,0.0,25937.47,0.0449
DEBT-02966,CUST-02966,1384.28,0.0,0.0,0.0,0.0,1384.28,0.0023
DEBT-02967,CUST-02967,0.0,0.0,0.0,7256.17,0.0,7256.17,0.0355
DEBT-02968,CUST-02968,2807.43,0.0,0.0,0.0,0.0,2807.43,0.0074
DEBT-02969,CUST-02969,0.0,0.0,0.0,34193.8,0.0,34193.8,0.078
DEBT-02970,CUST-02970,11347.22,0.0,0.0,0.0,0.0,11347.22,0.0123
DEBT-02971,CUST-02971,3980.71,22479.4,0.0,0.0,0.0,26460.11,0.1244
DEBT-02972,CUST-02972,7448.6,3899.4,0.0,0.0,0.0,11348.0,0.022
DEBT-02973,CUST-02973,5908.39,0.0,0.0,15015.25,399882.86,420806.5,1.3331
DEBT-02974,CUST-02974,0.0,0.0,0.0,0.0,0.0,0.0,0.0
DEBT-02975,CUST-02975,0.0,0.0,0.0,25836.91,0.0,25836.91,0.0486
DEBT-02976,CUST-02976,0.0,15309.49,0.0,0.0,0.0,15309.49,0.0207
DEBT-02977,CUST-02977,0.0,0.0,0.0,0.0,344351.44,344351.44,0.6055
DEBT-02978,CUST-02978,0.0,0.0,0.0,0.0,0.0,0.0,0.0
DEBT-02979,CUST-02979,13847.9,0.0,0.0,0.0,0.0,13847.9,0.0215
DEBT-02980,CUST-02980,0.0,0.0,0.0,0.0,0.0,0.0,0.0
DEBT-02981,CUST-02981,4212.21,20918.78,0.0,0.0,0.0,25130.99,0.0372
DEBT-02982,CUST-02982,6319.16,0.0,0.0,0.0,0.0,6319.16,0.0156
DEBT-02983,CUST-02983,15918.28,9535.47,0.0,0.0,213959.87,239413.62,0.3439
DEBT-02984,CUST-02984,1897.55,0.0,18502.21,0.0,0.0,20399.76,0.2058
DEBT-02985,CUST-02985,743.48,22504.7,0.0,0.0,0.0,23248.18,0.2068
DEBT-02986,CUST-02986,5527.11,0.0,32495.0,0.0,0.0,38022.11,0.0594
DEBT-02987,CUST-02987,1061.97,0.0,0.0,0.0,0.0,1061.97,0.015
DEBT-02988,CUST-02988,17843.75,14443.3,0.0,0.0,115964.86,148251.91,0.1483
DEBT-02989,CUST-02989,4023.81,7455.91,0.0,0.0,0.0,11479.72,0.034
DEBT-02990,CUST-02990,7481.22,0.0,44493.53,0.0,0.0,51974.75,0.1532
DEBT-02991,CUST-02991,852.5,0.0,0.0,0.0,0.0,852.5,0.0082
DEBT-02992,CUST-02992,0.0,6889.07,0.0,0.0,426850.15,433739.22,1.1339
DEBT-02993,CUST-02993,214.82,0.0,36853.16,9159.13,0.0,46227.11,0.4264
DEBT-02994,CUST-02994,0.0,20783.15,0.0,0.0,0.0,20783.15,0.0496
DEBT-02995,CUST-02995,2099.33,0.0,0.0,12502.99,0.0,14602.32,0.0392
DEBT-02996,CUST-02996,0.0,0.0,0.0,33682.15,105159.83,138841.98,0.2868
DEBT-02997,CUST-02997,2237.7,0.0,5094.26,18784.77,0.0,26116.73,0.2636
DEBT-02998,CUST-02998,0.0,0.0,0.0,8279.34,0.0,8279.34,0.1165
DEBT-02999,CUST-02999,0.0,0.0,0.0,16297.68,0.0,16297.68,0.0356
DEBT-03000,CUST-03000,3138.37,0.0,0.0,0.0,0.0,3138.37,0.0047
DEBT-03001,CUST-03001,5214.63,0.0,0.0,0.0,447893.07,453107.7,1.7177
DEBT-03002,CUST-03002,1730.98,7098.07,25677.72,0.0,0.0,34506.77,0.0776
DEBT-03003,CUST-03003,655.43,0.0,0.0,31984.89,0.0,32640.32,0.0967
DEBT-03004,CUST-03004,7281.24,0.0,0.0,0.0,0.0,7281.24,0.018
DEBT-03005,CUST-03005,2110.23,0.0,0.0,0.0,0.0,2110.23,0.0081
DEBT-03006,CUST-03006,6345.39,0.0,0.0,0.0,0.0,6345.39,0.0137
DEBT-03007,CUST-03007,0.0,1622.96,0.0,0.0,0.0,1622.96,0.0037
DEBT-03008,CUST-03008,4442.51,0.0,0.0,33032.63,281567.71,319042.85,0.3494
DEBT-03009,CUST-03009,5491.1,21636.02,0.0,0.0,0.0,27127.12,0.0723
DEBT-03010,CUST-03010,1748.55,15894.44,0.0,19502.57,227577.31,264722.87,0.3016
DEBT-03011,CUST-03011,4157.21,16950.05,0.0,8297.69,0.0,29404.95,0.1038
DEBT-03012,CUST-03012,0.0,0.0,0.0,18364.67,0.0,18364.67,0.0286
DEBT-03013,CUST-03013,577.53,0.0,0.0,0.0,207157.42,207734.95,0.2697
DEBT-03014,CUST-03014,5740.98,0.0,0.0,0.0,376421.05,382162.03,1.2425
DEBT-03015,CUST-03015,9831.45,0.0,0.0,30369.4,0.0,40200.85,0.0371
DEBT-03016,CUST-03016,21993.97,22165.23,0.0,11871.88,0.0,56031.08,0.0372
DEBT-03017,CUST-03017,0.0,24633.14,0.0,0.0,0.0,24633.14,0.0273
DEBT-03018,CUST-03018,3000.28,0.0,0.0,0.0,400127.78,403128.06,1.1135
DEBT-03019,CUST-03019,18678.7,0.0,0.0,0.0,0.0,18678.7,0.0226
DEBT-03020,CUST-03020,0.0,11907.14,0.0,0.0,0.0,11907.14,0.018
DEBT-03021,CUST-03021,0.0,0.0,0.0,0.0,0.0,0.0,0.0
DEBT-03022,CUST-03022,5484.24,22949.15,0.0,24700.72,0.0,53134.11,0.1661
DEBT-03023,CUST-03023,9642.97,0.0,0.0,0.0,0.0,9642.97,0.0217
DEBT-03024,CUST-03024,7508.11,13999.74,0.0,0.0,422257.55,443765.4,1.0319
DEBT-03025,CUST-03025,0.0,13044.12,8705.57,0.0,0.0,21749.69,0.0583
DEBT-03026,CUST-03026,17185.63,0.0,0.0,0.0,0.0,17185.63,0.0225
DEBT-03027,CUST-03027,3972.72,0.0,0.0,5307.7,208855.34,218135.76,0.5279
DEBT-03028,CUST-03028,5008.91,0.0,0.0,20540.48,0.0,25549.39,0.0478
DEBT-03029,CUST-03029,6075.13,0.0,0.0,5120.75,0.0,11195.88,0.0346
DEBT-03030,CUST-03030,288.11,0.0,0.0,34296.12,0.0,34584.23,0.6381
DEBT-03031,CUST-03031,2053.13,0.0,0.0,0.0,0.0,2053.13,0.0054
DEBT-03032,CUST-03032,0.0,0.0,17903.09,25249.62,0.0,43152.71,0.3035
DEBT-03033,CUST-03033,6899.47,0.0,0.0,0.0,0.0,6899.47,0.0134
DEBT-03034,CUST-03034,3469.8,11571.69,0.0,0.0,0.0,15041.49,0.0474
DEBT-03035,CUST-03035,0.0,0.0,0.0,0.0,204638.05,204638.05,0.4697
DEBT-03036,CUST-03036,13255.04,0.0,0.0,0.0,116370.01,129625.05,0.2195
DEBT-03037,CUST-03037,4653.73,0.0,31689.52,21880.87,0.0,58224.12,0.1056
DEBT-03038,CUST-03038,1872.5,0.0,0.0,0.0,225616.88,227489.38,0.7133
DEBT-03039,CUST-03039,0.0,0.0,0.0,28510.54,0.0,28510.54,0.0498
DEBT-03040,CUST-03040,0.0,0.0,0.0,0.0,0.0,0.0,0.0
DEBT-03041,CUST-03041,4145.92,0.0,0.0,0.0,0.0,4145.92,0.0077
DEBT-03042,CUST-03042,0.0,8447.65,0.0,7842.99,0.0,16290.64,0.0953
DEBT-03043,CUST-03043,4298.08,0.0,0.0,0.0,0.0,4298.08,0.0077
DEBT-03044,CUST-03044,3407.18,0.0,0.0,0.0,0.0,3407.18,0.013
DEBT-03045,CUST-03045,6414.97,0.0,0.0,28511.42,0.0,34926.39,0.0754
DEBT-03046,CUST-03046,7853.59,0.0,0.0,0.0,146543.58,154397.17,0.4018
DEBT-03047,CUST-03047,11308.93,6466.49,0.0,0.0,0.0,17775.42,0.035
DEBT-03048,CUST-03048,0.0,21360.66,15637.35,0.0,246899.68,283897.69,0.4411
DEBT-03049,CUST-03049,21334.32,0.0,0.0,0.0,0.0,21334.32,0.0227
DEBT-03050,CUST-03050,3180.66,8577.02,0.0,0.0,0.0,11757.68,0.0357
DEBT-03051,CUST-03051,4563.48,0.0,0.0,0.0,412187.28,416750.76,1.1144
DEBT-03052,CUST-03052,6450.92,9609.6,0.0,0.0,0.0,16060.52,0.0254
DEBT-03053,CUST-03053,12570.79,0.0,0.0,0.0,0.0,12570.79,0.0205
DEBT-03054,CUST-03054,5488.13,0.0,0.0,0.0,0.0,5488.13,0.0098
DEBT-03055,CUST-03055,0.0,0.0,0.0,0.0,0.0,0.0,0.0
DEBT-03056,CUST-03056,9633.33,0.0,0.0,29940.87,0.0,39574.2,0.0878
DEBT-03057,CUST-03057,8960.73,0.0,0.0,21076.0,0.0,30036.73,0.0663
DEBT-03058,CUST-03058,1095.92,0.0,0.0,24081.21,0.0,25177.13,0.0727
DEBT-03059,CUST-03059,0.0,0.0,0.0,0.0,382498.22,382498.22,1.3141
DEBT-03060,CUST-03060,594.03,0.0,0.0,29028.39,0.0,29622.42,0.0648
DEBT-03061,CUST-03061,0.0,3506.86,0.0,0.0,0.0,3506.86,0.0047
DEBT-03062,CUST-03062,21020.43,0.0,0.0,0.0,0.0,21020.43,0.0179
DEBT-03063,CUST-03063,1925.88,2560.58,0.0,0.0,0.0,4486.46,0.0487
DEBT-03064,CUST-03064,0.0,0.0,0.0,0.0,0.0,0.0,0.0
DEBT-03065,CUST-03065,0.0,0.0,0.0,27664.26,0.0,27664.26,0.0465
DEBT-03066,CUST-03066,0.0,0.0,0.0,7356.14,0.0,7356.14,0.0461
DEBT-03067,CUST-03067,0.0,2952.51,0.0,0.0,0.0,2952.51,0.006
DEBT-03068,CUST-03068,2920.86,0.0,0.0,0.0,0.0,2920.86,0.011
DEBT-03069,CUST-03069,0.0,0.0,0.0,20117.9,0.0,20117.9,0.2468
DEBT-03070,CUST-03070,10682.92,2662.77,0.0,17863.55,0.0,31209.24,0.0355
DEBT-03071,CUST-03071,3553.52,0.0,0.0,0.0,286855.18,290408.7,0.7854
DEBT-03072,CUST-03072,2033.24,8608.06,0.0,0.0,180141.21,190782.51,0.5226
DEBT-03073,CUST-03073,12523.37,0.0,0.0,4116.43,0.0,16639.8,0.0263
DEBT-03074,CUST-03074,4154.73,5678.2,0.0,0.0,0.0,9832.93,0.0372
DEBT-03075,CUST-03075,3563.97,0.0,0.0,0.0,341317.04,344881.01,0.8862
DEBT-03076,CUST-03076,4009.94,0.0,0.0,0.0,344771.61,348781.55,0.4664
DEBT-03077,CUST-03077,0.0,0.0,11528.66,0.0,237438.12,248966.78,0.4345
DEBT-03078,CUST-03078,0.0,0.0,22272.54,0.0,199830.86,222103.4,0.2194
DEBT-03079,CUST-03079,0.0,0.0,34717.32,0.0,0.0,34717.32,0.037
DEBT-03080,CUST-03080,4150.35,0.0,0.0,0.0,0.0,4150.35,0.0185
DEBT-03081,CUST-03081,0.0,0.0,0.0,14814.25,0.0,14814.25,0.0318
DEBT-03082,CUST-03082,1979.52,0.0,0.0,0.0,161556.25,163535.77,0.4954
DEBT-03083,CUST-03083,5113.74,0.0,0.0,0.0,0.0,5113.74,0.0103
DEBT-03084,CUST-03084,2367.82,24135.06,0.0,0.0,176521.91,203024.79,0.6308
DEBT-03085,CUST-03085,449.79,0.0,0.0,4767.29,0.0,5217.08,0.1045
DEBT-03086,CUST-03086,10265.94,1312.47,0.0,0.0,0.0,11578.41,0.0216
DEBT-03087,CUST-03087,7998.67,19484.52,13465.23,15997.49,0.0,56945.91,0.1334
DEBT-03088,CUST-03088,2573.51,3586.39,0.0,0.0,0.0,6159.9,0.0313
DEBT-03089,CUST-03089,27988.46,0.0,0.0,0.0,0.0,27988.46,0.0204
DEBT-03090,CUST-03090,342.41,0.0,0.0,0.0,0.0,342.41,0.0014
DEBT-03091,CUST-03091,9495.12,0.0,41729.22,0.0,362508.82,413733.16,0.3397
DEBT-03092,CUST-03092,5820.73,0.0,0.0,21035.16,0.0,26855.89,0.0394
DEBT-03093,CUST-03093,0.0,6047.53,30272.81,0.0,0.0,36320.34,0.0713
DEBT-03094,CUST-03094,5695.82,0.0,0.0,0.0,0.0,5695.82,0.0124
DEBT-03095,CUST-03095,10693.55,0.0,0.0,10749.47,0.0,21443.02,0.0447
DEBT-03096,CUST-03096,0.0,5480.73,0.0,12734.03,0.0,18214.76,0.0981
DEBT-03097,CUST-03097,1410.43,0.0,0.0,26169.76,0.0,27580.19,0.1022
DEBT-03098,CUST-03098,0.0,0.0,0.0,0.0,0.0,0.0,0.0
DEBT-03099,CUST-03099,2045.92,0.0,0.0,0.0,0.0,2045.92,0.0046
DEBT-03100,CUST-03100,0.0,0.0,23987.81,12666.6,0.0,36654.41,0.0955
DEBT-03101,CUST-03101,0.0,0.0,0.0,30382.18,0.0,30382.18,0.0477
DEBT-03102,CUST-03102,7086.06,6788.6,0.0,0.0,0.0,13874.66,0.0265
DEBT-03103,CUST-03103,2943.59,0.0,33212.68,0.0,243757.24,279913.51,0.6416
DEBT-03104,CUST-03104,7103.48,5957.76,25331.87,0.0,0.0,38393.11,0.0959
DEBT-03105,CUST-03105,2467.98,23891.56,0.0,13153.49,0.0,39513.03,0.2914
DEBT-03106,CUST-03106,8329.86,0.0,20135.82,0.0,0.0,28465.68,0.0323
DEBT-03107,CUST-03107,8747.42,0.0,10318.29,5469.65,0.0,24535.36,0.0364
DEBT-03108,CUST-03108,10875.54,8310.42,0.0,17436.85,0.0,36622.81,0.0488
DEBT-03109,CUST-03109,0.0,23964.8,0.0,0.0,292111.39,316076.19,0.4762
DEBT-03110,CUST-03110,4801.08,0.0,0.0,15404.69,0.0,20205.77,0.0364
DEBT-03111,CUST-03111,0.0,0.0,9069.37,23082.19,0.0,32151.56,0.0509
DEBT-03112,CUST-03112,1106.26,0.0,0.0,22413.71,0.0,23519.97,0.0774
DEBT-03113,CUST-03113,10018.24,0.0,0.0,0.0,447807.88,457826.12,0.5697
DEBT-03114,CUST-03114,0.0,1688.77,0.0,0.0,272934.11,274622.88,0.7309
DEBT-03115,CUST-03115,1267.9,20247.03,0.0,0.0,0.0,21514.93,0.3193
DEBT-03116,CUST-03116,4308.04,0.0,0.0,0.0,0.0,4308.04,0.0152
DEBT-03117,CUST-03117,3057.32,7064.49,0.0,4691.34,0.0,14813.15,0.0425
DEBT-03118,CUST-03118,3383.1,0.0,0.0,0.0,0.0,3383.1,0.0068
DEBT-03119,CUST-03119,0.0,0.0,35197.68,0.0,129005.5,164203.18,0.3001
DEBT-03120,CUST-03120,13783.33,0.0,0.0,0.0,0.0,13783.33,0.0196
DEBT-03121,CUST-03121,0.0,0.0,0.0,26056.69,0.0,26056.69,0.0491
DEBT-03122,CUST-03122,0.0,0.0,0.0,31191.41,0.0,31191.41,0.0702
DEBT-03123,CUST-03123,14347.98,8415.1,0.0,0.0,260655.67,283418.75,0.375
DEBT-03124,CUST-03124,11984.53,23099.77,0.0,4387.33,0.0,39471.63,0.0646
DEBT-03125,CUST-03125,1533.2,12245.01,0.0,0.0,0.0,13778.21,0.0145
DEBT-03126,CUST-03126,0.0,12036.49,0.0,27760.0,0.0,39796.49,0.2699
DEBT-03127,CUST-03127,11566.02,0.0,0.0,8176.38,0.0,19742.4,0.0335
DEBT-03128,CUST-03128,1065.22,0.0,0.0,0.0,0.0,1065.22,0.0013
DEBT-03129,CUST-03129,5674.14,0.0,0.0,13714.81,0.0,19388.95,0.0543
DEBT-03130,CUST-03130,1908.42,17645.37,0.0,7850.66,0.0,27404.45,0.0558
DEBT-03131,CUST-03131,14064.16,0.0,0.0,0.0,98098.58,112162.74,0.1393
DEBT-03132,CUST-03132,304.76,0.0,0.0,0.0,0.0,304.76,0.0013
DEBT-03133,CUST-03133,2502.21,0.0,0.0,0.0,357848.83,360351.04,1.1188
DEBT-03134,CUST-03134,3013.42,0.0,0.0,0.0,253040.82,256054.24,0.7824
DEBT-03135,CUST-03135,1711.72,0.0,0.0,0.0,0.0,1711.72,0.0047
DEBT-03136,CUST-03136,8073.35,0.0,0.0,0.0,406543.48,414616.83,1.0275
DEBT-03137,CUST-03137,2492.67,0.0,0.0,9833.97,0.0,12326.64,0.0221
DEBT-03138,CUST-03138,27399.58,11793.22,0.0,0.0,347174.6,386367.4,0.2697
DEBT-03139,CUST-03139,3783.11,12688.08,0.0,8420.77,0.0,24891.96,0.0687
DEBT-03140,CUST-03140,2435.37,0.0,0.0,0.0,0.0,2435.37,0.0072
DEBT-03141,CUST-03141,9084.43,0.0,0.0,0.0,0.0,9084.43,0.0094
DEBT-03142,CUST-03142,204.43,20408.27,0.0,27918.35,0.0,48531.05,1.0009
DEBT-03143,CUST-03143,2975.84,0.0,0.0,0.0,110377.25,113353.09,0.2831
DEBT-03144,CUST-03144,0.0,9662.44,34995.84,0.0,0.0,44658.28,0.1082
DEBT-03145,CUST-03145,9286.66,0.0,0.0,0.0,0.0,9286.66,0.008
DEBT-03146,CUST-03146,6490.5,0.0,0.0,0.0,0.0,6490.5,0.0081
DEBT-03147,CUST-03147,5459.18,0.0,0.0,0.0,0.0,5459.18,0.0132
DEBT-03148,CUST-03148,10768.16,0.0,0.0,0.0,436063.46,446831.62,0.8867
DEBT-03149,CUST-03149,7450.69,0.0,0.0,0.0,0.0,7450.69,0.0224
DEBT-03150,CUST-03150,12999.59,8768.94,0.0,7938.37,0.0,29706.9,0.0415
DEBT-03151,CUST-03151,0.0,0.0,0.0,0.0,0.0,0.0,0.0
DEBT-03152,CUST-03152,1417.71,21294.13,0.0,0.0,0.0,22711.84,0.0691
DEBT-03153,CUST-03153,25561.04,0.0,0.0,20838.48,148179.39,194578.91,0.1645
DEBT-03154,CUST-03154,0.0,22141.42,0.0,0.0,0.0,22141.42,0.1059
DEBT-03155,CUST-03155,270.13,0.0,28735.82,0.0,0.0,29005.95,0.4013
DEBT-03156,CUST-03156,7848.29,0.0,37547.73,26694.13,0.0,72090.15,0.1747
DEBT-03157,CUST-03157,293.78,0.0,0.0,31804.55,409045.46,441143.79,0.9325
DEBT-03158,CUST-03158,703.57,0.0,0.0,28716.0,0.0,29419.57,0.0672
DEBT-03159,CUST-03159,11826.23,0.0,0.0,0.0,0.0,11826.23,0.0224
DEBT-03160,CUST-03160,0.0,19977.89,0.0,0.0,0.0,19977.89,0.029
DEBT-03161,CUST-03161,0.0,0.0,0.0,0.0,387793.82,387793.82,1.5954
DEBT-03162,CUST-03162,2599.65,0.0,0.0,18797.79,0.0,21397.44,0.0592
DEBT-03163,CUST-03163,7445.53,0.0,34968.37,0.0,0.0,42413.9,0.0596
DEBT-03164,CUST-03164,0.0,0.0,0.0,0.0,245784.55,245784.55,0.5429
DEBT-03165,CUST-03165,492.09,0.0,0.0,10977.24,0.0,11469.33,0.0751
DEBT-03166,CUST-03166,190.81,9322.83,0.0,23843.99,0.0,33357.63,0.3499
DEBT-03167,CUST-03167,5752.96,0.0,0.0,24637.09,396424.26,426814.31,1.2659
DEBT-03168,CUST-03168,11653.09,21863.63,17657.4,9317.53,0.0,60491.65,0.069
DEBT-03169,CUST-03169,2592.04,22479.39,0.0,25298.62,0.0,50370.05,0.108
DEBT-03170,CUST-03170,14624.55,0.0,0.0,0.0,0.0,14624.55,0.0196
DEBT-03171,CUST-03171,10624.37,0.0,14757.41,0.0,0.0,25381.78,0.0542
DEBT-03172,CUST-03172,2331.46,0.0,0.0,0.0,0.0,2331.46,0.0038
DEBT-03173,CUST-03173,7047.78,0.0,0.0,0.0,0.0,7047.78,0.0211
DEBT-03174,CUST-03174,0.0,0.0,0.0,0.0,0.0,0.0,0.0
DEBT-03175,CUST-03175,4588.68,16369.98,0.0,0.0,0.0,20958.66,0.0512
DEBT-03176,CUST-03176,3257.23,0.0,0.0,0.0,0.0,3257.23,0.0076
DEBT-03177,CUST-03177,1583.3,0.0,40033.37,12567.93,0.0,54184.6,0.5934
DEBT-03178,CUST-03178,20148.95,0.0,0.0,0.0,227378.17,247527.12,0.2697
DEBT-03179,CUST-03179,0.0,12466.01,0.0,7673.86,0.0,20139.87,0.0365
DEBT-03180,CUST-03180,10178.06,0.0,0.0,0.0,107616.67,117794.73,0.1694
DEBT-03181,CUST-03181,14294.05,0.0,38808.63,0.0,178808.62,231911.3,0.2981
DEBT-03182,CUST-03182,23503.4,0.0,0.0,0.0,0.0,23503.4,0.0207
DEBT-03183,CUST-03183,12946.77,0.0,0.0,26011.54,0.0,38958.31,0.0679
DEBT-03184,CUST-03184,402.61,0.0,0.0,0.0,0.0,402.61,0.0017
DEBT-03185,CUST-03185,4194.92,0.0,0.0,0.0,0.0,4194.92,0.013
DEBT-03186,CUST-03186,641.26,5649.3,0.0,0.0,0.0,6290.56,0.0107
DEBT-03187,CUST-03187,14157.3,0.0,0.0,0.0,0.0,14157.3,0.0116
DEBT-03188,CUST-03188,5086.55,18914.64,0.0,0.0,84523.3,108524.49,0.2354
DEBT-03189,CUST-03189,7759.88,0.0,0.0,30293.95,0.0,38053.83,0.0526
DEBT-03190,CUST-03190,0.0,0.0,27904.05,0.0,0.0,27904.05,0.0522
DEBT-03191,CUST-03191,0.0,7214.82,0.0,0.0,0.0,7214.82,0.0146
DEBT-03192,CUST-03192,0.0,0.0,0.0,0.0,0.0,0.0,0.0
DEBT-03193,CUST-03193,4270.22,0.0,0.0,0.0,0.0,4270.22,0.0169
DEBT-03194,CUST-03194,1146.08,0.0,0.0,27679.96,300091.88,328917.92,0.4338
DEBT-03195,CUST-03195,8572.6,0.0,0.0,0.0,155334.96,163907.56,0.2796
DEBT-03196,CUST-03196,0.0,0.0,0.0,0.0,0.0,0.0,0.0
DEBT-03197,CUST-03197,2286.18,0.0,0.0,0.0,0.0,2286.18,0.0115
DEBT-03198,CUST-03198,5973.28,0.0,0.0,9558.7,266408.88,281940.86,0.8055
DEBT-03199,CUST-03199,0.0,15628.21,28499.89,0.0,0.0,44128.1,0.3473
DEBT-03200,CUST-03200,2489.28,0.0,0.0,23032.49,0.0,25521.77,0.1174
DEBT-03201,CUST-03201,6216.44,0.0,0.0,0.0,211060.68,217277.12,0.7128
DEBT-03202,CUST-03202,1143.41,0.0,0.0,0.0,0.0,1143.41,0.0071
DEBT-03203,CUST-03203,0.0,0.0,0.0,0.0,0.0,0.0,0.0
DEBT-03204,CUST-03204,11882.59,0.0,0.0,8901.45,0.0,20784.04,0.0377
DEBT-03205,CUST-03205,13810.34,0.0,0.0,0.0,0.0,13810.34,0.0149
DEBT-03206,CUST-03206,0.0,0.0,0.0,0.0,0.0,0.0,0.0
DEBT-03207,CUST-03207,1147.07,18909.31,0.0,0.0,0.0,20056.38,0.0317
DEBT-03208,CUST-03208,6093.6,0.0,0.0,0.0,287056.09,293149.69,0.9495
DEBT-03209,CUST-03209,2138.87,0.0,0.0,0.0,0.0,2138.87,0.0084
DEBT-03210,CUST-03210,9649.35,0.0,0.0,0.0,0.0,9649.35,0.0134
DEBT-03211,CUST-03211,3914.38,3252.42,0.0,29220.38,0.0,36387.18,0.0971
DEBT-03212,CUST-03212,2480.7,0.0,0.0,32986.16,0.0,35466.86,0.0584
DEBT-03213,CUST-03213,3552.5,0.0,0.0,15034.07,0.0,18586.57,0.0526
DEBT-03214,CUST-03214,6160.68,0.0,0.0,0.0,0.0,6160.68,0.0132
DEBT-03215,CUST-03215,0.0,8607.09,0.0,12271.97,0.0,20879.06,0.091
DEBT-03216,CUST-03216,7980.44,0.0,0.0,0.0,0.0,7980.44,0.0127
DEBT-03217,CUST-03217,10625.9,14622.47,31180.22,0.0,432852.59,489281.18,0.7608
DEBT-03218,CUST-03218,10100.74,0.0,0.0,27008.78,0.0,37109.52,0.0401
DEBT-03219,CUST-03219,0.0,0.0,0.0,0.0,0.0,0.0,0.0
DEBT-03220,CUST-03220,1008.05,0.0,0.0,13933.97,0.0,14942.02,0.0437
DEBT-03221,CUST-03221,8624.33,0.0,0.0,4408.23,0.0,13032.56,0.0288
DEBT-03222,CUST-03222,0.0,6591.18,16845.56,0.0,0.0,23436.74,0.0355
DEBT-03223,CUST-03223,2405.85,24580.28,34939.94,0.0,0.0,61926.07,0.2034
DEBT-03224,CUST-03224,7135.41,0.0,0.0,0.0,131498.34,138633.75,0.3208
DEBT-03225,CUST-03225,8775.25,0.0,0.0,30397.42,0.0,39172.67,0.0798
DEBT-03226,CUST-03226,0.0,0.0,0.0,0.0,0.0,0.0,0.0
DEBT-03227,CUST-03227,7929.06,0.0,0.0,0.0,110734.5,118663.56,0.1745
DEBT-03228,CUST-03228,502.39,17552.55,0.0,0.0,0.0,18054.94,0.0207
DEBT-03229,CUST-03229,3563.15,0.0,0.0,16055.52,0.0,19618.67,0.0858
DEBT-03230,CUST-03230,6375.63,0.0,0.0,0.0,0.0,6375.63,0.0192
DEBT-03231,CUST-03231,9746.34,15720.56,0.0,0.0,0.0,25466.9,0.0553
DEBT-03232,CUST-03232,0.0,0.0,0.0,0.0,0.0,0.0,0.0
DEBT-03233,CUST-03233,9257.97,0.0,0.0,0.0,0.0,9257.97,0.0151
DEBT-03234,CUST-03234,7366.89,22525.76,0.0,30609.08,0.0,60501.73,0.0843
DEBT-03235,CUST-03235,5564.32,4264.6,38565.63,0.0,0.0,48394.55,0.1901
DEBT-03236,CUST-03236,4022.16,0.0,0.0,20823.53,223838.37,248684.06,0.4012
DEBT-03237,CUST-03237,0.0,0.0,0.0,0.0,0.0,0.0,0.0
DEBT-03238,CUST-03238,9489.78,0.0,0.0,0.0,0.0,9489.78,0.0164
DEBT-03239,CUST-03239,4452.88,0.0,0.0,23541.13,416389.25,444383.26,1.0137
DEBT-03240,CUST-03240,3105.44,0.0,0.0,27542.23,0.0,30647.67,0.1272
DEBT-03241,CUST-03241,5643.47,19093.94,22623.34,0.0,359836.59,407197.34,1.0353
DEBT-03242,CUST-03242,12144.82,0.0,27193.01,4737.11,0.0,44074.94,0.0666
DEBT-03243,CUST-03243,6277.16,0.0,39975.85,14889.92,0.0,61142.93,0.0691
DEBT-03244,CUST-03244,8841.07,0.0,0.0,0.0,0.0,8841.07,0.0176
DEBT-03245,CUST-03245,2682.41,7304.85,0.0,10938.59,0.0,20925.85,0.0335
DEBT-03246,CUST-03246,0.0,14035.21,0.0,0.0,0.0,14035.21,0.0229
DEBT-03247,CUST-03247,16427.89,0.0,0.0,19317.27,0.0,35745.16,0.0491
DEBT-03248,CUST-03248,8119.82,0.0,0.0,21967.19,0.0,30087.01,0.0483
DEBT-03249,CUST-03249,0.0,0.0,0.0,0.0,0.0,0.0,0.0
DEBT-03250,CUST-03250,0.0,24653.37,0.0,0.0,0.0,24653.37,0.0512
DEBT-03251,CUST-03251,0.0,0.0,0.0,0.0,0.0,0.0,0.0
DEBT-03252,CUST-03252,0.0,3122.41,0.0,34080.74,232031.65,269234.8,0.5139
DEBT-03253,CUST-03253,7302.83,0.0,0.0,14443.63,122968.84,144715.3,0.4174
DEBT-03254,CUST-03254,794.52,0.0,0.0,25856.69,0.0,26651.21,0.1479
DEBT-03255,CUST-03255,2695.07,0.0,0.0,0.0,0.0,2695.07,0.0053
DEBT-03256,CUST-03256,0.0,0.0,0.0,0.0,403878.06,403878.06,1.3444
DEBT-03257,CUST-03257,4949.11,0.0,0.0,32785.36,0.0,37734.47,0.0502
DEBT-03258,CUST-03258,13581.18,0.0,0.0,8705.28,0.0,22286.46,0.0299
DEBT-03259,CUST-03259,0.0,0.0,0.0,0.0,0.0,0.0,0.0
DEBT-03260,CUST-03260,0.0,5629.73,0.0,30011.29,0.0,35641.02,0.0723
DEBT-03261,CUST-03261,0.0,0.0,0.0,0.0,0.0,0.0,0.0
DEBT-03262,CUST-03262,753.1,0.0,0.0,8762.76,0.0,9515.86,0.0103
DEBT-03263,CUST-03263,2982.73,0.0,0.0,0.0,0.0,2982.73,0.0055
DEBT-03264,CUST-03264,0.0,0.0,0.0,24763.36,0.0,24763.36,0.0282
DEBT-03265,CUST-03265,2946.69,0.0,0.0,0.0,0.0,2946.69,0.0116
DEBT-03266,CUST-03266,5657.58,0.0,15364.24,0.0,0.0,21021.82,0.0438
DEBT-03267,CUST-03267,3138.81,0.0,0.0,0.0,144132.83,147271.64,0.1775
DEBT-03268,CUST-03268,6494.29,10626.47,0.0,7896.87,0.0,25017.63,0.046
DEBT-03269,CUST-03269,0.0,0.0,0.0,30134.6,0.0,30134.6,0.0531
DEBT-03270,CUST-03270,0.0,0.0,0.0,0.0,0.0,0.0,0.0
DEBT-03271,CUST-03271,6336.82,21398.05,0.0,22362.43,232317.52,282414.82,0.5813
DEBT-03272,CUST-03272,7000.5,0.0,0.0,30121.0,0.0,37121.5,0.0763
DEBT-03273,CUST-03273,0.0,0.0,0.0,19062.49,119796.18,138858.67,0.2847
DEBT-03274,CUST-03274,3758.68,21619.71,0.0,0.0,0.0,25378.39,0.1144
DEBT-03275,CUST-03275,2890.32,0.0,0.0,0.0,433204.88,436095.2,0.5751
DEBT-03276,CUST-03276,0.0,0.0,0.0,0.0,152194.95,152194.95,0.4977
DEBT-03277,CUST-03277,17503.46,18055.84,0.0,0.0,0.0,35559.3,0.0367
DEBT-03278,CUST-03278,1463.73,13915.11,0.0,0.0,0.0,15378.84,0.1408
DEBT-03279,CUST-03279,1523.09,0.0,0.0,0.0,0.0,1523.09,0.0054
DEBT-03280,CUST-03280,2329.61,0.0,0.0,0.0,0.0,2329.61,0.0062
DEBT-03281,CUST-03281,421.61,0.0,0.0,0.0,0.0,421.61,0.0054
DEBT-03282,CUST-03282,0.0,0.0,0.0,0.0,0.0,0.0,0.0
DEBT-03283,CUST-03283,6874.88,0.0,0.0,26825.41,105513.49,139213.78,0.3496
DEBT-03284,CUST-03284,615.26,0.0,0.0,9431.54,0.0,10046.8,0.1503
DEBT-03285,CUST-03285,22488.4,0.0,19028.57,0.0,0.0,41516.97,0.0358
DEBT-03286,CUST-03286,0.0,0.0,0.0,0.0,0.0,0.0,0.0
DEBT-03287,CUST-03287,7875.73,0.0,0.0,0.0,0.0,7875.73,0.0132
DEBT-03288,CUST-03288,13267.87,21726.03,0.0,0.0,0.0,34993.9,0.0488
DEBT-03289,CUST-03289,0.0,0.0,0.0,0.0,0.0,0.0,0.0
DEBT-03290,CUST-03290,6684.08,17167.25,0.0,0.0,0.0,23851.33,0.0659
DEBT-03291,CUST-03291,0.0,0.0,0.0,33422.28,0.0,33422.28,0.0349
DEBT-03292,CUST-03292,0.0,7982.84,0.0,6915.15,0.0,14897.99,0.0524
DEBT-03293,CUST-03293,0.0,0.0,0.0,0.0,0.0,0.0,0.0
DEBT-03294,CUST-03294,3093.57,0.0,0.0,0.0,119588.43,122682.0,0.2218
DEBT-03295,CUST-03295,1420.57,0.0,0.0,0.0,0.0,1420.57,0.006
DEBT-03296,CUST-03296,0.0,0.0,0.0,0.0,0.0,0.0,0.0
DEBT-03297,CUST-03297,11836.37,0.0,0.0,0.0,423981.8,435818.17,0.5128
DEBT-03298,CUST-03298,4192.99,0.0,17503.09,0.0,0.0,21696.08,0.0614
DEBT-03299,CUST-03299,13912.72,0.0,0.0,28584.83,0.0,42497.55,0.0586
DEBT-03300,CUST-03300,4252.6,0.0,0.0,0.0,345308.71,349561.31,1.2578
DEBT-03301,CUST-03301,0.0,0.0,0.0,0.0,0.0,0.0,0.0
DEBT-03302,CUST-03302,10369.48,9050.74,0.0,0.0,0.0,19420.22,0.0357
DEBT-03303,CUST-03303,24905.87,0.0,0.0,0.0,0.0,24905.87,0.0215
DEBT-03304,CUST-03304,2585.91,7973.83,0.0,16052.64,0.0,26612.38,0.0531
DEBT-03305,CUST-03305,0.0,21885.11,0.0,0.0,0.0,21885.11,0.026
DEBT-03306,CUST-03306,435.02,0.0,0.0,0.0,0.0,435.02,0.0013
DEBT-03307,CUST-03307,4134.09,0.0,0.0,0.0,315492.91,319627.0,0.8069
DEBT-03308,CUST-03308,4648.03,0.0,0.0,17627.34,139310.24,161585.61,0.6599
DEBT-03309,CUST-03309,700.65,21284.86,0.0,22687.98,0.0,44673.49,0.1286
DEBT-03310,CUST-03310,7548.21,0.0,21716.58,21648.75,0.0,50913.54,0.1361
DEBT-03311,CUST-03311,795.06,0.0,0.0,21487.38,150279.31,172561.75,0.42
DEBT-03312,CUST-03312,3116.61,0.0,0.0,0.0,0.0,3116.61,0.0047
DEBT-03313,CUST-03313,0.0,14277.97,0.0,5805.89,214069.24,234153.1,0.6344
DEBT-03314,CUST-03314,8151.07,17582.43,0.0,0.0,0.0,25733.5,0.0664
DEBT-03315,CUST-03315,1850.84,0.0,0.0,9817.9,0.0,11668.74,0.0379
DEBT-03316,CUST-03316,0.0,0.0,0.0,0.0,0.0,0.0,0.0
DEBT-03317,CUST-03317,2681.42,19276.39,0.0,0.0,0.0,21957.81,0.0317
DEBT-03318,CUST-03318,5763.45,0.0,0.0,30727.34,0.0,36490.79,0.0864
DEBT-03319,CUST-03319,9933.28,0.0,0.0,14397.0,0.0,24330.28,0.0502
DEBT-03320,CUST-03320,7546.3,0.0,0.0,0.0,0.0,7546.3,0.0131
DEBT-03321,CUST-03321,4675.88,13064.3,0.0,16812.33,0.0,34552.51,0.0594
DEBT-03322,CUST-03322,1321.42,0.0,0.0,25751.12,0.0,27072.54,0.1689
DEBT-03323,CUST-03323,15044.11,21597.66,0.0,0.0,0.0,36641.77,0.0374
DEBT-03324,CUST-03324,676.58,0.0,0.0,0.0,0.0,676.58,0.0079
DEBT-03325,CUST-03325,5124.6,0.0,40879.18,18138.75,243357.62,307500.15,0.6294
DEBT-03326,CUST-03326,1892.57,17423.02,0.0,0.0,0.0,19315.59,0.0403
DEBT-03327,CUST-03327,11539.41,0.0,0.0,32237.64,268942.09,312719.14,0.4109
DEBT-03328,CUST-03328,6868.74,0.0,0.0,0.0,0.0,6868.74,0.0162
DEBT-03329,CUST-03329,245.58,0.0,0.0,0.0,0.0,245.58,0.0008
DEBT-03330,CUST-03330,2086.33,0.0,0.0,18565.19,0.0,20651.52,0.0603
DEBT-03331,CUST-03331,0.0,0.0,0.0,0.0,0.0,0.0,0.0
DEBT-03332,CUST-03332,4524.45,22747.71,0.0,7413.25,0.0,34685.41,0.0988
DEBT-03333,CUST-03333,2376.98,0.0,36499.26,34728.31,0.0,73604.55,0.1323
DEBT-03334,CUST-03334,0.0,0.0,0.0,0.0,0.0,0.0,0.0
DEBT-03335,CUST-03335,0.0,0.0,0.0,0.0,0.0,0.0,0.0
DEBT-03336,CUST-03336,0.0,23669.53,0.0,0.0,82388.45,106057.98,0.1444
DEBT-03337,CUST-03337,6526.41,0.0,0.0,0.0,0.0,6526.41,0.0173
DEBT-03338,CUST-03338,431.7,0.0,0.0,0.0,0.0,431.7,0.0007
DEBT-03339,CUST-03339,0.0,0.0,0.0,0.0,418269.68,418269.68,0.6949
DEBT-03340,CUST-03340,1647.54,0.0,0.0,0.0,0.0,1647.54,0.0027
DEBT-03341,CUST-03341,3652.81,15720.99,11037.97,11474.62,385772.77,427659.16,1.0846
DEBT-03342,CUST-03342,9556.68,18124.13,0.0,0.0,157509.89,185190.7,0.2979
DEBT-03343,CUST-03343,0.0,18572.88,0.0,26224.6,0.0,44797.48,0.0866
DEBT-03344,CUST-03344,11409.43,0.0,34929.81,0.0,202724.18,249063.42,0.4234
DEBT-03345,CUST-03345,4537.54,0.0,0.0,0.0,266627.83,271165.37,0.9929
DEBT-03346,CUST-03346,5846.1,0.0,0.0,0.0,103459.07,109305.17,0.3033
DEBT-03347,CUST-03347,2774.98,8547.02,0.0,0.0,0.0,11322.0,0.0198
DEBT-03348,CUST-03348,5269.27,0.0,38984.12,0.0,0.0,44253.39,0.1138
DEBT-03349,CUST-03349,8947.52,0.0,0.0,0.0,415986.14,424933.66,0.8115
DEBT-03350,CUST-03350,17029.57,0.0,0.0,30262.98,0.0,47292.55,0.0635
DEBT-03351,CUST-03351,0.0,24877.79,0.0,0.0,0.0,24877.79,0.0434
DEBT-03352,CUST-03352,0.0,0.0,36770.22,0.0,0.0,36770.22,0.0487
DEBT-03353,CUST-03353,0.0,0.0,0.0,0.0,94162.1,94162.1,0.3399
DEBT-03354,CUST-03354,0.0,0.0,0.0,0.0,390802.15,390802.15,0.3207
DEBT-03355,CUST-03355,3381.95,0.0,0.0,0.0,156405.5,159787.45,0.1572
DEBT-03356,CUST-03356,3663.82,7657.36,0.0,16882.0,0.0,28203.18,0.1689
DEBT-03357,CUST-03357,927.48,0.0,0.0,0.0,0.0,927.48,0.0028
DEBT-03358,CUST-03358,2118.0,0.0,10560.24,0.0,0.0,12678.24,0.0229
DEBT-03359,CUST-03359,2148.71,0.0,0.0,0.0,133528.69,135677.4,0.0948
DEBT-03360,CUST-03360,0.0,23629.28,0.0,32933.71,0.0,56562.99,0.1268
DEBT-03361,CUST-03361,1213.17,0.0,0.0,0.0,0.0,1213.17,0.0019
DEBT-03362,CUST-03362,0.0,0.0,0.0,0.0,100801.22,100801.22,0.192
DEBT-03363,CUST-03363,8617.96,0.0,0.0,0.0,154726.8,163344.76,0.3289
DEBT-03364,CUST-03364,1834.19,0.0,18323.34,8327.94,247935.18,276420.65,0.5008
DEBT-03365,CUST-03365,2991.96,1270.18,31560.75,0.0,0.0,35822.89,0.1009
DEBT-03366,CUST-03366,368.46,4045.09,0.0,8602.75,0.0,13016.3,0.1196
DEBT-03367,CUST-03367,3623.71,0.0,0.0,0.0,0.0,3623.71,0.0052
DEBT-03368,CUST-03368,5057.38,0.0,0.0,33086.61,125842.87,163986.86,0.338
DEBT-03369,CUST-03369,6536.83,14850.11,0.0,0.0,88497.58,109884.52,0.2363
DEBT-03370,CUST-03370,7709.0,0.0,0.0,33892.12,0.0,41601.12,0.1053
DEBT-03371,CUST-03371,2528.24,0.0,0.0,0.0,0.0,2528.24,0.0091
DEBT-03372,CUST-03372,4773.86,0.0,0.0,10534.38,0.0,15308.24,0.0534
DEBT-03373,CUST-03373,6605.78,0.0,0.0,26892.02,0.0,33497.8,0.0442
DEBT-03374,CUST-03374,7838.17,0.0,0.0,0.0,0.0,7838.17,0.018
DEBT-03375,CUST-03375,20352.58,0.0,0.0,0.0,0.0,20352.58,0.0216
DEBT-03376,CUST-03376,4543.35,0.0,0.0,0.0,337287.33,341830.68,1.1742
DEBT-03377,CUST-03377,0.0,0.0,0.0,0.0,0.0,0.0,0.0
DEBT-03378,CUST-03378,4018.54,0.0,0.0,0.0,193787.99,197806.53,0.5276
DEBT-03379,CUST-03379,11324.78,0.0,6546.03,7822.91,0.0,25693.72,0.0432
DEBT-03380,CUST-03380,9772.04,0.0,0.0,0.0,0.0,9772.04,0.0225
DEBT-03381,CUST-03381,3973.41,0.0,0.0,20569.22,87503.9,112046.53,0.2442
DEBT-03382,CUST-03382,2768.44,0.0,0.0,0.0,0.0,2768.44,0.0076
DEBT-03383,CUST-03383,1324.32,21992.54,0.0,0.0,0.0,23316.86,0.0557
DEBT-03384,CUST-03384,7131.41,0.0,0.0,17606.96,0.0,24738.37,0.0602
DEBT-03385,CUST-03385,1188.62,2656.59,37192.65,0.0,0.0,41037.86,0.3727
DEBT-03386,CUST-03386,0.0,0.0,0.0,0.0,0.0,0.0,0.0
DEBT-03387,CUST-03387,7440.29,0.0,0.0,0.0,187228.11,194668.4,0.2193
DEBT-03388,CUST-03388,0.0,18163.13,0.0,0.0,0.0,18163.13,0.0423
DEBT-03389,CUST-03389,12904.59,0.0,0.0,0.0,0.0,12904.59,0.0187
DEBT-03390,CUST-03390,19197.88,0.0,0.0,0.0,0.0,19197.88,0.0178
DEBT-03391,CUST-03391,0.0,19721.54,0.0,7476.96,404499.07,431697.57,0.4526
DEBT-03392,CUST-03392,0.0,0.0,0.0,0.0,0.0,0.0,0.0
DEBT-03393,CUST-03393,0.0,0.0,0.0,25270.33,0.0,25270.33,0.0248
DEBT-03394,CUST-03394,2063.99,0.0,0.0,0.0,0.0,2063.99,0.0191
DEBT-03395,CUST-03395,1413.15,0.0,0.0,0.0,426148.03,427561.18,0.8441
DEBT-03396,CUST-03396,2000.95,5377.56,0.0,24809.75,0.0,32188.26,0.0937
DEBT-03397,CUST-03397,7063.93,0.0,0.0,14579.92,0.0,21643.85,0.0697
DEBT-03398,CUST-03398,6806.05,0.0,0.0,0.0,0.0,6806.05,0.0173
DEBT-03399,CUST-03399,417.35,0.0,0.0,29644.75,0.0,30062.1,0.0731
DEBT-03400,CUST-03400,0.0,0.0,32219.46,0.0,0.0,32219.46,0.0567
DEBT-03401,CUST-03401,2868.6,0.0,0.0,0.0,0.0,2868.6,0.0119
DEBT-03402,CUST-03402,4082.81,24072.63,0.0,25850.83,0.0,54006.27,0.2283
DEBT-03403,CUST-03403,0.0,0.0,0.0,6368.74,181297.59,187666.33,0.3078
DEBT-03404,CUST-03404,0.0,0.0,0.0,0.0,0.0,0.0,0.0
DEBT-03405,CUST-03405,1252.89,0.0,0.0,0.0,0.0,1252.89,0.0202
DEBT-03406,CUST-03406,2523.51,0.0,24968.85,0.0,0.0,27492.36,0.2026
DEBT-03407,CUST-03407,0.0,0.0,0.0,0.0,0.0,0.0,0.0
DEBT-03408,CUST-03408,0.0,0.0,0.0,0.0,0.0,0.0,0.0
DEBT-03409,CUST-03409,4897.34,0.0,0.0,0.0,0.0,4897.34,0.0102
DEBT-03410,CUST-03410,0.0,0.0,0.0,22887.3,0.0,22887.3,0.0437
DEBT-03411,CUST-03411,15397.61,0.0,0.0,21519.37,0.0,36916.98,0.0552
DEBT-03412,CUST-03412,2502.28,0.0,0.0,31153.67,0.0,33655.95,0.0351
DEBT-03413,CUST-03413,6731.53,0.0,0.0,0.0,0.0,6731.53,0.0135
DEBT-03414,CUST-03414,10451.46,13307.12,0.0,0.0,127982.27,151740.85,0.321
DEBT-03415,CUST-03415,148.28,0.0,0.0,0.0,0.0,148.28,0.0008
DEBT-03416,CUST-03416,10457.98,0.0,15566.73,0.0,0.0,26024.71,0.049
DEBT-03417,CUST-03417,12760.85,0.0,0.0,20704.71,0.0,33465.56,0.0593
DEBT-03418,CUST-03418,0.0,11801.04,0.0,12082.83,0.0,23883.87,0.0374
DEBT-03419,CUST-03419,8306.57,0.0,0.0,33659.04,290154.86,332120.47,0.5765
DEBT-03420,CUST-03420,0.0,0.0,0.0,0.0,0.0,0.0,0.0
DEBT-03421,CUST-03421,585.38,15327.28,0.0,0.0,0.0,15912.66,0.1402
DEBT-03422,CUST-03422,2963.45,0.0,0.0,0.0,0.0,2963.45,0.0035
DEBT-03423,CUST-03423,0.0,0.0,0.0,4105.6,333957.96,338063.56,0.6655
DEBT-03424,CUST-03424,4265.93,0.0,0.0,16053.94,0.0,20319.87,0.0935
DEBT-03425,CUST-03425,3229.1,13224.84,0.0,0.0,0.0,16453.94,0.0225
DEBT-03426,CUST-03426,0.0,0.0,0.0,0.0,0.0,0.0,0.0
DEBT-03427,CUST-03427,0.0,0.0,0.0,0.0,239482.44,239482.44,0.3585
DEBT-03428,CUST-03428,1252.63,0.0,0.0,0.0,0.0,1252.63,0.0078
DEBT-03429,CUST-03429,2826.78,9990.39,0.0,0.0,114247.32,127064.49,0.1869
DEBT-03430,CUST-03430,5583.73,0.0,0.0,0.0,86514.28,92098.01,0.0884
DEBT-03431,CUST-03431,2106.87,0.0,0.0,0.0,0.0,2106.87,0.0049
DEBT-03432,CUST-03432,1302.68,0.0,0.0,0.0,0.0,1302.68,0.0016
DEBT-03433,CUST-03433,1890.97,0.0,0.0,0.0,0.0,1890.97,0.0027
DEBT-03434,CUST-03434,0.0,0.0,0.0,0.0,0.0,0.0,0.0
DEBT-03435,CUST-03435,0.0,0.0,0.0,0.0,189655.69,189655.69,0.3839
DEBT-03436,CUST-03436,7912.48,0.0,0.0,0.0,0.0,7912.48,0.0188
DEBT-03437,CUST-03437,0.0,0.0,0.0,16781.89,0.0,16781.89,0.0244
DEBT-03438,CUST-03438,7520.44,0.0,0.0,21574.62,232045.73,261140.79,0.3114
DEBT-03439,CUST-03439,0.0,0.0,0.0,23465.68,0.0,23465.68,0.0358
DEBT-03440,CUST-03440,0.0,0.0,0.0,0.0,0.0,0.0,0.0
DEBT-03441,CUST-03441,0.0,0.0,0.0,29873.86,257820.84,287694.7,0.7318
DEBT-03442,CUST-03442,5254.0,0.0,0.0,0.0,279015.52,284269.52,1.1319
DEBT-03443,CUST-03443,8346.87,0.0,13546.55,0.0,0.0,21893.42,0.0321
DEBT-03444,CUST-03444,1059.93,0.0,0.0,24366.94,0.0,25426.87,0.0569
DEBT-03445,CUST-03445,19799.14,0.0,0.0,0.0,218663.79,238462.93,0.2411
DEBT-03446,CUST-03446,2152.46,0.0,0.0,34632.28,0.0,36784.74,0.1179
DEBT-03447,CUST-03447,0.0,0.0,0.0,0.0,0.0,0.0,0.0
DEBT-03448,CUST-03448,0.0,0.0,0.0,0.0,0.0,0.0,0.0
DEBT-03449,CUST-03449,7750.75,4286.17,0.0,31554.99,0.0,43591.91,0.0565
DEBT-03450,CUST-03450,3994.33,0.0,0.0,0.0,0.0,3994.33,0.0085
DEBT-03451,CUST-03451,17314.45,0.0,0.0,0.0,0.0,17314.45,0.0195
DEBT-03452,CUST-03452,1544.81,0.0,0.0,27142.64,0.0,28687.45,0.2558
DEBT-03453,CUST-03453,3453.17,4767.15,0.0,0.0,116272.25,124492.57,0.3395
DEBT-03454,CUST-03454,134.36,11611.66,0.0,13382.33,0.0,25128.35,0.4364
DEBT-03455,CUST-03455,11112.44,0.0,0.0,8198.09,0.0,19310.53,0.0365
DEBT-03456,CUST-03456,2989.95,0.0,0.0,0.0,0.0,2989.95,0.0075
DEBT-03457,CUST-03457,9126.33,0.0,0.0,0.0,0.0,9126.33,0.0134
DEBT-03458,CUST-03458,6536.74,0.0,0.0,0.0,0.0,6536.74,0.011
DEBT-03459,CUST-03459,20076.01,0.0,0.0,24253.7,0.0,44329.71,0.0449
DEBT-03460,CUST-03460,0.0,0.0,0.0,0.0,0.0,0.0,0.0
DEBT-03461,CUST-03461,9275.14,12805.16,0.0,0.0,0.0,22080.3,0.0396
DEBT-03462,CUST-03462,0.0,0.0,0.0,29306.15,0.0,29306.15,0.0774
DEBT-03463,CUST-03463,2443.67,0.0,0.0,14161.06,244479.77,261084.5,0.3615
DEBT-03464,CUST-03464,4120.03,0.0,0.0,0.0,0.0,4120.03,0.0075
DEBT-03465,CUST-03465,6556.58,0.0,0.0,0.0,308086.29,314642.87,0.4891
DEBT-03466,CUST-03466,0.0,0.0,0.0,0.0,0.0,0.0,0.0
DEBT-03467,CUST-03467,300.83,8133.6,0.0,0.0,0.0,8434.43,0.0261
DEBT-03468,CUST-03468,3883.13,0.0,0.0,6181.84,0.0,10064.97,0.0182
DEBT-03469,CUST-03469,5904.9,7102.86,0.0,0.0,384502.3,397510.06,0.7456
DEBT-03470,CUST-03470,0.0,0.0,0.0,28926.39,182677.27,211603.66,0.3649
DEBT-03471,CUST-03471,632.79,2449.6,0.0,26024.52,0.0,29106.91,0.3126
DEBT-03472,CUST-03472,0.0,0.0,0.0,0.0,0.0,0.0,0.0
DEBT-03473,CUST-03473,0.0,0.0,0.0,0.0,0.0,0.0,0.0
DEBT-03474,CUST-03474,589.72,0.0,0.0,0.0,0.0,589.72,0.0009
DEBT-03475,CUST-03475,0.0,0.0,0.0,0.0,0.0,0.0,0.0
DEBT-03476,CUST-03476,9355.88,0.0,0.0,0.0,0.0,9355.88,0.0207
DEBT-03477,CUST-03477,5392.46,0.0,7713.34,0.0,0.0,13105.8,0.044
DEBT-03478,CUST-03478,1576.42,24737.66,12388.39,0.0,0.0,38702.47,0.2247
DEBT-03479,CUST-03479,267.02,0.0,0.0,0.0,0.0,267.02,0.0013
DEBT-03480,CUST-03480,2352.17,0.0,34103.81,0.0,0.0,36455.98,0.2384
DEBT-03481,CUST-03481,3078.02,10570.68,0.0,0.0,0.0,13648.7,0.0337
DEBT-03482,CUST-03482,442.16,0.0,0.0,0.0,0.0,442.16,0.0009
DEBT-03483,CUST-03483,787.55,0.0,0.0,6344.83,0.0,7132.38,0.0151
DEBT-03484,CUST-03484,1543.87,0.0,0.0,0.0,0.0,1543.87,0.0163
DEBT-03485,CUST-03485,1338.38,0.0,0.0,0.0,0.0,1338.38,0.0084
DEBT-03486,CUST-03486,0.0,0.0,0.0,12786.29,0.0,12786.29,0.0365
DEBT-03487,CUST-03487,2946.17,8900.14,0.0,0.0,0.0,11846.31,0.0455
DEBT-03488,CUST-03488,403.03,0.0,0.0,9106.3,0.0,9509.33,0.0991
DEBT-03489,CUST-03489,0.0,0.0,0.0,0.0,0.0,0.0,0.0
DEBT-03490,CUST-03490,0.0,0.0,0.0,30865.14,433353.03,464218.17,1.4917
DEBT-03491,CUST-03491,0.0,15874.85,0.0,0.0,0.0,15874.85,0.0188
DEBT-03492,CUST-03492,11920.31,0.0,0.0,12266.43,0.0,24186.74,0.0364
DEBT-03493,CUST-03493,6074.62,19160.12,0.0,17321.18,0.0,42555.92,0.1272
DEBT-03494,CUST-03494,3516.1,0.0,0.0,0.0,111767.12,115283.22,0.2797
DEBT-03495,CUST-03495,0.0,0.0,0.0,32215.35,314761.25,346976.6,1.2549
DEBT-03496,CUST-03496,9486.77,0.0,0.0,0.0,117643.72,127130.49,0.2802
DEBT-03497,CUST-03497,10330.83,0.0,0.0,13436.73,0.0,23767.56,0.0439
DEBT-03498,CUST-03498,5414.65,0.0,0.0,0.0,406658.75,412073.4,1.3184
DEBT-03499,CUST-03499,27163.05,0.0,25495.89,0.0,104220.72,156879.66,0.1146
DEBT-03500,CUST-03500,4086.13,0.0,0.0,0.0,0.0,4086.13,0.0136
DEBT-03501,CUST-03501,17746.5,0.0,0.0,16529.39,0.0,34275.89,0.044
DEBT-03502,CUST-03502,10277.73,12895.23,0.0,0.0,0.0,23172.96,0.0289
DEBT-03503,CUST-03503,0.0,2357.1,0.0,20861.04,0.0,23218.14,0.0401
DEBT-03504,CUST-03504,0.0,0.0,0.0,0.0,0.0,0.0,0.0
DEBT-03505,CUST-03505,11332.79,15922.18,0.0,0.0,0.0,27254.97,0.0406
DEBT-03506,CUST-03506,709.53,0.0,0.0,28048.12,110127.22,138884.87,0.2051
DEBT-03507,CUST-03507,1973.95,0.0,0.0,0.0,0.0,1973.95,0.0054
DEBT-03508,CUST-03508,0.0,0.0,0.0,0.0,244202.2,244202.2,0.3158
DEBT-03509,CUST-03509,0.0,2016.26,0.0,25211.03,0.0,27227.29,0.0982
DEBT-03510,CUST-03510,453.59,24973.9,0.0,16501.93,0.0,41929.42,0.4641
DEBT-03511,CUST-03511,11767.62,0.0,0.0,10536.77,286504.76,308809.15,0.3896
DEBT-03512,CUST-03512,0.0,0.0,0.0,0.0,148827.77,148827.77,0.3941
DEBT-03513,CUST-03513,0.0,0.0,0.0,0.0,156322.65,156322.65,0.1974
DEBT-03514,CUST-03514,1266.11,7340.54,0.0,0.0,270546.38,279153.03,1.0043
DEBT-03515,CUST-03515,10100.32,4989.69,0.0,0.0,0.0,15090.01,0.0242
DEBT-03516,CUST-03516,0.0,0.0,0.0,0.0,0.0,0.0,0.0
DEBT-03517,CUST-03517,11902.04,0.0,0.0,0.0,0.0,11902.04,0.0178
DEBT-03518,CUST-03518,0.0,0.0,0.0,9698.16,0.0,9698.16,0.0578
DEBT-03519,CUST-03519,5268.09,19609.74,0.0,19434.62,0.0,44312.45,0.0922
DEBT-03520,CUST-03520,0.0,0.0,0.0,15997.89,0.0,15997.89,0.0207
DEBT-03521,CUST-03521,6270.74,22283.25,0.0,10473.75,0.0,39027.74,0.1192
DEBT-03522,CUST-03522,9815.64,0.0,0.0,0.0,0.0,9815.64,0.0165
DEBT-03523,CUST-03523,18228.9,4664.68,0.0,29740.88,0.0,52634.46,0.0623
DEBT-03524,CUST-03524,445.0,0.0,0.0,0.0,296273.42,296718.42,0.7895
DEBT-03525,CUST-03525,14972.39,0.0,0.0,27717.09,0.0,42689.48,0.0469
DEBT-03526,CUST-03526,0.0,0.0,0.0,24481.84,0.0,24481.84,0.0775
DEBT-03527,CUST-03527,0.0,0.0,0.0,0.0,189685.01,189685.01,0.5064
DEBT-03528,CUST-03528,4308.03,0.0,0.0,0.0,0.0,4308.03,0.0199
DEBT-03529,CUST-03529,0.0,0.0,0.0,0.0,206765.06,206765.06,0.3748
DEBT-03530,CUST-03530,0.0,20013.85,0.0,0.0,0.0,20013.85,0.0702
DEBT-03531,CUST-03531,1390.71,2051.05,13130.63,0.0,0.0,16572.39,0.1215
DEBT-03532,CUST-03532,0.0,0.0,12701.03,21695.98,305170.92,339567.93,0.4466
DEBT-03533,CUST-03533,278.37,7817.66,0.0,0.0,0.0,8096.03,0.0232
DEBT-03534,CUST-03534,13665.19,0.0,0.0,0.0,0.0,13665.19,0.0152
DEBT-03535,CUST-03535,7106.1,12091.02,0.0,12440.12,150644.31,182281.55,0.3373
DEBT-03536,CUST-03536,2998.21,0.0,0.0,0.0,0.0,2998.21,0.0076
DEBT-03537,CUST-03537,470.38,0.0,0.0,0.0,0.0,470.38,0.0074
DEBT-03538,CUST-03538,0.0,0.0,0.0,34539.3,0.0,34539.3,0.268
DEBT-03539,CUST-03539,11534.3,0.0,0.0,0.0,0.0,11534.3,0.0184
DEBT-03540,CUST-03540,0.0,7208.03,0.0,14982.83,209397.92,231588.78,0.3384
DEBT-03541,CUST-03541,0.0,0.0,0.0,0.0,0.0,0.0,0.0
DEBT-03542,CUST-03542,0.0,0.0,0.0,0.0,0.0,0.0,0.0
DEBT-03543,CUST-03543,0.0,0.0,0.0,0.0,228653.42,228653.42,0.407
DEBT-03544,CUST-03544,1033.37,0.0,0.0,0.0,0.0,1033.37,0.0026
DEBT-03545,CUST-03545,3066.61,0.0,14202.65,0.0,0.0,17269.26,0.0311
DEBT-03546,CUST-03546,4248.04,0.0,0.0,8339.92,0.0,12587.96,0.0242
DEBT-03547,CUST-03547,3824.34,0.0,0.0,0.0,0.0,3824.34,0.0054
DEBT-03548,CUST-03548,8577.15,0.0,0.0,0.0,0.0,8577.15,0.0144
DEBT-03549,CUST-03549,5211.42,0.0,0.0,0.0,0.0,5211.42,0.0149
DEBT-03550,CUST-03550,3572.23,0.0,0.0,0.0,0.0,3572.23,0.0188
DEBT-03551,CUST-03551,0.0,0.0,0.0,0.0,94814.73,94814.73,0.2311
DEBT-03552,CUST-03552,5732.18,0.0,0.0,0.0,0.0,5732.18,0.0194
DEBT-03553,CUST-03553,10789.82,0.0,0.0,0.0,0.0,10789.82,0.0205
DEBT-03554,CUST-03554,6322.16,4928.23,0.0,0.0,0.0,11250.39,0.033
DEBT-03555,CUST-03555,8731.97,0.0,0.0,6663.76,0.0,15395.73,0.0405
DEBT-03556,CUST-03556,0.0,0.0,0.0,0.0,0.0,0.0,0.0
DEBT-03557,CUST-03557,0.0,0.0,26827.2,16676.46,0.0,43503.66,0.0914
DEBT-03558,CUST-03558,6383.56,0.0,19068.62,34594.66,123575.64,183622.48,0.4364
DEBT-03559,CUST-03559,6945.01,0.0,0.0,18552.47,0.0,25497.48,0.0478
DEBT-03560,CUST-03560,519.74,19382.3,0.0,0.0,0.0,19902.04,0.0611
DEBT-03561,CUST-03561,8294.0,0.0,0.0,34709.9,0.0,43003.9,0.097
DEBT-03562,CUST-03562,6970.93,0.0,0.0,0.0,120846.6,127817.53,0.3351
DEBT-03563,CUST-03563,8425.43,0.0,0.0,0.0,264990.78,273416.21,0.7274
DEBT-03564,CUST-03564,0.0,0.0,0.0,0.0,0.0,0.0,0.0
DEBT-03565,CUST-03565,548.34,19025.8,0.0,0.0,0.0,19574.14,0.0766
DEBT-03566,CUST-03566,11029.99,0.0,0.0,0.0,0.0,11029.99,0.0143
DEBT-03567,CUST-03567,15931.74,16422.52,0.0,34897.26,0.0,67251.52,0.0899
DEBT-03568,CUST-03568,185.81,0.0,0.0,0.0,0.0,185.81,0.0009
DEBT-03569,CUST-03569,3570.57,0.0,0.0,0.0,0.0,3570.57,0.0074
DEBT-03570,CUST-03570,21443.97,0.0,0.0,20640.9,0.0,42084.87,0.0365
DEBT-03571,CUST-03571,7871.36,0.0,0.0,0.0,300748.35,308619.71,0.8043
DEBT-03572,CUST-03572,0.0,15441.54,0.0,0.0,0.0,15441.54,0.0487
DEBT-03573,CUST-03573,0.0,0.0,0.0,0.0,0.0,0.0,0.0
DEBT-03574,CUST-03574,0.0,0.0,14801.2,5337.77,0.0,20138.97,0.0275
DEBT-03575,CUST-03575,3031.92,10810.8,0.0,28999.49,0.0,42842.21,0.1494
DEBT-03576,CUST-03576,14760.14,0.0,0.0,0.0,0.0,14760.14,0.0179
DEBT-03577,CUST-03577,260.41,11196.24,17614.68,0.0,0.0,29071.33,0.2665
DEBT-03578,CUST-03578,7498.3,0.0,0.0,0.0,0.0,7498.3,0.012
DEBT-03579,CUST-03579,1682.16,0.0,0.0,0.0,0.0,1682.16,0.0147
DEBT-03580,CUST-03580,4697.15,0.0,0.0,0.0,0.0,4697.15,0.0062
DEBT-03581,CUST-03581,3104.19,0.0,0.0,11621.29,0.0,14725.48,0.0364
DEBT-03582,CUST-03582,4370.6,0.0,0.0,0.0,0.0,4370.6,0.0127
DEBT-03583,CUST-03583,16389.44,0.0,0.0,0.0,377295.53,393684.97,0.5526
DEBT-03584,CUST-03584,1196.04,0.0,0.0,0.0,0.0,1196.04,0.019
DEBT-03585,CUST-03585,5183.29,0.0,0.0,12693.28,0.0,17876.57,0.035
DEBT-03586,CUST-03586,16856.14,0.0,0.0,0.0,0.0,16856.14,0.0227
DEBT-03587,CUST-03587,1138.61,0.0,0.0,23495.93,0.0,24634.54,0.3659
DEBT-03588,CUST-03588,14862.47,0.0,23941.88,8238.94,0.0,47043.29,0.0694
DEBT-03589,CUST-03589,6529.0,0.0,0.0,0.0,0.0,6529.0,0.0104
DEBT-03590,CUST-03590,1808.66,0.0,0.0,0.0,0.0,1808.66,0.0197
DEBT-03591,CUST-03591,8805.96,0.0,0.0,28182.9,0.0,36988.86,0.0724
DEBT-03592,CUST-03592,2599.69,0.0,0.0,16751.13,324295.03,343645.85,0.4294
DEBT-03593,CUST-03593,4112.41,0.0,0.0,11329.0,0.0,15441.41,0.0227
DEBT-03594,CUST-03594,668.96,0.0,0.0,0.0,198964.22,199633.18,0.3315
DEBT-03595,CUST-03595,2340.74,20996.66,0.0,0.0,0.0,23337.4,0.118
DEBT-03596,CUST-03596,2269.38,0.0,0.0,0.0,0.0,2269.38,0.0227
DEBT-03597,CUST-03597,0.0,6308.08,0.0,19258.62,0.0,25566.7,0.0767
DEBT-03598,CUST-03598,2400.05,9665.81,0.0,0.0,385969.24,398035.1,0.9824
DEBT-03599,CUST-03599,1349.74,0.0,0.0,0.0,0.0,1349.74,0.003
DEBT-03600,CUST-03600,0.0,0.0,0.0,0.0,0.0,0.0,0.0
DEBT-03601,CUST-03601,4665.63,0.0,0.0,0.0,0.0,4665.63,0.0108
DEBT-03602,CUST-03602,0.0,15198.72,0.0,10256.35,0.0,25455.07,0.066
DEBT-03603,CUST-03603,1546.38,9745.02,0.0,0.0,230459.52,241750.92,0.6067
DEBT-03604,CUST-03604,0.0,0.0,0.0,0.0,208747.03,208747.03,0.2304
DEBT-03605,CUST-03605,3081.11,0.0,0.0,21045.39,0.0,24126.5,0.0374
DEBT-03606,CUST-03606,14423.03,0.0,0.0,0.0,0.0,14423.03,0.016
DEBT-03607,CUST-03607,4494.49,0.0,0.0,0.0,0.0,4494.49,0.0168
DEBT-03608,CUST-03608,312.15,0.0,0.0,0.0,0.0,312.15,0.0008
DEBT-03609,CUST-03609,9054.39,0.0,0.0,0.0,0.0,9054.39,0.0098
DEBT-03610,CUST-03610,0.0,14740.3,0.0,0.0,0.0,14740.3,0.0243
DEBT-03611,CUST-03611,13535.3,11570.79,15074.48,0.0,357444.14,397624.71,0.6177
DEBT-03612,CUST-03612,13959.09,0.0,0.0,0.0,0.0,13959.09,0.019
DEBT-03613,CUST-03613,12348.2,1567.87,25362.38,21376.05,0.0,60654.5,0.087
DEBT-03614,CUST-03614,14831.67,23856.78,0.0,19519.78,110288.89,168497.12,0.245
DEBT-03615,CUST-03615,6341.41,0.0,23629.39,0.0,0.0,29970.8,0.052
DEBT-03616,CUST-03616,8807.4,23384.37,0.0,25162.45,0.0,57354.22,0.1186
DEBT-03617,CUST-03617,5878.77,0.0,0.0,0.0,0.0,5878.77,0.008
DEBT-03618,CUST-03618,0.0,12442.99,0.0,0.0,0.0,12442.99,0.0558
DEBT-03619,CUST-03619,1809.12,0.0,0.0,0.0,0.0,1809.12,0.0108
DEBT-03620,CUST-03620,2838.87,0.0,0.0,11258.94,246899.45,260997.26,0.4538
DEBT-03621,CUST-03621,5683.87,0.0,0.0,0.0,0.0,5683.87,0.0093
DEBT-03622,CUST-03622,1412.21,0.0,0.0,27639.34,0.0,29051.55,0.1944
DEBT-03623,CUST-03623,2107.95,10794.99,0.0,0.0,0.0,12902.94,0.0323
DEBT-03624,CUST-03624,7103.31,0.0,0.0,0.0,0.0,7103.31,0.0147
DEBT-03625,CUST-03625,721.02,0.0,0.0,0.0,0.0,721.02,0.001
DEBT-03626,CUST-03626,785.94,0.0,0.0,0.0,0.0,785.94,0.0019
DEBT-03627,CUST-03627,7357.63,0.0,0.0,0.0,138267.95,145625.58,0.3387
DEBT-03628,CUST-03628,6752.69,0.0,0.0,0.0,102949.2,109701.89,0.3428
DEBT-03629,CUST-03629,2265.87,4113.18,0.0,0.0,248392.55,254771.6,0.9688
DEBT-03630,CUST-03630,0.0,0.0,0.0,0.0,0.0,0.0,0.0
DEBT-03631,CUST-03631,17029.98,10984.42,0.0,20726.87,0.0,48741.27,0.0547
DEBT-03632,CUST-03632,1088.65,12373.7,0.0,32382.5,0.0,45844.85,0.2144
DEBT-03633,CUST-03633,1852.76,0.0,19857.43,0.0,321280.81,342991.0,0.784
DEBT-03634,CUST-03634,2250.12,13453.71,0.0,0.0,0.0,15703.83,0.0726
DEBT-03635,CUST-03635,0.0,0.0,0.0,0.0,0.0,0.0,0.0
DEBT-03636,CUST-03636,0.0,0.0,0.0,0.0,0.0,0.0,0.0
DEBT-03637,CUST-03637,6899.33,10605.59,0.0,0.0,183185.81,200690.73,0.3622
DEBT-03638,CUST-03638,4616.57,0.0,0.0,26848.32,0.0,31464.89,0.0676
DEBT-03639,CUST-03639,4938.0,0.0,0.0,0.0,0.0,4938.0,0.0058
DEBT-03640,CUST-03640,4606.51,1577.15,34817.6,0.0,0.0,41001.26,0.1422
DEBT-03641,CUST-03641,5890.68,6962.68,0.0,0.0,0.0,12853.36,0.0373
DEBT-03642,CUST-03642,0.0,0.0,0.0,0.0,106410.31,106410.31,0.2428
DEBT-03643,CUST-03643,0.0,0.0,0.0,5981.63,0.0,5981.63,0.0144
DEBT-03644,CUST-03644,1237.05,0.0,43305.99,34693.15,316931.59,396167.78,0.6369
DEBT-03645,CUST-03645,0.0,0.0,0.0,0.0,447828.15,447828.15,1.3604
DEBT-03646,CUST-03646,0.0,0.0,0.0,19179.95,0.0,19179.95,0.0738
DEBT-03647,CUST-03647,0.0,0.0,0.0,25485.45,0.0,25485.45,0.0518
DEBT-03648,CUST-03648,0.0,0.0,0.0,0.0,0.0,0.0,0.0
DEBT-03649,CUST-03649,474.76,0.0,0.0,0.0,0.0,474.76,0.0065
DEBT-03650,CUST-03650,1967.54,0.0,0.0,0.0,0.0,1967.54,0.0075
DEBT-03651,CUST-03651,4341.89,10202.01,0.0,13005.39,201255.25,228804.54,0.5939
DEBT-03652,CUST-03652,0.0,0.0,0.0,18769.83,0.0,18769.83,0.04
DEBT-03653,CUST-03653,8479.83,0.0,0.0,0.0,0.0,8479.83,0.0156
DEBT-03654,CUST-03654,0.0,0.0,0.0,0.0,0.0,0.0,0.0
DEBT-03655,CUST-03655,661.23,0.0,0.0,28274.09,356800.72,385736.04,1.0876
DEBT-03656,CUST-03656,9717.23,0.0,0.0,5074.82,0.0,14792.05,0.0119
DEBT-03657,CUST-03657,6811.45,0.0,0.0,0.0,0.0,6811.45,0.0118
DEBT-03658,CUST-03658,7932.06,8288.52,0.0,26290.19,0.0,42510.77,0.0775
DEBT-03659,CUST-03659,5029.72,0.0,29726.28,12646.1,0.0,47402.1,0.0772
DEBT-03660,CUST-03660,3190.8,16755.92,0.0,0.0,0.0,19946.72,0.1069
DEBT-03661,CUST-03661,3382.57,0.0,42472.77,0.0,0.0,45855.34,0.044
DEBT-03662,CUST-03662,1170.27,9691.47,0.0,0.0,0.0,10861.74,0.1042
DEBT-03663,CUST-03663,3934.36,0.0,0.0,15622.8,0.0,19557.16,0.0675
DEBT-03664,CUST-03664,0.0,0.0,0.0,0.0,0.0,0.0,0.0
DEBT-03665,CUST-03665,0.0,23514.99,0.0,21102.03,0.0,44617.02,0.1939
DEBT-03666,CUST-03666,6051.46,0.0,0.0,0.0,0.0,6051.46,0.0209
DEBT-03667,CUST-03667,0.0,22903.13,0.0,0.0,0.0,22903.13,0.0308
DEBT-03668,CUST-03668,11035.28,21365.73,0.0,0.0,0.0,32401.01,0.0379
DEBT-03669,CUST-03669,5775.99,21442.5,0.0,30610.97,0.0,57829.46,0.1567
DEBT-03670,CUST-03670,1259.15,0.0,0.0,0.0,81255.88,82515.03,0.2727
DEBT-03671,CUST-03671,3677.17,0.0,35049.23,28678.1,253448.48,320852.98,0.7458
DEBT-03672,CUST-03672,814.17,4022.5,0.0,0.0,286244.26,291080.93,0.9622
DEBT-03673,CUST-03673,7723.6,0.0,0.0,21231.59,0.0,28955.19,0.067
DEBT-03674,CUST-03674,7031.6,0.0,0.0,0.0,0.0,7031.6,0.0093
DEBT-03675,CUST-03675,927.96,0.0,0.0,0.0,0.0,927.96,0.0061
DEBT-03676,CUST-03676,0.0,0.0,0.0,0.0,0.0,0.0,0.0
DEBT-03677,CUST-03677,1842.69,17831.7,0.0,20198.92,0.0,39873.31,0.0899
DEBT-03678,CUST-03678,3838.1,0.0,0.0,0.0,0.0,3838.1,0.0049
DEBT-03679,CUST-03679,1819.1,9952.41,0.0,0.0,0.0,11771.51,0.0167
DEBT-03680,CUST-03680,0.0,0.0,0.0,5524.35,0.0,5524.35,0.009
DEBT-03681,CUST-03681,2240.92,3920.24,0.0,0.0,0.0,6161.16,0.025
DEBT-03682,CUST-03682,0.0,24886.18,0.0,19477.16,0.0,44363.34,0.1327
DEBT-03683,CUST-03683,5028.68,0.0,0.0,0.0,0.0,5028.68,0.0209
DEBT-03684,CUST-03684,1436.3,13011.36,0.0,0.0,305061.68,319509.34,0.8309
DEBT-03685,CUST-03685,0.0,0.0,0.0,0.0,0.0,0.0,0.0
DEBT-03686,CUST-03686,0.0,0.0,0.0,10330.29,0.0,10330.29,0.0154
DEBT-03687,CUST-03687,4162.92,0.0,0.0,0.0,0.0,4162.92,0.0041
DEBT-03688,CUST-03688,2500.78,8857.27,0.0,0.0,0.0,11358.05,0.0424
DEBT-03689,CUST-03689,9580.07,11035.19,0.0,0.0,0.0,20615.26,0.0401
DEBT-03690,CUST-03690,7031.58,0.0,0.0,0.0,0.0,7031.58,0.0142
DEBT-03691,CUST-03691,1055.3,0.0,0.0,8030.99,0.0,9086.29,0.0197
DEBT-03692,CUST-03692,4114.52,19998.28,0.0,0.0,0.0,24112.8,0.0572
DEBT-03693,CUST-03693,0.0,0.0,36565.83,0.0,166262.25,202828.08,0.2014
DEBT-03694,CUST-03694,13890.08,0.0,0.0,0.0,0.0,13890.08,0.0188
DEBT-03695,CUST-03695,4511.88,21818.17,0.0,18917.19,0.0,45247.24,0.128
DEBT-03696,CUST-03696,5606.22,0.0,0.0,0.0,304874.1,310480.32,0.7718
DEBT-03697,CUST-03697,7303.53,16322.93,0.0,0.0,0.0,23626.46,0.0581
DEBT-03698,CUST-03698,13817.85,0.0,0.0,0.0,363269.86,377087.71,0.5387
DEBT-03699,CUST-03699,0.0,0.0,0.0,0.0,0.0,0.0,0.0
DEBT-03700,CUST-03700,8674.06,0.0,0.0,0.0,0.0,8674.06,0.0205
DEBT-03701,CUST-03701,14111.4,24937.17,10333.13,0.0,0.0,49381.7,0.0786
DEBT-03702,CUST-03702,576.86,0.0,0.0,33130.7,0.0,33707.56,0.0951
DEBT-03703,CUST-03703,5396.22,0.0,0.0,6837.46,365844.03,378077.71,0.6854
DEBT-03704,CUST-03704,342.92,16201.06,0.0,17395.39,0.0,33939.37,0.4043
DEBT-03705,CUST-03705,1276.43,6080.5,0.0,33916.49,0.0,41273.42,0.3536
DEBT-03706,CUST-03706,3108.26,0.0,0.0,0.0,0.0,3108.26,0.0125
DEBT-03707,CUST-03707,9559.35,0.0,0.0,0.0,106685.76,116245.11,0.1148
DEBT-03708,CUST-03708,1767.59,0.0,0.0,22536.26,0.0,24303.85,0.0449
DEBT-03709,CUST-03709,1163.15,0.0,37614.58,32475.03,0.0,71252.76,0.6452
DEBT-03710,CUST-03710,329.98,0.0,35823.46,0.0,0.0,36153.44,0.0704
DEBT-03711,CUST-03711,5698.59,0.0,0.0,0.0,0.0,5698.59,0.0228
DEBT-03712,CUST-03712,0.0,9375.66,0.0,0.0,0.0,9375.66,0.0158
DEBT-03713,CUST-03713,0.0,0.0,0.0,15079.94,0.0,15079.94,0.0153
DEBT-03714,CUST-03714,7885.4,0.0,0.0,0.0,0.0,7885.4,0.0161
DEBT-03715,CUST-03715,3548.31,0.0,0.0,22972.96,0.0,26521.27,0.1486
DEBT-03716,CUST-03716,6613.27,0.0,0.0,0.0,305605.11,312218.38,0.8786
DEBT-03717,CUST-03717,5708.69,0.0,0.0,0.0,0.0,5708.69,0.0147
DEBT-03718,CUST-03718,9636.16,0.0,0.0,23863.22,0.0,33499.38,0.0569
DEBT-03719,CUST-03719,0.0,22357.74,0.0,0.0,0.0,22357.74,0.0791
DEBT-03720,CUST-03720,0.0,0.0,0.0,0.0,0.0,0.0,0.0
DEBT-03721,CUST-03721,0.0,0.0,0.0,0.0,0.0,0.0,0.0
DEBT-03722,CUST-03722,11315.33,0.0,0.0,33071.69,0.0,44387.02,0.074
DEBT-03723,CUST-03723,7627.58,0.0,0.0,33605.16,322489.94,363722.68,0.6672
DEBT-03724,CUST-03724,1121.06,0.0,0.0,0.0,0.0,1121.06,0.0034
DEBT-03725,CUST-03725,0.0,19732.01,0.0,30799.91,0.0,50531.92,0.1159
DEBT-03726,CUST-03726,12461.53,22107.3,0.0,0.0,410732.2,445301.03,0.5283
DEBT-03727,CUST-03727,8911.38,7859.23,0.0,0.0,0.0,16770.61,0.0203
DEBT-03728,CUST-03728,1172.31,0.0,0.0,0.0,0.0,1172.31,0.0028
DEBT-03729,CUST-03729,0.0,0.0,39725.07,0.0,0.0,39725.07,0.0626
DEBT-03730,CUST-03730,8619.09,0.0,0.0,0.0,93786.22,102405.31,0.14
DEBT-03731,CUST-03731,0.0,0.0,18366.21,0.0,0.0,18366.21,0.0274
DEBT-03732,CUST-03732,691.3,8671.5,0.0,0.0,0.0,9362.8,0.0228
DEBT-03733,CUST-03733,3901.95,0.0,0.0,0.0,0.0,3901.95,0.0116
DEBT-03734,CUST-03734,4208.92,0.0,0.0,0.0,0.0,4208.92,0.0054
DEBT-03735,CUST-03735,7270.87,0.0,0.0,0.0,0.0,7270.87,0.0217
DEBT-03736,CUST-03736,1574.31,14999.04,0.0,27726.26,0.0,44299.61,0.0916
DEBT-03737,CUST-03737,8708.19,0.0,0.0,29470.72,0.0,38178.91,0.0444
DEBT-03738,CUST-03738,0.0,0.0,0.0,0.0,0.0,0.0,0.0
DEBT-03739,CUST-03739,0.0,0.0,0.0,5518.07,0.0,5518.07,0.022
DEBT-03740,CUST-03740,6717.31,0.0,0.0,0.0,0.0,6717.31,0.0115
DEBT-03741,CUST-03741,6580.67,0.0,0.0,0.0,0.0,6580.67,0.0197
DEBT-03742,CUST-03742,0.0,0.0,0.0,0.0,292629.69,292629.69,0.5537
DEBT-03743,CUST-03743,0.0,23324.65,0.0,0.0,0.0,23324.65,0.0425
DEBT-03744,CUST-03744,0.0,0.0,0.0,14609.88,257852.12,272462.0,0.4837
DEBT-03745,CUST-03745,0.0,0.0,0.0,0.0,0.0,0.0,0.0
DEBT-03746,CUST-03746,4170.7,7394.22,0.0,30838.17,401378.67,443781.76,0.6478
DEBT-03747,CUST-03747,1771.39,0.0,0.0,30326.53,0.0,32097.92,0.123
DEBT-03748,CUST-03748,3566.21,1138.3,0.0,0.0,431575.06,436279.57,1.1882
DEBT-03749,CUST-03749,3172.26,0.0,0.0,0.0,98668.55,101840.81,0.2803
DEBT-03750,CUST-03750,5834.67,8416.27,0.0,0.0,0.0,14250.94,0.0188
DEBT-03751,CUST-03751,531.37,0.0,17340.81,0.0,0.0,17872.18,0.1737
DEBT-03752,CUST-03752,6909.9,9845.71,0.0,0.0,0.0,16755.61,0.0513
DEBT-03753,CUST-03753,2426.41,0.0,0.0,0.0,0.0,2426.41,0.0062
DEBT-03754,CUST-03754,1291.01,0.0,0.0,17473.24,0.0,18764.25,0.3228
DEBT-03755,CUST-03755,0.0,8703.65,0.0,33437.76,0.0,42141.41,0.0868
DEBT-03756,CUST-03756,8070.29,15738.03,0.0,19037.65,0.0,42845.97,0.0784
DEBT-03757,CUST-03757,6437.08,0.0,0.0,0.0,288070.94,294508.02,0.9857
DEBT-03758,CUST-03758,11499.72,0.0,0.0,8946.97,208058.33,228505.02,0.3031
DEBT-03759,CUST-03759,0.0,0.0,0.0,0.0,0.0,0.0,0.0
DEBT-03760,CUST-03760,4478.43,0.0,0.0,15526.87,0.0,20005.3,0.0461
DEBT-03761,CUST-03761,13631.23,0.0,13058.52,29343.56,0.0,56033.31,0.093
DEBT-03762,CUST-03762,0.0,10589.59,0.0,0.0,0.0,10589.59,0.0231
DEBT-03763,CUST-03763,5776.39,0.0,0.0,0.0,0.0,5776.39,0.0158
DEBT-03764,CUST-03764,7491.9,0.0,0.0,0.0,0.0,7491.9,0.0106
DEBT-03765,CUST-03765,4447.65,10345.92,0.0,0.0,128825.53,143619.1,0.3258
DEBT-03766,CUST-03766,2643.08,0.0,0.0,25607.12,0.0,28250.2,0.0698
DEBT-03767,CUST-03767,0.0,0.0,0.0,33158.58,0.0,33158.58,0.157
DEBT-03768,CUST-03768,9761.1,0.0,23305.11,14701.21,0.0,47767.42,0.096
DEBT-03769,CUST-03769,1317.07,0.0,0.0,0.0,0.0,1317.07,0.0033
DEBT-03770,CUST-03770,3859.65,0.0,0.0,0.0,0.0,3859.65,0.0032
DEBT-03771,CUST-03771,0.0,0.0,0.0,0.0,269221.95,269221.95,0.3352
DEBT-03772,CUST-03772,10671.12,0.0,0.0,0.0,0.0,10671.12,0.0149
DEBT-03773,CUST-03773,0.0,0.0,0.0,0.0,0.0,0.0,0.0
DEBT-03774,CUST-03774,10595.4,0.0,28293.98,14223.83,0.0,53113.21,0.1141
DEBT-03775,CUST-03775,3596.45,0.0,0.0,16815.6,0.0,20412.05,0.0889
DEBT-03776,CUST-03776,912.88,6672.78,0.0,0.0,0.0,7585.66,0.1093
DEBT-03777,CUST-03777,0.0,5150.7,0.0,14297.42,120510.6,139958.72,0.1484
DEBT-03778,CUST-03778,9004.6,16472.47,0.0,0.0,146676.59,172153.66,0.3561
DEBT-03779,CUST-03779,2049.95,10844.7,0.0,0.0,113486.9,126381.55,0.2052
DEBT-03780,CUST-03780,0.0,0.0,0.0,0.0,0.0,0.0,0.0
DEBT-03781,CUST-03781,0.0,0.0,0.0,0.0,0.0,0.0,0.0
DEBT-03782,CUST-03782,16411.81,0.0,0.0,0.0,0.0,16411.81,0.0218
DEBT-03783,CUST-03783,0.0,0.0,0.0,30720.28,0.0,30720.28,0.0666
DEBT-03784,CUST-03784,2570.17,13819.33,34363.77,0.0,0.0,50753.27,0.132
DEBT-03785,CUST-03785,6936.83,22456.52,0.0,15677.68,132222.32,177293.35,0.41
DEBT-03786,CUST-03786,2154.4,0.0,0.0,9018.6,0.0,11173.0,0.0562
DEBT-03787,CUST-03787,2555.2,0.0,0.0,0.0,189676.64,192231.84,0.3478
DEBT-03788,CUST-03788,5578.32,0.0,0.0,0.0,140907.55,146485.87,0.5472
DEBT-03789,CUST-03789,0.0,0.0,0.0,0.0,406977.75,406977.75,0.8852
DEBT-03790,CUST-03790,0.0,6818.9,0.0,0.0,0.0,6818.9,0.0118
DEBT-03791,CUST-03791,0.0,21014.89,0.0,6215.26,411988.51,439218.66,0.3536
DEBT-03792,CUST-03792,6019.86,0.0,32354.08,27546.57,365623.08,431543.59,1.1222
DEBT-03793,CUST-03793,8045.62,0.0,0.0,29402.35,0.0,37447.97,0.0599
DEBT-03794,CUST-03794,0.0,0.0,0.0,4726.07,428786.35,433512.42,0.6976
DEBT-03795,CUST-03795,765.47,0.0,0.0,0.0,0.0,765.47,0.0165
DEBT-03796,CUST-03796,0.0,0.0,5392.75,0.0,0.0,5392.75,0.0147
DEBT-03797,CUST-03797,9619.23,0.0,15952.12,0.0,177183.79,202755.14,0.3223
DEBT-03798,CUST-03798,1315.03,0.0,0.0,0.0,0.0,1315.03,0.0126
DEBT-03799,CUST-03799,21174.37,0.0,0.0,0.0,154124.75,175299.12,0.1484
DEBT-03800,CUST-03800,2642.24,0.0,0.0,0.0,0.0,2642.24,0.0056
DEBT-03801,CUST-03801,2953.78,0.0,0.0,20640.45,292359.05,315953.28,0.5754
DEBT-03802,CUST-03802,814.88,0.0,0.0,25975.54,0.0,26790.42,0.0795
DEBT-03803,CUST-03803,5785.46,0.0,0.0,0.0,0.0,5785.46,0.0106
DEBT-03804,CUST-03804,7968.74,0.0,0.0,10325.89,0.0,18294.63,0.0163
DEBT-03805,CUST-03805,6749.88,0.0,0.0,0.0,0.0,6749.88,0.0111
DEBT-03806,CUST-03806,7881.45,10741.06,0.0,0.0,0.0,18622.51,0.0215
DEBT-03807,CUST-03807,0.0,0.0,0.0,4777.18,0.0,4777.18,0.0094
DEBT-03808,CUST-03808,0.0,0.0,0.0,0.0,0.0,0.0,0.0
DEBT-03809,CUST-03809,0.0,0.0,0.0,0.0,0.0,0.0,0.0
DEBT-03810,CUST-03810,588.06,8335.62,44420.95,9420.89,0.0,62765.52,0.7895
DEBT-03811,CUST-03811,0.0,9817.13,0.0,0.0,0.0,9817.13,0.0166
DEBT-03812,CUST-03812,0.0,0.0,0.0,0.0,0.0,0.0,0.0
DEBT-03813,CUST-03813,13255.96,0.0,0.0,0.0,249348.64,262604.6,0.3655
DEBT-03814,CUST-03814,535.13,23969.97,0.0,0.0,338019.24,362524.34,0.7354
DEBT-03815,CUST-03815,0.0,0.0,0.0,0.0,297620.56,297620.56,0.4461
DEBT-03816,CUST-03816,0.0,0.0,23900.76,0.0,0.0,23900.76,0.2104
DEBT-03817,CUST-03817,18304.12,0.0,0.0,19043.49,0.0,37347.61,0.0354
DEBT-03818,CUST-03818,9207.61,0.0,0.0,23774.07,0.0,32981.68,0.0311
DEBT-03819,CUST-03819,5162.39,5110.53,0.0,0.0,0.0,10272.92,0.0162
DEBT-03820,CUST-03820,6924.79,0.0,0.0,0.0,0.0,6924.79,0.0098
DEBT-03821,CUST-03821,5279.88,0.0,25070.05,0.0,415414.26,445764.19,0.9736
DEBT-03822,CUST-03822,7612.94,12339.58,0.0,28612.52,255147.37,303712.41,0.8342
DEBT-03823,CUST-03823,3211.02,0.0,0.0,0.0,0.0,3211.02,0.0129
DEBT-03824,CUST-03824,2182.13,0.0,0.0,26010.4,0.0,28192.53,0.0503
DEBT-03825,CUST-03825,482.14,0.0,0.0,0.0,0.0,482.14,0.0021
DEBT-03826,CUST-03826,0.0,0.0,0.0,0.0,0.0,0.0,0.0
DEBT-03827,CUST-03827,0.0,2280.91,0.0,0.0,0.0,2280.91,0.0074
DEBT-03828,CUST-03828,1885.19,0.0,0.0,30982.83,366015.13,398883.15,1.2012
DEBT-03829,CUST-03829,0.0,0.0,8921.87,0.0,0.0,8921.87,0.0891
DEBT-03830,CUST-03830,14637.82,0.0,0.0,14643.7,171726.75,201008.27,0.2887
DEBT-03831,CUST-03831,5356.17,0.0,0.0,0.0,0.0,5356.17,0.0094
DEBT-03832,CUST-03832,0.0,5456.07,0.0,0.0,0.0,5456.07,0.0077
DEBT-03833,CUST-03833,7687.41,0.0,0.0,0.0,371815.62,379503.03,0.3247
DEBT-03834,CUST-03834,9511.08,0.0,0.0,0.0,0.0,9511.08,0.0222
DEBT-03835,CUST-03835,817.12,0.0,0.0,8361.99,0.0,9179.11,0.1257
DEBT-03836,CUST-03836,11669.78,0.0,0.0,23599.5,0.0,35269.28,0.0338
DEBT-03837,CUST-03837,5100.01,0.0,0.0,8509.67,0.0,13609.68,0.0436
DEBT-03838,CUST-03838,9885.41,0.0,0.0,6228.17,312818.44,328932.02,0.6499
DEBT-03839,CUST-03839,9387.54,0.0,0.0,0.0,0.0,9387.54,0.0152
DEBT-03840,CUST-03840,2053.52,0.0,0.0,0.0,0.0,2053.52,0.0041
DEBT-03841,CUST-03841,15091.26,0.0,0.0,13265.89,0.0,28357.15,0.0406
DEBT-03842,CUST-03842,6555.96,15139.95,0.0,15297.65,0.0,36993.56,0.0783
DEBT-03843,CUST-03843,2297.4,0.0,0.0,0.0,0.0,2297.4,0.0061
DEBT-03844,CUST-03844,4942.45,0.0,27408.32,0.0,0.0,32350.77,0.0966
DEBT-03845,CUST-03845,3602.76,5475.15,0.0,23401.97,0.0,32479.88,0.0548
DEBT-03846,CUST-03846,1447.17,0.0,0.0,21726.2,0.0,23173.37,0.3144
DEBT-03847,CUST-03847,0.0,0.0,0.0,0.0,0.0,0.0,0.0
DEBT-03848,CUST-03848,2373.84,21652.85,0.0,0.0,0.0,24026.69,0.0498
DEBT-03849,CUST-03849,4506.71,0.0,0.0,0.0,0.0,4506.71,0.0079
DEBT-03850,CUST-03850,8058.37,0.0,34029.01,0.0,0.0,42087.38,0.0539
DEBT-03851,CUST-03851,0.0,13942.39,0.0,12799.58,0.0,26741.97,0.0438
DEBT-03852,CUST-03852,0.0,0.0,0.0,0.0,208025.04,208025.04,0.7108
DEBT-03853,CUST-03853,3992.38,0.0,0.0,10954.53,0.0,14946.91,0.0754
DEBT-03854,CUST-03854,0.0,0.0,0.0,0.0,142792.88,142792.88,0.2105
DEBT-03855,CUST-03855,1218.06,0.0,0.0,0.0,246280.96,247499.02,0.4222
DEBT-03856,CUST-03856,5164.99,0.0,0.0,0.0,0.0,5164.99,0.0104
DEBT-03857,CUST-03857,1377.62,0.0,11231.23,0.0,0.0,12608.85,0.031
DEBT-03858,CUST-03858,12916.34,0.0,0.0,0.0,0.0,12916.34,0.0213
DEBT-03859,CUST-03859,12177.62,0.0,0.0,32425.07,120994.27,165596.96,0.3126
DEBT-03860,CUST-03860,3713.04,0.0,0.0,0.0,0.0,3713.04,0.0061
DEBT-03861,CUST-03861,684.34,2172.19,0.0,0.0,0.0,2856.53,0.0168
DEBT-03862,CUST-03862,6916.86,0.0,38907.03,0.0,390170.23,435994.12,0.8972
DEBT-03863,CUST-03863,7874.42,23726.29,0.0,26031.15,0.0,57631.86,0.1491
DEBT-03864,CUST-03864,1725.6,0.0,0.0,17642.48,0.0,19368.08,0.0626
DEBT-03865,CUST-03865,11164.22,0.0,0.0,0.0,0.0,11164.22,0.0121
DEBT-03866,CUST-03866,2688.6,0.0,44391.3,0.0,0.0,47079.9,0.3996
DEBT-03867,CUST-03867,11733.57,0.0,0.0,0.0,225311.68,237045.25,0.3527
DEBT-03868,CUST-03868,1260.14,0.0,0.0,17693.1,0.0,18953.24,0.025
DEBT-03869,CUST-03869,0.0,19466.01,0.0,0.0,306204.5,325670.51,0.5343
DEBT-03870,CUST-03870,3452.04,0.0,10485.38,6299.31,0.0,20236.73,0.0628
DEBT-03871,CUST-03871,0.0,0.0,0.0,0.0,0.0,0.0,0.0
DEBT-03872,CUST-03872,10718.22,0.0,0.0,0.0,0.0,10718.22,0.0219
DEBT-03873,CUST-03873,4692.74,0.0,0.0,0.0,266466.39,271159.13,0.8232
DEBT-03874,CUST-03874,0.0,0.0,0.0,0.0,0.0,0.0,0.0
DEBT-03875,CUST-03875,2456.88,0.0,0.0,0.0,0.0,2456.88,0.022
DEBT-03876,CUST-03876,7425.71,8459.03,14645.74,0.0,0.0,30530.48,0.0603
DEBT-03877,CUST-03877,6392.9,0.0,0.0,0.0,0.0,6392.9,0.0092
DEBT-03878,CUST-03878,6593.07,0.0,0.0,0.0,0.0,6593.07,0.0127
DEBT-03879,CUST-03879,5438.61,15327.94,0.0,0.0,0.0,20766.55,0.0526
DEBT-03880,CUST-03880,1825.71,0.0,0.0,33587.2,0.0,35412.91,0.0426
DEBT-03881,CUST-03881,11246.39,0.0,0.0,25352.6,412998.36,449597.35,0.3862
DEBT-03882,CUST-03882,4451.61,0.0,0.0,0.0,0.0,4451.61,0.0095
DEBT-03883,CUST-03883,5758.71,0.0,0.0,32734.59,0.0,38493.3,0.1348
DEBT-03884,CUST-03884,3917.84,0.0,0.0,0.0,183893.92,187811.76,0.2213
DEBT-03885,CUST-03885,5343.87,0.0,0.0,0.0,0.0,5343.87,0.0155
DEBT-03886,CUST-03886,7957.75,0.0,33589.39,0.0,0.0,41547.14,0.0734
DEBT-03887,CUST-03887,0.0,0.0,0.0,29981.77,287137.2,317118.97,0.4339
DEBT-03888,CUST-03888,10942.84,0.0,0.0,0.0,0.0,10942.84,0.0181
DEBT-03889,CUST-03889,0.0,5393.86,0.0,0.0,0.0,5393.86,0.0075
DEBT-03890,CUST-03890,3187.83,0.0,0.0,24651.65,153127.52,180967.0,0.2162
DEBT-03891,CUST-03891,6687.8,0.0,0.0,20178.75,0.0,26866.55,0.0874
DEBT-03892,CUST-03892,3372.37,0.0,0.0,0.0,0.0,3372.37,0.0227
DEBT-03893,CUST-03893,7769.88,0.0,12402.45,0.0,292029.5,312201.83,0.4917
DEBT-03894,CUST-03894,4932.61,0.0,0.0,6185.02,0.0,11117.63,0.0357
DEBT-03895,CUST-03895,0.0,0.0,29352.37,0.0,0.0,29352.37,0.059
DEBT-03896,CUST-03896,2335.62,0.0,0.0,0.0,0.0,2335.62,0.0069
DEBT-03897,CUST-03897,273.63,0.0,0.0,31899.71,0.0,32173.34,0.0788
DEBT-03898,CUST-03898,0.0,0.0,0.0,0.0,195037.64,195037.64,0.507
DEBT-03899,CUST-03899,10035.37,0.0,7369.35,0.0,0.0,17404.72,0.0348
DEBT-03900,CUST-03900,0.0,0.0,0.0,0.0,290391.94,290391.94,0.4992
DEBT-03901,CUST-03901,2333.95,0.0,0.0,0.0,0.0,2333.95,0.0047
DEBT-03902,CUST-03902,9247.16,0.0,0.0,13557.28,0.0,22804.44,0.0508
DEBT-03903,CUST-03903,7739.2,0.0,0.0,0.0,196212.41,203951.61,0.5666
DEBT-03904,CUST-03904,13598.41,21155.45,0.0,0.0,0.0,34753.86,0.0448
DEBT-03905,CUST-03905,479.19,0.0,0.0,0.0,0.0,479.19,0.0031
DEBT-03906,CUST-03906,1045.76,3887.34,0.0,0.0,0.0,4933.1,0.0371
DEBT-03907,CUST-03907,0.0,7858.25,0.0,0.0,0.0,7858.25,0.0124
DEBT-03908,CUST-03908,0.0,0.0,0.0,13625.77,334931.9,348557.67,0.7612
DEBT-03909,CUST-03909,19496.47,4394.46,28189.73,26109.25,429977.55,508167.46,0.5851
DEBT-03910,CUST-03910,7151.83,0.0,28234.67,0.0,0.0,35386.5,0.0621
DEBT-03911,CUST-03911,1643.21,0.0,0.0,0.0,0.0,1643.21,0.0051
DEBT-03912,CUST-03912,622.06,0.0,0.0,9801.01,0.0,10423.07,0.0326
DEBT-03913,CUST-03913,0.0,0.0,0.0,0.0,0.0,0.0,0.0
DEBT-03914,CUST-03914,2806.89,0.0,0.0,0.0,0.0,2806.89,0.0045
DEBT-03915,CUST-03915,0.0,0.0,0.0,33806.03,0.0,33806.03,0.0845
DEBT-03916,CUST-03916,5726.89,21694.39,0.0,0.0,182821.55,210242.83,0.2316
DEBT-03917,CUST-03917,4234.94,15548.35,0.0,22743.56,107905.32,150432.17,0.3249
DEBT-03918,CUST-03918,1869.03,0.0,0.0,0.0,432238.82,434107.85,1.2123
DEBT-03919,CUST-03919,5952.03,0.0,0.0,28859.81,0.0,34811.84,0.1323
DEBT-03920,CUST-03920,0.0,0.0,0.0,29764.98,0.0,29764.98,0.032
DEBT-03921,CUST-03921,4692.14,0.0,0.0,0.0,0.0,4692.14,0.0196
DEBT-03922,CUST-03922,157.91,0.0,0.0,16034.14,0.0,16192.05,0.2988
DEBT-03923,CUST-03923,4218.77,5654.98,0.0,0.0,0.0,9873.75,0.0185
DEBT-03924,CUST-03924,2845.88,0.0,0.0,0.0,0.0,2845.88,0.0115
DEBT-03925,CUST-03925,725.66,0.0,0.0,0.0,389248.32,389973.98,1.4396
DEBT-03926,CUST-03926,3018.86,0.0,0.0,19754.42,0.0,22773.28,0.0938
DEBT-03927,CUST-03927,0.0,11368.89,0.0,0.0,0.0,11368.89,0.0326
DEBT-03928,CUST-03928,2576.01,0.0,0.0,0.0,0.0,2576.01,0.0083
DEBT-03929,CUST-03929,6763.07,0.0,0.0,0.0,0.0,6763.07,0.0092
DEBT-03930,CUST-03930,0.0,10711.69,0.0,7812.14,0.0,18523.83,0.0188
DEBT-03931,CUST-03931,5882.72,0.0,0.0,0.0,0.0,5882.72,0.01
DEBT-03932,CUST-03932,5599.97,0.0,25931.61,26396.23,0.0,57927.81,0.1298
DEBT-03933,CUST-03933,5319.42,0.0,0.0,0.0,270336.53,275655.95,1.0015
DEBT-03934,CUST-03934,1925.85,0.0,0.0,12737.84,0.0,14663.69,0.0574
DEBT-03935,CUST-03935,3960.27,0.0,0.0,0.0,0.0,3960.27,0.0083
DEBT-03936,CUST-03936,0.0,0.0,0.0,0.0,0.0,0.0,0.0
DEBT-03937,CUST-03937,0.0,0.0,0.0,0.0,0.0,0.0,0.0
DEBT-03938,CUST-03938,13107.54,11771.71,0.0,0.0,0.0,24879.25,0.0387
DEBT-03939,CUST-03939,0.0,0.0,0.0,0.0,0.0,0.0,0.0
DEBT-03940,CUST-03940,7341.42,0.0,0.0,0.0,0.0,7341.42,0.0183
DEBT-03941,CUST-03941,7957.48,0.0,0.0,0.0,0.0,7957.48,0.0201
DEBT-03942,CUST-03942,0.0,4476.18,0.0,23371.75,236960.22,264808.15,0.6277
DEBT-03943,CUST-03943,2670.52,15321.39,0.0,0.0,166179.03,184170.94,0.6908
DEBT-03944,CUST-03944,13918.64,12907.34,0.0,0.0,0.0,26825.98,0.0197
DEBT-03945,CUST-03945,0.0,0.0,0.0,0.0,0.0,0.0,0.0
DEBT-03946,CUST-03946,5388.47,0.0,0.0,0.0,0.0,5388.47,0.0112
DEBT-03947,CUST-03947,6615.86,0.0,15325.19,30049.14,216980.01,268970.2,0.3709
DEBT-03948,CUST-03948,1827.4,0.0,0.0,31315.78,122497.79,155640.97,0.5434
DEBT-03949,CUST-03949,3622.46,0.0,0.0,0.0,0.0,3622.46,0.0112
DEBT-03950,CUST-03950,10991.73,12626.03,0.0,0.0,0.0,23617.76,0.038
DEBT-03951,CUST-03951,0.0,0.0,0.0,0.0,0.0,0.0,0.0
DEBT-03952,CUST-03952,1094.02,0.0,0.0,26422.75,0.0,27516.77,0.1501
DEBT-03953,CUST-03953,621.71,20629.34,0.0,23808.77,0.0,45059.82,0.1502
DEBT-03954,CUST-03954,2755.43,0.0,0.0,0.0,0.0,2755.43,0.012
DEBT-03955,CUST-03955,0.0,0.0,0.0,11297.82,324728.25,336026.07,1.3247
DEBT-03956,CUST-03956,6398.9,0.0,0.0,0.0,0.0,6398.9,0.0067
DEBT-03957,CUST-03957,0.0,0.0,0.0,17975.16,0.0,17975.16,0.04
DEBT-03958,CUST-03958,2773.8,0.0,0.0,22823.56,118402.39,143999.75,0.3062
DEBT-03959,CUST-03959,3999.54,0.0,0.0,0.0,0.0,3999.54,0.0062
DEBT-03960,CUST-03960,0.0,5683.46,0.0,12912.61,0.0,18596.07,0.0317
DEBT-03961,CUST-03961,3506.14,0.0,0.0,0.0,0.0,3506.14,0.007
DEBT-03962,CUST-03962,1531.21,7259.52,0.0,15064.59,0.0,23855.32,0.0774
DEBT-03963,CUST-03963,1680.22,0.0,0.0,17881.37,0.0,19561.59,0.0518
DEBT-03964,CUST-03964,4303.63,0.0,0.0,0.0,0.0,4303.63,0.0098
DEBT-03965,CUST-03965,2362.22,6259.64,0.0,7615.28,0.0,16237.14,0.0636
DEBT-03966,CUST-03966,0.0,13367.36,0.0,16381.92,0.0,29749.28,0.0865
DEBT-03967,CUST-03967,2249.22,0.0,17451.72,13931.29,411673.89,445306.12,1.5383
DEBT-03968,CUST-03968,0.0,0.0,0.0,33162.13,0.0,33162.13,0.031
DEBT-03969,CUST-03969,7962.15,21172.71,0.0,0.0,0.0,29134.86,0.0507
DEBT-03970,CUST-03970,7519.51,0.0,0.0,16280.68,0.0,23800.19,0.0498
DEBT-03971,CUST-03971,0.0,0.0,0.0,0.0,0.0,0.0,0.0
DEBT-03972,CUST-03972,0.0,0.0,0.0,0.0,0.0,0.0,0.0
DEBT-03973,CUST-03973,0.0,0.0,0.0,15187.68,311490.76,326678.44,0.1824
DEBT-03974,CUST-03974,0.0,0.0,0.0,17611.83,0.0,17611.83,0.0656
DEBT-03975,CUST-03975,0.0,0.0,0.0,30652.06,0.0,30652.06,0.0762
DEBT-03976,CUST-03976,3297.59,0.0,0.0,0.0,0.0,3297.59,0.0081
DEBT-03977,CUST-03977,6737.91,0.0,0.0,0.0,0.0,6737.91,0.0131
DEBT-03978,CUST-03978,3319.18,0.0,0.0,0.0,0.0,3319.18,0.0073
DEBT-03979,CUST-03979,0.0,0.0,0.0,7746.77,0.0,7746.77,0.0115
DEBT-03980,CUST-03980,0.0,0.0,0.0,0.0,0.0,0.0,0.0
DEBT-03981,CUST-03981,10713.58,21104.32,0.0,0.0,0.0,31817.9,0.0403
DEBT-03982,CUST-03982,0.0,0.0,0.0,0.0,0.0,0.0,0.0
DEBT-03983,CUST-03983,1018.76,0.0,40508.4,0.0,0.0,41527.16,0.4106
DEBT-03984,CUST-03984,8366.05,0.0,0.0,12663.12,282888.31,303917.48,0.4837
DEBT-03985,CUST-03985,0.0,0.0,0.0,33851.46,280115.25,313966.71,0.5089
DEBT-03986,CUST-03986,17529.97,0.0,0.0,8057.49,0.0,25587.46,0.0247
DEBT-03987,CUST-03987,1953.07,0.0,0.0,0.0,0.0,1953.07,0.0044
DEBT-03988,CUST-03988,11548.39,13587.29,23842.37,0.0,0.0,48978.05,0.0968
DEBT-03989,CUST-03989,3882.43,0.0,0.0,0.0,0.0,3882.43,0.005
DEBT-03990,CUST-03990,1764.65,0.0,0.0,0.0,0.0,1764.65,0.0042
DEBT-03991,CUST-03991,0.0,8975.86,5867.08,7683.89,0.0,22526.83,0.2619
DEBT-03992,CUST-03992,1267.62,0.0,0.0,0.0,0.0,1267.62,0.0021
DEBT-03993,CUST-03993,14564.2,4122.02,0.0,0.0,0.0,18686.22,0.0168
DEBT-03994,CUST-03994,739.58,0.0,0.0,0.0,0.0,739.58,0.0021
DEBT-03995,CUST-03995,1055.19,0.0,0.0,0.0,0.0,1055.19,0.0032
DEBT-03996,CUST-03996,8114.78,13173.68,0.0,0.0,321981.39,343269.85,0.5559
DEBT-03997,CUST-03997,8389.48,20145.17,0.0,0.0,0.0,28534.65,0.0385
DEBT-03998,CUST-03998,7731.32,12871.67,0.0,12592.36,0.0,33195.35,0.0972
DEBT-03999,CUST-03999,0.0,0.0,0.0,0.0,0.0,0.0,0.0
DEBT-04000,CUST-04000,7270.84,24911.59,0.0,0.0,428235.53,460417.96,0.8475
DEBT-04001,CUST-04001,0.0,3638.83,0.0,29365.53,0.0,33004.36,0.1546
DEBT-04002,CUST-04002,9925.43,0.0,0.0,0.0,201218.59,211144.02,0.424
DEBT-04003,CUST-04003,13432.22,0.0,0.0,22937.41,444291.22,480660.85,0.5828
DEBT-04004,CUST-04004,2639.65,0.0,0.0,13229.79,87562.24,103431.68,0.2696
DEBT-04005,CUST-04005,15311.49,0.0,0.0,27682.93,141139.58,184134.0,0.2084
DEBT-04006,CUST-04006,6399.22,0.0,41848.91,0.0,0.0,48248.13,0.0623
DEBT-04007,CUST-04007,0.0,0.0,0.0,0.0,0.0,0.0,0.0
DEBT-04008,CUST-04008,8086.68,0.0,0.0,0.0,0.0,8086.68,0.0126
DEBT-04009,CUST-04009,0.0,23344.37,0.0,0.0,0.0,23344.37,0.0387
DEBT-04010,CUST-04010,12258.46,0.0,0.0,0.0,346750.52,359008.98,0.3806
DEBT-04011,CUST-04011,0.0,16852.13,0.0,0.0,0.0,16852.13,0.0307
DEBT-04012,CUST-04012,1897.52,21705.09,0.0,18971.65,0.0,42574.26,0.1531
DEBT-04013,CUST-04013,0.0,0.0,0.0,0.0,0.0,0.0,0.0
DEBT-04014,CUST-04014,1351.35,0.0,0.0,0.0,0.0,1351.35,0.0028
DEBT-04015,CUST-04015,4303.44,0.0,0.0,0.0,297208.96,301512.4,0.7547
DEBT-04016,CUST-04016,1370.67,20206.94,0.0,0.0,389008.71,410586.32,1.4722
DEBT-04017,CUST-04017,1052.94,12200.88,0.0,15224.48,435114.2,463592.5,0.6626
DEBT-04018,CUST-04018,1074.91,0.0,0.0,0.0,0.0,1074.91,0.0016
DEBT-04019,CUST-04019,689.22,0.0,0.0,0.0,0.0,689.22,0.0128
DEBT-04020,CUST-04020,402.95,14555.27,0.0,25016.55,0.0,39974.77,0.5155
DEBT-04021,CUST-04021,10936.05,17678.1,0.0,16654.9,0.0,45269.05,0.0603
DEBT-04022,CUST-04022,0.0,0.0,0.0,25413.47,0.0,25413.47,0.1274
DEBT-04023,CUST-04023,3995.51,0.0,42786.69,0.0,0.0,46782.2,0.1063
DEBT-04024,CUST-04024,10238.37,0.0,0.0,0.0,211086.62,221324.99,0.2126
DEBT-04025,CUST-04025,8004.44,0.0,0.0,0.0,380230.65,388235.09,0.4788
DEBT-04026,CUST-04026,1933.4,0.0,0.0,28280.51,316925.76,347139.67,1.1073
DEBT-04027,CUST-04027,0.0,0.0,0.0,0.0,398315.4,398315.4,0.4305
DEBT-04028,CUST-04028,1124.0,20122.95,0.0,34070.19,0.0,55317.14,0.0769
DEBT-04029,CUST-04029,10156.74,0.0,0.0,22792.44,0.0,32949.18,0.0737
DEBT-04030,CUST-04030,13500.97,0.0,0.0,0.0,118745.58,132246.55,0.2037
DEBT-04031,CUST-04031,5399.53,0.0,0.0,0.0,118925.69,124325.22,0.2737
DEBT-04032,CUST-04032,8785.66,0.0,0.0,30034.84,0.0,38820.5,0.0756
DEBT-04033,CUST-04033,11666.12,20290.63,0.0,0.0,354386.6,386343.35,0.3873
DEBT-04034,CUST-04034,3567.39,0.0,0.0,18846.82,0.0,22414.21,0.0317
DEBT-04035,CUST-04035,5164.72,0.0,0.0,0.0,0.0,5164.72,0.0229
DEBT-04036,CUST-04036,4332.08,10516.89,0.0,0.0,0.0,14848.97,0.0286
DEBT-04037,CUST-04037,1622.07,0.0,0.0,0.0,204376.72,205998.79,0.4283
DEBT-04038,CUST-04038,0.0,0.0,0.0,0.0,0.0,0.0,0.0
DEBT-04039,CUST-04039,4189.18,0.0,0.0,0.0,0.0,4189.18,0.0088
DEBT-04040,CUST-04040,1279.35,0.0,0.0,21988.94,148805.85,172074.14,0.2603
DEBT-04041,CUST-04041,2088.2,0.0,0.0,11701.72,102139.18,115929.1,0.2169
DEBT-04042,CUST-04042,0.0,0.0,0.0,29020.16,0.0,29020.16,0.1489
DEBT-04043,CUST-04043,907.27,0.0,0.0,30943.71,400627.17,432478.15,0.9482
DEBT-04044,CUST-04044,0.0,0.0,0.0,12647.22,0.0,12647.22,0.0134
DEBT-04045,CUST-04045,2060.34,0.0,0.0,0.0,0.0,2060.34,0.0041
DEBT-04046,CUST-04046,0.0,12763.59,0.0,0.0,0.0,12763.59,0.1017
DEBT-04047,CUST-04047,2401.33,0.0,0.0,0.0,0.0,2401.33,0.0067
DEBT-04048,CUST-04048,7153.33,0.0,0.0,0.0,107231.15,114384.48,0.286
DEBT-04049,CUST-04049,0.0,0.0,0.0,30684.78,0.0,30684.78,0.0902
DEBT-04050,CUST-04050,4642.78,0.0,0.0,26941.84,0.0,31584.62,0.0507
DEBT-04051,CUST-04051,5509.34,0.0,0.0,8761.0,0.0,14270.34,0.0428
DEBT-04052,CUST-04052,0.0,0.0,38236.98,22312.8,0.0,60549.78,0.1275
DEBT-04053,CUST-04053,8885.03,0.0,0.0,33137.73,418504.59,460527.35,0.7746
DEBT-04054,CUST-04054,0.0,16364.2,26213.52,0.0,130197.4,172775.12,0.2853
DEBT-04055,CUST-04055,1303.49,0.0,0.0,0.0,0.0,1303.49,0.0024
DEBT-04056,CUST-04056,2238.98,0.0,0.0,6607.25,157773.67,166619.9,0.3013
DEBT-04057,CUST-04057,434.75,23735.19,0.0,0.0,0.0,24169.94,0.0707
DEBT-04058,CUST-04058,0.0,0.0,0.0,0.0,0.0,0.0,0.0
DEBT-04059,CUST-04059,0.0,2405.45,0.0,5295.36,0.0,7700.81,0.0324
DEBT-04060,CUST-04060,1771.69,0.0,0.0,0.0,0.0,1771.69,0.0043
DEBT-04061,CUST-04061,1761.27,0.0,0.0,0.0,0.0,1761.27,0.0046
DEBT-04062,CUST-04062,1787.16,0.0,0.0,0.0,0.0,1787.16,0.0068
DEBT-04063,CUST-04063,4593.17,6702.11,0.0,0.0,251093.09,262388.37,0.7787
DEBT-04064,CUST-04064,453.19,0.0,0.0,0.0,156029.67,156482.86,0.5446
DEBT-04065,CUST-04065,6809.47,1211.8,0.0,0.0,0.0,8021.27,0.0184
DEBT-04066,CUST-04066,7208.49,0.0,16888.35,13340.5,401770.21,439207.55,0.9924
DEBT-04067,CUST-04067,6299.17,20497.9,0.0,31825.08,0.0,58622.15,0.0861
DEBT-04068,CUST-04068,12989.48,0.0,0.0,0.0,249508.46,262497.94,0.4045
DEBT-04069,CUST-04069,3136.4,0.0,0.0,26488.9,0.0,29625.3,0.0454
DEBT-04070,CUST-04070,3283.36,0.0,0.0,4105.94,0.0,7389.3,0.0161
DEBT-04071,CUST-04071,2507.72,15702.55,0.0,0.0,0.0,18210.27,0.0547
DEBT-04072,CUST-04072,13073.11,0.0,0.0,0.0,0.0,13073.11,0.0196
DEBT-04073,CUST-04073,3477.68,0.0,0.0,0.0,0.0,3477.68,0.0155
DEBT-04074,CUST-04074,0.0,0.0,0.0,22337.77,0.0,22337.77,0.0371
DEBT-04075,CUST-04075,204.51,9643.54,0.0,0.0,0.0,9848.05,0.0469
DEBT-04076,CUST-04076,1154.99,0.0,0.0,0.0,0.0,1154.99,0.0033
DEBT-04077,CUST-04077,11745.92,0.0,0.0,0.0,0.0,11745.92,0.0214
DEBT-04078,CUST-04078,9752.34,0.0,0.0,27708.42,0.0,37460.76,0.0771
DEBT-04079,CUST-04079,4150.79,0.0,0.0,30535.25,0.0,34686.04,0.0503
DEBT-04080,CUST-04080,0.0,0.0,0.0,0.0,0.0,0.0,0.0
DEBT-04081,CUST-04081,0.0,0.0,0.0,0.0,0.0,0.0,0.0
DEBT-04082,CUST-04082,7969.64,16037.16,0.0,0.0,401879.75,425886.55,1.1934
DEBT-04083,CUST-04083,613.06,3112.7,0.0,0.0,0.0,3725.76,0.0087
DEBT-04084,CUST-04084,744.07,0.0,0.0,6816.72,0.0,7560.79,0.0808
DEBT-04085,CUST-04085,5629.05,0.0,0.0,0.0,0.0,5629.05,0.0063
DEBT-04086,CUST-04086,6642.05,0.0,0.0,0.0,0.0,6642.05,0.0223
DEBT-04087,CUST-04087,0.0,0.0,0.0,0.0,292363.26,292363.26,0.6776
DEBT-04088,CUST-04088,1440.75,0.0,0.0,0.0,0.0,1440.75,0.0028
DEBT-04089,CUST-04089,3677.21,0.0,0.0,30402.57,0.0,34079.78,0.0763
DEBT-04090,CUST-04090,0.0,0.0,0.0,0.0,0.0,0.0,0.0
DEBT-04091,CUST-04091,0.0,0.0,0.0,0.0,0.0,0.0,0.0
DEBT-04092,CUST-04092,15590.89,0.0,0.0,26509.21,92449.02,134549.12,0.1056
DEBT-04093,CUST-04093,1255.99,0.0,0.0,0.0,0.0,1255.99,0.0087
DEBT-04094,CUST-04094,8849.07,0.0,0.0,0.0,383966.78,392815.85,0.4097
DEBT-04095,CUST-04095,3391.9,0.0,0.0,6734.21,0.0,10126.11,0.026
DEBT-04096,CUST-04096,0.0,5212.1,0.0,0.0,0.0,5212.1,0.0718
DEBT-04097,CUST-04097,0.0,0.0,0.0,0.0,0.0,0.0,0.0
DEBT-04098,CUST-04098,4181.91,0.0,0.0,0.0,390404.72,394586.63,0.6031
DEBT-04099,CUST-04099,0.0,3054.82,0.0,0.0,0.0,3054.82,0.0055
DEBT-04100,CUST-04100,1954.47,2453.34,0.0,0.0,0.0,4407.81,0.0057
DEBT-04101,CUST-04101,10293.76,0.0,0.0,28179.73,159689.77,198163.26,0.3551
DEBT-04102,CUST-04102,1826.66,0.0,0.0,8425.26,0.0,10251.92,0.0952
DEBT-04103,CUST-04103,0.0,0.0,35020.76,19355.91,0.0,54376.67,0.0876
DEBT-04104,CUST-04104,2275.86,0.0,0.0,0.0,0.0,2275.86,0.0078
DEBT-04105,CUST-04105,802.4,11894.51,0.0,7315.22,421899.15,441911.28,0.7322
DEBT-04106,CUST-04106,0.0,0.0,0.0,10027.41,0.0,10027.41,0.0127
DEBT-04107,CUST-04107,1207.67,1980.39,0.0,0.0,0.0,3188.06,0.0135
DEBT-04108,CUST-04108,6764.89,0.0,0.0,0.0,379010.71,385775.6,0.7338
DEBT-04109,CUST-04109,2461.25,0.0,0.0,11077.76,0.0,13539.01,0.0648
DEBT-04110,CUST-04110,12643.68,0.0,0.0,0.0,286189.0,298832.68,0.4816
DEBT-04111,CUST-04111,0.0,9303.96,0.0,0.0,0.0,9303.96,0.0183
DEBT-04112,CUST-04112,0.0,0.0,0.0,0.0,0.0,0.0,0.0
DEBT-04113,CUST-04113,5183.32,0.0,0.0,0.0,212284.18,217467.5,0.49
DEBT-04114,CUST-04114,0.0,0.0,0.0,0.0,0.0,0.0,0.0
DEBT-04115,CUST-04115,2129.8,11614.94,15797.47,0.0,0.0,29542.21,0.0562
DEBT-04116,CUST-04116,1123.29,15516.01,0.0,0.0,0.0,16639.3,0.0731
DEBT-04117,CUST-04117,14035.81,0.0,0.0,0.0,179448.74,193484.55,0.2639
DEBT-04118,CUST-04118,1675.01,0.0,0.0,0.0,0.0,1675.01,0.0045
DEBT-04119,CUST-04119,7023.96,0.0,0.0,19236.82,0.0,26260.78,0.0628
DEBT-04120,CUST-04120,13799.23,16832.26,0.0,0.0,0.0,30631.49,0.0303
DEBT-04121,CUST-04121,7312.36,0.0,0.0,17121.16,295955.94,320389.46,0.8201
DEBT-04122,CUST-04122,0.0,0.0,0.0,0.0,0.0,0.0,0.0
DEBT-04123,CUST-04123,6274.6,13059.46,0.0,0.0,0.0,19334.06,0.0486
DEBT-04124,CUST-04124,1536.64,0.0,0.0,33575.91,0.0,35112.55,0.1018
DEBT-04125,CUST-04125,0.0,0.0,22138.17,0.0,0.0,22138.17,0.0472
DEBT-04126,CUST-04126,4617.85,0.0,0.0,7406.25,0.0,12024.1,0.0277
DEBT-04127,CUST-04127,1763.61,10759.88,0.0,0.0,144904.15,157427.64,0.4289
DEBT-04128,CUST-04128,1962.81,0.0,0.0,0.0,0.0,1962.81,0.0036
DEBT-04129,CUST-04129,6748.15,0.0,0.0,29503.53,0.0,36251.68,0.0705
DEBT-04130,CUST-04130,7710.1,0.0,0.0,20807.6,0.0,28517.7,0.0732
DEBT-04131,CUST-04131,0.0,0.0,0.0,0.0,0.0,0.0,0.0
DEBT-04132,CUST-04132,3544.74,0.0,42314.42,0.0,211552.74,257411.9,0.538
DEBT-04133,CUST-04133,0.0,0.0,0.0,0.0,0.0,0.0,0.0
DEBT-04134,CUST-04134,0.0,8310.42,0.0,0.0,0.0,8310.42,0.0134
DEBT-04135,CUST-04135,10736.42,0.0,0.0,0.0,0.0,10736.42,0.0222
DEBT-04136,CUST-04136,5727.89,20413.48,0.0,0.0,0.0,26141.37,0.0767
DEBT-04137,CUST-04137,0.0,0.0,0.0,5024.61,0.0,5024.61,0.0075
DEBT-04138,CUST-04138,17518.24,0.0,0.0,0.0,0.0,17518.24,0.0189
DEBT-04139,CUST-04139,6613.26,0.0,0.0,0.0,112253.05,118866.31,0.2667
DEBT-04140,CUST-04140,11829.7,12129.35,0.0,0.0,0.0,23959.05,0.0394
DEBT-04141,CUST-04141,0.0,0.0,0.0,11739.5,0.0,11739.5,0.0232
DEBT-04142,CUST-04142,3719.23,6939.45,0.0,29101.99,0.0,39760.67,0.0534
DEBT-04143,CUST-04143,0.0,0.0,0.0,0.0,0.0,0.0,0.0
DEBT-04144,CUST-04144,0.0,0.0,0.0,0.0,0.0,0.0,0.0
DEBT-04145,CUST-04145,617.37,0.0,0.0,0.0,0.0,617.37,0.0012
DEBT-04146,CUST-04146,0.0,0.0,0.0,0.0,282849.72,282849.72,0.3424
DEBT-04147,CUST-04147,17507.24,8518.24,0.0,0.0,0.0,26025.48,0.018
DEBT-04148,CUST-04148,0.0,0.0,0.0,0.0,0.0,0.0,0.0
DEBT-04149,CUST-04149,4149.6,0.0,0.0,24683.4,96438.69,125271.69,0.3195
DEBT-04150,CUST-04150,7887.83,0.0,0.0,0.0,0.0,7887.83,0.0214
DEBT-04151,CUST-04151,0.0,11427.24,0.0,28621.69,0.0,40048.93,0.5267
DEBT-04152,CUST-04152,6926.0,10296.7,0.0,0.0,0.0,17222.7,0.0347
DEBT-04153,CUST-04153,0.0,19232.77,0.0,0.0,0.0,19232.77,0.0339
DEBT-04154,CUST-04154,12714.67,0.0,0.0,28626.35,0.0,41341.02,0.0535
DEBT-04155,CUST-04155,4370.24,0.0,0.0,12991.02,0.0,17361.26,0.0326
DEBT-04156,CUST-04156,6410.16,0.0,0.0,0.0,0.0,6410.16,0.0117
DEBT-04157,CUST-04157,1610.77,0.0,0.0,0.0,208515.0,210125.77,0.4695
DEBT-04158,CUST-04158,9202.72,20609.73,0.0,0.0,0.0,29812.45,0.0415
DEBT-04159,CUST-04159,2610.95,0.0,0.0,0.0,155303.09,157914.04,0.3282
DEBT-04160,CUST-04160,0.0,0.0,0.0,20136.31,0.0,20136.31,0.0182
DEBT-04161,CUST-04161,4781.08,0.0,0.0,5178.58,0.0,9959.66,0.0319
DEBT-04162,CUST-04162,0.0,3790.58,0.0,21093.08,0.0,24883.66,0.1931
DEBT-04163,CUST-04163,1175.33,0.0,0.0,0.0,420570.63,421745.96,1.4507
DEBT-04164,CUST-04164,6910.16,0.0,0.0,12537.95,0.0,19448.11,0.0452
DEBT-04165,CUST-04165,0.0,7327.11,0.0,0.0,0.0,7327.11,0.012
DEBT-04166,CUST-04166,3517.88,24734.92,0.0,19064.05,0.0,47316.85,0.2024
DEBT-04167,CUST-04167,635.31,0.0,0.0,0.0,0.0,635.31,0.0015
DEBT-04168,CUST-04168,6508.0,0.0,0.0,34394.25,0.0,40902.25,0.1139
DEBT-04169,CUST-04169,16570.34,0.0,0.0,0.0,113198.11,129768.45,0.1157
DEBT-04170,CUST-04170,0.0,0.0,0.0,0.0,0.0,0.0,0.0
DEBT-04171,CUST-04171,3857.2,0.0,0.0,0.0,0.0,3857.2,0.0201
DEBT-04172,CUST-04172,0.0,0.0,0.0,0.0,0.0,0.0,0.0
DEBT-04173,CUST-04173,5447.77,0.0,0.0,9337.27,0.0,14785.04,0.0422
DEBT-04174,CUST-04174,3568.37,0.0,10404.28,0.0,0.0,13972.65,0.0174
DEBT-04175,CUST-04175,3878.8,0.0,0.0,0.0,0.0,3878.8,0.0159
DEBT-04176,CUST-04176,0.0,0.0,0.0,0.0,0.0,0.0,0.0
DEBT-04177,CUST-04177,0.0,0.0,0.0,0.0,0.0,0.0,0.0
DEBT-04178,CUST-04178,8963.85,0.0,0.0,0.0,0.0,8963.85,0.0192
DEBT-04179,CUST-04179,6406.11,17339.61,0.0,0.0,0.0,23745.72,0.0637
DEBT-04180,CUST-04180,5622.6,24108.37,0.0,0.0,0.0,29730.97,0.0545
DEBT-04181,CUST-04181,0.0,0.0,0.0,27088.05,0.0,27088.05,0.0636
DEBT-04182,CUST-04182,2344.26,0.0,0.0,0.0,256810.08,259154.34,0.7628
DEBT-04183,CUST-04183,1317.45,3794.53,0.0,0.0,446601.82,451713.8,0.8075
DEBT-04184,CUST-04184,7755.61,0.0,0.0,23037.15,0.0,30792.76,0.0461
DEBT-04185,CUST-04185,1282.56,4104.03,0.0,0.0,0.0,5386.59,0.007
DEBT-04186,CUST-04186,11854.92,0.0,0.0,28091.47,0.0,39946.39,0.0729
DEBT-04187,CUST-04187,0.0,0.0,0.0,0.0,0.0,0.0,0.0
DEBT-04188,CUST-04188,7371.88,0.0,0.0,18828.92,0.0,26200.8,0.0744
DEBT-04189,CUST-04189,6872.08,0.0,8568.62,0.0,0.0,15440.7,0.042
DEBT-04190,CUST-04190,5782.95,0.0,0.0,0.0,332821.44,338604.39,0.7152
DEBT-04191,CUST-04191,0.0,0.0,0.0,24089.14,103025.87,127115.01,0.1808
DEBT-04192,CUST-04192,0.0,0.0,0.0,0.0,421783.36,421783.36,0.5183
DEBT-04193,CUST-04193,6776.87,0.0,0.0,6346.23,262568.52,275691.62,0.817
DEBT-04194,CUST-04194,9062.96,14534.99,0.0,0.0,0.0,23597.95,0.0452
DEBT-04195,CUST-04195,7186.55,0.0,0.0,0.0,0.0,7186.55,0.0153
DEBT-04196,CUST-04196,11390.85,5514.73,0.0,0.0,341970.65,358876.23,0.549
DEBT-04197,CUST-04197,0.0,23049.08,0.0,0.0,0.0,23049.08,0.053
DEBT-04198,CUST-04198,5330.07,7398.54,0.0,30617.9,0.0,43346.51,0.0881
DEBT-04199,CUST-04199,6616.03,9626.77,0.0,0.0,365762.12,382004.92,0.3312
DEBT-04200,CUST-04200,0.0,0.0,31677.76,0.0,0.0,31677.76,0.0292
DEBT-04201,CUST-04201,17853.79,24837.19,41104.95,24938.54,0.0,108734.47,0.1358
DEBT-04202,CUST-04202,2336.19,0.0,0.0,0.0,0.0,2336.19,0.019
DEBT-04203,CUST-04203,0.0,0.0,33800.29,6125.97,0.0,39926.26,0.1078
DEBT-04204,CUST-04204,0.0,21632.26,0.0,0.0,0.0,21632.26,0.3792
DEBT-04205,CUST-04205,653.36,0.0,0.0,0.0,0.0,653.36,0.0021
DEBT-04206,CUST-04206,5926.82,0.0,0.0,0.0,174553.75,180480.57,0.3705
DEBT-04207,CUST-04207,769.82,5390.33,0.0,0.0,0.0,6160.15,0.0162
DEBT-04208,CUST-04208,0.0,0.0,0.0,0.0,0.0,0.0,0.0
DEBT-04209,CUST-04209,5272.6,0.0,0.0,0.0,0.0,5272.6,0.0099
DEBT-04210,CUST-04210,616.81,0.0,41716.9,0.0,0.0,42333.71,0.0598
DEBT-04211,CUST-04211,6420.87,5904.68,0.0,6630.4,0.0,18955.95,0.0512
DEBT-04212,CUST-04212,9953.56,0.0,0.0,0.0,230501.43,240454.99,0.2952
DEBT-04213,CUST-04213,8183.01,5618.28,0.0,18462.3,0.0,32263.59,0.054
DEBT-04214,CUST-04214,2959.49,0.0,41082.36,0.0,0.0,44041.85,0.0675
DEBT-04215,CUST-04215,2240.81,0.0,0.0,28383.9,0.0,30624.71,0.1424
DEBT-04216,CUST-04216,7287.12,0.0,0.0,23018.67,187379.7,217685.49,0.396
DEBT-04217,CUST-04217,6330.35,13277.22,0.0,13072.15,0.0,32679.72,0.1175
DEBT-04218,CUST-04218,24790.02,0.0,0.0,0.0,0.0,24790.02,0.0225
DEBT-04219,CUST-04219,5783.05,0.0,0.0,5380.96,0.0,11164.01,0.0404
DEBT-04220,CUST-04220,407.49,6920.63,0.0,0.0,361658.96,368987.08,0.7709
DEBT-04221,CUST-04221,1828.04,0.0,0.0,5075.28,0.0,6903.32,0.0152
DEBT-04222,CUST-04222,9972.03,0.0,0.0,0.0,426134.91,436106.94,0.4141
DEBT-04223,CUST-04223,0.0,0.0,0.0,0.0,0.0,0.0,0.0
DEBT-04224,CUST-04224,3577.03,0.0,0.0,0.0,0.0,3577.03,0.0082
DEBT-04225,CUST-04225,1920.51,0.0,0.0,0.0,0.0,1920.51,0.0202
DEBT-04226,CUST-04226,15109.63,0.0,38946.96,21904.59,0.0,75961.18,0.1101
DEBT-04227,CUST-04227,1512.44,7686.92,8466.77,0.0,0.0,17666.13,0.1549
DEBT-04228,CUST-04228,7097.38,0.0,0.0,0.0,0.0,7097.38,0.0142
DEBT-04229,CUST-04229,3106.27,0.0,0.0,33030.83,0.0,36137.1,0.1162
DEBT-04230,CUST-04230,2133.85,0.0,0.0,0.0,0.0,2133.85,0.0072
DEBT-04231,CUST-04231,859.5,24660.94,0.0,14495.39,0.0,40015.83,0.3933
DEBT-04232,CUST-04232,7408.48,0.0,0.0,0.0,294080.26,301488.74,0.8498
DEBT-04233,CUST-04233,0.0,0.0,0.0,9862.12,0.0,9862.12,0.0164
DEBT-04234,CUST-04234,3436.73,0.0,0.0,0.0,0.0,3436.73,0.0138
DEBT-04235,CUST-04235,6126.09,0.0,0.0,0.0,0.0,6126.09,0.007
DEBT-04236,CUST-04236,310.57,0.0,0.0,11951.92,0.0,12262.49,0.0307
DEBT-04237,CUST-04237,492.67,0.0,0.0,21989.8,0.0,22482.47,0.0354
DEBT-04238,CUST-04238,4119.01,0.0,0.0,20345.83,0.0,24464.84,0.0723
DEBT-04239,CUST-04239,11612.37,19490.73,0.0,0.0,129123.39,160226.49,0.2985
DEBT-04240,CUST-04240,0.0,0.0,0.0,0.0,0.0,0.0,0.0
DEBT-04241,CUST-04241,13428.28,0.0,0.0,0.0,0.0,13428.28,0.0185
DEBT-04242,CUST-04242,6466.82,22405.83,0.0,0.0,0.0,28872.65,0.0792
DEBT-04243,CUST-04243,1187.26,0.0,0.0,0.0,0.0,1187.26,0.0033
DEBT-04244,CUST-04244,3433.53,0.0,0.0,9182.8,0.0,12616.33,0.0331
DEBT-04245,CUST-04245,60.02,0.0,0.0,0.0,0.0,60.02,0.0008
DEBT-04246,CUST-04246,10944.57,0.0,0.0,0.0,0.0,10944.57,0.0207
DEBT-04247,CUST-04247,9447.09,0.0,0.0,0.0,0.0,9447.09,0.0181
DEBT-04248,CUST-04248,0.0,10939.13,43283.66,0.0,0.0,54222.79,0.6526
DEBT-04249,CUST-04249,0.0,0.0,33027.88,0.0,0.0,33027.88,0.0568
DEBT-04250,CUST-04250,15645.4,0.0,0.0,26594.21,274574.48,316814.09,0.385
DEBT-04251,CUST-04251,1965.12,0.0,0.0,0.0,233192.94,235158.06,0.2887
DEBT-04252,CUST-04252,4866.72,2960.36,0.0,0.0,0.0,7827.08,0.0356
DEBT-04253,CUST-04253,916.51,22104.65,0.0,0.0,0.0,23021.16,0.0871
DEBT-04254,CUST-04254,0.0,2489.83,0.0,0.0,380493.6,382983.43,0.7002
DEBT-04255,CUST-04255,11511.39,0.0,0.0,29745.85,0.0,41257.24,0.0641
DEBT-04256,CUST-04256,7213.39,1589.63,0.0,13416.59,387315.94,409535.55,0.9164
DEBT-04257,CUST-04257,7366.4,0.0,0.0,0.0,370956.98,378323.38,0.5335
DEBT-04258,CUST-04258,0.0,20473.68,0.0,0.0,0.0,20473.68,0.0696
DEBT-04259,CUST-04259,4012.23,11636.11,0.0,12202.32,0.0,27850.66,0.0649
DEBT-04260,CUST-04260,10487.68,6918.34,0.0,0.0,0.0,17406.02,0.0274
DEBT-04261,CUST-04261,197.4,22706.11,0.0,0.0,113940.89,136844.4,0.5185
DEBT-04262,CUST-04262,1893.36,11202.51,0.0,0.0,227237.9,240333.77,0.6833
DEBT-04263,CUST-04263,0.0,8683.7,0.0,5284.05,0.0,13967.75,0.0196
DEBT-04264,CUST-04264,8160.83,16016.07,0.0,0.0,0.0,24176.9,0.0278
DEBT-04265,CUST-04265,0.0,3275.82,0.0,0.0,0.0,3275.82,0.0118
DEBT-04266,CUST-04266,11074.31,0.0,0.0,23383.8,304298.53,338756.64,0.677
DEBT-04267,CUST-04267,0.0,0.0,0.0,0.0,0.0,0.0,0.0
DEBT-04268,CUST-04268,6454.88,8187.32,0.0,12306.9,205048.54,231997.64,0.4229
DEBT-04269,CUST-04269,3907.6,0.0,0.0,0.0,166048.57,169956.17,0.2962
DEBT-04270,CUST-04270,6744.41,0.0,0.0,0.0,0.0,6744.41,0.0132
DEBT-04271,CUST-04271,2764.92,0.0,0.0,0.0,0.0,2764.92,0.0051
DEBT-04272,CUST-04272,3941.15,0.0,0.0,13512.75,176953.07,194406.97,0.6933
DEBT-04273,CUST-04273,9198.26,13167.59,0.0,28724.96,422794.05,473884.86,1.1462
DEBT-04274,CUST-04274,0.0,0.0,0.0,0.0,0.0,0.0,0.0
DEBT-04275,CUST-04275,0.0,0.0,0.0,0.0,219934.46,219934.46,0.2566
DEBT-04276,CUST-04276,581.73,18090.32,0.0,4637.69,0.0,23309.74,0.1023
DEBT-04277,CUST-04277,1236.05,0.0,0.0,8500.04,354999.67,364735.76,0.6416
DEBT-04278,CUST-04278,13709.25,0.0,0.0,0.0,0.0,13709.25,0.0184
DEBT-04279,CUST-04279,0.0,24433.27,0.0,15119.52,0.0,39552.79,0.0612
DEBT-04280,CUST-04280,1736.37,0.0,0.0,10669.06,0.0,12405.43,0.0621
DEBT-04281,CUST-04281,11804.1,0.0,24969.62,25951.05,0.0,62724.77,0.1045
DEBT-04282,CUST-04282,2589.97,0.0,0.0,0.0,0.0,2589.97,0.0034
DEBT-04283,CUST-04283,4442.86,0.0,0.0,31744.14,0.0,36187.0,0.0781
DEBT-04284,CUST-04284,9673.81,0.0,0.0,0.0,0.0,9673.81,0.013
DEBT-04285,CUST-04285,10486.4,0.0,0.0,24771.27,244938.71,280196.38,0.49
DEBT-04286,CUST-04286,2691.73,9161.41,0.0,0.0,0.0,11853.14,0.0163
DEBT-04287,CUST-04287,7385.38,13462.21,0.0,25007.81,0.0,45855.4,0.0516
DEBT-04288,CUST-04288,6137.15,0.0,0.0,0.0,219088.62,225225.77,0.296
DEBT-04289,CUST-04289,173.7,0.0,6347.9,0.0,0.0,6521.6,0.0454
DEBT-04290,CUST-04290,1226.75,0.0,18866.91,4325.3,0.0,24418.96,0.1314
DEBT-04291,CUST-04291,0.0,0.0,0.0,0.0,0.0,0.0,0.0
DEBT-04292,CUST-04292,3633.18,1799.61,0.0,19695.82,227459.02,252587.63,0.7742
DEBT-04293,CUST-04293,4228.9,12319.22,0.0,11984.75,0.0,28532.87,0.0587
DEBT-04294,CUST-04294,0.0,0.0,0.0,0.0,157226.62,157226.62,0.1807
DEBT-04295,CUST-04295,1851.93,0.0,0.0,0.0,108017.28,109869.21,0.2147
DEBT-04296,CUST-04296,9964.34,0.0,0.0,13293.86,286079.27,309337.47,0.458
DEBT-04297,CUST-04297,0.0,16706.8,0.0,0.0,0.0,16706.8,0.0976
DEBT-04298,CUST-04298,19213.01,2487.53,0.0,0.0,0.0,21700.54,0.0202
DEBT-04299,CUST-04299,12685.81,0.0,0.0,0.0,0.0,12685.81,0.0181
DEBT-04300,CUST-04300,8183.98,12811.05,0.0,0.0,0.0,20995.03,0.0347
DEBT-04301,CUST-04301,7530.44,0.0,0.0,0.0,0.0,7530.44,0.0149
DEBT-04302,CUST-04302,0.0,0.0,0.0,0.0,0.0,0.0,0.0
DEBT-04303,CUST-04303,5741.04,0.0,0.0,21644.31,0.0,27385.35,0.0427
DEBT-04304,CUST-04304,3192.49,0.0,0.0,0.0,283558.93,286751.42,0.5095
DEBT-04305,CUST-04305,15103.47,0.0,0.0,0.0,0.0,15103.47,0.0153
DEBT-04306,CUST-04306,5500.58,0.0,0.0,0.0,0.0,5500.58,0.0228
DEBT-04307,CUST-04307,10572.55,0.0,0.0,0.0,0.0,10572.55,0.0156
DEBT-04308,CUST-04308,1397.67,0.0,0.0,0.0,0.0,1397.67,0.0036
DEBT-04309,CUST-04309,12175.62,0.0,0.0,11144.81,0.0,23320.43,0.0288
DEBT-04310,CUST-04310,16368.58,0.0,0.0,7542.83,225366.54,249277.95,0.3127
DEBT-04311,CUST-04311,10381.82,1757.45,0.0,13445.73,0.0,25585.0,0.0507
DEBT-04312,CUST-04312,2245.09,0.0,0.0,0.0,0.0,2245.09,0.0133
DEBT-04313,CUST-04313,11933.0,15834.7,0.0,0.0,0.0,27767.7,0.0443
DEBT-04314,CUST-04314,9149.3,8908.79,0.0,0.0,0.0,18058.09,0.025
DEBT-04315,CUST-04315,425.03,0.0,0.0,0.0,0.0,425.03,0.0068
DEBT-04316,CUST-04316,81.61,11300.97,0.0,0.0,0.0,11382.58,0.136
DEBT-04317,CUST-04317,3780.78,20422.6,0.0,0.0,0.0,24203.38,0.073
DEBT-04318,CUST-04318,1002.28,0.0,0.0,0.0,0.0,1002.28,0.0038
DEBT-04319,CUST-04319,0.0,11896.61,0.0,0.0,0.0,11896.61,0.0367
DEBT-04320,CUST-04320,0.0,0.0,0.0,0.0,0.0,0.0,0.0
DEBT-04321,CUST-04321,846.45,0.0,0.0,19102.21,0.0,19948.66,0.072
DEBT-04322,CUST-04322,5574.86,7195.41,18208.19,0.0,0.0,30978.46,0.0776
DEBT-04323,CUST-04323,9540.36,0.0,0.0,31790.22,0.0,41330.58,0.0874
DEBT-04324,CUST-04324,4213.68,0.0,0.0,21652.32,0.0,25866.0,0.0399
DEBT-04325,CUST-04325,7921.51,0.0,0.0,29505.04,122142.56,159569.11,0.2484
DEBT-04326,CUST-04326,19198.53,22955.12,0.0,21162.52,448801.0,512117.17,0.5322
DEBT-04327,CUST-04327,0.0,0.0,0.0,0.0,0.0,0.0,0.0
DEBT-04328,CUST-04328,0.0,0.0,0.0,0.0,362213.49,362213.49,0.6266
DEBT-04329,CUST-04329,3549.95,0.0,0.0,0.0,406361.85,409911.8,1.4702
DEBT-04330,CUST-04330,5363.96,0.0,0.0,0.0,0.0,5363.96,0.0131
DEBT-04331,CUST-04331,5147.48,0.0,0.0,27564.22,0.0,32711.7,0.0777
DEBT-04332,CUST-04332,65.29,0.0,0.0,25084.14,0.0,25149.43,0.3009
DEBT-04333,CUST-04333,1472.46,0.0,0.0,0.0,0.0,1472.46,0.0022
DEBT-04334,CUST-04334,0.0,0.0,0.0,0.0,0.0,0.0,0.0
DEBT-04335,CUST-04335,8338.67,0.0,0.0,0.0,0.0,8338.67,0.016
DEBT-04336,CUST-04336,0.0,0.0,0.0,27788.17,0.0,27788.17,0.0412
DEBT-04337,CUST-04337,0.0,0.0,0.0,25624.24,0.0,25624.24,0.1107
DEBT-04338,CUST-04338,3930.77,14463.42,0.0,5316.75,0.0,23710.94,0.0894
DEBT-04339,CUST-04339,2856.57,0.0,0.0,0.0,0.0,2856.57,0.0047
DEBT-04340,CUST-04340,0.0,0.0,0.0,0.0,300032.14,300032.14,0.2629
DEBT-04341,CUST-04341,4389.65,0.0,0.0,0.0,0.0,4389.65,0.0146
DEBT-04342,CUST-04342,7407.27,0.0,0.0,25692.68,0.0,33099.95,0.0698
DEBT-04343,CUST-04343,0.0,0.0,0.0,0.0,0.0,0.0,0.0
DEBT-04344,CUST-04344,0.0,15160.69,0.0,14530.07,0.0,29690.76,0.0661
DEBT-04345,CUST-04345,8237.61,0.0,0.0,0.0,0.0,8237.61,0.0187
DEBT-04346,CUST-04346,0.0,0.0,0.0,0.0,0.0,0.0,0.0
DEBT-04347,CUST-04347,2353.39,0.0,0.0,4686.08,0.0,7039.47,0.018
DEBT-04348,CUST-04348,3345.59,0.0,0.0,0.0,305512.91,308858.5,0.3773
DEBT-04349,CUST-04349,5208.03,22423.93,0.0,9265.54,0.0,36897.5,0.0581
DEBT-04350,CUST-04350,5293.13,9305.27,0.0,0.0,359691.56,374289.96,0.654
DEBT-04351,CUST-04351,8320.58,24398.31,26951.09,0.0,0.0,59669.98,0.1357
DEBT-04352,CUST-04352,396.07,0.0,0.0,0.0,0.0,396.07,0.0067
DEBT-04353,CUST-04353,0.0,0.0,0.0,13716.54,0.0,13716.54,0.018
DEBT-04354,CUST-04354,0.0,5264.63,0.0,0.0,0.0,5264.63,0.0585
DEBT-04355,CUST-04355,0.0,0.0,0.0,34206.24,0.0,34206.24,0.1528
DEBT-04356,CUST-04356,0.0,0.0,0.0,15584.18,0.0,15584.18,0.0385
DEBT-04357,CUST-04357,0.0,0.0,0.0,0.0,0.0,0.0,0.0
DEBT-04358,CUST-04358,0.0,19668.21,0.0,0.0,0.0,19668.21,0.0952
DEBT-04359,CUST-04359,0.0,0.0,0.0,0.0,248578.02,248578.02,0.3026
DEBT-04360,CUST-04360,2965.76,0.0,0.0,0.0,0.0,2965.76,0.0058
DEBT-04361,CUST-04361,7008.16,0.0,0.0,0.0,134065.77,141073.93,0.3429
DEBT-04362,CUST-04362,5851.45,3859.36,0.0,17285.83,0.0,26996.64,0.0881
DEBT-04363,CUST-04363,7666.12,0.0,0.0,0.0,0.0,7666.12,0.0188
DEBT-04364,CUST-04364,5353.0,0.0,0.0,0.0,0.0,5353.0,0.023
DEBT-04365,CUST-04365,954.81,0.0,0.0,0.0,0.0,954.81,0.0055
DEBT-04366,CUST-04366,14031.52,0.0,0.0,0.0,0.0,14031.52,0.0141
DEBT-04367,CUST-04367,2708.28,0.0,0.0,0.0,0.0,2708.28,0.0078
DEBT-04368,CUST-04368,0.0,0.0,0.0,27378.56,0.0,27378.56,0.0686
DEBT-04369,CUST-04369,4775.96,0.0,0.0,12358.3,436412.93,453547.19,1.4582
DEBT-04370,CUST-04370,3849.31,0.0,0.0,10484.28,0.0,14333.59,0.0419
DEBT-04371,CUST-04371,10144.72,0.0,0.0,23032.09,105534.98,138711.79,0.2672
DEBT-04372,CUST-04372,0.0,0.0,0.0,32532.82,0.0,32532.82,0.0599
DEBT-04373,CUST-04373,0.0,0.0,0.0,0.0,345564.99,345564.99,0.4038
DEBT-04374,CUST-04374,0.0,0.0,0.0,31201.57,141083.13,172284.7,0.2647
DEBT-04375,CUST-04375,3183.56,0.0,0.0,0.0,0.0,3183.56,0.0047
DEBT-04376,CUST-04376,3702.51,0.0,0.0,13404.83,0.0,17107.34,0.0429
DEBT-04377,CUST-04377,172.78,0.0,0.0,0.0,0.0,172.78,0.003
DEBT-04378,CUST-04378,0.0,7643.98,35617.64,0.0,0.0,43261.62,0.1073
DEBT-04379,CUST-04379,3704.65,0.0,0.0,0.0,0.0,3704.65,0.0086
DEBT-04380,CUST-04380,8218.65,16947.53,0.0,0.0,0.0,25166.18,0.0338
DEBT-04381,CUST-04381,0.0,0.0,0.0,0.0,0.0,0.0,0.0
DEBT-04382,CUST-04382,0.0,0.0,0.0,0.0,0.0,0.0,0.0
DEBT-04383,CUST-04383,9702.14,0.0,0.0,0.0,434930.43,444632.57,0.7019
DEBT-04384,CUST-04384,10211.01,0.0,0.0,0.0,0.0,10211.01,0.01
DEBT-04385,CUST-04385,3137.42,0.0,0.0,16258.3,0.0,19395.72,0.0612
DEBT-04386,CUST-04386,4541.67,0.0,0.0,17425.38,0.0,21967.05,0.0494
DEBT-04387,CUST-04387,0.0,0.0,0.0,0.0,0.0,0.0,0.0
DEBT-04388,CUST-04388,3692.52,8507.51,0.0,29394.1,0.0,41594.13,0.0489
DEBT-04389,CUST-04389,3350.58,0.0,0.0,27214.84,280297.61,310863.03,1.105
DEBT-04390,CUST-04390,806.52,0.0,0.0,0.0,0.0,806.52,0.0123
DEBT-04391,CUST-04391,0.0,0.0,0.0,0.0,0.0,0.0,0.0
DEBT-04392,CUST-04392,4609.53,15599.73,0.0,0.0,0.0,20209.26,0.0246
DEBT-04393,CUST-04393,10922.32,0.0,0.0,0.0,220528.6,231450.92,0.2899
DEBT-04394,CUST-04394,5299.06,0.0,0.0,21096.55,0.0,26395.61,0.0632
DEBT-04395,CUST-04395,0.0,0.0,0.0,9527.02,0.0,9527.02,0.0352
DEBT-04396,CUST-04396,3160.52,0.0,0.0,0.0,367811.64,370972.16,1.097
DEBT-04397,CUST-04397,12095.36,0.0,0.0,0.0,0.0,12095.36,0.0163
DEBT-04398,CUST-04398,0.0,0.0,13822.44,0.0,186908.22,200730.66,0.4128
DEBT-04399,CUST-04399,0.0,0.0,0.0,19338.19,0.0,19338.19,0.05
DEBT-04400,CUST-04400,0.0,0.0,0.0,0.0,369110.36,369110.36,0.5275
DEBT-04401,CUST-04401,3344.16,0.0,0.0,30538.44,0.0,33882.6,0.0522
DEBT-04402,CUST-04402,3953.26,0.0,0.0,0.0,0.0,3953.26,0.0221
DEBT-04403,CUST-04403,2795.93,0.0,0.0,0.0,0.0,2795.93,0.0043
DEBT-04404,CUST-04404,1487.65,0.0,0.0,0.0,0.0,1487.65,0.0181
DEBT-04405,CUST-04405,0.0,0.0,0.0,0.0,201736.52,201736.52,0.3917
DEBT-04406,CUST-04406,7147.46,3727.53,0.0,0.0,0.0,10874.99,0.0186
DEBT-04407,CUST-04407,0.0,0.0,0.0,0.0,0.0,0.0,0.0
DEBT-04408,CUST-04408,7944.22,1880.15,0.0,0.0,0.0,9824.37,0.0214
DEBT-04409,CUST-04409,0.0,0.0,0.0,0.0,0.0,0.0,0.0
DEBT-04410,CUST-04410,0.0,0.0,0.0,0.0,376864.45,376864.45,1.1924
DEBT-04411,CUST-04411,0.0,0.0,0.0,0.0,286433.21,286433.21,0.3439
DEBT-04412,CUST-04412,3706.87,0.0,0.0,0.0,0.0,3706.87,0.0055
DEBT-04413,CUST-04413,0.0,0.0,0.0,0.0,294389.97,294389.97,0.9447
DEBT-04414,CUST-04414,565.85,0.0,0.0,0.0,431917.4,432483.25,1.2357
DEBT-04415,CUST-04415,0.0,0.0,0.0,18241.01,0.0,18241.01,0.0446
DEBT-04416,CUST-04416,5697.21,1664.64,0.0,0.0,0.0,7361.85,0.0187
DEBT-04417,CUST-04417,2951.13,9271.04,0.0,0.0,0.0,12222.17,0.0922
DEBT-04418,CUST-04418,4318.2,0.0,0.0,0.0,0.0,4318.2,0.0177
DEBT-04419,CUST-04419,0.0,0.0,0.0,0.0,0.0,0.0,0.0
DEBT-04420,CUST-04420,3579.06,0.0,0.0,0.0,0.0,3579.06,0.0088
DEBT-04421,CUST-04421,8176.9,0.0,0.0,0.0,0.0,8176.9,0.0164
DEBT-04422,CUST-04422,6680.07,0.0,0.0,0.0,0.0,6680.07,0.0078
DEBT-04423,CUST-04423,734.42,24459.52,0.0,0.0,0.0,25193.94,0.0448
DEBT-04424,CUST-04424,15189.78,12366.47,0.0,4286.02,0.0,31842.27,0.0441
DEBT-04425,CUST-04425,2776.68,7422.73,0.0,0.0,0.0,10199.41,0.0089
DEBT-04426,CUST-04426,1906.77,0.0,0.0,0.0,0.0,1906.77,0.0071
DEBT-04427,CUST-04427,5740.05,0.0,0.0,0.0,0.0,5740.05,0.009
DEBT-04428,CUST-04428,0.0,0.0,0.0,10599.48,0.0,10599.48,0.0446
DEBT-04429,CUST-04429,0.0,0.0,0.0,0.0,0.0,0.0,0.0
DEBT-04430,CUST-04430,3235.55,0.0,0.0,0.0,168377.37,171612.92,0.346
DEBT-04431,CUST-04431,4090.41,0.0,0.0,0.0,443484.95,447575.36,0.8042
DEBT-04432,CUST-04432,12022.11,0.0,0.0,0.0,0.0,12022.11,0.0171
DEBT-04433,CUST-04433,0.0,22146.2,12840.02,0.0,0.0,34986.22,0.0619
DEBT-04434,CUST-04434,5510.25,0.0,0.0,0.0,0.0,5510.25,0.0174
DEBT-04435,CUST-04435,6367.94,6670.71,0.0,12803.48,0.0,25842.13,0.0546
DEBT-04436,CUST-04436,7932.26,0.0,0.0,0.0,0.0,7932.26,0.0179
DEBT-04437,CUST-04437,8393.95,0.0,0.0,5884.96,231968.41,246247.32,0.4296
DEBT-04438,CUST-04438,10823.81,0.0,0.0,0.0,109977.25,120801.06,0.1797
DEBT-04439,CUST-04439,5097.01,0.0,0.0,0.0,0.0,5097.01,0.0059
DEBT-04440,CUST-04440,1140.97,0.0,0.0,23245.85,222050.68,246437.5,0.6965
DEBT-04441,CUST-04441,0.0,15757.85,23374.12,0.0,0.0,39131.97,0.0683
DEBT-04442,CUST-04442,0.0,0.0,0.0,0.0,245332.21,245332.21,0.383
DEBT-04443,CUST-04443,7740.8,0.0,12765.02,32350.46,0.0,52856.28,0.0851
DEBT-04444,CUST-04444,13412.2,0.0,0.0,27217.05,0.0,40629.25,0.0398
DEBT-04445,CUST-04445,0.0,7535.86,0.0,20317.41,157433.59,185286.86,0.6213
DEBT-04446,CUST-04446,6004.77,12717.94,0.0,25644.89,0.0,44367.6,0.1367
DEBT-04447,CUST-04447,5666.43,0.0,0.0,0.0,0.0,5666.43,0.0178
DEBT-04448,CUST-04448,6507.7,0.0,34938.23,34923.79,0.0,76369.72,0.2649
DEBT-04449,CUST-04449,11592.92,0.0,0.0,0.0,232547.93,244140.85,0.2902
DEBT-04450,CUST-04450,15006.81,0.0,0.0,0.0,0.0,15006.81,0.0192
DEBT-04451,CUST-04451,0.0,0.0,0.0,0.0,307995.1,307995.1,0.6676
DEBT-04452,CUST-04452,1706.68,0.0,0.0,0.0,0.0,1706.68,0.0052
DEBT-04453,CUST-04453,1623.81,0.0,0.0,0.0,0.0,1623.81,0.0021
DEBT-04454,CUST-04454,8378.94,0.0,0.0,0.0,0.0,8378.94,0.0121
DEBT-04455,CUST-04455,0.0,0.0,0.0,0.0,119655.52,119655.52,0.3873
DEBT-04456,CUST-04456,5395.1,0.0,0.0,13561.19,0.0,18956.29,0.0476
DEBT-04457,CUST-04457,2842.15,0.0,0.0,0.0,0.0,2842.15,0.0084
DEBT-04458,CUST-04458,956.61,0.0,0.0,0.0,0.0,956.61,0.0023
DEBT-04459,CUST-04459,7110.46,0.0,0.0,22825.64,0.0,29936.1,0.0387
DEBT-04460,CUST-04460,2660.12,0.0,0.0,21215.54,0.0,23875.66,0.0508
DEBT-04461,CUST-04461,0.0,0.0,0.0,31275.37,221212.74,252488.11,0.5379
DEBT-04462,CUST-04462,0.0,0.0,0.0,0.0,0.0,0.0,0.0
DEBT-04463,CUST-04463,4856.11,11212.27,0.0,0.0,0.0,16068.38,0.0437
DEBT-04464,CUST-04464,3485.59,0.0,0.0,0.0,0.0,3485.59,0.0166
DEBT-04465,CUST-04465,3394.44,0.0,0.0,0.0,0.0,3394.44,0.0114
DEBT-04466,CUST-04466,4341.59,0.0,0.0,28967.13,178814.77,212123.49,0.2581
DEBT-04467,CUST-04467,472.67,15062.73,0.0,0.0,0.0,15535.4,0.0368
DEBT-04468,CUST-04468,6964.93,17174.31,0.0,7967.85,93413.01,125520.1,0.2406
DEBT-04469,CUST-04469,0.0,0.0,0.0,27420.77,0.0,27420.77,0.0936
DEBT-04470,CUST-04470,2221.8,18889.24,0.0,28720.92,0.0,49831.96,0.145
DEBT-04471,CUST-04471,661.4,0.0,20311.79,0.0,0.0,20973.19,0.0342
DEBT-04472,CUST-04472,6455.07,0.0,22955.58,0.0,0.0,29410.65,0.0701
DEBT-04473,CUST-04473,3549.97,0.0,0.0,0.0,0.0,3549.97,0.0059
DEBT-04474,CUST-04474,0.0,0.0,25508.33,4082.75,108101.06,137692.14,0.2308
DEBT-04475,CUST-04475,3410.64,0.0,0.0,0.0,0.0,3410.64,0.007
DEBT-04476,CUST-04476,444.29,0.0,0.0,28583.5,0.0,29027.79,0.0585
DEBT-04477,CUST-04477,3762.85,5702.81,0.0,15349.3,0.0,24814.96,0.066
DEBT-04478,CUST-04478,0.0,0.0,0.0,0.0,211081.13,211081.13,0.217
DEBT-04479,CUST-04479,0.0,0.0,0.0,0.0,0.0,0.0,0.0
DEBT-04480,CUST-04480,0.0,10048.58,0.0,0.0,0.0,10048.58,0.0508
DEBT-04481,CUST-04481,1327.85,0.0,0.0,0.0,0.0,1327.85,0.0039
DEBT-04482,CUST-04482,8807.03,0.0,0.0,0.0,0.0,8807.03,0.0179
DEBT-04483,CUST-04483,3549.18,0.0,0.0,16625.61,0.0,20174.79,0.0323
DEBT-04484,CUST-04484,0.0,0.0,0.0,0.0,0.0,0.0,0.0
DEBT-04485,CUST-04485,12669.62,5224.21,0.0,0.0,0.0,17893.83,0.0284
DEBT-04486,CUST-04486,4719.39,4196.29,0.0,0.0,0.0,8915.68,0.0268
DEBT-04487,CUST-04487,3763.59,0.0,0.0,0.0,0.0,3763.59,0.0151
DEBT-04488,CUST-04488,1867.31,21407.76,0.0,22157.14,176097.72,221529.93,0.6361
DEBT-04489,CUST-04489,4499.48,0.0,0.0,0.0,0.0,4499.48,0.006
DEBT-04490,CUST-04490,355.73,0.0,30375.66,0.0,0.0,30731.39,0.062
DEBT-04491,CUST-04491,0.0,0.0,0.0,0.0,0.0,0.0,0.0
DEBT-04492,CUST-04492,0.0,0.0,0.0,0.0,0.0,0.0,0.0
DEBT-04493,CUST-04493,4232.6,0.0,0.0,0.0,0.0,4232.6,0.0161
DEBT-04494,CUST-04494,1003.87,0.0,0.0,0.0,0.0,1003.87,0.0037
DEBT-04495,CUST-04495,0.0,0.0,0.0,8936.02,0.0,8936.02,0.0169
DEBT-04496,CUST-04496,12523.95,7779.27,0.0,0.0,230344.48,250647.7,0.3595
DEBT-04497,CUST-04497,7221.26,0.0,0.0,0.0,0.0,7221.26,0.014
DEBT-04498,CUST-04498,0.0,0.0,0.0,24658.19,0.0,24658.19,0.0374
DEBT-04499,CUST-04499,10303.14,0.0,18252.52,8778.69,365186.0,402520.35,0.8404
DEBT-04500,CUST-04500,1207.19,0.0,0.0,0.0,0.0,1207.19,0.0027
DEBT-04501,CUST-04501,5790.92,0.0,0.0,0.0,86645.71,92436.63,0.202
DEBT-04502,CUST-04502,0.0,2040.09,0.0,0.0,0.0,2040.09,0.0022
DEBT-04503,CUST-04503,1274.25,0.0,0.0,0.0,0.0,1274.25,0.0054
DEBT-04504,CUST-04504,3079.26,0.0,0.0,7003.58,375448.61,385531.45,1.0069
DEBT-04505,CUST-04505,0.0,0.0,0.0,0.0,0.0,0.0,0.0
DEBT-04506,CUST-04506,0.0,0.0,0.0,30738.79,0.0,30738.79,0.0955
DEBT-04507,CUST-04507,2044.59,0.0,0.0,0.0,0.0,2044.59,0.0062
DEBT-04508,CUST-04508,7012.59,11879.31,0.0,4165.92,0.0,23057.82,0.06
DEBT-04509,CUST-04509,1049.44,0.0,0.0,0.0,430558.74,431608.18,1.1407
DEBT-04510,CUST-04510,0.0,0.0,0.0,0.0,0.0,0.0,0.0
DEBT-04511,CUST-04511,5525.49,0.0,28881.71,0.0,0.0,34407.2,0.0887
DEBT-04512,CUST-04512,720.01,0.0,39014.22,16246.16,0.0,55980.39,0.1084
DEBT-04513,CUST-04513,11031.57,1244.69,0.0,0.0,0.0,12276.26,0.018
DEBT-04514,CUST-04514,21079.03,0.0,0.0,0.0,0.0,21079.03,0.0179
DEBT-04515,CUST-04515,4634.11,0.0,0.0,0.0,0.0,4634.11,0.0201
DEBT-04516,CUST-04516,0.0,0.0,0.0,15115.96,386140.9,401256.86,0.8786
DEBT-04517,CUST-04517,0.0,21337.44,0.0,0.0,0.0,21337.44,0.0349
DEBT-04518,CUST-04518,425.51,0.0,0.0,0.0,244713.58,245139.09,0.4775
DEBT-04519,CUST-04519,0.0,10993.01,0.0,0.0,0.0,10993.01,0.0172
DEBT-04520,CUST-04520,0.0,0.0,0.0,0.0,0.0,0.0,0.0
DEBT-04521,CUST-04521,7881.63,0.0,32527.19,14636.75,216028.92,271074.49,0.4727
DEBT-04522,CUST-04522,8727.09,2806.95,0.0,0.0,0.0,11534.04,0.0183
DEBT-04523,CUST-04523,1621.87,0.0,0.0,0.0,0.0,1621.87,0.0069
DEBT-04524,CUST-04524,6214.48,0.0,0.0,0.0,0.0,6214.48,0.0095
DEBT-04525,CUST-04525,4053.06,0.0,11755.87,0.0,342520.63,358329.56,1.2488
DEBT-04526,CUST-04526,3430.21,0.0,0.0,0.0,0.0,3430.21,0.0173
DEBT-04527,CUST-04527,11407.88,0.0,0.0,16826.75,180837.26,209071.89,0.3078
DEBT-04528,CUST-04528,0.0,0.0,0.0,0.0,0.0,0.0,0.0
DEBT-04529,CUST-04529,469.61,0.0,0.0,0.0,0.0,469.61,0.0013
DEBT-04530,CUST-04530,0.0,0.0,0.0,0.0,221123.5,221123.5,0.5735
DEBT-04531,CUST-04531,891.21,0.0,0.0,0.0,0.0,891.21,0.0028
DEBT-04532,CUST-04532,5079.86,0.0,0.0,0.0,275805.7,280885.56,1.0908
DEBT-04533,CUST-04533,6199.97,0.0,5199.04,0.0,228795.59,240194.6,0.5508
DEBT-04534,CUST-04534,5717.47,0.0,0.0,0.0,0.0,5717.47,0.0139
DEBT-04535,CUST-04535,0.0,0.0,14149.25,20986.5,0.0,35135.75,0.0419
DEBT-04536,CUST-04536,0.0,0.0,0.0,0.0,0.0,0.0,0.0
DEBT-04537,CUST-04537,0.0,0.0,0.0,0.0,0.0,0.0,0.0
DEBT-04538,CUST-04538,0.0,0.0,0.0,0.0,0.0,0.0,0.0
DEBT-04539,CUST-04539,5617.76,16457.03,19251.11,0.0,0.0,41325.9,0.1275
DEBT-04540,CUST-04540,0.0,20513.69,0.0,0.0,0.0,20513.69,0.0368
DEBT-04541,CUST-04541,0.0,0.0,0.0,31787.62,0.0,31787.62,0.0364
DEBT-04542,CUST-04542,0.0,0.0,25697.06,15493.3,0.0,41190.36,0.0666
DEBT-04543,CUST-04543,8052.86,0.0,0.0,0.0,0.0,8052.86,0.0127
DEBT-04544,CUST-04544,1171.13,0.0,44964.89,15527.16,0.0,61663.18,0.6178
DEBT-04545,CUST-04545,8887.41,0.0,0.0,0.0,122160.31,131047.72,0.2929
DEBT-04546,CUST-04546,7458.82,0.0,0.0,25311.75,0.0,32770.57,0.0679
DEBT-04547,CUST-04547,4457.25,0.0,0.0,0.0,159173.55,163630.8,0.5255
DEBT-04548,CUST-04548,0.0,21258.0,0.0,0.0,0.0,21258.0,0.0521
DEBT-04549,CUST-04549,12876.18,0.0,0.0,7647.79,0.0,20523.97,0.0299
DEBT-04550,CUST-04550,1569.18,0.0,0.0,25498.36,0.0,27067.54,0.0723
DEBT-04551,CUST-04551,0.0,7773.82,0.0,0.0,411518.69,419292.51,0.8379
DEBT-04552,CUST-04552,10544.65,9375.04,0.0,0.0,136541.38,156461.07,0.17
DEBT-04553,CUST-04553,0.0,0.0,0.0,0.0,0.0,0.0,0.0
DEBT-04554,CUST-04554,8102.47,0.0,40496.44,0.0,0.0,48598.91,0.1134
DEBT-04555,CUST-04555,11575.23,0.0,0.0,0.0,0.0,11575.23,0.0126
DEBT-04556,CUST-04556,3508.6,0.0,0.0,0.0,0.0,3508.6,0.007
DEBT-04557,CUST-04557,11091.54,0.0,0.0,0.0,282022.84,293114.38,0.5097
DEBT-04558,CUST-04558,12409.15,0.0,0.0,0.0,0.0,12409.15,0.0136
DEBT-04559,CUST-04559,16975.09,13821.92,0.0,0.0,0.0,30797.01,0.0353
DEBT-04560,CUST-04560,1973.43,8661.14,0.0,0.0,0.0,10634.57,0.0527
DEBT-04561,CUST-04561,0.0,0.0,0.0,16256.44,239477.28,255733.72,0.7589
DEBT-04562,CUST-04562,13183.16,0.0,7172.01,27690.31,0.0,48045.48,0.0673
DEBT-04563,CUST-04563,10538.47,0.0,40991.19,0.0,0.0,51529.66,0.0865
DEBT-04564,CUST-04564,1853.17,0.0,33268.73,0.0,0.0,35121.9,0.3424
DEBT-04565,CUST-04565,10417.46,11372.05,0.0,8134.24,318128.9,348052.65,0.4185
DEBT-04566,CUST-04566,4027.33,0.0,0.0,0.0,0.0,4027.33,0.0148
DEBT-04567,CUST-04567,0.0,1230.4,0.0,19488.37,95235.99,115954.76,0.3425
DEBT-04568,CUST-04568,488.77,0.0,0.0,0.0,0.0,488.77,0.0036
DEBT-04569,CUST-04569,4366.36,8286.15,6763.62,0.0,0.0,19416.13,0.0594
DEBT-04570,CUST-04570,2588.76,14361.04,0.0,29295.47,0.0,46245.27,0.0546
DEBT-04571,CUST-04571,0.0,18136.05,0.0,0.0,0.0,18136.05,0.0449
DEBT-04572,CUST-04572,0.0,0.0,0.0,0.0,0.0,0.0,0.0
DEBT-04573,CUST-04573,0.0,19884.09,0.0,14161.48,0.0,34045.57,0.0735
DEBT-04574,CUST-04574,10504.7,0.0,33573.75,22679.24,0.0,66757.69,0.1174
DEBT-04575,CUST-04575,4753.23,16519.69,43725.24,0.0,0.0,64998.16,0.1262
DEBT-04576,CUST-04576,1009.94,0.0,0.0,0.0,0.0,1009.94,0.0098
DEBT-04577,CUST-04577,1761.42,15549.25,0.0,8698.12,0.0,26008.79,0.0408
DEBT-04578,CUST-04578,10957.62,0.0,0.0,0.0,0.0,10957.62,0.0216
DEBT-04579,CUST-04579,407.82,11289.38,0.0,32678.72,0.0,44375.92,1.065
DEBT-04580,CUST-04580,0.0,0.0,0.0,0.0,0.0,0.0,0.0
DEBT-04581,CUST-04581,0.0,0.0,0.0,7199.08,0.0,7199.08,0.0345
DEBT-04582,CUST-04582,0.0,0.0,0.0,0.0,0.0,0.0,0.0
DEBT-04583,CUST-04583,3141.74,0.0,0.0,0.0,219911.85,223053.59,0.2204
DEBT-04584,CUST-04584,0.0,20726.34,0.0,0.0,242896.15,263622.49,0.4886
DEBT-04585,CUST-04585,0.0,0.0,0.0,28268.87,0.0,28268.87,0.0941
DEBT-04586,CUST-04586,0.0,24789.44,0.0,0.0,0.0,24789.44,0.3985
DEBT-04587,CUST-04587,1954.04,0.0,0.0,9935.89,0.0,11889.93,0.0376
DEBT-04588,CUST-04588,5608.08,0.0,0.0,0.0,0.0,5608.08,0.012
DEBT-04589,CUST-04589,4255.84,0.0,0.0,0.0,0.0,4255.84,0.0079
DEBT-04590,CUST-04590,5857.19,0.0,24978.29,6743.79,279731.02,317310.29,1.2239
DEBT-04591,CUST-04591,2255.79,0.0,0.0,19326.22,158694.06,180276.07,0.2828
DEBT-04592,CUST-04592,0.0,21436.91,0.0,34195.75,0.0,55632.66,0.1064
DEBT-04593,CUST-04593,1246.54,3399.87,0.0,0.0,0.0,4646.41,0.0613
DEBT-04594,CUST-04594,5917.42,11249.51,0.0,0.0,0.0,17166.93,0.041
DEBT-04595,CUST-04595,4159.56,0.0,0.0,0.0,0.0,4159.56,0.0218
DEBT-04596,CUST-04596,1443.29,0.0,0.0,0.0,0.0,1443.29,0.0027
DEBT-04597,CUST-04597,5516.63,0.0,0.0,21596.52,0.0,27113.15,0.0817
DEBT-04598,CUST-04598,2554.49,0.0,0.0,0.0,0.0,2554.49,0.0057
DEBT-04599,CUST-04599,7682.6,0.0,0.0,0.0,0.0,7682.6,0.0196
DEBT-04600,CUST-04600,0.0,0.0,0.0,5885.37,365357.29,371242.66,0.3526
DEBT-04601,CUST-04601,11259.15,0.0,0.0,4998.31,0.0,16257.46,0.0241
DEBT-04602,CUST-04602,0.0,0.0,13543.83,0.0,156930.49,170474.32,0.3123
DEBT-04603,CUST-04603,551.25,14333.78,0.0,13739.38,0.0,28624.41,0.3475
DEBT-04604,CUST-04604,6727.57,5813.83,0.0,0.0,0.0,12541.4,0.0164
DEBT-04605,CUST-04605,657.41,0.0,0.0,0.0,0.0,657.41,0.0026
DEBT-04606,CUST-04606,0.0,0.0,0.0,0.0,0.0,0.0,0.0
DEBT-04607,CUST-04607,0.0,0.0,0.0,0.0,0.0,0.0,0.0
DEBT-04608,CUST-04608,2526.7,0.0,0.0,0.0,147496.27,150022.97,0.1961
DEBT-04609,CUST-04609,13516.13,13019.09,0.0,21756.14,0.0,48291.36,0.0739
DEBT-04610,CUST-04610,21231.63,0.0,0.0,0.0,0.0,21231.63,0.0151
DEBT-04611,CUST-04611,1270.75,0.0,0.0,0.0,0.0,1270.75,0.0089
DEBT-04612,CUST-04612,3747.33,18854.31,0.0,0.0,0.0,22601.64,0.0808
DEBT-04613,CUST-04613,0.0,22901.74,0.0,0.0,0.0,22901.74,0.0414
DEBT-04614,CUST-04614,5461.13,0.0,0.0,0.0,0.0,5461.13,0.0111
DEBT-04615,CUST-04615,0.0,23030.29,0.0,12656.7,0.0,35686.99,0.0312
DEBT-04616,CUST-04616,0.0,0.0,0.0,0.0,144860.19,144860.19,0.4002
DEBT-04617,CUST-04617,11900.2,0.0,0.0,10985.12,171679.8,194565.12,0.2358
DEBT-04618,CUST-04618,1171.94,14560.8,0.0,0.0,359141.78,374874.52,1.1239
DEBT-04619,CUST-04619,0.0,0.0,0.0,19953.9,0.0,19953.9,0.0288
DEBT-04620,CUST-04620,0.0,0.0,0.0,0.0,0.0,0.0,0.0
DEBT-04621,CUST-04621,1423.07,0.0,0.0,0.0,0.0,1423.07,0.0045
DEBT-04622,CUST-04622,3349.46,0.0,0.0,27596.96,0.0,30946.42,0.0451
DEBT-04623,CUST-04623,1833.91,0.0,0.0,15411.23,0.0,17245.14,0.0392
DEBT-04624,CUST-04624,6334.96,15727.31,0.0,0.0,0.0,22062.27,0.0349
DEBT-04625,CUST-04625,16823.52,21557.0,0.0,17797.88,0.0,56178.4,0.0457
DEBT-04626,CUST-04626,0.0,0.0,0.0,4298.31,0.0,4298.31,0.0151
DEBT-04627,CUST-04627,0.0,0.0,0.0,8244.92,0.0,8244.92,0.0097
DEBT-04628,CUST-04628,0.0,0.0,0.0,18433.32,0.0,18433.32,0.0476
DEBT-04629,CUST-04629,8805.69,0.0,0.0,0.0,385371.5,394177.19,0.5356
DEBT-04630,CUST-04630,2514.03,8903.88,0.0,25388.56,0.0,36806.47,0.1805
DEBT-04631,CUST-04631,2748.4,0.0,0.0,9250.28,166122.05,178120.73,0.2229
DEBT-04632,CUST-04632,6556.76,0.0,0.0,0.0,0.0,6556.76,0.0205
DEBT-04633,CUST-04633,3927.35,0.0,0.0,0.0,0.0,3927.35,0.0069
DEBT-04634,CUST-04634,5980.62,11896.56,0.0,0.0,442989.25,460866.43,0.607
DEBT-04635,CUST-04635,0.0,0.0,0.0,0.0,0.0,0.0,0.0
DEBT-04636,CUST-04636,11207.11,15148.32,0.0,0.0,0.0,26355.43,0.041
DEBT-04637,CUST-04637,0.0,0.0,0.0,0.0,348818.75,348818.75,0.4845
DEBT-04638,CUST-04638,814.26,0.0,0.0,6728.61,97042.76,104585.63,0.3935
DEBT-04639,CUST-04639,0.0,0.0,0.0,0.0,0.0,0.0,0.0
DEBT-04640,CUST-04640,6147.67,0.0,0.0,28575.17,0.0,34722.84,0.0922
DEBT-04641,CUST-04641,7381.01,7459.02,0.0,29839.35,217937.52,262616.9,0.8103
DEBT-04642,CUST-04642,1679.0,0.0,0.0,7535.47,0.0,9214.47,0.0165
DEBT-04643,CUST-04643,6972.96,0.0,0.0,32876.05,0.0,39849.01,0.0412
DEBT-04644,CUST-04644,0.0,0.0,0.0,18130.51,397477.53,415608.04,0.724
DEBT-04645,CUST-04645,0.0,0.0,0.0,0.0,221673.04,221673.04,0.4417
DEBT-04646,CUST-04646,0.0,0.0,0.0,17413.45,0.0,17413.45,0.0372
DEBT-04647,CUST-04647,4644.08,0.0,0.0,27763.02,0.0,32407.1,0.0743
DEBT-04648,CUST-04648,3975.52,0.0,0.0,0.0,0.0,3975.52,0.0101
DEBT-04649,CUST-04649,0.0,0.0,0.0,16046.24,0.0,16046.24,0.0262
DEBT-04650,CUST-04650,0.0,0.0,0.0,10298.27,0.0,10298.27,0.0229
DEBT-04651,CUST-04651,1925.87,0.0,0.0,0.0,0.0,1925.87,0.0064
DEBT-04652,CUST-04652,0.0,19367.3,0.0,0.0,206569.68,225936.98,0.5244
DEBT-04653,CUST-04653,502.05,0.0,0.0,0.0,0.0,502.05,0.0009
DEBT-04654,CUST-04654,0.0,0.0,0.0,0.0,0.0,0.0,0.0
DEBT-04655,CUST-04655,9224.54,0.0,0.0,0.0,0.0,9224.54,0.0188
DEBT-04656,CUST-04656,0.0,0.0,0.0,0.0,216715.38,216715.38,0.5352
DEBT-04657,CUST-04657,0.0,0.0,0.0,0.0,0.0,0.0,0.0
DEBT-04658,CUST-04658,0.0,0.0,0.0,0.0,0.0,0.0,0.0
DEBT-04659,CUST-04659,0.0,0.0,23086.86,0.0,0.0,23086.86,0.0405
DEBT-04660,CUST-04660,2955.44,0.0,0.0,0.0,0.0,2955.44,0.01
DEBT-04661,CUST-04661,0.0,0.0,0.0,0.0,239782.25,239782.25,0.4848
DEBT-04662,CUST-04662,10379.94,0.0,0.0,0.0,0.0,10379.94,0.0205
DEBT-04663,CUST-04663,328.34,0.0,0.0,0.0,0.0,328.34,0.001
DEBT-04664,CUST-04664,8794.78,0.0,0.0,0.0,0.0,8794.78,0.0195
DEBT-04665,CUST-04665,12395.94,14803.09,0.0,0.0,0.0,27199.03,0.0396
DEBT-04666,CUST-04666,2651.86,0.0,0.0,0.0,0.0,2651.86,0.0076
DEBT-04667,CUST-04667,0.0,0.0,44837.41,0.0,242316.12,287153.53,0.4919
DEBT-04668,CUST-04668,0.0,0.0,0.0,10898.45,0.0,10898.45,0.027
DEBT-04669,CUST-04669,0.0,3305.14,5220.64,0.0,0.0,8525.78,0.0197
DEBT-04670,CUST-04670,13422.09,19453.14,11814.39,18691.4,0.0,63381.02,0.0935
DEBT-04671,CUST-04671,12179.45,0.0,0.0,18843.78,180649.51,211672.74,0.3813
DEBT-04672,CUST-04672,3731.0,0.0,0.0,9801.14,0.0,13532.14,0.0521
DEBT-04673,CUST-04673,5314.04,0.0,5332.08,0.0,0.0,10646.12,0.0431
DEBT-04674,CUST-04674,9676.94,0.0,17416.32,28489.92,340118.77,395701.95,0.6986
DEBT-04675,CUST-04675,2047.36,16589.5,0.0,0.0,0.0,18636.86,0.0548
DEBT-04676,CUST-04676,0.0,9283.91,0.0,0.0,0.0,9283.91,0.0218
DEBT-04677,CUST-04677,0.0,0.0,6832.58,0.0,0.0,6832.58,0.0168
DEBT-04678,CUST-04678,8440.34,0.0,0.0,0.0,0.0,8440.34,0.0163
DEBT-04679,CUST-04679,6730.98,19077.74,0.0,16521.2,0.0,42329.92,0.1387
DEBT-04680,CUST-04680,12959.82,0.0,0.0,0.0,0.0,12959.82,0.0114
DEBT-04681,CUST-04681,9715.38,11890.16,0.0,32928.77,0.0,54534.31,0.057
DEBT-04682,CUST-04682,0.0,0.0,0.0,6242.93,0.0,6242.93,0.0106
DEBT-04683,CUST-04683,0.0,0.0,0.0,0.0,0.0,0.0,0.0
DEBT-04684,CUST-04684,2087.18,0.0,0.0,0.0,0.0,2087.18,0.009
DEBT-04685,CUST-04685,0.0,23128.46,0.0,0.0,0.0,23128.46,0.0585
DEBT-04686,CUST-04686,2726.71,0.0,0.0,11762.11,0.0,14488.82,0.0296
DEBT-04687,CUST-04687,0.0,24235.79,0.0,0.0,0.0,24235.79,0.0502
DEBT-04688,CUST-04688,14804.32,0.0,0.0,0.0,382481.29,397285.61,0.3303
DEBT-04689,CUST-04689,7522.36,0.0,0.0,0.0,0.0,7522.36,0.0114
DEBT-04690,CUST-04690,843.12,0.0,0.0,0.0,0.0,843.12,0.0008
DEBT-04691,CUST-04691,9157.31,0.0,0.0,0.0,0.0,9157.31,0.0193
DEBT-04692,CUST-04692,9959.55,0.0,0.0,0.0,0.0,9959.55,0.0163
DEBT-04693,CUST-04693,2508.08,19750.33,0.0,0.0,244652.86,266911.27,0.6727
DEBT-04694,CUST-04694,0.0,0.0,0.0,0.0,442663.22,442663.22,0.9501
DEBT-04695,CUST-04695,4200.89,0.0,0.0,12313.18,0.0,16514.07,0.0252
DEBT-04696,CUST-04696,0.0,0.0,0.0,0.0,376851.64,376851.64,0.8242
DEBT-04697,CUST-04697,1739.63,0.0,39314.02,0.0,0.0,41053.65,0.0878
DEBT-04698,CUST-04698,9853.42,0.0,0.0,18497.33,433901.69,462252.44,0.9689
DEBT-04699,CUST-04699,5194.63,0.0,0.0,19522.49,226452.56,251169.68,0.5723
DEBT-04700,CUST-04700,0.0,0.0,0.0,0.0,0.0,0.0,0.0
DEBT-04701,CUST-04701,635.5,0.0,10314.76,0.0,0.0,10950.26,0.0269
DEBT-04702,CUST-04702,0.0,0.0,0.0,0.0,0.0,0.0,0.0
DEBT-04703,CUST-04703,6285.12,0.0,43575.71,26673.22,0.0,76534.05,0.1536
DEBT-04704,CUST-04704,0.0,0.0,18388.3,0.0,0.0,18388.3,0.0335
DEBT-04705,CUST-04705,12710.83,19951.76,0.0,0.0,342187.74,374850.33,0.6331
DEBT-04706,CUST-04706,3433.58,12582.72,0.0,0.0,0.0,16016.3,0.0227
DEBT-04707,CUST-04707,0.0,0.0,0.0,27660.21,212225.07,239885.28,0.418
DEBT-04708,CUST-04708,0.0,0.0,0.0,8365.48,265767.96,274133.44,0.2623
DEBT-04709,CUST-04709,0.0,12642.12,0.0,0.0,0.0,12642.12,0.0265
DEBT-04710,CUST-04710,3547.1,15886.44,0.0,0.0,0.0,19433.54,0.0633
DEBT-04711,CUST-04711,204.75,0.0,0.0,0.0,0.0,204.75,0.0044
DEBT-04712,CUST-04712,7340.23,18904.58,0.0,18761.65,427631.86,472638.32,0.8417
DEBT-04713,CUST-04713,1459.1,0.0,0.0,0.0,0.0,1459.1,0.0122
DEBT-04714,CUST-04714,907.61,0.0,41074.44,7357.84,0.0,49339.89,0.351
DEBT-04715,CUST-04715,0.0,0.0,0.0,16966.32,0.0,16966.32,0.0231
DEBT-04716,CUST-04716,2656.08,5148.01,0.0,0.0,302064.61,309868.7,0.6371
DEBT-04717,CUST-04717,0.0,0.0,0.0,18544.62,0.0,18544.62,0.0879
DEBT-04718,CUST-04718,1643.55,0.0,0.0,0.0,0.0,1643.55,0.0158
DEBT-04719,CUST-04719,0.0,0.0,0.0,0.0,0.0,0.0,0.0
DEBT-04720,CUST-04720,4848.01,0.0,0.0,14393.68,0.0,19241.69,0.0407
DEBT-04721,CUST-04721,0.0,23213.09,24921.15,26114.98,0.0,74249.22,0.1468
DEBT-04722,CUST-04722,0.0,0.0,0.0,0.0,0.0,0.0,0.0
DEBT-04723,CUST-04723,0.0,0.0,0.0,0.0,258867.39,258867.39,1.0635
DEBT-04724,CUST-04724,10882.93,0.0,0.0,0.0,0.0,10882.93,0.0169
DEBT-04725,CUST-04725,0.0,0.0,0.0,0.0,0.0,0.0,0.0
DEBT-04726,CUST-04726,0.0,0.0,0.0,0.0,0.0,0.0,0.0
DEBT-04727,CUST-04727,3409.65,0.0,0.0,25591.02,313614.78,342615.45,0.7683
DEBT-04728,CUST-04728,0.0,0.0,0.0,14425.8,0.0,14425.8,0.0334
DEBT-04729,CUST-04729,5618.22,0.0,0.0,0.0,367658.71,373276.93,1.2899
DEBT-04730,CUST-04730,7351.0,0.0,0.0,0.0,0.0,7351.0,0.0057
DEBT-04731,CUST-04731,0.0,0.0,0.0,0.0,340431.66,340431.66,0.2141
DEBT-04732,CUST-04732,1159.8,0.0,0.0,16184.8,0.0,17344.6,0.0203
DEBT-04733,CUST-04733,11642.51,0.0,0.0,0.0,0.0,11642.51,0.0225
DEBT-04734,CUST-04734,0.0,0.0,0.0,17506.15,0.0,17506.15,0.0919
DEBT-04735,CUST-04735,0.0,0.0,0.0,0.0,0.0,0.0,0.0
DEBT-04736,CUST-04736,3766.79,11901.64,0.0,22082.65,0.0,37751.08,0.1019
DEBT-04737,CUST-04737,0.0,0.0,0.0,0.0,172280.73,172280.73,0.3774
DEBT-04738,CUST-04738,3523.39,0.0,0.0,0.0,141440.12,144963.51,0.157
DEBT-04739,CUST-04739,0.0,0.0,0.0,0.0,0.0,0.0,0.0
DEBT-04740,CUST-04740,0.0,0.0,0.0,0.0,0.0,0.0,0.0
DEBT-04741,CUST-04741,5899.86,0.0,0.0,34214.1,0.0,40113.96,0.1222
DEBT-04742,CUST-04742,8502.24,0.0,28768.36,9859.69,0.0,47130.29,0.0885
DEBT-04743,CUST-04743,9486.03,7189.36,0.0,0.0,0.0,16675.39,0.0272
DEBT-04744,CUST-04744,12415.32,18449.61,0.0,0.0,148701.04,179565.97,0.2186
DEBT-04745,CUST-04745,4509.14,0.0,0.0,22618.64,0.0,27127.78,0.0654
DEBT-04746,CUST-04746,1722.64,8469.85,0.0,0.0,0.0,10192.49,0.0197
DEBT-04747,CUST-04747,14684.81,16863.12,0.0,14779.49,223882.57,270209.99,0.4159
DEBT-04748,CUST-04748,1857.86,0.0,0.0,15511.81,174596.72,191966.39,0.7018
DEBT-04749,CUST-04749,0.0,15096.77,0.0,0.0,0.0,15096.77,0.0388
DEBT-04750,CUST-04750,12815.06,0.0,0.0,0.0,0.0,12815.06,0.0175
DEBT-04751,CUST-04751,2628.05,4605.81,0.0,0.0,210105.33,217339.19,0.6389
DEBT-04752,CUST-04752,541.54,0.0,0.0,0.0,116688.89,117230.43,0.1637
DEBT-04753,CUST-04753,0.0,0.0,0.0,6603.08,142922.99,149526.07,0.568
DEBT-04754,CUST-04754,8195.63,20639.24,15144.78,0.0,0.0,43979.65,0.0942
DEBT-04755,CUST-04755,2405.49,0.0,43498.08,0.0,0.0,45903.57,0.3727
DEBT-04756,CUST-04756,0.0,0.0,0.0,0.0,193624.65,193624.65,0.5522
DEBT-04757,CUST-04757,1300.08,16382.96,0.0,18188.28,0.0,35871.32,0.0646
DEBT-04758,CUST-04758,0.0,8588.23,0.0,0.0,0.0,8588.23,0.0585
DEBT-04759,CUST-04759,1097.53,12071.26,0.0,18867.67,0.0,32036.46,0.1292
DEBT-04760,CUST-04760,1021.5,8348.54,32545.91,0.0,0.0,41915.95,0.4015
DEBT-04761,CUST-04761,0.0,0.0,0.0,0.0,0.0,0.0,0.0
DEBT-04762,CUST-04762,399.86,9803.05,0.0,0.0,403913.34,414116.25,1.4339
DEBT-04763,CUST-04763,2825.87,24053.84,0.0,16805.63,145056.52,188741.86,0.3316
DEBT-04764,CUST-04764,0.0,0.0,0.0,0.0,160173.99,160173.99,0.5324
DEBT-04765,CUST-04765,5901.57,0.0,0.0,0.0,82335.38,88236.95,0.1151
DEBT-04766,CUST-04766,6661.48,20013.65,0.0,0.0,0.0,26675.13,0.0832
DEBT-04767,CUST-04767,0.0,0.0,0.0,15315.71,0.0,15315.71,0.0371
DEBT-04768,CUST-04768,0.0,0.0,0.0,23104.7,104878.09,127982.79,0.208
DEBT-04769,CUST-04769,9123.25,0.0,0.0,31669.18,0.0,40792.43,0.047
DEBT-04770,CUST-04770,4970.49,0.0,0.0,0.0,0.0,4970.49,0.008
DEBT-04771,CUST-04771,2615.04,0.0,0.0,14308.65,0.0,16923.69,0.038
DEBT-04772,CUST-04772,0.0,0.0,0.0,0.0,210339.28,210339.28,0.4204
DEBT-04773,CUST-04773,0.0,0.0,0.0,0.0,429307.65,429307.65,0.4328
DEBT-04774,CUST-04774,1912.35,0.0,0.0,14225.81,0.0,16138.16,0.0262
DEBT-04775,CUST-04775,0.0,0.0,0.0,0.0,368043.13,368043.13,1.1268
DEBT-04776,CUST-04776,3729.53,0.0,0.0,0.0,255597.77,259327.3,0.4135
DEBT-04777,CUST-04777,6326.94,0.0,0.0,32143.21,113585.59,152055.74,0.4684
DEBT-04778,CUST-04778,0.0,0.0,0.0,0.0,338987.6,338987.6,1.0182
DEBT-04779,CUST-04779,4389.74,1638.85,0.0,14908.37,0.0,20936.96,0.056
DEBT-04780,CUST-04780,0.0,0.0,0.0,0.0,0.0,0.0,0.0
DEBT-04781,CUST-04781,0.0,0.0,0.0,0.0,0.0,0.0,0.0
DEBT-04782,CUST-04782,6344.77,0.0,0.0,13407.37,0.0,19752.14,0.0431
DEBT-04783,CUST-04783,1626.05,0.0,0.0,0.0,0.0,1626.05,0.0063
DEBT-04784,CUST-04784,0.0,0.0,16927.27,0.0,83462.49,100389.76,0.2748
DEBT-04785,CUST-04785,2816.59,0.0,0.0,28157.27,0.0,30973.86,0.0853
DEBT-04786,CUST-04786,0.0,9999.27,0.0,17405.9,0.0,27405.17,0.0444
DEBT-04787,CUST-04787,1291.86,7915.34,0.0,10144.04,0.0,19351.24,0.0511
DEBT-04788,CUST-04788,0.0,0.0,0.0,0.0,217701.04,217701.04,0.3809
DEBT-04789,CUST-04789,0.0,0.0,0.0,0.0,105556.3,105556.3,0.1973
DEBT-04790,CUST-04790,3532.12,0.0,0.0,6295.74,0.0,9827.86,0.0229
DEBT-04791,CUST-04791,0.0,0.0,0.0,0.0,0.0,0.0,0.0
DEBT-04792,CUST-04792,0.0,17711.93,0.0,0.0,0.0,17711.93,0.057
DEBT-04793,CUST-04793,2261.49,0.0,0.0,9555.67,0.0,11817.16,0.0292
DEBT-04794,CUST-04794,0.0,0.0,0.0,0.0,0.0,0.0,0.0
DEBT-04795,CUST-04795,5017.56,0.0,0.0,30336.61,0.0,35354.17,0.0679
DEBT-04796,CUST-04796,7211.89,0.0,0.0,0.0,0.0,7211.89,0.0101
DEBT-04797,CUST-04797,0.0,0.0,0.0,0.0,0.0,0.0,0.0
DEBT-04798,CUST-04798,5496.0,0.0,0.0,33698.44,0.0,39194.44,0.08
DEBT-04799,CUST-04799,0.0,0.0,0.0,0.0,0.0,0.0,0.0
DEBT-04800,CUST-04800,0.0,9971.13,0.0,0.0,190288.07,200259.2,0.4626
DEBT-04801,CUST-04801,0.0,7169.42,0.0,26103.0,0.0,33272.42,0.0868
DEBT-04802,CUST-04802,6946.99,0.0,0.0,0.0,0.0,6946.99,0.0159
DEBT-04803,CUST-04803,8585.63,0.0,0.0,0.0,391270.16,399855.79,0.6971
DEBT-04804,CUST-04804,20211.92,0.0,0.0,0.0,0.0,20211.92,0.0211
DEBT-04805,CUST-04805,7928.1,0.0,0.0,0.0,0.0,7928.1,0.0202
DEBT-04806,CUST-04806,3082.25,11582.27,0.0,8739.02,0.0,23403.54,0.0505
DEBT-04807,CUST-04807,796.8,0.0,0.0,0.0,0.0,796.8,0.0011
DEBT-04808,CUST-04808,10864.4,0.0,13734.92,20069.27,0.0,44668.59,0.0804
DEBT-04809,CUST-04809,1641.13,0.0,0.0,0.0,0.0,1641.13,0.0041
DEBT-04810,CUST-04810,0.0,9490.16,0.0,25936.95,214905.29,250332.4,0.6163
DEBT-04811,CUST-04811,3023.92,0.0,0.0,14525.4,0.0,17549.32,0.0287
DEBT-04812,CUST-04812,213.79,0.0,0.0,8304.88,0.0,8518.67,0.1283
DEBT-04813,CUST-04813,5862.96,0.0,0.0,23769.06,352541.73,382173.75,1.3428
DEBT-04814,CUST-04814,7151.44,0.0,43546.96,0.0,0.0,50698.4,0.1125
DEBT-04815,CUST-04815,0.0,14194.22,0.0,0.0,0.0,14194.22,0.0326
DEBT-04816,CUST-04816,0.0,0.0,0.0,12315.21,0.0,12315.21,0.0758
DEBT-04817,CUST-04817,9601.32,0.0,0.0,28133.65,301995.44,339730.41,0.775
DEBT-04818,CUST-04818,14682.81,0.0,0.0,0.0,407505.85,422188.66,0.6051
DEBT-04819,CUST-04819,17722.98,18468.51,0.0,5284.3,382149.78,423625.57,0.4277
DEBT-04820,CUST-04820,0.0,0.0,0.0,0.0,0.0,0.0,0.0
DEBT-04821,CUST-04821,5457.49,0.0,0.0,0.0,0.0,5457.49,0.0085
DEBT-04822,CUST-04822,1745.06,0.0,22969.68,22310.35,0.0,47025.09,0.3473
DEBT-04823,CUST-04823,6478.79,1331.06,0.0,9093.39,358922.06,375825.3,0.8451
DEBT-04824,CUST-04824,0.0,0.0,0.0,0.0,0.0,0.0,0.0
DEBT-04825,CUST-04825,0.0,15947.66,0.0,0.0,0.0,15947.66,0.0221
DEBT-04826,CUST-04826,3078.06,0.0,0.0,27800.3,0.0,30878.36,0.0494
DEBT-04827,CUST-04827,0.0,0.0,0.0,0.0,0.0,0.0,0.0
DEBT-04828,CUST-04828,0.0,0.0,0.0,0.0,0.0,0.0,0.0
DEBT-04829,CUST-04829,0.0,4762.78,0.0,0.0,0.0,4762.78,0.0165
DEBT-04830,CUST-04830,5564.99,0.0,0.0,27588.13,0.0,33153.12,0.0401
DEBT-04831,CUST-04831,3161.45,3690.71,0.0,0.0,0.0,6852.16,0.0178
DEBT-04832,CUST-04832,0.0,0.0,0.0,5494.51,0.0,5494.51,0.0152
DEBT-04833,CUST-04833,0.0,0.0,0.0,0.0,0.0,0.0,0.0
DEBT-04834,CUST-04834,4797.86,0.0,0.0,11253.69,0.0,16051.55,0.0695
DEBT-04835,CUST-04835,5933.98,0.0,0.0,0.0,0.0,5933.98,0.0056
DEBT-04836,CUST-04836,0.0,0.0,0.0,0.0,0.0,0.0,0.0
DEBT-04837,CUST-04837,8434.81,7536.88,0.0,0.0,0.0,15971.69,0.0427
DEBT-04838,CUST-04838,8008.78,0.0,0.0,0.0,0.0,8008.78,0.0178
DEBT-04839,CUST-04839,0.0,0.0,0.0,0.0,277084.26,277084.26,0.8743
DEBT-04840,CUST-04840,2755.79,4258.76,0.0,20488.69,248344.89,275848.13,0.774
DEBT-04841,CUST-04841,0.0,0.0,0.0,0.0,0.0,0.0,0.0
DEBT-04842,CUST-04842,10218.35,0.0,0.0,28935.86,303636.66,342790.87,0.6883
DEBT-04843,CUST-04843,1388.74,0.0,43464.46,34591.48,0.0,79444.68,0.6594
DEBT-04844,CUST-04844,4210.1,0.0,0.0,16278.73,0.0,20488.83,0.0683
DEBT-04845,CUST-04845,4545.84,0.0,8974.62,0.0,212578.22,226098.68,0.5666
DEBT-04846,CUST-04846,3097.31,0.0,0.0,25187.44,227530.42,255815.17,0.7964
DEBT-04847,CUST-04847,7490.52,7646.84,0.0,0.0,0.0,15137.36,0.0304
DEBT-04848,CUST-04848,1862.99,21446.07,30416.51,0.0,0.0,53725.57,0.1019
DEBT-04849,CUST-04849,0.0,0.0,0.0,0.0,0.0,0.0,0.0
DEBT-04850,CUST-04850,8376.21,0.0,0.0,0.0,0.0,8376.21,0.0073
DEBT-04851,CUST-04851,0.0,0.0,0.0,4263.47,0.0,4263.47,0.0441
DEBT-04852,CUST-04852,13249.02,0.0,0.0,0.0,317097.21,330346.23,0.4141
DEBT-04853,CUST-04853,3086.38,0.0,0.0,7659.17,0.0,10745.55,0.0214
DEBT-04854,CUST-04854,893.34,23924.08,0.0,0.0,0.0,24817.42,0.0808
DEBT-04855,CUST-04855,11490.78,0.0,0.0,0.0,395357.36,406848.14,0.6755
DEBT-04856,CUST-04856,6140.23,0.0,0.0,0.0,0.0,6140.23,0.0146
DEBT-04857,CUST-04857,7506.85,12409.51,0.0,0.0,0.0,19916.36,0.0538
DEBT-04858,CUST-04858,11007.05,0.0,0.0,0.0,0.0,11007.05,0.0173
DEBT-04859,CUST-04859,5170.45,0.0,0.0,5565.53,0.0,10735.98,0.0457
DEBT-04860,CUST-04860,0.0,0.0,0.0,0.0,0.0,0.0,0.0
DEBT-04861,CUST-04861,0.0,0.0,0.0,0.0,143222.09,143222.09,0.2084
DEBT-04862,CUST-04862,1648.13,22608.98,0.0,0.0,0.0,24257.11,0.0317
DEBT-04863,CUST-04863,1051.46,8193.7,0.0,24764.02,0.0,34009.18,0.31
DEBT-04864,CUST-04864,3130.98,16153.28,0.0,0.0,0.0,19284.26,0.0798
DEBT-04865,CUST-04865,0.0,0.0,0.0,0.0,81465.96,81465.96,0.0994
DEBT-04866,CUST-04866,1252.67,0.0,0.0,0.0,0.0,1252.67,0.022
DEBT-04867,CUST-04867,7659.14,0.0,0.0,20092.23,0.0,27751.37,0.0445
DEBT-04868,CUST-04868,18695.05,0.0,0.0,0.0,0.0,18695.05,0.0226
DEBT-04869,CUST-04869,0.0,0.0,0.0,0.0,0.0,0.0,0.0
DEBT-04870,CUST-04870,6629.7,14185.09,0.0,9517.44,341544.04,371876.27,1.1035
DEBT-04871,CUST-04871,2894.97,0.0,0.0,0.0,157285.13,160180.1,0.5408
DEBT-04872,CUST-04872,3505.19,0.0,0.0,32812.34,0.0,36317.53,0.0928
DEBT-04873,CUST-04873,11138.77,0.0,0.0,15148.92,373469.06,399756.75,0.6901
DEBT-04874,CUST-04874,13459.79,21838.5,0.0,0.0,0.0,35298.29,0.0202
DEBT-04875,CUST-04875,3692.56,0.0,0.0,0.0,0.0,3692.56,0.0114
DEBT-04876,CUST-04876,0.0,0.0,0.0,32095.26,312390.34,344485.6,0.7405
DEBT-04877,CUST-04877,16839.55,0.0,0.0,0.0,0.0,16839.55,0.0227
DEBT-04878,CUST-04878,3871.75,0.0,0.0,33867.39,0.0,37739.14,0.1741
DEBT-04879,CUST-04879,6958.85,21904.76,0.0,0.0,0.0,28863.61,0.0731
DEBT-04880,CUST-04880,2266.69,0.0,0.0,0.0,0.0,2266.69,0.0089
DEBT-04881,CUST-04881,4197.9,0.0,0.0,0.0,0.0,4197.9,0.0077
DEBT-04882,CUST-04882,11111.7,0.0,0.0,6818.79,0.0,17930.49,0.0281
DEBT-04883,CUST-04883,10153.19,0.0,0.0,26227.94,0.0,36381.13,0.0374
DEBT-04884,CUST-04884,0.0,0.0,0.0,0.0,0.0,0.0,0.0
DEBT-04885,CUST-04885,263.99,21236.11,0.0,0.0,207874.38,229374.48,0.6256
DEBT-04886,CUST-04886,0.0,0.0,0.0,18921.51,0.0,18921.51,0.0386
DEBT-04887,CUST-04887,1346.65,0.0,0.0,24722.98,0.0,26069.63,0.0436
DEBT-04888,CUST-04888,2437.44,0.0,0.0,0.0,144135.32,146572.76,0.2835
DEBT-04889,CUST-04889,0.0,0.0,0.0,21384.74,0.0,21384.74,0.0571
DEBT-04890,CUST-04890,2728.33,0.0,0.0,0.0,0.0,2728.33,0.0063
DEBT-04891,CUST-04891,11242.51,0.0,0.0,13994.53,182775.24,208012.28,0.399
DEBT-04892,CUST-04892,0.0,0.0,0.0,0.0,212688.1,212688.1,0.2678
DEBT-04893,CUST-04893,1548.76,11219.53,0.0,0.0,0.0,12768.29,0.0145
DEBT-04894,CUST-04894,1038.01,15212.36,0.0,0.0,0.0,16250.37,0.0552
DEBT-04895,CUST-04895,13906.2,0.0,0.0,28797.82,0.0,42704.02,0.0688
DEBT-04896,CUST-04896,0.0,0.0,0.0,0.0,0.0,0.0,0.0
DEBT-04897,CUST-04897,376.17,0.0,0.0,0.0,0.0,376.17,0.0013
DEBT-04898,CUST-04898,2506.32,0.0,0.0,13768.8,102633.93,118909.05,0.2929
DEBT-04899,CUST-04899,0.0,0.0,13847.02,0.0,0.0,13847.02,0.1636
DEBT-04900,CUST-04900,0.0,13467.11,16628.41,0.0,405006.78,435102.3,0.5148
DEBT-04901,CUST-04901,0.0,0.0,0.0,19249.31,0.0,19249.31,0.0408
DEBT-04902,CUST-04902,9260.26,0.0,0.0,0.0,0.0,9260.26,0.0125
DEBT-04903,CUST-04903,0.0,0.0,0.0,0.0,349046.89,349046.89,1.0586
DEBT-04904,CUST-04904,6270.96,0.0,23851.11,0.0,0.0,30122.07,0.1043
DEBT-04905,CUST-04905,0.0,0.0,0.0,0.0,0.0,0.0,0.0
DEBT-04906,CUST-04906,16170.04,0.0,0.0,11329.62,0.0,27499.66,0.0297
DEBT-04907,CUST-04907,6154.29,0.0,0.0,14460.47,286738.11,307352.87,0.8635
DEBT-04908,CUST-04908,0.0,0.0,0.0,0.0,0.0,0.0,0.0
DEBT-04909,CUST-04909,0.0,0.0,0.0,0.0,0.0,0.0,0.0
DEBT-04910,CUST-04910,7283.68,12602.74,0.0,29319.66,0.0,49206.08,0.0811
DEBT-04911,CUST-04911,0.0,0.0,0.0,0.0,0.0,0.0,0.0
DEBT-04912,CUST-04912,388.51,11241.64,0.0,31601.74,0.0,43231.89,0.1676
DEBT-04913,CUST-04913,3161.88,0.0,0.0,0.0,343691.26,346853.14,1.2687
DEBT-04914,CUST-04914,17797.66,0.0,0.0,0.0,336365.32,354162.98,0.4188
DEBT-04915,CUST-04915,0.0,3121.74,0.0,0.0,0.0,3121.74,0.0077
DEBT-04916,CUST-04916,1394.85,0.0,0.0,31347.81,0.0,32742.66,0.0497
DEBT-04917,CUST-04917,2354.14,0.0,0.0,0.0,0.0,2354.14,0.0058
DEBT-04918,CUST-04918,0.0,0.0,0.0,0.0,0.0,0.0,0.0
DEBT-04919,CUST-04919,1234.42,0.0,0.0,0.0,0.0,1234.42,0.0027
DEBT-04920,CUST-04920,3338.77,0.0,41659.34,0.0,0.0,44998.11,0.2567
DEBT-04921,CUST-04921,1845.59,0.0,0.0,0.0,0.0,1845.59,0.0045
DEBT-04922,CUST-04922,1579.7,0.0,0.0,0.0,0.0,1579.7,0.0212
DEBT-04923,CUST-04923,13256.92,0.0,0.0,0.0,208348.76,221605.68,0.3405
DEBT-04924,CUST-04924,0.0,0.0,0.0,0.0,0.0,0.0,0.0
DEBT-04925,CUST-04925,0.0,3112.21,0.0,33175.85,225237.94,261526.0,0.6335
DEBT-04926,CUST-04926,1885.41,0.0,0.0,9672.76,0.0,11558.17,0.0562
DEBT-04927,CUST-04927,4998.66,0.0,0.0,0.0,116983.45,121982.11,0.3388
DEBT-04928,CUST-04928,3728.45,0.0,0.0,0.0,0.0,3728.45,0.0086
DEBT-04929,CUST-04929,1591.7,0.0,0.0,0.0,175870.97,177462.67,0.5712
DEBT-04930,CUST-04930,3481.63,0.0,0.0,0.0,0.0,3481.63,0.0118
DEBT-04931,CUST-04931,0.0,0.0,0.0,0.0,0.0,0.0,0.0
DEBT-04932,CUST-04932,4065.64,0.0,0.0,23009.27,0.0,27074.91,0.0471
DEBT-04933,CUST-04933,0.0,16728.18,0.0,0.0,251951.22,268679.4,0.4231
DEBT-04934,CUST-04934,509.95,0.0,0.0,8903.03,0.0,9412.98,0.1385
DEBT-04935,CUST-04935,0.0,0.0,0.0,25111.38,0.0,25111.38,0.0536
DEBT-04936,CUST-04936,9071.38,0.0,0.0,18428.36,157583.34,185083.08,0.4646
DEBT-04937,CUST-04937,0.0,0.0,29957.6,12832.79,0.0,42790.39,0.0845
DEBT-04938,CUST-04938,7850.3,0.0,0.0,9722.73,0.0,17573.03,0.0423
DEBT-04939,CUST-04939,3288.41,5055.95,0.0,5813.67,0.0,14158.03,0.029
DEBT-04940,CUST-04940,9747.26,0.0,0.0,32427.13,0.0,42174.39,0.0913
DEBT-04941,CUST-04941,17383.5,0.0,0.0,18087.56,184266.23,219737.29,0.2096
DEBT-04942,CUST-04942,5143.83,0.0,0.0,5909.6,140187.84,151241.27,0.43
DEBT-04943,CUST-04943,357.37,0.0,0.0,7458.09,0.0,7815.46,0.0249
DEBT-04944,CUST-04944,0.0,11955.44,0.0,25874.76,279703.66,317533.86,0.8124
DEBT-04945,CUST-04945,0.0,15721.99,0.0,0.0,97733.52,113455.51,0.1842
DEBT-04946,CUST-04946,23432.55,0.0,0.0,29447.72,0.0,52880.27,0.0431
DEBT-04947,CUST-04947,858.97,10180.55,0.0,24852.25,0.0,35891.77,0.0554
DEBT-04948,CUST-04948,0.0,19701.73,38112.24,17312.37,0.0,75126.34,0.1172
DEBT-04949,CUST-04949,10352.67,0.0,0.0,10600.65,312802.22,333755.54,0.5608
DEBT-04950,CUST-04950,1469.68,0.0,0.0,9905.81,0.0,11375.49,0.0512
DEBT-04951,CUST-04951,0.0,13971.81,0.0,0.0,430097.98,444069.79,0.8482
DEBT-04952,CUST-04952,27454.39,11140.61,0.0,14123.89,187700.62,240419.51,0.191
DEBT-04953,CUST-04953,6385.4,11137.51,0.0,9463.97,0.0,26986.88,0.0738
DEBT-04954,CUST-04954,7284.58,0.0,0.0,0.0,0.0,7284.58,0.0137
DEBT-04955,CUST-04955,6437.27,0.0,0.0,5761.04,0.0,12198.31,0.0262
DEBT-04956,CUST-04956,0.0,0.0,0.0,31406.92,204857.31,236264.23,0.4218
DEBT-04957,CUST-04957,0.0,7937.95,0.0,28127.58,0.0,36065.53,0.048
DEBT-04958,CUST-04958,0.0,0.0,0.0,13898.55,0.0,13898.55,0.036
DEBT-04959,CUST-04959,0.0,0.0,0.0,13506.35,379149.41,392655.76,0.5031
DEBT-04960,CUST-04960,3683.15,0.0,0.0,0.0,0.0,3683.15,0.013
DEBT-04961,CUST-04961,0.0,1306.1,0.0,34402.71,114480.42,150189.23,0.3177
DEBT-04962,CUST-04962,3464.11,0.0,0.0,0.0,0.0,3464.11,0.0143
DEBT-04963,CUST-04963,11930.26,0.0,0.0,0.0,0.0,11930.26,0.016
DEBT-04964,CUST-04964,1053.78,3123.85,0.0,0.0,0.0,4177.63,0.0163
DEBT-04965,CUST-04965,2508.41,0.0,0.0,0.0,0.0,2508.41,0.0171
DEBT-04966,CUST-04966,7121.18,0.0,0.0,32169.31,0.0,39290.49,0.1138
DEBT-04967,CUST-04967,0.0,0.0,0.0,0.0,0.0,0.0,0.0
DEBT-04968,CUST-04968,1155.07,9410.89,0.0,0.0,0.0,10565.96,0.0441
DEBT-04969,CUST-04969,5144.02,0.0,0.0,28110.86,0.0,33254.88,0.0644
DEBT-04970,CUST-04970,0.0,0.0,32898.74,0.0,363750.57,396649.31,0.3965
DEBT-04971,CUST-04971,6951.53,21760.13,0.0,0.0,0.0,28711.66,0.0624
DEBT-04972,CUST-04972,1399.47,0.0,0.0,32143.82,0.0,33543.29,0.1368
DEBT-04973,CUST-04973,0.0,0.0,0.0,0.0,0.0,0.0,0.0
DEBT-04974,CUST-04974,0.0,0.0,0.0,0.0,0.0,0.0,0.0
DEBT-04975,CUST-04975,2354.72,22601.35,0.0,4400.54,0.0,29356.61,0.0583
DEBT-04976,CUST-04976,674.72,3787.21,0.0,0.0,0.0,4461.93,0.0145
DEBT-04977,CUST-04977,20722.29,0.0,0.0,0.0,0.0,20722.29,0.0221
DEBT-04978,CUST-04978,8150.68,0.0,0.0,0.0,0.0,8150.68,0.0186
DEBT-04979,CUST-04979,8511.95,7137.34,0.0,0.0,0.0,15649.29,0.0416
DEBT-04980,CUST-04980,2705.45,0.0,0.0,0.0,343254.48,345959.93,0.4091
DEBT-04981,CUST-04981,5915.61,23597.65,0.0,0.0,0.0,29513.26,0.0493
DEBT-04982,CUST-04982,3169.16,0.0,0.0,8487.79,0.0,11656.95,0.0357
DEBT-04983,CUST-04983,5206.78,0.0,0.0,17293.77,320440.42,342940.97,0.8186
DEBT-04984,CUST-04984,6622.24,0.0,0.0,0.0,0.0,6622.24,0.02
DEBT-04985,CUST-04985,4670.38,0.0,0.0,0.0,0.0,4670.38,0.0125
DEBT-04986,CUST-04986,0.0,0.0,0.0,24188.07,0.0,24188.07,0.0288
DEBT-04987,CUST-04987,0.0,0.0,0.0,0.0,0.0,0.0,0.0
DEBT-04988,CUST-04988,4412.21,0.0,0.0,0.0,0.0,4412.21,0.016
DEBT-04989,CUST-04989,0.0,0.0,0.0,0.0,0.0,0.0,0.0
DEBT-04990,CUST-04990,3718.26,0.0,0.0,0.0,0.0,3718.26,0.0107
DEBT-04991,CUST-04991,0.0,0.0,0.0,0.0,0.0,0.0,0.0
DEBT-04992,CUST-04992,6993.71,0.0,0.0,16996.93,0.0,23990.64,0.0782
DEBT-04993,CUST-04993,5835.56,0.0,0.0,0.0,0.0,5835.56,0.0114
DEBT-04994,CUST-04994,4334.84,0.0,0.0,9839.85,0.0,14174.69,0.0258
DEBT-04995,CUST-04995,4175.95,0.0,0.0,0.0,0.0,4175.95,0.0114
DEBT-04996,CUST-04996,5804.29,19490.53,0.0,0.0,0.0,25294.82,0.0575
DEBT-04997,CUST-04997,6286.12,16024.87,0.0,0.0,282786.37,305097.36,1.1057
DEBT-04998,CUST-04998,1274.55,0.0,0.0,12592.45,0.0,13867.0,0.1998
DEBT-04999,CUST-04999,502.16,16382.31,0.0,0.0,0.0,16884.47,0.2786
DEBT-05000,CUST-05000,5508.34,0.0,0.0,0.0,0.0,5508.34,0.0128
DEBT-05001,CUST-05001,7038.74,0.0,0.0,0.0,0.0,7038.74,0.0151
DEBT-05002,CUST-05002,8721.0,0.0,0.0,0.0,0.0,8721.0,0.0097
DEBT-05003,CUST-05003,0.0,0.0,0.0,0.0,0.0,0.0,0.0
DEBT-05004,CUST-05004,6879.65,0.0,0.0,0.0,103542.66,110422.31,0.1919
DEBT-05005,CUST-05005,1602.19,22889.91,42602.16,0.0,0.0,67094.26,0.1367
DEBT-05006,CUST-05006,11487.45,0.0,39724.68,0.0,0.0,51212.13,0.0851
DEBT-05007,CUST-05007,1633.0,14851.98,0.0,27665.49,0.0,44150.47,0.0753
DEBT-05008,CUST-05008,1339.11,0.0,0.0,0.0,0.0,1339.11,0.0203
DEBT-05009,CUST-05009,5482.73,0.0,0.0,0.0,241920.79,247403.52,0.5248
DEBT-05010,CUST-05010,0.0,0.0,30827.58,0.0,0.0,30827.58,0.0468
DEBT-05011,CUST-05011,0.0,0.0,0.0,23113.07,0.0,23113.07,0.095
DEBT-05012,CUST-05012,0.0,4357.03,0.0,8870.65,0.0,13227.68,0.0211
DEBT-05013,CUST-05013,638.16,24691.68,10499.56,19877.26,0.0,55706.66,0.2114
DEBT-05014,CUST-05014,0.0,0.0,0.0,0.0,0.0,0.0,0.0
DEBT-05015,CUST-05015,0.0,0.0,0.0,0.0,0.0,0.0,0.0
DEBT-05016,CUST-05016,0.0,0.0,42780.54,9915.35,0.0,52695.89,0.3011
DEBT-05017,CUST-05017,5138.58,16038.17,0.0,18374.77,101142.5,140694.02,0.1831
DEBT-05018,CUST-05018,3595.54,0.0,33411.38,0.0,0.0,37006.92,0.1263
DEBT-05019,CUST-05019,0.0,0.0,0.0,22208.46,271285.33,293493.79,0.6921
DEBT-05020,CUST-05020,4247.62,0.0,0.0,21011.84,0.0,25259.46,0.0839
DEBT-05021,CUST-05021,3201.74,0.0,0.0,13454.04,0.0,16655.78,0.043
DEBT-05022,CUST-05022,1190.61,13665.07,0.0,5623.66,0.0,20479.34,0.0246
DEBT-05023,CUST-05023,3488.37,0.0,0.0,25808.95,435162.33,464459.65,1.089
DEBT-05024,CUST-05024,4811.31,7316.83,0.0,0.0,0.0,12128.14,0.044
DEBT-05025,CUST-05025,13936.55,0.0,0.0,0.0,92217.89,106154.44,0.1152
DEBT-05026,CUST-05026,7312.84,0.0,0.0,19492.29,201249.73,228054.86,0.5919
DEBT-05027,CUST-05027,0.0,0.0,0.0,21844.18,341066.97,362911.15,0.5705
DEBT-05028,CUST-05028,6234.19,0.0,0.0,0.0,0.0,6234.19,0.0176
DEBT-05029,CUST-05029,181.64,0.0,0.0,0.0,0.0,181.64,0.0007
DEBT-05030,CUST-05030,0.0,0.0,0.0,0.0,0.0,0.0,0.0
DEBT-05031,CUST-05031,0.0,2997.44,34097.69,5192.78,0.0,42287.91,0.0587
DEBT-05032,CUST-05032,0.0,20627.48,0.0,0.0,337555.22,358182.7,0.3348
DEBT-05033,CUST-05033,0.0,0.0,0.0,0.0,0.0,0.0,0.0
DEBT-05034,CUST-05034,8779.42,0.0,0.0,23051.65,125193.76,157024.83,0.3685
DEBT-05035,CUST-05035,2452.71,11292.18,0.0,0.0,0.0,13744.89,0.0722
DEBT-05036,CUST-05036,8017.04,0.0,0.0,0.0,0.0,8017.04,0.014
DEBT-05037,CUST-05037,15387.48,0.0,0.0,21984.75,286989.67,324361.9,0.4805
DEBT-05038,CUST-05038,0.0,0.0,23899.31,0.0,0.0,23899.31,0.2291
DEBT-05039,CUST-05039,5538.36,17176.64,0.0,0.0,371671.61,394386.61,0.5715
DEBT-05040,CUST-05040,1767.41,0.0,0.0,0.0,0.0,1767.41,0.0049
DEBT-05041,CUST-05041,8134.79,10463.94,0.0,0.0,0.0,18598.73,0.0422
DEBT-05042,CUST-05042,251.59,0.0,0.0,0.0,0.0,251.59,0.002
DEBT-05043,CUST-05043,4204.61,0.0,0.0,22042.78,0.0,26247.39,0.0799
DEBT-05044,CUST-05044,11779.51,0.0,0.0,0.0,268733.61,280513.12,0.4507
DEBT-05045,CUST-05045,1552.19,12761.28,0.0,0.0,291410.3,305723.77,0.5506
DEBT-05046,CUST-05046,4397.27,0.0,0.0,0.0,0.0,4397.27,0.0104
DEBT-05047,CUST-05047,7052.11,18223.37,0.0,0.0,0.0,25275.48,0.0733
DEBT-05048,CUST-05048,0.0,0.0,15832.68,0.0,0.0,15832.68,0.0202
DEBT-05049,CUST-05049,5981.29,0.0,0.0,9900.67,0.0,15881.96,0.0541
DEBT-05050,CUST-05050,0.0,0.0,0.0,0.0,398973.22,398973.22,0.9813
DEBT-05051,CUST-05051,0.0,8508.7,0.0,0.0,0.0,8508.7,0.0121
DEBT-05052,CUST-05052,10331.61,0.0,0.0,0.0,418637.63,428969.24,0.4713
DEBT-05053,CUST-05053,1774.82,0.0,0.0,27798.61,0.0,29573.43,0.057
DEBT-05054,CUST-05054,0.0,0.0,0.0,0.0,261695.91,261695.91,0.9812
DEBT-05055,CUST-05055,9198.77,0.0,0.0,12321.33,121838.45,143358.55,0.2653
DEBT-05056,CUST-05056,594.81,0.0,0.0,0.0,0.0,594.81,0.0088
DEBT-05057,CUST-05057,0.0,0.0,0.0,0.0,0.0,0.0,0.0
DEBT-05058,CUST-05058,0.0,0.0,0.0,14964.85,0.0,14964.85,0.0371
DEBT-05059,CUST-05059,3810.31,0.0,0.0,0.0,0.0,3810.31,0.0085
DEBT-05060,CUST-05060,22007.3,0.0,0.0,0.0,0.0,22007.3,0.0191
DEBT-05061,CUST-05061,10370.74,0.0,0.0,0.0,0.0,10370.74,0.023
DEBT-05062,CUST-05062,1047.14,2646.48,0.0,0.0,202543.66,206237.28,0.2845
DEBT-05063,CUST-05063,5024.25,8062.51,0.0,0.0,0.0,13086.76,0.0108
DEBT-05064,CUST-05064,3923.08,0.0,0.0,21247.72,375624.86,400795.66,1.0537
DEBT-05065,CUST-05065,3265.92,0.0,0.0,0.0,0.0,3265.92,0.0121
DEBT-05066,CUST-05066,7885.87,0.0,31880.75,27345.55,258529.38,325641.55,0.6541
DEBT-05067,CUST-05067,508.09,0.0,27588.95,0.0,0.0,28097.04,0.2659
DEBT-05068,CUST-05068,0.0,0.0,0.0,0.0,232095.2,232095.2,0.5212
DEBT-05069,CUST-05069,0.0,16174.53,0.0,0.0,0.0,16174.53,0.0396
DEBT-05070,CUST-05070,2337.58,0.0,0.0,0.0,0.0,2337.58,0.0058
DEBT-05071,CUST-05071,0.0,0.0,0.0,0.0,0.0,0.0,0.0
DEBT-05072,CUST-05072,12379.85,0.0,0.0,18841.79,133538.19,164759.83,0.2196
DEBT-05073,CUST-05073,5392.61,0.0,0.0,28744.8,0.0,34137.41,0.1017
DEBT-05074,CUST-05074,2286.11,0.0,0.0,0.0,385191.89,387478.0,0.7059
DEBT-05075,CUST-05075,0.0,0.0,0.0,31754.41,0.0,31754.41,0.0959
DEBT-05076,CUST-05076,4092.57,0.0,0.0,25203.43,273650.21,302946.21,1.0885
DEBT-05077,CUST-05077,0.0,0.0,0.0,0.0,449572.6,449572.6,0.4048
DEBT-05078,CUST-05078,4525.99,0.0,0.0,0.0,176970.3,181496.29,0.2265
DEBT-05079,CUST-05079,543.57,0.0,27709.97,24350.57,0.0,52604.11,0.4957
DEBT-05080,CUST-05080,8327.94,0.0,0.0,0.0,0.0,8327.94,0.008
DEBT-05081,CUST-05081,0.0,0.0,0.0,0.0,0.0,0.0,0.0
DEBT-05082,CUST-05082,642.02,0.0,0.0,0.0,0.0,642.02,0.0018
DEBT-05083,CUST-05083,7721.18,0.0,0.0,0.0,0.0,7721.18,0.0166
DEBT-05084,CUST-05084,1994.69,0.0,0.0,32206.02,446697.46,480898.17,0.8519
DEBT-05085,CUST-05085,2243.86,0.0,0.0,0.0,0.0,2243.86,0.0053
DEBT-05086,CUST-05086,317.44,0.0,0.0,0.0,0.0,317.44,0.0058
DEBT-05087,CUST-05087,3770.27,14417.55,0.0,13077.69,0.0,31265.51,0.0837
DEBT-05088,CUST-05088,3742.8,2045.78,0.0,0.0,0.0,5788.58,0.0125
DEBT-05089,CUST-05089,2011.52,0.0,0.0,0.0,0.0,2011.52,0.0187
DEBT-05090,CUST-05090,0.0,0.0,0.0,11518.94,0.0,11518.94,0.0454
DEBT-05091,CUST-05091,2687.2,18590.36,0.0,25644.16,0.0,46921.72,0.0984
DEBT-05092,CUST-05092,3467.75,20331.02,0.0,0.0,0.0,23798.77,0.0652
DEBT-05093,CUST-05093,6695.08,0.0,0.0,25722.73,0.0,32417.81,0.0459
DEBT-05094,CUST-05094,0.0,20918.38,0.0,0.0,0.0,20918.38,0.0364
DEBT-05095,CUST-05095,3193.19,0.0,0.0,0.0,0.0,3193.19,0.0068
DEBT-05096,CUST-05096,4581.44,17147.52,0.0,0.0,0.0,21728.96,0.0908
DEBT-05097,CUST-05097,0.0,12522.13,0.0,14041.87,217239.88,243803.88,0.721
DEBT-05098,CUST-05098,3725.93,0.0,0.0,0.0,142766.81,146492.74,0.1745
DEBT-05099,CUST-05099,4531.72,15779.65,0.0,20216.22,0.0,40527.59,0.1172
DEBT-05100,CUST-05100,6470.02,0.0,0.0,0.0,344466.11,350936.13,1.1009
DEBT-05101,CUST-05101,0.0,0.0,0.0,0.0,0.0,0.0,0.0
DEBT-05102,CUST-05102,0.0,12784.81,0.0,7952.77,0.0,20737.58,0.0281
DEBT-05103,CUST-05103,4990.53,0.0,0.0,23262.68,0.0,28253.21,0.1155
DEBT-05104,CUST-05104,0.0,0.0,0.0,0.0,0.0,0.0,0.0
DEBT-05105,CUST-05105,762.04,0.0,8848.05,33747.28,0.0,43357.37,0.3583
DEBT-05106,CUST-05106,0.0,19403.5,0.0,30089.77,166206.07,215699.34,0.5299
DEBT-05107,CUST-05107,7185.82,0.0,0.0,33625.7,274805.35,315616.87,0.3788
DEBT-05108,CUST-05108,1782.71,0.0,0.0,0.0,195788.36,197571.07,0.6058
DEBT-05109,CUST-05109,779.28,22871.36,0.0,0.0,0.0,23650.64,0.2604
DEBT-05110,CUST-05110,0.0,0.0,0.0,0.0,0.0,0.0,0.0
DEBT-05111,CUST-05111,7877.26,0.0,0.0,0.0,0.0,7877.26,0.0124
DEBT-05112,CUST-05112,5849.56,0.0,0.0,0.0,200176.23,206025.79,0.6068
DEBT-05113,CUST-05113,615.46,21172.91,9634.89,6593.9,0.0,38017.16,0.2014
DEBT-05114,CUST-05114,4568.27,0.0,0.0,0.0,0.0,4568.27,0.0093
DEBT-05115,CUST-05115,1509.72,0.0,0.0,0.0,0.0,1509.72,0.0161
DEBT-05116,CUST-05116,18089.71,11439.31,0.0,12233.74,291239.69,333002.45,0.3439
DEBT-05117,CUST-05117,2204.55,0.0,0.0,24515.08,0.0,26719.63,0.0841
DEBT-05118,CUST-05118,475.45,0.0,0.0,0.0,0.0,475.45,0.0067
DEBT-05119,CUST-05119,5630.82,19450.85,0.0,0.0,0.0,25081.67,0.0828
DEBT-05120,CUST-05120,5968.97,0.0,0.0,0.0,0.0,5968.97,0.0108
DEBT-05121,CUST-05121,9959.71,0.0,0.0,0.0,0.0,9959.71,0.0172
DEBT-05122,CUST-05122,3895.57,3932.97,0.0,11616.68,0.0,19445.22,0.0354
DEBT-05123,CUST-05123,0.0,0.0,0.0,34373.34,89958.2,124331.54,0.3941
DEBT-05124,CUST-05124,1037.62,0.0,0.0,0.0,0.0,1037.62,0.0019
DEBT-05125,CUST-05125,8607.36,0.0,0.0,4386.27,0.0,12993.63,0.0176
DEBT-05126,CUST-05126,0.0,0.0,35710.78,28909.47,0.0,64620.25,0.1133
DEBT-05127,CUST-05127,6505.62,20759.04,0.0,32126.01,0.0,59390.67,0.2066
DEBT-05128,CUST-05128,12670.38,0.0,0.0,11524.35,298932.29,323127.02,0.5372
DEBT-05129,CUST-05129,0.0,0.0,0.0,0.0,0.0,0.0,0.0
DEBT-05130,CUST-05130,7184.49,2703.65,0.0,21668.26,0.0,31556.4,0.0589
DEBT-05131,CUST-05131,4701.01,1455.73,0.0,0.0,0.0,6156.74,0.022
DEBT-05132,CUST-05132,532.06,0.0,0.0,0.0,0.0,532.06,0.0084
DEBT-05133,CUST-05133,0.0,0.0,33498.94,0.0,0.0,33498.94,0.0568
DEBT-05134,CUST-05134,7953.58,0.0,16601.01,0.0,0.0,24554.59,0.0533
DEBT-05135,CUST-05135,1133.57,0.0,0.0,0.0,0.0,1133.57,0.0026
DEBT-05136,CUST-05136,0.0,0.0,0.0,0.0,0.0,0.0,0.0
DEBT-05137,CUST-05137,3610.47,0.0,0.0,0.0,136521.53,140132.0,0.3654
DEBT-05138,CUST-05138,0.0,0.0,0.0,0.0,0.0,0.0,0.0
DEBT-05139,CUST-05139,0.0,0.0,0.0,0.0,0.0,0.0,0.0
DEBT-05140,CUST-05140,10357.69,0.0,0.0,0.0,338987.89,349345.58,0.7353
DEBT-05141,CUST-05141,0.0,0.0,0.0,0.0,0.0,0.0,0.0
DEBT-05142,CUST-05142,2401.05,0.0,0.0,0.0,0.0,2401.05,0.0057
DEBT-05143,CUST-05143,4396.51,0.0,0.0,0.0,0.0,4396.51,0.0149
DEBT-05144,CUST-05144,1638.28,0.0,33499.7,0.0,0.0,35137.98,0.0711
DEBT-05145,CUST-05145,21274.42,0.0,0.0,0.0,0.0,21274.42,0.0188
DEBT-05146,CUST-05146,8812.32,0.0,0.0,0.0,272086.1,280898.42,0.5787
DEBT-05147,CUST-05147,0.0,0.0,0.0,0.0,0.0,0.0,0.0
DEBT-05148,CUST-05148,0.0,0.0,0.0,0.0,137171.38,137171.38,0.1766
DEBT-05149,CUST-05149,8166.62,0.0,0.0,9621.18,110965.66,128753.46,0.2509
DEBT-05150,CUST-05150,6468.15,9888.31,0.0,0.0,0.0,16356.46,0.0373
DEBT-05151,CUST-05151,0.0,0.0,0.0,31719.45,269093.9,300813.35,0.802
DEBT-05152,CUST-05152,0.0,20800.42,0.0,6252.24,0.0,27052.66,0.0628
DEBT-05153,CUST-05153,5552.49,18401.05,0.0,0.0,0.0,23953.54,0.0422
DEBT-05154,CUST-05154,0.0,0.0,0.0,0.0,0.0,0.0,0.0
DEBT-05155,CUST-05155,9181.66,0.0,0.0,4380.91,0.0,13562.57,0.018
DEBT-05156,CUST-05156,0.0,0.0,29297.92,23132.68,0.0,52430.6,0.0651
DEBT-05157,CUST-05157,5727.88,3386.31,0.0,0.0,0.0,9114.19,0.0198
DEBT-05158,CUST-05158,4216.09,4923.11,0.0,0.0,0.0,9139.2,0.0403
DEBT-05159,CUST-05159,0.0,0.0,0.0,0.0,0.0,0.0,0.0
DEBT-05160,CUST-05160,0.0,0.0,0.0,25746.25,267430.16,293176.41,0.9921
DEBT-05161,CUST-05161,1399.53,0.0,0.0,0.0,0.0,1399.53,0.0028
DEBT-05162,CUST-05162,4349.05,0.0,0.0,5821.37,0.0,10170.42,0.0177
DEBT-05163,CUST-05163,9431.59,0.0,0.0,0.0,0.0,9431.59,0.0211
DEBT-05164,CUST-05164,3786.97,0.0,0.0,0.0,0.0,3786.97,0.0181
DEBT-05165,CUST-05165,10517.46,0.0,0.0,0.0,128157.0,138674.46,0.2099
DEBT-05166,CUST-05166,0.0,0.0,0.0,0.0,0.0,0.0,0.0
DEBT-05167,CUST-05167,3383.72,0.0,20319.86,8980.62,0.0,32684.2,0.1215
DEBT-05168,CUST-05168,0.0,0.0,0.0,0.0,0.0,0.0,0.0
DEBT-05169,CUST-05169,2407.54,7272.81,6811.04,31060.96,0.0,47552.35,0.2813
DEBT-05170,CUST-05170,681.16,9993.12,0.0,0.0,273234.36,283908.64,0.841
DEBT-05171,CUST-05171,8252.4,9163.82,0.0,11760.49,0.0,29176.71,0.0462
DEBT-05172,CUST-05172,6174.14,21065.68,0.0,0.0,0.0,27239.82,0.0315
DEBT-05173,CUST-05173,6633.66,0.0,0.0,0.0,0.0,6633.66,0.0157
DEBT-05174,CUST-05174,4274.69,0.0,0.0,0.0,415550.39,419825.08,0.5418
DEBT-05175,CUST-05175,13803.18,0.0,0.0,0.0,191798.91,205602.09,0.3049
DEBT-05176,CUST-05176,8259.25,15177.14,0.0,0.0,0.0,23436.39,0.0593
DEBT-05177,CUST-05177,0.0,0.0,7366.06,16270.21,0.0,23636.27,0.2047
DEBT-05178,CUST-05178,1247.61,0.0,29576.8,0.0,0.0,30824.41,0.267
DEBT-05179,CUST-05179,4105.15,0.0,15024.98,0.0,0.0,19130.13,0.042
DEBT-05180,CUST-05180,4473.91,0.0,0.0,17674.93,0.0,22148.84,0.0609
DEBT-05181,CUST-05181,4130.97,0.0,0.0,19083.68,0.0,23214.65,0.0903
DEBT-05182,CUST-05182,0.0,0.0,0.0,0.0,0.0,0.0,0.0
DEBT-05183,CUST-05183,608.99,0.0,0.0,0.0,0.0,608.99,0.0013
DEBT-05184,CUST-05184,6286.44,24209.0,0.0,15920.66,204910.87,251326.97,0.5831
DEBT-05185,CUST-05185,0.0,11687.82,0.0,26966.05,252941.8,291595.67,0.787
DEBT-05186,CUST-05186,3386.82,19338.3,0.0,0.0,0.0,22725.12,0.0872
DEBT-05187,CUST-05187,4334.91,0.0,0.0,0.0,0.0,4334.91,0.0131
DEBT-05188,CUST-05188,16395.78,0.0,0.0,0.0,0.0,16395.78,0.02
DEBT-05189,CUST-05189,0.0,0.0,26988.44,29139.93,0.0,56128.37,0.1283
DEBT-05190,CUST-05190,3099.52,0.0,0.0,12527.7,0.0,15627.22,0.0257
DEBT-05191,CUST-05191,10393.01,0.0,0.0,0.0,0.0,10393.01,0.0153
DEBT-05192,CUST-05192,1312.33,0.0,0.0,0.0,0.0,1312.33,0.0044
DEBT-05193,CUST-05193,6731.37,0.0,0.0,33295.46,192028.92,232055.75,0.5066
DEBT-05194,CUST-05194,0.0,0.0,0.0,0.0,110233.12,110233.12,0.3304
DEBT-05195,CUST-05195,0.0,0.0,0.0,15233.05,0.0,15233.05,0.0697
DEBT-05196,CUST-05196,4592.17,0.0,0.0,0.0,0.0,4592.17,0.0089
DEBT-05197,CUST-05197,0.0,0.0,0.0,0.0,0.0,0.0,0.0
DEBT-05198,CUST-05198,0.0,0.0,0.0,0.0,0.0,0.0,0.0
DEBT-05199,CUST-05199,0.0,0.0,0.0,14873.75,135775.84,150649.59,0.4135
DEBT-05200,CUST-05200,0.0,0.0,0.0,15422.4,144160.6,159583.0,0.2529
DEBT-05201,CUST-05201,2190.75,0.0,0.0,12944.62,0.0,15135.37,0.0386
DEBT-05202,CUST-05202,791.44,0.0,10322.54,0.0,0.0,11113.98,0.0212
DEBT-05203,CUST-05203,734.9,0.0,0.0,0.0,0.0,734.9,0.002
DEBT-05204,CUST-05204,14980.76,0.0,0.0,15031.75,0.0,30012.51,0.0311
DEBT-05205,CUST-05205,0.0,15818.73,0.0,0.0,0.0,15818.73,0.0412
DEBT-05206,CUST-05206,6801.06,0.0,0.0,0.0,0.0,6801.06,0.0189
DEBT-05207,CUST-05207,1955.35,0.0,0.0,0.0,0.0,1955.35,0.0076
DEBT-05208,CUST-05208,2887.14,20443.66,0.0,31847.32,106032.51,161210.63,0.4566
DEBT-05209,CUST-05209,2946.26,0.0,0.0,8068.5,0.0,11014.76,0.0254
DEBT-05210,CUST-05210,556.46,0.0,0.0,0.0,0.0,556.46,0.0042
DEBT-05211,CUST-05211,5942.61,0.0,0.0,16197.25,0.0,22139.86,0.0399
DEBT-05212,CUST-05212,11717.85,19071.84,0.0,0.0,0.0,30789.69,0.0555
DEBT-05213,CUST-05213,0.0,17678.94,0.0,0.0,274750.8,292429.74,0.2968
DEBT-05214,CUST-05214,3471.74,23583.17,0.0,0.0,220108.24,247163.15,0.5611
DEBT-05215,CUST-05215,3760.88,0.0,0.0,0.0,0.0,3760.88,0.008
DEBT-05216,CUST-05216,7203.78,0.0,0.0,0.0,0.0,7203.78,0.0148
DEBT-05217,CUST-05217,235.46,12311.79,0.0,0.0,0.0,12547.25,0.0619
DEBT-05218,CUST-05218,4194.02,12261.89,0.0,0.0,0.0,16455.91,0.0359
DEBT-05219,CUST-05219,3079.57,10882.63,0.0,0.0,0.0,13962.2,0.0279
DEBT-05220,CUST-05220,4965.12,20627.63,42896.07,0.0,0.0,68488.82,0.1123
DEBT-05221,CUST-05221,0.0,24657.12,0.0,0.0,0.0,24657.12,0.0341
DEBT-05222,CUST-05222,9599.72,0.0,0.0,0.0,0.0,9599.72,0.0163
DEBT-05223,CUST-05223,1640.63,0.0,0.0,0.0,0.0,1640.63,0.0038
DEBT-05224,CUST-05224,1269.54,21490.46,0.0,0.0,0.0,22760.0,0.2894
DEBT-05225,CUST-05225,1187.37,5239.46,0.0,0.0,0.0,6426.83,0.0191
DEBT-05226,CUST-05226,5298.47,3752.09,0.0,0.0,0.0,9050.56,0.0354
DEBT-05227,CUST-05227,3067.02,0.0,0.0,30938.48,246636.79,280642.29,0.8381
DEBT-05228,CUST-05228,0.0,0.0,0.0,0.0,0.0,0.0,0.0
DEBT-05229,CUST-05229,506.23,0.0,0.0,0.0,0.0,506.23,0.0008
DEBT-05230,CUST-05230,2431.53,0.0,0.0,11919.77,0.0,14351.3,0.0673
DEBT-05231,CUST-05231,9309.23,0.0,0.0,4594.1,387152.86,401056.19,0.8538
DEBT-05232,CUST-05232,9864.36,0.0,0.0,19120.2,0.0,28984.56,0.0608
DEBT-05233,CUST-05233,0.0,20252.85,0.0,7106.8,340167.39,367527.04,0.4419
DEBT-05234,CUST-05234,1395.88,0.0,0.0,0.0,363289.22,364685.1,0.766
DEBT-05235,CUST-05235,0.0,0.0,0.0,0.0,0.0,0.0,0.0
DEBT-05236,CUST-05236,1456.28,11092.04,22466.39,0.0,0.0,35014.71,0.1175
DEBT-05237,CUST-05237,682.48,0.0,0.0,29930.59,0.0,30613.07,0.0539
DEBT-05238,CUST-05238,0.0,0.0,0.0,0.0,0.0,0.0,0.0
DEBT-05239,CUST-05239,4522.88,0.0,0.0,31011.68,0.0,35534.56,0.0466
DEBT-05240,CUST-05240,8356.83,0.0,0.0,10480.08,0.0,18836.91,0.0413
DEBT-05241,CUST-05241,3176.14,0.0,0.0,19111.25,0.0,22287.39,0.0793
DEBT-05242,CUST-05242,6661.81,9727.13,0.0,0.0,0.0,16388.94,0.0324
DEBT-05243,CUST-05243,0.0,0.0,0.0,0.0,0.0,0.0,0.0
DEBT-05244,CUST-05244,0.0,0.0,0.0,9605.18,195727.95,205333.13,0.5877
DEBT-05245,CUST-05245,0.0,0.0,0.0,0.0,196977.9,196977.9,0.4041
DEBT-05246,CUST-05246,4959.68,0.0,0.0,0.0,0.0,4959.68,0.0228
DEBT-05247,CUST-05247,0.0,0.0,0.0,0.0,0.0,0.0,0.0
DEBT-05248,CUST-05248,3367.25,0.0,0.0,0.0,0.0,3367.25,0.0059
DEBT-05249,CUST-05249,0.0,0.0,0.0,27575.23,0.0,27575.23,0.0628
DEBT-05250,CUST-05250,1792.57,0.0,0.0,0.0,0.0,1792.57,0.0038
DEBT-05251,CUST-05251,19296.12,0.0,0.0,0.0,0.0,19296.12,0.0184
DEBT-05252,CUST-05252,0.0,0.0,0.0,0.0,0.0,0.0,0.0
DEBT-05253,CUST-05253,3689.79,15179.82,0.0,0.0,0.0,18869.61,0.096
DEBT-05254,CUST-05254,0.0,0.0,0.0,0.0,406254.54,406254.54,1.1763
DEBT-05255,CUST-05255,0.0,18321.69,0.0,0.0,0.0,18321.69,0.0371
DEBT-05256,CUST-05256,1827.24,0.0,0.0,4930.66,0.0,6757.9,0.025
DEBT-05257,CUST-05257,12580.75,0.0,0.0,0.0,0.0,12580.75,0.0171
DEBT-05258,CUST-05258,0.0,0.0,0.0,0.0,0.0,0.0,0.0
DEBT-05259,CUST-05259,7119.3,17440.59,0.0,0.0,231829.5,256389.39,0.3787
DEBT-05260,CUST-05260,3312.72,0.0,0.0,8687.53,0.0,12000.25,0.0244
DEBT-05261,CUST-05261,0.0,0.0,0.0,16009.83,0.0,16009.83,0.035
DEBT-05262,CUST-05262,0.0,0.0,18380.87,16787.97,0.0,35168.84,0.0546
DEBT-05263,CUST-05263,0.0,0.0,0.0,23745.14,0.0,23745.14,0.0975
DEBT-05264,CUST-05264,0.0,2293.63,0.0,0.0,0.0,2293.63,0.0033
DEBT-05265,CUST-05265,4505.34,17415.67,0.0,16323.48,0.0,38244.49,0.1049
DEBT-05266,CUST-05266,2961.98,17607.19,0.0,0.0,105986.8,126555.97,0.1243
DEBT-05267,CUST-05267,0.0,0.0,0.0,24852.92,0.0,24852.92,0.1535
DEBT-05268,CUST-05268,0.0,0.0,0.0,0.0,0.0,0.0,0.0
DEBT-05269,CUST-05269,727.62,0.0,0.0,34623.29,0.0,35350.91,0.1035
DEBT-05270,CUST-05270,2437.08,0.0,0.0,0.0,0.0,2437.08,0.0101
DEBT-05271,CUST-05271,7860.19,0.0,0.0,21071.6,0.0,28931.79,0.0477
DEBT-05272,CUST-05272,13933.08,1314.72,0.0,7177.24,307352.55,329777.59,0.4885
DEBT-05273,CUST-05273,6618.46,21133.43,0.0,0.0,0.0,27751.89,0.0274
DEBT-05274,CUST-05274,9111.2,0.0,0.0,25112.18,0.0,34223.38,0.0473
DEBT-05275,CUST-05275,4083.13,0.0,0.0,0.0,0.0,4083.13,0.0171
DEBT-05276,CUST-05276,7327.43,0.0,0.0,24119.68,431594.79,463041.9,0.3899
DEBT-05277,CUST-05277,0.0,23382.75,0.0,0.0,445469.13,468851.88,1.2685
DEBT-05278,CUST-05278,1492.16,0.0,0.0,0.0,0.0,1492.16,0.0027
DEBT-05279,CUST-05279,9264.8,0.0,0.0,0.0,0.0,9264.8,0.0137
DEBT-05280,CUST-05280,9409.12,2898.41,0.0,0.0,434470.67,446778.2,0.9535
DEBT-05281,CUST-05281,4254.92,17635.59,0.0,0.0,0.0,21890.51,0.0675
DEBT-05282,CUST-05282,5771.45,8234.22,0.0,11896.51,0.0,25902.18,0.0897
DEBT-05283,CUST-05283,17307.08,0.0,0.0,0.0,0.0,17307.08,0.0226
DEBT-05284,CUST-05284,3091.17,0.0,0.0,14264.87,0.0,17356.04,0.0189
DEBT-05285,CUST-05285,12346.48,0.0,0.0,0.0,0.0,12346.48,0.0211
DEBT-05286,CUST-05286,17753.71,0.0,44796.68,0.0,0.0,62550.39,0.0549
DEBT-05287,CUST-05287,2364.43,18550.87,0.0,0.0,0.0,20915.3,0.0582
DEBT-05288,CUST-05288,3194.16,0.0,0.0,0.0,283942.64,287136.8,0.4743
DEBT-05289,CUST-05289,0.0,0.0,0.0,0.0,0.0,0.0,0.0
DEBT-05290,CUST-05290,2875.87,16189.01,0.0,0.0,0.0,19064.88,0.062
DEBT-05291,CUST-05291,8586.55,0.0,0.0,0.0,0.0,8586.55,0.0085
DEBT-05292,CUST-05292,0.0,0.0,0.0,24096.69,86168.65,110265.34,0.2066
DEBT-05293,CUST-05293,0.0,17158.81,0.0,17129.79,319776.94,354065.54,0.6799
DEBT-05294,CUST-05294,8261.84,0.0,0.0,23235.52,0.0,31497.36,0.0623
DEBT-05295,CUST-05295,12946.45,0.0,8326.83,23619.88,166603.9,211497.06,0.2757
DEBT-05296,CUST-05296,8962.93,0.0,0.0,0.0,0.0,8962.93,0.0191
DEBT-05297,CUST-05297,537.47,11086.15,0.0,0.0,0.0,11623.62,0.044
DEBT-05298,CUST-05298,10114.97,0.0,0.0,0.0,185131.3,195246.27,0.3651
DEBT-05299,CUST-05299,0.0,7044.69,35066.97,23559.73,0.0,65671.39,0.1122
DEBT-05300,CUST-05300,12168.63,0.0,0.0,0.0,0.0,12168.63,0.0143
DEBT-05301,CUST-05301,3984.76,0.0,37120.98,0.0,0.0,41105.74,0.1591
DEBT-05302,CUST-05302,0.0,0.0,0.0,0.0,0.0,0.0,0.0
DEBT-05303,CUST-05303,0.0,1393.84,0.0,0.0,423187.12,424580.96,0.9233
DEBT-05304,CUST-05304,3255.14,0.0,0.0,0.0,0.0,3255.14,0.0129
DEBT-05305,CUST-05305,0.0,0.0,0.0,0.0,0.0,0.0,0.0
DEBT-05306,CUST-05306,1314.11,0.0,0.0,0.0,0.0,1314.11,0.0017
DEBT-05307,CUST-05307,8135.5,0.0,0.0,0.0,393258.36,401393.86,0.836
DEBT-05308,CUST-05308,844.24,0.0,0.0,0.0,0.0,844.24,0.0017
DEBT-05309,CUST-05309,0.0,0.0,0.0,0.0,0.0,0.0,0.0
DEBT-05310,CUST-05310,2070.24,15638.99,0.0,0.0,0.0,17709.23,0.0976
DEBT-05311,CUST-05311,10334.1,0.0,0.0,34660.41,254270.74,299265.25,0.322
DEBT-05312,CUST-05312,8747.22,0.0,0.0,0.0,0.0,8747.22,0.0131
DEBT-05313,CUST-05313,4427.51,13890.56,0.0,0.0,0.0,18318.07,0.0492
DEBT-05314,CUST-05314,5720.02,0.0,0.0,0.0,0.0,5720.02,0.0118
DEBT-05315,CUST-05315,9613.41,0.0,0.0,17273.29,0.0,26886.7,0.0574
DEBT-05316,CUST-05316,0.0,0.0,0.0,0.0,0.0,0.0,0.0
DEBT-05317,CUST-05317,3791.3,0.0,0.0,20048.15,283255.73,307095.18,1.0297
DEBT-05318,CUST-05318,3032.98,0.0,0.0,13962.13,0.0,16995.11,0.0191
DEBT-05319,CUST-05319,4625.94,0.0,0.0,15342.84,244435.1,264403.88,0.5562
DEBT-05320,CUST-05320,8778.21,0.0,0.0,31989.71,294574.95,335342.87,0.8554
DEBT-05321,CUST-05321,4176.02,0.0,35820.72,0.0,0.0,39996.74,0.0618
DEBT-05322,CUST-05322,1850.7,0.0,0.0,0.0,352302.92,354153.62,1.2247
DEBT-05323,CUST-05323,3497.96,0.0,0.0,29232.96,311999.33,344730.25,0.3799
DEBT-05324,CUST-05324,12081.11,0.0,0.0,0.0,0.0,12081.11,0.0218
DEBT-05325,CUST-05325,2208.27,0.0,37192.72,0.0,0.0,39400.99,0.3936
DEBT-05326,CUST-05326,1368.99,0.0,0.0,0.0,276394.68,277763.67,1.0458
DEBT-05327,CUST-05327,2551.9,0.0,0.0,0.0,0.0,2551.9,0.0027
DEBT-05328,CUST-05328,1095.76,0.0,0.0,4236.86,0.0,5332.62,0.0064
DEBT-05329,CUST-05329,0.0,0.0,31710.8,0.0,0.0,31710.8,0.1756
DEBT-05330,CUST-05330,5056.02,0.0,0.0,0.0,0.0,5056.02,0.0157
DEBT-05331,CUST-05331,11011.65,11058.53,0.0,0.0,0.0,22070.18,0.0395
DEBT-05332,CUST-05332,1689.13,0.0,11893.9,0.0,0.0,13583.03,0.1039
DEBT-05333,CUST-05333,1509.58,0.0,0.0,15400.92,0.0,16910.5,0.0404
DEBT-05334,CUST-05334,4419.26,0.0,0.0,0.0,422197.11,426616.37,1.5065
DEBT-05335,CUST-05335,8183.61,11774.46,0.0,0.0,0.0,19958.07,0.0435
DEBT-05336,CUST-05336,19129.95,0.0,0.0,13449.43,0.0,32579.38,0.0365
DEBT-05337,CUST-05337,10395.67,0.0,0.0,0.0,0.0,10395.67,0.0188
DEBT-05338,CUST-05338,576.48,0.0,0.0,0.0,0.0,576.48,0.0069
DEBT-05339,CUST-05339,7477.96,0.0,0.0,0.0,0.0,7477.96,0.0116
DEBT-05340,CUST-05340,0.0,0.0,0.0,0.0,138410.69,138410.69,0.4194
DEBT-05341,CUST-05341,0.0,0.0,0.0,0.0,0.0,0.0,0.0
DEBT-05342,CUST-05342,0.0,0.0,0.0,0.0,0.0,0.0,0.0
DEBT-05343,CUST-05343,5912.0,0.0,0.0,0.0,0.0,5912.0,0.0113
DEBT-05344,CUST-05344,2048.4,0.0,0.0,0.0,0.0,2048.4,0.0071
DEBT-05345,CUST-05345,0.0,0.0,0.0,0.0,408206.96,408206.96,1.1773
DEBT-05346,CUST-05346,1255.61,11778.71,0.0,0.0,0.0,13034.32,0.0229
DEBT-05347,CUST-05347,3034.04,0.0,0.0,0.0,317802.26,320836.3,0.3329
DEBT-05348,CUST-05348,13649.33,0.0,0.0,0.0,0.0,13649.33,0.0223
DEBT-05349,CUST-05349,11010.94,0.0,27611.61,23827.69,0.0,62450.24,0.099
DEBT-05350,CUST-05350,610.78,0.0,0.0,0.0,0.0,610.78,0.0026
DEBT-05351,CUST-05351,6070.11,5250.74,0.0,29911.41,0.0,41232.26,0.1024
DEBT-05352,CUST-05352,0.0,7758.83,0.0,0.0,0.0,7758.83,0.0228
DEBT-05353,CUST-05353,3500.03,0.0,0.0,13155.35,0.0,16655.38,0.0259
DEBT-05354,CUST-05354,13128.75,0.0,0.0,32889.29,0.0,46018.04,0.0541
DEBT-05355,CUST-05355,926.28,0.0,0.0,8302.65,0.0,9228.93,0.0191
DEBT-05356,CUST-05356,6079.71,0.0,0.0,0.0,0.0,6079.71,0.018
DEBT-05357,CUST-05357,0.0,0.0,0.0,0.0,0.0,0.0,0.0
DEBT-05358,CUST-05358,454.12,0.0,0.0,22295.18,0.0,22749.3,0.1218
DEBT-05359,CUST-05359,2895.73,0.0,0.0,23815.07,0.0,26710.8,0.1084
DEBT-05360,CUST-05360,4992.09,0.0,0.0,7629.3,0.0,12621.39,0.0272
DEBT-05361,CUST-05361,4651.65,0.0,0.0,0.0,341908.93,346560.58,0.4369
DEBT-05362,CUST-05362,8340.14,0.0,0.0,0.0,0.0,8340.14,0.0225
DEBT-05363,CUST-05363,0.0,0.0,34475.21,0.0,0.0,34475.21,0.3779
DEBT-05364,CUST-05364,1389.68,0.0,0.0,19168.76,0.0,20558.44,0.0289
DEBT-05365,CUST-05365,550.92,0.0,0.0,14106.28,0.0,14657.2,0.1681
DEBT-05366,CUST-05366,7386.31,6631.18,0.0,0.0,285997.69,300015.18,0.827
DEBT-05367,CUST-05367,754.38,0.0,0.0,0.0,0.0,754.38,0.0019
DEBT-05368,CUST-05368,27822.3,0.0,0.0,10287.85,132296.21,170406.36,0.129
DEBT-05369,CUST-05369,0.0,0.0,0.0,0.0,0.0,0.0,0.0
DEBT-05370,CUST-05370,0.0,0.0,0.0,11574.51,136220.9,147795.41,0.2355
DEBT-05371,CUST-05371,393.16,0.0,0.0,0.0,0.0,393.16,0.0094
DEBT-05372,CUST-05372,0.0,0.0,0.0,0.0,0.0,0.0,0.0
DEBT-05373,CUST-05373,0.0,0.0,0.0,0.0,0.0,0.0,0.0
DEBT-05374,CUST-05374,356.69,0.0,0.0,0.0,0.0,356.69,0.0009
DEBT-05375,CUST-05375,0.0,0.0,0.0,23713.16,258037.19,281750.35,0.3089
DEBT-05376,CUST-05376,5182.41,0.0,0.0,0.0,0.0,5182.41,0.0107
DEBT-05377,CUST-05377,0.0,0.0,0.0,16798.93,0.0,16798.93,0.1491
DEBT-05378,CUST-05378,6418.09,0.0,0.0,12000.74,185941.25,204360.08,0.3269
DEBT-05379,CUST-05379,0.0,0.0,0.0,15152.31,181257.78,196410.09,0.2695
DEBT-05380,CUST-05380,0.0,0.0,0.0,20605.05,0.0,20605.05,0.0604
DEBT-05381,CUST-05381,0.0,17932.9,0.0,0.0,301436.79,319369.69,0.6858
DEBT-05382,CUST-05382,7750.32,0.0,0.0,0.0,306764.23,314514.55,0.7177
DEBT-05383,CUST-05383,12022.47,0.0,0.0,22566.73,0.0,34589.2,0.0456
DEBT-05384,CUST-05384,3735.23,0.0,0.0,0.0,0.0,3735.23,0.0044
DEBT-05385,CUST-05385,4711.23,0.0,33684.12,19170.57,0.0,57565.92,0.0798
DEBT-05386,CUST-05386,6432.34,0.0,0.0,0.0,0.0,6432.34,0.0182
DEBT-05387,CUST-05387,5052.53,22491.0,0.0,0.0,353727.44,381270.97,0.8063
DEBT-05388,CUST-05388,0.0,0.0,23264.62,0.0,245067.42,268332.04,0.54
DEBT-05389,CUST-05389,5173.09,0.0,0.0,4630.76,0.0,9803.85,0.0201
DEBT-05390,CUST-05390,6308.12,10048.2,0.0,0.0,0.0,16356.32,0.0365
DEBT-05391,CUST-05391,773.21,0.0,0.0,0.0,0.0,773.21,0.0026
DEBT-05392,CUST-05392,2960.09,0.0,0.0,0.0,0.0,2960.09,0.0117
DEBT-05393,CUST-05393,1579.31,3197.61,0.0,0.0,299786.16,304563.08,0.4523
DEBT-05394,CUST-05394,1753.98,17731.93,0.0,11755.78,0.0,31241.69,0.0793
DEBT-05395,CUST-05395,0.0,0.0,0.0,0.0,0.0,0.0,0.0
DEBT-05396,CUST-05396,860.2,0.0,0.0,25752.84,0.0,26613.04,0.4849
DEBT-05397,CUST-05397,12644.02,0.0,0.0,0.0,0.0,12644.02,0.0205
DEBT-05398,CUST-05398,11353.37,0.0,0.0,0.0,0.0,11353.37,0.0104
DEBT-05399,CUST-05399,5035.03,0.0,0.0,0.0,0.0,5035.03,0.0058
DEBT-05400,CUST-05400,7230.05,0.0,0.0,0.0,0.0,7230.05,0.0099
DEBT-05401,CUST-05401,5271.47,0.0,0.0,12229.08,0.0,17500.55,0.043
DEBT-05402,CUST-05402,3954.98,0.0,0.0,32927.05,270006.43,306888.46,1.0521
DEBT-05403,CUST-05403,14917.12,0.0,0.0,30173.04,0.0,45090.16,0.0658
DEBT-05404,CUST-05404,0.0,0.0,0.0,0.0,0.0,0.0,0.0
DEBT-05405,CUST-05405,6790.04,0.0,0.0,0.0,0.0,6790.04,0.0198
DEBT-05406,CUST-05406,6044.12,0.0,5182.87,0.0,0.0,11226.99,0.035
DEBT-05407,CUST-05407,3065.21,13117.34,0.0,0.0,0.0,16182.55,0.0619
DEBT-05408,CUST-05408,11124.86,0.0,0.0,0.0,0.0,11124.86,0.0182
DEBT-05409,CUST-05409,4016.66,14917.24,0.0,0.0,0.0,18933.9,0.0408
DEBT-05410,CUST-05410,0.0,0.0,0.0,0.0,229064.99,229064.99,0.4407
DEBT-05411,CUST-05411,3323.53,2752.07,30141.68,0.0,0.0,36217.28,0.243
DEBT-05412,CUST-05412,2807.74,0.0,0.0,0.0,383502.36,386310.1,1.0981
DEBT-05413,CUST-05413,2106.56,24610.44,20634.29,31974.42,0.0,79325.71,0.5193
DEBT-05414,CUST-05414,2012.3,0.0,0.0,0.0,0.0,2012.3,0.0054
DEBT-05415,CUST-05415,0.0,0.0,0.0,0.0,0.0,0.0,0.0
DEBT-05416,CUST-05416,753.21,0.0,0.0,0.0,0.0,753.21,0.0081
DEBT-05417,CUST-05417,0.0,0.0,0.0,0.0,0.0,0.0,0.0
DEBT-05418,CUST-05418,0.0,20689.49,0.0,0.0,345669.4,366358.89,0.5592
DEBT-05419,CUST-05419,4446.19,16275.92,0.0,0.0,0.0,20722.11,0.0606
DEBT-05420,CUST-05420,0.0,0.0,0.0,33356.12,0.0,33356.12,0.073
DEBT-05421,CUST-05421,2955.79,0.0,0.0,0.0,0.0,2955.79,0.0103
DEBT-05422,CUST-05422,8333.02,5697.68,28568.78,0.0,0.0,42599.48,0.1031
DEBT-05423,CUST-05423,4006.3,0.0,0.0,0.0,0.0,4006.3,0.0135
DEBT-05424,CUST-05424,4482.37,0.0,10766.51,9232.89,0.0,24481.77,0.0327
DEBT-05425,CUST-05425,10054.95,22784.69,0.0,0.0,0.0,32839.64,0.0731
DEBT-05426,CUST-05426,17843.62,0.0,0.0,19377.51,0.0,37221.13,0.0475
DEBT-05427,CUST-05427,1605.68,0.0,0.0,0.0,0.0,1605.68,0.0116
DEBT-05428,CUST-05428,4030.37,0.0,0.0,0.0,0.0,4030.37,0.011
DEBT-05429,CUST-05429,0.0,0.0,0.0,0.0,96598.69,96598.69,0.2866
DEBT-05430,CUST-05430,3612.28,0.0,0.0,17344.73,0.0,20957.01,0.0321
DEBT-05431,CUST-05431,5477.09,0.0,0.0,18199.7,0.0,23676.79,0.0598
DEBT-05432,CUST-05432,1397.59,1488.91,0.0,15059.27,0.0,17945.77,0.041
DEBT-05433,CUST-05433,535.94,0.0,0.0,0.0,0.0,535.94,0.0026
DEBT-05434,CUST-05434,4019.46,0.0,0.0,0.0,0.0,4019.46,0.0131
DEBT-05435,CUST-05435,8678.98,6201.47,0.0,0.0,0.0,14880.45,0.0241
DEBT-05436,CUST-05436,3555.21,0.0,0.0,0.0,0.0,3555.21,0.0128
DEBT-05437,CUST-05437,0.0,20159.67,0.0,0.0,0.0,20159.67,0.031
DEBT-05438,CUST-05438,6328.96,0.0,0.0,0.0,0.0,6328.96,0.0228
DEBT-05439,CUST-05439,3616.89,0.0,0.0,32499.29,0.0,36116.18,0.138
DEBT-05440,CUST-05440,0.0,0.0,0.0,0.0,0.0,0.0,0.0
DEBT-05441,CUST-05441,7008.99,8384.14,0.0,0.0,260810.7,276203.83,0.7308
DEBT-05442,CUST-05442,3159.07,24127.45,0.0,0.0,0.0,27286.52,0.1109
DEBT-05443,CUST-05443,0.0,0.0,0.0,0.0,0.0,0.0,0.0
DEBT-05444,CUST-05444,0.0,0.0,0.0,28286.52,0.0,28286.52,0.1217
DEBT-05445,CUST-05445,0.0,0.0,0.0,0.0,0.0,0.0,0.0
DEBT-05446,CUST-05446,1467.43,13185.49,0.0,0.0,0.0,14652.92,0.1062
DEBT-05447,CUST-05447,0.0,0.0,0.0,0.0,0.0,0.0,0.0
DEBT-05448,CUST-05448,5871.57,0.0,0.0,24523.38,0.0,30394.95,0.059
DEBT-05449,CUST-05449,3808.43,0.0,0.0,21705.09,0.0,25513.52,0.0536
DEBT-05450,CUST-05450,1142.07,0.0,0.0,0.0,0.0,1142.07,0.0022
DEBT-05451,CUST-05451,3258.33,0.0,0.0,0.0,0.0,3258.33,0.0072
DEBT-05452,CUST-05452,1281.82,0.0,0.0,0.0,0.0,1281.82,0.004
DEBT-05453,CUST-05453,0.0,0.0,0.0,30532.52,0.0,30532.52,0.0414
DEBT-05454,CUST-05454,326.71,0.0,0.0,0.0,0.0,326.71,0.0008
DEBT-05455,CUST-05455,3714.73,0.0,0.0,0.0,0.0,3714.73,0.0095
DEBT-05456,CUST-05456,0.0,0.0,0.0,0.0,0.0,0.0,0.0
DEBT-05457,CUST-05457,7052.52,0.0,0.0,0.0,191513.89,198566.41,0.452
DEBT-05458,CUST-05458,16823.25,0.0,0.0,0.0,321744.46,338567.71,0.4635
DEBT-05459,CUST-05459,3424.7,0.0,0.0,24095.5,411618.14,439138.34,0.7829
DEBT-05460,CUST-05460,119.47,0.0,13293.29,5186.77,0.0,18599.53,0.1601
DEBT-05461,CUST-05461,0.0,0.0,0.0,0.0,0.0,0.0,0.0
DEBT-05462,CUST-05462,1360.46,0.0,0.0,0.0,0.0,1360.46,0.02
DEBT-05463,CUST-05463,12494.51,0.0,0.0,0.0,0.0,12494.51,0.0229
DEBT-05464,CUST-05464,0.0,0.0,0.0,0.0,264336.91,264336.91,0.5265
DEBT-05465,CUST-05465,8304.45,0.0,0.0,0.0,0.0,8304.45,0.0122
DEBT-05466,CUST-05466,3536.52,0.0,0.0,0.0,0.0,3536.52,0.0167
DEBT-05467,CUST-05467,0.0,0.0,0.0,32601.03,174773.6,207374.63,0.4157
DEBT-05468,CUST-05468,8364.11,0.0,0.0,0.0,372646.24,381010.35,0.9523
DEBT-05469,CUST-05469,7612.58,0.0,0.0,6928.6,0.0,14541.18,0.0382
DEBT-05470,CUST-05470,416.03,0.0,0.0,0.0,0.0,416.03,0.001
DEBT-05471,CUST-05471,2517.13,0.0,0.0,0.0,0.0,2517.13,0.0042
DEBT-05472,CUST-05472,0.0,0.0,0.0,19388.78,0.0,19388.78,0.077
DEBT-05473,CUST-05473,0.0,0.0,0.0,0.0,0.0,0.0,0.0
DEBT-05474,CUST-05474,5281.13,0.0,0.0,0.0,0.0,5281.13,0.0204
DEBT-05475,CUST-05475,2955.27,0.0,0.0,10307.45,0.0,13262.72,0.0312
DEBT-05476,CUST-05476,3412.5,0.0,0.0,0.0,418873.71,422286.21,0.593
DEBT-05477,CUST-05477,990.68,0.0,0.0,0.0,0.0,990.68,0.0016
DEBT-05478,CUST-05478,6419.33,0.0,0.0,12496.85,310404.75,329320.93,0.5562
DEBT-05479,CUST-05479,807.71,11654.65,0.0,34522.58,0.0,46984.94,0.0909
DEBT-05480,CUST-05480,2659.81,5282.93,12293.2,22394.51,97651.43,140281.88,0.222
DEBT-05481,CUST-05481,2973.27,20151.09,0.0,0.0,0.0,23124.36,0.0463
DEBT-05482,CUST-05482,0.0,0.0,0.0,0.0,334172.32,334172.32,0.4055
DEBT-05483,CUST-05483,3927.54,0.0,0.0,0.0,433779.66,437707.2,0.6509
DEBT-05484,CUST-05484,4144.44,0.0,0.0,0.0,0.0,4144.44,0.0096
DEBT-05485,CUST-05485,6521.68,0.0,0.0,11670.38,201815.16,220007.22,0.4195
DEBT-05486,CUST-05486,377.06,19626.17,0.0,0.0,0.0,20003.23,0.0376
DEBT-05487,CUST-05487,6567.64,11946.97,0.0,34466.69,0.0,52981.3,0.1442
DEBT-05488,CUST-05488,10222.46,3949.5,0.0,0.0,0.0,14171.96,0.0202
DEBT-05489,CUST-05489,15872.54,2330.19,0.0,0.0,107961.21,126163.94,0.1823
DEBT-05490,CUST-05490,1515.05,22601.8,0.0,0.0,0.0,24116.85,0.0501
DEBT-05491,CUST-05491,2612.95,0.0,0.0,0.0,0.0,2612.95,0.0075
DEBT-05492,CUST-05492,7082.48,8416.84,0.0,0.0,0.0,15499.32,0.0379
DEBT-05493,CUST-05493,1782.01,11938.05,29205.76,0.0,0.0,42925.82,0.1053
DEBT-05494,CUST-05494,11949.73,18176.96,0.0,26362.64,0.0,56489.33,0.0734
DEBT-05495,CUST-05495,0.0,4136.25,38968.02,0.0,0.0,43104.27,0.0923
DEBT-05496,CUST-05496,9313.26,0.0,0.0,0.0,146040.34,155353.6,0.2753
DEBT-05497,CUST-05497,1318.75,0.0,0.0,0.0,0.0,1318.75,0.0028
DEBT-05498,CUST-05498,7445.49,0.0,0.0,0.0,0.0,7445.49,0.0098
DEBT-05499,CUST-05499,2336.4,0.0,0.0,0.0,0.0,2336.4,0.0101
DEBT-05500,CUST-05500,9195.73,8153.85,0.0,0.0,0.0,17349.58,0.0399
DEBT-05501,CUST-05501,6301.6,0.0,8886.24,0.0,402566.96,417754.8,0.8826
DEBT-05502,CUST-05502,7653.29,0.0,0.0,0.0,188184.17,195837.46,0.2813
DEBT-05503,CUST-05503,8002.04,0.0,0.0,0.0,0.0,8002.04,0.0062
DEBT-05504,CUST-05504,11982.66,0.0,0.0,0.0,0.0,11982.66,0.0218
DEBT-05505,CUST-05505,1281.32,0.0,0.0,0.0,0.0,1281.32,0.003
DEBT-05506,CUST-05506,3981.99,0.0,0.0,13591.13,0.0,17573.12,0.0556
DEBT-05507,CUST-05507,7023.33,3815.83,0.0,22413.65,0.0,33252.81,0.0766
DEBT-05508,CUST-05508,3757.59,0.0,11293.54,25060.3,0.0,40111.43,0.234
DEBT-05509,CUST-05509,6114.42,0.0,0.0,19768.83,0.0,25883.25,0.0609
DEBT-05510,CUST-05510,12973.25,0.0,0.0,0.0,253729.68,266702.93,0.3183
DEBT-05511,CUST-05511,10814.87,0.0,0.0,19530.23,449847.89,480192.99,0.8077
DEBT-05512,CUST-05512,4567.32,10605.2,0.0,10176.53,0.0,25349.05,0.1048
DEBT-05513,CUST-05513,0.0,0.0,0.0,0.0,0.0,0.0,0.0
DEBT-05514,CUST-05514,701.13,0.0,0.0,28300.23,0.0,29001.36,0.1674
DEBT-05515,CUST-05515,0.0,0.0,0.0,0.0,0.0,0.0,0.0
DEBT-05516,CUST-05516,0.0,0.0,0.0,0.0,0.0,0.0,0.0
DEBT-05517,CUST-05517,0.0,0.0,0.0,12353.89,399364.61,411718.5,0.7963
DEBT-05518,CUST-05518,4858.52,0.0,0.0,0.0,0.0,4858.52,0.0085
DEBT-05519,CUST-05519,4631.21,14781.73,0.0,0.0,0.0,19412.94,0.0531
DEBT-05520,CUST-05520,11487.53,0.0,0.0,0.0,0.0,11487.53,0.0204
DEBT-05521,CUST-05521,1060.77,0.0,0.0,0.0,0.0,1060.77,0.002
DEBT-05522,CUST-05522,8927.85,0.0,0.0,6268.31,176810.23,192006.39,0.1862
DEBT-05523,CUST-05523,0.0,0.0,0.0,0.0,356927.63,356927.63,0.7689
DEBT-05524,CUST-05524,0.0,0.0,0.0,5652.63,198766.17,204418.8,0.3776
DEBT-05525,CUST-05525,0.0,19325.98,0.0,0.0,277787.97,297113.95,0.5604
DEBT-05526,CUST-05526,12675.86,0.0,0.0,34076.76,155887.95,202640.57,0.3155
DEBT-05527,CUST-05527,0.0,0.0,34882.18,0.0,389481.25,424363.43,0.694
DEBT-05528,CUST-05528,8671.45,0.0,0.0,7853.91,351259.19,367784.55,0.5436
DEBT-05529,CUST-05529,2326.66,0.0,0.0,0.0,0.0,2326.66,0.0052
DEBT-05530,CUST-05530,4805.66,15340.09,0.0,28202.16,0.0,48347.91,0.1948
DEBT-05531,CUST-05531,3841.67,0.0,0.0,21202.21,0.0,25043.88,0.0423
DEBT-05532,CUST-05532,5005.26,23501.6,0.0,0.0,0.0,28506.86,0.0746
DEBT-05533,CUST-05533,2540.39,0.0,0.0,0.0,0.0,2540.39,0.0112
DEBT-05534,CUST-05534,2653.91,0.0,29901.2,0.0,221136.89,253692.0,0.4297
DEBT-05535,CUST-05535,803.72,0.0,0.0,21473.35,0.0,22277.07,0.0339
DEBT-05536,CUST-05536,3773.34,0.0,0.0,0.0,186790.81,190564.15,0.5388
DEBT-05537,CUST-05537,4936.8,0.0,0.0,24331.85,0.0,29268.65,0.1055
DEBT-05538,CUST-05538,8239.91,0.0,0.0,0.0,0.0,8239.91,0.0137
DEBT-05539,CUST-05539,0.0,0.0,0.0,0.0,0.0,0.0,0.0
DEBT-05540,CUST-05540,5094.82,17542.11,0.0,0.0,0.0,22636.93,0.0681
DEBT-05541,CUST-05541,2355.29,0.0,0.0,0.0,0.0,2355.29,0.0089
DEBT-05542,CUST-05542,0.0,0.0,0.0,0.0,0.0,0.0,0.0
DEBT-05543,CUST-05543,0.0,0.0,0.0,0.0,0.0,0.0,0.0
DEBT-05544,CUST-05544,1019.48,0.0,8082.75,22034.67,243876.5,275013.4,0.3176
DEBT-05545,CUST-05545,0.0,0.0,0.0,0.0,0.0,0.0,0.0
DEBT-05546,CUST-05546,2950.65,0.0,0.0,0.0,0.0,2950.65,0.0043
DEBT-05547,CUST-05547,497.9,0.0,0.0,0.0,0.0,497.9,0.0031
DEBT-05548,CUST-05548,5767.14,0.0,0.0,31830.91,0.0,37598.05,0.1241
DEBT-05549,CUST-05549,2440.1,0.0,0.0,0.0,280543.42,282983.52,0.7378
DEBT-05550,CUST-05550,2858.64,0.0,0.0,0.0,0.0,2858.64,0.0063
DEBT-05551,CUST-05551,6527.86,0.0,0.0,0.0,0.0,6527.86,0.0224
DEBT-05552,CUST-05552,1236.56,14240.18,0.0,27821.39,316284.44,359582.57,0.8205
DEBT-05553,CUST-05553,0.0,0.0,0.0,0.0,190366.81,190366.81,0.3377
DEBT-05554,CUST-05554,397.16,0.0,0.0,0.0,0.0,397.16,0.0044
DEBT-05555,CUST-05555,7108.55,0.0,0.0,0.0,308913.05,316021.6,0.4045
DEBT-05556,CUST-05556,3370.16,0.0,0.0,0.0,0.0,3370.16,0.008
DEBT-05557,CUST-05557,2074.79,0.0,11873.79,24965.73,0.0,38914.31,0.3924
DEBT-05558,CUST-05558,647.39,16992.56,0.0,0.0,0.0,17639.95,0.0314
DEBT-05559,CUST-05559,509.44,0.0,0.0,4582.54,0.0,5091.98,0.0524
DEBT-05560,CUST-05560,0.0,16034.45,0.0,34484.41,0.0,50518.86,0.1261
DEBT-05561,CUST-05561,5350.03,20469.38,0.0,14834.09,0.0,40653.5,0.1426
DEBT-05562,CUST-05562,2793.5,0.0,0.0,0.0,0.0,2793.5,0.0058
DEBT-05563,CUST-05563,6445.01,0.0,0.0,0.0,0.0,6445.01,0.0196
DEBT-05564,CUST-05564,0.0,0.0,0.0,0.0,343771.86,343771.86,0.8375
DEBT-05565,CUST-05565,2861.06,0.0,0.0,0.0,0.0,2861.06,0.0043
DEBT-05566,CUST-05566,8027.5,8716.56,0.0,33485.38,415327.83,465557.27,1.07
DEBT-05567,CUST-05567,4196.13,0.0,0.0,0.0,0.0,4196.13,0.0072
DEBT-05568,CUST-05568,1375.79,0.0,0.0,27586.37,0.0,28962.16,0.0368
DEBT-05569,CUST-05569,858.22,0.0,10071.99,15195.43,0.0,26125.64,0.0393
DEBT-05570,CUST-05570,9986.17,24821.11,0.0,0.0,208472.35,243279.63,0.2405
DEBT-05571,CUST-05571,6145.31,0.0,0.0,0.0,237129.25,243274.56,0.5126
DEBT-05572,CUST-05572,5497.11,23383.94,0.0,0.0,0.0,28881.05,0.0556
DEBT-05573,CUST-05573,3137.54,0.0,0.0,27820.59,0.0,30958.13,0.0466
DEBT-05574,CUST-05574,3361.29,0.0,0.0,0.0,411650.25,415011.54,0.8226
DEBT-05575,CUST-05575,4538.79,0.0,0.0,14055.29,0.0,18594.08,0.0523
DEBT-05576,CUST-05576,4765.04,21893.23,0.0,0.0,0.0,26658.27,0.0857
DEBT-05577,CUST-05577,11493.68,21688.28,0.0,0.0,0.0,33181.96,0.0585
DEBT-05578,CUST-05578,8166.82,0.0,0.0,32438.24,401223.1,441828.16,0.5
DEBT-05579,CUST-05579,2080.1,11199.69,16000.74,23005.77,0.0,52286.3,0.1621
DEBT-05580,CUST-05580,0.0,0.0,0.0,16697.31,0.0,16697.31,0.0438
DEBT-05581,CUST-05581,731.1,0.0,0.0,0.0,0.0,731.1,0.0019
DEBT-05582,CUST-05582,7592.83,21323.5,0.0,31776.19,0.0,60692.52,0.1066
DEBT-05583,CUST-05583,0.0,0.0,0.0,22656.76,0.0,22656.76,0.0275
DEBT-05584,CUST-05584,887.81,0.0,39977.7,0.0,167722.02,208587.53,0.2224
DEBT-05585,CUST-05585,447.01,0.0,15869.11,0.0,0.0,16316.12,0.1461
DEBT-05586,CUST-05586,0.0,0.0,0.0,0.0,0.0,0.0,0.0
DEBT-05587,CUST-05587,3394.04,0.0,0.0,0.0,0.0,3394.04,0.0038
DEBT-05588,CUST-05588,5490.89,0.0,0.0,0.0,0.0,5490.89,0.0174
DEBT-05589,CUST-05589,0.0,0.0,0.0,0.0,403466.01,403466.01,0.6371
DEBT-05590,CUST-05590,6233.97,0.0,0.0,31505.92,0.0,37739.89,0.0865
DEBT-05591,CUST-05591,966.99,0.0,0.0,0.0,0.0,966.99,0.0066
DEBT-05592,CUST-05592,7306.28,0.0,0.0,0.0,0.0,7306.28,0.0188
DEBT-05593,CUST-05593,0.0,0.0,0.0,0.0,0.0,0.0,0.0
DEBT-05594,CUST-05594,10583.1,0.0,0.0,0.0,0.0,10583.1,0.0216
DEBT-05595,CUST-05595,4406.19,0.0,0.0,0.0,0.0,4406.19,0.0112
DEBT-05596,CUST-05596,12752.09,0.0,0.0,29059.97,0.0,41812.06,0.0601
DEBT-05597,CUST-05597,0.0,4724.49,0.0,0.0,323768.59,328493.08,0.8062
DEBT-05598,CUST-05598,5713.99,0.0,0.0,32785.93,0.0,38499.92,0.0953
DEBT-05599,CUST-05599,0.0,24559.8,0.0,0.0,0.0,24559.8,0.0596
DEBT-05600,CUST-05600,4305.13,23089.03,0.0,21765.17,0.0,49159.33,0.1965
DEBT-05601,CUST-05601,2973.94,0.0,0.0,11091.55,0.0,14065.49,0.0431
DEBT-05602,CUST-05602,3876.5,0.0,0.0,26518.37,0.0,30394.87,0.0804
DEBT-05603,CUST-05603,0.0,0.0,0.0,25861.84,0.0,25861.84,0.0399
DEBT-05604,CUST-05604,11764.32,5170.72,0.0,30962.65,0.0,47897.69,0.0901
DEBT-05605,CUST-05605,2752.74,0.0,0.0,23378.16,372941.53,399072.43,0.6769
DEBT-05606,CUST-05606,0.0,0.0,0.0,0.0,232187.47,232187.47,0.5349
DEBT-05607,CUST-05607,1604.15,0.0,0.0,20606.83,0.0,22210.98,0.0961
DEBT-05608,CUST-05608,0.0,0.0,0.0,6458.1,0.0,6458.1,0.0092
DEBT-05609,CUST-05609,7219.79,0.0,18543.4,0.0,217757.17,243520.36,0.6908
DEBT-05610,CUST-05610,0.0,0.0,0.0,0.0,0.0,0.0,0.0
DEBT-05611,CUST-05611,7787.41,0.0,0.0,32083.75,251084.14,290955.3,0.687
DEBT-05612,CUST-05612,2611.76,0.0,0.0,0.0,0.0,2611.76,0.0117
DEBT-05613,CUST-05613,7613.64,0.0,0.0,0.0,0.0,7613.64,0.0171
DEBT-05614,CUST-05614,18685.1,6968.86,0.0,0.0,0.0,25653.96,0.0293
DEBT-05615,CUST-05615,0.0,0.0,0.0,6247.01,262137.5,268384.51,1.0135
DEBT-05616,CUST-05616,9585.68,23968.05,0.0,0.0,0.0,33553.73,0.0496
DEBT-05617,CUST-05617,6394.38,17141.5,0.0,0.0,334717.66,358253.54,1.0897
DEBT-05618,CUST-05618,1426.16,0.0,0.0,0.0,0.0,1426.16,0.0045
DEBT-05619,CUST-05619,0.0,0.0,0.0,0.0,0.0,0.0,0.0
DEBT-05620,CUST-05620,0.0,0.0,0.0,0.0,0.0,0.0,0.0
DEBT-05621,CUST-05621,5966.18,0.0,0.0,0.0,0.0,5966.18,0.0149
DEBT-05622,CUST-05622,9529.37,0.0,0.0,0.0,0.0,9529.37,0.0205
DEBT-05623,CUST-05623,9500.13,0.0,0.0,0.0,0.0,9500.13,0.0143
DEBT-05624,CUST-05624,0.0,0.0,0.0,0.0,344006.39,344006.39,0.5335
DEBT-05625,CUST-05625,5532.42,0.0,0.0,8937.0,0.0,14469.42,0.036
DEBT-05626,CUST-05626,0.0,0.0,0.0,17624.09,369851.97,387476.06,1.1634
DEBT-05627,CUST-05627,3541.46,0.0,0.0,18992.62,0.0,22534.08,0.0361
DEBT-05628,CUST-05628,4616.85,0.0,0.0,0.0,0.0,4616.85,0.0176
DEBT-05629,CUST-05629,0.0,6652.42,0.0,0.0,0.0,6652.42,0.0107
DEBT-05630,CUST-05630,3527.55,0.0,0.0,0.0,0.0,3527.55,0.01
DEBT-05631,CUST-05631,5815.13,0.0,0.0,0.0,291156.13,296971.26,1.1259
DEBT-05632,CUST-05632,0.0,23821.6,0.0,0.0,0.0,23821.6,0.0643
DEBT-05633,CUST-05633,0.0,0.0,0.0,12757.99,0.0,12757.99,0.0316
DEBT-05634,CUST-05634,0.0,0.0,0.0,20877.87,0.0,20877.87,0.0477
DEBT-05635,CUST-05635,10552.69,0.0,0.0,0.0,193220.76,203773.45,0.2949
DEBT-05636,CUST-05636,11607.11,0.0,0.0,0.0,0.0,11607.11,0.0201
DEBT-05637,CUST-05637,5519.31,0.0,0.0,5793.68,367634.11,378947.1,0.8198
DEBT-05638,CUST-05638,5361.55,0.0,30375.8,0.0,0.0,35737.35,0.0612
DEBT-05639,CUST-05639,0.0,0.0,0.0,0.0,0.0,0.0,0.0
DEBT-05640,CUST-05640,5325.98,0.0,0.0,13437.56,0.0,18763.54,0.0432
DEBT-05641,CUST-05641,1665.32,0.0,0.0,0.0,322586.5,324251.82,1.1316
DEBT-05642,CUST-05642,8686.99,16499.54,0.0,30915.59,87192.01,143294.13,0.1778
DEBT-05643,CUST-05643,8594.21,0.0,22951.36,22568.07,0.0,54113.64,0.1104
DEBT-05644,CUST-05644,0.0,0.0,0.0,0.0,0.0,0.0,0.0
DEBT-05645,CUST-05645,0.0,0.0,0.0,0.0,0.0,0.0,0.0
DEBT-05646,CUST-05646,13561.2,0.0,0.0,34195.8,0.0,47757.0,0.0764
DEBT-05647,CUST-05647,0.0,0.0,0.0,0.0,176104.51,176104.51,0.3
DEBT-05648,CUST-05648,3793.32,0.0,0.0,0.0,223405.54,227198.86,0.8245
DEBT-05649,CUST-05649,1553.59,0.0,0.0,0.0,0.0,1553.59,0.0089
DEBT-05650,CUST-05650,1525.85,0.0,0.0,0.0,0.0,1525.85,0.0039
DEBT-05651,CUST-05651,0.0,21209.6,0.0,23351.45,104550.24,149111.29,0.2201
DEBT-05652,CUST-05652,9973.08,0.0,0.0,0.0,0.0,9973.08,0.0192
DEBT-05653,CUST-05653,8156.03,18721.54,0.0,0.0,0.0,26877.57,0.0388
DEBT-05654,CUST-05654,7046.77,0.0,29050.3,0.0,0.0,36097.07,0.0674
DEBT-05655,CUST-05655,1410.72,17024.74,37063.25,0.0,0.0,55498.71,0.1397
DEBT-05656,CUST-05656,8934.46,12382.58,0.0,21330.25,0.0,42647.29,0.1099
DEBT-05657,CUST-05657,3000.17,0.0,0.0,31870.12,0.0,34870.29,0.0438
DEBT-05658,CUST-05658,4448.74,2334.0,0.0,32689.78,289875.3,329347.82,0.7984
DEBT-05659,CUST-05659,0.0,0.0,0.0,0.0,357123.25,357123.25,1.3996
DEBT-05660,CUST-05660,0.0,0.0,0.0,22291.22,0.0,22291.22,0.0587
DEBT-05661,CUST-05661,8593.78,0.0,0.0,0.0,267251.41,275845.19,0.3901
DEBT-05662,CUST-05662,2706.53,0.0,34875.69,15138.15,0.0,52720.37,0.4212
DEBT-05663,CUST-05663,1398.87,0.0,0.0,0.0,0.0,1398.87,0.0031
DEBT-05664,CUST-05664,10741.2,22879.8,0.0,0.0,303915.08,337536.08,0.5059
DEBT-05665,CUST-05665,128.04,23770.8,0.0,0.0,0.0,23898.84,0.5063
DEBT-05666,CUST-05666,8221.75,0.0,0.0,15374.39,0.0,23596.14,0.0453
DEBT-05667,CUST-05667,13051.8,4550.56,0.0,0.0,0.0,17602.36,0.0304
DEBT-05668,CUST-05668,15787.67,0.0,0.0,0.0,379986.41,395774.08,0.3818
DEBT-05669,CUST-05669,8123.67,0.0,0.0,0.0,117295.96,125419.63,0.292
DEBT-05670,CUST-05670,0.0,0.0,37494.28,4356.5,0.0,41850.78,0.0816
DEBT-05671,CUST-05671,2448.41,5804.92,0.0,0.0,0.0,8253.33,0.0264
DEBT-05672,CUST-05672,6330.93,0.0,0.0,0.0,127629.35,133960.28,0.2264
DEBT-05673,CUST-05673,12818.27,0.0,0.0,0.0,351417.87,364236.14,0.5885
DEBT-05674,CUST-05674,2440.12,23852.03,21190.03,0.0,252335.97,299818.15,0.3729
DEBT-05675,CUST-05675,2294.32,0.0,0.0,0.0,0.0,2294.32,0.0081
DEBT-05676,CUST-05676,2427.92,18352.72,0.0,0.0,0.0,20780.64,0.1965
DEBT-05677,CUST-05677,5573.11,0.0,0.0,0.0,0.0,5573.11,0.0104
DEBT-05678,CUST-05678,12254.57,0.0,0.0,20429.81,160476.16,193160.54,0.3014
DEBT-05679,CUST-05679,4958.74,0.0,0.0,19441.51,0.0,24400.25,0.0369
DEBT-05680,CUST-05680,3179.29,0.0,0.0,25097.88,0.0,28277.17,0.0567
DEBT-05681,CUST-05681,10510.13,6085.59,0.0,21131.17,0.0,37726.89,0.0699
DEBT-05682,CUST-05682,0.0,14163.16,0.0,21844.61,0.0,36007.77,0.1001
DEBT-05683,CUST-05683,8228.11,0.0,0.0,0.0,0.0,8228.11,0.0184
DEBT-05684,CUST-05684,4401.44,0.0,0.0,0.0,0.0,4401.44,0.0187
DEBT-05685,CUST-05685,0.0,24018.21,8798.54,9338.74,0.0,42155.49,0.0676
DEBT-05686,CUST-05686,14573.49,0.0,5983.07,24731.9,0.0,45288.46,0.0552
DEBT-05687,CUST-05687,15363.22,0.0,0.0,0.0,0.0,15363.22,0.0129
DEBT-05688,CUST-05688,1462.54,0.0,0.0,17038.04,384168.54,402669.12,1.0369
DEBT-05689,CUST-05689,517.54,0.0,0.0,0.0,0.0,517.54,0.0087
DEBT-05690,CUST-05690,9643.01,0.0,0.0,0.0,0.0,9643.01,0.0217
DEBT-05691,CUST-05691,0.0,7741.11,0.0,26809.26,0.0,34550.37,0.1113
DEBT-05692,CUST-05692,14944.15,0.0,0.0,0.0,0.0,14944.15,0.0167
DEBT-05693,CUST-05693,2557.07,0.0,0.0,18259.62,0.0,20816.69,0.0579
DEBT-05694,CUST-05694,2781.7,20068.72,0.0,0.0,388467.87,411318.29,1.0585
DEBT-05695,CUST-05695,13180.09,0.0,0.0,4047.73,0.0,17227.82,0.0177
DEBT-05696,CUST-05696,6612.55,14679.95,0.0,0.0,0.0,21292.5,0.0378
DEBT-05697,CUST-05697,1789.93,0.0,0.0,0.0,394109.33,395899.26,0.7722
DEBT-05698,CUST-05698,0.0,18353.21,0.0,18636.5,0.0,36989.71,0.0621
DEBT-05699,CUST-05699,3865.17,0.0,0.0,0.0,0.0,3865.17,0.0116
DEBT-05700,CUST-05700,754.75,8553.88,0.0,18821.49,288919.9,317050.02,0.5389
DEBT-05701,CUST-05701,4284.4,0.0,0.0,0.0,0.0,4284.4,0.0155
DEBT-05702,CUST-05702,347.66,0.0,0.0,7926.47,0.0,8274.13,0.055
DEBT-05703,CUST-05703,565.07,0.0,0.0,5256.45,369303.51,375125.03,1.1398
DEBT-05704,CUST-05704,2555.29,0.0,0.0,0.0,0.0,2555.29,0.0095
DEBT-05705,CUST-05705,0.0,0.0,0.0,0.0,0.0,0.0,0.0
DEBT-05706,CUST-05706,6822.6,7394.7,0.0,0.0,0.0,14217.3,0.0309
DEBT-05707,CUST-05707,0.0,0.0,0.0,17843.73,0.0,17843.73,0.0254
DEBT-05708,CUST-05708,0.0,0.0,5361.47,0.0,0.0,5361.47,0.0445
DEBT-05709,CUST-05709,0.0,14272.4,0.0,8240.73,0.0,22513.13,0.0674
DEBT-05710,CUST-05710,4790.84,0.0,0.0,0.0,0.0,4790.84,0.0172
DEBT-05711,CUST-05711,13213.38,0.0,0.0,0.0,409819.83,423033.21,0.3375
DEBT-05712,CUST-05712,0.0,0.0,0.0,0.0,0.0,0.0,0.0
DEBT-05713,CUST-05713,3599.05,0.0,0.0,8634.74,0.0,12233.79,0.051
DEBT-05714,CUST-05714,2722.14,16689.77,39670.78,31292.72,0.0,90375.41,0.6231
DEBT-05715,CUST-05715,0.0,0.0,0.0,21878.13,247693.13,269571.26,0.4584
DEBT-05716,CUST-05716,594.59,0.0,0.0,0.0,368502.27,369096.86,1.2923
DEBT-05717,CUST-05717,529.86,9866.24,0.0,0.0,0.0,10396.1,0.0286
DEBT-05718,CUST-05718,0.0,0.0,0.0,24715.17,0.0,24715.17,0.0494
DEBT-05719,CUST-05719,0.0,0.0,0.0,0.0,0.0,0.0,0.0
DEBT-05720,CUST-05720,252.94,0.0,0.0,0.0,0.0,252.94,0.0009
DEBT-05721,CUST-05721,0.0,1522.19,0.0,27584.47,80008.26,109114.92,0.1869
DEBT-05722,CUST-05722,0.0,0.0,0.0,0.0,0.0,0.0,0.0
DEBT-05723,CUST-05723,0.0,0.0,0.0,0.0,0.0,0.0,0.0
DEBT-05724,CUST-05724,747.76,0.0,35528.77,12402.62,0.0,48679.15,0.4922
DEBT-05725,CUST-05725,4128.36,0.0,0.0,26462.91,0.0,30591.27,0.0375
DEBT-05726,CUST-05726,1153.39,1592.85,0.0,0.0,0.0,2746.24,0.0079
DEBT-05727,CUST-05727,0.0,0.0,0.0,0.0,0.0,0.0,0.0
DEBT-05728,CUST-05728,11942.81,0.0,0.0,0.0,0.0,11942.81,0.0221
DEBT-05729,CUST-05729,7509.99,14796.92,0.0,0.0,0.0,22306.91,0.0467
DEBT-05730,CUST-05730,4598.78,0.0,0.0,0.0,0.0,4598.78,0.0117
DEBT-05731,CUST-05731,3776.69,22547.15,0.0,14918.88,0.0,41242.72,0.0791
DEBT-05732,CUST-05732,3137.0,0.0,0.0,16663.15,0.0,19800.15,0.093
DEBT-05733,CUST-05733,3970.36,16660.94,0.0,0.0,226016.5,246647.8,0.6152
DEBT-05734,CUST-05734,0.0,0.0,0.0,0.0,152152.81,152152.81,0.2127
DEBT-05735,CUST-05735,0.0,17011.8,0.0,0.0,0.0,17011.8,0.036
DEBT-05736,CUST-05736,6267.63,0.0,0.0,0.0,0.0,6267.63,0.0143
DEBT-05737,CUST-05737,2361.93,0.0,0.0,0.0,0.0,2361.93,0.0173
DEBT-05738,CUST-05738,0.0,0.0,0.0,0.0,0.0,0.0,0.0
DEBT-05739,CUST-05739,5973.79,0.0,0.0,0.0,419289.53,425263.32,1.3523
DEBT-05740,CUST-05740,3097.36,18310.05,29268.39,0.0,101965.7,152641.5,0.2846
DEBT-05741,CUST-05741,2085.54,7724.43,27746.16,0.0,0.0,37556.13,0.0542
DEBT-05742,CUST-05742,0.0,10684.06,0.0,0.0,0.0,10684.06,0.0188
DEBT-05743,CUST-05743,11871.39,0.0,0.0,0.0,0.0,11871.39,0.0204
DEBT-05744,CUST-05744,3347.62,0.0,0.0,16754.05,0.0,20101.67,0.022
DEBT-05745,CUST-05745,5576.48,0.0,0.0,0.0,0.0,5576.48,0.022
DEBT-05746,CUST-05746,4692.66,0.0,0.0,11289.67,0.0,15982.33,0.0334
DEBT-05747,CUST-05747,0.0,0.0,0.0,0.0,0.0,0.0,0.0
DEBT-05748,CUST-05748,1232.98,4969.92,0.0,0.0,0.0,6202.9,0.0854
DEBT-05749,CUST-05749,827.29,0.0,0.0,0.0,0.0,827.29,0.002
DEBT-05750,CUST-05750,8493.89,0.0,0.0,0.0,255901.96,264395.85,0.6509
DEBT-05751,CUST-05751,5632.05,9399.51,0.0,24674.33,312263.74,351969.63,1.1662
DEBT-05752,CUST-05752,0.0,0.0,0.0,0.0,124901.98,124901.98,0.2035
DEBT-05753,CUST-05753,8162.76,0.0,0.0,22675.58,137207.83,168046.17,0.2586
DEBT-05754,CUST-05754,0.0,0.0,0.0,0.0,0.0,0.0,0.0
DEBT-05755,CUST-05755,0.0,19429.45,0.0,34967.64,0.0,54397.09,0.1216
DEBT-05756,CUST-05756,0.0,0.0,0.0,0.0,0.0,0.0,0.0
DEBT-05757,CUST-05757,1200.52,0.0,0.0,0.0,247613.26,248813.78,0.6228
DEBT-05758,CUST-05758,248.67,0.0,0.0,0.0,0.0,248.67,0.0021
DEBT-05759,CUST-05759,2652.98,24981.05,0.0,30806.99,0.0,58441.02,0.1334
DEBT-05760,CUST-05760,13639.74,0.0,0.0,33937.31,0.0,47577.05,0.0759
DEBT-05761,CUST-05761,2846.62,0.0,0.0,30921.37,390549.95,424317.94,0.5244
DEBT-05762,CUST-05762,1567.5,7570.6,0.0,9930.91,0.0,19069.01,0.0459
DEBT-05763,CUST-05763,3855.03,13647.4,0.0,24148.89,289456.47,331107.79,0.4238
DEBT-05764,CUST-05764,1536.6,0.0,0.0,0.0,0.0,1536.6,0.0088
DEBT-05765,CUST-05765,0.0,14380.46,0.0,5161.83,0.0,19542.29,0.0261
DEBT-05766,CUST-05766,16795.53,1012.74,0.0,0.0,97371.21,115179.48,0.1465
DEBT-05767,CUST-05767,0.0,0.0,0.0,28737.74,0.0,28737.74,0.0368
DEBT-05768,CUST-05768,20372.76,22726.51,0.0,0.0,0.0,43099.27,0.0297
DEBT-05769,CUST-05769,9902.24,10409.65,0.0,0.0,299800.8,320112.69,0.5001
DEBT-05770,CUST-05770,0.0,6291.32,0.0,14433.89,0.0,20725.21,0.0236
DEBT-05771,CUST-05771,0.0,0.0,0.0,9322.24,0.0,9322.24,0.0151
DEBT-05772,CUST-05772,1490.94,0.0,0.0,0.0,0.0,1490.94,0.0034
DEBT-05773,CUST-05773,746.31,0.0,0.0,0.0,402876.32,403622.63,0.7909
DEBT-05774,CUST-05774,0.0,0.0,0.0,29135.4,0.0,29135.4,0.0789
DEBT-05775,CUST-05775,6220.26,0.0,0.0,0.0,0.0,6220.26,0.0112
DEBT-05776,CUST-05776,7696.36,1231.21,0.0,0.0,0.0,8927.57,0.0228
DEBT-05777,CUST-05777,5256.4,0.0,0.0,0.0,0.0,5256.4,0.0165
DEBT-05778,CUST-05778,0.0,0.0,0.0,0.0,0.0,0.0,0.0
DEBT-05779,CUST-05779,4167.79,0.0,0.0,0.0,0.0,4167.79,0.0086
DEBT-05780,CUST-05780,0.0,6467.73,0.0,0.0,0.0,6467.73,0.008
DEBT-05781,CUST-05781,5448.69,22297.06,0.0,0.0,235322.99,263068.74,0.5322
DEBT-05782,CUST-05782,7014.47,6203.28,0.0,0.0,421312.63,434530.38,0.6252
DEBT-05783,CUST-05783,17627.64,0.0,0.0,0.0,0.0,17627.64,0.021
DEBT-05784,CUST-05784,0.0,0.0,0.0,0.0,0.0,0.0,0.0
DEBT-05785,CUST-05785,3048.53,0.0,0.0,0.0,0.0,3048.53,0.0087
DEBT-05786,CUST-05786,3626.89,0.0,0.0,0.0,138952.25,142579.14,0.3425
DEBT-05787,CUST-05787,0.0,0.0,0.0,15746.46,370065.62,385812.08,0.5132
DEBT-05788,CUST-05788,0.0,3942.62,0.0,7699.61,288598.97,300241.2,0.9473
DEBT-05789,CUST-05789,7196.36,0.0,0.0,0.0,0.0,7196.36,0.012
DEBT-05790,CUST-05790,12437.21,0.0,0.0,0.0,0.0,12437.21,0.023
DEBT-05791,CUST-05791,0.0,0.0,26936.3,0.0,0.0,26936.3,0.0512
DEBT-05792,CUST-05792,1124.63,0.0,0.0,0.0,0.0,1124.63,0.0027
DEBT-05793,CUST-05793,2223.82,15458.66,0.0,23798.06,300193.17,341673.71,0.562
DEBT-05794,CUST-05794,2666.39,19001.43,0.0,0.0,0.0,21667.82,0.036
DEBT-05795,CUST-05795,5495.54,0.0,0.0,12499.68,0.0,17995.22,0.0555
DEBT-05796,CUST-05796,311.75,0.0,0.0,13419.9,0.0,13731.65,0.0494
DEBT-05797,CUST-05797,7448.34,0.0,0.0,0.0,96360.92,103809.26,0.1768
DEBT-05798,CUST-05798,15493.87,0.0,0.0,0.0,315910.18,331404.05,0.456
DEBT-05799,CUST-05799,4444.49,0.0,0.0,0.0,176805.91,181250.4,0.4943
DEBT-05800,CUST-05800,0.0,6905.21,0.0,0.0,218689.76,225594.97,0.3391
DEBT-05801,CUST-05801,1199.28,0.0,0.0,28715.96,0.0,29915.24,0.0501
DEBT-05802,CUST-05802,7169.89,0.0,0.0,0.0,0.0,7169.89,0.0104
DEBT-05803,CUST-05803,4364.42,0.0,0.0,0.0,388371.92,392736.34,0.3657
DEBT-05804,CUST-05804,10337.14,0.0,0.0,33217.41,0.0,43554.55,0.0737
DEBT-05805,CUST-05805,12574.77,0.0,0.0,0.0,163605.31,176180.08,0.2623
DEBT-05806,CUST-05806,2299.65,22638.4,0.0,25245.25,399220.32,449403.62,0.6
DEBT-05807,CUST-05807,6897.61,0.0,0.0,7128.05,0.0,14025.66,0.0382
DEBT-05808,CUST-05808,7184.56,10892.17,0.0,0.0,0.0,18076.73,0.0291
DEBT-05809,CUST-05809,898.16,0.0,0.0,0.0,0.0,898.16,0.0011
DEBT-05810,CUST-05810,4522.69,0.0,0.0,0.0,0.0,4522.69,0.0206
DEBT-05811,CUST-05811,0.0,13308.61,0.0,0.0,194537.17,207845.78,0.2899
DEBT-05812,CUST-05812,0.0,21358.69,0.0,18552.4,248431.66,288342.75,0.6483
DEBT-05813,CUST-05813,510.16,19077.14,0.0,34088.43,0.0,53675.73,0.9426
DEBT-05814,CUST-05814,0.0,10985.23,0.0,0.0,0.0,10985.23,0.0299
DEBT-05815,CUST-05815,3146.6,0.0,0.0,0.0,0.0,3146.6,0.0083
DEBT-05816,CUST-05816,2067.09,4374.49,0.0,0.0,0.0,6441.58,0.0148
DEBT-05817,CUST-05817,0.0,5885.0,0.0,0.0,0.0,5885.0,0.04
DEBT-05818,CUST-05818,0.0,0.0,0.0,32504.19,0.0,32504.19,0.1025
DEBT-05819,CUST-05819,6052.37,0.0,0.0,0.0,0.0,6052.37,0.0211
DEBT-05820,CUST-05820,2908.17,0.0,0.0,5653.52,0.0,8561.69,0.015
DEBT-05821,CUST-05821,0.0,4381.2,0.0,0.0,0.0,4381.2,0.0051
DEBT-05822,CUST-05822,9759.68,0.0,0.0,0.0,0.0,9759.68,0.018
DEBT-05823,CUST-05823,99.16,0.0,0.0,22775.79,0.0,22874.95,0.5181
DEBT-05824,CUST-05824,5334.28,0.0,0.0,0.0,0.0,5334.28,0.0063
DEBT-05825,CUST-05825,9243.23,24087.93,0.0,0.0,0.0,33331.16,0.0508
DEBT-05826,CUST-05826,0.0,0.0,0.0,0.0,401813.96,401813.96,0.6314
DEBT-05827,CUST-05827,4947.0,0.0,0.0,9603.55,0.0,14550.55,0.0464
DEBT-05828,CUST-05828,2412.68,0.0,0.0,0.0,0.0,2412.68,0.0158
DEBT-05829,CUST-05829,1115.95,0.0,0.0,18311.35,0.0,19427.3,0.0371
DEBT-05830,CUST-05830,6269.72,0.0,0.0,0.0,0.0,6269.72,0.0094
DEBT-05831,CUST-05831,0.0,0.0,0.0,0.0,0.0,0.0,0.0
DEBT-05832,CUST-05832,29499.03,7659.1,0.0,25850.29,0.0,63008.42,0.0469
DEBT-05833,CUST-05833,12815.67,0.0,0.0,12527.57,0.0,25343.24,0.0438
DEBT-05834,CUST-05834,0.0,0.0,0.0,0.0,267669.15,267669.15,0.4751
DEBT-05835,CUST-05835,4751.35,0.0,0.0,0.0,0.0,4751.35,0.0106
DEBT-05836,CUST-05836,0.0,0.0,0.0,0.0,0.0,0.0,0.0
DEBT-05837,CUST-05837,4860.13,0.0,0.0,0.0,0.0,4860.13,0.0117
DEBT-05838,CUST-05838,3121.99,23217.61,0.0,0.0,0.0,26339.6,0.1022
DEBT-05839,CUST-05839,3042.4,0.0,0.0,26950.09,0.0,29992.49,0.1214
DEBT-05840,CUST-05840,10094.87,23050.23,0.0,0.0,0.0,33145.1,0.0456
DEBT-05841,CUST-05841,0.0,21064.7,0.0,0.0,0.0,21064.7,0.0337
DEBT-05842,CUST-05842,12743.95,4890.86,0.0,18445.1,403223.43,439303.34,0.5918
DEBT-05843,CUST-05843,7967.22,22504.84,0.0,30586.19,0.0,61058.25,0.1153
DEBT-05844,CUST-05844,4111.25,1970.58,0.0,0.0,92646.67,98728.5,0.1481
DEBT-05845,CUST-05845,0.0,7568.46,0.0,18895.46,0.0,26463.92,0.0591
DEBT-05846,CUST-05846,12877.87,0.0,0.0,5449.23,0.0,18327.1,0.0205
DEBT-05847,CUST-05847,673.57,0.0,0.0,0.0,108901.58,109575.15,0.2623
DEBT-05848,CUST-05848,6822.97,6469.03,0.0,0.0,420049.15,433341.15,0.5698
DEBT-05849,CUST-05849,3106.47,0.0,0.0,0.0,0.0,3106.47,0.0091
DEBT-05850,CUST-05850,4961.65,0.0,0.0,0.0,0.0,4961.65,0.0075
DEBT-05851,CUST-05851,4782.45,22156.63,16447.16,0.0,0.0,43386.24,0.0693
DEBT-05852,CUST-05852,0.0,0.0,0.0,13401.53,0.0,13401.53,0.021
DEBT-05853,CUST-05853,3320.56,0.0,0.0,0.0,189616.76,192937.32,0.4569
DEBT-05854,CUST-05854,8444.84,0.0,0.0,0.0,436074.13,444518.97,0.716
DEBT-05855,CUST-05855,5056.26,0.0,0.0,0.0,0.0,5056.26,0.0153
DEBT-05856,CUST-05856,0.0,0.0,0.0,0.0,0.0,0.0,0.0
DEBT-05857,CUST-05857,0.0,0.0,0.0,0.0,0.0,0.0,0.0
DEBT-05858,CUST-05858,8089.39,0.0,0.0,0.0,215638.09,223727.48,0.2148
DEBT-05859,CUST-05859,0.0,7772.53,0.0,0.0,0.0,7772.53,0.0498
DEBT-05860,CUST-05860,1752.3,0.0,0.0,0.0,0.0,1752.3,0.0019
DEBT-05861,CUST-05861,5937.78,0.0,0.0,12011.78,0.0,17949.56,0.0366
DEBT-05862,CUST-05862,0.0,16714.59,0.0,0.0,317543.11,334257.7,0.5081
DEBT-05863,CUST-05863,3692.1,0.0,0.0,0.0,0.0,3692.1,0.0051
DEBT-05864,CUST-05864,0.0,0.0,0.0,0.0,0.0,0.0,0.0
DEBT-05865,CUST-05865,0.0,0.0,0.0,12966.46,0.0,12966.46,0.0579
DEBT-05866,CUST-05866,1317.97,20754.65,0.0,0.0,161349.33,183421.95,0.4203
DEBT-05867,CUST-05867,725.27,0.0,0.0,0.0,0.0,725.27,0.0018
DEBT-05868,CUST-05868,0.0,0.0,0.0,0.0,0.0,0.0,0.0
DEBT-05869,CUST-05869,9211.57,0.0,0.0,0.0,413803.37,423014.94,0.9146
DEBT-05870,CUST-05870,0.0,0.0,0.0,0.0,90805.72,90805.72,0.1582
DEBT-05871,CUST-05871,1049.46,3938.37,0.0,23867.77,307668.86,336524.46,0.9639
DEBT-05872,CUST-05872,8181.74,14830.82,0.0,0.0,0.0,23012.56,0.0308
DEBT-05873,CUST-05873,8249.08,0.0,17061.75,0.0,0.0,25310.83,0.0447
DEBT-05874,CUST-05874,0.0,0.0,0.0,6276.42,0.0,6276.42,0.0155
DEBT-05875,CUST-05875,6109.27,16109.61,0.0,0.0,0.0,22218.88,0.0507
DEBT-05876,CUST-05876,3712.19,0.0,0.0,0.0,0.0,3712.19,0.0079
DEBT-05877,CUST-05877,3869.08,0.0,0.0,0.0,139369.77,143238.85,0.4846
DEBT-05878,CUST-05878,4039.37,0.0,0.0,0.0,0.0,4039.37,0.0071
DEBT-05879,CUST-05879,2375.66,7299.62,0.0,0.0,437569.93,447245.21,1.1703
DEBT-05880,CUST-05880,7227.54,4895.65,0.0,0.0,0.0,12123.19,0.0359
DEBT-05881,CUST-05881,0.0,0.0,0.0,0.0,0.0,0.0,0.0
DEBT-05882,CUST-05882,7197.88,0.0,39949.62,0.0,0.0,47147.5,0.0995
DEBT-05883,CUST-05883,7449.74,0.0,17243.85,0.0,0.0,24693.59,0.071
DEBT-05884,CUST-05884,0.0,0.0,0.0,7331.73,0.0,7331.73,0.026
DEBT-05885,CUST-05885,6261.37,0.0,0.0,0.0,395483.4,401744.77,1.302
DEBT-05886,CUST-05886,2153.42,20788.32,0.0,0.0,0.0,22941.74,0.0746
DEBT-05887,CUST-05887,0.0,0.0,0.0,0.0,0.0,0.0,0.0
DEBT-05888,CUST-05888,6290.35,0.0,28217.05,0.0,0.0,34507.4,0.0645
DEBT-05889,CUST-05889,2846.44,0.0,0.0,17503.0,0.0,20349.44,0.0387
DEBT-05890,CUST-05890,3675.34,0.0,0.0,12551.42,0.0,16226.76,0.0323
DEBT-05891,CUST-05891,7545.47,17687.85,0.0,26478.65,260110.48,311822.45,0.5187
DEBT-05892,CUST-05892,4368.57,0.0,0.0,0.0,0.0,4368.57,0.0073
DEBT-05893,CUST-05893,0.0,0.0,44334.74,24041.18,0.0,68375.92,0.8273
DEBT-05894,CUST-05894,981.92,0.0,0.0,0.0,0.0,981.92,0.0011
DEBT-05895,CUST-05895,4653.96,0.0,0.0,0.0,421011.16,425665.12,0.9276
DEBT-05896,CUST-05896,1985.19,16783.13,0.0,14789.38,0.0,33557.7,0.1148
DEBT-05897,CUST-05897,4618.46,0.0,0.0,0.0,0.0,4618.46,0.0091
DEBT-05898,CUST-05898,1033.03,0.0,0.0,5870.9,0.0,6903.93,0.1056
DEBT-05899,CUST-05899,4003.77,0.0,0.0,23007.89,92930.49,119942.15,0.469
DEBT-05900,CUST-05900,5974.86,0.0,0.0,0.0,0.0,5974.86,0.0209
DEBT-05901,CUST-05901,2583.35,1367.04,0.0,0.0,0.0,3950.39,0.0061
DEBT-05902,CUST-05902,12468.14,17305.83,0.0,0.0,387344.76,417118.73,0.3845
DEBT-05903,CUST-05903,0.0,0.0,0.0,34858.09,268495.0,303353.09,0.9887
DEBT-05904,CUST-05904,0.0,0.0,0.0,0.0,0.0,0.0,0.0
DEBT-05905,CUST-05905,0.0,0.0,0.0,28195.14,0.0,28195.14,0.06
DEBT-05906,CUST-05906,6577.67,0.0,0.0,8523.45,0.0,15101.12,0.0204
DEBT-05907,CUST-05907,2048.23,0.0,0.0,17680.42,0.0,19728.65,0.0473
DEBT-05908,CUST-05908,0.0,0.0,0.0,25232.82,220287.61,245520.43,0.7908
DEBT-05909,CUST-05909,5008.26,18389.89,0.0,0.0,0.0,23398.15,0.0768
DEBT-05910,CUST-05910,5942.58,0.0,0.0,0.0,0.0,5942.58,0.0168
DEBT-05911,CUST-05911,6553.14,15584.2,0.0,0.0,0.0,22137.34,0.0485
DEBT-05912,CUST-05912,2806.43,0.0,0.0,0.0,0.0,2806.43,0.0173
DEBT-05913,CUST-05913,15113.6,0.0,0.0,24840.54,244624.13,284578.27,0.377
DEBT-05914,CUST-05914,0.0,0.0,0.0,6342.48,0.0,6342.48,0.0112
DEBT-05915,CUST-05915,3165.86,0.0,37149.06,0.0,424318.68,464633.6,1.1073
DEBT-05916,CUST-05916,0.0,21185.3,0.0,0.0,106332.63,127517.93,0.3805
DEBT-05917,CUST-05917,2466.36,10902.36,0.0,0.0,0.0,13368.72,0.0289
DEBT-05918,CUST-05918,4352.25,0.0,0.0,0.0,0.0,4352.25,0.0081
DEBT-05919,CUST-05919,4372.31,0.0,0.0,0.0,0.0,4372.31,0.0129
DEBT-05920,CUST-05920,1896.75,22777.92,0.0,0.0,0.0,24674.67,0.0802
DEBT-05921,CUST-05921,1570.61,0.0,0.0,0.0,0.0,1570.61,0.0049
DEBT-05922,CUST-05922,0.0,0.0,0.0,0.0,0.0,0.0,0.0
DEBT-05923,CUST-05923,430.73,13660.01,0.0,14934.63,0.0,29025.37,0.1099
DEBT-05924,CUST-05924,1751.05,0.0,0.0,0.0,447067.27,448818.32,1.6213
DEBT-05925,CUST-05925,8009.51,0.0,0.0,0.0,0.0,8009.51,0.0178
DEBT-05926,CUST-05926,3556.03,7747.24,0.0,0.0,348001.42,359304.69,1.1069
DEBT-05927,CUST-05927,0.0,0.0,7171.72,0.0,0.0,7171.72,0.0103
DEBT-05928,CUST-05928,220.7,0.0,0.0,0.0,0.0,220.7,0.0018
DEBT-05929,CUST-05929,7345.86,0.0,0.0,0.0,0.0,7345.86,0.0142
DEBT-05930,CUST-05930,4266.38,0.0,0.0,6583.57,181249.1,192099.05,0.2703
DEBT-05931,CUST-05931,7690.25,10243.08,0.0,24635.04,0.0,42568.37,0.1105
DEBT-05932,CUST-05932,1171.66,24010.57,35348.3,0.0,0.0,60530.53,0.7016
DEBT-05933,CUST-05933,0.0,0.0,38820.34,31095.1,0.0,69915.44,0.8024
DEBT-05934,CUST-05934,2246.84,0.0,0.0,21262.33,0.0,23509.17,0.0326
DEBT-05935,CUST-05935,0.0,0.0,0.0,0.0,0.0,0.0,0.0
DEBT-05936,CUST-05936,1798.35,0.0,0.0,0.0,0.0,1798.35,0.007
DEBT-05937,CUST-05937,0.0,4842.74,0.0,21338.27,0.0,26181.01,0.0661
DEBT-05938,CUST-05938,0.0,0.0,0.0,0.0,0.0,0.0,0.0
DEBT-05939,CUST-05939,10348.77,0.0,0.0,0.0,407078.8,417427.57,0.46
DEBT-05940,CUST-05940,3790.31,0.0,0.0,6627.36,0.0,10417.67,0.0334
DEBT-05941,CUST-05941,1021.06,0.0,0.0,0.0,0.0,1021.06,0.0019
DEBT-05942,CUST-05942,183.6,0.0,0.0,0.0,0.0,183.6,0.0039
DEBT-05943,CUST-05943,8749.46,0.0,0.0,34213.74,380911.47,423874.67,0.6507
DEBT-05944,CUST-05944,11561.93,0.0,25024.95,0.0,0.0,36586.88,0.0584
DEBT-05945,CUST-05945,0.0,0.0,0.0,0.0,0.0,0.0,0.0
DEBT-05946,CUST-05946,7683.02,0.0,36046.98,0.0,0.0,43730.0,0.065
DEBT-05947,CUST-05947,7112.55,5840.86,0.0,0.0,172912.57,185865.98,0.348
DEBT-05948,CUST-05948,0.0,0.0,0.0,0.0,0.0,0.0,0.0
DEBT-05949,CUST-05949,4241.5,0.0,0.0,0.0,0.0,4241.5,0.0125
DEBT-05950,CUST-05950,0.0,0.0,0.0,19509.97,0.0,19509.97,0.0483
DEBT-05951,CUST-05951,5612.64,7514.49,0.0,5111.47,0.0,18238.6,0.0685
DEBT-05952,CUST-05952,0.0,5833.04,0.0,0.0,0.0,5833.04,0.0064
DEBT-05953,CUST-05953,3895.21,14924.11,0.0,0.0,0.0,18819.32,0.0884
DEBT-05954,CUST-05954,0.0,0.0,0.0,0.0,0.0,0.0,0.0
DEBT-05955,CUST-05955,6322.54,0.0,0.0,0.0,0.0,6322.54,0.0101
DEBT-05956,CUST-05956,0.0,0.0,0.0,34321.62,0.0,34321.62,0.0236
DEBT-05957,CUST-05957,6349.99,0.0,0.0,0.0,0.0,6349.99,0.0154
DEBT-05958,CUST-05958,7412.79,19275.51,17209.35,14860.37,0.0,58758.02,0.1811
DEBT-05959,CUST-05959,1676.0,0.0,0.0,10154.78,0.0,11830.78,0.104
DEBT-05960,CUST-05960,3733.27,0.0,34768.56,0.0,0.0,38501.83,0.0953
DEBT-05961,CUST-05961,1880.92,0.0,0.0,0.0,0.0,1880.92,0.0029
DEBT-05962,CUST-05962,618.18,6884.75,0.0,0.0,0.0,7502.93,0.0114
DEBT-05963,CUST-05963,342.26,23925.7,0.0,0.0,0.0,24267.96,0.1101
DEBT-05964,CUST-05964,0.0,0.0,0.0,22825.24,0.0,22825.24,0.0587
DEBT-05965,CUST-05965,9151.19,0.0,0.0,0.0,0.0,9151.19,0.0202
DEBT-05966,CUST-05966,573.8,0.0,0.0,0.0,0.0,573.8,0.0008
DEBT-05967,CUST-05967,14516.88,0.0,0.0,0.0,398943.97,413460.85,0.4358
DEBT-05968,CUST-05968,2490.03,0.0,0.0,0.0,0.0,2490.03,0.0118
DEBT-05969,CUST-05969,16927.79,0.0,0.0,29757.14,191249.81,237934.74,0.3164
DEBT-05970,CUST-05970,0.0,0.0,0.0,29266.15,0.0,29266.15,0.3534
DEBT-05971,CUST-05971,0.0,0.0,0.0,24388.28,0.0,24388.28,0.048
DEBT-05972,CUST-05972,9142.02,0.0,0.0,15840.14,0.0,24982.16,0.0359
DEBT-05973,CUST-05973,4493.46,0.0,0.0,0.0,0.0,4493.46,0.0105
DEBT-05974,CUST-05974,0.0,0.0,0.0,0.0,0.0,0.0,0.0
DEBT-05975,CUST-05975,1904.23,0.0,0.0,0.0,0.0,1904.23,0.0058
DEBT-05976,CUST-05976,6701.8,8138.9,0.0,0.0,0.0,14840.7,0.029
DEBT-05977,CUST-05977,477.19,7376.07,0.0,29488.32,0.0,37341.58,0.1194
DEBT-05978,CUST-05978,1980.53,0.0,0.0,0.0,0.0,1980.53,0.0047
DEBT-05979,CUST-05979,1240.91,0.0,0.0,0.0,0.0,1240.91,0.0024
DEBT-05980,CUST-05980,6402.53,19362.57,0.0,22389.82,0.0,48154.92,0.0542
DEBT-05981,CUST-05981,0.0,0.0,0.0,0.0,0.0,0.0,0.0
DEBT-05982,CUST-05982,699.64,0.0,0.0,0.0,306684.88,307384.52,0.5148
DEBT-05983,CUST-05983,0.0,15309.49,0.0,20917.64,174175.25,210402.38,0.3027
DEBT-05984,CUST-05984,6161.21,0.0,0.0,0.0,0.0,6161.21,0.0162
DEBT-05985,CUST-05985,1026.17,0.0,0.0,28328.2,0.0,29354.37,0.5183
DEBT-05986,CUST-05986,9522.44,0.0,0.0,0.0,0.0,9522.44,0.0219
DEBT-05987,CUST-05987,4479.35,0.0,21146.8,0.0,0.0,25626.15,0.0516
DEBT-05988,CUST-05988,0.0,0.0,0.0,16878.32,424645.28,441523.6,1.1241
DEBT-05989,CUST-05989,0.0,23135.06,0.0,0.0,0.0,23135.06,0.022
DEBT-05990,CUST-05990,5285.89,8921.81,0.0,0.0,127849.38,142057.08,0.3598
DEBT-05991,CUST-05991,6835.42,19969.83,0.0,34811.81,0.0,61617.06,0.1621
DEBT-05992,CUST-05992,0.0,3958.75,0.0,30240.38,400663.16,434862.29,1.1047
DEBT-05993,CUST-05993,15698.23,17159.37,0.0,13236.88,398991.05,445085.53,0.6038
DEBT-05994,CUST-05994,16602.9,0.0,0.0,22530.43,0.0,39133.33,0.0434
DEBT-05995,CUST-05995,1201.89,0.0,0.0,0.0,0.0,1201.89,0.0109
DEBT-05996,CUST-05996,5185.12,0.0,0.0,0.0,0.0,5185.12,0.0128
DEBT-05997,CUST-05997,0.0,11163.65,15150.9,10098.66,0.0,36413.21,0.1232
DEBT-05998,CUST-05998,909.44,0.0,0.0,0.0,0.0,909.44,0.015
DEBT-05999,CUST-05999,7543.1,21160.09,0.0,0.0,0.0,28703.19,0.0734
DEBT-06000,CUST-06000,3708.36,0.0,0.0,0.0,0.0,3708.36,0.0114
DEBT-06001,CUST-06001,11273.17,0.0,0.0,0.0,378506.95,389780.12,0.7251
DEBT-06002,CUST-06002,8272.78,0.0,0.0,0.0,0.0,8272.78,0.0203
DEBT-06003,CUST-06003,0.0,0.0,0.0,0.0,0.0,0.0,0.0
DEBT-06004,CUST-06004,0.0,0.0,0.0,26676.31,0.0,26676.31,0.0501
DEBT-06005,CUST-06005,481.94,0.0,0.0,17989.12,0.0,18471.06,0.0418
DEBT-06006,CUST-06006,0.0,0.0,0.0,16629.81,0.0,16629.81,0.0344
DEBT-06007,CUST-06007,0.0,0.0,0.0,7480.12,278685.29,286165.41,1.1703
DEBT-06008,CUST-06008,14961.22,0.0,0.0,0.0,0.0,14961.22,0.0211
DEBT-06009,CUST-06009,8131.53,0.0,0.0,34723.35,0.0,42854.88,0.0441
DEBT-06010,CUST-06010,0.0,0.0,0.0,0.0,0.0,0.0,0.0
DEBT-06011,CUST-06011,9376.83,0.0,0.0,25946.04,0.0,35322.87,0.0469
DEBT-06012,CUST-06012,6549.87,17208.61,0.0,13986.26,190461.53,228206.27,0.2561
DEBT-06013,CUST-06013,5696.95,0.0,40467.89,0.0,0.0,46164.84,0.1161
DEBT-06014,CUST-06014,0.0,0.0,0.0,10064.15,0.0,10064.15,0.0273
DEBT-06015,CUST-06015,0.0,0.0,0.0,25826.08,0.0,25826.08,0.0303
DEBT-06016,CUST-06016,0.0,0.0,0.0,0.0,0.0,0.0,0.0
DEBT-06017,CUST-06017,0.0,7883.0,0.0,13464.57,0.0,21347.57,0.0767
DEBT-06018,CUST-06018,7914.13,0.0,0.0,8006.13,391890.96,407811.22,0.5346
DEBT-06019,CUST-06019,0.0,0.0,0.0,0.0,0.0,0.0,0.0
DEBT-06020,CUST-06020,7240.0,0.0,24078.55,0.0,344031.67,375350.22,0.8949
DEBT-06021,CUST-06021,14951.04,21383.45,0.0,0.0,0.0,36334.49,0.0505
DEBT-06022,CUST-06022,2009.12,5027.45,0.0,9660.25,212710.39,229407.21,0.3803
DEBT-06023,CUST-06023,4545.35,0.0,0.0,0.0,0.0,4545.35,0.0156
DEBT-06024,CUST-06024,1140.01,0.0,0.0,33218.75,0.0,34358.76,0.2235
DEBT-06025,CUST-06025,2642.82,0.0,40897.49,10698.81,313210.92,367450.04,0.5732
DEBT-06026,CUST-06026,4474.82,0.0,0.0,0.0,0.0,4474.82,0.014
DEBT-06027,CUST-06027,0.0,0.0,0.0,22193.91,433747.72,455941.63,1.1504
DEBT-06028,CUST-06028,3743.97,0.0,0.0,4924.35,0.0,8668.32,0.0128
DEBT-06029,CUST-06029,0.0,0.0,0.0,13743.17,409405.35,423148.52,0.4608
DEBT-06030,CUST-06030,5367.02,0.0,0.0,0.0,0.0,5367.02,0.0167
DEBT-06031,CUST-06031,6663.8,0.0,43916.72,0.0,393569.02,444149.54,0.5813
DEBT-06032,CUST-06032,3175.55,0.0,0.0,0.0,0.0,3175.55,0.0057
DEBT-06033,CUST-06033,6323.54,0.0,0.0,0.0,356951.01,363274.55,0.9343
DEBT-06034,CUST-06034,843.63,12003.06,0.0,0.0,0.0,12846.69,0.0319
DEBT-06035,CUST-06035,832.36,21094.38,5251.18,0.0,0.0,27177.92,0.0756
DEBT-06036,CUST-06036,7490.46,5671.76,0.0,0.0,0.0,13162.22,0.0358
DEBT-06037,CUST-06037,3298.87,0.0,0.0,0.0,0.0,3298.87,0.0101
DEBT-06038,CUST-06038,0.0,4206.14,0.0,0.0,0.0,4206.14,0.0088
DEBT-06039,CUST-06039,15598.8,0.0,0.0,12484.34,0.0,28083.14,0.0397
DEBT-06040,CUST-06040,0.0,1716.34,0.0,0.0,0.0,1716.34,0.0025
DEBT-06041,CUST-06041,5679.34,0.0,0.0,0.0,0.0,5679.34,0.0108
DEBT-06042,CUST-06042,8367.61,0.0,0.0,15703.08,0.0,24070.69,0.0372
DEBT-06043,CUST-06043,1792.58,0.0,0.0,0.0,0.0,1792.58,0.0023
DEBT-06044,CUST-06044,895.04,9663.57,0.0,0.0,0.0,10558.61,0.1327
DEBT-06045,CUST-06045,6715.93,24622.72,0.0,0.0,272321.86,303660.51,0.8008
DEBT-06046,CUST-06046,219.62,0.0,0.0,33307.72,280295.17,313822.51,0.9616
DEBT-06047,CUST-06047,2493.01,0.0,0.0,0.0,0.0,2493.01,0.0057
DEBT-06048,CUST-06048,2918.7,23138.27,0.0,0.0,0.0,26056.97,0.0657
DEBT-06049,CUST-06049,13008.74,0.0,0.0,34432.39,342478.39,389919.52,0.5987
DEBT-06050,CUST-06050,11268.81,0.0,40524.56,23756.72,80679.07,156229.16,0.3093
DEBT-06051,CUST-06051,0.0,0.0,22645.71,5797.48,0.0,28443.19,0.1087
DEBT-06052,CUST-06052,11043.19,0.0,0.0,5058.68,89081.25,105183.12,0.1716
DEBT-06053,CUST-06053,3135.18,0.0,0.0,15449.93,0.0,18585.11,0.077
DEBT-06054,CUST-06054,2799.33,0.0,0.0,0.0,0.0,2799.33,0.0183
DEBT-06055,CUST-06055,253.1,0.0,33092.07,0.0,0.0,33345.17,0.288
DEBT-06056,CUST-06056,13518.32,21533.57,0.0,0.0,0.0,35051.89,0.0517
DEBT-06057,CUST-06057,4368.42,0.0,0.0,0.0,0.0,4368.42,0.0102
DEBT-06058,CUST-06058,4516.08,0.0,0.0,0.0,0.0,4516.08,0.0172
DEBT-06059,CUST-06059,0.0,0.0,0.0,0.0,327878.01,327878.01,0.6504
DEBT-06060,CUST-06060,0.0,0.0,0.0,0.0,0.0,0.0,0.0
DEBT-06061,CUST-06061,1070.16,0.0,0.0,10894.18,0.0,11964.34,0.0345
DEBT-06062,CUST-06062,6780.98,0.0,0.0,6377.71,266529.81,279688.5,0.445
DEBT-06063,CUST-06063,2912.38,3043.15,0.0,0.0,0.0,5955.53,0.0252
DEBT-06064,CUST-06064,9801.18,0.0,0.0,0.0,406677.48,416478.66,0.5327
DEBT-06065,CUST-06065,6131.82,20663.8,0.0,0.0,0.0,26795.62,0.0714
DEBT-06066,CUST-06066,1296.5,0.0,0.0,23423.06,0.0,24719.56,0.1995
DEBT-06067,CUST-06067,226.23,19008.94,0.0,0.0,0.0,19235.17,0.3483
DEBT-06068,CUST-06068,0.0,0.0,0.0,0.0,0.0,0.0,0.0
DEBT-06069,CUST-06069,1030.43,0.0,0.0,0.0,0.0,1030.43,0.0115
DEBT-06070,CUST-06070,9991.25,13990.98,0.0,0.0,0.0,23982.23,0.0413
DEBT-06071,CUST-06071,0.0,12007.63,25921.62,6148.06,0.0,44077.31,0.2159
DEBT-06072,CUST-06072,9527.7,0.0,0.0,22920.23,330349.23,362797.16,0.6578
DEBT-06073,CUST-06073,1093.11,0.0,0.0,0.0,0.0,1093.11,0.0023
DEBT-06074,CUST-06074,7376.88,11731.2,0.0,0.0,255898.4,275006.48,0.6816
DEBT-06075,CUST-06075,8235.46,0.0,0.0,15330.35,159495.66,183061.47,0.4464
DEBT-06076,CUST-06076,0.0,8602.25,0.0,0.0,0.0,8602.25,0.106
DEBT-06077,CUST-06077,10750.24,0.0,0.0,8622.72,0.0,19372.96,0.035
DEBT-06078,CUST-06078,8750.3,5639.71,0.0,0.0,0.0,14390.01,0.0262
DEBT-06079,CUST-06079,284.79,0.0,0.0,0.0,0.0,284.79,0.0012
DEBT-06080,CUST-06080,0.0,0.0,0.0,6929.81,0.0,6929.81,0.0082
DEBT-06081,CUST-06081,3982.92,0.0,0.0,22929.73,0.0,26912.65,0.0524
DEBT-06082,CUST-06082,1036.85,0.0,31188.31,0.0,0.0,32225.16,0.0865
DEBT-06083,CUST-06083,11951.55,0.0,0.0,10592.02,223749.8,246293.37,0.4152
DEBT-06084,CUST-06084,0.0,0.0,35910.26,0.0,0.0,35910.26,0.0442
DEBT-06085,CUST-06085,9379.38,0.0,0.0,6323.29,0.0,15702.67,0.0257
DEBT-06086,CUST-06086,9516.72,0.0,0.0,25535.68,0.0,35052.4,0.0738
DEBT-06087,CUST-06087,0.0,0.0,0.0,0.0,398493.01,398493.01,0.9728
DEBT-06088,CUST-06088,9278.24,0.0,19000.13,0.0,0.0,28278.37,0.0654
DEBT-06089,CUST-06089,4916.92,0.0,8765.47,0.0,0.0,13682.39,0.026
DEBT-06090,CUST-06090,0.0,0.0,0.0,0.0,0.0,0.0,0.0
DEBT-06091,CUST-06091,6113.55,0.0,0.0,0.0,0.0,6113.55,0.0149
DEBT-06092,CUST-06092,10365.66,0.0,0.0,0.0,0.0,10365.66,0.0209
DEBT-06093,CUST-06093,3581.34,0.0,0.0,0.0,0.0,3581.34,0.0094
DEBT-06094,CUST-06094,4933.63,19356.61,0.0,0.0,125902.81,150193.05,0.2292
DEBT-06095,CUST-06095,1865.01,0.0,0.0,4458.88,0.0,6323.89,0.016
DEBT-06096,CUST-06096,14873.53,0.0,0.0,0.0,0.0,14873.53,0.0127
DEBT-06097,CUST-06097,10510.28,23614.77,0.0,22160.67,0.0,56285.72,0.1034
DEBT-06098,CUST-06098,0.0,0.0,0.0,28149.36,115879.62,144028.98,0.5651
DEBT-06099,CUST-06099,0.0,0.0,36334.39,0.0,0.0,36334.39,0.0639
DEBT-06100,CUST-06100,11735.64,0.0,0.0,0.0,0.0,11735.64,0.0193
DEBT-06101,CUST-06101,0.0,0.0,0.0,0.0,445774.82,445774.82,1.2169
DEBT-06102,CUST-06102,0.0,0.0,0.0,27027.95,0.0,27027.95,0.054
DEBT-06103,CUST-06103,4959.27,15719.58,8363.13,5551.66,0.0,34593.64,0.1602
DEBT-06104,CUST-06104,22934.62,7515.27,0.0,0.0,0.0,30449.89,0.0274
DEBT-06105,CUST-06105,0.0,8432.2,0.0,0.0,167391.38,175823.58,0.3033
DEBT-06106,CUST-06106,0.0,18605.44,0.0,0.0,0.0,18605.44,0.042
DEBT-06107,CUST-06107,1170.33,0.0,0.0,0.0,429348.91,430519.24,1.2688
DEBT-06108,CUST-06108,7821.73,0.0,0.0,28074.7,0.0,35896.43,0.0299
DEBT-06109,CUST-06109,2477.4,0.0,0.0,0.0,0.0,2477.4,0.0044
DEBT-06110,CUST-06110,5869.67,0.0,0.0,26478.22,0.0,32347.89,0.047
DEBT-06111,CUST-06111,3137.63,0.0,0.0,0.0,0.0,3137.63,0.0097
DEBT-06112,CUST-06112,6642.18,0.0,0.0,0.0,0.0,6642.18,0.0172
DEBT-06113,CUST-06113,3773.35,9053.01,0.0,0.0,0.0,12826.36,0.0417
DEBT-06114,CUST-06114,16761.21,0.0,0.0,16006.67,0.0,32767.88,0.0339
DEBT-06115,CUST-06115,6724.44,0.0,0.0,0.0,0.0,6724.44,0.0149
DEBT-06116,CUST-06116,0.0,0.0,0.0,0.0,0.0,0.0,0.0
DEBT-06117,CUST-06117,4477.91,0.0,0.0,0.0,0.0,4477.91,0.0118
DEBT-06118,CUST-06118,787.69,23403.54,0.0,0.0,0.0,24191.23,0.0241
DEBT-06119,CUST-06119,6277.06,0.0,0.0,21441.64,0.0,27718.7,0.0629
DEBT-06120,CUST-06120,1065.61,8090.99,0.0,23945.78,0.0,33102.38,0.0892
DEBT-06121,CUST-06121,184.79,0.0,0.0,0.0,0.0,184.79,0.001
DEBT-06122,CUST-06122,16505.28,7604.65,0.0,0.0,0.0,24109.93,0.0288
DEBT-06123,CUST-06123,1833.23,0.0,0.0,34189.33,0.0,36022.56,0.1407
DEBT-06124,CUST-06124,10554.68,0.0,0.0,12596.4,0.0,23151.08,0.0287
DEBT-06125,CUST-06125,5514.25,6701.15,0.0,0.0,0.0,12215.4,0.0306
DEBT-06126,CUST-06126,0.0,0.0,0.0,14274.01,324851.02,339125.03,0.4703
DEBT-06127,CUST-06127,7819.12,0.0,0.0,20518.85,326965.62,355303.59,0.821
DEBT-06128,CUST-06128,0.0,0.0,0.0,0.0,0.0,0.0,0.0
DEBT-06129,CUST-06129,2463.04,0.0,0.0,0.0,0.0,2463.04,0.0129
DEBT-06130,CUST-06130,0.0,0.0,0.0,0.0,0.0,0.0,0.0
DEBT-06131,CUST-06131,7206.34,0.0,0.0,0.0,421463.06,428669.4,0.9363
DEBT-06132,CUST-06132,0.0,0.0,0.0,0.0,0.0,0.0,0.0
DEBT-06133,CUST-06133,11088.08,0.0,0.0,0.0,106010.81,117098.89,0.1827
DEBT-06134,CUST-06134,0.0,0.0,0.0,0.0,225573.21,225573.21,0.2575
DEBT-06135,CUST-06135,7014.6,0.0,0.0,0.0,0.0,7014.6,0.0187
DEBT-06136,CUST-06136,9053.68,0.0,16951.21,0.0,0.0,26004.89,0.042
DEBT-06137,CUST-06137,6617.3,0.0,0.0,0.0,0.0,6617.3,0.0108
DEBT-06138,CUST-06138,1935.79,0.0,0.0,0.0,0.0,1935.79,0.0029
DEBT-06139,CUST-06139,0.0,0.0,0.0,5666.38,372522.28,378188.66,0.6275
DEBT-06140,CUST-06140,0.0,0.0,0.0,0.0,292621.27,292621.27,0.4369
DEBT-06141,CUST-06141,5818.87,0.0,0.0,0.0,0.0,5818.87,0.0091
DEBT-06142,CUST-06142,9345.59,0.0,0.0,0.0,0.0,9345.59,0.0226
DEBT-06143,CUST-06143,782.05,8664.89,38170.92,0.0,0.0,47617.86,0.2725
DEBT-06144,CUST-06144,3021.45,0.0,0.0,0.0,0.0,3021.45,0.008
DEBT-06145,CUST-06145,1454.75,8525.3,0.0,26383.19,382641.01,419004.25,0.6739
DEBT-06146,CUST-06146,0.0,0.0,0.0,0.0,366325.19,366325.19,0.7064
DEBT-06147,CUST-06147,16978.45,0.0,0.0,0.0,99218.47,116196.92,0.1002
DEBT-06148,CUST-06148,5346.82,0.0,20490.65,0.0,192870.04,218707.51,0.365
DEBT-06149,CUST-06149,0.0,21758.5,0.0,0.0,405058.75,426817.25,1.5702
DEBT-06150,CUST-06150,3916.78,6962.29,0.0,32658.71,430885.01,474422.79,0.8636
DEBT-06151,CUST-06151,13453.12,15603.07,0.0,0.0,0.0,29056.19,0.0476
DEBT-06152,CUST-06152,0.0,0.0,0.0,27609.71,0.0,27609.71,0.0314
DEBT-06153,CUST-06153,827.95,0.0,0.0,0.0,0.0,827.95,0.0023
DEBT-06154,CUST-06154,5553.1,0.0,0.0,0.0,111130.69,116683.79,0.4073
DEBT-06155,CUST-06155,0.0,0.0,26443.9,0.0,396319.79,422763.69,1.217
DEBT-06156,CUST-06156,1371.7,0.0,0.0,0.0,0.0,1371.7,0.0061
DEBT-06157,CUST-06157,0.0,0.0,0.0,18238.01,0.0,18238.01,0.0781
DEBT-06158,CUST-06158,520.37,0.0,0.0,4944.85,220022.49,225487.71,0.5975
DEBT-06159,CUST-06159,6241.47,0.0,0.0,6822.8,349911.12,362975.39,0.6833
DEBT-06160,CUST-06160,7834.52,1634.14,0.0,0.0,0.0,9468.66,0.0266
DEBT-06161,CUST-06161,2601.62,0.0,0.0,5858.49,0.0,8460.11,0.0286
DEBT-06162,CUST-06162,0.0,0.0,0.0,0.0,183075.15,183075.15,0.406
DEBT-06163,CUST-06163,1774.21,0.0,0.0,5548.89,0.0,7323.1,0.0147
DEBT-06164,CUST-06164,0.0,0.0,0.0,0.0,0.0,0.0,0.0
DEBT-06165,CUST-06165,3581.2,9338.5,0.0,0.0,0.0,12919.7,0.0486
DEBT-06166,CUST-06166,2386.38,0.0,0.0,0.0,0.0,2386.38,0.0099
DEBT-06167,CUST-06167,3329.43,6427.52,0.0,32731.47,0.0,42488.42,0.0822
DEBT-06168,CUST-06168,6080.98,0.0,0.0,0.0,0.0,6080.98,0.0113
DEBT-06169,CUST-06169,0.0,0.0,0.0,0.0,0.0,0.0,0.0
DEBT-06170,CUST-06170,5087.46,0.0,0.0,0.0,0.0,5087.46,0.0167
DEBT-06171,CUST-06171,11191.72,0.0,0.0,0.0,0.0,11191.72,0.0204
DEBT-06172,CUST-06172,11356.39,10409.29,0.0,24488.68,407409.05,453663.41,0.6037
DEBT-06173,CUST-06173,0.0,0.0,0.0,0.0,0.0,0.0,0.0
DEBT-06174,CUST-06174,2539.21,9313.88,0.0,0.0,395247.98,407101.07,0.5568
DEBT-06175,CUST-06175,7033.76,0.0,0.0,5798.86,81078.13,93910.75,0.1847
DEBT-06176,CUST-06176,12927.77,0.0,0.0,0.0,0.0,12927.77,0.0228
DEBT-06177,CUST-06177,5391.73,0.0,0.0,12110.12,353937.37,371439.22,0.6996
DEBT-06178,CUST-06178,717.51,16713.3,0.0,0.0,0.0,17430.81,0.1971
DEBT-06179,CUST-06179,7674.16,19245.19,0.0,26652.3,275764.75,329336.4,0.7954
DEBT-06180,CUST-06180,9246.24,0.0,40495.53,0.0,0.0,49741.77,0.1144
DEBT-06181,CUST-06181,5728.58,13740.26,0.0,21991.7,0.0,41460.54,0.0929
DEBT-06182,CUST-06182,0.0,0.0,0.0,0.0,0.0,0.0,0.0
DEBT-06183,CUST-06183,4114.13,0.0,17364.26,24245.36,0.0,45723.75,0.1733
DEBT-06184,CUST-06184,5466.47,1500.95,0.0,0.0,0.0,6967.42,0.0089
DEBT-06185,CUST-06185,303.03,0.0,0.0,0.0,0.0,303.03,0.0058
DEBT-06186,CUST-06186,0.0,0.0,0.0,15391.62,0.0,15391.62,0.0457
DEBT-06187,CUST-06187,12392.52,0.0,0.0,16713.49,0.0,29106.01,0.0451
DEBT-06188,CUST-06188,0.0,0.0,0.0,0.0,257109.38,257109.38,0.2188
DEBT-06189,CUST-06189,1897.18,0.0,11680.09,24909.02,0.0,38486.29,0.3266
DEBT-06190,CUST-06190,0.0,0.0,0.0,23937.77,0.0,23937.77,0.0316
DEBT-06191,CUST-06191,0.0,0.0,0.0,0.0,0.0,0.0,0.0
DEBT-06192,CUST-06192,1314.71,0.0,0.0,0.0,0.0,1314.71,0.0037
DEBT-06193,CUST-06193,1062.46,0.0,25720.06,0.0,0.0,26782.52,0.0658
DEBT-06194,CUST-06194,5756.9,14413.02,0.0,0.0,169938.26,190108.18,0.3594
DEBT-06195,CUST-06195,0.0,0.0,0.0,0.0,241303.21,241303.21,0.9183
DEBT-06196,CUST-06196,0.0,23728.48,0.0,0.0,0.0,23728.48,0.0306
DEBT-06197,CUST-06197,7375.02,0.0,0.0,0.0,224008.35,231383.37,0.5787
DEBT-06198,CUST-06198,10657.97,0.0,0.0,30152.11,0.0,40810.08,0.077
DEBT-06199,CUST-06199,9751.4,9962.63,0.0,0.0,0.0,19714.03,0.0368
DEBT-06200,CUST-06200,0.0,0.0,0.0,0.0,396508.82,396508.82,1.3466
DEBT-06201,CUST-06201,5266.75,0.0,0.0,0.0,0.0,5266.75,0.0068
DEBT-06202,CUST-06202,187.99,0.0,0.0,0.0,0.0,187.99,0.0035
DEBT-06203,CUST-06203,14076.1,7620.74,0.0,0.0,0.0,21696.84,0.032
DEBT-06204,CUST-06204,3549.23,20536.67,12858.43,0.0,0.0,36944.33,0.071
DEBT-06205,CUST-06205,6306.06,0.0,0.0,0.0,0.0,6306.06,0.0141
DEBT-06206,CUST-06206,4252.72,0.0,0.0,7362.4,0.0,11615.12,0.0569
DEBT-06207,CUST-06207,1339.75,0.0,38198.75,22515.84,0.0,62054.34,0.2667
DEBT-06208,CUST-06208,0.0,0.0,0.0,8952.4,0.0,8952.4,0.0171
DEBT-06209,CUST-06209,0.0,19194.03,13688.15,0.0,0.0,32882.18,0.0687
DEBT-06210,CUST-06210,2266.29,4873.83,0.0,0.0,0.0,7140.12,0.0177
DEBT-06211,CUST-06211,0.0,0.0,0.0,0.0,0.0,0.0,0.0
DEBT-06212,CUST-06212,4842.92,0.0,0.0,0.0,0.0,4842.92,0.0103
DEBT-06213,CUST-06213,9852.85,0.0,22581.38,17768.69,352778.91,402981.83,0.607
DEBT-06214,CUST-06214,8756.13,0.0,0.0,0.0,273586.74,282342.87,0.2729
DEBT-06215,CUST-06215,0.0,0.0,0.0,0.0,0.0,0.0,0.0
DEBT-06216,CUST-06216,5389.79,10597.97,0.0,0.0,0.0,15987.76,0.0398
DEBT-06217,CUST-06217,5060.88,0.0,0.0,0.0,0.0,5060.88,0.0182
DEBT-06218,CUST-06218,3342.32,0.0,0.0,8722.64,426097.68,438162.64,1.1681
DEBT-06219,CUST-06219,0.0,0.0,29331.58,9349.37,413415.46,452096.41,0.9672
DEBT-06220,CUST-06220,0.0,2880.81,0.0,33766.95,172908.58,209556.34,0.3232
DEBT-06221,CUST-06221,8179.12,8672.04,0.0,29637.84,0.0,46489.0,0.0905
DEBT-06222,CUST-06222,5142.15,0.0,0.0,0.0,0.0,5142.15,0.0092
DEBT-06223,CUST-06223,13042.62,0.0,0.0,0.0,0.0,13042.62,0.0155
DEBT-06224,CUST-06224,12162.18,0.0,0.0,0.0,0.0,12162.18,0.0154
DEBT-06225,CUST-06225,5510.25,0.0,0.0,0.0,0.0,5510.25,0.0132
DEBT-06226,CUST-06226,6309.29,0.0,0.0,26456.52,294965.78,327731.59,0.641
DEBT-06227,CUST-06227,0.0,0.0,34873.42,0.0,236246.28,271119.7,0.4228
DEBT-06228,CUST-06228,6388.77,0.0,0.0,28699.03,418920.56,454008.36,0.9393
DEBT-06229,CUST-06229,11917.61,0.0,0.0,0.0,244517.16,256434.77,0.2461
DEBT-06230,CUST-06230,11795.28,0.0,0.0,24720.82,0.0,36516.1,0.0454
DEBT-06231,CUST-06231,1791.24,21028.55,0.0,0.0,423268.5,446088.29,0.7878
DEBT-06232,CUST-06232,0.0,0.0,0.0,0.0,0.0,0.0,0.0
DEBT-06233,CUST-06233,0.0,0.0,0.0,0.0,0.0,0.0,0.0
DEBT-06234,CUST-06234,5921.49,0.0,0.0,0.0,134092.07,140013.56,0.1749
DEBT-06235,CUST-06235,0.0,24514.16,0.0,0.0,0.0,24514.16,0.0415
DEBT-06236,CUST-06236,11822.71,0.0,0.0,0.0,0.0,11822.71,0.0164
DEBT-06237,CUST-06237,3024.69,5592.52,22794.84,4746.62,161993.63,198152.3,0.3551
DEBT-06238,CUST-06238,7293.96,7782.25,0.0,0.0,230679.09,245755.3,0.7311
DEBT-06239,CUST-06239,6082.11,0.0,18824.0,0.0,0.0,24906.11,0.0857
DEBT-06240,CUST-06240,4611.36,0.0,0.0,0.0,0.0,4611.36,0.011
DEBT-06241,CUST-06241,150.45,0.0,0.0,25603.72,0.0,25754.17,0.1039
DEBT-06242,CUST-06242,2538.68,0.0,26540.3,0.0,0.0,29078.98,0.231
DEBT-06243,CUST-06243,794.37,0.0,11059.17,0.0,0.0,11853.54,0.011
DEBT-06244,CUST-06244,11750.84,0.0,0.0,0.0,0.0,11750.84,0.0172
DEBT-06245,CUST-06245,275.59,0.0,0.0,0.0,0.0,275.59,0.0007
DEBT-06246,CUST-06246,0.0,0.0,0.0,6940.99,0.0,6940.99,0.0137
DEBT-06247,CUST-06247,0.0,0.0,0.0,0.0,246317.19,246317.19,0.4693
DEBT-06248,CUST-06248,15662.98,0.0,0.0,0.0,0.0,15662.98,0.0227
DEBT-06249,CUST-06249,2004.9,0.0,0.0,0.0,96569.5,98574.4,0.176
DEBT-06250,CUST-06250,2964.72,0.0,0.0,24587.34,0.0,27552.06,0.0682
DEBT-06251,CUST-06251,1047.79,0.0,0.0,0.0,0.0,1047.79,0.0146
DEBT-06252,CUST-06252,3057.93,0.0,0.0,29537.92,259333.54,291929.39,0.462
DEBT-06253,CUST-06253,2474.46,0.0,0.0,0.0,367538.59,370013.05,1.1412
DEBT-06254,CUST-06254,14800.89,0.0,0.0,0.0,0.0,14800.89,0.0113
DEBT-06255,CUST-06255,6861.8,0.0,19603.64,0.0,0.0,26465.44,0.0683
DEBT-06256,CUST-06256,7194.36,0.0,0.0,31816.36,0.0,39010.72,0.0633
DEBT-06257,CUST-06257,5451.27,21738.39,0.0,0.0,307734.05,334923.71,0.6267
DEBT-06258,CUST-06258,3237.42,0.0,0.0,0.0,0.0,3237.42,0.0049
DEBT-06259,CUST-06259,4637.26,0.0,0.0,0.0,0.0,4637.26,0.0087
DEBT-06260,CUST-06260,0.0,0.0,0.0,0.0,0.0,0.0,0.0
DEBT-06261,CUST-06261,714.37,0.0,22660.94,27867.89,166530.83,217774.03,0.4948
DEBT-06262,CUST-06262,8894.55,0.0,0.0,0.0,139424.63,148319.18,0.3565
DEBT-06263,CUST-06263,8595.16,0.0,0.0,15245.99,0.0,23841.15,0.0626
DEBT-06264,CUST-06264,22709.57,0.0,0.0,20082.46,0.0,42792.03,0.0271
DEBT-06265,CUST-06265,5404.11,0.0,0.0,20145.26,0.0,25549.37,0.0319
DEBT-06266,CUST-06266,0.0,0.0,0.0,34819.46,0.0,34819.46,0.1409
DEBT-06267,CUST-06267,10363.43,0.0,0.0,14132.96,0.0,24496.39,0.0478
DEBT-06268,CUST-06268,1182.49,0.0,0.0,0.0,0.0,1182.49,0.0189
DEBT-06269,CUST-06269,6502.67,0.0,0.0,27048.87,82011.25,115562.79,0.1728
DEBT-06270,CUST-06270,2022.08,0.0,0.0,0.0,0.0,2022.08,0.0056
DEBT-06271,CUST-06271,863.74,0.0,0.0,7456.19,243924.91,252244.84,0.8246
DEBT-06272,CUST-06272,10961.47,0.0,0.0,0.0,0.0,10961.47,0.0184
DEBT-06273,CUST-06273,7417.81,0.0,25377.46,0.0,0.0,32795.27,0.066
DEBT-06274,CUST-06274,0.0,0.0,0.0,0.0,0.0,0.0,0.0
DEBT-06275,CUST-06275,1385.82,0.0,0.0,0.0,0.0,1385.82,0.0198
DEBT-06276,CUST-06276,5550.26,0.0,0.0,0.0,223778.17,229328.43,0.3132
DEBT-06277,CUST-06277,10027.79,0.0,0.0,9541.3,0.0,19569.09,0.0169
DEBT-06278,CUST-06278,5661.2,0.0,0.0,9659.43,242744.55,258065.18,0.3654
DEBT-06279,CUST-06279,1228.38,13851.34,0.0,0.0,0.0,15079.72,0.1835
DEBT-06280,CUST-06280,8934.06,0.0,0.0,0.0,289291.14,298225.2,0.7602
DEBT-06281,CUST-06281,0.0,0.0,0.0,15535.39,0.0,15535.39,0.0171
DEBT-06282,CUST-06282,6488.91,0.0,0.0,0.0,416814.34,423303.25,0.9865
DEBT-06283,CUST-06283,6635.39,0.0,0.0,6445.61,0.0,13081.0,0.0267
DEBT-06284,CUST-06284,0.0,0.0,0.0,0.0,0.0,0.0,0.0
DEBT-06285,CUST-06285,7092.48,0.0,0.0,0.0,0.0,7092.48,0.0174
DEBT-06286,CUST-06286,5529.85,0.0,0.0,24438.21,220185.88,250153.94,0.404
DEBT-06287,CUST-06287,7318.53,0.0,0.0,0.0,333009.88,340328.41,0.8252
DEBT-06288,CUST-06288,6268.84,11222.68,0.0,15918.99,0.0,33410.51,0.0639
DEBT-06289,CUST-06289,4893.31,0.0,0.0,0.0,0.0,4893.31,0.008
DEBT-06290,CUST-06290,1249.58,5099.41,0.0,0.0,0.0,6348.99,0.0268
DEBT-06291,CUST-06291,2611.83,0.0,0.0,21306.65,0.0,23918.48,0.1085
DEBT-06292,CUST-06292,21910.68,15534.76,0.0,0.0,0.0,37445.44,0.0333
DEBT-06293,CUST-06293,0.0,0.0,0.0,0.0,0.0,0.0,0.0
DEBT-06294,CUST-06294,18135.87,0.0,0.0,17049.02,0.0,35184.89,0.0294
DEBT-06295,CUST-06295,0.0,0.0,0.0,0.0,0.0,0.0,0.0
DEBT-06296,CUST-06296,6694.06,4266.91,0.0,15978.02,0.0,26938.99,0.0699
DEBT-06297,CUST-06297,0.0,0.0,0.0,20500.44,0.0,20500.44,0.0366
DEBT-06298,CUST-06298,0.0,0.0,0.0,30222.84,0.0,30222.84,0.0967
DEBT-06299,CUST-06299,5381.93,0.0,12488.05,0.0,0.0,17869.98,0.047
DEBT-06300,CUST-06300,0.0,0.0,0.0,34335.84,0.0,34335.84,0.0558
DEBT-06301,CUST-06301,0.0,0.0,0.0,0.0,0.0,0.0,0.0
DEBT-06302,CUST-06302,1900.87,0.0,0.0,0.0,0.0,1900.87,0.0093
DEBT-06303,CUST-06303,3270.79,0.0,0.0,30953.57,202780.55,237004.91,0.6062
DEBT-06304,CUST-06304,7277.63,7955.36,0.0,0.0,219945.44,235178.43,0.3252
DEBT-06305,CUST-06305,9458.07,0.0,0.0,14798.37,0.0,24256.44,0.0457
DEBT-06306,CUST-06306,18538.38,0.0,0.0,0.0,0.0,18538.38,0.0204
DEBT-06307,CUST-06307,0.0,0.0,0.0,0.0,252638.0,252638.0,0.7214
DEBT-06308,CUST-06308,1268.86,0.0,0.0,0.0,0.0,1268.86,0.0015
DEBT-06309,CUST-06309,2507.53,2385.18,0.0,0.0,0.0,4892.71,0.0096
DEBT-06310,CUST-06310,0.0,0.0,0.0,0.0,435507.74,435507.74,0.7334
DEBT-06311,CUST-06311,0.0,0.0,0.0,5434.35,0.0,5434.35,0.0097
DEBT-06312,CUST-06312,9548.39,0.0,40903.56,0.0,0.0,50451.95,0.1167
DEBT-06313,CUST-06313,12300.57,0.0,0.0,9474.0,324196.48,345971.05,0.6375
DEBT-06314,CUST-06314,0.0,0.0,0.0,25851.69,0.0,25851.69,0.0525
DEBT-06315,CUST-06315,6177.74,0.0,0.0,19489.83,0.0,25667.57,0.0367
DEBT-06316,CUST-06316,6986.68,0.0,0.0,24981.51,0.0,31968.19,0.0424
DEBT-06317,CUST-06317,0.0,16861.06,0.0,0.0,315778.23,332639.29,0.773
DEBT-06318,CUST-06318,782.27,22541.41,43465.41,32875.48,0.0,99664.57,0.2709
DEBT-06319,CUST-06319,1625.04,0.0,0.0,0.0,224800.5,226425.54,0.3156
DEBT-06320,CUST-06320,374.38,0.0,0.0,20465.35,0.0,20839.73,0.0491
DEBT-06321,CUST-06321,6054.91,0.0,0.0,0.0,0.0,6054.91,0.0195
DEBT-06322,CUST-06322,0.0,0.0,0.0,0.0,0.0,0.0,0.0
DEBT-06323,CUST-06323,0.0,0.0,0.0,31784.91,0.0,31784.91,0.1062
DEBT-06324,CUST-06324,0.0,5842.75,42476.36,0.0,430652.14,478971.25,0.7582
DEBT-06325,CUST-06325,6494.65,0.0,0.0,0.0,0.0,6494.65,0.0155
DEBT-06326,CUST-06326,0.0,21252.43,0.0,10226.58,0.0,31479.01,0.0813
DEBT-06327,CUST-06327,0.0,17864.41,0.0,0.0,0.0,17864.41,0.0258
DEBT-06328,CUST-06328,0.0,0.0,0.0,0.0,0.0,0.0,0.0
DEBT-06329,CUST-06329,3369.45,9310.65,0.0,0.0,0.0,12680.1,0.0319
DEBT-06330,CUST-06330,0.0,0.0,0.0,27198.7,0.0,27198.7,0.1595
DEBT-06331,CUST-06331,13179.69,21360.51,0.0,23041.45,0.0,57581.65,0.0922
DEBT-06332,CUST-06332,0.0,0.0,0.0,6259.09,0.0,6259.09,0.0078
DEBT-06333,CUST-06333,0.0,0.0,32214.93,0.0,167659.29,199874.22,0.3062
DEBT-06334,CUST-06334,1074.23,0.0,0.0,0.0,0.0,1074.23,0.0027
DEBT-06335,CUST-06335,0.0,8377.62,12342.18,0.0,233557.15,254276.95,0.32
DEBT-06336,CUST-06336,13409.75,7728.43,0.0,0.0,0.0,21138.18,0.0166
DEBT-06337,CUST-06337,2645.39,5576.2,0.0,0.0,0.0,8221.59,0.0176
DEBT-06338,CUST-06338,8033.58,0.0,0.0,0.0,0.0,8033.58,0.0149
DEBT-06339,CUST-06339,0.0,0.0,0.0,0.0,0.0,0.0,0.0
DEBT-06340,CUST-06340,0.0,14068.18,0.0,0.0,144160.33,158228.51,0.2398
DEBT-06341,CUST-06341,5635.5,0.0,0.0,0.0,0.0,5635.5,0.018
DEBT-06342,CUST-06342,5888.98,0.0,0.0,24028.53,140190.3,170107.81,0.2388
DEBT-06343,CUST-06343,0.0,0.0,0.0,15700.55,0.0,15700.55,0.0297
DEBT-06344,CUST-06344,20772.05,12810.07,44960.23,0.0,0.0,78542.35,0.0731
DEBT-06345,CUST-06345,7749.07,0.0,0.0,12696.61,322459.96,342905.64,0.8171
DEBT-06346,CUST-06346,7281.56,0.0,0.0,0.0,0.0,7281.56,0.0213
DEBT-06347,CUST-06347,3840.22,0.0,0.0,0.0,0.0,3840.22,0.0144
DEBT-06348,CUST-06348,812.52,0.0,0.0,25840.03,413123.96,439776.51,1.0197
DEBT-06349,CUST-06349,0.0,0.0,0.0,31336.14,0.0,31336.14,0.0569
DEBT-06350,CUST-06350,0.0,0.0,0.0,18480.62,0.0,18480.62,0.0222
DEBT-06351,CUST-06351,2759.86,0.0,0.0,0.0,401888.33,404648.19,0.7203
DEBT-06352,CUST-06352,0.0,0.0,17132.34,11890.07,0.0,29022.41,0.0904
DEBT-06353,CUST-06353,0.0,0.0,0.0,6540.17,0.0,6540.17,0.0093
DEBT-06354,CUST-06354,3736.84,24943.47,0.0,0.0,0.0,28680.31,0.1172
DEBT-06355,CUST-06355,2563.18,0.0,10745.71,0.0,0.0,13308.89,0.023
DEBT-06356,CUST-06356,0.0,0.0,0.0,0.0,0.0,0.0,0.0
DEBT-06357,CUST-06357,18893.51,0.0,0.0,9176.44,99427.44,127497.39,0.1329
DEBT-06358,CUST-06358,0.0,0.0,0.0,0.0,0.0,0.0,0.0
DEBT-06359,CUST-06359,4992.85,0.0,0.0,4775.65,435119.98,444888.48,1.1974
DEBT-06360,CUST-06360,3832.87,0.0,0.0,0.0,0.0,3832.87,0.0054
DEBT-06361,CUST-06361,734.09,7965.65,0.0,0.0,0.0,8699.74,0.0258
DEBT-06362,CUST-06362,9393.23,0.0,38193.56,0.0,0.0,47586.79,0.0845
DEBT-06363,CUST-06363,0.0,0.0,0.0,0.0,0.0,0.0,0.0
DEBT-06364,CUST-06364,0.0,0.0,0.0,0.0,0.0,0.0,0.0
DEBT-06365,CUST-06365,1751.31,5874.08,0.0,0.0,0.0,7625.39,0.0213
DEBT-06366,CUST-06366,5811.35,0.0,0.0,25986.31,0.0,31797.66,0.0797
DEBT-06367,CUST-06367,9040.97,1081.93,0.0,0.0,0.0,10122.9,0.0247
DEBT-06368,CUST-06368,12479.63,0.0,11511.87,25933.38,85727.23,135652.11,0.189
DEBT-06369,CUST-06369,5177.68,8686.01,0.0,7435.65,0.0,21299.34,0.0189
DEBT-06370,CUST-06370,0.0,0.0,0.0,18678.16,0.0,18678.16,0.0632
DEBT-06371,CUST-06371,1652.69,0.0,0.0,0.0,0.0,1652.69,0.0174
DEBT-06372,CUST-06372,14786.37,0.0,0.0,0.0,0.0,14786.37,0.0203
DEBT-06373,CUST-06373,895.31,1619.13,0.0,30227.47,0.0,32741.91,0.0748
DEBT-06374,CUST-06374,0.0,0.0,10346.14,0.0,0.0,10346.14,0.0916
DEBT-06375,CUST-06375,5658.5,22500.07,0.0,0.0,0.0,28158.57,0.0635
DEBT-06376,CUST-06376,2960.97,0.0,0.0,0.0,0.0,2960.97,0.0126
DEBT-06377,CUST-06377,2788.29,11817.01,0.0,0.0,0.0,14605.3,0.0305
DEBT-06378,CUST-06378,4652.93,0.0,0.0,0.0,0.0,4652.93,0.0085
DEBT-06379,CUST-06379,5144.36,0.0,42980.74,11249.35,0.0,59374.45,0.0662
DEBT-06380,CUST-06380,0.0,0.0,0.0,7505.1,0.0,7505.1,0.0126
DEBT-06381,CUST-06381,3524.99,12996.22,0.0,0.0,218797.82,235319.03,0.8351
DEBT-06382,CUST-06382,3032.99,0.0,0.0,12786.98,0.0,15819.97,0.0224
DEBT-06383,CUST-06383,0.0,0.0,0.0,19968.86,0.0,19968.86,0.0468
DEBT-06384,CUST-06384,11529.22,14074.68,0.0,14986.23,0.0,40590.13,0.0785
DEBT-06385,CUST-06385,0.0,24184.85,0.0,16607.81,0.0,40792.66,0.3723
DEBT-06386,CUST-06386,0.0,0.0,0.0,28833.11,414695.32,443528.43,0.8514
DEBT-06387,CUST-06387,0.0,0.0,0.0,31238.37,0.0,31238.37,0.079
DEBT-06388,CUST-06388,0.0,13416.97,0.0,0.0,0.0,13416.97,0.0154
DEBT-06389,CUST-06389,3751.08,15281.86,0.0,6816.45,0.0,25849.39,0.0581
DEBT-06390,CUST-06390,0.0,23547.93,0.0,11995.18,0.0,35543.11,0.0443
DEBT-06391,CUST-06391,0.0,0.0,0.0,0.0,0.0,0.0,0.0
DEBT-06392,CUST-06392,0.0,0.0,12681.75,0.0,0.0,12681.75,0.0242
DEBT-06393,CUST-06393,1640.69,0.0,41743.51,0.0,0.0,43384.2,0.4446
DEBT-06394,CUST-06394,3878.06,22226.3,0.0,29029.02,356583.6,411716.98,0.5774
DEBT-06395,CUST-06395,8615.66,20520.02,0.0,31034.78,0.0,60170.46,0.0831
DEBT-06396,CUST-06396,380.2,20404.61,0.0,0.0,0.0,20784.81,0.0536
DEBT-06397,CUST-06397,0.0,0.0,0.0,0.0,0.0,0.0,0.0
DEBT-06398,CUST-06398,9406.15,0.0,0.0,0.0,0.0,9406.15,0.0212
DEBT-06399,CUST-06399,10195.4,0.0,0.0,0.0,0.0,10195.4,0.0101
DEBT-06400,CUST-06400,0.0,0.0,40850.02,0.0,0.0,40850.02,0.104
DEBT-06401,CUST-06401,0.0,0.0,0.0,0.0,0.0,0.0,0.0
DEBT-06402,CUST-06402,9370.38,8742.0,39233.36,0.0,0.0,57345.74,0.1076
DEBT-06403,CUST-06403,7737.39,0.0,0.0,11724.23,382393.78,401855.4,0.8213
DEBT-06404,CUST-06404,13883.06,0.0,0.0,0.0,232863.38,246746.44,0.2289
DEBT-06405,CUST-06405,3230.67,11115.48,0.0,22345.9,0.0,36692.05,0.0735
DEBT-06406,CUST-06406,6114.72,0.0,0.0,0.0,118054.22,124168.94,0.1078
DEBT-06407,CUST-06407,1646.32,0.0,0.0,14807.61,0.0,16453.93,0.0239
DEBT-06408,CUST-06408,5265.28,0.0,0.0,0.0,0.0,5265.28,0.0116
DEBT-06409,CUST-06409,12470.37,4718.06,0.0,0.0,0.0,17188.43,0.023
DEBT-06410,CUST-06410,1275.38,0.0,0.0,0.0,0.0,1275.38,0.0068
DEBT-06411,CUST-06411,2919.4,17894.13,0.0,0.0,0.0,20813.53,0.1345
DEBT-06412,CUST-06412,1732.98,10539.11,0.0,15972.91,0.0,28245.0,0.1016
DEBT-06413,CUST-06413,3042.16,0.0,0.0,0.0,89641.69,92683.85,0.0763
DEBT-06414,CUST-06414,4484.57,16261.71,0.0,0.0,0.0,20746.28,0.0376
DEBT-06415,CUST-06415,10695.22,0.0,0.0,0.0,0.0,10695.22,0.0107
DEBT-06416,CUST-06416,2999.17,0.0,0.0,0.0,0.0,2999.17,0.0042
DEBT-06417,CUST-06417,0.0,0.0,0.0,0.0,0.0,0.0,0.0
DEBT-06418,CUST-06418,3301.72,0.0,0.0,8477.88,184945.92,196725.52,0.6808
DEBT-06419,CUST-06419,1883.82,0.0,0.0,0.0,0.0,1883.82,0.0025
DEBT-06420,CUST-06420,7769.72,0.0,0.0,0.0,0.0,7769.72,0.0178
DEBT-06421,CUST-06421,0.0,0.0,0.0,0.0,0.0,0.0,0.0
DEBT-06422,CUST-06422,4590.97,1335.49,0.0,23352.55,0.0,29279.01,0.1268
DEBT-06423,CUST-06423,0.0,0.0,0.0,0.0,0.0,0.0,0.0
DEBT-06424,CUST-06424,994.02,0.0,0.0,16636.07,0.0,17630.09,0.0815
DEBT-06425,CUST-06425,7291.36,0.0,0.0,17658.93,0.0,24950.29,0.0449
DEBT-06426,CUST-06426,8840.72,0.0,0.0,0.0,0.0,8840.72,0.0112
DEBT-06427,CUST-06427,9006.85,22640.33,0.0,0.0,0.0,31647.18,0.0423
DEBT-06428,CUST-06428,1675.38,0.0,0.0,0.0,0.0,1675.38,0.0061
DEBT-06429,CUST-06429,695.75,0.0,0.0,0.0,0.0,695.75,0.007
DEBT-06430,CUST-06430,8072.6,0.0,0.0,0.0,0.0,8072.6,0.0206
DEBT-06431,CUST-06431,29954.98,0.0,33220.56,0.0,425438.85,488614.39,0.3336
DEBT-06432,CUST-06432,3160.86,0.0,0.0,0.0,0.0,3160.86,0.0095
DEBT-06433,CUST-06433,0.0,0.0,0.0,31539.59,147028.75,178568.34,0.2079
DEBT-06434,CUST-06434,0.0,18988.5,0.0,0.0,417201.54,436190.04,1.0084
DEBT-06435,CUST-06435,1743.91,18072.11,0.0,21747.49,0.0,41563.51,0.38
DEBT-06436,CUST-06436,2694.25,0.0,0.0,0.0,0.0,2694.25,0.0035
DEBT-06437,CUST-06437,7345.54,0.0,0.0,0.0,405541.15,412886.69,1.1425
DEBT-06438,CUST-06438,7611.48,23573.43,0.0,0.0,319423.85,350608.76,0.6435
DEBT-06439,CUST-06439,9238.17,0.0,0.0,0.0,179409.65,188647.82,0.3985
DEBT-06440,CUST-06440,16221.21,9730.41,0.0,13445.46,0.0,39397.08,0.047
DEBT-06441,CUST-06441,6751.6,0.0,28858.54,0.0,0.0,35610.14,0.088
DEBT-06442,CUST-06442,10311.62,0.0,0.0,0.0,389534.86,399846.48,0.2826
DEBT-06443,CUST-06443,0.0,0.0,0.0,0.0,0.0,0.0,0.0
DEBT-06444,CUST-06444,0.0,0.0,0.0,0.0,208032.43,208032.43,0.4781
DEBT-06445,CUST-06445,7258.04,0.0,0.0,0.0,168156.07,175414.11,0.2375
DEBT-06446,CUST-06446,2754.65,0.0,32288.95,0.0,0.0,35043.6,0.0661
DEBT-06447,CUST-06447,3721.99,0.0,0.0,0.0,0.0,3721.99,0.0124
DEBT-06448,CUST-06448,1946.67,0.0,0.0,0.0,0.0,1946.67,0.0077
DEBT-06449,CUST-06449,0.0,0.0,23746.16,0.0,352701.6,376447.76,0.5721
DEBT-06450,CUST-06450,1304.61,6441.67,0.0,0.0,0.0,7746.28,0.0181
DEBT-06451,CUST-06451,590.01,0.0,27404.65,13750.23,0.0,41744.89,0.2425
DEBT-06452,CUST-06452,0.0,23202.85,0.0,17118.18,0.0,40321.03,0.0969
DEBT-06453,CUST-06453,0.0,0.0,0.0,0.0,289517.38,289517.38,0.2731
DEBT-06454,CUST-06454,485.53,0.0,0.0,0.0,0.0,485.53,0.0013
DEBT-06455,CUST-06455,0.0,0.0,25319.71,0.0,0.0,25319.71,0.0345
DEBT-06456,CUST-06456,9481.83,0.0,0.0,0.0,0.0,9481.83,0.0111
DEBT-06457,CUST-06457,3305.84,21715.6,0.0,32899.76,426768.29,484689.49,0.7025
DEBT-06458,CUST-06458,6027.24,0.0,0.0,0.0,0.0,6027.24,0.016
DEBT-06459,CUST-06459,2747.52,0.0,0.0,15184.22,91254.61,109186.35,0.3341
DEBT-06460,CUST-06460,4071.98,0.0,0.0,0.0,0.0,4071.98,0.0196
DEBT-06461,CUST-06461,12305.86,0.0,0.0,5157.63,0.0,17463.49,0.0305
DEBT-06462,CUST-06462,2274.46,0.0,0.0,0.0,0.0,2274.46,0.0037
DEBT-06463,CUST-06463,1512.51,0.0,14637.41,0.0,0.0,16149.92,0.1153
DEBT-06464,CUST-06464,0.0,0.0,0.0,0.0,0.0,0.0,0.0
DEBT-06465,CUST-06465,0.0,5552.82,0.0,9646.5,0.0,15199.32,0.038
DEBT-06466,CUST-06466,11200.68,12074.9,0.0,0.0,203253.41,226528.99,0.3763
DEBT-06467,CUST-06467,12694.55,24999.18,0.0,0.0,0.0,37693.73,0.0673
DEBT-06468,CUST-06468,894.99,0.0,0.0,16048.89,0.0,16943.88,0.0283
DEBT-06469,CUST-06469,5401.8,0.0,27827.94,0.0,128322.88,161552.62,0.2891
DEBT-06470,CUST-06470,3554.56,0.0,0.0,0.0,0.0,3554.56,0.0077
DEBT-06471,CUST-06471,796.64,0.0,0.0,0.0,0.0,796.64,0.0065
DEBT-06472,CUST-06472,6340.07,0.0,0.0,27777.82,0.0,34117.89,0.1043
DEBT-06473,CUST-06473,1196.3,0.0,0.0,0.0,0.0,1196.3,0.0036
DEBT-06474,CUST-06474,0.0,0.0,21369.09,0.0,0.0,21369.09,0.0301
DEBT-06475,CUST-06475,1441.29,0.0,0.0,9650.23,0.0,11091.52,0.0183
DEBT-06476,CUST-06476,5800.66,0.0,0.0,0.0,0.0,5800.66,0.0074
DEBT-06477,CUST-06477,3504.35,0.0,0.0,33050.69,0.0,36555.04,0.099
DEBT-06478,CUST-06478,3441.6,0.0,0.0,0.0,0.0,3441.6,0.0047
DEBT-06479,CUST-06479,18136.55,24834.86,0.0,0.0,0.0,42971.41,0.0432
DEBT-06480,CUST-06480,1276.18,0.0,0.0,0.0,0.0,1276.18,0.0159
DEBT-06481,CUST-06481,5756.13,0.0,0.0,10968.69,0.0,16724.82,0.0192
DEBT-06482,CUST-06482,3983.44,15159.99,0.0,0.0,0.0,19143.43,0.047
DEBT-06483,CUST-06483,3719.0,0.0,0.0,0.0,0.0,3719.0,0.008
DEBT-06484,CUST-06484,0.0,0.0,0.0,0.0,0.0,0.0,0.0
DEBT-06485,CUST-06485,2431.51,0.0,0.0,0.0,0.0,2431.51,0.0075
DEBT-06486,CUST-06486,0.0,0.0,0.0,0.0,181460.05,181460.05,0.3013
DEBT-06487,CUST-06487,0.0,0.0,0.0,0.0,0.0,0.0,0.0
DEBT-06488,CUST-06488,0.0,0.0,0.0,28723.97,0.0,28723.97,0.0573
DEBT-06489,CUST-06489,2712.99,8320.25,0.0,0.0,0.0,11033.24,0.0218
DEBT-06490,CUST-06490,0.0,0.0,0.0,28979.91,0.0,28979.91,0.0575
DEBT-06491,CUST-06491,11204.81,2820.08,0.0,12441.15,303355.55,329821.59,0.4492
DEBT-06492,CUST-06492,0.0,0.0,0.0,28367.98,0.0,28367.98,0.0959
DEBT-06493,CUST-06493,6814.19,0.0,0.0,0.0,0.0,6814.19,0.0118
DEBT-06494,CUST-06494,834.54,0.0,40262.47,18735.47,0.0,59832.48,0.8366
DEBT-06495,CUST-06495,0.0,0.0,0.0,22535.1,221885.65,244420.75,0.2234
DEBT-06496,CUST-06496,11144.92,0.0,0.0,24340.18,0.0,35485.1,0.0546
DEBT-06497,CUST-06497,0.0,0.0,0.0,6117.81,0.0,6117.81,0.0073
DEBT-06498,CUST-06498,2271.61,0.0,0.0,0.0,0.0,2271.61,0.0098
DEBT-06499,CUST-06499,12547.65,5143.12,24873.39,0.0,0.0,42564.16,0.0632
DEBT-06500,CUST-06500,0.0,0.0,0.0,0.0,0.0,0.0,0.0
DEBT-06501,CUST-06501,2170.4,16564.91,0.0,0.0,0.0,18735.31,0.0481
DEBT-06502,CUST-06502,11060.1,0.0,0.0,0.0,0.0,11060.1,0.0217
DEBT-06503,CUST-06503,4831.24,0.0,0.0,0.0,0.0,4831.24,0.0139
DEBT-06504,CUST-06504,3599.78,0.0,0.0,0.0,0.0,3599.78,0.0071
DEBT-06505,CUST-06505,4398.97,0.0,0.0,0.0,0.0,4398.97,0.0169
DEBT-06506,CUST-06506,8600.65,0.0,24323.31,21824.95,0.0,54748.91,0.0954
DEBT-06507,CUST-06507,0.0,0.0,43542.42,0.0,168979.73,212522.15,0.4104
DEBT-06508,CUST-06508,5016.14,0.0,0.0,0.0,422482.65,427498.79,1.2034
DEBT-06509,CUST-06509,0.0,15908.13,0.0,0.0,0.0,15908.13,0.0179
DEBT-06510,CUST-06510,3917.88,0.0,0.0,0.0,0.0,3917.88,0.0142
DEBT-06511,CUST-06511,2091.71,4513.71,0.0,0.0,0.0,6605.42,0.0721
DEBT-06512,CUST-06512,0.0,18554.75,0.0,14762.41,0.0,33317.16,0.126
DEBT-06513,CUST-06513,8542.6,0.0,0.0,20062.19,0.0,28604.79,0.035
DEBT-06514,CUST-06514,3152.77,0.0,0.0,0.0,0.0,3152.77,0.0203
DEBT-06515,CUST-06515,4978.1,10347.5,0.0,32507.3,0.0,47832.9,0.0791
DEBT-06516,CUST-06516,1851.07,17001.01,0.0,0.0,0.0,18852.08,0.0483
DEBT-06517,CUST-06517,4576.63,0.0,0.0,0.0,0.0,4576.63,0.0163
DEBT-06518,CUST-06518,1661.9,23805.9,0.0,22589.26,0.0,48057.06,0.4031
DEBT-06519,CUST-06519,2859.23,0.0,0.0,18012.7,0.0,20871.93,0.1448
DEBT-06520,CUST-06520,0.0,6559.95,0.0,0.0,0.0,6559.95,0.0297
DEBT-06521,CUST-06521,0.0,10847.53,42665.47,0.0,0.0,53513.0,0.107
DEBT-06522,CUST-06522,10994.95,0.0,0.0,0.0,0.0,10994.95,0.0191
DEBT-06523,CUST-06523,0.0,0.0,0.0,0.0,411404.57,411404.57,1.1113
DEBT-06524,CUST-06524,6140.33,16722.15,0.0,0.0,215824.6,238687.08,0.5233
DEBT-06525,CUST-06525,0.0,0.0,0.0,0.0,306195.51,306195.51,1.1913
DEBT-06526,CUST-06526,7310.74,0.0,0.0,0.0,0.0,7310.74,0.018
DEBT-06527,CUST-06527,0.0,7869.23,10635.31,30934.41,0.0,49438.95,0.0779
DEBT-06528,CUST-06528,9830.95,0.0,0.0,32058.33,0.0,41889.28,0.0909
DEBT-06529,CUST-06529,7645.93,0.0,0.0,0.0,93300.98,100946.91,0.2514
DEBT-06530,CUST-06530,21229.82,0.0,0.0,0.0,0.0,21229.82,0.0217
DEBT-06531,CUST-06531,10512.95,0.0,0.0,0.0,0.0,10512.95,0.0219
DEBT-06532,CUST-06532,6870.53,0.0,36999.23,22938.16,435115.64,501923.56,0.7696
DEBT-06533,CUST-06533,10665.12,0.0,0.0,17408.23,0.0,28073.35,0.0577
DEBT-06534,CUST-06534,0.0,0.0,0.0,0.0,0.0,0.0,0.0
DEBT-06535,CUST-06535,1589.78,0.0,0.0,0.0,0.0,1589.78,0.0079
DEBT-06536,CUST-06536,8339.82,0.0,0.0,0.0,0.0,8339.82,0.0174
DEBT-06537,CUST-06537,1341.44,0.0,0.0,0.0,171719.03,173060.47,0.4759
DEBT-06538,CUST-06538,0.0,0.0,0.0,0.0,0.0,0.0,0.0
DEBT-06539,CUST-06539,3063.19,0.0,7236.86,28956.7,0.0,39256.75,0.2766
DEBT-06540,CUST-06540,0.0,0.0,19752.62,8428.54,86110.4,114291.56,0.2546
DEBT-06541,CUST-06541,8582.09,0.0,0.0,0.0,0.0,8582.09,0.0205
DEBT-06542,CUST-06542,8667.21,0.0,0.0,0.0,347056.31,355723.52,0.932
DEBT-06543,CUST-06543,18232.99,1636.9,0.0,0.0,198094.22,217964.11,0.2696
DEBT-06544,CUST-06544,0.0,0.0,0.0,33868.09,0.0,33868.09,0.0653
DEBT-06545,CUST-06545,1932.34,3248.08,0.0,0.0,0.0,5180.42,0.0152
DEBT-06546,CUST-06546,5502.74,0.0,0.0,15294.73,0.0,20797.47,0.0358
DEBT-06547,CUST-06547,16594.58,0.0,0.0,0.0,105080.28,121674.86,0.1432
DEBT-06548,CUST-06548,14577.2,0.0,0.0,0.0,0.0,14577.2,0.0203
DEBT-06549,CUST-06549,0.0,0.0,0.0,13423.65,0.0,13423.65,0.0418
DEBT-06550,CUST-06550,1648.52,18384.27,0.0,0.0,0.0,20032.79,0.1886
DEBT-06551,CUST-06551,1322.98,18504.53,0.0,0.0,0.0,19827.51,0.0537
DEBT-06552,CUST-06552,4674.03,18844.92,0.0,0.0,0.0,23518.95,0.0552
DEBT-06553,CUST-06553,7199.99,0.0,0.0,33840.28,0.0,41040.27,0.1299
DEBT-06554,CUST-06554,0.0,0.0,0.0,0.0,0.0,0.0,0.0
DEBT-06555,CUST-06555,1580.99,0.0,0.0,0.0,0.0,1580.99,0.005
DEBT-06556,CUST-06556,0.0,0.0,0.0,0.0,0.0,0.0,0.0
DEBT-06557,CUST-06557,1400.95,0.0,0.0,8798.67,250898.05,261097.67,0.7273
DEBT-06558,CUST-06558,6381.98,0.0,0.0,7672.23,0.0,14054.21,0.033
DEBT-06559,CUST-06559,7133.0,0.0,0.0,0.0,0.0,7133.0,0.017
DEBT-06560,CUST-06560,4434.78,22607.58,0.0,0.0,0.0,27042.36,0.0558
DEBT-06561,CUST-06561,0.0,0.0,0.0,0.0,0.0,0.0,0.0
DEBT-06562,CUST-06562,4585.68,0.0,0.0,28268.96,0.0,32854.64,0.0869
DEBT-06563,CUST-06563,2443.63,0.0,0.0,34651.57,0.0,37095.2,0.2014
DEBT-06564,CUST-06564,0.0,0.0,0.0,34274.97,0.0,34274.97,0.0928
DEBT-06565,CUST-06565,0.0,0.0,5620.45,0.0,310932.42,316552.87,0.447
DEBT-06566,CUST-06566,1085.91,0.0,0.0,11921.31,0.0,13007.22,0.0199
DEBT-06567,CUST-06567,0.0,0.0,0.0,0.0,0.0,0.0,0.0
DEBT-06568,CUST-06568,0.0,0.0,0.0,0.0,298458.73,298458.73,0.2487
DEBT-06569,CUST-06569,0.0,0.0,0.0,5569.76,0.0,5569.76,0.0108
DEBT-06570,CUST-06570,0.0,0.0,0.0,26096.11,0.0,26096.11,0.2998
DEBT-06571,CUST-06571,6175.74,15659.59,0.0,34441.73,0.0,56277.06,0.115
DEBT-06572,CUST-06572,8562.96,0.0,0.0,26698.01,0.0,35260.97,0.0943
DEBT-06573,CUST-06573,0.0,0.0,0.0,0.0,0.0,0.0,0.0
DEBT-06574,CUST-06574,1462.99,0.0,0.0,0.0,303394.29,304857.28,0.8187
DEBT-06575,CUST-06575,3066.16,0.0,43560.65,10650.43,0.0,57277.24,0.1079
DEBT-06576,CUST-06576,0.0,0.0,0.0,32532.32,293426.08,325958.4,0.7595
DEBT-06577,CUST-06577,13476.47,0.0,0.0,32131.79,220300.13,265908.39,0.4304
DEBT-06578,CUST-06578,8130.01,18867.76,29615.57,4576.63,215177.76,276367.73,0.4499
DEBT-06579,CUST-06579,210.39,0.0,0.0,29471.59,0.0,29681.98,0.2838
DEBT-06580,CUST-06580,0.0,17682.59,0.0,5993.08,272058.06,295733.73,1.0036
DEBT-06581,CUST-06581,0.0,2011.6,0.0,0.0,250262.56,252274.16,0.4572
DEBT-06582,CUST-06582,1273.0,0.0,0.0,0.0,0.0,1273.0,0.0019
DEBT-06583,CUST-06583,0.0,0.0,0.0,0.0,0.0,0.0,0.0
DEBT-06584,CUST-06584,0.0,0.0,0.0,0.0,0.0,0.0,0.0
DEBT-06585,CUST-06585,361.73,0.0,0.0,22459.81,408782.48,431604.02,1.2031
DEBT-06586,CUST-06586,1761.24,0.0,0.0,0.0,0.0,1761.24,0.0052
DEBT-06587,CUST-06587,561.33,0.0,0.0,28422.39,0.0,28983.72,0.1165
DEBT-06588,CUST-06588,0.0,0.0,0.0,0.0,0.0,0.0,0.0
DEBT-06589,CUST-06589,6192.18,0.0,0.0,26553.7,0.0,32745.88,0.0594
DEBT-06590,CUST-06590,2433.99,0.0,0.0,0.0,0.0,2433.99,0.0078
DEBT-06591,CUST-06591,17413.92,0.0,0.0,0.0,0.0,17413.92,0.0163
DEBT-06592,CUST-06592,17079.2,0.0,0.0,0.0,370499.86,387579.06,0.5217
DEBT-06593,CUST-06593,0.0,0.0,0.0,15114.59,0.0,15114.59,0.0262
DEBT-06594,CUST-06594,0.0,0.0,0.0,0.0,0.0,0.0,0.0
DEBT-06595,CUST-06595,2491.59,0.0,0.0,0.0,0.0,2491.59,0.0103
DEBT-06596,CUST-06596,5387.7,15738.17,0.0,0.0,0.0,21125.87,0.0421
DEBT-06597,CUST-06597,0.0,0.0,0.0,8702.71,0.0,8702.71,0.0202
DEBT-06598,CUST-06598,8133.19,10409.64,0.0,32953.31,0.0,51496.14,0.1423
DEBT-06599,CUST-06599,13960.48,0.0,0.0,0.0,0.0,13960.48,0.0225
DEBT-06600,CUST-06600,0.0,0.0,0.0,30466.55,0.0,30466.55,0.0529
DEBT-06601,CUST-06601,17378.05,0.0,0.0,0.0,0.0,17378.05,0.0211
DEBT-06602,CUST-06602,0.0,12015.46,0.0,32963.11,0.0,44978.57,0.0479
DEBT-06603,CUST-06603,0.0,0.0,0.0,0.0,0.0,0.0,0.0
DEBT-06604,CUST-06604,0.0,0.0,0.0,0.0,0.0,0.0,0.0
DEBT-06605,CUST-06605,0.0,0.0,0.0,17822.04,123525.07,141347.11,0.2344
DEBT-06606,CUST-06606,4332.52,0.0,18330.68,0.0,137225.19,159888.39,0.3652
DEBT-06607,CUST-06607,0.0,0.0,0.0,10794.26,258749.95,269544.21,1.0843
DEBT-06608,CUST-06608,1108.54,15334.01,0.0,0.0,0.0,16442.55,0.0783
DEBT-06609,CUST-06609,3910.71,0.0,0.0,10865.0,0.0,14775.71,0.0772
DEBT-06610,CUST-06610,0.0,9828.13,0.0,34052.04,216959.7,260839.87,0.5943
DEBT-06611,CUST-06611,2719.88,7634.35,0.0,12418.17,0.0,22772.4,0.0649
DEBT-06612,CUST-06612,1944.73,0.0,0.0,24323.55,0.0,26268.28,0.0889
DEBT-06613,CUST-06613,0.0,2851.22,0.0,0.0,0.0,2851.22,0.0098
DEBT-06614,CUST-06614,1395.31,0.0,0.0,17270.16,0.0,18665.47,0.0294
DEBT-06615,CUST-06615,0.0,0.0,24822.66,18464.37,0.0,43287.03,0.0765
DEBT-06616,CUST-06616,4496.48,0.0,0.0,30734.12,0.0,35230.6,0.0774
DEBT-06617,CUST-06617,0.0,0.0,0.0,25918.57,0.0,25918.57,0.0375
DEBT-06618,CUST-06618,0.0,13659.34,0.0,8345.18,0.0,22004.52,0.0968
DEBT-06619,CUST-06619,1112.09,0.0,27228.47,29974.62,0.0,58315.18,0.1555
DEBT-06620,CUST-06620,5330.56,0.0,0.0,6903.01,0.0,12233.57,0.0294
DEBT-06621,CUST-06621,0.0,0.0,0.0,0.0,0.0,0.0,0.0
DEBT-06622,CUST-06622,939.05,20820.94,0.0,0.0,0.0,21759.99,0.3978
DEBT-06623,CUST-06623,4618.59,15426.59,0.0,32397.54,0.0,52442.72,0.0982
DEBT-06624,CUST-06624,0.0,0.0,0.0,26287.45,0.0,26287.45,0.0614
DEBT-06625,CUST-06625,0.0,0.0,0.0,26615.82,236373.45,262989.27,0.2179
DEBT-06626,CUST-06626,0.0,13930.94,0.0,29509.78,0.0,43440.72,0.0988
DEBT-06627,CUST-06627,639.82,0.0,0.0,0.0,0.0,639.82,0.0016
DEBT-06628,CUST-06628,0.0,16595.78,0.0,28825.62,240626.3,286047.7,0.3572
DEBT-06629,CUST-06629,19941.86,0.0,0.0,0.0,430360.75,450302.61,0.4857
DEBT-06630,CUST-06630,0.0,0.0,0.0,4339.65,0.0,4339.65,0.0045
DEBT-06631,CUST-06631,5147.27,0.0,0.0,0.0,0.0,5147.27,0.0222
DEBT-06632,CUST-06632,8621.34,0.0,0.0,12178.1,0.0,20799.44,0.024
DEBT-06633,CUST-06633,659.63,0.0,0.0,0.0,409678.69,410338.32,0.719
DEBT-06634,CUST-06634,6907.76,0.0,0.0,19450.89,0.0,26358.65,0.03
DEBT-06635,CUST-06635,3189.06,10739.38,0.0,0.0,276688.8,290617.24,1.0762
DEBT-06636,CUST-06636,3090.87,0.0,44175.78,26244.09,329388.52,402899.26,0.5731
DEBT-06637,CUST-06637,16072.67,0.0,40475.08,0.0,0.0,56547.75,0.0621
DEBT-06638,CUST-06638,0.0,0.0,0.0,20121.01,0.0,20121.01,0.0204
DEBT-06639,CUST-06639,2960.87,0.0,0.0,0.0,323844.81,326805.68,1.2921
DEBT-06640,CUST-06640,0.0,0.0,0.0,0.0,0.0,0.0,0.0
DEBT-06641,CUST-06641,0.0,0.0,33894.17,0.0,0.0,33894.17,0.0364
DEBT-06642,CUST-06642,4409.63,0.0,0.0,0.0,0.0,4409.63,0.0082
DEBT-06643,CUST-06643,1144.16,23747.44,0.0,0.0,0.0,24891.6,0.0422
DEBT-06644,CUST-06644,0.0,0.0,0.0,8135.38,0.0,8135.38,0.0084
DEBT-06645,CUST-06645,0.0,6743.38,0.0,0.0,0.0,6743.38,0.0074
DEBT-06646,CUST-06646,677.75,0.0,0.0,26303.49,0.0,26981.24,0.3447
DEBT-06647,CUST-06647,5650.84,0.0,0.0,9191.71,0.0,14842.55,0.0321
DEBT-06648,CUST-06648,0.0,0.0,0.0,0.0,0.0,0.0,0.0
DEBT-06649,CUST-06649,0.0,0.0,38967.68,0.0,0.0,38967.68,0.0618
DEBT-06650,CUST-06650,0.0,0.0,0.0,0.0,398601.0,398601.0,0.5939
DEBT-06651,CUST-06651,7390.92,9721.23,0.0,0.0,0.0,17112.15,0.0502
DEBT-06652,CUST-06652,0.0,0.0,0.0,32463.69,0.0,32463.69,0.0654
DEBT-06653,CUST-06653,0.0,13688.89,0.0,0.0,0.0,13688.89,0.0379
DEBT-06654,CUST-06654,8893.38,0.0,12942.65,0.0,315222.34,337058.37,0.8432
DEBT-06655,CUST-06655,3426.03,0.0,0.0,30058.93,353051.99,386536.95,1.327
DEBT-06656,CUST-06656,12203.73,0.0,0.0,0.0,0.0,12203.73,0.0213
DEBT-06657,CUST-06657,7913.21,0.0,0.0,0.0,0.0,7913.21,0.0177
DEBT-06658,CUST-06658,0.0,0.0,0.0,7068.09,0.0,7068.09,0.0083
DEBT-06659,CUST-06659,1699.57,0.0,0.0,17345.46,0.0,19045.03,0.0802
DEBT-06660,CUST-06660,12406.72,0.0,0.0,0.0,448695.69,461102.41,0.6912
DEBT-06661,CUST-06661,3177.26,0.0,0.0,0.0,327993.81,331171.07,0.8735
DEBT-06662,CUST-06662,9622.11,0.0,0.0,0.0,0.0,9622.11,0.0189
DEBT-06663,CUST-06663,679.78,0.0,0.0,0.0,373856.35,374536.13,1.0468
DEBT-06664,CUST-06664,0.0,10266.24,0.0,15182.37,0.0,25448.61,0.0887
DEBT-06665,CUST-06665,0.0,0.0,43614.11,0.0,0.0,43614.11,0.1309
DEBT-06666,CUST-06666,1682.61,0.0,0.0,0.0,0.0,1682.61,0.0192
DEBT-06667,CUST-06667,0.0,0.0,0.0,15706.85,0.0,15706.85,0.0271
DEBT-06668,CUST-06668,0.0,0.0,0.0,0.0,153862.89,153862.89,0.137
DEBT-06669,CUST-06669,797.3,0.0,0.0,0.0,360779.27,361576.57,0.9491
DEBT-06670,CUST-06670,0.0,0.0,0.0,23941.23,0.0,23941.23,0.5746
DEBT-06671,CUST-06671,7839.66,0.0,0.0,9209.63,0.0,17049.29,0.0242
DEBT-06672,CUST-06672,17096.08,0.0,0.0,0.0,0.0,17096.08,0.0221
DEBT-06673,CUST-06673,0.0,8991.67,0.0,0.0,411077.44,420069.11,0.8722
DEBT-06674,CUST-06674,11542.15,0.0,0.0,0.0,0.0,11542.15,0.0156
DEBT-06675,CUST-06675,0.0,0.0,0.0,0.0,0.0,0.0,0.0
DEBT-06676,CUST-06676,1261.09,0.0,0.0,0.0,0.0,1261.09,0.0055
DEBT-06677,CUST-06677,0.0,9921.95,0.0,0.0,0.0,9921.95,0.0459
DEBT-06678,CUST-06678,2781.09,0.0,0.0,13882.27,0.0,16663.36,0.1123
DEBT-06679,CUST-06679,6401.66,15042.56,0.0,32496.43,0.0,53940.65,0.1426
DEBT-06680,CUST-06680,12342.61,11875.49,0.0,0.0,0.0,24218.1,0.0448
DEBT-06681,CUST-06681,2931.76,0.0,0.0,0.0,0.0,2931.76,0.0109
DEBT-06682,CUST-06682,0.0,0.0,0.0,8423.52,0.0,8423.52,0.0177
DEBT-06683,CUST-06683,549.93,20298.42,0.0,33590.87,0.0,54439.22,0.1061
DEBT-06684,CUST-06684,6234.04,3637.64,0.0,0.0,0.0,9871.68,0.0221
DEBT-06685,CUST-06685,2575.01,0.0,0.0,0.0,0.0,2575.01,0.0081
DEBT-06686,CUST-06686,8133.45,0.0,0.0,31234.63,0.0,39368.08,0.0779
DEBT-06687,CUST-06687,7472.25,17230.61,39136.07,0.0,0.0,63838.93,0.1047
DEBT-06688,CUST-06688,1425.94,0.0,0.0,21175.77,0.0,22601.71,0.073
DEBT-06689,CUST-06689,8289.38,7461.66,0.0,0.0,0.0,15751.04,0.0429
DEBT-06690,CUST-06690,0.0,0.0,0.0,0.0,0.0,0.0,0.0
DEBT-06691,CUST-06691,0.0,0.0,0.0,6446.19,0.0,6446.19,0.0076
DEBT-06692,CUST-06692,3885.29,0.0,0.0,0.0,0.0,3885.29,0.0054
DEBT-06693,CUST-06693,1476.77,15288.57,0.0,0.0,0.0,16765.34,0.0227
DEBT-06694,CUST-06694,1699.15,0.0,0.0,0.0,0.0,1699.15,0.0059
DEBT-06695,CUST-06695,4771.97,0.0,0.0,0.0,0.0,4771.97,0.0105
DEBT-06696,CUST-06696,433.87,0.0,0.0,0.0,0.0,433.87,0.0021
DEBT-06697,CUST-06697,7585.76,7722.9,0.0,0.0,0.0,15308.66,0.0302
DEBT-06698,CUST-06698,4174.31,21039.87,0.0,34839.09,0.0,60053.27,0.1803
DEBT-06699,CUST-06699,0.0,0.0,31636.38,6979.53,0.0,38615.91,0.1043
DEBT-06700,CUST-06700,952.67,0.0,0.0,0.0,355611.99,356564.66,0.7634
DEBT-06701,CUST-06701,10801.66,0.0,41874.77,0.0,0.0,52676.43,0.0984
DEBT-06702,CUST-06702,911.72,0.0,0.0,0.0,0.0,911.72,0.0012
DEBT-06703,CUST-06703,6893.72,0.0,0.0,0.0,0.0,6893.72,0.0068
DEBT-06704,CUST-06704,9300.73,0.0,0.0,21529.88,93210.57,124041.18,0.3032
DEBT-06705,CUST-06705,0.0,0.0,12986.78,0.0,120997.77,133984.55,0.2615
DEBT-06706,CUST-06706,0.0,1752.96,0.0,0.0,0.0,1752.96,0.0031
DEBT-06707,CUST-06707,16033.68,0.0,0.0,0.0,0.0,16033.68,0.0208
DEBT-06708,CUST-06708,0.0,0.0,38461.55,0.0,176996.75,215458.3,0.3807
DEBT-06709,CUST-06709,1948.13,0.0,0.0,0.0,0.0,1948.13,0.0025
DEBT-06710,CUST-06710,983.5,0.0,0.0,0.0,0.0,983.5,0.0034
DEBT-06711,CUST-06711,5964.66,0.0,0.0,18901.33,90809.34,115675.33,0.2157
DEBT-06712,CUST-06712,0.0,0.0,0.0,0.0,0.0,0.0,0.0
DEBT-06713,CUST-06713,22459.2,0.0,0.0,0.0,0.0,22459.2,0.0214
DEBT-06714,CUST-06714,9504.76,0.0,0.0,0.0,0.0,9504.76,0.0153
DEBT-06715,CUST-06715,6416.74,0.0,0.0,0.0,443170.51,449587.25,1.4976
DEBT-06716,CUST-06716,2636.06,19376.33,0.0,34295.32,0.0,56307.71,0.1077
DEBT-06717,CUST-06717,1585.67,0.0,0.0,0.0,0.0,1585.67,0.0032
DEBT-06718,CUST-06718,2411.03,0.0,0.0,0.0,0.0,2411.03,0.0117
DEBT-06719,CUST-06719,329.48,0.0,0.0,29898.62,408202.29,438430.39,1.0021
DEBT-06720,CUST-06720,0.0,0.0,0.0,0.0,216468.05,216468.05,0.4498
DEBT-06721,CUST-06721,9266.09,0.0,0.0,29573.22,0.0,38839.31,0.03
DEBT-06722,CUST-06722,5058.05,0.0,0.0,21461.81,0.0,26519.86,0.0489
DEBT-06723,CUST-06723,0.0,0.0,0.0,0.0,235181.06,235181.06,0.2834
DEBT-06724,CUST-06724,2055.7,0.0,0.0,11967.43,0.0,14023.13,0.0455
DEBT-06725,CUST-06725,15457.77,4423.52,0.0,0.0,0.0,19881.29,0.028
DEBT-06726,CUST-06726,198.67,0.0,24373.25,0.0,0.0,24571.92,0.0882
DEBT-06727,CUST-06727,0.0,0.0,0.0,14888.28,0.0,14888.28,0.0358
DEBT-06728,CUST-06728,7625.22,0.0,0.0,0.0,409364.91,416990.13,0.9108
DEBT-06729,CUST-06729,2832.89,0.0,0.0,6532.37,0.0,9365.26,0.0189
DEBT-06730,CUST-06730,0.0,14150.8,0.0,0.0,0.0,14150.8,0.0358
DEBT-06731,CUST-06731,0.0,0.0,24415.02,0.0,0.0,24415.02,0.0563
DEBT-06732,CUST-06732,9216.93,0.0,0.0,0.0,0.0,9216.93,0.0203
DEBT-06733,CUST-06733,21726.92,0.0,30785.64,0.0,296606.35,349118.91,0.368
DEBT-06734,CUST-06734,3693.41,0.0,0.0,0.0,0.0,3693.41,0.0122
DEBT-06735,CUST-06735,19771.44,6708.25,9836.45,0.0,0.0,36316.14,0.0382
DEBT-06736,CUST-06736,3931.05,0.0,0.0,15003.39,0.0,18934.44,0.0641
DEBT-06737,CUST-06737,5436.7,0.0,0.0,0.0,0.0,5436.7,0.0063
DEBT-06738,CUST-06738,0.0,0.0,0.0,0.0,0.0,0.0,0.0
DEBT-06739,CUST-06739,2604.26,0.0,0.0,0.0,0.0,2604.26,0.0076
DEBT-06740,CUST-06740,1562.89,0.0,0.0,0.0,0.0,1562.89,0.0219
DEBT-06741,CUST-06741,0.0,0.0,0.0,0.0,0.0,0.0,0.0
DEBT-06742,CUST-06742,1275.03,0.0,0.0,0.0,0.0,1275.03,0.005
DEBT-06743,CUST-06743,7510.1,0.0,31241.66,0.0,87999.49,126751.25,0.23
DEBT-06744,CUST-06744,20329.52,16072.81,0.0,0.0,0.0,36402.33,0.0411
DEBT-06745,CUST-06745,0.0,0.0,0.0,0.0,0.0,0.0,0.0
DEBT-06746,CUST-06746,2054.33,21330.32,0.0,0.0,250323.58,273708.23,0.4558
DEBT-06747,CUST-06747,9782.29,0.0,0.0,8214.19,0.0,17996.48,0.0332
DEBT-06748,CUST-06748,6248.79,12893.48,0.0,0.0,189490.44,208632.71,0.2275
DEBT-06749,CUST-06749,7349.81,0.0,0.0,33806.13,0.0,41155.94,0.111
DEBT-06750,CUST-06750,0.0,4223.07,0.0,0.0,0.0,4223.07,0.0312
DEBT-06751,CUST-06751,0.0,0.0,0.0,15319.69,360526.25,375845.94,0.4068
DEBT-06752,CUST-06752,5556.03,0.0,0.0,0.0,392228.75,397784.78,0.2763
DEBT-06753,CUST-06753,3431.69,6849.38,0.0,16922.64,321696.44,348900.15,0.9049
DEBT-06754,CUST-06754,0.0,0.0,0.0,0.0,0.0,0.0,0.0
DEBT-06755,CUST-06755,0.0,12907.04,0.0,11621.25,0.0,24528.29,0.124
DEBT-06756,CUST-06756,6189.27,0.0,0.0,27385.47,0.0,33574.74,0.0681
DEBT-06757,CUST-06757,1945.92,9086.9,0.0,0.0,0.0,11032.82,0.0894
DEBT-06758,CUST-06758,0.0,14390.88,0.0,0.0,0.0,14390.88,0.044
DEBT-06759,CUST-06759,5857.3,0.0,0.0,33274.01,0.0,39131.31,0.0596
DEBT-06760,CUST-06760,7429.1,0.0,39821.22,0.0,0.0,47250.32,0.1152
DEBT-06761,CUST-06761,0.0,9945.85,0.0,0.0,0.0,9945.85,0.0164
DEBT-06762,CUST-06762,1996.07,0.0,0.0,27517.02,0.0,29513.09,0.0716
DEBT-06763,CUST-06763,0.0,0.0,0.0,10732.05,0.0,10732.05,0.0113
DEBT-06764,CUST-06764,0.0,0.0,0.0,16056.46,0.0,16056.46,0.0468
DEBT-06765,CUST-06765,1132.64,1666.89,0.0,0.0,0.0,2799.53,0.0222
DEBT-06766,CUST-06766,2856.95,0.0,0.0,0.0,0.0,2856.95,0.0088
DEBT-06767,CUST-06767,2839.13,0.0,0.0,31430.56,0.0,34269.69,0.0925
DEBT-06768,CUST-06768,620.78,0.0,0.0,29722.14,0.0,30342.92,0.3686
DEBT-06769,CUST-06769,3430.27,8230.88,0.0,0.0,0.0,11661.15,0.0266
DEBT-06770,CUST-06770,0.0,0.0,0.0,0.0,0.0,0.0,0.0
DEBT-06771,CUST-06771,4072.11,0.0,0.0,0.0,0.0,4072.11,0.0101
DEBT-06772,CUST-06772,1960.22,3512.67,0.0,7563.84,280074.98,293111.71,0.5174
DEBT-06773,CUST-06773,2402.79,21722.84,0.0,0.0,0.0,24125.63,0.1434
DEBT-06774,CUST-06774,5004.77,14615.79,0.0,29742.85,134899.86,184263.27,0.314
DEBT-06775,CUST-06775,0.0,0.0,0.0,0.0,0.0,0.0,0.0
DEBT-06776,CUST-06776,0.0,0.0,0.0,0.0,0.0,0.0,0.0
DEBT-06777,CUST-06777,9175.3,0.0,0.0,0.0,0.0,9175.3,0.0208
DEBT-06778,CUST-06778,0.0,0.0,0.0,0.0,0.0,0.0,0.0
DEBT-06779,CUST-06779,0.0,3381.45,0.0,0.0,0.0,3381.45,0.0066
DEBT-06780,CUST-06780,3281.89,22414.92,0.0,13442.61,0.0,39139.42,0.1181
DEBT-06781,CUST-06781,10554.05,0.0,0.0,0.0,0.0,10554.05,0.0161
DEBT-06782,CUST-06782,10083.72,0.0,0.0,20859.03,0.0,30942.75,0.0317
DEBT-06783,CUST-06783,788.39,0.0,0.0,0.0,0.0,788.39,0.0015
DEBT-06784,CUST-06784,0.0,0.0,0.0,0.0,0.0,0.0,0.0
DEBT-06785,CUST-06785,14655.85,0.0,0.0,6698.69,0.0,21354.54,0.024
DEBT-06786,CUST-06786,0.0,0.0,0.0,0.0,0.0,0.0,0.0
DEBT-06787,CUST-06787,15358.42,0.0,36066.9,0.0,0.0,51425.32,0.0706
DEBT-06788,CUST-06788,20350.81,4033.31,0.0,0.0,384054.38,408438.5,0.3677
DEBT-06789,CUST-06789,0.0,0.0,0.0,11891.09,425748.41,437639.5,0.7815
DEBT-06790,CUST-06790,657.32,0.0,0.0,0.0,239160.21,239817.53,0.874
DEBT-06791,CUST-06791,13265.84,0.0,0.0,0.0,0.0,13265.84,0.0189
DEBT-06792,CUST-06792,0.0,15318.02,0.0,14427.44,0.0,29745.46,0.0576
DEBT-06793,CUST-06793,0.0,0.0,0.0,0.0,0.0,0.0,0.0
DEBT-06794,CUST-06794,6914.52,9870.5,17389.29,0.0,0.0,34174.31,0.0777
DEBT-06795,CUST-06795,0.0,0.0,12499.65,0.0,0.0,12499.65,0.0224
DEBT-06796,CUST-06796,2567.07,0.0,0.0,0.0,0.0,2567.07,0.0025
DEBT-06797,CUST-06797,0.0,0.0,0.0,0.0,0.0,0.0,0.0
DEBT-06798,CUST-06798,7613.19,0.0,0.0,28243.28,292095.57,327952.04,0.6894
DEBT-06799,CUST-06799,31343.7,12372.04,0.0,0.0,0.0,43715.74,0.0295
DEBT-06800,CUST-06800,5897.47,12971.89,0.0,0.0,257119.61,275988.97,0.4608
DEBT-06801,CUST-06801,0.0,0.0,0.0,8603.55,0.0,8603.55,0.0116
DEBT-06802,CUST-06802,0.0,0.0,0.0,0.0,0.0,0.0,0.0
DEBT-06803,CUST-06803,6093.05,0.0,0.0,0.0,0.0,6093.05,0.0156
DEBT-06804,CUST-06804,997.4,0.0,0.0,0.0,0.0,997.4,0.0038
DEBT-06805,CUST-06805,5503.65,7189.97,0.0,0.0,199439.78,212133.4,0.5426
DEBT-06806,CUST-06806,5366.33,0.0,0.0,0.0,0.0,5366.33,0.0186
DEBT-06807,CUST-06807,7033.41,0.0,0.0,0.0,0.0,7033.41,0.0126
DEBT-06808,CUST-06808,0.0,18277.27,0.0,8422.84,0.0,26700.11,0.0861
DEBT-06809,CUST-06809,11842.73,0.0,0.0,0.0,0.0,11842.73,0.0202
DEBT-06810,CUST-06810,6208.53,0.0,0.0,0.0,0.0,6208.53,0.013
DEBT-06811,CUST-06811,1005.35,0.0,0.0,0.0,0.0,1005.35,0.0054
DEBT-06812,CUST-06812,0.0,3711.42,0.0,0.0,427486.81,431198.23,0.6396
DEBT-06813,CUST-06813,922.88,0.0,0.0,0.0,0.0,922.88,0.0019
DEBT-06814,CUST-06814,0.0,0.0,0.0,0.0,0.0,0.0,0.0
DEBT-06815,CUST-06815,11440.63,19855.94,0.0,0.0,0.0,31296.57,0.0372
DEBT-06816,CUST-06816,652.58,0.0,0.0,0.0,0.0,652.58,0.0021
DEBT-06817,CUST-06817,6934.25,0.0,0.0,0.0,0.0,6934.25,0.0212
DEBT-06818,CUST-06818,0.0,18834.02,0.0,18545.57,0.0,37379.59,0.1059
DEBT-06819,CUST-06819,1566.93,0.0,0.0,0.0,0.0,1566.93,0.006
DEBT-06820,CUST-06820,466.26,0.0,0.0,11061.09,80689.39,92216.74,0.3656
DEBT-06821,CUST-06821,1365.73,0.0,0.0,12623.49,0.0,13989.22,0.0607
DEBT-06822,CUST-06822,2661.16,14225.0,0.0,0.0,0.0,16886.16,0.0418
DEBT-06823,CUST-06823,5758.11,0.0,0.0,0.0,0.0,5758.11,0.0104
DEBT-06824,CUST-06824,8246.53,0.0,0.0,25356.14,0.0,33602.67,0.0848
DEBT-06825,CUST-06825,0.0,15150.35,0.0,10209.43,0.0,25359.78,0.0332
DEBT-06826,CUST-06826,0.0,3562.91,0.0,0.0,0.0,3562.91,0.0231
DEBT-06827,CUST-06827,9905.2,0.0,0.0,15115.52,0.0,25020.72,0.0558
DEBT-06828,CUST-06828,1512.05,0.0,0.0,0.0,166417.64,167929.69,0.3377
DEBT-06829,CUST-06829,0.0,0.0,0.0,0.0,0.0,0.0,0.0
DEBT-06830,CUST-06830,6935.48,16055.74,0.0,0.0,432380.72,455371.94,0.9813
DEBT-06831,CUST-06831,0.0,0.0,0.0,0.0,0.0,0.0,0.0
DEBT-06832,CUST-06832,674.09,0.0,0.0,24347.17,0.0,25021.26,0.1159
DEBT-06833,CUST-06833,8619.72,0.0,0.0,0.0,0.0,8619.72,0.0114
DEBT-06834,CUST-06834,0.0,0.0,0.0,0.0,0.0,0.0,0.0
DEBT-06835,CUST-06835,1157.97,0.0,0.0,33616.11,0.0,34774.08,0.3703
DEBT-06836,CUST-06836,12705.13,0.0,0.0,18696.3,0.0,31401.43,0.0504
DEBT-06837,CUST-06837,8846.45,21978.17,0.0,0.0,0.0,30824.62,0.0616
DEBT-06838,CUST-06838,3340.57,0.0,0.0,12546.06,0.0,15886.63,0.0172
DEBT-06839,CUST-06839,4473.35,0.0,37756.56,0.0,421791.81,464021.72,0.9494
DEBT-06840,CUST-06840,0.0,0.0,0.0,17446.82,424166.09,441612.91,1.0795
DEBT-06841,CUST-06841,24459.43,10712.04,0.0,4499.93,0.0,39671.4,0.0269
DEBT-06842,CUST-06842,7551.06,0.0,0.0,0.0,0.0,7551.06,0.0102
DEBT-06843,CUST-06843,0.0,4699.21,0.0,20934.56,104549.56,130183.33,0.3868
DEBT-06844,CUST-06844,6393.77,0.0,0.0,0.0,331011.09,337404.86,0.6213
DEBT-06845,CUST-06845,5809.56,0.0,29989.78,0.0,253999.29,289798.63,0.6511
DEBT-06846,CUST-06846,258.91,0.0,0.0,20564.24,0.0,20823.15,0.1356
DEBT-06847,CUST-06847,0.0,0.0,0.0,26868.07,0.0,26868.07,0.0477
DEBT-06848,CUST-06848,276.23,0.0,0.0,0.0,0.0,276.23,0.0034
DEBT-06849,CUST-06849,1691.75,14492.53,0.0,28317.72,0.0,44502.0,0.1104
DEBT-06850,CUST-06850,738.11,0.0,0.0,24749.87,0.0,25487.98,0.3926
DEBT-06851,CUST-06851,4806.75,0.0,0.0,22791.99,0.0,27598.74,0.0692
DEBT-06852,CUST-06852,6509.27,0.0,0.0,31440.49,0.0,37949.76,0.1071
DEBT-06853,CUST-06853,11201.58,14024.81,0.0,11727.11,0.0,36953.5,0.0403
DEBT-06854,CUST-06854,9054.5,0.0,0.0,0.0,0.0,9054.5,0.0145
DEBT-06855,CUST-06855,10598.96,0.0,0.0,0.0,0.0,10598.96,0.0142
DEBT-06856,CUST-06856,4689.34,0.0,0.0,0.0,0.0,4689.34,0.0114
DEBT-06857,CUST-06857,10127.12,0.0,0.0,0.0,413138.88,423266.0,0.7449
DEBT-06858,CUST-06858,8032.32,0.0,0.0,0.0,0.0,8032.32,0.0174
DEBT-06859,CUST-06859,4270.15,0.0,0.0,18733.54,0.0,23003.69,0.0851
DEBT-06860,CUST-06860,8756.93,0.0,0.0,24426.44,0.0,33183.37,0.0771
DEBT-06861,CUST-06861,9698.66,0.0,0.0,14431.04,0.0,24129.7,0.0564
DEBT-06862,CUST-06862,0.0,0.0,0.0,0.0,0.0,0.0,0.0
DEBT-06863,CUST-06863,0.0,15414.2,0.0,22390.8,0.0,37805.0,0.0582
DEBT-06864,CUST-06864,1462.2,0.0,0.0,0.0,0.0,1462.2,0.0058
DEBT-06865,CUST-06865,0.0,0.0,0.0,0.0,0.0,0.0,0.0
DEBT-06866,CUST-06866,6983.73,0.0,19854.68,0.0,0.0,26838.41,0.0356
DEBT-06867,CUST-06867,22671.04,0.0,0.0,0.0,0.0,22671.04,0.0216
DEBT-06868,CUST-06868,0.0,0.0,0.0,0.0,193513.09,193513.09,0.2253
DEBT-06869,CUST-06869,0.0,0.0,0.0,0.0,192001.0,192001.0,0.2374
DEBT-06870,CUST-06870,1176.7,11673.26,0.0,26700.7,0.0,39550.66,0.5462
DEBT-06871,CUST-06871,1758.19,0.0,0.0,13509.2,0.0,15267.39,0.0912
DEBT-06872,CUST-06872,9925.96,0.0,0.0,6047.39,0.0,15973.35,0.0319
DEBT-06873,CUST-06873,15608.52,0.0,0.0,0.0,0.0,15608.52,0.0181
DEBT-06874,CUST-06874,11175.0,0.0,0.0,32601.1,0.0,43776.1,0.081
DEBT-06875,CUST-06875,6167.83,0.0,0.0,0.0,0.0,6167.83,0.0073
DEBT-06876,CUST-06876,3631.2,0.0,0.0,0.0,0.0,3631.2,0.0123
DEBT-06877,CUST-06877,0.0,0.0,0.0,18807.99,0.0,18807.99,0.0846
DEBT-06878,CUST-06878,3965.53,0.0,5214.83,5337.1,0.0,14517.46,0.0377
DEBT-06879,CUST-06879,0.0,0.0,0.0,31798.48,377434.34,409232.82,0.6237
DEBT-06880,CUST-06880,0.0,0.0,0.0,0.0,410013.93,410013.93,0.586
DEBT-06881,CUST-06881,4188.18,0.0,0.0,14747.51,0.0,18935.69,0.0383
DEBT-06882,CUST-06882,0.0,0.0,0.0,20273.7,230311.12,250584.82,0.364
DEBT-06883,CUST-06883,0.0,0.0,0.0,0.0,0.0,0.0,0.0
DEBT-06884,CUST-06884,0.0,0.0,0.0,0.0,0.0,0.0,0.0
DEBT-06885,CUST-06885,17299.83,0.0,0.0,0.0,0.0,17299.83,0.0204
DEBT-06886,CUST-06886,4807.96,0.0,0.0,0.0,167099.24,171907.2,0.5429
DEBT-06887,CUST-06887,2551.05,0.0,0.0,0.0,0.0,2551.05,0.0098
DEBT-06888,CUST-06888,567.05,0.0,0.0,16135.44,0.0,16702.49,0.0283
DEBT-06889,CUST-06889,0.0,0.0,0.0,0.0,0.0,0.0,0.0
DEBT-06890,CUST-06890,0.0,0.0,0.0,0.0,0.0,0.0,0.0
DEBT-06891,CUST-06891,981.77,13214.34,0.0,30029.01,0.0,44225.12,0.5924
DEBT-06892,CUST-06892,0.0,0.0,0.0,0.0,0.0,0.0,0.0
DEBT-06893,CUST-06893,12440.87,0.0,0.0,0.0,270418.0,282858.87,0.4424
DEBT-06894,CUST-06894,17638.62,0.0,0.0,13484.76,346096.99,377220.37,0.4316
DEBT-06895,CUST-06895,10842.91,0.0,27542.18,30019.88,0.0,68404.97,0.0895
DEBT-06896,CUST-06896,15142.69,0.0,0.0,10787.97,426637.94,452568.6,0.6059
DEBT-06897,CUST-06897,0.0,10041.19,0.0,9571.47,0.0,19612.66,0.0631
DEBT-06898,CUST-06898,5162.0,0.0,0.0,0.0,0.0,5162.0,0.0139
DEBT-06899,CUST-06899,0.0,0.0,0.0,26417.41,82179.71,108597.12,0.0958
DEBT-06900,CUST-06900,1282.47,0.0,0.0,0.0,0.0,1282.47,0.003
DEBT-06901,CUST-06901,10732.69,0.0,0.0,0.0,0.0,10732.69,0.011
DEBT-06902,CUST-06902,769.54,0.0,0.0,0.0,0.0,769.54,0.0022
DEBT-06903,CUST-06903,0.0,0.0,0.0,0.0,0.0,0.0,0.0
DEBT-06904,CUST-06904,11504.51,0.0,0.0,0.0,0.0,11504.51,0.0151
DEBT-06905,CUST-06905,0.0,7650.36,0.0,0.0,0.0,7650.36,0.0428
DEBT-06906,CUST-06906,567.19,0.0,0.0,32665.15,0.0,33232.34,0.4369
DEBT-06907,CUST-06907,0.0,0.0,0.0,0.0,0.0,0.0,0.0
DEBT-06908,CUST-06908,0.0,0.0,0.0,0.0,0.0,0.0,0.0
DEBT-06909,CUST-06909,0.0,6486.28,0.0,0.0,0.0,6486.28,0.0274
DEBT-06910,CUST-06910,354.32,0.0,0.0,0.0,0.0,354.32,0.0007
DEBT-06911,CUST-06911,1386.07,0.0,0.0,0.0,179949.67,181335.74,0.1654
DEBT-06912,CUST-06912,7208.01,0.0,0.0,0.0,0.0,7208.01,0.017
DEBT-06913,CUST-06913,0.0,0.0,0.0,0.0,0.0,0.0,0.0
DEBT-06914,CUST-06914,0.0,0.0,0.0,0.0,0.0,0.0,0.0
DEBT-06915,CUST-06915,12274.89,0.0,0.0,16201.29,0.0,28476.18,0.0415
DEBT-06916,CUST-06916,6716.79,0.0,0.0,9128.73,0.0,15845.52,0.0379
DEBT-06917,CUST-06917,2659.6,6491.97,0.0,0.0,217000.78,226152.35,0.4804
DEBT-06918,CUST-06918,0.0,0.0,0.0,14975.31,0.0,14975.31,0.1847
DEBT-06919,CUST-06919,6556.06,0.0,0.0,29028.25,424965.37,460549.68,1.0711
DEBT-06920,CUST-06920,0.0,0.0,0.0,0.0,0.0,0.0,0.0
DEBT-06921,CUST-06921,1180.65,0.0,0.0,0.0,0.0,1180.65,0.002
DEBT-06922,CUST-06922,1740.32,0.0,0.0,21963.61,0.0,23703.93,0.1041
DEBT-06923,CUST-06923,6573.28,0.0,0.0,0.0,392743.25,399316.53,0.545
DEBT-06924,CUST-06924,3606.65,13729.36,0.0,0.0,222132.48,239468.49,0.4387
DEBT-06925,CUST-06925,1124.2,0.0,41346.92,24358.65,0.0,66829.77,0.2272
DEBT-06926,CUST-06926,7049.86,0.0,0.0,0.0,0.0,7049.86,0.0143
DEBT-06927,CUST-06927,8619.21,0.0,0.0,0.0,0.0,8619.21,0.0164
DEBT-06928,CUST-06928,12400.0,0.0,0.0,0.0,0.0,12400.0,0.0192
DEBT-06929,CUST-06929,244.44,0.0,28833.44,0.0,0.0,29077.88,0.2592
DEBT-06930,CUST-06930,4770.33,0.0,0.0,12232.51,153319.25,170322.09,0.559
DEBT-06931,CUST-06931,2777.76,0.0,0.0,0.0,0.0,2777.76,0.0077
DEBT-06932,CUST-06932,3564.67,0.0,0.0,0.0,0.0,3564.67,0.0086
DEBT-06933,CUST-06933,0.0,0.0,0.0,27011.4,0.0,27011.4,0.048
DEBT-06934,CUST-06934,4326.81,0.0,0.0,20042.57,278433.56,302802.94,1.1313
DEBT-06935,CUST-06935,15646.37,22680.78,0.0,0.0,0.0,38327.15,0.0549
DEBT-06936,CUST-06936,0.0,16117.34,0.0,33862.59,0.0,49979.93,0.1216
DEBT-06937,CUST-06937,3754.52,0.0,0.0,0.0,0.0,3754.52,0.0088
DEBT-06938,CUST-06938,0.0,0.0,0.0,25574.48,236989.06,262563.54,0.5367
DEBT-06939,CUST-06939,2136.15,0.0,0.0,21820.98,0.0,23957.13,0.0682
DEBT-06940,CUST-06940,770.92,7958.92,0.0,27977.81,157048.07,193755.72,0.3815
DEBT-06941,CUST-06941,0.0,9301.96,0.0,0.0,91985.88,101287.84,0.0822
DEBT-06942,CUST-06942,0.0,0.0,0.0,0.0,0.0,0.0,0.0
DEBT-06943,CUST-06943,15849.3,10479.11,0.0,8933.82,201581.19,236843.42,0.3146
DEBT-06944,CUST-06944,0.0,0.0,35066.15,17119.66,0.0,52185.81,0.0403
DEBT-06945,CUST-06945,14511.63,0.0,0.0,0.0,363530.46,378042.09,0.3881
DEBT-06946,CUST-06946,0.0,0.0,12721.23,0.0,0.0,12721.23,0.014
DEBT-06947,CUST-06947,4174.88,8669.55,34776.58,0.0,0.0,47621.01,0.084
DEBT-06948,CUST-06948,5535.5,0.0,0.0,18711.53,0.0,24247.03,0.047
DEBT-06949,CUST-06949,0.0,0.0,0.0,0.0,0.0,0.0,0.0
DEBT-06950,CUST-06950,3330.2,0.0,0.0,0.0,0.0,3330.2,0.0063
DEBT-06951,CUST-06951,4821.13,0.0,0.0,18580.87,0.0,23402.0,0.0438
DEBT-06952,CUST-06952,0.0,5142.23,0.0,0.0,0.0,5142.23,0.0512
DEBT-06953,CUST-06953,5361.05,13105.91,0.0,23826.28,0.0,42293.24,0.0567
DEBT-06954,CUST-06954,12907.19,0.0,0.0,0.0,0.0,12907.19,0.0191
DEBT-06955,CUST-06955,0.0,0.0,0.0,0.0,0.0,0.0,0.0
DEBT-06956,CUST-06956,2563.55,0.0,0.0,13573.41,0.0,16136.96,0.0284
DEBT-06957,CUST-06957,0.0,0.0,0.0,0.0,0.0,0.0,0.0
DEBT-06958,CUST-06958,11333.64,0.0,0.0,0.0,144655.72,155989.36,0.213
DEBT-06959,CUST-06959,8226.79,0.0,0.0,0.0,0.0,8226.79,0.0156
DEBT-06960,CUST-06960,0.0,0.0,0.0,0.0,0.0,0.0,0.0
DEBT-06961,CUST-06961,0.0,0.0,0.0,0.0,0.0,0.0,0.0
DEBT-06962,CUST-06962,0.0,8012.44,0.0,33210.43,0.0,41222.87,0.0983
DEBT-06963,CUST-06963,0.0,21719.71,0.0,10119.04,0.0,31838.75,0.0523
DEBT-06964,CUST-06964,0.0,14771.15,32577.49,0.0,0.0,47348.64,0.2918
DEBT-06965,CUST-06965,2452.29,24383.48,0.0,5976.38,0.0,32812.15,0.1017
DEBT-06966,CUST-06966,2101.99,0.0,0.0,0.0,0.0,2101.99,0.0072
DEBT-06967,CUST-06967,434.29,16996.71,0.0,0.0,0.0,17431.0,0.0621
DEBT-06968,CUST-06968,5918.26,0.0,0.0,0.0,0.0,5918.26,0.0204
DEBT-06969,CUST-06969,12235.49,18318.04,0.0,0.0,0.0,30553.53,0.0569
DEBT-06970,CUST-06970,3967.76,0.0,0.0,4342.48,288712.46,297022.7,0.9882
DEBT-06971,CUST-06971,14679.99,0.0,0.0,0.0,0.0,14679.99,0.0182
DEBT-06972,CUST-06972,630.9,0.0,0.0,0.0,0.0,630.9,0.0084
DEBT-06973,CUST-06973,1161.22,0.0,0.0,0.0,0.0,1161.22,0.0033
DEBT-06974,CUST-06974,9610.18,24001.34,32634.93,25708.9,0.0,91955.35,0.1201
DEBT-06975,CUST-06975,10611.83,0.0,0.0,0.0,0.0,10611.83,0.0189
DEBT-06976,CUST-06976,25613.98,0.0,38625.74,0.0,0.0,64239.72,0.0444
DEBT-06977,CUST-06977,0.0,0.0,0.0,21467.15,0.0,21467.15,0.3576
DEBT-06978,CUST-06978,0.0,0.0,0.0,0.0,0.0,0.0,0.0
DEBT-06979,CUST-06979,6126.04,0.0,0.0,0.0,171613.35,177739.39,0.4604
DEBT-06980,CUST-06980,4049.45,0.0,0.0,0.0,0.0,4049.45,0.0191
DEBT-06981,CUST-06981,6673.35,0.0,0.0,0.0,0.0,6673.35,0.019
DEBT-06982,CUST-06982,9655.38,0.0,0.0,0.0,0.0,9655.38,0.0227
DEBT-06983,CUST-06983,1017.51,0.0,0.0,16829.87,0.0,17847.38,0.2036
DEBT-06984,CUST-06984,0.0,0.0,0.0,31987.19,0.0,31987.19,0.0402
DEBT-06985,CUST-06985,0.0,19002.73,0.0,34487.09,0.0,53489.82,0.4547
DEBT-06986,CUST-06986,0.0,16972.84,0.0,28176.16,0.0,45149.0,0.131
DEBT-06987,CUST-06987,600.36,0.0,0.0,19048.45,0.0,19648.81,0.0695
DEBT-06988,CUST-06988,0.0,0.0,0.0,0.0,0.0,0.0,0.0
DEBT-06989,CUST-06989,5043.04,0.0,0.0,9231.98,0.0,14275.02,0.0307
DEBT-06990,CUST-06990,0.0,0.0,0.0,26556.68,0.0,26556.68,0.0218
DEBT-06991,CUST-06991,0.0,0.0,0.0,32902.44,396736.15,429638.59,0.9262
DEBT-06992,CUST-06992,0.0,19697.18,0.0,0.0,0.0,19697.18,0.3484
DEBT-06993,CUST-06993,4218.5,0.0,0.0,5001.24,399045.04,408264.78,1.4583
DEBT-06994,CUST-06994,1339.79,0.0,0.0,18267.27,432735.64,452342.7,0.4388
DEBT-06995,CUST-06995,1359.06,0.0,0.0,12778.79,0.0,14137.85,0.089
DEBT-06996,CUST-06996,4337.98,0.0,0.0,0.0,0.0,4337.98,0.0051
DEBT-06997,CUST-06997,0.0,0.0,0.0,5146.51,0.0,5146.51,0.02
DEBT-06998,CUST-06998,3754.92,8303.59,0.0,0.0,0.0,12058.51,0.0236
DEBT-06999,CUST-06999,0.0,0.0,0.0,0.0,94024.23,94024.23,0.175
DEBT-07000,CUST-07000,10520.44,24430.23,0.0,13881.61,0.0,48832.28,0.0697
DEBT-07001,CUST-07001,15882.95,4837.67,0.0,25422.12,0.0,46142.74,0.0542
DEBT-07002,CUST-07002,5492.15,0.0,0.0,14624.24,0.0,20116.39,0.0503
DEBT-07003,CUST-07003,3609.82,0.0,0.0,0.0,0.0,3609.82,0.0129
DEBT-07004,CUST-07004,4043.1,0.0,0.0,8970.29,0.0,13013.39,0.0364
DEBT-07005,CUST-07005,5168.9,22147.63,0.0,0.0,417883.64,445200.17,0.8697
DEBT-07006,CUST-07006,9467.59,0.0,0.0,0.0,0.0,9467.59,0.0143
DEBT-07007,CUST-07007,2082.83,0.0,0.0,32784.92,0.0,34867.75,0.1046
DEBT-07008,CUST-07008,0.0,0.0,0.0,16257.89,357126.83,373384.72,0.598
DEBT-07009,CUST-07009,5088.51,0.0,0.0,0.0,0.0,5088.51,0.016
DEBT-07010,CUST-07010,8167.15,0.0,0.0,0.0,0.0,8167.15,0.0217
DEBT-07011,CUST-07011,0.0,0.0,0.0,11423.49,0.0,11423.49,0.0332
DEBT-07012,CUST-07012,4947.81,0.0,0.0,0.0,0.0,4947.81,0.009
DEBT-07013,CUST-07013,4489.64,0.0,0.0,17328.22,408028.48,429846.34,0.8079
DEBT-07014,CUST-07014,22021.77,0.0,0.0,0.0,0.0,22021.77,0.0204
DEBT-07015,CUST-07015,0.0,0.0,0.0,0.0,0.0,0.0,0.0
DEBT-07016,CUST-07016,8759.51,0.0,0.0,6206.83,231607.03,246573.37,0.2975
DEBT-07017,CUST-07017,6599.95,13846.4,0.0,28179.66,432308.02,480934.03,1.0624
DEBT-07018,CUST-07018,3318.94,0.0,0.0,29207.04,0.0,32525.98,0.0934
DEBT-07019,CUST-07019,1603.46,18309.96,5901.65,0.0,0.0,25815.07,0.1045
DEBT-07020,CUST-07020,0.0,0.0,0.0,0.0,0.0,0.0,0.0
DEBT-07021,CUST-07021,0.0,0.0,28698.33,0.0,0.0,28698.33,0.0628
DEBT-07022,CUST-07022,7403.69,0.0,0.0,22014.75,0.0,29418.44,0.0337
DEBT-07023,CUST-07023,0.0,0.0,0.0,0.0,0.0,0.0,0.0
DEBT-07024,CUST-07024,4972.77,13406.52,0.0,13393.06,374442.36,406214.71,0.9557
DEBT-07025,CUST-07025,9304.73,12322.41,0.0,29512.68,424662.73,475802.55,0.7815
DEBT-07026,CUST-07026,0.0,0.0,0.0,0.0,0.0,0.0,0.0
DEBT-07027,CUST-07027,5480.59,0.0,0.0,0.0,81156.19,86636.78,0.1174
DEBT-07028,CUST-07028,0.0,22937.4,0.0,0.0,0.0,22937.4,0.0312
DEBT-07029,CUST-07029,2028.6,0.0,0.0,0.0,0.0,2028.6,0.0093
DEBT-07030,CUST-07030,0.0,0.0,0.0,6135.03,0.0,6135.03,0.0132
DEBT-07031,CUST-07031,8525.35,0.0,0.0,0.0,0.0,8525.35,0.0192
DEBT-07032,CUST-07032,0.0,0.0,0.0,12084.28,0.0,12084.28,0.0425
DEBT-07033,CUST-07033,0.0,0.0,0.0,0.0,167080.08,167080.08,0.4921
DEBT-07034,CUST-07034,1706.03,0.0,0.0,21609.28,0.0,23315.31,0.0419
DEBT-07035,CUST-07035,3687.93,0.0,0.0,17712.38,0.0,21400.31,0.0484
DEBT-07036,CUST-07036,0.0,13832.24,0.0,0.0,164852.12,178684.36,0.2823
DEBT-07037,CUST-07037,0.0,0.0,0.0,25566.02,0.0,25566.02,0.0716
DEBT-07038,CUST-07038,6984.02,0.0,0.0,0.0,104435.05,111419.07,0.3256
DEBT-07039,CUST-07039,858.02,9878.3,8410.41,0.0,0.0,19146.73,0.0471
DEBT-07040,CUST-07040,5944.68,11941.18,32446.06,0.0,0.0,50331.92,0.0983
DEBT-07041,CUST-07041,1476.83,0.0,39804.56,0.0,0.0,41281.39,0.1424
DEBT-07042,CUST-07042,11164.05,0.0,0.0,0.0,142536.57,153700.62,0.2486
DEBT-07043,CUST-07043,9166.43,0.0,0.0,20969.79,0.0,30136.22,0.0636
DEBT-07044,CUST-07044,7167.65,0.0,0.0,8635.85,0.0,15803.5,0.0221
DEBT-07045,CUST-07045,13853.49,0.0,0.0,21604.52,0.0,35458.01,0.0496
DEBT-07046,CUST-07046,9715.55,0.0,0.0,0.0,413587.49,423303.04,0.978
DEBT-07047,CUST-07047,0.0,0.0,0.0,0.0,0.0,0.0,0.0
DEBT-07048,CUST-07048,4323.59,0.0,0.0,34119.57,0.0,38443.16,0.1283
DEBT-07049,CUST-07049,9715.64,0.0,0.0,0.0,0.0,9715.64,0.0208
DEBT-07050,CUST-07050,4152.19,0.0,0.0,0.0,0.0,4152.19,0.0108
DEBT-07051,CUST-07051,7510.46,0.0,0.0,0.0,0.0,7510.46,0.0218
DEBT-07052,CUST-07052,9739.66,2952.62,0.0,0.0,350666.16,363358.44,0.6519
DEBT-07053,CUST-07053,0.0,16439.33,0.0,0.0,147773.03,164212.36,0.2632
DEBT-07054,CUST-07054,0.0,0.0,0.0,0.0,0.0,0.0,0.0
DEBT-07055,CUST-07055,0.0,16607.62,0.0,29074.3,0.0,45681.92,0.1284
DEBT-07056,CUST-07056,39708.77,0.0,0.0,0.0,87310.9,127019.67,0.0726
DEBT-07057,CUST-07057,1305.83,0.0,0.0,0.0,0.0,1305.83,0.0032
DEBT-07058,CUST-07058,7591.6,0.0,0.0,27721.6,0.0,35313.2,0.0758
DEBT-07059,CUST-07059,0.0,0.0,0.0,0.0,0.0,0.0,0.0
DEBT-07060,CUST-07060,0.0,0.0,0.0,19004.45,0.0,19004.45,0.055
DEBT-07061,CUST-07061,0.0,18912.93,0.0,0.0,167683.85,186596.78,0.3812
DEBT-07062,CUST-07062,434.44,22533.51,0.0,30296.02,0.0,53263.97,1.0352
DEBT-07063,CUST-07063,3612.53,0.0,0.0,0.0,0.0,3612.53,0.0162
DEBT-07064,CUST-07064,4242.77,9266.81,0.0,28018.44,0.0,41528.02,0.1422
DEBT-07065,CUST-07065,0.0,0.0,0.0,0.0,0.0,0.0,0.0
DEBT-07066,CUST-07066,11779.58,0.0,0.0,0.0,0.0,11779.58,0.0219
DEBT-07067,CUST-07067,0.0,12465.6,0.0,0.0,0.0,12465.6,0.1683
DEBT-07068,CUST-07068,534.8,0.0,38514.21,15811.3,0.0,54860.31,0.1201
DEBT-07069,CUST-07069,3597.33,0.0,0.0,0.0,0.0,3597.33,0.0068
DEBT-07070,CUST-07070,2828.42,0.0,21979.72,0.0,0.0,24808.14,0.1731
DEBT-07071,CUST-07071,3033.5,0.0,44622.92,0.0,0.0,47656.42,0.0977
DEBT-07072,CUST-07072,8842.45,0.0,43127.87,0.0,0.0,51970.32,0.1128
DEBT-07073,CUST-07073,6701.75,0.0,0.0,0.0,178048.48,184750.23,0.2908
DEBT-07074,CUST-07074,0.0,0.0,0.0,26973.22,414690.46,441663.68,0.8476
DEBT-07075,CUST-07075,0.0,1264.5,0.0,0.0,249336.8,250601.3,0.2547
DEBT-07076,CUST-07076,1854.15,0.0,18483.77,0.0,295400.69,315738.61,0.6219
DEBT-07077,CUST-07077,2288.11,0.0,0.0,10493.36,0.0,12781.47,0.0435
DEBT-07078,CUST-07078,2310.94,0.0,0.0,20105.49,0.0,22416.43,0.0474
DEBT-07079,CUST-07079,0.0,0.0,7871.48,25349.33,0.0,33220.81,0.0895
DEBT-07080,CUST-07080,0.0,0.0,0.0,0.0,0.0,0.0,0.0
DEBT-07081,CUST-07081,5314.03,0.0,0.0,21867.14,0.0,27181.17,0.1084
DEBT-07082,CUST-07082,0.0,22769.52,0.0,34606.36,172710.21,230086.09,0.4887
DEBT-07083,CUST-07083,0.0,0.0,0.0,0.0,0.0,0.0,0.0
DEBT-07084,CUST-07084,2723.46,0.0,0.0,0.0,0.0,2723.46,0.0041
DEBT-07085,CUST-07085,9032.81,0.0,0.0,26749.77,0.0,35782.58,0.0581
DEBT-07086,CUST-07086,0.0,1132.98,0.0,0.0,0.0,1132.98,0.004
DEBT-07087,CUST-07087,0.0,1993.63,0.0,0.0,0.0,1993.63,0.0047
DEBT-07088,CUST-07088,0.0,0.0,0.0,34777.75,140307.75,175085.5,0.2801
DEBT-07089,CUST-07089,1392.01,0.0,0.0,0.0,0.0,1392.01,0.0029
DEBT-07090,CUST-07090,1307.94,0.0,0.0,0.0,0.0,1307.94,0.0017
DEBT-07091,CUST-07091,13311.46,0.0,0.0,14767.48,121569.09,149648.03,0.2582
DEBT-07092,CUST-07092,0.0,0.0,0.0,0.0,301181.25,301181.25,0.3099
DEBT-07093,CUST-07093,3064.8,0.0,0.0,23871.21,0.0,26936.01,0.0385
DEBT-07094,CUST-07094,10986.28,8689.77,0.0,0.0,0.0,19676.05,0.0351
DEBT-07095,CUST-07095,6463.86,23480.73,0.0,0.0,169374.07,199318.66,0.4618
DEBT-07096,CUST-07096,7420.42,0.0,0.0,0.0,306825.03,314245.45,0.3184
DEBT-07097,CUST-07097,6040.35,0.0,0.0,23227.84,0.0,29268.19,0.0656
DEBT-07098,CUST-07098,0.0,22095.6,0.0,25816.15,0.0,47911.75,0.0857
DEBT-07099,CUST-07099,1767.33,0.0,0.0,27206.86,0.0,28974.19,0.2232
DEBT-07100,CUST-07100,10229.2,0.0,0.0,22973.49,0.0,33202.69,0.04
DEBT-07101,CUST-07101,2194.63,0.0,0.0,0.0,0.0,2194.63,0.0032
DEBT-07102,CUST-07102,0.0,0.0,0.0,0.0,0.0,0.0,0.0
DEBT-07103,CUST-07103,7743.26,2170.69,0.0,0.0,301383.18,311297.13,0.8213
DEBT-07104,CUST-07104,2630.97,0.0,0.0,0.0,0.0,2630.97,0.0056
DEBT-07105,CUST-07105,1944.53,0.0,0.0,0.0,0.0,1944.53,0.0029
DEBT-07106,CUST-07106,5103.64,2455.08,0.0,34470.92,0.0,42029.64,0.1788
DEBT-07107,CUST-07107,4060.46,0.0,0.0,11433.54,235520.29,251014.29,0.6567
DEBT-07108,CUST-07108,0.0,7476.12,0.0,0.0,0.0,7476.12,0.0138
DEBT-07109,CUST-07109,8958.34,0.0,0.0,0.0,0.0,8958.34,0.0178
DEBT-07110,CUST-07110,15475.45,5126.23,0.0,0.0,0.0,20601.68,0.0264
DEBT-07111,CUST-07111,0.0,0.0,0.0,21863.8,288040.64,309904.44,0.8362
DEBT-07112,CUST-07112,0.0,4674.03,0.0,25840.89,0.0,30514.92,0.1325
DEBT-07113,CUST-07113,6605.05,0.0,0.0,0.0,0.0,6605.05,0.0151
DEBT-07114,CUST-07114,15121.63,0.0,29811.13,0.0,0.0,44932.76,0.0592
DEBT-07115,CUST-07115,3338.59,0.0,0.0,0.0,0.0,3338.59,0.0119
DEBT-07116,CUST-07116,3649.11,0.0,0.0,23942.66,0.0,27591.77,0.0935
DEBT-07117,CUST-07117,1396.36,0.0,0.0,0.0,0.0,1396.36,0.003
DEBT-07118,CUST-07118,3777.58,23899.15,39634.66,0.0,0.0,67311.39,0.139
DEBT-07119,CUST-07119,4985.96,0.0,0.0,9542.83,175241.29,189770.08,0.4631
DEBT-07120,CUST-07120,4517.86,18544.47,0.0,0.0,0.0,23062.33,0.0587
DEBT-07121,CUST-07121,9508.92,0.0,0.0,9023.5,0.0,18532.42,0.0206
DEBT-07122,CUST-07122,245.25,0.0,0.0,0.0,0.0,245.25,0.0006
DEBT-07123,CUST-07123,5137.35,0.0,0.0,0.0,0.0,5137.35,0.0177
DEBT-07124,CUST-07124,1454.96,0.0,0.0,0.0,0.0,1454.96,0.0126
DEBT-07125,CUST-07125,10352.84,0.0,0.0,0.0,0.0,10352.84,0.0172
DEBT-07126,CUST-07126,0.0,0.0,0.0,24413.59,0.0,24413.59,0.1362
DEBT-07127,CUST-07127,8119.9,0.0,0.0,0.0,0.0,8119.9,0.0106
DEBT-07128,CUST-07128,0.0,0.0,0.0,0.0,0.0,0.0,0.0
DEBT-07129,CUST-07129,5174.73,24506.81,0.0,11700.35,0.0,41381.89,0.1012
DEBT-07130,CUST-07130,0.0,0.0,0.0,0.0,0.0,0.0,0.0
DEBT-07131,CUST-07131,0.0,0.0,0.0,18171.38,0.0,18171.38,0.0378
DEBT-07132,CUST-07132,9655.14,0.0,0.0,34464.51,0.0,44119.65,0.0622
DEBT-07133,CUST-07133,1323.29,0.0,0.0,0.0,0.0,1323.29,0.0063
DEBT-07134,CUST-07134,2769.05,1332.05,0.0,5655.21,0.0,9756.31,0.0171
DEBT-07135,CUST-07135,0.0,0.0,0.0,0.0,0.0,0.0,0.0
DEBT-07136,CUST-07136,3330.29,0.0,0.0,0.0,0.0,3330.29,0.0075
DEBT-07137,CUST-07137,5293.72,0.0,0.0,0.0,116920.63,122214.35,0.3736
DEBT-07138,CUST-07138,0.0,0.0,0.0,0.0,0.0,0.0,0.0
DEBT-07139,CUST-07139,5355.01,17759.63,0.0,0.0,0.0,23114.64,0.0677
DEBT-07140,CUST-07140,2739.83,20615.25,0.0,0.0,97200.18,120555.26,0.2835
DEBT-07141,CUST-07141,6582.93,0.0,0.0,0.0,0.0,6582.93,0.0083
DEBT-07142,CUST-07142,6400.03,0.0,0.0,5233.31,200264.25,211897.59,0.6223
DEBT-07143,CUST-07143,3760.37,0.0,0.0,0.0,0.0,3760.37,0.0119
DEBT-07144,CUST-07144,1361.52,0.0,0.0,0.0,392481.07,393842.59,1.4193
DEBT-07145,CUST-07145,8611.04,0.0,0.0,0.0,0.0,8611.04,0.0195
DEBT-07146,CUST-07146,17333.45,0.0,0.0,0.0,0.0,17333.45,0.022
DEBT-07147,CUST-07147,6156.4,18317.66,0.0,0.0,0.0,24474.06,0.0567
DEBT-07148,CUST-07148,725.58,0.0,0.0,17218.51,0.0,17944.09,0.1378
DEBT-07149,CUST-07149,1859.25,0.0,0.0,11457.78,0.0,13317.03,0.1607
DEBT-07150,CUST-07150,9633.21,0.0,0.0,0.0,0.0,9633.21,0.0154
DEBT-07151,CUST-07151,4465.66,0.0,17102.19,0.0,0.0,21567.85,0.0413
DEBT-07152,CUST-07152,3016.4,4488.59,0.0,26239.36,0.0,33744.35,0.0432
DEBT-07153,CUST-07153,0.0,0.0,0.0,0.0,313263.3,313263.3,0.7082
DEBT-07154,CUST-07154,12701.46,0.0,0.0,33170.07,305197.47,351069.0,0.4794
DEBT-07155,CUST-07155,0.0,0.0,0.0,0.0,0.0,0.0,0.0
DEBT-07156,CUST-07156,0.0,0.0,0.0,0.0,0.0,0.0,0.0
DEBT-07157,CUST-07157,0.0,0.0,0.0,0.0,0.0,0.0,0.0
DEBT-07158,CUST-07158,0.0,0.0,0.0,31802.46,0.0,31802.46,0.0496
DEBT-07159,CUST-07159,17992.25,12485.12,0.0,0.0,0.0,30477.37,0.0327
DEBT-07160,CUST-07160,2575.29,0.0,0.0,0.0,0.0,2575.29,0.0082
DEBT-07161,CUST-07161,739.81,0.0,0.0,0.0,0.0,739.81,0.0016
DEBT-07162,CUST-07162,0.0,0.0,0.0,31552.32,0.0,31552.32,0.1279
DEBT-07163,CUST-07163,0.0,0.0,0.0,0.0,0.0,0.0,0.0
DEBT-07164,CUST-07164,0.0,0.0,0.0,24029.17,0.0,24029.17,0.0348
DEBT-07165,CUST-07165,0.0,8113.0,11877.34,0.0,220429.2,240419.54,0.3464
DEBT-07166,CUST-07166,0.0,0.0,0.0,0.0,0.0,0.0,0.0
DEBT-07167,CUST-07167,7876.33,11805.16,0.0,24124.81,0.0,43806.3,0.1095
DEBT-07168,CUST-07168,4617.77,7665.64,0.0,0.0,0.0,12283.41,0.0189
DEBT-07169,CUST-07169,6897.73,0.0,0.0,0.0,231586.31,238484.04,0.4826
DEBT-07170,CUST-07170,3085.9,0.0,0.0,0.0,0.0,3085.9,0.0054
DEBT-07171,CUST-07171,0.0,1485.45,13280.24,0.0,0.0,14765.69,0.037
DEBT-07172,CUST-07172,1712.32,0.0,0.0,0.0,0.0,1712.32,0.0045
DEBT-07173,CUST-07173,0.0,0.0,0.0,0.0,0.0,0.0,0.0
DEBT-07174,CUST-07174,2569.74,0.0,0.0,21213.94,408590.05,432373.73,1.4192
DEBT-07175,CUST-07175,7397.57,14672.65,0.0,0.0,405733.14,427803.36,0.632
DEBT-07176,CUST-07176,0.0,0.0,0.0,0.0,0.0,0.0,0.0
DEBT-07177,CUST-07177,12682.27,0.0,0.0,0.0,0.0,12682.27,0.0127
DEBT-07178,CUST-07178,824.25,0.0,0.0,0.0,258015.78,258840.03,0.3308
DEBT-07179,CUST-07179,4160.04,6670.09,0.0,0.0,0.0,10830.13,0.0361
DEBT-07180,CUST-07180,3178.71,0.0,0.0,5867.97,0.0,9046.68,0.0166
DEBT-07181,CUST-07181,8363.75,23067.46,0.0,17137.26,0.0,48568.47,0.0723
DEBT-07182,CUST-07182,7846.75,0.0,0.0,0.0,314580.8,322427.55,0.5868
DEBT-07183,CUST-07183,3289.6,0.0,0.0,32693.55,0.0,35983.15,0.0352
DEBT-07184,CUST-07184,382.77,20431.75,14967.76,4217.72,162700.14,202700.14,0.4573
DEBT-07185,CUST-07185,4795.22,0.0,0.0,0.0,0.0,4795.22,0.0065
DEBT-07186,CUST-07186,0.0,0.0,31485.99,0.0,0.0,31485.99,0.0857
DEBT-07187,CUST-07187,12072.32,16800.19,0.0,0.0,0.0,28872.51,0.0417
DEBT-07188,CUST-07188,11621.39,0.0,0.0,0.0,0.0,11621.39,0.0222
DEBT-07189,CUST-07189,0.0,0.0,0.0,5897.43,0.0,5897.43,0.0158
DEBT-07190,CUST-07190,1685.4,0.0,0.0,0.0,0.0,1685.4,0.0045
DEBT-07191,CUST-07191,1465.78,12124.02,0.0,7614.03,0.0,21203.83,0.2918
DEBT-07192,CUST-07192,682.46,0.0,0.0,0.0,136684.5,137366.96,0.391
DEBT-07193,CUST-07193,2672.61,0.0,0.0,0.0,0.0,2672.61,0.0188
DEBT-07194,CUST-07194,5371.23,0.0,0.0,0.0,0.0,5371.23,0.015
DEBT-07195,CUST-07195,0.0,17281.54,0.0,18090.22,0.0,35371.76,0.0913
DEBT-07196,CUST-07196,0.0,0.0,0.0,6398.19,0.0,6398.19,0.0179
DEBT-07197,CUST-07197,0.0,0.0,24614.09,0.0,193370.71,217984.8,0.3727
DEBT-07198,CUST-07198,6679.81,0.0,12021.92,4568.28,0.0,23270.01,0.0632
DEBT-07199,CUST-07199,1509.06,0.0,0.0,17012.34,0.0,18521.4,0.0573
DEBT-07200,CUST-07200,3001.06,0.0,0.0,0.0,0.0,3001.06,0.0135
DEBT-07201,CUST-07201,16898.27,0.0,0.0,10332.89,320135.71,347366.87,0.3392
DEBT-07202,CUST-07202,5615.69,0.0,0.0,25381.2,0.0,30996.89,0.056
DEBT-07203,CUST-07203,9277.72,0.0,0.0,0.0,0.0,9277.72,0.0157
DEBT-07204,CUST-07204,2186.15,0.0,0.0,0.0,0.0,2186.15,0.0027
DEBT-07205,CUST-07205,5162.48,0.0,0.0,26734.78,0.0,31897.26,0.0567
DEBT-07206,CUST-07206,2693.82,0.0,0.0,27016.86,405306.1,435016.78,0.8091
DEBT-07207,CUST-07207,0.0,0.0,0.0,0.0,0.0,0.0,0.0
DEBT-07208,CUST-07208,0.0,0.0,0.0,33801.68,0.0,33801.68,0.0575
DEBT-07209,CUST-07209,0.0,0.0,0.0,14064.08,0.0,14064.08,0.0243
DEBT-07210,CUST-07210,1369.38,0.0,0.0,25732.79,0.0,27102.17,0.0766
DEBT-07211,CUST-07211,2552.72,22339.95,0.0,0.0,165727.99,190620.66,0.423
DEBT-07212,CUST-07212,9819.69,22599.19,0.0,0.0,0.0,32418.88,0.0681
DEBT-07213,CUST-07213,0.0,0.0,0.0,0.0,338558.35,338558.35,0.9475
DEBT-07214,CUST-07214,787.37,18161.41,0.0,0.0,0.0,18948.78,0.1016
DEBT-07215,CUST-07215,2661.13,5283.89,0.0,0.0,0.0,7945.02,0.0329
DEBT-07216,CUST-07216,18228.31,0.0,0.0,0.0,0.0,18228.31,0.0217
DEBT-07217,CUST-07217,9436.78,0.0,0.0,0.0,0.0,9436.78,0.0183
DEBT-07218,CUST-07218,21396.1,1698.9,0.0,0.0,300670.29,323765.29,0.3145
DEBT-07219,CUST-07219,0.0,9186.64,0.0,18536.29,0.0,27722.93,0.0739
DEBT-07220,CUST-07220,4887.01,0.0,0.0,0.0,0.0,4887.01,0.0172
DEBT-07221,CUST-07221,600.87,10101.51,0.0,0.0,0.0,10702.38,0.0403
DEBT-07222,CUST-07222,17127.37,0.0,0.0,32610.89,388452.71,438190.97,0.4905
DEBT-07223,CUST-07223,4732.7,0.0,17151.75,0.0,391973.35,413857.8,0.7417
DEBT-07224,CUST-07224,21934.92,0.0,0.0,24178.09,0.0,46113.01,0.0399
DEBT-07225,CUST-07225,6940.81,0.0,0.0,0.0,0.0,6940.81,0.0087
DEBT-07226,CUST-07226,0.0,0.0,0.0,0.0,0.0,0.0,0.0
DEBT-07227,CUST-07227,0.0,8974.72,0.0,7517.96,368225.78,384718.46,0.7662
DEBT-07228,CUST-07228,11905.66,13370.35,0.0,0.0,343498.35,368774.36,0.5459
DEBT-07229,CUST-07229,6489.18,19724.75,0.0,0.0,0.0,26213.93,0.0571
DEBT-07230,CUST-07230,1285.17,0.0,0.0,9768.79,0.0,11053.96,0.0331
DEBT-07231,CUST-07231,0.0,0.0,0.0,0.0,0.0,0.0,0.0
DEBT-07232,CUST-07232,0.0,0.0,0.0,0.0,297610.65,297610.65,0.4693
DEBT-07233,CUST-07233,4362.97,0.0,0.0,0.0,0.0,4362.97,0.0141
DEBT-07234,CUST-07234,0.0,0.0,0.0,0.0,0.0,0.0,0.0
DEBT-07235,CUST-07235,0.0,0.0,0.0,0.0,0.0,0.0,0.0
DEBT-07236,CUST-07236,0.0,0.0,0.0,0.0,243772.89,243772.89,0.8182
DEBT-07237,CUST-07237,5999.07,0.0,0.0,0.0,0.0,5999.07,0.0111
DEBT-07238,CUST-07238,1313.79,12250.25,0.0,0.0,0.0,13564.04,0.0212
DEBT-07239,CUST-07239,0.0,9472.43,0.0,20384.08,0.0,29856.51,0.0388
DEBT-07240,CUST-07240,4851.79,0.0,0.0,0.0,196614.89,201466.68,0.3869
DEBT-07241,CUST-07241,12328.41,0.0,34895.89,4544.62,0.0,51768.92,0.0834
DEBT-07242,CUST-07242,12211.5,0.0,0.0,0.0,0.0,12211.5,0.0186
DEBT-07243,CUST-07243,10221.95,0.0,33914.56,17163.43,252996.75,314296.69,0.4959
DEBT-07244,CUST-07244,0.0,0.0,0.0,0.0,0.0,0.0,0.0
DEBT-07245,CUST-07245,13893.94,0.0,0.0,0.0,0.0,13893.94,0.0187
DEBT-07246,CUST-07246,6979.66,0.0,0.0,19054.96,0.0,26034.62,0.0842
DEBT-07247,CUST-07247,0.0,0.0,0.0,0.0,0.0,0.0,0.0
DEBT-07248,CUST-07248,0.0,0.0,0.0,0.0,0.0,0.0,0.0
DEBT-07249,CUST-07249,1763.48,0.0,0.0,8029.23,0.0,9792.71,0.0317
DEBT-07250,CUST-07250,0.0,12185.0,0.0,25553.37,0.0,37738.37,0.0805
DEBT-07251,CUST-07251,6099.24,0.0,0.0,0.0,220458.81,226558.05,0.387
DEBT-07252,CUST-07252,0.0,11304.19,0.0,14620.89,0.0,25925.08,0.0342
DEBT-07253,CUST-07253,4348.4,0.0,0.0,0.0,434651.09,438999.49,0.6028
DEBT-07254,CUST-07254,7362.03,0.0,0.0,0.0,350960.44,358322.47,0.6832
DEBT-07255,CUST-07255,0.0,0.0,0.0,13204.22,0.0,13204.22,0.0382
DEBT-07256,CUST-07256,0.0,0.0,35278.37,0.0,0.0,35278.37,0.2788
DEBT-07257,CUST-07257,16254.74,0.0,0.0,0.0,115061.71,131316.45,0.1666
DEBT-07258,CUST-07258,12241.1,0.0,0.0,0.0,291014.02,303255.12,0.4259
DEBT-07259,CUST-07259,3218.44,0.0,0.0,5762.64,0.0,8981.08,0.0323
DEBT-07260,CUST-07260,0.0,3883.4,0.0,0.0,201012.42,204895.82,0.4733
DEBT-07261,CUST-07261,0.0,0.0,0.0,4236.97,363806.65,368043.62,0.6567
DEBT-07262,CUST-07262,3458.96,0.0,0.0,0.0,0.0,3458.96,0.0103
DEBT-07263,CUST-07263,0.0,0.0,0.0,8853.92,183565.14,192419.06,0.4222
DEBT-07264,CUST-07264,3190.41,11575.03,0.0,0.0,110432.3,125197.74,0.1266
DEBT-07265,CUST-07265,4949.75,1470.26,0.0,0.0,0.0,6420.01,0.0175
DEBT-07266,CUST-07266,5328.68,0.0,0.0,21551.96,0.0,26880.64,0.094
DEBT-07267,CUST-07267,0.0,0.0,19378.75,0.0,0.0,19378.75,0.0175
DEBT-07268,CUST-07268,9757.61,0.0,0.0,24712.04,0.0,34469.65,0.0656
DEBT-07269,CUST-07269,0.0,0.0,0.0,0.0,143597.9,143597.9,0.1727
DEBT-07270,CUST-07270,676.79,0.0,0.0,0.0,443755.53,444432.32,0.8863
DEBT-07271,CUST-07271,9778.82,0.0,0.0,27085.59,0.0,36864.41,0.065
DEBT-07272,CUST-07272,9658.63,0.0,0.0,0.0,0.0,9658.63,0.0185
DEBT-07273,CUST-07273,7611.53,0.0,0.0,0.0,102443.21,110054.74,0.2984
DEBT-07274,CUST-07274,2277.49,0.0,0.0,29787.39,0.0,32064.88,0.0951
DEBT-07275,CUST-07275,8165.35,0.0,37168.21,0.0,330392.19,375725.75,0.7162
DEBT-07276,CUST-07276,0.0,0.0,0.0,17588.35,432146.51,449734.86,0.7118
DEBT-07277,CUST-07277,3521.79,20190.53,0.0,24431.99,0.0,48144.31,0.0999
DEBT-07278,CUST-07278,0.0,0.0,0.0,22395.04,377695.24,400090.28,1.4036
DEBT-07279,CUST-07279,0.0,0.0,24406.91,0.0,0.0,24406.91,0.2498
DEBT-07280,CUST-07280,0.0,0.0,0.0,0.0,0.0,0.0,0.0
DEBT-07281,CUST-07281,0.0,0.0,11943.56,17211.24,0.0,29154.8,0.0516
DEBT-07282,CUST-07282,13056.26,19690.36,0.0,0.0,0.0,32746.62,0.0496
DEBT-07283,CUST-07283,389.6,5524.12,0.0,17828.95,0.0,23742.67,0.2078
DEBT-07284,CUST-07284,8400.71,0.0,0.0,34365.19,0.0,42765.9,0.0585
DEBT-07285,CUST-07285,400.59,24148.86,0.0,0.0,429826.43,454375.88,0.9252
DEBT-07286,CUST-07286,0.0,23306.01,0.0,21993.43,0.0,45299.44,0.0564
DEBT-07287,CUST-07287,8648.71,0.0,22871.57,0.0,0.0,31520.28,0.0829
DEBT-07288,CUST-07288,5581.03,3753.57,0.0,0.0,301309.7,310644.3,0.693
DEBT-07289,CUST-07289,13139.92,0.0,0.0,8478.98,416433.16,438052.06,0.423
DEBT-07290,CUST-07290,6802.65,6840.35,0.0,0.0,426455.98,440098.98,0.5437
DEBT-07291,CUST-07291,2720.21,0.0,0.0,0.0,0.0,2720.21,0.0071
DEBT-07292,CUST-07292,9340.91,0.0,0.0,25001.14,0.0,34342.05,0.0772
DEBT-07293,CUST-07293,941.62,0.0,0.0,0.0,0.0,941.62,0.002
DEBT-07294,CUST-07294,13583.16,0.0,0.0,34184.33,0.0,47767.49,0.0313
DEBT-07295,CUST-07295,2325.46,16118.29,23151.79,0.0,0.0,41595.54,0.0883
DEBT-07296,CUST-07296,8751.57,0.0,8339.14,0.0,0.0,17090.71,0.0264
DEBT-07297,CUST-07297,6747.0,0.0,0.0,0.0,0.0,6747.0,0.0217
DEBT-07298,CUST-07298,16212.64,0.0,0.0,8047.3,0.0,24259.94,0.0341
DEBT-07299,CUST-07299,4036.48,24032.38,0.0,0.0,0.0,28068.86,0.1373
DEBT-07300,CUST-07300,438.79,0.0,0.0,6604.11,0.0,7042.9,0.0377
DEBT-07301,CUST-07301,4068.76,3559.61,0.0,0.0,0.0,7628.37,0.0096
DEBT-07302,CUST-07302,0.0,0.0,0.0,9375.69,90257.58,99633.27,0.0885
DEBT-07303,CUST-07303,8598.27,0.0,0.0,24472.31,0.0,33070.58,0.0629
DEBT-07304,CUST-07304,10459.72,0.0,0.0,0.0,0.0,10459.72,0.0193
DEBT-07305,CUST-07305,3145.99,0.0,0.0,0.0,0.0,3145.99,0.013
DEBT-07306,CUST-07306,2847.81,0.0,42905.04,0.0,0.0,45752.85,0.1551
DEBT-07307,CUST-07307,0.0,0.0,0.0,13376.24,0.0,13376.24,0.0142
DEBT-07308,CUST-07308,899.48,0.0,0.0,10588.46,0.0,11487.94,0.1439
DEBT-07309,CUST-07309,3266.43,0.0,0.0,12791.55,0.0,16057.98,0.0311
DEBT-07310,CUST-07310,1486.25,0.0,0.0,0.0,153669.07,155155.32,0.4721
DEBT-07311,CUST-07311,8610.65,0.0,0.0,0.0,0.0,8610.65,0.0176
DEBT-07312,CUST-07312,0.0,0.0,0.0,0.0,204364.33,204364.33,0.3926
DEBT-07313,CUST-07313,0.0,3192.7,0.0,7579.32,0.0,10772.02,0.0456
DEBT-07314,CUST-07314,9434.21,0.0,0.0,0.0,0.0,9434.21,0.0121
DEBT-07315,CUST-07315,10747.65,0.0,0.0,0.0,209908.76,220656.41,0.1751
DEBT-07316,CUST-07316,7239.86,0.0,0.0,0.0,0.0,7239.86,0.014
DEBT-07317,CUST-07317,599.23,0.0,15517.06,0.0,0.0,16116.29,0.1459
DEBT-07318,CUST-07318,11986.79,17535.78,0.0,32265.32,0.0,61787.89,0.1097
DEBT-07319,CUST-07319,1379.91,9459.31,0.0,5780.0,0.0,16619.22,0.0488
DEBT-07320,CUST-07320,215.54,0.0,0.0,0.0,0.0,215.54,0.0036
DEBT-07321,CUST-07321,10396.48,0.0,0.0,0.0,389816.93,400213.41,0.8144
DEBT-07322,CUST-07322,5571.81,0.0,0.0,24580.83,0.0,30152.64,0.1166
DEBT-07323,CUST-07323,17267.82,0.0,0.0,0.0,171624.85,188892.67,0.188
DEBT-07324,CUST-07324,0.0,13071.99,0.0,14648.76,182246.06,209966.81,0.7819
DEBT-07325,CUST-07325,16627.18,0.0,0.0,10947.46,0.0,27574.64,0.0358
DEBT-07326,CUST-07326,0.0,0.0,0.0,14048.77,0.0,14048.77,0.0283
DEBT-07327,CUST-07327,10797.83,0.0,0.0,25442.9,444431.2,480671.93,0.5049
DEBT-07328,CUST-07328,5733.64,0.0,0.0,11189.48,262224.66,279147.78,0.9726
DEBT-07329,CUST-07329,6527.2,0.0,0.0,0.0,0.0,6527.2,0.0157
DEBT-07330,CUST-07330,391.0,0.0,0.0,18176.65,0.0,18567.65,0.0743
DEBT-07331,CUST-07331,3395.77,0.0,0.0,0.0,0.0,3395.77,0.0079
DEBT-07332,CUST-07332,0.0,0.0,0.0,17161.7,0.0,17161.7,0.1229
DEBT-07333,CUST-07333,0.0,0.0,0.0,11035.46,138391.89,149427.35,0.4754
DEBT-07334,CUST-07334,2559.68,0.0,0.0,0.0,143143.98,145703.66,0.3479
DEBT-07335,CUST-07335,6459.82,0.0,0.0,17559.75,0.0,24019.57,0.0312
DEBT-07336,CUST-07336,0.0,0.0,0.0,0.0,0.0,0.0,0.0
DEBT-07337,CUST-07337,0.0,0.0,0.0,0.0,0.0,0.0,0.0
DEBT-07338,CUST-07338,1173.81,0.0,0.0,11618.12,0.0,12791.93,0.0544
DEBT-07339,CUST-07339,0.0,19158.54,0.0,23343.25,133712.25,176214.04,0.5975
DEBT-07340,CUST-07340,321.0,12613.44,0.0,0.0,0.0,12934.44,0.1691
DEBT-07341,CUST-07341,17675.23,0.0,0.0,15625.0,0.0,33300.23,0.0407
DEBT-07342,CUST-07342,3396.25,18377.32,0.0,5751.19,330888.92,358413.68,1.2187
DEBT-07343,CUST-07343,1538.02,0.0,0.0,0.0,0.0,1538.02,0.0026
DEBT-07344,CUST-07344,2021.34,0.0,0.0,0.0,0.0,2021.34,0.0046
DEBT-07345,CUST-07345,0.0,0.0,0.0,0.0,345674.74,345674.74,0.9972
DEBT-07346,CUST-07346,1867.9,0.0,0.0,0.0,0.0,1867.9,0.0082
DEBT-07347,CUST-07347,0.0,0.0,0.0,0.0,0.0,0.0,0.0
DEBT-07348,CUST-07348,705.31,0.0,19386.98,20082.87,0.0,40175.16,0.0754
DEBT-07349,CUST-07349,4298.42,8403.52,0.0,13930.83,438471.85,465104.62,0.7927
DEBT-07350,CUST-07350,6283.51,0.0,0.0,0.0,0.0,6283.51,0.0161
DEBT-07351,CUST-07351,6577.66,16660.07,0.0,24426.61,0.0,47664.34,0.1019
DEBT-07352,CUST-07352,0.0,0.0,5445.87,28549.6,129220.46,163215.93,0.2927
DEBT-07353,CUST-07353,8145.44,0.0,0.0,8313.74,0.0,16459.18,0.0349
DEBT-07354,CUST-07354,0.0,0.0,0.0,0.0,0.0,0.0,0.0
DEBT-07355,CUST-07355,0.0,0.0,0.0,0.0,0.0,0.0,0.0
DEBT-07356,CUST-07356,0.0,0.0,0.0,0.0,257462.07,257462.07,0.4428
DEBT-07357,CUST-07357,6133.69,21835.76,0.0,0.0,242889.37,270858.82,0.3828
DEBT-07358,CUST-07358,0.0,0.0,0.0,26181.01,0.0,26181.01,0.2805
DEBT-07359,CUST-07359,12666.43,0.0,0.0,18452.39,0.0,31118.82,0.0451
DEBT-07360,CUST-07360,0.0,0.0,0.0,0.0,0.0,0.0,0.0
DEBT-07361,CUST-07361,0.0,0.0,0.0,0.0,372239.53,372239.53,0.8072
DEBT-07362,CUST-07362,0.0,0.0,0.0,0.0,183244.87,183244.87,0.4441
DEBT-07363,CUST-07363,0.0,0.0,0.0,0.0,0.0,0.0,0.0
DEBT-07364,CUST-07364,13112.52,0.0,0.0,0.0,0.0,13112.52,0.0124
DEBT-07365,CUST-07365,10982.23,0.0,0.0,0.0,0.0,10982.23,0.0156
DEBT-07366,CUST-07366,6820.31,19862.34,0.0,0.0,0.0,26682.65,0.0583
DEBT-07367,CUST-07367,4486.08,0.0,0.0,0.0,0.0,4486.08,0.0078
DEBT-07368,CUST-07368,5089.02,0.0,0.0,0.0,0.0,5089.02,0.0192
DEBT-07369,CUST-07369,3794.36,0.0,0.0,34150.29,0.0,37944.65,0.1386
DEBT-07370,CUST-07370,4141.96,0.0,0.0,29702.23,280126.78,313970.97,0.9702
DEBT-07371,CUST-07371,0.0,0.0,0.0,0.0,346650.73,346650.73,0.3811
DEBT-07372,CUST-07372,0.0,1527.94,0.0,0.0,81165.75,82693.69,0.0979
DEBT-07373,CUST-07373,0.0,0.0,0.0,0.0,0.0,0.0,0.0
DEBT-07374,CUST-07374,0.0,0.0,0.0,0.0,0.0,0.0,0.0
DEBT-07375,CUST-07375,2579.74,14056.87,0.0,0.0,0.0,16636.61,0.0585
DEBT-07376,CUST-07376,0.0,0.0,0.0,0.0,109295.26,109295.26,0.1305
DEBT-07377,CUST-07377,0.0,13471.68,0.0,0.0,0.0,13471.68,0.0189
DEBT-07378,CUST-07378,6874.82,0.0,33876.8,0.0,443473.43,484225.05,1.1594
DEBT-07379,CUST-07379,0.0,0.0,0.0,0.0,0.0,0.0,0.0
DEBT-07380,CUST-07380,3388.81,2959.6,0.0,0.0,0.0,6348.41,0.0316
DEBT-07381,CUST-07381,0.0,0.0,0.0,26151.9,0.0,26151.9,0.0466
DEBT-07382,CUST-07382,0.0,2578.26,0.0,29437.5,0.0,32015.76,0.3101
DEBT-07383,CUST-07383,18579.25,0.0,0.0,0.0,0.0,18579.25,0.0184
DEBT-07384,CUST-07384,0.0,0.0,0.0,0.0,0.0,0.0,0.0
DEBT-07385,CUST-07385,9140.34,0.0,0.0,19316.22,262237.78,290694.34,0.5178
DEBT-07386,CUST-07386,0.0,0.0,18355.46,0.0,0.0,18355.46,0.0262
DEBT-07387,CUST-07387,6553.69,8193.01,0.0,0.0,0.0,14746.7,0.0189
DEBT-07388,CUST-07388,4911.17,0.0,30812.97,0.0,0.0,35724.14,0.0823
DEBT-07389,CUST-07389,0.0,0.0,0.0,29287.74,0.0,29287.74,0.4933
DEBT-07390,CUST-07390,0.0,15697.28,0.0,27577.03,0.0,43274.31,0.0728
DEBT-07391,CUST-07391,9592.15,6905.51,0.0,0.0,329233.06,345730.72,0.592
DEBT-07392,CUST-07392,0.0,0.0,0.0,0.0,311111.32,311111.32,0.7078
DEBT-07393,CUST-07393,0.0,0.0,0.0,0.0,0.0,0.0,0.0
DEBT-07394,CUST-07394,0.0,0.0,0.0,32931.96,0.0,32931.96,0.0633
DEBT-07395,CUST-07395,1946.26,0.0,0.0,0.0,0.0,1946.26,0.0217
DEBT-07396,CUST-07396,6353.81,0.0,0.0,6993.02,0.0,13346.83,0.0375
DEBT-07397,CUST-07397,6953.9,0.0,0.0,10149.59,0.0,17103.49,0.0357
DEBT-07398,CUST-07398,0.0,0.0,0.0,0.0,284537.25,284537.25,1.0538
DEBT-07399,CUST-07399,670.03,0.0,0.0,0.0,0.0,670.03,0.0096
DEBT-07400,CUST-07400,0.0,0.0,0.0,0.0,0.0,0.0,0.0
DEBT-07401,CUST-07401,0.0,6387.44,0.0,0.0,0.0,6387.44,0.0105
DEBT-07402,CUST-07402,0.0,0.0,0.0,0.0,0.0,0.0,0.0
DEBT-07403,CUST-07403,1526.28,7756.31,0.0,23674.1,360882.98,393839.67,0.704
DEBT-07404,CUST-07404,0.0,17295.5,0.0,9323.83,0.0,26619.33,0.0506
DEBT-07405,CUST-07405,2113.49,0.0,31466.13,0.0,0.0,33579.62,0.0463
DEBT-07406,CUST-07406,13115.05,0.0,0.0,0.0,0.0,13115.05,0.0136
DEBT-07407,CUST-07407,4786.46,0.0,0.0,0.0,112934.1,117720.56,0.3092
DEBT-07408,CUST-07408,0.0,2249.98,32980.26,0.0,319030.14,354260.38,0.7367
DEBT-07409,CUST-07409,0.0,0.0,0.0,22967.37,0.0,22967.37,0.1752
DEBT-07410,CUST-07410,11624.65,16403.67,0.0,0.0,0.0,28028.32,0.0351
DEBT-07411,CUST-07411,12070.09,0.0,0.0,0.0,0.0,12070.09,0.0165
DEBT-07412,CUST-07412,10274.31,0.0,0.0,32566.15,147097.39,189937.85,0.3612
DEBT-07413,CUST-07413,8291.35,0.0,0.0,33959.88,412313.92,454565.15,0.7044
DEBT-07414,CUST-07414,15444.21,0.0,0.0,32653.95,0.0,48098.16,0.0694
DEBT-07415,CUST-07415,0.0,0.0,17525.56,0.0,319028.58,336554.14,0.8815
DEBT-07416,CUST-07416,1737.97,8820.35,0.0,31830.55,106256.59,148645.46,0.3562
DEBT-07417,CUST-07417,1835.46,0.0,0.0,0.0,0.0,1835.46,0.0031
DEBT-07418,CUST-07418,4274.5,0.0,0.0,30416.62,224276.98,258968.1,0.9033
DEBT-07419,CUST-07419,0.0,9409.9,10820.56,17251.52,0.0,37481.98,0.0316
DEBT-07420,CUST-07420,3275.89,0.0,0.0,0.0,0.0,3275.89,0.0097
DEBT-07421,CUST-07421,2885.82,0.0,0.0,0.0,0.0,2885.82,0.0073
DEBT-07422,CUST-07422,10056.06,23624.75,0.0,0.0,273501.26,307182.07,0.6526
DEBT-07423,CUST-07423,20963.69,0.0,0.0,12491.49,320455.87,353911.05,0.3797
DEBT-07424,CUST-07424,13032.15,0.0,0.0,0.0,0.0,13032.15,0.021
DEBT-07425,CUST-07425,13918.56,0.0,0.0,0.0,416603.25,430521.81,0.5215
DEBT-07426,CUST-07426,0.0,0.0,0.0,0.0,0.0,0.0,0.0
DEBT-07427,CUST-07427,725.95,0.0,25569.92,6763.07,0.0,33058.94,0.0375
DEBT-07428,CUST-07428,11567.27,0.0,0.0,26210.19,405783.99,443561.45,0.8413
DEBT-07429,CUST-07429,11006.96,0.0,0.0,0.0,0.0,11006.96,0.0221
DEBT-07430,CUST-07430,10976.45,0.0,0.0,0.0,0.0,10976.45,0.0146
DEBT-07431,CUST-07431,3093.93,0.0,0.0,0.0,333338.23,336432.16,1.2577
DEBT-07432,CUST-07432,0.0,0.0,0.0,0.0,375191.91,375191.91,1.0687
DEBT-07433,CUST-07433,0.0,0.0,0.0,0.0,0.0,0.0,0.0
DEBT-07434,CUST-07434,7681.71,0.0,0.0,0.0,183090.15,190771.86,0.1941
DEBT-07435,CUST-07435,4150.34,0.0,40262.39,0.0,0.0,44412.73,0.1263
DEBT-07436,CUST-07436,8840.87,0.0,27884.54,26817.89,166517.14,230060.44,0.3103
DEBT-07437,CUST-07437,5286.5,18100.85,0.0,10942.44,0.0,34329.79,0.0877
DEBT-07438,CUST-07438,0.0,0.0,0.0,24490.68,0.0,24490.68,0.3564
DEBT-07439,CUST-07439,6275.53,0.0,0.0,4472.22,147356.07,158103.82,0.393
DEBT-07440,CUST-07440,11156.21,21405.93,0.0,0.0,126717.0,159279.14,0.273
DEBT-07441,CUST-07441,0.0,0.0,0.0,0.0,365482.19,365482.19,0.6348
DEBT-07442,CUST-07442,0.0,11659.25,0.0,8078.72,0.0,19737.97,0.0254
DEBT-07443,CUST-07443,9967.97,0.0,0.0,0.0,0.0,9967.97,0.0152
DEBT-07444,CUST-07444,160.59,0.0,0.0,28724.85,0.0,28885.44,0.2778
DEBT-07445,CUST-07445,5385.1,0.0,0.0,0.0,0.0,5385.1,0.0086
DEBT-07446,CUST-07446,0.0,0.0,0.0,0.0,0.0,0.0,0.0
DEBT-07447,CUST-07447,0.0,0.0,0.0,0.0,0.0,0.0,0.0
DEBT-07448,CUST-07448,2175.02,0.0,0.0,0.0,444554.95,446729.97,1.1669
DEBT-07449,CUST-07449,10972.07,21947.42,0.0,0.0,198881.9,231801.39,0.2428
DEBT-07450,CUST-07450,0.0,0.0,0.0,0.0,0.0,0.0,0.0
DEBT-07451,CUST-07451,12101.96,1523.18,0.0,0.0,0.0,13625.14,0.0252
DEBT-07452,CUST-07452,12450.4,0.0,0.0,0.0,0.0,12450.4,0.0206
DEBT-07453,CUST-07453,2697.41,0.0,0.0,0.0,381947.99,384645.4,1.1252
DEBT-07454,CUST-07454,0.0,21862.53,26840.33,0.0,0.0,48702.86,0.079
DEBT-07455,CUST-07455,0.0,0.0,5657.14,0.0,0.0,5657.14,0.0134
DEBT-07456,CUST-07456,10691.41,0.0,0.0,29071.72,0.0,39763.13,0.0631
DEBT-07457,CUST-07457,5945.44,20600.12,0.0,0.0,0.0,26545.56,0.0583
DEBT-07458,CUST-07458,4302.84,0.0,42746.55,0.0,369934.02,416983.41,0.8433
DEBT-07459,CUST-07459,7775.1,22035.97,0.0,0.0,0.0,29811.07,0.0862
DEBT-07460,CUST-07460,6315.13,0.0,0.0,25022.12,0.0,31337.25,0.077
DEBT-07461,CUST-07461,0.0,0.0,0.0,14454.26,0.0,14454.26,0.0169
DEBT-07462,CUST-07462,0.0,0.0,0.0,0.0,0.0,0.0,0.0
DEBT-07463,CUST-07463,0.0,6315.47,0.0,22712.02,162170.99,191198.48,0.4444
DEBT-07464,CUST-07464,8228.66,0.0,0.0,9769.49,184093.24,202091.39,0.5533
DEBT-07465,CUST-07465,2294.52,0.0,0.0,0.0,0.0,2294.52,0.0037
DEBT-07466,CUST-07466,0.0,13133.51,0.0,11217.28,0.0,24350.79,0.0295
DEBT-07467,CUST-07467,6096.45,0.0,0.0,0.0,334508.08,340604.53,0.5353
DEBT-07468,CUST-07468,4118.5,14357.46,0.0,15570.57,181537.5,215584.03,0.7481
DEBT-07469,CUST-07469,5093.82,0.0,0.0,0.0,209007.39,214101.21,0.3937
DEBT-07470,CUST-07470,725.98,22057.56,22786.07,0.0,0.0,45569.61,0.1211
DEBT-07471,CUST-07471,0.0,0.0,0.0,0.0,0.0,0.0,0.0
DEBT-07472,CUST-07472,0.0,0.0,0.0,19366.63,289220.55,308587.18,0.6463
DEBT-07473,CUST-07473,3969.5,0.0,0.0,0.0,0.0,3969.5,0.014
DEBT-07474,CUST-07474,3578.98,0.0,0.0,0.0,259518.61,263097.59,0.4718
DEBT-07475,CUST-07475,0.0,0.0,0.0,0.0,0.0,0.0,0.0
DEBT-07476,CUST-07476,0.0,17779.86,0.0,0.0,210251.03,228030.89,0.3037
DEBT-07477,CUST-07477,333.16,19854.0,0.0,0.0,0.0,20187.16,0.0735
DEBT-07478,CUST-07478,0.0,0.0,0.0,29269.78,410751.73,440021.51,0.528
DEBT-07479,CUST-07479,1765.76,0.0,0.0,0.0,0.0,1765.76,0.0112
DEBT-07480,CUST-07480,591.84,0.0,0.0,26851.01,0.0,27442.85,0.0666
DEBT-07481,CUST-07481,3287.53,17908.92,0.0,27266.41,0.0,48462.86,0.1237
DEBT-07482,CUST-07482,8632.16,0.0,0.0,0.0,117784.59,126416.75,0.1695
DEBT-07483,CUST-07483,5229.86,0.0,0.0,0.0,352414.2,357644.06,1.4079
DEBT-07484,CUST-07484,0.0,0.0,0.0,0.0,0.0,0.0,0.0
DEBT-07485,CUST-07485,0.0,0.0,0.0,0.0,0.0,0.0,0.0
DEBT-07486,CUST-07486,3838.59,5109.87,0.0,31463.13,250066.96,290478.55,0.7357
DEBT-07487,CUST-07487,0.0,0.0,0.0,21795.82,0.0,21795.82,0.0783
DEBT-07488,CUST-07488,15465.41,0.0,0.0,0.0,435298.74,450764.15,0.3741
DEBT-07489,CUST-07489,1790.38,19492.66,0.0,0.0,0.0,21283.04,0.048
DEBT-07490,CUST-07490,11252.71,0.0,0.0,0.0,94588.82,105841.53,0.1415
DEBT-07491,CUST-07491,57.45,0.0,0.0,0.0,0.0,57.45,0.0007
DEBT-07492,CUST-07492,3131.55,0.0,0.0,0.0,0.0,3131.55,0.006
DEBT-07493,CUST-07493,0.0,0.0,0.0,7619.43,417393.04,425012.47,0.9483
DEBT-07494,CUST-07494,3734.82,0.0,0.0,0.0,0.0,3734.82,0.0134
DEBT-07495,CUST-07495,2105.36,0.0,8764.97,0.0,0.0,10870.33,0.024
DEBT-07496,CUST-07496,7536.67,18666.87,0.0,17514.8,164202.82,207921.16,0.4557
DEBT-07497,CUST-07497,7140.42,0.0,0.0,0.0,0.0,7140.42,0.0198
DEBT-07498,CUST-07498,5990.45,0.0,0.0,0.0,420545.26,426535.71,0.8645
DEBT-07499,CUST-07499,0.0,0.0,0.0,0.0,138076.42,138076.42,0.1501
DEBT-07500,CUST-07500,22659.96,0.0,29451.27,0.0,298291.71,350402.94,0.3077
DEBT-07501,CUST-07501,0.0,0.0,0.0,14968.16,0.0,14968.16,0.121
DEBT-07502,CUST-07502,0.0,4557.6,0.0,0.0,0.0,4557.6,0.0094
DEBT-07503,CUST-07503,0.0,0.0,0.0,0.0,0.0,0.0,0.0
DEBT-07504,CUST-07504,6543.88,0.0,0.0,0.0,0.0,6543.88,0.0102
DEBT-07505,CUST-07505,16760.89,0.0,0.0,0.0,0.0,16760.89,0.018
DEBT-07506,CUST-07506,0.0,3380.77,0.0,19840.86,0.0,23221.63,0.0841
DEBT-07507,CUST-07507,1254.26,0.0,0.0,0.0,0.0,1254.26,0.0031
DEBT-07508,CUST-07508,0.0,0.0,0.0,0.0,0.0,0.0,0.0
DEBT-07509,CUST-07509,5574.47,0.0,30235.15,0.0,0.0,35809.62,0.0813
DEBT-07510,CUST-07510,0.0,8800.42,0.0,0.0,417774.22,426574.64,0.5895
DEBT-07511,CUST-07511,0.0,18338.86,0.0,0.0,0.0,18338.86,0.0421
DEBT-07512,CUST-07512,0.0,0.0,0.0,0.0,94972.35,94972.35,0.1096
DEBT-07513,CUST-07513,3394.28,0.0,0.0,0.0,342221.26,345615.54,1.2745
DEBT-07514,CUST-07514,11132.07,0.0,0.0,0.0,0.0,11132.07,0.0176
DEBT-07515,CUST-07515,0.0,0.0,0.0,0.0,438419.17,438419.17,0.3793
DEBT-07516,CUST-07516,7135.28,0.0,0.0,0.0,0.0,7135.28,0.0175
DEBT-07517,CUST-07517,1758.05,0.0,0.0,0.0,0.0,1758.05,0.0035
DEBT-07518,CUST-07518,8042.23,0.0,17206.09,4897.08,116788.8,146934.2,0.3436
DEBT-07519,CUST-07519,7212.83,0.0,0.0,0.0,394715.63,401928.46,0.6827
DEBT-07520,CUST-07520,4346.85,0.0,0.0,0.0,0.0,4346.85,0.0171
DEBT-07521,CUST-07521,0.0,22774.24,0.0,0.0,379385.27,402159.51,1.5049
DEBT-07522,CUST-07522,2055.71,11096.82,0.0,24047.4,0.0,37199.93,0.1138
DEBT-07523,CUST-07523,1169.09,0.0,0.0,0.0,0.0,1169.09,0.0153
DEBT-07524,CUST-07524,7142.29,0.0,0.0,0.0,0.0,7142.29,0.0193
DEBT-07525,CUST-07525,7380.47,0.0,0.0,0.0,0.0,7380.47,0.0113
DEBT-07526,CUST-07526,5677.8,21251.88,0.0,0.0,0.0,26929.68,0.1023
DEBT-07527,CUST-07527,6232.75,17420.07,0.0,4338.93,0.0,27991.75,0.0789
DEBT-07528,CUST-07528,0.0,19011.56,0.0,0.0,0.0,19011.56,0.0385
DEBT-07529,CUST-07529,0.0,0.0,0.0,27138.2,0.0,27138.2,0.0447
DEBT-07530,CUST-07530,1349.85,0.0,0.0,0.0,360695.09,362044.94,0.3633
DEBT-07531,CUST-07531,2414.0,0.0,26990.64,0.0,0.0,29404.64,0.2365
DEBT-07532,CUST-07532,341.87,5594.94,0.0,0.0,0.0,5936.81,0.0885
DEBT-07533,CUST-07533,0.0,0.0,32079.64,0.0,0.0,32079.64,0.2342
DEBT-07534,CUST-07534,7061.25,12422.44,0.0,0.0,95870.14,115353.83,0.355
DEBT-07535,CUST-07535,0.0,0.0,0.0,0.0,347956.39,347956.39,0.6761
DEBT-07536,CUST-07536,4009.81,19507.28,0.0,23780.83,0.0,47297.92,0.1817
DEBT-07537,CUST-07537,0.0,0.0,22419.92,0.0,0.0,22419.92,0.0387
DEBT-07538,CUST-07538,7890.91,10669.7,0.0,0.0,387427.84,405988.45,0.462
DEBT-07539,CUST-07539,3702.24,0.0,0.0,25357.41,0.0,29059.65,0.0873
DEBT-07540,CUST-07540,0.0,0.0,0.0,0.0,0.0,0.0,0.0
DEBT-07541,CUST-07541,3267.63,0.0,0.0,0.0,0.0,3267.63,0.0098
DEBT-07542,CUST-07542,2332.67,0.0,0.0,10906.98,0.0,13239.65,0.079
DEBT-07543,CUST-07543,1061.44,0.0,0.0,12102.54,0.0,13163.98,0.0158
DEBT-07544,CUST-07544,1908.15,0.0,0.0,0.0,0.0,1908.15,0.0093
DEBT-07545,CUST-07545,11225.19,24750.43,0.0,0.0,0.0,35975.62,0.0346
DEBT-07546,CUST-07546,1019.7,0.0,0.0,0.0,0.0,1019.7,0.0104
DEBT-07547,CUST-07547,2685.99,13937.36,35101.24,7464.17,202061.72,261250.48,0.6072
DEBT-07548,CUST-07548,6785.91,0.0,0.0,32721.23,409501.24,449008.38,0.9598
DEBT-07549,CUST-07549,0.0,0.0,0.0,0.0,386965.12,386965.12,0.9478
DEBT-07550,CUST-07550,0.0,0.0,0.0,0.0,0.0,0.0,0.0
DEBT-07551,CUST-07551,0.0,0.0,38012.52,0.0,0.0,38012.52,0.0769
DEBT-07552,CUST-07552,4398.03,0.0,0.0,0.0,436035.46,440433.49,1.5771
DEBT-07553,CUST-07553,7931.93,23457.47,0.0,0.0,0.0,31389.4,0.073
DEBT-07554,CUST-07554,0.0,0.0,0.0,13387.61,0.0,13387.61,0.0432
DEBT-07555,CUST-07555,3514.34,0.0,0.0,23574.23,0.0,27088.57,0.0403
DEBT-07556,CUST-07556,0.0,17033.27,0.0,0.0,0.0,17033.27,0.0275
DEBT-07557,CUST-07557,5402.14,0.0,0.0,16537.79,0.0,21939.93,0.0449
DEBT-07558,CUST-07558,0.0,0.0,0.0,0.0,0.0,0.0,0.0
DEBT-07559,CUST-07559,0.0,0.0,0.0,20717.4,0.0,20717.4,0.0356
DEBT-07560,CUST-07560,2484.38,0.0,0.0,15694.88,0.0,18179.26,0.0169
DEBT-07561,CUST-07561,233.63,0.0,0.0,0.0,0.0,233.63,0.0008
DEBT-07562,CUST-07562,1248.07,0.0,0.0,29566.45,0.0,30814.52,0.1274
DEBT-07563,CUST-07563,0.0,0.0,0.0,0.0,0.0,0.0,0.0
DEBT-07564,CUST-07564,8665.57,0.0,0.0,0.0,260564.17,269229.74,0.5385
DEBT-07565,CUST-07565,0.0,0.0,0.0,0.0,0.0,0.0,0.0
DEBT-07566,CUST-07566,4102.4,0.0,0.0,0.0,0.0,4102.4,0.0173
DEBT-07567,CUST-07567,12807.35,19479.19,0.0,0.0,0.0,32286.54,0.0434
DEBT-07568,CUST-07568,722.24,0.0,0.0,0.0,0.0,722.24,0.0011
DEBT-07569,CUST-07569,5779.18,10827.9,0.0,26344.0,0.0,42951.08,0.0771
DEBT-07570,CUST-07570,0.0,0.0,0.0,29243.8,156965.83,186209.63,0.5855
DEBT-07571,CUST-07571,0.0,24519.2,0.0,0.0,0.0,24519.2,0.0587
DEBT-07572,CUST-07572,7052.43,0.0,0.0,0.0,384218.24,391270.67,0.9138
DEBT-07573,CUST-07573,1130.46,0.0,0.0,22626.86,0.0,23757.32,0.0539
DEBT-07574,CUST-07574,0.0,0.0,0.0,0.0,0.0,0.0,0.0
DEBT-07575,CUST-07575,4098.71,0.0,38508.32,13115.4,0.0,55722.43,0.1086
DEBT-07576,CUST-07576,807.89,0.0,0.0,0.0,0.0,807.89,0.0018
DEBT-07577,CUST-07577,0.0,2695.21,0.0,16609.91,0.0,19305.12,0.0397
DEBT-07578,CUST-07578,5712.09,0.0,0.0,0.0,0.0,5712.09,0.0125
DEBT-07579,CUST-07579,11773.72,0.0,0.0,0.0,0.0,11773.72,0.0124
DEBT-07580,CUST-07580,0.0,0.0,0.0,0.0,0.0,0.0,0.0
DEBT-07581,CUST-07581,8055.53,0.0,0.0,8454.01,213399.43,229908.97,0.5998
DEBT-07582,CUST-07582,9067.36,0.0,0.0,15238.03,235954.79,260260.18,0.2723
DEBT-07583,CUST-07583,10171.51,0.0,22000.18,16309.3,222037.69,270518.68,0.5825
DEBT-07584,CUST-07584,8420.83,0.0,0.0,0.0,0.0,8420.83,0.0163
DEBT-07585,CUST-07585,0.0,0.0,0.0,0.0,0.0,0.0,0.0
DEBT-07586,CUST-07586,980.3,0.0,39126.38,0.0,388559.64,428666.32,0.7249
DEBT-07587,CUST-07587,5412.02,0.0,0.0,0.0,0.0,5412.02,0.0064
DEBT-07588,CUST-07588,0.0,0.0,35261.96,13351.44,0.0,48613.4,0.0691
DEBT-07589,CUST-07589,1058.46,7541.28,0.0,0.0,373014.66,381614.4,0.7607
DEBT-07590,CUST-07590,0.0,0.0,0.0,0.0,170347.25,170347.25,0.3018
DEBT-07591,CUST-07591,0.0,18687.1,0.0,0.0,0.0,18687.1,0.0335
DEBT-07592,CUST-07592,1874.8,0.0,0.0,17213.02,0.0,19087.82,0.0575
DEBT-07593,CUST-07593,0.0,0.0,0.0,10166.06,0.0,10166.06,0.0251
DEBT-07594,CUST-07594,5675.14,0.0,0.0,0.0,0.0,5675.14,0.0068
DEBT-07595,CUST-07595,3012.09,0.0,0.0,24674.59,0.0,27686.68,0.0407
DEBT-07596,CUST-07596,0.0,0.0,0.0,0.0,0.0,0.0,0.0
DEBT-07597,CUST-07597,2098.48,10333.48,15624.65,0.0,0.0,28056.61,0.0541
DEBT-07598,CUST-07598,4790.85,0.0,0.0,25842.99,0.0,30633.84,0.0966
DEBT-07599,CUST-07599,2282.96,0.0,0.0,0.0,407421.23,409704.19,1.1349
DEBT-07600,CUST-07600,1933.48,0.0,0.0,0.0,351754.85,353688.33,0.7155
DEBT-07601,CUST-07601,1405.67,0.0,0.0,0.0,0.0,1405.67,0.0084
DEBT-07602,CUST-07602,14335.98,0.0,0.0,0.0,0.0,14335.98,0.0207
DEBT-07603,CUST-07603,18941.78,6719.26,0.0,21480.12,0.0,47141.16,0.0458
DEBT-07604,CUST-07604,1015.71,18510.11,0.0,0.0,0.0,19525.82,0.0402
DEBT-07605,CUST-07605,0.0,0.0,36533.41,0.0,228166.26,264699.67,0.244
DEBT-07606,CUST-07606,8025.4,0.0,0.0,13076.68,0.0,21102.08,0.0385
DEBT-07607,CUST-07607,8083.2,5943.79,0.0,0.0,376669.89,390696.88,0.819
DEBT-07608,CUST-07608,11723.85,12371.55,0.0,0.0,0.0,24095.4,0.0411
DEBT-07609,CUST-07609,1482.89,4411.2,0.0,4637.69,0.0,10531.78,0.0229
DEBT-07610,CUST-07610,0.0,0.0,0.0,0.0,0.0,0.0,0.0
DEBT-07611,CUST-07611,0.0,0.0,0.0,0.0,0.0,0.0,0.0
DEBT-07612,CUST-07612,0.0,0.0,0.0,0.0,0.0,0.0,0.0
DEBT-07613,CUST-07613,1305.13,0.0,31554.38,10619.04,0.0,43478.55,0.0749
DEBT-07614,CUST-07614,3089.4,0.0,0.0,4652.28,0.0,7741.68,0.0418
DEBT-07615,CUST-07615,8219.57,0.0,0.0,0.0,0.0,8219.57,0.0111
DEBT-07616,CUST-07616,815.29,0.0,0.0,25104.19,0.0,25919.48,0.0881
DEBT-07617,CUST-07617,2781.52,0.0,0.0,14057.85,0.0,16839.37,0.0379
DEBT-07618,CUST-07618,4497.3,2220.41,0.0,0.0,0.0,6717.71,0.0226
DEBT-07619,CUST-07619,0.0,0.0,0.0,19608.23,0.0,19608.23,0.049
DEBT-07620,CUST-07620,0.0,0.0,0.0,0.0,0.0,0.0,0.0
DEBT-07621,CUST-07621,0.0,0.0,0.0,0.0,0.0,0.0,0.0
DEBT-07622,CUST-07622,0.0,0.0,0.0,0.0,0.0,0.0,0.0
DEBT-07623,CUST-07623,0.0,0.0,0.0,0.0,287099.48,287099.48,0.4383
DEBT-07624,CUST-07624,1619.92,0.0,0.0,14200.97,0.0,15820.89,0.1603
DEBT-07625,CUST-07625,8288.99,0.0,0.0,0.0,324622.61,332911.6,0.4339
DEBT-07626,CUST-07626,0.0,0.0,19780.06,0.0,0.0,19780.06,0.0476
DEBT-07627,CUST-07627,8377.94,0.0,0.0,0.0,433085.34,441463.28,0.9991
DEBT-07628,CUST-07628,7287.12,17509.46,0.0,22388.08,0.0,47184.66,0.0579
DEBT-07629,CUST-07629,10407.69,0.0,0.0,0.0,0.0,10407.69,0.0174
DEBT-07630,CUST-07630,2501.71,23215.46,7437.53,26748.65,152240.86,212144.21,0.6397
DEBT-07631,CUST-07631,9547.15,0.0,0.0,0.0,0.0,9547.15,0.0154
DEBT-07632,CUST-07632,0.0,0.0,0.0,0.0,0.0,0.0,0.0
DEBT-07633,CUST-07633,11956.49,11879.88,0.0,25775.39,0.0,49611.76,0.0693
DEBT-07634,CUST-07634,8065.99,22388.64,0.0,0.0,338581.79,369036.42,0.9207
DEBT-07635,CUST-07635,3510.95,0.0,0.0,27339.54,0.0,30850.49,0.0855
DEBT-07636,CUST-07636,3654.35,0.0,0.0,0.0,0.0,3654.35,0.0079
DEBT-07637,CUST-07637,6682.51,3256.03,0.0,33916.01,0.0,43854.55,0.1293
DEBT-07638,CUST-07638,3583.79,0.0,0.0,6706.29,214995.94,225286.02,0.3771
DEBT-07639,CUST-07639,878.39,0.0,0.0,0.0,0.0,878.39,0.0033
DEBT-07640,CUST-07640,0.0,0.0,0.0,0.0,0.0,0.0,0.0
DEBT-07641,CUST-07641,17951.17,0.0,0.0,0.0,372260.34,390211.51,0.4877
DEBT-07642,CUST-07642,2289.02,0.0,0.0,0.0,0.0,2289.02,0.0033
DEBT-07643,CUST-07643,3569.28,6285.77,0.0,26905.81,0.0,36760.86,0.0793
DEBT-07644,CUST-07644,9006.41,21013.1,0.0,26581.15,0.0,56600.66,0.093
DEBT-07645,CUST-07645,7350.96,0.0,0.0,0.0,0.0,7350.96,0.0118
DEBT-07646,CUST-07646,9540.52,0.0,0.0,18222.23,0.0,27762.75,0.0506
DEBT-07647,CUST-07647,0.0,21881.2,0.0,21873.4,0.0,43754.6,0.1405
DEBT-07648,CUST-07648,573.87,0.0,0.0,30510.0,0.0,31083.87,0.4694
DEBT-07649,CUST-07649,4760.59,6082.87,0.0,33534.29,0.0,44377.75,0.1011
DEBT-07650,CUST-07650,3028.43,0.0,0.0,0.0,0.0,3028.43,0.0071
DEBT-07651,CUST-07651,0.0,0.0,0.0,6739.23,0.0,6739.23,0.0196
DEBT-07652,CUST-07652,0.0,13265.66,0.0,32166.61,0.0,45432.27,0.0727
DEBT-07653,CUST-07653,0.0,0.0,0.0,34595.36,0.0,34595.36,0.0489
DEBT-07654,CUST-07654,1310.74,0.0,0.0,0.0,0.0,1310.74,0.0038
DEBT-07655,CUST-07655,8381.34,0.0,0.0,0.0,108492.67,116874.01,0.1411
DEBT-07656,CUST-07656,8644.54,7931.67,0.0,0.0,0.0,16576.21,0.0363
DEBT-07657,CUST-07657,0.0,0.0,0.0,0.0,0.0,0.0,0.0
DEBT-07658,CUST-07658,0.0,0.0,0.0,0.0,0.0,0.0,0.0
DEBT-07659,CUST-07659,2789.32,0.0,0.0,0.0,0.0,2789.32,0.0042
DEBT-07660,CUST-07660,0.0,0.0,0.0,0.0,288064.84,288064.84,0.5188
DEBT-07661,CUST-07661,0.0,0.0,0.0,0.0,0.0,0.0,0.0
DEBT-07662,CUST-07662,0.0,6504.0,0.0,0.0,189278.62,195782.62,0.1997
DEBT-07663,CUST-07663,6035.9,6633.28,0.0,0.0,171767.92,184437.1,0.2526
DEBT-07664,CUST-07664,1886.74,12308.41,0.0,0.0,0.0,14195.15,0.0802
DEBT-07665,CUST-07665,397.95,0.0,0.0,28308.6,0.0,28706.55,0.0966
DEBT-07666,CUST-07666,0.0,0.0,0.0,0.0,0.0,0.0,0.0
DEBT-07667,CUST-07667,1737.77,0.0,0.0,0.0,0.0,1737.77,0.0077
DEBT-07668,CUST-07668,0.0,0.0,0.0,19322.12,0.0,19322.12,0.0577
DEBT-07669,CUST-07669,2663.4,0.0,0.0,0.0,0.0,2663.4,0.0079
DEBT-07670,CUST-07670,6856.07,0.0,0.0,0.0,327420.91,334276.98,0.9786
DEBT-07671,CUST-07671,1131.23,0.0,0.0,0.0,0.0,1131.23,0.0067
DEBT-07672,CUST-07672,0.0,0.0,0.0,0.0,188035.64,188035.64,0.6423
DEBT-07673,CUST-07673,0.0,0.0,0.0,0.0,279218.84,279218.84,0.3502
DEBT-07674,CUST-07674,0.0,0.0,0.0,14625.32,186713.25,201338.57,0.6954
DEBT-07675,CUST-07675,0.0,0.0,0.0,32711.86,258430.36,291142.22,0.5559
DEBT-07676,CUST-07676,8494.64,0.0,0.0,0.0,228421.51,236916.15,0.2373
DEBT-07677,CUST-07677,3232.57,19693.91,0.0,0.0,0.0,22926.48,0.0633
DEBT-07678,CUST-07678,11939.77,0.0,0.0,22519.19,377343.18,411802.14,0.701
DEBT-07679,CUST-07679,543.02,0.0,0.0,0.0,0.0,543.02,0.0061
DEBT-07680,CUST-07680,0.0,0.0,40414.08,21852.57,0.0,62266.65,0.077
DEBT-07681,CUST-07681,0.0,0.0,0.0,0.0,306574.38,306574.38,0.4583
DEBT-07682,CUST-07682,35567.11,0.0,0.0,24727.88,0.0,60294.99,0.0317
DEBT-07683,CUST-07683,3866.13,0.0,0.0,16610.23,0.0,20476.36,0.0343
DEBT-07684,CUST-07684,5536.03,0.0,0.0,0.0,0.0,5536.03,0.0195
DEBT-07685,CUST-07685,10559.59,0.0,0.0,17450.21,0.0,28009.8,0.0585
DEBT-07686,CUST-07686,5467.41,0.0,0.0,0.0,389698.37,395165.78,0.9176
DEBT-07687,CUST-07687,3244.61,0.0,0.0,0.0,0.0,3244.61,0.0152
DEBT-07688,CUST-07688,5888.38,16043.74,0.0,9675.28,0.0,31607.4,0.1221
DEBT-07689,CUST-07689,6953.56,3287.85,0.0,28896.5,0.0,39137.91,0.0798
DEBT-07690,CUST-07690,5065.84,0.0,0.0,22724.49,0.0,27790.33,0.063
DEBT-07691,CUST-07691,6657.14,0.0,0.0,0.0,0.0,6657.14,0.0201
DEBT-07692,CUST-07692,16988.62,23203.18,0.0,0.0,404727.69,444919.49,0.5147
DEBT-07693,CUST-07693,0.0,0.0,0.0,24525.0,0.0,24525.0,0.0344
DEBT-07694,CUST-07694,15521.56,0.0,0.0,0.0,0.0,15521.56,0.0178
DEBT-07695,CUST-07695,0.0,0.0,0.0,0.0,0.0,0.0,0.0
DEBT-07696,CUST-07696,7191.82,14403.78,0.0,24118.5,0.0,45714.1,0.1023
DEBT-07697,CUST-07697,0.0,0.0,0.0,0.0,0.0,0.0,0.0
DEBT-07698,CUST-07698,0.0,0.0,0.0,0.0,203666.09,203666.09,0.4105
DEBT-07699,CUST-07699,15576.25,0.0,0.0,0.0,0.0,15576.25,0.0178
DEBT-07700,CUST-07700,3080.44,0.0,0.0,0.0,220454.01,223534.45,0.5298
DEBT-07701,CUST-07701,4678.42,0.0,0.0,0.0,0.0,4678.42,0.0083
DEBT-07702,CUST-07702,4892.65,0.0,0.0,0.0,0.0,4892.65,0.0157
DEBT-07703,CUST-07703,8799.44,21846.41,0.0,34271.54,0.0,64917.39,0.1302
DEBT-07704,CUST-07704,1981.28,0.0,41104.25,0.0,0.0,43085.53,0.0643
DEBT-07705,CUST-07705,9881.08,0.0,0.0,0.0,0.0,9881.08,0.0209
DEBT-07706,CUST-07706,7930.71,0.0,0.0,0.0,0.0,7930.71,0.022
DEBT-07707,CUST-07707,12565.67,0.0,0.0,0.0,161772.78,174338.45,0.1903
DEBT-07708,CUST-07708,6850.05,15455.03,0.0,0.0,0.0,22305.08,0.0406
DEBT-07709,CUST-07709,0.0,6400.57,16482.34,0.0,0.0,22882.91,0.0363
DEBT-07710,CUST-07710,5816.51,0.0,0.0,0.0,0.0,5816.51,0.0128
DEBT-07711,CUST-07711,7699.75,0.0,0.0,34026.65,0.0,41726.4,0.0789
DEBT-07712,CUST-07712,0.0,0.0,0.0,0.0,262853.35,262853.35,0.4808
DEBT-07713,CUST-07713,6831.48,0.0,0.0,29144.24,0.0,35975.72,0.0902
DEBT-07714,CUST-07714,0.0,0.0,0.0,0.0,386828.74,386828.74,1.0945
DEBT-07715,CUST-07715,6233.39,21090.84,0.0,11012.95,0.0,38337.18,0.1341
DEBT-07716,CUST-07716,0.0,0.0,0.0,0.0,0.0,0.0,0.0
DEBT-07717,CUST-07717,4457.19,2506.13,0.0,0.0,0.0,6963.32,0.0233
DEBT-07718,CUST-07718,0.0,0.0,0.0,0.0,0.0,0.0,0.0
DEBT-07719,CUST-07719,0.0,0.0,0.0,16665.12,385972.29,402637.41,1.6044
DEBT-07720,CUST-07720,3851.59,0.0,0.0,0.0,0.0,3851.59,0.0056
DEBT-07721,CUST-07721,922.22,18523.75,0.0,0.0,229378.6,248824.57,0.3657
DEBT-07722,CUST-07722,1908.28,0.0,0.0,16948.47,0.0,18856.75,0.2116
DEBT-07723,CUST-07723,7509.78,0.0,43160.39,28581.5,296008.84,375260.51,1.0505
DEBT-07724,CUST-07724,788.3,22658.42,0.0,0.0,0.0,23446.72,0.1786
DEBT-07725,CUST-07725,11063.79,0.0,0.0,0.0,0.0,11063.79,0.0167
DEBT-07726,CUST-07726,6132.99,0.0,0.0,0.0,0.0,6132.99,0.0079
DEBT-07727,CUST-07727,5429.5,0.0,0.0,0.0,0.0,5429.5,0.0126
DEBT-07728,CUST-07728,0.0,19680.58,0.0,0.0,0.0,19680.58,0.1473
DEBT-07729,CUST-07729,2468.24,18048.3,0.0,20653.47,0.0,41170.01,0.133
DEBT-07730,CUST-07730,5150.94,0.0,0.0,31285.34,0.0,36436.28,0.0925
DEBT-07731,CUST-07731,1011.84,0.0,0.0,0.0,356893.46,357905.3,1.2014
DEBT-07732,CUST-07732,14645.6,0.0,0.0,32400.73,0.0,47046.33,0.0737
DEBT-07733,CUST-07733,0.0,0.0,0.0,0.0,0.0,0.0,0.0
DEBT-07734,CUST-07734,998.46,0.0,0.0,17458.82,0.0,18457.28,0.0316
DEBT-07735,CUST-07735,0.0,0.0,29253.68,0.0,0.0,29253.68,0.0819
DEBT-07736,CUST-07736,0.0,16037.22,0.0,0.0,409300.22,425337.44,1.3975
DEBT-07737,CUST-07737,0.0,0.0,0.0,0.0,203260.17,203260.17,0.407
DEBT-07738,CUST-07738,0.0,0.0,0.0,0.0,149492.14,149492.14,0.4467
DEBT-07739,CUST-07739,6880.35,0.0,0.0,7601.98,0.0,14482.33,0.0169
DEBT-07740,CUST-07740,0.0,20780.01,0.0,0.0,0.0,20780.01,0.0521
DEBT-07741,CUST-07741,0.0,19034.66,0.0,0.0,0.0,19034.66,0.0184
DEBT-07742,CUST-07742,5960.04,0.0,0.0,28609.18,0.0,34569.22,0.094
DEBT-07743,CUST-07743,0.0,0.0,0.0,20802.54,213280.25,234082.79,0.2785
DEBT-07744,CUST-07744,8785.14,0.0,0.0,28417.4,0.0,37202.54,0.0775
DEBT-07745,CUST-07745,3909.54,0.0,0.0,0.0,0.0,3909.54,0.0079
DEBT-07746,CUST-07746,1039.48,7052.66,23560.05,0.0,0.0,31652.19,0.0722
DEBT-07747,CUST-07747,2093.68,0.0,0.0,0.0,0.0,2093.68,0.0056
DEBT-07748,CUST-07748,7950.18,0.0,0.0,0.0,413278.19,421228.37,0.5863
DEBT-07749,CUST-07749,0.0,8569.51,14257.56,0.0,0.0,22827.07,0.0549
DEBT-07750,CUST-07750,1217.18,0.0,0.0,0.0,0.0,1217.18,0.003
DEBT-07751,CUST-07751,821.75,0.0,0.0,0.0,0.0,821.75,0.0026
DEBT-07752,CUST-07752,1687.99,20356.44,0.0,0.0,427216.46,449260.89,1.3274
DEBT-07753,CUST-07753,1322.27,0.0,0.0,0.0,0.0,1322.27,0.0102
DEBT-07754,CUST-07754,0.0,0.0,0.0,4375.6,0.0,4375.6,0.0082
DEBT-07755,CUST-07755,7300.22,0.0,0.0,0.0,0.0,7300.22,0.0193
DEBT-07756,CUST-07756,20348.4,0.0,0.0,0.0,324537.09,344885.49,0.2761
DEBT-07757,CUST-07757,3724.54,0.0,0.0,0.0,0.0,3724.54,0.0084
DEBT-07758,CUST-07758,8553.08,0.0,0.0,0.0,267206.98,275760.06,0.5458
DEBT-07759,CUST-07759,0.0,0.0,0.0,0.0,91468.49,91468.49,0.2405
DEBT-07760,CUST-07760,1295.06,0.0,0.0,19470.06,0.0,20765.12,0.0483
DEBT-07761,CUST-07761,4359.71,0.0,0.0,7886.61,377144.81,389391.13,1.004
DEBT-07762,CUST-07762,0.0,0.0,0.0,0.0,299764.4,299764.4,0.3968
DEBT-07763,CUST-07763,1978.12,0.0,0.0,0.0,0.0,1978.12,0.0176
DEBT-07764,CUST-07764,0.0,11547.63,0.0,19235.82,0.0,30783.45,0.0439
DEBT-07765,CUST-07765,11804.38,0.0,0.0,0.0,0.0,11804.38,0.01
DEBT-07766,CUST-07766,15492.38,17783.3,0.0,0.0,0.0,33275.68,0.0469
DEBT-07767,CUST-07767,7230.34,0.0,0.0,0.0,0.0,7230.34,0.0223
DEBT-07768,CUST-07768,896.76,0.0,15451.03,0.0,0.0,16347.79,0.1319
DEBT-07769,CUST-07769,1061.82,0.0,0.0,0.0,157259.7,158321.52,0.3687
DEBT-07770,CUST-07770,0.0,0.0,13981.61,9616.49,141710.51,165308.61,0.2772
DEBT-07771,CUST-07771,0.0,0.0,0.0,16616.69,0.0,16616.69,0.0379
DEBT-07772,CUST-07772,0.0,0.0,0.0,0.0,0.0,0.0,0.0
DEBT-07773,CUST-07773,6675.42,1806.83,0.0,0.0,0.0,8482.25,0.0153
DEBT-07774,CUST-07774,7998.25,0.0,0.0,18093.0,0.0,26091.25,0.0707
DEBT-07775,CUST-07775,10132.59,0.0,0.0,0.0,0.0,10132.59,0.0165
DEBT-07776,CUST-07776,1604.99,0.0,0.0,0.0,0.0,1604.99,0.0058
DEBT-07777,CUST-07777,2692.64,21207.54,6915.03,16423.47,0.0,47238.68,0.1936
DEBT-07778,CUST-07778,2054.44,0.0,0.0,0.0,0.0,2054.44,0.0028
DEBT-07779,CUST-07779,0.0,0.0,0.0,0.0,0.0,0.0,0.0
DEBT-07780,CUST-07780,7958.71,19120.68,0.0,0.0,0.0,27079.39,0.0483
DEBT-07781,CUST-07781,24664.47,0.0,0.0,0.0,0.0,24664.47,0.017
DEBT-07782,CUST-07782,9710.26,0.0,0.0,0.0,0.0,9710.26,0.0197
DEBT-07783,CUST-07783,0.0,0.0,0.0,0.0,0.0,0.0,0.0
DEBT-07784,CUST-07784,5255.17,0.0,28840.56,0.0,0.0,34095.73,0.06
DEBT-07785,CUST-07785,7733.04,0.0,0.0,0.0,0.0,7733.04,0.0176
DEBT-07786,CUST-07786,3465.76,0.0,9676.44,0.0,0.0,13142.2,0.0338
DEBT-07787,CUST-07787,0.0,0.0,0.0,0.0,301265.87,301265.87,0.3451
DEBT-07788,CUST-07788,2809.9,0.0,0.0,0.0,331550.95,334360.85,0.6695
DEBT-07789,CUST-07789,5037.48,0.0,0.0,31241.83,182855.92,219135.23,0.7998
DEBT-07790,CUST-07790,2838.96,0.0,0.0,4213.05,0.0,7052.01,0.0124
DEBT-07791,CUST-07791,2266.93,10049.73,0.0,0.0,214555.76,226872.42,0.761
DEBT-07792,CUST-07792,15381.85,0.0,0.0,0.0,342268.59,357650.44,0.5188
DEBT-07793,CUST-07793,0.0,0.0,0.0,0.0,377080.31,377080.31,0.7148
DEBT-07794,CUST-07794,4191.76,0.0,0.0,0.0,361374.26,365566.02,1.3883
DEBT-07795,CUST-07795,0.0,14254.19,0.0,0.0,0.0,14254.19,0.0212
DEBT-07796,CUST-07796,7126.48,0.0,0.0,0.0,217742.2,224868.68,0.4063
DEBT-07797,CUST-07797,0.0,0.0,0.0,29320.78,0.0,29320.78,0.0347
DEBT-07798,CUST-07798,0.0,0.0,0.0,0.0,0.0,0.0,0.0
DEBT-07799,CUST-07799,0.0,21543.55,0.0,0.0,0.0,21543.55,0.0396
DEBT-07800,CUST-07800,0.0,0.0,0.0,0.0,185355.52,185355.52,0.6123
DEBT-07801,CUST-07801,560.74,21244.03,0.0,0.0,0.0,21804.77,0.0441
DEBT-07802,CUST-07802,0.0,23229.53,0.0,0.0,0.0,23229.53,0.0217
DEBT-07803,CUST-07803,0.0,4446.04,0.0,22657.44,440562.15,467665.63,0.6286
DEBT-07804,CUST-07804,14743.07,0.0,0.0,0.0,0.0,14743.07,0.0187
DEBT-07805,CUST-07805,293.82,0.0,0.0,0.0,0.0,293.82,0.001
DEBT-07806,CUST-07806,2349.66,0.0,0.0,28888.62,0.0,31238.28,0.0439
DEBT-07807,CUST-07807,0.0,0.0,38457.32,14761.24,0.0,53218.56,0.2335
DEBT-07808,CUST-07808,824.11,0.0,12787.18,0.0,0.0,13611.29,0.0236
DEBT-07809,CUST-07809,20703.82,0.0,0.0,0.0,0.0,20703.82,0.0196
DEBT-07810,CUST-07810,0.0,0.0,0.0,28507.27,0.0,28507.27,0.0475
DEBT-07811,CUST-07811,0.0,0.0,0.0,0.0,0.0,0.0,0.0
DEBT-07812,CUST-07812,10157.68,0.0,0.0,0.0,299045.15,309202.83,0.3151
DEBT-07813,CUST-07813,0.0,0.0,0.0,30900.38,0.0,30900.38,0.0681
DEBT-07814,CUST-07814,12258.33,0.0,0.0,0.0,0.0,12258.33,0.0165
DEBT-07815,CUST-07815,0.0,0.0,0.0,0.0,0.0,0.0,0.0
DEBT-07816,CUST-07816,3888.78,0.0,0.0,9024.53,0.0,12913.31,0.0165
DEBT-07817,CUST-07817,0.0,0.0,0.0,0.0,0.0,0.0,0.0
DEBT-07818,CUST-07818,2427.59,21830.66,0.0,0.0,0.0,24258.25,0.0293
DEBT-07819,CUST-07819,0.0,0.0,0.0,10612.42,359399.43,370011.85,0.606
DEBT-07820,CUST-07820,0.0,23349.79,0.0,0.0,0.0,23349.79,0.0924
DEBT-07821,CUST-07821,5049.75,0.0,0.0,31516.19,0.0,36565.94,0.0297
DEBT-07822,CUST-07822,3318.51,0.0,0.0,0.0,0.0,3318.51,0.0059
DEBT-07823,CUST-07823,12142.03,0.0,20142.24,33333.86,0.0,65618.13,0.1177
DEBT-07824,CUST-07824,2836.18,0.0,0.0,20327.96,0.0,23164.14,0.0597
DEBT-07825,CUST-07825,2010.15,0.0,39008.2,33256.61,107939.4,182214.36,0.4073
DEBT-07826,CUST-07826,10488.34,19872.66,0.0,12823.41,436348.04,479532.45,0.6664
DEBT-07827,CUST-07827,6985.32,0.0,0.0,0.0,0.0,6985.32,0.0165
DEBT-07828,CUST-07828,0.0,0.0,0.0,0.0,311771.95,311771.95,0.6511
DEBT-07829,CUST-07829,6190.47,0.0,0.0,0.0,0.0,6190.47,0.0139
DEBT-07830,CUST-07830,2018.67,0.0,0.0,19121.31,163947.1,185087.08,0.3309
DEBT-07831,CUST-07831,8450.43,0.0,0.0,0.0,130883.58,139334.01,0.2002
DEBT-07832,CUST-07832,8559.52,7148.6,0.0,25937.35,0.0,41645.47,0.0465
DEBT-07833,CUST-07833,6160.53,0.0,0.0,0.0,0.0,6160.53,0.021
DEBT-07834,CUST-07834,2913.41,11016.27,0.0,33789.66,0.0,47719.34,0.0584
DEBT-07835,CUST-07835,0.0,0.0,0.0,28544.03,0.0,28544.03,0.0599
DEBT-07836,CUST-07836,6007.61,0.0,44249.94,9131.51,0.0,59389.06,0.0822
DEBT-07837,CUST-07837,1639.54,0.0,0.0,5122.54,0.0,6762.08,0.0151
DEBT-07838,CUST-07838,3134.03,18367.79,0.0,0.0,0.0,21501.82,0.0411
DEBT-07839,CUST-07839,15089.89,0.0,0.0,12040.56,0.0,27130.45,0.0371
DEBT-07840,CUST-07840,1874.12,0.0,0.0,9113.47,0.0,10987.59,0.0133
DEBT-07841,CUST-07841,2218.36,0.0,0.0,21800.52,0.0,24018.88,0.0847
DEBT-07842,CUST-07842,0.0,0.0,0.0,0.0,0.0,0.0,0.0
DEBT-07843,CUST-07843,928.45,0.0,37177.59,31171.49,0.0,69277.53,0.358
DEBT-07844,CUST-07844,5411.49,0.0,0.0,0.0,0.0,5411.49,0.0124
DEBT-07845,CUST-07845,2816.47,0.0,0.0,0.0,0.0,2816.47,0.0074
DEBT-07846,CUST-07846,0.0,14768.17,0.0,17051.1,0.0,31819.27,0.1449
DEBT-07847,CUST-07847,0.0,0.0,0.0,0.0,0.0,0.0,0.0
DEBT-07848,CUST-07848,0.0,0.0,0.0,0.0,0.0,0.0,0.0
DEBT-07849,CUST-07849,6000.78,0.0,0.0,0.0,0.0,6000.78,0.0159
DEBT-07850,CUST-07850,2438.14,0.0,0.0,7335.79,0.0,9773.93,0.0452
DEBT-07851,CUST-07851,4596.48,0.0,0.0,0.0,0.0,4596.48,0.0056
DEBT-07852,CUST-07852,3396.86,0.0,0.0,0.0,0.0,3396.86,0.0079
DEBT-07853,CUST-07853,0.0,0.0,0.0,25594.92,278120.38,303715.3,0.4624
DEBT-07854,CUST-07854,1275.53,0.0,0.0,7664.93,284885.51,293825.97,0.9529
DEBT-07855,CUST-07855,6712.09,0.0,0.0,0.0,0.0,6712.09,0.0093
DEBT-07856,CUST-07856,0.0,0.0,0.0,0.0,0.0,0.0,0.0
DEBT-07857,CUST-07857,1133.17,0.0,0.0,0.0,0.0,1133.17,0.0032
DEBT-07858,CUST-07858,1902.63,0.0,0.0,0.0,0.0,1902.63,0.0118
DEBT-07859,CUST-07859,4855.08,0.0,0.0,28984.05,0.0,33839.13,0.0564
DEBT-07860,CUST-07860,912.07,0.0,0.0,0.0,0.0,912.07,0.0021
DEBT-07861,CUST-07861,0.0,0.0,0.0,0.0,0.0,0.0,0.0
DEBT-07862,CUST-07862,0.0,9166.91,0.0,11025.42,0.0,20192.33,0.0334
DEBT-07863,CUST-07863,19639.91,0.0,0.0,27592.76,0.0,47232.67,0.0545
DEBT-07864,CUST-07864,5631.1,17446.09,0.0,0.0,112741.5,135818.69,0.394
DEBT-07865,CUST-07865,6538.11,0.0,37648.16,0.0,221514.27,265700.54,0.5545
DEBT-07866,CUST-07866,11937.11,0.0,0.0,0.0,243071.92,255009.03,0.4668
DEBT-07867,CUST-07867,0.0,0.0,0.0,10937.3,0.0,10937.3,0.0397
DEBT-07868,CUST-07868,8167.34,0.0,0.0,0.0,0.0,8167.34,0.0143
DEBT-07869,CUST-07869,4603.14,0.0,20443.87,6458.35,0.0,31505.36,0.0574
DEBT-07870,CUST-07870,7112.32,0.0,0.0,0.0,314217.04,321329.36,0.5232
DEBT-07871,CUST-07871,9824.53,0.0,0.0,18488.93,0.0,28313.46,0.0657
DEBT-07872,CUST-07872,0.0,0.0,0.0,0.0,147985.59,147985.59,0.1696
DEBT-07873,CUST-07873,2282.5,0.0,37181.25,0.0,0.0,39463.75,0.0848
DEBT-07874,CUST-07874,6693.88,24690.16,0.0,0.0,268413.44,299797.48,0.543
DEBT-07875,CUST-07875,9786.13,24041.24,0.0,0.0,0.0,33827.37,0.0679
DEBT-07876,CUST-07876,3501.16,0.0,0.0,25485.39,178555.16,207541.71,0.7274
DEBT-07877,CUST-07877,7556.33,0.0,0.0,0.0,0.0,7556.33,0.0202
DEBT-07878,CUST-07878,1516.43,0.0,0.0,0.0,286881.48,288397.91,0.6574
DEBT-07879,CUST-07879,8096.5,0.0,0.0,0.0,0.0,8096.5,0.0096
DEBT-07880,CUST-07880,1730.86,0.0,0.0,0.0,0.0,1730.86,0.0165
DEBT-07881,CUST-07881,1172.28,0.0,0.0,0.0,333271.43,334443.71,1.3505
DEBT-07882,CUST-07882,405.29,0.0,43343.12,0.0,0.0,43748.41,0.0663
DEBT-07883,CUST-07883,1248.88,0.0,0.0,26426.47,0.0,27675.35,0.3666
DEBT-07884,CUST-07884,0.0,16661.15,0.0,0.0,0.0,16661.15,0.0491
DEBT-07885,CUST-07885,6484.32,2471.48,0.0,0.0,286548.77,295504.57,0.6916
DEBT-07886,CUST-07886,621.3,17885.13,0.0,32226.44,0.0,50732.87,0.1139
DEBT-07887,CUST-07887,5075.48,0.0,29090.08,9980.29,0.0,44145.85,0.079
DEBT-07888,CUST-07888,5837.18,0.0,19064.72,11274.95,0.0,36176.85,0.0369
DEBT-07889,CUST-07889,0.0,0.0,0.0,0.0,260803.61,260803.61,0.3714
DEBT-07890,CUST-07890,0.0,0.0,0.0,17287.52,418569.99,435857.51,1.667
DEBT-07891,CUST-07891,1020.91,0.0,0.0,18433.84,0.0,19454.75,0.0495
DEBT-07892,CUST-07892,4849.01,0.0,0.0,0.0,153816.58,158665.59,0.4927
DEBT-07893,CUST-07893,0.0,0.0,12359.55,0.0,0.0,12359.55,0.0179
DEBT-07894,CUST-07894,14434.45,13052.34,0.0,0.0,0.0,27486.79,0.0389
DEBT-07895,CUST-07895,7257.56,10813.38,15483.17,18651.59,0.0,52205.7,0.1608
DEBT-07896,CUST-07896,5285.48,0.0,0.0,0.0,0.0,5285.48,0.0167
DEBT-07897,CUST-07897,0.0,0.0,0.0,0.0,0.0,0.0,0.0
DEBT-07898,CUST-07898,0.0,0.0,0.0,0.0,0.0,0.0,0.0
DEBT-07899,CUST-07899,0.0,0.0,0.0,20153.41,0.0,20153.41,0.0307
DEBT-07900,CUST-07900,19770.22,0.0,0.0,32792.3,0.0,52562.52,0.0462
DEBT-07901,CUST-07901,0.0,19511.34,0.0,0.0,0.0,19511.34,0.0384
DEBT-07902,CUST-07902,0.0,0.0,0.0,0.0,0.0,0.0,0.0
DEBT-07903,CUST-07903,0.0,0.0,26430.29,15785.57,0.0,42215.86,0.1449
DEBT-07904,CUST-07904,2850.46,0.0,37910.06,9908.76,0.0,50669.28,0.344
DEBT-07905,CUST-07905,11376.27,0.0,0.0,27164.26,375195.56,413736.09,0.3906
DEBT-07906,CUST-07906,8476.41,0.0,0.0,0.0,0.0,8476.41,0.0192
DEBT-07907,CUST-07907,10793.24,0.0,0.0,0.0,0.0,10793.24,0.0183
DEBT-07908,CUST-07908,5986.32,0.0,0.0,0.0,0.0,5986.32,0.0147
DEBT-07909,CUST-07909,357.71,0.0,0.0,0.0,373834.53,374192.24,0.933
DEBT-07910,CUST-07910,575.2,0.0,0.0,0.0,0.0,575.2,0.0101
DEBT-07911,CUST-07911,4251.55,0.0,0.0,17884.35,0.0,22135.9,0.0544
DEBT-07912,CUST-07912,3202.31,0.0,0.0,0.0,0.0,3202.31,0.015
DEBT-07913,CUST-07913,0.0,0.0,24935.8,20529.98,432381.34,477847.12,1.016
DEBT-07914,CUST-07914,0.0,0.0,0.0,0.0,0.0,0.0,0.0
DEBT-07915,CUST-07915,5841.8,10231.5,0.0,0.0,0.0,16073.3,0.0552
DEBT-07916,CUST-07916,2713.23,0.0,0.0,18978.41,0.0,21691.64,0.0384
DEBT-07917,CUST-07917,6419.87,0.0,0.0,13539.71,0.0,19959.58,0.0393
DEBT-07918,CUST-07918,6304.93,6117.98,0.0,32536.52,0.0,44959.43,0.133
DEBT-07919,CUST-07919,0.0,0.0,0.0,20339.67,0.0,20339.67,0.2068
DEBT-07920,CUST-07920,1400.58,16847.69,0.0,0.0,422600.29,440848.56,1.1431
DEBT-07921,CUST-07921,6532.61,0.0,0.0,25329.88,201784.52,233647.01,0.6293
DEBT-07922,CUST-07922,8448.51,0.0,0.0,32710.81,0.0,41159.32,0.0596
DEBT-07923,CUST-07923,8388.11,0.0,0.0,0.0,363943.91,372332.02,0.5501
DEBT-07924,CUST-07924,5819.07,0.0,0.0,0.0,0.0,5819.07,0.0204
DEBT-07925,CUST-07925,1625.55,0.0,0.0,0.0,0.0,1625.55,0.0027
DEBT-07926,CUST-07926,614.46,0.0,0.0,0.0,0.0,614.46,0.0016
DEBT-07927,CUST-07927,7001.06,0.0,0.0,0.0,0.0,7001.06,0.0195
DEBT-07928,CUST-07928,774.19,0.0,0.0,15486.1,0.0,16260.29,0.1868
DEBT-07929,CUST-07929,1330.23,0.0,0.0,0.0,0.0,1330.23,0.0018
DEBT-07930,CUST-07930,0.0,20817.34,0.0,0.0,0.0,20817.34,0.0249
DEBT-07931,CUST-07931,9033.21,0.0,21475.41,0.0,0.0,30508.62,0.0627
DEBT-07932,CUST-07932,15243.69,0.0,0.0,0.0,0.0,15243.69,0.0189
DEBT-07933,CUST-07933,0.0,0.0,0.0,34687.02,0.0,34687.02,0.1681
DEBT-07934,CUST-07934,0.0,17324.39,0.0,5229.74,0.0,22554.13,0.0343
DEBT-07935,CUST-07935,2168.26,0.0,0.0,0.0,0.0,2168.26,0.0069
DEBT-07936,CUST-07936,1320.47,0.0,0.0,0.0,206998.84,208319.31,0.5783
DEBT-07937,CUST-07937,2952.49,18284.92,0.0,0.0,0.0,21237.41,0.0538
DEBT-07938,CUST-07938,9214.3,0.0,0.0,19013.81,0.0,28228.11,0.065
DEBT-07939,CUST-07939,0.0,0.0,0.0,16256.03,0.0,16256.03,0.2468
DEBT-07940,CUST-07940,271.38,0.0,41940.88,5022.43,172203.81,219438.5,0.5557
DEBT-07941,CUST-07941,0.0,0.0,0.0,0.0,0.0,0.0,0.0
DEBT-07942,CUST-07942,14264.08,7461.99,0.0,0.0,0.0,21726.07,0.0329
DEBT-07943,CUST-07943,0.0,7345.74,0.0,0.0,0.0,7345.74,0.0158
DEBT-07944,CUST-07944,8980.29,0.0,9113.41,22059.48,251848.01,292001.19,0.6521
DEBT-07945,CUST-07945,3384.22,7839.8,0.0,0.0,189584.1,200808.12,0.4743
DEBT-07946,CUST-07946,7396.99,0.0,0.0,0.0,0.0,7396.99,0.0092
DEBT-07947,CUST-07947,8323.14,15491.67,0.0,28521.08,0.0,52335.89,0.0627
DEBT-07948,CUST-07948,0.0,0.0,0.0,27224.14,0.0,27224.14,0.0973
DEBT-07949,CUST-07949,1841.66,22374.25,0.0,17748.95,293717.21,335682.07,0.7275
DEBT-07950,CUST-07950,0.0,0.0,0.0,0.0,0.0,0.0,0.0
DEBT-07951,CUST-07951,0.0,0.0,0.0,18034.66,0.0,18034.66,0.0326
DEBT-07952,CUST-07952,1100.87,18566.12,0.0,0.0,0.0,19666.99,0.1173
DEBT-07953,CUST-07953,7685.01,0.0,0.0,5450.04,288923.31,302058.36,0.3639
DEBT-07954,CUST-07954,0.0,10455.45,0.0,0.0,0.0,10455.45,0.0139
DEBT-07955,CUST-07955,0.0,0.0,24349.94,0.0,0.0,24349.94,0.0416
DEBT-07956,CUST-07956,0.0,0.0,0.0,27702.22,0.0,27702.22,0.1033
DEBT-07957,CUST-07957,14091.41,0.0,0.0,16200.56,0.0,30291.97,0.0319
DEBT-07958,CUST-07958,1930.48,0.0,0.0,0.0,0.0,1930.48,0.0087
DEBT-07959,CUST-07959,2020.44,0.0,0.0,12618.69,0.0,14639.13,0.0507
DEBT-07960,CUST-07960,6307.7,0.0,0.0,0.0,421594.83,427902.53,1.5515
DEBT-07961,CUST-07961,7503.03,18587.81,0.0,34070.37,0.0,60161.21,0.1329
DEBT-07962,CUST-07962,0.0,16597.82,0.0,0.0,371405.23,388003.05,0.6891
DEBT-07963,CUST-07963,140.43,19476.79,0.0,12012.11,0.0,31629.33,0.202
DEBT-07964,CUST-07964,7793.47,0.0,0.0,0.0,0.0,7793.47,0.0144
DEBT-07965,CUST-07965,13995.88,0.0,0.0,0.0,0.0,13995.88,0.0178
DEBT-07966,CUST-07966,11433.12,0.0,0.0,0.0,115602.75,127035.87,0.1419
DEBT-07967,CUST-07967,16005.39,24451.95,0.0,0.0,0.0,40457.34,0.0551
DEBT-07968,CUST-07968,0.0,22683.83,0.0,19151.2,0.0,41835.03,0.1383
DEBT-07969,CUST-07969,9839.53,0.0,0.0,0.0,324171.24,334010.77,0.7577
DEBT-07970,CUST-07970,5649.44,23266.17,0.0,29109.3,0.0,58024.91,0.2161
DEBT-07971,CUST-07971,3983.13,15074.86,29827.45,6172.16,0.0,55057.6,0.1224
DEBT-07972,CUST-07972,8449.46,19185.26,0.0,0.0,0.0,27634.72,0.0392
DEBT-07973,CUST-07973,6219.64,9002.59,0.0,33843.05,0.0,49065.28,0.1148
DEBT-07974,CUST-07974,7769.27,0.0,0.0,17154.72,0.0,24923.99,0.0638
DEBT-07975,CUST-07975,13788.72,0.0,0.0,31972.07,0.0,45760.79,0.0519
DEBT-07976,CUST-07976,3146.84,0.0,0.0,0.0,0.0,3146.84,0.0023
DEBT-07977,CUST-07977,0.0,0.0,0.0,0.0,0.0,0.0,0.0
DEBT-07978,CUST-07978,1938.2,0.0,0.0,0.0,0.0,1938.2,0.0018
DEBT-07979,CUST-07979,2129.03,0.0,0.0,0.0,0.0,2129.03,0.0151
DEBT-07980,CUST-07980,2159.25,19836.69,0.0,0.0,0.0,21995.94,0.0236
DEBT-07981,CUST-07981,1046.79,13081.8,0.0,0.0,0.0,14128.59,0.0381
DEBT-07982,CUST-07982,0.0,24490.73,0.0,6530.91,0.0,31021.64,0.0776
DEBT-07983,CUST-07983,330.11,0.0,0.0,0.0,0.0,330.11,0.0017
DEBT-07984,CUST-07984,4382.85,0.0,0.0,0.0,0.0,4382.85,0.0081
DEBT-07985,CUST-07985,9298.35,0.0,0.0,12174.47,0.0,21472.82,0.0371
DEBT-07986,CUST-07986,0.0,0.0,0.0,0.0,129069.39,129069.39,0.1447
DEBT-07987,CUST-07987,5739.9,0.0,0.0,0.0,0.0,5739.9,0.0095
DEBT-07988,CUST-07988,16501.66,0.0,0.0,17756.31,223445.78,257703.75,0.2854
DEBT-07989,CUST-07989,836.99,24756.44,0.0,0.0,0.0,25593.43,0.0654
DEBT-07990,CUST-07990,8083.72,17212.16,0.0,0.0,0.0,25295.88,0.0527
DEBT-07991,CUST-07991,1722.28,17072.96,0.0,17312.58,327206.77,363314.59,0.6648
DEBT-07992,CUST-07992,3196.3,0.0,19332.74,32880.93,272357.83,327767.8,0.5037
DEBT-07993,CUST-07993,0.0,24960.48,0.0,32646.01,0.0,57606.49,0.0394
DEBT-07994,CUST-07994,2599.02,0.0,33763.42,0.0,133239.16,169601.6,0.4021
DEBT-07995,CUST-07995,6846.13,0.0,0.0,0.0,312530.12,319376.25,0.7363
DEBT-07996,CUST-07996,6979.19,0.0,0.0,0.0,0.0,6979.19,0.0146
DEBT-07997,CUST-07997,726.73,0.0,0.0,11600.15,0.0,12326.88,0.156
DEBT-07998,CUST-07998,957.3,0.0,0.0,0.0,0.0,957.3,0.0164
DEBT-07999,CUST-07999,5881.92,0.0,0.0,0.0,0.0,5881.92,0.0229
DEBT-08000,CUST-08000,2395.01,0.0,0.0,28156.53,201422.05,231973.59,0.7413
DEBT-08001,CUST-08001,0.0,0.0,0.0,0.0,0.0,0.0,0.0
DEBT-08002,CUST-08002,11245.34,0.0,0.0,0.0,195203.84,206449.18,0.3149
DEBT-08003,CUST-08003,0.0,1934.38,0.0,0.0,0.0,1934.38,0.0037
DEBT-08004,CUST-08004,0.0,0.0,0.0,19087.19,0.0,19087.19,0.0179
DEBT-08005,CUST-08005,0.0,8943.9,0.0,30736.76,0.0,39680.66,0.0849
DEBT-08006,CUST-08006,0.0,16522.66,0.0,0.0,0.0,16522.66,0.0134
DEBT-08007,CUST-08007,1213.33,3916.11,0.0,0.0,183181.74,188311.18,0.6554
DEBT-08008,CUST-08008,2816.32,0.0,0.0,4791.45,0.0,7607.77,0.0182
DEBT-08009,CUST-08009,0.0,0.0,0.0,0.0,0.0,0.0,0.0
DEBT-08010,CUST-08010,3048.94,14954.62,0.0,21312.64,0.0,39316.2,0.0575
DEBT-08011,CUST-08011,0.0,0.0,13475.04,0.0,0.0,13475.04,0.0135
DEBT-08012,CUST-08012,0.0,8481.88,0.0,0.0,0.0,8481.88,0.0113
DEBT-08013,CUST-08013,0.0,12904.1,0.0,0.0,0.0,12904.1,0.024
DEBT-08014,CUST-08014,0.0,0.0,0.0,0.0,0.0,0.0,0.0
DEBT-08015,CUST-08015,0.0,0.0,0.0,0.0,373061.24,373061.24,0.5368
DEBT-08016,CUST-08016,0.0,0.0,0.0,0.0,0.0,0.0,0.0
DEBT-08017,CUST-08017,0.0,0.0,0.0,0.0,0.0,0.0,0.0
DEBT-08018,CUST-08018,0.0,23833.54,0.0,11171.31,0.0,35004.85,0.0799
DEBT-08019,CUST-08019,0.0,0.0,0.0,0.0,0.0,0.0,0.0
DEBT-08020,CUST-08020,915.14,0.0,0.0,28850.8,0.0,29765.94,0.0604
DEBT-08021,CUST-08021,6467.04,10713.4,0.0,0.0,0.0,17180.44,0.0561
DEBT-08022,CUST-08022,3867.55,0.0,0.0,25571.76,0.0,29439.31,0.0685
DEBT-08023,CUST-08023,2048.85,0.0,14735.93,0.0,0.0,16784.78,0.0605
DEBT-08024,CUST-08024,0.0,0.0,0.0,28720.69,0.0,28720.69,0.1069
DEBT-08025,CUST-08025,8779.86,0.0,0.0,0.0,0.0,8779.86,0.0115
DEBT-08026,CUST-08026,16763.55,9442.17,0.0,0.0,0.0,26205.72,0.0342
DEBT-08027,CUST-08027,881.1,0.0,0.0,0.0,0.0,881.1,0.0074
DEBT-08028,CUST-08028,3355.07,0.0,0.0,20678.96,347874.08,371908.11,0.742
DEBT-08029,CUST-08029,0.0,0.0,0.0,11412.82,0.0,11412.82,0.018
DEBT-08030,CUST-08030,503.88,0.0,0.0,0.0,0.0,503.88,0.0018
DEBT-08031,CUST-08031,0.0,13741.39,40745.2,34989.11,132860.62,222336.32,0.2586
DEBT-08032,CUST-08032,9260.03,4492.93,15801.94,18565.6,0.0,48120.5,0.1191
DEBT-08033,CUST-08033,3789.35,17505.66,6791.65,27584.47,235454.37,291125.5,0.5878
DEBT-08034,CUST-08034,0.0,0.0,0.0,0.0,0.0,0.0,0.0
DEBT-08035,CUST-08035,3776.43,0.0,0.0,0.0,121528.41,125304.84,0.1927
DEBT-08036,CUST-08036,6748.32,0.0,0.0,0.0,0.0,6748.32,0.0126
DEBT-08037,CUST-08037,4565.8,0.0,0.0,19171.62,0.0,23737.42,0.0765
DEBT-08038,CUST-08038,360.94,0.0,0.0,25552.11,229000.39,254913.44,0.8323
DEBT-08039,CUST-08039,3249.16,0.0,0.0,0.0,0.0,3249.16,0.019
DEBT-08040,CUST-08040,2795.65,0.0,0.0,0.0,0.0,2795.65,0.0069
DEBT-08041,CUST-08041,0.0,0.0,0.0,32287.2,0.0,32287.2,0.0408
DEBT-08042,CUST-08042,1249.83,15993.44,0.0,0.0,187075.93,204319.2,0.4491
DEBT-08043,CUST-08043,703.91,0.0,0.0,34916.63,0.0,35620.54,0.1111
DEBT-08044,CUST-08044,9179.77,4693.82,0.0,26641.25,316249.95,356764.79,0.4158
DEBT-08045,CUST-08045,1848.26,0.0,0.0,0.0,0.0,1848.26,0.0036
DEBT-08046,CUST-08046,8080.73,0.0,0.0,26618.57,178421.53,213120.83,0.5009
DEBT-08047,CUST-08047,8605.22,1184.79,0.0,23617.55,0.0,33407.56,0.0646
DEBT-08048,CUST-08048,3753.91,0.0,0.0,0.0,0.0,3753.91,0.0142
DEBT-08049,CUST-08049,5602.27,19320.85,0.0,20360.96,222818.21,268102.29,0.5111
DEBT-08050,CUST-08050,0.0,0.0,0.0,32175.78,400456.71,432632.49,1.1368
DEBT-08051,CUST-08051,0.0,0.0,0.0,11585.33,275027.49,286612.82,0.4814
DEBT-08052,CUST-08052,10712.65,0.0,0.0,0.0,0.0,10712.65,0.0141
DEBT-08053,CUST-08053,12894.44,16729.8,0.0,26651.32,156826.48,213102.04,0.205
DEBT-08054,CUST-08054,0.0,22996.05,23660.91,22685.95,399510.15,468853.06,0.8613
DEBT-08055,CUST-08055,9548.99,0.0,0.0,0.0,124703.52,134252.51,0.2522
DEBT-08056,CUST-08056,6021.06,0.0,0.0,0.0,427618.73,433639.79,0.7284
DEBT-08057,CUST-08057,2078.36,13270.53,0.0,9472.52,0.0,24821.41,0.2463
DEBT-08058,CUST-08058,3451.37,20097.09,0.0,0.0,0.0,23548.46,0.0687
DEBT-08059,CUST-08059,8706.77,0.0,0.0,0.0,347122.45,355829.22,0.6221
DEBT-08060,CUST-08060,5251.93,0.0,0.0,0.0,0.0,5251.93,0.0157
DEBT-08061,CUST-08061,0.0,23018.26,0.0,8790.87,0.0,31809.13,0.0418
DEBT-08062,CUST-08062,5369.96,23739.02,0.0,0.0,0.0,29108.98,0.0536
DEBT-08063,CUST-08063,361.0,0.0,0.0,0.0,0.0,361.0,0.0009
DEBT-08064,CUST-08064,0.0,8762.44,0.0,0.0,184453.84,193216.28,0.3267
DEBT-08065,CUST-08065,1245.59,0.0,0.0,0.0,312018.96,313264.55,1.0867
DEBT-08066,CUST-08066,1255.68,0.0,0.0,0.0,340742.71,341998.39,0.3875
DEBT-08067,CUST-08067,0.0,23874.24,0.0,12655.64,0.0,36529.88,0.0255
DEBT-08068,CUST-08068,0.0,18832.8,0.0,0.0,357248.85,376081.65,1.0384
DEBT-08069,CUST-08069,3812.37,18997.7,0.0,17939.99,0.0,40750.06,0.1471
DEBT-08070,CUST-08070,12311.02,14408.17,0.0,0.0,0.0,26719.19,0.0401
DEBT-08071,CUST-08071,4658.51,10827.9,9248.95,31967.65,0.0,56703.01,0.0799
DEBT-08072,CUST-08072,3602.31,0.0,0.0,0.0,0.0,3602.31,0.0067
DEBT-08073,CUST-08073,3682.44,0.0,0.0,0.0,0.0,3682.44,0.0132
DEBT-08074,CUST-08074,0.0,0.0,0.0,8885.82,0.0,8885.82,0.0396
DEBT-08075,CUST-08075,0.0,0.0,0.0,0.0,0.0,0.0,0.0
DEBT-08076,CUST-08076,272.53,0.0,0.0,0.0,0.0,272.53,0.0019
DEBT-08077,CUST-08077,34616.99,0.0,0.0,23925.57,265307.02,323849.58,0.1818
DEBT-08078,CUST-08078,4474.66,0.0,0.0,10162.91,0.0,14637.57,0.0377
DEBT-08079,CUST-08079,5964.97,24151.89,0.0,0.0,0.0,30116.86,0.0807
DEBT-08080,CUST-08080,376.58,0.0,0.0,0.0,172819.61,173196.19,0.4519
DEBT-08081,CUST-08081,9104.71,9937.83,27500.47,0.0,0.0,46543.01,0.0659
DEBT-08082,CUST-08082,4286.59,0.0,0.0,0.0,0.0,4286.59,0.0055
DEBT-08083,CUST-08083,0.0,0.0,0.0,0.0,257257.96,257257.96,0.7257
DEBT-08084,CUST-08084,2425.57,0.0,0.0,28568.92,0.0,30994.49,0.1319
DEBT-08085,CUST-08085,7034.39,0.0,0.0,0.0,0.0,7034.39,0.0156
DEBT-08086,CUST-08086,0.0,0.0,0.0,0.0,0.0,0.0,0.0
DEBT-08087,CUST-08087,7573.81,0.0,0.0,0.0,273858.17,281431.98,0.2357
DEBT-08088,CUST-08088,7132.72,5433.16,0.0,0.0,0.0,12565.88,0.0176
DEBT-08089,CUST-08089,0.0,0.0,0.0,0.0,0.0,0.0,0.0
DEBT-08090,CUST-08090,3784.4,0.0,0.0,0.0,0.0,3784.4,0.0057
DEBT-08091,CUST-08091,0.0,21751.67,0.0,0.0,0.0,21751.67,0.0311
DEBT-08092,CUST-08092,5704.86,2086.11,0.0,23007.91,0.0,30798.88,0.0559
DEBT-08093,CUST-08093,6306.07,10725.9,0.0,0.0,0.0,17031.97,0.0349
DEBT-08094,CUST-08094,0.0,0.0,0.0,0.0,0.0,0.0,0.0
DEBT-08095,CUST-08095,0.0,7195.36,0.0,0.0,0.0,7195.36,0.0182
DEBT-08096,CUST-08096,7666.17,16831.42,0.0,0.0,0.0,24497.59,0.0396
DEBT-08097,CUST-08097,0.0,0.0,0.0,0.0,0.0,0.0,0.0
DEBT-08098,CUST-08098,0.0,0.0,0.0,0.0,0.0,0.0,0.0
DEBT-08099,CUST-08099,11251.26,0.0,0.0,0.0,0.0,11251.26,0.0184
DEBT-08100,CUST-08100,12186.19,0.0,0.0,25287.42,233596.8,271070.41,0.3321
DEBT-08101,CUST-08101,0.0,0.0,29284.85,34865.66,0.0,64150.51,0.1774
DEBT-08102,CUST-08102,8294.31,0.0,0.0,0.0,0.0,8294.31,0.0178
DEBT-08103,CUST-08103,0.0,0.0,0.0,0.0,0.0,0.0,0.0
DEBT-08104,CUST-08104,748.67,1436.92,0.0,0.0,0.0,2185.59,0.022
DEBT-08105,CUST-08105,3435.55,5780.92,0.0,0.0,296677.6,305894.07,0.4041
DEBT-08106,CUST-08106,1397.53,9110.27,13550.74,0.0,0.0,24058.54,0.0386
DEBT-08107,CUST-08107,5415.14,0.0,0.0,0.0,0.0,5415.14,0.0226
DEBT-08108,CUST-08108,5908.68,0.0,40200.21,0.0,0.0,46108.89,0.1179
DEBT-08109,CUST-08109,4037.62,14093.31,0.0,0.0,0.0,18130.93,0.0226
DEBT-08110,CUST-08110,2036.74,20928.28,0.0,0.0,187678.29,210643.31,0.6426
DEBT-08111,CUST-08111,967.02,21768.36,0.0,30085.06,0.0,52820.44,0.0902
DEBT-08112,CUST-08112,4296.48,15618.81,0.0,0.0,0.0,19915.29,0.0484
DEBT-08113,CUST-08113,0.0,2713.7,0.0,0.0,355853.18,358566.88,0.7927
DEBT-08114,CUST-08114,2878.77,0.0,0.0,0.0,0.0,2878.77,0.0108
DEBT-08115,CUST-08115,20666.35,2761.07,0.0,0.0,429899.13,453326.55,0.4876
DEBT-08116,CUST-08116,13272.83,0.0,0.0,0.0,0.0,13272.83,0.0217
DEBT-08117,CUST-08117,11777.46,14188.23,0.0,0.0,259738.83,285704.52,0.4431
DEBT-08118,CUST-08118,633.31,0.0,22342.3,0.0,0.0,22975.61,0.1091
DEBT-08119,CUST-08119,5522.83,0.0,0.0,33300.93,0.0,38823.76,0.099
DEBT-08120,CUST-08120,6682.4,0.0,0.0,0.0,0.0,6682.4,0.0164
DEBT-08121,CUST-08121,1141.36,0.0,0.0,8749.01,198203.53,208093.9,0.5496
DEBT-08122,CUST-08122,0.0,0.0,0.0,0.0,0.0,0.0,0.0
DEBT-08123,CUST-08123,2626.33,0.0,0.0,0.0,0.0,2626.33,0.0203
DEBT-08124,CUST-08124,6403.05,0.0,0.0,18555.46,0.0,24958.51,0.0327
DEBT-08125,CUST-08125,0.0,0.0,0.0,0.0,416648.48,416648.48,0.9767
DEBT-08126,CUST-08126,1306.9,0.0,0.0,6065.85,353404.56,360777.31,0.8988
DEBT-08127,CUST-08127,10348.28,12469.77,0.0,26939.1,436506.3,486263.45,0.651
DEBT-08128,CUST-08128,0.0,0.0,0.0,13139.1,0.0,13139.1,0.0299
DEBT-08129,CUST-08129,0.0,0.0,0.0,0.0,0.0,0.0,0.0
DEBT-08130,CUST-08130,0.0,0.0,0.0,0.0,0.0,0.0,0.0
DEBT-08131,CUST-08131,8852.88,0.0,0.0,0.0,0.0,8852.88,0.0178
DEBT-08132,CUST-08132,0.0,0.0,0.0,16532.89,0.0,16532.89,0.0368
DEBT-08133,CUST-08133,0.0,0.0,0.0,0.0,0.0,0.0,0.0
DEBT-08134,CUST-08134,1330.73,0.0,0.0,0.0,0.0,1330.73,0.0077
DEBT-08135,CUST-08135,3598.36,0.0,0.0,0.0,0.0,3598.36,0.0206
DEBT-08136,CUST-08136,1801.87,4331.09,0.0,0.0,0.0,6132.96,0.0207
DEBT-08137,CUST-08137,6048.22,0.0,0.0,27594.39,0.0,33642.61,0.0788
DEBT-08138,CUST-08138,4202.44,0.0,0.0,20555.25,0.0,24757.69,0.0637
DEBT-08139,CUST-08139,0.0,0.0,0.0,0.0,372540.5,372540.5,0.6258
DEBT-08140,CUST-08140,1639.74,0.0,0.0,0.0,0.0,1639.74,0.0073
DEBT-08141,CUST-08141,1651.68,20237.26,0.0,0.0,0.0,21888.94,0.1421
DEBT-08142,CUST-08142,346.84,0.0,0.0,0.0,0.0,346.84,0.0009
DEBT-08143,CUST-08143,0.0,6873.98,0.0,0.0,0.0,6873.98,0.0148
DEBT-08144,CUST-08144,0.0,11030.35,0.0,0.0,0.0,11030.35,0.0984
DEBT-08145,CUST-08145,1621.7,0.0,0.0,0.0,0.0,1621.7,0.0094
DEBT-08146,CUST-08146,0.0,0.0,0.0,0.0,0.0,0.0,0.0
DEBT-08147,CUST-08147,0.0,0.0,0.0,0.0,0.0,0.0,0.0
DEBT-08148,CUST-08148,14150.56,0.0,0.0,17494.75,0.0,31645.31,0.0493
DEBT-08149,CUST-08149,4839.9,0.0,0.0,0.0,0.0,4839.9,0.0101
DEBT-08150,CUST-08150,3279.29,9591.37,0.0,0.0,405974.02,418844.68,1.02
DEBT-08151,CUST-08151,0.0,15076.22,0.0,0.0,0.0,15076.22,0.0548
DEBT-08152,CUST-08152,0.0,5314.35,0.0,31123.49,0.0,36437.84,0.0343
DEBT-08153,CUST-08153,0.0,2647.06,0.0,13334.21,0.0,15981.27,0.032
DEBT-08154,CUST-08154,10263.93,0.0,0.0,0.0,190911.61,201175.54,0.3954
DEBT-08155,CUST-08155,6462.3,0.0,0.0,0.0,0.0,6462.3,0.0143
DEBT-08156,CUST-08156,1341.51,4005.18,0.0,31275.24,0.0,36621.93,0.1634
DEBT-08157,CUST-08157,1253.73,0.0,0.0,0.0,0.0,1253.73,0.0058
DEBT-08158,CUST-08158,4481.08,0.0,0.0,0.0,133605.76,138086.84,0.1436
DEBT-08159,CUST-08159,2769.96,10592.79,0.0,0.0,103388.5,116751.25,0.1817
DEBT-08160,CUST-08160,7338.22,0.0,0.0,34330.82,0.0,41669.04,0.0687
DEBT-08161,CUST-08161,0.0,18309.64,0.0,0.0,0.0,18309.64,0.0533
DEBT-08162,CUST-08162,12891.15,0.0,0.0,0.0,0.0,12891.15,0.0227
DEBT-08163,CUST-08163,0.0,0.0,0.0,0.0,328450.65,328450.65,0.5998
DEBT-08164,CUST-08164,9546.82,14030.44,0.0,0.0,154597.63,178174.89,0.3931
DEBT-08165,CUST-08165,9333.32,12922.04,0.0,0.0,245154.25,267409.61,0.5413
DEBT-08166,CUST-08166,2057.54,23772.03,0.0,0.0,178924.51,204754.08,0.3446
DEBT-08167,CUST-08167,5567.79,0.0,0.0,0.0,0.0,5567.79,0.0074
DEBT-08168,CUST-08168,15120.93,0.0,30733.81,26600.12,0.0,72454.86,0.0745
DEBT-08169,CUST-08169,6206.63,14669.11,0.0,0.0,399165.92,420041.66,0.8235
DEBT-08170,CUST-08170,0.0,17211.17,0.0,9304.02,0.0,26515.19,0.0714
DEBT-08171,CUST-08171,6574.8,0.0,0.0,14265.46,0.0,20840.26,0.0352
DEBT-08172,CUST-08172,11755.4,0.0,0.0,0.0,0.0,11755.4,0.0181
DEBT-08173,CUST-08173,0.0,23408.69,0.0,0.0,0.0,23408.69,0.0415
DEBT-08174,CUST-08174,0.0,0.0,0.0,17332.71,0.0,17332.71,0.0293
DEBT-08175,CUST-08175,6662.9,0.0,0.0,22638.51,0.0,29301.41,0.0969
DEBT-08176,CUST-08176,692.54,0.0,0.0,12582.52,0.0,13275.06,0.1851
DEBT-08177,CUST-08177,8530.28,24370.77,0.0,5625.54,443128.56,481655.15,0.4985
DEBT-08178,CUST-08178,1290.22,11275.25,0.0,31669.11,281864.61,326099.19,1.0993
DEBT-08179,CUST-08179,10346.08,17743.17,0.0,0.0,291946.79,320036.04,0.4965
DEBT-08180,CUST-08180,1106.56,0.0,0.0,27045.44,0.0,28152.0,0.0363
DEBT-08181,CUST-08181,12610.16,0.0,0.0,25156.42,141396.05,179162.63,0.2889
DEBT-08182,CUST-08182,1797.63,0.0,0.0,0.0,375053.13,376850.76,0.5619
DEBT-08183,CUST-08183,8862.22,0.0,0.0,0.0,342707.46,351569.68,0.6916
DEBT-08184,CUST-08184,0.0,0.0,0.0,0.0,0.0,0.0,0.0
DEBT-08185,CUST-08185,0.0,0.0,0.0,29896.95,0.0,29896.95,0.0486
DEBT-08186,CUST-08186,4498.25,0.0,0.0,12209.62,0.0,16707.87,0.0494
DEBT-08187,CUST-08187,1131.64,0.0,0.0,30221.95,88779.17,120132.76,0.1791
DEBT-08188,CUST-08188,9903.83,0.0,0.0,0.0,0.0,9903.83,0.0198
DEBT-08189,CUST-08189,5727.19,22936.02,0.0,13280.17,0.0,41943.38,0.0527
DEBT-08190,CUST-08190,1263.86,0.0,0.0,0.0,0.0,1263.86,0.0018
DEBT-08191,CUST-08191,0.0,0.0,0.0,0.0,0.0,0.0,0.0
DEBT-08192,CUST-08192,0.0,14609.54,0.0,9499.25,0.0,24108.79,0.0773
DEBT-08193,CUST-08193,2584.77,0.0,0.0,0.0,170663.08,173247.85,0.4065
DEBT-08194,CUST-08194,2007.01,0.0,0.0,0.0,0.0,2007.01,0.0075
DEBT-08195,CUST-08195,2763.68,0.0,0.0,0.0,162211.41,164975.09,0.3745
DEBT-08196,CUST-08196,7532.87,0.0,0.0,25918.79,0.0,33451.66,0.0293
DEBT-08197,CUST-08197,7430.85,1692.52,0.0,16905.62,0.0,26028.99,0.0571
DEBT-08198,CUST-08198,6647.28,0.0,0.0,28224.01,145358.18,180229.47,0.5785
DEBT-08199,CUST-08199,2924.53,0.0,0.0,0.0,343645.79,346570.32,0.6361
DEBT-08200,CUST-08200,2588.74,0.0,0.0,0.0,0.0,2588.74,0.0066
DEBT-08201,CUST-08201,5455.07,0.0,0.0,5014.72,0.0,10469.79,0.0271
DEBT-08202,CUST-08202,5948.4,0.0,0.0,0.0,0.0,5948.4,0.0053
DEBT-08203,CUST-08203,4642.33,0.0,0.0,0.0,0.0,4642.33,0.0109
DEBT-08204,CUST-08204,10255.56,15840.24,0.0,0.0,0.0,26095.8,0.0509
DEBT-08205,CUST-08205,33006.11,0.0,0.0,27433.31,0.0,60439.42,0.035
DEBT-08206,CUST-08206,8655.64,1268.29,0.0,33859.45,0.0,43783.38,0.0456
DEBT-08207,CUST-08207,7207.27,0.0,0.0,0.0,0.0,7207.27,0.0161
DEBT-08208,CUST-08208,0.0,0.0,0.0,0.0,0.0,0.0,0.0
DEBT-08209,CUST-08209,14826.6,2096.97,0.0,5814.17,220298.64,243036.38,0.3239
DEBT-08210,CUST-08210,1443.81,0.0,0.0,20075.6,0.0,21519.41,0.3036
DEBT-08211,CUST-08211,1358.73,0.0,0.0,0.0,0.0,1358.73,0.002
DEBT-08212,CUST-08212,7943.19,0.0,0.0,18977.79,0.0,26920.98,0.0478
DEBT-08213,CUST-08213,5767.54,0.0,0.0,0.0,448847.82,454615.36,0.9697
DEBT-08214,CUST-08214,17735.04,1083.2,0.0,0.0,0.0,18818.24,0.0229
DEBT-08215,CUST-08215,8190.95,13242.28,0.0,0.0,81719.88,103153.11,0.1585
DEBT-08216,CUST-08216,6344.83,8971.76,0.0,20943.76,0.0,36260.35,0.093
DEBT-08217,CUST-08217,0.0,0.0,25738.67,0.0,358905.18,384643.85,0.5558
DEBT-08218,CUST-08218,4533.59,0.0,0.0,0.0,221004.28,225537.87,0.6949
DEBT-08219,CUST-08219,0.0,18909.74,31862.39,10562.09,0.0,61334.22,0.1515
DEBT-08220,CUST-08220,5320.35,4296.09,0.0,0.0,274042.23,283658.67,0.7873
DEBT-08221,CUST-08221,0.0,0.0,0.0,28010.35,0.0,28010.35,0.069
DEBT-08222,CUST-08222,11442.48,24486.24,0.0,0.0,0.0,35928.72,0.0673
DEBT-08223,CUST-08223,0.0,19797.28,0.0,12148.12,0.0,31945.4,0.0434
DEBT-08224,CUST-08224,6858.62,0.0,0.0,11208.36,0.0,18066.98,0.0597
DEBT-08225,CUST-08225,6446.36,0.0,0.0,0.0,0.0,6446.36,0.0201
DEBT-08226,CUST-08226,0.0,0.0,0.0,27312.24,0.0,27312.24,0.0398
DEBT-08227,CUST-08227,0.0,0.0,32078.58,0.0,0.0,32078.58,0.0379
DEBT-08228,CUST-08228,0.0,0.0,7068.48,0.0,0.0,7068.48,0.012
DEBT-08229,CUST-08229,3051.59,0.0,0.0,18590.8,359676.94,381319.33,0.6287
DEBT-08230,CUST-08230,115.46,7388.18,0.0,0.0,0.0,7503.64,0.1376
DEBT-08231,CUST-08231,0.0,0.0,0.0,0.0,0.0,0.0,0.0
DEBT-08232,CUST-08232,11838.59,0.0,0.0,0.0,225301.99,237140.58,0.4427
DEBT-08233,CUST-08233,4667.96,1019.11,0.0,0.0,0.0,5687.07,0.021
DEBT-08234,CUST-08234,18155.03,0.0,0.0,0.0,245996.01,264151.04,0.3163
DEBT-08235,CUST-08235,381.19,0.0,0.0,0.0,418273.06,418654.25,0.6973
DEBT-08236,CUST-08236,0.0,0.0,0.0,0.0,0.0,0.0,0.0
DEBT-08237,CUST-08237,1147.62,0.0,0.0,0.0,0.0,1147.62,0.0026
DEBT-08238,CUST-08238,0.0,0.0,0.0,18844.92,0.0,18844.92,0.0357
DEBT-08239,CUST-08239,1857.87,0.0,0.0,22341.42,0.0,24199.29,0.0977
DEBT-08240,CUST-08240,0.0,0.0,27675.84,0.0,0.0,27675.84,0.2668
DEBT-08241,CUST-08241,1806.04,0.0,0.0,0.0,0.0,1806.04,0.0029
DEBT-08242,CUST-08242,5395.32,0.0,0.0,0.0,0.0,5395.32,0.01
DEBT-08243,CUST-08243,7195.48,0.0,0.0,28299.14,0.0,35494.62,0.0812
DEBT-08244,CUST-08244,14168.38,0.0,0.0,0.0,0.0,14168.38,0.0188
DEBT-08245,CUST-08245,10506.76,23002.74,0.0,14570.32,0.0,48079.82,0.0984
DEBT-08246,CUST-08246,3516.42,0.0,0.0,0.0,0.0,3516.42,0.0085
DEBT-08247,CUST-08247,2585.41,17251.7,0.0,14744.74,316365.9,350947.75,1.0245
DEBT-08248,CUST-08248,0.0,0.0,0.0,0.0,0.0,0.0,0.0
DEBT-08249,CUST-08249,0.0,0.0,0.0,0.0,0.0,0.0,0.0
DEBT-08250,CUST-08250,0.0,11240.34,0.0,0.0,100369.69,111610.03,0.2402
DEBT-08251,CUST-08251,0.0,0.0,0.0,30820.22,0.0,30820.22,0.0539
DEBT-08252,CUST-08252,920.59,0.0,0.0,31131.35,0.0,32051.94,0.1081
DEBT-08253,CUST-08253,8124.45,0.0,0.0,0.0,123265.68,131390.13,0.3085
DEBT-08254,CUST-08254,0.0,0.0,30164.82,0.0,90094.47,120259.29,0.3182
DEBT-08255,CUST-08255,3979.85,0.0,0.0,0.0,0.0,3979.85,0.0063
DEBT-08256,CUST-08256,0.0,0.0,0.0,0.0,0.0,0.0,0.0
DEBT-08257,CUST-08257,3326.6,3638.64,0.0,0.0,0.0,6965.24,0.0148
DEBT-08258,CUST-08258,3649.58,0.0,0.0,0.0,0.0,3649.58,0.021
DEBT-08259,CUST-08259,0.0,0.0,0.0,0.0,0.0,0.0,0.0
DEBT-08260,CUST-08260,0.0,10256.28,14719.02,33408.13,0.0,58383.43,0.1077
DEBT-08261,CUST-08261,1208.5,0.0,0.0,0.0,0.0,1208.5,0.0106
DEBT-08262,CUST-08262,0.0,0.0,0.0,0.0,0.0,0.0,0.0
DEBT-08263,CUST-08263,9180.02,0.0,0.0,0.0,0.0,9180.02,0.0167
DEBT-08264,CUST-08264,14769.87,0.0,0.0,17265.97,0.0,32035.84,0.0306
DEBT-08265,CUST-08265,37854.15,0.0,0.0,34137.55,0.0,71991.7,0.0412
DEBT-08266,CUST-08266,0.0,0.0,0.0,32476.91,221944.92,254421.83,0.8633
DEBT-08267,CUST-08267,0.0,9292.42,0.0,0.0,380289.21,389581.63,0.9273
DEBT-08268,CUST-08268,8040.45,5631.35,0.0,11678.02,0.0,25349.82,0.0611
DEBT-08269,CUST-08269,17038.46,0.0,0.0,0.0,0.0,17038.46,0.0141
DEBT-08270,CUST-08270,0.0,0.0,0.0,18115.47,0.0,18115.47,0.0422
DEBT-08271,CUST-08271,0.0,0.0,0.0,0.0,346838.62,346838.62,0.6658
DEBT-08272,CUST-08272,0.0,0.0,0.0,0.0,0.0,0.0,0.0
DEBT-08273,CUST-08273,789.45,0.0,0.0,33584.19,0.0,34373.64,0.0263
DEBT-08274,CUST-08274,3877.14,0.0,0.0,0.0,0.0,3877.14,0.0158
DEBT-08275,CUST-08275,10042.77,4008.82,0.0,0.0,0.0,14051.59,0.0188
DEBT-08276,CUST-08276,8555.49,0.0,0.0,30580.83,0.0,39136.32,0.1048
DEBT-08277,CUST-08277,0.0,0.0,0.0,0.0,0.0,0.0,0.0
DEBT-08278,CUST-08278,10449.37,0.0,0.0,0.0,228238.71,238688.08,0.3572
DEBT-08279,CUST-08279,6291.99,0.0,0.0,13172.67,0.0,19464.66,0.0656
DEBT-08280,CUST-08280,2809.24,0.0,6831.52,10405.09,346441.01,366486.86,0.6745
DEBT-08281,CUST-08281,13774.39,0.0,0.0,23290.26,0.0,37064.65,0.0421
DEBT-08282,CUST-08282,0.0,0.0,0.0,0.0,0.0,0.0,0.0
DEBT-08283,CUST-08283,12164.02,0.0,0.0,0.0,0.0,12164.02,0.023
DEBT-08284,CUST-08284,4872.42,0.0,0.0,0.0,403200.42,408072.84,0.5603
DEBT-08285,CUST-08285,1046.58,0.0,0.0,0.0,0.0,1046.58,0.0106
DEBT-08286,CUST-08286,0.0,0.0,0.0,0.0,0.0,0.0,0.0
DEBT-08287,CUST-08287,1617.36,0.0,6210.47,31843.5,191298.43,230969.76,0.9255
DEBT-08288,CUST-08288,0.0,5344.45,0.0,0.0,0.0,5344.45,0.0079
DEBT-08289,CUST-08289,2554.81,0.0,0.0,5713.54,0.0,8268.35,0.0369
DEBT-08290,CUST-08290,1136.4,0.0,0.0,0.0,0.0,1136.4,0.0007
DEBT-08291,CUST-08291,0.0,0.0,0.0,0.0,0.0,0.0,0.0
DEBT-08292,CUST-08292,0.0,6782.77,0.0,0.0,0.0,6782.77,0.0084
DEBT-08293,CUST-08293,0.0,0.0,0.0,0.0,0.0,0.0,0.0
DEBT-08294,CUST-08294,0.0,0.0,0.0,14780.61,0.0,14780.61,0.0264
DEBT-08295,CUST-08295,12290.92,0.0,0.0,0.0,0.0,12290.92,0.0146
DEBT-08296,CUST-08296,15662.62,0.0,0.0,0.0,0.0,15662.62,0.0142
DEBT-08297,CUST-08297,1845.66,14064.46,0.0,0.0,0.0,15910.12,0.0617
DEBT-08298,CUST-08298,5573.47,0.0,0.0,0.0,0.0,5573.47,0.0123
DEBT-08299,CUST-08299,493.43,0.0,0.0,28346.57,0.0,28840.0,0.055
DEBT-08300,CUST-08300,0.0,20253.64,18173.93,0.0,0.0,38427.57,0.0634
DEBT-08301,CUST-08301,1531.34,0.0,0.0,26020.11,0.0,27551.45,0.0761
DEBT-08302,CUST-08302,1217.13,11440.39,0.0,20737.62,0.0,33395.14,0.1957
DEBT-08303,CUST-08303,6472.85,0.0,0.0,0.0,414178.07,420650.92,1.383
DEBT-08304,CUST-08304,5855.74,6300.94,0.0,0.0,402441.38,414598.06,0.835
DEBT-08305,CUST-08305,2914.65,0.0,0.0,10769.21,0.0,13683.86,0.0145
DEBT-08306,CUST-08306,1214.49,0.0,19022.23,17479.4,0.0,37716.12,0.0551
DEBT-08307,CUST-08307,6634.04,0.0,0.0,0.0,100076.87,106710.91,0.263
DEBT-08308,CUST-08308,4093.08,0.0,0.0,27268.48,0.0,31361.56,0.0912
DEBT-08309,CUST-08309,1355.52,11959.05,29071.21,0.0,0.0,42385.78,0.3118
DEBT-08310,CUST-08310,6258.35,0.0,0.0,14677.83,0.0,20936.18,0.0512
DEBT-08311,CUST-08311,10085.1,0.0,0.0,8821.88,0.0,18906.98,0.0373
DEBT-08312,CUST-08312,3734.58,0.0,0.0,11966.46,0.0,15701.04,0.0256
DEBT-08313,CUST-08313,2032.1,15024.5,0.0,0.0,0.0,17056.6,0.0372
DEBT-08314,CUST-08314,11777.33,0.0,0.0,0.0,0.0,11777.33,0.0153
DEBT-08315,CUST-08315,1707.96,0.0,0.0,0.0,0.0,1707.96,0.0062
DEBT-08316,CUST-08316,2210.49,0.0,0.0,0.0,0.0,2210.49,0.0041
DEBT-08317,CUST-08317,805.57,0.0,0.0,22864.76,0.0,23670.33,0.0487
DEBT-08318,CUST-08318,791.37,0.0,0.0,0.0,175541.94,176333.31,0.4731
DEBT-08319,CUST-08319,0.0,8135.32,0.0,0.0,0.0,8135.32,0.0389
DEBT-08320,CUST-08320,2003.94,0.0,0.0,10055.15,184750.28,196809.37,0.3862
DEBT-08321,CUST-08321,2808.9,0.0,0.0,0.0,0.0,2808.9,0.0055
DEBT-08322,CUST-08322,7990.59,0.0,0.0,0.0,0.0,7990.59,0.0131
DEBT-08323,CUST-08323,3189.07,4373.78,0.0,0.0,0.0,7562.85,0.0193
DEBT-08324,CUST-08324,0.0,0.0,0.0,0.0,0.0,0.0,0.0
DEBT-08325,CUST-08325,986.76,20795.04,0.0,0.0,0.0,21781.8,0.0368
DEBT-08326,CUST-08326,0.0,0.0,0.0,0.0,414646.95,414646.95,0.9327
DEBT-08327,CUST-08327,5646.04,0.0,0.0,28886.63,188273.11,222805.78,0.7108
DEBT-08328,CUST-08328,9988.72,0.0,0.0,18544.45,0.0,28533.17,0.0531
DEBT-08329,CUST-08329,5833.58,0.0,0.0,22141.73,0.0,27975.31,0.0361
DEBT-08330,CUST-08330,11808.35,2663.43,0.0,30634.35,0.0,45106.13,0.0518
DEBT-08331,CUST-08331,4293.57,18618.06,0.0,0.0,0.0,22911.63,0.1184
DEBT-08332,CUST-08332,0.0,14005.07,30601.55,0.0,424289.2,468895.82,0.6849
DEBT-08333,CUST-08333,0.0,0.0,0.0,0.0,0.0,0.0,0.0
DEBT-08334,CUST-08334,1568.02,0.0,0.0,30477.82,0.0,32045.84,0.0449
DEBT-08335,CUST-08335,0.0,0.0,0.0,0.0,0.0,0.0,0.0
DEBT-08336,CUST-08336,961.64,0.0,0.0,0.0,304128.8,305090.44,0.5158
DEBT-08337,CUST-08337,16921.27,5925.89,0.0,8426.44,0.0,31273.6,0.03
DEBT-08338,CUST-08338,0.0,0.0,0.0,0.0,0.0,0.0,0.0
DEBT-08339,CUST-08339,8612.87,14056.62,0.0,0.0,0.0,22669.49,0.0281
DEBT-08340,CUST-08340,3162.51,9863.78,0.0,0.0,168501.03,181527.32,0.7272
DEBT-08341,CUST-08341,3024.86,0.0,0.0,17333.82,0.0,20358.68,0.0565
DEBT-08342,CUST-08342,0.0,0.0,0.0,0.0,0.0,0.0,0.0
DEBT-08343,CUST-08343,3985.77,0.0,0.0,0.0,0.0,3985.77,0.0139
DEBT-08344,CUST-08344,7440.59,14444.46,0.0,0.0,358852.88,380737.93,0.7287
DEBT-08345,CUST-08345,1034.61,0.0,0.0,0.0,0.0,1034.61,0.0052
DEBT-08346,CUST-08346,0.0,5724.57,0.0,0.0,307524.3,313248.87,0.9565
DEBT-08347,CUST-08347,6155.59,9239.63,39376.46,19821.7,0.0,74593.38,0.2675
DEBT-08348,CUST-08348,0.0,0.0,0.0,4399.92,0.0,4399.92,0.0341
DEBT-08349,CUST-08349,2627.34,6037.06,0.0,0.0,0.0,8664.4,0.0244
DEBT-08350,CUST-08350,5988.48,5915.74,0.0,0.0,0.0,11904.22,0.0165
DEBT-08351,CUST-08351,1145.45,0.0,0.0,32956.37,0.0,34101.82,0.0579
DEBT-08352,CUST-08352,2823.04,22830.48,0.0,28383.15,0.0,54036.67,0.1314
DEBT-08353,CUST-08353,7940.85,0.0,0.0,0.0,0.0,7940.85,0.0117
DEBT-08354,CUST-08354,8845.29,0.0,0.0,0.0,0.0,8845.29,0.0167
DEBT-08355,CUST-08355,1067.82,0.0,40554.35,0.0,0.0,41622.17,0.0698
DEBT-08356,CUST-08356,6369.01,0.0,0.0,0.0,0.0,6369.01,0.0076
DEBT-08357,CUST-08357,757.89,18002.45,0.0,17838.75,0.0,36599.09,0.4121
DEBT-08358,CUST-08358,1382.69,0.0,0.0,0.0,415209.13,416591.82,0.9864
DEBT-08359,CUST-08359,9545.11,0.0,0.0,7829.46,0.0,17374.57,0.0358
DEBT-08360,CUST-08360,12939.11,0.0,0.0,0.0,0.0,12939.11,0.0227
DEBT-08361,CUST-08361,0.0,13605.37,0.0,0.0,167138.09,180743.46,0.5497
DEBT-08362,CUST-08362,6434.49,0.0,0.0,17993.73,389535.95,413964.17,1.0155
DEBT-08363,CUST-08363,306.29,0.0,0.0,0.0,0.0,306.29,0.0049
DEBT-08364,CUST-08364,0.0,0.0,34138.92,0.0,0.0,34138.92,0.1299
DEBT-08365,CUST-08365,16228.52,21688.95,0.0,0.0,324331.25,362248.72,0.4579
DEBT-08366,CUST-08366,5103.42,17936.18,0.0,18443.49,117395.42,158878.51,0.5738
DEBT-08367,CUST-08367,9740.37,0.0,0.0,0.0,0.0,9740.37,0.0149
DEBT-08368,CUST-08368,0.0,0.0,0.0,0.0,0.0,0.0,0.0
DEBT-08369,CUST-08369,3781.53,0.0,0.0,0.0,0.0,3781.53,0.0098
DEBT-08370,CUST-08370,0.0,0.0,0.0,0.0,127019.71,127019.71,0.1531
DEBT-08371,CUST-08371,0.0,12215.28,0.0,18205.58,0.0,30420.86,0.1291
DEBT-08372,CUST-08372,0.0,0.0,0.0,22245.47,0.0,22245.47,0.0281
DEBT-08373,CUST-08373,10849.88,0.0,0.0,21717.89,0.0,32567.77,0.058
DEBT-08374,CUST-08374,2433.8,18969.21,0.0,0.0,0.0,21403.01,0.1268
DEBT-08375,CUST-08375,2552.93,0.0,22507.64,0.0,0.0,25060.57,0.0389
DEBT-08376,CUST-08376,6448.94,0.0,0.0,19149.27,0.0,25598.21,0.0429
DEBT-08377,CUST-08377,3205.68,0.0,0.0,26714.32,0.0,29920.0,0.0885
DEBT-08378,CUST-08378,1152.29,0.0,0.0,0.0,0.0,1152.29,0.001
DEBT-08379,CUST-08379,0.0,0.0,0.0,0.0,0.0,0.0,0.0
DEBT-08380,CUST-08380,6927.81,0.0,39750.87,0.0,307298.44,353977.12,1.012
DEBT-08381,CUST-08381,0.0,0.0,0.0,0.0,0.0,0.0,0.0
DEBT-08382,CUST-08382,5450.64,0.0,0.0,10247.81,0.0,15698.45,0.0416
DEBT-08383,CUST-08383,1983.73,0.0,0.0,23193.8,0.0,25177.53,0.1086
DEBT-08384,CUST-08384,0.0,0.0,0.0,0.0,0.0,0.0,0.0
DEBT-08385,CUST-08385,575.73,23219.27,0.0,0.0,0.0,23795.0,0.23
DEBT-08386,CUST-08386,8047.61,17902.8,0.0,0.0,0.0,25950.41,0.0472
DEBT-08387,CUST-08387,983.19,0.0,0.0,5359.01,0.0,6342.2,0.0234
DEBT-08388,CUST-08388,7474.97,17004.1,0.0,22650.63,0.0,47129.7,0.1035
DEBT-08389,CUST-08389,450.93,0.0,0.0,0.0,0.0,450.93,0.005
DEBT-08390,CUST-08390,18280.52,0.0,0.0,0.0,0.0,18280.52,0.017
DEBT-08391,CUST-08391,208.01,0.0,0.0,29101.36,0.0,29309.37,0.5494
DEBT-08392,CUST-08392,7157.05,0.0,0.0,0.0,0.0,7157.05,0.0186
DEBT-08393,CUST-08393,457.73,22911.75,0.0,17006.82,392738.61,433114.91,0.8472
DEBT-08394,CUST-08394,0.0,17006.15,0.0,0.0,0.0,17006.15,0.029
DEBT-08395,CUST-08395,0.0,22268.5,0.0,0.0,0.0,22268.5,0.0817
DEBT-08396,CUST-08396,0.0,0.0,0.0,0.0,0.0,0.0,0.0
DEBT-08397,CUST-08397,8899.84,0.0,0.0,0.0,0.0,8899.84,0.0221
DEBT-08398,CUST-08398,0.0,0.0,0.0,22808.46,0.0,22808.46,0.0299
DEBT-08399,CUST-08399,5044.99,0.0,0.0,0.0,162060.8,167105.79,0.4083
DEBT-08400,CUST-08400,3966.39,0.0,0.0,8098.06,0.0,12064.45,0.014
DEBT-08401,CUST-08401,0.0,0.0,0.0,9425.55,0.0,9425.55,0.0475
DEBT-08402,CUST-08402,0.0,6817.17,0.0,0.0,0.0,6817.17,0.0141
DEBT-08403,CUST-08403,9320.2,0.0,0.0,0.0,0.0,9320.2,0.0227
DEBT-08404,CUST-08404,5571.9,21700.25,0.0,0.0,445583.98,472856.13,1.1014
DEBT-08405,CUST-08405,0.0,2728.29,26945.59,0.0,0.0,29673.88,0.0679
DEBT-08406,CUST-08406,0.0,0.0,0.0,0.0,368757.89,368757.89,0.631
DEBT-08407,CUST-08407,4498.0,19290.74,0.0,0.0,0.0,23788.74,0.0511
DEBT-08408,CUST-08408,0.0,22221.52,0.0,4173.64,415080.58,441475.74,0.5146
DEBT-08409,CUST-08409,0.0,24029.22,0.0,0.0,0.0,24029.22,0.0855
DEBT-08410,CUST-08410,3717.65,0.0,0.0,27365.96,234163.46,265247.07,0.7084
DEBT-08411,CUST-08411,4817.15,8832.91,0.0,0.0,0.0,13650.06,0.0432
DEBT-08412,CUST-08412,0.0,7040.73,0.0,0.0,141230.03,148270.76,0.2113
DEBT-08413,CUST-08413,4475.37,0.0,0.0,0.0,408760.99,413236.36,1.4473
DEBT-08414,CUST-08414,1742.77,0.0,0.0,0.0,0.0,1742.77,0.0034
DEBT-08415,CUST-08415,1925.87,0.0,0.0,10276.16,407794.6,419996.63,0.6751
DEBT-08416,CUST-08416,0.0,0.0,0.0,0.0,0.0,0.0,0.0
DEBT-08417,CUST-08417,1657.13,0.0,0.0,24995.91,0.0,26653.04,0.0602
DEBT-08418,CUST-08418,5359.26,14574.21,0.0,0.0,0.0,19933.47,0.0616
DEBT-08419,CUST-08419,672.39,0.0,0.0,0.0,0.0,672.39,0.0158
DEBT-08420,CUST-08420,4075.59,0.0,0.0,22490.41,0.0,26566.0,0.0864
DEBT-08421,CUST-08421,6142.03,24338.42,0.0,0.0,0.0,30480.45,0.0615
DEBT-08422,CUST-08422,1923.97,20529.44,0.0,0.0,0.0,22453.41,0.1533
DEBT-08423,CUST-08423,6025.24,0.0,0.0,33221.57,0.0,39246.81,0.1431
DEBT-08424,CUST-08424,6581.98,0.0,27869.51,0.0,0.0,34451.49,0.0866
DEBT-08425,CUST-08425,1118.28,0.0,0.0,0.0,0.0,1118.28,0.004
DEBT-08426,CUST-08426,6457.27,5288.4,0.0,0.0,0.0,11745.67,0.0205
DEBT-08427,CUST-08427,0.0,0.0,0.0,0.0,0.0,0.0,0.0
DEBT-08428,CUST-08428,0.0,0.0,0.0,0.0,174282.22,174282.22,0.648
DEBT-08429,CUST-08429,10873.36,0.0,0.0,0.0,261265.98,272139.34,0.2481
DEBT-08430,CUST-08430,5064.77,0.0,0.0,0.0,0.0,5064.77,0.0142
DEBT-08431,CUST-08431,12618.18,0.0,0.0,13613.29,0.0,26231.47,0.0282
DEBT-08432,CUST-08432,3156.02,0.0,0.0,0.0,340252.35,343408.37,0.6803
DEBT-08433,CUST-08433,0.0,0.0,0.0,6802.49,0.0,6802.49,0.0115
DEBT-08434,CUST-08434,733.12,0.0,0.0,0.0,0.0,733.12,0.0009
DEBT-08435,CUST-08435,13674.93,0.0,0.0,0.0,197824.61,211499.54,0.2644
DEBT-08436,CUST-08436,34726.36,16427.76,0.0,33515.38,0.0,84669.5,0.0446
DEBT-08437,CUST-08437,3432.57,14999.13,0.0,9333.02,0.0,27764.72,0.1673
DEBT-08438,CUST-08438,0.0,0.0,10090.33,0.0,354250.88,364341.21,0.6249
DEBT-08439,CUST-08439,5774.66,0.0,0.0,0.0,0.0,5774.66,0.016
DEBT-08440,CUST-08440,5530.59,0.0,0.0,0.0,0.0,5530.59,0.0223
DEBT-08441,CUST-08441,1509.17,0.0,0.0,0.0,412935.49,414444.66,1.168
DEBT-08442,CUST-08442,3816.08,0.0,0.0,6370.24,0.0,10186.32,0.0298
DEBT-08443,CUST-08443,4655.21,24426.89,0.0,0.0,345345.26,374427.36,0.5653
DEBT-08444,CUST-08444,0.0,0.0,0.0,0.0,0.0,0.0,0.0
DEBT-08445,CUST-08445,2548.48,0.0,0.0,13306.76,0.0,15855.24,0.057
DEBT-08446,CUST-08446,0.0,0.0,28701.2,0.0,0.0,28701.2,0.0328
DEBT-08447,CUST-08447,0.0,0.0,38393.36,0.0,0.0,38393.36,0.2302
DEBT-08448,CUST-08448,3407.2,0.0,0.0,19523.08,0.0,22930.28,0.0882
DEBT-08449,CUST-08449,9004.47,0.0,0.0,0.0,0.0,9004.47,0.0101
DEBT-08450,CUST-08450,2733.12,0.0,0.0,0.0,0.0,2733.12,0.0019
DEBT-08451,CUST-08451,0.0,0.0,0.0,0.0,0.0,0.0,0.0
DEBT-08452,CUST-08452,6212.27,13547.23,0.0,0.0,0.0,19759.5,0.066
DEBT-08453,CUST-08453,1384.06,0.0,0.0,0.0,0.0,1384.06,0.0159
DEBT-08454,CUST-08454,0.0,0.0,0.0,0.0,0.0,0.0,0.0
DEBT-08455,CUST-08455,3773.42,0.0,0.0,0.0,0.0,3773.42,0.0103
DEBT-08456,CUST-08456,7839.72,0.0,0.0,0.0,0.0,7839.72,0.0138
DEBT-08457,CUST-08457,8971.11,0.0,0.0,30656.19,0.0,39627.3,0.0647
DEBT-08458,CUST-08458,0.0,8610.76,0.0,32776.47,0.0,41387.23,0.0835
DEBT-08459,CUST-08459,2623.7,0.0,0.0,0.0,197746.15,200369.85,0.5563
DEBT-08460,CUST-08460,0.0,0.0,0.0,25756.92,0.0,25756.92,0.2218
DEBT-08461,CUST-08461,1705.69,0.0,0.0,0.0,0.0,1705.69,0.0013
DEBT-08462,CUST-08462,5804.89,0.0,30244.5,0.0,252755.61,288805.0,0.5
DEBT-08463,CUST-08463,0.0,0.0,0.0,21112.92,0.0,21112.92,0.0356
DEBT-08464,CUST-08464,0.0,17408.59,0.0,33845.19,0.0,51253.78,0.1134
DEBT-08465,CUST-08465,0.0,16135.51,0.0,0.0,0.0,16135.51,0.0357
DEBT-08466,CUST-08466,662.22,0.0,0.0,30801.02,0.0,31463.24,0.0885
DEBT-08467,CUST-08467,0.0,0.0,0.0,0.0,447501.75,447501.75,0.7604
DEBT-08468,CUST-08468,0.0,0.0,0.0,0.0,431216.45,431216.45,1.7474
DEBT-08469,CUST-08469,22023.4,0.0,0.0,0.0,0.0,22023.4,0.0227
DEBT-08470,CUST-08470,1990.09,13335.54,7993.77,4094.22,0.0,27413.62,0.0374
DEBT-08471,CUST-08471,0.0,0.0,0.0,0.0,0.0,0.0,0.0
DEBT-08472,CUST-08472,1903.42,15982.46,0.0,0.0,0.0,17885.88,0.0471
DEBT-08473,CUST-08473,3036.7,13797.32,0.0,0.0,0.0,16834.02,0.0283
DEBT-08474,CUST-08474,3338.15,0.0,0.0,0.0,0.0,3338.15,0.011
DEBT-08475,CUST-08475,20728.59,15603.03,0.0,0.0,385058.09,421389.71,0.4297
DEBT-08476,CUST-08476,5050.68,0.0,0.0,0.0,336059.52,341110.2,0.744
DEBT-08477,CUST-08477,878.96,0.0,0.0,15667.68,0.0,16546.64,0.0684
DEBT-08478,CUST-08478,0.0,0.0,0.0,20273.29,431940.93,452214.22,1.363
DEBT-08479,CUST-08479,11805.88,0.0,0.0,0.0,0.0,11805.88,0.0178
DEBT-08480,CUST-08480,1782.8,0.0,0.0,0.0,0.0,1782.8,0.0124
DEBT-08481,CUST-08481,6310.13,19600.78,0.0,0.0,0.0,25910.91,0.0726
DEBT-08482,CUST-08482,0.0,0.0,0.0,0.0,0.0,0.0,0.0
DEBT-08483,CUST-08483,4035.9,21874.47,0.0,34742.5,80262.96,140915.83,0.3324
DEBT-08484,CUST-08484,9521.77,19230.29,0.0,6279.57,380550.46,415582.09,0.9574
DEBT-08485,CUST-08485,0.0,20853.49,0.0,23460.91,0.0,44314.4,0.1521
DEBT-08486,CUST-08486,0.0,0.0,0.0,23662.59,0.0,23662.59,0.0319
DEBT-08487,CUST-08487,2416.74,3148.26,0.0,0.0,0.0,5565.0,0.0078
DEBT-08488,CUST-08488,2471.3,0.0,0.0,26709.94,392617.3,421798.54,1.4105
DEBT-08489,CUST-08489,10236.3,21964.52,0.0,0.0,436593.88,468794.7,0.3541
DEBT-08490,CUST-08490,3376.44,0.0,0.0,0.0,0.0,3376.44,0.0099
DEBT-08491,CUST-08491,0.0,0.0,0.0,0.0,0.0,0.0,0.0
DEBT-08492,CUST-08492,6970.37,0.0,0.0,26943.34,97219.89,131133.6,0.2711
DEBT-08493,CUST-08493,0.0,0.0,0.0,16877.54,0.0,16877.54,0.0301
DEBT-08494,CUST-08494,2004.33,0.0,0.0,30572.67,0.0,32577.0,0.1133
DEBT-08495,CUST-08495,0.0,0.0,0.0,0.0,0.0,0.0,0.0
DEBT-08496,CUST-08496,8487.73,0.0,0.0,0.0,0.0,8487.73,0.011
DEBT-08497,CUST-08497,4718.86,0.0,0.0,16138.25,0.0,20857.11,0.0247
DEBT-08498,CUST-08498,0.0,0.0,0.0,0.0,0.0,0.0,0.0
DEBT-08499,CUST-08499,7492.33,0.0,0.0,4068.35,0.0,11560.68,0.0321
DEBT-08500,CUST-08500,2874.45,0.0,0.0,0.0,0.0,2874.45,0.0037
DEBT-08501,CUST-08501,1933.7,0.0,0.0,19156.59,0.0,21090.29,0.0484
DEBT-08502,CUST-08502,0.0,4729.48,0.0,0.0,0.0,4729.48,0.008
DEBT-08503,CUST-08503,2946.72,0.0,0.0,0.0,0.0,2946.72,0.0154
DEBT-08504,CUST-08504,5247.31,0.0,0.0,0.0,0.0,5247.31,0.0175
DEBT-08505,CUST-08505,9502.75,0.0,0.0,20003.18,356332.53,385838.46,0.5778
DEBT-08506,CUST-08506,967.08,0.0,0.0,14994.13,0.0,15961.21,0.0231
DEBT-08507,CUST-08507,0.0,0.0,0.0,0.0,96054.18,96054.18,0.1974
DEBT-08508,CUST-08508,0.0,0.0,0.0,21279.57,0.0,21279.57,0.0211
DEBT-08509,CUST-08509,0.0,0.0,0.0,0.0,0.0,0.0,0.0
DEBT-08510,CUST-08510,0.0,24597.49,0.0,0.0,0.0,24597.49,0.0518
DEBT-08511,CUST-08511,14401.21,0.0,0.0,27382.67,0.0,41783.88,0.0576
DEBT-08512,CUST-08512,655.25,0.0,0.0,28018.74,307314.54,335988.53,0.5741
DEBT-08513,CUST-08513,7406.2,9091.46,0.0,0.0,0.0,16497.66,0.051
DEBT-08514,CUST-08514,4984.22,2013.38,0.0,0.0,0.0,6997.6,0.0251
DEBT-08515,CUST-08515,4400.57,0.0,0.0,0.0,0.0,4400.57,0.0055
DEBT-08516,CUST-08516,5590.02,0.0,0.0,0.0,329282.2,334872.22,0.9591
DEBT-08517,CUST-08517,1198.08,0.0,0.0,0.0,0.0,1198.08,0.0021
DEBT-08518,CUST-08518,0.0,0.0,0.0,0.0,0.0,0.0,0.0
DEBT-08519,CUST-08519,9428.78,0.0,0.0,0.0,0.0,9428.78,0.0157
DEBT-08520,CUST-08520,5132.38,0.0,0.0,34636.05,227931.69,267700.12,0.5724
DEBT-08521,CUST-08521,1283.17,0.0,0.0,18782.63,0.0,20065.8,0.1049
DEBT-08522,CUST-08522,11638.78,0.0,0.0,0.0,0.0,11638.78,0.019
DEBT-08523,CUST-08523,854.59,0.0,0.0,0.0,0.0,854.59,0.0102
DEBT-08524,CUST-08524,3803.4,0.0,0.0,0.0,0.0,3803.4,0.005
DEBT-08525,CUST-08525,833.19,10408.87,0.0,0.0,0.0,11242.06,0.045
DEBT-08526,CUST-08526,12396.8,0.0,35221.58,11599.55,0.0,59217.93,0.098
DEBT-08527,CUST-08527,0.0,0.0,0.0,0.0,0.0,0.0,0.0
DEBT-08528,CUST-08528,7515.46,0.0,0.0,0.0,0.0,7515.46,0.0165
DEBT-08529,CUST-08529,6565.42,0.0,0.0,0.0,376825.31,383390.73,0.8182
DEBT-08530,CUST-08530,3897.92,0.0,38751.78,0.0,0.0,42649.7,0.0997
DEBT-08531,CUST-08531,711.01,0.0,0.0,0.0,0.0,711.01,0.0018
DEBT-08532,CUST-08532,3922.04,0.0,0.0,0.0,0.0,3922.04,0.0096
DEBT-08533,CUST-08533,6720.76,0.0,0.0,0.0,0.0,6720.76,0.0112
DEBT-08534,CUST-08534,0.0,0.0,0.0,18537.01,0.0,18537.01,0.0632
DEBT-08535,CUST-08535,2113.52,0.0,0.0,15809.1,0.0,17922.62,0.0447
DEBT-08536,CUST-08536,0.0,0.0,0.0,0.0,0.0,0.0,0.0
DEBT-08537,CUST-08537,0.0,0.0,0.0,13504.97,0.0,13504.97,0.0276
DEBT-08538,CUST-08538,4809.49,0.0,0.0,0.0,287858.42,292667.91,0.3833
DEBT-08539,CUST-08539,0.0,0.0,41830.86,0.0,0.0,41830.86,0.1013
DEBT-08540,CUST-08540,1136.13,6651.1,0.0,0.0,0.0,7787.23,0.1138
DEBT-08541,CUST-08541,0.0,0.0,0.0,33696.25,0.0,33696.25,0.0562
DEBT-08542,CUST-08542,2192.94,0.0,22615.08,31669.23,0.0,56477.25,0.5305
DEBT-08543,CUST-08543,6824.03,14581.17,0.0,0.0,0.0,21405.2,0.0321
DEBT-08544,CUST-08544,1709.56,0.0,0.0,0.0,0.0,1709.56,0.0223
DEBT-08545,CUST-08545,189.92,0.0,0.0,0.0,0.0,189.92,0.002
DEBT-08546,CUST-08546,4481.55,0.0,0.0,8539.72,0.0,13021.27,0.0509
DEBT-08547,CUST-08547,0.0,14690.69,0.0,8590.44,0.0,23281.13,0.097
DEBT-08548,CUST-08548,10592.79,0.0,0.0,0.0,0.0,10592.79,0.0181
DEBT-08549,CUST-08549,4558.3,4169.31,0.0,0.0,0.0,8727.61,0.0152
DEBT-08550,CUST-08550,3269.97,9359.23,0.0,0.0,436184.52,448813.72,0.9169
DEBT-08551,CUST-08551,3488.95,0.0,0.0,25820.68,0.0,29309.63,0.034
DEBT-08552,CUST-08552,10845.68,0.0,0.0,0.0,0.0,10845.68,0.0137
DEBT-08553,CUST-08553,3639.92,0.0,0.0,0.0,131856.51,135496.43,0.3651
DEBT-08554,CUST-08554,2472.25,0.0,0.0,22205.72,0.0,24677.97,0.0591
DEBT-08555,CUST-08555,0.0,0.0,0.0,0.0,236108.56,236108.56,0.3385
DEBT-08556,CUST-08556,0.0,9234.87,0.0,0.0,0.0,9234.87,0.0578
DEBT-08557,CUST-08557,1232.65,0.0,0.0,0.0,0.0,1232.65,0.0025
DEBT-08558,CUST-08558,16951.02,5879.38,0.0,33497.46,150162.32,206490.18,0.1874
DEBT-08559,CUST-08559,8118.51,0.0,0.0,0.0,0.0,8118.51,0.0183
DEBT-08560,CUST-08560,7380.2,0.0,0.0,0.0,0.0,7380.2,0.0125
DEBT-08561,CUST-08561,3714.1,0.0,0.0,0.0,0.0,3714.1,0.0054
DEBT-08562,CUST-08562,2522.99,0.0,0.0,0.0,0.0,2522.99,0.0095
DEBT-08563,CUST-08563,7471.99,0.0,0.0,11481.2,0.0,18953.19,0.0542
DEBT-08564,CUST-08564,8985.22,0.0,0.0,0.0,0.0,8985.22,0.0164
DEBT-08565,CUST-08565,466.66,0.0,0.0,0.0,0.0,466.66,0.0013
DEBT-08566,CUST-08566,1687.08,0.0,0.0,0.0,0.0,1687.08,0.0044
DEBT-08567,CUST-08567,0.0,2867.57,18672.73,12253.41,371123.13,404916.84,0.3925
DEBT-08568,CUST-08568,1812.58,0.0,0.0,30218.5,0.0,32031.08,0.063
DEBT-08569,CUST-08569,373.53,0.0,0.0,0.0,0.0,373.53,0.0019
DEBT-08570,CUST-08570,13766.45,0.0,0.0,32402.82,0.0,46169.27,0.0751
DEBT-08571,CUST-08571,0.0,0.0,0.0,6169.67,347353.53,353523.2,0.3254
DEBT-08572,CUST-08572,7480.3,24723.74,0.0,0.0,0.0,32204.04,0.0457
DEBT-08573,CUST-08573,8086.67,0.0,0.0,0.0,0.0,8086.67,0.0108
DEBT-08574,CUST-08574,2688.33,0.0,0.0,0.0,0.0,2688.33,0.02
DEBT-08575,CUST-08575,1926.45,3657.47,0.0,0.0,0.0,5583.92,0.0204
DEBT-08576,CUST-08576,5334.52,0.0,0.0,0.0,0.0,5334.52,0.0077
DEBT-08577,CUST-08577,1507.37,0.0,9551.4,0.0,0.0,11058.77,0.0362
DEBT-08578,CUST-08578,4317.92,0.0,0.0,0.0,0.0,4317.92,0.0129
DEBT-08579,CUST-08579,10142.48,14667.78,0.0,0.0,0.0,24810.26,0.0397
DEBT-08580,CUST-08580,0.0,0.0,0.0,0.0,0.0,0.0,0.0
DEBT-08581,CUST-08581,5113.72,0.0,0.0,0.0,0.0,5113.72,0.0143
DEBT-08582,CUST-08582,1692.24,0.0,0.0,0.0,0.0,1692.24,0.0037
DEBT-08583,CUST-08583,0.0,0.0,0.0,0.0,0.0,0.0,0.0
DEBT-08584,CUST-08584,0.0,0.0,0.0,0.0,0.0,0.0,0.0
DEBT-08585,CUST-08585,181.77,0.0,0.0,28476.65,0.0,28658.42,0.2881
DEBT-08586,CUST-08586,1035.67,0.0,0.0,31048.34,0.0,32084.01,0.1095
DEBT-08587,CUST-08587,2027.98,0.0,0.0,0.0,0.0,2027.98,0.01
DEBT-08588,CUST-08588,9503.95,0.0,0.0,0.0,0.0,9503.95,0.0211
DEBT-08589,CUST-08589,6599.4,19812.84,0.0,24119.3,0.0,50531.54,0.1593
DEBT-08590,CUST-08590,6455.69,0.0,0.0,32964.69,251086.31,290506.69,0.5529
DEBT-08591,CUST-08591,4282.22,0.0,0.0,0.0,0.0,4282.22,0.0121
DEBT-08592,CUST-08592,7725.82,0.0,0.0,0.0,0.0,7725.82,0.0204
DEBT-08593,CUST-08593,19143.2,0.0,13033.01,0.0,0.0,32176.21,0.0349
DEBT-08594,CUST-08594,0.0,0.0,6078.51,0.0,359305.96,365384.47,0.4149
DEBT-08595,CUST-08595,11745.27,8243.86,0.0,34647.16,0.0,54636.29,0.1007
DEBT-08596,CUST-08596,306.64,19650.68,0.0,0.0,0.0,19957.32,0.2745
DEBT-08597,CUST-08597,1260.6,0.0,29367.78,29941.26,0.0,60569.64,0.1727
DEBT-08598,CUST-08598,1645.45,0.0,0.0,0.0,0.0,1645.45,0.0037
DEBT-08599,CUST-08599,0.0,17557.51,0.0,0.0,0.0,17557.51,0.0352
DEBT-08600,CUST-08600,0.0,0.0,0.0,14076.13,0.0,14076.13,0.0158
DEBT-08601,CUST-08601,5172.69,0.0,0.0,0.0,0.0,5172.69,0.0148
DEBT-08602,CUST-08602,4532.87,17327.2,0.0,0.0,0.0,21860.07,0.0508
DEBT-08603,CUST-08603,0.0,0.0,0.0,0.0,0.0,0.0,0.0
DEBT-08604,CUST-08604,8047.13,0.0,31142.18,0.0,0.0,39189.31,0.0529
DEBT-08605,CUST-08605,8591.73,15073.41,0.0,0.0,215470.4,239135.54,0.5495
DEBT-08606,CUST-08606,0.0,24488.88,0.0,0.0,0.0,24488.88,0.1007
DEBT-08607,CUST-08607,10828.64,0.0,0.0,20815.13,0.0,31643.77,0.044
DEBT-08608,CUST-08608,2307.99,0.0,0.0,22450.42,0.0,24758.41,0.0398
DEBT-08609,CUST-08609,1642.86,0.0,5924.84,0.0,0.0,7567.7,0.0651
DEBT-08610,CUST-08610,0.0,0.0,0.0,0.0,0.0,0.0,0.0
DEBT-08611,CUST-08611,1559.85,7553.55,0.0,0.0,0.0,9113.4,0.02
DEBT-08612,CUST-08612,0.0,0.0,0.0,0.0,0.0,0.0,0.0
DEBT-08613,CUST-08613,14770.44,0.0,0.0,0.0,0.0,14770.44,0.0194
DEBT-08614,CUST-08614,4644.71,0.0,0.0,0.0,0.0,4644.71,0.0173
DEBT-08615,CUST-08615,4526.09,8297.09,43839.1,18502.6,0.0,75164.88,0.1742
DEBT-08616,CUST-08616,396.57,0.0,0.0,0.0,0.0,396.57,0.001
DEBT-08617,CUST-08617,1108.98,0.0,0.0,23068.4,0.0,24177.38,0.3064
DEBT-08618,CUST-08618,6352.91,9197.49,0.0,34770.83,0.0,50321.23,0.0967
DEBT-08619,CUST-08619,4996.01,0.0,0.0,26353.16,0.0,31349.17,0.1009
DEBT-08620,CUST-08620,0.0,0.0,0.0,0.0,0.0,0.0,0.0
DEBT-08621,CUST-08621,0.0,0.0,0.0,0.0,0.0,0.0,0.0
DEBT-08622,CUST-08622,3534.26,0.0,0.0,0.0,0.0,3534.26,0.0118
DEBT-08623,CUST-08623,9757.58,0.0,0.0,0.0,0.0,9757.58,0.0216
DEBT-08624,CUST-08624,435.91,0.0,0.0,0.0,211585.6,212021.51,0.6141
DEBT-08625,CUST-08625,2098.56,14392.71,0.0,0.0,95793.36,112284.63,0.266
DEBT-08626,CUST-08626,9649.47,0.0,19407.86,12162.81,0.0,41220.14,0.0654
DEBT-08627,CUST-08627,0.0,2977.69,37297.75,0.0,147239.19,187514.63,0.482
DEBT-08628,CUST-08628,0.0,0.0,42011.55,14790.88,164118.13,220920.56,0.2979
DEBT-08629,CUST-08629,0.0,0.0,0.0,0.0,0.0,0.0,0.0
DEBT-08630,CUST-08630,6911.71,0.0,0.0,21585.15,0.0,28496.86,0.0737
DEBT-08631,CUST-08631,4217.12,0.0,0.0,32497.97,0.0,36715.09,0.1157
DEBT-08632,CUST-08632,298.71,0.0,0.0,0.0,0.0,298.71,0.0007
DEBT-08633,CUST-08633,0.0,0.0,0.0,30487.69,0.0,30487.69,0.0533
DEBT-08634,CUST-08634,0.0,0.0,0.0,0.0,231585.76,231585.76,0.4395
DEBT-08635,CUST-08635,11024.91,13328.55,41225.89,0.0,275889.7,341469.05,0.4315
DEBT-08636,CUST-08636,0.0,13435.41,14995.5,0.0,0.0,28430.91,0.0439
DEBT-08637,CUST-08637,5428.12,7110.69,0.0,25201.86,223004.61,260745.28,0.2555
DEBT-08638,CUST-08638,0.0,0.0,0.0,9419.92,0.0,9419.92,0.0166
DEBT-08639,CUST-08639,9587.88,0.0,0.0,0.0,94739.74,104327.62,0.1802
DEBT-08640,CUST-08640,8186.91,0.0,0.0,0.0,0.0,8186.91,0.0096
DEBT-08641,CUST-08641,8142.71,0.0,0.0,16771.84,0.0,24914.55,0.052
DEBT-08642,CUST-08642,0.0,0.0,0.0,20546.47,0.0,20546.47,0.1213
DEBT-08643,CUST-08643,1137.24,0.0,0.0,0.0,0.0,1137.24,0.0086
DEBT-08644,CUST-08644,5099.43,0.0,0.0,0.0,106238.88,111338.31,0.1882
DEBT-08645,CUST-08645,6123.96,0.0,0.0,28140.36,192882.26,227146.58,0.4944
DEBT-08646,CUST-08646,844.91,0.0,0.0,19382.69,0.0,20227.6,0.1203
DEBT-08647,CUST-08647,12661.5,0.0,0.0,13283.64,0.0,25945.14,0.0292
DEBT-08648,CUST-08648,2180.43,0.0,0.0,0.0,0.0,2180.43,0.0071
DEBT-08649,CUST-08649,6888.86,0.0,0.0,0.0,224381.23,231270.09,0.4172
DEBT-08650,CUST-08650,2557.11,0.0,0.0,21100.38,357327.27,380984.76,0.7455
DEBT-08651,CUST-08651,2058.0,0.0,6756.94,0.0,0.0,8814.94,0.021
DEBT-08652,CUST-08652,3890.7,16714.2,0.0,0.0,358563.33,379168.23,1.3022
DEBT-08653,CUST-08653,977.55,0.0,0.0,11158.59,0.0,12136.14,0.0378
DEBT-08654,CUST-08654,16156.33,0.0,0.0,0.0,0.0,16156.33,0.0176
DEBT-08655,CUST-08655,0.0,0.0,0.0,0.0,173139.82,173139.82,0.2747
DEBT-08656,CUST-08656,4821.62,0.0,0.0,0.0,0.0,4821.62,0.0088
DEBT-08657,CUST-08657,0.0,11921.07,0.0,0.0,98893.19,110814.26,0.2418
DEBT-08658,CUST-08658,0.0,0.0,23120.88,25466.72,0.0,48587.6,0.0925
DEBT-08659,CUST-08659,9571.92,0.0,0.0,0.0,0.0,9571.92,0.0173
DEBT-08660,CUST-08660,8715.29,0.0,0.0,27224.39,0.0,35939.68,0.0812
DEBT-08661,CUST-08661,10101.75,0.0,38406.98,0.0,0.0,48508.73,0.0439
DEBT-08662,CUST-08662,0.0,0.0,0.0,0.0,0.0,0.0,0.0
DEBT-08663,CUST-08663,11543.2,0.0,0.0,0.0,0.0,11543.2,0.0217
DEBT-08664,CUST-08664,6855.12,0.0,0.0,0.0,447970.59,454825.71,0.7716
DEBT-08665,CUST-08665,10230.7,0.0,0.0,0.0,0.0,10230.7,0.0214
DEBT-08666,CUST-08666,0.0,0.0,0.0,0.0,0.0,0.0,0.0
DEBT-08667,CUST-08667,5323.83,0.0,20867.73,0.0,0.0,26191.56,0.0642
DEBT-08668,CUST-08668,9503.89,1283.67,0.0,0.0,0.0,10787.56,0.0174
DEBT-08669,CUST-08669,0.0,0.0,0.0,0.0,170589.34,170589.34,0.2582
DEBT-08670,CUST-08670,0.0,0.0,0.0,29386.67,0.0,29386.67,0.0678
DEBT-08671,CUST-08671,12000.78,0.0,0.0,25729.56,0.0,37730.34,0.0407
DEBT-08672,CUST-08672,0.0,0.0,0.0,24182.18,0.0,24182.18,0.102
DEBT-08673,CUST-08673,255.8,0.0,0.0,0.0,0.0,255.8,0.0045
DEBT-08674,CUST-08674,4415.64,9228.67,0.0,9073.93,0.0,22718.24,0.0392
DEBT-08675,CUST-08675,0.0,0.0,0.0,15028.75,0.0,15028.75,0.0977
DEBT-08676,CUST-08676,0.0,0.0,0.0,0.0,0.0,0.0,0.0
DEBT-08677,CUST-08677,4840.12,0.0,0.0,10157.28,0.0,14997.4,0.0447
DEBT-08678,CUST-08678,3059.47,0.0,0.0,0.0,0.0,3059.47,0.0047
DEBT-08679,CUST-08679,10209.05,0.0,8296.04,0.0,112511.22,131016.31,0.2028
DEBT-08680,CUST-08680,11686.33,4639.95,0.0,7363.52,0.0,23689.8,0.0305
DEBT-08681,CUST-08681,2238.69,13224.7,0.0,0.0,0.0,15463.39,0.0319
DEBT-08682,CUST-08682,286.55,0.0,0.0,0.0,0.0,286.55,0.0007
DEBT-08683,CUST-08683,0.0,0.0,0.0,4840.1,0.0,4840.1,0.0223
DEBT-08684,CUST-08684,6418.3,0.0,0.0,0.0,0.0,6418.3,0.0118
DEBT-08685,CUST-08685,10927.73,9317.18,0.0,21276.16,332382.2,373903.27,0.3977
DEBT-08686,CUST-08686,0.0,0.0,0.0,0.0,0.0,0.0,0.0
DEBT-08687,CUST-08687,0.0,4953.19,0.0,0.0,0.0,4953.19,0.0053
DEBT-08688,CUST-08688,7306.24,0.0,15848.7,0.0,0.0,23154.94,0.0537
DEBT-08689,CUST-08689,16008.27,0.0,0.0,0.0,262815.06,278823.33,0.351
DEBT-08690,CUST-08690,5506.97,0.0,0.0,6787.61,0.0,12294.58,0.028
DEBT-08691,CUST-08691,9469.86,0.0,0.0,17796.74,0.0,27266.6,0.0423
DEBT-08692,CUST-08692,282.51,0.0,0.0,0.0,197893.61,198176.12,0.4126
DEBT-08693,CUST-08693,1288.22,0.0,0.0,33163.88,0.0,34452.1,0.1155
DEBT-08694,CUST-08694,2175.91,0.0,0.0,0.0,0.0,2175.91,0.004
DEBT-08695,CUST-08695,5378.32,0.0,0.0,31616.39,0.0,36994.71,0.0736
DEBT-08696,CUST-08696,0.0,0.0,0.0,0.0,0.0,0.0,0.0
DEBT-08697,CUST-08697,1001.09,0.0,0.0,0.0,0.0,1001.09,0.0016
DEBT-08698,CUST-08698,9386.48,1051.4,0.0,0.0,0.0,10437.88,0.019
DEBT-08699,CUST-08699,9929.59,0.0,0.0,24829.61,165229.02,199988.22,0.4056
DEBT-08700,CUST-08700,7984.37,0.0,0.0,34467.3,284748.32,327199.99,0.6613
DEBT-08701,CUST-08701,8020.21,0.0,0.0,0.0,323401.04,331421.25,0.7743
DEBT-08702,CUST-08702,0.0,0.0,0.0,6528.17,0.0,6528.17,0.1053
DEBT-08703,CUST-08703,0.0,12653.65,0.0,0.0,260826.61,273480.26,0.7976
DEBT-08704,CUST-08704,11043.31,0.0,0.0,0.0,0.0,11043.31,0.0184
DEBT-08705,CUST-08705,10924.26,0.0,32783.19,0.0,0.0,43707.45,0.0771
DEBT-08706,CUST-08706,5727.62,0.0,0.0,4503.66,0.0,10231.28,0.0286
DEBT-08707,CUST-08707,4265.18,0.0,0.0,27953.52,101511.86,133730.56,0.1091
DEBT-08708,CUST-08708,10151.03,0.0,10707.99,0.0,0.0,20859.02,0.0326
DEBT-08709,CUST-08709,1853.45,0.0,0.0,0.0,0.0,1853.45,0.0107
DEBT-08710,CUST-08710,2050.45,0.0,0.0,21809.41,0.0,23859.86,0.0399
DEBT-08711,CUST-08711,954.5,0.0,0.0,0.0,0.0,954.5,0.0087
DEBT-08712,CUST-08712,0.0,0.0,0.0,31365.4,125595.98,156961.38,0.451
DEBT-08713,CUST-08713,9955.96,0.0,0.0,0.0,0.0,9955.96,0.0182
DEBT-08714,CUST-08714,8873.75,0.0,0.0,0.0,245629.51,254503.26,0.593
DEBT-08715,CUST-08715,7313.2,0.0,0.0,0.0,0.0,7313.2,0.0101
DEBT-08716,CUST-08716,700.27,0.0,0.0,0.0,0.0,700.27,0.0017
DEBT-08717,CUST-08717,0.0,0.0,0.0,0.0,0.0,0.0,0.0
DEBT-08718,CUST-08718,8175.51,15067.58,0.0,0.0,0.0,23243.09,0.0383
DEBT-08719,CUST-08719,25838.06,0.0,0.0,0.0,418630.58,444468.64,0.3709
DEBT-08720,CUST-08720,1596.2,0.0,0.0,6030.63,0.0,7626.83,0.0815
DEBT-08721,CUST-08721,10696.55,0.0,0.0,6317.94,0.0,17014.49,0.0365
DEBT-08722,CUST-08722,1450.29,0.0,0.0,0.0,0.0,1450.29,0.0147
DEBT-08723,CUST-08723,0.0,0.0,0.0,0.0,0.0,0.0,0.0
DEBT-08724,CUST-08724,10737.85,0.0,0.0,0.0,0.0,10737.85,0.0196
DEBT-08725,CUST-08725,0.0,11527.19,0.0,0.0,0.0,11527.19,0.0673
DEBT-08726,CUST-08726,0.0,0.0,21344.82,32017.18,0.0,53362.0,0.1575
DEBT-08727,CUST-08727,3730.4,0.0,0.0,0.0,0.0,3730.4,0.0123
DEBT-08728,CUST-08728,0.0,7323.41,0.0,21636.65,0.0,28960.06,0.1533
DEBT-08729,CUST-08729,16205.99,0.0,0.0,0.0,91694.65,107900.64,0.1416
DEBT-08730,CUST-08730,0.0,0.0,0.0,0.0,0.0,0.0,0.0
DEBT-08731,CUST-08731,0.0,0.0,0.0,0.0,177764.45,177764.45,0.3933
DEBT-08732,CUST-08732,5980.78,0.0,0.0,0.0,432276.33,438257.11,0.5485
DEBT-08733,CUST-08733,15025.25,13996.28,0.0,0.0,233317.56,262339.09,0.3862
DEBT-08734,CUST-08734,3275.72,0.0,27103.91,0.0,0.0,30379.63,0.0774
DEBT-08735,CUST-08735,0.0,0.0,43799.46,19206.47,0.0,63005.93,0.1916
DEBT-08736,CUST-08736,1391.11,0.0,0.0,0.0,0.0,1391.11,0.0078
DEBT-08737,CUST-08737,1112.39,0.0,0.0,0.0,0.0,1112.39,0.0022
DEBT-08738,CUST-08738,0.0,0.0,0.0,0.0,116495.46,116495.46,0.2617
DEBT-08739,CUST-08739,0.0,0.0,0.0,0.0,374288.73,374288.73,0.7673
DEBT-08740,CUST-08740,1497.02,0.0,0.0,0.0,0.0,1497.02,0.0056
DEBT-08741,CUST-08741,2089.3,12989.25,0.0,17316.4,0.0,32394.95,0.1438
DEBT-08742,CUST-08742,0.0,0.0,0.0,0.0,0.0,0.0,0.0
DEBT-08743,CUST-08743,0.0,0.0,0.0,0.0,175581.35,175581.35,0.1546
DEBT-08744,CUST-08744,14150.15,0.0,0.0,0.0,0.0,14150.15,0.0172
DEBT-08745,CUST-08745,6473.61,0.0,0.0,0.0,407129.13,413602.74,0.5908
DEBT-08746,CUST-08746,4672.75,0.0,0.0,11362.84,0.0,16035.59,0.0329
DEBT-08747,CUST-08747,0.0,0.0,0.0,0.0,0.0,0.0,0.0
DEBT-08748,CUST-08748,835.81,0.0,10286.74,31797.75,0.0,42920.3,0.5651
DEBT-08749,CUST-08749,15771.44,0.0,0.0,31093.21,0.0,46864.65,0.0588
DEBT-08750,CUST-08750,1179.15,0.0,0.0,34111.18,0.0,35290.33,0.0472
DEBT-08751,CUST-08751,0.0,0.0,0.0,0.0,0.0,0.0,0.0
DEBT-08752,CUST-08752,0.0,0.0,36749.55,33601.59,0.0,70351.14,0.1439
DEBT-08753,CUST-08753,0.0,9434.73,0.0,0.0,0.0,9434.73,0.0196
DEBT-08754,CUST-08754,0.0,0.0,0.0,0.0,0.0,0.0,0.0
DEBT-08755,CUST-08755,0.0,0.0,0.0,0.0,0.0,0.0,0.0
DEBT-08756,CUST-08756,1034.78,0.0,0.0,12209.0,0.0,13243.78,0.0708
DEBT-08757,CUST-08757,5002.28,0.0,0.0,0.0,0.0,5002.28,0.018
DEBT-08758,CUST-08758,13158.87,19882.05,0.0,0.0,0.0,33040.92,0.0508
DEBT-08759,CUST-08759,13406.74,0.0,0.0,7221.14,94899.26,115527.14,0.1278
DEBT-08760,CUST-08760,1843.96,13823.28,0.0,0.0,0.0,15667.24,0.0533
DEBT-08761,CUST-08761,3196.67,23889.23,0.0,0.0,0.0,27085.9,0.1251
DEBT-08762,CUST-08762,0.0,0.0,0.0,0.0,0.0,0.0,0.0
DEBT-08763,CUST-08763,9166.17,0.0,0.0,0.0,230457.38,239623.55,0.3238
DEBT-08764,CUST-08764,3108.88,0.0,0.0,0.0,0.0,3108.88,0.0123
DEBT-08765,CUST-08765,5956.14,0.0,0.0,0.0,218730.48,224686.62,0.6186
DEBT-08766,CUST-08766,10625.96,12644.17,0.0,11607.72,0.0,34877.85,0.0677
DEBT-08767,CUST-08767,0.0,0.0,0.0,0.0,141216.95,141216.95,0.1195
DEBT-08768,CUST-08768,0.0,19851.85,0.0,19231.82,184105.57,223189.24,0.3202
DEBT-08769,CUST-08769,1970.1,0.0,0.0,0.0,240898.8,242868.9,0.836
DEBT-08770,CUST-08770,13509.46,0.0,0.0,0.0,0.0,13509.46,0.0228
DEBT-08771,CUST-08771,1029.05,19932.14,0.0,22585.05,0.0,43546.24,0.5067
DEBT-08772,CUST-08772,627.15,0.0,0.0,0.0,0.0,627.15,0.0026
DEBT-08773,CUST-08773,381.9,0.0,0.0,7750.38,0.0,8132.28,0.0226
DEBT-08774,CUST-08774,16704.31,0.0,0.0,0.0,93922.85,110627.16,0.1369
DEBT-08775,CUST-08775,1025.98,9607.54,0.0,28142.25,0.0,38775.77,0.0715
DEBT-08776,CUST-08776,4337.0,0.0,0.0,0.0,140577.86,144914.86,0.2703
DEBT-08777,CUST-08777,0.0,0.0,0.0,9256.17,0.0,9256.17,0.0318
DEBT-08778,CUST-08778,3991.96,3532.02,0.0,9472.36,0.0,16996.34,0.0204
DEBT-08779,CUST-08779,4785.53,0.0,0.0,9649.67,0.0,14435.2,0.0502
DEBT-08780,CUST-08780,3874.79,15576.23,0.0,0.0,0.0,19451.02,0.0469
DEBT-08781,CUST-08781,9265.16,0.0,0.0,0.0,0.0,9265.16,0.0167
DEBT-08782,CUST-08782,0.0,0.0,0.0,0.0,145876.94,145876.94,0.1581
DEBT-08783,CUST-08783,735.63,0.0,0.0,13825.28,0.0,14560.91,0.0493
DEBT-08784,CUST-08784,4255.71,13093.77,0.0,5652.46,391479.83,414481.77,0.706
DEBT-08785,CUST-08785,5612.0,0.0,28127.75,0.0,0.0,33739.75,0.0716
DEBT-08786,CUST-08786,1580.61,13390.04,0.0,0.0,0.0,14970.65,0.021
DEBT-08787,CUST-08787,0.0,0.0,0.0,0.0,193854.77,193854.77,0.4416
DEBT-08788,CUST-08788,2136.73,6134.56,0.0,8290.76,0.0,16562.05,0.0423
DEBT-08789,CUST-08789,5732.67,3823.28,0.0,4948.79,0.0,14504.74,0.0261
DEBT-08790,CUST-08790,4333.98,0.0,0.0,17742.96,172804.65,194881.59,0.5286
DEBT-08791,CUST-08791,3131.05,0.0,0.0,6030.08,0.0,9161.13,0.0239
DEBT-08792,CUST-08792,0.0,19438.27,30264.57,0.0,0.0,49702.84,0.1106
DEBT-08793,CUST-08793,5729.11,0.0,0.0,0.0,0.0,5729.11,0.0058
DEBT-08794,CUST-08794,2202.31,10683.56,15518.05,0.0,0.0,28403.92,0.047
DEBT-08795,CUST-08795,4394.78,0.0,0.0,0.0,0.0,4394.78,0.012
DEBT-08796,CUST-08796,0.0,0.0,0.0,5519.08,331960.11,337479.19,0.5565
DEBT-08797,CUST-08797,502.91,0.0,0.0,0.0,441844.5,442347.41,1.3212
DEBT-08798,CUST-08798,3981.45,0.0,0.0,0.0,0.0,3981.45,0.0133
DEBT-08799,CUST-08799,0.0,0.0,42584.41,0.0,0.0,42584.41,0.1255
DEBT-08800,CUST-08800,6164.5,0.0,0.0,0.0,0.0,6164.5,0.0222
DEBT-08801,CUST-08801,0.0,0.0,24248.89,33825.71,366751.07,424825.67,0.7998
DEBT-08802,CUST-08802,3447.14,0.0,0.0,0.0,0.0,3447.14,0.008
DEBT-08803,CUST-08803,6533.54,0.0,0.0,0.0,232755.68,239289.22,0.394
DEBT-08804,CUST-08804,4795.82,0.0,0.0,0.0,0.0,4795.82,0.0183
DEBT-08805,CUST-08805,2739.98,0.0,0.0,0.0,0.0,2739.98,0.0096
DEBT-08806,CUST-08806,3620.72,0.0,0.0,0.0,0.0,3620.72,0.0103
DEBT-08807,CUST-08807,0.0,0.0,0.0,8247.39,0.0,8247.39,0.022
DEBT-08808,CUST-08808,5766.73,0.0,0.0,29582.41,0.0,35349.14,0.0305
DEBT-08809,CUST-08809,0.0,12409.37,0.0,9576.98,0.0,21986.35,0.0397
DEBT-08810,CUST-08810,0.0,23482.37,0.0,0.0,0.0,23482.37,0.0558
DEBT-08811,CUST-08811,0.0,0.0,0.0,0.0,0.0,0.0,0.0
DEBT-08812,CUST-08812,8558.44,17857.58,0.0,0.0,0.0,26416.02,0.0444
DEBT-08813,CUST-08813,11762.17,0.0,0.0,0.0,0.0,11762.17,0.0212
DEBT-08814,CUST-08814,0.0,0.0,0.0,32650.75,0.0,32650.75,0.1547
DEBT-08815,CUST-08815,0.0,0.0,0.0,0.0,399326.22,399326.22,1.0323
DEBT-08816,CUST-08816,5539.04,0.0,28765.32,18060.13,0.0,52364.49,0.0478
DEBT-08817,CUST-08817,5387.52,24899.47,0.0,0.0,0.0,30286.99,0.0836
DEBT-08818,CUST-08818,13342.31,0.0,0.0,18869.08,418564.13,450775.52,0.7625
DEBT-08819,CUST-08819,2979.24,0.0,0.0,0.0,127752.76,130732.0,0.2596
DEBT-08820,CUST-08820,5158.21,12983.98,0.0,0.0,317650.41,335792.6,0.7214
DEBT-08821,CUST-08821,0.0,0.0,0.0,20450.09,0.0,20450.09,0.1162
DEBT-08822,CUST-08822,6801.33,0.0,0.0,20839.46,317785.11,345425.9,1.0797
DEBT-08823,CUST-08823,1761.47,0.0,0.0,0.0,0.0,1761.47,0.0057
DEBT-08824,CUST-08824,13388.26,0.0,0.0,0.0,259117.49,272505.75,0.3568
DEBT-08825,CUST-08825,0.0,0.0,0.0,0.0,0.0,0.0,0.0
DEBT-08826,CUST-08826,14689.26,0.0,0.0,0.0,292629.17,307318.43,0.4249
DEBT-08827,CUST-08827,2481.81,0.0,0.0,22894.71,353978.01,379354.53,0.8438
DEBT-08828,CUST-08828,4751.82,0.0,0.0,0.0,0.0,4751.82,0.0094
DEBT-08829,CUST-08829,9059.76,0.0,0.0,13681.01,0.0,22740.77,0.0228
DEBT-08830,CUST-08830,291.31,7599.69,0.0,24756.4,0.0,32647.4,0.1217
DEBT-08831,CUST-08831,1067.97,4750.56,0.0,0.0,431129.54,436948.07,1.1858
DEBT-08832,CUST-08832,4504.81,0.0,0.0,0.0,335237.39,339742.2,0.5423
DEBT-08833,CUST-08833,1342.6,0.0,0.0,24666.9,0.0,26009.5,0.0928
DEBT-08834,CUST-08834,8100.53,0.0,0.0,25582.05,447541.48,481224.06,1.0266
DEBT-08835,CUST-08835,6385.21,0.0,0.0,13827.36,0.0,20212.57,0.0613
DEBT-08836,CUST-08836,0.0,12161.31,0.0,0.0,0.0,12161.31,0.0221
DEBT-08837,CUST-08837,3612.0,0.0,11711.57,0.0,0.0,15323.57,0.0179
DEBT-08838,CUST-08838,0.0,0.0,0.0,29251.97,0.0,29251.97,0.085
DEBT-08839,CUST-08839,7628.07,0.0,0.0,0.0,0.0,7628.07,0.005
DEBT-08840,CUST-08840,6431.04,23652.75,0.0,15180.74,0.0,45264.53,0.1092
DEBT-08841,CUST-08841,0.0,0.0,7548.6,24368.88,0.0,31917.48,0.2816
DEBT-08842,CUST-08842,12639.14,16993.61,0.0,0.0,0.0,29632.75,0.0334
DEBT-08843,CUST-08843,0.0,0.0,0.0,0.0,0.0,0.0,0.0
DEBT-08844,CUST-08844,7408.64,0.0,0.0,0.0,0.0,7408.64,0.0129
DEBT-08845,CUST-08845,7564.98,0.0,0.0,0.0,0.0,7564.98,0.0114
DEBT-08846,CUST-08846,0.0,0.0,0.0,13291.85,0.0,13291.85,0.1972
DEBT-08847,CUST-08847,1740.46,0.0,29934.58,0.0,0.0,31675.04,0.0396
DEBT-08848,CUST-08848,2217.93,0.0,0.0,0.0,0.0,2217.93,0.0068
DEBT-08849,CUST-08849,3419.65,0.0,0.0,0.0,0.0,3419.65,0.0101
DEBT-08850,CUST-08850,7524.54,0.0,0.0,0.0,0.0,7524.54,0.0121
DEBT-08851,CUST-08851,1241.08,0.0,0.0,0.0,387125.51,388366.59,0.9993
DEBT-08852,CUST-08852,0.0,0.0,0.0,0.0,0.0,0.0,0.0
DEBT-08853,CUST-08853,234.14,0.0,0.0,0.0,0.0,234.14,0.0009
DEBT-08854,CUST-08854,15918.85,14881.86,0.0,27198.62,0.0,57999.33,0.0485
DEBT-08855,CUST-08855,3320.19,0.0,21566.84,0.0,100767.23,125654.26,0.388
DEBT-08856,CUST-08856,3428.97,0.0,13721.3,0.0,0.0,17150.27,0.034
DEBT-08857,CUST-08857,11165.86,1328.91,0.0,0.0,273298.28,285793.05,0.2428
DEBT-08858,CUST-08858,3930.14,0.0,0.0,0.0,0.0,3930.14,0.0106
DEBT-08859,CUST-08859,0.0,0.0,0.0,0.0,0.0,0.0,0.0
DEBT-08860,CUST-08860,2466.72,2172.24,0.0,0.0,242464.22,247103.18,0.4556
DEBT-08861,CUST-08861,4090.65,0.0,0.0,0.0,211585.14,215675.79,0.3812
DEBT-08862,CUST-08862,6958.32,0.0,0.0,0.0,0.0,6958.32,0.0129
DEBT-08863,CUST-08863,0.0,0.0,0.0,0.0,186572.65,186572.65,0.5085
DEBT-08864,CUST-08864,2161.21,0.0,0.0,0.0,299533.8,301695.01,0.7807
DEBT-08865,CUST-08865,6347.57,0.0,0.0,19015.94,0.0,25363.51,0.0444
DEBT-08866,CUST-08866,1995.41,23078.93,0.0,0.0,0.0,25074.34,0.027
DEBT-08867,CUST-08867,4606.97,0.0,0.0,24371.38,0.0,28978.35,0.0716
DEBT-08868,CUST-08868,11495.07,22779.93,6618.05,0.0,402960.77,443853.82,0.7479
DEBT-08869,CUST-08869,0.0,0.0,0.0,0.0,360688.95,360688.95,0.7243
DEBT-08870,CUST-08870,1628.59,10496.67,0.0,0.0,0.0,12125.26,0.0108
DEBT-08871,CUST-08871,3312.53,19847.32,0.0,22897.72,0.0,46057.57,0.1103
DEBT-08872,CUST-08872,6490.83,0.0,0.0,0.0,0.0,6490.83,0.0212
DEBT-08873,CUST-08873,7131.36,0.0,0.0,31320.1,0.0,38451.46,0.1064
DEBT-08874,CUST-08874,5564.37,12189.68,0.0,0.0,0.0,17754.05,0.0589
DEBT-08875,CUST-08875,0.0,21316.84,0.0,15110.7,0.0,36427.54,0.0551
DEBT-08876,CUST-08876,7019.0,0.0,0.0,0.0,233777.96,240796.96,0.7587
DEBT-08877,CUST-08877,223.52,0.0,0.0,0.0,0.0,223.52,0.0016
DEBT-08878,CUST-08878,2146.97,0.0,0.0,5831.8,0.0,7978.77,0.0574
DEBT-08879,CUST-08879,5847.03,0.0,0.0,29301.93,0.0,35148.96,0.1122
DEBT-08880,CUST-08880,0.0,0.0,31825.98,0.0,0.0,31825.98,0.0693
DEBT-08881,CUST-08881,8002.27,0.0,0.0,0.0,0.0,8002.27,0.0105
DEBT-08882,CUST-08882,1133.92,0.0,0.0,0.0,0.0,1133.92,0.002
DEBT-08883,CUST-08883,12179.18,0.0,0.0,25501.07,0.0,37680.25,0.0648
DEBT-08884,CUST-08884,4816.79,17321.66,0.0,0.0,0.0,22138.45,0.0675
DEBT-08885,CUST-08885,14009.21,0.0,0.0,0.0,353678.41,367687.62,0.5313
DEBT-08886,CUST-08886,4160.32,10203.74,0.0,25977.89,0.0,40341.95,0.1432
DEBT-08887,CUST-08887,0.0,0.0,25858.14,5698.81,0.0,31556.95,0.1072
DEBT-08888,CUST-08888,4859.1,0.0,0.0,0.0,0.0,4859.1,0.0067
DEBT-08889,CUST-08889,6413.39,0.0,0.0,17478.57,0.0,23891.96,0.0583
DEBT-08890,CUST-08890,1154.91,0.0,0.0,0.0,103754.6,104909.51,0.2205
DEBT-08891,CUST-08891,7468.45,0.0,0.0,29224.88,0.0,36693.33,0.0904
DEBT-08892,CUST-08892,2005.32,0.0,0.0,21915.01,0.0,23920.33,0.1005
DEBT-08893,CUST-08893,15001.8,16429.94,0.0,0.0,0.0,31431.74,0.036
DEBT-08894,CUST-08894,0.0,0.0,34837.13,10546.3,428483.8,473867.23,0.9628
DEBT-08895,CUST-08895,8930.31,22359.49,0.0,11572.63,215581.93,258444.36,0.3883
DEBT-08896,CUST-08896,4590.15,13865.82,0.0,0.0,0.0,18455.97,0.038
DEBT-08897,CUST-08897,9670.29,15649.3,0.0,0.0,110400.65,135720.24,0.108
DEBT-08898,CUST-08898,5358.41,11682.14,0.0,15702.42,0.0,32742.97,0.1232
DEBT-08899,CUST-08899,2693.2,0.0,0.0,26591.93,0.0,29285.13,0.0866
DEBT-08900,CUST-08900,24303.68,0.0,0.0,0.0,361998.36,386302.04,0.3621
DEBT-08901,CUST-08901,0.0,2688.56,0.0,0.0,368906.59,371595.15,0.4314
DEBT-08902,CUST-08902,1541.76,0.0,0.0,0.0,0.0,1541.76,0.0091
DEBT-08903,CUST-08903,0.0,0.0,0.0,0.0,0.0,0.0,0.0
DEBT-08904,CUST-08904,6493.23,0.0,0.0,23965.79,411257.8,441716.82,1.5131
DEBT-08905,CUST-08905,0.0,0.0,0.0,32239.03,99811.1,132050.13,0.5001
DEBT-08906,CUST-08906,0.0,0.0,0.0,0.0,0.0,0.0,0.0
DEBT-08907,CUST-08907,1720.36,0.0,34818.4,0.0,0.0,36538.76,0.2393
DEBT-08908,CUST-08908,1764.97,10597.6,0.0,0.0,0.0,12362.57,0.1341
DEBT-08909,CUST-08909,3994.71,0.0,0.0,0.0,171342.34,175337.05,0.3163
DEBT-08910,CUST-08910,6850.29,17620.91,0.0,0.0,0.0,24471.2,0.074
DEBT-08911,CUST-08911,0.0,0.0,0.0,0.0,0.0,0.0,0.0
DEBT-08912,CUST-08912,0.0,0.0,0.0,32813.84,0.0,32813.84,0.1923
DEBT-08913,CUST-08913,0.0,0.0,0.0,9312.36,0.0,9312.36,0.0285
DEBT-08914,CUST-08914,10166.98,9903.1,0.0,24961.9,0.0,45031.98,0.0485
DEBT-08915,CUST-08915,7627.33,0.0,8781.85,12327.44,313187.5,341924.12,0.5885
DEBT-08916,CUST-08916,0.0,0.0,0.0,31561.66,0.0,31561.66,0.0301
DEBT-08917,CUST-08917,1178.07,0.0,0.0,6303.63,0.0,7481.7,0.0164
DEBT-08918,CUST-08918,0.0,0.0,21076.85,0.0,0.0,21076.85,0.0295
DEBT-08919,CUST-08919,2007.63,0.0,0.0,0.0,0.0,2007.63,0.0013
DEBT-08920,CUST-08920,0.0,0.0,0.0,0.0,0.0,0.0,0.0
DEBT-08921,CUST-08921,0.0,0.0,0.0,16858.82,0.0,16858.82,0.0512
DEBT-08922,CUST-08922,5740.43,18375.01,0.0,0.0,336531.14,360646.58,0.6617
DEBT-08923,CUST-08923,5654.06,0.0,0.0,0.0,0.0,5654.06,0.0176
DEBT-08924,CUST-08924,4455.11,0.0,0.0,0.0,0.0,4455.11,0.0145
DEBT-08925,CUST-08925,2601.59,0.0,0.0,13637.83,0.0,16239.42,0.0199
DEBT-08926,CUST-08926,3970.23,0.0,0.0,0.0,0.0,3970.23,0.0073
DEBT-08927,CUST-08927,6496.43,22199.29,0.0,21058.3,0.0,49754.02,0.0624
DEBT-08928,CUST-08928,7743.46,23906.24,0.0,21374.17,0.0,53023.87,0.1358
DEBT-08929,CUST-08929,6567.03,16388.79,0.0,0.0,0.0,22955.82,0.0429
DEBT-08930,CUST-08930,7618.26,0.0,0.0,20031.5,0.0,27649.76,0.0494
DEBT-08931,CUST-08931,6210.05,0.0,0.0,0.0,0.0,6210.05,0.0175
DEBT-08932,CUST-08932,0.0,0.0,0.0,0.0,377547.7,377547.7,0.8516
DEBT-08933,CUST-08933,8973.85,0.0,0.0,12973.02,0.0,21946.87,0.0552
DEBT-08934,CUST-08934,5202.79,0.0,0.0,0.0,0.0,5202.79,0.0218
DEBT-08935,CUST-08935,173.54,1509.82,0.0,0.0,0.0,1683.36,0.0056
DEBT-08936,CUST-08936,0.0,0.0,0.0,8169.47,0.0,8169.47,0.054
DEBT-08937,CUST-08937,0.0,23820.05,0.0,28267.21,0.0,52087.26,0.1522
DEBT-08938,CUST-08938,0.0,17629.86,0.0,25878.26,287772.59,331280.71,0.7376
DEBT-08939,CUST-08939,2797.53,0.0,5776.37,0.0,0.0,8573.9,0.028
DEBT-08940,CUST-08940,9933.77,0.0,0.0,11310.28,0.0,21244.05,0.0454
DEBT-08941,CUST-08941,0.0,0.0,0.0,4251.64,226359.53,230611.17,0.5175
DEBT-08942,CUST-08942,6395.13,0.0,0.0,0.0,243402.79,249797.92,0.4731
DEBT-08943,CUST-08943,1198.32,0.0,0.0,0.0,0.0,1198.32,0.005
DEBT-08944,CUST-08944,6879.77,3128.42,24876.96,0.0,0.0,34885.15,0.0347
DEBT-08945,CUST-08945,2846.29,0.0,0.0,0.0,0.0,2846.29,0.0089
DEBT-08946,CUST-08946,14873.95,4647.41,0.0,0.0,157463.0,176984.36,0.2213
DEBT-08947,CUST-08947,16422.35,0.0,0.0,0.0,302591.26,319013.61,0.4145
DEBT-08948,CUST-08948,1488.38,0.0,0.0,4180.67,0.0,5669.05,0.0109
DEBT-08949,CUST-08949,1020.03,0.0,0.0,0.0,0.0,1020.03,0.0025
DEBT-08950,CUST-08950,5707.35,0.0,0.0,0.0,0.0,5707.35,0.0196
DEBT-08951,CUST-08951,1076.09,0.0,0.0,0.0,0.0,1076.09,0.0061
DEBT-08952,CUST-08952,1795.99,0.0,0.0,34932.01,0.0,36728.0,0.3017
DEBT-08953,CUST-08953,17260.04,0.0,0.0,0.0,187283.31,204543.35,0.2707
DEBT-08954,CUST-08954,0.0,0.0,0.0,10502.38,0.0,10502.38,0.0208
DEBT-08955,CUST-08955,0.0,0.0,0.0,12311.02,0.0,12311.02,0.0987
DEBT-08956,CUST-08956,7152.95,0.0,0.0,8995.48,0.0,16148.43,0.0225
DEBT-08957,CUST-08957,2020.78,22608.27,0.0,21782.51,0.0,46411.56,0.0717
DEBT-08958,CUST-08958,4759.41,0.0,0.0,18048.17,0.0,22807.58,0.0637
DEBT-08959,CUST-08959,0.0,0.0,0.0,16510.1,0.0,16510.1,0.0542
DEBT-08960,CUST-08960,0.0,0.0,0.0,0.0,0.0,0.0,0.0
DEBT-08961,CUST-08961,0.0,0.0,0.0,32807.99,272094.34,304902.33,0.3825
DEBT-08962,CUST-08962,8539.2,0.0,0.0,0.0,0.0,8539.2,0.0219
DEBT-08963,CUST-08963,5737.37,0.0,0.0,19469.23,0.0,25206.6,0.0563
DEBT-08964,CUST-08964,1005.05,0.0,35456.79,0.0,346614.63,383076.47,0.8703
DEBT-08965,CUST-08965,0.0,0.0,0.0,0.0,0.0,0.0,0.0
DEBT-08966,CUST-08966,2855.43,0.0,0.0,0.0,0.0,2855.43,0.0095
DEBT-08967,CUST-08967,548.42,5370.38,0.0,14362.4,0.0,20281.2,0.1084
DEBT-08968,CUST-08968,11887.94,20298.18,0.0,0.0,167387.64,199573.76,0.3566
DEBT-08969,CUST-08969,7433.4,0.0,0.0,25146.25,300658.41,333238.06,0.7607
DEBT-08970,CUST-08970,2298.43,18445.24,0.0,0.0,0.0,20743.67,0.0435
DEBT-08971,CUST-08971,1385.69,0.0,0.0,22185.64,0.0,23571.33,0.0437
DEBT-08972,CUST-08972,4592.95,0.0,0.0,0.0,0.0,4592.95,0.0096
DEBT-08973,CUST-08973,9842.69,14226.93,0.0,16023.23,325935.44,366028.29,0.5298
DEBT-08974,CUST-08974,0.0,9489.37,0.0,0.0,0.0,9489.37,0.0249
DEBT-08975,CUST-08975,7857.33,0.0,0.0,0.0,0.0,7857.33,0.0195
DEBT-08976,CUST-08976,0.0,0.0,0.0,32564.92,90894.9,123459.82,0.4971
DEBT-08977,CUST-08977,8412.63,0.0,0.0,0.0,0.0,8412.63,0.0139
DEBT-08978,CUST-08978,5593.96,0.0,0.0,16631.14,0.0,22225.1,0.0434
DEBT-08979,CUST-08979,2385.22,0.0,0.0,0.0,0.0,2385.22,0.0172
DEBT-08980,CUST-08980,1480.1,10363.8,0.0,0.0,0.0,11843.9,0.0281
DEBT-08981,CUST-08981,0.0,0.0,0.0,31842.99,0.0,31842.99,0.1588
DEBT-08982,CUST-08982,0.0,24008.21,0.0,0.0,156256.63,180264.84,0.5031
DEBT-08983,CUST-08983,1235.35,6158.31,0.0,0.0,0.0,7393.66,0.0053
DEBT-08984,CUST-08984,0.0,0.0,0.0,30416.65,310349.42,340766.07,0.4316
DEBT-08985,CUST-08985,1707.04,0.0,0.0,0.0,0.0,1707.04,0.0039
DEBT-08986,CUST-08986,0.0,0.0,0.0,0.0,219754.55,219754.55,0.4842
DEBT-08987,CUST-08987,0.0,20364.34,0.0,0.0,382734.81,403099.15,0.946
DEBT-08988,CUST-08988,8423.75,21983.37,0.0,29928.26,99266.69,159602.07,0.347
DEBT-08989,CUST-08989,10916.5,0.0,0.0,0.0,0.0,10916.5,0.0193
DEBT-08990,CUST-08990,511.0,5361.36,0.0,0.0,0.0,5872.36,0.0359
DEBT-08991,CUST-08991,11240.46,0.0,0.0,0.0,168409.69,179650.15,0.3027
DEBT-08992,CUST-08992,3093.48,0.0,0.0,0.0,0.0,3093.48,0.0071
DEBT-08993,CUST-08993,3015.03,0.0,0.0,0.0,0.0,3015.03,0.006
DEBT-08994,CUST-08994,6020.48,0.0,0.0,0.0,240700.95,246721.43,0.5747
DEBT-08995,CUST-08995,530.78,0.0,0.0,0.0,0.0,530.78,0.0015
DEBT-08996,CUST-08996,0.0,0.0,0.0,22963.23,0.0,22963.23,0.0288
DEBT-08997,CUST-08997,2748.15,0.0,0.0,0.0,347385.96,350134.11,0.5585
DEBT-08998,CUST-08998,0.0,0.0,0.0,8621.89,0.0,8621.89,0.0177
DEBT-08999,CUST-08999,84.36,21553.3,0.0,22589.94,0.0,44227.6,0.8259
DEBT-09000,CUST-09000,0.0,0.0,0.0,0.0,0.0,0.0,0.0
DEBT-09001,CUST-09001,0.0,6018.84,0.0,34579.25,0.0,40598.09,0.0972
DEBT-09002,CUST-09002,973.11,0.0,0.0,24742.96,0.0,25716.07,0.2219
DEBT-09003,CUST-09003,268.64,22111.56,0.0,0.0,0.0,22380.2,0.2611
DEBT-09004,CUST-09004,0.0,0.0,0.0,29437.14,0.0,29437.14,0.0408
DEBT-09005,CUST-09005,8913.97,0.0,0.0,27404.52,322981.11,359299.6,0.5154
DEBT-09006,CUST-09006,5219.21,9018.2,0.0,0.0,0.0,14237.41,0.0204
DEBT-09007,CUST-09007,575.13,0.0,0.0,0.0,0.0,575.13,0.0057
DEBT-09008,CUST-09008,12677.07,0.0,0.0,0.0,381520.18,394197.25,0.5597
DEBT-09009,CUST-09009,3379.13,0.0,0.0,13916.39,0.0,17295.52,0.0595
DEBT-09010,CUST-09010,6000.36,0.0,0.0,0.0,0.0,6000.36,0.0116
DEBT-09011,CUST-09011,0.0,0.0,0.0,0.0,0.0,0.0,0.0
DEBT-09012,CUST-09012,3590.3,0.0,0.0,11189.93,0.0,14780.23,0.02
DEBT-09013,CUST-09013,13809.78,0.0,0.0,0.0,0.0,13809.78,0.0126
DEBT-09014,CUST-09014,0.0,0.0,0.0,0.0,192682.33,192682.33,0.2054
DEBT-09015,CUST-09015,5834.91,0.0,0.0,22190.49,0.0,28025.4,0.1072
DEBT-09016,CUST-09016,910.13,11447.69,0.0,0.0,286586.59,298944.41,1.2116
DEBT-09017,CUST-09017,7977.17,9838.17,0.0,0.0,0.0,17815.34,0.0293
DEBT-09018,CUST-09018,0.0,0.0,28862.56,16479.96,0.0,45342.52,0.0756
DEBT-09019,CUST-09019,6671.46,0.0,18263.51,0.0,357714.15,382649.12,0.8518
DEBT-09020,CUST-09020,0.0,0.0,0.0,34499.11,0.0,34499.11,0.3977
DEBT-09021,CUST-09021,0.0,23979.25,0.0,0.0,0.0,23979.25,0.0455
DEBT-09022,CUST-09022,0.0,5757.11,0.0,0.0,0.0,5757.11,0.0118
DEBT-09023,CUST-09023,3579.21,7648.66,0.0,0.0,0.0,11227.87,0.0137
DEBT-09024,CUST-09024,1263.02,1773.56,0.0,0.0,0.0,3036.58,0.009
DEBT-09025,CUST-09025,0.0,0.0,0.0,10853.99,0.0,10853.99,0.0311
DEBT-09026,CUST-09026,3176.91,5648.72,0.0,29375.43,0.0,38201.06,0.1254
DEBT-09027,CUST-09027,1235.58,0.0,0.0,13618.34,0.0,14853.92,0.0495
DEBT-09028,CUST-09028,1676.99,0.0,0.0,0.0,0.0,1676.99,0.0058
DEBT-09029,CUST-09029,20612.8,0.0,0.0,21189.51,203428.42,245230.73,0.2134
DEBT-09030,CUST-09030,6199.28,0.0,0.0,0.0,0.0,6199.28,0.0125
DEBT-09031,CUST-09031,0.0,23787.24,19099.23,0.0,0.0,42886.47,0.0718
DEBT-09032,CUST-09032,0.0,0.0,0.0,0.0,421409.03,421409.03,0.5321
DEBT-09033,CUST-09033,2243.23,23491.62,0.0,0.0,0.0,25734.85,0.1624
DEBT-09034,CUST-09034,14373.6,0.0,0.0,0.0,0.0,14373.6,0.0147
DEBT-09035,CUST-09035,0.0,0.0,0.0,21205.89,274607.18,295813.07,0.2269
DEBT-09036,CUST-09036,0.0,0.0,0.0,0.0,145480.24,145480.24,0.153
DEBT-09037,CUST-09037,3615.81,0.0,0.0,0.0,0.0,3615.81,0.0049
DEBT-09038,CUST-09038,0.0,0.0,0.0,0.0,0.0,0.0,0.0
DEBT-09039,CUST-09039,8699.93,0.0,20045.34,0.0,0.0,28745.27,0.0572
DEBT-09040,CUST-09040,5546.99,0.0,0.0,10532.03,0.0,16079.02,0.0466
DEBT-09041,CUST-09041,0.0,0.0,0.0,0.0,0.0,0.0,0.0
DEBT-09042,CUST-09042,1153.9,22331.22,0.0,0.0,0.0,23485.12,0.1699
DEBT-09043,CUST-09043,7901.72,9355.93,0.0,0.0,0.0,17257.65,0.0336
DEBT-09044,CUST-09044,5249.0,0.0,0.0,0.0,0.0,5249.0,0.0142
DEBT-09045,CUST-09045,826.22,0.0,0.0,32640.0,0.0,33466.22,0.0833
DEBT-09046,CUST-09046,9011.19,0.0,0.0,0.0,0.0,9011.19,0.0175
DEBT-09047,CUST-09047,7257.28,0.0,0.0,0.0,155215.1,162472.38,0.3396
DEBT-09048,CUST-09048,2180.34,0.0,0.0,0.0,0.0,2180.34,0.0065
DEBT-09049,CUST-09049,0.0,0.0,30858.56,0.0,0.0,30858.56,0.0875
DEBT-09050,CUST-09050,1315.08,15716.51,0.0,0.0,0.0,17031.59,0.2561
DEBT-09051,CUST-09051,9787.86,0.0,0.0,0.0,198633.66,208421.52,0.2641
DEBT-09052,CUST-09052,429.2,20287.58,0.0,10410.26,0.0,31127.04,0.0958
DEBT-09053,CUST-09053,7833.24,0.0,0.0,0.0,0.0,7833.24,0.0132
DEBT-09054,CUST-09054,1178.8,0.0,0.0,16229.16,329618.71,347026.67,1.0519
DEBT-09055,CUST-09055,3188.98,10547.68,0.0,0.0,380576.66,394313.32,1.0445
DEBT-09056,CUST-09056,0.0,0.0,26493.88,24068.07,0.0,50561.95,0.1424
DEBT-09057,CUST-09057,7674.29,0.0,0.0,7660.72,0.0,15335.01,0.0365
DEBT-09058,CUST-09058,0.0,0.0,0.0,8568.63,0.0,8568.63,0.0228
DEBT-09059,CUST-09059,5168.53,0.0,0.0,0.0,0.0,5168.53,0.0209
DEBT-09060,CUST-09060,5912.95,1968.78,0.0,0.0,0.0,7881.73,0.0112
DEBT-09061,CUST-09061,0.0,2337.11,11026.8,0.0,0.0,13363.91,0.0276
DEBT-09062,CUST-09062,10002.21,20556.85,0.0,0.0,134087.01,164646.07,0.2411
DEBT-09063,CUST-09063,0.0,0.0,0.0,0.0,330351.18,330351.18,1.1197
DEBT-09064,CUST-09064,663.84,0.0,0.0,0.0,406831.39,407495.23,1.0435
DEBT-09065,CUST-09065,0.0,10544.99,0.0,0.0,0.0,10544.99,0.0198
DEBT-09066,CUST-09066,0.0,0.0,0.0,0.0,0.0,0.0,0.0
DEBT-09067,CUST-09067,2765.54,2441.24,0.0,16164.56,0.0,21371.34,0.0603
DEBT-09068,CUST-09068,0.0,0.0,19574.01,0.0,237207.69,256781.7,0.6246
DEBT-09069,CUST-09069,2714.61,0.0,0.0,0.0,0.0,2714.61,0.023
DEBT-09070,CUST-09070,4204.88,0.0,0.0,0.0,153886.52,158091.4,0.2395
DEBT-09071,CUST-09071,2699.02,0.0,0.0,0.0,300025.34,302724.36,1.0486
DEBT-09072,CUST-09072,0.0,5487.2,0.0,0.0,0.0,5487.2,0.0081
DEBT-09073,CUST-09073,3047.25,2742.53,0.0,20055.92,0.0,25845.7,0.0333
DEBT-09074,CUST-09074,1648.95,0.0,0.0,12885.02,0.0,14533.97,0.017
DEBT-09075,CUST-09075,3797.55,0.0,0.0,0.0,0.0,3797.55,0.008
DEBT-09076,CUST-09076,6914.37,0.0,0.0,0.0,0.0,6914.37,0.009
DEBT-09077,CUST-09077,0.0,0.0,0.0,0.0,0.0,0.0,0.0
DEBT-09078,CUST-09078,3450.14,0.0,0.0,0.0,0.0,3450.14,0.0038
DEBT-09079,CUST-09079,10439.98,0.0,14026.2,27500.47,370161.93,422128.58,0.58
DEBT-09080,CUST-09080,0.0,18789.86,0.0,0.0,0.0,18789.86,0.0472
DEBT-09081,CUST-09081,1619.68,3541.45,0.0,0.0,0.0,5161.13,0.0433
DEBT-09082,CUST-09082,0.0,0.0,0.0,0.0,0.0,0.0,0.0
DEBT-09083,CUST-09083,0.0,0.0,0.0,7835.68,0.0,7835.68,0.0163
DEBT-09084,CUST-09084,1027.39,0.0,0.0,0.0,0.0,1027.39,0.0088
DEBT-09085,CUST-09085,3900.46,11003.91,0.0,0.0,315035.12,329939.49,0.6879
DEBT-09086,CUST-09086,14432.38,0.0,0.0,20052.24,0.0,34484.62,0.0452
DEBT-09087,CUST-09087,1338.68,0.0,0.0,18088.94,0.0,19427.62,0.1536
DEBT-09088,CUST-09088,0.0,0.0,0.0,0.0,0.0,0.0,0.0
DEBT-09089,CUST-09089,14729.44,0.0,27438.71,15132.86,0.0,57301.01,0.0878
DEBT-09090,CUST-09090,366.85,8710.38,0.0,0.0,243239.47,252316.7,0.4703
DEBT-09091,CUST-09091,0.0,0.0,0.0,0.0,0.0,0.0,0.0
DEBT-09092,CUST-09092,9773.84,0.0,0.0,0.0,0.0,9773.84,0.0204
DEBT-09093,CUST-09093,0.0,0.0,0.0,0.0,0.0,0.0,0.0
DEBT-09094,CUST-09094,0.0,0.0,0.0,0.0,0.0,0.0,0.0
DEBT-09095,CUST-09095,0.0,0.0,0.0,5723.05,0.0,5723.05,0.0463
DEBT-09096,CUST-09096,469.48,0.0,0.0,28875.29,0.0,29344.77,0.0877
DEBT-09097,CUST-09097,0.0,0.0,0.0,26599.3,0.0,26599.3,0.1131
DEBT-09098,CUST-09098,2904.18,0.0,0.0,0.0,0.0,2904.18,0.0071
DEBT-09099,CUST-09099,6212.99,0.0,0.0,21406.19,0.0,27619.18,0.1009
DEBT-09100,CUST-09100,915.07,22739.09,0.0,0.0,0.0,23654.16,0.1184
DEBT-09101,CUST-09101,5180.37,0.0,43940.79,0.0,200597.39,249718.55,0.3353
DEBT-09102,CUST-09102,0.0,0.0,23683.21,0.0,0.0,23683.21,0.0391
DEBT-09103,CUST-09103,3500.25,20308.58,0.0,30141.05,0.0,53949.88,0.1274
DEBT-09104,CUST-09104,0.0,0.0,0.0,0.0,0.0,0.0,0.0
DEBT-09105,CUST-09105,0.0,18215.79,37623.5,0.0,0.0,55839.29,0.1293
DEBT-09106,CUST-09106,23164.56,15615.07,0.0,18778.03,0.0,57557.66,0.0371
DEBT-09107,CUST-09107,4982.22,0.0,0.0,0.0,0.0,4982.22,0.0123
DEBT-09108,CUST-09108,2249.62,0.0,0.0,0.0,0.0,2249.62,0.0063
DEBT-09109,CUST-09109,13723.55,0.0,20678.52,0.0,0.0,34402.07,0.0413
DEBT-09110,CUST-09110,4699.71,0.0,0.0,8294.47,0.0,12994.18,0.0278
DEBT-09111,CUST-09111,1521.51,15058.87,0.0,0.0,0.0,16580.38,0.1479
DEBT-09112,CUST-09112,6662.09,0.0,43241.72,0.0,0.0,49903.81,0.1326
DEBT-09113,CUST-09113,8564.05,12424.41,0.0,20348.6,0.0,41337.06,0.098
DEBT-09114,CUST-09114,6348.82,0.0,0.0,0.0,0.0,6348.82,0.0074
DEBT-09115,CUST-09115,9592.67,0.0,0.0,19225.61,0.0,28818.28,0.0495
DEBT-09116,CUST-09116,3299.32,0.0,0.0,34582.92,0.0,37882.24,0.0951
DEBT-09117,CUST-09117,6279.76,0.0,0.0,0.0,0.0,6279.76,0.0197
DEBT-09118,CUST-09118,0.0,0.0,0.0,0.0,371094.07,371094.07,0.7342
DEBT-09119,CUST-09119,0.0,24833.52,0.0,32838.78,0.0,57672.3,0.1822
DEBT-09120,CUST-09120,0.0,0.0,0.0,0.0,0.0,0.0,0.0
DEBT-09121,CUST-09121,0.0,0.0,30068.79,0.0,0.0,30068.79,0.073
DEBT-09122,CUST-09122,5177.01,0.0,0.0,0.0,0.0,5177.01,0.009
DEBT-09123,CUST-09123,9483.47,0.0,0.0,0.0,203143.75,212627.22,0.4202
DEBT-09124,CUST-09124,0.0,0.0,0.0,0.0,0.0,0.0,0.0
DEBT-09125,CUST-09125,1594.91,0.0,38365.33,0.0,0.0,39960.24,0.3891
DEBT-09126,CUST-09126,12456.18,0.0,0.0,0.0,0.0,12456.18,0.0146
DEBT-09127,CUST-09127,19351.15,0.0,0.0,13624.47,368291.33,401266.95,0.4666
DEBT-09128,CUST-09128,875.1,0.0,0.0,0.0,0.0,875.1,0.003
DEBT-09129,CUST-09129,10368.98,0.0,0.0,0.0,0.0,10368.98,0.0148
DEBT-09130,CUST-09130,6701.73,0.0,0.0,5978.91,0.0,12680.64,0.0312
DEBT-09131,CUST-09131,0.0,0.0,28588.69,0.0,0.0,28588.69,0.0935
DEBT-09132,CUST-09132,9400.42,13192.71,19196.85,0.0,432722.32,474512.3,1.1367
DEBT-09133,CUST-09133,3710.71,0.0,0.0,0.0,0.0,3710.71,0.0091
DEBT-09134,CUST-09134,0.0,0.0,0.0,0.0,0.0,0.0,0.0
DEBT-09135,CUST-09135,4335.62,5677.8,0.0,0.0,407758.24,417771.66,1.3614
DEBT-09136,CUST-09136,3811.99,0.0,0.0,28104.42,0.0,31916.41,0.0937
DEBT-09137,CUST-09137,1416.36,0.0,0.0,11240.9,354025.18,366682.44,0.8566
DEBT-09138,CUST-09138,5401.27,8139.74,0.0,32733.59,0.0,46274.6,0.073
DEBT-09139,CUST-09139,1451.57,0.0,0.0,15357.62,0.0,16809.19,0.0252
DEBT-09140,CUST-09140,0.0,0.0,0.0,0.0,0.0,0.0,0.0
DEBT-09141,CUST-09141,0.0,0.0,0.0,25160.84,0.0,25160.84,0.0903
DEBT-09142,CUST-09142,227.37,0.0,0.0,7093.12,0.0,7320.49,0.1429
DEBT-09143,CUST-09143,4626.51,0.0,0.0,32271.57,309161.26,346059.34,0.6047
DEBT-09144,CUST-09144,19890.21,0.0,0.0,0.0,250942.4,270832.61,0.2758
DEBT-09145,CUST-09145,4682.11,0.0,0.0,10215.87,0.0,14897.98,0.0222
DEBT-09146,CUST-09146,447.32,0.0,0.0,18122.86,0.0,18570.18,0.0601
DEBT-09147,CUST-09147,7056.54,0.0,0.0,4334.05,0.0,11390.59,0.0201
DEBT-09148,CUST-09148,0.0,0.0,0.0,26033.05,0.0,26033.05,0.0453
DEBT-09149,CUST-09149,3296.41,0.0,0.0,0.0,0.0,3296.41,0.0068
DEBT-09150,CUST-09150,3042.43,0.0,0.0,24058.47,0.0,27100.9,0.0356
DEBT-09151,CUST-09151,1322.77,0.0,0.0,20901.13,0.0,22223.9,0.0499
DEBT-09152,CUST-09152,0.0,0.0,0.0,0.0,0.0,0.0,0.0
DEBT-09153,CUST-09153,7412.11,0.0,0.0,0.0,0.0,7412.11,0.0159
DEBT-09154,CUST-09154,0.0,22081.51,0.0,9905.83,0.0,31987.34,0.1009
DEBT-09155,CUST-09155,4190.49,0.0,0.0,0.0,0.0,4190.49,0.0129
DEBT-09156,CUST-09156,8923.12,4079.55,0.0,0.0,0.0,13002.67,0.0277
DEBT-09157,CUST-09157,0.0,19355.2,0.0,0.0,0.0,19355.2,0.019
DEBT-09158,CUST-09158,4044.4,0.0,0.0,11361.64,0.0,15406.04,0.0615
DEBT-09159,CUST-09159,1849.97,0.0,0.0,17185.78,0.0,19035.75,0.049
DEBT-09160,CUST-09160,365.06,13314.42,0.0,20007.59,0.0,33687.07,0.1523
DEBT-09161,CUST-09161,1547.63,0.0,0.0,5973.02,0.0,7520.65,0.0207
DEBT-09162,CUST-09162,4396.65,20263.36,0.0,0.0,0.0,24660.01,0.1121
DEBT-09163,CUST-09163,836.7,0.0,0.0,0.0,0.0,836.7,0.0039
DEBT-09164,CUST-09164,10465.67,0.0,0.0,0.0,0.0,10465.67,0.0169
DEBT-09165,CUST-09165,2433.31,0.0,12177.37,0.0,0.0,14610.68,0.0201
DEBT-09166,CUST-09166,1793.74,0.0,0.0,10797.96,0.0,12591.7,0.0097
DEBT-09167,CUST-09167,0.0,7936.94,0.0,0.0,0.0,7936.94,0.0106
DEBT-09168,CUST-09168,3596.37,19537.53,0.0,29315.0,447690.09,500138.99,1.4329
DEBT-09169,CUST-09169,3992.94,10315.33,0.0,27509.17,0.0,41817.44,0.139
DEBT-09170,CUST-09170,462.26,9345.78,0.0,0.0,0.0,9808.04,0.0359
DEBT-09171,CUST-09171,6393.98,0.0,0.0,0.0,0.0,6393.98,0.0211
DEBT-09172,CUST-09172,0.0,0.0,0.0,0.0,0.0,0.0,0.0
DEBT-09173,CUST-09173,19940.54,0.0,0.0,0.0,0.0,19940.54,0.0224
DEBT-09174,CUST-09174,4154.49,0.0,0.0,0.0,0.0,4154.49,0.0115
DEBT-09175,CUST-09175,9526.73,0.0,0.0,0.0,0.0,9526.73,0.0118
DEBT-09176,CUST-09176,0.0,0.0,0.0,0.0,0.0,0.0,0.0
DEBT-09177,CUST-09177,3088.45,0.0,0.0,0.0,0.0,3088.45,0.0083
DEBT-09178,CUST-09178,0.0,0.0,0.0,0.0,137064.44,137064.44,0.5218
DEBT-09179,CUST-09179,0.0,0.0,0.0,26564.38,0.0,26564.38,0.0562
DEBT-09180,CUST-09180,0.0,20849.89,0.0,0.0,0.0,20849.89,0.04
DEBT-09181,CUST-09181,1188.92,0.0,0.0,0.0,0.0,1188.92,0.0053
DEBT-09182,CUST-09182,21475.37,0.0,0.0,0.0,0.0,21475.37,0.0175
DEBT-09183,CUST-09183,11022.96,0.0,0.0,0.0,0.0,11022.96,0.0212
DEBT-09184,CUST-09184,4980.29,0.0,0.0,0.0,0.0,4980.29,0.0083
DEBT-09185,CUST-09185,0.0,0.0,0.0,6509.42,0.0,6509.42,0.0177
DEBT-09186,CUST-09186,0.0,0.0,0.0,16340.28,171086.68,187426.96,0.3242
DEBT-09187,CUST-09187,2841.97,0.0,0.0,0.0,0.0,2841.97,0.0056
DEBT-09188,CUST-09188,0.0,0.0,0.0,0.0,0.0,0.0,0.0
DEBT-09189,CUST-09189,1363.21,0.0,0.0,0.0,0.0,1363.21,0.0031
DEBT-09190,CUST-09190,95.45,24665.88,0.0,0.0,0.0,24761.33,0.2674
DEBT-09191,CUST-09191,2376.76,0.0,0.0,32077.19,0.0,34453.95,0.0756
DEBT-09192,CUST-09192,1329.39,24712.25,0.0,0.0,0.0,26041.64,0.0422
DEBT-09193,CUST-09193,5954.28,0.0,0.0,27836.27,0.0,33790.55,0.0969
DEBT-09194,CUST-09194,0.0,0.0,0.0,0.0,0.0,0.0,0.0
DEBT-09195,CUST-09195,2067.25,0.0,0.0,0.0,0.0,2067.25,0.0048
DEBT-09196,CUST-09196,4769.62,0.0,0.0,32725.82,243373.48,280868.92,0.5962
DEBT-09197,CUST-09197,6675.58,0.0,0.0,0.0,0.0,6675.58,0.0165
DEBT-09198,CUST-09198,0.0,0.0,0.0,0.0,0.0,0.0,0.0
DEBT-09199,CUST-09199,0.0,0.0,0.0,0.0,0.0,0.0,0.0
DEBT-09200,CUST-09200,9163.57,4296.48,0.0,0.0,0.0,13460.05,0.0203
DEBT-09201,CUST-09201,0.0,0.0,0.0,0.0,144627.08,144627.08,0.3907
DEBT-09202,CUST-09202,0.0,4981.33,0.0,0.0,0.0,4981.33,0.0161
DEBT-09203,CUST-09203,9714.62,0.0,0.0,15321.43,0.0,25036.05,0.0583
DEBT-09204,CUST-09204,1278.08,16001.85,0.0,0.0,296649.93,313929.86,0.8384
DEBT-09205,CUST-09205,6874.13,0.0,0.0,0.0,0.0,6874.13,0.0053
DEBT-09206,CUST-09206,9001.13,0.0,0.0,0.0,144026.11,153027.24,0.1769
DEBT-09207,CUST-09207,1636.31,4211.03,0.0,20540.73,0.0,26388.07,0.0704
DEBT-09208,CUST-09208,5334.42,0.0,0.0,0.0,0.0,5334.42,0.0134
DEBT-09209,CUST-09209,0.0,0.0,21645.82,0.0,249787.26,271433.08,0.6247
DEBT-09210,CUST-09210,0.0,0.0,0.0,28391.67,0.0,28391.67,0.0745
DEBT-09211,CUST-09211,8440.92,5485.9,0.0,0.0,0.0,13926.82,0.0284
DEBT-09212,CUST-09212,7529.32,6782.08,0.0,0.0,0.0,14311.4,0.0405
DEBT-09213,CUST-09213,6975.09,0.0,0.0,0.0,0.0,6975.09,0.0095
DEBT-09214,CUST-09214,9135.21,0.0,0.0,27691.08,401212.4,438038.69,1.0785
DEBT-09215,CUST-09215,0.0,0.0,0.0,0.0,0.0,0.0,0.0
DEBT-09216,CUST-09216,4100.85,0.0,0.0,8593.46,217973.48,230667.79,0.5741
DEBT-09217,CUST-09217,3036.35,4723.28,27986.89,0.0,0.0,35746.52,0.0747
DEBT-09218,CUST-09218,0.0,0.0,0.0,0.0,0.0,0.0,0.0
DEBT-09219,CUST-09219,2099.23,0.0,0.0,0.0,0.0,2099.23,0.0046
DEBT-09220,CUST-09220,9621.19,0.0,0.0,0.0,0.0,9621.19,0.0169
DEBT-09221,CUST-09221,890.02,0.0,0.0,0.0,0.0,890.02,0.003
DEBT-09222,CUST-09222,8364.46,0.0,0.0,0.0,0.0,8364.46,0.0202
DEBT-09223,CUST-09223,2370.01,0.0,0.0,28063.56,0.0,30433.57,0.0698
DEBT-09224,CUST-09224,9798.16,0.0,0.0,12708.36,0.0,22506.52,0.0338
DEBT-09225,CUST-09225,3404.7,0.0,0.0,0.0,364647.17,368051.87,1.0549
DEBT-09226,CUST-09226,870.14,0.0,0.0,22553.36,0.0,23423.5,0.107
DEBT-09227,CUST-09227,3443.39,0.0,0.0,0.0,0.0,3443.39,0.0098
DEBT-09228,CUST-09228,1893.67,11549.3,0.0,0.0,0.0,13442.97,0.0282
DEBT-09229,CUST-09229,2257.47,0.0,0.0,0.0,0.0,2257.47,0.0072
DEBT-09230,CUST-09230,1039.42,0.0,0.0,12088.35,0.0,13127.77,0.1634
DEBT-09231,CUST-09231,1093.03,0.0,0.0,26691.46,176384.52,204169.01,0.3272
DEBT-09232,CUST-09232,6485.84,0.0,0.0,28051.83,0.0,34537.67,0.0858
DEBT-09233,CUST-09233,0.0,0.0,0.0,0.0,125125.95,125125.95,0.1724
DEBT-09234,CUST-09234,0.0,0.0,0.0,0.0,0.0,0.0,0.0
DEBT-09235,CUST-09235,6482.2,0.0,0.0,0.0,0.0,6482.2,0.0175
DEBT-09236,CUST-09236,8248.67,0.0,0.0,0.0,252024.53,260273.2,0.4696
DEBT-09237,CUST-09237,7727.43,0.0,39691.94,23726.47,0.0,71145.84,0.1891
DEBT-09238,CUST-09238,1885.95,0.0,0.0,26165.91,0.0,28051.86,0.2958
DEBT-09239,CUST-09239,22465.77,0.0,0.0,32820.66,0.0,55286.43,0.0452
DEBT-09240,CUST-09240,0.0,0.0,0.0,0.0,0.0,0.0,0.0
DEBT-09241,CUST-09241,3788.83,0.0,26756.48,12791.37,0.0,43336.68,0.1034
DEBT-09242,CUST-09242,5301.19,0.0,0.0,0.0,0.0,5301.19,0.0191
DEBT-09243,CUST-09243,3791.48,2749.82,0.0,6849.18,0.0,13390.48,0.0607
DEBT-09244,CUST-09244,0.0,17057.17,0.0,0.0,0.0,17057.17,0.0598
DEBT-09245,CUST-09245,4610.08,8740.06,10349.34,28058.12,0.0,51757.6,0.0612
DEBT-09246,CUST-09246,0.0,21040.1,0.0,0.0,0.0,21040.1,0.1099
DEBT-09247,CUST-09247,6206.43,0.0,20619.68,0.0,0.0,26826.11,0.0477
DEBT-09248,CUST-09248,2654.2,0.0,0.0,13512.6,214322.42,230489.22,0.4853
DEBT-09249,CUST-09249,0.0,0.0,0.0,12632.53,0.0,12632.53,0.0549
DEBT-09250,CUST-09250,401.82,0.0,0.0,0.0,0.0,401.82,0.0008
DEBT-09251,CUST-09251,2003.7,8310.78,0.0,0.0,0.0,10314.48,0.0648
DEBT-09252,CUST-09252,7423.22,0.0,38834.49,10482.61,0.0,56740.32,0.0732
DEBT-09253,CUST-09253,4775.81,0.0,0.0,0.0,0.0,4775.81,0.0092
DEBT-09254,CUST-09254,1407.13,0.0,0.0,0.0,0.0,1407.13,0.0057
DEBT-09255,CUST-09255,6815.31,0.0,0.0,0.0,109644.44,116459.75,0.3088
DEBT-09256,CUST-09256,0.0,0.0,0.0,0.0,0.0,0.0,0.0
DEBT-09257,CUST-09257,545.91,0.0,0.0,0.0,0.0,545.91,0.0018
DEBT-09258,CUST-09258,6759.33,0.0,0.0,0.0,0.0,6759.33,0.0142
DEBT-09259,CUST-09259,7187.56,0.0,0.0,0.0,0.0,7187.56,0.0226
DEBT-09260,CUST-09260,564.16,23971.1,0.0,0.0,211628.9,236164.16,0.5521
DEBT-09261,CUST-09261,4718.52,9818.86,0.0,13301.36,0.0,27838.74,0.0718
DEBT-09262,CUST-09262,11110.36,0.0,0.0,0.0,365019.85,376130.21,0.4144
DEBT-09263,CUST-09263,819.28,15793.23,0.0,0.0,0.0,16612.51,0.0832
DEBT-09264,CUST-09264,467.57,0.0,0.0,8442.99,0.0,8910.56,0.0192
DEBT-09265,CUST-09265,0.0,16012.85,0.0,25160.41,0.0,41173.26,0.0532
DEBT-09266,CUST-09266,5005.4,0.0,0.0,0.0,0.0,5005.4,0.0121
DEBT-09267,CUST-09267,0.0,0.0,0.0,27986.61,0.0,27986.61,0.0723
DEBT-09268,CUST-09268,2794.81,0.0,0.0,0.0,0.0,2794.81,0.0084
DEBT-09269,CUST-09269,709.83,0.0,0.0,0.0,0.0,709.83,0.0084
DEBT-09270,CUST-09270,988.06,0.0,29118.95,0.0,110647.56,140754.57,0.1496
DEBT-09271,CUST-09271,0.0,16687.37,0.0,0.0,84778.01,101465.38,0.2597
DEBT-09272,CUST-09272,0.0,0.0,0.0,28572.79,0.0,28572.79,0.0525
DEBT-09273,CUST-09273,0.0,0.0,0.0,28887.98,0.0,28887.98,0.0444
DEBT-09274,CUST-09274,4834.77,0.0,0.0,0.0,0.0,4834.77,0.0148
DEBT-09275,CUST-09275,1388.81,0.0,0.0,0.0,0.0,1388.81,0.0037
DEBT-09276,CUST-09276,2553.76,0.0,0.0,0.0,0.0,2553.76,0.011
DEBT-09277,CUST-09277,1931.61,2418.36,0.0,33943.19,0.0,38293.16,0.1623
DEBT-09278,CUST-09278,0.0,24825.85,37598.28,0.0,0.0,62424.13,0.6124
DEBT-09279,CUST-09279,12426.18,0.0,0.0,0.0,0.0,12426.18,0.021
DEBT-09280,CUST-09280,0.0,23735.44,23970.66,0.0,0.0,47706.1,0.1656
DEBT-09281,CUST-09281,14380.52,0.0,0.0,0.0,144570.59,158951.11,0.205
DEBT-09282,CUST-09282,2969.95,0.0,0.0,21853.7,0.0,24823.65,0.086
DEBT-09283,CUST-09283,7103.58,0.0,0.0,0.0,0.0,7103.58,0.0196
DEBT-09284,CUST-09284,6953.2,6931.6,43052.2,0.0,265882.08,322819.08,0.4714
DEBT-09285,CUST-09285,3204.17,0.0,0.0,19676.93,265034.4,287915.5,0.7196
DEBT-09286,CUST-09286,5713.15,0.0,0.0,0.0,186967.48,192680.63,0.5282
DEBT-09287,CUST-09287,20457.06,0.0,0.0,15913.19,0.0,36370.25,0.0362
DEBT-09288,CUST-09288,10568.44,0.0,11168.3,0.0,0.0,21736.74,0.0406
DEBT-09289,CUST-09289,4385.66,0.0,0.0,0.0,323267.23,327652.89,0.8172
DEBT-09290,CUST-09290,0.0,0.0,0.0,0.0,102844.16,102844.16,0.3143
DEBT-09291,CUST-09291,0.0,8264.69,0.0,0.0,125995.41,134260.1,0.2102
DEBT-09292,CUST-09292,729.51,0.0,0.0,0.0,0.0,729.51,0.0038
DEBT-09293,CUST-09293,7774.69,21116.97,0.0,20047.24,0.0,48938.9,0.0472
DEBT-09294,CUST-09294,655.08,10870.17,0.0,12893.87,404917.58,429336.7,1.0047
DEBT-09295,CUST-09295,3588.52,0.0,0.0,17687.31,0.0,21275.83,0.0642
DEBT-09296,CUST-09296,3568.48,0.0,0.0,0.0,0.0,3568.48,0.008
DEBT-09297,CUST-09297,13365.03,0.0,26016.06,0.0,0.0,39381.09,0.0612
DEBT-09298,CUST-09298,4475.45,0.0,0.0,0.0,0.0,4475.45,0.0075
DEBT-09299,CUST-09299,0.0,8431.36,0.0,22774.73,0.0,31206.09,0.0713
DEBT-09300,CUST-09300,2743.57,0.0,0.0,8628.49,0.0,11372.06,0.0214
DEBT-09301,CUST-09301,0.0,0.0,0.0,28384.36,0.0,28384.36,0.0389
DEBT-09302,CUST-09302,0.0,0.0,26092.29,32600.48,171626.32,230319.09,0.5719
DEBT-09303,CUST-09303,4381.85,0.0,0.0,10549.63,120046.71,134978.19,0.52
DEBT-09304,CUST-09304,4481.29,8853.8,0.0,0.0,0.0,13335.09,0.0448
DEBT-09305,CUST-09305,11646.29,10602.8,33088.7,0.0,0.0,55337.79,0.1048
DEBT-09306,CUST-09306,0.0,0.0,0.0,0.0,184371.87,184371.87,0.274
DEBT-09307,CUST-09307,0.0,0.0,0.0,23275.18,443524.96,466800.14,0.8832
DEBT-09308,CUST-09308,14824.48,0.0,0.0,34799.41,0.0,49623.89,0.064
DEBT-09309,CUST-09309,8646.85,0.0,0.0,0.0,130804.85,139451.7,0.2508
DEBT-09310,CUST-09310,13231.72,0.0,6200.09,0.0,0.0,19431.81,0.0166
DEBT-09311,CUST-09311,4187.21,0.0,0.0,0.0,365211.53,369398.74,0.4869
DEBT-09312,CUST-09312,14149.79,24855.19,0.0,0.0,249296.54,288301.52,0.4267
DEBT-09313,CUST-09313,6447.49,10991.07,0.0,0.0,0.0,17438.56,0.0584
DEBT-09314,CUST-09314,3785.83,0.0,0.0,11913.63,0.0,15699.46,0.0557
DEBT-09315,CUST-09315,0.0,0.0,0.0,0.0,0.0,0.0,0.0
DEBT-09316,CUST-09316,11557.68,0.0,11677.54,17847.8,0.0,41083.02,0.073
DEBT-09317,CUST-09317,3364.67,0.0,0.0,0.0,0.0,3364.67,0.0064
DEBT-09318,CUST-09318,5926.84,0.0,0.0,0.0,0.0,5926.84,0.0129
DEBT-09319,CUST-09319,0.0,16767.22,0.0,0.0,436069.04,452836.26,1.6491
DEBT-09320,CUST-09320,0.0,0.0,0.0,0.0,137606.77,137606.77,0.1594
DEBT-09321,CUST-09321,0.0,0.0,0.0,24127.26,0.0,24127.26,0.0855
DEBT-09322,CUST-09322,0.0,0.0,0.0,8377.28,0.0,8377.28,0.007
DEBT-09323,CUST-09323,1143.78,0.0,0.0,0.0,0.0,1143.78,0.0019
DEBT-09324,CUST-09324,9596.21,2410.39,0.0,0.0,0.0,12006.6,0.0185
DEBT-09325,CUST-09325,3127.12,0.0,0.0,11439.83,372778.08,387345.03,0.5469
DEBT-09326,CUST-09326,7420.45,0.0,0.0,0.0,0.0,7420.45,0.0132
DEBT-09327,CUST-09327,0.0,0.0,0.0,0.0,0.0,0.0,0.0
DEBT-09328,CUST-09328,1400.15,0.0,0.0,0.0,0.0,1400.15,0.018
DEBT-09329,CUST-09329,587.0,0.0,0.0,19923.51,0.0,20510.51,0.0443
DEBT-09330,CUST-09330,0.0,0.0,0.0,0.0,378299.62,378299.62,0.7586
DEBT-09331,CUST-09331,0.0,0.0,43644.9,0.0,415428.86,459073.76,0.572
DEBT-09332,CUST-09332,12557.42,13911.97,0.0,0.0,424680.03,451149.42,0.8002
DEBT-09333,CUST-09333,3546.6,8047.82,0.0,8026.74,364309.71,383930.87,1.1474
DEBT-09334,CUST-09334,4958.68,0.0,0.0,0.0,0.0,4958.68,0.0115
DEBT-09335,CUST-09335,1290.85,0.0,0.0,0.0,0.0,1290.85,0.0193
DEBT-09336,CUST-09336,10150.46,0.0,0.0,0.0,323306.0,333456.46,0.6835
DEBT-09337,CUST-09337,0.0,0.0,0.0,5701.71,0.0,5701.71,0.0099
DEBT-09338,CUST-09338,3013.18,12595.38,0.0,29247.71,0.0,44856.27,0.1362
DEBT-09339,CUST-09339,0.0,0.0,0.0,0.0,0.0,0.0,0.0
DEBT-09340,CUST-09340,5782.22,0.0,0.0,0.0,332470.15,338252.37,0.7966
DEBT-09341,CUST-09341,8992.51,0.0,0.0,0.0,135444.1,144436.61,0.3579
DEBT-09342,CUST-09342,0.0,17865.15,0.0,0.0,446160.56,464025.71,1.422
DEBT-09343,CUST-09343,8910.27,7931.75,0.0,0.0,374018.42,390860.44,0.521
DEBT-09344,CUST-09344,0.0,0.0,0.0,0.0,136720.52,136720.52,0.2444
DEBT-09345,CUST-09345,3314.95,0.0,0.0,0.0,0.0,3314.95,0.01
DEBT-09346,CUST-09346,27272.48,8837.24,0.0,0.0,134557.05,170666.77,0.1338
DEBT-09347,CUST-09347,0.0,0.0,0.0,9584.71,0.0,9584.71,0.0257
DEBT-09348,CUST-09348,3272.53,0.0,0.0,0.0,0.0,3272.53,0.0157
DEBT-09349,CUST-09349,8255.88,1127.04,0.0,0.0,0.0,9382.92,0.0192
DEBT-09350,CUST-09350,4578.4,0.0,0.0,0.0,0.0,4578.4,0.0115
DEBT-09351,CUST-09351,0.0,0.0,0.0,0.0,0.0,0.0,0.0
DEBT-09352,CUST-09352,4383.53,0.0,0.0,25204.42,0.0,29587.95,0.0797
DEBT-09353,CUST-09353,4144.71,0.0,0.0,0.0,0.0,4144.71,0.0133
DEBT-09354,CUST-09354,2079.78,0.0,0.0,24009.17,0.0,26088.95,0.0437
DEBT-09355,CUST-09355,0.0,0.0,0.0,23471.35,0.0,23471.35,0.0546
DEBT-09356,CUST-09356,0.0,10436.02,0.0,19143.09,0.0,29579.11,0.0244
DEBT-09357,CUST-09357,798.56,5731.42,0.0,8580.54,407962.21,423072.73,0.756
DEBT-09358,CUST-09358,1145.82,0.0,26199.55,0.0,0.0,27345.37,0.0541
DEBT-09359,CUST-09359,849.84,20314.47,0.0,5519.48,0.0,26683.79,0.055
DEBT-09360,CUST-09360,4602.54,22873.89,0.0,25957.14,0.0,53433.57,0.1347
DEBT-09361,CUST-09361,10710.37,0.0,0.0,24470.69,302450.99,337632.05,0.6338
DEBT-09362,CUST-09362,4415.78,1336.36,0.0,0.0,0.0,5752.14,0.018
DEBT-09363,CUST-09363,5848.93,0.0,0.0,22914.5,0.0,28763.43,0.0697
DEBT-09364,CUST-09364,0.0,0.0,0.0,0.0,0.0,0.0,0.0
DEBT-09365,CUST-09365,5888.25,0.0,0.0,0.0,0.0,5888.25,0.0118
DEBT-09366,CUST-09366,1768.18,0.0,0.0,12973.12,149944.9,164686.2,0.233
DEBT-09367,CUST-09367,8749.76,15433.51,0.0,0.0,0.0,24183.27,0.0436
DEBT-09368,CUST-09368,570.62,0.0,27375.99,0.0,0.0,27946.61,0.0372
DEBT-09369,CUST-09369,3670.59,0.0,0.0,8775.21,204244.32,216690.12,0.4327
DEBT-09370,CUST-09370,6125.15,9334.52,0.0,0.0,369724.02,385183.69,0.4004
DEBT-09371,CUST-09371,1448.68,15208.5,0.0,4590.52,227101.87,248349.57,0.4594
DEBT-09372,CUST-09372,1536.26,0.0,0.0,0.0,0.0,1536.26,0.0153
DEBT-09373,CUST-09373,12507.05,0.0,0.0,0.0,0.0,12507.05,0.0221
DEBT-09374,CUST-09374,1650.92,3083.83,0.0,16558.62,0.0,21293.37,0.0542
DEBT-09375,CUST-09375,6796.6,0.0,0.0,0.0,0.0,6796.6,0.0156
DEBT-09376,CUST-09376,8552.23,0.0,0.0,27363.59,0.0,35915.82,0.0441
DEBT-09377,CUST-09377,2199.08,19812.62,0.0,0.0,409820.2,431831.9,1.4207
DEBT-09378,CUST-09378,0.0,0.0,10887.65,25582.63,0.0,36470.28,0.0514
DEBT-09379,CUST-09379,6805.48,0.0,0.0,8296.08,0.0,15101.56,0.023
DEBT-09380,CUST-09380,7095.63,0.0,0.0,0.0,0.0,7095.63,0.0066
DEBT-09381,CUST-09381,0.0,0.0,18422.36,32964.2,0.0,51386.56,0.0854
DEBT-09382,CUST-09382,4818.62,0.0,0.0,6890.67,0.0,11709.29,0.0139
DEBT-09383,CUST-09383,6472.28,0.0,0.0,0.0,0.0,6472.28,0.0141
DEBT-09384,CUST-09384,1588.0,0.0,0.0,0.0,0.0,1588.0,0.005
DEBT-09385,CUST-09385,11840.11,0.0,0.0,33982.51,0.0,45822.62,0.0792
DEBT-09386,CUST-09386,1422.95,0.0,0.0,31922.5,0.0,33345.45,0.1061
DEBT-09387,CUST-09387,0.0,0.0,0.0,0.0,0.0,0.0,0.0
DEBT-09388,CUST-09388,0.0,0.0,0.0,18987.15,369384.49,388371.64,0.7787
DEBT-09389,CUST-09389,5860.92,0.0,0.0,6171.34,377826.88,389859.14,1.4394
DEBT-09390,CUST-09390,11222.46,0.0,0.0,0.0,0.0,11222.46,0.0145
DEBT-09391,CUST-09391,8092.62,0.0,0.0,0.0,0.0,8092.62,0.0119
DEBT-09392,CUST-09392,5273.91,0.0,37158.64,0.0,0.0,42432.55,0.0846
DEBT-09393,CUST-09393,11124.86,0.0,0.0,33830.17,105341.08,150296.11,0.0962
DEBT-09394,CUST-09394,2779.11,0.0,0.0,0.0,0.0,2779.11,0.005
DEBT-09395,CUST-09395,1505.3,0.0,0.0,0.0,0.0,1505.3,0.0045
DEBT-09396,CUST-09396,0.0,0.0,0.0,0.0,0.0,0.0,0.0
DEBT-09397,CUST-09397,2641.48,0.0,0.0,0.0,0.0,2641.48,0.0087
DEBT-09398,CUST-09398,5568.48,0.0,0.0,0.0,226429.71,231998.19,0.3377
DEBT-09399,CUST-09399,1730.59,0.0,0.0,0.0,386132.91,387863.5,1.2915
DEBT-09400,CUST-09400,0.0,0.0,0.0,0.0,0.0,0.0,0.0
DEBT-09401,CUST-09401,10058.61,0.0,0.0,0.0,301356.35,311414.96,0.6318
DEBT-09402,CUST-09402,0.0,17675.96,0.0,12066.01,0.0,29741.97,0.0452
DEBT-09403,CUST-09403,0.0,0.0,30564.8,0.0,273319.4,303884.2,0.5298
DEBT-09404,CUST-09404,0.0,22103.96,0.0,32185.74,0.0,54289.7,0.1502
DEBT-09405,CUST-09405,4542.18,0.0,0.0,0.0,0.0,4542.18,0.0188
DEBT-09406,CUST-09406,2260.9,0.0,0.0,0.0,420495.54,422756.44,0.759
DEBT-09407,CUST-09407,2715.06,0.0,27392.94,0.0,0.0,30108.0,0.1609
DEBT-09408,CUST-09408,10599.67,0.0,34971.61,12511.8,0.0,58083.08,0.0893
DEBT-09409,CUST-09409,2475.5,0.0,0.0,25269.25,0.0,27744.75,0.0814
DEBT-09410,CUST-09410,0.0,0.0,0.0,0.0,0.0,0.0,0.0
DEBT-09411,CUST-09411,14805.65,0.0,0.0,0.0,0.0,14805.65,0.0195
DEBT-09412,CUST-09412,164.3,0.0,0.0,0.0,0.0,164.3,0.0006
DEBT-09413,CUST-09413,0.0,0.0,0.0,0.0,0.0,0.0,0.0
DEBT-09414,CUST-09414,8678.65,0.0,0.0,23540.5,0.0,32219.15,0.0644
DEBT-09415,CUST-09415,0.0,0.0,0.0,23705.87,0.0,23705.87,0.0596
DEBT-09416,CUST-09416,17051.66,0.0,0.0,12180.35,0.0,29232.01,0.0391
DEBT-09417,CUST-09417,6661.75,7459.79,0.0,0.0,0.0,14121.54,0.0471
DEBT-09418,CUST-09418,0.0,0.0,0.0,0.0,0.0,0.0,0.0
DEBT-09419,CUST-09419,0.0,0.0,0.0,0.0,181615.6,181615.6,0.4423
DEBT-09420,CUST-09420,0.0,0.0,0.0,12923.29,101474.44,114397.73,0.2593
DEBT-09421,CUST-09421,3996.78,0.0,0.0,18168.15,0.0,22164.93,0.0321
DEBT-09422,CUST-09422,9394.92,0.0,0.0,0.0,0.0,9394.92,0.0192
DEBT-09423,CUST-09423,2230.87,0.0,0.0,32763.83,0.0,34994.7,0.0861
DEBT-09424,CUST-09424,6824.64,0.0,0.0,0.0,0.0,6824.64,0.0137
DEBT-09425,CUST-09425,8779.87,12342.07,0.0,26803.15,0.0,47925.09,0.0824
DEBT-09426,CUST-09426,4696.39,9540.09,0.0,33275.8,0.0,47512.28,0.2009
DEBT-09427,CUST-09427,4619.56,0.0,0.0,8344.61,0.0,12964.17,0.0201
DEBT-09428,CUST-09428,5147.68,0.0,0.0,24011.88,0.0,29159.56,0.0633
DEBT-09429,CUST-09429,469.58,0.0,0.0,4222.69,0.0,4692.27,0.0102
DEBT-09430,CUST-09430,0.0,0.0,0.0,8470.26,385612.7,394082.96,1.0882
DEBT-09431,CUST-09431,0.0,11496.72,0.0,14330.38,197469.31,223296.41,0.8817
DEBT-09432,CUST-09432,7922.39,10803.57,37798.17,0.0,0.0,56524.13,0.0606
DEBT-09433,CUST-09433,14476.87,19198.73,0.0,15052.63,0.0,48728.23,0.0534
DEBT-09434,CUST-09434,13409.19,0.0,0.0,0.0,0.0,13409.19,0.0208
DEBT-09435,CUST-09435,2417.03,0.0,0.0,0.0,0.0,2417.03,0.0084
DEBT-09436,CUST-09436,0.0,5345.01,0.0,20232.61,130388.03,155965.65,0.3269
DEBT-09437,CUST-09437,296.94,0.0,0.0,0.0,0.0,296.94,0.0028
DEBT-09438,CUST-09438,10926.96,0.0,0.0,0.0,0.0,10926.96,0.0193
DEBT-09439,CUST-09439,5873.35,0.0,0.0,10340.67,0.0,16214.02,0.0318
DEBT-09440,CUST-09440,987.33,0.0,0.0,0.0,0.0,987.33,0.003
DEBT-09441,CUST-09441,11730.32,0.0,0.0,0.0,0.0,11730.32,0.0184
DEBT-09442,CUST-09442,3074.25,0.0,0.0,0.0,318981.93,322056.18,0.8227
DEBT-09443,CUST-09443,8342.68,23696.97,0.0,20534.59,0.0,52574.24,0.0636
DEBT-09444,CUST-09444,5410.27,0.0,0.0,18784.49,303859.62,328054.38,0.6224
DEBT-09445,CUST-09445,514.86,0.0,0.0,0.0,0.0,514.86,0.0016
DEBT-09446,CUST-09446,6546.29,4762.29,0.0,17382.16,0.0,28690.74,0.0544
DEBT-09447,CUST-09447,0.0,18643.15,0.0,17033.93,0.0,35677.08,0.0433
DEBT-09448,CUST-09448,0.0,0.0,0.0,0.0,0.0,0.0,0.0
DEBT-09449,CUST-09449,0.0,0.0,0.0,0.0,0.0,0.0,0.0
DEBT-09450,CUST-09450,0.0,0.0,9176.41,0.0,0.0,9176.41,0.0175
DEBT-09451,CUST-09451,7544.02,0.0,0.0,19122.86,0.0,26666.88,0.0662
DEBT-09452,CUST-09452,11683.22,21495.4,9996.85,0.0,0.0,43175.47,0.0777
DEBT-09453,CUST-09453,2869.7,0.0,36683.23,11919.66,0.0,51472.59,0.3696
DEBT-09454,CUST-09454,9161.03,0.0,0.0,0.0,0.0,9161.03,0.017
DEBT-09455,CUST-09455,31895.58,0.0,0.0,0.0,0.0,31895.58,0.0214
DEBT-09456,CUST-09456,0.0,0.0,0.0,4565.65,0.0,4565.65,0.0745
DEBT-09457,CUST-09457,5190.54,0.0,0.0,0.0,0.0,5190.54,0.0078
DEBT-09458,CUST-09458,13414.09,0.0,0.0,23927.01,281731.02,319072.12,0.4872
DEBT-09459,CUST-09459,0.0,0.0,0.0,0.0,0.0,0.0,0.0
DEBT-09460,CUST-09460,0.0,0.0,0.0,31859.54,0.0,31859.54,0.0446
DEBT-09461,CUST-09461,285.59,0.0,0.0,0.0,0.0,285.59,0.0008
DEBT-09462,CUST-09462,11243.34,0.0,0.0,25255.21,146639.71,183138.26,0.2885
DEBT-09463,CUST-09463,895.73,0.0,0.0,0.0,0.0,895.73,0.0041
DEBT-09464,CUST-09464,0.0,0.0,0.0,12421.61,119396.31,131817.92,0.2345
DEBT-09465,CUST-09465,0.0,0.0,0.0,0.0,159592.48,159592.48,0.4856
DEBT-09466,CUST-09466,3072.51,0.0,0.0,0.0,366095.6,369168.11,1.3146
DEBT-09467,CUST-09467,15119.32,0.0,0.0,0.0,0.0,15119.32,0.0175
DEBT-09468,CUST-09468,12336.74,0.0,0.0,0.0,0.0,12336.74,0.0155
DEBT-09469,CUST-09469,0.0,0.0,0.0,0.0,0.0,0.0,0.0
DEBT-09470,CUST-09470,8799.32,0.0,0.0,0.0,0.0,8799.32,0.0195
DEBT-09471,CUST-09471,11916.38,0.0,0.0,0.0,0.0,11916.38,0.0196
DEBT-09472,CUST-09472,12418.94,0.0,0.0,0.0,0.0,12418.94,0.0217
DEBT-09473,CUST-09473,6393.95,0.0,0.0,23057.67,128094.82,157546.44,0.4893
DEBT-09474,CUST-09474,0.0,19764.8,30086.96,0.0,0.0,49851.76,0.0639
DEBT-09475,CUST-09475,3334.46,0.0,0.0,29808.94,0.0,33143.4,0.0342
DEBT-09476,CUST-09476,12236.27,0.0,0.0,0.0,432192.88,444429.15,0.5233
DEBT-09477,CUST-09477,0.0,14758.04,0.0,0.0,443773.85,458531.89,0.8087
DEBT-09478,CUST-09478,0.0,10323.89,0.0,0.0,0.0,10323.89,0.0311
DEBT-09479,CUST-09479,755.58,0.0,0.0,12486.04,0.0,13241.62,0.1262
DEBT-09480,CUST-09480,1767.53,0.0,32015.27,0.0,0.0,33782.8,0.2433
DEBT-09481,CUST-09481,2434.61,0.0,0.0,12462.6,339407.6,354304.81,0.697
DEBT-09482,CUST-09482,0.0,24731.38,0.0,0.0,0.0,24731.38,0.042
DEBT-09483,CUST-09483,9394.2,5848.92,0.0,21330.18,0.0,36573.3,0.0375
DEBT-09484,CUST-09484,2414.16,0.0,0.0,14452.89,0.0,16867.05,0.1451
DEBT-09485,CUST-09485,11391.83,0.0,0.0,0.0,0.0,11391.83,0.0166
DEBT-09486,CUST-09486,1116.8,0.0,0.0,34775.09,0.0,35891.89,0.336
DEBT-09487,CUST-09487,7803.26,0.0,0.0,30792.76,227607.4,266203.42,0.6631
DEBT-09488,CUST-09488,0.0,0.0,0.0,0.0,0.0,0.0,0.0
DEBT-09489,CUST-09489,1185.54,0.0,0.0,0.0,0.0,1185.54,0.0026
DEBT-09490,CUST-09490,0.0,0.0,0.0,0.0,0.0,0.0,0.0
DEBT-09491,CUST-09491,5918.73,0.0,0.0,31472.66,0.0,37391.39,0.1172
DEBT-09492,CUST-09492,5822.67,0.0,0.0,10426.77,0.0,16249.44,0.0476
DEBT-09493,CUST-09493,3793.54,0.0,0.0,21566.24,0.0,25359.78,0.0676
DEBT-09494,CUST-09494,7888.09,0.0,0.0,17190.56,0.0,25078.65,0.0304
DEBT-09495,CUST-09495,6791.13,0.0,0.0,19116.49,0.0,25907.62,0.0577
DEBT-09496,CUST-09496,5445.4,0.0,0.0,0.0,0.0,5445.4,0.0051
DEBT-09497,CUST-09497,1819.36,0.0,0.0,0.0,0.0,1819.36,0.0042
DEBT-09498,CUST-09498,9273.98,0.0,0.0,0.0,0.0,9273.98,0.0176
DEBT-09499,CUST-09499,4384.57,0.0,8908.82,8386.68,0.0,21680.07,0.046
DEBT-09500,CUST-09500,2389.03,0.0,0.0,0.0,0.0,2389.03,0.0046
DEBT-09501,CUST-09501,11176.62,0.0,0.0,0.0,402003.39,413180.01,0.7127
DEBT-09502,CUST-09502,6762.84,0.0,0.0,0.0,188788.57,195551.41,0.3658
DEBT-09503,CUST-09503,8583.15,0.0,0.0,0.0,0.0,8583.15,0.0215
DEBT-09504,CUST-09504,0.0,0.0,0.0,18226.08,0.0,18226.08,0.0683
DEBT-09505,CUST-09505,9869.97,0.0,0.0,0.0,0.0,9869.97,0.0204
DEBT-09506,CUST-09506,3058.53,0.0,0.0,17650.87,0.0,20709.4,0.0506
DEBT-09507,CUST-09507,6436.57,0.0,0.0,29463.85,0.0,35900.42,0.0653
DEBT-09508,CUST-09508,6651.48,0.0,0.0,15304.99,367126.37,389082.84,0.9773
DEBT-09509,CUST-09509,4308.81,0.0,0.0,0.0,0.0,4308.81,0.02
DEBT-09510,CUST-09510,4443.33,7961.67,0.0,0.0,0.0,12405.0,0.0306
DEBT-09511,CUST-09511,4924.46,0.0,0.0,25841.71,251427.68,282193.85,0.5393
DEBT-09512,CUST-09512,2131.16,0.0,0.0,0.0,0.0,2131.16,0.0037
DEBT-09513,CUST-09513,1272.39,16289.5,10584.7,0.0,0.0,28146.59,0.0691
DEBT-09514,CUST-09514,2662.7,0.0,16457.26,0.0,0.0,19119.96,0.0278
DEBT-09515,CUST-09515,1694.43,0.0,38043.48,0.0,0.0,39737.91,0.1071
DEBT-09516,CUST-09516,2146.45,0.0,0.0,0.0,0.0,2146.45,0.0067
DEBT-09517,CUST-09517,2874.29,0.0,0.0,19401.87,0.0,22276.16,0.0725
DEBT-09518,CUST-09518,4726.08,0.0,0.0,0.0,366653.22,371379.3,1.2814
DEBT-09519,CUST-09519,2213.57,24775.81,0.0,0.0,0.0,26989.38,0.1963
DEBT-09520,CUST-09520,7870.6,0.0,0.0,32554.21,0.0,40424.81,0.0555
DEBT-09521,CUST-09521,3311.13,0.0,0.0,4160.07,241839.9,249311.1,0.6272
DEBT-09522,CUST-09522,1312.12,0.0,0.0,0.0,0.0,1312.12,0.0061
DEBT-09523,CUST-09523,0.0,0.0,0.0,0.0,86129.36,86129.36,0.1234
DEBT-09524,CUST-09524,0.0,0.0,0.0,0.0,0.0,0.0,0.0
DEBT-09525,CUST-09525,13158.9,6730.43,0.0,27158.29,105343.59,152391.21,0.2547
DEBT-09526,CUST-09526,3651.9,0.0,36067.86,0.0,0.0,39719.76,0.1113
DEBT-09527,CUST-09527,0.0,0.0,0.0,8745.37,0.0,8745.37,0.0241
DEBT-09528,CUST-09528,0.0,0.0,44189.31,0.0,0.0,44189.31,0.1096
DEBT-09529,CUST-09529,0.0,0.0,0.0,0.0,175305.56,175305.56,0.5912
DEBT-09530,CUST-09530,964.97,0.0,0.0,0.0,213118.86,214083.83,0.3329
DEBT-09531,CUST-09531,8165.77,0.0,15362.04,26195.24,0.0,49723.05,0.094
DEBT-09532,CUST-09532,0.0,0.0,0.0,0.0,0.0,0.0,0.0
DEBT-09533,CUST-09533,791.16,0.0,0.0,0.0,0.0,791.16,0.0035
DEBT-09534,CUST-09534,5081.71,0.0,0.0,13396.67,0.0,18478.38,0.0238
DEBT-09535,CUST-09535,6282.34,0.0,0.0,8620.0,0.0,14902.34,0.0482
DEBT-09536,CUST-09536,0.0,0.0,0.0,0.0,0.0,0.0,0.0
DEBT-09537,CUST-09537,3568.4,0.0,0.0,4631.89,0.0,8200.29,0.0433
DEBT-09538,CUST-09538,4641.05,7511.39,0.0,0.0,0.0,12152.44,0.0325
DEBT-09539,CUST-09539,798.47,0.0,0.0,0.0,0.0,798.47,0.0024
DEBT-09540,CUST-09540,7877.96,0.0,0.0,0.0,0.0,7877.96,0.0226
DEBT-09541,CUST-09541,2957.02,0.0,0.0,4077.93,350514.0,357548.95,1.2961
DEBT-09542,CUST-09542,1016.48,0.0,0.0,0.0,0.0,1016.48,0.0016
DEBT-09543,CUST-09543,9816.39,0.0,0.0,29877.44,0.0,39693.83,0.0921
DEBT-09544,CUST-09544,3309.24,0.0,0.0,21585.01,0.0,24894.25,0.0443
DEBT-09545,CUST-09545,4261.01,0.0,0.0,0.0,0.0,4261.01,0.0218
DEBT-09546,CUST-09546,5108.7,0.0,0.0,0.0,0.0,5108.7,0.0081
DEBT-09547,CUST-09547,11326.4,0.0,0.0,0.0,0.0,11326.4,0.0134
DEBT-09548,CUST-09548,9946.61,0.0,0.0,0.0,0.0,9946.61,0.0185
DEBT-09549,CUST-09549,0.0,0.0,0.0,13680.11,0.0,13680.11,0.1725
DEBT-09550,CUST-09550,2166.28,0.0,0.0,0.0,0.0,2166.28,0.0083
DEBT-09551,CUST-09551,4872.8,0.0,0.0,6730.0,0.0,11602.8,0.0314
DEBT-09552,CUST-09552,3972.69,0.0,0.0,0.0,0.0,3972.69,0.0104
DEBT-09553,CUST-09553,12114.67,9543.37,0.0,4396.53,411424.44,437479.01,0.7004
DEBT-09554,CUST-09554,2163.5,0.0,0.0,0.0,0.0,2163.5,0.0032
DEBT-09555,CUST-09555,3081.58,0.0,7454.64,31379.65,0.0,41915.87,0.252
DEBT-09556,CUST-09556,9190.97,0.0,0.0,18699.44,0.0,27890.41,0.0474
DEBT-09557,CUST-09557,0.0,0.0,0.0,0.0,0.0,0.0,0.0
DEBT-09558,CUST-09558,6124.98,0.0,0.0,14988.3,0.0,21113.28,0.0399
DEBT-09559,CUST-09559,1879.13,0.0,0.0,0.0,0.0,1879.13,0.0221
DEBT-09560,CUST-09560,0.0,0.0,0.0,0.0,0.0,0.0,0.0
DEBT-09561,CUST-09561,11635.39,5635.15,0.0,0.0,0.0,17270.54,0.0228
DEBT-09562,CUST-09562,4436.55,0.0,18840.66,0.0,0.0,23277.21,0.0469
DEBT-09563,CUST-09563,10707.3,8042.59,0.0,24074.51,0.0,42824.4,0.0565
DEBT-09564,CUST-09564,7083.3,0.0,0.0,0.0,0.0,7083.3,0.021
DEBT-09565,CUST-09565,0.0,0.0,0.0,0.0,329440.77,329440.77,0.8374
DEBT-09566,CUST-09566,0.0,21852.0,0.0,0.0,0.0,21852.0,0.0608
DEBT-09567,CUST-09567,1231.96,0.0,0.0,0.0,0.0,1231.96,0.0039
DEBT-09568,CUST-09568,5602.3,0.0,0.0,0.0,0.0,5602.3,0.007
DEBT-09569,CUST-09569,5234.39,0.0,0.0,0.0,84614.94,89849.33,0.1986
DEBT-09570,CUST-09570,3441.77,0.0,0.0,0.0,0.0,3441.77,0.0023
DEBT-09571,CUST-09571,1476.09,0.0,0.0,0.0,0.0,1476.09,0.0045
DEBT-09572,CUST-09572,5377.1,0.0,0.0,4735.69,0.0,10112.79,0.0165
DEBT-09573,CUST-09573,3409.9,0.0,0.0,0.0,130142.63,133552.53,0.2865
DEBT-09574,CUST-09574,0.0,0.0,0.0,0.0,178361.91,178361.91,0.492
DEBT-09575,CUST-09575,6231.67,4475.78,0.0,0.0,166031.53,176738.98,0.5693
DEBT-09576,CUST-09576,4616.39,21883.71,0.0,0.0,0.0,26500.1,0.045
DEBT-09577,CUST-09577,0.0,0.0,0.0,4335.26,0.0,4335.26,0.006
DEBT-09578,CUST-09578,0.0,0.0,0.0,20601.79,0.0,20601.79,0.0523
DEBT-09579,CUST-09579,6815.88,15961.26,0.0,0.0,0.0,22777.14,0.0368
DEBT-09580,CUST-09580,0.0,4598.56,0.0,0.0,0.0,4598.56,0.0104
DEBT-09581,CUST-09581,920.95,0.0,0.0,22505.31,0.0,23426.26,0.2999
DEBT-09582,CUST-09582,2114.24,0.0,0.0,0.0,83048.41,85162.65,0.1757
DEBT-09583,CUST-09583,11204.36,0.0,0.0,0.0,0.0,11204.36,0.0188
DEBT-09584,CUST-09584,4381.34,0.0,0.0,17932.37,0.0,22313.71,0.074
DEBT-09585,CUST-09585,4227.95,0.0,0.0,0.0,180678.44,184906.39,0.6067
DEBT-09586,CUST-09586,5285.33,21784.88,0.0,7008.84,0.0,34079.05,0.0529
DEBT-09587,CUST-09587,14092.93,0.0,0.0,22000.01,0.0,36092.94,0.0551
DEBT-09588,CUST-09588,2273.57,0.0,0.0,21346.06,0.0,23619.63,0.0658
DEBT-09589,CUST-09589,489.57,0.0,0.0,21071.7,296492.19,318053.46,0.688
DEBT-09590,CUST-09590,152.89,0.0,0.0,0.0,0.0,152.89,0.0006
DEBT-09591,CUST-09591,6200.71,0.0,0.0,33909.1,0.0,40109.81,0.0997
DEBT-09592,CUST-09592,255.28,19569.23,0.0,0.0,0.0,19824.51,0.1887
DEBT-09593,CUST-09593,7918.69,5846.87,6551.94,0.0,0.0,20317.5,0.0411
DEBT-09594,CUST-09594,4773.24,0.0,0.0,17096.28,0.0,21869.52,0.0512
DEBT-09595,CUST-09595,0.0,0.0,0.0,27541.91,303805.74,331347.65,0.9149
DEBT-09596,CUST-09596,1019.07,0.0,0.0,0.0,0.0,1019.07,0.0018
DEBT-09597,CUST-09597,5800.19,13621.99,0.0,0.0,293768.57,313190.75,0.8897
DEBT-09598,CUST-09598,0.0,0.0,0.0,0.0,0.0,0.0,0.0
DEBT-09599,CUST-09599,36494.9,0.0,0.0,0.0,0.0,36494.9,0.0177
DEBT-09600,CUST-09600,13176.32,0.0,0.0,0.0,119096.66,132272.98,0.214
DEBT-09601,CUST-09601,3927.18,0.0,0.0,5922.65,0.0,9849.83,0.0455
DEBT-09602,CUST-09602,10784.91,13768.69,0.0,0.0,0.0,24553.6,0.0446
DEBT-09603,CUST-09603,0.0,0.0,24645.51,28180.47,0.0,52825.98,0.0786
DEBT-09604,CUST-09604,0.0,0.0,0.0,24220.77,0.0,24220.77,0.1029
DEBT-09605,CUST-09605,7440.81,0.0,0.0,9163.45,0.0,16604.26,0.0389
DEBT-09606,CUST-09606,7447.92,0.0,0.0,16237.66,0.0,23685.58,0.0391
DEBT-09607,CUST-09607,15634.04,0.0,0.0,19830.11,0.0,35464.15,0.0457
DEBT-09608,CUST-09608,2548.09,0.0,0.0,0.0,0.0,2548.09,0.0056
DEBT-09609,CUST-09609,1269.99,16087.96,0.0,0.0,0.0,17357.95,0.0334
DEBT-09610,CUST-09610,0.0,0.0,13796.95,0.0,284928.14,298725.09,0.4959
DEBT-09611,CUST-09611,0.0,0.0,0.0,0.0,0.0,0.0,0.0
DEBT-09612,CUST-09612,5499.97,0.0,0.0,0.0,196175.14,201675.11,0.2203
DEBT-09613,CUST-09613,7988.29,0.0,0.0,24882.6,0.0,32870.89,0.0795
DEBT-09614,CUST-09614,8461.26,7050.04,0.0,29133.33,0.0,44644.63,0.0631
DEBT-09615,CUST-09615,0.0,0.0,0.0,8902.52,0.0,8902.52,0.0352
DEBT-09616,CUST-09616,0.0,2595.1,0.0,0.0,0.0,2595.1,0.0047
DEBT-09617,CUST-09617,0.0,4935.06,0.0,18545.86,0.0,23480.92,0.0698
DEBT-09618,CUST-09618,2071.61,14047.61,0.0,0.0,0.0,16119.22,0.058
DEBT-09619,CUST-09619,0.0,0.0,0.0,29705.44,0.0,29705.44,0.0691
DEBT-09620,CUST-09620,414.78,0.0,0.0,23988.07,0.0,24402.85,0.154
DEBT-09621,CUST-09621,14871.99,0.0,0.0,0.0,0.0,14871.99,0.0202
DEBT-09622,CUST-09622,0.0,0.0,20568.35,26136.13,0.0,46704.48,0.4746
DEBT-09623,CUST-09623,1301.2,0.0,0.0,21481.37,0.0,22782.57,0.0392
DEBT-09624,CUST-09624,7130.89,0.0,0.0,0.0,0.0,7130.89,0.0205
DEBT-09625,CUST-09625,2538.35,0.0,0.0,0.0,0.0,2538.35,0.0065
DEBT-09626,CUST-09626,1156.35,7192.07,0.0,0.0,0.0,8348.42,0.0519
DEBT-09627,CUST-09627,334.73,0.0,0.0,0.0,0.0,334.73,0.0026
DEBT-09628,CUST-09628,8631.71,0.0,0.0,0.0,0.0,8631.71,0.0211
DEBT-09629,CUST-09629,0.0,0.0,0.0,13116.95,146166.64,159283.59,0.3514
DEBT-09630,CUST-09630,14031.91,1948.53,0.0,8441.65,0.0,24422.09,0.0219
DEBT-09631,CUST-09631,6399.92,0.0,0.0,0.0,0.0,6399.92,0.014
DEBT-09632,CUST-09632,9848.95,0.0,27405.02,14535.52,0.0,51789.49,0.0978
DEBT-09633,CUST-09633,12268.89,23844.18,0.0,0.0,0.0,36113.07,0.0465
DEBT-09634,CUST-09634,1858.88,0.0,0.0,23586.51,0.0,25445.39,0.1131
DEBT-09635,CUST-09635,9424.06,0.0,0.0,0.0,446999.44,456423.5,0.5902
DEBT-09636,CUST-09636,0.0,20469.82,0.0,0.0,333054.07,353523.89,0.3019
DEBT-09637,CUST-09637,15912.26,0.0,43314.01,22328.74,0.0,81555.01,0.1114
DEBT-09638,CUST-09638,13025.38,0.0,0.0,0.0,0.0,13025.38,0.023
DEBT-09639,CUST-09639,19295.18,0.0,0.0,26291.49,0.0,45586.67,0.0404
DEBT-09640,CUST-09640,0.0,0.0,0.0,30411.58,0.0,30411.58,0.0308
DEBT-09641,CUST-09641,0.0,7518.64,0.0,0.0,0.0,7518.64,0.0118
DEBT-09642,CUST-09642,6113.54,0.0,0.0,0.0,0.0,6113.54,0.0201
DEBT-09643,CUST-09643,0.0,12075.92,0.0,32106.18,0.0,44182.1,0.1055
DEBT-09644,CUST-09644,11549.24,0.0,0.0,25951.39,0.0,37500.63,0.0511
DEBT-09645,CUST-09645,0.0,0.0,0.0,20474.52,0.0,20474.52,0.0552
DEBT-09646,CUST-09646,13376.13,17415.44,0.0,14489.62,0.0,45281.19,0.0701
DEBT-09647,CUST-09647,1781.86,0.0,0.0,22492.12,0.0,24273.98,0.2079
DEBT-09648,CUST-09648,0.0,0.0,30852.7,0.0,0.0,30852.7,0.0651
DEBT-09649,CUST-09649,8992.13,23223.6,0.0,29849.57,387776.9,449842.2,0.8091
DEBT-09650,CUST-09650,1030.58,6479.35,0.0,0.0,0.0,7509.93,0.0897
DEBT-09651,CUST-09651,5077.64,0.0,0.0,0.0,0.0,5077.64,0.0129
DEBT-09652,CUST-09652,0.0,8426.41,0.0,30648.05,0.0,39074.46,0.0826
DEBT-09653,CUST-09653,0.0,15560.26,0.0,0.0,0.0,15560.26,0.0196
DEBT-09654,CUST-09654,6650.11,0.0,0.0,0.0,0.0,6650.11,0.0196
DEBT-09655,CUST-09655,2199.86,8964.99,0.0,0.0,0.0,11164.85,0.0315
DEBT-09656,CUST-09656,21509.54,0.0,0.0,0.0,0.0,21509.54,0.0224
DEBT-09657,CUST-09657,11168.59,0.0,0.0,25353.67,0.0,36522.26,0.0557
DEBT-09658,CUST-09658,7741.18,9423.99,0.0,0.0,0.0,17165.17,0.0344
DEBT-09659,CUST-09659,0.0,0.0,0.0,0.0,0.0,0.0,0.0
DEBT-09660,CUST-09660,0.0,0.0,0.0,17486.56,285937.47,303424.03,0.5601
DEBT-09661,CUST-09661,0.0,0.0,0.0,0.0,370319.69,370319.69,0.8065
DEBT-09662,CUST-09662,0.0,0.0,0.0,0.0,0.0,0.0,0.0
DEBT-09663,CUST-09663,2414.02,0.0,0.0,0.0,0.0,2414.02,0.0218
DEBT-09664,CUST-09664,9611.31,0.0,0.0,0.0,0.0,9611.31,0.0228
DEBT-09665,CUST-09665,0.0,0.0,24946.67,0.0,0.0,24946.67,0.0325
DEBT-09666,CUST-09666,629.87,4977.81,0.0,0.0,0.0,5607.68,0.0397
DEBT-09667,CUST-09667,4828.73,0.0,0.0,11060.56,0.0,15889.29,0.0612
DEBT-09668,CUST-09668,6593.78,0.0,0.0,0.0,0.0,6593.78,0.0088
DEBT-09669,CUST-09669,6096.54,0.0,0.0,0.0,0.0,6096.54,0.0096
DEBT-09670,CUST-09670,9056.46,21064.53,0.0,0.0,0.0,30120.99,0.0609
DEBT-09671,CUST-09671,1966.95,0.0,0.0,17848.13,0.0,19815.08,0.0295
DEBT-09672,CUST-09672,4364.0,0.0,12212.38,0.0,0.0,16576.38,0.0287
DEBT-09673,CUST-09673,4172.85,0.0,0.0,0.0,0.0,4172.85,0.0151
DEBT-09674,CUST-09674,1776.3,0.0,0.0,0.0,92590.7,94367.0,0.1807
DEBT-09675,CUST-09675,0.0,0.0,0.0,0.0,0.0,0.0,0.0
DEBT-09676,CUST-09676,17481.6,0.0,0.0,0.0,410360.4,427842.0,0.4787
DEBT-09677,CUST-09677,0.0,0.0,0.0,21928.83,134597.21,156526.04,0.2935
DEBT-09678,CUST-09678,2580.77,0.0,0.0,14354.13,0.0,16934.9,0.1299
DEBT-09679,CUST-09679,1274.23,0.0,0.0,0.0,0.0,1274.23,0.0023
DEBT-09680,CUST-09680,0.0,13274.02,0.0,0.0,0.0,13274.02,0.026
DEBT-09681,CUST-09681,3610.51,0.0,18006.18,30128.09,0.0,51744.78,0.1134
DEBT-09682,CUST-09682,8096.29,0.0,0.0,0.0,0.0,8096.29,0.0145
DEBT-09683,CUST-09683,0.0,0.0,20095.14,0.0,0.0,20095.14,0.1005
DEBT-09684,CUST-09684,668.56,14112.12,0.0,10193.53,0.0,24974.21,0.4528
DEBT-09685,CUST-09685,5543.17,0.0,0.0,0.0,0.0,5543.17,0.0183
DEBT-09686,CUST-09686,1294.16,0.0,0.0,24694.52,380243.57,406232.25,0.8811
DEBT-09687,CUST-09687,2749.41,16757.66,41713.43,0.0,0.0,61220.5,0.1549
DEBT-09688,CUST-09688,7351.97,10751.29,0.0,0.0,0.0,18103.26,0.0331
DEBT-09689,CUST-09689,596.88,0.0,0.0,0.0,0.0,596.88,0.0023
DEBT-09690,CUST-09690,0.0,0.0,0.0,0.0,0.0,0.0,0.0
DEBT-09691,CUST-09691,1060.94,0.0,26675.37,15360.84,422344.2,465441.35,0.9471
DEBT-09692,CUST-09692,2861.01,0.0,19816.38,0.0,0.0,22677.39,0.084
DEBT-09693,CUST-09693,3510.79,0.0,14989.5,0.0,0.0,18500.29,0.0799
DEBT-09694,CUST-09694,682.87,0.0,0.0,25134.55,0.0,25817.42,0.1476
DEBT-09695,CUST-09695,6864.51,0.0,0.0,18227.49,0.0,25092.0,0.0583
DEBT-09696,CUST-09696,8772.41,0.0,18096.93,0.0,0.0,26869.34,0.0561
DEBT-09697,CUST-09697,12036.01,0.0,0.0,0.0,169456.75,181492.76,0.3296
DEBT-09698,CUST-09698,2084.21,0.0,0.0,0.0,0.0,2084.21,0.0067
DEBT-09699,CUST-09699,10168.44,0.0,7647.46,14217.67,140379.26,172412.83,0.3764
DEBT-09700,CUST-09700,0.0,0.0,0.0,4272.53,0.0,4272.53,0.0115
DEBT-09701,CUST-09701,13315.67,0.0,0.0,14027.79,149238.93,176582.39,0.2918
DEBT-09702,CUST-09702,4647.67,0.0,0.0,9837.07,0.0,14484.74,0.064
DEBT-09703,CUST-09703,1398.81,0.0,0.0,0.0,0.0,1398.81,0.0077
DEBT-09704,CUST-09704,10301.13,0.0,0.0,0.0,0.0,10301.13,0.0225
DEBT-09705,CUST-09705,523.42,0.0,16819.6,0.0,0.0,17343.02,0.0773
DEBT-09706,CUST-09706,0.0,0.0,0.0,0.0,0.0,0.0,0.0
DEBT-09707,CUST-09707,6128.66,1805.04,0.0,0.0,0.0,7933.7,0.0243
DEBT-09708,CUST-09708,3171.94,0.0,0.0,0.0,206856.54,210028.48,0.2526
DEBT-09709,CUST-09709,5348.96,0.0,0.0,0.0,0.0,5348.96,0.0123
DEBT-09710,CUST-09710,5980.11,23441.82,0.0,0.0,165054.55,194476.48,0.6492
DEBT-09711,CUST-09711,9214.59,0.0,0.0,0.0,0.0,9214.59,0.019
DEBT-09712,CUST-09712,4095.04,0.0,0.0,0.0,266718.29,270813.33,0.3808
DEBT-09713,CUST-09713,0.0,0.0,0.0,0.0,352003.54,352003.54,0.5808
DEBT-09714,CUST-09714,12491.38,2156.69,38784.14,15348.77,0.0,68780.98,0.1135
DEBT-09715,CUST-09715,8183.32,2201.49,0.0,22144.17,0.0,32528.98,0.0484
DEBT-09716,CUST-09716,0.0,19634.56,22246.9,27350.87,0.0,69232.33,0.1193
DEBT-09717,CUST-09717,654.43,0.0,0.0,0.0,0.0,654.43,0.0012
DEBT-09718,CUST-09718,1718.24,0.0,0.0,0.0,0.0,1718.24,0.0051
DEBT-09719,CUST-09719,5594.9,21450.1,0.0,0.0,0.0,27045.0,0.0402
DEBT-09720,CUST-09720,2261.9,0.0,0.0,0.0,0.0,2261.9,0.0042
DEBT-09721,CUST-09721,6736.54,0.0,12385.63,0.0,165400.1,184522.27,0.3214
DEBT-09722,CUST-09722,317.76,0.0,0.0,0.0,0.0,317.76,0.0012
DEBT-09723,CUST-09723,10180.7,16121.58,0.0,16546.42,0.0,42848.7,0.0649
DEBT-09724,CUST-09724,5442.96,23232.99,0.0,0.0,0.0,28675.95,0.1144
DEBT-09725,CUST-09725,1180.84,0.0,0.0,0.0,0.0,1180.84,0.0038
DEBT-09726,CUST-09726,0.0,0.0,0.0,0.0,0.0,0.0,0.0
DEBT-09727,CUST-09727,5357.92,0.0,0.0,0.0,0.0,5357.92,0.007
DEBT-09728,CUST-09728,8221.43,0.0,0.0,0.0,420722.4,428943.83,0.7161
DEBT-09729,CUST-09729,0.0,0.0,0.0,14372.93,0.0,14372.93,0.0419
DEBT-09730,CUST-09730,9085.15,0.0,0.0,30175.26,0.0,39260.41,0.0399
DEBT-09731,CUST-09731,0.0,0.0,0.0,0.0,0.0,0.0,0.0
DEBT-09732,CUST-09732,8506.97,0.0,0.0,28046.38,174067.62,210620.97,0.2281
DEBT-09733,CUST-09733,2492.73,3321.69,0.0,0.0,0.0,5814.42,0.0181
DEBT-09734,CUST-09734,5617.27,0.0,0.0,7024.62,0.0,12641.89,0.0394
DEBT-09735,CUST-09735,3574.31,10594.54,0.0,14499.5,121136.76,149805.11,0.2403
DEBT-09736,CUST-09736,4292.51,0.0,9727.45,0.0,0.0,14019.96,0.0243
DEBT-09737,CUST-09737,1563.82,0.0,0.0,0.0,401760.42,403324.24,1.1122
DEBT-09738,CUST-09738,0.0,0.0,0.0,31315.77,0.0,31315.77,0.0595
DEBT-09739,CUST-09739,3819.72,0.0,0.0,5729.37,0.0,9549.09,0.0418
DEBT-09740,CUST-09740,961.6,0.0,0.0,0.0,289696.19,290657.79,1.1906
DEBT-09741,CUST-09741,0.0,0.0,0.0,16511.12,0.0,16511.12,0.0165
DEBT-09742,CUST-09742,1485.89,0.0,0.0,18360.05,0.0,19845.94,0.1013
DEBT-09743,CUST-09743,7136.13,0.0,0.0,0.0,0.0,7136.13,0.0205
DEBT-09744,CUST-09744,4296.41,9357.03,0.0,21594.94,0.0,35248.38,0.0787
DEBT-09745,CUST-09745,0.0,3449.56,0.0,0.0,280545.52,283995.08,0.2644
DEBT-09746,CUST-09746,8829.85,0.0,23749.77,0.0,0.0,32579.62,0.045
DEBT-09747,CUST-09747,871.42,0.0,0.0,0.0,0.0,871.42,0.0014
DEBT-09748,CUST-09748,0.0,3411.31,0.0,34608.02,0.0,38019.33,0.0819
DEBT-09749,CUST-09749,16548.15,15405.02,0.0,0.0,0.0,31953.17,0.0362
DEBT-09750,CUST-09750,0.0,0.0,0.0,0.0,0.0,0.0,0.0
DEBT-09751,CUST-09751,13601.83,0.0,42912.81,21748.13,0.0,78262.77,0.1045
DEBT-09752,CUST-09752,4186.21,3099.24,0.0,0.0,221449.29,228734.74,0.5847
DEBT-09753,CUST-09753,0.0,17199.84,0.0,0.0,0.0,17199.84,0.0407
DEBT-09754,CUST-09754,7376.41,0.0,0.0,0.0,0.0,7376.41,0.013
DEBT-09755,CUST-09755,2081.84,0.0,0.0,0.0,0.0,2081.84,0.0162
DEBT-09756,CUST-09756,0.0,0.0,33369.47,0.0,429137.22,462506.69,1.132
DEBT-09757,CUST-09757,0.0,11231.31,0.0,13458.62,0.0,24689.93,0.1228
DEBT-09758,CUST-09758,383.22,17343.52,0.0,24494.93,0.0,42221.67,0.2444
DEBT-09759,CUST-09759,1552.45,0.0,0.0,0.0,0.0,1552.45,0.0033
DEBT-09760,CUST-09760,2214.31,0.0,0.0,0.0,0.0,2214.31,0.0041
DEBT-09761,CUST-09761,246.44,0.0,28548.74,0.0,0.0,28795.18,0.3162
DEBT-09762,CUST-09762,1293.88,14857.74,0.0,0.0,0.0,16151.62,0.0699
DEBT-09763,CUST-09763,4361.57,5955.47,33168.85,0.0,206145.87,249631.76,0.8091
DEBT-09764,CUST-09764,0.0,12230.2,0.0,0.0,0.0,12230.2,0.0211
DEBT-09765,CUST-09765,6708.82,0.0,0.0,13712.01,217000.95,237421.78,0.2373
DEBT-09766,CUST-09766,1007.07,0.0,0.0,18096.15,0.0,19103.22,0.0507
DEBT-09767,CUST-09767,515.79,12966.72,0.0,10300.56,0.0,23783.07,0.0448
DEBT-09768,CUST-09768,5021.46,0.0,0.0,8239.4,0.0,13260.86,0.0147
DEBT-09769,CUST-09769,0.0,0.0,0.0,0.0,0.0,0.0,0.0
DEBT-09770,CUST-09770,10394.3,15112.31,32151.4,10990.29,0.0,68648.3,0.1032
DEBT-09771,CUST-09771,7034.77,0.0,0.0,0.0,92606.35,99641.12,0.2213
DEBT-09772,CUST-09772,1355.82,17505.69,0.0,0.0,0.0,18861.51,0.0287
DEBT-09773,CUST-09773,7867.72,12248.18,0.0,17157.88,0.0,37273.78,0.0732
DEBT-09774,CUST-09774,3050.35,11069.26,0.0,22923.19,435220.65,472263.45,1.7737
DEBT-09775,CUST-09775,4841.23,14030.55,0.0,0.0,0.0,18871.78,0.0777
DEBT-09776,CUST-09776,0.0,0.0,0.0,5264.69,0.0,5264.69,0.0072
DEBT-09777,CUST-09777,1312.76,5545.43,27556.17,0.0,0.0,34414.36,0.0758
DEBT-09778,CUST-09778,3704.68,22654.81,0.0,24346.61,0.0,50706.1,0.2705
DEBT-09779,CUST-09779,0.0,0.0,0.0,0.0,372980.78,372980.78,1.0114
DEBT-09780,CUST-09780,10474.57,0.0,0.0,0.0,0.0,10474.57,0.0219
DEBT-09781,CUST-09781,4363.87,0.0,5939.09,0.0,0.0,10302.96,0.0212
DEBT-09782,CUST-09782,4442.81,0.0,33498.15,34929.0,0.0,72869.96,0.1053
DEBT-09783,CUST-09783,0.0,0.0,0.0,28342.78,0.0,28342.78,0.1179
DEBT-09784,CUST-09784,6602.67,0.0,0.0,11093.31,0.0,17695.98,0.0416
DEBT-09785,CUST-09785,991.09,9917.33,0.0,9524.03,160058.9,180491.35,0.3546
DEBT-09786,CUST-09786,0.0,0.0,0.0,0.0,0.0,0.0,0.0
DEBT-09787,CUST-09787,2798.33,16618.41,42951.68,0.0,0.0,62368.42,0.1371
DEBT-09788,CUST-09788,10158.28,0.0,0.0,0.0,84231.7,94389.98,0.133
DEBT-09789,CUST-09789,7390.84,0.0,0.0,19495.53,0.0,26886.37,0.0641
DEBT-09790,CUST-09790,2502.47,0.0,0.0,0.0,0.0,2502.47,0.0034
DEBT-09791,CUST-09791,17058.36,0.0,0.0,16967.83,173141.14,207167.33,0.2033
DEBT-09792,CUST-09792,1729.94,7767.17,0.0,0.0,0.0,9497.11,0.0404
DEBT-09793,CUST-09793,0.0,0.0,0.0,0.0,0.0,0.0,0.0
DEBT-09794,CUST-09794,5631.81,7275.39,0.0,0.0,0.0,12907.2,0.0338
DEBT-09795,CUST-09795,4077.45,0.0,0.0,0.0,0.0,4077.45,0.0122
DEBT-09796,CUST-09796,0.0,0.0,0.0,33414.74,0.0,33414.74,0.0649
DEBT-09797,CUST-09797,3546.9,0.0,0.0,6630.53,0.0,10177.43,0.0399
DEBT-09798,CUST-09798,13219.72,4656.9,0.0,23903.24,214526.92,256306.78,0.3849
DEBT-09799,CUST-09799,0.0,0.0,0.0,0.0,249140.06,249140.06,0.6123
DEBT-09800,CUST-09800,1479.1,2139.19,0.0,0.0,0.0,3618.29,0.0107
DEBT-09801,CUST-09801,0.0,0.0,0.0,32751.89,230336.13,263088.02,0.7098
DEBT-09802,CUST-09802,774.17,0.0,0.0,10962.61,0.0,11736.78,0.1196
DEBT-09803,CUST-09803,3754.16,5044.73,22435.15,0.0,0.0,31234.04,0.0542
DEBT-09804,CUST-09804,20460.4,0.0,0.0,6461.09,290659.39,317580.88,0.2185
DEBT-09805,CUST-09805,0.0,0.0,0.0,0.0,0.0,0.0,0.0
DEBT-09806,CUST-09806,5974.87,0.0,0.0,25342.86,0.0,31317.73,0.0626
DEBT-09807,CUST-09807,4244.13,20262.03,0.0,25582.99,0.0,50089.15,0.1804
DEBT-09808,CUST-09808,9800.17,3483.31,0.0,0.0,435446.68,448730.16,0.7667
DEBT-09809,CUST-09809,5583.22,0.0,0.0,0.0,0.0,5583.22,0.0148
DEBT-09810,CUST-09810,17928.65,0.0,0.0,0.0,0.0,17928.65,0.0197
DEBT-09811,CUST-09811,4336.26,11356.5,0.0,22703.22,0.0,38395.98,0.0532
DEBT-09812,CUST-09812,6618.28,16762.57,0.0,0.0,0.0,23380.85,0.0541
DEBT-09813,CUST-09813,0.0,0.0,0.0,16665.11,337043.2,353708.31,1.0381
DEBT-09814,CUST-09814,1384.98,0.0,0.0,0.0,0.0,1384.98,0.0019
DEBT-09815,CUST-09815,6285.79,0.0,0.0,0.0,0.0,6285.79,0.0155
DEBT-09816,CUST-09816,5235.86,0.0,0.0,0.0,0.0,5235.86,0.009
DEBT-09817,CUST-09817,2149.74,0.0,0.0,25720.64,0.0,27870.38,0.0789
DEBT-09818,CUST-09818,2357.07,0.0,0.0,18028.83,383188.73,403574.63,0.9229
DEBT-09819,CUST-09819,2154.78,0.0,0.0,0.0,0.0,2154.78,0.0165
DEBT-09820,CUST-09820,5033.78,0.0,0.0,0.0,302662.31,307696.09,0.4699
DEBT-09821,CUST-09821,12802.11,0.0,30780.05,0.0,0.0,43582.16,0.0563
DEBT-09822,CUST-09822,0.0,23620.22,0.0,11073.4,0.0,34693.62,0.0358
DEBT-09823,CUST-09823,5813.78,9539.98,0.0,0.0,0.0,15353.76,0.046
DEBT-09824,CUST-09824,5340.94,0.0,0.0,0.0,0.0,5340.94,0.014
DEBT-09825,CUST-09825,2903.83,0.0,0.0,0.0,0.0,2903.83,0.0148
DEBT-09826,CUST-09826,279.31,15103.44,0.0,0.0,0.0,15382.75,0.1847
DEBT-09827,CUST-09827,664.23,0.0,13810.01,0.0,0.0,14474.24,0.1276
DEBT-09828,CUST-09828,2632.23,9222.53,17148.32,0.0,0.0,29003.08,0.0367
DEBT-09829,CUST-09829,4726.44,0.0,8811.63,0.0,0.0,13538.07,0.0188
DEBT-09830,CUST-09830,0.0,0.0,0.0,0.0,0.0,0.0,0.0
DEBT-09831,CUST-09831,8866.81,0.0,0.0,0.0,0.0,8866.81,0.018
DEBT-09832,CUST-09832,525.7,0.0,0.0,0.0,0.0,525.7,0.0056
DEBT-09833,CUST-09833,0.0,8484.59,0.0,10062.19,334599.29,353146.07,1.1935
DEBT-09834,CUST-09834,4517.54,24794.44,0.0,6883.84,0.0,36195.82,0.0927
DEBT-09835,CUST-09835,0.0,0.0,0.0,0.0,0.0,0.0,0.0
DEBT-09836,CUST-09836,10874.23,0.0,0.0,14465.49,322913.48,348253.2,0.6598
DEBT-09837,CUST-09837,12088.18,0.0,12467.22,15620.02,0.0,40175.42,0.0674
DEBT-09838,CUST-09838,2648.3,19916.98,0.0,0.0,309216.54,331781.82,0.3947
DEBT-09839,CUST-09839,11197.99,0.0,0.0,0.0,0.0,11197.99,0.0174
DEBT-09840,CUST-09840,4913.55,0.0,37354.98,17073.67,0.0,59342.2,0.1718
DEBT-09841,CUST-09841,0.0,0.0,38931.85,4975.54,0.0,43907.39,0.4316
DEBT-09842,CUST-09842,2584.28,0.0,0.0,19174.79,0.0,21759.07,0.0485
DEBT-09843,CUST-09843,2915.31,0.0,0.0,0.0,0.0,2915.31,0.0052
DEBT-09844,CUST-09844,0.0,0.0,0.0,0.0,226033.11,226033.11,0.4223
DEBT-09845,CUST-09845,0.0,0.0,0.0,0.0,109553.25,109553.25,0.3183
DEBT-09846,CUST-09846,0.0,5658.4,0.0,0.0,0.0,5658.4,0.0177
DEBT-09847,CUST-09847,0.0,0.0,0.0,0.0,0.0,0.0,0.0
DEBT-09848,CUST-09848,9140.03,0.0,0.0,0.0,0.0,9140.03,0.0125
DEBT-09849,CUST-09849,5793.05,0.0,0.0,0.0,0.0,5793.05,0.0148
DEBT-09850,CUST-09850,1184.7,18185.9,0.0,22812.93,324980.14,367163.67,0.5961
DEBT-09851,CUST-09851,3521.98,0.0,0.0,34039.6,0.0,37561.58,0.1176
DEBT-09852,CUST-09852,0.0,0.0,0.0,23059.94,0.0,23059.94,0.0441
DEBT-09853,CUST-09853,6853.94,0.0,0.0,0.0,0.0,6853.94,0.0147
DEBT-09854,CUST-09854,1964.95,0.0,0.0,0.0,404972.02,406936.97,0.8125
DEBT-09855,CUST-09855,0.0,13328.3,0.0,0.0,0.0,13328.3,0.0274
DEBT-09856,CUST-09856,2131.49,0.0,0.0,33239.9,125797.64,161169.03,0.4859
DEBT-09857,CUST-09857,3015.58,0.0,0.0,0.0,0.0,3015.58,0.0133
DEBT-09858,CUST-09858,5940.54,0.0,0.0,0.0,432605.94,438546.48,0.7513
DEBT-09859,CUST-09859,346.29,0.0,0.0,13365.26,0.0,13711.55,0.2221
DEBT-09860,CUST-09860,0.0,0.0,0.0,0.0,0.0,0.0,0.0
DEBT-09861,CUST-09861,6346.46,0.0,0.0,0.0,0.0,6346.46,0.0221
DEBT-09862,CUST-09862,1853.92,0.0,16750.84,0.0,0.0,18604.76,0.0582
DEBT-09863,CUST-09863,2426.35,0.0,29560.48,0.0,0.0,31986.83,0.1948
DEBT-09864,CUST-09864,0.0,0.0,0.0,0.0,0.0,0.0,0.0
DEBT-09865,CUST-09865,5275.62,5872.96,0.0,0.0,154568.82,165717.4,0.6422
DEBT-09866,CUST-09866,7949.87,0.0,0.0,0.0,0.0,7949.87,0.0221
DEBT-09867,CUST-09867,483.45,6768.54,0.0,0.0,372180.19,379432.18,1.1425
DEBT-09868,CUST-09868,11987.26,0.0,0.0,0.0,0.0,11987.26,0.0208
DEBT-09869,CUST-09869,0.0,21654.55,0.0,11711.19,0.0,33365.74,0.0638
DEBT-09870,CUST-09870,0.0,18732.71,0.0,0.0,0.0,18732.71,0.0651
DEBT-09871,CUST-09871,12901.1,0.0,0.0,0.0,0.0,12901.1,0.0218
DEBT-09872,CUST-09872,2894.05,0.0,0.0,0.0,403991.3,406885.35,0.8052
DEBT-09873,CUST-09873,0.0,0.0,0.0,26488.42,0.0,26488.42,0.04
DEBT-09874,CUST-09874,347.07,0.0,0.0,0.0,0.0,347.07,0.0015
DEBT-09875,CUST-09875,1859.9,0.0,29007.34,0.0,0.0,30867.24,0.0785
DEBT-09876,CUST-09876,1297.75,0.0,0.0,24662.38,0.0,25960.13,0.1536
DEBT-09877,CUST-09877,0.0,0.0,0.0,0.0,0.0,0.0,0.0
DEBT-09878,CUST-09878,456.29,0.0,0.0,0.0,148033.88,148490.17,0.5729
DEBT-09879,CUST-09879,0.0,0.0,0.0,19046.66,0.0,19046.66,0.0684
DEBT-09880,CUST-09880,7857.56,0.0,0.0,25020.2,121569.01,154446.77,0.29
DEBT-09881,CUST-09881,3199.6,0.0,0.0,0.0,0.0,3199.6,0.0146
DEBT-09882,CUST-09882,1636.18,20093.8,0.0,22239.28,0.0,43969.26,0.143
DEBT-09883,CUST-09883,0.0,9081.72,0.0,26753.39,0.0,35835.11,0.0938
DEBT-09884,CUST-09884,12998.64,0.0,0.0,0.0,218523.2,231521.84,0.4061
DEBT-09885,CUST-09885,0.0,0.0,0.0,23635.33,0.0,23635.33,0.0732
DEBT-09886,CUST-09886,11322.29,0.0,0.0,24178.62,0.0,35500.91,0.0561
DEBT-09887,CUST-09887,0.0,0.0,0.0,0.0,0.0,0.0,0.0
DEBT-09888,CUST-09888,18287.39,8914.1,0.0,22813.0,165219.47,215233.96,0.2112
DEBT-09889,CUST-09889,338.12,0.0,0.0,0.0,0.0,338.12,0.0061
DEBT-09890,CUST-09890,0.0,0.0,0.0,22252.09,0.0,22252.09,0.0367
DEBT-09891,CUST-09891,6670.89,0.0,0.0,0.0,0.0,6670.89,0.0179
DEBT-09892,CUST-09892,12676.73,0.0,0.0,0.0,0.0,12676.73,0.0208
DEBT-09893,CUST-09893,56.05,0.0,0.0,16687.54,0.0,16743.59,0.1865
DEBT-09894,CUST-09894,4790.76,0.0,0.0,0.0,0.0,4790.76,0.0097
DEBT-09895,CUST-09895,0.0,0.0,0.0,21847.18,313183.47,335030.65,0.7456
DEBT-09896,CUST-09896,0.0,0.0,0.0,22094.37,0.0,22094.37,0.0286
DEBT-09897,CUST-09897,7665.69,0.0,0.0,10988.28,325132.93,343786.9,1.0274
DEBT-09898,CUST-09898,6988.32,0.0,0.0,21143.28,203827.98,231959.58,0.5787
DEBT-09899,CUST-09899,9725.33,0.0,0.0,33737.5,234094.21,277557.04,0.3999
DEBT-09900,CUST-09900,0.0,0.0,0.0,0.0,0.0,0.0,0.0
DEBT-09901,CUST-09901,5772.42,0.0,0.0,0.0,0.0,5772.42,0.016
DEBT-09902,CUST-09902,1532.53,0.0,0.0,26745.22,0.0,28277.75,0.4239
DEBT-09903,CUST-09903,6717.98,0.0,0.0,0.0,0.0,6717.98,0.0115
DEBT-09904,CUST-09904,14668.17,0.0,0.0,0.0,0.0,14668.17,0.0186
DEBT-09905,CUST-09905,1683.52,12345.58,0.0,7378.08,0.0,21407.18,0.099
DEBT-09906,CUST-09906,0.0,0.0,0.0,27565.18,0.0,27565.18,0.112
DEBT-09907,CUST-09907,6727.82,0.0,0.0,12423.23,0.0,19151.05,0.0281
DEBT-09908,CUST-09908,0.0,0.0,0.0,0.0,0.0,0.0,0.0
DEBT-09909,CUST-09909,9135.55,2990.67,0.0,27635.52,190368.16,230129.9,0.3704
DEBT-09910,CUST-09910,6600.95,0.0,0.0,0.0,0.0,6600.95,0.0102
DEBT-09911,CUST-09911,4995.18,0.0,0.0,0.0,0.0,4995.18,0.02
DEBT-09912,CUST-09912,6662.37,0.0,0.0,0.0,0.0,6662.37,0.0113
DEBT-09913,CUST-09913,0.0,0.0,0.0,0.0,0.0,0.0,0.0
DEBT-09914,CUST-09914,1073.97,19056.33,0.0,0.0,0.0,20130.3,0.0408
DEBT-09915,CUST-09915,5510.81,0.0,0.0,0.0,95903.02,101413.83,0.1465
DEBT-09916,CUST-09916,0.0,0.0,0.0,0.0,321547.36,321547.36,0.5762
DEBT-09917,CUST-09917,0.0,0.0,0.0,16610.71,0.0,16610.71,0.044
DEBT-09918,CUST-09918,0.0,0.0,0.0,0.0,0.0,0.0,0.0
DEBT-09919,CUST-09919,0.0,8162.15,0.0,0.0,0.0,8162.15,0.0214
DEBT-09920,CUST-09920,2002.88,0.0,0.0,0.0,0.0,2002.88,0.0176
DEBT-09921,CUST-09921,3191.08,0.0,0.0,0.0,0.0,3191.08,0.0116
DEBT-09922,CUST-09922,5249.12,0.0,0.0,0.0,392111.59,397360.71,0.4119
DEBT-09923,CUST-09923,1454.6,21421.77,0.0,0.0,0.0,22876.37,0.055
DEBT-09924,CUST-09924,2037.04,0.0,0.0,22320.97,131672.47,156030.48,0.6116
DEBT-09925,CUST-09925,1172.82,0.0,0.0,0.0,0.0,1172.82,0.0019
DEBT-09926,CUST-09926,0.0,0.0,0.0,0.0,0.0,0.0,0.0
DEBT-09927,CUST-09927,7012.34,6261.36,0.0,30979.69,0.0,44253.39,0.1059
DEBT-09928,CUST-09928,0.0,21024.19,0.0,0.0,0.0,21024.19,0.0704
DEBT-09929,CUST-09929,8574.01,14256.22,0.0,0.0,0.0,22830.23,0.0603
DEBT-09930,CUST-09930,8157.33,0.0,0.0,0.0,0.0,8157.33,0.0225
DEBT-09931,CUST-09931,0.0,0.0,0.0,0.0,272902.68,272902.68,0.9049
DEBT-09932,CUST-09932,6883.81,0.0,0.0,0.0,0.0,6883.81,0.0176
DEBT-09933,CUST-09933,0.0,0.0,0.0,0.0,0.0,0.0,0.0
DEBT-09934,CUST-09934,1884.81,0.0,0.0,0.0,0.0,1884.81,0.0025
DEBT-09935,CUST-09935,485.55,0.0,40383.11,0.0,0.0,40868.66,0.4719
DEBT-09936,CUST-09936,6977.16,0.0,0.0,15069.98,0.0,22047.14,0.0547
DEBT-09937,CUST-09937,6582.62,0.0,0.0,0.0,0.0,6582.62,0.0166
DEBT-09938,CUST-09938,0.0,0.0,0.0,0.0,124246.07,124246.07,0.2135
DEBT-09939,CUST-09939,145.16,0.0,0.0,0.0,0.0,145.16,0.0021
DEBT-09940,CUST-09940,7154.31,11021.22,0.0,30095.37,0.0,48270.9,0.1179
DEBT-09941,CUST-09941,0.0,0.0,0.0,29949.39,0.0,29949.39,0.0399
DEBT-09942,CUST-09942,5950.12,0.0,0.0,28897.07,153975.46,188822.65,0.579
DEBT-09943,CUST-09943,4979.89,0.0,0.0,0.0,0.0,4979.89,0.0094
DEBT-09944,CUST-09944,2868.63,15643.14,0.0,0.0,0.0,18511.77,0.0771
DEBT-09945,CUST-09945,0.0,0.0,0.0,0.0,327430.06,327430.06,0.3609
DEBT-09946,CUST-09946,134.47,0.0,0.0,0.0,0.0,134.47,0.0011
DEBT-09947,CUST-09947,17122.35,0.0,0.0,0.0,0.0,17122.35,0.0148
DEBT-09948,CUST-09948,15106.05,0.0,0.0,15804.63,0.0,30910.68,0.0434
DEBT-09949,CUST-09949,11522.35,0.0,0.0,0.0,0.0,11522.35,0.0194
DEBT-09950,CUST-09950,0.0,0.0,0.0,0.0,0.0,0.0,0.0
DEBT-09951,CUST-09951,1324.36,0.0,0.0,0.0,0.0,1324.36,0.0039
DEBT-09952,CUST-09952,468.74,0.0,0.0,0.0,0.0,468.74,0.0007
DEBT-09953,CUST-09953,4552.07,17964.61,0.0,0.0,0.0,22516.68,0.055
DEBT-09954,CUST-09954,0.0,13077.68,0.0,0.0,104249.24,117326.92,0.2146
DEBT-09955,CUST-09955,8985.12,11775.96,0.0,0.0,0.0,20761.08,0.049
DEBT-09956,CUST-09956,0.0,5670.18,0.0,0.0,159898.97,165569.15,0.2257
DEBT-09957,CUST-09957,5992.08,3061.05,0.0,0.0,0.0,9053.13,0.0148
DEBT-09958,CUST-09958,5652.9,0.0,0.0,27296.64,0.0,32949.54,0.0679
DEBT-09959,CUST-09959,6760.38,0.0,33065.08,0.0,0.0,39825.46,0.0696
DEBT-09960,CUST-09960,0.0,7749.84,0.0,0.0,354501.17,362251.01,0.4408
DEBT-09961,CUST-09961,2924.57,0.0,0.0,18871.46,0.0,21796.03,0.104
DEBT-09962,CUST-09962,0.0,19496.29,7826.41,0.0,0.0,27322.7,0.0453
DEBT-09963,CUST-09963,4646.7,0.0,0.0,21752.98,355344.83,381744.51,0.9462
DEBT-09964,CUST-09964,2622.24,11715.46,0.0,9508.49,0.0,23846.19,0.0449
DEBT-09965,CUST-09965,0.0,0.0,0.0,0.0,252982.52,252982.52,0.6795
DEBT-09966,CUST-09966,0.0,0.0,0.0,0.0,0.0,0.0,0.0
DEBT-09967,CUST-09967,2222.31,0.0,0.0,14458.6,86564.17,103245.08,0.1768
DEBT-09968,CUST-09968,0.0,0.0,0.0,0.0,0.0,0.0,0.0
DEBT-09969,CUST-09969,0.0,0.0,0.0,0.0,0.0,0.0,0.0
DEBT-09970,CUST-09970,5253.88,0.0,0.0,0.0,0.0,5253.88,0.0202
DEBT-09971,CUST-09971,7539.2,0.0,0.0,0.0,116015.39,123554.59,0.1489
DEBT-09972,CUST-09972,0.0,0.0,0.0,0.0,0.0,0.0,0.0
DEBT-09973,CUST-09973,3023.22,0.0,0.0,21913.16,0.0,24936.38,0.0348
DEBT-09974,CUST-09974,0.0,0.0,0.0,0.0,0.0,0.0,0.0
DEBT-09975,CUST-09975,9216.37,0.0,0.0,0.0,0.0,9216.37,0.0185
DEBT-09976,CUST-09976,2346.26,0.0,0.0,0.0,335130.77,337477.03,0.7518
DEBT-09977,CUST-09977,0.0,0.0,0.0,26755.44,0.0,26755.44,0.0285
DEBT-09978,CUST-09978,0.0,0.0,0.0,0.0,0.0,0.0,0.0
DEBT-09979,CUST-09979,14477.14,16453.04,0.0,0.0,0.0,30930.18,0.0264
DEBT-09980,CUST-09980,0.0,0.0,0.0,0.0,0.0,0.0,0.0
DEBT-09981,CUST-09981,12787.94,0.0,0.0,23661.98,0.0,36449.92,0.0448
DEBT-09982,CUST-09982,15105.14,17378.67,0.0,0.0,0.0,32483.81,0.0304
DEBT-09983,CUST-09983,7248.78,0.0,0.0,11263.72,0.0,18512.5,0.0505
DEBT-09984,CUST-09984,16498.49,0.0,0.0,0.0,0.0,16498.49,0.0214
DEBT-09985,CUST-09985,5183.85,0.0,0.0,29203.34,0.0,34387.19,0.0887
DEBT-09986,CUST-09986,0.0,0.0,0.0,0.0,0.0,0.0,0.0
DEBT-09987,CUST-09987,2387.43,0.0,0.0,23156.37,0.0,25543.8,0.0435
DEBT-09988,CUST-09988,3676.02,0.0,0.0,23327.86,0.0,27003.88,0.0503
DEBT-09989,CUST-09989,3197.45,0.0,0.0,0.0,111443.55,114641.0,0.1816
DEBT-09990,CUST-09990,0.0,0.0,0.0,12373.23,359298.74,371671.97,0.8208
DEBT-09991,CUST-09991,0.0,0.0,0.0,0.0,0.0,0.0,0.0
DEBT-09992,CUST-09992,0.0,13964.09,0.0,31838.58,236271.66,282074.33,0.3071
DEBT-09993,CUST-09993,7072.24,0.0,0.0,0.0,0.0,7072.24,0.0163
DEBT-09994,CUST-09994,0.0,20372.64,27356.03,0.0,387561.73,435290.4,0.8379
DEBT-09995,CUST-09995,5575.57,0.0,0.0,0.0,0.0,5575.57,0.0052
DEBT-09996,CUST-09996,3705.38,0.0,0.0,28844.27,0.0,32549.65,0.0498
DEBT-09997,CUST-09997,0.0,0.0,0.0,18019.08,0.0,18019.08,0.0285
DEBT-09998,CUST-09998,2637.58,0.0,0.0,0.0,424705.09,427342.67,1.1603
DEBT-09999,CUST-09999,16267.17,0.0,0.0,0.0,326147.7,342414.87,0.4834
DEBT-10000,CUST-10000,7305.55,11058.69,0.0,6791.9,0.0,25156.14,0.0727
DEBT-10001,CUST-10001,7012.62,8326.63,0.0,0.0,178323.26,193662.51,0.4448
DEBT-10002,CUST-10002,0.0,21528.28,0.0,23301.4,0.0,44829.68,0.0962
DEBT-10003,CUST-10003,8855.08,14813.55,0.0,0.0,267919.66,291588.29,0.4548
DEBT-10004,CUST-10004,0.0,0.0,0.0,0.0,0.0,0.0,0.0
DEBT-10005,CUST-10005,5957.03,21251.22,0.0,24624.18,0.0,51832.43,0.1165
DEBT-10006,CUST-10006,8967.11,0.0,0.0,26796.32,361566.05,397329.48,0.6856
DEBT-10007,CUST-10007,3847.31,0.0,0.0,0.0,0.0,3847.31,0.0084
DEBT-10008,CUST-10008,12717.06,0.0,0.0,19602.37,0.0,32319.43,0.0584
DEBT-10009,CUST-10009,9286.52,0.0,9786.35,0.0,0.0,19072.87,0.0279
DEBT-10010,CUST-10010,0.0,0.0,0.0,0.0,0.0,0.0,0.0
DEBT-10011,CUST-10011,15805.34,17344.5,0.0,16340.32,178824.13,228314.29,0.3073
DEBT-10012,CUST-10012,2342.01,8832.97,0.0,0.0,0.0,11174.98,0.0409
DEBT-10013,CUST-10013,7674.65,0.0,0.0,7437.17,0.0,15111.82,0.0202
DEBT-10014,CUST-10014,357.76,0.0,0.0,0.0,0.0,357.76,0.0009
DEBT-10015,CUST-10015,0.0,10338.13,0.0,0.0,0.0,10338.13,0.0183
DEBT-10016,CUST-10016,8375.51,7766.64,0.0,0.0,379250.24,395392.39,0.8858
DEBT-10017,CUST-10017,4627.09,0.0,0.0,0.0,132263.62,136890.71,0.236
DEBT-10018,CUST-10018,0.0,0.0,0.0,0.0,390267.68,390267.68,0.8222
DEBT-10019,CUST-10019,4318.56,0.0,0.0,25572.9,357102.33,386993.79,0.7543
DEBT-10020,CUST-10020,0.0,0.0,0.0,0.0,390813.37,390813.37,0.2588
DEBT-10021,CUST-10021,0.0,0.0,0.0,31074.6,0.0,31074.6,0.2431
DEBT-10022,CUST-10022,8084.82,0.0,0.0,21220.68,0.0,29305.5,0.0398
DEBT-10023,CUST-10023,1840.83,0.0,0.0,0.0,0.0,1840.83,0.0076
DEBT-10024,CUST-10024,0.0,23224.76,0.0,0.0,0.0,23224.76,0.0507
DEBT-10025,CUST-10025,0.0,0.0,0.0,27079.15,0.0,27079.15,0.0553
DEBT-10026,CUST-10026,14107.22,1630.23,18480.11,0.0,0.0,34217.56,0.0399
DEBT-10027,CUST-10027,17419.16,0.0,0.0,30419.09,367872.78,415711.03,0.32
DEBT-10028,CUST-10028,9223.36,0.0,0.0,0.0,0.0,9223.36,0.0192
DEBT-10029,CUST-10029,10175.3,6890.85,0.0,16426.63,0.0,33492.78,0.0513
DEBT-10030,CUST-10030,0.0,7542.11,0.0,15420.33,0.0,22962.44,0.0419
DEBT-10031,CUST-10031,0.0,0.0,18949.79,0.0,0.0,18949.79,0.0339
DEBT-10032,CUST-10032,12882.78,3246.1,0.0,0.0,0.0,16128.88,0.0255
DEBT-10033,CUST-10033,1649.55,0.0,0.0,0.0,0.0,1649.55,0.0026
DEBT-10034,CUST-10034,8052.07,0.0,0.0,0.0,0.0,8052.07,0.0165
DEBT-10035,CUST-10035,0.0,0.0,0.0,0.0,0.0,0.0,0.0
DEBT-10036,CUST-10036,1576.31,0.0,0.0,0.0,374443.31,376019.62,1.1907
DEBT-10037,CUST-10037,0.0,18102.5,0.0,0.0,0.0,18102.5,0.0221
DEBT-10038,CUST-10038,8300.79,0.0,0.0,0.0,0.0,8300.79,0.0097
DEBT-10039,CUST-10039,2517.25,20059.51,0.0,0.0,0.0,22576.76,0.0417
DEBT-10040,CUST-10040,5695.18,0.0,0.0,24677.66,0.0,30372.84,0.0932
DEBT-10041,CUST-10041,0.0,0.0,0.0,0.0,0.0,0.0,0.0
DEBT-10042,CUST-10042,9803.75,19180.6,0.0,0.0,0.0,28984.35,0.0422
DEBT-10043,CUST-10043,3135.13,8965.54,0.0,0.0,0.0,12100.67,0.0555
DEBT-10044,CUST-10044,0.0,0.0,0.0,0.0,0.0,0.0,0.0
DEBT-10045,CUST-10045,0.0,0.0,0.0,19847.35,0.0,19847.35,0.0442
DEBT-10046,CUST-10046,11833.43,0.0,0.0,27371.48,0.0,39204.91,0.0452
DEBT-10047,CUST-10047,7633.89,0.0,0.0,0.0,448200.89,455834.78,1.365
DEBT-10048,CUST-10048,0.0,0.0,0.0,32688.3,0.0,32688.3,0.2214
DEBT-10049,CUST-10049,706.74,22724.1,0.0,0.0,0.0,23430.84,0.2343
DEBT-10050,CUST-10050,0.0,0.0,0.0,0.0,0.0,0.0,0.0
DEBT-10051,CUST-10051,0.0,0.0,0.0,0.0,0.0,0.0,0.0
DEBT-10052,CUST-10052,9926.6,15624.23,0.0,6811.5,0.0,32362.33,0.0444
DEBT-10053,CUST-10053,4506.99,0.0,0.0,0.0,0.0,4506.99,0.0109
DEBT-10054,CUST-10054,0.0,0.0,0.0,0.0,0.0,0.0,0.0
DEBT-10055,CUST-10055,657.91,0.0,0.0,10555.66,0.0,11213.57,0.0212
DEBT-10056,CUST-10056,13222.09,0.0,0.0,0.0,0.0,13222.09,0.02
DEBT-10057,CUST-10057,5940.98,0.0,0.0,0.0,0.0,5940.98,0.0206
DEBT-10058,CUST-10058,750.0,0.0,0.0,0.0,0.0,750.0,0.0008
DEBT-10059,CUST-10059,3777.58,0.0,0.0,0.0,154189.02,157966.6,0.2342
DEBT-10060,CUST-10060,225.3,22477.0,0.0,33979.31,0.0,56681.61,0.342
DEBT-10061,CUST-10061,4584.14,0.0,0.0,0.0,0.0,4584.14,0.0119
DEBT-10062,CUST-10062,9510.65,8314.26,0.0,0.0,0.0,17824.91,0.0136
DEBT-10063,CUST-10063,0.0,0.0,0.0,27976.08,0.0,27976.08,0.0554
DEBT-10064,CUST-10064,9447.16,0.0,0.0,0.0,0.0,9447.16,0.0103
DEBT-10065,CUST-10065,0.0,13138.02,23883.35,34050.85,0.0,71072.22,0.1559
DEBT-10066,CUST-10066,0.0,0.0,0.0,0.0,83821.49,83821.49,0.2237
DEBT-10067,CUST-10067,13978.76,0.0,0.0,0.0,0.0,13978.76,0.0214
DEBT-10068,CUST-10068,549.57,5245.89,34952.02,0.0,0.0,40747.48,0.1065
DEBT-10069,CUST-10069,0.0,5861.68,0.0,0.0,0.0,5861.68,0.0088
DEBT-10070,CUST-10070,0.0,0.0,0.0,0.0,0.0,0.0,0.0
DEBT-10071,CUST-10071,166.37,0.0,37996.43,0.0,0.0,38162.8,0.5018
DEBT-10072,CUST-10072,0.0,8892.54,0.0,0.0,0.0,8892.54,0.0088
DEBT-10073,CUST-10073,1797.8,0.0,0.0,0.0,0.0,1797.8,0.0026
DEBT-10074,CUST-10074,4431.34,0.0,0.0,0.0,411925.62,416356.96,1.2608
DEBT-10075,CUST-10075,0.0,0.0,0.0,0.0,183082.77,183082.77,0.4007
DEBT-10076,CUST-10076,0.0,0.0,0.0,0.0,0.0,0.0,0.0
DEBT-10077,CUST-10077,1233.51,0.0,0.0,22260.72,0.0,23494.23,0.0382
DEBT-10078,CUST-10078,0.0,0.0,0.0,0.0,206795.25,206795.25,0.828
DEBT-10079,CUST-10079,0.0,0.0,0.0,0.0,0.0,0.0,0.0
DEBT-10080,CUST-10080,10430.56,0.0,0.0,0.0,268991.14,279421.7,0.5653
DEBT-10081,CUST-10081,5888.44,0.0,0.0,0.0,423667.55,429555.99,0.9036
DEBT-10082,CUST-10082,2372.28,0.0,0.0,11781.28,0.0,14153.56,0.0481
DEBT-10083,CUST-10083,4600.51,0.0,0.0,20976.25,0.0,25576.76,0.0597
DEBT-10084,CUST-10084,0.0,22590.4,0.0,0.0,0.0,22590.4,0.1548
DEBT-10085,CUST-10085,0.0,0.0,14938.98,0.0,0.0,14938.98,0.0345
DEBT-10086,CUST-10086,1299.25,0.0,0.0,0.0,0.0,1299.25,0.0038
DEBT-10087,CUST-10087,0.0,19954.53,0.0,0.0,0.0,19954.53,0.127
DEBT-10088,CUST-10088,0.0,0.0,0.0,0.0,0.0,0.0,0.0
DEBT-10089,CUST-10089,1362.17,13476.39,0.0,24037.41,0.0,38875.97,0.1726
DEBT-10090,CUST-10090,2272.22,23765.73,23617.54,8115.83,0.0,57771.32,0.1983
DEBT-10091,CUST-10091,6032.57,0.0,0.0,0.0,260882.69,266915.26,0.3285
DEBT-10092,CUST-10092,3752.15,0.0,0.0,0.0,0.0,3752.15,0.0137
DEBT-10093,CUST-10093,2521.41,0.0,0.0,0.0,354811.81,357333.22,0.8074
DEBT-10094,CUST-10094,7853.69,23116.29,0.0,0.0,0.0,30969.98,0.0683
DEBT-10095,CUST-10095,0.0,0.0,0.0,0.0,0.0,0.0,0.0
DEBT-10096,CUST-10096,12341.0,7990.72,0.0,25542.51,0.0,45874.23,0.0741
DEBT-10097,CUST-10097,8590.07,0.0,0.0,11410.85,0.0,20000.92,0.0394
DEBT-10098,CUST-10098,0.0,0.0,0.0,0.0,0.0,0.0,0.0
DEBT-10099,CUST-10099,6347.47,0.0,0.0,14195.67,179715.73,200258.87,0.5978
DEBT-10100,CUST-10100,0.0,0.0,0.0,0.0,0.0,0.0,0.0
DEBT-10101,CUST-10101,0.0,0.0,0.0,5593.5,218613.32,224206.82,0.6053
DEBT-10102,CUST-10102,1586.62,22366.93,0.0,0.0,0.0,23953.55,0.055
DEBT-10103,CUST-10103,4315.69,0.0,0.0,13612.39,0.0,17928.08,0.0306
DEBT-10104,CUST-10104,0.0,0.0,0.0,0.0,0.0,0.0,0.0
DEBT-10105,CUST-10105,1407.64,0.0,0.0,0.0,0.0,1407.64,0.0065
DEBT-10106,CUST-10106,5115.17,22508.4,0.0,0.0,0.0,27623.57,0.0674
DEBT-10107,CUST-10107,0.0,9911.36,0.0,0.0,0.0,9911.36,0.0493
DEBT-10108,CUST-10108,21011.26,0.0,0.0,32311.56,104228.71,157551.53,0.1349
DEBT-10109,CUST-10109,5328.5,0.0,0.0,0.0,80362.72,85691.22,0.0896
DEBT-10110,CUST-10110,4899.44,0.0,13349.08,16647.68,0.0,34896.2,0.0536
DEBT-10111,CUST-10111,13480.72,19393.44,0.0,24865.22,302218.17,359957.55,0.4644
DEBT-10112,CUST-10112,11918.35,0.0,0.0,0.0,255072.63,266990.98,0.3959
DEBT-10113,CUST-10113,990.84,3950.0,0.0,0.0,0.0,4940.84,0.0143
DEBT-10114,CUST-10114,0.0,18535.28,0.0,0.0,0.0,18535.28,0.0439
DEBT-10115,CUST-10115,0.0,5046.06,0.0,0.0,0.0,5046.06,0.019
DEBT-10116,CUST-10116,0.0,23648.36,0.0,0.0,0.0,23648.36,0.0595
DEBT-10117,CUST-10117,5872.66,20052.19,39717.71,26747.83,0.0,92390.39,0.2635
DEBT-10118,CUST-10118,4412.89,0.0,0.0,5994.03,0.0,10406.92,0.0159
DEBT-10119,CUST-10119,7033.58,0.0,26876.03,16161.01,0.0,50070.62,0.0826
DEBT-10120,CUST-10120,1554.75,0.0,19141.71,20771.55,0.0,41468.01,0.3499
DEBT-10121,CUST-10121,2442.77,0.0,6633.04,0.0,0.0,9075.81,0.0122
DEBT-10122,CUST-10122,0.0,0.0,0.0,7429.19,0.0,7429.19,0.0258
DEBT-10123,CUST-10123,1914.35,0.0,16117.93,0.0,0.0,18032.28,0.1921
DEBT-10124,CUST-10124,5458.62,0.0,0.0,17158.09,0.0,22616.71,0.0643
DEBT-10125,CUST-10125,2005.63,0.0,0.0,25610.66,0.0,27616.29,0.0444
DEBT-10126,CUST-10126,13918.28,0.0,0.0,6382.22,0.0,20300.5,0.0128
DEBT-10127,CUST-10127,4006.04,0.0,0.0,18501.51,0.0,22507.55,0.0666
DEBT-10128,CUST-10128,13299.17,0.0,0.0,0.0,0.0,13299.17,0.0225
DEBT-10129,CUST-10129,2992.25,0.0,0.0,0.0,0.0,2992.25,0.0041
DEBT-10130,CUST-10130,0.0,0.0,0.0,34826.0,0.0,34826.0,0.0527
DEBT-10131,CUST-10131,1845.63,0.0,0.0,25915.97,0.0,27761.6,0.126
DEBT-10132,CUST-10132,0.0,0.0,34933.13,5935.34,348463.15,389331.62,0.3726
DEBT-10133,CUST-10133,0.0,0.0,0.0,22936.8,0.0,22936.8,0.1585
DEBT-10134,CUST-10134,2269.41,0.0,0.0,24334.88,0.0,26604.29,0.0429
DEBT-10135,CUST-10135,3540.19,0.0,0.0,0.0,0.0,3540.19,0.0065
DEBT-10136,CUST-10136,5481.74,15469.62,0.0,34453.51,317728.29,373133.16,0.7408
DEBT-10137,CUST-10137,10968.87,0.0,0.0,0.0,117651.9,128620.77,0.2401
DEBT-10138,CUST-10138,15275.45,0.0,0.0,18752.33,0.0,34027.78,0.0464
DEBT-10139,CUST-10139,6453.11,0.0,0.0,0.0,346051.7,352504.81,0.6506
DEBT-10140,CUST-10140,1228.26,0.0,0.0,28313.38,217142.98,246684.62,0.4132
DEBT-10141,CUST-10141,3020.68,0.0,0.0,0.0,0.0,3020.68,0.0072
DEBT-10142,CUST-10142,4630.26,0.0,0.0,15128.68,0.0,19758.94,0.0424
DEBT-10143,CUST-10143,0.0,0.0,0.0,0.0,0.0,0.0,0.0
DEBT-10144,CUST-10144,5776.99,0.0,15196.97,0.0,0.0,20973.96,0.0497
DEBT-10145,CUST-10145,7536.13,19132.23,0.0,26639.24,323424.95,376732.55,0.6709
DEBT-10146,CUST-10146,5370.3,20831.15,0.0,32544.2,0.0,58745.65,0.1418
DEBT-10147,CUST-10147,2975.33,0.0,0.0,0.0,0.0,2975.33,0.0131
DEBT-10148,CUST-10148,175.35,0.0,0.0,0.0,0.0,175.35,0.001
DEBT-10149,CUST-10149,5249.68,0.0,36587.21,30291.71,169768.85,241897.45,0.7228
DEBT-10150,CUST-10150,14248.97,0.0,19624.2,4822.44,0.0,38695.61,0.0437
DEBT-10151,CUST-10151,0.0,0.0,0.0,8333.0,0.0,8333.0,0.0184
DEBT-10152,CUST-10152,3090.05,9811.75,0.0,16503.18,0.0,29404.98,0.0521
DEBT-10153,CUST-10153,4208.03,0.0,0.0,0.0,0.0,4208.03,0.0074
DEBT-10154,CUST-10154,2054.55,0.0,0.0,0.0,0.0,2054.55,0.0033
DEBT-10155,CUST-10155,0.0,0.0,0.0,11285.13,0.0,11285.13,0.0757
DEBT-10156,CUST-10156,2231.44,0.0,0.0,34364.09,0.0,36595.53,0.0747
DEBT-10157,CUST-10157,365.07,0.0,0.0,0.0,0.0,365.07,0.0012
DEBT-10158,CUST-10158,5939.67,0.0,0.0,9415.13,243693.87,259048.67,0.2706
DEBT-10159,CUST-10159,1377.52,0.0,0.0,0.0,0.0,1377.52,0.0046
DEBT-10160,CUST-10160,0.0,0.0,0.0,0.0,0.0,0.0,0.0
DEBT-10161,CUST-10161,4847.45,0.0,0.0,0.0,0.0,4847.45,0.0173
DEBT-10162,CUST-10162,2314.05,0.0,0.0,21020.47,0.0,23334.52,0.1715
DEBT-10163,CUST-10163,8354.81,0.0,0.0,0.0,0.0,8354.81,0.0105
DEBT-10164,CUST-10164,11518.5,0.0,0.0,16594.27,0.0,28112.77,0.0548
DEBT-10165,CUST-10165,3507.49,0.0,28229.71,28490.47,289243.67,349471.34,0.6058
DEBT-10166,CUST-10166,0.0,0.0,0.0,10390.66,0.0,10390.66,0.0271
DEBT-10167,CUST-10167,5136.42,0.0,0.0,0.0,0.0,5136.42,0.0105
DEBT-10168,CUST-10168,672.33,0.0,0.0,0.0,0.0,672.33,0.0018
DEBT-10169,CUST-10169,0.0,0.0,0.0,0.0,0.0,0.0,0.0
DEBT-10170,CUST-10170,0.0,0.0,0.0,0.0,0.0,0.0,0.0
DEBT-10171,CUST-10171,5006.09,0.0,0.0,0.0,0.0,5006.09,0.0114
DEBT-10172,CUST-10172,0.0,10947.94,0.0,0.0,0.0,10947.94,0.0152
DEBT-10173,CUST-10173,0.0,0.0,0.0,0.0,0.0,0.0,0.0
DEBT-10174,CUST-10174,2659.34,16021.03,0.0,0.0,0.0,18680.37,0.0403
DEBT-10175,CUST-10175,3217.42,0.0,0.0,10003.51,0.0,13220.93,0.0368
DEBT-10176,CUST-10176,4841.3,13019.0,0.0,0.0,296492.35,314352.65,0.4682
DEBT-10177,CUST-10177,2091.57,0.0,0.0,4695.71,0.0,6787.28,0.0164
DEBT-10178,CUST-10178,0.0,0.0,0.0,0.0,0.0,0.0,0.0
DEBT-10179,CUST-10179,2142.36,0.0,0.0,31385.71,0.0,33528.07,0.0618
DEBT-10180,CUST-10180,2886.53,0.0,0.0,31386.81,412402.56,446675.9,0.6718
DEBT-10181,CUST-10181,0.0,0.0,0.0,21904.28,237986.27,259890.55,0.4402
DEBT-10182,CUST-10182,3320.87,12105.34,0.0,0.0,0.0,15426.21,0.069
DEBT-10183,CUST-10183,3730.65,0.0,0.0,33610.17,0.0,37340.82,0.1427
DEBT-10184,CUST-10184,4021.73,0.0,0.0,0.0,444045.33,448067.06,1.279
DEBT-10185,CUST-10185,11873.46,0.0,0.0,0.0,444367.89,456241.35,0.6992
DEBT-10186,CUST-10186,0.0,0.0,0.0,19391.81,0.0,19391.81,0.0306
DEBT-10187,CUST-10187,0.0,0.0,0.0,20363.2,196788.59,217151.79,0.2107
DEBT-10188,CUST-10188,1038.04,0.0,0.0,0.0,0.0,1038.04,0.0113
DEBT-10189,CUST-10189,6527.47,0.0,0.0,0.0,0.0,6527.47,0.023
DEBT-10190,CUST-10190,0.0,0.0,0.0,0.0,0.0,0.0,0.0
DEBT-10191,CUST-10191,2738.39,0.0,0.0,0.0,0.0,2738.39,0.0089
DEBT-10192,CUST-10192,0.0,0.0,0.0,0.0,0.0,0.0,0.0
DEBT-10193,CUST-10193,636.38,0.0,0.0,0.0,0.0,636.38,0.0021
DEBT-10194,CUST-10194,6758.94,0.0,0.0,14946.57,0.0,21705.51,0.0641
DEBT-10195,CUST-10195,0.0,0.0,0.0,18676.07,0.0,18676.07,0.0665
DEBT-10196,CUST-10196,617.41,24608.96,0.0,20353.51,116294.9,161874.78,0.2156
DEBT-10197,CUST-10197,0.0,0.0,0.0,0.0,153336.46,153336.46,0.2381
DEBT-10198,CUST-10198,10022.61,0.0,0.0,0.0,0.0,10022.61,0.0218
DEBT-10199,CUST-10199,5299.88,0.0,0.0,0.0,226872.0,232171.88,0.5566
DEBT-10200,CUST-10200,1990.22,0.0,0.0,0.0,0.0,1990.22,0.0052
DEBT-10201,CUST-10201,11020.7,0.0,0.0,0.0,0.0,11020.7,0.0202
DEBT-10202,CUST-10202,0.0,0.0,0.0,30094.65,0.0,30094.65,0.0302
DEBT-10203,CUST-10203,6535.52,0.0,0.0,0.0,0.0,6535.52,0.0107
DEBT-10204,CUST-10204,0.0,18185.54,0.0,0.0,91022.2,109207.74,0.1364
DEBT-10205,CUST-10205,8510.36,0.0,28023.05,0.0,0.0,36533.41,0.0442
DEBT-10206,CUST-10206,3528.16,0.0,0.0,0.0,0.0,3528.16,0.0076
DEBT-10207,CUST-10207,0.0,0.0,0.0,17312.22,0.0,17312.22,0.0466
DEBT-10208,CUST-10208,2689.78,17868.18,8260.76,0.0,0.0,28818.72,0.0674
DEBT-10209,CUST-10209,1902.06,0.0,0.0,14373.99,0.0,16276.05,0.0434
DEBT-10210,CUST-10210,5407.47,0.0,0.0,0.0,0.0,5407.47,0.0159
DEBT-10211,CUST-10211,4342.95,0.0,0.0,24121.15,445534.4,473998.5,0.5659
DEBT-10212,CUST-10212,9589.77,0.0,0.0,0.0,0.0,9589.77,0.0185
DEBT-10213,CUST-10213,478.31,2688.37,0.0,32284.91,196371.15,231822.74,0.4127
DEBT-10214,CUST-10214,1123.5,0.0,0.0,0.0,0.0,1123.5,0.0023
DEBT-10215,CUST-10215,0.0,0.0,0.0,0.0,0.0,0.0,0.0
DEBT-10216,CUST-10216,11326.05,0.0,0.0,28983.99,0.0,40310.04,0.0514
DEBT-10217,CUST-10217,0.0,0.0,0.0,0.0,0.0,0.0,0.0
DEBT-10218,CUST-10218,10532.46,0.0,0.0,0.0,0.0,10532.46,0.022
DEBT-10219,CUST-10219,0.0,0.0,0.0,0.0,0.0,0.0,0.0
DEBT-10220,CUST-10220,19513.17,0.0,0.0,0.0,0.0,19513.17,0.0116
DEBT-10221,CUST-10221,0.0,0.0,0.0,0.0,111757.81,111757.81,0.201
DEBT-10222,CUST-10222,0.0,0.0,0.0,0.0,0.0,0.0,0.0
DEBT-10223,CUST-10223,1469.65,0.0,0.0,0.0,0.0,1469.65,0.0026
DEBT-10224,CUST-10224,6350.87,0.0,0.0,5213.09,0.0,11563.96,0.0268
DEBT-10225,CUST-10225,0.0,14395.8,0.0,31630.93,0.0,46026.73,0.0498
DEBT-10226,CUST-10226,4382.83,0.0,0.0,0.0,0.0,4382.83,0.0094
DEBT-10227,CUST-10227,4474.06,0.0,0.0,0.0,0.0,4474.06,0.0077
DEBT-10228,CUST-10228,3352.37,0.0,0.0,24840.34,0.0,28192.71,0.0629
DEBT-10229,CUST-10229,1026.72,13994.48,0.0,0.0,0.0,15021.2,0.1787
DEBT-10230,CUST-10230,3345.04,0.0,20432.56,0.0,0.0,23777.6,0.0508
DEBT-10231,CUST-10231,11225.63,19373.06,0.0,0.0,0.0,30598.69,0.0433
DEBT-10232,CUST-10232,4786.19,0.0,0.0,0.0,0.0,4786.19,0.0137
DEBT-10233,CUST-10233,6880.07,0.0,0.0,0.0,0.0,6880.07,0.0197
DEBT-10234,CUST-10234,964.72,0.0,0.0,0.0,0.0,964.72,0.0178
DEBT-10235,CUST-10235,1902.53,0.0,0.0,4409.22,0.0,6311.75,0.0146
DEBT-10236,CUST-10236,3739.3,0.0,0.0,11554.86,0.0,15294.16,0.0216
DEBT-10237,CUST-10237,3216.68,22503.7,0.0,28527.97,0.0,54248.35,0.1595
DEBT-10238,CUST-10238,5799.35,0.0,0.0,0.0,0.0,5799.35,0.0158
DEBT-10239,CUST-10239,1259.25,0.0,34583.32,0.0,0.0,35842.57,0.6263
DEBT-10240,CUST-10240,7000.46,0.0,0.0,20798.61,0.0,27799.07,0.0366
DEBT-10241,CUST-10241,0.0,19845.27,0.0,0.0,0.0,19845.27,0.0219
DEBT-10242,CUST-10242,0.0,0.0,0.0,17018.07,136870.6,153888.67,0.3059
DEBT-10243,CUST-10243,39.04,0.0,0.0,11649.51,0.0,11688.55,0.1872
DEBT-10244,CUST-10244,3453.27,13415.48,0.0,0.0,0.0,16868.75,0.0531
DEBT-10245,CUST-10245,12172.4,0.0,0.0,0.0,0.0,12172.4,0.0224
DEBT-10246,CUST-10246,6586.83,0.0,0.0,0.0,0.0,6586.83,0.0121
DEBT-10247,CUST-10247,0.0,0.0,44082.46,0.0,0.0,44082.46,0.0897
DEBT-10248,CUST-10248,0.0,0.0,0.0,0.0,0.0,0.0,0.0
DEBT-10249,CUST-10249,1091.71,0.0,0.0,8976.57,0.0,10068.28,0.0583
DEBT-10250,CUST-10250,3273.37,12685.6,25650.15,0.0,0.0,41609.12,0.0663
DEBT-10251,CUST-10251,604.86,0.0,0.0,0.0,0.0,604.86,0.0032
DEBT-10252,CUST-10252,1589.71,0.0,0.0,0.0,0.0,1589.71,0.004
DEBT-10253,CUST-10253,0.0,3263.77,0.0,0.0,0.0,3263.77,0.0046
DEBT-10254,CUST-10254,0.0,0.0,0.0,0.0,0.0,0.0,0.0
DEBT-10255,CUST-10255,0.0,10482.51,0.0,0.0,0.0,10482.51,0.0112
DEBT-10256,CUST-10256,0.0,0.0,0.0,0.0,0.0,0.0,0.0
DEBT-10257,CUST-10257,1450.47,0.0,0.0,0.0,127636.04,129086.51,0.2267
DEBT-10258,CUST-10258,683.87,0.0,0.0,0.0,0.0,683.87,0.0082
DEBT-10259,CUST-10259,4717.56,3297.96,0.0,0.0,0.0,8015.52,0.0086
DEBT-10260,CUST-10260,0.0,0.0,0.0,0.0,0.0,0.0,0.0
DEBT-10261,CUST-10261,9126.76,0.0,24301.41,0.0,335325.24,368753.41,0.7247
DEBT-10262,CUST-10262,0.0,0.0,0.0,0.0,0.0,0.0,0.0
DEBT-10263,CUST-10263,6429.57,0.0,0.0,0.0,248630.07,255059.64,0.4372
DEBT-10264,CUST-10264,7932.74,0.0,0.0,6973.19,290693.09,305599.02,0.2885
DEBT-10265,CUST-10265,0.0,18754.49,0.0,0.0,0.0,18754.49,0.0257
DEBT-10266,CUST-10266,7886.48,0.0,0.0,0.0,203383.88,211270.36,0.3653
DEBT-10267,CUST-10267,1493.48,0.0,0.0,0.0,0.0,1493.48,0.0072
DEBT-10268,CUST-10268,657.48,2102.23,0.0,11537.45,0.0,14297.16,0.2238
DEBT-10269,CUST-10269,12524.72,15395.99,0.0,0.0,229680.51,257601.22,0.3165
DEBT-10270,CUST-10270,7444.25,0.0,0.0,0.0,0.0,7444.25,0.0196
DEBT-10271,CUST-10271,5902.57,0.0,0.0,0.0,0.0,5902.57,0.0082
DEBT-10272,CUST-10272,4389.17,0.0,0.0,6902.32,0.0,11291.49,0.023
DEBT-10273,CUST-10273,15312.12,0.0,0.0,0.0,0.0,15312.12,0.0229
DEBT-10274,CUST-10274,0.0,0.0,0.0,0.0,0.0,0.0,0.0
DEBT-10275,CUST-10275,6306.24,0.0,34791.13,0.0,364866.31,405963.68,0.9325
DEBT-10276,CUST-10276,5537.48,24728.15,0.0,0.0,0.0,30265.63,0.0507
DEBT-10277,CUST-10277,0.0,0.0,16832.16,5127.7,84583.79,106543.65,0.1792
DEBT-10278,CUST-10278,7803.28,10222.66,0.0,0.0,371585.67,389611.61,1.0005
DEBT-10279,CUST-10279,10092.64,1118.09,0.0,0.0,0.0,11210.73,0.0192
DEBT-10280,CUST-10280,4422.02,0.0,0.0,0.0,0.0,4422.02,0.0127
DEBT-10281,CUST-10281,5217.93,0.0,0.0,0.0,0.0,5217.93,0.0204
DEBT-10282,CUST-10282,0.0,19996.67,0.0,22733.3,0.0,42729.97,0.0778
DEBT-10283,CUST-10283,6279.88,15610.31,0.0,0.0,0.0,21890.19,0.0435
DEBT-10284,CUST-10284,0.0,5803.08,0.0,0.0,0.0,5803.08,0.0148
DEBT-10285,CUST-10285,1099.99,0.0,0.0,0.0,0.0,1099.99,0.0024
DEBT-10286,CUST-10286,1129.18,0.0,36112.87,34571.29,91822.37,163635.71,0.3994
DEBT-10287,CUST-10287,1069.06,0.0,0.0,0.0,0.0,1069.06,0.0033
DEBT-10288,CUST-10288,0.0,0.0,0.0,0.0,0.0,0.0,0.0
DEBT-10289,CUST-10289,11193.17,0.0,0.0,23798.23,343496.79,378488.19,0.5441
DEBT-10290,CUST-10290,2840.1,23930.86,0.0,18785.62,0.0,45556.58,0.1368
DEBT-10291,CUST-10291,0.0,6253.76,0.0,0.0,0.0,6253.76,0.1501
DEBT-10292,CUST-10292,729.89,0.0,0.0,27149.29,0.0,27879.18,0.1594
DEBT-10293,CUST-10293,1420.46,16989.69,0.0,0.0,0.0,18410.15,0.0413
DEBT-10294,CUST-10294,8096.84,0.0,0.0,0.0,0.0,8096.84,0.0206
DEBT-10295,CUST-10295,3614.55,0.0,0.0,0.0,285747.81,289362.36,1.1826
DEBT-10296,CUST-10296,0.0,0.0,43644.7,0.0,0.0,43644.7,0.092
DEBT-10297,CUST-10297,435.35,0.0,0.0,10470.03,380404.5,391309.88,1.2506
DEBT-10298,CUST-10298,2229.61,0.0,0.0,0.0,193040.41,195270.02,0.6521
DEBT-10299,CUST-10299,11253.56,0.0,0.0,0.0,0.0,11253.56,0.0171
DEBT-10300,CUST-10300,0.0,0.0,0.0,0.0,0.0,0.0,0.0
DEBT-10301,CUST-10301,23622.52,3699.81,0.0,0.0,0.0,27322.33,0.0251
DEBT-10302,CUST-10302,0.0,12794.95,0.0,0.0,0.0,12794.95,0.0132
DEBT-10303,CUST-10303,5853.81,0.0,0.0,16467.86,0.0,22321.67,0.0411
DEBT-10304,CUST-10304,4825.68,0.0,0.0,0.0,0.0,4825.68,0.0154
DEBT-10305,CUST-10305,2146.07,0.0,0.0,33723.91,0.0,35869.98,0.1922
DEBT-10306,CUST-10306,1638.7,13958.66,0.0,0.0,236362.71,251960.07,0.4012
DEBT-10307,CUST-10307,3869.41,0.0,37780.64,15921.38,0.0,57571.43,0.1253
DEBT-10308,CUST-10308,14031.48,0.0,25583.91,33339.31,432931.58,505886.28,0.7709
DEBT-10309,CUST-10309,5162.59,19004.3,0.0,19211.5,0.0,43378.39,0.1276
DEBT-10310,CUST-10310,9306.09,0.0,0.0,0.0,0.0,9306.09,0.0164
DEBT-10311,CUST-10311,11617.35,0.0,0.0,0.0,0.0,11617.35,0.0165
DEBT-10312,CUST-10312,7454.24,0.0,0.0,12383.6,249859.17,269697.01,0.2081
DEBT-10313,CUST-10313,11187.59,0.0,0.0,0.0,207093.53,218281.12,0.2423
DEBT-10314,CUST-10314,1987.63,0.0,0.0,12623.19,0.0,14610.82,0.0369
DEBT-10315,CUST-10315,5375.65,0.0,41421.89,0.0,0.0,46797.54,0.0508
DEBT-10316,CUST-10316,0.0,0.0,36744.47,9891.79,0.0,46636.26,0.3562
DEBT-10317,CUST-10317,5752.58,0.0,0.0,0.0,0.0,5752.58,0.0101
DEBT-10318,CUST-10318,4478.49,0.0,0.0,10039.18,0.0,14517.67,0.0544
DEBT-10319,CUST-10319,6871.04,0.0,0.0,0.0,0.0,6871.04,0.0148
DEBT-10320,CUST-10320,3830.86,6340.77,0.0,17905.51,0.0,28077.14,0.0797
DEBT-10321,CUST-10321,0.0,0.0,0.0,7285.75,0.0,7285.75,0.024
DEBT-10322,CUST-10322,0.0,0.0,0.0,0.0,0.0,0.0,0.0
DEBT-10323,CUST-10323,792.23,0.0,0.0,0.0,0.0,792.23,0.0106
DEBT-10324,CUST-10324,882.37,0.0,0.0,0.0,0.0,882.37,0.0014
DEBT-10325,CUST-10325,0.0,0.0,0.0,31943.75,0.0,31943.75,0.0545
DEBT-10326,CUST-10326,7763.4,0.0,0.0,0.0,0.0,7763.4,0.012
DEBT-10327,CUST-10327,0.0,0.0,0.0,0.0,0.0,0.0,0.0
DEBT-10328,CUST-10328,850.4,0.0,0.0,0.0,0.0,850.4,0.0163
DEBT-10329,CUST-10329,0.0,0.0,0.0,0.0,0.0,0.0,0.0
DEBT-10330,CUST-10330,2880.65,0.0,0.0,0.0,0.0,2880.65,0.0075
DEBT-10331,CUST-10331,346.81,0.0,0.0,0.0,0.0,346.81,0.0043
DEBT-10332,CUST-10332,160.04,0.0,0.0,0.0,375178.52,375338.56,1.5039
DEBT-10333,CUST-10333,11764.02,18380.03,0.0,19318.51,0.0,49462.56,0.0902
DEBT-10334,CUST-10334,0.0,0.0,0.0,0.0,353776.34,353776.34,0.2959
DEBT-10335,CUST-10335,0.0,0.0,0.0,0.0,0.0,0.0,0.0
DEBT-10336,CUST-10336,10551.42,0.0,0.0,0.0,0.0,10551.42,0.0133
DEBT-10337,CUST-10337,5457.82,0.0,0.0,0.0,0.0,5457.82,0.0066
DEBT-10338,CUST-10338,0.0,0.0,44667.55,0.0,0.0,44667.55,0.0466
DEBT-10339,CUST-10339,4583.77,17942.33,0.0,0.0,0.0,22526.1,0.0704
DEBT-10340,CUST-10340,10668.42,19812.38,0.0,0.0,380705.3,411186.1,0.638
DEBT-10341,CUST-10341,315.61,0.0,0.0,0.0,0.0,315.61,0.0039
DEBT-10342,CUST-10342,1366.31,21050.34,0.0,4702.14,0.0,27118.79,0.3746
DEBT-10343,CUST-10343,0.0,0.0,0.0,31956.74,0.0,31956.74,0.0963
DEBT-10344,CUST-10344,4213.76,0.0,0.0,0.0,409850.44,414064.2,0.4292
DEBT-10345,CUST-10345,2415.52,0.0,0.0,25045.51,0.0,27461.03,0.2201
DEBT-10346,CUST-10346,0.0,3981.78,0.0,0.0,415837.09,419818.87,0.5863
DEBT-10347,CUST-10347,0.0,0.0,0.0,0.0,0.0,0.0,0.0
DEBT-10348,CUST-10348,11640.58,0.0,0.0,0.0,0.0,11640.58,0.0207
DEBT-10349,CUST-10349,7251.16,0.0,0.0,0.0,0.0,7251.16,0.0115
DEBT-10350,CUST-10350,404.66,0.0,0.0,0.0,0.0,404.66,0.0014
DEBT-10351,CUST-10351,8621.42,12147.59,0.0,32499.59,0.0,53268.6,0.086
DEBT-10352,CUST-10352,0.0,16620.95,0.0,0.0,366874.91,383495.86,1.073
DEBT-10353,CUST-10353,0.0,0.0,0.0,0.0,0.0,0.0,0.0
DEBT-10354,CUST-10354,571.22,0.0,0.0,0.0,407913.06,408484.28,0.8175
DEBT-10355,CUST-10355,7522.77,0.0,0.0,0.0,0.0,7522.77,0.0192
DEBT-10356,CUST-10356,4108.14,0.0,0.0,0.0,0.0,4108.14,0.0056
DEBT-10357,CUST-10357,10519.43,1419.9,0.0,0.0,0.0,11939.33,0.0253
DEBT-10358,CUST-10358,1868.82,0.0,0.0,14579.76,0.0,16448.58,0.024
DEBT-10359,CUST-10359,205.41,0.0,0.0,19093.72,84698.41,103997.54,0.3382
DEBT-10360,CUST-10360,5019.1,0.0,0.0,0.0,422746.39,427765.49,0.6717
DEBT-10361,CUST-10361,5303.87,0.0,0.0,0.0,0.0,5303.87,0.0106
DEBT-10362,CUST-10362,4880.92,0.0,22470.52,0.0,0.0,27351.44,0.0557
DEBT-10363,CUST-10363,0.0,0.0,0.0,0.0,0.0,0.0,0.0
DEBT-10364,CUST-10364,7542.4,0.0,0.0,0.0,0.0,7542.4,0.0096
DEBT-10365,CUST-10365,0.0,0.0,0.0,0.0,0.0,0.0,0.0
DEBT-10366,CUST-10366,0.0,0.0,0.0,0.0,142280.05,142280.05,0.3294
DEBT-10367,CUST-10367,13928.97,20344.27,0.0,0.0,235840.56,270113.8,0.3641
DEBT-10368,CUST-10368,1670.3,19906.94,0.0,0.0,0.0,21577.24,0.0324
DEBT-10369,CUST-10369,4615.02,0.0,0.0,0.0,433160.74,437775.76,0.7033
DEBT-10370,CUST-10370,0.0,0.0,0.0,0.0,0.0,0.0,0.0
DEBT-10371,CUST-10371,5741.32,13898.06,0.0,5261.38,0.0,24900.76,0.0949
DEBT-10372,CUST-10372,0.0,1746.76,0.0,21934.97,139257.93,162939.66,0.2126
DEBT-10373,CUST-10373,2947.76,0.0,27333.12,19365.64,199746.98,249393.5,0.2403
DEBT-10374,CUST-10374,8029.07,0.0,0.0,0.0,343087.98,351117.05,0.911
DEBT-10375,CUST-10375,0.0,0.0,23374.75,0.0,0.0,23374.75,0.0259
DEBT-10376,CUST-10376,2064.18,0.0,0.0,31325.98,0.0,33390.16,0.0436
DEBT-10377,CUST-10377,1468.39,0.0,0.0,0.0,0.0,1468.39,0.0014
DEBT-10378,CUST-10378,1820.32,0.0,0.0,0.0,0.0,1820.32,0.0085
DEBT-10379,CUST-10379,6166.8,0.0,0.0,5641.95,0.0,11808.75,0.0408
DEBT-10380,CUST-10380,0.0,0.0,0.0,0.0,0.0,0.0,0.0
DEBT-10381,CUST-10381,0.0,0.0,0.0,0.0,0.0,0.0,0.0
DEBT-10382,CUST-10382,2955.69,16793.59,0.0,0.0,161882.56,181631.84,0.3384
DEBT-10383,CUST-10383,147.65,0.0,0.0,0.0,0.0,147.65,0.0022
DEBT-10384,CUST-10384,9930.64,0.0,0.0,0.0,0.0,9930.64,0.0196
DEBT-10385,CUST-10385,0.0,9696.51,0.0,18126.6,0.0,27823.11,0.0455
DEBT-10386,CUST-10386,7491.05,0.0,0.0,0.0,282593.64,290084.69,0.1987
DEBT-10387,CUST-10387,0.0,10018.02,0.0,0.0,0.0,10018.02,0.0321
DEBT-10388,CUST-10388,381.21,0.0,0.0,0.0,394930.71,395311.92,0.9752
DEBT-10389,CUST-10389,16652.11,0.0,0.0,0.0,0.0,16652.11,0.0193
DEBT-10390,CUST-10390,4493.79,0.0,0.0,0.0,0.0,4493.79,0.0076
DEBT-10391,CUST-10391,0.0,6731.53,0.0,0.0,0.0,6731.53,0.0071
DEBT-10392,CUST-10392,12770.76,0.0,0.0,0.0,0.0,12770.76,0.0112
DEBT-10393,CUST-10393,21850.87,0.0,0.0,33183.72,0.0,55034.59,0.0427
DEBT-10394,CUST-10394,9099.42,0.0,0.0,0.0,0.0,9099.42,0.016
DEBT-10395,CUST-10395,5140.71,0.0,0.0,0.0,0.0,5140.71,0.0136
DEBT-10396,CUST-10396,845.91,0.0,10674.31,14003.96,0.0,25524.18,0.3714
DEBT-10397,CUST-10397,8312.53,0.0,0.0,27241.49,0.0,35554.02,0.0417
DEBT-10398,CUST-10398,8362.0,0.0,0.0,0.0,0.0,8362.0,0.0229
DEBT-10399,CUST-10399,8502.74,0.0,0.0,0.0,0.0,8502.74,0.013
DEBT-10400,CUST-10400,0.0,0.0,0.0,20352.51,0.0,20352.51,0.0529
DEBT-10401,CUST-10401,2911.98,22300.16,0.0,0.0,0.0,25212.14,0.0508
DEBT-10402,CUST-10402,3250.02,0.0,0.0,0.0,338595.11,341845.13,0.874
DEBT-10403,CUST-10403,0.0,0.0,0.0,0.0,0.0,0.0,0.0
DEBT-10404,CUST-10404,901.12,0.0,13567.01,28604.9,0.0,43073.03,0.3044
DEBT-10405,CUST-10405,1398.38,0.0,0.0,0.0,0.0,1398.38,0.0046
DEBT-10406,CUST-10406,4909.41,0.0,39762.47,34009.8,0.0,78681.68,0.2309
DEBT-10407,CUST-10407,5714.52,0.0,0.0,23338.58,0.0,29053.1,0.0828
DEBT-10408,CUST-10408,0.0,9957.28,0.0,0.0,0.0,9957.28,0.0115
DEBT-10409,CUST-10409,1329.32,0.0,19809.03,0.0,0.0,21138.35,0.0278
DEBT-10410,CUST-10410,18503.51,1489.89,0.0,11551.37,376847.13,408391.9,0.4827
DEBT-10411,CUST-10411,8003.57,0.0,10806.35,28067.65,0.0,46877.57,0.0784
DEBT-10412,CUST-10412,7016.57,0.0,0.0,26130.29,0.0,33146.86,0.0528
DEBT-10413,CUST-10413,1173.05,0.0,0.0,32956.49,0.0,34129.54,0.0698
DEBT-10414,CUST-10414,5553.05,0.0,0.0,0.0,358268.7,363821.75,1.3635
DEBT-10415,CUST-10415,5191.15,0.0,0.0,28205.7,0.0,33396.85,0.0632
DEBT-10416,CUST-10416,2446.66,0.0,0.0,0.0,0.0,2446.66,0.0074
DEBT-10417,CUST-10417,4728.03,20907.78,0.0,0.0,326853.43,352489.24,0.4312
DEBT-10418,CUST-10418,8395.97,0.0,0.0,0.0,107238.66,115634.63,0.2895
DEBT-10419,CUST-10419,0.0,10157.28,0.0,6463.0,0.0,16620.28,0.0561
DEBT-10420,CUST-10420,10705.81,0.0,0.0,16356.03,0.0,27061.84,0.0505
DEBT-10421,CUST-10421,0.0,0.0,0.0,0.0,313914.16,313914.16,0.8117
DEBT-10422,CUST-10422,850.92,0.0,21100.75,0.0,0.0,21951.67,0.046
DEBT-10423,CUST-10423,3739.37,0.0,0.0,0.0,0.0,3739.37,0.0069
DEBT-10424,CUST-10424,7899.08,10314.21,0.0,5628.95,0.0,23842.24,0.0623
DEBT-10425,CUST-10425,0.0,0.0,0.0,0.0,0.0,0.0,0.0
DEBT-10426,CUST-10426,0.0,0.0,0.0,0.0,0.0,0.0,0.0
DEBT-10427,CUST-10427,0.0,0.0,0.0,0.0,315298.95,315298.95,0.7117
DEBT-10428,CUST-10428,5278.13,0.0,0.0,0.0,0.0,5278.13,0.0225
DEBT-10429,CUST-10429,5691.46,0.0,0.0,10148.08,0.0,15839.54,0.0227
DEBT-10430,CUST-10430,1076.19,0.0,0.0,0.0,0.0,1076.19,0.0027
DEBT-10431,CUST-10431,0.0,0.0,0.0,0.0,0.0,0.0,0.0
DEBT-10432,CUST-10432,0.0,0.0,0.0,0.0,0.0,0.0,0.0
DEBT-10433,CUST-10433,0.0,0.0,0.0,6208.9,0.0,6208.9,0.0112
DEBT-10434,CUST-10434,0.0,0.0,0.0,28103.57,419475.94,447579.51,1.0959
DEBT-10435,CUST-10435,7190.24,0.0,0.0,0.0,0.0,7190.24,0.0186
DEBT-10436,CUST-10436,0.0,0.0,0.0,16352.79,0.0,16352.79,0.0356
DEBT-10437,CUST-10437,0.0,0.0,0.0,0.0,0.0,0.0,0.0
DEBT-10438,CUST-10438,14528.8,0.0,0.0,0.0,302535.5,317064.3,0.4588
DEBT-10439,CUST-10439,3925.71,2053.3,0.0,0.0,245497.52,251476.53,0.847
DEBT-10440,CUST-10440,11460.04,6051.09,0.0,0.0,0.0,17511.13,0.024
DEBT-10441,CUST-10441,0.0,17837.07,0.0,0.0,0.0,17837.07,0.3101
DEBT-10442,CUST-10442,1502.81,13109.61,0.0,0.0,0.0,14612.42,0.0223
DEBT-10443,CUST-10443,4892.61,0.0,0.0,0.0,0.0,4892.61,0.0165
DEBT-10444,CUST-10444,5984.05,22059.88,0.0,0.0,0.0,28043.93,0.0523
DEBT-10445,CUST-10445,698.08,19961.84,0.0,0.0,0.0,20659.92,0.0256
DEBT-10446,CUST-10446,0.0,0.0,0.0,24315.93,0.0,24315.93,0.0574
DEBT-10447,CUST-10447,8369.45,0.0,0.0,0.0,153738.77,162108.22,0.2783
DEBT-10448,CUST-10448,4089.75,0.0,0.0,0.0,0.0,4089.75,0.014
DEBT-10449,CUST-10449,0.0,0.0,0.0,9850.95,0.0,9850.95,0.0909
DEBT-10450,CUST-10450,1029.63,0.0,0.0,21715.77,0.0,22745.4,0.106
DEBT-10451,CUST-10451,562.09,12008.6,0.0,28954.93,0.0,41525.62,0.3431
DEBT-10452,CUST-10452,2074.74,0.0,0.0,17163.97,0.0,19238.71,0.0392
DEBT-10453,CUST-10453,621.67,20446.61,0.0,0.0,0.0,21068.28,0.0617
DEBT-10454,CUST-10454,0.0,0.0,0.0,0.0,0.0,0.0,0.0
DEBT-10455,CUST-10455,0.0,0.0,0.0,0.0,0.0,0.0,0.0
DEBT-10456,CUST-10456,0.0,0.0,0.0,17785.24,283361.79,301147.03,0.4286
DEBT-10457,CUST-10457,9681.79,0.0,0.0,0.0,149514.9,159196.69,0.1556
DEBT-10458,CUST-10458,0.0,0.0,0.0,0.0,179162.33,179162.33,0.5801
DEBT-10459,CUST-10459,0.0,0.0,0.0,0.0,0.0,0.0,0.0
DEBT-10460,CUST-10460,0.0,17248.95,10998.88,4851.02,0.0,33098.85,0.0507
DEBT-10461,CUST-10461,0.0,0.0,0.0,10215.21,0.0,10215.21,0.0228
DEBT-10462,CUST-10462,0.0,0.0,0.0,14342.84,252577.3,266920.14,1.0266
DEBT-10463,CUST-10463,0.0,0.0,0.0,0.0,0.0,0.0,0.0
DEBT-10464,CUST-10464,0.0,0.0,0.0,15665.35,0.0,15665.35,0.027
DEBT-10465,CUST-10465,13093.25,16841.43,0.0,0.0,0.0,29934.68,0.0519
DEBT-10466,CUST-10466,6475.78,0.0,0.0,0.0,175056.71,181532.49,0.4941
DEBT-10467,CUST-10467,2260.79,0.0,0.0,0.0,0.0,2260.79,0.0067
DEBT-10468,CUST-10468,4450.31,0.0,0.0,18055.69,0.0,22506.0,0.0777
DEBT-10469,CUST-10469,4899.65,6718.62,16191.91,0.0,109699.95,137510.13,0.2533
DEBT-10470,CUST-10470,242.82,15134.01,0.0,0.0,0.0,15376.83,0.0377
DEBT-10471,CUST-10471,5104.61,0.0,0.0,0.0,0.0,5104.61,0.0098
DEBT-10472,CUST-10472,3105.16,0.0,0.0,0.0,0.0,3105.16,0.0045
DEBT-10473,CUST-10473,11775.0,0.0,0.0,0.0,165007.43,176782.43,0.2988
DEBT-10474,CUST-10474,4950.11,7754.1,0.0,0.0,0.0,12704.21,0.0305
DEBT-10475,CUST-10475,6978.06,0.0,0.0,0.0,0.0,6978.06,0.0213
DEBT-10476,CUST-10476,0.0,0.0,0.0,16019.98,0.0,16019.98,0.048
DEBT-10477,CUST-10477,10953.26,0.0,0.0,0.0,0.0,10953.26,0.013
DEBT-10478,CUST-10478,2978.69,0.0,0.0,0.0,0.0,2978.69,0.0067
DEBT-10479,CUST-10479,4123.81,9853.29,0.0,0.0,0.0,13977.1,0.0355
DEBT-10480,CUST-10480,6401.72,0.0,30527.33,0.0,0.0,36929.05,0.125
DEBT-10481,CUST-10481,6060.59,0.0,0.0,0.0,377391.29,383451.88,0.3542
DEBT-10482,CUST-10482,3573.85,0.0,0.0,0.0,0.0,3573.85,0.0097
DEBT-10483,CUST-10483,8405.08,0.0,12072.11,30483.65,0.0,50960.84,0.0853
DEBT-10484,CUST-10484,16740.74,0.0,0.0,0.0,0.0,16740.74,0.0164
DEBT-10485,CUST-10485,0.0,0.0,0.0,13338.16,0.0,13338.16,0.037
DEBT-10486,CUST-10486,0.0,0.0,0.0,0.0,0.0,0.0,0.0
DEBT-10487,CUST-10487,950.42,0.0,25452.71,0.0,0.0,26403.13,0.2377
DEBT-10488,CUST-10488,7748.49,19422.34,0.0,0.0,0.0,27170.83,0.0604
DEBT-10489,CUST-10489,1742.0,0.0,0.0,0.0,0.0,1742.0,0.0021
DEBT-10490,CUST-10490,7876.05,0.0,0.0,13932.25,0.0,21808.3,0.0544
DEBT-10491,CUST-10491,0.0,0.0,0.0,0.0,0.0,0.0,0.0
DEBT-10492,CUST-10492,0.0,24048.57,30431.24,24644.33,0.0,79124.14,0.636
DEBT-10493,CUST-10493,3387.39,0.0,0.0,0.0,434599.56,437986.95,0.8521
DEBT-10494,CUST-10494,7017.39,0.0,0.0,0.0,0.0,7017.39,0.0127
DEBT-10495,CUST-10495,0.0,0.0,0.0,0.0,0.0,0.0,0.0
DEBT-10496,CUST-10496,670.3,0.0,0.0,14116.89,0.0,14787.19,0.0343
DEBT-10497,CUST-10497,0.0,0.0,0.0,0.0,0.0,0.0,0.0
DEBT-10498,CUST-10498,1165.36,12065.58,0.0,0.0,0.0,13230.94,0.1405
DEBT-10499,CUST-10499,3396.16,0.0,0.0,0.0,0.0,3396.16,0.0111
DEBT-10500,CUST-10500,3011.42,0.0,0.0,0.0,0.0,3011.42,0.0079
DEBT-10501,CUST-10501,2541.71,0.0,0.0,0.0,0.0,2541.71,0.012
DEBT-10502,CUST-10502,6043.32,0.0,0.0,0.0,0.0,6043.32,0.0113
DEBT-10503,CUST-10503,965.45,0.0,0.0,0.0,0.0,965.45,0.0018
DEBT-10504,CUST-10504,2544.07,0.0,6593.06,0.0,404025.3,413162.43,1.1162
DEBT-10505,CUST-10505,7369.26,0.0,0.0,0.0,0.0,7369.26,0.0153
DEBT-10506,CUST-10506,7328.13,0.0,0.0,0.0,197352.62,204680.75,0.2918
DEBT-10507,CUST-10507,880.51,0.0,0.0,9111.65,209111.17,219103.33,0.3039
DEBT-10508,CUST-10508,1634.52,0.0,0.0,0.0,0.0,1634.52,0.0042
DEBT-10509,CUST-10509,5116.7,0.0,0.0,0.0,130818.56,135935.26,0.337
DEBT-10510,CUST-10510,0.0,0.0,0.0,7874.13,0.0,7874.13,0.017
DEBT-10511,CUST-10511,1957.44,1125.67,22612.22,0.0,0.0,25695.33,0.1937
DEBT-10512,CUST-10512,2708.16,0.0,0.0,6749.59,0.0,9457.75,0.0165
DEBT-10513,CUST-10513,3475.63,0.0,0.0,0.0,0.0,3475.63,0.0061
DEBT-10514,CUST-10514,9051.24,0.0,0.0,0.0,0.0,9051.24,0.0143
DEBT-10515,CUST-10515,11935.27,0.0,0.0,20338.38,0.0,32273.65,0.045
DEBT-10516,CUST-10516,13145.33,0.0,0.0,0.0,154206.8,167352.13,0.2628
DEBT-10517,CUST-10517,1154.15,0.0,0.0,0.0,0.0,1154.15,0.006
DEBT-10518,CUST-10518,0.0,9604.24,37394.55,0.0,0.0,46998.79,0.0742
DEBT-10519,CUST-10519,5382.21,0.0,0.0,0.0,154394.83,159777.04,0.3314
DEBT-10520,CUST-10520,1723.51,0.0,0.0,0.0,0.0,1723.51,0.0032
DEBT-10521,CUST-10521,5251.67,0.0,0.0,0.0,0.0,5251.67,0.0138
DEBT-10522,CUST-10522,18356.33,4086.32,0.0,0.0,212654.53,235097.18,0.2942
DEBT-10523,CUST-10523,0.0,0.0,0.0,0.0,0.0,0.0,0.0
DEBT-10524,CUST-10524,7237.71,0.0,0.0,0.0,0.0,7237.71,0.02
DEBT-10525,CUST-10525,0.0,0.0,0.0,0.0,253804.8,253804.8,0.8407
DEBT-10526,CUST-10526,0.0,0.0,0.0,0.0,0.0,0.0,0.0
DEBT-10527,CUST-10527,11643.8,0.0,36175.29,0.0,0.0,47819.09,0.0709
DEBT-10528,CUST-10528,0.0,0.0,0.0,0.0,0.0,0.0,0.0
DEBT-10529,CUST-10529,606.91,0.0,0.0,20228.12,0.0,20835.03,0.1415
DEBT-10530,CUST-10530,0.0,0.0,0.0,33685.37,245905.54,279590.91,1.0735
DEBT-10531,CUST-10531,0.0,0.0,0.0,0.0,246807.68,246807.68,0.78
DEBT-10532,CUST-10532,0.0,0.0,0.0,0.0,147946.61,147946.61,0.2272
DEBT-10533,CUST-10533,6883.77,0.0,0.0,0.0,0.0,6883.77,0.0071
DEBT-10534,CUST-10534,0.0,23483.99,0.0,0.0,0.0,23483.99,0.0517
DEBT-10535,CUST-10535,552.75,0.0,6443.93,0.0,0.0,6996.68,0.0196
DEBT-10536,CUST-10536,3075.76,0.0,0.0,0.0,0.0,3075.76,0.0086
DEBT-10537,CUST-10537,1475.07,0.0,0.0,19750.55,0.0,21225.62,0.0674
DEBT-10538,CUST-10538,800.32,0.0,0.0,18631.47,0.0,19431.79,0.1931
DEBT-10539,CUST-10539,10852.88,0.0,7956.17,0.0,0.0,18809.05,0.0298
DEBT-10540,CUST-10540,0.0,0.0,21944.25,0.0,0.0,21944.25,0.1417
DEBT-10541,CUST-10541,1184.02,0.0,0.0,19057.0,376969.73,397210.75,0.7706
DEBT-10542,CUST-10542,5149.61,0.0,0.0,0.0,0.0,5149.61,0.019
DEBT-10543,CUST-10543,0.0,0.0,0.0,0.0,0.0,0.0,0.0
DEBT-10544,CUST-10544,2385.93,15138.72,0.0,0.0,0.0,17524.65,0.0283
DEBT-10545,CUST-10545,5747.27,0.0,0.0,0.0,0.0,5747.27,0.0205
DEBT-10546,CUST-10546,5476.74,0.0,0.0,0.0,0.0,5476.74,0.0094
DEBT-10547,CUST-10547,4343.92,0.0,0.0,11823.75,0.0,16167.67,0.0575
DEBT-10548,CUST-10548,0.0,0.0,0.0,0.0,0.0,0.0,0.0
DEBT-10549,CUST-10549,3275.12,0.0,0.0,0.0,0.0,3275.12,0.0061
DEBT-10550,CUST-10550,669.71,0.0,0.0,0.0,0.0,669.71,0.0033
DEBT-10551,CUST-10551,0.0,9310.54,0.0,0.0,0.0,9310.54,0.0876
DEBT-10552,CUST-10552,18148.91,17172.52,0.0,0.0,0.0,35321.43,0.0383
DEBT-10553,CUST-10553,2230.95,0.0,19863.92,13276.86,0.0,35371.73,0.3229
DEBT-10554,CUST-10554,496.65,13647.71,0.0,23802.86,0.0,37947.22,0.0564
DEBT-10555,CUST-10555,0.0,0.0,0.0,14240.4,0.0,14240.4,0.0426
DEBT-10556,CUST-10556,5529.51,0.0,0.0,18275.14,0.0,23804.65,0.0716
DEBT-10557,CUST-10557,21080.77,0.0,0.0,8386.31,384809.64,414276.72,0.4354
DEBT-10558,CUST-10558,0.0,8668.78,0.0,0.0,0.0,8668.78,0.0268
DEBT-10559,CUST-10559,0.0,0.0,0.0,0.0,193178.06,193178.06,0.4835
DEBT-10560,CUST-10560,1214.71,0.0,0.0,0.0,0.0,1214.71,0.0021
DEBT-10561,CUST-10561,13631.48,0.0,0.0,0.0,0.0,13631.48,0.0223
DEBT-10562,CUST-10562,8340.69,16282.76,0.0,0.0,0.0,24623.45,0.0185
DEBT-10563,CUST-10563,1875.27,0.0,0.0,0.0,0.0,1875.27,0.0046
DEBT-10564,CUST-10564,2984.0,12809.34,0.0,0.0,219693.82,235487.16,0.6048
DEBT-10565,CUST-10565,0.0,0.0,0.0,27491.23,0.0,27491.23,0.0443
DEBT-10566,CUST-10566,15091.43,0.0,0.0,0.0,0.0,15091.43,0.0218
DEBT-10567,CUST-10567,2074.11,0.0,0.0,0.0,115215.88,117289.99,0.273
DEBT-10568,CUST-10568,0.0,0.0,0.0,30841.52,0.0,30841.52,0.0824
DEBT-10569,CUST-10569,9317.07,0.0,0.0,0.0,156543.74,165860.81,0.2999
DEBT-10570,CUST-10570,0.0,0.0,0.0,14839.49,0.0,14839.49,0.0411
DEBT-10571,CUST-10571,2311.55,0.0,0.0,0.0,0.0,2311.55,0.0123
DEBT-10572,CUST-10572,0.0,4681.43,0.0,0.0,0.0,4681.43,0.0169
DEBT-10573,CUST-10573,0.0,9244.5,0.0,4366.04,0.0,13610.54,0.0298
DEBT-10574,CUST-10574,0.0,7778.94,0.0,19784.96,0.0,27563.9,0.0437
DEBT-10575,CUST-10575,11815.62,0.0,0.0,0.0,0.0,11815.62,0.0229
DEBT-10576,CUST-10576,20182.72,0.0,0.0,6005.94,0.0,26188.66,0.0268
DEBT-10577,CUST-10577,0.0,0.0,0.0,8675.25,0.0,8675.25,0.0136
DEBT-10578,CUST-10578,2071.72,0.0,0.0,0.0,0.0,2071.72,0.0058
DEBT-10579,CUST-10579,4383.46,0.0,0.0,0.0,0.0,4383.46,0.0108
DEBT-10580,CUST-10580,3267.21,0.0,0.0,0.0,0.0,3267.21,0.0099
DEBT-10581,CUST-10581,2342.7,0.0,20936.89,0.0,0.0,23279.59,0.1496
DEBT-10582,CUST-10582,0.0,0.0,0.0,34454.43,0.0,34454.43,0.1453
DEBT-10583,CUST-10583,1658.62,0.0,0.0,0.0,0.0,1658.62,0.0046
DEBT-10584,CUST-10584,402.53,0.0,0.0,0.0,0.0,402.53,0.0051
DEBT-10585,CUST-10585,0.0,19652.23,0.0,0.0,0.0,19652.23,0.0335
DEBT-10586,CUST-10586,4977.81,0.0,0.0,0.0,0.0,4977.81,0.0066
DEBT-10587,CUST-10587,2158.87,0.0,0.0,0.0,413505.33,415664.2,1.0361
DEBT-10588,CUST-10588,3242.96,21443.61,0.0,0.0,0.0,24686.57,0.0545
DEBT-10589,CUST-10589,0.0,0.0,0.0,27665.19,0.0,27665.19,0.0778
DEBT-10590,CUST-10590,12509.54,0.0,0.0,0.0,206025.41,218534.95,0.2639
DEBT-10591,CUST-10591,3804.31,12462.3,0.0,0.0,91189.76,107456.37,0.2334
DEBT-10592,CUST-10592,503.88,3179.28,12488.73,29975.09,0.0,46146.98,0.0742
DEBT-10593,CUST-10593,18038.66,11665.45,0.0,0.0,0.0,29704.11,0.0375
DEBT-10594,CUST-10594,18939.02,20400.55,0.0,0.0,409217.63,448557.2,0.3215
DEBT-10595,CUST-10595,8221.14,15072.08,0.0,25274.87,0.0,48568.09,0.0742
DEBT-10596,CUST-10596,6736.21,0.0,0.0,0.0,160445.63,167181.84,0.4125
DEBT-10597,CUST-10597,14734.05,0.0,0.0,0.0,0.0,14734.05,0.0158
DEBT-10598,CUST-10598,0.0,17664.54,0.0,0.0,191859.05,209523.59,0.2613
DEBT-10599,CUST-10599,0.0,0.0,0.0,0.0,321711.48,321711.48,0.4897
DEBT-10600,CUST-10600,1459.11,0.0,0.0,0.0,0.0,1459.11,0.0051
DEBT-10601,CUST-10601,4238.23,21956.19,0.0,13645.43,274692.51,314532.36,1.0084
DEBT-10602,CUST-10602,6223.69,0.0,0.0,18228.18,234619.81,259071.68,0.4957
DEBT-10603,CUST-10603,831.32,0.0,0.0,9211.94,0.0,10043.26,0.0211
DEBT-10604,CUST-10604,0.0,24998.28,0.0,0.0,0.0,24998.28,0.0461
DEBT-10605,CUST-10605,0.0,7052.18,0.0,10753.71,89538.49,107344.38,0.1846
DEBT-10606,CUST-10606,7011.92,0.0,0.0,0.0,0.0,7011.92,0.0118
DEBT-10607,CUST-10607,1550.2,4573.7,0.0,0.0,0.0,6123.9,0.0098
DEBT-10608,CUST-10608,0.0,0.0,0.0,19564.65,368638.94,388203.59,0.4105
DEBT-10609,CUST-10609,5813.24,0.0,26868.74,0.0,0.0,32681.98,0.0753
DEBT-10610,CUST-10610,4340.64,0.0,0.0,0.0,0.0,4340.64,0.0069
DEBT-10611,CUST-10611,7230.02,2602.66,42754.56,9513.79,0.0,62101.03,0.0965
DEBT-10612,CUST-10612,9706.91,0.0,0.0,0.0,121682.93,131389.84,0.2197
DEBT-10613,CUST-10613,0.0,0.0,0.0,0.0,0.0,0.0,0.0
DEBT-10614,CUST-10614,0.0,0.0,0.0,0.0,0.0,0.0,0.0
DEBT-10615,CUST-10615,7373.27,0.0,0.0,0.0,0.0,7373.27,0.0203
DEBT-10616,CUST-10616,3140.2,0.0,0.0,0.0,0.0,3140.2,0.0058
DEBT-10617,CUST-10617,4066.6,0.0,0.0,0.0,0.0,4066.6,0.0074
DEBT-10618,CUST-10618,0.0,18120.33,0.0,0.0,0.0,18120.33,0.0459
DEBT-10619,CUST-10619,3560.12,0.0,0.0,0.0,227379.81,230939.93,0.5496
DEBT-10620,CUST-10620,6479.17,0.0,0.0,0.0,0.0,6479.17,0.0153
DEBT-10621,CUST-10621,2185.77,2853.89,0.0,0.0,0.0,5039.66,0.0109
DEBT-10622,CUST-10622,0.0,0.0,0.0,0.0,0.0,0.0,0.0
DEBT-10623,CUST-10623,0.0,0.0,0.0,0.0,0.0,0.0,0.0
DEBT-10624,CUST-10624,4620.04,7364.4,0.0,12006.76,0.0,23991.2,0.0487
DEBT-10625,CUST-10625,2198.94,0.0,0.0,16251.91,0.0,18450.85,0.032
DEBT-10626,CUST-10626,1253.23,0.0,0.0,0.0,91303.43,92556.66,0.1721
DEBT-10627,CUST-10627,0.0,0.0,0.0,0.0,0.0,0.0,0.0
DEBT-10628,CUST-10628,0.0,0.0,0.0,0.0,0.0,0.0,0.0
DEBT-10629,CUST-10629,0.0,0.0,0.0,0.0,0.0,0.0,0.0
DEBT-10630,CUST-10630,0.0,14007.95,0.0,0.0,0.0,14007.95,0.0211
DEBT-10631,CUST-10631,3724.3,3661.85,0.0,12530.81,0.0,19916.96,0.024
DEBT-10632,CUST-10632,822.6,19381.87,0.0,0.0,0.0,20204.47,0.2066
DEBT-10633,CUST-10633,5939.18,0.0,0.0,0.0,0.0,5939.18,0.0065
DEBT-10634,CUST-10634,0.0,0.0,0.0,0.0,0.0,0.0,0.0
DEBT-10635,CUST-10635,11727.88,19896.17,0.0,0.0,404943.28,436567.33,0.323
DEBT-10636,CUST-10636,4311.88,0.0,0.0,0.0,335583.27,339895.15,0.9051
DEBT-10637,CUST-10637,5928.97,0.0,0.0,0.0,0.0,5928.97,0.0173
DEBT-10638,CUST-10638,6667.42,3354.14,0.0,0.0,0.0,10021.56,0.0225
DEBT-10639,CUST-10639,1159.51,0.0,0.0,0.0,0.0,1159.51,0.0203
DEBT-10640,CUST-10640,8607.64,0.0,0.0,0.0,0.0,8607.64,0.0208
DEBT-10641,CUST-10641,6208.99,0.0,0.0,0.0,305550.94,311759.93,0.5847
DEBT-10642,CUST-10642,8799.41,0.0,0.0,13519.28,0.0,22318.69,0.0399
DEBT-10643,CUST-10643,9650.32,2140.05,0.0,0.0,0.0,11790.37,0.0212
DEBT-10644,CUST-10644,5457.2,0.0,0.0,22351.75,0.0,27808.95,0.099
DEBT-10645,CUST-10645,7874.91,0.0,0.0,0.0,0.0,7874.91,0.0141
DEBT-10646,CUST-10646,4282.63,12023.8,0.0,0.0,0.0,16306.43,0.0438
DEBT-10647,CUST-10647,5419.81,0.0,0.0,34978.21,0.0,40398.02,0.0923
DEBT-10648,CUST-10648,6996.64,0.0,0.0,0.0,224965.45,231962.09,0.4245
DEBT-10649,CUST-10649,0.0,0.0,0.0,23344.43,0.0,23344.43,0.046
DEBT-10650,CUST-10650,3744.86,0.0,0.0,0.0,419435.96,423180.82,1.0852
DEBT-10651,CUST-10651,798.55,0.0,0.0,26054.28,0.0,26852.83,0.0427
DEBT-10652,CUST-10652,6110.04,16591.86,0.0,23016.46,0.0,45718.36,0.1102
DEBT-10653,CUST-10653,5047.1,0.0,19407.61,0.0,0.0,24454.71,0.0338
DEBT-10654,CUST-10654,14285.17,0.0,0.0,0.0,0.0,14285.17,0.0196
DEBT-10655,CUST-10655,1826.34,0.0,0.0,0.0,0.0,1826.34,0.0221
DEBT-10656,CUST-10656,1805.19,0.0,0.0,0.0,0.0,1805.19,0.0036
DEBT-10657,CUST-10657,0.0,18416.32,0.0,7799.31,0.0,26215.63,0.0759
DEBT-10658,CUST-10658,2311.78,11866.31,0.0,22227.66,0.0,36405.75,0.0716
DEBT-10659,CUST-10659,3177.13,0.0,0.0,0.0,0.0,3177.13,0.0061
DEBT-10660,CUST-10660,0.0,0.0,0.0,0.0,0.0,0.0,0.0
DEBT-10661,CUST-10661,5198.57,0.0,0.0,0.0,398215.01,403413.58,1.0337
DEBT-10662,CUST-10662,4141.53,0.0,0.0,0.0,244521.02,248662.55,0.7764
DEBT-10663,CUST-10663,0.0,0.0,0.0,0.0,0.0,0.0,0.0
DEBT-10664,CUST-10664,784.81,7167.71,31927.77,0.0,0.0,39880.29,0.0931
DEBT-10665,CUST-10665,19037.45,0.0,0.0,0.0,187207.08,206244.53,0.1707
DEBT-10666,CUST-10666,17847.54,20182.55,0.0,19533.12,0.0,57563.21,0.0337
DEBT-10667,CUST-10667,3648.05,16263.78,0.0,0.0,0.0,19911.83,0.0589
DEBT-10668,CUST-10668,14496.36,5927.81,0.0,0.0,387115.77,407539.94,0.6455
DEBT-10669,CUST-10669,2686.97,0.0,0.0,0.0,367837.26,370524.23,0.7878
DEBT-10670,CUST-10670,0.0,0.0,0.0,0.0,0.0,0.0,0.0
DEBT-10671,CUST-10671,4001.92,21302.05,0.0,0.0,0.0,25303.97,0.0562
DEBT-10672,CUST-10672,0.0,2439.8,0.0,0.0,0.0,2439.8,0.0073
DEBT-10673,CUST-10673,639.53,0.0,0.0,0.0,0.0,639.53,0.0028
DEBT-10674,CUST-10674,4628.62,21347.55,0.0,13783.31,0.0,39759.48,0.1481
DEBT-10675,CUST-10675,15045.68,3237.58,0.0,0.0,0.0,18283.26,0.0199
DEBT-10676,CUST-10676,10229.0,0.0,0.0,0.0,0.0,10229.0,0.0179
DEBT-10677,CUST-10677,0.0,24995.85,0.0,0.0,399350.37,424346.22,1.6006
DEBT-10678,CUST-10678,2436.69,0.0,0.0,0.0,0.0,2436.69,0.0081
DEBT-10679,CUST-10679,0.0,13872.76,0.0,0.0,148592.35,162465.11,0.4396
DEBT-10680,CUST-10680,5334.41,0.0,0.0,0.0,0.0,5334.41,0.0058
DEBT-10681,CUST-10681,12839.18,0.0,0.0,0.0,0.0,12839.18,0.0167
DEBT-10682,CUST-10682,0.0,0.0,0.0,0.0,0.0,0.0,0.0
DEBT-10683,CUST-10683,1862.93,0.0,0.0,0.0,0.0,1862.93,0.0074
DEBT-10684,CUST-10684,2604.57,0.0,0.0,0.0,0.0,2604.57,0.0101
DEBT-10685,CUST-10685,6191.43,0.0,0.0,0.0,0.0,6191.43,0.0157
DEBT-10686,CUST-10686,0.0,0.0,0.0,27658.67,0.0,27658.67,0.0535
DEBT-10687,CUST-10687,0.0,0.0,39357.98,0.0,0.0,39357.98,0.0621
DEBT-10688,CUST-10688,33187.85,0.0,0.0,9037.03,294869.14,337094.02,0.172
DEBT-10689,CUST-10689,8395.93,0.0,0.0,0.0,350298.36,358694.29,0.9466
DEBT-10690,CUST-10690,13453.88,0.0,0.0,0.0,428188.66,441642.54,0.658
DEBT-10691,CUST-10691,2972.33,0.0,0.0,0.0,0.0,2972.33,0.0089
DEBT-10692,CUST-10692,1847.45,0.0,0.0,0.0,0.0,1847.45,0.0041
DEBT-10693,CUST-10693,998.22,0.0,0.0,0.0,255389.7,256387.92,0.4799
DEBT-10694,CUST-10694,680.51,0.0,0.0,0.0,0.0,680.51,0.005
DEBT-10695,CUST-10695,5982.36,0.0,0.0,0.0,0.0,5982.36,0.0109
DEBT-10696,CUST-10696,822.31,0.0,41870.1,0.0,0.0,42692.41,0.6238
DEBT-10697,CUST-10697,1461.87,13830.88,0.0,0.0,0.0,15292.75,0.0997
DEBT-10698,CUST-10698,11047.12,21146.77,0.0,33549.79,0.0,65743.68,0.1126
DEBT-10699,CUST-10699,3271.87,24245.31,0.0,0.0,0.0,27517.18,0.0954
DEBT-10700,CUST-10700,1328.29,22651.79,0.0,7361.03,0.0,31341.11,0.0936
DEBT-10701,CUST-10701,11289.54,0.0,0.0,0.0,231940.72,243230.26,0.4723
DEBT-10702,CUST-10702,6550.66,0.0,0.0,0.0,0.0,6550.66,0.0213
DEBT-10703,CUST-10703,6643.75,0.0,41322.63,13574.6,123974.52,185515.5,0.4238
DEBT-10704,CUST-10704,11578.91,19223.85,5158.95,0.0,0.0,35961.71,0.067
DEBT-10705,CUST-10705,0.0,5354.79,0.0,0.0,0.0,5354.79,0.0144
DEBT-10706,CUST-10706,0.0,0.0,0.0,29403.88,0.0,29403.88,0.043
DEBT-10707,CUST-10707,801.9,19916.04,0.0,34145.73,0.0,54863.67,0.0869
DEBT-10708,CUST-10708,0.0,4532.56,0.0,0.0,0.0,4532.56,0.0117
DEBT-10709,CUST-10709,0.0,0.0,16402.19,0.0,0.0,16402.19,0.0428
DEBT-10710,CUST-10710,618.31,16124.26,0.0,0.0,0.0,16742.57,0.0535
DEBT-10711,CUST-10711,0.0,0.0,0.0,14067.44,0.0,14067.44,0.3121
DEBT-10712,CUST-10712,0.0,18755.44,23721.37,0.0,271452.27,313929.08,0.7468
DEBT-10713,CUST-10713,0.0,0.0,0.0,5888.5,0.0,5888.5,0.0088
DEBT-10714,CUST-10714,3826.34,0.0,0.0,0.0,0.0,3826.34,0.0074
DEBT-10715,CUST-10715,2255.88,0.0,30625.34,21587.06,0.0,54468.28,0.4419
DEBT-10716,CUST-10716,6687.97,0.0,0.0,22621.85,0.0,29309.82,0.0877
DEBT-10717,CUST-10717,0.0,0.0,0.0,33945.01,0.0,33945.01,0.3148
DEBT-10718,CUST-10718,0.0,0.0,0.0,0.0,0.0,0.0,0.0
DEBT-10719,CUST-10719,1052.55,0.0,0.0,18778.78,0.0,19831.33,0.0226
DEBT-10720,CUST-10720,4075.33,23286.96,0.0,0.0,0.0,27362.29,0.0686
DEBT-10721,CUST-10721,6468.46,0.0,28871.6,0.0,218172.41,253512.47,0.4731
DEBT-10722,CUST-10722,1516.41,0.0,0.0,0.0,0.0,1516.41,0.0039
DEBT-10723,CUST-10723,2167.65,0.0,0.0,0.0,0.0,2167.65,0.0043
DEBT-10724,CUST-10724,0.0,0.0,0.0,0.0,103771.44,103771.44,0.296
DEBT-10725,CUST-10725,3509.13,0.0,26147.75,0.0,0.0,29656.88,0.0969
DEBT-10726,CUST-10726,0.0,0.0,0.0,6836.64,269732.68,276569.32,0.9267
DEBT-10727,CUST-10727,0.0,0.0,0.0,10563.35,0.0,10563.35,0.0197
DEBT-10728,CUST-10728,4750.02,0.0,0.0,15792.99,0.0,20543.01,0.0249
DEBT-10729,CUST-10729,747.15,0.0,0.0,28520.0,0.0,29267.15,0.0625
DEBT-10730,CUST-10730,10053.46,0.0,0.0,29217.3,385323.14,424593.9,0.5886
DEBT-10731,CUST-10731,1092.66,0.0,0.0,0.0,0.0,1092.66,0.0044
DEBT-10732,CUST-10732,1434.67,0.0,0.0,5754.7,0.0,7189.37,0.029
DEBT-10733,CUST-10733,4662.6,0.0,0.0,0.0,425893.8,430556.4,1.127
DEBT-10734,CUST-10734,2022.73,0.0,0.0,4559.82,0.0,6582.55,0.0162
DEBT-10735,CUST-10735,7733.22,2041.23,0.0,0.0,0.0,9774.45,0.0261
DEBT-10736,CUST-10736,0.0,0.0,0.0,0.0,0.0,0.0,0.0
DEBT-10737,CUST-10737,4528.83,11667.09,0.0,0.0,0.0,16195.92,0.0622
DEBT-10738,CUST-10738,2975.97,0.0,0.0,0.0,194787.35,197763.32,0.4372
DEBT-10739,CUST-10739,3899.34,0.0,0.0,0.0,0.0,3899.34,0.0101
DEBT-10740,CUST-10740,2582.17,0.0,0.0,0.0,0.0,2582.17,0.01
DEBT-10741,CUST-10741,2926.76,23425.67,0.0,0.0,0.0,26352.43,0.0744
DEBT-10742,CUST-10742,1618.49,0.0,32663.37,17326.65,0.0,51608.51,0.3946
DEBT-10743,CUST-10743,0.0,0.0,0.0,0.0,135715.04,135715.04,0.1729
DEBT-10744,CUST-10744,4430.86,4170.14,0.0,9777.93,361053.53,379432.46,0.6427
DEBT-10745,CUST-10745,12139.05,0.0,0.0,0.0,100389.61,112528.66,0.1573
DEBT-10746,CUST-10746,0.0,0.0,0.0,6174.77,0.0,6174.77,0.0079
DEBT-10747,CUST-10747,5363.09,23804.88,0.0,0.0,0.0,29167.97,0.0654
DEBT-10748,CUST-10748,4777.77,0.0,20913.33,0.0,0.0,25691.1,0.0657
DEBT-10749,CUST-10749,4748.92,17007.11,0.0,0.0,0.0,21756.03,0.0598
DEBT-10750,CUST-10750,11008.55,0.0,0.0,31142.8,442196.38,484347.73,0.8711
DEBT-10751,CUST-10751,0.0,0.0,0.0,30472.53,0.0,30472.53,0.0449
DEBT-10752,CUST-10752,419.26,22327.38,44410.25,33179.07,0.0,100335.96,0.8996
DEBT-10753,CUST-10753,11179.07,0.0,0.0,0.0,189138.73,200317.8,0.1995
DEBT-10754,CUST-10754,0.0,0.0,0.0,0.0,0.0,0.0,0.0
DEBT-10755,CUST-10755,2227.87,0.0,0.0,0.0,0.0,2227.87,0.0046
DEBT-10756,CUST-10756,8960.98,0.0,0.0,0.0,213453.92,222414.9,0.3622
DEBT-10757,CUST-10757,730.89,1730.01,0.0,24855.1,0.0,27316.0,0.113
DEBT-10758,CUST-10758,4039.16,0.0,0.0,32891.84,0.0,36931.0,0.0991
DEBT-10759,CUST-10759,0.0,20625.99,0.0,0.0,296937.16,317563.15,0.4454
DEBT-10760,CUST-10760,0.0,0.0,0.0,17637.25,0.0,17637.25,0.1317
DEBT-10761,CUST-10761,600.97,0.0,0.0,23911.26,400231.44,424743.67,1.3286
DEBT-10762,CUST-10762,180.13,0.0,42589.55,13600.45,0.0,56370.13,0.5773
DEBT-10763,CUST-10763,3891.23,20634.19,0.0,0.0,0.0,24525.42,0.0406
DEBT-10764,CUST-10764,1917.06,4264.14,0.0,0.0,119876.72,126057.92,0.3526
DEBT-10765,CUST-10765,12114.04,0.0,0.0,16102.02,0.0,28216.06,0.0437
DEBT-10766,CUST-10766,14572.55,20598.57,0.0,0.0,408618.25,443789.37,0.6571
DEBT-10767,CUST-10767,0.0,0.0,0.0,0.0,0.0,0.0,0.0
DEBT-10768,CUST-10768,0.0,0.0,0.0,0.0,0.0,0.0,0.0
DEBT-10769,CUST-10769,230.95,0.0,0.0,20404.47,0.0,20635.42,0.3631
DEBT-10770,CUST-10770,4320.29,0.0,0.0,0.0,0.0,4320.29,0.013
DEBT-10771,CUST-10771,11088.36,0.0,0.0,0.0,408477.43,419565.79,0.5342
DEBT-10772,CUST-10772,671.36,0.0,0.0,11240.89,0.0,11912.25,0.0308
DEBT-10773,CUST-10773,5650.63,0.0,0.0,0.0,0.0,5650.63,0.0184
DEBT-10774,CUST-10774,0.0,0.0,0.0,30371.1,0.0,30371.1,0.0543
DEBT-10775,CUST-10775,9029.47,4505.17,0.0,0.0,0.0,13534.64,0.0274
DEBT-10776,CUST-10776,4022.3,0.0,0.0,0.0,0.0,4022.3,0.0112
DEBT-10777,CUST-10777,1612.23,0.0,0.0,21700.05,0.0,23312.28,0.0315
DEBT-10778,CUST-10778,841.66,19168.34,0.0,33847.08,0.0,53857.08,0.8295
DEBT-10779,CUST-10779,0.0,0.0,0.0,4337.68,384759.84,389097.52,0.5688
DEBT-10780,CUST-10780,2163.68,0.0,0.0,27140.65,0.0,29304.33,0.0494
DEBT-10781,CUST-10781,13776.72,0.0,0.0,15751.79,256068.8,285597.31,0.3213
DEBT-10782,CUST-10782,2934.35,0.0,5792.66,26380.35,0.0,35107.36,0.1282
DEBT-10783,CUST-10783,0.0,0.0,0.0,7090.57,0.0,7090.57,0.0069
DEBT-10784,CUST-10784,0.0,0.0,0.0,0.0,0.0,0.0,0.0
DEBT-10785,CUST-10785,2695.53,0.0,0.0,0.0,0.0,2695.53,0.0064
DEBT-10786,CUST-10786,8786.43,0.0,0.0,0.0,86305.98,95092.41,0.0712
DEBT-10787,CUST-10787,0.0,0.0,0.0,0.0,115329.15,115329.15,0.2506
DEBT-10788,CUST-10788,0.0,0.0,0.0,25053.34,405286.1,430339.44,0.9959
DEBT-10789,CUST-10789,6112.72,0.0,0.0,0.0,0.0,6112.72,0.0222
DEBT-10790,CUST-10790,0.0,8157.7,0.0,0.0,0.0,8157.7,0.0118
DEBT-10791,CUST-10791,3160.93,0.0,0.0,0.0,0.0,3160.93,0.0083
DEBT-10792,CUST-10792,1584.75,13718.22,0.0,0.0,0.0,15302.97,0.1806
DEBT-10793,CUST-10793,0.0,0.0,0.0,25912.78,0.0,25912.78,0.0421
DEBT-10794,CUST-10794,14411.15,19977.13,0.0,0.0,0.0,34388.28,0.0412
DEBT-10795,CUST-10795,0.0,0.0,0.0,0.0,0.0,0.0,0.0
DEBT-10796,CUST-10796,4275.21,0.0,0.0,0.0,0.0,4275.21,0.0157
DEBT-10797,CUST-10797,16191.13,0.0,0.0,29055.72,0.0,45246.85,0.0505
DEBT-10798,CUST-10798,1437.3,0.0,0.0,15156.86,90372.01,106966.17,0.1622
DEBT-10799,CUST-10799,26248.64,11297.97,0.0,17047.22,0.0,54593.83,0.0416
DEBT-10800,CUST-10800,7119.25,0.0,0.0,0.0,189625.46,196744.71,0.3531
DEBT-10801,CUST-10801,9862.35,0.0,0.0,0.0,0.0,9862.35,0.0202
DEBT-10802,CUST-10802,10222.67,0.0,0.0,0.0,0.0,10222.67,0.0175
DEBT-10803,CUST-10803,4991.9,0.0,34456.49,0.0,0.0,39448.39,0.1063
DEBT-10804,CUST-10804,2134.85,0.0,0.0,23639.99,273994.15,299768.99,0.3457
DEBT-10805,CUST-10805,5852.97,0.0,0.0,29252.94,0.0,35105.91,0.1165
DEBT-10806,CUST-10806,5827.1,0.0,0.0,0.0,0.0,5827.1,0.0137
DEBT-10807,CUST-10807,1538.4,0.0,0.0,0.0,0.0,1538.4,0.0067
DEBT-10808,CUST-10808,0.0,0.0,0.0,4460.1,0.0,4460.1,0.0074
DEBT-10809,CUST-10809,0.0,18252.05,0.0,0.0,0.0,18252.05,0.0388
DEBT-10810,CUST-10810,2103.17,0.0,0.0,33540.17,0.0,35643.34,0.2619
DEBT-10811,CUST-10811,0.0,2263.25,0.0,17003.08,328325.11,347591.44,0.5023
DEBT-10812,CUST-10812,2292.5,11879.58,0.0,19525.58,0.0,33697.66,0.0612
DEBT-10813,CUST-10813,15752.34,0.0,0.0,0.0,345502.59,361254.93,0.4656
DEBT-10814,CUST-10814,4487.8,0.0,0.0,0.0,0.0,4487.8,0.0093
DEBT-10815,CUST-10815,5026.92,20294.57,0.0,0.0,0.0,25321.49,0.0468
DEBT-10816,CUST-10816,19064.33,0.0,0.0,0.0,338366.02,357430.35,0.266
DEBT-10817,CUST-10817,1680.6,0.0,0.0,23422.55,0.0,25103.15,0.0366
DEBT-10818,CUST-10818,1690.66,0.0,0.0,0.0,0.0,1690.66,0.0046
DEBT-10819,CUST-10819,4639.81,0.0,0.0,0.0,0.0,4639.81,0.0118
DEBT-10820,CUST-10820,10917.72,1831.92,0.0,0.0,0.0,12749.64,0.0167
DEBT-10821,CUST-10821,1631.07,0.0,0.0,0.0,260727.39,262358.46,1.0577
DEBT-10822,CUST-10822,0.0,0.0,0.0,0.0,0.0,0.0,0.0
DEBT-10823,CUST-10823,0.0,0.0,0.0,0.0,0.0,0.0,0.0
DEBT-10824,CUST-10824,7905.91,22779.44,0.0,26316.81,0.0,57002.16,0.1358
DEBT-10825,CUST-10825,8119.44,0.0,0.0,0.0,0.0,8119.44,0.0089
DEBT-10826,CUST-10826,10537.29,0.0,0.0,0.0,0.0,10537.29,0.0138
DEBT-10827,CUST-10827,26336.14,0.0,0.0,6485.91,424631.63,457453.68,0.3961
DEBT-10828,CUST-10828,6521.88,0.0,0.0,0.0,421980.74,428502.62,0.8834
DEBT-10829,CUST-10829,309.15,0.0,0.0,21073.35,0.0,21382.5,0.2958
DEBT-10830,CUST-10830,0.0,0.0,0.0,0.0,382132.34,382132.34,0.3744
DEBT-10831,CUST-10831,0.0,8906.83,0.0,0.0,0.0,8906.83,0.013
DEBT-10832,CUST-10832,6576.56,9907.35,29376.74,32169.4,252524.31,330554.36,0.543
DEBT-10833,CUST-10833,6156.54,0.0,0.0,13893.51,0.0,20050.05,0.0691
DEBT-10834,CUST-10834,4371.35,0.0,14543.16,23371.2,0.0,42285.71,0.0627
DEBT-10835,CUST-10835,4722.01,0.0,0.0,0.0,0.0,4722.01,0.0158
DEBT-10836,CUST-10836,6516.04,9483.95,0.0,0.0,365626.31,381626.3,0.9437
DEBT-10837,CUST-10837,0.0,23298.74,6135.38,0.0,0.0,29434.12,0.0369
DEBT-10838,CUST-10838,8246.16,0.0,0.0,0.0,0.0,8246.16,0.0202
DEBT-10839,CUST-10839,7769.07,0.0,0.0,8359.35,0.0,16128.42,0.0458
DEBT-10840,CUST-10840,0.0,0.0,0.0,0.0,0.0,0.0,0.0
DEBT-10841,CUST-10841,3841.89,7668.11,0.0,0.0,0.0,11510.0,0.0249
DEBT-10842,CUST-10842,0.0,0.0,0.0,0.0,0.0,0.0,0.0
DEBT-10843,CUST-10843,2594.18,0.0,0.0,0.0,0.0,2594.18,0.0052
DEBT-10844,CUST-10844,0.0,0.0,13307.07,23256.12,0.0,36563.19,0.0803
DEBT-10845,CUST-10845,4259.65,0.0,0.0,0.0,0.0,4259.65,0.0055
DEBT-10846,CUST-10846,1370.41,0.0,0.0,0.0,0.0,1370.41,0.0046
DEBT-10847,CUST-10847,7169.19,0.0,0.0,0.0,0.0,7169.19,0.0158
DEBT-10848,CUST-10848,14524.18,20922.88,0.0,0.0,0.0,35447.06,0.053
DEBT-10849,CUST-10849,2321.33,0.0,0.0,0.0,195568.86,197890.19,0.2251
DEBT-10850,CUST-10850,5247.91,0.0,0.0,33797.34,0.0,39045.25,0.0887
DEBT-10851,CUST-10851,0.0,0.0,0.0,0.0,0.0,0.0,0.0
DEBT-10852,CUST-10852,0.0,0.0,0.0,32566.38,0.0,32566.38,0.0669
DEBT-10853,CUST-10853,8088.53,0.0,9339.73,6855.68,0.0,24283.94,0.0409
DEBT-10854,CUST-10854,960.87,0.0,0.0,0.0,0.0,960.87,0.0101
DEBT-10855,CUST-10855,765.95,0.0,0.0,26992.99,0.0,27758.94,0.0727
DEBT-10856,CUST-10856,14746.84,0.0,0.0,0.0,0.0,14746.84,0.0208
DEBT-10857,CUST-10857,11998.35,24847.1,43847.4,0.0,0.0,80692.85,0.1315
DEBT-10858,CUST-10858,1345.62,21120.41,13528.24,22994.29,0.0,58988.56,0.1888
DEBT-10859,CUST-10859,0.0,0.0,0.0,0.0,192381.69,192381.69,0.3839
DEBT-10860,CUST-10860,6819.04,4421.84,0.0,0.0,348094.3,359335.18,0.5485
DEBT-10861,CUST-10861,0.0,0.0,0.0,34619.2,0.0,34619.2,0.0534
DEBT-10862,CUST-10862,0.0,0.0,0.0,0.0,0.0,0.0,0.0
DEBT-10863,CUST-10863,12866.41,0.0,0.0,30383.92,0.0,43250.33,0.0755
DEBT-10864,CUST-10864,0.0,0.0,0.0,0.0,340586.69,340586.69,0.8152
DEBT-10865,CUST-10865,904.42,0.0,0.0,0.0,0.0,904.42,0.0034
DEBT-10866,CUST-10866,6875.7,0.0,0.0,0.0,0.0,6875.7,0.0214
DEBT-10867,CUST-10867,5080.27,0.0,0.0,29472.32,0.0,34552.59,0.0608
DEBT-10868,CUST-10868,0.0,0.0,0.0,0.0,0.0,0.0,0.0
DEBT-10869,CUST-10869,6049.79,18737.81,0.0,0.0,0.0,24787.6,0.0592
DEBT-10870,CUST-10870,12835.84,0.0,0.0,16289.24,0.0,29125.08,0.0341
DEBT-10871,CUST-10871,6758.86,0.0,0.0,30766.65,0.0,37525.51,0.1098
DEBT-10872,CUST-10872,538.45,3334.28,0.0,0.0,157752.63,161625.36,0.3177
DEBT-10873,CUST-10873,4485.5,0.0,0.0,16265.13,0.0,20750.63,0.043
DEBT-10874,CUST-10874,6123.27,0.0,0.0,10668.24,0.0,16791.51,0.047
DEBT-10875,CUST-10875,0.0,22509.13,0.0,12392.23,0.0,34901.36,0.09
DEBT-10876,CUST-10876,0.0,18928.54,8369.55,0.0,0.0,27298.09,0.0399
DEBT-10877,CUST-10877,13537.81,0.0,0.0,0.0,345355.04,358892.85,0.4999
DEBT-10878,CUST-10878,2285.52,0.0,0.0,0.0,0.0,2285.52,0.0077
DEBT-10879,CUST-10879,680.53,0.0,0.0,30509.02,0.0,31189.55,0.174
DEBT-10880,CUST-10880,3108.69,0.0,0.0,5175.69,363931.0,372215.38,0.555
DEBT-10881,CUST-10881,0.0,20933.1,0.0,0.0,0.0,20933.1,0.0314
DEBT-10882,CUST-10882,0.0,0.0,0.0,0.0,0.0,0.0,0.0
DEBT-10883,CUST-10883,5278.23,0.0,14951.31,0.0,0.0,20229.54,0.0337
DEBT-10884,CUST-10884,15479.0,17461.78,0.0,22787.17,324944.76,380672.71,0.4991
DEBT-10885,CUST-10885,0.0,0.0,0.0,5268.87,0.0,5268.87,0.01
DEBT-10886,CUST-10886,5763.28,0.0,32852.62,0.0,195214.79,233830.69,0.3916
DEBT-10887,CUST-10887,1496.06,0.0,0.0,20545.57,0.0,22041.63,0.1743
DEBT-10888,CUST-10888,16997.06,0.0,0.0,34774.62,0.0,51771.68,0.0383
DEBT-10889,CUST-10889,770.15,20109.74,0.0,7501.17,0.0,28381.06,0.0879
DEBT-10890,CUST-10890,6802.19,24022.96,0.0,0.0,0.0,30825.15,0.0878
DEBT-10891,CUST-10891,9843.45,0.0,0.0,0.0,0.0,9843.45,0.0189
DEBT-10892,CUST-10892,0.0,0.0,0.0,0.0,0.0,0.0,0.0
DEBT-10893,CUST-10893,12477.91,0.0,0.0,0.0,0.0,12477.91,0.0216
DEBT-10894,CUST-10894,9016.01,0.0,0.0,14653.39,213960.88,237630.28,0.4039
DEBT-10895,CUST-10895,677.39,0.0,0.0,0.0,0.0,677.39,0.0029
DEBT-10896,CUST-10896,13684.31,0.0,0.0,24319.1,280456.21,318459.62,0.4296
DEBT-10897,CUST-10897,3965.45,0.0,0.0,22776.2,0.0,26741.65,0.0391
DEBT-10898,CUST-10898,0.0,0.0,0.0,0.0,237130.98,237130.98,0.7273
DEBT-10899,CUST-10899,5760.89,0.0,0.0,31572.96,405070.82,442404.67,0.8237
DEBT-10900,CUST-10900,2175.93,0.0,0.0,0.0,0.0,2175.93,0.0169
DEBT-10901,CUST-10901,7427.56,0.0,0.0,0.0,0.0,7427.56,0.0133
DEBT-10902,CUST-10902,0.0,0.0,15733.68,0.0,0.0,15733.68,0.0201
DEBT-10903,CUST-10903,5858.22,0.0,0.0,0.0,0.0,5858.22,0.0058
DEBT-10904,CUST-10904,4848.82,0.0,0.0,0.0,0.0,4848.82,0.008
DEBT-10905,CUST-10905,1845.94,0.0,0.0,27546.38,276885.42,306277.74,0.3131
DEBT-10906,CUST-10906,4224.03,8584.66,0.0,19211.94,0.0,32020.63,0.1241
DEBT-10907,CUST-10907,0.0,0.0,40871.99,0.0,0.0,40871.99,0.0887
DEBT-10908,CUST-10908,4441.96,0.0,0.0,0.0,264018.44,268460.4,0.4637
DEBT-10909,CUST-10909,0.0,0.0,0.0,0.0,0.0,0.0,0.0
DEBT-10910,CUST-10910,427.44,0.0,0.0,31453.39,0.0,31880.83,0.1615
DEBT-10911,CUST-10911,7022.88,0.0,0.0,10468.18,0.0,17491.06,0.0355
DEBT-10912,CUST-10912,2272.78,0.0,0.0,13746.18,0.0,16018.96,0.0571
DEBT-10913,CUST-10913,0.0,1615.18,43274.9,22429.96,0.0,67320.04,0.1294
DEBT-10914,CUST-10914,5780.86,0.0,0.0,34874.47,0.0,40655.33,0.1109
DEBT-10915,CUST-10915,7977.46,10618.3,0.0,7808.86,0.0,26404.62,0.0357
DEBT-10916,CUST-10916,0.0,0.0,0.0,0.0,362756.02,362756.02,0.7062
DEBT-10917,CUST-10917,4158.44,0.0,0.0,0.0,0.0,4158.44,0.0215
DEBT-10918,CUST-10918,6351.81,0.0,0.0,0.0,0.0,6351.81,0.0179
DEBT-10919,CUST-10919,0.0,3501.53,0.0,22125.39,0.0,25626.92,0.0584
DEBT-10920,CUST-10920,0.0,0.0,0.0,0.0,0.0,0.0,0.0
DEBT-10921,CUST-10921,1697.44,0.0,0.0,33428.41,0.0,35125.85,0.1248
DEBT-10922,CUST-10922,0.0,0.0,12581.09,0.0,0.0,12581.09,0.0295
DEBT-10923,CUST-10923,51.67,0.0,0.0,0.0,0.0,51.67,0.0009
DEBT-10924,CUST-10924,0.0,10304.88,0.0,0.0,0.0,10304.88,0.0445
DEBT-10925,CUST-10925,797.11,0.0,0.0,5707.47,0.0,6504.58,0.0238
DEBT-10926,CUST-10926,3930.51,0.0,0.0,0.0,0.0,3930.51,0.0085
DEBT-10927,CUST-10927,573.56,5496.78,9686.43,5040.56,0.0,20797.33,0.0381
DEBT-10928,CUST-10928,13599.77,21577.37,0.0,19028.71,310021.08,364226.93,0.5454
DEBT-10929,CUST-10929,0.0,0.0,0.0,0.0,0.0,0.0,0.0
DEBT-10930,CUST-10930,1884.7,9299.48,0.0,29822.79,0.0,41006.97,0.1693
DEBT-10931,CUST-10931,0.0,0.0,0.0,0.0,0.0,0.0,0.0
DEBT-10932,CUST-10932,1501.26,0.0,0.0,0.0,0.0,1501.26,0.0026
DEBT-10933,CUST-10933,0.0,0.0,0.0,17240.17,0.0,17240.17,0.026
DEBT-10934,CUST-10934,0.0,24927.46,32954.79,0.0,0.0,57882.25,0.5579
DEBT-10935,CUST-10935,7524.84,7615.75,17037.48,0.0,0.0,32178.07,0.0768
DEBT-10936,CUST-10936,5722.2,0.0,0.0,0.0,0.0,5722.2,0.0165
DEBT-10937,CUST-10937,10639.88,0.0,0.0,16051.34,342754.36,369445.58,0.6329
DEBT-10938,CUST-10938,0.0,0.0,0.0,0.0,0.0,0.0,0.0
DEBT-10939,CUST-10939,5298.45,0.0,0.0,0.0,0.0,5298.45,0.0138
DEBT-10940,CUST-10940,3121.74,0.0,0.0,22119.96,331129.32,356371.02,1.0274
DEBT-10941,CUST-10941,4194.25,22866.35,0.0,0.0,0.0,27060.6,0.0742
DEBT-10942,CUST-10942,0.0,0.0,0.0,23435.62,0.0,23435.62,0.0486
DEBT-10943,CUST-10943,0.0,0.0,0.0,18644.1,0.0,18644.1,0.024
DEBT-10944,CUST-10944,593.92,0.0,0.0,0.0,0.0,593.92,0.0074
DEBT-10945,CUST-10945,19251.52,0.0,0.0,0.0,0.0,19251.52,0.0181
DEBT-10946,CUST-10946,1088.71,24471.98,0.0,0.0,0.0,25560.69,0.0842
DEBT-10947,CUST-10947,1933.0,0.0,0.0,10221.92,0.0,12154.92,0.0857
DEBT-10948,CUST-10948,4630.81,0.0,0.0,16132.71,252766.34,273529.86,0.9692
DEBT-10949,CUST-10949,5274.85,0.0,0.0,4714.65,0.0,9989.5,0.0128
DEBT-10950,CUST-10950,4820.58,0.0,0.0,0.0,0.0,4820.58,0.0086
DEBT-10951,CUST-10951,3041.85,0.0,0.0,0.0,0.0,3041.85,0.0033
DEBT-10952,CUST-10952,12590.31,0.0,0.0,0.0,428335.97,440926.28,0.6066
DEBT-10953,CUST-10953,4271.32,0.0,0.0,0.0,0.0,4271.32,0.0167
DEBT-10954,CUST-10954,0.0,0.0,0.0,25314.16,0.0,25314.16,0.0798
DEBT-10955,CUST-10955,0.0,0.0,0.0,0.0,0.0,0.0,0.0
DEBT-10956,CUST-10956,2132.92,0.0,0.0,0.0,0.0,2132.92,0.0085
DEBT-10957,CUST-10957,8935.85,0.0,0.0,0.0,0.0,8935.85,0.0202
DEBT-10958,CUST-10958,0.0,0.0,0.0,20287.82,0.0,20287.82,0.0326
DEBT-10959,CUST-10959,4062.81,0.0,0.0,31691.3,0.0,35754.11,0.0724
DEBT-10960,CUST-10960,1340.88,23959.61,0.0,16990.41,0.0,42290.9,0.062
DEBT-10961,CUST-10961,0.0,0.0,0.0,0.0,0.0,0.0,0.0
DEBT-10962,CUST-10962,2632.34,20029.01,0.0,0.0,0.0,22661.35,0.0545
DEBT-10963,CUST-10963,802.51,0.0,0.0,0.0,0.0,802.51,0.0011
DEBT-10964,CUST-10964,0.0,13717.41,0.0,0.0,340545.4,354262.81,0.8143
DEBT-10965,CUST-10965,2448.37,0.0,0.0,27102.32,0.0,29550.69,0.0861
DEBT-10966,CUST-10966,2004.78,0.0,0.0,0.0,116471.87,118476.65,0.4801
DEBT-10967,CUST-10967,9207.8,0.0,0.0,0.0,270799.04,280006.84,0.3759
DEBT-10968,CUST-10968,4262.43,0.0,0.0,0.0,278988.07,283250.5,1.1147
DEBT-10969,CUST-10969,1495.19,0.0,0.0,25390.16,0.0,26885.35,0.0495
DEBT-10970,CUST-10970,3409.41,0.0,0.0,0.0,405989.78,409399.19,0.9264
DEBT-10971,CUST-10971,7711.45,0.0,0.0,0.0,0.0,7711.45,0.0181
DEBT-10972,CUST-10972,9142.81,13966.64,0.0,29471.31,0.0,52580.76,0.0888
DEBT-10973,CUST-10973,2833.7,0.0,0.0,0.0,0.0,2833.7,0.0039
DEBT-10974,CUST-10974,10089.6,0.0,0.0,0.0,0.0,10089.6,0.0098
DEBT-10975,CUST-10975,1216.63,0.0,0.0,0.0,266334.26,267550.89,0.4971
DEBT-10976,CUST-10976,2669.55,0.0,0.0,0.0,0.0,2669.55,0.0108
DEBT-10977,CUST-10977,3431.89,2828.61,0.0,0.0,0.0,6260.5,0.0118
DEBT-10978,CUST-10978,3725.19,0.0,0.0,0.0,0.0,3725.19,0.0168
DEBT-10979,CUST-10979,10022.18,0.0,0.0,0.0,0.0,10022.18,0.012
DEBT-10980,CUST-10980,7125.06,0.0,24526.13,15804.42,0.0,47455.61,0.0636
DEBT-10981,CUST-10981,11382.31,0.0,0.0,27679.32,0.0,39061.63,0.0761
DEBT-10982,CUST-10982,3999.25,0.0,0.0,6429.39,360391.04,370819.68,0.7435
DEBT-10983,CUST-10983,9639.93,0.0,0.0,27016.41,244282.99,280939.33,0.4976
DEBT-10984,CUST-10984,9252.48,0.0,0.0,0.0,0.0,9252.48,0.021
DEBT-10985,CUST-10985,0.0,0.0,0.0,32292.52,0.0,32292.52,0.0558
DEBT-10986,CUST-10986,0.0,0.0,0.0,0.0,0.0,0.0,0.0
DEBT-10987,CUST-10987,3850.96,0.0,0.0,5972.62,163136.22,172959.8,0.3191
DEBT-10988,CUST-10988,1233.35,11931.29,0.0,0.0,0.0,13164.64,0.033
DEBT-10989,CUST-10989,0.0,0.0,0.0,0.0,0.0,0.0,0.0
DEBT-10990,CUST-10990,2422.32,0.0,0.0,0.0,0.0,2422.32,0.0043
DEBT-10991,CUST-10991,6159.83,0.0,0.0,0.0,0.0,6159.83,0.0068
DEBT-10992,CUST-10992,4627.24,0.0,0.0,0.0,0.0,4627.24,0.0121
DEBT-10993,CUST-10993,10771.8,0.0,0.0,0.0,0.0,10771.8,0.0153
DEBT-10994,CUST-10994,6467.55,0.0,0.0,0.0,0.0,6467.55,0.0162
DEBT-10995,CUST-10995,0.0,0.0,0.0,0.0,0.0,0.0,0.0
DEBT-10996,CUST-10996,0.0,17378.34,0.0,0.0,0.0,17378.34,0.0308
DEBT-10997,CUST-10997,3633.98,0.0,6411.72,0.0,0.0,10045.7,0.0241
DEBT-10998,CUST-10998,10908.04,0.0,0.0,0.0,0.0,10908.04,0.0159
DEBT-10999,CUST-10999,0.0,0.0,0.0,9188.92,0.0,9188.92,0.0119
DEBT-11000,CUST-11000,2355.94,0.0,0.0,13043.46,138054.88,153454.28,0.1839
DEBT-11001,CUST-11001,8074.22,0.0,0.0,28822.72,0.0,36896.94,0.0486
DEBT-11002,CUST-11002,0.0,0.0,0.0,0.0,358014.42,358014.42,0.8142
DEBT-11003,CUST-11003,0.0,0.0,0.0,29608.19,200330.39,229938.58,0.3795
DEBT-11004,CUST-11004,0.0,0.0,0.0,28982.59,173779.11,202761.7,0.1998
DEBT-11005,CUST-11005,9219.82,18620.88,17560.76,0.0,0.0,45401.46,0.0623
DEBT-11006,CUST-11006,3698.94,0.0,0.0,0.0,188107.41,191806.35,0.4899
DEBT-11007,CUST-11007,2316.7,0.0,0.0,11986.38,272163.33,286466.41,0.9934
DEBT-11008,CUST-11008,2614.25,3907.41,0.0,0.0,257555.69,264077.35,0.3587
DEBT-11009,CUST-11009,3610.84,0.0,0.0,0.0,0.0,3610.84,0.011
DEBT-11010,CUST-11010,0.0,0.0,6010.59,0.0,0.0,6010.59,0.0369
DEBT-11011,CUST-11011,6063.32,22827.61,0.0,4759.32,0.0,33650.25,0.0933
DEBT-11012,CUST-11012,5162.86,0.0,0.0,14351.27,354719.43,374233.56,0.6255
DEBT-11013,CUST-11013,1435.57,11222.19,0.0,4058.35,0.0,16716.11,0.0456
DEBT-11014,CUST-11014,0.0,21841.83,0.0,0.0,181391.55,203233.38,0.3995
DEBT-11015,CUST-11015,2226.0,13252.35,27159.94,26205.98,0.0,68844.27,0.5722
DEBT-11016,CUST-11016,5402.33,15889.56,0.0,0.0,262923.86,284215.75,0.8369
DEBT-11017,CUST-11017,1232.82,10398.72,0.0,23189.11,0.0,34820.65,0.5999
DEBT-11018,CUST-11018,7964.12,0.0,0.0,0.0,280024.04,287988.16,0.8147
DEBT-11019,CUST-11019,0.0,0.0,0.0,0.0,0.0,0.0,0.0
DEBT-11020,CUST-11020,10754.18,5105.79,0.0,0.0,0.0,15859.97,0.0217
DEBT-11021,CUST-11021,1876.66,0.0,0.0,10826.16,0.0,12702.82,0.1066
DEBT-11022,CUST-11022,0.0,17539.4,0.0,21236.23,0.0,38775.63,0.0991
DEBT-11023,CUST-11023,5114.77,0.0,6877.85,0.0,0.0,11992.62,0.0248
DEBT-11024,CUST-11024,1948.9,0.0,0.0,0.0,0.0,1948.9,0.0035
DEBT-11025,CUST-11025,307.27,0.0,0.0,0.0,0.0,307.27,0.0007
DEBT-11026,CUST-11026,0.0,0.0,0.0,0.0,126411.28,126411.28,0.3886
DEBT-11027,CUST-11027,13023.55,0.0,0.0,19151.74,240605.35,272780.64,0.3835
DEBT-11028,CUST-11028,12791.89,5283.92,0.0,0.0,258518.36,276594.17,0.3777
DEBT-11029,CUST-11029,25422.58,0.0,0.0,33619.6,216202.55,275244.73,0.2209
DEBT-11030,CUST-11030,8199.88,11303.73,0.0,0.0,0.0,19503.61,0.0387
DEBT-11031,CUST-11031,10809.45,0.0,19406.54,13423.37,310786.34,354425.7,0.6022
DEBT-11032,CUST-11032,5551.84,0.0,0.0,0.0,0.0,5551.84,0.018
DEBT-11033,CUST-11033,0.0,0.0,0.0,0.0,0.0,0.0,0.0
DEBT-11034,CUST-11034,0.0,7893.6,0.0,0.0,0.0,7893.6,0.0149
DEBT-11035,CUST-11035,0.0,11610.88,0.0,0.0,411593.01,423203.89,0.7089
DEBT-11036,CUST-11036,3052.03,14629.25,0.0,0.0,0.0,17681.28,0.0322
DEBT-11037,CUST-11037,4162.94,9987.68,0.0,0.0,0.0,14150.62,0.0502
DEBT-11038,CUST-11038,12003.4,13261.13,0.0,0.0,0.0,25264.53,0.0348
DEBT-11039,CUST-11039,5206.5,0.0,0.0,29023.97,0.0,34230.47,0.0631
DEBT-11040,CUST-11040,0.0,0.0,0.0,0.0,129783.6,129783.6,0.1497
DEBT-11041,CUST-11041,0.0,0.0,0.0,26300.82,0.0,26300.82,0.0691
DEBT-11042,CUST-11042,0.0,0.0,0.0,0.0,190063.8,190063.8,0.3247
DEBT-11043,CUST-11043,11662.88,18306.59,0.0,0.0,0.0,29969.47,0.0551
DEBT-11044,CUST-11044,4527.74,17818.03,0.0,34843.44,437648.15,494837.36,1.1172
DEBT-11045,CUST-11045,14933.28,0.0,0.0,0.0,0.0,14933.28,0.0204
DEBT-11046,CUST-11046,6953.14,2483.12,0.0,0.0,0.0,9436.26,0.0258
DEBT-11047,CUST-11047,7098.99,0.0,0.0,0.0,0.0,7098.99,0.0152
DEBT-11048,CUST-11048,305.1,0.0,0.0,0.0,0.0,305.1,0.0007
DEBT-11049,CUST-11049,4723.46,0.0,0.0,0.0,0.0,4723.46,0.0115
DEBT-11050,CUST-11050,140.8,0.0,0.0,0.0,0.0,140.8,0.002
DEBT-11051,CUST-11051,0.0,0.0,0.0,0.0,0.0,0.0,0.0
DEBT-11052,CUST-11052,0.0,17908.5,0.0,0.0,0.0,17908.5,0.0228
DEBT-11053,CUST-11053,0.0,0.0,0.0,0.0,0.0,0.0,0.0
DEBT-11054,CUST-11054,0.0,0.0,0.0,0.0,90772.62,90772.62,0.2479
DEBT-11055,CUST-11055,9373.03,0.0,0.0,0.0,0.0,9373.03,0.0134
DEBT-11056,CUST-11056,0.0,3808.4,0.0,0.0,0.0,3808.4,0.0091
DEBT-11057,CUST-11057,8569.74,0.0,0.0,17463.5,0.0,26033.24,0.0444
DEBT-11058,CUST-11058,1692.5,1946.16,0.0,0.0,330971.01,334609.67,0.4928
DEBT-11059,CUST-11059,4561.2,0.0,0.0,0.0,0.0,4561.2,0.0068
DEBT-11060,CUST-11060,8438.5,0.0,0.0,30821.66,135268.02,174528.18,0.4428
DEBT-11061,CUST-11061,3027.1,0.0,0.0,0.0,0.0,3027.1,0.0136
DEBT-11062,CUST-11062,5385.49,0.0,0.0,19075.62,0.0,24461.11,0.0572
DEBT-11063,CUST-11063,0.0,0.0,0.0,0.0,0.0,0.0,0.0
DEBT-11064,CUST-11064,0.0,0.0,23164.53,10339.0,0.0,33503.53,0.0642
DEBT-11065,CUST-11065,0.0,0.0,0.0,0.0,0.0,0.0,0.0
DEBT-11066,CUST-11066,0.0,4133.97,0.0,0.0,263991.43,268125.4,0.5144
DEBT-11067,CUST-11067,4665.88,0.0,0.0,32481.29,0.0,37147.17,0.1102
DEBT-11068,CUST-11068,386.7,0.0,0.0,0.0,265968.21,266354.91,0.6843
DEBT-11069,CUST-11069,3217.04,0.0,0.0,0.0,0.0,3217.04,0.021
DEBT-11070,CUST-11070,0.0,0.0,0.0,12975.65,0.0,12975.65,0.0241
DEBT-11071,CUST-11071,8826.52,0.0,0.0,12358.23,0.0,21184.75,0.0434
DEBT-11072,CUST-11072,0.0,0.0,0.0,4737.89,0.0,4737.89,0.0092
DEBT-11073,CUST-11073,0.0,0.0,0.0,0.0,0.0,0.0,0.0
DEBT-11074,CUST-11074,2119.76,0.0,0.0,23826.07,0.0,25945.83,0.1112
DEBT-11075,CUST-11075,0.0,0.0,0.0,22883.99,155669.37,178553.36,0.4291
DEBT-11076,CUST-11076,817.73,19735.99,0.0,0.0,0.0,20553.72,0.0384
DEBT-11077,CUST-11077,8500.36,0.0,0.0,0.0,0.0,8500.36,0.0201
DEBT-11078,CUST-11078,5371.72,7486.46,0.0,0.0,85034.06,97892.24,0.2555
DEBT-11079,CUST-11079,3563.5,0.0,0.0,0.0,412603.24,416166.74,1.4163
DEBT-11080,CUST-11080,2598.82,0.0,0.0,0.0,220360.92,222959.74,0.4691
DEBT-11081,CUST-11081,8565.46,12706.35,0.0,0.0,93564.3,114836.11,0.1978
DEBT-11082,CUST-11082,303.37,0.0,0.0,15696.54,0.0,15999.91,0.0764
DEBT-11083,CUST-11083,17654.32,0.0,0.0,0.0,0.0,17654.32,0.023
DEBT-11084,CUST-11084,0.0,0.0,0.0,0.0,0.0,0.0,0.0
DEBT-11085,CUST-11085,2043.65,0.0,0.0,18308.13,0.0,20351.78,0.0286
DEBT-11086,CUST-11086,6764.54,0.0,0.0,13735.99,0.0,20500.53,0.0649
DEBT-11087,CUST-11087,0.0,22286.68,0.0,0.0,0.0,22286.68,0.0684
DEBT-11088,CUST-11088,3165.25,0.0,0.0,0.0,0.0,3165.25,0.0185
DEBT-11089,CUST-11089,4637.04,0.0,0.0,0.0,93894.55,98531.59,0.217
DEBT-11090,CUST-11090,0.0,0.0,0.0,0.0,193900.53,193900.53,0.3382
DEBT-11091,CUST-11091,10868.41,0.0,0.0,0.0,0.0,10868.41,0.0146
DEBT-11092,CUST-11092,3267.21,1396.24,0.0,0.0,0.0,4663.45,0.0045
DEBT-11093,CUST-11093,5281.73,0.0,0.0,0.0,0.0,5281.73,0.0134
DEBT-11094,CUST-11094,8626.57,14442.38,0.0,16692.29,419099.72,458860.96,0.8868
DEBT-11095,CUST-11095,1282.2,0.0,0.0,0.0,0.0,1282.2,0.0059
DEBT-11096,CUST-11096,9142.06,18338.21,0.0,0.0,107138.65,134618.92,0.2291
DEBT-11097,CUST-11097,10492.69,0.0,0.0,0.0,0.0,10492.69,0.0143
DEBT-11098,CUST-11098,10330.05,0.0,0.0,0.0,0.0,10330.05,0.01
DEBT-11099,CUST-11099,2824.98,13366.14,0.0,0.0,0.0,16191.12,0.0988
DEBT-11100,CUST-11100,8376.8,0.0,0.0,9999.64,0.0,18376.44,0.0425
DEBT-11101,CUST-11101,2144.49,0.0,0.0,33333.17,0.0,35477.66,0.0695
DEBT-11102,CUST-11102,2208.53,0.0,0.0,34251.98,0.0,36460.51,0.0955
DEBT-11103,CUST-11103,4455.87,0.0,0.0,0.0,0.0,4455.87,0.0194
DEBT-11104,CUST-11104,4785.03,0.0,0.0,21911.56,367665.34,394361.93,0.9687
DEBT-11105,CUST-11105,3196.77,0.0,0.0,27075.83,0.0,30272.6,0.1174
DEBT-11106,CUST-11106,0.0,0.0,38262.16,9673.89,275284.0,323220.05,1.137
DEBT-11107,CUST-11107,0.0,15447.73,0.0,0.0,309456.56,324904.29,0.5271
DEBT-11108,CUST-11108,4664.18,0.0,0.0,18428.99,0.0,23093.17,0.0331
DEBT-11109,CUST-11109,2527.45,0.0,0.0,0.0,0.0,2527.45,0.0089
DEBT-11110,CUST-11110,0.0,1330.02,0.0,0.0,0.0,1330.02,0.0058
DEBT-11111,CUST-11111,0.0,0.0,0.0,0.0,401579.61,401579.61,0.6735
DEBT-11112,CUST-11112,1032.5,22325.92,0.0,25509.22,0.0,48867.64,0.3751
DEBT-11113,CUST-11113,0.0,0.0,0.0,0.0,0.0,0.0,0.0
DEBT-11114,CUST-11114,0.0,0.0,10856.0,0.0,142777.11,153633.11,0.2114
DEBT-11115,CUST-11115,8908.91,0.0,0.0,30772.62,0.0,39681.53,0.0914
DEBT-11116,CUST-11116,5047.26,0.0,0.0,29616.2,0.0,34663.46,0.0796
DEBT-11117,CUST-11117,0.0,0.0,0.0,0.0,0.0,0.0,0.0
DEBT-11118,CUST-11118,1358.3,0.0,0.0,0.0,0.0,1358.3,0.0033
DEBT-11119,CUST-11119,1996.79,0.0,20283.2,0.0,0.0,22279.99,0.1196
DEBT-11120,CUST-11120,0.0,0.0,0.0,30008.28,0.0,30008.28,0.0713
DEBT-11121,CUST-11121,0.0,0.0,0.0,16241.7,0.0,16241.7,0.0312
DEBT-11122,CUST-11122,15162.89,15333.39,0.0,0.0,0.0,30496.28,0.0442
DEBT-11123,CUST-11123,0.0,0.0,0.0,0.0,327184.09,327184.09,0.9606
DEBT-11124,CUST-11124,859.23,0.0,0.0,25949.38,0.0,26808.61,0.0527
DEBT-11125,CUST-11125,0.0,24701.54,0.0,0.0,267278.14,291979.68,1.0973
DEBT-11126,CUST-11126,2503.43,0.0,0.0,0.0,0.0,2503.43,0.0108
DEBT-11127,CUST-11127,4823.98,0.0,0.0,30921.75,0.0,35745.73,0.1134
DEBT-11128,CUST-11128,0.0,0.0,0.0,30607.54,0.0,30607.54,0.0516
DEBT-11129,CUST-11129,1067.5,0.0,0.0,27409.74,0.0,28477.24,0.0736
DEBT-11130,CUST-11130,10116.95,6617.55,0.0,0.0,0.0,16734.5,0.0281
DEBT-11131,CUST-11131,711.62,0.0,0.0,4433.42,0.0,5145.04,0.0173
DEBT-11132,CUST-11132,0.0,0.0,0.0,4810.32,0.0,4810.32,0.0094
DEBT-11133,CUST-11133,1861.78,0.0,0.0,0.0,0.0,1861.78,0.002
DEBT-11134,CUST-11134,0.0,0.0,0.0,0.0,248524.07,248524.07,0.4422
DEBT-11135,CUST-11135,11310.94,11810.43,0.0,0.0,93958.45,117079.82,0.1873
DEBT-11136,CUST-11136,0.0,0.0,8549.54,0.0,0.0,8549.54,0.0249
DEBT-11137,CUST-11137,0.0,0.0,0.0,0.0,0.0,0.0,0.0
DEBT-11138,CUST-11138,12594.22,0.0,5506.6,31706.0,0.0,49806.82,0.0643
DEBT-11139,CUST-11139,4305.01,0.0,37959.36,0.0,267356.55,309620.92,0.6348
DEBT-11140,CUST-11140,13716.55,7731.32,0.0,18127.33,263196.43,302771.63,0.3654
DEBT-11141,CUST-11141,0.0,0.0,0.0,0.0,0.0,0.0,0.0
DEBT-11142,CUST-11142,0.0,0.0,0.0,0.0,0.0,0.0,0.0
DEBT-11143,CUST-11143,5873.87,9743.91,0.0,0.0,0.0,15617.78,0.0227
DEBT-11144,CUST-11144,20920.32,0.0,0.0,0.0,0.0,20920.32,0.0212
DEBT-11145,CUST-11145,6666.28,0.0,0.0,0.0,0.0,6666.28,0.0161
DEBT-11146,CUST-11146,6360.35,0.0,0.0,0.0,0.0,6360.35,0.0047
DEBT-11147,CUST-11147,0.0,0.0,0.0,0.0,0.0,0.0,0.0
DEBT-11148,CUST-11148,5884.27,0.0,0.0,9436.2,107674.91,122995.38,0.2206
DEBT-11149,CUST-11149,0.0,0.0,0.0,11212.27,0.0,11212.27,0.0591
DEBT-11150,CUST-11150,0.0,0.0,0.0,18282.13,0.0,18282.13,0.1556
DEBT-11151,CUST-11151,942.35,0.0,0.0,12567.73,0.0,13510.08,0.0131
DEBT-11152,CUST-11152,1510.13,0.0,0.0,0.0,282491.83,284001.96,1.004
DEBT-11153,CUST-11153,1038.12,0.0,0.0,29457.28,0.0,30495.4,0.102
DEBT-11154,CUST-11154,0.0,0.0,0.0,0.0,0.0,0.0,0.0
DEBT-11155,CUST-11155,0.0,0.0,0.0,0.0,0.0,0.0,0.0
DEBT-11156,CUST-11156,10235.68,10772.02,0.0,0.0,0.0,21007.7,0.0334
DEBT-11157,CUST-11157,12281.25,2696.68,0.0,0.0,0.0,14977.93,0.0243
DEBT-11158,CUST-11158,0.0,0.0,0.0,28580.85,0.0,28580.85,0.036
DEBT-11159,CUST-11159,0.0,0.0,0.0,0.0,0.0,0.0,0.0
DEBT-11160,CUST-11160,3790.97,0.0,0.0,29421.04,0.0,33212.01,0.1037
DEBT-11161,CUST-11161,2486.96,0.0,0.0,4448.79,0.0,6935.75,0.0206
DEBT-11162,CUST-11162,17354.01,9062.24,0.0,12977.03,0.0,39393.28,0.0483
DEBT-11163,CUST-11163,0.0,0.0,0.0,22127.5,0.0,22127.5,0.0779
DEBT-11164,CUST-11164,12236.8,0.0,0.0,0.0,0.0,12236.8,0.02
DEBT-11165,CUST-11165,7390.56,0.0,0.0,0.0,0.0,7390.56,0.014
DEBT-11166,CUST-11166,0.0,0.0,5057.4,30553.23,0.0,35610.63,0.0462
DEBT-11167,CUST-11167,12125.28,2464.68,0.0,22812.88,306437.51,343840.35,0.5304
DEBT-11168,CUST-11168,1834.58,0.0,0.0,0.0,427333.24,429167.82,1.3089
DEBT-11169,CUST-11169,5572.22,0.0,0.0,8563.58,0.0,14135.8,0.0325
DEBT-11170,CUST-11170,5432.51,0.0,0.0,4017.72,0.0,9450.23,0.027
DEBT-11171,CUST-11171,0.0,0.0,0.0,0.0,0.0,0.0,0.0
DEBT-11172,CUST-11172,1186.48,0.0,24488.76,32111.61,0.0,57786.85,0.086
DEBT-11173,CUST-11173,321.47,8516.13,0.0,30891.34,0.0,39728.94,0.7602
DEBT-11174,CUST-11174,12644.81,12528.79,0.0,21266.03,116664.42,163104.05,0.2736
DEBT-11175,CUST-11175,0.0,0.0,0.0,0.0,0.0,0.0,0.0
DEBT-11176,CUST-11176,1691.75,0.0,0.0,0.0,0.0,1691.75,0.0067
DEBT-11177,CUST-11177,9775.12,0.0,0.0,0.0,429124.31,438899.43,0.8468
DEBT-11178,CUST-11178,0.0,0.0,0.0,28301.05,0.0,28301.05,0.4328
DEBT-11179,CUST-11179,0.0,1177.11,0.0,0.0,0.0,1177.11,0.0182
DEBT-11180,CUST-11180,4964.21,0.0,0.0,24008.75,0.0,28972.96,0.054
DEBT-11181,CUST-11181,5228.89,0.0,0.0,34655.87,89092.13,128976.89,0.4492
DEBT-11182,CUST-11182,0.0,1775.99,0.0,0.0,0.0,1775.99,0.0063
DEBT-11183,CUST-11183,0.0,12627.05,8860.42,0.0,0.0,21487.47,0.0421
DEBT-11184,CUST-11184,0.0,17539.5,0.0,0.0,0.0,17539.5,0.0203
DEBT-11185,CUST-11185,0.0,0.0,0.0,0.0,0.0,0.0,0.0
DEBT-11186,CUST-11186,869.39,0.0,0.0,25241.0,0.0,26110.39,0.3365
DEBT-11187,CUST-11187,8336.65,0.0,0.0,0.0,0.0,8336.65,0.0142
DEBT-11188,CUST-11188,609.4,0.0,25514.74,19962.81,0.0,46086.95,0.0897
DEBT-11189,CUST-11189,5947.15,0.0,0.0,13520.98,269647.75,289115.88,0.8683
DEBT-11190,CUST-11190,1075.4,0.0,0.0,7813.61,117023.57,125912.58,0.1647
DEBT-11191,CUST-11191,783.33,0.0,0.0,34174.29,412256.67,447214.29,1.017
DEBT-11192,CUST-11192,646.75,0.0,0.0,0.0,0.0,646.75,0.0013
DEBT-11193,CUST-11193,601.2,0.0,0.0,0.0,0.0,601.2,0.0064
DEBT-11194,CUST-11194,0.0,0.0,0.0,24073.49,0.0,24073.49,0.1336
DEBT-11195,CUST-11195,1518.72,0.0,0.0,0.0,0.0,1518.72,0.0056
DEBT-11196,CUST-11196,0.0,0.0,0.0,0.0,0.0,0.0,0.0
DEBT-11197,CUST-11197,0.0,0.0,8263.36,29832.76,0.0,38096.12,0.1043
DEBT-11198,CUST-11198,3308.14,0.0,0.0,0.0,0.0,3308.14,0.0049
DEBT-11199,CUST-11199,0.0,0.0,0.0,0.0,261380.89,261380.89,0.807
DEBT-11200,CUST-11200,3276.21,0.0,0.0,13583.2,0.0,16859.41,0.0477
DEBT-11201,CUST-11201,7778.53,0.0,0.0,22008.24,0.0,29786.77,0.0592
DEBT-11202,CUST-11202,4067.28,4159.53,0.0,0.0,0.0,8226.81,0.0244
DEBT-11203,CUST-11203,2378.64,3582.61,0.0,0.0,0.0,5961.25,0.0192
DEBT-11204,CUST-11204,7891.94,0.0,0.0,0.0,346205.94,354097.88,0.3538
DEBT-11205,CUST-11205,18076.83,0.0,0.0,29980.95,329799.31,377857.09,0.4391
DEBT-11206,CUST-11206,7034.55,0.0,0.0,0.0,339778.63,346813.18,0.8386
DEBT-11207,CUST-11207,10967.2,0.0,0.0,28508.4,0.0,39475.6,0.0598
DEBT-11208,CUST-11208,3002.14,0.0,18681.78,0.0,0.0,21683.92,0.0323
DEBT-11209,CUST-11209,4736.52,0.0,0.0,18465.21,402589.19,425790.92,0.5953
DEBT-11210,CUST-11210,0.0,15959.68,0.0,0.0,0.0,15959.68,0.0427
DEBT-11211,CUST-11211,2813.04,0.0,0.0,0.0,0.0,2813.04,0.0084
DEBT-11212,CUST-11212,11586.91,0.0,0.0,0.0,231203.25,242790.16,0.3235
DEBT-11213,CUST-11213,308.43,0.0,31483.23,0.0,0.0,31791.66,0.0635
DEBT-11214,CUST-11214,0.0,0.0,0.0,0.0,299578.61,299578.61,0.686
DEBT-11215,CUST-11215,0.0,8720.82,0.0,0.0,0.0,8720.82,0.0107
DEBT-11216,CUST-11216,0.0,7689.45,6672.7,30791.39,0.0,45153.54,0.0715
DEBT-11217,CUST-11217,8516.54,8618.29,0.0,16558.89,0.0,33693.72,0.0685
DEBT-11218,CUST-11218,0.0,22934.55,0.0,33448.4,0.0,56382.95,0.1328
DEBT-11219,CUST-11219,0.0,0.0,0.0,18897.2,337952.44,356849.64,0.4332
DEBT-11220,CUST-11220,7831.11,0.0,0.0,0.0,0.0,7831.11,0.0202
DEBT-11221,CUST-11221,0.0,0.0,0.0,0.0,0.0,0.0,0.0
DEBT-11222,CUST-11222,8705.07,0.0,0.0,21192.82,0.0,29897.89,0.0398
DEBT-11223,CUST-11223,8188.0,0.0,41290.23,19985.93,0.0,69464.16,0.1407
DEBT-11224,CUST-11224,5906.57,6584.56,0.0,18588.4,0.0,31079.53,0.0815
DEBT-11225,CUST-11225,13329.49,0.0,0.0,25209.34,84682.18,123221.01,0.1171
DEBT-11226,CUST-11226,8812.24,6929.58,0.0,8358.91,0.0,24100.73,0.0461
DEBT-11227,CUST-11227,0.0,0.0,0.0,13036.35,0.0,13036.35,0.0222
DEBT-11228,CUST-11228,0.0,0.0,0.0,0.0,248941.76,248941.76,0.6874
DEBT-11229,CUST-11229,6580.72,0.0,0.0,0.0,0.0,6580.72,0.0144
DEBT-11230,CUST-11230,704.78,0.0,0.0,0.0,0.0,704.78,0.0051
DEBT-11231,CUST-11231,3790.91,3129.78,0.0,0.0,0.0,6920.69,0.0083
DEBT-11232,CUST-11232,0.0,11372.8,0.0,0.0,0.0,11372.8,0.0348
DEBT-11233,CUST-11233,6270.2,0.0,0.0,28952.83,0.0,35223.03,0.0834
DEBT-11234,CUST-11234,7551.89,0.0,0.0,0.0,0.0,7551.89,0.0222
DEBT-11235,CUST-11235,2429.77,0.0,0.0,6790.91,0.0,9220.68,0.0265
DEBT-11236,CUST-11236,10966.38,0.0,0.0,0.0,0.0,10966.38,0.014
DEBT-11237,CUST-11237,84.41,0.0,0.0,0.0,0.0,84.41,0.0009
DEBT-11238,CUST-11238,2487.69,0.0,31007.95,14903.19,0.0,48398.83,0.1007
DEBT-11239,CUST-11239,0.0,0.0,0.0,0.0,0.0,0.0,0.0
DEBT-11240,CUST-11240,907.9,0.0,0.0,27106.45,0.0,28014.35,0.0613
DEBT-11241,CUST-11241,0.0,0.0,0.0,0.0,238214.38,238214.38,0.4059
DEBT-11242,CUST-11242,2084.99,0.0,0.0,0.0,0.0,2084.99,0.0042
DEBT-11243,CUST-11243,9429.55,0.0,0.0,15528.6,0.0,24958.15,0.0398
DEBT-11244,CUST-11244,0.0,3095.8,0.0,27626.3,0.0,30722.1,0.5152
DEBT-11245,CUST-11245,0.0,0.0,0.0,0.0,0.0,0.0,0.0
DEBT-11246,CUST-11246,9094.41,0.0,0.0,0.0,0.0,9094.41,0.0075
DEBT-11247,CUST-11247,12036.45,0.0,10943.06,22237.06,0.0,45216.57,0.0716
DEBT-11248,CUST-11248,0.0,0.0,0.0,0.0,426661.17,426661.17,0.9136
DEBT-11249,CUST-11249,3580.11,0.0,0.0,0.0,0.0,3580.11,0.0141
DEBT-11250,CUST-11250,0.0,0.0,0.0,0.0,0.0,0.0,0.0
DEBT-11251,CUST-11251,2046.4,16874.03,0.0,0.0,0.0,18920.43,0.0825
DEBT-11252,CUST-11252,0.0,0.0,33096.45,18512.79,0.0,51609.24,0.0584
DEBT-11253,CUST-11253,0.0,0.0,0.0,0.0,0.0,0.0,0.0
DEBT-11254,CUST-11254,0.0,0.0,0.0,20031.57,192271.5,212303.07,0.5229
DEBT-11255,CUST-11255,0.0,17631.0,0.0,0.0,154021.69,171652.69,0.374
DEBT-11256,CUST-11256,582.76,4501.7,0.0,0.0,0.0,5084.46,0.0131
DEBT-11257,CUST-11257,3935.95,0.0,0.0,25650.16,0.0,29586.11,0.0527
DEBT-11258,CUST-11258,5456.37,0.0,0.0,30871.55,0.0,36327.92,0.0807
DEBT-11259,CUST-11259,3879.74,18617.29,0.0,0.0,0.0,22497.03,0.0374
DEBT-11260,CUST-11260,0.0,10712.59,0.0,0.0,0.0,10712.59,0.0096
DEBT-11261,CUST-11261,8755.55,19089.18,0.0,12854.01,0.0,40698.74,0.0843
DEBT-11262,CUST-11262,0.0,0.0,0.0,0.0,0.0,0.0,0.0
DEBT-11263,CUST-11263,0.0,0.0,0.0,0.0,0.0,0.0,0.0
DEBT-11264,CUST-11264,5864.9,0.0,0.0,0.0,239676.11,245541.01,0.6083
DEBT-11265,CUST-11265,0.0,0.0,0.0,25948.33,448841.95,474790.28,1.1841
DEBT-11266,CUST-11266,1526.17,0.0,0.0,24509.03,0.0,26035.2,0.2339
DEBT-11267,CUST-11267,7143.98,0.0,0.0,28285.35,0.0,35429.33,0.0698
DEBT-11268,CUST-11268,2221.39,0.0,0.0,7838.39,219302.37,229362.15,0.3966
DEBT-11269,CUST-11269,1015.54,0.0,18159.48,30844.34,0.0,50019.36,0.2596
DEBT-11270,CUST-11270,11521.61,5663.74,0.0,0.0,156294.69,173480.04,0.2464
DEBT-11271,CUST-11271,2489.02,0.0,37198.76,0.0,0.0,39687.78,0.0513
DEBT-11272,CUST-11272,2013.53,11050.51,0.0,0.0,0.0,13064.04,0.0228
DEBT-11273,CUST-11273,0.0,0.0,0.0,10636.27,0.0,10636.27,0.0235
DEBT-11274,CUST-11274,0.0,12655.75,0.0,0.0,0.0,12655.75,0.1091
DEBT-11275,CUST-11275,8248.37,0.0,26720.95,4606.26,0.0,39575.58,0.1019
DEBT-11276,CUST-11276,5800.6,21552.34,0.0,16391.61,0.0,43744.55,0.0501
DEBT-11277,CUST-11277,7950.75,0.0,0.0,0.0,143079.99,151030.74,0.2838
DEBT-11278,CUST-11278,2127.05,0.0,0.0,33769.36,0.0,35896.41,0.2357
DEBT-11279,CUST-11279,0.0,0.0,0.0,6100.89,0.0,6100.89,0.0161
DEBT-11280,CUST-11280,2802.79,0.0,0.0,0.0,0.0,2802.79,0.0035
DEBT-11281,CUST-11281,4764.44,0.0,0.0,0.0,0.0,4764.44,0.0068
DEBT-11282,CUST-11282,8318.74,0.0,0.0,0.0,0.0,8318.74,0.0166
DEBT-11283,CUST-11283,1810.99,19761.41,0.0,0.0,0.0,21572.4,0.0333
DEBT-11284,CUST-11284,0.0,0.0,0.0,31267.67,0.0,31267.67,0.0516
DEBT-11285,CUST-11285,4579.64,0.0,0.0,0.0,0.0,4579.64,0.0138
DEBT-11286,CUST-11286,0.0,0.0,0.0,0.0,0.0,0.0,0.0
DEBT-11287,CUST-11287,3919.39,0.0,0.0,23731.98,0.0,27651.37,0.0768
DEBT-11288,CUST-11288,0.0,0.0,0.0,19506.66,375772.22,395278.88,1.2232
DEBT-11289,CUST-11289,2502.4,0.0,0.0,16814.29,0.0,19316.69,0.0665
DEBT-11290,CUST-11290,1315.7,0.0,0.0,0.0,0.0,1315.7,0.0179
DEBT-11291,CUST-11291,0.0,0.0,0.0,0.0,0.0,0.0,0.0
DEBT-11292,CUST-11292,9978.14,0.0,23415.86,0.0,0.0,33394.0,0.0565
DEBT-11293,CUST-11293,1844.49,0.0,0.0,0.0,418516.42,420360.91,0.9129
DEBT-11294,CUST-11294,2716.95,0.0,0.0,0.0,0.0,2716.95,0.0061
DEBT-11295,CUST-11295,4561.41,12091.06,0.0,0.0,0.0,16652.47,0.0264
DEBT-11296,CUST-11296,5927.53,7832.06,0.0,33500.45,414590.05,461850.09,0.4679
DEBT-11297,CUST-11297,0.0,0.0,0.0,13683.19,150796.95,164480.14,0.1938
DEBT-11298,CUST-11298,9964.18,19279.68,25823.92,0.0,219245.96,274313.74,0.2905
DEBT-11299,CUST-11299,0.0,0.0,0.0,6481.34,0.0,6481.34,0.0201
DEBT-11300,CUST-11300,6483.51,0.0,0.0,33802.85,0.0,40286.36,0.0682
DEBT-11301,CUST-11301,1584.13,0.0,0.0,0.0,0.0,1584.13,0.0027
DEBT-11302,CUST-11302,6924.61,21445.04,0.0,0.0,0.0,28369.65,0.0674
DEBT-11303,CUST-11303,5144.3,8002.6,0.0,23258.92,223119.39,259525.21,0.82
DEBT-11304,CUST-11304,0.0,0.0,0.0,0.0,0.0,0.0,0.0
DEBT-11305,CUST-11305,631.41,13818.27,0.0,4733.92,0.0,19183.6,0.0844
DEBT-11306,CUST-11306,5834.41,0.0,0.0,0.0,162173.13,168007.54,0.3161
DEBT-11307,CUST-11307,9383.71,0.0,0.0,0.0,0.0,9383.71,0.012
DEBT-11308,CUST-11308,0.0,16225.37,0.0,0.0,0.0,16225.37,0.1482
DEBT-11309,CUST-11309,13824.24,0.0,0.0,0.0,0.0,13824.24,0.0151
DEBT-11310,CUST-11310,7540.84,0.0,22642.06,0.0,0.0,30182.9,0.0516
DEBT-11311,CUST-11311,15687.9,0.0,0.0,9120.03,0.0,24807.93,0.0332
DEBT-11312,CUST-11312,1476.56,0.0,0.0,0.0,0.0,1476.56,0.0061
DEBT-11313,CUST-11313,6277.79,0.0,21127.88,0.0,0.0,27405.67,0.05
DEBT-11314,CUST-11314,8461.94,0.0,0.0,17655.51,0.0,26117.45,0.042
DEBT-11315,CUST-11315,5281.3,0.0,0.0,29005.94,0.0,34287.24,0.0652
DEBT-11316,CUST-11316,0.0,16392.94,0.0,11563.03,0.0,27955.97,0.0921
DEBT-11317,CUST-11317,4750.32,0.0,0.0,0.0,0.0,4750.32,0.009
DEBT-11318,CUST-11318,0.0,0.0,0.0,15626.71,0.0,15626.71,0.0177
DEBT-11319,CUST-11319,0.0,12358.08,0.0,0.0,397392.59,409750.67,0.4566
DEBT-11320,CUST-11320,0.0,0.0,30422.0,10396.33,0.0,40818.33,0.0418
DEBT-11321,CUST-11321,2404.24,0.0,0.0,9757.73,0.0,12161.97,0.1096
DEBT-11322,CUST-11322,12391.97,20245.93,0.0,0.0,0.0,32637.9,0.057
DEBT-11323,CUST-11323,0.0,6008.76,0.0,0.0,150506.72,156515.48,0.2848
DEBT-11324,CUST-11324,7786.01,0.0,0.0,0.0,247325.81,255111.82,0.6006
DEBT-11325,CUST-11325,2909.23,24973.42,9229.71,6106.57,0.0,43218.93,0.1152
DEBT-11326,CUST-11326,3487.64,0.0,0.0,0.0,193616.65,197104.29,0.4769
DEBT-11327,CUST-11327,7198.18,0.0,0.0,0.0,0.0,7198.18,0.02
DEBT-11328,CUST-11328,6775.62,22024.1,0.0,0.0,0.0,28799.72,0.0581
DEBT-11329,CUST-11329,0.0,0.0,0.0,20573.69,0.0,20573.69,0.0508
DEBT-11330,CUST-11330,0.0,0.0,0.0,0.0,0.0,0.0,0.0
DEBT-11331,CUST-11331,0.0,0.0,0.0,33014.31,0.0,33014.31,0.0831
DEBT-11332,CUST-11332,10804.92,0.0,0.0,0.0,109718.52,120523.44,0.2388
DEBT-11333,CUST-11333,0.0,0.0,0.0,0.0,211469.72,211469.72,0.2259
DEBT-11334,CUST-11334,5890.72,0.0,16223.68,0.0,0.0,22114.4,0.0417
DEBT-11335,CUST-11335,7469.56,0.0,0.0,0.0,0.0,7469.56,0.0135
DEBT-11336,CUST-11336,0.0,0.0,0.0,0.0,113891.31,113891.31,0.0894
DEBT-11337,CUST-11337,7163.31,0.0,0.0,0.0,0.0,7163.31,0.022
DEBT-11338,CUST-11338,1127.86,19653.84,40328.98,0.0,0.0,61110.68,0.4195
DEBT-11339,CUST-11339,4449.25,23798.49,0.0,0.0,191112.56,219360.3,0.747
DEBT-11340,CUST-11340,1044.87,0.0,32982.16,0.0,0.0,34027.03,0.2579
DEBT-11341,CUST-11341,0.0,0.0,30005.99,12730.54,409156.33,451892.86,0.6713
DEBT-11342,CUST-11342,0.0,0.0,0.0,12325.5,0.0,12325.5,0.0137
DEBT-11343,CUST-11343,0.0,0.0,0.0,0.0,0.0,0.0,0.0
DEBT-11344,CUST-11344,0.0,0.0,0.0,0.0,350320.81,350320.81,0.6133
DEBT-11345,CUST-11345,0.0,0.0,0.0,0.0,285799.9,285799.9,0.2874
DEBT-11346,CUST-11346,6370.3,17525.1,0.0,0.0,0.0,23895.4,0.049
DEBT-11347,CUST-11347,0.0,0.0,0.0,0.0,0.0,0.0,0.0
DEBT-11348,CUST-11348,839.69,15355.88,0.0,0.0,0.0,16195.57,0.0437
DEBT-11349,CUST-11349,0.0,0.0,14724.81,17706.15,0.0,32430.96,0.0602
DEBT-11350,CUST-11350,4212.48,0.0,0.0,0.0,0.0,4212.48,0.0136
DEBT-11351,CUST-11351,10051.68,0.0,0.0,0.0,188630.07,198681.75,0.401
DEBT-11352,CUST-11352,522.32,0.0,0.0,0.0,0.0,522.32,0.0015
DEBT-11353,CUST-11353,0.0,23361.07,0.0,0.0,175591.85,198952.92,0.7365
DEBT-11354,CUST-11354,10475.0,0.0,0.0,0.0,0.0,10475.0,0.023
DEBT-11355,CUST-11355,0.0,20138.46,0.0,0.0,0.0,20138.46,0.0419
DEBT-11356,CUST-11356,0.0,0.0,0.0,0.0,0.0,0.0,0.0
DEBT-11357,CUST-11357,9477.58,0.0,0.0,0.0,0.0,9477.58,0.0222
DEBT-11358,CUST-11358,10997.82,0.0,0.0,0.0,0.0,10997.82,0.0184
DEBT-11359,CUST-11359,0.0,0.0,40985.83,0.0,0.0,40985.83,0.1117
DEBT-11360,CUST-11360,0.0,0.0,0.0,0.0,0.0,0.0,0.0
DEBT-11361,CUST-11361,10288.33,0.0,0.0,0.0,0.0,10288.33,0.013
DEBT-11362,CUST-11362,0.0,0.0,0.0,26781.41,400296.19,427077.6,1.242
DEBT-11363,CUST-11363,6264.25,0.0,0.0,0.0,172187.98,178452.23,0.4074
DEBT-11364,CUST-11364,1598.73,0.0,0.0,0.0,0.0,1598.73,0.006
DEBT-11365,CUST-11365,0.0,0.0,0.0,0.0,0.0,0.0,0.0
DEBT-11366,CUST-11366,0.0,9280.01,0.0,0.0,0.0,9280.01,0.0196
DEBT-11367,CUST-11367,14546.91,0.0,0.0,12918.69,229877.92,257343.52,0.3733
DEBT-11368,CUST-11368,894.51,0.0,0.0,0.0,0.0,894.51,0.0075
DEBT-11369,CUST-11369,9561.3,13885.94,0.0,30491.38,157381.27,211319.89,0.2589
DEBT-11370,CUST-11370,9770.25,0.0,0.0,0.0,0.0,9770.25,0.016
DEBT-11371,CUST-11371,478.12,0.0,0.0,0.0,0.0,478.12,0.0096
DEBT-11372,CUST-11372,0.0,0.0,0.0,0.0,0.0,0.0,0.0
DEBT-11373,CUST-11373,0.0,0.0,0.0,0.0,0.0,0.0,0.0
DEBT-11374,CUST-11374,2248.15,12173.17,0.0,0.0,197902.25,212323.57,0.5174
DEBT-11375,CUST-11375,0.0,0.0,0.0,4847.6,0.0,4847.6,0.0045
DEBT-11376,CUST-11376,17798.83,0.0,0.0,0.0,360087.38,377886.21,0.3783
DEBT-11377,CUST-11377,2145.5,0.0,0.0,0.0,0.0,2145.5,0.0065
DEBT-11378,CUST-11378,0.0,0.0,0.0,0.0,237268.58,237268.58,0.4418
DEBT-11379,CUST-11379,3909.95,0.0,0.0,0.0,0.0,3909.95,0.0108
DEBT-11380,CUST-11380,0.0,8234.1,0.0,0.0,0.0,8234.1,0.0184
DEBT-11381,CUST-11381,0.0,0.0,0.0,0.0,0.0,0.0,0.0
DEBT-11382,CUST-11382,5361.57,0.0,0.0,0.0,0.0,5361.57,0.0111
DEBT-11383,CUST-11383,0.0,23496.83,0.0,0.0,0.0,23496.83,0.0503
DEBT-11384,CUST-11384,5292.03,0.0,0.0,19896.42,0.0,25188.45,0.0883
DEBT-11385,CUST-11385,0.0,6819.53,0.0,0.0,261368.29,268187.82,0.3746
DEBT-11386,CUST-11386,0.0,0.0,0.0,0.0,0.0,0.0,0.0
DEBT-11387,CUST-11387,6410.54,3751.43,0.0,27160.03,0.0,37322.0,0.0847
DEBT-11388,CUST-11388,0.0,0.0,0.0,5548.65,0.0,5548.65,0.0216
DEBT-11389,CUST-11389,0.0,0.0,0.0,0.0,0.0,0.0,0.0
DEBT-11390,CUST-11390,2501.99,0.0,0.0,0.0,0.0,2501.99,0.0061
DEBT-11391,CUST-11391,1060.3,0.0,0.0,0.0,0.0,1060.3,0.002
DEBT-11392,CUST-11392,488.8,0.0,0.0,0.0,0.0,488.8,0.0051
DEBT-11393,CUST-11393,0.0,0.0,0.0,0.0,0.0,0.0,0.0
DEBT-11394,CUST-11394,3857.14,0.0,0.0,0.0,0.0,3857.14,0.0064
DEBT-11395,CUST-11395,1871.17,0.0,0.0,0.0,0.0,1871.17,0.004
DEBT-11396,CUST-11396,0.0,0.0,0.0,34644.35,0.0,34644.35,0.085
DEBT-11397,CUST-11397,2908.77,14812.42,0.0,29156.7,0.0,46877.89,0.2129
DEBT-11398,CUST-11398,4120.22,0.0,0.0,11824.5,0.0,15944.72,0.0489
DEBT-11399,CUST-11399,16629.12,0.0,0.0,34279.54,0.0,50908.66,0.0451
DEBT-11400,CUST-11400,7191.79,4317.03,0.0,5216.72,161855.2,178580.74,0.2028
DEBT-11401,CUST-11401,7937.96,0.0,0.0,0.0,245506.32,253444.28,0.6332
DEBT-11402,CUST-11402,7975.6,0.0,0.0,0.0,322425.23,330400.83,0.4943
DEBT-11403,CUST-11403,7007.29,0.0,0.0,6440.55,0.0,13447.84,0.026
DEBT-11404,CUST-11404,0.0,1543.03,7035.35,0.0,0.0,8578.38,0.0201
DEBT-11405,CUST-11405,7633.37,0.0,0.0,0.0,0.0,7633.37,0.0156
DEBT-11406,CUST-11406,0.0,13509.64,0.0,20590.56,417225.66,451325.86,0.543
DEBT-11407,CUST-11407,6592.25,1905.36,0.0,9668.22,0.0,18165.83,0.0521
DEBT-11408,CUST-11408,0.0,0.0,0.0,0.0,0.0,0.0,0.0
DEBT-11409,CUST-11409,10501.38,24682.42,0.0,9750.24,0.0,44934.04,0.0719
DEBT-11410,CUST-11410,881.55,0.0,0.0,0.0,323782.3,324663.85,0.9598
DEBT-11411,CUST-11411,410.28,0.0,27024.93,23372.84,0.0,50808.05,0.1942
DEBT-11412,CUST-11412,1086.21,0.0,0.0,0.0,0.0,1086.21,0.0029
DEBT-11413,CUST-11413,8954.81,18453.9,0.0,22584.3,406485.26,456478.27,0.5662
DEBT-11414,CUST-11414,795.71,0.0,0.0,0.0,0.0,795.71,0.0021
DEBT-11415,CUST-11415,0.0,0.0,0.0,16844.25,0.0,16844.25,0.0982
DEBT-11416,CUST-11416,4994.31,0.0,0.0,0.0,0.0,4994.31,0.0063
DEBT-11417,CUST-11417,1505.26,0.0,0.0,0.0,0.0,1505.26,0.0125
DEBT-11418,CUST-11418,3580.71,0.0,0.0,30581.04,0.0,34161.75,0.0974
DEBT-11419,CUST-11419,2369.01,0.0,0.0,0.0,0.0,2369.01,0.0048
DEBT-11420,CUST-11420,0.0,18613.89,0.0,0.0,431601.69,450215.58,0.8053
DEBT-11421,CUST-11421,0.0,0.0,14081.27,0.0,104749.58,118830.85,0.1828
DEBT-11422,CUST-11422,5726.32,0.0,0.0,0.0,0.0,5726.32,0.019
DEBT-11423,CUST-11423,22289.38,0.0,0.0,33788.55,101926.46,158004.39,0.1573
DEBT-11424,CUST-11424,2496.86,20798.15,0.0,0.0,0.0,23295.01,0.1653
DEBT-11425,CUST-11425,0.0,0.0,0.0,0.0,0.0,0.0,0.0
DEBT-11426,CUST-11426,3096.26,0.0,0.0,18264.55,0.0,21360.81,0.0603
DEBT-11427,CUST-11427,4580.63,17361.64,0.0,6727.42,99946.19,128615.88,0.4958
DEBT-11428,CUST-11428,0.0,20109.21,0.0,32599.44,329636.11,382344.76,0.8157
DEBT-11429,CUST-11429,4979.99,0.0,15641.06,0.0,0.0,20621.05,0.0428
DEBT-11430,CUST-11430,13291.65,0.0,0.0,0.0,0.0,13291.65,0.0228
DEBT-11431,CUST-11431,1051.63,0.0,0.0,0.0,0.0,1051.63,0.0015
DEBT-11432,CUST-11432,1851.17,0.0,0.0,0.0,0.0,1851.17,0.0058
DEBT-11433,CUST-11433,0.0,0.0,0.0,0.0,0.0,0.0,0.0
DEBT-11434,CUST-11434,0.0,0.0,0.0,0.0,0.0,0.0,0.0
DEBT-11435,CUST-11435,0.0,23318.97,0.0,17737.3,0.0,41056.27,0.0776
DEBT-11436,CUST-11436,2182.53,0.0,0.0,0.0,0.0,2182.53,0.0045
DEBT-11437,CUST-11437,0.0,0.0,0.0,18469.63,0.0,18469.63,0.0588
DEBT-11438,CUST-11438,0.0,0.0,0.0,4706.15,0.0,4706.15,0.0094
DEBT-11439,CUST-11439,0.0,19604.64,0.0,15078.77,0.0,34683.41,0.072
DEBT-11440,CUST-11440,0.0,0.0,0.0,18677.2,0.0,18677.2,0.0342
DEBT-11441,CUST-11441,2832.9,0.0,0.0,19356.39,0.0,22189.29,0.0403
DEBT-11442,CUST-11442,3408.04,2085.79,0.0,0.0,0.0,5493.83,0.0063
DEBT-11443,CUST-11443,10487.88,0.0,0.0,0.0,197817.06,208304.94,0.4459
DEBT-11444,CUST-11444,2002.98,0.0,25150.08,0.0,0.0,27153.06,0.2467
DEBT-11445,CUST-11445,16171.53,0.0,21785.88,0.0,299488.26,337445.67,0.4079
DEBT-11446,CUST-11446,9681.96,0.0,0.0,0.0,0.0,9681.96,0.0168
DEBT-11447,CUST-11447,708.54,0.0,0.0,0.0,0.0,708.54,0.0011
DEBT-11448,CUST-11448,9325.96,0.0,0.0,0.0,312060.86,321386.82,0.5094
DEBT-11449,CUST-11449,11763.41,0.0,19103.81,0.0,0.0,30867.22,0.0441
DEBT-11450,CUST-11450,3034.05,0.0,26501.62,0.0,0.0,29535.67,0.1137
DEBT-11451,CUST-11451,0.0,0.0,0.0,0.0,0.0,0.0,0.0
DEBT-11452,CUST-11452,2402.51,0.0,0.0,0.0,0.0,2402.51,0.0053
DEBT-11453,CUST-11453,7207.65,0.0,0.0,0.0,0.0,7207.65,0.0157
DEBT-11454,CUST-11454,1729.24,0.0,0.0,13784.11,0.0,15513.35,0.178
DEBT-11455,CUST-11455,3768.35,0.0,0.0,14712.97,0.0,18481.32,0.0408
DEBT-11456,CUST-11456,7777.98,0.0,0.0,19327.44,0.0,27105.42,0.0783
DEBT-11457,CUST-11457,0.0,0.0,43497.32,0.0,0.0,43497.32,0.0789
DEBT-11458,CUST-11458,0.0,0.0,0.0,0.0,0.0,0.0,0.0
DEBT-11459,CUST-11459,0.0,0.0,0.0,9911.87,0.0,9911.87,0.02
DEBT-11460,CUST-11460,16136.01,8761.54,0.0,0.0,0.0,24897.55,0.0299
DEBT-11461,CUST-11461,0.0,17941.85,0.0,0.0,0.0,17941.85,0.0423
DEBT-11462,CUST-11462,2111.39,2294.61,0.0,0.0,0.0,4406.0,0.0082
DEBT-11463,CUST-11463,2462.38,17941.38,0.0,14562.95,0.0,34966.71,0.1065
DEBT-11464,CUST-11464,0.0,16777.34,0.0,19494.79,0.0,36272.13,0.0914
DEBT-11465,CUST-11465,0.0,0.0,0.0,0.0,208839.64,208839.64,0.4055
DEBT-11466,CUST-11466,0.0,0.0,0.0,34392.39,0.0,34392.39,0.0981
DEBT-11467,CUST-11467,7397.12,0.0,0.0,0.0,0.0,7397.12,0.0182
DEBT-11468,CUST-11468,10046.78,0.0,21388.82,12610.68,274282.93,318329.21,0.6914
DEBT-11469,CUST-11469,5245.4,0.0,0.0,0.0,91739.96,96985.36,0.2615
DEBT-11470,CUST-11470,10755.46,0.0,0.0,0.0,0.0,10755.46,0.0182
DEBT-11471,CUST-11471,6712.23,0.0,0.0,0.0,0.0,6712.23,0.0105
DEBT-11472,CUST-11472,1307.85,0.0,0.0,10869.92,0.0,12177.77,0.147
DEBT-11473,CUST-11473,9133.22,0.0,0.0,0.0,0.0,9133.22,0.02
DEBT-11474,CUST-11474,4035.87,0.0,0.0,27910.58,0.0,31946.45,0.0744
DEBT-11475,CUST-11475,6673.3,0.0,0.0,12993.07,0.0,19666.37,0.0592
DEBT-11476,CUST-11476,37396.87,16476.85,0.0,0.0,0.0,53873.72,0.0277
DEBT-11477,CUST-11477,0.0,0.0,0.0,12872.55,0.0,12872.55,0.0795
DEBT-11478,CUST-11478,6254.66,24072.03,0.0,0.0,0.0,30326.69,0.0525
DEBT-11479,CUST-11479,4289.08,9274.19,0.0,5380.4,0.0,18943.67,0.0625
DEBT-11480,CUST-11480,19012.07,0.0,25508.13,0.0,317963.56,362483.76,0.3874
DEBT-11481,CUST-11481,460.18,0.0,0.0,0.0,0.0,460.18,0.0009
DEBT-11482,CUST-11482,0.0,0.0,0.0,0.0,0.0,0.0,0.0
DEBT-11483,CUST-11483,909.63,0.0,0.0,32060.8,0.0,32970.43,0.0493
DEBT-11484,CUST-11484,5756.45,0.0,0.0,0.0,0.0,5756.45,0.0131
DEBT-11485,CUST-11485,6069.29,0.0,0.0,0.0,0.0,6069.29,0.0095
DEBT-11486,CUST-11486,0.0,0.0,0.0,0.0,0.0,0.0,0.0
DEBT-11487,CUST-11487,0.0,0.0,0.0,0.0,0.0,0.0,0.0
DEBT-11488,CUST-11488,2136.25,6220.88,0.0,14338.2,0.0,22695.33,0.0702
DEBT-11489,CUST-11489,561.59,0.0,41424.42,13691.11,0.0,55677.12,0.1339
DEBT-11490,CUST-11490,606.04,0.0,0.0,0.0,217904.82,218510.86,0.6204
DEBT-11491,CUST-11491,14786.6,0.0,0.0,32601.13,0.0,47387.73,0.047
DEBT-11492,CUST-11492,0.0,0.0,0.0,0.0,0.0,0.0,0.0
DEBT-11493,CUST-11493,4326.56,0.0,0.0,0.0,0.0,4326.56,0.007
DEBT-11494,CUST-11494,0.0,0.0,0.0,0.0,196583.42,196583.42,0.5833
DEBT-11495,CUST-11495,0.0,0.0,0.0,0.0,0.0,0.0,0.0
DEBT-11496,CUST-11496,0.0,0.0,0.0,0.0,0.0,0.0,0.0
DEBT-11497,CUST-11497,0.0,0.0,0.0,0.0,0.0,0.0,0.0
DEBT-11498,CUST-11498,0.0,0.0,0.0,0.0,0.0,0.0,0.0
DEBT-11499,CUST-11499,14025.58,0.0,0.0,0.0,0.0,14025.58,0.023
DEBT-11500,CUST-11500,7147.54,0.0,0.0,0.0,0.0,7147.54,0.0158
DEBT-11501,CUST-11501,11180.11,24911.88,0.0,0.0,0.0,36091.99,0.0713
DEBT-11502,CUST-11502,16169.93,0.0,0.0,0.0,0.0,16169.93,0.0181
DEBT-11503,CUST-11503,6004.06,0.0,0.0,6597.29,206071.05,218672.4,0.5966
DEBT-11504,CUST-11504,1379.78,0.0,0.0,0.0,238856.92,240236.7,0.365
DEBT-11505,CUST-11505,25442.82,0.0,0.0,6115.29,0.0,31558.11,0.0234
DEBT-11506,CUST-11506,13921.39,0.0,0.0,0.0,0.0,13921.39,0.0207
DEBT-11507,CUST-11507,11582.74,0.0,0.0,0.0,0.0,11582.74,0.0216
DEBT-11508,CUST-11508,626.61,0.0,0.0,29934.78,381765.09,412326.48,0.9504
DEBT-11509,CUST-11509,2977.2,0.0,0.0,11671.56,0.0,14648.76,0.0162
DEBT-11510,CUST-11510,4188.8,0.0,0.0,0.0,0.0,4188.8,0.0164
DEBT-11511,CUST-11511,13317.39,9782.26,0.0,0.0,0.0,23099.65,0.0324
DEBT-11512,CUST-11512,10189.15,0.0,0.0,0.0,0.0,10189.15,0.018
DEBT-11513,CUST-11513,0.0,1294.67,0.0,7701.72,167027.75,176024.14,0.4616
DEBT-11514,CUST-11514,0.0,0.0,0.0,30206.54,424018.82,454225.36,0.5971
DEBT-11515,CUST-11515,1969.93,0.0,0.0,0.0,373053.79,375023.72,0.6367
DEBT-11516,CUST-11516,13192.84,0.0,0.0,25438.41,217354.82,255986.07,0.4092
DEBT-11517,CUST-11517,7780.97,1443.53,0.0,0.0,326368.24,335592.74,0.3253
DEBT-11518,CUST-11518,2181.04,9762.09,0.0,0.0,0.0,11943.13,0.1097
DEBT-11519,CUST-11519,0.0,5286.91,0.0,15993.09,176300.86,197580.86,0.3853
DEBT-11520,CUST-11520,0.0,0.0,0.0,30251.32,0.0,30251.32,0.0478
DEBT-11521,CUST-11521,0.0,2654.15,0.0,0.0,0.0,2654.15,0.0073
DEBT-11522,CUST-11522,0.0,0.0,0.0,7559.67,0.0,7559.67,0.0258
DEBT-11523,CUST-11523,0.0,0.0,0.0,0.0,0.0,0.0,0.0
DEBT-11524,CUST-11524,5671.6,12204.29,0.0,0.0,228330.06,246205.95,0.4699
DEBT-11525,CUST-11525,2709.86,0.0,0.0,0.0,124031.1,126740.96,0.2764
DEBT-11526,CUST-11526,0.0,0.0,0.0,13380.71,0.0,13380.71,0.0229
DEBT-11527,CUST-11527,5806.57,0.0,0.0,0.0,207604.41,213410.98,0.341
DEBT-11528,CUST-11528,2905.63,24608.28,0.0,0.0,199255.43,226769.34,0.4664
DEBT-11529,CUST-11529,0.0,0.0,0.0,6668.18,0.0,6668.18,0.0082
DEBT-11530,CUST-11530,22137.14,0.0,0.0,0.0,0.0,22137.14,0.0194
DEBT-11531,CUST-11531,12580.3,0.0,0.0,0.0,312855.58,325435.88,0.5112
DEBT-11532,CUST-11532,0.0,0.0,10105.19,0.0,0.0,10105.19,0.0916
DEBT-11533,CUST-11533,2551.9,11367.02,0.0,0.0,351819.67,365738.59,0.4254
DEBT-11534,CUST-11534,7245.57,0.0,43843.4,0.0,0.0,51088.97,0.0972
DEBT-11535,CUST-11535,0.0,0.0,0.0,0.0,0.0,0.0,0.0
DEBT-11536,CUST-11536,847.93,0.0,0.0,26469.17,0.0,27317.1,0.0565
DEBT-11537,CUST-11537,6363.16,18791.43,0.0,0.0,274322.04,299476.63,0.7821
DEBT-11538,CUST-11538,0.0,17318.94,0.0,0.0,0.0,17318.94,0.0293
DEBT-11539,CUST-11539,7704.24,0.0,28498.61,0.0,0.0,36202.85,0.0669
DEBT-11540,CUST-11540,5468.94,16483.26,0.0,0.0,395688.07,417640.27,0.6898
DEBT-11541,CUST-11541,1455.66,12792.28,0.0,0.0,0.0,14247.94,0.0192
DEBT-11542,CUST-11542,0.0,0.0,0.0,0.0,0.0,0.0,0.0
DEBT-11543,CUST-11543,0.0,16212.91,0.0,0.0,0.0,16212.91,0.0231
DEBT-11544,CUST-11544,7069.7,0.0,0.0,8360.02,96676.89,112106.61,0.2905
DEBT-11545,CUST-11545,4599.72,0.0,0.0,11129.46,0.0,15729.18,0.0213
DEBT-11546,CUST-11546,17307.45,0.0,0.0,32991.13,275557.07,325855.65,0.4294
DEBT-11547,CUST-11547,0.0,22753.08,0.0,20382.78,0.0,43135.86,0.0766
DEBT-11548,CUST-11548,11272.21,0.0,0.0,13273.23,0.0,24545.44,0.0457
DEBT-11549,CUST-11549,1270.61,24326.81,0.0,33970.82,0.0,59568.24,0.5136
DEBT-11550,CUST-11550,8696.07,0.0,0.0,0.0,0.0,8696.07,0.0169
DEBT-11551,CUST-11551,0.0,0.0,0.0,19902.01,0.0,19902.01,0.0355
DEBT-11552,CUST-11552,7291.75,0.0,0.0,0.0,0.0,7291.75,0.0219
DEBT-11553,CUST-11553,9010.52,0.0,0.0,0.0,0.0,9010.52,0.014
DEBT-11554,CUST-11554,0.0,0.0,0.0,0.0,0.0,0.0,0.0
DEBT-11555,CUST-11555,837.95,18979.46,0.0,0.0,116782.25,136599.66,0.4217
DEBT-11556,CUST-11556,5589.19,17402.03,0.0,0.0,263480.53,286471.75,0.5298
DEBT-11557,CUST-11557,0.0,0.0,0.0,0.0,0.0,0.0,0.0
DEBT-11558,CUST-11558,0.0,0.0,0.0,0.0,0.0,0.0,0.0
DEBT-11559,CUST-11559,0.0,0.0,0.0,0.0,0.0,0.0,0.0
DEBT-11560,CUST-11560,9960.11,24813.95,0.0,0.0,0.0,34774.06,0.0563
DEBT-11561,CUST-11561,0.0,0.0,0.0,0.0,0.0,0.0,0.0
DEBT-11562,CUST-11562,9820.5,0.0,0.0,0.0,0.0,9820.5,0.0131
DEBT-11563,CUST-11563,4893.68,0.0,0.0,0.0,0.0,4893.68,0.0082
DEBT-11564,CUST-11564,272.4,0.0,0.0,4452.85,0.0,4725.25,0.0774
DEBT-11565,CUST-11565,10847.23,0.0,0.0,0.0,159753.43,170600.66,0.3249
DEBT-11566,CUST-11566,4590.23,0.0,0.0,20939.36,352916.75,378446.34,0.9253
DEBT-11567,CUST-11567,0.0,24298.77,0.0,34771.65,363353.84,422424.26,1.1253
DEBT-11568,CUST-11568,4271.19,0.0,0.0,0.0,0.0,4271.19,0.0159
DEBT-11569,CUST-11569,892.63,23895.69,0.0,34799.54,0.0,59587.86,0.1874
DEBT-11570,CUST-11570,0.0,0.0,0.0,21039.25,251801.17,272840.42,0.3934
DEBT-11571,CUST-11571,2776.46,11558.53,0.0,8396.81,0.0,22731.8,0.0589
DEBT-11572,CUST-11572,0.0,0.0,0.0,34441.09,295729.23,330170.32,0.9799
DEBT-11573,CUST-11573,6584.33,0.0,0.0,0.0,0.0,6584.33,0.0096
DEBT-11574,CUST-11574,0.0,0.0,0.0,0.0,374789.95,374789.95,0.4235
DEBT-11575,CUST-11575,0.0,0.0,0.0,14582.48,0.0,14582.48,0.0192
DEBT-11576,CUST-11576,8734.12,0.0,0.0,0.0,201710.71,210444.83,0.4498
DEBT-11577,CUST-11577,8415.97,24310.98,0.0,5528.03,0.0,38254.98,0.0888
DEBT-11578,CUST-11578,1078.42,0.0,0.0,0.0,0.0,1078.42,0.0035
DEBT-11579,CUST-11579,0.0,0.0,0.0,27516.01,0.0,27516.01,0.1369
DEBT-11580,CUST-11580,2605.5,0.0,0.0,5123.6,161255.31,168984.41,0.2951
DEBT-11581,CUST-11581,15229.48,0.0,0.0,0.0,0.0,15229.48,0.0201
DEBT-11582,CUST-11582,3214.05,0.0,0.0,0.0,0.0,3214.05,0.0059
DEBT-11583,CUST-11583,0.0,0.0,0.0,0.0,0.0,0.0,0.0
DEBT-11584,CUST-11584,14251.35,0.0,0.0,0.0,0.0,14251.35,0.0202
DEBT-11585,CUST-11585,10254.83,0.0,0.0,0.0,0.0,10254.83,0.022
DEBT-11586,CUST-11586,5739.06,0.0,0.0,19620.99,0.0,25360.05,0.0458
DEBT-11587,CUST-11587,10716.37,0.0,0.0,0.0,0.0,10716.37,0.0136
DEBT-11588,CUST-11588,1930.68,0.0,0.0,34598.55,0.0,36529.23,0.0815
DEBT-11589,CUST-11589,0.0,0.0,0.0,31267.1,0.0,31267.1,0.0715
DEBT-11590,CUST-11590,3068.07,0.0,0.0,13502.09,0.0,16570.16,0.0571
DEBT-11591,CUST-11591,718.66,0.0,0.0,0.0,296357.06,297075.72,0.6434
DEBT-11592,CUST-11592,0.0,6055.52,0.0,18122.49,335165.01,359343.02,0.8654
DEBT-11593,CUST-11593,1149.11,6351.38,15171.48,0.0,224382.85,247054.82,0.5002
DEBT-11594,CUST-11594,1819.2,11477.51,0.0,8593.79,214696.83,236587.33,0.6278
DEBT-11595,CUST-11595,12598.31,0.0,0.0,0.0,0.0,12598.31,0.0202
DEBT-11596,CUST-11596,0.0,0.0,0.0,0.0,0.0,0.0,0.0
DEBT-11597,CUST-11597,3123.62,0.0,39330.79,23252.1,0.0,65706.51,0.1785
DEBT-11598,CUST-11598,0.0,0.0,0.0,0.0,0.0,0.0,0.0
DEBT-11599,CUST-11599,7224.41,0.0,0.0,0.0,0.0,7224.41,0.0153
DEBT-11600,CUST-11600,3336.68,0.0,0.0,12850.1,0.0,16186.78,0.0492
DEBT-11601,CUST-11601,1432.78,0.0,0.0,0.0,428142.19,429574.97,0.442
DEBT-11602,CUST-11602,10998.78,5219.8,0.0,7364.12,0.0,23582.7,0.042
DEBT-11603,CUST-11603,0.0,0.0,0.0,0.0,320098.71,320098.71,0.4594
DEBT-11604,CUST-11604,6605.01,0.0,0.0,0.0,249242.2,255847.21,0.4668
DEBT-11605,CUST-11605,10594.51,0.0,0.0,0.0,0.0,10594.51,0.0081
DEBT-11606,CUST-11606,2707.96,0.0,0.0,30707.89,92627.28,126043.13,0.2444
DEBT-11607,CUST-11607,0.0,0.0,14077.12,0.0,0.0,14077.12,0.0197
DEBT-11608,CUST-11608,3322.4,6949.93,0.0,0.0,0.0,10272.33,0.0313
DEBT-11609,CUST-11609,4636.66,8260.8,0.0,12757.94,0.0,25655.4,0.0583
DEBT-11610,CUST-11610,0.0,17304.26,0.0,0.0,0.0,17304.26,0.0528
DEBT-11611,CUST-11611,0.0,0.0,0.0,19114.47,0.0,19114.47,0.0422
DEBT-11612,CUST-11612,5094.42,0.0,0.0,0.0,0.0,5094.42,0.0089
DEBT-11613,CUST-11613,12255.61,0.0,0.0,0.0,142794.36,155049.97,0.255
DEBT-11614,CUST-11614,6429.02,0.0,0.0,0.0,204393.36,210822.38,0.3718
DEBT-11615,CUST-11615,7313.99,0.0,0.0,11613.26,0.0,18927.25,0.0328
DEBT-11616,CUST-11616,0.0,0.0,0.0,0.0,0.0,0.0,0.0
DEBT-11617,CUST-11617,12464.91,6176.1,0.0,10595.14,0.0,29236.15,0.0385
DEBT-11618,CUST-11618,8103.25,0.0,0.0,5261.96,224360.58,237725.79,0.237
DEBT-11619,CUST-11619,1170.96,0.0,0.0,0.0,0.0,1170.96,0.0028
DEBT-11620,CUST-11620,0.0,0.0,41658.6,22039.64,218925.96,282624.2,0.2974
DEBT-11621,CUST-11621,5533.78,0.0,0.0,0.0,0.0,5533.78,0.0092
DEBT-11622,CUST-11622,2647.46,0.0,36334.01,27716.98,0.0,66698.45,0.5505
DEBT-11623,CUST-11623,0.0,0.0,0.0,6358.45,0.0,6358.45,0.0068
DEBT-11624,CUST-11624,2043.81,0.0,0.0,0.0,0.0,2043.81,0.0166
DEBT-11625,CUST-11625,6300.32,5204.65,0.0,6400.64,0.0,17905.61,0.0435
DEBT-11626,CUST-11626,2846.27,0.0,0.0,0.0,0.0,2846.27,0.0037
DEBT-11627,CUST-11627,708.77,0.0,0.0,11627.02,0.0,12335.79,0.0287
DEBT-11628,CUST-11628,0.0,0.0,0.0,0.0,0.0,0.0,0.0
DEBT-11629,CUST-11629,8426.98,0.0,0.0,0.0,0.0,8426.98,0.0187
DEBT-11630,CUST-11630,13139.54,0.0,0.0,0.0,0.0,13139.54,0.0134
DEBT-11631,CUST-11631,8225.06,0.0,0.0,0.0,0.0,8225.06,0.0113
DEBT-11632,CUST-11632,8293.73,2623.12,0.0,0.0,0.0,10916.85,0.0133
DEBT-11633,CUST-11633,0.0,0.0,0.0,0.0,0.0,0.0,0.0
DEBT-11634,CUST-11634,0.0,0.0,0.0,0.0,0.0,0.0,0.0
DEBT-11635,CUST-11635,0.0,3332.8,21120.03,0.0,0.0,24452.83,0.077
DEBT-11636,CUST-11636,0.0,0.0,0.0,0.0,0.0,0.0,0.0
DEBT-11637,CUST-11637,0.0,15864.29,0.0,14050.82,0.0,29915.11,0.0574
DEBT-11638,CUST-11638,9628.55,0.0,0.0,26347.63,0.0,35976.18,0.0342
DEBT-11639,CUST-11639,10288.46,0.0,0.0,0.0,422223.52,432511.98,0.9545
DEBT-11640,CUST-11640,0.0,0.0,0.0,0.0,0.0,0.0,0.0
DEBT-11641,CUST-11641,12247.74,0.0,0.0,7203.51,129716.42,149167.67,0.2291
DEBT-11642,CUST-11642,10688.75,0.0,0.0,0.0,127186.88,137875.63,0.2351
DEBT-11643,CUST-11643,2320.45,0.0,0.0,0.0,0.0,2320.45,0.0027
DEBT-11644,CUST-11644,7616.7,21210.27,0.0,0.0,0.0,28826.97,0.0517
DEBT-11645,CUST-11645,0.0,0.0,0.0,26159.16,0.0,26159.16,0.0289
DEBT-11646,CUST-11646,1246.18,0.0,0.0,0.0,0.0,1246.18,0.0041
DEBT-11647,CUST-11647,10404.95,11569.66,0.0,0.0,276019.69,297994.3,0.4583
DEBT-11648,CUST-11648,0.0,0.0,0.0,0.0,0.0,0.0,0.0
DEBT-11649,CUST-11649,0.0,6626.47,0.0,0.0,268467.6,275094.07,0.1806
DEBT-11650,CUST-11650,0.0,0.0,0.0,0.0,0.0,0.0,0.0
DEBT-11651,CUST-11651,3315.61,7027.17,0.0,0.0,199382.34,209725.12,0.8533
DEBT-11652,CUST-11652,0.0,11033.0,0.0,0.0,0.0,11033.0,0.0592
DEBT-11653,CUST-11653,13848.39,3998.21,0.0,0.0,0.0,17846.6,0.0225
DEBT-11654,CUST-11654,2871.98,21967.23,0.0,7597.81,0.0,32437.02,0.108
DEBT-11655,CUST-11655,2112.28,0.0,0.0,21795.3,0.0,23907.58,0.0569
DEBT-11656,CUST-11656,2188.6,17388.36,0.0,20125.59,0.0,39702.55,0.0541
DEBT-11657,CUST-11657,5099.36,7494.18,0.0,0.0,0.0,12593.54,0.0345
DEBT-11658,CUST-11658,0.0,0.0,0.0,0.0,0.0,0.0,0.0
DEBT-11659,CUST-11659,15625.4,2071.32,0.0,0.0,404653.6,422350.32,0.6025
DEBT-11660,CUST-11660,10478.96,0.0,37892.49,22255.62,186877.18,257504.25,0.4436
DEBT-11661,CUST-11661,1222.12,21807.48,0.0,0.0,0.0,23029.6,0.1765
DEBT-11662,CUST-11662,9703.83,0.0,0.0,0.0,0.0,9703.83,0.0189
DEBT-11663,CUST-11663,4524.7,0.0,0.0,9271.04,0.0,13795.74,0.0191
DEBT-11664,CUST-11664,0.0,23064.13,5122.76,0.0,0.0,28186.89,0.0385
DEBT-11665,CUST-11665,21141.13,0.0,0.0,0.0,424929.84,446070.97,0.4172
DEBT-11666,CUST-11666,17548.41,5304.07,0.0,7219.12,0.0,30071.6,0.0317
DEBT-11667,CUST-11667,182.15,13314.5,0.0,22849.53,0.0,36346.18,0.3176
DEBT-11668,CUST-11668,1708.81,0.0,0.0,0.0,157095.21,158804.02,0.4062
DEBT-11669,CUST-11669,8421.8,0.0,0.0,10562.49,0.0,18984.29,0.0433
DEBT-11670,CUST-11670,834.9,0.0,0.0,0.0,0.0,834.9,0.0014
DEBT-11671,CUST-11671,0.0,0.0,0.0,0.0,0.0,0.0,0.0
DEBT-11672,CUST-11672,0.0,0.0,0.0,0.0,0.0,0.0,0.0
DEBT-11673,CUST-11673,13266.95,0.0,0.0,0.0,0.0,13266.95,0.0218
DEBT-11674,CUST-11674,13102.34,0.0,0.0,0.0,0.0,13102.34,0.0185
DEBT-11675,CUST-11675,4069.21,0.0,0.0,34226.75,0.0,38295.96,0.0877
DEBT-11676,CUST-11676,1038.56,0.0,0.0,7198.44,0.0,8237.0,0.0693
DEBT-11677,CUST-11677,5769.23,20329.54,0.0,8618.59,0.0,34717.36,0.0508
DEBT-11678,CUST-11678,3319.54,5732.01,29659.91,0.0,0.0,38711.46,0.0932
DEBT-11679,CUST-11679,10606.47,0.0,0.0,26044.39,0.0,36650.86,0.072
DEBT-11680,CUST-11680,0.0,0.0,0.0,0.0,0.0,0.0,0.0
DEBT-11681,CUST-11681,3701.35,0.0,0.0,31983.35,0.0,35684.7,0.161
DEBT-11682,CUST-11682,6464.68,8383.78,0.0,0.0,0.0,14848.46,0.0522
DEBT-11683,CUST-11683,3120.86,10429.52,0.0,0.0,0.0,13550.38,0.0243
DEBT-11684,CUST-11684,3009.05,0.0,0.0,0.0,0.0,3009.05,0.0226
DEBT-11685,CUST-11685,0.0,0.0,0.0,4531.34,0.0,4531.34,0.0168
DEBT-11686,CUST-11686,0.0,19856.27,0.0,0.0,0.0,19856.27,0.0603
DEBT-11687,CUST-11687,4738.11,0.0,0.0,0.0,0.0,4738.11,0.0146
DEBT-11688,CUST-11688,0.0,0.0,0.0,0.0,0.0,0.0,0.0
DEBT-11689,CUST-11689,1938.11,0.0,0.0,20027.62,0.0,21965.73,0.1757
DEBT-11690,CUST-11690,0.0,0.0,0.0,8739.18,0.0,8739.18,0.0114
DEBT-11691,CUST-11691,0.0,0.0,0.0,0.0,122903.83,122903.83,0.3332
DEBT-11692,CUST-11692,4194.98,0.0,0.0,0.0,0.0,4194.98,0.0069
DEBT-11693,CUST-11693,10521.96,0.0,0.0,0.0,84202.91,94724.87,0.1598
DEBT-11694,CUST-11694,3521.33,0.0,0.0,33992.59,0.0,37513.92,0.1
DEBT-11695,CUST-11695,0.0,0.0,0.0,0.0,0.0,0.0,0.0
DEBT-11696,CUST-11696,1323.76,0.0,0.0,33070.77,0.0,34394.53,0.088
DEBT-11697,CUST-11697,6756.59,0.0,0.0,0.0,0.0,6756.59,0.0184
DEBT-11698,CUST-11698,9275.09,17422.28,0.0,0.0,0.0,26697.37,0.0357
DEBT-11699,CUST-11699,2883.74,1032.32,0.0,32331.46,82083.59,118331.11,0.1298
DEBT-11700,CUST-11700,15429.09,22667.32,0.0,0.0,0.0,38096.41,0.0435
DEBT-11701,CUST-11701,10102.92,0.0,0.0,0.0,217238.65,227341.57,0.3683
DEBT-11702,CUST-11702,10373.02,18125.95,0.0,0.0,0.0,28498.97,0.0567
DEBT-11703,CUST-11703,0.0,0.0,0.0,0.0,0.0,0.0,0.0
DEBT-11704,CUST-11704,3861.05,0.0,0.0,0.0,0.0,3861.05,0.013
DEBT-11705,CUST-11705,5892.74,0.0,0.0,0.0,0.0,5892.74,0.0068
DEBT-11706,CUST-11706,0.0,0.0,0.0,28838.41,131231.59,160070.0,0.4676
DEBT-11707,CUST-11707,21105.38,0.0,0.0,0.0,138750.48,159855.86,0.1593
DEBT-11708,CUST-11708,0.0,0.0,0.0,24977.11,0.0,24977.11,0.1593
DEBT-11709,CUST-11709,12302.85,0.0,0.0,0.0,313443.61,325746.46,0.6001
DEBT-11710,CUST-11710,0.0,19673.64,0.0,0.0,211591.49,231265.13,0.3465
DEBT-11711,CUST-11711,0.0,0.0,14170.71,7312.53,0.0,21483.24,0.0553
DEBT-11712,CUST-11712,2235.97,1533.56,0.0,0.0,227517.49,231287.02,0.8928
DEBT-11713,CUST-11713,0.0,0.0,0.0,32647.04,0.0,32647.04,0.0361
DEBT-11714,CUST-11714,2091.66,0.0,0.0,0.0,275687.69,277779.35,0.2175
DEBT-11715,CUST-11715,2117.93,0.0,0.0,0.0,0.0,2117.93,0.0042
DEBT-11716,CUST-11716,0.0,0.0,0.0,8457.48,0.0,8457.48,0.014
DEBT-11717,CUST-11717,873.53,1570.14,0.0,0.0,0.0,2443.67,0.0126
DEBT-11718,CUST-11718,721.02,0.0,0.0,0.0,138017.73,138738.75,0.2931
DEBT-11719,CUST-11719,4011.08,9861.24,0.0,13209.43,0.0,27081.75,0.0253
DEBT-11720,CUST-11720,0.0,16414.12,0.0,0.0,0.0,16414.12,0.0332
DEBT-11721,CUST-11721,601.78,0.0,7048.41,0.0,170647.05,178297.24,0.3686
DEBT-11722,CUST-11722,5372.58,0.0,0.0,0.0,0.0,5372.58,0.0069
DEBT-11723,CUST-11723,7821.08,0.0,0.0,0.0,226550.88,234371.96,0.4548
DEBT-11724,CUST-11724,0.0,0.0,0.0,31110.17,0.0,31110.17,0.0865
DEBT-11725,CUST-11725,8928.9,0.0,0.0,0.0,0.0,8928.9,0.0186
DEBT-11726,CUST-11726,18721.98,3430.18,0.0,28444.85,0.0,50597.01,0.0532
DEBT-11727,CUST-11727,1576.66,0.0,0.0,0.0,0.0,1576.66,0.0054
DEBT-11728,CUST-11728,0.0,16521.15,0.0,30701.8,0.0,47222.95,0.1367
DEBT-11729,CUST-11729,6659.1,0.0,0.0,0.0,0.0,6659.1,0.0108
DEBT-11730,CUST-11730,3250.94,0.0,0.0,18652.6,335701.86,357605.4,0.3907
DEBT-11731,CUST-11731,15221.63,0.0,38580.68,0.0,0.0,53802.31,0.0635
DEBT-11732,CUST-11732,2650.91,0.0,0.0,0.0,0.0,2650.91,0.0082
DEBT-11733,CUST-11733,7010.78,0.0,25470.72,0.0,0.0,32481.5,0.0777
DEBT-11734,CUST-11734,7496.95,0.0,0.0,20497.74,0.0,27994.69,0.0804
DEBT-11735,CUST-11735,1778.45,24614.17,0.0,0.0,145883.92,172276.54,0.2343
DEBT-11736,CUST-11736,11616.64,0.0,0.0,5187.23,0.0,16803.87,0.0315
DEBT-11737,CUST-11737,6464.49,0.0,0.0,0.0,0.0,6464.49,0.0224
DEBT-11738,CUST-11738,7983.83,0.0,0.0,0.0,0.0,7983.83,0.015
DEBT-11739,CUST-11739,0.0,17308.23,0.0,33130.01,0.0,50438.24,0.1224
DEBT-11740,CUST-11740,0.0,0.0,0.0,0.0,0.0,0.0,0.0
DEBT-11741,CUST-11741,0.0,16257.33,0.0,19805.09,0.0,36062.42,0.0394
DEBT-11742,CUST-11742,9456.02,0.0,33853.57,0.0,0.0,43309.59,0.082
DEBT-11743,CUST-11743,0.0,0.0,0.0,0.0,243514.8,243514.8,0.3
DEBT-11744,CUST-11744,4888.92,0.0,32100.35,0.0,0.0,36989.27,0.0723
DEBT-11745,CUST-11745,0.0,0.0,0.0,31932.8,0.0,31932.8,0.1091
DEBT-11746,CUST-11746,7689.27,0.0,0.0,0.0,91934.42,99623.69,0.2834
DEBT-11747,CUST-11747,7546.6,0.0,0.0,0.0,0.0,7546.6,0.0151
DEBT-11748,CUST-11748,0.0,0.0,0.0,23813.54,0.0,23813.54,0.085
DEBT-11749,CUST-11749,4952.68,0.0,0.0,0.0,0.0,4952.68,0.0118
DEBT-11750,CUST-11750,0.0,6503.67,0.0,30956.54,262084.5,299544.71,0.6629
DEBT-11751,CUST-11751,14711.71,0.0,0.0,0.0,0.0,14711.71,0.0222
DEBT-11752,CUST-11752,0.0,0.0,0.0,22109.8,0.0,22109.8,0.0187
DEBT-11753,CUST-11753,3957.07,0.0,0.0,0.0,0.0,3957.07,0.0069
DEBT-11754,CUST-11754,1937.22,0.0,0.0,0.0,122045.28,123982.5,0.3849
DEBT-11755,CUST-11755,0.0,0.0,0.0,0.0,0.0,0.0,0.0
DEBT-11756,CUST-11756,0.0,0.0,0.0,0.0,0.0,0.0,0.0
DEBT-11757,CUST-11757,2567.7,16232.2,0.0,0.0,0.0,18799.9,0.0702
DEBT-11758,CUST-11758,1436.61,0.0,0.0,33562.17,0.0,34998.78,0.0793
DEBT-11759,CUST-11759,7284.34,0.0,18903.29,17310.55,0.0,43498.18,0.106
DEBT-11760,CUST-11760,0.0,0.0,0.0,0.0,0.0,0.0,0.0
DEBT-11761,CUST-11761,0.0,0.0,0.0,0.0,337467.53,337467.53,0.7838
DEBT-11762,CUST-11762,8315.4,0.0,0.0,0.0,0.0,8315.4,0.0147
DEBT-11763,CUST-11763,10532.7,0.0,0.0,0.0,0.0,10532.7,0.018
DEBT-11764,CUST-11764,11617.95,15359.72,0.0,16505.37,0.0,43483.04,0.0774
DEBT-11765,CUST-11765,0.0,0.0,0.0,0.0,0.0,0.0,0.0
DEBT-11766,CUST-11766,0.0,8808.02,0.0,0.0,0.0,8808.02,0.011
DEBT-11767,CUST-11767,1256.3,0.0,0.0,0.0,0.0,1256.3,0.0092
DEBT-11768,CUST-11768,2684.71,0.0,0.0,0.0,0.0,2684.71,0.0097
DEBT-11769,CUST-11769,0.0,0.0,0.0,0.0,0.0,0.0,0.0
DEBT-11770,CUST-11770,18065.61,0.0,0.0,0.0,0.0,18065.61,0.0225
DEBT-11771,CUST-11771,0.0,1777.08,20795.96,13624.51,0.0,36197.55,0.2704
DEBT-11772,CUST-11772,17107.46,5369.56,0.0,0.0,0.0,22477.02,0.025
DEBT-11773,CUST-11773,0.0,3128.74,0.0,26235.22,100646.23,130010.19,0.1946
DEBT-11774,CUST-11774,0.0,0.0,0.0,27533.65,0.0,27533.65,0.0352
DEBT-11775,CUST-11775,9278.68,0.0,30312.04,13440.57,0.0,53031.29,0.0887
DEBT-11776,CUST-11776,1240.46,5180.61,0.0,0.0,0.0,6421.07,0.0121
DEBT-11777,CUST-11777,11251.16,0.0,0.0,0.0,218035.61,229286.77,0.4658
DEBT-11778,CUST-11778,1541.74,0.0,0.0,0.0,0.0,1541.74,0.0035
DEBT-11779,CUST-11779,9626.37,0.0,0.0,22904.8,421221.67,453752.84,0.5322
DEBT-11780,CUST-11780,2716.97,17118.95,0.0,0.0,0.0,19835.92,0.0463
DEBT-11781,CUST-11781,2450.72,0.0,0.0,20386.57,252782.65,275619.94,0.5703
DEBT-11782,CUST-11782,0.0,0.0,0.0,0.0,278973.81,278973.81,0.5028
DEBT-11783,CUST-11783,8560.36,0.0,0.0,0.0,261018.2,269578.56,0.2568
DEBT-11784,CUST-11784,7275.19,0.0,0.0,18446.08,0.0,25721.27,0.0545
DEBT-11785,CUST-11785,4961.97,18823.16,0.0,0.0,345544.82,369329.95,0.9095
DEBT-11786,CUST-11786,315.26,0.0,0.0,19697.03,0.0,20012.29,0.0606
DEBT-11787,CUST-11787,20217.21,0.0,26731.55,0.0,439940.52,486889.28,0.4989
DEBT-11788,CUST-11788,8572.14,0.0,0.0,0.0,119600.3,128172.44,0.1791
DEBT-11789,CUST-11789,0.0,0.0,0.0,0.0,312234.06,312234.06,0.4929
DEBT-11790,CUST-11790,253.88,0.0,34189.49,9240.7,159310.5,202994.57,0.5448
DEBT-11791,CUST-11791,11198.01,0.0,0.0,0.0,232535.04,243733.05,0.4608
DEBT-11792,CUST-11792,1156.7,22848.85,0.0,28994.22,0.0,52999.77,0.8462
DEBT-11793,CUST-11793,1989.98,0.0,0.0,32248.09,0.0,34238.07,0.0471
DEBT-11794,CUST-11794,0.0,0.0,0.0,0.0,373389.32,373389.32,0.5221
DEBT-11795,CUST-11795,2447.72,8440.5,0.0,0.0,0.0,10888.22,0.0241
DEBT-11796,CUST-11796,0.0,0.0,0.0,0.0,240539.58,240539.58,0.3488
DEBT-11797,CUST-11797,7742.49,0.0,0.0,6588.99,228605.3,242936.78,0.4121
DEBT-11798,CUST-11798,670.0,0.0,0.0,0.0,0.0,670.0,0.0016
DEBT-11799,CUST-11799,0.0,9167.69,0.0,0.0,0.0,9167.69,0.0975
DEBT-11800,CUST-11800,5119.69,0.0,0.0,0.0,432723.22,437842.91,1.4312
DEBT-11801,CUST-11801,0.0,0.0,0.0,0.0,0.0,0.0,0.0
DEBT-11802,CUST-11802,0.0,0.0,0.0,0.0,0.0,0.0,0.0
DEBT-11803,CUST-11803,0.0,5048.99,0.0,0.0,0.0,5048.99,0.0304
DEBT-11804,CUST-11804,0.0,0.0,0.0,5333.22,0.0,5333.22,0.0144
DEBT-11805,CUST-11805,9909.34,0.0,15036.98,31533.07,0.0,56479.39,0.1104
DEBT-11806,CUST-11806,9402.68,4352.54,0.0,0.0,0.0,13755.22,0.0169
DEBT-11807,CUST-11807,9606.06,0.0,40439.88,30132.47,0.0,80178.41,0.134
DEBT-11808,CUST-11808,0.0,0.0,0.0,0.0,0.0,0.0,0.0
DEBT-11809,CUST-11809,12954.31,24703.71,0.0,0.0,0.0,37658.02,0.0394
DEBT-11810,CUST-11810,9577.68,12525.41,0.0,0.0,0.0,22103.09,0.052
DEBT-11811,CUST-11811,4047.41,8465.36,0.0,0.0,0.0,12512.77,0.0487
DEBT-11812,CUST-11812,0.0,0.0,0.0,0.0,279868.71,279868.71,0.9419
DEBT-11813,CUST-11813,4489.67,1967.39,0.0,4871.11,0.0,11328.17,0.0214
DEBT-11814,CUST-11814,4450.24,0.0,29357.25,0.0,0.0,33807.49,0.0812
DEBT-11815,CUST-11815,3466.38,0.0,0.0,26451.19,0.0,29917.57,0.0633
DEBT-11816,CUST-11816,0.0,18084.48,0.0,12687.47,0.0,30771.95,0.4586
DEBT-11817,CUST-11817,6430.15,0.0,0.0,0.0,0.0,6430.15,0.0213
DEBT-11818,CUST-11818,5145.17,0.0,0.0,0.0,0.0,5145.17,0.0129
DEBT-11819,CUST-11819,0.0,23031.56,0.0,0.0,0.0,23031.56,0.0296
DEBT-11820,CUST-11820,0.0,2672.77,0.0,0.0,0.0,2672.77,0.0095
DEBT-11821,CUST-11821,0.0,6454.01,0.0,0.0,0.0,6454.01,0.0135
DEBT-11822,CUST-11822,379.5,0.0,5510.67,0.0,0.0,5890.17,0.0154
DEBT-11823,CUST-11823,12090.87,0.0,0.0,0.0,0.0,12090.87,0.0112
DEBT-11824,CUST-11824,0.0,11090.79,0.0,30095.89,0.0,41186.68,0.0563
DEBT-11825,CUST-11825,0.0,0.0,0.0,0.0,0.0,0.0,0.0
DEBT-11826,CUST-11826,0.0,0.0,7753.37,19749.45,0.0,27502.82,0.2431
DEBT-11827,CUST-11827,6196.45,0.0,0.0,0.0,0.0,6196.45,0.0124
DEBT-11828,CUST-11828,0.0,0.0,0.0,14352.05,0.0,14352.05,0.0309
DEBT-11829,CUST-11829,1632.08,0.0,0.0,0.0,0.0,1632.08,0.0032
DEBT-11830,CUST-11830,0.0,0.0,0.0,0.0,0.0,0.0,0.0
DEBT-11831,CUST-11831,172.51,0.0,0.0,0.0,0.0,172.51,0.0017
DEBT-11832,CUST-11832,10982.57,0.0,0.0,14325.79,400993.81,426302.17,0.8663
DEBT-11833,CUST-11833,8968.49,0.0,0.0,0.0,0.0,8968.49,0.0158
DEBT-11834,CUST-11834,0.0,0.0,0.0,9545.27,0.0,9545.27,0.01
DEBT-11835,CUST-11835,0.0,7544.92,0.0,0.0,0.0,7544.92,0.0335
DEBT-11836,CUST-11836,10070.65,22872.09,0.0,31527.66,0.0,64470.4,0.1002
DEBT-11837,CUST-11837,4274.54,24677.45,0.0,0.0,0.0,28951.99,0.0482
DEBT-11838,CUST-11838,2375.89,7682.29,0.0,0.0,0.0,10058.18,0.0267
DEBT-11839,CUST-11839,2424.64,2848.84,0.0,30621.49,0.0,35894.97,0.3389
DEBT-11840,CUST-11840,0.0,0.0,0.0,0.0,0.0,0.0,0.0
DEBT-11841,CUST-11841,3213.59,0.0,0.0,0.0,0.0,3213.59,0.0222
DEBT-11842,CUST-11842,19457.66,0.0,41973.38,0.0,0.0,61431.04,0.0562
DEBT-11843,CUST-11843,7497.74,0.0,0.0,0.0,0.0,7497.74,0.0173
DEBT-11844,CUST-11844,0.0,0.0,0.0,0.0,322575.75,322575.75,0.877
DEBT-11845,CUST-11845,566.98,24655.47,0.0,0.0,0.0,25222.45,0.4817
DEBT-11846,CUST-11846,2667.97,24815.96,0.0,0.0,0.0,27483.93,0.0989
DEBT-11847,CUST-11847,4969.71,4148.95,0.0,0.0,0.0,9118.66,0.027
DEBT-11848,CUST-11848,9117.0,0.0,0.0,34539.92,0.0,43656.92,0.0582
DEBT-11849,CUST-11849,1946.12,0.0,0.0,0.0,0.0,1946.12,0.0091
DEBT-11850,CUST-11850,3521.79,0.0,0.0,0.0,0.0,3521.79,0.0157
DEBT-11851,CUST-11851,1756.01,0.0,0.0,0.0,0.0,1756.01,0.0061
DEBT-11852,CUST-11852,0.0,0.0,0.0,0.0,0.0,0.0,0.0
DEBT-11853,CUST-11853,1284.6,0.0,8117.75,0.0,0.0,9402.35,0.1107
DEBT-11854,CUST-11854,4557.94,13173.66,29185.36,0.0,422393.31,469310.27,1.4066
DEBT-11855,CUST-11855,2081.78,0.0,0.0,0.0,0.0,2081.78,0.0035
DEBT-11856,CUST-11856,10686.47,0.0,0.0,13966.92,396023.58,420676.97,0.6092
DEBT-11857,CUST-11857,1485.26,0.0,40307.76,0.0,0.0,41793.02,0.3519
DEBT-11858,CUST-11858,5978.6,10660.83,0.0,0.0,0.0,16639.43,0.0167
DEBT-11859,CUST-11859,4339.93,0.0,12063.4,0.0,0.0,16403.33,0.0286
DEBT-11860,CUST-11860,7549.27,14752.36,22438.02,21400.43,239010.72,305150.8,0.7028
DEBT-11861,CUST-11861,10613.66,7470.89,0.0,29310.19,431592.41,478987.15,0.5247
DEBT-11862,CUST-11862,4736.18,0.0,12670.27,0.0,0.0,17406.45,0.0564
DEBT-11863,CUST-11863,8816.17,0.0,0.0,33414.91,427465.54,469696.62,0.3509
DEBT-11864,CUST-11864,0.0,10923.0,0.0,0.0,198415.25,209338.25,0.331
DEBT-11865,CUST-11865,0.0,20016.87,0.0,0.0,0.0,20016.87,0.0322
DEBT-11866,CUST-11866,16572.72,0.0,0.0,0.0,0.0,16572.72,0.0202
DEBT-11867,CUST-11867,0.0,9179.51,0.0,0.0,0.0,9179.51,0.123
DEBT-11868,CUST-11868,10304.33,10045.95,0.0,0.0,0.0,20350.28,0.0381
DEBT-11869,CUST-11869,0.0,21818.11,0.0,0.0,180976.56,202794.67,0.2648
DEBT-11870,CUST-11870,8984.39,21323.17,0.0,0.0,0.0,30307.56,0.0404
DEBT-11871,CUST-11871,7625.18,21888.39,0.0,9981.08,269651.5,309146.15,0.7828
DEBT-11872,CUST-11872,0.0,0.0,0.0,0.0,0.0,0.0,0.0
DEBT-11873,CUST-11873,0.0,0.0,0.0,0.0,0.0,0.0,0.0
DEBT-11874,CUST-11874,1997.94,0.0,0.0,19318.76,121248.3,142565.0,0.3697
DEBT-11875,CUST-11875,246.92,0.0,0.0,14734.62,0.0,14981.54,0.0501
DEBT-11876,CUST-11876,8969.57,0.0,0.0,0.0,0.0,8969.57,0.0224
DEBT-11877,CUST-11877,15944.56,0.0,0.0,0.0,0.0,15944.56,0.0173
DEBT-11878,CUST-11878,765.98,0.0,0.0,29064.17,0.0,29830.15,0.1439
DEBT-11879,CUST-11879,2482.59,0.0,0.0,0.0,0.0,2482.59,0.0152
DEBT-11880,CUST-11880,0.0,1346.0,0.0,0.0,0.0,1346.0,0.0066
DEBT-11881,CUST-11881,4083.11,7546.28,0.0,0.0,0.0,11629.39,0.0387
DEBT-11882,CUST-11882,0.0,0.0,0.0,0.0,0.0,0.0,0.0
DEBT-11883,CUST-11883,11334.45,0.0,0.0,32238.42,0.0,43572.87,0.0822
DEBT-11884,CUST-11884,5255.37,19237.03,0.0,32239.31,433239.41,489971.12,0.7367
DEBT-11885,CUST-11885,3240.14,7338.32,16102.04,0.0,0.0,26680.5,0.0382
DEBT-11886,CUST-11886,0.0,0.0,0.0,0.0,0.0,0.0,0.0
DEBT-11887,CUST-11887,2375.48,0.0,0.0,0.0,0.0,2375.48,0.005
DEBT-11888,CUST-11888,1217.54,0.0,0.0,22099.02,0.0,23316.56,0.0298
DEBT-11889,CUST-11889,1697.08,0.0,0.0,34177.14,325008.47,360882.69,0.6392
DEBT-11890,CUST-11890,0.0,6988.99,0.0,4255.16,0.0,11244.15,0.0236
DEBT-11891,CUST-11891,0.0,24943.55,0.0,0.0,0.0,24943.55,0.0324
DEBT-11892,CUST-11892,0.0,14222.07,0.0,5761.51,163235.82,183219.4,0.403
DEBT-11893,CUST-11893,1524.69,0.0,0.0,5362.98,0.0,6887.67,0.018
DEBT-11894,CUST-11894,2817.47,0.0,0.0,0.0,0.0,2817.47,0.0094
DEBT-11895,CUST-11895,2048.34,0.0,0.0,6122.82,0.0,8171.16,0.0506
DEBT-11896,CUST-11896,1561.48,5036.77,0.0,0.0,0.0,6598.25,0.0277
DEBT-11897,CUST-11897,15306.93,0.0,0.0,0.0,0.0,15306.93,0.017
DEBT-11898,CUST-11898,0.0,0.0,14450.78,0.0,344290.74,358741.52,0.9043
DEBT-11899,CUST-11899,1938.43,0.0,15742.07,0.0,141752.03,159432.53,0.4535
DEBT-11900,CUST-11900,0.0,0.0,0.0,0.0,0.0,0.0,0.0
DEBT-11901,CUST-11901,9078.65,0.0,22797.46,0.0,174033.88,205909.99,0.3452
DEBT-11902,CUST-11902,0.0,0.0,0.0,0.0,257544.4,257544.4,0.2747
DEBT-11903,CUST-11903,3519.66,0.0,0.0,0.0,0.0,3519.66,0.0141
DEBT-11904,CUST-11904,4137.18,0.0,0.0,33175.47,0.0,37312.65,0.1354
DEBT-11905,CUST-11905,0.0,0.0,0.0,0.0,318599.76,318599.76,1.2803
DEBT-11906,CUST-11906,9092.15,5752.74,0.0,0.0,0.0,14844.89,0.0347
DEBT-11907,CUST-11907,4034.77,1321.86,0.0,18926.85,0.0,24283.48,0.0589
DEBT-11908,CUST-11908,0.0,6859.3,11542.58,34683.26,0.0,53085.14,0.1072
DEBT-11909,CUST-11909,0.0,15680.16,0.0,21751.42,309494.4,346925.98,0.6696
DEBT-11910,CUST-11910,755.29,0.0,5129.57,25317.87,0.0,31202.73,0.3574
DEBT-11911,CUST-11911,0.0,0.0,0.0,0.0,0.0,0.0,0.0
DEBT-11912,CUST-11912,4400.42,0.0,0.0,0.0,0.0,4400.42,0.0109
DEBT-11913,CUST-11913,3459.44,0.0,0.0,0.0,112182.44,115641.88,0.2323
DEBT-11914,CUST-11914,0.0,0.0,0.0,0.0,0.0,0.0,0.0
DEBT-11915,CUST-11915,463.07,13230.08,0.0,0.0,408059.04,421752.19,1.4489
DEBT-11916,CUST-11916,8962.76,0.0,12013.59,15967.78,0.0,36944.13,0.0483
DEBT-11917,CUST-11917,0.0,11357.38,43257.84,30300.88,0.0,84916.1,0.3078
DEBT-11918,CUST-11918,15725.2,0.0,43054.35,23272.62,0.0,82052.17,0.1138
DEBT-11919,CUST-11919,11711.88,0.0,0.0,12940.05,151565.66,176217.59,0.3185
DEBT-11920,CUST-11920,9417.16,0.0,0.0,0.0,319798.76,329215.92,0.3494
DEBT-11921,CUST-11921,11404.8,0.0,0.0,6006.34,0.0,17411.14,0.0217
DEBT-11922,CUST-11922,2728.3,24022.02,0.0,0.0,102437.66,129187.98,0.2092
DEBT-11923,CUST-11923,7520.52,1914.08,30256.8,0.0,0.0,39691.4,0.0603
DEBT-11924,CUST-11924,0.0,0.0,0.0,13918.76,0.0,13918.76,0.0201
DEBT-11925,CUST-11925,5208.86,0.0,0.0,0.0,0.0,5208.86,0.0163
DEBT-11926,CUST-11926,4351.83,0.0,0.0,0.0,0.0,4351.83,0.013
DEBT-11927,CUST-11927,2174.66,22797.48,17146.86,0.0,0.0,42119.0,0.074
DEBT-11928,CUST-11928,11161.01,0.0,0.0,22429.52,443825.92,477416.45,0.5415
DEBT-11929,CUST-11929,0.0,0.0,0.0,24572.01,0.0,24572.01,0.0702
DEBT-11930,CUST-11930,13211.59,0.0,0.0,0.0,0.0,13211.59,0.022
DEBT-11931,CUST-11931,10844.69,0.0,0.0,0.0,0.0,10844.69,0.0115
DEBT-11932,CUST-11932,0.0,0.0,0.0,4184.44,0.0,4184.44,0.0796
DEBT-11933,CUST-11933,11249.44,0.0,0.0,20011.12,0.0,31260.56,0.0543
DEBT-11934,CUST-11934,2979.96,0.0,0.0,19926.31,0.0,22906.27,0.0566
DEBT-11935,CUST-11935,0.0,0.0,0.0,0.0,0.0,0.0,0.0
DEBT-11936,CUST-11936,0.0,0.0,0.0,30668.28,0.0,30668.28,0.0506
DEBT-11937,CUST-11937,11162.53,0.0,0.0,0.0,0.0,11162.53,0.0167
DEBT-11938,CUST-11938,4574.77,16687.08,0.0,0.0,0.0,21261.85,0.0939
DEBT-11939,CUST-11939,2737.12,0.0,0.0,0.0,213512.7,216249.82,0.5338
DEBT-11940,CUST-11940,1376.55,0.0,0.0,0.0,97712.22,99088.77,0.3628
DEBT-11941,CUST-11941,2244.75,0.0,0.0,0.0,0.0,2244.75,0.0038
DEBT-11942,CUST-11942,427.47,0.0,0.0,27246.89,0.0,27674.36,0.0707
DEBT-11943,CUST-11943,5460.88,0.0,0.0,0.0,0.0,5460.88,0.0061
DEBT-11944,CUST-11944,0.0,0.0,0.0,0.0,0.0,0.0,0.0
DEBT-11945,CUST-11945,755.53,20937.91,0.0,0.0,0.0,21693.44,0.0319
DEBT-11946,CUST-11946,565.8,0.0,0.0,26044.81,329406.28,356016.89,0.6148
DEBT-11947,CUST-11947,4528.99,0.0,0.0,4881.31,0.0,9410.3,0.0216
DEBT-11948,CUST-11948,2542.19,0.0,0.0,0.0,0.0,2542.19,0.0065
DEBT-11949,CUST-11949,13610.93,0.0,0.0,32183.13,0.0,45794.06,0.067
DEBT-11950,CUST-11950,0.0,0.0,0.0,0.0,0.0,0.0,0.0
DEBT-11951,CUST-11951,14595.0,0.0,0.0,20952.58,407125.22,442672.8,0.629
DEBT-11952,CUST-11952,4045.02,0.0,0.0,0.0,0.0,4045.02,0.0155
DEBT-11953,CUST-11953,9262.38,0.0,0.0,0.0,0.0,9262.38,0.0219
DEBT-11954,CUST-11954,0.0,0.0,0.0,0.0,0.0,0.0,0.0
DEBT-11955,CUST-11955,4615.82,10247.58,0.0,0.0,0.0,14863.4,0.0418
DEBT-11956,CUST-11956,509.4,10002.5,22077.64,0.0,0.0,32589.54,0.1056
DEBT-11957,CUST-11957,8261.9,0.0,0.0,0.0,0.0,8261.9,0.021
DEBT-11958,CUST-11958,4232.23,0.0,0.0,9568.41,0.0,13800.64,0.0346
DEBT-11959,CUST-11959,0.0,0.0,0.0,27185.28,0.0,27185.28,0.1519
DEBT-11960,CUST-11960,0.0,0.0,0.0,0.0,0.0,0.0,0.0
DEBT-11961,CUST-11961,4128.59,22659.99,0.0,0.0,0.0,26788.58,0.0887
DEBT-11962,CUST-11962,1962.6,0.0,0.0,0.0,0.0,1962.6,0.0041
DEBT-11963,CUST-11963,9832.35,0.0,0.0,0.0,438812.86,448645.21,0.8364
DEBT-11964,CUST-11964,0.0,0.0,0.0,25872.09,0.0,25872.09,0.0417
DEBT-11965,CUST-11965,5151.7,0.0,0.0,0.0,386095.3,391247.0,0.7017
DEBT-11966,CUST-11966,0.0,0.0,0.0,0.0,0.0,0.0,0.0
DEBT-11967,CUST-11967,13069.42,8360.84,0.0,0.0,0.0,21430.26,0.0297
DEBT-11968,CUST-11968,8180.5,0.0,0.0,0.0,0.0,8180.5,0.018
DEBT-11969,CUST-11969,0.0,3632.62,0.0,0.0,206089.61,209722.23,0.2443
DEBT-11970,CUST-11970,2335.39,0.0,0.0,0.0,137624.88,139960.27,0.2062
DEBT-11971,CUST-11971,7394.2,0.0,31123.2,0.0,0.0,38517.4,0.1122
DEBT-11972,CUST-11972,258.17,1740.57,0.0,0.0,0.0,1998.74,0.0084
DEBT-11973,CUST-11973,1476.31,18195.44,0.0,0.0,0.0,19671.75,0.0915
DEBT-11974,CUST-11974,2763.06,7490.45,0.0,0.0,0.0,10253.51,0.0104
DEBT-11975,CUST-11975,5415.23,0.0,0.0,0.0,0.0,5415.23,0.0138
DEBT-11976,CUST-11976,3561.7,0.0,0.0,0.0,0.0,3561.7,0.0104
DEBT-11977,CUST-11977,3359.51,0.0,0.0,25128.94,171022.2,199510.65,0.58
DEBT-11978,CUST-11978,10345.55,0.0,0.0,0.0,190168.47,200514.02,0.3147
DEBT-11979,CUST-11979,1729.29,7876.92,22260.63,8188.12,0.0,40054.96,0.1068
DEBT-11980,CUST-11980,0.0,22021.72,0.0,0.0,0.0,22021.72,0.0736
DEBT-11981,CUST-11981,0.0,2335.68,0.0,0.0,0.0,2335.68,0.0091
DEBT-11982,CUST-11982,9855.9,16939.46,0.0,0.0,0.0,26795.36,0.0373
DEBT-11983,CUST-11983,713.42,0.0,0.0,0.0,276706.17,277419.59,0.4019
DEBT-11984,CUST-11984,1158.74,0.0,0.0,9444.8,442301.84,452905.38,0.3095
DEBT-11985,CUST-11985,15611.31,0.0,0.0,17988.35,375699.61,409299.27,0.386
DEBT-11986,CUST-11986,10005.57,0.0,0.0,0.0,0.0,10005.57,0.0184
DEBT-11987,CUST-11987,0.0,0.0,0.0,0.0,0.0,0.0,0.0
DEBT-11988,CUST-11988,0.0,0.0,0.0,0.0,198373.57,198373.57,0.3762
DEBT-11989,CUST-11989,2167.2,0.0,0.0,26241.91,0.0,28409.11,0.0806
DEBT-11990,CUST-11990,1048.01,10145.75,0.0,15836.3,0.0,27030.06,0.3034
DEBT-11991,CUST-11991,0.0,0.0,0.0,0.0,0.0,0.0,0.0
DEBT-11992,CUST-11992,702.62,0.0,0.0,16973.24,0.0,17675.86,0.1008
DEBT-11993,CUST-11993,3843.12,0.0,0.0,31411.96,0.0,35255.08,0.0567
DEBT-11994,CUST-11994,0.0,0.0,0.0,6034.94,0.0,6034.94,0.0136
DEBT-11995,CUST-11995,0.0,14616.29,0.0,13613.66,369341.1,397571.05,0.3354
DEBT-11996,CUST-11996,9230.75,0.0,0.0,25459.43,135549.82,170240.0,0.2512
DEBT-11997,CUST-11997,18605.3,0.0,0.0,5916.69,312601.34,337123.33,0.3239
DEBT-11998,CUST-11998,15680.61,0.0,0.0,6505.85,0.0,22186.46,0.0191
DEBT-11999,CUST-11999,0.0,0.0,0.0,0.0,0.0,0.0,0.0
DEBT-12000,CUST-12000,0.0,0.0,0.0,0.0,111326.64,111326.64,0.3113
DEBT-12001,CUST-12001,5289.23,0.0,0.0,0.0,0.0,5289.23,0.0223
DEBT-12002,CUST-12002,1701.64,0.0,31128.13,20959.89,0.0,53789.66,0.1217
DEBT-12003,CUST-12003,0.0,0.0,0.0,0.0,0.0,0.0,0.0
DEBT-12004,CUST-12004,674.81,0.0,0.0,0.0,0.0,674.81,0.001
DEBT-12005,CUST-12005,894.04,0.0,0.0,13284.88,159498.31,173677.23,0.5663
DEBT-12006,CUST-12006,0.0,0.0,0.0,34449.51,82917.15,117366.66,0.259
DEBT-12007,CUST-12007,11031.28,0.0,0.0,34470.47,0.0,45501.75,0.0399
DEBT-12008,CUST-12008,6805.84,0.0,10360.76,19215.13,0.0,36381.73,0.1157
DEBT-12009,CUST-12009,4122.71,0.0,0.0,0.0,227456.26,231578.97,0.7056
DEBT-12010,CUST-12010,7500.0,0.0,0.0,0.0,0.0,7500.0,0.0187
DEBT-12011,CUST-12011,3590.98,0.0,0.0,23342.38,0.0,26933.36,0.0702
DEBT-12012,CUST-12012,0.0,0.0,0.0,27937.04,142789.24,170726.28,0.6004
DEBT-12013,CUST-12013,1404.29,0.0,0.0,9309.68,0.0,10713.97,0.0432
DEBT-12014,CUST-12014,1223.77,0.0,0.0,0.0,0.0,1223.77,0.0019
DEBT-12015,CUST-12015,14708.45,0.0,0.0,0.0,0.0,14708.45,0.0217
DEBT-12016,CUST-12016,0.0,15604.96,0.0,0.0,0.0,15604.96,0.0427
DEBT-12017,CUST-12017,0.0,0.0,42604.75,0.0,0.0,42604.75,0.075
DEBT-12018,CUST-12018,400.44,0.0,0.0,0.0,0.0,400.44,0.0076
DEBT-12019,CUST-12019,0.0,0.0,0.0,0.0,0.0,0.0,0.0
DEBT-12020,CUST-12020,0.0,0.0,0.0,0.0,161945.92,161945.92,0.5478
DEBT-12021,CUST-12021,962.54,0.0,0.0,34565.93,0.0,35528.47,0.8379
DEBT-12022,CUST-12022,9085.67,0.0,0.0,25113.49,411419.56,445618.72,0.9531
DEBT-12023,CUST-12023,5556.98,0.0,0.0,26557.79,390144.0,422258.77,0.7329
DEBT-12024,CUST-12024,0.0,14079.47,24061.95,0.0,0.0,38141.42,0.0574
DEBT-12025,CUST-12025,4964.4,0.0,0.0,0.0,0.0,4964.4,0.0084
DEBT-12026,CUST-12026,0.0,0.0,0.0,0.0,0.0,0.0,0.0
DEBT-12027,CUST-12027,9345.84,0.0,0.0,0.0,0.0,9345.84,0.0211
DEBT-12028,CUST-12028,12895.16,0.0,28578.41,0.0,0.0,41473.57,0.0645
DEBT-12029,CUST-12029,8017.83,0.0,0.0,0.0,219743.5,227761.33,0.2205
DEBT-12030,CUST-12030,5046.09,23576.32,0.0,0.0,0.0,28622.41,0.0647
DEBT-12031,CUST-12031,3715.44,0.0,0.0,0.0,0.0,3715.44,0.0135
DEBT-12032,CUST-12032,4759.37,0.0,0.0,0.0,0.0,4759.37,0.02
DEBT-12033,CUST-12033,0.0,20168.94,0.0,0.0,248325.83,268494.77,0.7808
DEBT-12034,CUST-12034,0.0,0.0,0.0,16342.96,125099.61,141442.57,0.2824
DEBT-12035,CUST-12035,833.84,0.0,0.0,12390.93,0.0,13224.77,0.0356
DEBT-12036,CUST-12036,0.0,0.0,0.0,0.0,0.0,0.0,0.0
DEBT-12037,CUST-12037,10370.81,23273.11,0.0,0.0,0.0,33643.92,0.0603
DEBT-12038,CUST-12038,2851.3,0.0,0.0,0.0,0.0,2851.3,0.0075
DEBT-12039,CUST-12039,2001.01,0.0,0.0,0.0,0.0,2001.01,0.0103
DEBT-12040,CUST-12040,6908.27,0.0,0.0,0.0,377573.93,384482.2,0.8514
DEBT-12041,CUST-12041,0.0,0.0,0.0,0.0,0.0,0.0,0.0
DEBT-12042,CUST-12042,0.0,0.0,0.0,32831.07,0.0,32831.07,0.0412
DEBT-12043,CUST-12043,512.23,0.0,0.0,18960.88,0.0,19473.11,0.2977
DEBT-12044,CUST-12044,1542.23,12077.24,0.0,15805.33,0.0,29424.8,0.3806
DEBT-12045,CUST-12045,661.52,0.0,0.0,0.0,0.0,661.52,0.0064
DEBT-12046,CUST-12046,2735.66,0.0,0.0,29609.52,248041.87,280387.05,0.2959
DEBT-12047,CUST-12047,8008.05,0.0,0.0,0.0,0.0,8008.05,0.0202
DEBT-12048,CUST-12048,5724.07,0.0,0.0,13061.96,0.0,18786.03,0.0458
DEBT-12049,CUST-12049,4413.96,11849.19,0.0,16197.71,403663.8,436124.66,0.8794
DEBT-12050,CUST-12050,2281.4,5727.21,0.0,16704.98,132671.18,157384.77,0.4675
DEBT-12051,CUST-12051,6187.3,0.0,0.0,21211.06,0.0,27398.36,0.0816
DEBT-12052,CUST-12052,0.0,0.0,0.0,17495.24,0.0,17495.24,0.0636
DEBT-12053,CUST-12053,4190.39,7195.06,0.0,24948.56,0.0,36334.01,0.0998
DEBT-12054,CUST-12054,5566.24,22715.13,0.0,0.0,421728.18,450009.55,0.8776
DEBT-12055,CUST-12055,7327.95,16825.09,0.0,0.0,0.0,24153.04,0.0316
DEBT-12056,CUST-12056,3270.28,0.0,0.0,28587.5,0.0,31857.78,0.1362
DEBT-12057,CUST-12057,6512.41,0.0,0.0,5274.01,0.0,11786.42,0.0263
DEBT-12058,CUST-12058,1422.97,0.0,0.0,28966.78,0.0,30389.75,0.0461
DEBT-12059,CUST-12059,0.0,0.0,0.0,0.0,0.0,0.0,0.0
DEBT-12060,CUST-12060,1942.8,0.0,0.0,0.0,0.0,1942.8,0.0077
DEBT-12061,CUST-12061,1207.46,0.0,0.0,14624.1,0.0,15831.56,0.0371
DEBT-12062,CUST-12062,8646.38,0.0,17888.51,0.0,0.0,26534.89,0.0219
DEBT-12063,CUST-12063,874.5,15711.66,8932.07,26790.02,0.0,52308.25,0.0505
DEBT-12064,CUST-12064,1283.0,0.0,40103.41,0.0,335841.13,377227.54,0.4095
DEBT-12065,CUST-12065,8304.21,0.0,0.0,5985.11,208794.9,223084.22,0.4392
DEBT-12066,CUST-12066,685.44,0.0,0.0,0.0,0.0,685.44,0.0057
DEBT-12067,CUST-12067,6775.48,11647.86,0.0,19512.28,0.0,37935.62,0.1204
DEBT-12068,CUST-12068,0.0,0.0,0.0,0.0,0.0,0.0,0.0
DEBT-12069,CUST-12069,0.0,0.0,0.0,0.0,0.0,0.0,0.0
DEBT-12070,CUST-12070,0.0,0.0,0.0,30584.64,0.0,30584.64,0.0447
DEBT-12071,CUST-12071,6035.67,0.0,22021.95,0.0,0.0,28057.62,0.0537
DEBT-12072,CUST-12072,0.0,0.0,44846.88,16892.16,413301.99,475041.03,0.8215
DEBT-12073,CUST-12073,6305.81,20293.89,17565.2,18855.39,0.0,63020.29,0.1475
DEBT-12074,CUST-12074,0.0,0.0,0.0,0.0,228044.47,228044.47,0.5518
DEBT-12075,CUST-12075,7439.15,0.0,0.0,0.0,131978.57,139417.72,0.2114
DEBT-12076,CUST-12076,1097.76,0.0,0.0,0.0,0.0,1097.76,0.0019
DEBT-12077,CUST-12077,2786.0,19984.87,0.0,0.0,0.0,22770.87,0.0585
DEBT-12078,CUST-12078,7121.21,0.0,0.0,23208.09,0.0,30329.3,0.0485
DEBT-12079,CUST-12079,6829.76,0.0,0.0,0.0,0.0,6829.76,0.0126
DEBT-12080,CUST-12080,5043.72,0.0,0.0,0.0,183382.36,188426.08,0.4288
DEBT-12081,CUST-12081,0.0,0.0,0.0,26305.44,0.0,26305.44,0.0265
DEBT-12082,CUST-12082,27817.61,6890.71,0.0,0.0,0.0,34708.32,0.0277
DEBT-12083,CUST-12083,7866.49,0.0,0.0,0.0,0.0,7866.49,0.0162
DEBT-12084,CUST-12084,2332.52,0.0,0.0,0.0,0.0,2332.52,0.0195
DEBT-12085,CUST-12085,1819.99,0.0,0.0,0.0,0.0,1819.99,0.0028
DEBT-12086,CUST-12086,1693.01,0.0,0.0,0.0,0.0,1693.01,0.0043
DEBT-12087,CUST-12087,3127.75,17055.68,0.0,31431.95,0.0,51615.38,0.1815
DEBT-12088,CUST-12088,0.0,24852.04,0.0,13174.48,0.0,38026.52,0.0819
DEBT-12089,CUST-12089,0.0,18605.26,0.0,9873.51,0.0,28478.77,0.0498
DEBT-12090,CUST-12090,7424.98,0.0,0.0,0.0,273662.22,281087.2,0.4313
DEBT-12091,CUST-12091,304.02,0.0,0.0,11097.12,0.0,11401.14,0.0854
DEBT-12092,CUST-12092,11946.49,15304.19,43549.71,0.0,441284.38,512084.77,0.7954
DEBT-12093,CUST-12093,0.0,0.0,0.0,0.0,0.0,0.0,0.0
DEBT-12094,CUST-12094,7435.08,22160.48,0.0,0.0,105446.89,135042.45,0.3069
DEBT-12095,CUST-12095,0.0,0.0,18097.27,0.0,0.0,18097.27,0.2175
DEBT-12096,CUST-12096,5078.62,22376.24,0.0,32052.55,0.0,59507.41,0.1314
DEBT-12097,CUST-12097,2989.93,0.0,0.0,0.0,0.0,2989.93,0.0226
DEBT-12098,CUST-12098,5888.64,0.0,0.0,29283.14,0.0,35171.78,0.031
DEBT-12099,CUST-12099,8441.38,0.0,0.0,20468.06,0.0,28909.44,0.0313
DEBT-12100,CUST-12100,1268.04,0.0,0.0,27581.51,0.0,28849.55,0.1262
DEBT-12101,CUST-12101,1489.9,7050.28,0.0,0.0,0.0,8540.18,0.0297
DEBT-12102,CUST-12102,16524.86,13948.78,0.0,12527.2,0.0,43000.84,0.0508
DEBT-12103,CUST-12103,5893.97,15935.48,0.0,22168.15,0.0,43997.6,0.1553
DEBT-12104,CUST-12104,1449.45,0.0,0.0,5801.24,0.0,7250.69,0.0171
DEBT-12105,CUST-12105,5260.81,0.0,0.0,0.0,0.0,5260.81,0.0105
DEBT-12106,CUST-12106,2910.89,19009.68,0.0,0.0,0.0,21920.57,0.0474
DEBT-12107,CUST-12107,0.0,0.0,0.0,32849.2,0.0,32849.2,0.0498
DEBT-12108,CUST-12108,0.0,18488.94,0.0,0.0,119471.3,137960.24,0.1475
DEBT-12109,CUST-12109,1886.25,0.0,0.0,24993.01,0.0,26879.26,0.0401
DEBT-12110,CUST-12110,4828.85,0.0,0.0,26060.72,418075.9,448965.47,0.897
DEBT-12111,CUST-12111,1230.58,0.0,0.0,0.0,0.0,1230.58,0.0209
DEBT-12112,CUST-12112,6454.43,0.0,0.0,0.0,0.0,6454.43,0.0109
DEBT-12113,CUST-12113,11852.32,0.0,38035.35,0.0,0.0,49887.67,0.0925
DEBT-12114,CUST-12114,14043.96,3875.04,0.0,0.0,0.0,17919.0,0.0262
DEBT-12115,CUST-12115,0.0,0.0,0.0,10752.06,192861.65,203613.71,0.4772
DEBT-12116,CUST-12116,9222.67,0.0,7162.42,0.0,0.0,16385.09,0.0273
DEBT-12117,CUST-12117,0.0,0.0,0.0,28011.69,239929.94,267941.63,0.7732
DEBT-12118,CUST-12118,0.0,0.0,0.0,0.0,108541.12,108541.12,0.1238
DEBT-12119,CUST-12119,0.0,0.0,0.0,0.0,126633.74,126633.74,0.1537
DEBT-12120,CUST-12120,8445.85,20942.08,0.0,30766.32,207748.23,267902.48,0.5604
DEBT-12121,CUST-12121,5009.32,0.0,0.0,0.0,0.0,5009.32,0.0107
DEBT-12122,CUST-12122,6889.21,2815.02,0.0,0.0,0.0,9704.23,0.0142
DEBT-12123,CUST-12123,0.0,0.0,0.0,0.0,0.0,0.0,0.0
DEBT-12124,CUST-12124,13189.02,0.0,0.0,0.0,0.0,13189.02,0.0189
DEBT-12125,CUST-12125,2000.22,12022.88,0.0,0.0,0.0,14023.1,0.0218
DEBT-12126,CUST-12126,111.87,0.0,14316.58,0.0,0.0,14428.45,0.1367
DEBT-12127,CUST-12127,1312.02,0.0,0.0,0.0,0.0,1312.02,0.0023
DEBT-12128,CUST-12128,3474.94,20930.37,0.0,0.0,0.0,24405.31,0.0751
DEBT-12129,CUST-12129,5824.35,6983.97,0.0,30985.41,259700.63,303494.36,1.0698
DEBT-12130,CUST-12130,0.0,0.0,0.0,0.0,0.0,0.0,0.0
DEBT-12131,CUST-12131,0.0,13129.47,0.0,0.0,0.0,13129.47,0.0327
DEBT-12132,CUST-12132,0.0,0.0,0.0,0.0,0.0,0.0,0.0
DEBT-12133,CUST-12133,5522.97,0.0,0.0,0.0,0.0,5522.97,0.006
DEBT-12134,CUST-12134,7903.12,0.0,0.0,0.0,0.0,7903.12,0.0191
DEBT-12135,CUST-12135,6801.18,0.0,0.0,0.0,0.0,6801.18,0.0214
DEBT-12136,CUST-12136,17065.18,0.0,0.0,0.0,0.0,17065.18,0.0178
DEBT-12137,CUST-12137,2754.2,0.0,0.0,0.0,0.0,2754.2,0.0143
DEBT-12138,CUST-12138,3883.15,0.0,24564.73,0.0,0.0,28447.88,0.0765
DEBT-12139,CUST-12139,13240.42,0.0,34122.03,0.0,134149.58,181512.03,0.2467
DEBT-12140,CUST-12140,12531.36,0.0,0.0,0.0,156465.54,168996.9,0.256
DEBT-12141,CUST-12141,5599.72,0.0,0.0,33555.03,265833.15,304987.9,0.4916
DEBT-12142,CUST-12142,9827.91,0.0,0.0,0.0,0.0,9827.91,0.0077
DEBT-12143,CUST-12143,5912.87,0.0,10828.57,15951.54,0.0,32692.98,0.0515
DEBT-12144,CUST-12144,640.4,0.0,0.0,18464.7,0.0,19105.1,0.2942
DEBT-12145,CUST-12145,0.0,20121.43,9638.93,0.0,267926.99,297687.35,0.5671
DEBT-12146,CUST-12146,0.0,0.0,0.0,0.0,0.0,0.0,0.0
DEBT-12147,CUST-12147,5543.12,0.0,27184.94,0.0,0.0,32728.06,0.0642
DEBT-12148,CUST-12148,910.29,0.0,0.0,8902.81,0.0,9813.1,0.0202
DEBT-12149,CUST-12149,2648.0,0.0,0.0,0.0,0.0,2648.0,0.0157
DEBT-12150,CUST-12150,12623.11,0.0,0.0,8349.56,0.0,20972.67,0.0331
DEBT-12151,CUST-12151,7969.66,0.0,0.0,0.0,0.0,7969.66,0.0208
DEBT-12152,CUST-12152,0.0,0.0,0.0,28933.45,0.0,28933.45,0.063
DEBT-12153,CUST-12153,2091.56,18255.06,0.0,6582.83,259490.01,286419.46,0.5081
DEBT-12154,CUST-12154,18774.77,0.0,0.0,0.0,256662.2,275436.97,0.3212
DEBT-12155,CUST-12155,0.0,7144.25,0.0,0.0,0.0,7144.25,0.0342
DEBT-12156,CUST-12156,0.0,0.0,0.0,5956.03,0.0,5956.03,0.0215
DEBT-12157,CUST-12157,9859.55,19192.72,0.0,0.0,371599.13,400651.4,0.6001
DEBT-12158,CUST-12158,10452.32,0.0,0.0,19744.66,0.0,30196.98,0.0465
DEBT-12159,CUST-12159,6362.55,0.0,0.0,0.0,0.0,6362.55,0.0119
DEBT-12160,CUST-12160,0.0,0.0,0.0,19553.68,0.0,19553.68,0.044
DEBT-12161,CUST-12161,0.0,8249.37,0.0,24223.85,0.0,32473.22,0.0827
DEBT-12162,CUST-12162,502.9,0.0,41487.43,0.0,0.0,41990.33,0.1865
DEBT-12163,CUST-12163,15084.67,0.0,0.0,34333.62,0.0,49418.29,0.0559
DEBT-12164,CUST-12164,0.0,0.0,0.0,0.0,0.0,0.0,0.0
DEBT-12165,CUST-12165,3292.02,0.0,0.0,0.0,0.0,3292.02,0.0044
DEBT-12166,CUST-12166,0.0,23375.56,0.0,0.0,0.0,23375.56,0.0446
DEBT-12167,CUST-12167,10213.85,0.0,0.0,11008.45,0.0,21222.3,0.0363
DEBT-12168,CUST-12168,6134.16,0.0,0.0,14056.46,141082.11,161272.73,0.5432
DEBT-12169,CUST-12169,0.0,17686.31,29774.95,20959.83,0.0,68421.09,0.1069
DEBT-12170,CUST-12170,7417.81,0.0,0.0,16778.16,0.0,24195.97,0.0462
DEBT-12171,CUST-12171,5517.13,0.0,0.0,0.0,86487.2,92004.33,0.1946
DEBT-12172,CUST-12172,0.0,20641.35,0.0,27579.59,186219.1,234440.04,0.3271
DEBT-12173,CUST-12173,0.0,22709.12,0.0,0.0,0.0,22709.12,0.1033
DEBT-12174,CUST-12174,0.0,0.0,0.0,0.0,0.0,0.0,0.0
DEBT-12175,CUST-12175,7755.21,0.0,0.0,0.0,0.0,7755.21,0.0096
DEBT-12176,CUST-12176,0.0,0.0,0.0,0.0,0.0,0.0,0.0
DEBT-12177,CUST-12177,7184.97,10329.76,0.0,9459.06,0.0,26973.79,0.0476
DEBT-12178,CUST-12178,564.79,0.0,0.0,0.0,186306.62,186871.41,0.2599
DEBT-12179,CUST-12179,8138.86,0.0,20013.69,0.0,0.0,28152.55,0.0425
DEBT-12180,CUST-12180,343.86,0.0,0.0,0.0,84163.36,84507.22,0.3098
DEBT-12181,CUST-12181,3201.86,16384.98,0.0,0.0,0.0,19586.84,0.0849
DEBT-12182,CUST-12182,1071.78,21163.76,0.0,0.0,0.0,22235.54,0.2222
DEBT-12183,CUST-12183,0.0,0.0,0.0,0.0,0.0,0.0,0.0
DEBT-12184,CUST-12184,1900.9,0.0,9619.65,0.0,0.0,11520.55,0.0229
DEBT-12185,CUST-12185,6122.09,2619.18,0.0,0.0,183071.36,191812.63,0.6902
DEBT-12186,CUST-12186,4985.4,0.0,0.0,11085.59,0.0,16070.99,0.0241
DEBT-12187,CUST-12187,0.0,0.0,0.0,6196.17,0.0,6196.17,0.0348
DEBT-12188,CUST-12188,9951.4,8784.77,0.0,14459.67,0.0,33195.84,0.0758
DEBT-12189,CUST-12189,3001.66,0.0,0.0,0.0,0.0,3001.66,0.004
DEBT-12190,CUST-12190,2770.1,0.0,0.0,0.0,0.0,2770.1,0.0069
DEBT-12191,CUST-12191,0.0,4623.25,34212.83,0.0,0.0,38836.08,0.2786
DEBT-12192,CUST-12192,0.0,0.0,0.0,0.0,325009.53,325009.53,0.3949
DEBT-12193,CUST-12193,0.0,0.0,0.0,0.0,0.0,0.0,0.0
DEBT-12194,CUST-12194,0.0,6252.83,38267.84,0.0,229263.45,273784.12,0.7299
DEBT-12195,CUST-12195,4282.74,0.0,0.0,0.0,0.0,4282.74,0.0136
DEBT-12196,CUST-12196,0.0,18842.9,0.0,32475.58,0.0,51318.48,0.2629
DEBT-12197,CUST-12197,10012.51,0.0,0.0,0.0,0.0,10012.51,0.0175
DEBT-12198,CUST-12198,0.0,0.0,0.0,0.0,0.0,0.0,0.0
DEBT-12199,CUST-12199,182.8,0.0,0.0,0.0,0.0,182.8,0.0044
DEBT-12200,CUST-12200,1119.34,19557.53,0.0,0.0,0.0,20676.87,0.0344
DEBT-12201,CUST-12201,3353.93,19943.74,0.0,22111.41,0.0,45409.08,0.1537
DEBT-12202,CUST-12202,5851.54,0.0,0.0,0.0,0.0,5851.54,0.0169
DEBT-12203,CUST-12203,7381.6,0.0,0.0,0.0,381527.87,388909.47,0.5489
DEBT-12204,CUST-12204,568.12,21158.25,0.0,33698.98,0.0,55425.35,0.1191
DEBT-12205,CUST-12205,8374.52,0.0,0.0,34038.12,0.0,42412.64,0.1077
DEBT-12206,CUST-12206,4930.38,0.0,0.0,30690.05,291806.83,327427.26,0.48
DEBT-12207,CUST-12207,10454.13,0.0,0.0,0.0,0.0,10454.13,0.0188
DEBT-12208,CUST-12208,1658.05,0.0,0.0,7808.58,194879.88,204346.51,0.448
DEBT-12209,CUST-12209,5050.57,22309.78,0.0,0.0,0.0,27360.35,0.0966
DEBT-12210,CUST-12210,0.0,16895.39,0.0,8772.05,0.0,25667.44,0.1298
DEBT-12211,CUST-12211,1290.5,0.0,0.0,24108.23,0.0,25398.73,0.0744
DEBT-12212,CUST-12212,0.0,0.0,14647.04,0.0,0.0,14647.04,0.0175
DEBT-12213,CUST-12213,7565.91,0.0,32812.86,0.0,0.0,40378.77,0.0808
DEBT-12214,CUST-12214,0.0,0.0,0.0,27333.47,263267.05,290600.52,0.4746
DEBT-12215,CUST-12215,0.0,18452.57,15086.49,5277.95,0.0,38817.01,0.3673
DEBT-12216,CUST-12216,0.0,14039.79,0.0,23939.66,0.0,37979.45,0.0467
DEBT-12217,CUST-12217,6983.26,11495.22,0.0,0.0,0.0,18478.48,0.0456
DEBT-12218,CUST-12218,0.0,0.0,7959.26,0.0,0.0,7959.26,0.0141
DEBT-12219,CUST-12219,5797.34,23045.25,0.0,33878.76,0.0,62721.35,0.1091
DEBT-12220,CUST-12220,2291.29,3755.99,0.0,0.0,0.0,6047.28,0.0135
DEBT-12221,CUST-12221,0.0,0.0,0.0,0.0,229840.88,229840.88,0.2553
DEBT-12222,CUST-12222,0.0,0.0,0.0,0.0,0.0,0.0,0.0
DEBT-12223,CUST-12223,0.0,0.0,0.0,14130.81,0.0,14130.81,0.027
DEBT-12224,CUST-12224,0.0,0.0,0.0,10913.48,0.0,10913.48,0.0179
DEBT-12225,CUST-12225,0.0,0.0,0.0,0.0,0.0,0.0,0.0
DEBT-12226,CUST-12226,0.0,7543.19,0.0,29086.32,0.0,36629.51,0.0727
DEBT-12227,CUST-12227,4045.28,0.0,0.0,0.0,0.0,4045.28,0.0076
DEBT-12228,CUST-12228,687.87,18776.58,0.0,0.0,150422.13,169886.58,0.3971
DEBT-12229,CUST-12229,0.0,14369.21,0.0,0.0,0.0,14369.21,0.0225
DEBT-12230,CUST-12230,731.7,0.0,0.0,0.0,396400.81,397132.51,0.4535
DEBT-12231,CUST-12231,0.0,0.0,0.0,0.0,0.0,0.0,0.0
DEBT-12232,CUST-12232,0.0,0.0,0.0,29335.39,0.0,29335.39,0.1137
DEBT-12233,CUST-12233,13821.25,0.0,0.0,0.0,316528.14,330349.39,0.4734
DEBT-12234,CUST-12234,0.0,24182.18,0.0,24535.12,0.0,48717.3,0.1887
DEBT-12235,CUST-12235,6488.67,0.0,0.0,15022.35,0.0,21511.02,0.0521
DEBT-12236,CUST-12236,0.0,0.0,0.0,0.0,0.0,0.0,0.0
DEBT-12237,CUST-12237,9388.0,0.0,0.0,33103.66,0.0,42491.66,0.1004
DEBT-12238,CUST-12238,3848.3,0.0,0.0,0.0,0.0,3848.3,0.0158
DEBT-12239,CUST-12239,5349.83,0.0,0.0,22339.45,366868.16,394557.44,1.3285
DEBT-12240,CUST-12240,0.0,19619.65,0.0,0.0,417186.12,436805.77,1.3065
DEBT-12241,CUST-12241,0.0,0.0,0.0,27925.29,0.0,27925.29,0.0789
DEBT-12242,CUST-12242,6703.43,0.0,0.0,0.0,0.0,6703.43,0.022
DEBT-12243,CUST-12243,6251.82,0.0,0.0,0.0,232937.5,239189.32,0.4703
DEBT-12244,CUST-12244,19836.02,0.0,0.0,33765.87,0.0,53601.89,0.0571
DEBT-12245,CUST-12245,0.0,15341.44,33131.53,8902.61,0.0,57375.58,0.1127
DEBT-12246,CUST-12246,918.93,0.0,0.0,19219.05,0.0,20137.98,0.0351
DEBT-12247,CUST-12247,12726.07,0.0,0.0,0.0,0.0,12726.07,0.0153
DEBT-12248,CUST-12248,4373.6,0.0,0.0,0.0,0.0,4373.6,0.0074
DEBT-12249,CUST-12249,12675.53,0.0,44010.25,0.0,0.0,56685.78,0.0921
DEBT-12250,CUST-12250,1759.73,0.0,0.0,0.0,0.0,1759.73,0.0189
DEBT-12251,CUST-12251,11716.39,0.0,0.0,0.0,218933.3,230649.69,0.2968
DEBT-12252,CUST-12252,2041.03,7801.49,0.0,0.0,0.0,9842.52,0.0245
DEBT-12253,CUST-12253,8305.47,0.0,0.0,0.0,0.0,8305.47,0.0123
DEBT-12254,CUST-12254,5506.29,9082.79,31355.39,8317.03,0.0,54261.5,0.0855
DEBT-12255,CUST-12255,10300.89,0.0,0.0,20073.01,317564.61,347938.51,0.7259
DEBT-12256,CUST-12256,5953.31,0.0,0.0,0.0,0.0,5953.31,0.0184
DEBT-12257,CUST-12257,0.0,0.0,0.0,0.0,0.0,0.0,0.0
DEBT-12258,CUST-12258,4943.53,1342.39,0.0,0.0,437343.79,443629.71,0.9821
DEBT-12259,CUST-12259,3555.02,20706.77,0.0,0.0,0.0,24261.79,0.0465
DEBT-12260,CUST-12260,9623.53,0.0,0.0,24512.09,0.0,34135.62,0.0615
DEBT-12261,CUST-12261,481.38,0.0,0.0,0.0,0.0,481.38,0.0011
DEBT-12262,CUST-12262,5346.69,0.0,0.0,0.0,427137.31,432484.0,1.5801
DEBT-12263,CUST-12263,16173.05,0.0,0.0,0.0,0.0,16173.05,0.0197
DEBT-12264,CUST-12264,569.06,0.0,0.0,21849.62,0.0,22418.68,0.1094
DEBT-12265,CUST-12265,0.0,11369.34,0.0,22812.86,0.0,34182.2,0.0902
DEBT-12266,CUST-12266,5332.77,22943.87,0.0,21510.49,0.0,49787.13,0.0803
DEBT-12267,CUST-12267,4705.14,0.0,0.0,0.0,0.0,4705.14,0.0093
DEBT-12268,CUST-12268,4086.43,7677.8,8189.11,0.0,0.0,19953.34,0.0278
DEBT-12269,CUST-12269,7699.49,0.0,0.0,0.0,0.0,7699.49,0.0215
DEBT-12270,CUST-12270,0.0,21261.99,0.0,0.0,0.0,21261.99,0.0257
DEBT-12271,CUST-12271,2576.76,0.0,13203.27,0.0,0.0,15780.03,0.0873
DEBT-12272,CUST-12272,0.0,0.0,0.0,0.0,0.0,0.0,0.0
DEBT-12273,CUST-12273,3348.78,0.0,0.0,0.0,0.0,3348.78,0.0144
DEBT-12274,CUST-12274,5845.64,0.0,0.0,0.0,0.0,5845.64,0.0101
DEBT-12275,CUST-12275,1326.55,9772.05,0.0,0.0,0.0,11098.6,0.1582
DEBT-12276,CUST-12276,5611.23,0.0,32193.56,0.0,0.0,37804.79,0.1007
DEBT-12277,CUST-12277,0.0,0.0,0.0,0.0,0.0,0.0,0.0
DEBT-12278,CUST-12278,4335.86,0.0,0.0,31779.16,412225.35,448340.37,1.2234
DEBT-12279,CUST-12279,1974.25,0.0,0.0,0.0,0.0,1974.25,0.0039
DEBT-12280,CUST-12280,8291.25,0.0,0.0,0.0,0.0,8291.25,0.022
DEBT-12281,CUST-12281,0.0,0.0,0.0,21853.13,0.0,21853.13,0.0284
DEBT-12282,CUST-12282,6718.65,0.0,0.0,0.0,0.0,6718.65,0.0185
DEBT-12283,CUST-12283,0.0,11097.23,0.0,0.0,85311.42,96408.65,0.1141
DEBT-12284,CUST-12284,0.0,0.0,0.0,0.0,165181.86,165181.86,0.3211
DEBT-12285,CUST-12285,3494.68,0.0,0.0,0.0,0.0,3494.68,0.0045
DEBT-12286,CUST-12286,0.0,0.0,0.0,0.0,326380.86,326380.86,0.6105
DEBT-12287,CUST-12287,2812.97,0.0,0.0,0.0,0.0,2812.97,0.003
DEBT-12288,CUST-12288,1701.54,15975.6,0.0,0.0,0.0,17677.14,0.0382
DEBT-12289,CUST-12289,0.0,0.0,0.0,0.0,0.0,0.0,0.0
DEBT-12290,CUST-12290,4388.44,16477.38,0.0,0.0,0.0,20865.82,0.0718
DEBT-12291,CUST-12291,1528.49,0.0,0.0,24414.98,0.0,25943.47,0.1372
DEBT-12292,CUST-12292,3730.45,0.0,0.0,0.0,0.0,3730.45,0.0123
DEBT-12293,CUST-12293,678.77,1689.21,0.0,0.0,0.0,2367.98,0.0292
DEBT-12294,CUST-12294,3647.18,0.0,0.0,0.0,0.0,3647.18,0.0086
DEBT-12295,CUST-12295,8983.02,0.0,0.0,0.0,122659.29,131642.31,0.328
DEBT-12296,CUST-12296,3838.2,9071.03,0.0,0.0,0.0,12909.23,0.0291
DEBT-12297,CUST-12297,5047.57,0.0,0.0,12065.17,0.0,17112.74,0.0421
DEBT-12298,CUST-12298,11982.84,0.0,0.0,11729.81,0.0,23712.65,0.0369
DEBT-12299,CUST-12299,0.0,0.0,0.0,0.0,0.0,0.0,0.0
DEBT-12300,CUST-12300,15505.83,15437.45,0.0,29872.82,367773.4,428589.5,0.6153
DEBT-12301,CUST-12301,1224.6,0.0,0.0,0.0,146093.97,147318.57,0.5525
DEBT-12302,CUST-12302,15699.32,0.0,0.0,0.0,0.0,15699.32,0.0157
DEBT-12303,CUST-12303,5080.72,0.0,0.0,10012.55,126915.64,142008.91,0.1855
DEBT-12304,CUST-12304,0.0,0.0,0.0,12042.98,0.0,12042.98,0.0535
DEBT-12305,CUST-12305,6193.34,0.0,0.0,0.0,0.0,6193.34,0.0134
DEBT-12306,CUST-12306,6605.11,15886.65,0.0,0.0,0.0,22491.76,0.0303
DEBT-12307,CUST-12307,195.53,0.0,0.0,0.0,0.0,195.53,0.0016
DEBT-12308,CUST-12308,4005.16,0.0,0.0,0.0,219602.85,223608.01,0.4288
DEBT-12309,CUST-12309,1583.0,0.0,35945.77,0.0,0.0,37528.77,0.1119
DEBT-12310,CUST-12310,6256.3,0.0,0.0,0.0,0.0,6256.3,0.0058
DEBT-12311,CUST-12311,0.0,0.0,0.0,0.0,163355.42,163355.42,0.3711
DEBT-12312,CUST-12312,11397.95,0.0,0.0,0.0,129829.97,141227.92,0.2614
DEBT-12313,CUST-12313,0.0,0.0,0.0,0.0,125054.18,125054.18,0.2746
DEBT-12314,CUST-12314,0.0,0.0,0.0,0.0,0.0,0.0,0.0
DEBT-12315,CUST-12315,13864.46,10434.66,0.0,13436.8,0.0,37735.92,0.0419
DEBT-12316,CUST-12316,15074.05,0.0,0.0,0.0,0.0,15074.05,0.0186
DEBT-12317,CUST-12317,4096.65,0.0,0.0,0.0,0.0,4096.65,0.0105
DEBT-12318,CUST-12318,0.0,0.0,0.0,0.0,0.0,0.0,0.0
DEBT-12319,CUST-12319,0.0,0.0,0.0,0.0,0.0,0.0,0.0
DEBT-12320,CUST-12320,0.0,0.0,0.0,0.0,0.0,0.0,0.0
DEBT-12321,CUST-12321,7514.2,0.0,30940.34,0.0,0.0,38454.54,0.0719
DEBT-12322,CUST-12322,13753.31,0.0,0.0,0.0,0.0,13753.31,0.0171
DEBT-12323,CUST-12323,0.0,0.0,0.0,16395.66,0.0,16395.66,0.0507
DEBT-12324,CUST-12324,5294.92,0.0,0.0,31463.81,0.0,36758.73,0.1522
DEBT-12325,CUST-12325,2876.49,0.0,0.0,15973.69,249290.57,268140.75,0.876
DEBT-12326,CUST-12326,8022.24,0.0,0.0,23687.24,423858.7,455568.18,0.5882
DEBT-12327,CUST-12327,0.0,0.0,0.0,0.0,0.0,0.0,0.0
DEBT-12328,CUST-12328,3773.07,9979.29,0.0,0.0,0.0,13752.36,0.0519
DEBT-12329,CUST-12329,0.0,1026.22,0.0,0.0,255889.56,256915.78,0.5778
DEBT-12330,CUST-12330,12484.72,4201.75,0.0,27960.75,0.0,44647.22,0.0678
DEBT-12331,CUST-12331,6578.76,0.0,29540.71,0.0,0.0,36119.47,0.0591
DEBT-12332,CUST-12332,715.06,0.0,0.0,27883.35,0.0,28598.41,0.5916
DEBT-12333,CUST-12333,4721.14,9460.36,0.0,0.0,326874.43,341055.93,0.6671
DEBT-12334,CUST-12334,2229.5,0.0,0.0,0.0,0.0,2229.5,0.0227
DEBT-12335,CUST-12335,521.11,0.0,0.0,0.0,0.0,521.11,0.0099
DEBT-12336,CUST-12336,0.0,0.0,0.0,0.0,0.0,0.0,0.0
DEBT-12337,CUST-12337,5021.46,22740.6,0.0,0.0,0.0,27762.06,0.0621
DEBT-12338,CUST-12338,1198.94,0.0,0.0,6049.22,0.0,7248.16,0.0166
DEBT-12339,CUST-12339,15726.87,0.0,0.0,20838.26,0.0,36565.13,0.0487
DEBT-12340,CUST-12340,174.15,6098.07,0.0,0.0,0.0,6272.22,0.0723
DEBT-12341,CUST-12341,691.55,0.0,0.0,0.0,0.0,691.55,0.0019
DEBT-12342,CUST-12342,0.0,0.0,27998.45,0.0,250407.8,278406.25,0.4343
DEBT-12343,CUST-12343,8803.46,0.0,0.0,0.0,106544.07,115347.53,0.1909
DEBT-12344,CUST-12344,0.0,0.0,32613.02,0.0,243635.08,276248.1,0.4411
DEBT-12345,CUST-12345,0.0,0.0,0.0,19634.29,0.0,19634.29,0.0487
DEBT-12346,CUST-12346,0.0,0.0,0.0,13322.26,442248.57,455570.83,1.5378
DEBT-12347,CUST-12347,0.0,0.0,0.0,0.0,0.0,0.0,0.0
DEBT-12348,CUST-12348,0.0,0.0,0.0,0.0,0.0,0.0,0.0
DEBT-12349,CUST-12349,0.0,0.0,0.0,0.0,198159.8,198159.8,0.6451
DEBT-12350,CUST-12350,6252.76,0.0,0.0,0.0,212390.87,218643.63,0.4239
DEBT-12351,CUST-12351,0.0,10413.51,14484.99,0.0,0.0,24898.5,0.0744
DEBT-12352,CUST-12352,0.0,0.0,0.0,0.0,0.0,0.0,0.0
DEBT-12353,CUST-12353,0.0,0.0,0.0,33335.78,0.0,33335.78,0.3045
DEBT-12354,CUST-12354,0.0,15151.79,0.0,29184.74,378671.41,423007.94,0.462
DEBT-12355,CUST-12355,1234.41,0.0,0.0,0.0,0.0,1234.41,0.0137
DEBT-12356,CUST-12356,13440.73,0.0,0.0,0.0,0.0,13440.73,0.0144
DEBT-12357,CUST-12357,12791.87,0.0,0.0,0.0,0.0,12791.87,0.0219
DEBT-12358,CUST-12358,6858.01,0.0,0.0,0.0,0.0,6858.01,0.0106
DEBT-12359,CUST-12359,3428.59,0.0,0.0,0.0,148174.23,151602.82,0.458
DEBT-12360,CUST-12360,0.0,0.0,0.0,0.0,0.0,0.0,0.0
DEBT-12361,CUST-12361,0.0,11585.98,0.0,0.0,0.0,11585.98,0.0205
DEBT-12362,CUST-12362,7245.46,0.0,0.0,0.0,0.0,7245.46,0.0184
DEBT-12363,CUST-12363,0.0,0.0,0.0,24722.91,0.0,24722.91,0.0735
DEBT-12364,CUST-12364,6537.31,0.0,0.0,33192.87,0.0,39730.18,0.081
DEBT-12365,CUST-12365,0.0,0.0,0.0,0.0,0.0,0.0,0.0
DEBT-12366,CUST-12366,0.0,0.0,15808.13,18720.87,0.0,34529.0,0.0635
DEBT-12367,CUST-12367,1466.52,0.0,0.0,0.0,0.0,1466.52,0.0058
DEBT-12368,CUST-12368,4470.96,0.0,0.0,0.0,263997.46,268468.42,0.793
DEBT-12369,CUST-12369,6715.51,16268.34,0.0,0.0,0.0,22983.85,0.0661
DEBT-12370,CUST-12370,0.0,0.0,38476.18,9789.13,0.0,48265.31,0.1043
DEBT-12371,CUST-12371,4931.33,0.0,0.0,0.0,262957.17,267888.5,0.3431
DEBT-12372,CUST-12372,0.0,10724.34,28732.25,0.0,0.0,39456.59,0.0632
DEBT-12373,CUST-12373,19130.51,8942.5,0.0,0.0,0.0,28073.01,0.0334
DEBT-12374,CUST-12374,0.0,0.0,0.0,0.0,0.0,0.0,0.0
DEBT-12375,CUST-12375,458.86,0.0,0.0,0.0,358458.81,358917.67,1.1214
DEBT-12376,CUST-12376,5930.46,14834.66,0.0,11995.4,0.0,32760.52,0.0455
DEBT-12377,CUST-12377,0.0,0.0,0.0,16126.76,272698.67,288825.43,1.1493
DEBT-12378,CUST-12378,4798.08,0.0,0.0,0.0,0.0,4798.08,0.0225
DEBT-12379,CUST-12379,0.0,0.0,0.0,0.0,0.0,0.0,0.0
DEBT-12380,CUST-12380,5976.29,0.0,0.0,0.0,111616.11,117592.4,0.4399
DEBT-12381,CUST-12381,2212.68,0.0,15253.45,12155.15,0.0,29621.28,0.0506
DEBT-12382,CUST-12382,14273.8,0.0,30562.83,0.0,0.0,44836.63,0.0603
DEBT-12383,CUST-12383,0.0,0.0,0.0,0.0,181521.46,181521.46,0.4514
DEBT-12384,CUST-12384,12895.85,0.0,0.0,0.0,0.0,12895.85,0.0214
DEBT-12385,CUST-12385,0.0,0.0,0.0,0.0,0.0,0.0,0.0
DEBT-12386,CUST-12386,6045.16,0.0,0.0,0.0,0.0,6045.16,0.0207
DEBT-12387,CUST-12387,0.0,0.0,0.0,0.0,0.0,0.0,0.0
DEBT-12388,CUST-12388,0.0,0.0,0.0,0.0,258949.92,258949.92,0.7891
DEBT-12389,CUST-12389,0.0,0.0,0.0,0.0,0.0,0.0,0.0
DEBT-12390,CUST-12390,0.0,0.0,0.0,18084.13,0.0,18084.13,0.0446
DEBT-12391,CUST-12391,3692.95,4820.91,0.0,29781.8,0.0,38295.66,0.0494
DEBT-12392,CUST-12392,3802.1,2269.04,0.0,0.0,0.0,6071.14,0.0103
DEBT-12393,CUST-12393,0.0,24626.72,0.0,32705.17,0.0,57331.89,0.3174
DEBT-12394,CUST-12394,7578.87,6731.69,0.0,0.0,0.0,14310.56,0.0296
DEBT-12395,CUST-12395,3360.51,5347.62,0.0,6378.4,0.0,15086.53,0.0275
DEBT-12396,CUST-12396,0.0,0.0,0.0,19714.7,0.0,19714.7,0.0912
DEBT-12397,CUST-12397,9731.21,0.0,13370.58,0.0,0.0,23101.79,0.0471
DEBT-12398,CUST-12398,0.0,0.0,0.0,7449.79,0.0,7449.79,0.009
DEBT-12399,CUST-12399,0.0,0.0,0.0,0.0,0.0,0.0,0.0
DEBT-12400,CUST-12400,3834.64,0.0,0.0,0.0,0.0,3834.64,0.0044
DEBT-12401,CUST-12401,3870.0,0.0,0.0,0.0,0.0,3870.0,0.012
DEBT-12402,CUST-12402,9390.47,0.0,0.0,21478.21,0.0,30868.68,0.0651
DEBT-12403,CUST-12403,1006.64,0.0,0.0,0.0,178289.19,179295.83,0.1676
DEBT-12404,CUST-12404,11557.66,0.0,0.0,0.0,0.0,11557.66,0.0201
DEBT-12405,CUST-12405,7423.18,0.0,0.0,0.0,0.0,7423.18,0.0183
DEBT-12406,CUST-12406,646.14,0.0,0.0,0.0,0.0,646.14,0.0013
DEBT-12407,CUST-12407,5497.17,0.0,0.0,28463.21,0.0,33960.38,0.1113
DEBT-12408,CUST-12408,0.0,0.0,0.0,0.0,0.0,0.0,0.0
DEBT-12409,CUST-12409,1275.45,3385.65,0.0,0.0,0.0,4661.1,0.0034
DEBT-12410,CUST-12410,0.0,0.0,0.0,0.0,0.0,0.0,0.0
DEBT-12411,CUST-12411,666.91,0.0,0.0,0.0,0.0,666.91,0.0022
DEBT-12412,CUST-12412,0.0,0.0,0.0,23409.7,0.0,23409.7,0.114
DEBT-12413,CUST-12413,4429.57,6801.22,0.0,27887.22,410685.31,449803.32,0.804
DEBT-12414,CUST-12414,7806.48,0.0,0.0,0.0,0.0,7806.48,0.02
DEBT-12415,CUST-12415,5136.13,0.0,0.0,0.0,0.0,5136.13,0.0182
DEBT-12416,CUST-12416,2449.67,0.0,0.0,0.0,0.0,2449.67,0.0077
DEBT-12417,CUST-12417,6788.38,0.0,0.0,0.0,132060.3,138848.68,0.3551
DEBT-12418,CUST-12418,0.0,0.0,0.0,26237.48,0.0,26237.48,0.0904
DEBT-12419,CUST-12419,12425.73,0.0,0.0,0.0,0.0,12425.73,0.0227
DEBT-12420,CUST-12420,6375.31,0.0,0.0,0.0,0.0,6375.31,0.0116
DEBT-12421,CUST-12421,5846.5,0.0,0.0,0.0,0.0,5846.5,0.0208
DEBT-12422,CUST-12422,10874.34,0.0,0.0,0.0,378867.83,389742.17,0.6497
DEBT-12423,CUST-12423,0.0,0.0,0.0,0.0,421597.54,421597.54,1.1609
DEBT-12424,CUST-12424,0.0,0.0,0.0,0.0,364102.09,364102.09,0.5484
DEBT-12425,CUST-12425,5287.54,15450.15,0.0,0.0,0.0,20737.69,0.0646
DEBT-12426,CUST-12426,8268.69,0.0,0.0,20649.55,324145.95,353064.19,0.3662
DEBT-12427,CUST-12427,0.0,0.0,0.0,0.0,0.0,0.0,0.0
DEBT-12428,CUST-12428,6369.51,0.0,0.0,24342.86,85896.3,116608.67,0.2398
DEBT-12429,CUST-12429,0.0,0.0,0.0,9604.04,0.0,9604.04,0.1619
DEBT-12430,CUST-12430,21826.46,0.0,0.0,0.0,291257.76,313084.22,0.3264
DEBT-12431,CUST-12431,760.96,22151.8,0.0,0.0,0.0,22912.76,0.297
DEBT-12432,CUST-12432,1366.6,7242.16,0.0,0.0,0.0,8608.76,0.0548
DEBT-12433,CUST-12433,2046.21,13837.07,0.0,0.0,0.0,15883.28,0.0387
DEBT-12434,CUST-12434,2407.03,0.0,0.0,0.0,0.0,2407.03,0.008
DEBT-12435,CUST-12435,0.0,0.0,0.0,23338.87,0.0,23338.87,0.0379
DEBT-12436,CUST-12436,6401.26,0.0,0.0,16884.0,183677.55,206962.81,0.5162
DEBT-12437,CUST-12437,15802.47,0.0,0.0,0.0,179332.97,195135.44,0.2113
DEBT-12438,CUST-12438,0.0,0.0,0.0,0.0,0.0,0.0,0.0
DEBT-12439,CUST-12439,3362.91,0.0,0.0,32693.61,0.0,36056.52,0.1349
DEBT-12440,CUST-12440,11689.71,0.0,0.0,0.0,191362.24,203051.95,0.3159
DEBT-12441,CUST-12441,1801.01,0.0,13810.97,13151.54,0.0,28763.52,0.0599
DEBT-12442,CUST-12442,1628.83,0.0,0.0,0.0,0.0,1628.83,0.0124
DEBT-12443,CUST-12443,0.0,0.0,0.0,0.0,0.0,0.0,0.0
DEBT-12444,CUST-12444,3475.38,11742.53,0.0,0.0,0.0,15217.91,0.0363
DEBT-12445,CUST-12445,3676.8,5254.97,0.0,0.0,0.0,8931.77,0.0397
DEBT-12446,CUST-12446,0.0,0.0,0.0,19391.1,0.0,19391.1,0.019
DEBT-12447,CUST-12447,9861.06,0.0,0.0,8442.99,92863.66,111167.71,0.2127
DEBT-12448,CUST-12448,1149.02,0.0,0.0,13294.87,0.0,14443.89,0.0309
DEBT-12449,CUST-12449,2277.2,24946.52,0.0,0.0,0.0,27223.72,0.076
DEBT-12450,CUST-12450,9007.64,0.0,0.0,0.0,169448.63,178456.27,0.3568
DEBT-12451,CUST-12451,0.0,14226.07,0.0,0.0,0.0,14226.07,0.0152
DEBT-12452,CUST-12452,0.0,2073.28,0.0,0.0,0.0,2073.28,0.0022
DEBT-12453,CUST-12453,8988.56,0.0,0.0,23830.5,0.0,32819.06,0.0698
DEBT-12454,CUST-12454,6754.51,0.0,0.0,0.0,0.0,6754.51,0.0072
DEBT-12455,CUST-12455,1588.89,0.0,0.0,0.0,0.0,1588.89,0.0189
DEBT-12456,CUST-12456,0.0,15191.03,0.0,0.0,0.0,15191.03,0.0264
DEBT-12457,CUST-12457,1866.2,10790.28,0.0,25317.84,0.0,37974.32,0.3661
DEBT-12458,CUST-12458,8528.66,23282.59,0.0,0.0,183734.24,215545.49,0.4054
DEBT-12459,CUST-12459,1055.94,10152.09,0.0,0.0,0.0,11208.03,0.0173
DEBT-12460,CUST-12460,3049.62,0.0,0.0,0.0,0.0,3049.62,0.0079
DEBT-12461,CUST-12461,0.0,0.0,0.0,0.0,0.0,0.0,0.0
DEBT-12462,CUST-12462,0.0,0.0,0.0,0.0,0.0,0.0,0.0
DEBT-12463,CUST-12463,1134.45,24970.62,0.0,0.0,0.0,26105.07,0.0703
DEBT-12464,CUST-12464,6703.23,0.0,0.0,25836.45,276012.92,308552.6,0.7391
DEBT-12465,CUST-12465,4136.23,0.0,0.0,0.0,0.0,4136.23,0.012
DEBT-12466,CUST-12466,5082.18,0.0,39903.42,0.0,178061.81,223047.41,0.2422
DEBT-12467,CUST-12467,0.0,0.0,0.0,0.0,281006.5,281006.5,0.3074
DEBT-12468,CUST-12468,1243.17,0.0,0.0,0.0,0.0,1243.17,0.0022
DEBT-12469,CUST-12469,9274.8,0.0,0.0,0.0,0.0,9274.8,0.0197
DEBT-12470,CUST-12470,1305.24,0.0,0.0,0.0,318844.73,320149.97,0.5711
DEBT-12471,CUST-12471,0.0,0.0,0.0,0.0,0.0,0.0,0.0
DEBT-12472,CUST-12472,0.0,0.0,0.0,24918.72,204657.09,229575.81,0.2045
DEBT-12473,CUST-12473,450.61,20206.04,0.0,33046.56,0.0,53703.21,0.8898
DEBT-12474,CUST-12474,0.0,0.0,0.0,0.0,296392.26,296392.26,0.8448
DEBT-12475,CUST-12475,9705.77,0.0,0.0,28653.75,0.0,38359.52,0.0554
DEBT-12476,CUST-12476,2674.93,0.0,0.0,0.0,0.0,2674.93,0.0076
DEBT-12477,CUST-12477,11075.54,0.0,0.0,0.0,0.0,11075.54,0.0172
DEBT-12478,CUST-12478,1715.44,2082.63,0.0,34554.69,0.0,38352.76,0.477
DEBT-12479,CUST-12479,2747.51,4173.43,28383.48,0.0,186139.1,221443.52,0.2789
DEBT-12480,CUST-12480,6429.15,5825.69,0.0,22598.43,0.0,34853.27,0.1006
DEBT-12481,CUST-12481,2384.02,0.0,36074.81,31989.98,0.0,70448.81,0.6697
DEBT-12482,CUST-12482,0.0,0.0,0.0,34631.17,393199.69,427830.86,0.6325
DEBT-12483,CUST-12483,618.82,0.0,0.0,0.0,0.0,618.82,0.001
DEBT-12484,CUST-12484,4694.76,0.0,0.0,18883.19,0.0,23577.95,0.0826
DEBT-12485,CUST-12485,6491.96,0.0,0.0,13256.02,0.0,19747.98,0.0699
DEBT-12486,CUST-12486,7128.99,0.0,0.0,27888.4,0.0,35017.39,0.1069
DEBT-12487,CUST-12487,9340.49,0.0,0.0,0.0,185560.21,194900.7,0.1206
DEBT-12488,CUST-12488,8557.42,0.0,0.0,32903.87,0.0,41461.29,0.0501
DEBT-12489,CUST-12489,11622.92,0.0,0.0,23071.2,0.0,34694.12,0.0404
DEBT-12490,CUST-12490,994.73,24371.41,0.0,0.0,0.0,25366.14,0.0961
DEBT-12491,CUST-12491,8905.99,0.0,0.0,10448.76,0.0,19354.75,0.0315
DEBT-12492,CUST-12492,0.0,24620.18,0.0,9403.38,206064.56,240088.12,0.7239
DEBT-12493,CUST-12493,6575.78,0.0,0.0,0.0,415889.69,422465.47,1.1643
DEBT-12494,CUST-12494,0.0,0.0,0.0,24155.26,0.0,24155.26,0.2781
DEBT-12495,CUST-12495,0.0,0.0,0.0,0.0,0.0,0.0,0.0
DEBT-12496,CUST-12496,0.0,1313.73,0.0,0.0,0.0,1313.73,0.0018
DEBT-12497,CUST-12497,1594.04,0.0,0.0,9902.42,0.0,11496.46,0.0203
DEBT-12498,CUST-12498,12132.65,0.0,0.0,0.0,0.0,12132.65,0.021
DEBT-12499,CUST-12499,0.0,0.0,0.0,25516.25,0.0,25516.25,0.1527
DEBT-12500,CUST-12500,10757.34,0.0,0.0,0.0,273741.13,284498.47,0.47
DEBT-12501,CUST-12501,1008.05,0.0,14657.19,0.0,0.0,15665.24,0.1103
DEBT-12502,CUST-12502,6225.71,0.0,0.0,6602.34,0.0,12828.05,0.0409
DEBT-12503,CUST-12503,1047.18,0.0,0.0,0.0,0.0,1047.18,0.0132
DEBT-12504,CUST-12504,0.0,0.0,0.0,0.0,0.0,0.0,0.0
DEBT-12505,CUST-12505,1146.56,24885.4,0.0,33735.51,0.0,59767.47,0.1098
DEBT-12506,CUST-12506,5827.57,0.0,0.0,27866.63,0.0,33694.2,0.1222
DEBT-12507,CUST-12507,1535.85,0.0,0.0,0.0,0.0,1535.85,0.0067
DEBT-12508,CUST-12508,0.0,24584.96,0.0,0.0,0.0,24584.96,0.0483
DEBT-12509,CUST-12509,5322.26,24909.14,0.0,14998.25,288550.24,333779.89,1.3233
DEBT-12510,CUST-12510,1462.52,0.0,0.0,0.0,0.0,1462.52,0.0028
DEBT-12511,CUST-12511,9936.93,0.0,0.0,0.0,0.0,9936.93,0.0195
DEBT-12512,CUST-12512,14196.97,0.0,0.0,0.0,444764.75,458961.72,0.629
DEBT-12513,CUST-12513,0.0,21517.93,0.0,0.0,0.0,21517.93,0.2154
DEBT-12514,CUST-12514,13088.22,0.0,0.0,0.0,0.0,13088.22,0.0207
DEBT-12515,CUST-12515,0.0,0.0,0.0,0.0,271107.88,271107.88,0.6859
DEBT-12516,CUST-12516,0.0,0.0,0.0,0.0,0.0,0.0,0.0
DEBT-12517,CUST-12517,2059.22,0.0,0.0,0.0,0.0,2059.22,0.0053
DEBT-12518,CUST-12518,4986.08,0.0,0.0,0.0,0.0,4986.08,0.0064
DEBT-12519,CUST-12519,5250.98,0.0,0.0,0.0,308189.57,313440.55,0.6881
DEBT-12520,CUST-12520,4102.23,0.0,0.0,0.0,0.0,4102.23,0.0225
DEBT-12521,CUST-12521,2089.42,0.0,9138.03,34908.76,0.0,46136.21,0.0995
DEBT-12522,CUST-12522,1024.98,16192.99,0.0,0.0,0.0,17217.97,0.3001
DEBT-12523,CUST-12523,0.0,0.0,0.0,0.0,0.0,0.0,0.0
DEBT-12524,CUST-12524,0.0,0.0,0.0,15407.19,89796.09,105203.28,0.1566
DEBT-12525,CUST-12525,1388.09,11239.47,0.0,0.0,0.0,12627.56,0.112
DEBT-12526,CUST-12526,9783.96,0.0,0.0,0.0,338132.86,347916.82,0.3131
DEBT-12527,CUST-12527,1403.87,9337.66,0.0,0.0,0.0,10741.53,0.0329
DEBT-12528,CUST-12528,733.66,0.0,0.0,11152.19,384920.22,396806.07,1.3331
DEBT-12529,CUST-12529,0.0,0.0,0.0,0.0,0.0,0.0,0.0
DEBT-12530,CUST-12530,0.0,0.0,0.0,25257.56,266902.82,292160.38,0.8087
DEBT-12531,CUST-12531,9061.37,3051.06,0.0,13802.67,137332.56,163247.66,0.367
DEBT-12532,CUST-12532,12759.16,0.0,0.0,29113.62,153358.49,195231.27,0.212
DEBT-12533,CUST-12533,6418.84,10421.65,18690.51,0.0,220061.95,255592.95,0.5749
DEBT-12534,CUST-12534,738.93,0.0,0.0,0.0,0.0,738.93,0.0025
DEBT-12535,CUST-12535,6170.22,0.0,18761.84,0.0,0.0,24932.06,0.0436
DEBT-12536,CUST-12536,1374.92,0.0,0.0,0.0,0.0,1374.92,0.0159
DEBT-12537,CUST-12537,7320.41,7608.16,0.0,0.0,0.0,14928.57,0.0246
DEBT-12538,CUST-12538,0.0,0.0,0.0,0.0,157942.56,157942.56,0.3838
DEBT-12539,CUST-12539,2871.0,0.0,0.0,22503.3,0.0,25374.3,0.0718
DEBT-12540,CUST-12540,0.0,0.0,38922.87,0.0,0.0,38922.87,0.0899
DEBT-12541,CUST-12541,3520.88,0.0,0.0,15975.07,206191.09,225687.04,0.5972
DEBT-12542,CUST-12542,0.0,0.0,0.0,0.0,0.0,0.0,0.0
DEBT-12543,CUST-12543,3408.39,0.0,31880.7,0.0,0.0,35289.09,0.2172
DEBT-12544,CUST-12544,0.0,0.0,0.0,0.0,0.0,0.0,0.0
DEBT-12545,CUST-12545,7612.39,0.0,0.0,13180.35,0.0,20792.74,0.0371
DEBT-12546,CUST-12546,3883.45,0.0,0.0,32391.53,315212.67,351487.65,0.7458
DEBT-12547,CUST-12547,18505.37,16710.76,0.0,0.0,0.0,35216.13,0.0361
DEBT-12548,CUST-12548,7579.61,0.0,22681.84,0.0,0.0,30261.45,0.0631
DEBT-12549,CUST-12549,0.0,0.0,0.0,0.0,0.0,0.0,0.0
DEBT-12550,CUST-12550,4534.95,0.0,0.0,0.0,189870.63,194405.58,0.433
DEBT-12551,CUST-12551,1764.36,0.0,0.0,0.0,0.0,1764.36,0.0074
DEBT-12552,CUST-12552,1774.53,0.0,0.0,0.0,0.0,1774.53,0.0056
DEBT-12553,CUST-12553,919.08,0.0,0.0,0.0,0.0,919.08,0.0016
DEBT-12554,CUST-12554,23115.27,19677.69,0.0,32963.15,385764.0,461520.11,0.4541
DEBT-12555,CUST-12555,0.0,5657.44,0.0,24086.37,0.0,29743.81,0.0509
DEBT-12556,CUST-12556,11952.61,0.0,0.0,0.0,231261.96,243214.57,0.3865
DEBT-12557,CUST-12557,9767.27,15076.32,0.0,0.0,194692.49,219536.08,0.2993
DEBT-12558,CUST-12558,0.0,0.0,0.0,0.0,0.0,0.0,0.0
DEBT-12559,CUST-12559,16745.78,0.0,0.0,0.0,364002.99,380748.77,0.4548
DEBT-12560,CUST-12560,1224.25,0.0,0.0,0.0,0.0,1224.25,0.0019
DEBT-12561,CUST-12561,0.0,0.0,0.0,15470.95,0.0,15470.95,0.3713
DEBT-12562,CUST-12562,0.0,0.0,0.0,0.0,0.0,0.0,0.0
DEBT-12563,CUST-12563,0.0,0.0,0.0,0.0,0.0,0.0,0.0
DEBT-12564,CUST-12564,6744.72,0.0,0.0,11633.64,0.0,18378.36,0.0322
DEBT-12565,CUST-12565,0.0,0.0,0.0,0.0,0.0,0.0,0.0
DEBT-12566,CUST-12566,0.0,20162.45,0.0,33949.78,0.0,54112.23,0.1197
DEBT-12567,CUST-12567,3977.32,0.0,0.0,0.0,295333.75,299311.07,0.6856
DEBT-12568,CUST-12568,779.06,12473.26,0.0,0.0,380169.45,393421.77,1.188
DEBT-12569,CUST-12569,0.0,0.0,0.0,0.0,0.0,0.0,0.0
DEBT-12570,CUST-12570,11146.41,23474.44,0.0,0.0,264006.32,298627.17,0.5777
DEBT-12571,CUST-12571,6439.06,0.0,6461.63,0.0,0.0,12900.69,0.018
DEBT-12572,CUST-12572,2792.27,0.0,0.0,0.0,0.0,2792.27,0.0057
DEBT-12573,CUST-12573,0.0,0.0,0.0,0.0,219563.42,219563.42,0.3526
DEBT-12574,CUST-12574,6910.0,0.0,0.0,19731.62,0.0,26641.62,0.0563
DEBT-12575,CUST-12575,4272.27,22536.4,0.0,0.0,0.0,26808.67,0.0598
DEBT-12576,CUST-12576,0.0,0.0,0.0,17341.71,0.0,17341.71,0.1012
DEBT-12577,CUST-12577,821.03,2189.41,22440.08,0.0,0.0,25450.52,0.0736
DEBT-12578,CUST-12578,11612.87,0.0,0.0,0.0,0.0,11612.87,0.0109
DEBT-12579,CUST-12579,0.0,15526.84,0.0,21039.64,0.0,36566.48,0.0583
DEBT-12580,CUST-12580,12696.68,0.0,0.0,0.0,0.0,12696.68,0.0137
DEBT-12581,CUST-12581,1476.71,0.0,0.0,0.0,0.0,1476.71,0.0144
DEBT-12582,CUST-12582,10602.99,0.0,0.0,0.0,389476.27,400079.26,0.7768
DEBT-12583,CUST-12583,4220.52,0.0,0.0,11298.19,0.0,15518.71,0.0312
DEBT-12584,CUST-12584,0.0,0.0,0.0,5872.37,109156.34,115028.71,0.116
DEBT-12585,CUST-12585,10025.09,0.0,35653.23,24055.74,0.0,69734.06,0.1246
DEBT-12586,CUST-12586,13689.17,0.0,0.0,0.0,0.0,13689.17,0.0225
DEBT-12587,CUST-12587,2396.73,0.0,0.0,0.0,0.0,2396.73,0.021
DEBT-12588,CUST-12588,8379.95,0.0,19997.99,0.0,0.0,28377.94,0.0567
DEBT-12589,CUST-12589,5037.92,0.0,0.0,34448.43,0.0,39486.35,0.1082
DEBT-12590,CUST-12590,0.0,0.0,0.0,0.0,0.0,0.0,0.0
DEBT-12591,CUST-12591,8823.92,17024.56,0.0,32400.18,0.0,58248.66,0.101
DEBT-12592,CUST-12592,6374.53,0.0,0.0,0.0,0.0,6374.53,0.0093
DEBT-12593,CUST-12593,9600.81,0.0,0.0,7645.63,0.0,17246.44,0.0264
DEBT-12594,CUST-12594,7077.44,0.0,0.0,0.0,0.0,7077.44,0.0189
DEBT-12595,CUST-12595,3055.03,0.0,0.0,0.0,389093.3,392148.33,0.7995
DEBT-12596,CUST-12596,2343.56,0.0,0.0,0.0,0.0,2343.56,0.0061
DEBT-12597,CUST-12597,702.43,0.0,0.0,0.0,0.0,702.43,0.0013
DEBT-12598,CUST-12598,5212.28,0.0,0.0,22055.04,0.0,27267.32,0.0646
DEBT-12599,CUST-12599,7248.09,0.0,0.0,12848.04,176568.82,196664.95,0.5178
DEBT-12600,CUST-12600,0.0,0.0,0.0,16308.86,0.0,16308.86,0.0323
DEBT-12601,CUST-12601,8531.83,0.0,0.0,0.0,406227.12,414758.95,1.0271
DEBT-12602,CUST-12602,4631.47,0.0,0.0,32176.18,0.0,36807.65,0.1091
DEBT-12603,CUST-12603,0.0,12650.67,28677.4,0.0,0.0,41328.07,0.1124
DEBT-12604,CUST-12604,2587.74,0.0,0.0,0.0,225042.68,227630.42,0.5212
DEBT-12605,CUST-12605,0.0,0.0,0.0,4459.13,0.0,4459.13,0.0061
DEBT-12606,CUST-12606,3039.3,0.0,0.0,25625.1,0.0,28664.4,0.0749
DEBT-12607,CUST-12607,2243.55,0.0,0.0,0.0,0.0,2243.55,0.0077
DEBT-12608,CUST-12608,12267.41,0.0,0.0,0.0,258393.85,270661.26,0.4637
DEBT-12609,CUST-12609,0.0,19198.66,0.0,0.0,124430.93,143629.59,0.2166
DEBT-12610,CUST-12610,5628.51,19175.52,39249.96,17207.1,0.0,81261.09,0.1097
DEBT-12611,CUST-12611,0.0,0.0,0.0,18193.57,0.0,18193.57,0.0509
DEBT-12612,CUST-12612,0.0,0.0,0.0,22496.41,0.0,22496.41,0.1368
DEBT-12613,CUST-12613,10571.0,0.0,0.0,32955.91,0.0,43526.91,0.0793
DEBT-12614,CUST-12614,7493.61,0.0,0.0,23862.42,318886.77,350242.8,0.3023
DEBT-12615,CUST-12615,1778.56,0.0,0.0,0.0,0.0,1778.56,0.0044
DEBT-12616,CUST-12616,7940.29,0.0,0.0,0.0,0.0,7940.29,0.0186
DEBT-12617,CUST-12617,4302.26,0.0,0.0,0.0,0.0,4302.26,0.0114
DEBT-12618,CUST-12618,3597.11,0.0,0.0,4049.85,0.0,7646.96,0.0268
DEBT-12619,CUST-12619,6858.62,0.0,0.0,28207.96,0.0,35066.58,0.0881
DEBT-12620,CUST-12620,2345.49,21468.62,0.0,22150.71,0.0,45964.82,0.1437
DEBT-12621,CUST-12621,0.0,22175.72,0.0,31910.27,0.0,54085.99,0.6344
DEBT-12622,CUST-12622,0.0,17054.65,0.0,33369.66,0.0,50424.31,0.0942
DEBT-12623,CUST-12623,0.0,0.0,0.0,17061.18,339021.3,356082.48,0.9669
DEBT-12624,CUST-12624,0.0,0.0,0.0,0.0,398726.4,398726.4,1.1216
DEBT-12625,CUST-12625,3998.42,0.0,0.0,0.0,0.0,3998.42,0.0087
DEBT-12626,CUST-12626,0.0,0.0,0.0,4420.28,0.0,4420.28,0.0073
DEBT-12627,CUST-12627,0.0,0.0,0.0,0.0,0.0,0.0,0.0
DEBT-12628,CUST-12628,5418.28,0.0,0.0,0.0,0.0,5418.28,0.0082
DEBT-12629,CUST-12629,0.0,2031.74,0.0,31209.57,0.0,33241.31,0.0311
DEBT-12630,CUST-12630,6019.62,0.0,0.0,0.0,0.0,6019.62,0.0183
DEBT-12631,CUST-12631,0.0,0.0,0.0,20337.15,0.0,20337.15,0.3876
DEBT-12632,CUST-12632,4972.59,0.0,0.0,20660.66,0.0,25633.25,0.1059
DEBT-12633,CUST-12633,9189.1,0.0,11489.83,0.0,0.0,20678.93,0.0403
DEBT-12634,CUST-12634,10492.5,0.0,0.0,0.0,270734.09,281226.59,0.531
DEBT-12635,CUST-12635,2010.67,0.0,0.0,0.0,0.0,2010.67,0.0056
DEBT-12636,CUST-12636,0.0,0.0,0.0,0.0,257665.89,257665.89,0.5385
DEBT-12637,CUST-12637,13245.33,0.0,0.0,24495.94,0.0,37741.27,0.0615
DEBT-12638,CUST-12638,0.0,9552.24,0.0,11013.09,0.0,20565.33,0.0335
DEBT-12639,CUST-12639,734.13,19457.87,0.0,0.0,0.0,20192.0,0.2116
DEBT-12640,CUST-12640,8752.84,0.0,0.0,0.0,0.0,8752.84,0.0165
DEBT-12641,CUST-12641,4841.71,3154.38,0.0,4423.88,0.0,12419.97,0.019
DEBT-12642,CUST-12642,4543.04,0.0,0.0,0.0,0.0,4543.04,0.0197
DEBT-12643,CUST-12643,8720.7,0.0,0.0,13209.37,0.0,21930.07,0.046
DEBT-12644,CUST-12644,0.0,0.0,0.0,6117.5,0.0,6117.5,0.0207
DEBT-12645,CUST-12645,0.0,0.0,30598.35,0.0,0.0,30598.35,0.2999
DEBT-12646,CUST-12646,781.6,0.0,0.0,0.0,0.0,781.6,0.002
DEBT-12647,CUST-12647,2557.84,0.0,0.0,0.0,0.0,2557.84,0.0039
DEBT-12648,CUST-12648,0.0,0.0,0.0,21807.39,0.0,21807.39,0.0497
DEBT-12649,CUST-12649,5783.18,0.0,0.0,0.0,0.0,5783.18,0.0126
DEBT-12650,CUST-12650,726.56,0.0,0.0,5066.61,0.0,5793.17,0.0183
DEBT-12651,CUST-12651,0.0,0.0,0.0,4859.69,382645.01,387504.7,1.1793
DEBT-12652,CUST-12652,0.0,0.0,33888.97,0.0,0.0,33888.97,0.2552
DEBT-12653,CUST-12653,16526.54,0.0,13496.32,0.0,81767.16,111790.02,0.1392
DEBT-12654,CUST-12654,367.58,0.0,43906.34,0.0,0.0,44273.92,0.4355
DEBT-12655,CUST-12655,4308.05,0.0,0.0,34526.17,0.0,38834.22,0.1528
DEBT-12656,CUST-12656,10214.42,0.0,0.0,13551.32,0.0,23765.74,0.047
DEBT-12657,CUST-12657,0.0,0.0,0.0,0.0,0.0,0.0,0.0
DEBT-12658,CUST-12658,3716.01,0.0,0.0,17945.47,93517.05,115178.53,0.1634
DEBT-12659,CUST-12659,10375.49,19823.48,0.0,0.0,0.0,30198.97,0.0339
DEBT-12660,CUST-12660,0.0,0.0,0.0,0.0,0.0,0.0,0.0
DEBT-12661,CUST-12661,2927.82,0.0,0.0,4742.26,330546.89,338216.97,1.2029
DEBT-12662,CUST-12662,0.0,0.0,0.0,33843.41,96125.51,129968.92,0.3132
DEBT-12663,CUST-12663,0.0,0.0,0.0,0.0,0.0,0.0,0.0
DEBT-12664,CUST-12664,2583.41,18726.12,0.0,0.0,0.0,21309.53,0.0411
DEBT-12665,CUST-12665,0.0,0.0,0.0,0.0,0.0,0.0,0.0
DEBT-12666,CUST-12666,3854.27,0.0,0.0,13892.18,0.0,17746.45,0.043
DEBT-12667,CUST-12667,5078.35,16372.67,0.0,15627.02,406144.48,443222.52,0.8795
DEBT-12668,CUST-12668,0.0,0.0,0.0,0.0,0.0,0.0,0.0
DEBT-12669,CUST-12669,6469.27,0.0,0.0,4757.78,0.0,11227.05,0.0233
DEBT-12670,CUST-12670,15412.4,0.0,0.0,4537.67,0.0,19950.07,0.0278
DEBT-12671,CUST-12671,1524.76,7094.1,0.0,0.0,0.0,8618.86,0.0806
DEBT-12672,CUST-12672,12112.74,18246.35,0.0,0.0,0.0,30359.09,0.0371
DEBT-12673,CUST-12673,0.0,0.0,0.0,0.0,0.0,0.0,0.0
DEBT-12674,CUST-12674,9683.53,0.0,43049.01,0.0,0.0,52732.54,0.0987
DEBT-12675,CUST-12675,4107.73,0.0,0.0,25203.72,0.0,29311.45,0.1554
DEBT-12676,CUST-12676,932.68,0.0,9335.43,0.0,0.0,10268.11,0.0234
DEBT-12677,CUST-12677,903.48,0.0,0.0,21376.54,0.0,22280.02,0.052
DEBT-12678,CUST-12678,4811.83,14502.15,0.0,12828.69,0.0,32142.67,0.1103
DEBT-12679,CUST-12679,3214.99,16234.37,0.0,0.0,433520.63,452969.99,0.7476
DEBT-12680,CUST-12680,9973.8,0.0,36236.72,0.0,0.0,46210.52,0.0804
DEBT-12681,CUST-12681,0.0,0.0,0.0,0.0,0.0,0.0,0.0
DEBT-12682,CUST-12682,2491.0,0.0,0.0,0.0,263028.75,265519.75,0.4227
DEBT-12683,CUST-12683,10016.96,0.0,0.0,0.0,149560.85,159577.81,0.2324
DEBT-12684,CUST-12684,9732.97,0.0,0.0,0.0,0.0,9732.97,0.0223
DEBT-12685,CUST-12685,5981.79,0.0,0.0,0.0,0.0,5981.79,0.011
DEBT-12686,CUST-12686,9198.2,0.0,0.0,0.0,317071.61,326269.81,0.6297
DEBT-12687,CUST-12687,16079.93,0.0,0.0,0.0,357773.27,373853.2,0.3917
DEBT-12688,CUST-12688,12224.33,0.0,0.0,18116.46,0.0,30340.79,0.0307
DEBT-12689,CUST-12689,1539.48,0.0,40047.73,16754.69,0.0,58341.9,0.2013
DEBT-12690,CUST-12690,4929.11,19643.52,0.0,0.0,0.0,24572.63,0.0508
DEBT-12691,CUST-12691,7354.51,0.0,0.0,28115.77,0.0,35470.28,0.0607
DEBT-12692,CUST-12692,26420.67,9366.38,0.0,0.0,0.0,35787.05,0.0309
DEBT-12693,CUST-12693,8443.85,0.0,0.0,0.0,0.0,8443.85,0.0118
DEBT-12694,CUST-12694,9337.86,0.0,0.0,0.0,0.0,9337.86,0.0197
DEBT-12695,CUST-12695,0.0,0.0,0.0,12594.41,0.0,12594.41,0.1771
DEBT-12696,CUST-12696,3654.22,13232.14,0.0,32023.15,353975.09,402884.6,1.4717
DEBT-12697,CUST-12697,483.44,24029.93,0.0,0.0,0.0,24513.37,0.4935
DEBT-12698,CUST-12698,991.64,0.0,0.0,26661.75,257091.24,284744.63,0.4779
DEBT-12699,CUST-12699,9976.2,0.0,0.0,0.0,285913.19,295889.39,0.6194
DEBT-12700,CUST-12700,3525.96,0.0,0.0,0.0,0.0,3525.96,0.0067
DEBT-12701,CUST-12701,10830.79,0.0,0.0,18186.28,0.0,29017.07,0.0332
DEBT-12702,CUST-12702,0.0,0.0,0.0,21080.9,0.0,21080.9,0.0181
DEBT-12703,CUST-12703,0.0,0.0,0.0,0.0,0.0,0.0,0.0
DEBT-12704,CUST-12704,8498.75,12279.02,0.0,0.0,0.0,20777.77,0.0441
DEBT-12705,CUST-12705,851.88,8670.93,0.0,0.0,0.0,9522.81,0.011
DEBT-12706,CUST-12706,3713.6,0.0,0.0,17463.7,0.0,21177.3,0.1192
DEBT-12707,CUST-12707,5347.74,0.0,0.0,21809.12,192225.41,219382.27,0.2174
DEBT-12708,CUST-12708,979.84,0.0,0.0,25112.05,0.0,26091.89,0.0317
DEBT-12709,CUST-12709,2824.44,0.0,0.0,8042.11,0.0,10866.55,0.0241
DEBT-12710,CUST-12710,8530.33,0.0,0.0,34516.44,86708.3,129755.07,0.3415
DEBT-12711,CUST-12711,0.0,0.0,0.0,0.0,0.0,0.0,0.0
DEBT-12712,CUST-12712,0.0,0.0,38591.73,0.0,0.0,38591.73,0.0859
DEBT-12713,CUST-12713,7928.67,0.0,0.0,0.0,378297.7,386226.37,0.9809
DEBT-12714,CUST-12714,7536.9,0.0,0.0,16156.14,0.0,23693.04,0.0338
DEBT-12715,CUST-12715,0.0,0.0,0.0,0.0,0.0,0.0,0.0
DEBT-12716,CUST-12716,4809.54,0.0,0.0,0.0,0.0,4809.54,0.008
DEBT-12717,CUST-12717,9201.09,6009.16,0.0,0.0,205183.11,220393.36,0.2859
DEBT-12718,CUST-12718,5283.01,0.0,0.0,0.0,0.0,5283.01,0.01
DEBT-12719,CUST-12719,5905.06,0.0,0.0,0.0,0.0,5905.06,0.0099
DEBT-12720,CUST-12720,0.0,0.0,0.0,24277.06,0.0,24277.06,0.041
DEBT-12721,CUST-12721,2658.97,20661.15,0.0,24593.81,0.0,47913.93,0.3775
DEBT-12722,CUST-12722,0.0,0.0,0.0,14869.98,0.0,14869.98,0.0385
DEBT-12723,CUST-12723,9970.69,21025.17,0.0,31188.93,227180.61,289365.4,0.6146
DEBT-12724,CUST-12724,5428.91,0.0,0.0,0.0,0.0,5428.91,0.0083
DEBT-12725,CUST-12725,8752.66,0.0,0.0,0.0,0.0,8752.66,0.0199
DEBT-12726,CUST-12726,5536.28,0.0,0.0,31417.62,0.0,36953.9,0.0627
DEBT-12727,CUST-12727,7240.83,12915.15,0.0,0.0,0.0,20155.98,0.0216
DEBT-12728,CUST-12728,2560.13,0.0,0.0,0.0,0.0,2560.13,0.0034
DEBT-12729,CUST-12729,5205.66,0.0,0.0,0.0,0.0,5205.66,0.0206
DEBT-12730,CUST-12730,11725.05,0.0,0.0,0.0,264828.46,276553.51,0.3213
DEBT-12731,CUST-12731,655.45,0.0,0.0,0.0,310542.82,311198.27,0.3074
DEBT-12732,CUST-12732,16045.58,0.0,0.0,26604.81,182930.97,225581.36,0.2956
DEBT-12733,CUST-12733,2950.76,0.0,0.0,0.0,0.0,2950.76,0.0104
DEBT-12734,CUST-12734,22852.72,0.0,0.0,0.0,0.0,22852.72,0.0197
DEBT-12735,CUST-12735,6265.37,0.0,0.0,19409.58,0.0,25674.95,0.0767
DEBT-12736,CUST-12736,4430.03,19520.49,0.0,19468.06,0.0,43418.58,0.091
DEBT-12737,CUST-12737,5832.85,0.0,0.0,0.0,231522.9,237355.75,0.5584
DEBT-12738,CUST-12738,8254.35,0.0,0.0,0.0,0.0,8254.35,0.0191
DEBT-12739,CUST-12739,9778.77,0.0,0.0,0.0,0.0,9778.77,0.0163
DEBT-12740,CUST-12740,5653.02,6246.34,19281.43,0.0,0.0,31180.79,0.0619
DEBT-12741,CUST-12741,6641.12,0.0,0.0,14985.91,0.0,21627.03,0.0384
DEBT-12742,CUST-12742,0.0,12049.97,0.0,30725.32,0.0,42775.29,0.1088
DEBT-12743,CUST-12743,4324.38,0.0,0.0,0.0,156369.29,160693.67,0.4891
DEBT-12744,CUST-12744,1045.51,19191.68,0.0,0.0,0.0,20237.19,0.0585
DEBT-12745,CUST-12745,3480.27,0.0,0.0,0.0,0.0,3480.27,0.013
DEBT-12746,CUST-12746,2020.7,4785.55,0.0,0.0,0.0,6806.25,0.0369
DEBT-12747,CUST-12747,0.0,0.0,0.0,0.0,0.0,0.0,0.0
DEBT-12748,CUST-12748,11776.63,0.0,0.0,0.0,0.0,11776.63,0.0203
DEBT-12749,CUST-12749,14338.91,15756.23,0.0,0.0,0.0,30095.14,0.0374
DEBT-12750,CUST-12750,0.0,0.0,0.0,0.0,0.0,0.0,0.0
DEBT-12751,CUST-12751,11333.17,0.0,0.0,13185.25,0.0,24518.42,0.026
DEBT-12752,CUST-12752,8273.67,18922.54,0.0,0.0,0.0,27196.21,0.0428
DEBT-12753,CUST-12753,0.0,2277.72,16411.62,0.0,325082.91,343772.25,0.5548
DEBT-12754,CUST-12754,2949.88,0.0,0.0,10341.01,0.0,13290.89,0.0469
DEBT-12755,CUST-12755,0.0,0.0,0.0,0.0,0.0,0.0,0.0
DEBT-12756,CUST-12756,9122.67,15530.22,0.0,16196.33,87334.08,128183.3,0.1751
DEBT-12757,CUST-12757,2654.3,0.0,0.0,0.0,0.0,2654.3,0.0067
DEBT-12758,CUST-12758,0.0,22674.52,6418.88,0.0,0.0,29093.4,0.0902
DEBT-12759,CUST-12759,0.0,0.0,23420.91,4736.98,0.0,28157.89,0.0654
DEBT-12760,CUST-12760,0.0,0.0,0.0,15220.43,224897.67,240118.1,0.4135
DEBT-12761,CUST-12761,0.0,0.0,0.0,0.0,0.0,0.0,0.0
DEBT-12762,CUST-12762,1259.75,23853.87,0.0,0.0,0.0,25113.62,0.0393
DEBT-12763,CUST-12763,5276.2,7818.84,0.0,0.0,0.0,13095.04,0.0231
DEBT-12764,CUST-12764,5627.4,0.0,0.0,0.0,0.0,5627.4,0.0198
DEBT-12765,CUST-12765,4415.13,9209.63,0.0,0.0,0.0,13624.76,0.026
DEBT-12766,CUST-12766,0.0,0.0,0.0,0.0,0.0,0.0,0.0
DEBT-12767,CUST-12767,4732.84,9671.78,0.0,0.0,0.0,14404.62,0.0264
DEBT-12768,CUST-12768,1309.68,0.0,0.0,0.0,0.0,1309.68,0.0038
DEBT-12769,CUST-12769,6491.68,0.0,0.0,0.0,0.0,6491.68,0.009
DEBT-12770,CUST-12770,0.0,0.0,0.0,0.0,0.0,0.0,0.0
DEBT-12771,CUST-12771,9135.96,7521.59,29534.38,28355.67,140493.1,215040.7,0.4185
DEBT-12772,CUST-12772,3319.84,0.0,0.0,0.0,0.0,3319.84,0.0065
DEBT-12773,CUST-12773,457.23,0.0,0.0,0.0,0.0,457.23,0.0037
DEBT-12774,CUST-12774,5156.01,0.0,0.0,13979.84,104605.77,123741.62,0.3846
DEBT-12775,CUST-12775,0.0,0.0,0.0,6560.28,0.0,6560.28,0.014
DEBT-12776,CUST-12776,0.0,0.0,0.0,8192.12,0.0,8192.12,0.0246
DEBT-12777,CUST-12777,0.0,0.0,0.0,0.0,0.0,0.0,0.0
DEBT-12778,CUST-12778,3053.17,8908.43,0.0,0.0,0.0,11961.6,0.0223
DEBT-12779,CUST-12779,11529.24,0.0,0.0,0.0,0.0,11529.24,0.019
DEBT-12780,CUST-12780,0.0,23765.06,0.0,0.0,151211.17,174976.23,0.3181
DEBT-12781,CUST-12781,6165.9,0.0,0.0,0.0,0.0,6165.9,0.0139
DEBT-12782,CUST-12782,6632.05,0.0,41423.51,0.0,115327.04,163382.6,0.4969
DEBT-12783,CUST-12783,1943.39,0.0,0.0,31560.31,0.0,33503.7,0.3809
DEBT-12784,CUST-12784,5003.84,0.0,0.0,8425.74,0.0,13429.58,0.031
DEBT-12785,CUST-12785,9219.45,21809.07,0.0,33841.03,0.0,64869.55,0.1604
DEBT-12786,CUST-12786,0.0,6140.67,0.0,0.0,0.0,6140.67,0.0313
DEBT-12787,CUST-12787,0.0,0.0,0.0,0.0,0.0,0.0,0.0
DEBT-12788,CUST-12788,3987.24,0.0,0.0,0.0,0.0,3987.24,0.0202
DEBT-12789,CUST-12789,0.0,0.0,0.0,20840.67,0.0,20840.67,0.0508
DEBT-12790,CUST-12790,669.6,0.0,0.0,15142.1,0.0,15811.7,0.0219
DEBT-12791,CUST-12791,13366.58,0.0,0.0,29938.47,282155.18,325460.23,0.2964
DEBT-12792,CUST-12792,4942.85,0.0,33985.82,10936.11,0.0,49864.78,0.1318
DEBT-12793,CUST-12793,6827.23,11666.34,0.0,0.0,206298.68,224792.25,0.4764
DEBT-12794,CUST-12794,3213.68,0.0,0.0,8358.18,0.0,11571.86,0.0399
DEBT-12795,CUST-12795,0.0,0.0,0.0,0.0,0.0,0.0,0.0
DEBT-12796,CUST-12796,14615.27,6467.4,0.0,28137.06,0.0,49219.73,0.0633
DEBT-12797,CUST-12797,3267.25,0.0,0.0,0.0,0.0,3267.25,0.0097
DEBT-12798,CUST-12798,0.0,0.0,24628.97,14691.19,0.0,39320.16,0.0801
DEBT-12799,CUST-12799,8981.28,19848.45,0.0,0.0,145818.25,174647.98,0.3991
DEBT-12800,CUST-12800,5306.87,16147.45,0.0,0.0,0.0,21454.32,0.033
DEBT-12801,CUST-12801,1908.82,0.0,0.0,5671.12,0.0,7579.94,0.0571
DEBT-12802,CUST-12802,11831.87,0.0,0.0,0.0,284469.67,296301.54,0.4908
DEBT-12803,CUST-12803,0.0,0.0,0.0,0.0,0.0,0.0,0.0
DEBT-12804,CUST-12804,0.0,0.0,0.0,29178.58,0.0,29178.58,0.0294
DEBT-12805,CUST-12805,3633.16,0.0,0.0,18239.87,0.0,21873.03,0.0559
DEBT-12806,CUST-12806,6057.28,0.0,0.0,13584.9,0.0,19642.18,0.0589
DEBT-12807,CUST-12807,707.51,0.0,0.0,9001.96,0.0,9709.47,0.0708
DEBT-12808,CUST-12808,0.0,8348.44,0.0,0.0,0.0,8348.44,0.0188
DEBT-12809,CUST-12809,2142.25,0.0,0.0,0.0,0.0,2142.25,0.0061
DEBT-12810,CUST-12810,0.0,19173.33,0.0,0.0,0.0,19173.33,0.0209
DEBT-12811,CUST-12811,0.0,0.0,0.0,5544.92,0.0,5544.92,0.0069
DEBT-12812,CUST-12812,2915.14,7965.79,0.0,25087.96,0.0,35968.89,0.0676
DEBT-12813,CUST-12813,5238.1,10788.63,0.0,0.0,0.0,16026.73,0.0307
DEBT-12814,CUST-12814,5793.2,0.0,0.0,0.0,0.0,5793.2,0.0117
DEBT-12815,CUST-12815,0.0,0.0,0.0,20288.16,0.0,20288.16,0.0659
DEBT-12816,CUST-12816,12224.97,23942.91,0.0,0.0,0.0,36167.88,0.0633
DEBT-12817,CUST-12817,7131.47,0.0,40327.49,0.0,215196.47,262655.43,0.7464
DEBT-12818,CUST-12818,10196.84,0.0,0.0,0.0,0.0,10196.84,0.0227
DEBT-12819,CUST-12819,5123.03,0.0,0.0,33145.42,0.0,38268.45,0.1429
DEBT-12820,CUST-12820,2883.19,0.0,0.0,0.0,0.0,2883.19,0.0036
DEBT-12821,CUST-12821,3939.81,0.0,0.0,0.0,304557.18,308496.99,1.1156
DEBT-12822,CUST-12822,0.0,0.0,0.0,0.0,0.0,0.0,0.0
DEBT-12823,CUST-12823,6476.5,17055.53,0.0,0.0,0.0,23532.03,0.0323
DEBT-12824,CUST-12824,5308.46,10669.56,43705.36,0.0,349011.07,408694.45,1.2688
DEBT-12825,CUST-12825,0.0,0.0,23299.38,22686.4,0.0,45985.78,0.0754
DEBT-12826,CUST-12826,8241.78,0.0,0.0,0.0,0.0,8241.78,0.0112
DEBT-12827,CUST-12827,3217.69,0.0,0.0,8089.76,0.0,11307.45,0.0261
DEBT-12828,CUST-12828,1169.65,0.0,0.0,0.0,0.0,1169.65,0.0032
DEBT-12829,CUST-12829,3386.52,19824.35,0.0,0.0,0.0,23210.87,0.0366
DEBT-12830,CUST-12830,0.0,0.0,0.0,0.0,0.0,0.0,0.0
DEBT-12831,CUST-12831,11150.11,0.0,0.0,32300.36,0.0,43450.47,0.0588
DEBT-12832,CUST-12832,16331.61,0.0,0.0,0.0,351602.02,367933.63,0.4917
DEBT-12833,CUST-12833,625.99,0.0,0.0,0.0,0.0,625.99,0.0069
DEBT-12834,CUST-12834,0.0,0.0,33591.06,29008.24,0.0,62599.3,0.123
DEBT-12835,CUST-12835,4965.15,0.0,0.0,16073.8,0.0,21038.95,0.0499
DEBT-12836,CUST-12836,8624.77,0.0,0.0,0.0,0.0,8624.77,0.0135
DEBT-12837,CUST-12837,0.0,0.0,16896.14,12441.65,0.0,29337.79,0.0358
DEBT-12838,CUST-12838,0.0,0.0,0.0,28211.59,0.0,28211.59,0.0462
DEBT-12839,CUST-12839,612.48,0.0,0.0,34477.79,0.0,35090.27,0.4338
DEBT-12840,CUST-12840,2808.39,2008.39,0.0,25550.17,0.0,30366.95,0.1772
DEBT-12841,CUST-12841,14233.8,0.0,0.0,0.0,109972.4,124206.2,0.162
DEBT-12842,CUST-12842,0.0,0.0,0.0,17924.66,0.0,17924.66,0.0195
DEBT-12843,CUST-12843,6109.11,0.0,0.0,0.0,438129.23,444238.34,0.8903
DEBT-12844,CUST-12844,4563.73,0.0,0.0,0.0,0.0,4563.73,0.0157
DEBT-12845,CUST-12845,4116.33,0.0,28189.13,0.0,0.0,32305.46,0.0855
DEBT-12846,CUST-12846,773.02,0.0,0.0,0.0,0.0,773.02,0.0009
DEBT-12847,CUST-12847,3430.56,10692.44,5374.37,0.0,227711.4,247208.77,0.5539
DEBT-12848,CUST-12848,1059.07,0.0,0.0,0.0,0.0,1059.07,0.0036
DEBT-12849,CUST-12849,1835.06,16106.46,0.0,0.0,109177.63,127119.15,0.2835
DEBT-12850,CUST-12850,0.0,0.0,0.0,0.0,0.0,0.0,0.0
DEBT-12851,CUST-12851,10590.2,0.0,0.0,0.0,0.0,10590.2,0.0188
DEBT-12852,CUST-12852,0.0,0.0,0.0,0.0,0.0,0.0,0.0
DEBT-12853,CUST-12853,8831.6,0.0,0.0,0.0,0.0,8831.6,0.0128
DEBT-12854,CUST-12854,0.0,0.0,32305.12,5868.53,0.0,38173.65,0.3274
DEBT-12855,CUST-12855,0.0,0.0,6805.08,0.0,0.0,6805.08,0.024
DEBT-12856,CUST-12856,4946.4,5087.66,0.0,25691.54,0.0,35725.6,0.0545
DEBT-12857,CUST-12857,248.76,0.0,0.0,0.0,0.0,248.76,0.0008
DEBT-12858,CUST-12858,13085.38,11517.45,0.0,0.0,0.0,24602.83,0.0335
DEBT-12859,CUST-12859,5398.3,15676.91,0.0,0.0,0.0,21075.21,0.0298
DEBT-12860,CUST-12860,0.0,0.0,0.0,18176.36,0.0,18176.36,0.0653
DEBT-12861,CUST-12861,0.0,0.0,13154.73,0.0,0.0,13154.73,0.0248
DEBT-12862,CUST-12862,14523.76,0.0,0.0,24893.14,274311.72,313728.62,0.4029
DEBT-12863,CUST-12863,7415.54,0.0,0.0,0.0,441734.02,449149.56,0.5229
DEBT-12864,CUST-12864,0.0,4511.63,0.0,0.0,248363.44,252875.07,0.4258
DEBT-12865,CUST-12865,1620.16,0.0,0.0,0.0,0.0,1620.16,0.006
DEBT-12866,CUST-12866,6789.43,8905.04,0.0,0.0,442082.01,457776.48,1.0032
DEBT-12867,CUST-12867,7766.43,0.0,0.0,32007.29,0.0,39773.72,0.0567
DEBT-12868,CUST-12868,1291.76,0.0,0.0,20273.92,0.0,21565.68,0.3237
DEBT-12869,CUST-12869,0.0,0.0,0.0,34201.28,0.0,34201.28,0.0697
DEBT-12870,CUST-12870,5198.9,0.0,0.0,11359.2,0.0,16558.1,0.0335
DEBT-12871,CUST-12871,0.0,0.0,0.0,18282.09,0.0,18282.09,0.0507
DEBT-12872,CUST-12872,0.0,0.0,0.0,0.0,0.0,0.0,0.0
DEBT-12873,CUST-12873,0.0,0.0,0.0,0.0,0.0,0.0,0.0
DEBT-12874,CUST-12874,16598.93,0.0,0.0,10441.34,0.0,27040.27,0.0307
DEBT-12875,CUST-12875,1148.06,0.0,0.0,0.0,0.0,1148.06,0.0065
DEBT-12876,CUST-12876,7960.44,0.0,0.0,0.0,0.0,7960.44,0.0151
DEBT-12877,CUST-12877,4440.19,0.0,0.0,8777.3,0.0,13217.49,0.0518
DEBT-12878,CUST-12878,10868.14,0.0,0.0,0.0,403684.06,414552.2,0.8058
DEBT-12879,CUST-12879,16093.58,0.0,0.0,0.0,0.0,16093.58,0.0227
DEBT-12880,CUST-12880,3019.38,0.0,0.0,23051.43,0.0,26070.81,0.0535
DEBT-12881,CUST-12881,16427.41,0.0,0.0,0.0,176770.81,193198.22,0.267
DEBT-12882,CUST-12882,0.0,4032.96,0.0,0.0,0.0,4032.96,0.0118
DEBT-12883,CUST-12883,0.0,19394.72,0.0,0.0,0.0,19394.72,0.0382
DEBT-12884,CUST-12884,11436.97,0.0,0.0,0.0,0.0,11436.97,0.0188
DEBT-12885,CUST-12885,0.0,0.0,0.0,33921.3,130045.24,163966.54,0.1739
DEBT-12886,CUST-12886,12527.18,0.0,0.0,0.0,0.0,12527.18,0.0195
DEBT-12887,CUST-12887,9625.27,9907.35,0.0,0.0,197484.03,217016.65,0.2865
DEBT-12888,CUST-12888,8456.19,0.0,0.0,0.0,175638.4,184094.59,0.3096
DEBT-12889,CUST-12889,0.0,0.0,0.0,32752.84,0.0,32752.84,0.0445
DEBT-12890,CUST-12890,20393.01,6697.52,0.0,13928.68,0.0,41019.21,0.0429
DEBT-12891,CUST-12891,7439.46,0.0,0.0,0.0,168870.75,176310.21,0.3711
DEBT-12892,CUST-12892,3552.78,15423.29,0.0,0.0,416251.27,435227.34,0.8808
DEBT-12893,CUST-12893,4733.02,0.0,0.0,0.0,0.0,4733.02,0.0081
DEBT-12894,CUST-12894,4889.11,0.0,19238.67,0.0,405974.72,430102.5,1.1077
DEBT-12895,CUST-12895,0.0,15672.91,0.0,9691.82,0.0,25364.73,0.0346
DEBT-12896,CUST-12896,789.47,0.0,0.0,23623.96,0.0,24413.43,0.1322
DEBT-12897,CUST-12897,0.0,16657.17,0.0,0.0,0.0,16657.17,0.052
DEBT-12898,CUST-12898,7442.1,8837.1,0.0,0.0,0.0,16279.2,0.0147
DEBT-12899,CUST-12899,15528.32,0.0,0.0,0.0,0.0,15528.32,0.0175
DEBT-12900,CUST-12900,0.0,0.0,0.0,0.0,0.0,0.0,0.0
DEBT-12901,CUST-12901,10028.71,18694.55,0.0,7351.11,0.0,36074.37,0.0725
DEBT-12902,CUST-12902,8594.85,3838.31,0.0,12955.29,0.0,25388.45,0.0609
DEBT-12903,CUST-12903,0.0,0.0,0.0,0.0,92532.71,92532.71,0.2338
DEBT-12904,CUST-12904,12100.13,0.0,0.0,0.0,0.0,12100.13,0.0147
DEBT-12905,CUST-12905,1204.43,0.0,0.0,0.0,0.0,1204.43,0.0075
DEBT-12906,CUST-12906,10016.0,19409.81,0.0,0.0,0.0,29425.81,0.0528
DEBT-12907,CUST-12907,9913.76,0.0,0.0,0.0,190790.8,200704.56,0.4137
DEBT-12908,CUST-12908,996.99,22263.51,0.0,0.0,170377.91,193638.41,0.539
DEBT-12909,CUST-12909,6859.15,1150.69,0.0,0.0,0.0,8009.84,0.0201
DEBT-12910,CUST-12910,0.0,0.0,0.0,0.0,0.0,0.0,0.0
DEBT-12911,CUST-12911,0.0,0.0,0.0,28382.87,0.0,28382.87,0.0764
DEBT-12912,CUST-12912,5673.67,0.0,0.0,23948.93,234698.52,264321.12,0.4706
DEBT-12913,CUST-12913,0.0,0.0,0.0,0.0,0.0,0.0,0.0
DEBT-12914,CUST-12914,0.0,0.0,0.0,14981.61,0.0,14981.61,0.0175
DEBT-12915,CUST-12915,3301.85,4782.01,0.0,0.0,0.0,8083.86,0.02
DEBT-12916,CUST-12916,5303.58,0.0,0.0,0.0,0.0,5303.58,0.0045
DEBT-12917,CUST-12917,14370.4,0.0,0.0,0.0,0.0,14370.4,0.018
DEBT-12918,CUST-12918,3377.83,24158.38,0.0,0.0,0.0,27536.21,0.0792
DEBT-12919,CUST-12919,3461.45,0.0,26586.51,0.0,0.0,30047.96,0.0675
DEBT-12920,CUST-12920,5173.21,0.0,0.0,32428.42,0.0,37601.63,0.0569
DEBT-12921,CUST-12921,1678.77,0.0,28241.66,13063.8,0.0,42984.23,0.0929
DEBT-12922,CUST-12922,0.0,0.0,0.0,8448.04,0.0,8448.04,0.0109
DEBT-12923,CUST-12923,0.0,0.0,0.0,0.0,0.0,0.0,0.0
DEBT-12924,CUST-12924,0.0,6705.87,0.0,34644.89,0.0,41350.76,0.1306
DEBT-12925,CUST-12925,0.0,12901.09,0.0,0.0,327613.57,340514.66,0.5098
DEBT-12926,CUST-12926,6302.47,0.0,0.0,0.0,0.0,6302.47,0.0114
DEBT-12927,CUST-12927,2885.95,11266.6,0.0,19311.61,0.0,33464.16,0.062
DEBT-12928,CUST-12928,11009.21,0.0,0.0,12550.96,221416.04,244976.21,0.3785
DEBT-12929,CUST-12929,12105.54,0.0,0.0,0.0,0.0,12105.54,0.0188
DEBT-12930,CUST-12930,2364.51,0.0,0.0,0.0,98317.86,100682.37,0.2308
DEBT-12931,CUST-12931,5114.01,10790.24,28748.29,0.0,0.0,44652.54,0.0658
DEBT-12932,CUST-12932,13751.61,12185.95,0.0,24202.17,0.0,50139.73,0.0344
DEBT-12933,CUST-12933,0.0,10562.9,0.0,0.0,0.0,10562.9,0.0309
DEBT-12934,CUST-12934,0.0,0.0,0.0,0.0,0.0,0.0,0.0
DEBT-12935,CUST-12935,33031.6,0.0,0.0,0.0,299786.72,332818.32,0.2213
DEBT-12936,CUST-12936,4236.46,0.0,0.0,0.0,0.0,4236.46,0.0077
DEBT-12937,CUST-12937,4485.63,0.0,0.0,0.0,0.0,4485.63,0.0104
DEBT-12938,CUST-12938,0.0,0.0,0.0,0.0,271355.91,271355.91,0.6433
DEBT-12939,CUST-12939,0.0,0.0,0.0,17471.11,0.0,17471.11,0.0357
DEBT-12940,CUST-12940,1028.48,0.0,0.0,0.0,0.0,1028.48,0.0168
DEBT-12941,CUST-12941,0.0,14033.31,0.0,24647.87,445293.65,483974.83,0.799
DEBT-12942,CUST-12942,7812.31,0.0,0.0,0.0,430788.33,438600.64,0.5908
DEBT-12943,CUST-12943,0.0,0.0,0.0,13182.91,0.0,13182.91,0.0157
DEBT-12944,CUST-12944,0.0,24108.31,0.0,30324.56,393554.9,447987.77,0.6701
DEBT-12945,CUST-12945,17073.89,0.0,0.0,0.0,0.0,17073.89,0.0219
DEBT-12946,CUST-12946,0.0,0.0,0.0,0.0,0.0,0.0,0.0
DEBT-12947,CUST-12947,5682.28,0.0,0.0,0.0,0.0,5682.28,0.0122
DEBT-12948,CUST-12948,1250.88,17457.09,0.0,0.0,372466.97,391174.94,0.7415
DEBT-12949,CUST-12949,242.49,0.0,0.0,0.0,404706.53,404949.02,1.1656
DEBT-12950,CUST-12950,1779.57,12679.48,0.0,0.0,0.0,14459.05,0.1398
DEBT-12951,CUST-12951,8153.42,0.0,0.0,0.0,415701.09,423854.51,0.4444
DEBT-12952,CUST-12952,6983.22,0.0,0.0,26468.54,0.0,33451.76,0.0888
DEBT-12953,CUST-12953,0.0,0.0,0.0,0.0,0.0,0.0,0.0
DEBT-12954,CUST-12954,3022.71,14973.97,37933.22,27980.97,0.0,83910.87,0.2849
DEBT-12955,CUST-12955,3505.1,10795.83,0.0,0.0,413658.61,427959.54,0.4205
DEBT-12956,CUST-12956,1579.57,0.0,0.0,0.0,246144.43,247724.0,0.313
DEBT-12957,CUST-12957,1418.11,0.0,0.0,0.0,207515.73,208933.84,0.7341
DEBT-12958,CUST-12958,8885.7,0.0,0.0,0.0,0.0,8885.7,0.0146
DEBT-12959,CUST-12959,0.0,0.0,0.0,0.0,0.0,0.0,0.0
DEBT-12960,CUST-12960,8193.48,18134.14,19488.26,0.0,0.0,45815.88,0.1232
DEBT-12961,CUST-12961,0.0,1408.75,0.0,0.0,0.0,1408.75,0.0031
DEBT-12962,CUST-12962,0.0,2318.37,0.0,27284.45,0.0,29602.82,0.0397
DEBT-12963,CUST-12963,6436.77,0.0,0.0,28748.41,0.0,35185.18,0.0513
DEBT-12964,CUST-12964,2255.07,0.0,0.0,0.0,0.0,2255.07,0.0025
DEBT-12965,CUST-12965,2239.93,0.0,0.0,33031.57,196149.9,231421.4,0.4266
DEBT-12966,CUST-12966,2093.38,0.0,0.0,0.0,0.0,2093.38,0.0059
DEBT-12967,CUST-12967,0.0,0.0,0.0,13609.54,0.0,13609.54,0.0406
DEBT-12968,CUST-12968,11535.95,0.0,0.0,0.0,0.0,11535.95,0.0194
DEBT-12969,CUST-12969,3913.25,0.0,0.0,0.0,0.0,3913.25,0.0075
DEBT-12970,CUST-12970,0.0,0.0,0.0,0.0,0.0,0.0,0.0
DEBT-12971,CUST-12971,2422.8,0.0,0.0,0.0,0.0,2422.8,0.0034
DEBT-12972,CUST-12972,793.03,17998.41,0.0,0.0,0.0,18791.44,0.0397
DEBT-12973,CUST-12973,7773.22,0.0,0.0,0.0,416850.59,424623.81,0.8952
DEBT-12974,CUST-12974,0.0,0.0,0.0,18254.48,266075.48,284329.96,0.4687
DEBT-12975,CUST-12975,7744.55,0.0,27498.37,0.0,0.0,35242.92,0.0743
DEBT-12976,CUST-12976,11229.39,0.0,0.0,0.0,0.0,11229.39,0.0135
DEBT-12977,CUST-12977,0.0,0.0,0.0,0.0,0.0,0.0,0.0
DEBT-12978,CUST-12978,6632.0,0.0,0.0,0.0,0.0,6632.0,0.0219
DEBT-12979,CUST-12979,1177.44,17240.89,0.0,0.0,0.0,18418.33,0.205
DEBT-12980,CUST-12980,0.0,0.0,0.0,0.0,0.0,0.0,0.0
DEBT-12981,CUST-12981,7263.78,7561.74,0.0,0.0,404826.8,419652.32,0.6855
DEBT-12982,CUST-12982,0.0,0.0,0.0,0.0,0.0,0.0,0.0
DEBT-12983,CUST-12983,162.09,18659.68,0.0,0.0,0.0,18821.77,0.1018
DEBT-12984,CUST-12984,4880.18,0.0,0.0,33651.41,0.0,38531.59,0.1558
DEBT-12985,CUST-12985,4725.8,0.0,0.0,23418.07,0.0,28143.87,0.0374
DEBT-12986,CUST-12986,0.0,0.0,0.0,32240.93,0.0,32240.93,0.0535
DEBT-12987,CUST-12987,9938.46,0.0,0.0,18100.14,0.0,28038.6,0.0466
DEBT-12988,CUST-12988,0.0,0.0,0.0,8820.87,0.0,8820.87,0.0183
DEBT-12989,CUST-12989,11054.61,0.0,0.0,23466.46,0.0,34521.07,0.0551
DEBT-12990,CUST-12990,22915.04,0.0,0.0,0.0,350365.1,373280.14,0.3132
DEBT-12991,CUST-12991,7267.8,0.0,0.0,24936.82,0.0,32204.62,0.0683
DEBT-12992,CUST-12992,0.0,16384.01,0.0,0.0,0.0,16384.01,0.0178
DEBT-12993,CUST-12993,0.0,0.0,0.0,15591.49,0.0,15591.49,0.0423
DEBT-12994,CUST-12994,0.0,0.0,0.0,0.0,0.0,0.0,0.0
DEBT-12995,CUST-12995,1068.06,0.0,0.0,0.0,0.0,1068.06,0.0065
DEBT-12996,CUST-12996,2789.29,0.0,0.0,0.0,291379.98,294169.27,0.4561
DEBT-12997,CUST-12997,4007.7,0.0,0.0,34010.66,444100.56,482118.92,1.5717
DEBT-12998,CUST-12998,1578.48,0.0,9843.92,25013.21,0.0,36435.61,0.4776
DEBT-12999,CUST-12999,0.0,0.0,8478.22,32740.65,0.0,41218.87,0.0865
DEBT-13000,CUST-13000,0.0,0.0,0.0,32445.88,174635.08,207080.96,0.4637
DEBT-13001,CUST-13001,1999.78,24997.05,0.0,10683.64,211870.23,249550.7,0.6057
DEBT-13002,CUST-13002,7190.17,0.0,0.0,0.0,0.0,7190.17,0.0112
DEBT-13003,CUST-13003,0.0,0.0,0.0,0.0,0.0,0.0,0.0
DEBT-13004,CUST-13004,2588.25,19771.57,44913.28,0.0,0.0,67273.1,0.5032
DEBT-13005,CUST-13005,0.0,0.0,0.0,0.0,0.0,0.0,0.0
DEBT-13006,CUST-13006,3774.92,0.0,0.0,0.0,0.0,3774.92,0.0125
DEBT-13007,CUST-13007,0.0,0.0,0.0,29312.85,0.0,29312.85,0.0883
DEBT-13008,CUST-13008,2176.31,0.0,0.0,0.0,0.0,2176.31,0.0144
DEBT-13009,CUST-13009,0.0,0.0,0.0,6908.63,0.0,6908.63,0.0214
DEBT-13010,CUST-13010,7598.97,3322.55,0.0,9762.48,0.0,20684.0,0.0473
DEBT-13011,CUST-13011,1300.08,0.0,0.0,8525.31,141462.24,151287.63,0.1756
DEBT-13012,CUST-13012,9270.34,0.0,0.0,16359.71,365788.48,391418.53,0.582
DEBT-13013,CUST-13013,0.0,14611.11,0.0,29267.29,0.0,43878.4,0.2426
DEBT-13014,CUST-13014,0.0,8352.35,0.0,29725.81,0.0,38078.16,0.0619
DEBT-13015,CUST-13015,0.0,0.0,0.0,14911.35,0.0,14911.35,0.0625
DEBT-13016,CUST-13016,5205.55,0.0,0.0,0.0,0.0,5205.55,0.0167
DEBT-13017,CUST-13017,1364.45,0.0,0.0,0.0,404216.59,405581.04,0.6055
DEBT-13018,CUST-13018,6418.05,0.0,0.0,5957.55,194911.09,207286.69,0.4155
DEBT-13019,CUST-13019,1514.2,0.0,0.0,0.0,0.0,1514.2,0.0175
DEBT-13020,CUST-13020,2062.36,0.0,0.0,0.0,0.0,2062.36,0.0045
DEBT-13021,CUST-13021,84.62,2760.1,28508.23,0.0,0.0,31352.95,0.3138
DEBT-13022,CUST-13022,11832.89,0.0,0.0,0.0,0.0,11832.89,0.009
DEBT-13023,CUST-13023,2659.17,14040.93,0.0,7562.64,0.0,24262.74,0.0711
DEBT-13024,CUST-13024,7320.57,0.0,0.0,0.0,0.0,7320.57,0.0139
DEBT-13025,CUST-13025,6199.86,0.0,14688.71,24843.56,85467.77,131199.9,0.4011
DEBT-13026,CUST-13026,2075.38,0.0,0.0,18588.68,0.0,20664.06,0.0843
DEBT-13027,CUST-13027,2986.88,0.0,0.0,24917.12,0.0,27904.0,0.0572
DEBT-13028,CUST-13028,11037.48,0.0,0.0,7653.37,0.0,18690.85,0.0333
DEBT-13029,CUST-13029,0.0,0.0,0.0,0.0,0.0,0.0,0.0
DEBT-13030,CUST-13030,0.0,0.0,0.0,0.0,0.0,0.0,0.0
DEBT-13031,CUST-13031,0.0,0.0,0.0,16883.3,0.0,16883.3,0.0186
DEBT-13032,CUST-13032,0.0,0.0,0.0,8317.68,280230.28,288547.96,0.5169
DEBT-13033,CUST-13033,0.0,0.0,0.0,0.0,0.0,0.0,0.0
DEBT-13034,CUST-13034,14200.91,8050.13,0.0,0.0,0.0,22251.04,0.0287
DEBT-13035,CUST-13035,3266.38,0.0,0.0,0.0,0.0,3266.38,0.0101
DEBT-13036,CUST-13036,0.0,15611.19,0.0,0.0,0.0,15611.19,0.0658
DEBT-13037,CUST-13037,343.06,0.0,0.0,6017.29,0.0,6360.35,0.0136
DEBT-13038,CUST-13038,2593.79,0.0,0.0,0.0,0.0,2593.79,0.0056
DEBT-13039,CUST-13039,6835.11,0.0,0.0,0.0,0.0,6835.11,0.0124
DEBT-13040,CUST-13040,0.0,0.0,0.0,0.0,219184.02,219184.02,0.2366
DEBT-13041,CUST-13041,0.0,0.0,0.0,20260.61,0.0,20260.61,0.0712
DEBT-13042,CUST-13042,2857.94,0.0,0.0,0.0,0.0,2857.94,0.0054
DEBT-13043,CUST-13043,4412.41,0.0,0.0,12303.8,0.0,16716.21,0.0604
DEBT-13044,CUST-13044,7758.69,0.0,0.0,26447.96,0.0,34206.65,0.0887
DEBT-13045,CUST-13045,3792.54,0.0,0.0,0.0,0.0,3792.54,0.013
DEBT-13046,CUST-13046,258.33,2807.9,0.0,23760.45,84801.8,111628.48,0.3365
DEBT-13047,CUST-13047,4940.69,20034.95,0.0,0.0,0.0,24975.64,0.0445
DEBT-13048,CUST-13048,2747.22,0.0,0.0,0.0,0.0,2747.22,0.0067
DEBT-13049,CUST-13049,11785.83,0.0,0.0,0.0,0.0,11785.83,0.0228
DEBT-13050,CUST-13050,10278.34,0.0,0.0,14555.31,123950.17,148783.82,0.1719
DEBT-13051,CUST-13051,0.0,0.0,0.0,6590.19,0.0,6590.19,0.0215
DEBT-13052,CUST-13052,10010.16,0.0,0.0,12179.11,0.0,22189.27,0.0447
DEBT-13053,CUST-13053,5495.4,21647.24,0.0,14569.59,410685.99,452398.22,1.4417
DEBT-13054,CUST-13054,1165.56,0.0,0.0,21406.69,277356.72,299928.97,0.4307
DEBT-13055,CUST-13055,0.0,0.0,0.0,27273.04,110530.16,137803.2,0.188
DEBT-13056,CUST-13056,17859.61,0.0,0.0,30393.61,83677.71,131930.93,0.1624
DEBT-13057,CUST-13057,8846.75,0.0,0.0,0.0,0.0,8846.75,0.0175
DEBT-13058,CUST-13058,13310.6,0.0,0.0,28460.59,0.0,41771.19,0.0558
DEBT-13059,CUST-13059,0.0,0.0,0.0,33758.36,0.0,33758.36,0.1096
DEBT-13060,CUST-13060,1562.86,0.0,0.0,13166.55,373766.62,388496.03,1.2986
DEBT-13061,CUST-13061,8190.5,0.0,0.0,0.0,143117.49,151307.99,0.3656
DEBT-13062,CUST-13062,149.65,0.0,0.0,0.0,0.0,149.65,0.0011
DEBT-13063,CUST-13063,396.03,0.0,24673.81,0.0,0.0,25069.84,0.0867
DEBT-13064,CUST-13064,5794.45,2457.48,0.0,17714.92,0.0,25966.85,0.0521
DEBT-13065,CUST-13065,0.0,0.0,0.0,0.0,0.0,0.0,0.0
DEBT-13066,CUST-13066,7720.28,10102.19,0.0,0.0,0.0,17822.47,0.0254
DEBT-13067,CUST-13067,3761.1,0.0,8772.8,0.0,0.0,12533.9,0.0174
DEBT-13068,CUST-13068,5971.16,0.0,0.0,0.0,0.0,5971.16,0.0066
DEBT-13069,CUST-13069,0.0,0.0,0.0,32469.23,386588.15,419057.38,1.1196
DEBT-13070,CUST-13070,3602.9,0.0,0.0,0.0,0.0,3602.9,0.0127
DEBT-13071,CUST-13071,559.49,0.0,0.0,32963.43,0.0,33522.92,0.1699
DEBT-13072,CUST-13072,2950.73,0.0,0.0,10846.01,0.0,13796.74,0.0225
DEBT-13073,CUST-13073,5240.78,0.0,0.0,6348.78,0.0,11589.56,0.0156
DEBT-13074,CUST-13074,0.0,0.0,33036.62,0.0,0.0,33036.62,0.0565
DEBT-13075,CUST-13075,13247.45,0.0,0.0,0.0,0.0,13247.45,0.0211
DEBT-13076,CUST-13076,10007.56,0.0,0.0,10283.08,0.0,20290.64,0.0274
DEBT-13077,CUST-13077,1599.65,0.0,0.0,0.0,0.0,1599.65,0.0042
DEBT-13078,CUST-13078,4133.32,0.0,0.0,19093.83,439295.66,462522.81,1.1356
DEBT-13079,CUST-13079,2267.23,0.0,0.0,26001.5,169714.31,197983.04,0.4295
DEBT-13080,CUST-13080,8322.05,0.0,0.0,0.0,136958.86,145280.91,0.2825
DEBT-13081,CUST-13081,5265.52,10218.84,0.0,0.0,0.0,15484.36,0.0625
DEBT-13082,CUST-13082,0.0,12990.61,0.0,0.0,0.0,12990.61,0.015
DEBT-13083,CUST-13083,1606.43,0.0,0.0,30564.9,0.0,32171.33,0.2505
DEBT-13084,CUST-13084,4691.45,0.0,0.0,0.0,0.0,4691.45,0.0149
DEBT-13085,CUST-13085,2828.8,0.0,0.0,0.0,0.0,2828.8,0.0067
DEBT-13086,CUST-13086,0.0,0.0,0.0,11106.12,0.0,11106.12,0.1117
DEBT-13087,CUST-13087,7863.13,0.0,0.0,29508.19,149243.98,186615.3,0.5015
DEBT-13088,CUST-13088,7385.92,0.0,0.0,0.0,0.0,7385.92,0.0117
DEBT-13089,CUST-13089,5248.39,0.0,43670.38,25513.14,441548.45,515980.36,1.1331
DEBT-13090,CUST-13090,976.51,0.0,0.0,0.0,0.0,976.51,0.002
DEBT-13091,CUST-13091,7099.26,0.0,0.0,27842.12,192187.84,227129.22,0.5199
DEBT-13092,CUST-13092,0.0,13016.53,0.0,0.0,0.0,13016.53,0.019
DEBT-13093,CUST-13093,0.0,3401.24,0.0,0.0,0.0,3401.24,0.0089
DEBT-13094,CUST-13094,1239.96,0.0,0.0,0.0,0.0,1239.96,0.0017
DEBT-13095,CUST-13095,6483.77,0.0,0.0,0.0,168766.71,175250.48,0.2079
DEBT-13096,CUST-13096,2887.79,0.0,0.0,0.0,435116.32,438004.11,0.8471
DEBT-13097,CUST-13097,2906.29,0.0,0.0,0.0,0.0,2906.29,0.0061
DEBT-13098,CUST-13098,808.0,0.0,0.0,0.0,0.0,808.0,0.0145
DEBT-13099,CUST-13099,9141.53,0.0,0.0,0.0,0.0,9141.53,0.0135
DEBT-13100,CUST-13100,1369.49,0.0,0.0,0.0,0.0,1369.49,0.0032
DEBT-13101,CUST-13101,7483.15,0.0,0.0,23726.85,0.0,31210.0,0.0668
DEBT-13102,CUST-13102,3514.76,0.0,0.0,0.0,0.0,3514.76,0.0075
DEBT-13103,CUST-13103,3137.39,0.0,0.0,21968.19,0.0,25105.58,0.1049
DEBT-13104,CUST-13104,0.0,0.0,0.0,0.0,393258.2,393258.2,0.9462
DEBT-13105,CUST-13105,0.0,0.0,0.0,0.0,0.0,0.0,0.0
DEBT-13106,CUST-13106,3503.66,0.0,0.0,17691.26,368932.71,390127.63,0.7496
DEBT-13107,CUST-13107,1101.32,0.0,0.0,0.0,0.0,1101.32,0.0043
DEBT-13108,CUST-13108,1627.38,4117.69,0.0,0.0,0.0,5745.07,0.0086
DEBT-13109,CUST-13109,2081.72,0.0,30953.47,0.0,0.0,33035.19,0.1529
DEBT-13110,CUST-13110,0.0,0.0,0.0,7412.48,303953.66,311366.14,0.4378
DEBT-13111,CUST-13111,7988.49,0.0,0.0,0.0,0.0,7988.49,0.0179
DEBT-13112,CUST-13112,0.0,7892.37,0.0,0.0,438444.5,446336.87,1.5089
DEBT-13113,CUST-13113,11676.6,0.0,0.0,0.0,0.0,11676.6,0.0186
DEBT-13114,CUST-13114,6086.12,0.0,0.0,0.0,0.0,6086.12,0.0109
DEBT-13115,CUST-13115,5937.94,0.0,0.0,20833.53,0.0,26771.47,0.0433
DEBT-13116,CUST-13116,8816.59,0.0,0.0,0.0,0.0,8816.59,0.0209
DEBT-13117,CUST-13117,0.0,0.0,0.0,0.0,390274.96,390274.96,1.2696
DEBT-13118,CUST-13118,11174.7,0.0,0.0,0.0,275917.64,287092.34,0.4812
DEBT-13119,CUST-13119,5075.59,0.0,0.0,21788.16,0.0,26863.75,0.0706
DEBT-13120,CUST-13120,0.0,0.0,0.0,0.0,0.0,0.0,0.0
DEBT-13121,CUST-13121,14995.05,12349.66,25575.01,23106.31,0.0,76026.03,0.0936
DEBT-13122,CUST-13122,10233.16,0.0,0.0,0.0,0.0,10233.16,0.0132
DEBT-13123,CUST-13123,1253.71,13979.2,0.0,15080.25,0.0,30313.16,0.2374
DEBT-13124,CUST-13124,5762.62,0.0,0.0,0.0,403279.83,409042.45,1.3868
DEBT-13125,CUST-13125,16149.14,0.0,0.0,0.0,0.0,16149.14,0.0195
DEBT-13126,CUST-13126,214.7,0.0,0.0,0.0,0.0,214.7,0.0042
DEBT-13127,CUST-13127,1112.3,18373.37,0.0,11856.22,130370.04,161711.93,0.2848
DEBT-13128,CUST-13128,1525.2,0.0,0.0,14059.92,0.0,15585.12,0.0176
DEBT-13129,CUST-13129,4066.57,0.0,0.0,0.0,0.0,4066.57,0.0083
DEBT-13130,CUST-13130,0.0,0.0,37525.57,0.0,436648.32,474173.89,1.1886
DEBT-13131,CUST-13131,1967.88,0.0,35908.14,0.0,336686.31,374562.33,0.3728
DEBT-13132,CUST-13132,0.0,0.0,9674.49,29472.05,0.0,39146.54,0.0574
DEBT-13133,CUST-13133,3143.55,0.0,7320.77,0.0,0.0,10464.32,0.0197
DEBT-13134,CUST-13134,1719.03,2011.35,0.0,0.0,371500.21,375230.59,0.483
DEBT-13135,CUST-13135,19251.0,7787.25,0.0,0.0,0.0,27038.25,0.023
DEBT-13136,CUST-13136,0.0,0.0,0.0,32729.49,129712.7,162442.19,0.2805
DEBT-13137,CUST-13137,14453.47,0.0,0.0,0.0,0.0,14453.47,0.0215
DEBT-13138,CUST-13138,846.4,0.0,0.0,0.0,0.0,846.4,0.0025
DEBT-13139,CUST-13139,1563.15,0.0,0.0,0.0,0.0,1563.15,0.0057
DEBT-13140,CUST-13140,3274.1,23173.32,0.0,0.0,0.0,26447.42,0.105
DEBT-13141,CUST-13141,5878.13,0.0,0.0,14082.12,0.0,19960.25,0.0741
DEBT-13142,CUST-13142,1153.35,19541.01,0.0,7789.24,0.0,28483.6,0.1016
DEBT-13143,CUST-13143,0.0,0.0,0.0,0.0,383922.52,383922.52,0.6584
DEBT-13144,CUST-13144,0.0,0.0,0.0,14425.15,0.0,14425.15,0.0468
DEBT-13145,CUST-13145,842.97,0.0,0.0,0.0,0.0,842.97,0.0067
DEBT-13146,CUST-13146,0.0,0.0,0.0,0.0,0.0,0.0,0.0
DEBT-13147,CUST-13147,3084.18,0.0,0.0,0.0,0.0,3084.18,0.006
DEBT-13148,CUST-13148,8360.94,17249.7,0.0,0.0,154017.43,179628.07,0.4581
DEBT-13149,CUST-13149,7991.04,21135.89,0.0,0.0,0.0,29126.93,0.0696
DEBT-13150,CUST-13150,10407.02,0.0,0.0,0.0,0.0,10407.02,0.02
DEBT-13151,CUST-13151,3995.17,0.0,0.0,0.0,0.0,3995.17,0.0087
DEBT-13152,CUST-13152,14237.28,0.0,0.0,24651.23,148562.5,187451.01,0.2631
DEBT-13153,CUST-13153,3771.51,3580.67,0.0,22679.98,0.0,30032.16,0.0886
DEBT-13154,CUST-13154,0.0,3086.15,0.0,9375.91,0.0,12462.06,0.0281
DEBT-13155,CUST-13155,7160.09,0.0,0.0,0.0,0.0,7160.09,0.0142
DEBT-13156,CUST-13156,0.0,22110.74,0.0,0.0,0.0,22110.74,0.0252
DEBT-13157,CUST-13157,984.75,0.0,0.0,0.0,0.0,984.75,0.0052
DEBT-13158,CUST-13158,3325.01,0.0,40038.76,0.0,0.0,43363.77,0.08
DEBT-13159,CUST-13159,12106.7,0.0,0.0,0.0,258814.6,270921.3,0.4336
DEBT-13160,CUST-13160,5378.87,0.0,0.0,0.0,0.0,5378.87,0.0153
DEBT-13161,CUST-13161,4080.71,0.0,0.0,0.0,0.0,4080.71,0.012
DEBT-13162,CUST-13162,2508.03,0.0,0.0,12529.13,0.0,15037.16,0.0483
DEBT-13163,CUST-13163,7011.64,19057.93,0.0,25900.06,0.0,51969.63,0.1528
DEBT-13164,CUST-13164,1645.7,0.0,0.0,17098.2,0.0,18743.9,0.0679
DEBT-13165,CUST-13165,1068.63,21213.31,0.0,0.0,0.0,22281.94,0.0914
DEBT-13166,CUST-13166,3964.08,0.0,0.0,26159.85,0.0,30123.93,0.0688
DEBT-13167,CUST-13167,7588.87,0.0,0.0,0.0,183143.83,190732.7,0.3308
DEBT-13168,CUST-13168,4872.89,0.0,0.0,0.0,0.0,4872.89,0.0226
DEBT-13169,CUST-13169,3777.26,6737.65,0.0,0.0,0.0,10514.91,0.0168
DEBT-13170,CUST-13170,0.0,19033.33,0.0,5492.98,0.0,24526.31,0.0373
DEBT-13171,CUST-13171,2664.39,0.0,0.0,0.0,0.0,2664.39,0.0074
DEBT-13172,CUST-13172,3970.45,0.0,0.0,28563.66,0.0,32534.11,0.1661
DEBT-13173,CUST-13173,0.0,8606.86,19272.28,0.0,0.0,27879.14,0.1259
DEBT-13174,CUST-13174,7971.12,0.0,36432.77,0.0,375714.16,420118.05,1.0545
DEBT-13175,CUST-13175,1177.77,0.0,0.0,0.0,0.0,1177.77,0.0168
DEBT-13176,CUST-13176,0.0,8283.48,40210.77,0.0,0.0,48494.25,0.111
DEBT-13177,CUST-13177,11381.96,0.0,0.0,0.0,324709.66,336091.62,0.6353
DEBT-13178,CUST-13178,1872.37,0.0,0.0,0.0,0.0,1872.37,0.0105
DEBT-13179,CUST-13179,10538.19,24763.76,0.0,0.0,287742.75,323044.7,0.2192
DEBT-13180,CUST-13180,0.0,0.0,0.0,0.0,0.0,0.0,0.0
DEBT-13181,CUST-13181,0.0,0.0,0.0,0.0,0.0,0.0,0.0
DEBT-13182,CUST-13182,9242.8,0.0,0.0,0.0,297272.19,306514.99,0.6021
DEBT-13183,CUST-13183,611.65,0.0,0.0,13023.31,0.0,13634.96,0.1002
DEBT-13184,CUST-13184,12987.14,2642.31,0.0,6130.74,0.0,21760.19,0.0319
DEBT-13185,CUST-13185,7478.53,0.0,0.0,0.0,103908.02,111386.55,0.2277
DEBT-13186,CUST-13186,7733.0,4619.59,0.0,0.0,134515.22,146867.81,0.3332
DEBT-13187,CUST-13187,4569.38,0.0,0.0,12181.35,0.0,16750.73,0.0393
DEBT-13188,CUST-13188,533.72,0.0,0.0,0.0,0.0,533.72,0.0012
DEBT-13189,CUST-13189,0.0,0.0,0.0,0.0,0.0,0.0,0.0
DEBT-13190,CUST-13190,0.0,0.0,0.0,0.0,0.0,0.0,0.0
DEBT-13191,CUST-13191,4083.01,4158.45,0.0,12717.93,0.0,20959.39,0.0697
DEBT-13192,CUST-13192,5713.58,0.0,0.0,20411.43,0.0,26125.01,0.0365
DEBT-13193,CUST-13193,0.0,0.0,0.0,10075.61,173286.49,183362.1,0.1763
DEBT-13194,CUST-13194,8459.61,11228.78,0.0,0.0,0.0,19688.39,0.0267
DEBT-13195,CUST-13195,2080.73,0.0,6017.86,22126.83,0.0,30225.42,0.0557
DEBT-13196,CUST-13196,3453.93,0.0,0.0,12591.09,0.0,16045.02,0.0876
DEBT-13197,CUST-13197,0.0,0.0,0.0,15241.68,0.0,15241.68,0.0419
DEBT-13198,CUST-13198,1174.47,0.0,0.0,0.0,0.0,1174.47,0.0029
DEBT-13199,CUST-13199,5317.8,0.0,0.0,0.0,0.0,5317.8,0.0106
DEBT-13200,CUST-13200,20665.52,0.0,0.0,0.0,0.0,20665.52,0.0166
DEBT-13201,CUST-13201,0.0,10235.47,0.0,0.0,0.0,10235.47,0.0156
DEBT-13202,CUST-13202,564.79,0.0,0.0,0.0,323779.63,324344.42,1.3134
DEBT-13203,CUST-13203,6085.99,0.0,0.0,0.0,0.0,6085.99,0.0124
DEBT-13204,CUST-13204,1271.01,17609.71,0.0,0.0,0.0,18880.72,0.0546
DEBT-13205,CUST-13205,1221.04,0.0,0.0,0.0,0.0,1221.04,0.0175
DEBT-13206,CUST-13206,0.0,0.0,0.0,0.0,0.0,0.0,0.0
DEBT-13207,CUST-13207,144.6,22108.5,0.0,0.0,0.0,22253.1,0.4417
DEBT-13208,CUST-13208,0.0,0.0,0.0,0.0,0.0,0.0,0.0
DEBT-13209,CUST-13209,7652.29,0.0,0.0,0.0,0.0,7652.29,0.0224
DEBT-13210,CUST-13210,4564.39,0.0,0.0,0.0,0.0,4564.39,0.005
DEBT-13211,CUST-13211,0.0,0.0,0.0,0.0,289386.12,289386.12,0.7016
DEBT-13212,CUST-13212,1380.8,3229.88,0.0,0.0,0.0,4610.68,0.0108
DEBT-13213,CUST-13213,7362.52,0.0,0.0,0.0,0.0,7362.52,0.019
DEBT-13214,CUST-13214,3630.65,0.0,0.0,0.0,0.0,3630.65,0.0153
DEBT-13215,CUST-13215,21501.0,0.0,0.0,11162.37,0.0,32663.37,0.0289
DEBT-13216,CUST-13216,1207.45,9663.28,0.0,0.0,217108.47,227979.2,0.4394
DEBT-13217,CUST-13217,0.0,18379.25,0.0,0.0,369279.17,387658.42,0.4071
DEBT-13218,CUST-13218,1533.87,18941.32,0.0,30032.07,134185.13,184692.39,0.6299
DEBT-13219,CUST-13219,7346.33,0.0,0.0,0.0,0.0,7346.33,0.0228
DEBT-13220,CUST-13220,7151.85,0.0,0.0,26482.5,0.0,33634.35,0.0884
DEBT-13221,CUST-13221,11400.5,0.0,0.0,5595.99,0.0,16996.49,0.0293
DEBT-13222,CUST-13222,1261.07,0.0,0.0,0.0,0.0,1261.07,0.0032
DEBT-13223,CUST-13223,4232.35,15863.51,0.0,0.0,0.0,20095.86,0.0238
DEBT-13224,CUST-13224,5430.15,0.0,29261.8,0.0,0.0,34691.95,0.0552
DEBT-13225,CUST-13225,3067.14,0.0,0.0,0.0,0.0,3067.14,0.0096
DEBT-13226,CUST-13226,7677.69,16343.69,0.0,0.0,0.0,24021.38,0.0486
DEBT-13227,CUST-13227,0.0,0.0,0.0,26602.27,0.0,26602.27,0.0873
DEBT-13228,CUST-13228,2016.87,0.0,0.0,25100.08,0.0,27116.95,0.0934
DEBT-13229,CUST-13229,2120.91,0.0,0.0,0.0,196322.44,198443.35,0.58
DEBT-13230,CUST-13230,9480.64,20044.62,0.0,0.0,0.0,29525.26,0.0656
DEBT-13231,CUST-13231,0.0,0.0,0.0,0.0,0.0,0.0,0.0
DEBT-13232,CUST-13232,4499.25,0.0,0.0,0.0,0.0,4499.25,0.0123
DEBT-13233,CUST-13233,1339.57,0.0,0.0,0.0,0.0,1339.57,0.0046
DEBT-13234,CUST-13234,0.0,0.0,0.0,0.0,0.0,0.0,0.0
DEBT-13235,CUST-13235,11225.41,0.0,0.0,0.0,192331.66,203557.07,0.3727
DEBT-13236,CUST-13236,4327.27,17660.5,0.0,0.0,0.0,21987.77,0.0674
DEBT-13237,CUST-13237,10852.63,1676.92,42754.39,0.0,0.0,55283.94,0.0892
DEBT-13238,CUST-13238,8866.83,2159.01,0.0,0.0,0.0,11025.84,0.0182
DEBT-13239,CUST-13239,560.79,15799.48,0.0,0.0,0.0,16360.27,0.1671
DEBT-13240,CUST-13240,593.92,0.0,0.0,0.0,0.0,593.92,0.002
DEBT-13241,CUST-13241,447.81,0.0,0.0,0.0,0.0,447.81,0.0016
DEBT-13242,CUST-13242,847.62,0.0,0.0,0.0,0.0,847.62,0.0038
DEBT-13243,CUST-13243,0.0,0.0,0.0,0.0,0.0,0.0,0.0
DEBT-13244,CUST-13244,8202.7,0.0,0.0,7034.44,0.0,15237.14,0.0352
DEBT-13245,CUST-13245,2999.96,0.0,0.0,0.0,0.0,2999.96,0.0057
DEBT-13246,CUST-13246,0.0,22225.67,29154.59,0.0,0.0,51380.26,0.1158
DEBT-13247,CUST-13247,3946.0,0.0,0.0,0.0,94353.0,98299.0,0.157
DEBT-13248,CUST-13248,9121.59,0.0,0.0,0.0,0.0,9121.59,0.0174
DEBT-13249,CUST-13249,1555.93,15576.26,0.0,0.0,0.0,17132.19,0.0651
DEBT-13250,CUST-13250,0.0,0.0,14966.44,15055.42,0.0,30021.86,0.0363
DEBT-13251,CUST-13251,5981.87,0.0,0.0,7754.17,359770.37,373506.41,0.7237
DEBT-13252,CUST-13252,7751.24,0.0,0.0,0.0,0.0,7751.24,0.013
DEBT-13253,CUST-13253,13715.63,0.0,0.0,19071.45,206567.64,239354.72,0.3851
DEBT-13254,CUST-13254,1474.66,0.0,0.0,21876.46,0.0,23351.12,0.27
DEBT-13255,CUST-13255,1197.15,0.0,0.0,0.0,0.0,1197.15,0.0148
DEBT-13256,CUST-13256,4146.27,0.0,0.0,0.0,0.0,4146.27,0.0082
DEBT-13257,CUST-13257,5135.69,0.0,0.0,0.0,0.0,5135.69,0.0067
DEBT-13258,CUST-13258,1710.86,11268.43,0.0,0.0,0.0,12979.29,0.0258
DEBT-13259,CUST-13259,0.0,0.0,0.0,33067.7,0.0,33067.7,0.0832
DEBT-13260,CUST-13260,4534.72,0.0,0.0,14105.93,0.0,18640.65,0.0413
DEBT-13261,CUST-13261,6221.5,0.0,0.0,28864.29,0.0,35085.79,0.1064
DEBT-13262,CUST-13262,10166.62,15107.24,0.0,0.0,0.0,25273.86,0.0492
DEBT-13263,CUST-13263,5847.12,0.0,0.0,0.0,0.0,5847.12,0.0187
DEBT-13264,CUST-13264,0.0,0.0,42097.75,10562.36,0.0,52660.11,0.1127
DEBT-13265,CUST-13265,2520.4,0.0,0.0,0.0,0.0,2520.4,0.0056
DEBT-13266,CUST-13266,1334.78,0.0,0.0,23889.83,0.0,25224.61,0.0377
DEBT-13267,CUST-13267,4420.74,11199.7,0.0,7200.99,337204.03,360025.46,0.5559
DEBT-13268,CUST-13268,3757.8,5204.1,0.0,16131.35,0.0,25093.25,0.031
DEBT-13269,CUST-13269,19110.0,0.0,0.0,23703.17,203526.25,246339.42,0.2648
DEBT-13270,CUST-13270,0.0,0.0,0.0,9531.23,0.0,9531.23,0.0142
DEBT-13271,CUST-13271,0.0,0.0,0.0,0.0,0.0,0.0,0.0
DEBT-13272,CUST-13272,2209.95,0.0,0.0,8439.94,0.0,10649.89,0.0191
DEBT-13273,CUST-13273,3058.75,15390.79,0.0,0.0,0.0,18449.54,0.0335
DEBT-13274,CUST-13274,0.0,9340.1,5292.77,0.0,0.0,14632.87,0.0174
DEBT-13275,CUST-13275,1053.17,0.0,0.0,0.0,0.0,1053.17,0.0035
DEBT-13276,CUST-13276,5540.15,0.0,0.0,0.0,0.0,5540.15,0.0129
DEBT-13277,CUST-13277,2533.06,0.0,0.0,12958.88,0.0,15491.94,0.0601
DEBT-13278,CUST-13278,0.0,0.0,0.0,11938.5,0.0,11938.5,0.2028
DEBT-13279,CUST-13279,7709.22,0.0,0.0,0.0,326096.1,333805.32,0.4543
DEBT-13280,CUST-13280,4207.07,17044.56,0.0,8851.3,0.0,30102.93,0.0453
DEBT-13281,CUST-13281,6238.53,0.0,0.0,0.0,0.0,6238.53,0.0099
DEBT-13282,CUST-13282,0.0,0.0,0.0,12437.44,0.0,12437.44,0.0175
DEBT-13283,CUST-13283,0.0,0.0,0.0,0.0,0.0,0.0,0.0
DEBT-13284,CUST-13284,0.0,13069.19,14072.11,0.0,221284.26,248425.56,0.7824
DEBT-13285,CUST-13285,9819.17,0.0,0.0,0.0,0.0,9819.17,0.0132
DEBT-13286,CUST-13286,2042.72,0.0,0.0,6805.14,0.0,8847.86,0.0388
DEBT-13287,CUST-13287,12102.35,0.0,0.0,0.0,82120.32,94222.67,0.0755
DEBT-13288,CUST-13288,4006.7,0.0,0.0,13954.72,0.0,17961.42,0.0439
DEBT-13289,CUST-13289,620.9,0.0,0.0,0.0,0.0,620.9,0.0009
DEBT-13290,CUST-13290,8939.09,0.0,0.0,12325.13,0.0,21264.22,0.0474
DEBT-13291,CUST-13291,7168.22,0.0,21633.96,15483.51,426069.76,470355.45,1.3997
DEBT-13292,CUST-13292,0.0,14629.5,0.0,0.0,0.0,14629.5,0.026
DEBT-13293,CUST-13293,4811.65,0.0,0.0,0.0,0.0,4811.65,0.0141
DEBT-13294,CUST-13294,380.99,14734.99,0.0,0.0,0.0,15115.98,0.0348
DEBT-13295,CUST-13295,38523.4,0.0,0.0,0.0,0.0,38523.4,0.0226
DEBT-13296,CUST-13296,0.0,6332.38,0.0,0.0,441102.19,447434.57,1.3054
DEBT-13297,CUST-13297,0.0,0.0,0.0,0.0,0.0,0.0,0.0
DEBT-13298,CUST-13298,3748.14,0.0,0.0,32358.53,186264.07,222370.74,0.8284
DEBT-13299,CUST-13299,0.0,0.0,0.0,0.0,0.0,0.0,0.0
DEBT-13300,CUST-13300,893.41,0.0,0.0,0.0,0.0,893.41,0.0019
DEBT-13301,CUST-13301,10377.14,0.0,0.0,13509.28,0.0,23886.42,0.0289
DEBT-13302,CUST-13302,2817.74,0.0,0.0,29705.36,0.0,32523.1,0.0579
DEBT-13303,CUST-13303,0.0,0.0,0.0,0.0,414130.57,414130.57,1.4623
DEBT-13304,CUST-13304,4367.39,0.0,0.0,0.0,0.0,4367.39,0.0114
DEBT-13305,CUST-13305,8204.46,9864.11,0.0,0.0,185421.18,203489.75,0.2974
DEBT-13306,CUST-13306,10917.91,0.0,0.0,0.0,0.0,10917.91,0.0207
DEBT-13307,CUST-13307,1482.14,0.0,0.0,0.0,272643.45,274125.59,0.4947
DEBT-13308,CUST-13308,683.0,0.0,0.0,0.0,0.0,683.0,0.015
DEBT-13309,CUST-13309,3637.32,5746.02,33902.45,0.0,0.0,43285.79,0.0606
DEBT-13310,CUST-13310,4289.74,0.0,0.0,0.0,296776.17,301065.91,0.4715
DEBT-13311,CUST-13311,2307.77,0.0,0.0,0.0,376352.02,378659.79,1.0575
DEBT-13312,CUST-13312,0.0,0.0,0.0,0.0,121971.38,121971.38,0.3373
DEBT-13313,CUST-13313,9752.29,7146.94,0.0,0.0,0.0,16899.23,0.0286
DEBT-13314,CUST-13314,3639.36,19584.8,0.0,0.0,446454.85,469679.01,0.6563
DEBT-13315,CUST-13315,3262.87,0.0,5971.51,0.0,0.0,9234.38,0.0219
DEBT-13316,CUST-13316,0.0,0.0,0.0,25028.4,0.0,25028.4,0.0271
DEBT-13317,CUST-13317,8024.71,19864.82,0.0,0.0,0.0,27889.53,0.0501
DEBT-13318,CUST-13318,6094.97,19077.18,0.0,0.0,128028.87,153201.02,0.1416
DEBT-13319,CUST-13319,0.0,0.0,0.0,0.0,0.0,0.0,0.0
DEBT-13320,CUST-13320,0.0,0.0,0.0,0.0,0.0,0.0,0.0
DEBT-13321,CUST-13321,0.0,13550.01,0.0,0.0,0.0,13550.01,0.0285
DEBT-13322,CUST-13322,23418.63,0.0,0.0,0.0,0.0,23418.63,0.0189
DEBT-13323,CUST-13323,0.0,0.0,0.0,12074.2,0.0,12074.2,0.0276
DEBT-13324,CUST-13324,8650.69,0.0,0.0,0.0,0.0,8650.69,0.0125
DEBT-13325,CUST-13325,319.01,2054.06,0.0,13197.61,0.0,15570.68,0.1486
DEBT-13326,CUST-13326,6611.52,0.0,0.0,9999.32,354536.24,371147.08,0.9379
DEBT-13327,CUST-13327,0.0,0.0,0.0,17248.0,0.0,17248.0,0.0392
DEBT-13328,CUST-13328,0.0,0.0,0.0,0.0,232180.04,232180.04,0.4939
DEBT-13329,CUST-13329,0.0,0.0,0.0,13925.81,0.0,13925.81,0.0223
DEBT-13330,CUST-13330,1582.38,0.0,0.0,19818.78,0.0,21401.16,0.3067
DEBT-13331,CUST-13331,3716.16,0.0,0.0,0.0,0.0,3716.16,0.0135
DEBT-13332,CUST-13332,11244.21,0.0,0.0,0.0,120660.29,131904.5,0.1533
DEBT-13333,CUST-13333,10347.17,5253.51,0.0,0.0,324708.61,340309.29,0.4941
DEBT-13334,CUST-13334,0.0,0.0,0.0,0.0,0.0,0.0,0.0
DEBT-13335,CUST-13335,2313.02,3300.26,10027.31,0.0,0.0,15640.59,0.0233
DEBT-13336,CUST-13336,7651.44,0.0,0.0,10522.26,0.0,18173.7,0.0355
DEBT-13337,CUST-13337,6242.96,18819.22,27071.69,0.0,213094.13,265228.0,0.3727
DEBT-13338,CUST-13338,0.0,0.0,0.0,24451.3,0.0,24451.3,0.0538
DEBT-13339,CUST-13339,6591.29,0.0,0.0,0.0,0.0,6591.29,0.0166
DEBT-13340,CUST-13340,4624.01,0.0,0.0,0.0,0.0,4624.01,0.0106
DEBT-13341,CUST-13341,1999.49,0.0,0.0,0.0,0.0,1999.49,0.0013
DEBT-13342,CUST-13342,17928.28,4303.05,0.0,10199.49,0.0,32430.82,0.028
DEBT-13343,CUST-13343,0.0,0.0,42306.92,25224.12,0.0,67531.04,0.2017
DEBT-13344,CUST-13344,0.0,0.0,0.0,0.0,162982.58,162982.58,0.431
DEBT-13345,CUST-13345,3521.67,0.0,0.0,21613.08,0.0,25134.75,0.1012
DEBT-13346,CUST-13346,5164.11,0.0,0.0,20144.23,0.0,25308.34,0.0879
DEBT-13347,CUST-13347,0.0,23676.94,0.0,0.0,0.0,23676.94,0.0922
DEBT-13348,CUST-13348,0.0,0.0,0.0,0.0,0.0,0.0,0.0
DEBT-13349,CUST-13349,9278.12,7764.9,0.0,9634.33,0.0,26677.35,0.0499
DEBT-13350,CUST-13350,0.0,0.0,0.0,0.0,308275.28,308275.28,1.1353
DEBT-13351,CUST-13351,141.67,0.0,13407.77,0.0,0.0,13549.44,0.1053
DEBT-13352,CUST-13352,13027.62,3078.91,0.0,0.0,132950.74,149057.27,0.2024
DEBT-13353,CUST-13353,0.0,18389.74,0.0,0.0,0.0,18389.74,0.0256
DEBT-13354,CUST-13354,17135.06,0.0,22471.78,0.0,428840.69,468447.53,0.5277
DEBT-13355,CUST-13355,4913.6,7432.99,0.0,0.0,0.0,12346.59,0.0308
DEBT-13356,CUST-13356,1430.91,0.0,5777.74,0.0,0.0,7208.65,0.0264
DEBT-13357,CUST-13357,5309.06,0.0,0.0,32659.79,0.0,37968.85,0.1229
DEBT-13358,CUST-13358,4804.67,0.0,8440.6,0.0,0.0,13245.27,0.0307
DEBT-13359,CUST-13359,0.0,0.0,0.0,9935.93,0.0,9935.93,0.009
DEBT-13360,CUST-13360,4971.19,0.0,0.0,29349.78,0.0,34320.97,0.0758
DEBT-13361,CUST-13361,7113.93,13915.54,0.0,0.0,298388.99,319418.46,0.8939
DEBT-13362,CUST-13362,11947.29,0.0,38873.97,13415.47,0.0,64236.73,0.1082
DEBT-13363,CUST-13363,11856.69,0.0,0.0,0.0,449285.29,461141.98,0.7832
DEBT-13364,CUST-13364,12936.68,0.0,0.0,21527.09,0.0,34463.77,0.0588
DEBT-13365,CUST-13365,0.0,0.0,0.0,0.0,0.0,0.0,0.0
DEBT-13366,CUST-13366,7944.64,20823.31,0.0,16583.13,0.0,45351.08,0.0645
DEBT-13367,CUST-13367,5263.38,0.0,0.0,0.0,0.0,5263.38,0.0195
DEBT-13368,CUST-13368,445.31,13115.26,0.0,0.0,278563.83,292124.4,0.5422
DEBT-13369,CUST-13369,9277.01,0.0,0.0,5227.94,150791.24,165296.19,0.1826
DEBT-13370,CUST-13370,1920.69,21155.77,0.0,0.0,0.0,23076.46,0.0435
DEBT-13371,CUST-13371,2317.29,0.0,0.0,0.0,328330.9,330648.19,0.8876
DEBT-13372,CUST-13372,0.0,0.0,0.0,0.0,0.0,0.0,0.0
DEBT-13373,CUST-13373,705.11,0.0,0.0,0.0,0.0,705.11,0.0105
DEBT-13374,CUST-13374,13133.32,0.0,0.0,0.0,0.0,13133.32,0.0161
DEBT-13375,CUST-13375,0.0,6549.94,0.0,30007.53,0.0,36557.47,0.0919
DEBT-13376,CUST-13376,1352.21,0.0,0.0,0.0,0.0,1352.21,0.0036
DEBT-13377,CUST-13377,1831.32,0.0,0.0,0.0,98614.9,100446.22,0.3803
DEBT-13378,CUST-13378,0.0,0.0,0.0,0.0,0.0,0.0,0.0
DEBT-13379,CUST-13379,5500.32,0.0,0.0,0.0,0.0,5500.32,0.0099
DEBT-13380,CUST-13380,2673.84,0.0,28242.6,0.0,241709.06,272625.5,0.4166
DEBT-13381,CUST-13381,9625.56,0.0,0.0,0.0,337415.83,347041.39,0.4695
DEBT-13382,CUST-13382,1609.94,0.0,0.0,0.0,0.0,1609.94,0.0038
DEBT-13383,CUST-13383,0.0,0.0,0.0,0.0,0.0,0.0,0.0
DEBT-13384,CUST-13384,11910.13,0.0,0.0,25955.16,135457.24,173322.53,0.3203
DEBT-13385,CUST-13385,6031.7,0.0,0.0,21365.05,379885.34,407282.09,1.0127
DEBT-13386,CUST-13386,2319.48,0.0,0.0,8815.65,374263.36,385398.49,1.4745
DEBT-13387,CUST-13387,7162.27,0.0,0.0,9744.24,0.0,16906.51,0.0251
DEBT-13388,CUST-13388,8281.48,0.0,0.0,27808.4,0.0,36089.88,0.0557
DEBT-13389,CUST-13389,0.0,0.0,0.0,10317.51,123418.04,133735.55,0.1959
DEBT-13390,CUST-13390,5089.63,0.0,0.0,0.0,0.0,5089.63,0.0067
DEBT-13391,CUST-13391,2716.98,0.0,0.0,0.0,0.0,2716.98,0.0171
DEBT-13392,CUST-13392,12139.1,0.0,0.0,12172.27,0.0,24311.37,0.044
DEBT-13393,CUST-13393,0.0,0.0,0.0,0.0,0.0,0.0,0.0
DEBT-13394,CUST-13394,4893.63,20375.3,0.0,0.0,0.0,25268.93,0.0662
DEBT-13395,CUST-13395,4584.87,0.0,0.0,24993.93,0.0,29578.8,0.1231
DEBT-13396,CUST-13396,5154.12,0.0,0.0,0.0,0.0,5154.12,0.0221
DEBT-13397,CUST-13397,0.0,0.0,0.0,20822.42,0.0,20822.42,0.0378
DEBT-13398,CUST-13398,2303.99,0.0,0.0,0.0,0.0,2303.99,0.0019
DEBT-13399,CUST-13399,3459.11,2282.32,0.0,21686.57,0.0,27428.0,0.0934
DEBT-13400,CUST-13400,1383.01,10750.69,0.0,26456.87,152784.76,191375.33,0.5273
DEBT-13401,CUST-13401,0.0,0.0,0.0,0.0,172996.81,172996.81,0.4301
DEBT-13402,CUST-13402,5225.35,10348.36,0.0,19244.56,239407.3,274225.57,0.6939
DEBT-13403,CUST-13403,1312.59,12209.83,0.0,0.0,0.0,13522.42,0.1336
DEBT-13404,CUST-13404,8117.3,0.0,0.0,0.0,0.0,8117.3,0.0156
DEBT-13405,CUST-13405,0.0,3173.22,0.0,0.0,0.0,3173.22,0.0059
DEBT-13406,CUST-13406,5387.6,0.0,0.0,0.0,0.0,5387.6,0.0129
DEBT-13407,CUST-13407,3842.65,18334.9,0.0,0.0,0.0,22177.55,0.048
DEBT-13408,CUST-13408,0.0,0.0,0.0,27787.32,0.0,27787.32,0.0806
DEBT-13409,CUST-13409,0.0,0.0,0.0,0.0,0.0,0.0,0.0
DEBT-13410,CUST-13410,0.0,0.0,0.0,24801.19,0.0,24801.19,0.0379
DEBT-13411,CUST-13411,0.0,0.0,0.0,12234.05,0.0,12234.05,0.1166
DEBT-13412,CUST-13412,5792.45,0.0,0.0,0.0,0.0,5792.45,0.0139
DEBT-13413,CUST-13413,8953.92,0.0,0.0,0.0,244069.82,253023.74,0.5415
DEBT-13414,CUST-13414,7563.37,0.0,0.0,0.0,215232.15,222795.52,0.5593
DEBT-13415,CUST-13415,1408.67,11513.78,0.0,29461.77,0.0,42384.22,0.4844
DEBT-13416,CUST-13416,7911.83,0.0,0.0,0.0,215551.11,223462.94,0.4002
DEBT-13417,CUST-13417,11436.32,17072.68,0.0,23574.91,0.0,52083.91,0.1002
DEBT-13418,CUST-13418,16730.98,0.0,0.0,0.0,352671.28,369402.26,0.3709
DEBT-13419,CUST-13419,2377.36,0.0,0.0,0.0,0.0,2377.36,0.0054
DEBT-13420,CUST-13420,5596.33,9162.78,0.0,0.0,0.0,14759.11,0.0493
DEBT-13421,CUST-13421,1585.38,0.0,0.0,19819.16,254356.33,275760.87,0.455
DEBT-13422,CUST-13422,1454.48,0.0,0.0,0.0,0.0,1454.48,0.002
DEBT-13423,CUST-13423,1001.0,0.0,0.0,0.0,0.0,1001.0,0.0088
DEBT-13424,CUST-13424,2830.83,0.0,0.0,13462.62,0.0,16293.45,0.0407
DEBT-13425,CUST-13425,0.0,15822.79,0.0,0.0,0.0,15822.79,0.0411
DEBT-13426,CUST-13426,10133.82,23938.44,0.0,34915.8,0.0,68988.06,0.1456
DEBT-13427,CUST-13427,1238.28,0.0,41212.3,0.0,0.0,42450.58,0.1589
DEBT-13428,CUST-13428,0.0,22367.32,0.0,24545.44,0.0,46912.76,0.0711
DEBT-13429,CUST-13429,446.78,0.0,0.0,12651.08,0.0,13097.86,0.0403
DEBT-13430,CUST-13430,9828.78,0.0,36065.81,0.0,0.0,45894.59,0.0458
DEBT-13431,CUST-13431,0.0,0.0,37880.36,6754.36,0.0,44634.72,0.3098
DEBT-13432,CUST-13432,808.15,0.0,0.0,0.0,0.0,808.15,0.0019
DEBT-13433,CUST-13433,7527.95,0.0,0.0,0.0,330063.4,337591.35,0.4562
DEBT-13434,CUST-13434,2592.39,0.0,0.0,33500.64,0.0,36093.03,0.0716
DEBT-13435,CUST-13435,3435.28,0.0,0.0,18510.13,0.0,21945.41,0.0384
DEBT-13436,CUST-13436,6285.14,0.0,0.0,8384.46,0.0,14669.6,0.04
DEBT-13437,CUST-13437,5192.3,18917.25,0.0,0.0,0.0,24109.55,0.0721
DEBT-13438,CUST-13438,8336.45,0.0,0.0,33388.96,0.0,41725.41,0.1039
DEBT-13439,CUST-13439,0.0,0.0,34198.69,0.0,0.0,34198.69,0.0494
DEBT-13440,CUST-13440,0.0,0.0,0.0,0.0,149395.98,149395.98,0.1832
DEBT-13441,CUST-13441,7107.78,8176.03,0.0,0.0,0.0,15283.81,0.0268
DEBT-13442,CUST-13442,2649.34,0.0,10290.73,0.0,0.0,12940.07,0.1101
DEBT-13443,CUST-13443,7377.91,0.0,0.0,0.0,0.0,7377.91,0.0227
DEBT-13444,CUST-13444,0.0,0.0,0.0,24997.35,240066.09,265063.44,0.6062
DEBT-13445,CUST-13445,7074.8,0.0,0.0,20110.58,0.0,27185.38,0.0582
DEBT-13446,CUST-13446,0.0,0.0,0.0,34036.05,0.0,34036.05,0.1099
DEBT-13447,CUST-13447,0.0,0.0,0.0,14207.56,0.0,14207.56,0.0528
DEBT-13448,CUST-13448,0.0,0.0,0.0,0.0,195179.02,195179.02,0.2751
DEBT-13449,CUST-13449,1251.66,0.0,35968.87,0.0,0.0,37220.53,0.4765
DEBT-13450,CUST-13450,9394.2,0.0,0.0,13055.36,364401.58,386851.14,0.4016
DEBT-13451,CUST-13451,2497.88,0.0,0.0,9007.05,0.0,11504.93,0.0401
DEBT-13452,CUST-13452,8080.51,0.0,0.0,0.0,0.0,8080.51,0.0204
DEBT-13453,CUST-13453,1618.82,0.0,0.0,0.0,0.0,1618.82,0.005
DEBT-13454,CUST-13454,2377.48,0.0,0.0,0.0,0.0,2377.48,0.0129
DEBT-13455,CUST-13455,1276.26,0.0,0.0,23343.65,0.0,24619.91,0.4008
DEBT-13456,CUST-13456,1209.45,5994.44,0.0,17742.17,0.0,24946.06,0.3215
DEBT-13457,CUST-13457,0.0,0.0,0.0,0.0,0.0,0.0,0.0
DEBT-13458,CUST-13458,992.82,0.0,0.0,17084.07,273820.97,291897.86,0.4629
DEBT-13459,CUST-13459,2063.32,0.0,0.0,0.0,0.0,2063.32,0.0055
DEBT-13460,CUST-13460,5077.07,20719.57,0.0,7922.08,256042.93,289761.65,0.6505
DEBT-13461,CUST-13461,9957.78,0.0,0.0,0.0,0.0,9957.78,0.0211
DEBT-13462,CUST-13462,0.0,0.0,0.0,0.0,233066.3,233066.3,0.5509
DEBT-13463,CUST-13463,0.0,9179.28,0.0,0.0,0.0,9179.28,0.0244
DEBT-13464,CUST-13464,7908.87,0.0,0.0,0.0,0.0,7908.87,0.0187
DEBT-13465,CUST-13465,0.0,0.0,0.0,23530.69,0.0,23530.69,0.0214
DEBT-13466,CUST-13466,3512.58,9701.05,0.0,0.0,121779.02,134992.65,0.2959
DEBT-13467,CUST-13467,1340.18,24964.66,0.0,0.0,0.0,26304.84,0.3243
DEBT-13468,CUST-13468,0.0,0.0,0.0,0.0,0.0,0.0,0.0
DEBT-13469,CUST-13469,7349.08,0.0,41799.07,0.0,354499.18,403647.33,0.5373
DEBT-13470,CUST-13470,2625.79,0.0,0.0,0.0,0.0,2625.79,0.0091
DEBT-13471,CUST-13471,0.0,0.0,0.0,0.0,108435.58,108435.58,0.1754
DEBT-13472,CUST-13472,0.0,12631.44,0.0,0.0,0.0,12631.44,0.0123
DEBT-13473,CUST-13473,8556.98,22342.31,0.0,0.0,0.0,30899.29,0.0647
DEBT-13474,CUST-13474,6194.46,10359.44,0.0,9313.66,0.0,25867.56,0.0652
DEBT-13475,CUST-13475,9857.59,0.0,0.0,0.0,0.0,9857.59,0.0228
DEBT-13476,CUST-13476,14117.48,0.0,0.0,0.0,91577.95,105695.43,0.1445
DEBT-13477,CUST-13477,14176.15,0.0,0.0,0.0,0.0,14176.15,0.0211
DEBT-13478,CUST-13478,0.0,17335.01,0.0,0.0,0.0,17335.01,0.0235
DEBT-13479,CUST-13479,3884.04,0.0,0.0,0.0,0.0,3884.04,0.01
DEBT-13480,CUST-13480,501.25,0.0,44772.43,0.0,0.0,45273.68,0.3816
DEBT-13481,CUST-13481,249.51,0.0,0.0,19847.59,437057.67,457154.77,1.6988
DEBT-13482,CUST-13482,0.0,2969.04,0.0,0.0,0.0,2969.04,0.0116
DEBT-13483,CUST-13483,5423.3,8904.46,0.0,11018.69,0.0,25346.45,0.0566
DEBT-13484,CUST-13484,1610.93,4848.68,0.0,31424.8,0.0,37884.41,0.4254
DEBT-13485,CUST-13485,6180.82,1471.13,0.0,0.0,169533.33,177185.28,0.3596
DEBT-13486,CUST-13486,380.14,0.0,0.0,22413.14,388260.16,411053.44,1.2119
DEBT-13487,CUST-13487,0.0,0.0,0.0,28876.85,0.0,28876.85,0.1956
DEBT-13488,CUST-13488,0.0,0.0,0.0,0.0,0.0,0.0,0.0
DEBT-13489,CUST-13489,5243.22,16257.86,0.0,0.0,283292.34,304793.42,0.7353
DEBT-13490,CUST-13490,0.0,0.0,0.0,0.0,259708.55,259708.55,0.5276
DEBT-13491,CUST-13491,5150.33,19412.16,0.0,0.0,0.0,24562.49,0.0804
DEBT-13492,CUST-13492,0.0,0.0,0.0,6429.74,0.0,6429.74,0.0194
DEBT-13493,CUST-13493,0.0,22803.28,0.0,0.0,246777.2,269580.48,0.7367
DEBT-13494,CUST-13494,4371.78,0.0,0.0,12892.37,245977.85,263242.0,0.4931
DEBT-13495,CUST-13495,2785.05,0.0,0.0,0.0,0.0,2785.05,0.0054
DEBT-13496,CUST-13496,0.0,5048.67,0.0,0.0,0.0,5048.67,0.0044
DEBT-13497,CUST-13497,246.28,0.0,0.0,0.0,0.0,246.28,0.0045
DEBT-13498,CUST-13498,2132.31,10375.99,0.0,0.0,0.0,12508.3,0.1326
DEBT-13499,CUST-13499,4660.69,0.0,0.0,0.0,0.0,4660.69,0.0135
DEBT-13500,CUST-13500,4089.75,0.0,0.0,0.0,0.0,4089.75,0.0157
DEBT-13501,CUST-13501,3542.6,18870.85,0.0,25933.49,313880.16,362227.1,1.2568
DEBT-13502,CUST-13502,10938.02,0.0,0.0,0.0,0.0,10938.02,0.0171
DEBT-13503,CUST-13503,0.0,1343.53,0.0,24378.59,0.0,25722.12,0.0511
DEBT-13504,CUST-13504,0.0,2243.47,0.0,5958.7,0.0,8202.17,0.039
DEBT-13505,CUST-13505,0.0,0.0,15143.52,0.0,102874.83,118018.35,0.174
DEBT-13506,CUST-13506,6385.21,0.0,0.0,0.0,0.0,6385.21,0.0101
DEBT-13507,CUST-13507,0.0,16082.45,0.0,16451.0,0.0,32533.45,0.0813
DEBT-13508,CUST-13508,82.59,0.0,0.0,34340.14,0.0,34422.73,0.3446
DEBT-13509,CUST-13509,13695.78,0.0,0.0,0.0,331964.68,345660.46,0.3717
DEBT-13510,CUST-13510,4687.82,0.0,0.0,0.0,0.0,4687.82,0.0145
DEBT-13511,CUST-13511,2510.42,0.0,0.0,4365.43,258729.67,265605.52,0.2446
DEBT-13512,CUST-13512,452.42,3237.72,0.0,0.0,212205.27,215895.41,0.5185
DEBT-13513,CUST-13513,0.0,0.0,0.0,0.0,0.0,0.0,0.0
DEBT-13514,CUST-13514,4576.61,4040.5,0.0,21289.19,0.0,29906.3,0.0437
DEBT-13515,CUST-13515,9921.28,16308.33,0.0,12428.63,0.0,38658.24,0.0751
DEBT-13516,CUST-13516,6613.46,0.0,0.0,29751.12,0.0,36364.58,0.1113
DEBT-13517,CUST-13517,0.0,0.0,0.0,0.0,0.0,0.0,0.0
DEBT-13518,CUST-13518,0.0,0.0,0.0,0.0,315849.16,315849.16,0.413
DEBT-13519,CUST-13519,0.0,0.0,0.0,0.0,0.0,0.0,0.0
DEBT-13520,CUST-13520,0.0,14416.0,0.0,15608.07,348255.91,378279.98,0.896
DEBT-13521,CUST-13521,2577.82,0.0,0.0,11427.85,183269.37,197275.04,0.3686
DEBT-13522,CUST-13522,0.0,0.0,0.0,13970.75,0.0,13970.75,0.0693
DEBT-13523,CUST-13523,0.0,0.0,0.0,21405.61,0.0,21405.61,0.034
DEBT-13524,CUST-13524,10078.96,0.0,21452.77,21193.57,0.0,52725.3,0.1087
DEBT-13525,CUST-13525,4442.42,0.0,0.0,0.0,0.0,4442.42,0.0191
DEBT-13526,CUST-13526,0.0,0.0,0.0,0.0,0.0,0.0,0.0
DEBT-13527,CUST-13527,19200.63,0.0,0.0,9085.06,0.0,28285.69,0.0199
DEBT-13528,CUST-13528,2370.91,0.0,0.0,0.0,380354.89,382725.8,1.3783
DEBT-13529,CUST-13529,7302.89,9765.58,0.0,5136.96,0.0,22205.43,0.0529
DEBT-13530,CUST-13530,7164.54,0.0,0.0,0.0,149903.49,157068.03,0.2474
DEBT-13531,CUST-13531,1734.77,0.0,0.0,0.0,0.0,1734.77,0.0036
DEBT-13532,CUST-13532,754.69,0.0,0.0,0.0,0.0,754.69,0.0028
DEBT-13533,CUST-13533,5573.71,12721.61,0.0,26902.66,0.0,45197.98,0.1304
DEBT-13534,CUST-13534,1136.92,0.0,0.0,0.0,0.0,1136.92,0.0052
DEBT-13535,CUST-13535,0.0,0.0,0.0,0.0,0.0,0.0,0.0
DEBT-13536,CUST-13536,6831.37,0.0,0.0,16485.82,0.0,23317.19,0.067
DEBT-13537,CUST-13537,21273.39,0.0,0.0,16892.18,0.0,38165.57,0.0351
DEBT-13538,CUST-13538,6642.36,11975.87,0.0,0.0,0.0,18618.23,0.0266
DEBT-13539,CUST-13539,0.0,14110.8,0.0,15594.17,0.0,29704.97,0.0438
DEBT-13540,CUST-13540,1779.72,0.0,35466.1,0.0,0.0,37245.82,0.2785
DEBT-13541,CUST-13541,10217.41,0.0,0.0,0.0,0.0,10217.41,0.0129
DEBT-13542,CUST-13542,0.0,20784.24,0.0,32222.7,0.0,53006.94,0.1113
DEBT-13543,CUST-13543,0.0,0.0,0.0,0.0,0.0,0.0,0.0
DEBT-13544,CUST-13544,4227.65,0.0,0.0,0.0,0.0,4227.65,0.007
DEBT-13545,CUST-13545,2555.45,0.0,0.0,0.0,194159.5,196714.95,0.6305
DEBT-13546,CUST-13546,0.0,0.0,0.0,0.0,0.0,0.0,0.0
DEBT-13547,CUST-13547,0.0,0.0,0.0,0.0,0.0,0.0,0.0
DEBT-13548,CUST-13548,4112.72,0.0,0.0,18865.99,0.0,22978.71,0.0349
DEBT-13549,CUST-13549,8886.21,0.0,0.0,16382.33,0.0,25268.54,0.0185
DEBT-13550,CUST-13550,0.0,0.0,32878.36,0.0,0.0,32878.36,0.0493
DEBT-13551,CUST-13551,10051.0,0.0,0.0,20228.8,305003.65,335283.45,0.4951
DEBT-13552,CUST-13552,24407.92,0.0,0.0,0.0,0.0,24407.92,0.0187
DEBT-13553,CUST-13553,5668.71,6171.41,0.0,23731.25,0.0,35571.37,0.0563
DEBT-13554,CUST-13554,3062.79,0.0,0.0,0.0,0.0,3062.79,0.0056
DEBT-13555,CUST-13555,0.0,0.0,0.0,9900.6,0.0,9900.6,0.0595
DEBT-13556,CUST-13556,15647.56,0.0,0.0,0.0,0.0,15647.56,0.0225
DEBT-13557,CUST-13557,314.9,0.0,0.0,0.0,0.0,314.9,0.0027
DEBT-13558,CUST-13558,9136.49,0.0,0.0,0.0,0.0,9136.49,0.0185
DEBT-13559,CUST-13559,0.0,0.0,0.0,11660.42,0.0,11660.42,0.0295
DEBT-13560,CUST-13560,0.0,0.0,0.0,0.0,268255.23,268255.23,0.5821
DEBT-13561,CUST-13561,1082.58,1942.34,0.0,0.0,0.0,3024.92,0.0184
DEBT-13562,CUST-13562,6070.85,0.0,0.0,0.0,0.0,6070.85,0.0195
DEBT-13563,CUST-13563,9731.19,23025.17,0.0,13285.66,330864.56,376906.58,0.6536
DEBT-13564,CUST-13564,0.0,0.0,0.0,11334.11,213072.27,224406.38,0.8675
DEBT-13565,CUST-13565,2077.94,0.0,0.0,0.0,0.0,2077.94,0.0036
DEBT-13566,CUST-13566,11225.18,21183.99,0.0,30811.53,0.0,63220.7,0.123
DEBT-13567,CUST-13567,0.0,0.0,0.0,26883.39,0.0,26883.39,0.0602
DEBT-13568,CUST-13568,757.95,0.0,0.0,23245.85,0.0,24003.8,0.0807
DEBT-13569,CUST-13569,9109.86,0.0,0.0,0.0,0.0,9109.86,0.0157
DEBT-13570,CUST-13570,1600.28,13593.32,27836.84,13494.72,0.0,56525.16,0.1393
DEBT-13571,CUST-13571,3892.59,0.0,0.0,0.0,0.0,3892.59,0.0072
DEBT-13572,CUST-13572,3911.18,0.0,0.0,0.0,0.0,3911.18,0.0095
DEBT-13573,CUST-13573,0.0,21896.34,0.0,0.0,0.0,21896.34,0.089
DEBT-13574,CUST-13574,3560.9,24352.22,43350.17,0.0,139644.47,210907.76,0.3745
DEBT-13575,CUST-13575,2158.47,0.0,0.0,0.0,0.0,2158.47,0.0073
DEBT-13576,CUST-13576,1512.37,0.0,0.0,10271.52,0.0,11783.89,0.1767
DEBT-13577,CUST-13577,2229.75,0.0,0.0,25605.87,0.0,27835.62,0.0409
DEBT-13578,CUST-13578,0.0,0.0,0.0,0.0,0.0,0.0,0.0
DEBT-13579,CUST-13579,0.0,0.0,0.0,7672.74,0.0,7672.74,0.0087
DEBT-13580,CUST-13580,7919.06,0.0,0.0,0.0,0.0,7919.06,0.0087
DEBT-13581,CUST-13581,0.0,0.0,0.0,17787.32,0.0,17787.32,0.2401
DEBT-13582,CUST-13582,722.95,0.0,0.0,0.0,0.0,722.95,0.0043
DEBT-13583,CUST-13583,3272.71,0.0,0.0,32698.85,257992.7,293964.26,0.4613
DEBT-13584,CUST-13584,0.0,0.0,0.0,20520.68,0.0,20520.68,0.0421
DEBT-13585,CUST-13585,3983.19,0.0,0.0,0.0,0.0,3983.19,0.0062
DEBT-13586,CUST-13586,1518.67,0.0,0.0,0.0,0.0,1518.67,0.0113
DEBT-13587,CUST-13587,1020.26,0.0,0.0,0.0,0.0,1020.26,0.014
DEBT-13588,CUST-13588,7151.5,16425.2,0.0,14761.0,162446.29,200783.99,0.577
DEBT-13589,CUST-13589,8595.23,0.0,0.0,7674.8,0.0,16270.03,0.0311
DEBT-13590,CUST-13590,1300.5,11167.33,0.0,18787.14,0.0,31254.97,0.1121
DEBT-13591,CUST-13591,0.0,0.0,0.0,0.0,296660.5,296660.5,0.3958
DEBT-13592,CUST-13592,5426.17,0.0,0.0,0.0,0.0,5426.17,0.0105
DEBT-13593,CUST-13593,3557.05,11509.82,23865.12,31047.09,0.0,69979.08,0.1554
DEBT-13594,CUST-13594,3916.84,23222.16,0.0,0.0,252463.54,279602.54,0.9398
DEBT-13595,CUST-13595,9892.71,0.0,0.0,0.0,287365.54,297258.25,0.3095
DEBT-13596,CUST-13596,1994.27,0.0,0.0,32425.75,0.0,34420.02,0.0702
DEBT-13597,CUST-13597,19799.64,0.0,0.0,0.0,0.0,19799.64,0.0201
DEBT-13598,CUST-13598,7184.68,21875.52,0.0,0.0,0.0,29060.2,0.0855
DEBT-13599,CUST-13599,8515.34,0.0,0.0,0.0,0.0,8515.34,0.0098
DEBT-13600,CUST-13600,6575.9,15658.36,0.0,8616.33,260520.16,291370.75,0.3937
DEBT-13601,CUST-13601,0.0,0.0,0.0,0.0,0.0,0.0,0.0
DEBT-13602,CUST-13602,5159.29,0.0,0.0,26974.43,0.0,32133.72,0.0594
DEBT-13603,CUST-13603,0.0,0.0,0.0,0.0,0.0,0.0,0.0
DEBT-13604,CUST-13604,0.0,0.0,0.0,20855.73,0.0,20855.73,0.0323
DEBT-13605,CUST-13605,0.0,17182.35,0.0,30045.46,0.0,47227.81,0.0297
DEBT-13606,CUST-13606,4276.45,11798.8,17887.08,27590.51,0.0,61552.84,0.1558
DEBT-13607,CUST-13607,313.98,23667.78,0.0,0.0,0.0,23981.76,0.2848
DEBT-13608,CUST-13608,2260.81,0.0,0.0,0.0,0.0,2260.81,0.0073
DEBT-13609,CUST-13609,0.0,5176.01,0.0,0.0,0.0,5176.01,0.0125
DEBT-13610,CUST-13610,0.0,0.0,39313.95,0.0,0.0,39313.95,0.3036
DEBT-13611,CUST-13611,10918.6,0.0,0.0,0.0,0.0,10918.6,0.021
DEBT-13612,CUST-13612,19927.05,0.0,0.0,0.0,213242.57,233169.62,0.2627
DEBT-13613,CUST-13613,3337.52,0.0,18061.24,32153.71,0.0,53552.47,0.1494
DEBT-13614,CUST-13614,0.0,0.0,0.0,22318.25,0.0,22318.25,0.0353
DEBT-13615,CUST-13615,5056.39,0.0,0.0,33452.6,0.0,38508.99,0.1009
DEBT-13616,CUST-13616,0.0,0.0,0.0,11994.24,0.0,11994.24,0.0536
DEBT-13617,CUST-13617,8360.79,0.0,0.0,21514.97,125858.66,155734.42,0.4099
DEBT-13618,CUST-13618,6776.16,24314.98,0.0,0.0,0.0,31091.14,0.0881
DEBT-13619,CUST-13619,3454.02,0.0,0.0,0.0,338788.39,342242.41,1.1973
DEBT-13620,CUST-13620,680.27,0.0,32337.22,0.0,0.0,33017.49,0.18
DEBT-13621,CUST-13621,6247.86,0.0,0.0,7588.94,147014.54,160851.34,0.2549
DEBT-13622,CUST-13622,0.0,0.0,0.0,0.0,402747.3,402747.3,1.0689
DEBT-13623,CUST-13623,510.44,0.0,0.0,0.0,0.0,510.44,0.0017
DEBT-13624,CUST-13624,0.0,0.0,0.0,0.0,0.0,0.0,0.0
DEBT-13625,CUST-13625,3266.39,0.0,24758.5,0.0,0.0,28024.89,0.0852
DEBT-13626,CUST-13626,2395.5,0.0,6596.2,0.0,175512.75,184504.45,0.4173
DEBT-13627,CUST-13627,12620.56,0.0,0.0,0.0,0.0,12620.56,0.016
DEBT-13628,CUST-13628,2860.61,0.0,0.0,0.0,0.0,2860.61,0.0082
DEBT-13629,CUST-13629,1516.89,0.0,0.0,0.0,0.0,1516.89,0.002
DEBT-13630,CUST-13630,1399.9,0.0,0.0,0.0,0.0,1399.9,0.0029
DEBT-13631,CUST-13631,2295.62,0.0,0.0,0.0,170497.03,172792.65,0.5715
DEBT-13632,CUST-13632,11861.17,0.0,0.0,0.0,0.0,11861.17,0.018
DEBT-13633,CUST-13633,18865.42,11455.39,0.0,0.0,190481.6,220802.41,0.2123
DEBT-13634,CUST-13634,0.0,0.0,0.0,7216.48,0.0,7216.48,0.0108
DEBT-13635,CUST-13635,4553.73,22794.61,0.0,0.0,358608.58,385956.92,0.4449
DEBT-13636,CUST-13636,904.04,0.0,0.0,15499.61,143186.88,159590.53,0.2542
DEBT-13637,CUST-13637,8356.09,0.0,0.0,0.0,376989.3,385345.39,0.4748
DEBT-13638,CUST-13638,300.05,0.0,0.0,4417.35,242418.9,247136.3,0.5839
DEBT-13639,CUST-13639,0.0,0.0,0.0,0.0,0.0,0.0,0.0
DEBT-13640,CUST-13640,5811.79,0.0,0.0,0.0,80065.85,85877.64,0.2412
DEBT-13641,CUST-13641,1429.9,0.0,0.0,33019.15,0.0,34449.05,0.0651
DEBT-13642,CUST-13642,10870.15,18576.1,0.0,0.0,0.0,29446.25,0.0367
DEBT-13643,CUST-13643,4335.37,0.0,0.0,28565.19,395005.27,427905.83,1.4116
DEBT-13644,CUST-13644,8241.24,0.0,0.0,0.0,0.0,8241.24,0.0217
DEBT-13645,CUST-13645,198.23,6245.9,0.0,11047.99,0.0,17492.12,0.2407
DEBT-13646,CUST-13646,6538.65,20021.1,0.0,25883.74,0.0,52443.49,0.1011
DEBT-13647,CUST-13647,4723.35,0.0,0.0,0.0,0.0,4723.35,0.007
DEBT-13648,CUST-13648,726.78,0.0,0.0,0.0,0.0,726.78,0.011
DEBT-13649,CUST-13649,5678.57,0.0,0.0,0.0,333343.88,339022.45,0.7192
DEBT-13650,CUST-13650,13958.08,16350.48,0.0,20534.16,0.0,50842.72,0.0688
DEBT-13651,CUST-13651,2902.35,13018.09,0.0,0.0,133705.77,149626.21,0.2689
DEBT-13652,CUST-13652,29385.8,2990.48,0.0,0.0,0.0,32376.28,0.0238
DEBT-13653,CUST-13653,15037.33,14108.45,0.0,23740.24,218985.23,271871.25,0.3989
DEBT-13654,CUST-13654,3742.98,0.0,0.0,0.0,0.0,3742.98,0.0085
DEBT-13655,CUST-13655,10566.99,0.0,0.0,25927.92,280529.13,317024.04,0.6715
DEBT-13656,CUST-13656,3333.94,16941.23,27105.07,0.0,0.0,47380.24,0.0787
DEBT-13657,CUST-13657,4623.54,0.0,0.0,0.0,0.0,4623.54,0.0091
DEBT-13658,CUST-13658,0.0,0.0,0.0,0.0,181231.73,181231.73,0.4773
DEBT-13659,CUST-13659,3034.51,0.0,0.0,12833.42,375223.9,391091.83,0.752
DEBT-13660,CUST-13660,2421.33,0.0,15451.11,11388.64,0.0,29261.08,0.2063
DEBT-13661,CUST-13661,8833.78,0.0,0.0,13044.92,137995.34,159874.04,0.3246
DEBT-13662,CUST-13662,0.0,0.0,42629.85,0.0,0.0,42629.85,0.1026
DEBT-13663,CUST-13663,956.19,0.0,0.0,33017.9,0.0,33974.09,0.5403
DEBT-13664,CUST-13664,0.0,0.0,0.0,0.0,418167.97,418167.97,1.0631
DEBT-13665,CUST-13665,0.0,0.0,0.0,29181.76,0.0,29181.76,0.0545
DEBT-13666,CUST-13666,1542.82,19372.74,0.0,0.0,0.0,20915.56,0.14
DEBT-13667,CUST-13667,700.85,0.0,0.0,21479.44,0.0,22180.29,0.1413
DEBT-13668,CUST-13668,9196.04,0.0,0.0,0.0,0.0,9196.04,0.0214
DEBT-13669,CUST-13669,12344.45,0.0,0.0,0.0,0.0,12344.45,0.0148
DEBT-13670,CUST-13670,0.0,0.0,10865.73,0.0,0.0,10865.73,0.0297
DEBT-13671,CUST-13671,1755.79,0.0,0.0,32958.97,0.0,34714.76,0.1819
DEBT-13672,CUST-13672,18817.52,0.0,0.0,34237.72,0.0,53055.24,0.0624
DEBT-13673,CUST-13673,16895.3,0.0,0.0,16028.17,85048.33,117971.8,0.1416
DEBT-13674,CUST-13674,0.0,0.0,0.0,0.0,0.0,0.0,0.0
DEBT-13675,CUST-13675,17068.7,0.0,0.0,7386.37,0.0,24455.07,0.029
DEBT-13676,CUST-13676,3751.04,0.0,0.0,27442.76,0.0,31193.8,0.0373
DEBT-13677,CUST-13677,0.0,0.0,0.0,14819.88,0.0,14819.88,0.0275
DEBT-13678,CUST-13678,0.0,11259.08,0.0,0.0,235427.22,246686.3,0.5997
DEBT-13679,CUST-13679,672.1,0.0,0.0,0.0,0.0,672.1,0.0086
DEBT-13680,CUST-13680,506.59,0.0,0.0,0.0,333965.08,334471.67,0.589
DEBT-13681,CUST-13681,3747.23,0.0,0.0,0.0,341752.92,345500.15,0.7164
DEBT-13682,CUST-13682,0.0,0.0,0.0,0.0,0.0,0.0,0.0
DEBT-13683,CUST-13683,5361.96,0.0,0.0,25974.41,0.0,31336.37,0.0938
DEBT-13684,CUST-13684,1068.16,0.0,0.0,0.0,252166.16,253234.32,0.265
DEBT-13685,CUST-13685,0.0,16230.5,0.0,0.0,0.0,16230.5,0.0251
DEBT-13686,CUST-13686,4611.38,10007.57,0.0,0.0,0.0,14618.95,0.0381
DEBT-13687,CUST-13687,0.0,0.0,0.0,0.0,235697.31,235697.31,0.1842
DEBT-13688,CUST-13688,1109.7,0.0,0.0,0.0,0.0,1109.7,0.003
DEBT-13689,CUST-13689,1521.11,0.0,0.0,0.0,0.0,1521.11,0.0052
DEBT-13690,CUST-13690,0.0,19664.69,0.0,21820.66,0.0,41485.35,0.0815
DEBT-13691,CUST-13691,0.0,0.0,0.0,0.0,0.0,0.0,0.0
DEBT-13692,CUST-13692,0.0,8307.41,0.0,0.0,373143.04,381450.45,0.9666
DEBT-13693,CUST-13693,3436.48,0.0,31423.16,0.0,147701.45,182561.09,0.5249
DEBT-13694,CUST-13694,4848.53,0.0,0.0,26623.46,415479.15,446951.14,0.9532
DEBT-13695,CUST-13695,0.0,0.0,0.0,0.0,0.0,0.0,0.0
DEBT-13696,CUST-13696,1894.87,0.0,0.0,20832.22,0.0,22727.09,0.0796
DEBT-13697,CUST-13697,5359.97,0.0,0.0,0.0,0.0,5359.97,0.0215
DEBT-13698,CUST-13698,0.0,0.0,0.0,0.0,379394.52,379394.52,0.9648
DEBT-13699,CUST-13699,0.0,0.0,0.0,19543.64,0.0,19543.64,0.0395
DEBT-13700,CUST-13700,366.56,0.0,0.0,0.0,310965.49,311332.05,0.823
DEBT-13701,CUST-13701,7794.99,2336.69,0.0,0.0,0.0,10131.68,0.0255
DEBT-13702,CUST-13702,0.0,0.0,0.0,0.0,0.0,0.0,0.0
DEBT-13703,CUST-13703,5305.81,0.0,0.0,11899.6,0.0,17205.41,0.0434
DEBT-13704,CUST-13704,10279.47,22135.33,0.0,0.0,0.0,32414.8,0.0618
DEBT-13705,CUST-13705,3130.08,0.0,0.0,0.0,439724.85,442854.93,1.0212
DEBT-13706,CUST-13706,0.0,20146.61,0.0,0.0,0.0,20146.61,0.0949
DEBT-13707,CUST-13707,0.0,0.0,9464.16,0.0,0.0,9464.16,0.0247
DEBT-13708,CUST-13708,8833.02,0.0,39920.32,0.0,333201.46,381954.8,0.5558
DEBT-13709,CUST-13709,0.0,0.0,0.0,15496.41,0.0,15496.41,0.0306
DEBT-13710,CUST-13710,6459.99,0.0,0.0,0.0,293912.16,300372.15,0.5356
DEBT-13711,CUST-13711,0.0,0.0,0.0,0.0,0.0,0.0,0.0
DEBT-13712,CUST-13712,2597.89,0.0,0.0,15959.9,285145.96,303703.75,1.0491
DEBT-13713,CUST-13713,0.0,0.0,0.0,0.0,227935.94,227935.94,0.8726
DEBT-13714,CUST-13714,5017.44,6069.06,0.0,0.0,0.0,11086.5,0.0184
DEBT-13715,CUST-13715,5096.09,10976.41,0.0,12855.48,0.0,28927.98,0.0529
DEBT-13716,CUST-13716,6099.71,0.0,0.0,0.0,0.0,6099.71,0.0163
DEBT-13717,CUST-13717,9925.13,0.0,0.0,0.0,0.0,9925.13,0.0185
DEBT-13718,CUST-13718,17145.62,0.0,0.0,34933.98,180045.75,232125.35,0.2158
DEBT-13719,CUST-13719,0.0,0.0,0.0,0.0,0.0,0.0,0.0
DEBT-13720,CUST-13720,0.0,8724.72,12832.99,0.0,0.0,21557.71,0.0795
DEBT-13721,CUST-13721,12179.32,0.0,5525.1,0.0,0.0,17704.42,0.0267
DEBT-13722,CUST-13722,9505.72,5646.49,0.0,0.0,0.0,15152.21,0.0197
DEBT-13723,CUST-13723,585.02,0.0,0.0,0.0,0.0,585.02,0.0087
DEBT-13724,CUST-13724,0.0,0.0,0.0,0.0,0.0,0.0,0.0
DEBT-13725,CUST-13725,0.0,0.0,0.0,0.0,0.0,0.0,0.0
DEBT-13726,CUST-13726,4353.52,19708.59,0.0,7926.49,0.0,31988.6,0.1277
DEBT-13727,CUST-13727,9527.18,9999.87,0.0,21691.29,379382.67,420601.01,0.5368
DEBT-13728,CUST-13728,2882.49,0.0,0.0,0.0,0.0,2882.49,0.0088
DEBT-13729,CUST-13729,0.0,10522.5,0.0,0.0,0.0,10522.5,0.0077
DEBT-13730,CUST-13730,713.81,4225.03,0.0,0.0,435039.51,439978.35,1.4365
DEBT-13731,CUST-13731,1722.87,17069.38,0.0,0.0,0.0,18792.25,0.0383
DEBT-13732,CUST-13732,0.0,0.0,0.0,32263.0,0.0,32263.0,0.464
DEBT-13733,CUST-13733,1799.06,0.0,0.0,0.0,0.0,1799.06,0.0023
DEBT-13734,CUST-13734,0.0,0.0,0.0,0.0,0.0,0.0,0.0
DEBT-13735,CUST-13735,1728.84,0.0,0.0,0.0,0.0,1728.84,0.003
DEBT-13736,CUST-13736,0.0,21185.12,0.0,22377.97,0.0,43563.09,0.0969
DEBT-13737,CUST-13737,2437.36,0.0,10000.06,25247.68,0.0,37685.1,0.0946
DEBT-13738,CUST-13738,6424.09,0.0,44378.2,28649.44,0.0,79451.73,0.1703
DEBT-13739,CUST-13739,3097.18,0.0,0.0,8205.54,435275.59,446578.31,1.3284
DEBT-13740,CUST-13740,10104.66,0.0,0.0,0.0,0.0,10104.66,0.0199
DEBT-13741,CUST-13741,2535.3,0.0,17565.13,0.0,0.0,20100.43,0.0235
DEBT-13742,CUST-13742,2569.59,0.0,32109.59,0.0,0.0,34679.18,0.2832
DEBT-13743,CUST-13743,0.0,7774.76,17707.51,0.0,0.0,25482.27,0.038
DEBT-13744,CUST-13744,0.0,21902.13,0.0,0.0,0.0,21902.13,0.0313
DEBT-13745,CUST-13745,0.0,0.0,0.0,0.0,0.0,0.0,0.0
DEBT-13746,CUST-13746,1235.26,14395.88,0.0,13589.79,0.0,29220.93,0.4077
DEBT-13747,CUST-13747,4339.62,18275.31,0.0,0.0,0.0,22614.93,0.0301
DEBT-13748,CUST-13748,7296.61,0.0,0.0,34787.27,0.0,42083.88,0.1309
DEBT-13749,CUST-13749,2370.87,0.0,0.0,0.0,0.0,2370.87,0.0045
DEBT-13750,CUST-13750,1184.06,0.0,0.0,25746.66,0.0,26930.72,0.0648
DEBT-13751,CUST-13751,849.07,0.0,0.0,0.0,0.0,849.07,0.0032
DEBT-13752,CUST-13752,9773.13,0.0,0.0,14613.48,296729.0,321115.61,0.7534
DEBT-13753,CUST-13753,9179.2,0.0,0.0,21262.1,0.0,30441.3,0.0647
DEBT-13754,CUST-13754,0.0,0.0,0.0,0.0,419510.33,419510.33,0.8702
DEBT-13755,CUST-13755,5838.9,0.0,0.0,26812.04,0.0,32650.94,0.0472
DEBT-13756,CUST-13756,4604.05,0.0,0.0,0.0,0.0,4604.05,0.0124
DEBT-13757,CUST-13757,6493.2,0.0,0.0,0.0,262305.18,268798.38,0.319
DEBT-13758,CUST-13758,0.0,0.0,0.0,13136.39,0.0,13136.39,0.0143
DEBT-13759,CUST-13759,4675.97,0.0,0.0,0.0,174541.55,179217.52,0.1078
DEBT-13760,CUST-13760,0.0,0.0,0.0,0.0,0.0,0.0,0.0
DEBT-13761,CUST-13761,3386.55,0.0,0.0,0.0,0.0,3386.55,0.0052
DEBT-13762,CUST-13762,11007.56,19856.82,0.0,0.0,0.0,30864.38,0.0546
DEBT-13763,CUST-13763,4625.65,0.0,0.0,16749.49,0.0,21375.14,0.0492
DEBT-13764,CUST-13764,0.0,0.0,35661.04,0.0,0.0,35661.04,0.0849
DEBT-13765,CUST-13765,8068.23,0.0,0.0,28390.92,97804.76,134263.91,0.1044
DEBT-13766,CUST-13766,4311.52,0.0,0.0,0.0,0.0,4311.52,0.0048
DEBT-13767,CUST-13767,2797.12,0.0,0.0,0.0,135556.6,138353.72,0.3365
DEBT-13768,CUST-13768,7710.38,0.0,0.0,26857.2,0.0,34567.58,0.0816
DEBT-13769,CUST-13769,130.1,0.0,0.0,31495.2,0.0,31625.3,0.1412
DEBT-13770,CUST-13770,3248.94,0.0,0.0,26402.54,0.0,29651.48,0.0991
DEBT-13771,CUST-13771,0.0,0.0,0.0,0.0,0.0,0.0,0.0
DEBT-13772,CUST-13772,0.0,17587.9,0.0,0.0,0.0,17587.9,0.0394
DEBT-13773,CUST-13773,0.0,0.0,0.0,0.0,116448.47,116448.47,0.2379
DEBT-13774,CUST-13774,11828.6,0.0,0.0,0.0,0.0,11828.6,0.016
DEBT-13775,CUST-13775,14674.85,0.0,0.0,0.0,0.0,14674.85,0.0186
DEBT-13776,CUST-13776,8405.93,0.0,0.0,0.0,324037.98,332443.91,0.857
DEBT-13777,CUST-13777,4270.14,6358.75,0.0,23440.18,405816.46,439885.53,1.6416
DEBT-13778,CUST-13778,0.0,0.0,0.0,0.0,0.0,0.0,0.0
DEBT-13779,CUST-13779,6001.62,0.0,0.0,0.0,297768.78,303770.4,0.445
DEBT-13780,CUST-13780,2977.63,0.0,0.0,0.0,0.0,2977.63,0.0227
DEBT-13781,CUST-13781,0.0,0.0,0.0,0.0,175103.78,175103.78,0.6821
DEBT-13782,CUST-13782,6461.85,0.0,0.0,7870.19,0.0,14332.04,0.0413
DEBT-13783,CUST-13783,7081.0,0.0,0.0,15122.78,422277.78,444481.56,0.4048
DEBT-13784,CUST-13784,0.0,17831.5,0.0,0.0,0.0,17831.5,0.0247
DEBT-13785,CUST-13785,10386.85,6450.92,0.0,0.0,0.0,16837.77,0.0258
DEBT-13786,CUST-13786,0.0,0.0,0.0,0.0,0.0,0.0,0.0
DEBT-13787,CUST-13787,0.0,8008.4,0.0,6943.21,0.0,14951.61,0.0274
DEBT-13788,CUST-13788,7445.27,0.0,0.0,0.0,0.0,7445.27,0.0166
DEBT-13789,CUST-13789,299.93,0.0,0.0,0.0,0.0,299.93,0.001
DEBT-13790,CUST-13790,4642.52,0.0,0.0,0.0,0.0,4642.52,0.014
DEBT-13791,CUST-13791,829.23,0.0,0.0,0.0,177391.99,178221.22,0.5371
DEBT-13792,CUST-13792,598.91,18278.59,0.0,0.0,0.0,18877.5,0.2332
DEBT-13793,CUST-13793,4447.16,11727.87,0.0,15546.25,0.0,31721.28,0.0369
DEBT-13794,CUST-13794,6541.65,0.0,0.0,27262.28,0.0,33803.93,0.0523
DEBT-13795,CUST-13795,16086.11,0.0,0.0,0.0,0.0,16086.11,0.0212
DEBT-13796,CUST-13796,5181.65,0.0,13134.89,0.0,134051.36,152367.9,0.3313
DEBT-13797,CUST-13797,8234.44,0.0,0.0,0.0,0.0,8234.44,0.0215
DEBT-13798,CUST-13798,0.0,0.0,0.0,0.0,0.0,0.0,0.0
DEBT-13799,CUST-13799,0.0,0.0,0.0,0.0,113104.78,113104.78,0.1785
DEBT-13800,CUST-13800,0.0,4412.01,0.0,0.0,0.0,4412.01,0.0135
DEBT-13801,CUST-13801,5830.85,0.0,0.0,0.0,303632.0,309462.85,0.9868
DEBT-13802,CUST-13802,4232.77,0.0,0.0,0.0,0.0,4232.77,0.0106
DEBT-13803,CUST-13803,11662.23,4588.81,0.0,0.0,0.0,16251.04,0.0197
DEBT-13804,CUST-13804,0.0,0.0,0.0,0.0,0.0,0.0,0.0
DEBT-13805,CUST-13805,0.0,0.0,0.0,0.0,0.0,0.0,0.0
DEBT-13806,CUST-13806,0.0,0.0,0.0,0.0,0.0,0.0,0.0
DEBT-13807,CUST-13807,14476.68,0.0,0.0,0.0,0.0,14476.68,0.0134
DEBT-13808,CUST-13808,8623.56,14524.5,0.0,9469.0,238347.67,270964.73,0.6705
DEBT-13809,CUST-13809,0.0,0.0,0.0,32617.9,0.0,32617.9,0.0284
DEBT-13810,CUST-13810,4582.08,22894.44,0.0,0.0,0.0,27476.52,0.0903
DEBT-13811,CUST-13811,19443.69,0.0,0.0,14512.73,0.0,33956.42,0.0389
DEBT-13812,CUST-13812,0.0,0.0,0.0,20270.62,0.0,20270.62,0.0556
DEBT-13813,CUST-13813,569.24,0.0,0.0,30760.52,0.0,31329.76,0.4628
DEBT-13814,CUST-13814,4912.97,0.0,0.0,0.0,0.0,4912.97,0.0084
DEBT-13815,CUST-13815,3382.95,0.0,0.0,5486.26,174135.75,183004.96,0.5585
DEBT-13816,CUST-13816,2821.23,0.0,0.0,0.0,0.0,2821.23,0.0091
DEBT-13817,CUST-13817,0.0,12832.96,0.0,29717.14,256445.23,298995.33,0.2926
DEBT-13818,CUST-13818,0.0,0.0,0.0,0.0,0.0,0.0,0.0
DEBT-13819,CUST-13819,3347.19,0.0,0.0,0.0,0.0,3347.19,0.0063
DEBT-13820,CUST-13820,0.0,0.0,0.0,0.0,0.0,0.0,0.0
DEBT-13821,CUST-13821,961.18,0.0,0.0,21096.35,0.0,22057.53,0.0582
DEBT-13822,CUST-13822,0.0,0.0,0.0,0.0,0.0,0.0,0.0
DEBT-13823,CUST-13823,12899.17,0.0,0.0,9173.26,0.0,22072.43,0.0266
DEBT-13824,CUST-13824,1500.96,1977.37,0.0,0.0,0.0,3478.33,0.0044
DEBT-13825,CUST-13825,5967.98,0.0,0.0,0.0,0.0,5967.98,0.0182
DEBT-13826,CUST-13826,6094.79,2280.08,0.0,0.0,389913.54,398288.41,0.9784
DEBT-13827,CUST-13827,1742.47,0.0,20635.57,24866.7,0.0,47244.74,0.0847
DEBT-13828,CUST-13828,9632.95,0.0,0.0,0.0,0.0,9632.95,0.0206
DEBT-13829,CUST-13829,0.0,0.0,0.0,25654.55,0.0,25654.55,0.0485
DEBT-13830,CUST-13830,10757.25,0.0,0.0,0.0,113064.31,123821.56,0.0857
DEBT-13831,CUST-13831,586.6,0.0,0.0,0.0,0.0,586.6,0.0014
DEBT-13832,CUST-13832,0.0,22712.84,0.0,0.0,314505.41,337218.25,0.578
DEBT-13833,CUST-13833,8739.19,0.0,37529.46,0.0,0.0,46268.65,0.1023
DEBT-13834,CUST-13834,182.86,0.0,0.0,0.0,0.0,182.86,0.0006
DEBT-13835,CUST-13835,3978.15,0.0,0.0,0.0,198033.57,202011.72,0.7659
DEBT-13836,CUST-13836,0.0,15662.09,0.0,0.0,0.0,15662.09,0.0098
DEBT-13837,CUST-13837,1046.59,0.0,0.0,0.0,0.0,1046.59,0.0097
DEBT-13838,CUST-13838,3592.55,0.0,0.0,18128.47,0.0,21721.02,0.0479
DEBT-13839,CUST-13839,6914.16,0.0,0.0,0.0,0.0,6914.16,0.0206
DEBT-13840,CUST-13840,7198.28,0.0,0.0,0.0,0.0,7198.28,0.0223
DEBT-13841,CUST-13841,7914.92,15164.0,0.0,0.0,0.0,23078.92,0.0527
DEBT-13842,CUST-13842,2136.17,0.0,0.0,0.0,213053.0,215189.17,0.3192
DEBT-13843,CUST-13843,0.0,0.0,0.0,8089.33,0.0,8089.33,0.0158
DEBT-13844,CUST-13844,16096.25,0.0,0.0,0.0,0.0,16096.25,0.0219
DEBT-13845,CUST-13845,947.49,0.0,0.0,0.0,0.0,947.49,0.0028
DEBT-13846,CUST-13846,1301.37,18841.78,35978.31,0.0,0.0,56121.46,0.3118
DEBT-13847,CUST-13847,0.0,10091.56,0.0,0.0,0.0,10091.56,0.0182
DEBT-13848,CUST-13848,11999.18,17047.27,0.0,0.0,109139.52,138185.97,0.2263
DEBT-13849,CUST-13849,2277.79,6822.31,16633.26,0.0,0.0,25733.36,0.0721
DEBT-13850,CUST-13850,0.0,19246.12,32727.91,0.0,0.0,51974.03,0.5604
DEBT-13851,CUST-13851,9336.26,0.0,0.0,0.0,323982.78,333319.04,0.8037
DEBT-13852,CUST-13852,0.0,0.0,0.0,0.0,0.0,0.0,0.0
DEBT-13853,CUST-13853,2077.62,0.0,0.0,34262.89,0.0,36340.51,0.0702
DEBT-13854,CUST-13854,19189.57,0.0,0.0,0.0,0.0,19189.57,0.0221
DEBT-13855,CUST-13855,0.0,3643.77,13398.1,0.0,0.0,17041.87,0.0265
DEBT-13856,CUST-13856,0.0,18148.23,0.0,19432.47,0.0,37580.7,0.0716
DEBT-13857,CUST-13857,4727.03,0.0,0.0,0.0,145173.36,149900.39,0.2859
DEBT-13858,CUST-13858,852.26,0.0,0.0,0.0,0.0,852.26,0.0033
DEBT-13859,CUST-13859,0.0,0.0,0.0,10336.74,223095.04,233431.78,0.5418
DEBT-13860,CUST-13860,389.07,0.0,0.0,0.0,0.0,389.07,0.0016
DEBT-13861,CUST-13861,0.0,0.0,0.0,0.0,0.0,0.0,0.0
DEBT-13862,CUST-13862,6116.24,4378.8,0.0,0.0,0.0,10495.04,0.0233
DEBT-13863,CUST-13863,765.83,0.0,0.0,0.0,211583.12,212348.95,0.5371
DEBT-13864,CUST-13864,3937.55,0.0,0.0,0.0,152120.61,156058.16,0.2669
DEBT-13865,CUST-13865,4546.03,24343.3,0.0,18167.87,0.0,47057.2,0.1238
DEBT-13866,CUST-13866,1834.08,0.0,27049.0,0.0,0.0,28883.08,0.2581
DEBT-13867,CUST-13867,2526.83,17569.47,0.0,0.0,0.0,20096.3,0.0304
DEBT-13868,CUST-13868,8780.04,0.0,0.0,9318.35,0.0,18098.39,0.0342
DEBT-13869,CUST-13869,0.0,0.0,33546.9,0.0,398218.81,431765.71,0.8656
DEBT-13870,CUST-13870,7220.92,0.0,0.0,0.0,0.0,7220.92,0.0207
DEBT-13871,CUST-13871,0.0,0.0,0.0,0.0,0.0,0.0,0.0
DEBT-13872,CUST-13872,756.39,12089.5,30059.02,32101.57,0.0,75006.48,0.2538
DEBT-13873,CUST-13873,467.57,0.0,9836.38,0.0,0.0,10303.95,0.0255
DEBT-13874,CUST-13874,12151.59,0.0,0.0,29731.55,329349.94,371233.08,0.3765
DEBT-13875,CUST-13875,3540.49,0.0,5553.42,0.0,269748.48,278842.39,0.4792
DEBT-13876,CUST-13876,9037.58,22324.61,0.0,0.0,88091.15,119453.34,0.2299
DEBT-13877,CUST-13877,11575.21,0.0,0.0,0.0,350439.16,362014.37,0.4928
DEBT-13878,CUST-13878,11480.02,0.0,0.0,0.0,0.0,11480.02,0.021
DEBT-13879,CUST-13879,4260.68,0.0,0.0,0.0,337213.37,341474.05,0.792
DEBT-13880,CUST-13880,9435.06,0.0,0.0,23980.73,0.0,33415.79,0.0511
DEBT-13881,CUST-13881,1985.71,9726.62,0.0,0.0,385668.48,397380.81,1.2527
DEBT-13882,CUST-13882,1617.47,0.0,19322.6,0.0,0.0,20940.07,0.2758
DEBT-13883,CUST-13883,6431.8,0.0,0.0,0.0,280533.66,286965.46,0.1747
DEBT-13884,CUST-13884,6269.25,10577.4,0.0,0.0,0.0,16846.65,0.0358
DEBT-13885,CUST-13885,0.0,0.0,0.0,0.0,0.0,0.0,0.0
DEBT-13886,CUST-13886,0.0,0.0,0.0,0.0,0.0,0.0,0.0
DEBT-13887,CUST-13887,14024.43,24841.43,0.0,0.0,0.0,38865.86,0.0563
DEBT-13888,CUST-13888,4331.88,0.0,0.0,14867.08,0.0,19198.96,0.0963
DEBT-13889,CUST-13889,3071.31,0.0,0.0,16677.92,0.0,19749.23,0.0522
DEBT-13890,CUST-13890,0.0,4179.69,0.0,0.0,0.0,4179.69,0.0053
DEBT-13891,CUST-13891,6226.34,0.0,0.0,26215.34,0.0,32441.68,0.0892
DEBT-13892,CUST-13892,0.0,0.0,0.0,0.0,0.0,0.0,0.0
DEBT-13893,CUST-13893,3812.73,16974.25,37243.21,0.0,330453.28,388483.47,0.9261
DEBT-13894,CUST-13894,0.0,4725.51,0.0,0.0,0.0,4725.51,0.0179
DEBT-13895,CUST-13895,0.0,0.0,0.0,32807.55,0.0,32807.55,0.0841
DEBT-13896,CUST-13896,2384.62,0.0,0.0,0.0,0.0,2384.62,0.0075
DEBT-13897,CUST-13897,0.0,0.0,0.0,0.0,0.0,0.0,0.0
DEBT-13898,CUST-13898,1624.51,17912.82,0.0,13013.69,0.0,32551.02,0.2805
DEBT-13899,CUST-13899,8550.65,0.0,16078.99,0.0,0.0,24629.64,0.0645
DEBT-13900,CUST-13900,7393.53,0.0,0.0,0.0,0.0,7393.53,0.0186
DEBT-13901,CUST-13901,3497.02,0.0,0.0,0.0,393687.21,397184.23,1.4723
DEBT-13902,CUST-13902,4338.89,0.0,0.0,15257.48,0.0,19596.37,0.0628
DEBT-13903,CUST-13903,18007.2,19991.16,0.0,12270.29,0.0,50268.65,0.0467
DEBT-13904,CUST-13904,0.0,14258.37,0.0,0.0,0.0,14258.37,0.0716
DEBT-13905,CUST-13905,9029.3,18112.85,0.0,29573.04,0.0,56715.19,0.1409
DEBT-13906,CUST-13906,0.0,0.0,0.0,0.0,0.0,0.0,0.0
DEBT-13907,CUST-13907,2256.39,0.0,0.0,0.0,0.0,2256.39,0.0038
DEBT-13908,CUST-13908,7020.28,1067.85,11963.52,0.0,404124.67,424176.32,1.1455
DEBT-13909,CUST-13909,5092.04,0.0,24811.2,0.0,312086.45,341989.69,1.0805
DEBT-13910,CUST-13910,0.0,12287.14,0.0,0.0,266633.65,278920.79,0.8536
DEBT-13911,CUST-13911,5732.08,0.0,0.0,30545.27,0.0,36277.35,0.0514
DEBT-13912,CUST-13912,31703.5,0.0,0.0,0.0,0.0,31703.5,0.021
DEBT-13913,CUST-13913,5827.52,17213.71,0.0,0.0,439670.91,462712.14,1.8144
DEBT-13914,CUST-13914,6948.11,17887.22,0.0,8353.21,0.0,33188.54,0.0484
DEBT-13915,CUST-13915,0.0,18900.95,0.0,0.0,0.0,18900.95,0.0548
DEBT-13916,CUST-13916,4591.22,0.0,6091.91,33305.75,0.0,43988.88,0.1039
DEBT-13917,CUST-13917,1867.72,0.0,0.0,0.0,311337.44,313205.16,0.7729
DEBT-13918,CUST-13918,0.0,0.0,0.0,0.0,0.0,0.0,0.0
DEBT-13919,CUST-13919,0.0,0.0,0.0,0.0,0.0,0.0,0.0
DEBT-13920,CUST-13920,3299.63,0.0,31447.33,17592.27,0.0,52339.23,0.0868
DEBT-13921,CUST-13921,2715.74,0.0,0.0,0.0,0.0,2715.74,0.0126
DEBT-13922,CUST-13922,0.0,0.0,0.0,11861.15,0.0,11861.15,0.0287
DEBT-13923,CUST-13923,0.0,0.0,0.0,0.0,0.0,0.0,0.0
DEBT-13924,CUST-13924,5795.17,0.0,0.0,0.0,0.0,5795.17,0.0097
DEBT-13925,CUST-13925,1493.6,1680.59,0.0,23033.77,0.0,26207.96,0.0633
DEBT-13926,CUST-13926,21303.97,0.0,0.0,18378.88,432337.21,472020.06,0.4171
DEBT-13927,CUST-13927,4097.41,0.0,0.0,11046.47,0.0,15143.88,0.0192
DEBT-13928,CUST-13928,8921.75,0.0,0.0,27988.39,0.0,36910.14,0.0658
DEBT-13929,CUST-13929,0.0,0.0,0.0,15501.36,0.0,15501.36,0.0271
DEBT-13930,CUST-13930,0.0,6296.4,0.0,0.0,386645.9,392942.3,0.4727
DEBT-13931,CUST-13931,11490.64,0.0,16530.2,20286.83,0.0,48307.67,0.0727
DEBT-13932,CUST-13932,17588.78,0.0,0.0,0.0,0.0,17588.78,0.0171
DEBT-13933,CUST-13933,5643.21,0.0,0.0,6200.93,0.0,11844.14,0.0356
DEBT-13934,CUST-13934,3770.67,16126.68,0.0,0.0,0.0,19897.35,0.0301
DEBT-13935,CUST-13935,6764.36,16892.42,14399.61,0.0,0.0,38056.39,0.0596
DEBT-13936,CUST-13936,8310.22,0.0,0.0,0.0,0.0,8310.22,0.0204
DEBT-13937,CUST-13937,6374.47,0.0,0.0,12925.6,0.0,19300.07,0.0592
DEBT-13938,CUST-13938,0.0,0.0,0.0,24784.23,0.0,24784.23,0.0406
DEBT-13939,CUST-13939,10250.89,0.0,0.0,0.0,348945.51,359196.4,0.4919
DEBT-13940,CUST-13940,0.0,0.0,0.0,0.0,0.0,0.0,0.0
DEBT-13941,CUST-13941,9227.33,0.0,0.0,0.0,367736.56,376963.89,0.5768
DEBT-13942,CUST-13942,0.0,0.0,0.0,13262.27,0.0,13262.27,0.055
DEBT-13943,CUST-13943,5645.75,0.0,0.0,17252.09,0.0,22897.84,0.0246
DEBT-13944,CUST-13944,7349.91,0.0,0.0,16896.86,0.0,24246.77,0.0565
DEBT-13945,CUST-13945,8273.8,0.0,0.0,0.0,0.0,8273.8,0.0214
DEBT-13946,CUST-13946,0.0,0.0,0.0,0.0,0.0,0.0,0.0
DEBT-13947,CUST-13947,7851.5,5875.77,22087.93,11367.33,0.0,47182.53,0.0888
DEBT-13948,CUST-13948,18022.9,0.0,0.0,0.0,417941.39,435964.29,0.4722
DEBT-13949,CUST-13949,0.0,0.0,0.0,0.0,0.0,0.0,0.0
DEBT-13950,CUST-13950,0.0,10847.94,0.0,0.0,0.0,10847.94,0.0217
DEBT-13951,CUST-13951,6652.44,0.0,0.0,0.0,0.0,6652.44,0.018
DEBT-13952,CUST-13952,22390.41,0.0,0.0,31079.92,0.0,53470.33,0.0535
DEBT-13953,CUST-13953,10892.75,12950.9,0.0,0.0,256619.71,280463.36,0.5376
DEBT-13954,CUST-13954,12720.66,0.0,0.0,0.0,0.0,12720.66,0.0202
DEBT-13955,CUST-13955,8769.31,3305.21,30516.05,32312.92,0.0,74903.49,0.1266
DEBT-13956,CUST-13956,16298.26,0.0,0.0,0.0,0.0,16298.26,0.016
DEBT-13957,CUST-13957,5077.77,0.0,0.0,0.0,0.0,5077.77,0.0228
DEBT-13958,CUST-13958,4534.37,0.0,0.0,26432.51,0.0,30966.88,0.1447
DEBT-13959,CUST-13959,7389.68,0.0,0.0,7047.25,0.0,14436.93,0.0134
DEBT-13960,CUST-13960,15236.78,6736.35,0.0,0.0,0.0,21973.13,0.0234
DEBT-13961,CUST-13961,6088.24,0.0,0.0,13564.15,0.0,19652.39,0.0572
DEBT-13962,CUST-13962,1946.21,0.0,0.0,0.0,0.0,1946.21,0.0031
DEBT-13963,CUST-13963,8861.55,0.0,0.0,0.0,0.0,8861.55,0.022
DEBT-13964,CUST-13964,0.0,0.0,0.0,4940.76,0.0,4940.76,0.0045
DEBT-13965,CUST-13965,0.0,0.0,0.0,0.0,0.0,0.0,0.0
DEBT-13966,CUST-13966,5329.04,0.0,0.0,0.0,293946.84,299275.88,1.1075
DEBT-13967,CUST-13967,1776.39,0.0,0.0,0.0,0.0,1776.39,0.0055
DEBT-13968,CUST-13968,2581.64,0.0,0.0,0.0,0.0,2581.64,0.0068
DEBT-13969,CUST-13969,8048.22,0.0,0.0,0.0,0.0,8048.22,0.0185
DEBT-13970,CUST-13970,0.0,0.0,7398.78,0.0,0.0,7398.78,0.0848
DEBT-13971,CUST-13971,6480.21,0.0,0.0,0.0,0.0,6480.21,0.0105
DEBT-13972,CUST-13972,3424.78,0.0,0.0,19419.32,0.0,22844.1,0.0897
DEBT-13973,CUST-13973,16896.42,0.0,0.0,0.0,0.0,16896.42,0.021
DEBT-13974,CUST-13974,0.0,0.0,0.0,18540.53,0.0,18540.53,0.0319
DEBT-13975,CUST-13975,435.33,2959.99,0.0,0.0,0.0,3395.32,0.0114
DEBT-13976,CUST-13976,698.77,1806.84,0.0,21695.51,0.0,24201.12,0.2083
DEBT-13977,CUST-13977,4540.45,0.0,0.0,0.0,0.0,4540.45,0.0064
DEBT-13978,CUST-13978,6253.75,24941.85,0.0,34431.17,212236.71,277863.48,0.9123
DEBT-13979,CUST-13979,10718.59,0.0,0.0,19219.6,0.0,29938.19,0.0601
DEBT-13980,CUST-13980,10615.15,0.0,0.0,24394.46,217410.79,252420.4,0.4823
DEBT-13981,CUST-13981,14839.35,0.0,0.0,0.0,0.0,14839.35,0.0186
DEBT-13982,CUST-13982,15023.67,0.0,43574.64,0.0,0.0,58598.31,0.0749
DEBT-13983,CUST-13983,11124.19,0.0,0.0,0.0,269741.28,280865.47,0.537
DEBT-13984,CUST-13984,1137.69,0.0,0.0,0.0,0.0,1137.69,0.009
DEBT-13985,CUST-13985,14695.48,0.0,0.0,10999.27,405815.58,431510.33,0.508
DEBT-13986,CUST-13986,30846.59,0.0,0.0,0.0,0.0,30846.59,0.0176
DEBT-13987,CUST-13987,5104.63,0.0,0.0,0.0,0.0,5104.63,0.0098
DEBT-13988,CUST-13988,456.39,23440.74,37323.25,0.0,0.0,61220.38,0.1109
DEBT-13989,CUST-13989,4176.8,6604.06,0.0,0.0,0.0,10780.86,0.0136
DEBT-13990,CUST-13990,3614.37,0.0,0.0,0.0,0.0,3614.37,0.0125
DEBT-13991,CUST-13991,4761.4,0.0,0.0,25013.64,188836.58,218611.62,0.3754
DEBT-13992,CUST-13992,6933.34,7233.58,0.0,30769.66,0.0,44936.58,0.1488
DEBT-13993,CUST-13993,12364.6,10732.48,0.0,0.0,0.0,23097.08,0.0394
DEBT-13994,CUST-13994,6690.3,0.0,0.0,20266.42,0.0,26956.72,0.0799
DEBT-13995,CUST-13995,6763.63,0.0,0.0,19540.45,0.0,26304.08,0.041
DEBT-13996,CUST-13996,3570.16,4165.58,0.0,0.0,0.0,7735.74,0.0199
DEBT-13997,CUST-13997,3073.18,7042.82,29618.08,0.0,0.0,39734.08,0.1547
DEBT-13998,CUST-13998,3289.46,0.0,0.0,26877.51,120158.66,150325.63,0.3072
DEBT-13999,CUST-13999,1870.81,0.0,14158.23,4840.9,0.0,20869.94,0.042
DEBT-14000,CUST-14000,1209.07,0.0,0.0,0.0,0.0,1209.07,0.0039
DEBT-14001,CUST-14001,1732.81,0.0,0.0,0.0,0.0,1732.81,0.0023
DEBT-14002,CUST-14002,883.89,8012.41,0.0,0.0,0.0,8896.3,0.0294
DEBT-14003,CUST-14003,8119.68,12088.13,0.0,26336.63,0.0,46544.44,0.0792
DEBT-14004,CUST-14004,0.0,0.0,0.0,0.0,262263.59,262263.59,0.6344
DEBT-14005,CUST-14005,291.51,14540.38,0.0,0.0,0.0,14831.89,0.0302
DEBT-14006,CUST-14006,4675.79,8815.92,0.0,27984.5,0.0,41476.21,0.154
DEBT-14007,CUST-14007,983.41,0.0,0.0,14732.13,239261.98,254977.52,0.6222
DEBT-14008,CUST-14008,7334.3,0.0,0.0,0.0,0.0,7334.3,0.0117
DEBT-14009,CUST-14009,0.0,0.0,0.0,0.0,355206.64,355206.64,0.743
DEBT-14010,CUST-14010,4092.71,0.0,0.0,6265.53,0.0,10358.24,0.0259
DEBT-14011,CUST-14011,557.0,12897.64,0.0,0.0,286307.96,299762.6,0.4181
DEBT-14012,CUST-14012,8953.86,0.0,0.0,0.0,0.0,8953.86,0.0163
DEBT-14013,CUST-14013,2837.74,0.0,0.0,8867.51,0.0,11705.25,0.0214
DEBT-14014,CUST-14014,12166.61,0.0,0.0,0.0,0.0,12166.61,0.0216
DEBT-14015,CUST-14015,1542.83,0.0,0.0,0.0,350334.31,351877.14,0.4566
DEBT-14016,CUST-14016,737.71,0.0,0.0,0.0,0.0,737.71,0.0037
DEBT-14017,CUST-14017,5903.81,14975.74,0.0,0.0,0.0,20879.55,0.0403
DEBT-14018,CUST-14018,2788.7,0.0,0.0,0.0,0.0,2788.7,0.0053
DEBT-14019,CUST-14019,0.0,7302.58,0.0,19943.82,162817.67,190064.07,0.4874
DEBT-14020,CUST-14020,9495.84,7403.35,0.0,0.0,0.0,16899.19,0.0238
DEBT-14021,CUST-14021,7902.12,0.0,0.0,12170.89,0.0,20073.01,0.0392
DEBT-14022,CUST-14022,4014.68,0.0,38489.91,0.0,0.0,42504.59,0.0897
DEBT-14023,CUST-14023,5427.48,0.0,0.0,29999.42,230978.47,266405.37,0.6568
DEBT-14024,CUST-14024,9341.12,0.0,0.0,6689.89,0.0,16031.01,0.0235
DEBT-14025,CUST-14025,3797.13,0.0,0.0,0.0,332468.47,336265.6,0.64
DEBT-14026,CUST-14026,0.0,17697.49,8340.69,0.0,0.0,26038.18,0.1004
DEBT-14027,CUST-14027,11730.7,20434.61,0.0,0.0,349666.21,381831.52,0.2772
DEBT-14028,CUST-14028,0.0,0.0,25505.42,25395.46,0.0,50900.88,0.1347
DEBT-14029,CUST-14029,7562.09,16264.3,0.0,0.0,392971.82,416798.21,0.6804
DEBT-14030,CUST-14030,13327.18,0.0,0.0,0.0,0.0,13327.18,0.0156
DEBT-14031,CUST-14031,0.0,23255.75,7801.85,10613.93,0.0,41671.53,0.0796
DEBT-14032,CUST-14032,3040.18,0.0,0.0,0.0,0.0,3040.18,0.0113
DEBT-14033,CUST-14033,2791.97,0.0,0.0,0.0,151765.37,154557.34,0.393
DEBT-14034,CUST-14034,9531.8,0.0,0.0,0.0,0.0,9531.8,0.0187
DEBT-14035,CUST-14035,8160.74,0.0,0.0,18517.68,0.0,26678.42,0.0681
DEBT-14036,CUST-14036,0.0,0.0,0.0,0.0,276301.2,276301.2,0.4076
DEBT-14037,CUST-14037,2303.96,0.0,0.0,0.0,0.0,2303.96,0.0053
DEBT-14038,CUST-14038,1870.21,0.0,0.0,0.0,0.0,1870.21,0.0166
DEBT-14039,CUST-14039,0.0,7441.07,0.0,10745.8,0.0,18186.87,0.0248
DEBT-14040,CUST-14040,0.0,0.0,0.0,26760.71,0.0,26760.71,0.2454
DEBT-14041,CUST-14041,3621.49,0.0,0.0,0.0,0.0,3621.49,0.0095
DEBT-14042,CUST-14042,4776.33,0.0,34448.58,0.0,368192.02,407416.93,0.4633
DEBT-14043,CUST-14043,463.75,0.0,0.0,18295.16,0.0,18758.91,0.0777
DEBT-14044,CUST-14044,8670.58,7082.96,32022.19,0.0,353671.75,401447.48,0.6553
DEBT-14045,CUST-14045,10806.4,0.0,0.0,0.0,0.0,10806.4,0.017
DEBT-14046,CUST-14046,9656.64,0.0,0.0,15997.06,0.0,25653.7,0.0475
DEBT-14047,CUST-14047,726.42,0.0,0.0,0.0,0.0,726.42,0.0073
DEBT-14048,CUST-14048,16639.46,6895.39,0.0,22912.76,0.0,46447.61,0.0532
DEBT-14049,CUST-14049,1997.13,0.0,0.0,8696.06,0.0,10693.19,0.0227
DEBT-14050,CUST-14050,2306.19,0.0,0.0,0.0,0.0,2306.19,0.0095
DEBT-14051,CUST-14051,0.0,0.0,0.0,25488.67,0.0,25488.67,0.0656
DEBT-14052,CUST-14052,780.71,0.0,0.0,33469.86,0.0,34250.57,0.0361
DEBT-14053,CUST-14053,3847.64,0.0,0.0,17937.32,0.0,21784.96,0.03
DEBT-14054,CUST-14054,14750.12,6821.92,20864.54,0.0,0.0,42436.58,0.061
DEBT-14055,CUST-14055,1091.1,0.0,31938.81,0.0,269589.96,302619.87,0.5122
DEBT-14056,CUST-14056,3931.67,0.0,0.0,0.0,0.0,3931.67,0.0081
DEBT-14057,CUST-14057,10191.28,0.0,0.0,0.0,183002.59,193193.87,0.2153
DEBT-14058,CUST-14058,3596.8,0.0,0.0,0.0,0.0,3596.8,0.007
DEBT-14059,CUST-14059,0.0,0.0,0.0,29844.37,0.0,29844.37,0.0807
DEBT-14060,CUST-14060,8827.19,9783.82,0.0,0.0,0.0,18611.01,0.0398
DEBT-14061,CUST-14061,0.0,0.0,0.0,0.0,0.0,0.0,0.0
DEBT-14062,CUST-14062,6223.07,0.0,0.0,4510.59,0.0,10733.66,0.0389
DEBT-14063,CUST-14063,18589.61,0.0,0.0,6887.07,403910.74,429387.42,0.5097
DEBT-14064,CUST-14064,0.0,0.0,0.0,11089.34,364419.33,375508.67,1.3825
DEBT-14065,CUST-14065,13349.18,0.0,0.0,6448.8,0.0,19797.98,0.0238
DEBT-14066,CUST-14066,6259.39,0.0,0.0,0.0,174586.01,180845.4,0.5341
DEBT-14067,CUST-14067,15091.62,3141.67,6548.88,0.0,0.0,24782.17,0.0284
DEBT-14068,CUST-14068,5481.02,0.0,31768.81,8056.94,0.0,45306.77,0.1131
DEBT-14069,CUST-14069,4393.06,0.0,0.0,0.0,0.0,4393.06,0.0087
DEBT-14070,CUST-14070,3321.5,0.0,0.0,0.0,387602.03,390923.53,0.6445
DEBT-14071,CUST-14071,2635.51,0.0,32735.65,0.0,0.0,35371.16,0.0848
DEBT-14072,CUST-14072,10944.01,0.0,0.0,0.0,0.0,10944.01,0.0214
DEBT-14073,CUST-14073,13359.87,0.0,0.0,0.0,0.0,13359.87,0.0196
DEBT-14074,CUST-14074,12103.74,0.0,0.0,0.0,0.0,12103.74,0.0193
DEBT-14075,CUST-14075,0.0,0.0,0.0,23874.08,0.0,23874.08,0.0811
DEBT-14076,CUST-14076,0.0,0.0,0.0,21425.36,0.0,21425.36,0.0191
DEBT-14077,CUST-14077,4619.6,0.0,0.0,15257.04,0.0,19876.64,0.0882
DEBT-14078,CUST-14078,3166.68,0.0,17217.83,0.0,0.0,20384.51,0.0278
DEBT-14079,CUST-14079,0.0,0.0,0.0,0.0,170907.45,170907.45,0.3648
DEBT-14080,CUST-14080,9512.49,4139.47,0.0,7626.89,415684.66,436963.51,0.9519
DEBT-14081,CUST-14081,6994.66,0.0,0.0,19981.56,0.0,26976.22,0.0662
DEBT-14082,CUST-14082,295.16,8424.84,0.0,0.0,226153.9,234873.9,0.713
DEBT-14083,CUST-14083,3286.5,0.0,20282.0,16121.07,0.0,39689.57,0.0858
DEBT-14084,CUST-14084,0.0,0.0,0.0,0.0,0.0,0.0,0.0
DEBT-14085,CUST-14085,3693.45,0.0,0.0,17514.01,0.0,21207.46,0.0379
DEBT-14086,CUST-14086,14385.2,0.0,0.0,15269.04,0.0,29654.24,0.0451
DEBT-14087,CUST-14087,4358.35,0.0,0.0,0.0,176055.87,180414.22,0.2132
DEBT-14088,CUST-14088,8871.89,0.0,0.0,0.0,0.0,8871.89,0.0156
DEBT-14089,CUST-14089,0.0,0.0,0.0,0.0,126458.08,126458.08,0.1604
DEBT-14090,CUST-14090,60.94,0.0,0.0,0.0,0.0,60.94,0.0008
DEBT-14091,CUST-14091,8667.71,0.0,0.0,31310.48,220543.13,260521.32,0.5634
DEBT-14092,CUST-14092,0.0,0.0,18938.36,14271.66,0.0,33210.02,0.1048
DEBT-14093,CUST-14093,0.0,4960.69,0.0,0.0,0.0,4960.69,0.0124
DEBT-14094,CUST-14094,0.0,7422.31,0.0,11822.96,0.0,19245.27,0.0408
DEBT-14095,CUST-14095,6144.08,0.0,0.0,0.0,441128.14,447272.22,0.8997
DEBT-14096,CUST-14096,3115.4,0.0,0.0,19320.57,0.0,22435.97,0.1287
DEBT-14097,CUST-14097,7973.02,0.0,0.0,13625.98,140391.86,161990.86,0.2234
DEBT-14098,CUST-14098,0.0,0.0,30715.54,0.0,292410.55,323126.09,0.8531
DEBT-14099,CUST-14099,252.48,13542.16,0.0,0.0,0.0,13794.64,0.2482
DEBT-14100,CUST-14100,931.65,3777.24,41322.22,0.0,0.0,46031.11,0.5805
DEBT-14101,CUST-14101,4120.62,0.0,0.0,31969.56,0.0,36090.18,0.0868
DEBT-14102,CUST-14102,0.0,0.0,0.0,28869.84,0.0,28869.84,0.0692
DEBT-14103,CUST-14103,0.0,0.0,0.0,0.0,0.0,0.0,0.0
DEBT-14104,CUST-14104,12500.07,0.0,0.0,0.0,0.0,12500.07,0.0187
DEBT-14105,CUST-14105,4144.76,0.0,0.0,0.0,0.0,4144.76,0.0132
DEBT-14106,CUST-14106,0.0,16032.07,0.0,19221.11,437014.9,472268.08,0.7577
DEBT-14107,CUST-14107,1772.46,0.0,0.0,0.0,0.0,1772.46,0.0016
DEBT-14108,CUST-14108,0.0,17961.19,0.0,4700.94,349212.94,371875.07,0.4608
DEBT-14109,CUST-14109,3367.54,19577.31,0.0,23992.43,276637.44,323574.72,0.6706
DEBT-14110,CUST-14110,410.16,5018.98,0.0,5608.45,384843.04,395880.63,1.041
DEBT-14111,CUST-14111,0.0,0.0,19836.48,13011.34,0.0,32847.82,0.0642
DEBT-14112,CUST-14112,0.0,0.0,0.0,0.0,0.0,0.0,0.0
DEBT-14113,CUST-14113,10704.86,0.0,0.0,7608.76,0.0,18313.62,0.0236
DEBT-14114,CUST-14114,0.0,0.0,0.0,14553.12,0.0,14553.12,0.0165
DEBT-14115,CUST-14115,0.0,0.0,0.0,0.0,294058.75,294058.75,0.4491
DEBT-14116,CUST-14116,8506.82,0.0,0.0,0.0,315638.39,324145.21,0.8588
DEBT-14117,CUST-14117,0.0,0.0,0.0,0.0,422287.56,422287.56,0.4083
DEBT-14118,CUST-14118,3411.68,0.0,23294.35,0.0,0.0,26706.03,0.0639
DEBT-14119,CUST-14119,13765.4,20189.41,0.0,0.0,0.0,33954.81,0.0519
DEBT-14120,CUST-14120,4779.96,0.0,0.0,0.0,0.0,4779.96,0.0137
DEBT-14121,CUST-14121,15189.64,22729.05,0.0,11758.46,0.0,49677.15,0.0633
DEBT-14122,CUST-14122,0.0,0.0,0.0,0.0,0.0,0.0,0.0
DEBT-14123,CUST-14123,8427.44,0.0,0.0,0.0,0.0,8427.44,0.0186
DEBT-14124,CUST-14124,0.0,0.0,0.0,0.0,0.0,0.0,0.0
DEBT-14125,CUST-14125,7150.06,0.0,0.0,0.0,0.0,7150.06,0.0173
DEBT-14126,CUST-14126,6828.73,0.0,0.0,0.0,0.0,6828.73,0.0117
DEBT-14127,CUST-14127,1750.98,0.0,0.0,0.0,0.0,1750.98,0.0031
DEBT-14128,CUST-14128,0.0,0.0,0.0,0.0,0.0,0.0,0.0
DEBT-14129,CUST-14129,0.0,17142.81,0.0,4982.33,0.0,22125.14,0.0567
DEBT-14130,CUST-14130,0.0,10527.0,0.0,4082.28,93467.41,108076.69,0.1635
DEBT-14131,CUST-14131,2515.69,0.0,0.0,19858.63,266632.39,289006.71,0.9098
DEBT-14132,CUST-14132,5974.01,0.0,40797.6,28658.46,0.0,75430.07,0.1814
DEBT-14133,CUST-14133,8636.96,1388.93,0.0,17192.55,0.0,27218.44,0.0328
DEBT-14134,CUST-14134,574.72,0.0,0.0,0.0,205788.61,206363.33,0.5938
DEBT-14135,CUST-14135,15406.43,20561.29,0.0,0.0,0.0,35967.72,0.0471
DEBT-14136,CUST-14136,2151.7,0.0,0.0,0.0,0.0,2151.7,0.0051
DEBT-14137,CUST-14137,8900.23,0.0,0.0,7105.98,0.0,16006.21,0.0327
DEBT-14138,CUST-14138,17965.29,0.0,0.0,0.0,0.0,17965.29,0.023
DEBT-14139,CUST-14139,8803.41,0.0,0.0,0.0,0.0,8803.41,0.0168
DEBT-14140,CUST-14140,3466.28,0.0,0.0,0.0,0.0,3466.28,0.0066
DEBT-14141,CUST-14141,0.0,0.0,0.0,0.0,0.0,0.0,0.0
DEBT-14142,CUST-14142,0.0,0.0,0.0,0.0,0.0,0.0,0.0
DEBT-14143,CUST-14143,6334.46,0.0,0.0,8646.7,172568.23,187549.39,0.4857
DEBT-14144,CUST-14144,7288.86,0.0,0.0,4146.9,0.0,11435.76,0.0272
DEBT-14145,CUST-14145,9508.97,0.0,0.0,5079.96,0.0,14588.93,0.0293
DEBT-14146,CUST-14146,1764.7,0.0,0.0,0.0,0.0,1764.7,0.0021
DEBT-14147,CUST-14147,9201.7,0.0,0.0,0.0,0.0,9201.7,0.0226
DEBT-14148,CUST-14148,6821.82,11357.01,0.0,0.0,166599.98,184778.81,0.4723
DEBT-14149,CUST-14149,0.0,0.0,0.0,0.0,234859.66,234859.66,0.5916
DEBT-14150,CUST-14150,0.0,0.0,0.0,0.0,0.0,0.0,0.0
DEBT-14151,CUST-14151,7542.59,18342.71,0.0,0.0,0.0,25885.3,0.0424
DEBT-14152,CUST-14152,359.36,0.0,0.0,0.0,164729.25,165088.61,0.4155
DEBT-14153,CUST-14153,8946.68,0.0,32852.78,0.0,0.0,41799.46,0.103
DEBT-14154,CUST-14154,9747.49,0.0,0.0,13201.99,0.0,22949.48,0.0398
DEBT-14155,CUST-14155,16120.06,10107.78,0.0,23272.5,0.0,49500.34,0.0569
DEBT-14156,CUST-14156,23787.09,18999.52,0.0,0.0,390834.07,433620.68,0.4183
DEBT-14157,CUST-14157,8907.43,0.0,0.0,0.0,0.0,8907.43,0.0217
DEBT-14158,CUST-14158,6133.95,15427.42,0.0,24209.14,123007.32,168777.83,0.2647
DEBT-14159,CUST-14159,17080.67,0.0,0.0,17331.06,0.0,34411.73,0.0303
DEBT-14160,CUST-14160,0.0,0.0,0.0,0.0,0.0,0.0,0.0
DEBT-14161,CUST-14161,7479.51,0.0,0.0,0.0,338006.12,345485.63,0.619
DEBT-14162,CUST-14162,0.0,0.0,0.0,0.0,0.0,0.0,0.0
DEBT-14163,CUST-14163,2181.69,15777.7,0.0,0.0,437796.4,455755.79,0.78
DEBT-14164,CUST-14164,6577.46,20650.7,0.0,26716.79,0.0,53944.95,0.1095
DEBT-14165,CUST-14165,0.0,6831.16,0.0,24055.72,0.0,30886.88,0.1315
DEBT-14166,CUST-14166,1632.36,6852.9,0.0,0.0,0.0,8485.26,0.0152
DEBT-14167,CUST-14167,0.0,0.0,0.0,0.0,0.0,0.0,0.0
DEBT-14168,CUST-14168,1271.52,18231.32,0.0,23318.24,0.0,42821.08,0.6415
DEBT-14169,CUST-14169,0.0,0.0,0.0,0.0,0.0,0.0,0.0
DEBT-14170,CUST-14170,6414.82,0.0,0.0,0.0,0.0,6414.82,0.0159
DEBT-14171,CUST-14171,3567.4,0.0,0.0,0.0,388568.86,392136.26,0.6391
DEBT-14172,CUST-14172,25317.85,0.0,33155.8,0.0,0.0,58473.65,0.0441
DEBT-14173,CUST-14173,0.0,0.0,0.0,0.0,0.0,0.0,0.0
DEBT-14174,CUST-14174,17187.25,0.0,0.0,0.0,0.0,17187.25,0.018
DEBT-14175,CUST-14175,1624.05,0.0,0.0,0.0,0.0,1624.05,0.0122
DEBT-14176,CUST-14176,0.0,0.0,0.0,0.0,0.0,0.0,0.0
DEBT-14177,CUST-14177,17570.46,0.0,0.0,11608.22,209599.71,238778.39,0.2936
DEBT-14178,CUST-14178,6697.0,0.0,0.0,0.0,0.0,6697.0,0.0169
DEBT-14179,CUST-14179,0.0,15696.6,0.0,24324.13,0.0,40020.73,0.0439
DEBT-14180,CUST-14180,1017.45,12819.28,18472.33,0.0,0.0,32309.06,0.2877
DEBT-14181,CUST-14181,0.0,0.0,17063.55,0.0,0.0,17063.55,0.0335
DEBT-14182,CUST-14182,9336.31,0.0,0.0,0.0,0.0,9336.31,0.0171
DEBT-14183,CUST-14183,13921.68,0.0,43413.82,0.0,118529.04,175864.54,0.2597
DEBT-14184,CUST-14184,12733.8,0.0,0.0,0.0,415719.97,428453.77,0.641
DEBT-14185,CUST-14185,0.0,0.0,0.0,5242.71,350410.69,355653.4,0.683
DEBT-14186,CUST-14186,7477.29,4324.77,0.0,27917.96,290229.76,329949.78,0.7909
DEBT-14187,CUST-14187,902.6,0.0,0.0,0.0,0.0,902.6,0.0102
DEBT-14188,CUST-14188,10145.21,0.0,0.0,0.0,0.0,10145.21,0.0221
DEBT-14189,CUST-14189,4073.74,0.0,0.0,0.0,0.0,4073.74,0.0226
DEBT-14190,CUST-14190,0.0,13434.57,0.0,12761.39,0.0,26195.96,0.0286
DEBT-14191,CUST-14191,0.0,0.0,0.0,32393.72,272465.56,304859.28,0.7124
DEBT-14192,CUST-14192,0.0,21653.09,0.0,0.0,0.0,21653.09,0.0415
DEBT-14193,CUST-14193,0.0,0.0,0.0,30902.83,0.0,30902.83,0.03
DEBT-14194,CUST-14194,12506.0,0.0,0.0,0.0,0.0,12506.0,0.0169
DEBT-14195,CUST-14195,0.0,0.0,0.0,0.0,0.0,0.0,0.0
DEBT-14196,CUST-14196,8407.02,18030.34,0.0,8616.46,0.0,35053.82,0.0663
DEBT-14197,CUST-14197,0.0,0.0,0.0,0.0,0.0,0.0,0.0
DEBT-14198,CUST-14198,0.0,0.0,0.0,28315.28,172777.01,201092.29,0.5047
DEBT-14199,CUST-14199,5071.39,23724.28,0.0,0.0,0.0,28795.67,0.0594
DEBT-14200,CUST-14200,6881.4,0.0,37224.72,0.0,0.0,44106.12,0.0904
DEBT-14201,CUST-14201,0.0,10062.42,0.0,10450.49,401525.2,422038.11,0.5892
DEBT-14202,CUST-14202,1928.77,0.0,0.0,15605.74,0.0,17534.51,0.0241
DEBT-14203,CUST-14203,446.21,24161.16,0.0,30117.32,0.0,54724.69,0.1409
DEBT-14204,CUST-14204,5385.45,0.0,0.0,28474.59,0.0,33860.04,0.0652
DEBT-14205,CUST-14205,2084.96,0.0,0.0,0.0,0.0,2084.96,0.0052
DEBT-14206,CUST-14206,8940.82,0.0,0.0,0.0,328517.74,337458.56,0.6239
DEBT-14207,CUST-14207,2499.96,1914.74,0.0,26227.33,0.0,30642.03,0.0581
DEBT-14208,CUST-14208,5781.22,0.0,0.0,29890.8,0.0,35672.02,0.1108
DEBT-14209,CUST-14209,0.0,0.0,0.0,0.0,0.0,0.0,0.0
DEBT-14210,CUST-14210,2829.27,0.0,0.0,30615.92,168061.77,201506.96,0.7539
DEBT-14211,CUST-14211,7585.7,12202.22,0.0,0.0,163466.8,183254.72,0.2737
DEBT-14212,CUST-14212,0.0,0.0,0.0,0.0,0.0,0.0,0.0
DEBT-14213,CUST-14213,0.0,0.0,0.0,0.0,0.0,0.0,0.0
DEBT-14214,CUST-14214,9358.85,0.0,0.0,29724.38,0.0,39083.23,0.0539
DEBT-14215,CUST-14215,0.0,0.0,0.0,0.0,391846.52,391846.52,0.9001
DEBT-14216,CUST-14216,0.0,6993.87,0.0,0.0,0.0,6993.87,0.0119
DEBT-14217,CUST-14217,0.0,0.0,0.0,23194.91,0.0,23194.91,0.0683
DEBT-14218,CUST-14218,3589.22,0.0,0.0,0.0,0.0,3589.22,0.0051
DEBT-14219,CUST-14219,3142.33,0.0,0.0,8429.68,288164.79,299736.8,0.4223
DEBT-14220,CUST-14220,4067.72,0.0,0.0,0.0,0.0,4067.72,0.0087
DEBT-14221,CUST-14221,7397.38,0.0,0.0,4552.36,405928.9,417878.64,0.8386
DEBT-14222,CUST-14222,1324.18,0.0,0.0,8926.6,0.0,10250.78,0.0185
DEBT-14223,CUST-14223,0.0,0.0,0.0,0.0,0.0,0.0,0.0
DEBT-14224,CUST-14224,15664.86,0.0,0.0,32818.43,0.0,48483.29,0.0585
DEBT-14225,CUST-14225,2667.18,0.0,0.0,0.0,0.0,2667.18,0.0079
DEBT-14226,CUST-14226,17957.09,0.0,0.0,0.0,229408.18,247365.27,0.3111
DEBT-14227,CUST-14227,3208.99,19743.97,0.0,0.0,0.0,22952.96,0.0853
DEBT-14228,CUST-14228,2071.82,15165.61,0.0,31773.53,0.0,49010.96,0.4594
DEBT-14229,CUST-14229,6128.63,0.0,0.0,0.0,0.0,6128.63,0.0158
DEBT-14230,CUST-14230,607.86,0.0,0.0,0.0,0.0,607.86,0.0067
DEBT-14231,CUST-14231,0.0,15833.39,0.0,24541.8,201041.93,241417.12,0.4168
DEBT-14232,CUST-14232,4857.15,0.0,0.0,0.0,0.0,4857.15,0.0059
DEBT-14233,CUST-14233,11329.59,15580.29,0.0,24986.0,402012.01,453907.89,0.7022
DEBT-14234,CUST-14234,5032.71,0.0,35040.1,0.0,0.0,40072.81,0.0737
DEBT-14235,CUST-14235,0.0,11094.29,0.0,25209.01,0.0,36303.3,0.1069
DEBT-14236,CUST-14236,0.0,0.0,0.0,0.0,0.0,0.0,0.0
DEBT-14237,CUST-14237,0.0,0.0,0.0,0.0,0.0,0.0,0.0
DEBT-14238,CUST-14238,9939.6,0.0,42008.55,18713.01,0.0,70661.16,0.1163
DEBT-14239,CUST-14239,7093.9,0.0,0.0,0.0,0.0,7093.9,0.0184
DEBT-14240,CUST-14240,11556.72,0.0,0.0,0.0,0.0,11556.72,0.0154
DEBT-14241,CUST-14241,0.0,0.0,18889.19,0.0,0.0,18889.19,0.032
DEBT-14242,CUST-14242,3928.74,0.0,0.0,0.0,0.0,3928.74,0.0073
DEBT-14243,CUST-14243,365.22,0.0,0.0,0.0,0.0,365.22,0.001
DEBT-14244,CUST-14244,1424.17,0.0,0.0,0.0,309871.42,311295.59,1.0236
DEBT-14245,CUST-14245,0.0,0.0,0.0,0.0,309392.69,309392.69,0.8348
DEBT-14246,CUST-14246,11107.45,0.0,0.0,33429.07,0.0,44536.52,0.0791
DEBT-14247,CUST-14247,6361.88,6100.27,0.0,0.0,337273.51,349735.66,0.8338
DEBT-14248,CUST-14248,0.0,0.0,0.0,0.0,0.0,0.0,0.0
DEBT-14249,CUST-14249,0.0,0.0,0.0,0.0,0.0,0.0,0.0
DEBT-14250,CUST-14250,0.0,2086.16,0.0,0.0,0.0,2086.16,0.0019
DEBT-14251,CUST-14251,7048.14,0.0,0.0,0.0,0.0,7048.14,0.0105
DEBT-14252,CUST-14252,0.0,0.0,0.0,0.0,0.0,0.0,0.0
DEBT-14253,CUST-14253,8942.61,23802.17,0.0,30408.96,282625.91,345779.65,0.519
DEBT-14254,CUST-14254,9764.53,0.0,0.0,0.0,0.0,9764.53,0.0167
DEBT-14255,CUST-14255,4000.77,3787.38,0.0,0.0,120776.23,128564.38,0.3756
DEBT-14256,CUST-14256,8218.13,21735.12,19904.53,0.0,0.0,49857.78,0.0845
DEBT-14257,CUST-14257,1235.46,0.0,0.0,25283.23,0.0,26518.69,0.2996
DEBT-14258,CUST-14258,0.0,0.0,0.0,0.0,0.0,0.0,0.0
DEBT-14259,CUST-14259,7463.87,0.0,0.0,17834.29,0.0,25298.16,0.0538
DEBT-14260,CUST-14260,8044.96,0.0,0.0,33970.91,0.0,42015.87,0.0691
DEBT-14261,CUST-14261,3993.6,0.0,0.0,0.0,0.0,3993.6,0.0152
DEBT-14262,CUST-14262,3488.03,0.0,0.0,0.0,112395.51,115883.54,0.4268
DEBT-14263,CUST-14263,0.0,0.0,0.0,0.0,0.0,0.0,0.0
DEBT-14264,CUST-14264,0.0,0.0,0.0,0.0,0.0,0.0,0.0
DEBT-14265,CUST-14265,12897.4,0.0,0.0,0.0,177034.72,189932.12,0.2786
DEBT-14266,CUST-14266,0.0,0.0,0.0,0.0,0.0,0.0,0.0
DEBT-14267,CUST-14267,10282.29,15800.66,0.0,19670.4,0.0,45753.35,0.0517
DEBT-14268,CUST-14268,11603.42,6267.53,0.0,24963.97,0.0,42834.92,0.0391
DEBT-14269,CUST-14269,4592.96,0.0,34673.81,0.0,155867.74,195134.51,0.3417
DEBT-14270,CUST-14270,12954.45,7405.6,0.0,12290.68,0.0,32650.73,0.0372
DEBT-14271,CUST-14271,6861.7,0.0,0.0,0.0,0.0,6861.7,0.01
DEBT-14272,CUST-14272,1116.0,0.0,38255.73,6840.66,307192.52,353404.91,0.7255
DEBT-14273,CUST-14273,0.0,0.0,0.0,16927.12,344157.59,361084.71,0.6137
DEBT-14274,CUST-14274,8124.63,0.0,0.0,0.0,336427.36,344551.99,0.7118
DEBT-14275,CUST-14275,1779.65,0.0,9456.65,0.0,0.0,11236.3,0.018
DEBT-14276,CUST-14276,19109.02,5461.53,0.0,0.0,413716.42,438286.97,0.5202
DEBT-14277,CUST-14277,16059.2,0.0,0.0,0.0,0.0,16059.2,0.0193
DEBT-14278,CUST-14278,694.01,0.0,0.0,0.0,85119.21,85813.22,0.2477
DEBT-14279,CUST-14279,0.0,0.0,0.0,0.0,0.0,0.0,0.0
DEBT-14280,CUST-14280,5284.22,0.0,0.0,30926.22,0.0,36210.44,0.0558
DEBT-14281,CUST-14281,0.0,0.0,0.0,0.0,0.0,0.0,0.0
DEBT-14282,CUST-14282,7547.44,18304.87,0.0,0.0,0.0,25852.31,0.0441
DEBT-14283,CUST-14283,12493.02,0.0,0.0,0.0,0.0,12493.02,0.0201
DEBT-14284,CUST-14284,6074.11,0.0,0.0,7850.58,0.0,13924.69,0.0143
DEBT-14285,CUST-14285,1736.56,16447.85,0.0,0.0,0.0,18184.41,0.0626
DEBT-14286,CUST-14286,1034.72,0.0,0.0,4861.97,329469.61,335366.3,0.7009
DEBT-14287,CUST-14287,5754.71,0.0,0.0,0.0,0.0,5754.71,0.0149
DEBT-14288,CUST-14288,905.94,0.0,0.0,17010.15,0.0,17916.09,0.0246
DEBT-14289,CUST-14289,8561.61,11620.25,0.0,0.0,238870.27,259052.13,0.2907
DEBT-14290,CUST-14290,9493.94,3021.24,0.0,32697.77,0.0,45212.95,0.0977
DEBT-14291,CUST-14291,12669.37,0.0,0.0,0.0,278320.87,290990.24,0.4028
DEBT-14292,CUST-14292,7392.57,20774.65,0.0,0.0,0.0,28167.22,0.0494
DEBT-14293,CUST-14293,6861.46,0.0,0.0,0.0,0.0,6861.46,0.0138
DEBT-14294,CUST-14294,0.0,0.0,0.0,0.0,426119.54,426119.54,0.6743
DEBT-14295,CUST-14295,0.0,0.0,20286.47,0.0,0.0,20286.47,0.0443
DEBT-14296,CUST-14296,3525.55,0.0,0.0,10225.06,0.0,13750.61,0.0534
DEBT-14297,CUST-14297,8246.26,0.0,0.0,11895.23,437896.63,458038.12,0.8877
DEBT-14298,CUST-14298,0.0,0.0,0.0,0.0,0.0,0.0,0.0
DEBT-14299,CUST-14299,8508.91,0.0,0.0,0.0,406992.56,415501.47,0.5985
DEBT-14300,CUST-14300,0.0,20904.49,0.0,0.0,0.0,20904.49,0.045
DEBT-14301,CUST-14301,6414.07,0.0,0.0,0.0,0.0,6414.07,0.0194
DEBT-14302,CUST-14302,6258.09,3050.35,0.0,9046.86,0.0,18355.3,0.0538
DEBT-14303,CUST-14303,2183.2,0.0,0.0,0.0,0.0,2183.2,0.0055
DEBT-14304,CUST-14304,0.0,0.0,20527.79,0.0,0.0,20527.79,0.0309
DEBT-14305,CUST-14305,464.54,0.0,0.0,28021.61,0.0,28486.15,0.0741
DEBT-14306,CUST-14306,608.86,0.0,20489.36,0.0,0.0,21098.22,0.1802
DEBT-14307,CUST-14307,9596.39,0.0,0.0,0.0,0.0,9596.39,0.0133
DEBT-14308,CUST-14308,1665.92,0.0,0.0,0.0,0.0,1665.92,0.0038
DEBT-14309,CUST-14309,707.32,15779.69,0.0,0.0,0.0,16487.01,0.0471
DEBT-14310,CUST-14310,1271.17,0.0,17325.12,26317.22,0.0,44913.51,0.0766
DEBT-14311,CUST-14311,10624.44,6472.13,0.0,0.0,196045.05,213141.62,0.461
DEBT-14312,CUST-14312,1677.1,3468.31,0.0,0.0,0.0,5145.41,0.009
DEBT-14313,CUST-14313,0.0,0.0,0.0,0.0,132352.13,132352.13,0.1433
DEBT-14314,CUST-14314,3673.94,0.0,0.0,0.0,0.0,3673.94,0.0082
DEBT-14315,CUST-14315,5825.01,0.0,0.0,13417.21,0.0,19242.22,0.0362
DEBT-14316,CUST-14316,6483.3,0.0,0.0,32627.05,0.0,39110.35,0.0917
DEBT-14317,CUST-14317,0.0,0.0,0.0,0.0,354834.57,354834.57,0.6342
DEBT-14318,CUST-14318,6469.65,1023.64,0.0,0.0,0.0,7493.29,0.0176
DEBT-14319,CUST-14319,3865.66,0.0,0.0,0.0,241449.4,245315.06,0.2598
DEBT-14320,CUST-14320,0.0,0.0,0.0,32815.07,0.0,32815.07,0.0516
DEBT-14321,CUST-14321,926.83,0.0,0.0,0.0,0.0,926.83,0.0084
DEBT-14322,CUST-14322,2639.42,0.0,0.0,0.0,0.0,2639.42,0.0078
DEBT-14323,CUST-14323,481.74,0.0,0.0,0.0,0.0,481.74,0.0066
DEBT-14324,CUST-14324,13887.35,0.0,21560.1,0.0,0.0,35447.45,0.042
DEBT-14325,CUST-14325,1190.16,0.0,19773.74,0.0,0.0,20963.9,0.2241
DEBT-14326,CUST-14326,0.0,0.0,0.0,19261.03,0.0,19261.03,0.0197
DEBT-14327,CUST-14327,0.0,0.0,0.0,0.0,0.0,0.0,0.0
DEBT-14328,CUST-14328,3727.14,0.0,0.0,0.0,0.0,3727.14,0.0168
DEBT-14329,CUST-14329,492.57,12004.06,0.0,21607.54,430232.42,464336.59,1.3657
DEBT-14330,CUST-14330,6463.65,0.0,0.0,0.0,0.0,6463.65,0.0127
DEBT-14331,CUST-14331,0.0,0.0,0.0,0.0,0.0,0.0,0.0
DEBT-14332,CUST-14332,0.0,0.0,0.0,9563.93,231398.25,240962.18,0.4596
DEBT-14333,CUST-14333,1230.39,0.0,0.0,0.0,0.0,1230.39,0.0017
DEBT-14334,CUST-14334,0.0,0.0,0.0,0.0,0.0,0.0,0.0
DEBT-14335,CUST-14335,3897.43,13166.26,0.0,17770.5,0.0,34834.19,0.1152
DEBT-14336,CUST-14336,11260.47,0.0,0.0,26438.73,376141.41,413840.61,0.7848
DEBT-14337,CUST-14337,0.0,0.0,0.0,0.0,0.0,0.0,0.0
DEBT-14338,CUST-14338,0.0,0.0,0.0,0.0,0.0,0.0,0.0
DEBT-14339,CUST-14339,3300.09,0.0,0.0,25126.9,0.0,28426.99,0.1275
DEBT-14340,CUST-14340,2314.79,13374.27,0.0,0.0,0.0,15689.06,0.0301
DEBT-14341,CUST-14341,3211.58,0.0,0.0,25100.49,0.0,28312.07,0.0748
DEBT-14342,CUST-14342,8679.22,0.0,0.0,0.0,0.0,8679.22,0.0098
DEBT-14343,CUST-14343,10704.28,1478.37,0.0,0.0,440296.64,452479.29,0.6765
DEBT-14344,CUST-14344,9897.6,0.0,0.0,21983.89,0.0,31881.49,0.0603
DEBT-14345,CUST-14345,0.0,0.0,0.0,0.0,0.0,0.0,0.0
DEBT-14346,CUST-14346,5690.99,0.0,6267.39,9845.57,0.0,21803.95,0.0702
DEBT-14347,CUST-14347,8300.19,0.0,0.0,12567.14,0.0,20867.33,0.0388
DEBT-14348,CUST-14348,2004.56,0.0,18355.37,0.0,0.0,20359.93,0.1128
DEBT-14349,CUST-14349,0.0,0.0,20691.11,0.0,0.0,20691.11,0.1627
DEBT-14350,CUST-14350,0.0,0.0,0.0,0.0,0.0,0.0,0.0
DEBT-14351,CUST-14351,6032.19,0.0,0.0,0.0,0.0,6032.19,0.011
DEBT-14352,CUST-14352,0.0,0.0,0.0,0.0,0.0,0.0,0.0
DEBT-14353,CUST-14353,12189.54,0.0,0.0,0.0,0.0,12189.54,0.0148
DEBT-14354,CUST-14354,0.0,0.0,0.0,0.0,0.0,0.0,0.0
DEBT-14355,CUST-14355,7489.93,0.0,0.0,0.0,0.0,7489.93,0.021
DEBT-14356,CUST-14356,712.73,0.0,39588.81,0.0,0.0,40301.54,0.2884
DEBT-14357,CUST-14357,0.0,7672.35,0.0,0.0,424868.38,432540.73,1.7489
DEBT-14358,CUST-14358,0.0,0.0,0.0,20605.15,0.0,20605.15,0.1574
DEBT-14359,CUST-14359,7153.14,0.0,0.0,21925.92,0.0,29079.06,0.0698
DEBT-14360,CUST-14360,4971.4,0.0,0.0,0.0,0.0,4971.4,0.0151
DEBT-14361,CUST-14361,23757.19,22077.52,0.0,8442.64,0.0,54277.35,0.0496
DEBT-14362,CUST-14362,1758.54,9385.9,0.0,20542.62,0.0,31687.06,0.08
DEBT-14363,CUST-14363,5028.73,0.0,24588.9,24517.76,0.0,54135.39,0.1322
DEBT-14364,CUST-14364,4408.76,0.0,36533.34,0.0,0.0,40942.1,0.0704
DEBT-14365,CUST-14365,4526.74,0.0,0.0,0.0,241375.26,245902.0,0.3892
DEBT-14366,CUST-14366,0.0,0.0,0.0,19704.63,0.0,19704.63,0.0255
DEBT-14367,CUST-14367,0.0,0.0,0.0,0.0,0.0,0.0,0.0
DEBT-14368,CUST-14368,6756.25,0.0,0.0,0.0,0.0,6756.25,0.0199
DEBT-14369,CUST-14369,0.0,0.0,0.0,0.0,0.0,0.0,0.0
DEBT-14370,CUST-14370,0.0,10312.43,30486.97,0.0,0.0,40799.4,0.0966
DEBT-14371,CUST-14371,15406.12,0.0,0.0,0.0,342819.65,358225.77,0.5324
DEBT-14372,CUST-14372,3141.82,0.0,0.0,0.0,0.0,3141.82,0.0088
DEBT-14373,CUST-14373,8746.72,15412.87,0.0,0.0,0.0,24159.59,0.0572
DEBT-14374,CUST-14374,0.0,0.0,0.0,0.0,0.0,0.0,0.0
DEBT-14375,CUST-14375,4238.69,0.0,0.0,0.0,163194.3,167432.99,0.3396
DEBT-14376,CUST-14376,4429.58,0.0,0.0,8128.78,0.0,12558.36,0.0482
DEBT-14377,CUST-14377,720.5,0.0,0.0,10696.08,0.0,11416.58,0.0144
DEBT-14378,CUST-14378,0.0,0.0,0.0,0.0,0.0,0.0,0.0
DEBT-14379,CUST-14379,8623.46,0.0,0.0,0.0,0.0,8623.46,0.01
DEBT-14380,CUST-14380,21054.68,0.0,0.0,0.0,0.0,21054.68,0.019
DEBT-14381,CUST-14381,0.0,0.0,39999.01,0.0,294233.72,334232.73,0.4299
DEBT-14382,CUST-14382,5916.7,0.0,0.0,0.0,0.0,5916.7,0.0163
DEBT-14383,CUST-14383,15726.68,0.0,0.0,0.0,0.0,15726.68,0.0229
DEBT-14384,CUST-14384,6304.81,0.0,0.0,16782.05,244485.26,267572.12,0.3157
DEBT-14385,CUST-14385,0.0,0.0,0.0,0.0,0.0,0.0,0.0
DEBT-14386,CUST-14386,0.0,0.0,0.0,0.0,0.0,0.0,0.0
DEBT-14387,CUST-14387,5594.37,0.0,0.0,20511.7,0.0,26106.07,0.0456
DEBT-14388,CUST-14388,10692.92,17425.2,0.0,26027.0,0.0,54145.12,0.0588
DEBT-14389,CUST-14389,2954.32,0.0,39767.55,0.0,0.0,42721.87,0.1386
DEBT-14390,CUST-14390,1463.88,0.0,0.0,4966.77,0.0,6430.65,0.0159
DEBT-14391,CUST-14391,15331.91,0.0,0.0,0.0,274278.26,289610.17,0.3886
DEBT-14392,CUST-14392,2646.1,0.0,0.0,17141.63,226253.57,246041.3,0.3484
DEBT-14393,CUST-14393,253.06,0.0,19257.55,0.0,0.0,19510.61,0.1357
DEBT-14394,CUST-14394,1076.14,0.0,0.0,0.0,0.0,1076.14,0.0013
DEBT-14395,CUST-14395,10820.62,0.0,0.0,0.0,0.0,10820.62,0.0161
DEBT-14396,CUST-14396,1924.19,3740.57,0.0,0.0,0.0,5664.76,0.0206
DEBT-14397,CUST-14397,0.0,0.0,0.0,0.0,377866.74,377866.74,0.7005
DEBT-14398,CUST-14398,0.0,17826.08,29386.95,0.0,329727.79,376940.82,0.4303
DEBT-14399,CUST-14399,1413.23,0.0,0.0,34231.0,0.0,35644.23,0.1105
DEBT-14400,CUST-14400,15141.61,0.0,0.0,4803.81,0.0,19945.42,0.0217
DEBT-14401,CUST-14401,2183.32,0.0,0.0,0.0,0.0,2183.32,0.0076
DEBT-14402,CUST-14402,435.22,0.0,35501.55,20229.33,0.0,56166.1,0.827
DEBT-14403,CUST-14403,756.39,0.0,0.0,0.0,0.0,756.39,0.0025
DEBT-14404,CUST-14404,6122.97,0.0,0.0,0.0,0.0,6122.97,0.0124
DEBT-14405,CUST-14405,0.0,6743.43,0.0,23865.17,0.0,30608.6,0.4039
DEBT-14406,CUST-14406,2794.08,0.0,0.0,33690.16,0.0,36484.24,0.1971
DEBT-14407,CUST-14407,4215.18,5236.0,0.0,4911.58,0.0,14362.76,0.0299
DEBT-14408,CUST-14408,0.0,0.0,0.0,0.0,0.0,0.0,0.0
DEBT-14409,CUST-14409,1012.43,17146.27,0.0,0.0,0.0,18158.7,0.1132
DEBT-14410,CUST-14410,8653.75,0.0,0.0,0.0,0.0,8653.75,0.0178
DEBT-14411,CUST-14411,9847.55,0.0,0.0,0.0,0.0,9847.55,0.022
DEBT-14412,CUST-14412,4450.42,0.0,0.0,23492.43,0.0,27942.85,0.08
DEBT-14413,CUST-14413,0.0,0.0,0.0,0.0,0.0,0.0,0.0
DEBT-14414,CUST-14414,5634.18,0.0,0.0,13980.89,0.0,19615.07,0.0556
DEBT-14415,CUST-14415,0.0,0.0,0.0,31150.33,0.0,31150.33,0.0549
DEBT-14416,CUST-14416,2513.28,0.0,0.0,0.0,0.0,2513.28,0.0071
DEBT-14417,CUST-14417,19002.83,0.0,0.0,0.0,0.0,19002.83,0.0202
DEBT-14418,CUST-14418,875.13,0.0,0.0,0.0,0.0,875.13,0.0027
DEBT-14419,CUST-14419,8114.04,0.0,0.0,13241.9,0.0,21355.94,0.0575
DEBT-14420,CUST-14420,3087.84,0.0,0.0,0.0,0.0,3087.84,0.0081
DEBT-14421,CUST-14421,5359.48,0.0,36062.57,0.0,0.0,41422.05,0.0949
DEBT-14422,CUST-14422,0.0,0.0,0.0,0.0,0.0,0.0,0.0
DEBT-14423,CUST-14423,1648.76,12738.39,0.0,0.0,0.0,14387.15,0.0452
DEBT-14424,CUST-14424,6884.73,0.0,0.0,0.0,426603.02,433487.75,0.4989
DEBT-14425,CUST-14425,5240.8,0.0,0.0,8922.97,0.0,14163.77,0.0345
DEBT-14426,CUST-14426,0.0,0.0,0.0,32614.8,101787.55,134402.35,0.2058
DEBT-14427,CUST-14427,0.0,0.0,43374.13,26715.08,280887.99,350977.2,0.8431
DEBT-14428,CUST-14428,0.0,20025.36,0.0,21943.19,0.0,41968.55,0.0857
DEBT-14429,CUST-14429,3362.37,0.0,0.0,28057.3,0.0,31419.67,0.1632
DEBT-14430,CUST-14430,10628.16,0.0,0.0,22028.14,0.0,32656.3,0.0325
DEBT-14431,CUST-14431,0.0,0.0,0.0,5850.93,0.0,5850.93,0.0113
DEBT-14432,CUST-14432,1654.34,23437.5,0.0,0.0,0.0,25091.84,0.0746
DEBT-14433,CUST-14433,11372.82,0.0,0.0,34385.48,0.0,45758.3,0.0589
DEBT-14434,CUST-14434,11922.36,0.0,0.0,17991.6,0.0,29913.96,0.0429
DEBT-14435,CUST-14435,11738.0,0.0,0.0,0.0,0.0,11738.0,0.0167
DEBT-14436,CUST-14436,5644.0,0.0,0.0,0.0,0.0,5644.0,0.0075
DEBT-14437,CUST-14437,1197.79,0.0,0.0,0.0,0.0,1197.79,0.0028
DEBT-14438,CUST-14438,7703.89,16421.64,0.0,0.0,0.0,24125.53,0.0638
DEBT-14439,CUST-14439,0.0,0.0,0.0,0.0,0.0,0.0,0.0
DEBT-14440,CUST-14440,4834.38,0.0,0.0,13974.8,0.0,18809.18,0.0152
DEBT-14441,CUST-14441,5455.47,7679.26,0.0,7009.53,0.0,20144.26,0.0391
DEBT-14442,CUST-14442,10719.86,8606.17,0.0,0.0,0.0,19326.03,0.0236
DEBT-14443,CUST-14443,15138.87,10651.03,0.0,0.0,0.0,25789.9,0.0301
DEBT-14444,CUST-14444,4617.7,0.0,0.0,22900.71,0.0,27518.41,0.0418
DEBT-14445,CUST-14445,1740.08,0.0,0.0,0.0,427315.78,429055.86,1.5179
DEBT-14446,CUST-14446,11710.5,0.0,0.0,0.0,0.0,11710.5,0.0228
DEBT-14447,CUST-14447,0.0,0.0,0.0,18894.45,0.0,18894.45,0.0428
DEBT-14448,CUST-14448,5543.33,0.0,0.0,9141.96,0.0,14685.29,0.021
DEBT-14449,CUST-14449,887.17,0.0,0.0,0.0,191083.64,191970.81,0.785
DEBT-14450,CUST-14450,4654.05,0.0,0.0,20513.35,0.0,25167.4,0.0788
DEBT-14451,CUST-14451,0.0,0.0,0.0,11194.96,0.0,11194.96,0.0289
DEBT-14452,CUST-14452,8410.19,0.0,0.0,27676.27,0.0,36086.46,0.0757
DEBT-14453,CUST-14453,11708.22,0.0,37533.13,0.0,0.0,49241.35,0.0835
DEBT-14454,CUST-14454,8114.14,18656.01,0.0,0.0,418762.58,445532.73,0.473
DEBT-14455,CUST-14455,3061.51,0.0,0.0,0.0,0.0,3061.51,0.0173
DEBT-14456,CUST-14456,5517.76,12130.29,0.0,0.0,0.0,17648.05,0.0465
DEBT-14457,CUST-14457,390.08,8548.53,0.0,18903.73,0.0,27842.34,0.0738
DEBT-14458,CUST-14458,11969.08,20775.74,0.0,12300.74,215340.11,260385.67,0.4677
DEBT-14459,CUST-14459,2026.59,10799.37,0.0,0.0,241450.4,254276.36,0.4042
DEBT-14460,CUST-14460,13422.13,0.0,0.0,0.0,0.0,13422.13,0.0228
DEBT-14461,CUST-14461,0.0,7644.11,0.0,14115.55,0.0,21759.66,0.0655
DEBT-14462,CUST-14462,4660.96,0.0,0.0,0.0,0.0,4660.96,0.0155
DEBT-14463,CUST-14463,5269.54,0.0,0.0,0.0,0.0,5269.54,0.0069
DEBT-14464,CUST-14464,10056.22,0.0,0.0,0.0,0.0,10056.22,0.0203
DEBT-14465,CUST-14465,0.0,0.0,0.0,0.0,0.0,0.0,0.0
DEBT-14466,CUST-14466,0.0,18675.84,0.0,0.0,0.0,18675.84,0.0361
DEBT-14467,CUST-14467,13407.4,0.0,0.0,0.0,0.0,13407.4,0.0215
DEBT-14468,CUST-14468,587.94,0.0,0.0,0.0,0.0,587.94,0.0019
DEBT-14469,CUST-14469,11924.68,0.0,0.0,0.0,0.0,11924.68,0.0185
DEBT-14470,CUST-14470,0.0,6862.35,0.0,0.0,0.0,6862.35,0.0156
DEBT-14471,CUST-14471,4377.01,0.0,0.0,11019.09,0.0,15396.1,0.0543
DEBT-14472,CUST-14472,9749.73,0.0,0.0,22388.0,0.0,32137.73,0.0632
DEBT-14473,CUST-14473,0.0,0.0,33667.0,0.0,0.0,33667.0,0.3053
DEBT-14474,CUST-14474,7979.91,0.0,0.0,0.0,406011.14,413991.05,0.7795
DEBT-14475,CUST-14475,585.55,0.0,0.0,0.0,0.0,585.55,0.0062
DEBT-14476,CUST-14476,227.31,0.0,42561.2,9783.6,0.0,52572.11,0.3924
DEBT-14477,CUST-14477,0.0,0.0,0.0,0.0,0.0,0.0,0.0
DEBT-14478,CUST-14478,2214.65,0.0,11377.69,8213.38,0.0,21805.72,0.1375
DEBT-14479,CUST-14479,0.0,0.0,0.0,6637.12,237946.24,244583.36,0.5334
DEBT-14480,CUST-14480,2718.17,0.0,0.0,0.0,0.0,2718.17,0.0038
DEBT-14481,CUST-14481,2588.01,22718.83,0.0,21152.17,0.0,46459.01,0.1358
DEBT-14482,CUST-14482,0.0,0.0,25037.99,0.0,0.0,25037.99,0.0333
DEBT-14483,CUST-14483,11824.85,0.0,0.0,0.0,0.0,11824.85,0.0156
DEBT-14484,CUST-14484,0.0,0.0,0.0,0.0,199764.44,199764.44,0.4217
DEBT-14485,CUST-14485,7171.9,0.0,0.0,27550.36,0.0,34722.26,0.0749
DEBT-14486,CUST-14486,0.0,0.0,0.0,0.0,0.0,0.0,0.0
DEBT-14487,CUST-14487,0.0,0.0,0.0,0.0,0.0,0.0,0.0
DEBT-14488,CUST-14488,5515.22,24515.25,0.0,0.0,0.0,30030.47,0.0882
DEBT-14489,CUST-14489,388.77,0.0,0.0,0.0,415617.07,416005.84,1.1955
DEBT-14490,CUST-14490,7944.86,6600.16,0.0,6648.95,0.0,21193.97,0.0453
DEBT-14491,CUST-14491,871.01,0.0,0.0,8409.15,0.0,9280.16,0.0102
DEBT-14492,CUST-14492,0.0,0.0,0.0,22925.39,0.0,22925.39,0.0387
DEBT-14493,CUST-14493,0.0,0.0,0.0,0.0,247053.81,247053.81,0.5913
DEBT-14494,CUST-14494,17537.66,0.0,0.0,26021.38,0.0,43559.04,0.0455
DEBT-14495,CUST-14495,688.68,4825.47,0.0,0.0,0.0,5514.15,0.0071
DEBT-14496,CUST-14496,0.0,0.0,0.0,0.0,110137.96,110137.96,0.1103
DEBT-14497,CUST-14497,6306.8,0.0,0.0,21901.47,0.0,28208.27,0.0662
DEBT-14498,CUST-14498,2246.06,0.0,0.0,0.0,0.0,2246.06,0.0224
DEBT-14499,CUST-14499,0.0,0.0,0.0,7037.81,0.0,7037.81,0.0752
DEBT-14500,CUST-14500,12706.56,7878.49,0.0,27618.47,449717.43,497920.95,0.8992
DEBT-14501,CUST-14501,0.0,0.0,0.0,22439.88,427791.03,450230.91,0.8932
DEBT-14502,CUST-14502,8695.51,11342.83,0.0,0.0,0.0,20038.34,0.0349
DEBT-14503,CUST-14503,9165.28,0.0,18182.43,0.0,0.0,27347.71,0.0648
DEBT-14504,CUST-14504,3192.84,0.0,0.0,34635.42,0.0,37828.26,0.0773
DEBT-14505,CUST-14505,0.0,4561.7,0.0,0.0,449685.3,454247.0,1.289
DEBT-14506,CUST-14506,1195.26,0.0,0.0,7452.03,0.0,8647.29,0.1639
DEBT-14507,CUST-14507,0.0,0.0,0.0,0.0,0.0,0.0,0.0
DEBT-14508,CUST-14508,0.0,0.0,30604.99,10398.37,0.0,41003.36,0.0556
DEBT-14509,CUST-14509,0.0,0.0,0.0,0.0,0.0,0.0,0.0
DEBT-14510,CUST-14510,14022.15,13070.97,0.0,0.0,363959.08,391052.2,0.5468
DEBT-14511,CUST-14511,16497.82,0.0,0.0,0.0,178917.77,195415.59,0.2553
DEBT-14512,CUST-14512,5731.76,3417.5,0.0,14468.45,0.0,23617.71,0.0276
DEBT-14513,CUST-14513,15187.12,11829.66,0.0,0.0,0.0,27016.78,0.0236
DEBT-14514,CUST-14514,5113.42,23892.31,0.0,0.0,0.0,29005.73,0.0957
DEBT-14515,CUST-14515,0.0,21134.4,0.0,0.0,0.0,21134.4,0.1917
DEBT-14516,CUST-14516,5130.08,0.0,0.0,0.0,0.0,5130.08,0.022
DEBT-14517,CUST-14517,3922.87,3372.57,0.0,0.0,0.0,7295.44,0.0203
DEBT-14518,CUST-14518,0.0,0.0,0.0,0.0,0.0,0.0,0.0
DEBT-14519,CUST-14519,0.0,0.0,0.0,0.0,0.0,0.0,0.0
DEBT-14520,CUST-14520,8462.6,0.0,0.0,20100.06,169385.56,197948.22,0.3352
DEBT-14521,CUST-14521,0.0,6932.65,0.0,0.0,373013.63,379946.28,1.2262
DEBT-14522,CUST-14522,2813.54,0.0,0.0,0.0,0.0,2813.54,0.0178
DEBT-14523,CUST-14523,0.0,0.0,23379.99,0.0,0.0,23379.99,0.2405
DEBT-14524,CUST-14524,614.85,0.0,0.0,0.0,0.0,614.85,0.0013
DEBT-14525,CUST-14525,3969.24,0.0,0.0,0.0,0.0,3969.24,0.0174
DEBT-14526,CUST-14526,4586.91,0.0,0.0,0.0,265185.15,269772.06,0.9614
DEBT-14527,CUST-14527,963.07,24085.41,13038.55,9801.93,0.0,47888.96,0.0975
DEBT-14528,CUST-14528,0.0,0.0,33821.83,32744.5,0.0,66566.33,0.1053
DEBT-14529,CUST-14529,4840.53,0.0,0.0,24630.25,0.0,29470.78,0.1013
DEBT-14530,CUST-14530,2147.41,3223.51,0.0,0.0,0.0,5370.92,0.0108
DEBT-14531,CUST-14531,1761.81,22397.62,0.0,0.0,0.0,24159.43,0.0591
DEBT-14532,CUST-14532,0.0,11861.99,0.0,33009.48,0.0,44871.47,0.1065
DEBT-14533,CUST-14533,5927.68,0.0,0.0,0.0,0.0,5927.68,0.0114
DEBT-14534,CUST-14534,1164.84,0.0,0.0,29876.61,146668.08,177709.53,0.5736
DEBT-14535,CUST-14535,0.0,0.0,0.0,26991.43,0.0,26991.43,0.0416
DEBT-14536,CUST-14536,8773.37,0.0,0.0,7409.12,98289.28,114471.77,0.2528
DEBT-14537,CUST-14537,0.0,0.0,0.0,28401.2,0.0,28401.2,0.1082
DEBT-14538,CUST-14538,1605.06,0.0,0.0,0.0,0.0,1605.06,0.0025
DEBT-14539,CUST-14539,7632.3,5918.64,0.0,0.0,0.0,13550.94,0.0311
DEBT-14540,CUST-14540,4189.75,10887.71,26838.92,25205.27,0.0,67121.65,0.1842
DEBT-14541,CUST-14541,7160.3,0.0,0.0,0.0,0.0,7160.3,0.0228
DEBT-14542,CUST-14542,0.0,0.0,12709.13,0.0,0.0,12709.13,0.0137
DEBT-14543,CUST-14543,3471.39,0.0,0.0,0.0,0.0,3471.39,0.0037
DEBT-14544,CUST-14544,914.22,22111.64,0.0,24533.16,0.0,47559.02,0.3011
DEBT-14545,CUST-14545,0.0,0.0,0.0,0.0,0.0,0.0,0.0
DEBT-14546,CUST-14546,6414.27,0.0,0.0,17789.01,0.0,24203.28,0.0704
DEBT-14547,CUST-14547,0.0,0.0,0.0,0.0,0.0,0.0,0.0
DEBT-14548,CUST-14548,1870.83,0.0,0.0,14223.15,146040.96,162134.94,0.6269
DEBT-14549,CUST-14549,11104.87,0.0,0.0,0.0,0.0,11104.87,0.0216
DEBT-14550,CUST-14550,665.48,12337.13,0.0,0.0,0.0,13002.61,0.0241
DEBT-14551,CUST-14551,11743.53,0.0,0.0,31288.01,0.0,43031.54,0.0424
DEBT-14552,CUST-14552,4019.19,0.0,0.0,0.0,194580.02,198599.21,0.3711
DEBT-14553,CUST-14553,6474.12,0.0,0.0,0.0,0.0,6474.12,0.0131
DEBT-14554,CUST-14554,2281.43,0.0,0.0,23035.22,0.0,25316.65,0.0492
DEBT-14555,CUST-14555,4969.68,0.0,0.0,0.0,0.0,4969.68,0.0166
DEBT-14556,CUST-14556,16572.21,0.0,0.0,0.0,123078.78,139650.99,0.1625
DEBT-14557,CUST-14557,0.0,0.0,0.0,33128.89,0.0,33128.89,0.1078
DEBT-14558,CUST-14558,10566.95,18912.59,0.0,0.0,0.0,29479.54,0.0417
DEBT-14559,CUST-14559,5244.13,0.0,0.0,34598.5,269295.31,309137.94,0.386
DEBT-14560,CUST-14560,2955.91,0.0,0.0,0.0,0.0,2955.91,0.0071
DEBT-14561,CUST-14561,5916.84,0.0,0.0,0.0,0.0,5916.84,0.0176
DEBT-14562,CUST-14562,1187.28,0.0,0.0,0.0,0.0,1187.28,0.0029
DEBT-14563,CUST-14563,11760.14,0.0,0.0,6562.55,0.0,18322.69,0.0223
DEBT-14564,CUST-14564,1956.69,0.0,36462.52,22226.23,165796.77,226442.21,0.507
DEBT-14565,CUST-14565,0.0,0.0,0.0,0.0,0.0,0.0,0.0
DEBT-14566,CUST-14566,5317.16,4260.86,0.0,0.0,305106.35,314684.37,0.4673
DEBT-14567,CUST-14567,10680.33,0.0,0.0,0.0,0.0,10680.33,0.0134
DEBT-14568,CUST-14568,0.0,0.0,0.0,0.0,444142.54,444142.54,0.5976
DEBT-14569,CUST-14569,1708.68,0.0,0.0,0.0,258428.62,260137.3,0.3313
DEBT-14570,CUST-14570,5649.58,0.0,0.0,0.0,0.0,5649.58,0.0096
DEBT-14571,CUST-14571,0.0,0.0,0.0,0.0,0.0,0.0,0.0
DEBT-14572,CUST-14572,3844.14,5476.01,0.0,0.0,0.0,9320.15,0.0339
DEBT-14573,CUST-14573,1608.18,19501.24,39740.67,0.0,0.0,60850.09,0.0722
DEBT-14574,CUST-14574,8128.73,0.0,0.0,0.0,0.0,8128.73,0.0138
DEBT-14575,CUST-14575,3812.04,19459.63,0.0,0.0,0.0,23271.67,0.0634
DEBT-14576,CUST-14576,1400.42,0.0,0.0,0.0,0.0,1400.42,0.0042
DEBT-14577,CUST-14577,5853.05,0.0,0.0,0.0,0.0,5853.05,0.0145
DEBT-14578,CUST-14578,11101.69,0.0,0.0,0.0,0.0,11101.69,0.0137
DEBT-14579,CUST-14579,0.0,0.0,0.0,14174.76,222799.54,236974.3,0.3706
DEBT-14580,CUST-14580,0.0,0.0,0.0,19487.74,0.0,19487.74,0.0229
DEBT-14581,CUST-14581,6683.72,0.0,0.0,20101.76,0.0,26785.48,0.0919
DEBT-14582,CUST-14582,5321.44,0.0,0.0,0.0,0.0,5321.44,0.0131
DEBT-14583,CUST-14583,0.0,0.0,27559.18,34391.03,0.0,61950.21,0.1888
DEBT-14584,CUST-14584,5907.17,0.0,0.0,0.0,0.0,5907.17,0.0162
DEBT-14585,CUST-14585,0.0,0.0,0.0,30254.32,0.0,30254.32,0.1476
DEBT-14586,CUST-14586,624.29,7367.69,0.0,32442.09,0.0,40434.07,0.1384
DEBT-14587,CUST-14587,0.0,18725.23,0.0,0.0,0.0,18725.23,0.1737
DEBT-14588,CUST-14588,0.0,0.0,0.0,0.0,0.0,0.0,0.0
DEBT-14589,CUST-14589,0.0,0.0,0.0,0.0,0.0,0.0,0.0
DEBT-14590,CUST-14590,7806.41,0.0,0.0,0.0,130374.74,138181.15,0.264
DEBT-14591,CUST-14591,0.0,7813.4,0.0,0.0,379019.86,386833.26,1.3682
DEBT-14592,CUST-14592,4769.26,0.0,0.0,31358.55,0.0,36127.81,0.1486
DEBT-14593,CUST-14593,2533.37,0.0,0.0,0.0,0.0,2533.37,0.0048
DEBT-14594,CUST-14594,2304.71,0.0,0.0,30729.24,0.0,33033.95,0.2845
DEBT-14595,CUST-14595,5333.76,0.0,0.0,0.0,0.0,5333.76,0.0173
DEBT-14596,CUST-14596,1040.14,0.0,0.0,0.0,0.0,1040.14,0.0198
DEBT-14597,CUST-14597,13320.01,0.0,0.0,29650.96,0.0,42970.97,0.0588
DEBT-14598,CUST-14598,0.0,21904.87,0.0,7151.84,392300.17,421356.88,0.8512
DEBT-14599,CUST-14599,7428.68,0.0,0.0,7847.62,0.0,15276.3,0.04
DEBT-14600,CUST-14600,7584.52,0.0,0.0,0.0,0.0,7584.52,0.0213
DEBT-14601,CUST-14601,8132.52,0.0,0.0,5735.56,395520.89,409388.97,0.8382
DEBT-14602,CUST-14602,544.59,0.0,0.0,0.0,0.0,544.59,0.0048
DEBT-14603,CUST-14603,0.0,0.0,9032.82,0.0,0.0,9032.82,0.0216
DEBT-14604,CUST-14604,0.0,0.0,0.0,0.0,0.0,0.0,0.0
DEBT-14605,CUST-14605,856.0,20314.32,0.0,0.0,0.0,21170.32,0.0656
DEBT-14606,CUST-14606,9744.28,0.0,0.0,0.0,0.0,9744.28,0.017
DEBT-14607,CUST-14607,0.0,17902.22,0.0,0.0,147980.56,165882.78,0.276
DEBT-14608,CUST-14608,2176.97,0.0,0.0,0.0,0.0,2176.97,0.0059
DEBT-14609,CUST-14609,5299.1,14846.08,0.0,0.0,0.0,20145.18,0.021
DEBT-14610,CUST-14610,5768.78,18065.79,0.0,7584.59,0.0,31419.16,0.0729
DEBT-14611,CUST-14611,4316.97,19746.66,0.0,0.0,326342.7,350406.33,0.7989
DEBT-14612,CUST-14612,3612.9,0.0,0.0,16782.9,0.0,20395.8,0.0997
DEBT-14613,CUST-14613,1937.46,1563.08,0.0,0.0,192885.52,196386.06,0.5179
DEBT-14614,CUST-14614,7443.59,0.0,0.0,0.0,0.0,7443.59,0.0113
DEBT-14615,CUST-14615,2128.67,0.0,0.0,30698.58,0.0,32827.25,0.2945
DEBT-14616,CUST-14616,3897.8,0.0,0.0,0.0,0.0,3897.8,0.0085
DEBT-14617,CUST-14617,0.0,0.0,0.0,7646.17,0.0,7646.17,0.0174
DEBT-14618,CUST-14618,0.0,9675.53,32516.28,9258.32,434406.01,485856.14,0.6696
DEBT-14619,CUST-14619,3217.28,0.0,0.0,24861.09,0.0,28078.37,0.0712
DEBT-14620,CUST-14620,0.0,0.0,0.0,0.0,303981.23,303981.23,0.5379
DEBT-14621,CUST-14621,3005.72,0.0,0.0,0.0,0.0,3005.72,0.0113
DEBT-14622,CUST-14622,9906.63,0.0,8750.67,25438.23,0.0,44095.53,0.0861
DEBT-14623,CUST-14623,0.0,0.0,30768.27,0.0,245357.11,276125.38,0.3677
DEBT-14624,CUST-14624,0.0,0.0,0.0,24884.5,376210.17,401094.67,1.3426
DEBT-14625,CUST-14625,3184.25,0.0,0.0,0.0,156597.72,159781.97,0.1796
DEBT-14626,CUST-14626,10785.71,0.0,0.0,0.0,0.0,10785.71,0.0118
DEBT-14627,CUST-14627,2996.81,0.0,0.0,0.0,181762.88,184759.69,0.2439
DEBT-14628,CUST-14628,3836.6,11380.29,0.0,0.0,0.0,15216.89,0.0491
DEBT-14629,CUST-14629,0.0,0.0,0.0,7036.31,0.0,7036.31,0.0241
DEBT-14630,CUST-14630,9130.56,0.0,0.0,0.0,0.0,9130.56,0.0098
DEBT-14631,CUST-14631,0.0,6834.05,0.0,0.0,0.0,6834.05,0.0186
DEBT-14632,CUST-14632,0.0,0.0,0.0,0.0,0.0,0.0,0.0
DEBT-14633,CUST-14633,0.0,0.0,5681.39,0.0,122516.56,128197.95,0.1408
DEBT-14634,CUST-14634,5279.86,0.0,0.0,0.0,0.0,5279.86,0.0127
DEBT-14635,CUST-14635,11959.49,0.0,0.0,0.0,0.0,11959.49,0.0201
DEBT-14636,CUST-14636,4962.96,15176.71,0.0,0.0,0.0,20139.67,0.0482
DEBT-14637,CUST-14637,18408.15,0.0,0.0,30187.14,0.0,48595.29,0.0608
DEBT-14638,CUST-14638,0.0,0.0,0.0,0.0,0.0,0.0,0.0
DEBT-14639,CUST-14639,0.0,0.0,0.0,0.0,0.0,0.0,0.0
DEBT-14640,CUST-14640,4701.33,4201.13,22752.58,0.0,0.0,31655.04,0.0579
DEBT-14641,CUST-14641,3906.03,0.0,0.0,0.0,0.0,3906.03,0.0082
DEBT-14642,CUST-14642,3868.8,0.0,0.0,0.0,0.0,3868.8,0.0102
DEBT-14643,CUST-14643,8052.18,24396.24,31219.43,0.0,0.0,63667.85,0.1197
DEBT-14644,CUST-14644,6175.7,0.0,0.0,0.0,0.0,6175.7,0.0209
DEBT-14645,CUST-14645,582.8,0.0,0.0,0.0,0.0,582.8,0.0009
DEBT-14646,CUST-14646,0.0,0.0,20580.1,25485.05,0.0,46065.15,0.0987
DEBT-14647,CUST-14647,235.04,14360.82,0.0,0.0,0.0,14595.86,0.1994
DEBT-14648,CUST-14648,15756.29,0.0,0.0,0.0,0.0,15756.29,0.0203
DEBT-14649,CUST-14649,6319.87,0.0,0.0,0.0,347305.85,353625.72,0.8202
DEBT-14650,CUST-14650,7344.94,0.0,0.0,0.0,0.0,7344.94,0.0123
DEBT-14651,CUST-14651,5723.01,0.0,0.0,0.0,0.0,5723.01,0.0169
DEBT-14652,CUST-14652,0.0,0.0,0.0,0.0,0.0,0.0,0.0
DEBT-14653,CUST-14653,3082.47,13115.07,0.0,24079.49,0.0,40277.03,0.2853
DEBT-14654,CUST-14654,0.0,20542.42,0.0,0.0,0.0,20542.42,0.0445
DEBT-14655,CUST-14655,2144.63,0.0,0.0,0.0,0.0,2144.63,0.02
DEBT-14656,CUST-14656,3936.42,0.0,0.0,0.0,0.0,3936.42,0.0075
DEBT-14657,CUST-14657,0.0,22760.09,0.0,25613.12,0.0,48373.21,0.1401
DEBT-14658,CUST-14658,5119.61,0.0,0.0,0.0,0.0,5119.61,0.0208
DEBT-14659,CUST-14659,7093.83,0.0,0.0,31734.6,0.0,38828.43,0.0849
DEBT-14660,CUST-14660,4714.98,21834.71,0.0,0.0,0.0,26549.69,0.1083
DEBT-14661,CUST-14661,11776.07,0.0,0.0,0.0,138863.22,150639.29,0.2142
DEBT-14662,CUST-14662,0.0,0.0,0.0,0.0,0.0,0.0,0.0
DEBT-14663,CUST-14663,4405.33,0.0,0.0,6191.19,0.0,10596.52,0.0235
DEBT-14664,CUST-14664,8718.9,14895.62,0.0,21723.93,348951.62,394290.07,0.5571
DEBT-14665,CUST-14665,3183.53,0.0,0.0,31086.63,443254.19,477524.35,0.9118
DEBT-14666,CUST-14666,3712.21,0.0,20760.72,0.0,0.0,24472.93,0.0715
DEBT-14667,CUST-14667,0.0,0.0,0.0,0.0,0.0,0.0,0.0
DEBT-14668,CUST-14668,1460.16,0.0,39833.3,0.0,0.0,41293.46,0.2518
DEBT-14669,CUST-14669,1182.47,17656.87,0.0,0.0,0.0,18839.34,0.1183
DEBT-14670,CUST-14670,684.38,0.0,0.0,0.0,0.0,684.38,0.0034
DEBT-14671,CUST-14671,3669.87,24355.51,0.0,9008.18,0.0,37033.56,0.2123
DEBT-14672,CUST-14672,1051.46,0.0,0.0,19854.68,0.0,20906.14,0.0799
DEBT-14673,CUST-14673,3187.72,0.0,0.0,0.0,0.0,3187.72,0.0053
DEBT-14674,CUST-14674,0.0,0.0,0.0,0.0,0.0,0.0,0.0
DEBT-14675,CUST-14675,8861.73,0.0,0.0,0.0,0.0,8861.73,0.0229
DEBT-14676,CUST-14676,4790.72,0.0,0.0,0.0,0.0,4790.72,0.0059
DEBT-14677,CUST-14677,5010.71,20074.54,0.0,10433.32,0.0,35518.57,0.0482
DEBT-14678,CUST-14678,12632.51,0.0,0.0,18697.43,0.0,31329.94,0.0384
DEBT-14679,CUST-14679,0.0,3578.52,0.0,0.0,0.0,3578.52,0.0046
DEBT-14680,CUST-14680,0.0,0.0,27457.44,22502.33,0.0,49959.77,0.1306
DEBT-14681,CUST-14681,0.0,0.0,0.0,25713.26,0.0,25713.26,0.0377
DEBT-14682,CUST-14682,0.0,0.0,31280.74,0.0,0.0,31280.74,0.052
DEBT-14683,CUST-14683,13332.06,0.0,0.0,0.0,0.0,13332.06,0.0192
DEBT-14684,CUST-14684,8558.1,0.0,0.0,0.0,0.0,8558.1,0.0229
DEBT-14685,CUST-14685,3797.51,23847.15,0.0,0.0,308330.04,335974.7,1.1282
DEBT-14686,CUST-14686,0.0,0.0,33091.7,18835.98,0.0,51927.68,0.0781
DEBT-14687,CUST-14687,6250.05,0.0,0.0,13568.73,291620.68,311439.46,0.7475
DEBT-14688,CUST-14688,2808.38,0.0,0.0,0.0,0.0,2808.38,0.0143
DEBT-14689,CUST-14689,768.24,0.0,8028.04,13881.13,0.0,22677.41,0.1981
DEBT-14690,CUST-14690,10446.98,0.0,0.0,16949.37,350495.18,377891.53,0.7284
DEBT-14691,CUST-14691,0.0,0.0,0.0,0.0,0.0,0.0,0.0
DEBT-14692,CUST-14692,7778.86,15207.51,0.0,0.0,0.0,22986.37,0.0612
DEBT-14693,CUST-14693,2111.43,0.0,0.0,6133.84,0.0,8245.27,0.0398
DEBT-14694,CUST-14694,15992.02,13827.05,6058.61,0.0,191296.64,227174.32,0.2353
DEBT-14695,CUST-14695,10881.02,3396.93,0.0,0.0,260062.9,274340.85,0.4942
DEBT-14696,CUST-14696,4346.32,0.0,0.0,6851.9,0.0,11198.22,0.0314
DEBT-14697,CUST-14697,1232.36,0.0,0.0,0.0,0.0,1232.36,0.0026
DEBT-14698,CUST-14698,0.0,0.0,0.0,0.0,302510.51,302510.51,0.5761
DEBT-14699,CUST-14699,3632.04,13930.62,42159.59,0.0,0.0,59722.25,0.1174
DEBT-14700,CUST-14700,5536.55,0.0,0.0,0.0,0.0,5536.55,0.0126
DEBT-14701,CUST-14701,0.0,9915.28,0.0,8819.16,0.0,18734.44,0.0325
DEBT-14702,CUST-14702,6751.2,0.0,0.0,13985.48,0.0,20736.68,0.0542
DEBT-14703,CUST-14703,0.0,0.0,0.0,17873.73,88539.57,106413.3,0.2905
DEBT-14704,CUST-14704,2239.84,0.0,0.0,15238.65,0.0,17478.49,0.0512
DEBT-14705,CUST-14705,12113.87,0.0,0.0,0.0,97742.62,109856.49,0.1213
DEBT-14706,CUST-14706,122.51,0.0,0.0,0.0,0.0,122.51,0.0011
DEBT-14707,CUST-14707,7478.1,0.0,0.0,0.0,300441.04,307919.14,0.5727
DEBT-14708,CUST-14708,0.0,0.0,0.0,0.0,0.0,0.0,0.0
DEBT-14709,CUST-14709,0.0,0.0,0.0,0.0,264354.54,264354.54,0.4447
DEBT-14710,CUST-14710,27466.63,0.0,0.0,34015.47,355652.47,417134.57,0.194
DEBT-14711,CUST-14711,1816.55,0.0,0.0,0.0,0.0,1816.55,0.0034
DEBT-14712,CUST-14712,302.98,0.0,0.0,0.0,0.0,302.98,0.0008
DEBT-14713,CUST-14713,299.19,0.0,0.0,0.0,0.0,299.19,0.0025
DEBT-14714,CUST-14714,6687.35,5353.33,0.0,0.0,0.0,12040.68,0.0398
DEBT-14715,CUST-14715,9206.88,0.0,0.0,7270.17,0.0,16477.05,0.0145
DEBT-14716,CUST-14716,11879.55,13383.99,0.0,0.0,0.0,25263.54,0.0388
DEBT-14717,CUST-14717,0.0,0.0,0.0,20240.06,354771.23,375011.29,0.7218
DEBT-14718,CUST-14718,3560.43,15966.64,0.0,0.0,0.0,19527.07,0.0786
DEBT-14719,CUST-14719,1663.25,0.0,0.0,0.0,0.0,1663.25,0.0029
DEBT-14720,CUST-14720,11086.88,15594.8,0.0,0.0,0.0,26681.68,0.0376
DEBT-14721,CUST-14721,0.0,0.0,0.0,7598.18,0.0,7598.18,0.0216
DEBT-14722,CUST-14722,642.92,0.0,0.0,0.0,0.0,642.92,0.0053
DEBT-14723,CUST-14723,241.52,0.0,0.0,6310.96,0.0,6552.48,0.0244
DEBT-14724,CUST-14724,1477.73,0.0,0.0,15464.87,0.0,16942.6,0.0418
DEBT-14725,CUST-14725,0.0,14068.1,0.0,0.0,0.0,14068.1,0.0254
DEBT-14726,CUST-14726,4787.58,0.0,0.0,0.0,0.0,4787.58,0.0101
DEBT-14727,CUST-14727,5284.12,0.0,0.0,0.0,369083.95,374368.07,0.6102
DEBT-14728,CUST-14728,0.0,0.0,0.0,28602.81,269464.53,298067.34,1.0895
DEBT-14729,CUST-14729,0.0,1782.62,0.0,0.0,0.0,1782.62,0.006
DEBT-14730,CUST-14730,14053.37,0.0,0.0,0.0,0.0,14053.37,0.018
DEBT-14731,CUST-14731,7009.85,0.0,43258.14,0.0,257794.12,308062.11,0.6568
DEBT-14732,CUST-14732,3372.39,4532.97,0.0,16798.33,0.0,24703.69,0.0365
DEBT-14733,CUST-14733,0.0,22486.87,0.0,23649.51,0.0,46136.38,0.1714
DEBT-14734,CUST-14734,955.45,0.0,0.0,21712.31,0.0,22667.76,0.0961
DEBT-14735,CUST-14735,922.07,5198.71,0.0,20822.14,0.0,26942.92,0.0553
DEBT-14736,CUST-14736,7680.42,0.0,0.0,0.0,0.0,7680.42,0.0098
DEBT-14737,CUST-14737,0.0,24167.35,0.0,0.0,0.0,24167.35,0.032
DEBT-14738,CUST-14738,10517.97,0.0,28574.62,11546.15,0.0,50638.74,0.1009
DEBT-14739,CUST-14739,4743.06,0.0,0.0,0.0,0.0,4743.06,0.0168
DEBT-14740,CUST-14740,9568.72,7333.59,32758.95,18580.82,0.0,68242.08,0.1408
DEBT-14741,CUST-14741,13539.35,0.0,0.0,7705.59,0.0,21244.94,0.0272
DEBT-14742,CUST-14742,5051.44,0.0,0.0,34909.62,0.0,39961.06,0.0973
DEBT-14743,CUST-14743,0.0,0.0,0.0,27180.6,186437.02,213617.62,0.2606
DEBT-14744,CUST-14744,8454.83,0.0,0.0,25587.11,0.0,34041.94,0.0552
DEBT-14745,CUST-14745,0.0,16268.48,0.0,0.0,0.0,16268.48,0.0656
DEBT-14746,CUST-14746,444.13,15178.42,0.0,0.0,0.0,15622.55,0.0412
DEBT-14747,CUST-14747,3709.14,0.0,0.0,0.0,0.0,3709.14,0.0042
DEBT-14748,CUST-14748,0.0,0.0,0.0,0.0,339477.45,339477.45,0.4191
DEBT-14749,CUST-14749,12872.26,0.0,0.0,0.0,247579.89,260452.15,0.3963
DEBT-14750,CUST-14750,0.0,0.0,0.0,16917.97,0.0,16917.97,0.041
DEBT-14751,CUST-14751,5671.7,0.0,0.0,13566.65,0.0,19238.35,0.0323
DEBT-14752,CUST-14752,0.0,0.0,0.0,29945.65,0.0,29945.65,0.0433
DEBT-14753,CUST-14753,12442.19,0.0,0.0,0.0,203908.84,216351.03,0.2306
DEBT-14754,CUST-14754,0.0,6765.02,0.0,0.0,0.0,6765.02,0.0534
DEBT-14755,CUST-14755,4209.11,0.0,0.0,0.0,98098.34,102307.45,0.1314
DEBT-14756,CUST-14756,0.0,10449.22,0.0,16550.78,0.0,27000.0,0.1956
DEBT-14757,CUST-14757,4025.75,0.0,0.0,0.0,0.0,4025.75,0.0092
DEBT-14758,CUST-14758,6481.63,15298.99,0.0,0.0,248297.13,270077.75,0.4872
DEBT-14759,CUST-14759,21816.97,0.0,0.0,0.0,0.0,21816.97,0.0211
DEBT-14760,CUST-14760,0.0,4370.74,0.0,30633.07,333339.16,368342.97,0.7479
DEBT-14761,CUST-14761,13751.86,0.0,0.0,0.0,0.0,13751.86,0.0212
DEBT-14762,CUST-14762,0.0,23054.37,0.0,20945.79,0.0,44000.16,0.038
DEBT-14763,CUST-14763,12680.64,0.0,0.0,15857.93,0.0,28538.57,0.0457
DEBT-14764,CUST-14764,0.0,0.0,0.0,8858.45,0.0,8858.45,0.0227
DEBT-14765,CUST-14765,9135.37,0.0,0.0,0.0,0.0,9135.37,0.0155
DEBT-14766,CUST-14766,3493.91,0.0,0.0,0.0,0.0,3493.91,0.0112
DEBT-14767,CUST-14767,0.0,0.0,0.0,0.0,0.0,0.0,0.0
DEBT-14768,CUST-14768,15566.18,0.0,23312.67,0.0,280218.67,319097.52,0.3998
DEBT-14769,CUST-14769,4956.91,0.0,0.0,0.0,90375.83,95332.74,0.1499
DEBT-14770,CUST-14770,8081.95,0.0,0.0,0.0,218096.89,226178.84,0.6139
DEBT-14771,CUST-14771,5566.4,0.0,0.0,0.0,401493.74,407060.14,0.8812
DEBT-14772,CUST-14772,0.0,0.0,0.0,0.0,0.0,0.0,0.0
DEBT-14773,CUST-14773,3456.28,10272.98,0.0,0.0,0.0,13729.26,0.039
DEBT-14774,CUST-14774,0.0,0.0,0.0,8463.54,0.0,8463.54,0.0861
DEBT-14775,CUST-14775,2150.67,1627.52,0.0,0.0,0.0,3778.19,0.0058
DEBT-14776,CUST-14776,16089.25,5575.7,0.0,23752.52,0.0,45417.47,0.0537
DEBT-14777,CUST-14777,1740.86,0.0,0.0,0.0,194477.17,196218.03,0.4444
DEBT-14778,CUST-14778,1697.61,0.0,0.0,0.0,0.0,1697.61,0.0136
DEBT-14779,CUST-14779,1211.81,0.0,0.0,0.0,0.0,1211.81,0.0226
DEBT-14780,CUST-14780,7131.3,5316.1,0.0,0.0,185535.19,197982.59,0.3159
DEBT-14781,CUST-14781,8546.59,0.0,5933.51,0.0,0.0,14480.1,0.0355
DEBT-14782,CUST-14782,0.0,16964.94,0.0,0.0,0.0,16964.94,0.0235
DEBT-14783,CUST-14783,18508.98,0.0,0.0,12593.81,0.0,31102.79,0.0331
DEBT-14784,CUST-14784,14855.88,0.0,27249.25,5766.85,0.0,47871.98,0.0574
DEBT-14785,CUST-14785,10715.39,0.0,0.0,18683.74,0.0,29399.13,0.0421
DEBT-14786,CUST-14786,0.0,0.0,0.0,0.0,0.0,0.0,0.0
DEBT-14787,CUST-14787,0.0,0.0,0.0,7106.51,0.0,7106.51,0.0061
DEBT-14788,CUST-14788,0.0,0.0,0.0,0.0,0.0,0.0,0.0
DEBT-14789,CUST-14789,5362.11,0.0,0.0,0.0,0.0,5362.11,0.0166
DEBT-14790,CUST-14790,15914.65,0.0,32685.11,0.0,0.0,48599.76,0.0653
DEBT-14791,CUST-14791,0.0,0.0,0.0,31156.53,0.0,31156.53,0.0552
DEBT-14792,CUST-14792,7096.15,0.0,0.0,0.0,0.0,7096.15,0.0097
DEBT-14793,CUST-14793,8764.98,0.0,0.0,0.0,180661.16,189426.14,0.2912
DEBT-14794,CUST-14794,0.0,0.0,0.0,0.0,0.0,0.0,0.0
DEBT-14795,CUST-14795,7048.51,24122.73,0.0,11143.39,165463.96,207778.59,0.3206
DEBT-14796,CUST-14796,1389.86,0.0,0.0,0.0,0.0,1389.86,0.0152
DEBT-14797,CUST-14797,0.0,0.0,0.0,0.0,209606.42,209606.42,0.2801
DEBT-14798,CUST-14798,7777.69,0.0,0.0,0.0,0.0,7777.69,0.0072
DEBT-14799,CUST-14799,7611.12,0.0,0.0,14266.61,0.0,21877.73,0.0487
DEBT-14800,CUST-14800,2151.03,0.0,0.0,0.0,0.0,2151.03,0.0026
DEBT-14801,CUST-14801,3912.93,0.0,0.0,0.0,281186.98,285099.91,0.6024
DEBT-14802,CUST-14802,4054.97,16008.32,0.0,20365.68,135193.75,175622.72,0.5096
DEBT-14803,CUST-14803,0.0,8898.24,0.0,12293.31,0.0,21191.55,0.0341
DEBT-14804,CUST-14804,287.43,0.0,0.0,15143.19,0.0,15430.62,0.103
DEBT-14805,CUST-14805,0.0,0.0,0.0,0.0,0.0,0.0,0.0
DEBT-14806,CUST-14806,2020.72,0.0,43400.7,18083.58,0.0,63505.0,0.1404
DEBT-14807,CUST-14807,0.0,0.0,0.0,0.0,106581.06,106581.06,0.0987
DEBT-14808,CUST-14808,9916.02,0.0,0.0,0.0,0.0,9916.02,0.014
DEBT-14809,CUST-14809,4002.36,0.0,0.0,0.0,0.0,4002.36,0.021
DEBT-14810,CUST-14810,7122.37,0.0,0.0,0.0,408678.15,415800.52,1.0067
DEBT-14811,CUST-14811,12710.19,0.0,0.0,0.0,0.0,12710.19,0.0198
DEBT-14812,CUST-14812,2088.3,1323.49,0.0,25455.38,0.0,28867.17,0.059
DEBT-14813,CUST-14813,7337.37,0.0,0.0,0.0,0.0,7337.37,0.0171
DEBT-14814,CUST-14814,5155.49,0.0,0.0,34780.79,0.0,39936.28,0.1373
DEBT-14815,CUST-14815,9503.36,0.0,0.0,0.0,0.0,9503.36,0.0126
DEBT-14816,CUST-14816,674.77,0.0,0.0,12717.94,0.0,13392.71,0.0481
DEBT-14817,CUST-14817,0.0,0.0,0.0,20610.05,258539.77,279149.82,0.572
DEBT-14818,CUST-14818,0.0,0.0,0.0,0.0,400308.51,400308.51,0.5446
DEBT-14819,CUST-14819,5906.55,10547.08,0.0,0.0,290995.4,307449.03,0.6892
DEBT-14820,CUST-14820,12235.5,2062.29,0.0,0.0,0.0,14297.79,0.0214
DEBT-14821,CUST-14821,8773.18,13625.2,0.0,28504.14,0.0,50902.52,0.0898
DEBT-14822,CUST-14822,0.0,0.0,0.0,0.0,211828.48,211828.48,0.4888
DEBT-14823,CUST-14823,0.0,0.0,0.0,34354.96,0.0,34354.96,0.1777
DEBT-14824,CUST-14824,4822.13,0.0,0.0,0.0,0.0,4822.13,0.0111
DEBT-14825,CUST-14825,0.0,19175.24,0.0,19211.88,0.0,38387.12,0.0754
DEBT-14826,CUST-14826,8090.35,0.0,0.0,0.0,0.0,8090.35,0.0171
DEBT-14827,CUST-14827,0.0,24360.8,0.0,0.0,0.0,24360.8,0.0539
DEBT-14828,CUST-14828,2423.23,11151.93,0.0,0.0,0.0,13575.16,0.0613
DEBT-14829,CUST-14829,6845.62,0.0,0.0,31353.04,0.0,38198.66,0.0909
DEBT-14830,CUST-14830,0.0,0.0,25489.78,0.0,0.0,25489.78,0.0275
DEBT-14831,CUST-14831,5448.99,0.0,0.0,10861.82,0.0,16310.81,0.0293
DEBT-14832,CUST-14832,2742.19,1295.48,0.0,25891.93,0.0,29929.6,0.0884
DEBT-14833,CUST-14833,15327.1,0.0,0.0,31815.09,0.0,47142.19,0.0341
DEBT-14834,CUST-14834,11299.8,0.0,0.0,0.0,326777.15,338076.95,0.5934
DEBT-14835,CUST-14835,16210.84,0.0,0.0,0.0,0.0,16210.84,0.0207
DEBT-14836,CUST-14836,4506.99,0.0,0.0,30437.29,0.0,34944.28,0.0923
DEBT-14837,CUST-14837,0.0,0.0,37876.57,0.0,0.0,37876.57,0.0758
DEBT-14838,CUST-14838,0.0,0.0,25142.41,4430.29,0.0,29572.7,0.0678
DEBT-14839,CUST-14839,3468.14,0.0,0.0,0.0,0.0,3468.14,0.0103
DEBT-14840,CUST-14840,345.2,0.0,0.0,0.0,252584.09,252929.29,0.5425
DEBT-14841,CUST-14841,6258.17,0.0,0.0,0.0,108369.54,114627.71,0.1835
DEBT-14842,CUST-14842,907.43,0.0,0.0,0.0,0.0,907.43,0.0032
DEBT-14843,CUST-14843,1453.97,0.0,0.0,0.0,0.0,1453.97,0.0107
DEBT-14844,CUST-14844,0.0,0.0,0.0,0.0,0.0,0.0,0.0
DEBT-14845,CUST-14845,10460.62,0.0,0.0,0.0,279005.08,289465.7,0.6203
DEBT-14846,CUST-14846,8242.48,0.0,0.0,0.0,0.0,8242.48,0.0118
DEBT-14847,CUST-14847,2634.56,9238.21,42590.54,0.0,0.0,54463.31,0.0874
DEBT-14848,CUST-14848,9767.47,22178.86,0.0,9208.6,261580.74,302735.67,0.4902
DEBT-14849,CUST-14849,9202.9,0.0,0.0,13780.22,0.0,22983.12,0.0476
DEBT-14850,CUST-14850,5556.89,0.0,0.0,13267.64,0.0,18824.53,0.0303
DEBT-14851,CUST-14851,8131.45,12797.18,39605.36,0.0,436505.11,497039.1,1.3413
DEBT-14852,CUST-14852,8740.98,0.0,0.0,25689.4,305892.7,340323.08,0.8301
DEBT-14853,CUST-14853,0.0,0.0,0.0,9880.04,0.0,9880.04,0.0266
DEBT-14854,CUST-14854,7364.71,0.0,5430.58,28543.09,0.0,41338.38,0.0811
DEBT-14855,CUST-14855,4971.51,0.0,0.0,0.0,0.0,4971.51,0.0217
DEBT-14856,CUST-14856,8524.54,0.0,0.0,0.0,0.0,8524.54,0.0093
DEBT-14857,CUST-14857,0.0,0.0,0.0,18798.04,99028.9,117826.94,0.2842
DEBT-14858,CUST-14858,0.0,0.0,0.0,0.0,0.0,0.0,0.0
DEBT-14859,CUST-14859,2399.24,0.0,0.0,0.0,0.0,2399.24,0.0052
DEBT-14860,CUST-14860,11592.53,21016.46,0.0,21606.51,196667.61,250883.11,0.3556
DEBT-14861,CUST-14861,0.0,0.0,0.0,9096.93,0.0,9096.93,0.0151
DEBT-14862,CUST-14862,370.04,1937.84,0.0,0.0,227629.48,229937.36,0.4507
DEBT-14863,CUST-14863,5056.92,0.0,0.0,9465.47,0.0,14522.39,0.0387
DEBT-14864,CUST-14864,9410.72,0.0,44477.11,0.0,0.0,53887.83,0.1267
DEBT-14865,CUST-14865,10386.75,0.0,0.0,21992.29,327093.74,359472.78,0.6857
DEBT-14866,CUST-14866,2558.93,2760.75,0.0,0.0,0.0,5319.68,0.0088
DEBT-14867,CUST-14867,7311.2,15855.35,0.0,13727.96,0.0,36894.51,0.1059
DEBT-14868,CUST-14868,0.0,6842.58,0.0,0.0,0.0,6842.58,0.0145
DEBT-14869,CUST-14869,7521.12,0.0,0.0,5043.26,0.0,12564.38,0.0213
DEBT-14870,CUST-14870,4300.84,0.0,0.0,0.0,0.0,4300.84,0.011
DEBT-14871,CUST-14871,0.0,3928.57,0.0,0.0,152764.07,156692.64,0.2471
DEBT-14872,CUST-14872,0.0,10965.75,0.0,0.0,0.0,10965.75,0.029
DEBT-14873,CUST-14873,7749.43,0.0,8186.33,12380.48,0.0,28316.24,0.053
DEBT-14874,CUST-14874,1860.28,23718.02,0.0,25625.75,0.0,51204.05,0.3403
DEBT-14875,CUST-14875,0.0,0.0,0.0,0.0,89890.6,89890.6,0.2053
DEBT-14876,CUST-14876,14007.94,3775.96,0.0,0.0,0.0,17783.9,0.0252
DEBT-14877,CUST-14877,4865.66,1376.77,0.0,0.0,0.0,6242.43,0.0092
DEBT-14878,CUST-14878,1427.36,0.0,21394.11,0.0,0.0,22821.47,0.0497
DEBT-14879,CUST-14879,14254.65,0.0,0.0,0.0,0.0,14254.65,0.0218
DEBT-14880,CUST-14880,1989.81,0.0,0.0,11506.23,0.0,13496.04,0.0508
DEBT-14881,CUST-14881,8773.68,0.0,0.0,29152.6,0.0,37926.28,0.0669
DEBT-14882,CUST-14882,690.88,24146.68,0.0,0.0,237181.43,262018.99,0.9954
DEBT-14883,CUST-14883,9640.06,0.0,0.0,0.0,125704.13,135344.19,0.2182
DEBT-14884,CUST-14884,0.0,0.0,0.0,0.0,449864.09,449864.09,1.6265
DEBT-14885,CUST-14885,4293.86,0.0,0.0,0.0,0.0,4293.86,0.0139
DEBT-14886,CUST-14886,0.0,0.0,0.0,5832.05,0.0,5832.05,0.0065
DEBT-14887,CUST-14887,3356.93,0.0,0.0,7383.31,304492.48,315232.72,0.7401
DEBT-14888,CUST-14888,6626.15,0.0,0.0,0.0,0.0,6626.15,0.0135
DEBT-14889,CUST-14889,19082.22,0.0,0.0,0.0,345162.61,364244.83,0.2947
DEBT-14890,CUST-14890,332.58,0.0,0.0,12805.69,0.0,13138.27,0.0351
DEBT-14891,CUST-14891,2919.8,0.0,15153.79,0.0,0.0,18073.59,0.0291
DEBT-14892,CUST-14892,0.0,22093.69,0.0,11295.0,0.0,33388.69,0.0867
DEBT-14893,CUST-14893,10194.52,8910.1,0.0,11015.94,0.0,30120.56,0.0488
DEBT-14894,CUST-14894,16186.98,0.0,27706.21,30577.3,0.0,74470.49,0.0931
DEBT-14895,CUST-14895,0.0,0.0,0.0,0.0,98150.13,98150.13,0.2706
DEBT-14896,CUST-14896,4116.13,0.0,0.0,0.0,160812.35,164928.48,0.6331
DEBT-14897,CUST-14897,7147.41,12538.52,0.0,12743.39,0.0,32429.32,0.0818
DEBT-14898,CUST-14898,0.0,0.0,0.0,28885.39,0.0,28885.39,0.0415
DEBT-14899,CUST-14899,3736.28,0.0,0.0,0.0,0.0,3736.28,0.0059
DEBT-14900,CUST-14900,5533.24,0.0,0.0,0.0,0.0,5533.24,0.0098
DEBT-14901,CUST-14901,1788.16,0.0,0.0,0.0,0.0,1788.16,0.0119
DEBT-14902,CUST-14902,635.94,0.0,0.0,0.0,0.0,635.94,0.0017
DEBT-14903,CUST-14903,0.0,0.0,0.0,20640.62,0.0,20640.62,0.0255
DEBT-14904,CUST-14904,0.0,0.0,0.0,0.0,0.0,0.0,0.0
DEBT-14905,CUST-14905,12408.8,0.0,0.0,0.0,0.0,12408.8,0.0194
DEBT-14906,CUST-14906,0.0,0.0,0.0,0.0,0.0,0.0,0.0
DEBT-14907,CUST-14907,0.0,0.0,0.0,0.0,0.0,0.0,0.0
DEBT-14908,CUST-14908,5151.85,0.0,0.0,32199.8,0.0,37351.65,0.0682
DEBT-14909,CUST-14909,734.25,0.0,0.0,12871.6,0.0,13605.85,0.028
DEBT-14910,CUST-14910,0.0,0.0,0.0,21527.67,0.0,21527.67,0.3653
DEBT-14911,CUST-14911,12901.1,10707.2,0.0,0.0,0.0,23608.3,0.0363
DEBT-14912,CUST-14912,14845.75,10763.83,0.0,0.0,0.0,25609.58,0.0311
DEBT-14913,CUST-14913,4514.54,0.0,0.0,0.0,0.0,4514.54,0.0109
DEBT-14914,CUST-14914,5029.99,0.0,0.0,0.0,0.0,5029.99,0.0119
DEBT-14915,CUST-14915,0.0,0.0,0.0,14550.82,0.0,14550.82,0.0296
DEBT-14916,CUST-14916,5811.45,0.0,0.0,0.0,0.0,5811.45,0.0229
DEBT-14917,CUST-14917,11599.01,0.0,0.0,0.0,0.0,11599.01,0.0123
DEBT-14918,CUST-14918,11792.67,0.0,0.0,19618.84,0.0,31411.51,0.0506
DEBT-14919,CUST-14919,0.0,0.0,0.0,0.0,102581.12,102581.12,0.1155
DEBT-14920,CUST-14920,9799.31,0.0,0.0,0.0,114060.82,123860.13,0.1756
DEBT-14921,CUST-14921,4941.33,0.0,0.0,0.0,260681.15,265622.48,0.5521
DEBT-14922,CUST-14922,7095.94,4808.98,0.0,0.0,0.0,11904.92,0.0242
DEBT-14923,CUST-14923,1124.9,0.0,0.0,6494.51,0.0,7619.41,0.011
DEBT-14924,CUST-14924,4202.34,0.0,0.0,0.0,429880.99,434083.33,1.2167
DEBT-14925,CUST-14925,0.0,0.0,0.0,32382.9,428219.31,460602.21,0.3333
DEBT-14926,CUST-14926,3828.44,0.0,0.0,0.0,0.0,3828.44,0.0181
DEBT-14927,CUST-14927,18204.66,0.0,0.0,0.0,0.0,18204.66,0.0223
DEBT-14928,CUST-14928,2799.95,0.0,40002.53,0.0,0.0,42802.48,0.1247
DEBT-14929,CUST-14929,2608.61,0.0,0.0,0.0,0.0,2608.61,0.0047
DEBT-14930,CUST-14930,2241.02,0.0,0.0,0.0,0.0,2241.02,0.0053
DEBT-14931,CUST-14931,10444.8,0.0,0.0,0.0,295439.09,305883.89,0.6198
DEBT-14932,CUST-14932,8817.34,23747.89,0.0,0.0,0.0,32565.23,0.0782
DEBT-14933,CUST-14933,0.0,0.0,0.0,0.0,0.0,0.0,0.0
DEBT-14934,CUST-14934,19888.24,0.0,0.0,0.0,402775.82,422664.06,0.4811
DEBT-14935,CUST-14935,923.52,6107.71,0.0,0.0,80673.19,87704.42,0.3142
DEBT-14936,CUST-14936,6930.04,0.0,0.0,13078.69,147234.03,167242.76,0.4594
DEBT-14937,CUST-14937,3323.2,0.0,0.0,0.0,252676.59,255999.79,0.464
DEBT-14938,CUST-14938,0.0,0.0,0.0,0.0,0.0,0.0,0.0
DEBT-14939,CUST-14939,4252.73,0.0,0.0,6383.84,401236.1,411872.67,0.609
DEBT-14940,CUST-14940,535.18,0.0,0.0,0.0,0.0,535.18,0.0009
DEBT-14941,CUST-14941,6851.08,0.0,0.0,12218.83,0.0,19069.91,0.0407
DEBT-14942,CUST-14942,1173.93,22141.64,0.0,13985.88,0.0,37301.45,0.3503
DEBT-14943,CUST-14943,3668.2,4124.76,0.0,26670.99,0.0,34463.95,0.1339
DEBT-14944,CUST-14944,5834.86,0.0,0.0,0.0,0.0,5834.86,0.0191
DEBT-14945,CUST-14945,9487.04,0.0,0.0,4562.75,0.0,14049.79,0.0273
DEBT-14946,CUST-14946,9510.33,11668.42,0.0,0.0,0.0,21178.75,0.0378
DEBT-14947,CUST-14947,3053.13,6683.91,0.0,0.0,0.0,9737.04,0.0229
DEBT-14948,CUST-14948,6970.37,0.0,0.0,0.0,0.0,6970.37,0.007
DEBT-14949,CUST-14949,16086.15,0.0,0.0,0.0,0.0,16086.15,0.0197
DEBT-14950,CUST-14950,0.0,0.0,0.0,0.0,0.0,0.0,0.0
DEBT-14951,CUST-14951,1106.6,0.0,0.0,7282.53,0.0,8389.13,0.0754
DEBT-14952,CUST-14952,0.0,0.0,0.0,0.0,331976.38,331976.38,0.5023
DEBT-14953,CUST-14953,5078.67,0.0,0.0,0.0,0.0,5078.67,0.0103
DEBT-14954,CUST-14954,2633.53,0.0,0.0,0.0,0.0,2633.53,0.006
DEBT-14955,CUST-14955,11082.56,18607.29,0.0,0.0,0.0,29689.85,0.0463
DEBT-14956,CUST-14956,1712.6,0.0,0.0,17773.74,0.0,19486.34,0.0594
DEBT-14957,CUST-14957,0.0,0.0,0.0,0.0,0.0,0.0,0.0
DEBT-14958,CUST-14958,1124.79,8252.24,0.0,0.0,0.0,9377.03,0.0457
DEBT-14959,CUST-14959,16991.46,20722.39,0.0,16827.77,207653.28,262194.9,0.259
DEBT-14960,CUST-14960,9224.2,0.0,0.0,0.0,0.0,9224.2,0.0094
DEBT-14961,CUST-14961,3051.28,15425.65,0.0,34718.62,0.0,53195.55,0.2562
DEBT-14962,CUST-14962,0.0,0.0,0.0,0.0,0.0,0.0,0.0
DEBT-14963,CUST-14963,6872.8,0.0,0.0,0.0,0.0,6872.8,0.015
DEBT-14964,CUST-14964,0.0,0.0,0.0,28098.2,0.0,28098.2,0.0931
DEBT-14965,CUST-14965,0.0,14518.24,0.0,0.0,0.0,14518.24,0.0203
DEBT-14966,CUST-14966,5725.99,0.0,0.0,0.0,0.0,5725.99,0.012
DEBT-14967,CUST-14967,2607.58,0.0,0.0,0.0,0.0,2607.58,0.0045
DEBT-14968,CUST-14968,354.18,0.0,0.0,15300.59,179943.89,195598.66,0.3371
DEBT-14969,CUST-14969,710.19,1005.27,44980.41,0.0,0.0,46695.87,0.0651
DEBT-14970,CUST-14970,1369.72,0.0,15145.18,0.0,0.0,16514.9,0.0527
DEBT-14971,CUST-14971,0.0,0.0,43776.37,0.0,0.0,43776.37,0.118
DEBT-14972,CUST-14972,0.0,0.0,5094.97,22450.62,0.0,27545.59,0.0314
DEBT-14973,CUST-14973,0.0,1302.39,0.0,5463.3,427191.11,433956.8,1.327
DEBT-14974,CUST-14974,2073.68,0.0,0.0,24293.16,0.0,26366.84,0.0412
DEBT-14975,CUST-14975,2520.71,0.0,0.0,0.0,0.0,2520.71,0.0065
DEBT-14976,CUST-14976,8011.92,0.0,0.0,25782.18,0.0,33794.1,0.0843
DEBT-14977,CUST-14977,6763.07,8758.13,14499.48,0.0,0.0,30020.68,0.0488
DEBT-14978,CUST-14978,0.0,0.0,23714.22,0.0,0.0,23714.22,0.0413
DEBT-14979,CUST-14979,0.0,0.0,0.0,0.0,0.0,0.0,0.0
DEBT-14980,CUST-14980,0.0,0.0,0.0,6431.88,220178.25,226610.13,0.48
DEBT-14981,CUST-14981,4200.53,10216.49,0.0,0.0,0.0,14417.02,0.0422
DEBT-14982,CUST-14982,0.0,6398.65,0.0,27409.5,0.0,33808.15,0.0465
DEBT-14983,CUST-14983,500.97,0.0,0.0,0.0,0.0,500.97,0.0041
DEBT-14984,CUST-14984,2459.22,0.0,0.0,0.0,0.0,2459.22,0.0086
DEBT-14985,CUST-14985,9454.79,0.0,36097.69,27198.28,0.0,72750.76,0.0739
DEBT-14986,CUST-14986,0.0,0.0,0.0,0.0,0.0,0.0,0.0
DEBT-14987,CUST-14987,9972.71,0.0,0.0,34191.95,0.0,44164.66,0.0652
DEBT-14988,CUST-14988,0.0,0.0,0.0,26216.28,116337.63,142553.91,0.3192
DEBT-14989,CUST-14989,0.0,3716.34,0.0,0.0,190541.1,194257.44,0.2183
DEBT-14990,CUST-14990,0.0,0.0,37650.52,16999.56,0.0,54650.08,0.0598
DEBT-14991,CUST-14991,10171.81,0.0,0.0,18007.08,0.0,28178.89,0.0538
DEBT-14992,CUST-14992,4544.0,1118.11,0.0,30538.67,414861.51,451062.29,0.8248
DEBT-14993,CUST-14993,12007.96,0.0,0.0,30588.8,0.0,42596.76,0.0727
DEBT-14994,CUST-14994,0.0,0.0,0.0,0.0,0.0,0.0,0.0
DEBT-14995,CUST-14995,5772.84,3308.44,0.0,0.0,105460.58,114541.86,0.1808
DEBT-14996,CUST-14996,0.0,0.0,0.0,22669.14,0.0,22669.14,0.0256
DEBT-14997,CUST-14997,2352.48,0.0,0.0,0.0,0.0,2352.48,0.02
DEBT-14998,CUST-14998,6733.76,22427.19,0.0,0.0,0.0,29160.95,0.0817
DEBT-14999,CUST-14999,9469.01,0.0,0.0,0.0,0.0,9469.01,0.0106
DEBT-15000,CUST-15000,0.0,0.0,0.0,20742.16,0.0,20742.16,0.025
