savings_id,customer_id,monthly_savings,savings_balance,savings_rate,emergency_fund_status
SAV-00001,CUST-00001,1202.68,76433.81,0.1905,Fully Funded
SAV-00002,CUST-00002,841.53,36669.38,0.146,Fully Funded
SAV-00003,CUST-00003,859.13,78418.88,0.1506,Fully Funded
SAV-00004,CUST-00004,1364.66,90306.43,0.1964,Fully Funded
SAV-00005,CUST-00005,756.18,24877.62,0.1014,Partially Funded
SAV-00006,CUST-00006,1013.04,62627.28,0.18,Fully Funded
SAV-00007,CUST-00007,1876.38,93498.64,0.1647,Fully Funded
SAV-00008,CUST-00008,528.42,49931.29,0.1333,Fully Funded
SAV-00009,CUST-00009,1021.58,100597.13,0.1339,Fully Funded
SAV-00010,CUST-00010,483.84,8250.54,0.095,Low
SAV-00011,CUST-00011,442.19,16937.69,0.0836,Partially Funded
SAV-00012,CUST-00012,827.06,55982.17,0.1765,Fully Funded
SAV-00013,CUST-00013,575.95,27618.88,0.1424,Fully Funded
SAV-00014,CUST-00014,377.08,6156.15,0.1221,Low
SAV-00015,CUST-00015,852.12,86146.39,0.2265,Fully Funded
SAV-00016,CUST-00016,621.6,16265.47,0.1484,Partially Funded
SAV-00017,CUST-00017,1177.92,68880.79,0.1496,Fully Funded
SAV-00018,CUST-00018,1224.86,103007.74,0.2066,Fully Funded
SAV-00019,CUST-00019,395.57,18169.24,0.2449,Fully Funded
SAV-00020,CUST-00020,143.66,5117.27,0.1429,Fully Funded
SAV-00021,CUST-00021,1581.87,40686.66,0.2383,Fully Funded
SAV-00022,CUST-00022,232.78,9053.82,0.2213,Fully Funded
SAV-00023,CUST-00023,110.85,8458.24,0.0844,Fully Funded
SAV-00024,CUST-00024,764.28,46944.82,0.0915,Fully Funded
SAV-00025,CUST-00025,519.58,11649.07,0.1637,Partially Funded
SAV-00026,CUST-00026,1041.98,22428.05,0.2368,Fully Funded
SAV-00027,CUST-00027,254.37,12086.31,0.1534,Fully Funded
SAV-00028,CUST-00028,1103.21,80998.81,0.167,Fully Funded
SAV-00029,CUST-00029,697.64,61608.84,0.081,Fully Funded
SAV-00030,CUST-00030,580.45,15499.9,0.1358,Partially Funded
SAV-00031,CUST-00031,314.01,20560.92,0.0701,Partially Funded
SAV-00032,CUST-00032,1744.11,23025.58,0.2511,Partially Funded
SAV-00033,CUST-00033,1480.11,104910.85,0.2111,Fully Funded
SAV-00034,CUST-00034,879.12,22871.52,0.1198,Partially Funded
SAV-00035,CUST-00035,1573.4,168762.02,0.174,Fully Funded
SAV-00036,CUST-00036,2165.19,120155.03,0.2025,Fully Funded
SAV-00037,CUST-00037,1224.52,99844.41,0.1219,Fully Funded
SAV-00038,CUST-00038,813.91,30697.35,0.1051,Partially Funded
SAV-00039,CUST-00039,2611.56,116515.75,0.27,Fully Funded
SAV-00040,CUST-00040,1302.65,16768.45,0.2373,Partially Funded
SAV-00041,CUST-00041,670.15,32403.67,0.1655,Fully Funded
SAV-00042,CUST-00042,644.14,37566.14,0.1057,Fully Funded
SAV-00043,CUST-00043,1550.31,55799.52,0.1321,Fully Funded
SAV-00044,CUST-00044,2016.72,154328.1,0.2706,Fully Funded
SAV-00045,CUST-00045,1559.88,108727.04,0.196,Fully Funded
SAV-00046,CUST-00046,335.67,21706.37,0.0967,Fully Funded
SAV-00047,CUST-00047,289.19,3208.4,0.2468,Partially Funded
SAV-00048,CUST-00048,715.96,37978.39,0.1989,Fully Funded
SAV-00049,CUST-00049,857.5,47284.02,0.1784,Fully Funded
SAV-00050,CUST-00050,383.11,9526.16,0.0625,Low
SAV-00051,CUST-00051,562.16,39841.87,0.1145,Fully Funded
SAV-00052,CUST-00052,1574.88,70105.11,0.194,Fully Funded
SAV-00053,CUST-00053,1024.56,100014.26,0.1257,Fully Funded
SAV-00054,CUST-00054,512.54,7021.64,0.0755,Low
SAV-00055,CUST-00055,378.32,13258.57,0.1452,Fully Funded
SAV-00056,CUST-00056,1813.61,106262.62,0.2058,Fully Funded
SAV-00057,CUST-00057,116.16,4462.48,0.0307,Low
SAV-00058,CUST-00058,704.15,33822.14,0.1116,Fully Funded
SAV-00059,CUST-00059,1173.48,17981.0,0.0978,Low
SAV-00060,CUST-00060,2583.55,82066.6,0.1769,Fully Funded
SAV-00061,CUST-00061,896.3,15888.01,0.1449,Partially Funded
SAV-00062,CUST-00062,637.14,41222.8,0.1467,Fully Funded
SAV-00063,CUST-00063,305.24,13303.21,0.0991,Partially Funded
SAV-00064,CUST-00064,1755.19,68248.24,0.1806,Fully Funded
SAV-00065,CUST-00065,2082.49,126535.21,0.179,Fully Funded
SAV-00066,CUST-00066,764.42,29412.59,0.1061,Partially Funded
SAV-00067,CUST-00067,272.84,22550.93,0.0876,Fully Funded
SAV-00068,CUST-00068,942.44,85448.03,0.1508,Fully Funded
SAV-00069,CUST-00069,705.57,47468.29,0.1892,Fully Funded
SAV-00070,CUST-00070,416.82,20272.75,0.126,Fully Funded
SAV-00071,CUST-00071,657.05,37191.75,0.1696,Fully Funded
SAV-00072,CUST-00072,1971.51,107921.27,0.184,Fully Funded
SAV-00073,CUST-00073,283.58,16685.59,0.099,Fully Funded
SAV-00074,CUST-00074,1999.83,26845.1,0.2135,Partially Funded
SAV-00075,CUST-00075,528.77,55235.45,0.0806,Fully Funded
SAV-00076,CUST-00076,2097.71,60565.35,0.2316,Fully Funded
SAV-00077,CUST-00077,67.4,2304.34,0.1145,Partially Funded
SAV-00078,CUST-00078,64.5,2029.77,0.0834,Partially Funded
SAV-00079,CUST-00079,338.13,32808.01,0.2557,Fully Funded
SAV-00080,CUST-00080,434.0,13306.19,0.0973,Partially Funded
SAV-00081,CUST-00081,1419.05,76356.97,0.1061,Fully Funded
SAV-00082,CUST-00082,99.37,3947.27,0.1296,Fully Funded
SAV-00083,CUST-00083,1255.38,49895.39,0.1917,Fully Funded
SAV-00084,CUST-00084,1762.51,136838.6,0.1948,Fully Funded
SAV-00085,CUST-00085,970.48,16599.4,0.1216,Low
SAV-00086,CUST-00086,404.66,33693.25,0.1448,Fully Funded
SAV-00087,CUST-00087,799.95,48023.09,0.1943,Fully Funded
SAV-00088,CUST-00088,1271.0,97330.81,0.1129,Fully Funded
SAV-00089,CUST-00089,605.96,22942.36,0.1479,Fully Funded
SAV-00090,CUST-00090,937.55,67544.24,0.1722,Fully Funded
SAV-00091,CUST-00091,376.76,10411.49,0.126,Partially Funded
SAV-00092,CUST-00092,395.17,32817.08,0.0818,Fully Funded
SAV-00093,CUST-00093,1302.69,14692.15,0.1709,Low
SAV-00094,CUST-00094,1646.67,115294.66,0.1551,Fully Funded
SAV-00095,CUST-00095,713.06,12075.18,0.1254,Partially Funded
SAV-00096,CUST-00096,983.85,37334.63,0.1846,Fully Funded
SAV-00097,CUST-00097,443.5,18881.01,0.1155,Fully Funded
SAV-00098,CUST-00098,2250.94,172755.14,0.285,Fully Funded
SAV-00099,CUST-00099,646.95,45762.39,0.1047,Fully Funded
SAV-00100,CUST-00100,528.52,5162.0,0.1919,Low
SAV-00101,CUST-00101,767.93,66548.23,0.1577,Fully Funded
SAV-00102,CUST-00102,941.3,14007.81,0.1291,Low
SAV-00103,CUST-00103,170.24,7103.39,0.0303,Low
SAV-00104,CUST-00104,394.19,15126.07,0.2445,Fully Funded
SAV-00105,CUST-00105,698.46,47566.25,0.1595,Fully Funded
SAV-00106,CUST-00106,500.95,20387.43,0.1961,Fully Funded
SAV-00107,CUST-00107,958.85,38094.08,0.1963,Fully Funded
SAV-00108,CUST-00108,1568.63,85212.76,0.1749,Fully Funded
SAV-00109,CUST-00109,893.93,29586.78,0.1497,Fully Funded
SAV-00110,CUST-00110,916.79,20990.86,0.1756,Fully Funded
SAV-00111,CUST-00111,831.26,74327.56,0.2278,Fully Funded
SAV-00112,CUST-00112,327.7,26129.16,0.1144,Fully Funded
SAV-00113,CUST-00113,615.25,17806.03,0.0885,Partially Funded
SAV-00114,CUST-00114,1085.29,56342.6,0.1739,Fully Funded
SAV-00115,CUST-00115,451.69,9628.82,0.1254,Partially Funded
SAV-00116,CUST-00116,1102.94,69547.12,0.1936,Fully Funded
SAV-00117,CUST-00117,2127.07,228306.32,0.2142,Fully Funded
SAV-00118,CUST-00118,1511.3,54423.56,0.1132,Partially Funded
SAV-00119,CUST-00119,192.69,5089.81,0.1888,Fully Funded
SAV-00120,CUST-00120,1496.73,102981.9,0.1776,Fully Funded
SAV-00121,CUST-00121,1118.76,15190.65,0.1627,Low
SAV-00122,CUST-00122,720.58,74520.51,0.2094,Fully Funded
SAV-00123,CUST-00123,832.82,32016.18,0.1326,Fully Funded
SAV-00124,CUST-00124,817.8,64389.01,0.1443,Fully Funded
SAV-00125,CUST-00125,1247.59,50498.62,0.1102,Fully Funded
SAV-00126,CUST-00126,1208.72,61208.94,0.1165,Fully Funded
SAV-00127,CUST-00127,680.7,52881.21,0.1211,Fully Funded
SAV-00128,CUST-00128,343.84,33378.93,0.0689,Fully Funded
SAV-00129,CUST-00129,250.35,10007.41,0.0908,Partially Funded
SAV-00130,CUST-00130,1441.25,42331.97,0.2835,Fully Funded
SAV-00131,CUST-00131,1911.56,104450.37,0.1836,Fully Funded
SAV-00132,CUST-00132,933.24,12387.29,0.1215,Low
SAV-00133,CUST-00133,1481.04,25812.5,0.2434,Fully Funded
SAV-00134,CUST-00134,659.03,41301.93,0.1237,Fully Funded
SAV-00135,CUST-00135,1847.26,133847.77,0.2335,Fully Funded
SAV-00136,CUST-00136,912.03,12547.5,0.2409,Partially Funded
SAV-00137,CUST-00137,611.63,37691.35,0.1539,Fully Funded
SAV-00138,CUST-00138,808.19,20163.66,0.1703,Fully Funded
SAV-00139,CUST-00139,182.35,9104.26,0.0596,Partially Funded
SAV-00140,CUST-00140,1332.11,91470.27,0.1677,Fully Funded
SAV-00141,CUST-00141,1670.96,90186.33,0.1223,Fully Funded
SAV-00142,CUST-00142,1094.17,82752.73,0.089,Fully Funded
SAV-00143,CUST-00143,1675.93,87226.49,0.1803,Fully Funded
SAV-00144,CUST-00144,1014.87,21769.87,0.1067,Low
SAV-00145,CUST-00145,1466.31,36656.61,0.2067,Fully Funded
SAV-00146,CUST-00146,1120.4,29256.14,0.1538,Partially Funded
SAV-00147,CUST-00147,1688.87,44061.48,0.1837,Fully Funded
SAV-00148,CUST-00148,1794.88,131639.29,0.1679,Fully Funded
SAV-00149,CUST-00149,1606.34,42981.84,0.1554,Partially Funded
SAV-00150,CUST-00150,785.23,44779.99,0.1876,Fully Funded
SAV-00151,CUST-00151,347.0,30957.9,0.1096,Fully Funded
SAV-00152,CUST-00152,1228.62,26194.91,0.1236,Partially Funded
SAV-00153,CUST-00153,416.89,44688.21,0.1389,Fully Funded
SAV-00154,CUST-00154,2543.61,79295.7,0.1375,Partially Funded
SAV-00155,CUST-00155,879.76,27096.06,0.0844,Partially Funded
SAV-00156,CUST-00156,767.52,39422.51,0.154,Fully Funded
SAV-00157,CUST-00157,967.04,17215.37,0.25,Fully Funded
SAV-00158,CUST-00158,1013.07,16918.99,0.1882,Partially Funded
SAV-00159,CUST-00159,542.95,39649.83,0.1942,Fully Funded
SAV-00160,CUST-00160,1479.42,99745.4,0.1436,Fully Funded
SAV-00161,CUST-00161,1132.34,74100.02,0.1195,Fully Funded
SAV-00162,CUST-00162,1019.22,69456.88,0.1278,Fully Funded
SAV-00163,CUST-00163,255.1,24013.62,0.0589,Fully Funded
SAV-00164,CUST-00164,566.98,24074.05,0.1473,Fully Funded
SAV-00165,CUST-00165,549.48,6994.42,0.156,Low
SAV-00166,CUST-00166,530.14,15809.14,0.1658,Fully Funded
SAV-00167,CUST-00167,1770.91,66996.02,0.2187,Fully Funded
SAV-00168,CUST-00168,506.32,28553.43,0.1462,Fully Funded
SAV-00169,CUST-00169,2308.6,56180.71,0.287,Fully Funded
SAV-00170,CUST-00170,1030.82,48013.65,0.1823,Fully Funded
SAV-00171,CUST-00171,1161.43,40807.64,0.0883,Partially Funded
SAV-00172,CUST-00172,675.61,37020.34,0.1403,Fully Funded
SAV-00173,CUST-00173,1090.27,69544.18,0.224,Fully Funded
SAV-00174,CUST-00174,656.36,23586.12,0.0663,Low
SAV-00175,CUST-00175,537.81,25448.8,0.1176,Fully Funded
SAV-00176,CUST-00176,1098.52,57446.76,0.1079,Fully Funded
SAV-00177,CUST-00177,427.12,6570.45,0.1041,Low
SAV-00178,CUST-00178,69.51,5485.18,0.1187,Fully Funded
SAV-00179,CUST-00179,1475.3,27028.85,0.1514,Partially Funded
SAV-00180,CUST-00180,874.63,43082.68,0.1119,Fully Funded
SAV-00181,CUST-00181,691.15,23452.91,0.2105,Fully Funded
SAV-00182,CUST-00182,953.43,27553.62,0.1425,Partially Funded
SAV-00183,CUST-00183,1120.75,78135.2,0.1799,Fully Funded
SAV-00184,CUST-00184,1373.4,57742.65,0.1237,Fully Funded
SAV-00185,CUST-00185,186.22,7529.3,0.1586,Fully Funded
SAV-00186,CUST-00186,444.76,4994.27,0.1198,Low
SAV-00187,CUST-00187,1304.85,95212.96,0.2229,Fully Funded
SAV-00188,CUST-00188,703.66,8881.46,0.1545,Low
SAV-00189,CUST-00189,1665.87,178118.04,0.1443,Fully Funded
SAV-00190,CUST-00190,1420.46,137284.99,0.2934,Fully Funded
SAV-00191,CUST-00191,3983.25,197605.74,0.2993,Fully Funded
SAV-00192,CUST-00192,1030.86,88623.4,0.1583,Fully Funded
SAV-00193,CUST-00193,1314.67,68055.76,0.1758,Fully Funded
SAV-00194,CUST-00194,142.97,12291.4,0.119,Fully Funded
SAV-00195,CUST-00195,1402.32,97120.44,0.1079,Fully Funded
SAV-00196,CUST-00196,462.12,39720.74,0.0854,Fully Funded
SAV-00197,CUST-00197,684.19,41090.34,0.124,Fully Funded
SAV-00198,CUST-00198,1340.86,62914.91,0.2125,Fully Funded
SAV-00199,CUST-00199,2346.22,79629.46,0.2631,Fully Funded
SAV-00200,CUST-00200,2581.67,99208.49,0.2373,Fully Funded
SAV-00201,CUST-00201,1022.75,32313.14,0.1809,Fully Funded
SAV-00202,CUST-00202,2205.99,198804.55,0.2017,Fully Funded
SAV-00203,CUST-00203,1489.23,33057.33,0.193,Partially Funded
SAV-00204,CUST-00204,655.63,59991.31,0.1409,Fully Funded
SAV-00205,CUST-00205,318.27,29356.78,0.1078,Fully Funded
SAV-00206,CUST-00206,968.4,70293.44,0.2337,Fully Funded
SAV-00207,CUST-00207,2604.22,59430.78,0.1767,Partially Funded
SAV-00208,CUST-00208,1298.22,74732.95,0.229,Fully Funded
SAV-00209,CUST-00209,2139.26,104735.35,0.246,Fully Funded
SAV-00210,CUST-00210,1185.06,79575.01,0.1928,Fully Funded
SAV-00211,CUST-00211,720.7,55088.4,0.1464,Fully Funded
SAV-00212,CUST-00212,1610.73,34170.33,0.2149,Fully Funded
SAV-00213,CUST-00213,436.12,33047.16,0.2708,Fully Funded
SAV-00214,CUST-00214,1352.87,77116.47,0.253,Fully Funded
SAV-00215,CUST-00215,345.5,19357.94,0.0776,Partially Funded
SAV-00216,CUST-00216,1464.92,47040.68,0.1622,Fully Funded
SAV-00217,CUST-00217,907.74,57172.89,0.0992,Fully Funded
SAV-00218,CUST-00218,569.68,25067.55,0.2334,Fully Funded
SAV-00219,CUST-00219,956.09,31019.0,0.157,Fully Funded
SAV-00220,CUST-00220,357.05,41449.8,0.1909,Fully Funded
SAV-00221,CUST-00221,855.99,12773.19,0.1274,Low
SAV-00222,CUST-00222,1490.81,90653.33,0.1621,Fully Funded
SAV-00223,CUST-00223,597.85,20840.21,0.0839,Partially Funded
SAV-00224,CUST-00224,313.88,23453.08,0.0669,Partially Funded
SAV-00225,CUST-00225,334.34,22402.87,0.1454,Fully Funded
SAV-00226,CUST-00226,889.46,77104.23,0.117,Fully Funded
SAV-00227,CUST-00227,915.88,90387.65,0.1322,Fully Funded
SAV-00228,CUST-00228,1216.3,105601.4,0.1339,Fully Funded
SAV-00229,CUST-00229,996.71,53771.66,0.1536,Fully Funded
SAV-00230,CUST-00230,473.37,26116.56,0.1073,Fully Funded
SAV-00231,CUST-00231,499.43,6640.53,0.1253,Low
SAV-00232,CUST-00232,2523.02,191235.9,0.2172,Fully Funded
SAV-00233,CUST-00233,370.08,29695.44,0.0923,Fully Funded
SAV-00234,CUST-00234,275.15,23944.84,0.1286,Fully Funded
SAV-00235,CUST-00235,773.08,23033.34,0.1527,Fully Funded
SAV-00236,CUST-00236,674.53,19069.6,0.2305,Fully Funded
SAV-00237,CUST-00237,1163.36,51188.64,0.1495,Fully Funded
SAV-00238,CUST-00238,1639.71,134750.6,0.1486,Fully Funded
SAV-00239,CUST-00239,546.94,41510.1,0.1932,Fully Funded
SAV-00240,CUST-00240,1185.3,120009.29,0.1662,Fully Funded
SAV-00241,CUST-00241,1197.41,75930.21,0.1396,Fully Funded
SAV-00242,CUST-00242,580.38,6058.31,0.0973,Low
SAV-00243,CUST-00243,324.79,21094.45,0.066,Partially Funded
SAV-00244,CUST-00244,1889.58,194812.28,0.1293,Fully Funded
SAV-00245,CUST-00245,769.63,18804.07,0.1168,Partially Funded
SAV-00246,CUST-00246,216.05,13833.37,0.1986,Fully Funded
SAV-00247,CUST-00247,918.29,23515.1,0.2057,Fully Funded
SAV-00248,CUST-00248,1663.98,31308.19,0.135,Partially Funded
SAV-00249,CUST-00249,2702.94,60802.14,0.2264,Fully Funded
SAV-00250,CUST-00250,1898.36,113719.44,0.2521,Fully Funded
SAV-00251,CUST-00251,1505.1,27325.98,0.1644,Partially Funded
SAV-00252,CUST-00252,1081.22,67768.5,0.2043,Fully Funded
SAV-00253,CUST-00253,219.28,14584.29,0.205,Fully Funded
SAV-00254,CUST-00254,81.39,2653.84,0.104,Partially Funded
SAV-00255,CUST-00255,632.79,11811.4,0.115,Low
SAV-00256,CUST-00256,867.05,39190.01,0.1669,Fully Funded
SAV-00257,CUST-00257,1031.6,39324.38,0.1237,Partially Funded
SAV-00258,CUST-00258,364.15,32894.25,0.1369,Fully Funded
SAV-00259,CUST-00259,886.73,52977.09,0.1661,Fully Funded
SAV-00260,CUST-00260,645.74,31612.19,0.1314,Fully Funded
SAV-00261,CUST-00261,1500.36,32795.85,0.1822,Partially Funded
SAV-00262,CUST-00262,504.74,12284.87,0.0885,Low
SAV-00263,CUST-00263,395.37,8595.87,0.1327,Partially Funded
SAV-00264,CUST-00264,1130.06,19240.46,0.1446,Partially Funded
SAV-00265,CUST-00265,1041.59,82363.09,0.2474,Fully Funded
SAV-00266,CUST-00266,1324.2,36269.4,0.1623,Partially Funded
SAV-00267,CUST-00267,2335.15,90986.72,0.2359,Fully Funded
SAV-00268,CUST-00268,367.37,4570.75,0.123,Low
SAV-00269,CUST-00269,847.24,68616.21,0.1711,Fully Funded
SAV-00270,CUST-00270,940.96,51464.61,0.1595,Fully Funded
SAV-00271,CUST-00271,118.02,7295.1,0.1356,Fully Funded
SAV-00272,CUST-00272,2234.44,153847.59,0.2762,Fully Funded
SAV-00273,CUST-00273,1263.98,113858.53,0.2075,Fully Funded
SAV-00274,CUST-00274,491.81,9180.44,0.0859,Low
SAV-00275,CUST-00275,1437.41,70060.77,0.1914,Fully Funded
SAV-00276,CUST-00276,810.28,38206.57,0.1425,Fully Funded
SAV-00277,CUST-00277,968.95,76457.28,0.1536,Fully Funded
SAV-00278,CUST-00278,1191.59,39828.08,0.2117,Fully Funded
SAV-00279,CUST-00279,754.5,21822.52,0.1774,Fully Funded
SAV-00280,CUST-00280,879.93,39205.88,0.1503,Fully Funded
SAV-00281,CUST-00281,274.3,8370.04,0.0975,Partially Funded
SAV-00282,CUST-00282,1200.47,41421.91,0.1143,Partially Funded
SAV-00283,CUST-00283,832.43,68162.08,0.1398,Fully Funded
SAV-00284,CUST-00284,773.37,79307.53,0.1343,Fully Funded
SAV-00285,CUST-00285,1681.43,67051.99,0.2424,Fully Funded
SAV-00286,CUST-00286,709.8,10960.64,0.1382,Low
SAV-00287,CUST-00287,1192.56,36527.71,0.2188,Fully Funded
SAV-00288,CUST-00288,697.22,16724.87,0.1409,Partially Funded
SAV-00289,CUST-00289,900.84,60441.69,0.1589,Fully Funded
SAV-00290,CUST-00290,932.29,43714.24,0.2032,Fully Funded
SAV-00291,CUST-00291,802.2,61118.14,0.1846,Fully Funded
SAV-00292,CUST-00292,512.17,45275.67,0.1042,Fully Funded
SAV-00293,CUST-00293,562.98,50040.49,0.11,Fully Funded
SAV-00294,CUST-00294,231.12,15279.09,0.1001,Fully Funded
SAV-00295,CUST-00295,1037.86,39652.74,0.1174,Partially Funded
SAV-00296,CUST-00296,1195.78,50321.33,0.2331,Fully Funded
SAV-00297,CUST-00297,509.54,19928.04,0.1129,Partially Funded
SAV-00298,CUST-00298,1247.54,99318.42,0.2037,Fully Funded
SAV-00299,CUST-00299,838.03,15102.32,0.145,Partially Funded
SAV-00300,CUST-00300,709.08,36220.65,0.1548,Fully Funded
SAV-00301,CUST-00301,579.42,17719.59,0.0832,Partially Funded
SAV-00302,CUST-00302,627.89,40019.07,0.1031,Fully Funded
SAV-00303,CUST-00303,315.66,6730.9,0.0789,Low
SAV-00304,CUST-00304,1495.39,51429.17,0.198,Fully Funded
SAV-00305,CUST-00305,803.79,49310.0,0.1525,Fully Funded
SAV-00306,CUST-00306,797.93,76871.51,0.1711,Fully Funded
SAV-00307,CUST-00307,187.41,15814.15,0.0775,Fully Funded
SAV-00308,CUST-00308,884.21,47223.19,0.1224,Fully Funded
SAV-00309,CUST-00309,407.46,24989.72,0.1183,Fully Funded
SAV-00310,CUST-00310,944.36,56170.38,0.1273,Fully Funded
SAV-00311,CUST-00311,1259.2,13142.66,0.2166,Partially Funded
SAV-00312,CUST-00312,721.39,59781.21,0.224,Fully Funded
SAV-00313,CUST-00313,1720.94,39720.04,0.2218,Fully Funded
SAV-00314,CUST-00314,508.9,48616.56,0.1261,Fully Funded
SAV-00315,CUST-00315,657.43,31733.22,0.119,Fully Funded
SAV-00316,CUST-00316,753.87,42271.31,0.0947,Fully Funded
SAV-00317,CUST-00317,407.94,20471.62,0.1155,Fully Funded
SAV-00318,CUST-00318,1801.04,29757.75,0.213,Partially Funded
SAV-00319,CUST-00319,1166.11,39539.56,0.2097,Fully Funded
SAV-00320,CUST-00320,1474.55,168688.13,0.2209,Fully Funded
SAV-00321,CUST-00321,1706.36,20283.83,0.229,Partially Funded
SAV-00322,CUST-00322,837.51,83676.06,0.1644,Fully Funded
SAV-00323,CUST-00323,1347.64,93429.39,0.2176,Fully Funded
SAV-00324,CUST-00324,655.4,39619.35,0.1421,Fully Funded
SAV-00325,CUST-00325,885.9,35279.33,0.1923,Fully Funded
SAV-00326,CUST-00326,209.47,8964.38,0.233,Fully Funded
SAV-00327,CUST-00327,168.56,5119.97,0.1296,Partially Funded
SAV-00328,CUST-00328,2028.62,117253.71,0.1786,Fully Funded
SAV-00329,CUST-00329,601.96,15667.53,0.1564,Fully Funded
SAV-00330,CUST-00330,1006.67,75379.61,0.1805,Fully Funded
SAV-00331,CUST-00331,1362.01,48065.23,0.185,Fully Funded
SAV-00332,CUST-00332,424.3,32381.72,0.0779,Fully Funded
SAV-00333,CUST-00333,1178.87,62427.12,0.1543,Fully Funded
SAV-00334,CUST-00334,171.23,14160.52,0.1436,Fully Funded
SAV-00335,CUST-00335,1164.77,80486.19,0.1043,Fully Funded
SAV-00336,CUST-00336,836.06,14562.5,0.1583,Partially Funded
SAV-00337,CUST-00337,1473.05,95433.56,0.1354,Fully Funded
SAV-00338,CUST-00338,968.85,51803.42,0.1707,Fully Funded
SAV-00339,CUST-00339,1258.9,77311.07,0.2286,Fully Funded
SAV-00340,CUST-00340,772.23,69770.42,0.2154,Fully Funded
SAV-00341,CUST-00341,1286.15,74321.27,0.195,Fully Funded
SAV-00342,CUST-00342,1086.03,64928.85,0.1512,Fully Funded
SAV-00343,CUST-00343,835.25,53438.38,0.1508,Fully Funded
SAV-00344,CUST-00344,1070.7,70028.7,0.0992,Fully Funded
SAV-00345,CUST-00345,825.09,92326.95,0.0781,Fully Funded
SAV-00346,CUST-00346,2146.53,158079.57,0.2944,Fully Funded
SAV-00347,CUST-00347,571.86,9753.29,0.0752,Low
SAV-00348,CUST-00348,555.99,46220.6,0.1341,Fully Funded
SAV-00349,CUST-00349,582.63,14953.37,0.0878,Low
SAV-00350,CUST-00350,704.67,24239.06,0.2829,Fully Funded
SAV-00351,CUST-00351,2276.26,106149.04,0.2275,Fully Funded
SAV-00352,CUST-00352,707.25,46232.44,0.1223,Fully Funded
SAV-00353,CUST-00353,1355.1,23696.59,0.2036,Partially Funded
SAV-00354,CUST-00354,805.05,69279.0,0.1665,Fully Funded
SAV-00355,CUST-00355,1092.49,45691.51,0.1015,Partially Funded
SAV-00356,CUST-00356,2219.51,134818.36,0.282,Fully Funded
SAV-00357,CUST-00357,1075.69,119263.24,0.2477,Fully Funded
SAV-00358,CUST-00358,1273.74,94317.79,0.2092,Fully Funded
SAV-00359,CUST-00359,322.21,10809.8,0.0775,Partially Funded
SAV-00360,CUST-00360,1184.91,68673.01,0.1621,Fully Funded
SAV-00361,CUST-00361,1057.9,50396.35,0.2093,Fully Funded
SAV-00362,CUST-00362,712.18,18941.46,0.1474,Partially Funded
SAV-00363,CUST-00363,1402.48,27964.14,0.2333,Fully Funded
SAV-00364,CUST-00364,654.67,53640.68,0.0699,Fully Funded
SAV-00365,CUST-00365,969.9,36673.65,0.1491,Fully Funded
SAV-00366,CUST-00366,890.99,37933.47,0.0958,Partially Funded
SAV-00367,CUST-00367,723.61,66878.92,0.1431,Fully Funded
SAV-00368,CUST-00368,876.99,26720.62,0.1595,Fully Funded
SAV-00369,CUST-00369,921.91,35330.83,0.1493,Fully Funded
SAV-00370,CUST-00370,929.95,44617.75,0.15,Fully Funded
SAV-00371,CUST-00371,193.06,7342.54,0.1673,Fully Funded
SAV-00372,CUST-00372,599.64,38676.3,0.1403,Fully Funded
SAV-00373,CUST-00373,1022.9,43420.95,0.171,Fully Funded
SAV-00374,CUST-00374,758.88,38357.06,0.1616,Fully Funded
SAV-00375,CUST-00375,1252.79,31992.95,0.2269,Fully Funded
SAV-00376,CUST-00376,706.73,27704.85,0.0868,Partially Funded
SAV-00377,CUST-00377,816.4,41304.73,0.1777,Fully Funded
SAV-00378,CUST-00378,547.3,22790.61,0.1152,Fully Funded
SAV-00379,CUST-00379,535.31,25681.5,0.1069,Fully Funded
SAV-00380,CUST-00380,181.54,4407.39,0.1526,Partially Funded
SAV-00381,CUST-00381,1587.07,29939.89,0.1504,Partially Funded
SAV-00382,CUST-00382,811.19,39378.31,0.0474,Low
SAV-00383,CUST-00383,1324.9,113361.56,0.1508,Fully Funded
SAV-00384,CUST-00384,583.02,5319.06,0.173,Low
SAV-00385,CUST-00385,565.11,25591.45,0.1448,Fully Funded
SAV-00386,CUST-00386,838.13,16880.54,0.1749,Partially Funded
SAV-00387,CUST-00387,332.55,26838.45,0.1139,Fully Funded
SAV-00388,CUST-00388,150.4,7559.42,0.1009,Fully Funded
SAV-00389,CUST-00389,370.69,18940.39,0.132,Fully Funded
SAV-00390,CUST-00390,680.08,52209.64,0.1184,Fully Funded
SAV-00391,CUST-00391,1092.22,126082.18,0.1455,Fully Funded
SAV-00392,CUST-00392,320.2,17841.84,0.1651,Fully Funded
SAV-00393,CUST-00393,2385.91,92588.78,0.2801,Fully Funded
SAV-00394,CUST-00394,1949.52,232994.24,0.2267,Fully Funded
SAV-00395,CUST-00395,1771.57,25418.33,0.1641,Partially Funded
SAV-00396,CUST-00396,914.99,59466.89,0.1893,Fully Funded
SAV-00397,CUST-00397,1065.22,57442.02,0.2555,Fully Funded
SAV-00398,CUST-00398,3013.89,56634.0,0.3167,Fully Funded
SAV-00399,CUST-00399,1303.72,67405.02,0.193,Fully Funded
SAV-00400,CUST-00400,574.65,39039.39,0.1956,Fully Funded
SAV-00401,CUST-00401,1199.4,65625.52,0.1577,Fully Funded
SAV-00402,CUST-00402,974.35,70008.24,0.1701,Fully Funded
SAV-00403,CUST-00403,1765.19,197596.72,0.1772,Fully Funded
SAV-00404,CUST-00404,511.89,34829.77,0.1563,Fully Funded
SAV-00405,CUST-00405,1619.99,54199.87,0.1335,Partially Funded
SAV-00406,CUST-00406,907.56,45427.97,0.1372,Fully Funded
SAV-00407,CUST-00407,292.88,5866.24,0.1279,Partially Funded
SAV-00408,CUST-00408,515.83,44747.21,0.0548,Partially Funded
SAV-00409,CUST-00409,234.59,3610.33,0.1292,Low
SAV-00410,CUST-00410,463.08,4970.05,0.1472,Low
SAV-00411,CUST-00411,579.54,12351.98,0.0741,Low
SAV-00412,CUST-00412,1451.59,52327.68,0.1603,Fully Funded
SAV-00413,CUST-00413,1222.99,97725.65,0.1921,Fully Funded
SAV-00414,CUST-00414,1009.98,23582.2,0.1362,Partially Funded
SAV-00415,CUST-00415,872.68,79309.86,0.2441,Fully Funded
SAV-00416,CUST-00416,1361.03,88534.78,0.148,Fully Funded
SAV-00417,CUST-00417,1088.96,118925.88,0.2223,Fully Funded
SAV-00418,CUST-00418,389.2,30260.0,0.0957,Fully Funded
SAV-00419,CUST-00419,676.13,34586.16,0.1374,Fully Funded
SAV-00420,CUST-00420,536.08,48740.14,0.0981,Fully Funded
SAV-00421,CUST-00421,853.38,44194.23,0.1169,Fully Funded
SAV-00422,CUST-00422,937.58,48446.22,0.173,Fully Funded
SAV-00423,CUST-00423,902.59,9879.52,0.1261,Low
SAV-00424,CUST-00424,880.95,65934.95,0.106,Fully Funded
SAV-00425,CUST-00425,916.42,44030.4,0.1647,Fully Funded
SAV-00426,CUST-00426,1272.4,22634.83,0.1741,Partially Funded
SAV-00427,CUST-00427,767.34,25086.01,0.1301,Partially Funded
SAV-00428,CUST-00428,1195.65,47093.89,0.2932,Fully Funded
SAV-00429,CUST-00429,855.38,22118.83,0.124,Partially Funded
SAV-00430,CUST-00430,915.9,52767.01,0.1329,Fully Funded
SAV-00431,CUST-00431,527.86,32882.41,0.0648,Partially Funded
SAV-00432,CUST-00432,215.23,15545.33,0.0699,Partially Funded
SAV-00433,CUST-00433,577.17,27308.5,0.1209,Fully Funded
SAV-00434,CUST-00434,563.23,8711.7,0.0856,Low
SAV-00435,CUST-00435,1829.6,78154.92,0.2312,Fully Funded
SAV-00436,CUST-00436,232.94,18460.46,0.1905,Fully Funded
SAV-00437,CUST-00437,826.3,23586.41,0.0941,Partially Funded
SAV-00438,CUST-00438,686.79,34038.84,0.1364,Fully Funded
SAV-00439,CUST-00439,1092.44,72678.38,0.2234,Fully Funded
SAV-00440,CUST-00440,2094.48,61758.84,0.1673,Fully Funded
SAV-00441,CUST-00441,803.04,50009.87,0.1236,Fully Funded
SAV-00442,CUST-00442,550.23,26371.24,0.1145,Fully Funded
SAV-00443,CUST-00443,205.27,21000.04,0.2218,Fully Funded
SAV-00444,CUST-00444,785.63,22412.35,0.1957,Fully Funded
SAV-00445,CUST-00445,1370.89,85348.64,0.2056,Fully Funded
SAV-00446,CUST-00446,618.01,22049.26,0.1786,Fully Funded
SAV-00447,CUST-00447,531.72,23839.42,0.1673,Fully Funded
SAV-00448,CUST-00448,1951.39,87254.92,0.2039,Fully Funded
SAV-00449,CUST-00449,1931.45,205933.18,0.1043,Fully Funded
SAV-00450,CUST-00450,261.37,14769.01,0.2365,Fully Funded
SAV-00451,CUST-00451,1137.04,87363.23,0.1499,Fully Funded
SAV-00452,CUST-00452,120.77,11261.46,0.1165,Fully Funded
SAV-00453,CUST-00453,1994.55,34270.58,0.1807,Partially Funded
SAV-00454,CUST-00454,757.42,22438.86,0.0647,Low
SAV-00455,CUST-00455,479.42,14636.56,0.1371,Partially Funded
SAV-00456,CUST-00456,114.89,8301.38,0.0817,Fully Funded
SAV-00457,CUST-00457,589.79,40432.59,0.2108,Fully Funded
SAV-00458,CUST-00458,783.97,56877.97,0.1553,Fully Funded
SAV-00459,CUST-00459,450.58,32097.93,0.0841,Fully Funded
SAV-00460,CUST-00460,732.36,45024.71,0.25,Fully Funded
SAV-00461,CUST-00461,472.75,36274.04,0.1155,Fully Funded
SAV-00462,CUST-00462,680.02,31522.2,0.1468,Fully Funded
SAV-00463,CUST-00463,966.86,16268.79,0.1013,Low
SAV-00464,CUST-00464,558.85,43200.62,0.1422,Fully Funded
SAV-00465,CUST-00465,969.83,22239.82,0.2221,Fully Funded
SAV-00466,CUST-00466,1955.24,55292.83,0.1776,Fully Funded
SAV-00467,CUST-00467,1286.52,81557.63,0.1387,Fully Funded
SAV-00468,CUST-00468,756.8,54318.37,0.1455,Fully Funded
SAV-00469,CUST-00469,2948.95,225990.13,0.1669,Fully Funded
SAV-00470,CUST-00470,794.48,30696.88,0.0945,Partially Funded
SAV-00471,CUST-00471,209.0,12927.74,0.0982,Fully Funded
SAV-00472,CUST-00472,76.42,6278.25,0.0812,Fully Funded
SAV-00473,CUST-00473,1807.74,157556.03,0.2322,Fully Funded
SAV-00474,CUST-00474,710.23,12712.46,0.1549,Partially Funded
SAV-00475,CUST-00475,876.38,43917.89,0.1906,Fully Funded
SAV-00476,CUST-00476,748.43,56388.02,0.1855,Fully Funded
SAV-00477,CUST-00477,1289.35,27409.22,0.1432,Partially Funded
SAV-00478,CUST-00478,1614.14,46148.99,0.2544,Fully Funded
SAV-00479,CUST-00479,927.46,30830.07,0.1608,Fully Funded
SAV-00480,CUST-00480,417.43,36847.6,0.2971,Fully Funded
SAV-00481,CUST-00481,409.57,30275.43,0.1095,Fully Funded
SAV-00482,CUST-00482,1830.28,71140.6,0.2629,Fully Funded
SAV-00483,CUST-00483,1539.09,26763.36,0.2869,Fully Funded
SAV-00484,CUST-00484,809.78,14225.07,0.1677,Partially Funded
SAV-00485,CUST-00485,1359.89,29041.75,0.2283,Fully Funded
SAV-00486,CUST-00486,4912.36,220200.28,0.2463,Fully Funded
SAV-00487,CUST-00487,1163.64,41506.29,0.1381,Fully Funded
SAV-00488,CUST-00488,617.08,9999.66,0.1327,Low
SAV-00489,CUST-00489,303.58,23011.36,0.1067,Fully Funded
SAV-00490,CUST-00490,1889.62,134902.33,0.3358,Fully Funded
SAV-00491,CUST-00491,391.11,21100.9,0.1434,Fully Funded
SAV-00492,CUST-00492,673.28,34460.96,0.1389,Fully Funded
SAV-00493,CUST-00493,1041.53,70376.62,0.1617,Fully Funded
SAV-00494,CUST-00494,732.03,19673.02,0.1608,Partially Funded
SAV-00495,CUST-00495,594.65,41033.79,0.1139,Fully Funded
SAV-00496,CUST-00496,493.82,10844.66,0.0857,Low
SAV-00497,CUST-00497,1016.71,87290.13,0.2367,Fully Funded
SAV-00498,CUST-00498,884.6,59309.51,0.1683,Fully Funded
SAV-00499,CUST-00499,697.06,15250.37,0.1292,Partially Funded
SAV-00500,CUST-00500,1032.65,44825.35,0.2222,Fully Funded
SAV-00501,CUST-00501,1820.33,151772.83,0.2637,Fully Funded
SAV-00502,CUST-00502,848.22,10968.79,0.1642,Low
SAV-00503,CUST-00503,1058.39,15398.86,0.155,Partially Funded
SAV-00504,CUST-00504,1607.91,164996.16,0.1764,Fully Funded
SAV-00505,CUST-00505,177.85,17028.18,0.2093,Fully Funded
SAV-00506,CUST-00506,1080.57,28036.92,0.1324,Partially Funded
SAV-00507,CUST-00507,1585.93,79929.3,0.2116,Fully Funded
SAV-00508,CUST-00508,302.86,11244.43,0.0944,Partially Funded
SAV-00509,CUST-00509,1077.9,77226.65,0.2071,Fully Funded
SAV-00510,CUST-00510,1238.06,126216.9,0.1946,Fully Funded
SAV-00511,CUST-00511,717.18,50824.47,0.1279,Fully Funded
SAV-00512,CUST-00512,2378.06,148659.23,0.2155,Fully Funded
SAV-00513,CUST-00513,813.38,50188.84,0.135,Fully Funded
SAV-00514,CUST-00514,1271.79,43537.19,0.1691,Fully Funded
SAV-00515,CUST-00515,392.49,11920.75,0.1071,Partially Funded
SAV-00516,CUST-00516,1981.29,99016.18,0.197,Fully Funded
SAV-00517,CUST-00517,603.98,16015.49,0.1503,Partially Funded
SAV-00518,CUST-00518,548.03,14907.41,0.1518,Partially Funded
SAV-00519,CUST-00519,1539.33,71725.86,0.2157,Fully Funded
SAV-00520,CUST-00520,1638.8,77537.8,0.1752,Fully Funded
SAV-00521,CUST-00521,867.43,16657.56,0.1141,Low
SAV-00522,CUST-00522,2234.41,80490.05,0.1834,Fully Funded
SAV-00523,CUST-00523,1882.08,137519.28,0.1731,Fully Funded
SAV-00524,CUST-00524,1555.1,117490.51,0.2019,Fully Funded
SAV-00525,CUST-00525,582.43,45699.27,0.1346,Fully Funded
SAV-00526,CUST-00526,749.12,75666.66,0.1239,Fully Funded
SAV-00527,CUST-00527,929.81,77585.67,0.1154,Fully Funded
SAV-00528,CUST-00528,542.73,24021.6,0.1232,Fully Funded
SAV-00529,CUST-00529,1295.32,42548.2,0.1868,Fully Funded
SAV-00530,CUST-00530,1150.81,22857.0,0.1603,Partially Funded
SAV-00531,CUST-00531,1725.99,30158.02,0.1522,Partially Funded
SAV-00532,CUST-00532,423.29,44088.13,0.1214,Fully Funded
SAV-00533,CUST-00533,860.3,27486.4,0.149,Fully Funded
SAV-00534,CUST-00534,398.96,29656.89,0.089,Fully Funded
SAV-00535,CUST-00535,933.22,80190.98,0.1278,Fully Funded
SAV-00536,CUST-00536,757.28,23387.66,0.1215,Partially Funded
SAV-00537,CUST-00537,584.17,32039.87,0.1283,Fully Funded
SAV-00538,CUST-00538,1933.51,158433.01,0.2177,Fully Funded
SAV-00539,CUST-00539,2112.21,54833.1,0.1924,Fully Funded
SAV-00540,CUST-00540,1320.11,104337.43,0.242,Fully Funded
SAV-00541,CUST-00541,1422.27,66780.16,0.1383,Fully Funded
SAV-00542,CUST-00542,1290.86,122729.54,0.1768,Fully Funded
SAV-00543,CUST-00543,3071.74,85115.12,0.2688,Fully Funded
SAV-00544,CUST-00544,868.99,46363.02,0.1197,Fully Funded
SAV-00545,CUST-00545,429.19,26196.55,0.1598,Fully Funded
SAV-00546,CUST-00546,397.74,34814.03,0.1523,Fully Funded
SAV-00547,CUST-00547,2130.04,55436.59,0.1809,Fully Funded
SAV-00548,CUST-00548,563.62,58415.5,0.0953,Fully Funded
SAV-00549,CUST-00549,569.29,35247.53,0.0838,Fully Funded
SAV-00550,CUST-00550,434.95,20419.49,0.129,Fully Funded
SAV-00551,CUST-00551,111.68,9984.27,0.0659,Fully Funded
SAV-00552,CUST-00552,757.09,48278.63,0.1409,Fully Funded
SAV-00553,CUST-00553,1201.23,104404.46,0.1439,Fully Funded
SAV-00554,CUST-00554,764.4,31561.83,0.0654,Partially Funded
SAV-00555,CUST-00555,605.32,20386.24,0.137,Fully Funded
SAV-00556,CUST-00556,865.86,71735.02,0.0889,Fully Funded
SAV-00557,CUST-00557,252.17,15369.63,0.1188,Fully Funded
SAV-00558,CUST-00558,3186.99,217645.59,0.1568,Fully Funded
SAV-00559,CUST-00559,513.95,20683.39,0.1836,Fully Funded
SAV-00560,CUST-00560,696.36,29459.47,0.1292,Fully Funded
SAV-00561,CUST-00561,556.88,14478.94,0.1947,Fully Funded
SAV-00562,CUST-00562,1004.53,80055.7,0.1143,Fully Funded
SAV-00563,CUST-00563,541.18,25843.9,0.1009,Partially Funded
SAV-00564,CUST-00564,267.58,8910.91,0.1208,Partially Funded
SAV-00565,CUST-00565,924.8,16460.76,0.2351,Fully Funded
SAV-00566,CUST-00566,730.01,53865.09,0.1451,Fully Funded
SAV-00567,CUST-00567,868.83,44398.24,0.1327,Fully Funded
SAV-00568,CUST-00568,892.85,26063.54,0.1462,Partially Funded
SAV-00569,CUST-00569,325.19,21434.28,0.2258,Fully Funded
SAV-00570,CUST-00570,759.47,88412.74,0.1057,Fully Funded
SAV-00571,CUST-00571,804.22,12785.9,0.166,Partially Funded
SAV-00572,CUST-00572,1217.82,15801.82,0.1303,Low
SAV-00573,CUST-00573,1381.08,74255.16,0.2062,Fully Funded
SAV-00574,CUST-00574,889.25,80907.86,0.1702,Fully Funded
SAV-00575,CUST-00575,1275.48,41215.88,0.2072,Fully Funded
SAV-00576,CUST-00576,503.73,9675.29,0.111,Low
SAV-00577,CUST-00577,1042.09,73300.17,0.2097,Fully Funded
SAV-00578,CUST-00578,1438.65,34870.11,0.123,Partially Funded
SAV-00579,CUST-00579,511.65,27728.4,0.1083,Fully Funded
SAV-00580,CUST-00580,613.07,32717.28,0.1236,Fully Funded
SAV-00581,CUST-00581,1755.09,58067.92,0.2385,Fully Funded
SAV-00582,CUST-00582,838.67,42165.8,0.1376,Fully Funded
SAV-00583,CUST-00583,727.33,51937.95,0.1456,Fully Funded
SAV-00584,CUST-00584,1052.95,79295.3,0.1442,Fully Funded
SAV-00585,CUST-00585,532.96,15320.47,0.1476,Partially Funded
SAV-00586,CUST-00586,1586.4,135292.67,0.2347,Fully Funded
SAV-00587,CUST-00587,1037.87,59563.54,0.1487,Fully Funded
SAV-00588,CUST-00588,649.27,31785.75,0.243,Fully Funded
SAV-00589,CUST-00589,611.85,12936.14,0.1056,Low
SAV-00590,CUST-00590,323.04,6036.0,0.0968,Low
SAV-00591,CUST-00591,2300.24,209407.39,0.1869,Fully Funded
SAV-00592,CUST-00592,873.09,44218.74,0.2023,Fully Funded
SAV-00593,CUST-00593,2512.26,194377.85,0.2224,Fully Funded
SAV-00594,CUST-00594,1472.93,110116.99,0.1705,Fully Funded
SAV-00595,CUST-00595,307.54,14803.22,0.0873,Partially Funded
SAV-00596,CUST-00596,975.13,69241.02,0.1576,Fully Funded
SAV-00597,CUST-00597,2157.31,40783.25,0.2538,Fully Funded
SAV-00598,CUST-00598,1472.12,120047.36,0.2321,Fully Funded
SAV-00599,CUST-00599,1220.74,84941.27,0.1968,Fully Funded
SAV-00600,CUST-00600,2292.86,151307.73,0.214,Fully Funded
SAV-00601,CUST-00601,816.76,43136.19,0.2669,Fully Funded
SAV-00602,CUST-00602,995.73,68170.9,0.1137,Fully Funded
SAV-00603,CUST-00603,1091.14,128213.57,0.232,Fully Funded
SAV-00604,CUST-00604,704.67,21678.46,0.1524,Fully Funded
SAV-00605,CUST-00605,538.35,22412.65,0.1227,Fully Funded
SAV-00606,CUST-00606,551.98,43485.96,0.1055,Fully Funded
SAV-00607,CUST-00607,990.59,46481.11,0.2029,Fully Funded
SAV-00608,CUST-00608,766.88,27202.62,0.144,Fully Funded
SAV-00609,CUST-00609,1025.98,47430.21,0.1415,Fully Funded
SAV-00610,CUST-00610,814.1,68072.95,0.1247,Fully Funded
SAV-00611,CUST-00611,118.7,8560.48,0.0585,Partially Funded
SAV-00612,CUST-00612,2438.92,205547.88,0.1997,Fully Funded
SAV-00613,CUST-00613,492.48,29975.7,0.1511,Fully Funded
SAV-00614,CUST-00614,1161.52,121774.21,0.1986,Fully Funded
SAV-00615,CUST-00615,172.19,2973.18,0.2066,Partially Funded
SAV-00616,CUST-00616,702.18,78830.75,0.1348,Fully Funded
SAV-00617,CUST-00617,995.92,28725.04,0.1158,Partially Funded
SAV-00618,CUST-00618,660.59,62874.99,0.1533,Fully Funded
SAV-00619,CUST-00619,917.87,65867.89,0.1577,Fully Funded
SAV-00620,CUST-00620,184.72,6668.6,0.1571,Fully Funded
SAV-00621,CUST-00621,1065.83,107771.85,0.1637,Fully Funded
SAV-00622,CUST-00622,478.07,20809.08,0.1902,Fully Funded
SAV-00623,CUST-00623,475.75,46716.68,0.092,Fully Funded
SAV-00624,CUST-00624,1039.33,75973.39,0.1251,Fully Funded
SAV-00625,CUST-00625,1465.22,47270.51,0.1817,Fully Funded
SAV-00626,CUST-00626,549.95,6703.65,0.197,Partially Funded
SAV-00627,CUST-00627,726.85,34243.14,0.1949,Fully Funded
SAV-00628,CUST-00628,1112.54,47424.68,0.2555,Fully Funded
SAV-00629,CUST-00629,382.55,4165.68,0.0839,Low
SAV-00630,CUST-00630,1400.34,107471.53,0.0953,Fully Funded
SAV-00631,CUST-00631,312.31,30587.88,0.1209,Fully Funded
SAV-00632,CUST-00632,547.87,45609.86,0.1222,Fully Funded
SAV-00633,CUST-00633,332.41,11358.34,0.0911,Partially Funded
SAV-00634,CUST-00634,1199.35,39710.15,0.2012,Fully Funded
SAV-00635,CUST-00635,494.7,10284.21,0.1592,Partially Funded
SAV-00636,CUST-00636,88.83,5606.82,0.103,Fully Funded
SAV-00637,CUST-00637,235.3,12510.55,0.1944,Fully Funded
SAV-00638,CUST-00638,2227.88,216531.81,0.1958,Fully Funded
SAV-00639,CUST-00639,1118.67,25836.29,0.1313,Partially Funded
SAV-00640,CUST-00640,555.39,12764.01,0.1041,Partially Funded
SAV-00641,CUST-00641,1972.98,42633.64,0.17,Partially Funded
SAV-00642,CUST-00642,1770.38,150647.41,0.1488,Fully Funded
SAV-00643,CUST-00643,396.25,27052.89,0.0817,Fully Funded
SAV-00644,CUST-00644,194.48,10866.27,0.1241,Fully Funded
SAV-00645,CUST-00645,1005.07,16716.23,0.1986,Partially Funded
SAV-00646,CUST-00646,1694.41,27745.17,0.1855,Partially Funded
SAV-00647,CUST-00647,1164.95,98469.07,0.1173,Fully Funded
SAV-00648,CUST-00648,225.06,7396.58,0.2867,Fully Funded
SAV-00649,CUST-00649,1751.48,81618.55,0.1695,Fully Funded
SAV-00650,CUST-00650,674.81,51576.51,0.0944,Fully Funded
SAV-00651,CUST-00651,2119.31,200270.33,0.1946,Fully Funded
SAV-00652,CUST-00652,420.79,20177.57,0.0576,Partially Funded
SAV-00653,CUST-00653,694.0,27112.87,0.0927,Partially Funded
SAV-00654,CUST-00654,774.75,37731.15,0.2029,Fully Funded
SAV-00655,CUST-00655,1105.23,13875.89,0.1861,Partially Funded
SAV-00656,CUST-00656,1057.46,71346.23,0.1685,Fully Funded
SAV-00657,CUST-00657,354.57,17580.65,0.1008,Fully Funded
SAV-00658,CUST-00658,144.71,1729.1,0.1675,Low
SAV-00659,CUST-00659,485.73,26571.54,0.1222,Fully Funded
SAV-00660,CUST-00660,666.61,49934.09,0.2135,Fully Funded
SAV-00661,CUST-00661,1150.65,37662.44,0.1126,Partially Funded
SAV-00662,CUST-00662,998.09,22746.81,0.1747,Partially Funded
SAV-00663,CUST-00663,167.61,6795.17,0.1342,Fully Funded
SAV-00664,CUST-00664,507.01,9612.93,0.1444,Partially Funded
SAV-00665,CUST-00665,1241.39,36430.03,0.1338,Partially Funded
SAV-00666,CUST-00666,704.25,44507.79,0.0826,Partially Funded
SAV-00667,CUST-00667,582.95,22341.51,0.1755,Fully Funded
SAV-00668,CUST-00668,1542.84,84061.99,0.2345,Fully Funded
SAV-00669,CUST-00669,1058.75,25464.33,0.1943,Fully Funded
SAV-00670,CUST-00670,643.73,14844.08,0.1497,Partially Funded
SAV-00671,CUST-00671,610.35,70565.71,0.085,Fully Funded
SAV-00672,CUST-00672,905.36,48525.11,0.1374,Fully Funded
SAV-00673,CUST-00673,390.78,26136.18,0.1014,Fully Funded
SAV-00674,CUST-00674,879.38,15093.07,0.106,Low
SAV-00675,CUST-00675,756.55,48244.47,0.1224,Fully Funded
SAV-00676,CUST-00676,1426.5,102099.16,0.1581,Fully Funded
SAV-00677,CUST-00677,447.82,38160.28,0.0945,Fully Funded
SAV-00678,CUST-00678,2547.98,181776.06,0.2065,Fully Funded
SAV-00679,CUST-00679,801.4,42819.3,0.1493,Fully Funded
SAV-00680,CUST-00680,1472.52,76073.79,0.2022,Fully Funded
SAV-00681,CUST-00681,579.27,8622.92,0.1204,Low
SAV-00682,CUST-00682,543.62,31934.1,0.1085,Fully Funded
SAV-00683,CUST-00683,424.88,20674.54,0.0534,Low
SAV-00684,CUST-00684,422.93,20289.97,0.0591,Partially Funded
SAV-00685,CUST-00685,1127.37,80747.65,0.2092,Fully Funded
SAV-00686,CUST-00686,541.08,50005.29,0.1051,Fully Funded
SAV-00687,CUST-00687,866.2,21351.15,0.2203,Fully Funded
SAV-00688,CUST-00688,2817.56,123953.09,0.2138,Fully Funded
SAV-00689,CUST-00689,830.33,36737.7,0.1456,Fully Funded
SAV-00690,CUST-00690,1878.71,52282.41,0.2821,Fully Funded
SAV-00691,CUST-00691,180.06,11701.86,0.1813,Fully Funded
SAV-00692,CUST-00692,991.27,56351.15,0.1944,Fully Funded
SAV-00693,CUST-00693,748.98,35173.9,0.1306,Fully Funded
SAV-00694,CUST-00694,690.55,19394.27,0.0906,Partially Funded
SAV-00695,CUST-00695,616.51,51248.64,0.1738,Fully Funded
SAV-00696,CUST-00696,1091.25,124226.05,0.1025,Fully Funded
SAV-00697,CUST-00697,363.82,25718.76,0.09,Fully Funded
SAV-00698,CUST-00698,539.38,28754.37,0.1447,Fully Funded
SAV-00699,CUST-00699,697.05,57357.27,0.1694,Fully Funded
SAV-00700,CUST-00700,529.2,18178.12,0.096,Partially Funded
SAV-00701,CUST-00701,1468.82,124522.63,0.1701,Fully Funded
SAV-00702,CUST-00702,680.32,16656.99,0.1292,Partially Funded
SAV-00703,CUST-00703,568.02,30721.18,0.129,Fully Funded
SAV-00704,CUST-00704,1210.47,14815.17,0.0886,Low
SAV-00705,CUST-00705,1197.7,85023.36,0.1377,Fully Funded
SAV-00706,CUST-00706,694.55,56967.51,0.0963,Fully Funded
SAV-00707,CUST-00707,978.25,52550.88,0.084,Partially Funded
SAV-00708,CUST-00708,802.3,40224.42,0.1911,Fully Funded
SAV-00709,CUST-00709,444.07,31048.86,0.1108,Fully Funded
SAV-00710,CUST-00710,411.35,19392.32,0.1232,Fully Funded
SAV-00711,CUST-00711,1005.96,52037.53,0.1647,Fully Funded
SAV-00712,CUST-00712,1751.18,121853.17,0.1523,Fully Funded
SAV-00713,CUST-00713,1159.49,64559.28,0.3017,Fully Funded
SAV-00714,CUST-00714,491.34,45597.46,0.1027,Fully Funded
SAV-00715,CUST-00715,398.27,22513.81,0.0636,Partially Funded
SAV-00716,CUST-00716,498.05,49313.0,0.1075,Fully Funded
SAV-00717,CUST-00717,1048.2,94204.74,0.2746,Fully Funded
SAV-00718,CUST-00718,1334.52,83643.03,0.2115,Fully Funded
SAV-00719,CUST-00719,230.32,9273.25,0.197,Fully Funded
SAV-00720,CUST-00720,429.67,9972.09,0.1039,Partially Funded
SAV-00721,CUST-00721,353.42,5575.09,0.1064,Low
SAV-00722,CUST-00722,641.86,59398.4,0.1393,Fully Funded
SAV-00723,CUST-00723,158.15,11462.6,0.1387,Fully Funded
SAV-00724,CUST-00724,1073.81,32378.83,0.168,Fully Funded
SAV-00725,CUST-00725,2525.86,223615.0,0.1924,Fully Funded
SAV-00726,CUST-00726,611.91,19204.27,0.1088,Partially Funded
SAV-00727,CUST-00727,1704.72,37696.56,0.1189,Partially Funded
SAV-00728,CUST-00728,212.52,16410.82,0.0829,Fully Funded
SAV-00729,CUST-00729,446.66,27767.55,0.1567,Fully Funded
SAV-00730,CUST-00730,535.71,45238.79,0.1456,Fully Funded
SAV-00731,CUST-00731,2713.5,79782.18,0.247,Fully Funded
SAV-00732,CUST-00732,1117.41,35368.94,0.2179,Fully Funded
SAV-00733,CUST-00733,579.51,31411.98,0.2001,Fully Funded
SAV-00734,CUST-00734,2137.58,98853.14,0.1288,Fully Funded
SAV-00735,CUST-00735,960.99,65751.49,0.2467,Fully Funded
SAV-00736,CUST-00736,1527.61,27879.15,0.2266,Partially Funded
SAV-00737,CUST-00737,579.07,12302.9,0.1817,Partially Funded
SAV-00738,CUST-00738,845.06,58308.26,0.2763,Fully Funded
SAV-00739,CUST-00739,1042.71,101281.67,0.153,Fully Funded
SAV-00740,CUST-00740,1990.92,36549.69,0.1986,Partially Funded
SAV-00741,CUST-00741,1652.95,110698.85,0.1379,Fully Funded
SAV-00742,CUST-00742,1830.63,100435.55,0.2621,Fully Funded
SAV-00743,CUST-00743,2904.53,124567.32,0.1763,Fully Funded
SAV-00744,CUST-00744,459.48,21436.45,0.0788,Partially Funded
SAV-00745,CUST-00745,912.63,91379.23,0.23,Fully Funded
SAV-00746,CUST-00746,2239.01,168684.66,0.2381,Fully Funded
SAV-00747,CUST-00747,805.39,74604.66,0.1895,Fully Funded
SAV-00748,CUST-00748,1208.7,90496.96,0.1483,Fully Funded
SAV-00749,CUST-00749,1502.31,21324.73,0.1907,Partially Funded
SAV-00750,CUST-00750,174.25,13223.34,0.1259,Fully Funded
SAV-00751,CUST-00751,861.09,47310.68,0.1525,Fully Funded
SAV-00752,CUST-00752,786.43,81793.78,0.0871,Fully Funded
SAV-00753,CUST-00753,2065.02,115552.91,0.1997,Fully Funded
SAV-00754,CUST-00754,387.33,20158.05,0.1084,Fully Funded
SAV-00755,CUST-00755,247.21,7553.56,0.1884,Fully Funded
SAV-00756,CUST-00756,951.86,62344.73,0.1499,Fully Funded
SAV-00757,CUST-00757,825.18,52464.55,0.1783,Fully Funded
SAV-00758,CUST-00758,726.12,50237.36,0.1925,Fully Funded
SAV-00759,CUST-00759,723.43,39024.19,0.1314,Fully Funded
SAV-00760,CUST-00760,1246.1,100406.41,0.2149,Fully Funded
SAV-00761,CUST-00761,756.34,26584.7,0.1358,Fully Funded
SAV-00762,CUST-00762,475.55,20307.23,0.0922,Partially Funded
SAV-00763,CUST-00763,590.03,7933.8,0.1123,Low
SAV-00764,CUST-00764,142.01,7246.83,0.1314,Fully Funded
SAV-00765,CUST-00765,748.27,34234.54,0.1559,Fully Funded
SAV-00766,CUST-00766,4995.37,483308.1,0.2801,Fully Funded
SAV-00767,CUST-00767,1244.67,95441.28,0.1976,Fully Funded
SAV-00768,CUST-00768,381.61,21252.77,0.1378,Fully Funded
SAV-00769,CUST-00769,1626.87,15602.66,0.1401,Low
SAV-00770,CUST-00770,1197.45,26236.14,0.1884,Fully Funded
SAV-00771,CUST-00771,1431.11,70895.56,0.1613,Fully Funded
SAV-00772,CUST-00772,572.49,53766.91,0.1284,Fully Funded
SAV-00773,CUST-00773,529.78,13868.65,0.0634,Low
SAV-00774,CUST-00774,649.38,70767.71,0.1181,Fully Funded
SAV-00775,CUST-00775,687.67,48844.87,0.1024,Fully Funded
SAV-00776,CUST-00776,1104.5,64069.94,0.155,Fully Funded
SAV-00777,CUST-00777,640.33,69399.32,0.1427,Fully Funded
SAV-00778,CUST-00778,677.88,21239.27,0.1352,Partially Funded
SAV-00779,CUST-00779,860.74,41647.77,0.1302,Fully Funded
SAV-00780,CUST-00780,1046.9,28603.74,0.1492,Fully Funded
SAV-00781,CUST-00781,117.6,5209.25,0.0969,Partially Funded
SAV-00782,CUST-00782,375.88,16073.41,0.1691,Fully Funded
SAV-00783,CUST-00783,644.79,54192.92,0.1106,Fully Funded
SAV-00784,CUST-00784,554.02,19575.69,0.1255,Partially Funded
SAV-00785,CUST-00785,1346.54,54699.48,0.1541,Fully Funded
SAV-00786,CUST-00786,447.98,26826.6,0.0744,Partially Funded
SAV-00787,CUST-00787,501.49,32490.76,0.12,Fully Funded
SAV-00788,CUST-00788,806.5,59238.92,0.1447,Fully Funded
SAV-00789,CUST-00789,603.83,45415.28,0.1162,Fully Funded
SAV-00790,CUST-00790,888.7,36801.39,0.1418,Fully Funded
SAV-00791,CUST-00791,742.7,11295.74,0.1193,Low
SAV-00792,CUST-00792,611.26,68168.17,0.1411,Fully Funded
SAV-00793,CUST-00793,673.82,59159.35,0.1859,Fully Funded
SAV-00794,CUST-00794,860.4,12855.15,0.1651,Partially Funded
SAV-00795,CUST-00795,1623.89,137119.97,0.2473,Fully Funded
SAV-00796,CUST-00796,222.11,17496.33,0.0737,Fully Funded
SAV-00797,CUST-00797,412.55,16736.32,0.0968,Partially Funded
SAV-00798,CUST-00798,1840.05,208503.1,0.1843,Fully Funded
SAV-00799,CUST-00799,381.05,5748.02,0.0641,Low
SAV-00800,CUST-00800,800.98,13783.99,0.1616,Partially Funded
SAV-00801,CUST-00801,1377.7,121690.43,0.2551,Fully Funded
SAV-00802,CUST-00802,719.74,37860.01,0.1055,Fully Funded
SAV-00803,CUST-00803,892.62,63028.7,0.2821,Fully Funded
SAV-00804,CUST-00804,1240.05,42604.42,0.2055,Fully Funded
SAV-00805,CUST-00805,777.38,62472.11,0.1785,Fully Funded
SAV-00806,CUST-00806,829.86,54630.86,0.1348,Fully Funded
SAV-00807,CUST-00807,1523.73,79152.36,0.1575,Fully Funded
SAV-00808,CUST-00808,1645.82,121926.18,0.1344,Fully Funded
SAV-00809,CUST-00809,752.64,12934.95,0.2205,Partially Funded
SAV-00810,CUST-00810,198.24,7597.56,0.1133,Partially Funded
SAV-00811,CUST-00811,880.25,34554.63,0.1132,Partially Funded
SAV-00812,CUST-00812,165.42,6612.64,0.1496,Fully Funded
SAV-00813,CUST-00813,1252.65,36335.16,0.1664,Fully Funded
SAV-00814,CUST-00814,1117.24,30242.69,0.1237,Partially Funded
SAV-00815,CUST-00815,1392.61,40332.05,0.2027,Fully Funded
SAV-00816,CUST-00816,316.4,3137.95,0.0899,Low
SAV-00817,CUST-00817,1037.47,42143.62,0.2274,Fully Funded
SAV-00818,CUST-00818,1382.28,80054.91,0.1093,Fully Funded
SAV-00819,CUST-00819,2257.02,39329.37,0.137,Partially Funded
SAV-00820,CUST-00820,971.87,56913.7,0.1832,Fully Funded
SAV-00821,CUST-00821,1017.26,88415.22,0.2,Fully Funded
SAV-00822,CUST-00822,1157.22,91172.96,0.1877,Fully Funded
SAV-00823,CUST-00823,862.25,40115.23,0.1414,Fully Funded
SAV-00824,CUST-00824,936.35,57878.27,0.1236,Fully Funded
SAV-00825,CUST-00825,477.28,26276.7,0.1288,Fully Funded
SAV-00826,CUST-00826,889.52,17487.52,0.1059,Low
SAV-00827,CUST-00827,822.29,21549.7,0.0794,Low
SAV-00828,CUST-00828,1078.68,12568.34,0.1893,Partially Funded
SAV-00829,CUST-00829,2067.19,132321.59,0.1843,Fully Funded
SAV-00830,CUST-00830,1255.1,91633.44,0.1068,Fully Funded
SAV-00831,CUST-00831,696.39,37491.21,0.1291,Fully Funded
SAV-00832,CUST-00832,330.1,13148.79,0.0397,Low
SAV-00833,CUST-00833,799.85,34937.89,0.1691,Fully Funded
SAV-00834,CUST-00834,273.91,25322.52,0.1885,Fully Funded
SAV-00835,CUST-00835,383.73,14342.79,0.1288,Fully Funded
SAV-00836,CUST-00836,1268.69,93123.26,0.1435,Fully Funded
SAV-00837,CUST-00837,1540.17,62239.92,0.2131,Fully Funded
SAV-00838,CUST-00838,713.06,11493.36,0.1323,Low
SAV-00839,CUST-00839,1305.47,61594.64,0.1807,Fully Funded
SAV-00840,CUST-00840,1470.93,60254.08,0.217,Fully Funded
SAV-00841,CUST-00841,968.78,51458.47,0.1381,Fully Funded
SAV-00842,CUST-00842,2528.0,265157.58,0.1634,Fully Funded
SAV-00843,CUST-00843,1166.13,58813.05,0.1626,Fully Funded
SAV-00844,CUST-00844,333.69,26119.01,0.1141,Fully Funded
SAV-00845,CUST-00845,391.09,29059.41,0.1309,Fully Funded
SAV-00846,CUST-00846,724.85,45275.23,0.1612,Fully Funded
SAV-00847,CUST-00847,498.24,10146.5,0.2772,Fully Funded
SAV-00848,CUST-00848,266.18,12862.44,0.0545,Low
SAV-00849,CUST-00849,1201.56,47109.5,0.2122,Fully Funded
SAV-00850,CUST-00850,1136.59,42279.66,0.1738,Fully Funded
SAV-00851,CUST-00851,1225.97,84325.84,0.1269,Fully Funded
SAV-00852,CUST-00852,105.84,5900.75,0.148,Fully Funded
SAV-00853,CUST-00853,461.67,37591.14,0.1431,Fully Funded
SAV-00854,CUST-00854,1300.33,132984.35,0.1268,Fully Funded
SAV-00855,CUST-00855,722.51,75294.33,0.0856,Fully Funded
SAV-00856,CUST-00856,296.45,15048.41,0.0688,Partially Funded
SAV-00857,CUST-00857,1052.95,69117.68,0.1611,Fully Funded
SAV-00858,CUST-00858,376.21,19291.85,0.1345,Fully Funded
SAV-00859,CUST-00859,1870.8,43789.22,0.2839,Fully Funded
SAV-00860,CUST-00860,1027.06,58149.55,0.195,Fully Funded
SAV-00861,CUST-00861,1055.21,38223.87,0.1887,Fully Funded
SAV-00862,CUST-00862,1352.9,44477.22,0.1111,Partially Funded
SAV-00863,CUST-00863,1123.28,57154.27,0.1756,Fully Funded
SAV-00864,CUST-00864,163.21,3312.08,0.1833,Partially Funded
SAV-00865,CUST-00865,1362.83,63639.24,0.2075,Fully Funded
SAV-00866,CUST-00866,1304.88,85735.3,0.2346,Fully Funded
SAV-00867,CUST-00867,1918.84,41144.77,0.2295,Fully Funded
SAV-00868,CUST-00868,1833.36,73147.93,0.1425,Fully Funded
SAV-00869,CUST-00869,2884.25,253712.42,0.1691,Fully Funded
SAV-00870,CUST-00870,1053.27,39830.87,0.2053,Fully Funded
SAV-00871,CUST-00871,912.49,9700.04,0.2444,Partially Funded
SAV-00872,CUST-00872,168.53,9310.66,0.0956,Fully Funded
SAV-00873,CUST-00873,903.04,31617.76,0.1819,Fully Funded
SAV-00874,CUST-00874,340.16,8844.36,0.0526,Low
SAV-00875,CUST-00875,1639.71,31125.88,0.2726,Fully Funded
SAV-00876,CUST-00876,1405.97,58905.5,0.1598,Fully Funded
SAV-00877,CUST-00877,1067.97,23593.42,0.1428,Partially Funded
SAV-00878,CUST-00878,3463.04,239375.11,0.2762,Fully Funded
SAV-00879,CUST-00879,1798.7,57591.12,0.1359,Partially Funded
SAV-00880,CUST-00880,1119.21,58770.9,0.0785,Partially Funded
SAV-00881,CUST-00881,896.24,30472.48,0.1983,Fully Funded
SAV-00882,CUST-00882,415.13,12251.96,0.1139,Partially Funded
SAV-00883,CUST-00883,796.02,10968.52,0.1538,Partially Funded
SAV-00884,CUST-00884,1115.69,63822.38,0.2762,Fully Funded
SAV-00885,CUST-00885,947.37,73395.76,0.186,Fully Funded
SAV-00886,CUST-00886,1198.77,80461.82,0.1323,Fully Funded
SAV-00887,CUST-00887,540.37,7793.84,0.1643,Partially Funded
SAV-00888,CUST-00888,925.95,62676.77,0.1764,Fully Funded
SAV-00889,CUST-00889,2280.32,104267.02,0.2147,Fully Funded
SAV-00890,CUST-00890,661.26,43761.64,0.0889,Fully Funded
SAV-00891,CUST-00891,886.37,57877.18,0.1302,Fully Funded
SAV-00892,CUST-00892,1023.86,43785.81,0.144,Fully Funded
SAV-00893,CUST-00893,1780.56,114210.31,0.189,Fully Funded
SAV-00894,CUST-00894,129.14,12840.49,0.1332,Fully Funded
SAV-00895,CUST-00895,354.85,26885.41,0.1431,Fully Funded
SAV-00896,CUST-00896,492.59,12152.4,0.1153,Partially Funded
SAV-00897,CUST-00897,387.39,30254.59,0.0917,Fully Funded
SAV-00898,CUST-00898,1713.06,128749.77,0.1445,Fully Funded
SAV-00899,CUST-00899,653.42,9492.31,0.1658,Partially Funded
SAV-00900,CUST-00900,129.07,4540.7,0.0882,Partially Funded
SAV-00901,CUST-00901,2478.31,100210.04,0.3128,Fully Funded
SAV-00902,CUST-00902,531.75,8238.59,0.1479,Partially Funded
SAV-00903,CUST-00903,2474.14,80063.45,0.1078,Partially Funded
SAV-00904,CUST-00904,505.57,56942.61,0.0802,Fully Funded
SAV-00905,CUST-00905,1981.79,76804.86,0.1551,Fully Funded
SAV-00906,CUST-00906,773.73,27936.12,0.1784,Fully Funded
SAV-00907,CUST-00907,598.04,25427.23,0.1699,Fully Funded
SAV-00908,CUST-00908,745.35,38323.08,0.1242,Fully Funded
SAV-00909,CUST-00909,220.44,13360.25,0.0652,Partially Funded
SAV-00910,CUST-00910,1505.17,34710.7,0.1353,Partially Funded
SAV-00911,CUST-00911,292.48,16081.77,0.1591,Fully Funded
SAV-00912,CUST-00912,1081.38,53653.19,0.1207,Fully Funded
SAV-00913,CUST-00913,1784.08,86497.85,0.2085,Fully Funded
SAV-00914,CUST-00914,363.37,17420.2,0.1181,Fully Funded
SAV-00915,CUST-00915,591.72,23204.73,0.1045,Partially Funded
SAV-00916,CUST-00916,301.74,26953.86,0.0563,Partially Funded
SAV-00917,CUST-00917,522.48,56798.97,0.1156,Fully Funded
SAV-00918,CUST-00918,677.92,46894.24,0.1406,Fully Funded
SAV-00919,CUST-00919,2379.03,118551.31,0.1671,Fully Funded
SAV-00920,CUST-00920,1253.29,71333.69,0.2,Fully Funded
SAV-00921,CUST-00921,1196.01,43922.3,0.1499,Fully Funded
SAV-00922,CUST-00922,2825.68,221553.1,0.2789,Fully Funded
SAV-00923,CUST-00923,628.66,19666.36,0.1457,Fully Funded
SAV-00924,CUST-00924,1911.77,39165.75,0.1486,Partially Funded
SAV-00925,CUST-00925,1084.58,33494.16,0.1391,Partially Funded
SAV-00926,CUST-00926,617.85,34042.6,0.1569,Fully Funded
SAV-00927,CUST-00927,2269.17,150491.12,0.2763,Fully Funded
SAV-00928,CUST-00928,874.85,29950.31,0.1889,Fully Funded
SAV-00929,CUST-00929,607.35,53307.87,0.1251,Fully Funded
SAV-00930,CUST-00930,1047.92,88999.76,0.2539,Fully Funded
SAV-00931,CUST-00931,858.69,33488.59,0.1211,Fully Funded
SAV-00932,CUST-00932,678.21,39345.07,0.1503,Fully Funded
SAV-00933,CUST-00933,761.16,61633.81,0.1953,Fully Funded
SAV-00934,CUST-00934,602.82,60992.75,0.2049,Fully Funded
SAV-00935,CUST-00935,654.28,28618.61,0.1841,Fully Funded
SAV-00936,CUST-00936,1595.12,84892.92,0.1138,Fully Funded
SAV-00937,CUST-00937,252.24,25741.65,0.2479,Fully Funded
SAV-00938,CUST-00938,693.84,9251.0,0.1933,Partially Funded
SAV-00939,CUST-00939,1587.46,36602.1,0.1545,Partially Funded
SAV-00940,CUST-00940,759.94,67270.61,0.1551,Fully Funded
SAV-00941,CUST-00941,865.31,29376.51,0.1471,Fully Funded
SAV-00942,CUST-00942,1253.15,100927.92,0.2382,Fully Funded
SAV-00943,CUST-00943,1051.95,77181.19,0.223,Fully Funded
SAV-00944,CUST-00944,703.31,38415.79,0.1084,Fully Funded
SAV-00945,CUST-00945,947.55,45924.58,0.1995,Fully Funded
SAV-00946,CUST-00946,804.6,23292.21,0.1141,Partially Funded
SAV-00947,CUST-00947,801.64,71324.75,0.0924,Fully Funded
SAV-00948,CUST-00948,1060.68,36324.08,0.2552,Fully Funded
SAV-00949,CUST-00949,790.57,25536.45,0.1564,Fully Funded
SAV-00950,CUST-00950,616.68,45847.67,0.1124,Fully Funded
SAV-00951,CUST-00951,590.38,45648.68,0.1164,Fully Funded
SAV-00952,CUST-00952,2457.24,135462.4,0.1838,Fully Funded
SAV-00953,CUST-00953,101.85,3769.51,0.0998,Partially Funded
SAV-00954,CUST-00954,1477.98,35706.64,0.2035,Fully Funded
SAV-00955,CUST-00955,908.0,54733.75,0.1632,Fully Funded
SAV-00956,CUST-00956,1038.99,13469.37,0.2115,Partially Funded
SAV-00957,CUST-00957,340.87,13484.19,0.199,Fully Funded
SAV-00958,CUST-00958,166.64,15170.96,0.1593,Fully Funded
SAV-00959,CUST-00959,1468.69,75178.19,0.1121,Fully Funded
SAV-00960,CUST-00960,691.75,21817.23,0.2297,Fully Funded
SAV-00961,CUST-00961,1099.75,64695.74,0.0893,Fully Funded
SAV-00962,CUST-00962,674.87,16561.88,0.1065,Partially Funded
SAV-00963,CUST-00963,491.75,21992.8,0.1041,Partially Funded
SAV-00964,CUST-00964,836.45,55160.6,0.1211,Fully Funded
SAV-00965,CUST-00965,632.17,48073.29,0.1363,Fully Funded
SAV-00966,CUST-00966,977.66,29730.45,0.133,Partially Funded
SAV-00967,CUST-00967,885.04,84649.48,0.1985,Fully Funded
SAV-00968,CUST-00968,912.67,86743.15,0.139,Fully Funded
SAV-00969,CUST-00969,635.47,15637.75,0.1473,Partially Funded
SAV-00970,CUST-00970,588.47,30605.58,0.0757,Partially Funded
SAV-00971,CUST-00971,1003.19,51798.91,0.1268,Fully Funded
SAV-00972,CUST-00972,462.05,38581.64,0.1365,Fully Funded
SAV-00973,CUST-00973,924.6,18874.59,0.1744,Partially Funded
SAV-00974,CUST-00974,216.99,9367.17,0.0924,Partially Funded
SAV-00975,CUST-00975,315.32,10381.34,0.2048,Fully Funded
SAV-00976,CUST-00976,1479.67,77815.95,0.1678,Fully Funded
SAV-00977,CUST-00977,2675.04,255510.0,0.2298,Fully Funded
SAV-00978,CUST-00978,659.16,7672.35,0.288,Partially Funded
SAV-00979,CUST-00979,226.48,17827.77,0.2468,Fully Funded
SAV-00980,CUST-00980,367.33,8545.87,0.0565,Low
SAV-00981,CUST-00981,580.76,50017.17,0.2015,Fully Funded
SAV-00982,CUST-00982,304.97,32508.21,0.0912,Fully Funded
SAV-00983,CUST-00983,1245.13,67707.18,0.1626,Fully Funded
SAV-00984,CUST-00984,2021.18,196446.95,0.2649,Fully Funded
SAV-00985,CUST-00985,2488.31,173417.5,0.2516,Fully Funded
SAV-00986,CUST-00986,581.0,48644.46,0.1182,Fully Funded
SAV-00987,CUST-00987,589.17,10071.47,0.1049,Low
SAV-00988,CUST-00988,216.15,12994.66,0.1485,Fully Funded
SAV-00989,CUST-00989,567.93,26694.8,0.1205,Fully Funded
SAV-00990,CUST-00990,303.56,16856.54,0.187,Fully Funded
SAV-00991,CUST-00991,1539.53,134324.64,0.1949,Fully Funded
SAV-00992,CUST-00992,798.43,43242.4,0.1559,Fully Funded
SAV-00993,CUST-00993,1196.29,17372.69,0.2022,Partially Funded
SAV-00994,CUST-00994,1365.39,146235.89,0.1158,Fully Funded
SAV-00995,CUST-00995,517.71,29453.65,0.1424,Fully Funded
SAV-00996,CUST-00996,397.62,28490.98,0.068,Partially Funded
SAV-00997,CUST-00997,638.72,28255.78,0.1417,Fully Funded
SAV-00998,CUST-00998,585.21,42688.38,0.0797,Fully Funded
SAV-00999,CUST-00999,463.19,39534.5,0.2407,Fully Funded
SAV-01000,CUST-01000,929.75,59024.85,0.1109,Fully Funded
SAV-01001,CUST-01001,2272.49,154275.44,0.1555,Fully Funded
SAV-01002,CUST-01002,1354.76,25462.25,0.1764,Partially Funded
SAV-01003,CUST-01003,1027.74,67279.78,0.1215,Fully Funded
SAV-01004,CUST-01004,975.71,40752.9,0.1858,Fully Funded
SAV-01005,CUST-01005,871.15,17582.72,0.1317,Partially Funded
SAV-01006,CUST-01006,651.03,31391.36,0.1381,Fully Funded
SAV-01007,CUST-01007,390.37,31820.37,0.1246,Fully Funded
SAV-01008,CUST-01008,515.75,8774.09,0.0894,Low
SAV-01009,CUST-01009,1493.92,76027.43,0.2334,Fully Funded
SAV-01010,CUST-01010,1151.21,64960.56,0.1396,Fully Funded
SAV-01011,CUST-01011,885.62,61025.83,0.2457,Fully Funded
SAV-01012,CUST-01012,436.58,23604.46,0.1164,Fully Funded
SAV-01013,CUST-01013,1566.08,35328.66,0.1572,Partially Funded
SAV-01014,CUST-01014,1281.31,64183.31,0.224,Fully Funded
SAV-01015,CUST-01015,439.56,16791.86,0.1273,Fully Funded
SAV-01016,CUST-01016,1186.89,44363.84,0.2455,Fully Funded
SAV-01017,CUST-01017,1503.53,165699.79,0.196,Fully Funded
SAV-01018,CUST-01018,753.99,37704.71,0.177,Fully Funded
SAV-01019,CUST-01019,481.64,24805.63,0.1343,Fully Funded
SAV-01020,CUST-01020,598.34,43417.78,0.0828,Fully Funded
SAV-01021,CUST-01021,464.09,22867.16,0.1486,Fully Funded
SAV-01022,CUST-01022,425.46,18193.52,0.1376,Fully Funded
SAV-01023,CUST-01023,1203.3,139770.88,0.2005,Fully Funded
SAV-01024,CUST-01024,397.82,11051.56,0.2248,Fully Funded
SAV-01025,CUST-01025,462.94,29449.81,0.187,Fully Funded
SAV-01026,CUST-01026,1069.55,92162.42,0.1827,Fully Funded
SAV-01027,CUST-01027,1159.91,87064.21,0.1669,Fully Funded
SAV-01028,CUST-01028,356.11,30076.84,0.1853,Fully Funded
SAV-01029,CUST-01029,640.12,11562.26,0.1054,Low
SAV-01030,CUST-01030,98.17,3050.66,0.1504,Partially Funded
SAV-01031,CUST-01031,905.91,33639.46,0.2023,Fully Funded
SAV-01032,CUST-01032,720.89,47617.66,0.11,Fully Funded
SAV-01033,CUST-01033,1557.07,46039.65,0.2234,Fully Funded
SAV-01034,CUST-01034,505.61,10093.69,0.1085,Low
SAV-01035,CUST-01035,610.32,23353.26,0.1837,Fully Funded
SAV-01036,CUST-01036,1788.28,141217.41,0.205,Fully Funded
SAV-01037,CUST-01037,680.24,48734.97,0.1375,Fully Funded
SAV-01038,CUST-01038,1280.11,55369.81,0.194,Fully Funded
SAV-01039,CUST-01039,723.28,31935.66,0.0981,Partially Funded
SAV-01040,CUST-01040,1622.39,129262.02,0.2752,Fully Funded
SAV-01041,CUST-01041,1195.92,42560.72,0.2028,Fully Funded
SAV-01042,CUST-01042,951.39,36530.77,0.1271,Partially Funded
SAV-01043,CUST-01043,1478.3,98881.69,0.18,Fully Funded
SAV-01044,CUST-01044,548.07,12374.29,0.1243,Partially Funded
SAV-01045,CUST-01045,757.42,69027.4,0.1482,Fully Funded
SAV-01046,CUST-01046,762.62,55117.15,0.1272,Fully Funded
SAV-01047,CUST-01047,2003.65,70947.91,0.192,Fully Funded
SAV-01048,CUST-01048,1033.44,24698.88,0.2207,Fully Funded
SAV-01049,CUST-01049,179.71,3380.57,0.1308,Partially Funded
SAV-01050,CUST-01050,657.99,45950.92,0.1213,Fully Funded
SAV-01051,CUST-01051,577.32,17337.65,0.1602,Fully Funded
SAV-01052,CUST-01052,171.37,2352.15,0.2212,Partially Funded
SAV-01053,CUST-01053,870.01,66954.45,0.164,Fully Funded
SAV-01054,CUST-01054,199.09,13481.87,0.1865,Fully Funded
SAV-01055,CUST-01055,523.99,35775.77,0.1568,Fully Funded
SAV-01056,CUST-01056,1194.56,38888.74,0.1451,Fully Funded
SAV-01057,CUST-01057,410.34,13610.52,0.0785,Partially Funded
SAV-01058,CUST-01058,492.11,19294.19,0.1271,Fully Funded
SAV-01059,CUST-01059,1107.05,19295.33,0.1219,Low
SAV-01060,CUST-01060,600.73,59669.89,0.0659,Fully Funded
SAV-01061,CUST-01061,952.1,100483.7,0.1339,Fully Funded
SAV-01062,CUST-01062,542.74,16183.52,0.0841,Partially Funded
SAV-01063,CUST-01063,1238.58,75174.51,0.17,Fully Funded
SAV-01064,CUST-01064,1007.32,85023.1,0.2341,Fully Funded
SAV-01065,CUST-01065,1628.07,16780.92,0.1981,Low
SAV-01066,CUST-01066,739.66,34029.83,0.1413,Fully Funded
SAV-01067,CUST-01067,702.17,38451.71,0.1363,Fully Funded
SAV-01068,CUST-01068,771.87,39813.46,0.1238,Fully Funded
SAV-01069,CUST-01069,502.62,41340.31,0.145,Fully Funded
SAV-01070,CUST-01070,823.18,59708.9,0.1813,Fully Funded
SAV-01071,CUST-01071,1181.67,98135.17,0.1695,Fully Funded
SAV-01072,CUST-01072,604.31,24105.06,0.1186,Fully Funded
SAV-01073,CUST-01073,542.0,43092.96,0.1576,Fully Funded
SAV-01074,CUST-01074,1519.67,61954.69,0.2172,Fully Funded
SAV-01075,CUST-01075,2532.67,69358.24,0.1878,Fully Funded
SAV-01076,CUST-01076,223.78,15772.57,0.1648,Fully Funded
SAV-01077,CUST-01077,704.46,29280.75,0.1009,Partially Funded
SAV-01078,CUST-01078,593.77,38112.69,0.2319,Fully Funded
SAV-01079,CUST-01079,975.64,66341.76,0.1946,Fully Funded
SAV-01080,CUST-01080,434.61,38112.16,0.0951,Fully Funded
SAV-01081,CUST-01081,824.26,63632.34,0.147,Fully Funded
SAV-01082,CUST-01082,860.07,83681.63,0.1046,Fully Funded
SAV-01083,CUST-01083,492.29,39897.39,0.107,Fully Funded
SAV-01084,CUST-01084,850.86,30569.25,0.0934,Partially Funded
SAV-01085,CUST-01085,1514.16,52164.17,0.2469,Fully Funded
SAV-01086,CUST-01086,1628.7,23491.19,0.2375,Partially Funded
SAV-01087,CUST-01087,685.03,13692.25,0.1664,Partially Funded
SAV-01088,CUST-01088,2405.54,108015.29,0.223,Fully Funded
SAV-01089,CUST-01089,747.76,29939.04,0.0848,Partially Funded
SAV-01090,CUST-01090,1003.85,75489.4,0.1325,Fully Funded
SAV-01091,CUST-01091,881.54,39732.19,0.0855,Partially Funded
SAV-01092,CUST-01092,636.91,40282.14,0.1213,Fully Funded
SAV-01093,CUST-01093,303.85,7668.96,0.1566,Partially Funded
SAV-01094,CUST-01094,178.26,9566.63,0.1416,Fully Funded
SAV-01095,CUST-01095,1687.49,55273.95,0.2144,Fully Funded
SAV-01096,CUST-01096,930.24,106027.05,0.2139,Fully Funded
SAV-01097,CUST-01097,474.8,41722.87,0.1459,Fully Funded
SAV-01098,CUST-01098,1424.9,72472.85,0.2252,Fully Funded
SAV-01099,CUST-01099,431.7,31376.74,0.0913,Fully Funded
SAV-01100,CUST-01100,1393.95,150607.95,0.1471,Fully Funded
SAV-01101,CUST-01101,964.36,62307.83,0.1532,Fully Funded
SAV-01102,CUST-01102,518.95,20171.18,0.1462,Fully Funded
SAV-01103,CUST-01103,638.76,68843.57,0.1903,Fully Funded
SAV-01104,CUST-01104,1038.66,61136.55,0.0856,Fully Funded
SAV-01105,CUST-01105,1274.14,80348.56,0.1118,Fully Funded
SAV-01106,CUST-01106,1831.25,86500.63,0.1598,Fully Funded
SAV-01107,CUST-01107,1034.62,120204.48,0.1269,Fully Funded
SAV-01108,CUST-01108,849.63,23577.76,0.0689,Low
SAV-01109,CUST-01109,664.56,35382.35,0.146,Fully Funded
SAV-01110,CUST-01110,633.98,49092.25,0.1708,Fully Funded
SAV-01111,CUST-01111,811.69,44453.54,0.1927,Fully Funded
SAV-01112,CUST-01112,899.59,35127.65,0.1063,Partially Funded
SAV-01113,CUST-01113,352.23,5121.67,0.0897,Low
SAV-01114,CUST-01114,283.93,16787.36,0.0557,Partially Funded
SAV-01115,CUST-01115,1200.94,34610.44,0.1574,Fully Funded
SAV-01116,CUST-01116,262.95,15347.89,0.2052,Fully Funded
SAV-01117,CUST-01117,388.49,36431.66,0.1481,Fully Funded
SAV-01118,CUST-01118,833.22,20069.21,0.1458,Partially Funded
SAV-01119,CUST-01119,1477.94,125328.74,0.1698,Fully Funded
SAV-01120,CUST-01120,429.52,17804.13,0.0717,Partially Funded
SAV-01121,CUST-01121,1303.04,59475.37,0.128,Fully Funded
SAV-01122,CUST-01122,2073.26,125217.14,0.1957,Fully Funded
SAV-01123,CUST-01123,592.7,28836.05,0.141,Fully Funded
SAV-01124,CUST-01124,1300.25,19791.16,0.1344,Low
SAV-01125,CUST-01125,2053.26,100362.14,0.2739,Fully Funded
SAV-01126,CUST-01126,763.71,59005.58,0.2436,Fully Funded
SAV-01127,CUST-01127,542.64,15400.03,0.1861,Fully Funded
SAV-01128,CUST-01128,801.22,20721.45,0.1425,Partially Funded
SAV-01129,CUST-01129,918.92,46832.87,0.205,Fully Funded
SAV-01130,CUST-01130,956.31,66834.32,0.2002,Fully Funded
SAV-01131,CUST-01131,1675.07,93779.44,0.1885,Fully Funded
SAV-01132,CUST-01132,815.96,44047.68,0.1836,Fully Funded
SAV-01133,CUST-01133,423.58,19418.16,0.1828,Fully Funded
SAV-01134,CUST-01134,1464.86,163905.39,0.1575,Fully Funded
SAV-01135,CUST-01135,736.77,43439.27,0.2114,Fully Funded
SAV-01136,CUST-01136,780.0,91020.12,0.1636,Fully Funded
SAV-01137,CUST-01137,856.63,14581.54,0.103,Low
SAV-01138,CUST-01138,749.8,39537.84,0.0778,Partially Funded
SAV-01139,CUST-01139,584.31,43386.22,0.1434,Fully Funded
SAV-01140,CUST-01140,1886.37,143898.12,0.2136,Fully Funded
SAV-01141,CUST-01141,915.95,57193.55,0.2192,Fully Funded
SAV-01142,CUST-01142,1015.56,49735.92,0.2382,Fully Funded
SAV-01143,CUST-01143,844.95,18153.44,0.1383,Partially Funded
SAV-01144,CUST-01144,105.23,3874.34,0.0499,Low
SAV-01145,CUST-01145,349.51,10732.53,0.154,Fully Funded
SAV-01146,CUST-01146,1317.91,32610.17,0.1256,Partially Funded
SAV-01147,CUST-01147,907.51,67441.87,0.1584,Fully Funded
SAV-01148,CUST-01148,210.37,7671.46,0.1857,Fully Funded
SAV-01149,CUST-01149,693.11,31276.08,0.1937,Fully Funded
SAV-01150,CUST-01150,621.25,10846.35,0.1375,Partially Funded
SAV-01151,CUST-01151,1081.47,70464.39,0.0999,Fully Funded
SAV-01152,CUST-01152,880.67,86111.64,0.1215,Fully Funded
SAV-01153,CUST-01153,654.9,34797.88,0.2112,Fully Funded
SAV-01154,CUST-01154,868.58,39700.6,0.1272,Fully Funded
SAV-01155,CUST-01155,1048.35,58667.63,0.1452,Fully Funded
SAV-01156,CUST-01156,772.76,44430.77,0.1949,Fully Funded
SAV-01157,CUST-01157,1202.14,22404.73,0.1963,Partially Funded
SAV-01158,CUST-01158,1357.69,44740.49,0.2025,Fully Funded
SAV-01159,CUST-01159,416.87,24944.39,0.1014,Fully Funded
SAV-01160,CUST-01160,551.16,20359.72,0.1527,Fully Funded
SAV-01161,CUST-01161,873.95,43093.9,0.0821,Partially Funded
SAV-01162,CUST-01162,1350.14,13287.33,0.2348,Partially Funded
SAV-01163,CUST-01163,1330.72,86031.61,0.1723,Fully Funded
SAV-01164,CUST-01164,127.5,10688.22,0.1185,Fully Funded
SAV-01165,CUST-01165,321.24,34938.14,0.1061,Fully Funded
SAV-01166,CUST-01166,2243.62,158399.31,0.2353,Fully Funded
SAV-01167,CUST-01167,2116.71,57778.92,0.1859,Fully Funded
SAV-01168,CUST-01168,226.6,8694.84,0.0937,Partially Funded
SAV-01169,CUST-01169,1501.78,107302.37,0.1885,Fully Funded
SAV-01170,CUST-01170,1880.22,33465.52,0.2448,Fully Funded
SAV-01171,CUST-01171,963.56,14494.7,0.1575,Partially Funded
SAV-01172,CUST-01172,953.54,48605.07,0.1263,Fully Funded
SAV-01173,CUST-01173,2960.85,330532.53,0.2138,Fully Funded
SAV-01174,CUST-01174,337.2,22139.29,0.1692,Fully Funded
SAV-01175,CUST-01175,1248.85,124290.07,0.1257,Fully Funded
SAV-01176,CUST-01176,667.1,47598.14,0.1044,Fully Funded
SAV-01177,CUST-01177,1052.66,42077.78,0.1569,Fully Funded
SAV-01178,CUST-01178,956.01,35759.13,0.1372,Fully Funded
SAV-01179,CUST-01179,697.06,13226.04,0.1653,Partially Funded
SAV-01180,CUST-01180,1378.48,139267.56,0.2968,Fully Funded
SAV-01181,CUST-01181,1627.72,62356.69,0.2641,Fully Funded
SAV-01182,CUST-01182,409.17,39945.08,0.0999,Fully Funded
SAV-01183,CUST-01183,1193.19,60036.75,0.2269,Fully Funded
SAV-01184,CUST-01184,870.02,37280.07,0.1518,Fully Funded
SAV-01185,CUST-01185,1492.18,95135.68,0.1894,Fully Funded
SAV-01186,CUST-01186,2111.62,99532.26,0.2423,Fully Funded
SAV-01187,CUST-01187,615.52,53544.15,0.1786,Fully Funded
SAV-01188,CUST-01188,1620.22,96236.11,0.2093,Fully Funded
SAV-01189,CUST-01189,882.3,46284.95,0.1404,Fully Funded
SAV-01190,CUST-01190,696.33,45410.17,0.0672,Partially Funded
SAV-01191,CUST-01191,477.41,23243.87,0.2087,Fully Funded
SAV-01192,CUST-01192,899.83,42238.46,0.1795,Fully Funded
SAV-01193,CUST-01193,592.28,34357.29,0.1333,Fully Funded
SAV-01194,CUST-01194,227.47,5445.19,0.2038,Fully Funded
SAV-01195,CUST-01195,985.91,18345.32,0.2043,Partially Funded
SAV-01196,CUST-01196,2007.03,137773.84,0.1841,Fully Funded
SAV-01197,CUST-01197,893.15,30682.59,0.2178,Fully Funded
SAV-01198,CUST-01198,2339.81,100619.9,0.1926,Fully Funded
SAV-01199,CUST-01199,1255.1,65770.07,0.2128,Fully Funded
SAV-01200,CUST-01200,1349.71,141041.66,0.2107,Fully Funded
SAV-01201,CUST-01201,1163.46,111641.26,0.212,Fully Funded
SAV-01202,CUST-01202,1016.76,67203.99,0.1074,Fully Funded
SAV-01203,CUST-01203,361.04,23333.2,0.2335,Fully Funded
SAV-01204,CUST-01204,1826.83,196296.62,0.1901,Fully Funded
SAV-01205,CUST-01205,3265.25,263738.35,0.213,Fully Funded
SAV-01206,CUST-01206,684.99,40778.96,0.1579,Fully Funded
SAV-01207,CUST-01207,152.08,8436.85,0.1797,Fully Funded
SAV-01208,CUST-01208,3508.6,134433.22,0.2747,Fully Funded
SAV-01209,CUST-01209,738.93,42208.62,0.101,Fully Funded
SAV-01210,CUST-01210,918.88,58627.65,0.158,Fully Funded
SAV-01211,CUST-01211,750.53,24531.35,0.1615,Fully Funded
SAV-01212,CUST-01212,1120.8,67389.28,0.1287,Fully Funded
SAV-01213,CUST-01213,723.69,7896.66,0.1405,Low
SAV-01214,CUST-01214,614.06,34001.14,0.1864,Fully Funded
SAV-01215,CUST-01215,922.19,40446.07,0.1903,Fully Funded
SAV-01216,CUST-01216,647.41,34659.65,0.1232,Fully Funded
SAV-01217,CUST-01217,118.73,6826.47,0.1108,Fully Funded
SAV-01218,CUST-01218,1465.0,47988.33,0.1865,Fully Funded
SAV-01219,CUST-01219,1911.23,70625.14,0.2233,Fully Funded
SAV-01220,CUST-01220,590.3,62541.24,0.0908,Fully Funded
SAV-01221,CUST-01221,864.2,46193.87,0.1413,Fully Funded
SAV-01222,CUST-01222,449.72,18023.92,0.1027,Partially Funded
SAV-01223,CUST-01223,1019.43,50920.51,0.1094,Fully Funded
SAV-01224,CUST-01224,2152.34,64348.53,0.2198,Fully Funded
SAV-01225,CUST-01225,921.21,36555.98,0.1592,Fully Funded
SAV-01226,CUST-01226,960.39,28020.03,0.1734,Fully Funded
SAV-01227,CUST-01227,285.37,9796.07,0.0712,Low
SAV-01228,CUST-01228,944.74,33123.15,0.2046,Fully Funded
SAV-01229,CUST-01229,176.85,11832.81,0.1578,Fully Funded
SAV-01230,CUST-01230,2658.2,43738.11,0.2435,Fully Funded
SAV-01231,CUST-01231,506.76,32708.05,0.0944,Fully Funded
SAV-01232,CUST-01232,1337.27,20732.78,0.1312,Low
SAV-01233,CUST-01233,644.41,38586.47,0.0623,Partially Funded
SAV-01234,CUST-01234,978.0,37990.42,0.1554,Fully Funded
SAV-01235,CUST-01235,558.58,58648.12,0.0993,Fully Funded
SAV-01236,CUST-01236,759.09,69863.59,0.1406,Fully Funded
SAV-01237,CUST-01237,139.98,6688.23,0.1409,Fully Funded
SAV-01238,CUST-01238,615.09,46483.96,0.1098,Fully Funded
SAV-01239,CUST-01239,690.84,31280.62,0.194,Fully Funded
SAV-01240,CUST-01240,865.7,44729.64,0.0724,Partially Funded
SAV-01241,CUST-01241,943.03,25964.48,0.1604,Partially Funded
SAV-01242,CUST-01242,667.04,17920.21,0.1122,Partially Funded
SAV-01243,CUST-01243,465.91,25856.12,0.1155,Fully Funded
SAV-01244,CUST-01244,751.86,20011.92,0.1127,Partially Funded
SAV-01245,CUST-01245,949.35,34067.69,0.1507,Fully Funded
SAV-01246,CUST-01246,575.79,20629.43,0.1388,Fully Funded
SAV-01247,CUST-01247,1234.24,99316.15,0.1354,Fully Funded
SAV-01248,CUST-01248,895.48,30419.52,0.1824,Fully Funded
SAV-01249,CUST-01249,2782.2,197897.2,0.1945,Fully Funded
SAV-01250,CUST-01250,686.53,54596.52,0.1907,Fully Funded
SAV-01251,CUST-01251,982.71,94451.69,0.2647,Fully Funded
SAV-01252,CUST-01252,1899.93,64559.82,0.2161,Fully Funded
SAV-01253,CUST-01253,967.86,43083.73,0.1331,Fully Funded
SAV-01254,CUST-01254,868.8,40128.86,0.1486,Fully Funded
SAV-01255,CUST-01255,882.37,58895.72,0.1734,Fully Funded
SAV-01256,CUST-01256,120.78,8611.84,0.1059,Fully Funded
SAV-01257,CUST-01257,329.27,25417.74,0.1059,Fully Funded
SAV-01258,CUST-01258,1778.21,40553.53,0.1897,Partially Funded
SAV-01259,CUST-01259,1763.36,104546.11,0.2041,Fully Funded
SAV-01260,CUST-01260,1249.48,78659.77,0.1845,Fully Funded
SAV-01261,CUST-01261,410.47,14144.05,0.123,Partially Funded
SAV-01262,CUST-01262,2319.02,53313.44,0.1529,Partially Funded
SAV-01263,CUST-01263,302.23,24648.22,0.0952,Fully Funded
SAV-01264,CUST-01264,885.42,67576.74,0.155,Fully Funded
SAV-01265,CUST-01265,1478.55,97343.64,0.1529,Fully Funded
SAV-01266,CUST-01266,721.22,23142.11,0.2064,Fully Funded
SAV-01267,CUST-01267,245.67,4839.59,0.1949,Partially Funded
SAV-01268,CUST-01268,1255.91,19865.84,0.1524,Low
SAV-01269,CUST-01269,1894.57,133713.9,0.1837,Fully Funded
SAV-01270,CUST-01270,300.39,6137.23,0.0789,Low
SAV-01271,CUST-01271,1217.12,57194.0,0.1917,Fully Funded
SAV-01272,CUST-01272,1104.75,39007.94,0.1243,Partially Funded
SAV-01273,CUST-01273,479.96,11818.96,0.1071,Partially Funded
SAV-01274,CUST-01274,763.29,40931.96,0.1681,Fully Funded
SAV-01275,CUST-01275,478.75,13471.44,0.1213,Partially Funded
SAV-01276,CUST-01276,1946.1,53939.19,0.1481,Partially Funded
SAV-01277,CUST-01277,710.59,22414.35,0.1935,Fully Funded
SAV-01278,CUST-01278,959.24,59553.72,0.2025,Fully Funded
SAV-01279,CUST-01279,320.72,25926.01,0.0818,Fully Funded
SAV-01280,CUST-01280,400.03,31049.87,0.1248,Fully Funded
SAV-01281,CUST-01281,1329.69,130145.1,0.1611,Fully Funded
SAV-01282,CUST-01282,868.01,13159.73,0.2776,Fully Funded
SAV-01283,CUST-01283,1108.59,86491.68,0.1197,Fully Funded
SAV-01284,CUST-01284,1432.31,104147.48,0.1784,Fully Funded
SAV-01285,CUST-01285,1131.85,101476.38,0.1298,Fully Funded
SAV-01286,CUST-01286,809.1,32379.34,0.1319,Fully Funded
SAV-01287,CUST-01287,134.27,2419.07,0.1589,Partially Funded
SAV-01288,CUST-01288,135.84,4411.06,0.1506,Partially Funded
SAV-01289,CUST-01289,647.25,46807.63,0.1207,Fully Funded
SAV-01290,CUST-01290,2071.11,214973.03,0.161,Fully Funded
SAV-01291,CUST-01291,1758.38,91930.62,0.2758,Fully Funded
SAV-01292,CUST-01292,591.3,16985.49,0.1926,Fully Funded
SAV-01293,CUST-01293,2531.99,254336.05,0.2298,Fully Funded
SAV-01294,CUST-01294,1278.73,116693.62,0.1299,Fully Funded
SAV-01295,CUST-01295,239.14,25140.67,0.1088,Fully Funded
SAV-01296,CUST-01296,737.27,68203.82,0.1189,Fully Funded
SAV-01297,CUST-01297,1230.7,50851.6,0.2089,Fully Funded
SAV-01298,CUST-01298,657.39,43841.52,0.0851,Fully Funded
SAV-01299,CUST-01299,236.6,10288.43,0.1432,Fully Funded
SAV-01300,CUST-01300,209.98,13747.25,0.259,Fully Funded
SAV-01301,CUST-01301,983.56,61923.26,0.1422,Fully Funded
SAV-01302,CUST-01302,2222.21,103221.64,0.2528,Fully Funded
SAV-01303,CUST-01303,2316.1,122796.66,0.2043,Fully Funded
SAV-01304,CUST-01304,236.0,16536.18,0.1377,Fully Funded
SAV-01305,CUST-01305,585.2,10107.62,0.066,Low
SAV-01306,CUST-01306,261.8,8231.11,0.0927,Partially Funded
SAV-01307,CUST-01307,1419.93,62843.15,0.197,Fully Funded
SAV-01308,CUST-01308,1244.75,99335.39,0.2549,Fully Funded
SAV-01309,CUST-01309,1769.63,60883.32,0.2309,Fully Funded
SAV-01310,CUST-01310,1456.82,94418.87,0.0784,Fully Funded
SAV-01311,CUST-01311,718.58,38107.16,0.2284,Fully Funded
SAV-01312,CUST-01312,334.85,13087.03,0.0746,Partially Funded
SAV-01313,CUST-01313,1108.2,58310.91,0.1492,Fully Funded
SAV-01314,CUST-01314,400.19,18553.77,0.0923,Partially Funded
SAV-01315,CUST-01315,1569.47,102466.41,0.2481,Fully Funded
SAV-01316,CUST-01316,1252.23,58779.98,0.1793,Fully Funded
SAV-01317,CUST-01317,1303.49,27120.48,0.2054,Fully Funded
SAV-01318,CUST-01318,545.05,43391.09,0.1331,Fully Funded
SAV-01319,CUST-01319,612.98,44653.31,0.1583,Fully Funded
SAV-01320,CUST-01320,1359.8,36621.94,0.286,Fully Funded
SAV-01321,CUST-01321,711.12,55001.93,0.0884,Fully Funded
SAV-01322,CUST-01322,2957.47,89173.68,0.2722,Fully Funded
SAV-01323,CUST-01323,735.33,47090.37,0.109,Fully Funded
SAV-01324,CUST-01324,1293.46,51287.97,0.1671,Fully Funded
SAV-01325,CUST-01325,739.18,19677.51,0.1387,Partially Funded
SAV-01326,CUST-01326,738.5,40312.96,0.1422,Fully Funded
SAV-01327,CUST-01327,1438.2,126275.51,0.2346,Fully Funded
SAV-01328,CUST-01328,530.6,46438.13,0.1115,Fully Funded
SAV-01329,CUST-01329,1079.67,61698.57,0.135,Fully Funded
SAV-01330,CUST-01330,753.27,43171.56,0.1343,Fully Funded
SAV-01331,CUST-01331,1974.2,109779.49,0.2176,Fully Funded
SAV-01332,CUST-01332,1546.98,106002.47,0.165,Fully Funded
SAV-01333,CUST-01333,1402.7,102394.51,0.2314,Fully Funded
SAV-01334,CUST-01334,333.17,19830.11,0.1084,Fully Funded
SAV-01335,CUST-01335,486.39,35176.43,0.1137,Fully Funded
SAV-01336,CUST-01336,587.48,9673.89,0.1358,Low
SAV-01337,CUST-01337,74.98,9617.27,0.1305,Fully Funded
SAV-01338,CUST-01338,875.96,35074.68,0.1711,Fully Funded
SAV-01339,CUST-01339,1125.46,42568.19,0.1403,Fully Funded
SAV-01340,CUST-01340,1524.16,148047.32,0.1408,Fully Funded
SAV-01341,CUST-01341,1327.32,43062.7,0.2386,Fully Funded
SAV-01342,CUST-01342,495.57,29149.84,0.1135,Fully Funded
SAV-01343,CUST-01343,498.87,51522.24,0.0742,Fully Funded
SAV-01344,CUST-01344,881.3,79087.04,0.1734,Fully Funded
SAV-01345,CUST-01345,1513.64,94333.46,0.2479,Fully Funded
SAV-01346,CUST-01346,1783.99,156640.52,0.1907,Fully Funded
SAV-01347,CUST-01347,728.03,32191.53,0.1278,Fully Funded
SAV-01348,CUST-01348,1047.69,34355.17,0.1578,Fully Funded
SAV-01349,CUST-01349,1062.1,41156.6,0.1539,Fully Funded
SAV-01350,CUST-01350,669.63,38854.83,0.1658,Fully Funded
SAV-01351,CUST-01351,819.53,26892.96,0.1382,Partially Funded
SAV-01352,CUST-01352,890.44,72556.66,0.247,Fully Funded
SAV-01353,CUST-01353,1197.48,92690.07,0.2138,Fully Funded
SAV-01354,CUST-01354,656.7,44750.27,0.1074,Fully Funded
SAV-01355,CUST-01355,917.43,91327.83,0.1241,Fully Funded
SAV-01356,CUST-01356,952.64,75929.29,0.1893,Fully Funded
SAV-01357,CUST-01357,1909.37,131902.65,0.131,Fully Funded
SAV-01358,CUST-01358,478.8,42689.31,0.0945,Fully Funded
SAV-01359,CUST-01359,391.01,26966.51,0.1756,Fully Funded
SAV-01360,CUST-01360,79.74,6734.16,0.1467,Fully Funded
SAV-01361,CUST-01361,631.26,20324.61,0.1082,Partially Funded
SAV-01362,CUST-01362,155.23,14004.53,0.0911,Fully Funded
SAV-01363,CUST-01363,798.7,33179.77,0.1632,Fully Funded
SAV-01364,CUST-01364,1757.95,107037.19,0.2699,Fully Funded
SAV-01365,CUST-01365,721.16,48062.45,0.1445,Fully Funded
SAV-01366,CUST-01366,1307.42,24774.24,0.1602,Partially Funded
SAV-01367,CUST-01367,732.4,52139.89,0.1233,Fully Funded
SAV-01368,CUST-01368,1903.38,126017.37,0.2038,Fully Funded
SAV-01369,CUST-01369,909.39,80664.76,0.2053,Fully Funded
SAV-01370,CUST-01370,1284.59,75520.99,0.1433,Fully Funded
SAV-01371,CUST-01371,786.11,22470.12,0.139,Partially Funded
SAV-01372,CUST-01372,1044.82,27911.71,0.1676,Partially Funded
SAV-01373,CUST-01373,408.03,39505.51,0.1343,Fully Funded
SAV-01374,CUST-01374,1555.95,69562.03,0.2171,Fully Funded
SAV-01375,CUST-01375,882.75,54299.85,0.2052,Fully Funded
SAV-01376,CUST-01376,878.93,54757.49,0.1735,Fully Funded
SAV-01377,CUST-01377,1366.19,17649.76,0.207,Partially Funded
SAV-01378,CUST-01378,608.47,26837.6,0.1556,Fully Funded
SAV-01379,CUST-01379,872.69,44943.96,0.195,Fully Funded
SAV-01380,CUST-01380,163.52,2075.4,0.1065,Low
SAV-01381,CUST-01381,997.91,50516.41,0.1974,Fully Funded
SAV-01382,CUST-01382,2928.47,213671.98,0.2388,Fully Funded
SAV-01383,CUST-01383,378.76,29768.86,0.2762,Fully Funded
SAV-01384,CUST-01384,406.92,20966.41,0.0987,Fully Funded
SAV-01385,CUST-01385,1029.77,26066.16,0.2483,Fully Funded
SAV-01386,CUST-01386,65.13,2539.82,0.0688,Partially Funded
SAV-01387,CUST-01387,1250.19,31053.65,0.1648,Partially Funded
SAV-01388,CUST-01388,1501.11,30463.89,0.1403,Partially Funded
SAV-01389,CUST-01389,779.16,53613.65,0.1801,Fully Funded
SAV-01390,CUST-01390,1720.74,43110.05,0.2638,Fully Funded
SAV-01391,CUST-01391,240.25,21194.76,0.0489,Partially Funded
SAV-01392,CUST-01392,1298.98,146576.53,0.1456,Fully Funded
SAV-01393,CUST-01393,594.41,16811.44,0.1022,Partially Funded
SAV-01394,CUST-01394,589.04,11803.05,0.1617,Partially Funded
SAV-01395,CUST-01395,1719.79,168280.09,0.2305,Fully Funded
SAV-01396,CUST-01396,939.13,53540.71,0.2156,Fully Funded
SAV-01397,CUST-01397,404.46,33246.95,0.062,Partially Funded
SAV-01398,CUST-01398,2117.71,50758.53,0.2805,Fully Funded
SAV-01399,CUST-01399,1192.17,79710.34,0.2245,Fully Funded
SAV-01400,CUST-01400,698.77,64842.3,0.1196,Fully Funded
SAV-01401,CUST-01401,1204.11,27275.07,0.1582,Partially Funded
SAV-01402,CUST-01402,2010.41,76686.31,0.13,Fully Funded
SAV-01403,CUST-01403,377.8,34266.09,0.0813,Fully Funded
SAV-01404,CUST-01404,191.58,15724.36,0.1639,Fully Funded
SAV-01405,CUST-01405,2519.12,282472.56,0.2152,Fully Funded
SAV-01406,CUST-01406,1020.12,87411.75,0.1465,Fully Funded
SAV-01407,CUST-01407,2268.0,37742.05,0.2469,Fully Funded
SAV-01408,CUST-01408,644.55,55149.38,0.1496,Fully Funded
SAV-01409,CUST-01409,1269.35,14357.46,0.1581,Low
SAV-01410,CUST-01410,1381.16,146298.85,0.1838,Fully Funded
SAV-01411,CUST-01411,744.32,22322.79,0.1743,Fully Funded
SAV-01412,CUST-01412,996.02,27917.9,0.1457,Partially Funded
SAV-01413,CUST-01413,683.27,63554.74,0.1376,Fully Funded
SAV-01414,CUST-01414,146.6,2233.15,0.1738,Partially Funded
SAV-01415,CUST-01415,582.9,25709.38,0.0908,Partially Funded
SAV-01416,CUST-01416,961.18,103911.02,0.1877,Fully Funded
SAV-01417,CUST-01417,1224.16,44393.62,0.2035,Fully Funded
SAV-01418,CUST-01418,1810.69,71877.39,0.1347,Fully Funded
SAV-01419,CUST-01419,710.07,29063.47,0.1647,Fully Funded
SAV-01420,CUST-01420,504.36,12790.69,0.1523,Partially Funded
SAV-01421,CUST-01421,1838.83,70304.6,0.2093,Fully Funded
SAV-01422,CUST-01422,457.6,14109.49,0.122,Partially Funded
SAV-01423,CUST-01423,156.46,9921.85,0.2095,Fully Funded
SAV-01424,CUST-01424,1200.46,55955.5,0.2517,Fully Funded
SAV-01425,CUST-01425,1249.48,40012.79,0.1126,Partially Funded
SAV-01426,CUST-01426,302.21,7512.89,0.0839,Low
SAV-01427,CUST-01427,768.97,40733.87,0.1726,Fully Funded
SAV-01428,CUST-01428,2890.51,42559.19,0.1737,Partially Funded
SAV-01429,CUST-01429,2825.61,226258.45,0.1695,Fully Funded
SAV-01430,CUST-01430,822.47,99064.98,0.1458,Fully Funded
SAV-01431,CUST-01431,774.62,30713.0,0.1308,Fully Funded
SAV-01432,CUST-01432,601.9,38139.56,0.1345,Fully Funded
SAV-01433,CUST-01433,1291.26,90512.04,0.1529,Fully Funded
SAV-01434,CUST-01434,697.7,36190.14,0.1845,Fully Funded
SAV-01435,CUST-01435,1013.96,73841.12,0.1183,Fully Funded
SAV-01436,CUST-01436,395.29,20374.51,0.2151,Fully Funded
SAV-01437,CUST-01437,797.5,53411.93,0.1752,Fully Funded
SAV-01438,CUST-01438,1830.74,166573.67,0.1502,Fully Funded
SAV-01439,CUST-01439,2483.83,103876.71,0.1688,Fully Funded
SAV-01440,CUST-01440,1292.04,47944.52,0.159,Fully Funded
SAV-01441,CUST-01441,632.53,50303.45,0.1548,Fully Funded
SAV-01442,CUST-01442,416.33,33917.95,0.1277,Fully Funded
SAV-01443,CUST-01443,453.67,34452.45,0.2432,Fully Funded
SAV-01444,CUST-01444,632.41,21231.52,0.1344,Fully Funded
SAV-01445,CUST-01445,431.51,19289.59,0.1121,Partially Funded
SAV-01446,CUST-01446,1625.91,50803.64,0.1688,Fully Funded
SAV-01447,CUST-01447,594.12,7605.18,0.1943,Partially Funded
SAV-01448,CUST-01448,1683.88,29947.84,0.1931,Partially Funded
SAV-01449,CUST-01449,1611.3,161236.78,0.2323,Fully Funded
SAV-01450,CUST-01450,2646.13,252759.73,0.188,Fully Funded
SAV-01451,CUST-01451,2324.74,38407.16,0.2834,Fully Funded
SAV-01452,CUST-01452,1043.28,69061.95,0.1852,Fully Funded
SAV-01453,CUST-01453,590.64,47222.11,0.1583,Fully Funded
SAV-01454,CUST-01454,527.24,15922.19,0.256,Fully Funded
SAV-01455,CUST-01455,1161.76,45642.91,0.2042,Fully Funded
SAV-01456,CUST-01456,1060.3,85704.14,0.1938,Fully Funded
SAV-01457,CUST-01457,559.43,37473.24,0.2562,Fully Funded
SAV-01458,CUST-01458,777.01,48683.39,0.2019,Fully Funded
SAV-01459,CUST-01459,905.21,27789.36,0.2657,Fully Funded
SAV-01460,CUST-01460,3680.63,157512.89,0.2786,Fully Funded
SAV-01461,CUST-01461,505.69,25257.79,0.1594,Fully Funded
SAV-01462,CUST-01462,436.66,32652.09,0.1393,Fully Funded
SAV-01463,CUST-01463,403.46,9292.73,0.1142,Partially Funded
SAV-01464,CUST-01464,506.32,24205.26,0.121,Fully Funded
SAV-01465,CUST-01465,705.68,41076.1,0.1784,Fully Funded
SAV-01466,CUST-01466,2052.52,123510.38,0.1863,Fully Funded
SAV-01467,CUST-01467,850.51,34726.34,0.2313,Fully Funded
SAV-01468,CUST-01468,862.35,65968.53,0.1699,Fully Funded
SAV-01469,CUST-01469,1000.38,83558.52,0.1962,Fully Funded
SAV-01470,CUST-01470,3773.02,232138.45,0.2392,Fully Funded
SAV-01471,CUST-01471,677.39,43158.05,0.2305,Fully Funded
SAV-01472,CUST-01472,506.68,49706.36,0.1634,Fully Funded
SAV-01473,CUST-01473,1679.39,98256.77,0.1927,Fully Funded
SAV-01474,CUST-01474,105.8,7248.79,0.149,Fully Funded
SAV-01475,CUST-01475,437.16,32254.56,0.2275,Fully Funded
SAV-01476,CUST-01476,109.92,6974.11,0.1075,Fully Funded
SAV-01477,CUST-01477,1085.38,14875.68,0.181,Partially Funded
SAV-01478,CUST-01478,1551.3,109380.01,0.2259,Fully Funded
SAV-01479,CUST-01479,356.66,18206.53,0.056,Partially Funded
SAV-01480,CUST-01480,1266.82,44780.3,0.2187,Fully Funded
SAV-01481,CUST-01481,526.17,10140.51,0.1216,Low
SAV-01482,CUST-01482,1627.36,120612.75,0.2101,Fully Funded
SAV-01483,CUST-01483,1068.03,59883.23,0.1177,Fully Funded
SAV-01484,CUST-01484,466.5,24629.62,0.1036,Fully Funded
SAV-01485,CUST-01485,2133.44,80493.23,0.2547,Fully Funded
SAV-01486,CUST-01486,2710.54,62261.0,0.3049,Fully Funded
SAV-01487,CUST-01487,724.55,43589.99,0.129,Fully Funded
SAV-01488,CUST-01488,1563.23,56716.37,0.1919,Fully Funded
SAV-01489,CUST-01489,722.13,67559.39,0.1023,Fully Funded
SAV-01490,CUST-01490,1077.49,67472.73,0.2291,Fully Funded
SAV-01491,CUST-01491,365.32,7473.55,0.146,Partially Funded
SAV-01492,CUST-01492,1585.59,83247.78,0.2172,Fully Funded
SAV-01493,CUST-01493,787.84,88764.22,0.1618,Fully Funded
SAV-01494,CUST-01494,172.64,5791.67,0.1136,Partially Funded
SAV-01495,CUST-01495,718.55,33000.74,0.1211,Fully Funded
SAV-01496,CUST-01496,2145.33,145120.22,0.166,Fully Funded
SAV-01497,CUST-01497,3064.55,147603.74,0.2199,Fully Funded
SAV-01498,CUST-01498,1895.15,100281.44,0.2057,Fully Funded
SAV-01499,CUST-01499,578.72,41129.24,0.0857,Fully Funded
SAV-01500,CUST-01500,843.23,63025.8,0.159,Fully Funded
SAV-01501,CUST-01501,1299.24,80516.02,0.1783,Fully Funded
SAV-01502,CUST-01502,1842.72,60083.96,0.2089,Fully Funded
SAV-01503,CUST-01503,3543.71,60936.74,0.2892,Fully Funded
SAV-01504,CUST-01504,1036.44,71144.97,0.1504,Fully Funded
SAV-01505,CUST-01505,1089.84,66459.13,0.1889,Fully Funded
SAV-01506,CUST-01506,1089.59,125620.83,0.2047,Fully Funded
SAV-01507,CUST-01507,340.3,15434.31,0.0877,Partially Funded
SAV-01508,CUST-01508,1078.23,19848.28,0.1615,Partially Funded
SAV-01509,CUST-01509,1203.5,77850.95,0.2643,Fully Funded
SAV-01510,CUST-01510,1325.3,38497.32,0.1263,Partially Funded
SAV-01511,CUST-01511,452.88,14672.19,0.18,Fully Funded
SAV-01512,CUST-01512,1049.68,58977.37,0.14,Fully Funded
SAV-01513,CUST-01513,492.9,5976.47,0.0808,Low
SAV-01514,CUST-01514,604.47,27064.14,0.1183,Fully Funded
SAV-01515,CUST-01515,417.7,14064.42,0.0654,Low
SAV-01516,CUST-01516,346.21,24169.56,0.1429,Fully Funded
SAV-01517,CUST-01517,1727.07,155010.9,0.1738,Fully Funded
SAV-01518,CUST-01518,894.54,28916.64,0.2545,Fully Funded
SAV-01519,CUST-01519,407.73,22686.23,0.0669,Partially Funded
SAV-01520,CUST-01520,1197.69,56185.94,0.1412,Fully Funded
SAV-01521,CUST-01521,880.35,18260.11,0.1636,Partially Funded
SAV-01522,CUST-01522,1036.77,28598.77,0.2456,Fully Funded
SAV-01523,CUST-01523,646.98,25838.41,0.1471,Fully Funded
SAV-01524,CUST-01524,1061.13,39030.75,0.1292,Fully Funded
SAV-01525,CUST-01525,1425.18,23231.45,0.2232,Partially Funded
SAV-01526,CUST-01526,445.8,20859.5,0.0819,Partially Funded
SAV-01527,CUST-01527,1206.55,51559.59,0.1001,Partially Funded
SAV-01528,CUST-01528,848.8,36458.69,0.1459,Fully Funded
SAV-01529,CUST-01529,1494.91,22764.22,0.1802,Partially Funded
SAV-01530,CUST-01530,858.85,10133.85,0.1445,Low
SAV-01531,CUST-01531,990.52,85683.78,0.2113,Fully Funded
SAV-01532,CUST-01532,493.8,37859.24,0.1333,Fully Funded
SAV-01533,CUST-01533,243.55,14397.79,0.1908,Fully Funded
SAV-01534,CUST-01534,716.03,52311.11,0.1541,Fully Funded
SAV-01535,CUST-01535,140.34,9999.76,0.1033,Fully Funded
SAV-01536,CUST-01536,1154.45,37869.46,0.245,Fully Funded
SAV-01537,CUST-01537,1204.2,53909.62,0.1867,Fully Funded
SAV-01538,CUST-01538,1413.96,70046.29,0.1752,Fully Funded
SAV-01539,CUST-01539,1706.1,67291.61,0.2159,Fully Funded
SAV-01540,CUST-01540,264.33,6207.62,0.1911,Partially Funded
SAV-01541,CUST-01541,637.73,27675.49,0.1684,Fully Funded
SAV-01542,CUST-01542,819.74,11882.17,0.2242,Partially Funded
SAV-01543,CUST-01543,477.03,32063.45,0.0447,Partially Funded
SAV-01544,CUST-01544,908.24,16495.48,0.1572,Partially Funded
SAV-01545,CUST-01545,142.8,8332.43,0.1792,Fully Funded
SAV-01546,CUST-01546,929.78,89874.77,0.1454,Fully Funded
SAV-01547,CUST-01547,698.05,57083.81,0.069,Fully Funded
SAV-01548,CUST-01548,52.99,907.38,0.0868,Low
SAV-01549,CUST-01549,465.12,23805.35,0.1378,Fully Funded
SAV-01550,CUST-01550,182.87,14720.13,0.0895,Fully Funded
SAV-01551,CUST-01551,855.75,9711.31,0.0753,No Fund
SAV-01552,CUST-01552,1277.23,57852.59,0.1054,Fully Funded
SAV-01553,CUST-01553,1250.54,120462.7,0.1299,Fully Funded
SAV-01554,CUST-01554,258.01,9432.52,0.2211,Fully Funded
SAV-01555,CUST-01555,447.11,32511.67,0.1114,Fully Funded
SAV-01556,CUST-01556,177.73,14279.46,0.0562,Partially Funded
SAV-01557,CUST-01557,566.16,28804.81,0.0721,Partially Funded
SAV-01558,CUST-01558,819.54,78256.1,0.2276,Fully Funded
SAV-01559,CUST-01559,1451.63,48175.24,0.1261,Partially Funded
SAV-01560,CUST-01560,283.77,17571.98,0.1816,Fully Funded
SAV-01561,CUST-01561,1247.32,27560.72,0.2561,Fully Funded
SAV-01562,CUST-01562,1354.95,120412.99,0.226,Fully Funded
SAV-01563,CUST-01563,992.15,84578.45,0.1121,Fully Funded
SAV-01564,CUST-01564,1432.4,134458.25,0.2109,Fully Funded
SAV-01565,CUST-01565,425.75,16457.53,0.152,Fully Funded
SAV-01566,CUST-01566,416.26,18177.88,0.1371,Fully Funded
SAV-01567,CUST-01567,946.94,87609.27,0.2209,Fully Funded
SAV-01568,CUST-01568,1247.02,43659.99,0.0897,Partially Funded
SAV-01569,CUST-01569,321.66,9833.13,0.1172,Partially Funded
SAV-01570,CUST-01570,137.78,6067.43,0.1153,Fully Funded
SAV-01571,CUST-01571,1240.57,84340.27,0.1961,Fully Funded
SAV-01572,CUST-01572,1398.6,41093.58,0.1858,Fully Funded
SAV-01573,CUST-01573,146.79,6554.47,0.1126,Fully Funded
SAV-01574,CUST-01574,639.67,34459.68,0.1823,Fully Funded
SAV-01575,CUST-01575,824.23,45010.46,0.2095,Fully Funded
SAV-01576,CUST-01576,823.97,38507.84,0.2936,Fully Funded
SAV-01577,CUST-01577,2247.18,90644.51,0.1586,Fully Funded
SAV-01578,CUST-01578,524.1,23417.48,0.1312,Fully Funded
SAV-01579,CUST-01579,744.94,56225.38,0.1647,Fully Funded
SAV-01580,CUST-01580,732.08,25723.08,0.1296,Partially Funded
SAV-01581,CUST-01581,217.96,12516.82,0.0668,Partially Funded
SAV-01582,CUST-01582,602.53,44191.75,0.0996,Fully Funded
SAV-01583,CUST-01583,410.26,11902.82,0.1397,Partially Funded
SAV-01584,CUST-01584,993.64,75957.53,0.2252,Fully Funded
SAV-01585,CUST-01585,2737.89,155898.46,0.2676,Fully Funded
SAV-01586,CUST-01586,436.73,19504.78,0.1374,Fully Funded
SAV-01587,CUST-01587,414.09,31573.7,0.1158,Fully Funded
SAV-01588,CUST-01588,798.81,21035.11,0.118,Partially Funded
SAV-01589,CUST-01589,1798.97,120242.93,0.2434,Fully Funded
SAV-01590,CUST-01590,692.28,71818.57,0.1631,Fully Funded
SAV-01591,CUST-01591,138.5,11773.73,0.1711,Fully Funded
SAV-01592,CUST-01592,1196.24,33262.49,0.1328,Partially Funded
SAV-01593,CUST-01593,478.26,50832.64,0.1343,Fully Funded
SAV-01594,CUST-01594,1472.19,124870.49,0.1715,Fully Funded
SAV-01595,CUST-01595,1067.7,23017.45,0.1404,Partially Funded
SAV-01596,CUST-01596,498.94,61483.43,0.0815,Fully Funded
SAV-01597,CUST-01597,852.8,21007.82,0.1728,Fully Funded
SAV-01598,CUST-01598,979.25,58257.0,0.1392,Fully Funded
SAV-01599,CUST-01599,553.3,29858.6,0.1335,Fully Funded
SAV-01600,CUST-01600,798.9,29574.06,0.2346,Fully Funded
SAV-01601,CUST-01601,1141.08,52268.61,0.1962,Fully Funded
SAV-01602,CUST-01602,1806.23,21162.13,0.2765,Partially Funded
SAV-01603,CUST-01603,1008.41,100251.67,0.1421,Fully Funded
SAV-01604,CUST-01604,836.63,60363.1,0.1783,Fully Funded
SAV-01605,CUST-01605,1712.5,49237.51,0.2598,Fully Funded
SAV-01606,CUST-01606,305.62,11487.54,0.0596,Low
SAV-01607,CUST-01607,485.28,11009.49,0.0826,Low
SAV-01608,CUST-01608,630.92,21265.32,0.1578,Fully Funded
SAV-01609,CUST-01609,561.51,6014.72,0.1467,Low
SAV-01610,CUST-01610,1004.19,12916.73,0.2356,Partially Funded
SAV-01611,CUST-01611,1467.25,56098.49,0.2561,Fully Funded
SAV-01612,CUST-01612,551.69,29787.44,0.0901,Fully Funded
SAV-01613,CUST-01613,362.04,21184.9,0.117,Fully Funded
SAV-01614,CUST-01614,222.11,12985.13,0.0746,Partially Funded
SAV-01615,CUST-01615,575.25,33007.16,0.3216,Fully Funded
SAV-01616,CUST-01616,1703.62,86367.91,0.1392,Fully Funded
SAV-01617,CUST-01617,101.74,7449.58,0.0625,Partially Funded
SAV-01618,CUST-01618,1402.81,27902.51,0.1349,Partially Funded
SAV-01619,CUST-01619,124.05,5766.66,0.1279,Fully Funded
SAV-01620,CUST-01620,220.04,21345.31,0.1352,Fully Funded
SAV-01621,CUST-01621,3242.61,200871.97,0.1879,Fully Funded
SAV-01622,CUST-01622,714.45,57557.02,0.1867,Fully Funded
SAV-01623,CUST-01623,151.63,2752.57,0.1414,Partially Funded
SAV-01624,CUST-01624,538.58,33444.35,0.0828,Fully Funded
SAV-01625,CUST-01625,518.32,28351.43,0.1184,Fully Funded
SAV-01626,CUST-01626,200.56,4866.86,0.1632,Partially Funded
SAV-01627,CUST-01627,525.28,25744.18,0.1441,Fully Funded
SAV-01628,CUST-01628,1544.31,124039.31,0.2463,Fully Funded
SAV-01629,CUST-01629,368.77,18747.36,0.0731,Partially Funded
SAV-01630,CUST-01630,433.79,11891.78,0.1385,Partially Funded
SAV-01631,CUST-01631,549.58,40250.48,0.1697,Fully Funded
SAV-01632,CUST-01632,231.24,7224.63,0.24,Fully Funded
SAV-01633,CUST-01633,1047.96,86378.51,0.1789,Fully Funded
SAV-01634,CUST-01634,1086.02,89870.68,0.2234,Fully Funded
SAV-01635,CUST-01635,327.33,5080.16,0.2488,Fully Funded
SAV-01636,CUST-01636,969.72,38520.7,0.1121,Partially Funded
SAV-01637,CUST-01637,1825.07,52553.91,0.1921,Fully Funded
SAV-01638,CUST-01638,2070.14,107614.64,0.2166,Fully Funded
SAV-01639,CUST-01639,183.19,2570.64,0.1895,Partially Funded
SAV-01640,CUST-01640,1142.68,101803.87,0.2371,Fully Funded
SAV-01641,CUST-01641,1050.84,89507.22,0.1359,Fully Funded
SAV-01642,CUST-01642,260.38,12655.52,0.0685,Partially Funded
SAV-01643,CUST-01643,863.92,53441.28,0.207,Fully Funded
SAV-01644,CUST-01644,2234.72,119949.51,0.1629,Fully Funded
SAV-01645,CUST-01645,791.56,11479.38,0.1904,Partially Funded
SAV-01646,CUST-01646,1567.77,32620.75,0.1702,Partially Funded
SAV-01647,CUST-01647,453.47,48677.52,0.1278,Fully Funded
SAV-01648,CUST-01648,1666.7,135634.59,0.1645,Fully Funded
SAV-01649,CUST-01649,839.92,39804.73,0.1523,Fully Funded
SAV-01650,CUST-01650,1440.23,116860.81,0.1991,Fully Funded
SAV-01651,CUST-01651,1038.48,73663.85,0.2096,Fully Funded
SAV-01652,CUST-01652,1450.82,40234.13,0.1454,Partially Funded
SAV-01653,CUST-01653,519.44,23860.69,0.1356,Fully Funded
SAV-01654,CUST-01654,1057.2,15040.73,0.2473,Partially Funded
SAV-01655,CUST-01655,923.84,43894.74,0.1019,Fully Funded
SAV-01656,CUST-01656,667.85,47496.85,0.1328,Fully Funded
SAV-01657,CUST-01657,600.6,8746.71,0.0704,Low
SAV-01658,CUST-01658,1094.26,97827.09,0.1669,Fully Funded
SAV-01659,CUST-01659,785.74,74755.91,0.1367,Fully Funded
SAV-01660,CUST-01660,285.31,9982.07,0.171,Fully Funded
SAV-01661,CUST-01661,656.73,26271.82,0.1605,Fully Funded
SAV-01662,CUST-01662,903.2,46029.51,0.1715,Fully Funded
SAV-01663,CUST-01663,1695.0,68427.78,0.2393,Fully Funded
SAV-01664,CUST-01664,955.05,33626.91,0.1354,Fully Funded
SAV-01665,CUST-01665,432.04,44427.23,0.1128,Fully Funded
SAV-01666,CUST-01666,783.5,47780.68,0.117,Fully Funded
SAV-01667,CUST-01667,492.97,7210.35,0.1395,Partially Funded
SAV-01668,CUST-01668,1236.98,86859.94,0.1925,Fully Funded
SAV-01669,CUST-01669,43.15,3659.53,0.0851,Fully Funded
SAV-01670,CUST-01670,421.19,6578.53,0.0892,Low
SAV-01671,CUST-01671,1181.8,38925.16,0.1569,Fully Funded
SAV-01672,CUST-01672,591.64,39409.62,0.1606,Fully Funded
SAV-01673,CUST-01673,1849.37,80889.71,0.234,Fully Funded
SAV-01674,CUST-01674,508.71,18734.5,0.124,Partially Funded
SAV-01675,CUST-01675,1542.21,109248.89,0.182,Fully Funded
SAV-01676,CUST-01676,535.04,37534.23,0.1369,Fully Funded
SAV-01677,CUST-01677,588.24,16397.27,0.1762,Fully Funded
SAV-01678,CUST-01678,1223.67,62467.85,0.2518,Fully Funded
SAV-01679,CUST-01679,391.26,22894.16,0.0524,Partially Funded
SAV-01680,CUST-01680,1248.54,49220.67,0.201,Fully Funded
SAV-01681,CUST-01681,1325.89,19037.74,0.1556,Partially Funded
SAV-01682,CUST-01682,1142.7,88352.92,0.1547,Fully Funded
SAV-01683,CUST-01683,651.15,26518.64,0.1013,Partially Funded
SAV-01684,CUST-01684,1087.46,10005.51,0.132,Low
SAV-01685,CUST-01685,648.05,17358.84,0.1822,Fully Funded
SAV-01686,CUST-01686,916.05,25730.57,0.155,Partially Funded
SAV-01687,CUST-01687,1083.53,59535.73,0.1059,Fully Funded
SAV-01688,CUST-01688,738.13,29583.59,0.187,Fully Funded
SAV-01689,CUST-01689,486.64,11442.75,0.2013,Fully Funded
SAV-01690,CUST-01690,1656.5,74311.65,0.1368,Fully Funded
SAV-01691,CUST-01691,732.85,48190.24,0.1024,Fully Funded
SAV-01692,CUST-01692,684.32,47412.85,0.123,Fully Funded
SAV-01693,CUST-01693,870.29,72070.32,0.1208,Fully Funded
SAV-01694,CUST-01694,918.96,57028.27,0.2015,Fully Funded
SAV-01695,CUST-01695,418.76,29013.88,0.105,Fully Funded
SAV-01696,CUST-01696,427.17,36613.23,0.1156,Fully Funded
SAV-01697,CUST-01697,541.68,37925.51,0.1051,Fully Funded
SAV-01698,CUST-01698,847.53,23760.42,0.0984,Partially Funded
SAV-01699,CUST-01699,439.96,25925.51,0.0951,Fully Funded
SAV-01700,CUST-01700,1451.27,33437.12,0.1426,Partially Funded
SAV-01701,CUST-01701,752.89,30101.98,0.1652,Fully Funded
SAV-01702,CUST-01702,526.35,29879.65,0.1213,Fully Funded
SAV-01703,CUST-01703,1133.75,53087.1,0.2173,Fully Funded
SAV-01704,CUST-01704,2580.96,113217.7,0.2652,Fully Funded
SAV-01705,CUST-01705,161.79,10231.91,0.1952,Fully Funded
SAV-01706,CUST-01706,977.28,59851.2,0.1979,Fully Funded
SAV-01707,CUST-01707,275.65,23976.88,0.0926,Fully Funded
SAV-01708,CUST-01708,607.99,18675.63,0.1916,Fully Funded
SAV-01709,CUST-01709,400.72,37120.75,0.1014,Fully Funded
SAV-01710,CUST-01710,957.95,19468.65,0.1751,Partially Funded
SAV-01711,CUST-01711,1388.27,88588.78,0.1632,Fully Funded
SAV-01712,CUST-01712,1012.75,56660.7,0.1263,Fully Funded
SAV-01713,CUST-01713,1714.68,65702.92,0.2416,Fully Funded
SAV-01714,CUST-01714,824.94,38664.98,0.2226,Fully Funded
SAV-01715,CUST-01715,539.5,31704.63,0.1341,Fully Funded
SAV-01716,CUST-01716,1510.0,74697.27,0.1705,Fully Funded
SAV-01717,CUST-01717,334.16,30577.58,0.2061,Fully Funded
SAV-01718,CUST-01718,917.35,87875.28,0.108,Fully Funded
SAV-01719,CUST-01719,2973.21,128065.62,0.2257,Fully Funded
SAV-01720,CUST-01720,676.52,24760.62,0.1188,Partially Funded
SAV-01721,CUST-01721,460.42,33264.65,0.0991,Fully Funded
SAV-01722,CUST-01722,483.09,35213.95,0.1774,Fully Funded
SAV-01723,CUST-01723,1073.57,94840.44,0.191,Fully Funded
SAV-01724,CUST-01724,453.51,35332.61,0.1107,Fully Funded
SAV-01725,CUST-01725,665.96,17906.89,0.1976,Fully Funded
SAV-01726,CUST-01726,884.04,16966.12,0.0865,Low
SAV-01727,CUST-01727,616.73,42937.89,0.0899,Fully Funded
SAV-01728,CUST-01728,820.28,51368.21,0.1121,Fully Funded
SAV-01729,CUST-01729,419.18,17579.36,0.065,Partially Funded
SAV-01730,CUST-01730,757.17,51540.49,0.2496,Fully Funded
SAV-01731,CUST-01731,2327.44,195434.79,0.2249,Fully Funded
SAV-01732,CUST-01732,1090.26,52259.56,0.2075,Fully Funded
SAV-01733,CUST-01733,1228.89,92720.18,0.1658,Fully Funded
SAV-01734,CUST-01734,1090.4,71796.13,0.142,Fully Funded
SAV-01735,CUST-01735,730.48,49552.38,0.0519,Partially Funded
SAV-01736,CUST-01736,1350.87,21191.61,0.1977,Partially Funded
SAV-01737,CUST-01737,575.78,21497.89,0.1148,Partially Funded
SAV-01738,CUST-01738,403.08,11930.06,0.0581,Low
SAV-01739,CUST-01739,1965.86,32335.87,0.2226,Partially Funded
SAV-01740,CUST-01740,368.36,4932.07,0.061,No Fund
SAV-01741,CUST-01741,1431.31,62069.15,0.1677,Fully Funded
SAV-01742,CUST-01742,1328.85,101931.94,0.2108,Fully Funded
SAV-01743,CUST-01743,486.06,38329.47,0.0728,Fully Funded
SAV-01744,CUST-01744,530.61,20764.77,0.1658,Fully Funded
SAV-01745,CUST-01745,447.84,36951.77,0.0993,Fully Funded
SAV-01746,CUST-01746,627.31,14597.7,0.1248,Partially Funded
SAV-01747,CUST-01747,988.39,77735.54,0.1389,Fully Funded
SAV-01748,CUST-01748,1129.47,59013.31,0.1492,Fully Funded
SAV-01749,CUST-01749,1554.35,56782.01,0.1967,Fully Funded
SAV-01750,CUST-01750,908.25,33183.01,0.1969,Fully Funded
SAV-01751,CUST-01751,2775.21,74411.57,0.2737,Fully Funded
SAV-01752,CUST-01752,369.82,38601.81,0.0584,Fully Funded
SAV-01753,CUST-01753,1699.72,57160.21,0.1642,Fully Funded
SAV-01754,CUST-01754,882.76,52264.39,0.1338,Fully Funded
SAV-01755,CUST-01755,4457.33,250082.22,0.1766,Fully Funded
SAV-01756,CUST-01756,783.49,36938.34,0.1515,Fully Funded
SAV-01757,CUST-01757,1404.16,98282.25,0.1329,Fully Funded
SAV-01758,CUST-01758,368.76,32458.57,0.1571,Fully Funded
SAV-01759,CUST-01759,773.94,56096.37,0.076,Fully Funded
SAV-01760,CUST-01760,330.91,15474.14,0.1104,Fully Funded
SAV-01761,CUST-01761,562.19,52359.65,0.1303,Fully Funded
SAV-01762,CUST-01762,805.37,67614.59,0.1657,Fully Funded
SAV-01763,CUST-01763,735.33,20168.25,0.1526,Partially Funded
SAV-01764,CUST-01764,1216.06,100008.68,0.1995,Fully Funded
SAV-01765,CUST-01765,957.85,19139.79,0.2161,Fully Funded
SAV-01766,CUST-01766,463.6,32223.24,0.1345,Fully Funded
SAV-01767,CUST-01767,1896.16,217885.2,0.2861,Fully Funded
SAV-01768,CUST-01768,322.81,6724.24,0.1804,Partially Funded
SAV-01769,CUST-01769,2399.83,37986.89,0.1839,Partially Funded
SAV-01770,CUST-01770,1111.82,42800.55,0.1082,Partially Funded
SAV-01771,CUST-01771,672.06,25543.17,0.2014,Fully Funded
SAV-01772,CUST-01772,1101.97,76417.96,0.1681,Fully Funded
SAV-01773,CUST-01773,2675.4,48073.17,0.1722,Partially Funded
SAV-01774,CUST-01774,245.73,13229.31,0.3005,Fully Funded
SAV-01775,CUST-01775,1146.22,44773.42,0.1327,Fully Funded
SAV-01776,CUST-01776,1219.84,104459.86,0.1841,Fully Funded
SAV-01777,CUST-01777,2085.22,120674.46,0.1711,Fully Funded
SAV-01778,CUST-01778,327.34,10025.15,0.1902,Fully Funded
SAV-01779,CUST-01779,302.14,13720.36,0.0874,Partially Funded
SAV-01780,CUST-01780,731.9,17659.32,0.1322,Partially Funded
SAV-01781,CUST-01781,3000.73,43185.19,0.2448,Partially Funded
SAV-01782,CUST-01782,1202.65,61586.31,0.1254,Fully Funded
SAV-01783,CUST-01783,2214.17,104667.75,0.2175,Fully Funded
SAV-01784,CUST-01784,2027.72,86187.92,0.2473,Fully Funded
SAV-01785,CUST-01785,854.12,78829.59,0.1254,Fully Funded
SAV-01786,CUST-01786,1672.54,71336.01,0.1574,Fully Funded
SAV-01787,CUST-01787,1754.93,170454.29,0.1469,Fully Funded
SAV-01788,CUST-01788,1099.52,41445.58,0.1483,Fully Funded
SAV-01789,CUST-01789,1306.03,141144.45,0.1759,Fully Funded
SAV-01790,CUST-01790,983.53,70758.91,0.1609,Fully Funded
SAV-01791,CUST-01791,382.41,34239.88,0.0702,Fully Funded
SAV-01792,CUST-01792,1458.53,68327.06,0.1538,Fully Funded
SAV-01793,CUST-01793,1249.75,38572.1,0.2515,Fully Funded
SAV-01794,CUST-01794,1250.26,87840.67,0.2088,Fully Funded
SAV-01795,CUST-01795,777.54,46335.34,0.1375,Fully Funded
SAV-01796,CUST-01796,767.91,27862.71,0.218,Fully Funded
SAV-01797,CUST-01797,1356.53,60220.03,0.2257,Fully Funded
SAV-01798,CUST-01798,1173.33,50419.42,0.1294,Fully Funded
SAV-01799,CUST-01799,881.04,30251.72,0.1652,Fully Funded
SAV-01800,CUST-01800,1069.76,22473.29,0.138,Partially Funded
SAV-01801,CUST-01801,473.0,15189.77,0.1417,Fully Funded
SAV-01802,CUST-01802,1079.34,81995.17,0.1609,Fully Funded
SAV-01803,CUST-01803,1489.76,106999.46,0.1345,Fully Funded
SAV-01804,CUST-01804,539.7,44359.05,0.1428,Fully Funded
SAV-01805,CUST-01805,534.62,20810.02,0.1035,Partially Funded
SAV-01806,CUST-01806,198.31,14529.48,0.0509,Partially Funded
SAV-01807,CUST-01807,633.34,18831.55,0.147,Partially Funded
SAV-01808,CUST-01808,538.05,51906.48,0.1497,Fully Funded
SAV-01809,CUST-01809,1752.15,32542.04,0.1765,Partially Funded
SAV-01810,CUST-01810,245.49,9101.65,0.1034,Partially Funded
SAV-01811,CUST-01811,777.44,69620.26,0.1016,Fully Funded
SAV-01812,CUST-01812,707.6,63447.64,0.0874,Fully Funded
SAV-01813,CUST-01813,1567.83,109850.33,0.2366,Fully Funded
SAV-01814,CUST-01814,3122.02,145995.21,0.333,Fully Funded
SAV-01815,CUST-01815,2075.7,168208.74,0.276,Fully Funded
SAV-01816,CUST-01816,1695.74,28331.8,0.175,Partially Funded
SAV-01817,CUST-01817,645.53,24292.61,0.1335,Fully Funded
SAV-01818,CUST-01818,1087.82,49215.85,0.1703,Fully Funded
SAV-01819,CUST-01819,1733.17,151600.86,0.191,Fully Funded
SAV-01820,CUST-01820,850.14,74189.09,0.2351,Fully Funded
SAV-01821,CUST-01821,88.13,5170.9,0.1159,Fully Funded
SAV-01822,CUST-01822,551.49,10967.0,0.0985,Low
SAV-01823,CUST-01823,651.62,50215.26,0.0979,Fully Funded
SAV-01824,CUST-01824,3144.08,222562.58,0.2108,Fully Funded
SAV-01825,CUST-01825,1184.58,18331.13,0.1434,Partially Funded
SAV-01826,CUST-01826,1587.65,89929.55,0.16,Fully Funded
SAV-01827,CUST-01827,2080.69,91478.05,0.1785,Fully Funded
SAV-01828,CUST-01828,819.76,15095.88,0.1647,Partially Funded
SAV-01829,CUST-01829,1205.28,29454.62,0.2185,Fully Funded
SAV-01830,CUST-01830,232.57,12356.83,0.0709,Partially Funded
SAV-01831,CUST-01831,672.72,69822.47,0.1343,Fully Funded
SAV-01832,CUST-01832,1233.39,36206.04,0.2241,Fully Funded
SAV-01833,CUST-01833,837.54,22662.11,0.2102,Fully Funded
SAV-01834,CUST-01834,1424.98,49732.26,0.2338,Fully Funded
SAV-01835,CUST-01835,754.61,42938.91,0.1565,Fully Funded
SAV-01836,CUST-01836,521.28,41139.07,0.1894,Fully Funded
SAV-01837,CUST-01837,859.31,63726.58,0.1951,Fully Funded
SAV-01838,CUST-01838,1550.04,18981.25,0.1513,Low
SAV-01839,CUST-01839,955.59,54432.27,0.2335,Fully Funded
SAV-01840,CUST-01840,555.76,33157.54,0.1197,Fully Funded
SAV-01841,CUST-01841,562.16,20037.6,0.0987,Partially Funded
SAV-01842,CUST-01842,1214.76,44194.99,0.145,Fully Funded
SAV-01843,CUST-01843,1385.06,87307.63,0.1808,Fully Funded
SAV-01844,CUST-01844,1722.87,36033.63,0.148,Partially Funded
SAV-01845,CUST-01845,927.28,73006.64,0.2703,Fully Funded
SAV-01846,CUST-01846,91.48,4901.19,0.163,Fully Funded
SAV-01847,CUST-01847,844.78,52513.37,0.1872,Fully Funded
SAV-01848,CUST-01848,2254.36,65915.31,0.1002,Partially Funded
SAV-01849,CUST-01849,567.52,46391.59,0.1493,Fully Funded
SAV-01850,CUST-01850,287.93,16209.04,0.1217,Fully Funded
SAV-01851,CUST-01851,739.89,67641.35,0.1264,Fully Funded
SAV-01852,CUST-01852,688.89,67526.62,0.1008,Fully Funded
SAV-01853,CUST-01853,3715.59,180114.01,0.2621,Fully Funded
SAV-01854,CUST-01854,1638.77,45749.42,0.1801,Fully Funded
SAV-01855,CUST-01855,2030.89,34525.32,0.167,Partially Funded
SAV-01856,CUST-01856,1369.89,64534.68,0.1427,Fully Funded
SAV-01857,CUST-01857,116.21,3167.54,0.1248,Partially Funded
SAV-01858,CUST-01858,1205.59,45345.03,0.1574,Fully Funded
SAV-01859,CUST-01859,1175.88,52969.18,0.1159,Fully Funded
SAV-01860,CUST-01860,590.1,14496.15,0.1205,Partially Funded
SAV-01861,CUST-01861,1147.92,77838.74,0.158,Fully Funded
SAV-01862,CUST-01862,715.25,50680.55,0.1022,Fully Funded
SAV-01863,CUST-01863,1752.02,67600.71,0.1859,Fully Funded
SAV-01864,CUST-01864,220.48,12269.25,0.2962,Fully Funded
SAV-01865,CUST-01865,1472.11,24081.83,0.2755,Fully Funded
SAV-01866,CUST-01866,1052.85,20727.88,0.1793,Partially Funded
SAV-01867,CUST-01867,1101.1,18227.74,0.1328,Low
SAV-01868,CUST-01868,437.72,29631.39,0.1028,Fully Funded
SAV-01869,CUST-01869,559.79,35414.78,0.0662,Partially Funded
SAV-01870,CUST-01870,266.51,10769.07,0.0819,Partially Funded
SAV-01871,CUST-01871,829.7,30457.59,0.1548,Fully Funded
SAV-01872,CUST-01872,632.32,43899.22,0.1486,Fully Funded
SAV-01873,CUST-01873,445.65,17533.89,0.1341,Fully Funded
SAV-01874,CUST-01874,1905.33,41453.66,0.2126,Fully Funded
SAV-01875,CUST-01875,1493.8,111847.18,0.1443,Fully Funded
SAV-01876,CUST-01876,1131.57,22799.79,0.1165,Partially Funded
SAV-01877,CUST-01877,3021.54,228629.47,0.1532,Fully Funded
SAV-01878,CUST-01878,2318.24,114036.03,0.1828,Fully Funded
SAV-01879,CUST-01879,1819.74,99191.79,0.2307,Fully Funded
SAV-01880,CUST-01880,170.29,11096.31,0.1724,Fully Funded
SAV-01881,CUST-01881,973.18,69660.89,0.117,Fully Funded
SAV-01882,CUST-01882,1581.81,24839.32,0.1095,Low
SAV-01883,CUST-01883,1618.26,60652.69,0.2366,Fully Funded
SAV-01884,CUST-01884,950.97,59321.29,0.1132,Fully Funded
SAV-01885,CUST-01885,929.97,74761.97,0.1601,Fully Funded
SAV-01886,CUST-01886,925.84,89942.6,0.1342,Fully Funded
SAV-01887,CUST-01887,1166.99,81718.97,0.1734,Fully Funded
SAV-01888,CUST-01888,869.54,20341.58,0.1469,Partially Funded
SAV-01889,CUST-01889,598.11,56682.09,0.1931,Fully Funded
SAV-01890,CUST-01890,740.41,53239.24,0.0753,Partially Funded
SAV-01891,CUST-01891,1245.97,39183.46,0.1244,Partially Funded
SAV-01892,CUST-01892,1560.35,105455.34,0.221,Fully Funded
SAV-01893,CUST-01893,842.2,14166.72,0.1852,Partially Funded
SAV-01894,CUST-01894,566.0,30319.19,0.1243,Fully Funded
SAV-01895,CUST-01895,810.52,56694.39,0.1837,Fully Funded
SAV-01896,CUST-01896,1476.46,41881.37,0.1736,Fully Funded
SAV-01897,CUST-01897,541.22,55086.57,0.1833,Fully Funded
SAV-01898,CUST-01898,294.66,12800.22,0.0697,Partially Funded
SAV-01899,CUST-01899,1920.8,149225.9,0.2215,Fully Funded
SAV-01900,CUST-01900,889.39,40450.4,0.1477,Fully Funded
SAV-01901,CUST-01901,853.38,43685.33,0.1376,Fully Funded
SAV-01902,CUST-01902,623.08,19520.18,0.1186,Partially Funded
SAV-01903,CUST-01903,1387.96,63237.17,0.16,Fully Funded
SAV-01904,CUST-01904,548.07,28215.06,0.0786,Partially Funded
SAV-01905,CUST-01905,1006.88,29521.07,0.1157,Partially Funded
SAV-01906,CUST-01906,534.25,27594.08,0.1032,Fully Funded
SAV-01907,CUST-01907,654.22,26586.02,0.1044,Partially Funded
SAV-01908,CUST-01908,778.32,38690.04,0.1419,Fully Funded
SAV-01909,CUST-01909,1210.2,67830.89,0.1497,Fully Funded
SAV-01910,CUST-01910,1436.36,86868.47,0.1765,Fully Funded
SAV-01911,CUST-01911,569.19,12484.52,0.14,Partially Funded
SAV-01912,CUST-01912,798.96,70190.96,0.2245,Fully Funded
SAV-01913,CUST-01913,188.64,12678.57,0.1853,Fully Funded
SAV-01914,CUST-01914,1607.5,47906.22,0.2144,Fully Funded
SAV-01915,CUST-01915,465.57,28991.79,0.0983,Fully Funded
SAV-01916,CUST-01916,42.86,3534.12,0.0616,Partially Funded
SAV-01917,CUST-01917,766.82,57247.93,0.1538,Fully Funded
SAV-01918,CUST-01918,738.9,23493.58,0.1315,Partially Funded
SAV-01919,CUST-01919,533.79,51113.93,0.1479,Fully Funded
SAV-01920,CUST-01920,1103.99,37471.46,0.1524,Fully Funded
SAV-01921,CUST-01921,1119.83,30724.8,0.1271,Partially Funded
SAV-01922,CUST-01922,1540.7,83764.55,0.1973,Fully Funded
SAV-01923,CUST-01923,399.39,28012.78,0.1685,Fully Funded
SAV-01924,CUST-01924,858.96,83791.13,0.1159,Fully Funded
SAV-01925,CUST-01925,1548.53,56923.93,0.2178,Fully Funded
SAV-01926,CUST-01926,2901.01,252292.91,0.1852,Fully Funded
SAV-01927,CUST-01927,83.03,2842.29,0.0801,Partially Funded
SAV-01928,CUST-01928,1242.5,71857.21,0.1222,Fully Funded
SAV-01929,CUST-01929,1070.21,25147.14,0.2136,Fully Funded
SAV-01930,CUST-01930,1108.79,37295.45,0.132,Fully Funded
SAV-01931,CUST-01931,1349.62,145925.91,0.2693,Fully Funded
SAV-01932,CUST-01932,770.31,41218.93,0.231,Fully Funded
SAV-01933,CUST-01933,680.14,55674.22,0.1536,Fully Funded
SAV-01934,CUST-01934,1476.09,69873.68,0.2368,Fully Funded
SAV-01935,CUST-01935,2044.75,223282.39,0.2176,Fully Funded
SAV-01936,CUST-01936,917.72,55585.0,0.239,Fully Funded
SAV-01937,CUST-01937,467.76,27930.82,0.1043,Fully Funded
SAV-01938,CUST-01938,683.12,31038.74,0.1266,Fully Funded
SAV-01939,CUST-01939,719.64,69851.93,0.1472,Fully Funded
SAV-01940,CUST-01940,1357.04,18925.66,0.2302,Partially Funded
SAV-01941,CUST-01941,1404.29,58656.68,0.1781,Fully Funded
SAV-01942,CUST-01942,1880.81,43606.99,0.1842,Partially Funded
SAV-01943,CUST-01943,627.67,20459.63,0.1257,Partially Funded
SAV-01944,CUST-01944,1348.4,56308.78,0.1918,Fully Funded
SAV-01945,CUST-01945,1082.97,76698.56,0.2019,Fully Funded
SAV-01946,CUST-01946,786.29,49740.78,0.2634,Fully Funded
SAV-01947,CUST-01947,1177.52,46372.18,0.2158,Fully Funded
SAV-01948,CUST-01948,348.02,37020.56,0.065,Fully Funded
SAV-01949,CUST-01949,544.39,22790.05,0.151,Fully Funded
SAV-01950,CUST-01950,1185.45,50821.07,0.2652,Fully Funded
SAV-01951,CUST-01951,561.11,9335.44,0.1614,Partially Funded
SAV-01952,CUST-01952,1236.73,77569.69,0.1395,Fully Funded
SAV-01953,CUST-01953,171.25,9071.47,0.1438,Fully Funded
SAV-01954,CUST-01954,799.15,36434.65,0.2262,Fully Funded
SAV-01955,CUST-01955,466.98,8971.64,0.1037,Low
SAV-01956,CUST-01956,2261.65,109842.92,0.1402,Fully Funded
SAV-01957,CUST-01957,521.21,43540.78,0.1039,Fully Funded
SAV-01958,CUST-01958,1448.74,49464.65,0.1317,Partially Funded
SAV-01959,CUST-01959,556.31,16552.32,0.1461,Partially Funded
SAV-01960,CUST-01960,2890.95,121939.0,0.2633,Fully Funded
SAV-01961,CUST-01961,1018.05,45440.37,0.1285,Fully Funded
SAV-01962,CUST-01962,414.13,37945.96,0.0992,Fully Funded
SAV-01963,CUST-01963,917.96,39966.68,0.1809,Fully Funded
SAV-01964,CUST-01964,948.94,22662.38,0.1286,Partially Funded
SAV-01965,CUST-01965,941.7,46658.41,0.1366,Fully Funded
SAV-01966,CUST-01966,420.74,28481.69,0.0768,Fully Funded
SAV-01967,CUST-01967,1162.77,69016.97,0.1717,Fully Funded
SAV-01968,CUST-01968,372.13,19733.76,0.1274,Fully Funded
SAV-01969,CUST-01969,883.42,42831.09,0.2125,Fully Funded
SAV-01970,CUST-01970,202.81,3865.11,0.1683,Partially Funded
SAV-01971,CUST-01971,1268.31,52992.57,0.1881,Fully Funded
SAV-01972,CUST-01972,650.21,21983.09,0.1402,Partially Funded
SAV-01973,CUST-01973,729.59,36975.69,0.2212,Fully Funded
SAV-01974,CUST-01974,1324.58,91897.07,0.1638,Fully Funded
SAV-01975,CUST-01975,863.86,27626.19,0.1139,Partially Funded
SAV-01976,CUST-01976,1797.29,36678.26,0.1109,Low
SAV-01977,CUST-01977,557.27,33862.11,0.0861,Fully Funded
SAV-01978,CUST-01978,483.59,18242.66,0.1116,Partially Funded
SAV-01979,CUST-01979,564.8,19985.21,0.1659,Fully Funded
SAV-01980,CUST-01980,2790.66,94615.32,0.2505,Fully Funded
SAV-01981,CUST-01981,566.68,37640.75,0.0922,Fully Funded
SAV-01982,CUST-01982,187.41,8414.72,0.0486,Low
SAV-01983,CUST-01983,1154.43,53291.05,0.1459,Fully Funded
SAV-01984,CUST-01984,542.45,27274.04,0.0943,Partially Funded
SAV-01985,CUST-01985,360.23,3999.99,0.107,Low
SAV-01986,CUST-01986,1225.42,105046.39,0.2276,Fully Funded
SAV-01987,CUST-01987,1451.64,92712.65,0.2228,Fully Funded
SAV-01988,CUST-01988,767.04,48492.2,0.1278,Fully Funded
SAV-01989,CUST-01989,898.53,83718.7,0.1687,Fully Funded
SAV-01990,CUST-01990,316.81,19292.06,0.2087,Fully Funded
SAV-01991,CUST-01991,528.92,13668.74,0.1206,Partially Funded
SAV-01992,CUST-01992,978.83,23366.39,0.153,Partially Funded
SAV-01993,CUST-01993,759.82,33328.63,0.0873,Partially Funded
SAV-01994,CUST-01994,898.8,63134.54,0.1124,Fully Funded
SAV-01995,CUST-01995,475.01,15124.86,0.163,Fully Funded
SAV-01996,CUST-01996,378.35,29473.49,0.0725,Fully Funded
SAV-01997,CUST-01997,513.83,35584.86,0.0867,Fully Funded
SAV-01998,CUST-01998,343.32,8413.27,0.114,Partially Funded
SAV-01999,CUST-01999,122.14,7708.26,0.1606,Fully Funded
SAV-02000,CUST-02000,1003.24,112224.51,0.19,Fully Funded
SAV-02001,CUST-02001,922.46,40439.97,0.1389,Fully Funded
SAV-02002,CUST-02002,1302.31,75826.37,0.1633,Fully Funded
SAV-02003,CUST-02003,1335.44,68112.91,0.1521,Fully Funded
SAV-02004,CUST-02004,884.86,61359.69,0.1451,Fully Funded
SAV-02005,CUST-02005,1267.02,105841.91,0.2296,Fully Funded
SAV-02006,CUST-02006,407.34,26822.16,0.1432,Fully Funded
SAV-02007,CUST-02007,1726.85,97561.94,0.1813,Fully Funded
SAV-02008,CUST-02008,3201.94,67897.13,0.2297,Fully Funded
SAV-02009,CUST-02009,985.68,93537.4,0.2693,Fully Funded
SAV-02010,CUST-02010,414.22,49503.67,0.0946,Fully Funded
SAV-02011,CUST-02011,1036.93,43423.01,0.1481,Fully Funded
SAV-02012,CUST-02012,578.28,10354.33,0.1274,Partially Funded
SAV-02013,CUST-02013,818.16,63560.01,0.1122,Fully Funded
SAV-02014,CUST-02014,691.74,22389.02,0.0656,Low
SAV-02015,CUST-02015,645.21,36457.54,0.0752,Partially Funded
SAV-02016,CUST-02016,810.67,21113.54,0.1526,Partially Funded
SAV-02017,CUST-02017,555.67,50413.11,0.1253,Fully Funded
SAV-02018,CUST-02018,743.34,60205.13,0.157,Fully Funded
SAV-02019,CUST-02019,913.78,29916.34,0.2504,Fully Funded
SAV-02020,CUST-02020,734.26,37896.84,0.2198,Fully Funded
SAV-02021,CUST-02021,978.77,98827.83,0.1414,Fully Funded
SAV-02022,CUST-02022,785.99,32229.03,0.1598,Fully Funded
SAV-02023,CUST-02023,1337.66,36405.91,0.1962,Fully Funded
SAV-02024,CUST-02024,659.36,56999.12,0.1209,Fully Funded
SAV-02025,CUST-02025,1208.24,17340.91,0.1717,Partially Funded
SAV-02026,CUST-02026,406.54,5678.37,0.0832,Low
SAV-02027,CUST-02027,556.8,9441.15,0.1225,Low
SAV-02028,CUST-02028,716.63,34518.48,0.1481,Fully Funded
SAV-02029,CUST-02029,413.27,32472.6,0.1557,Fully Funded
SAV-02030,CUST-02030,771.46,17954.2,0.1208,Partially Funded
SAV-02031,CUST-02031,1106.62,57931.13,0.2683,Fully Funded
SAV-02032,CUST-02032,889.37,82073.39,0.118,Fully Funded
SAV-02033,CUST-02033,834.67,63978.36,0.1953,Fully Funded
SAV-02034,CUST-02034,1612.71,117769.77,0.2574,Fully Funded
SAV-02035,CUST-02035,892.68,21419.05,0.1849,Fully Funded
SAV-02036,CUST-02036,2351.21,150499.74,0.2639,Fully Funded
SAV-02037,CUST-02037,1110.87,38500.4,0.2316,Fully Funded
SAV-02038,CUST-02038,667.79,23367.85,0.1158,Partially Funded
SAV-02039,CUST-02039,870.76,43649.88,0.1239,Fully Funded
SAV-02040,CUST-02040,1296.63,69076.26,0.188,Fully Funded
SAV-02041,CUST-02041,1336.07,96790.88,0.1355,Fully Funded
SAV-02042,CUST-02042,1107.52,60389.41,0.1763,Fully Funded
SAV-02043,CUST-02043,503.46,29638.72,0.1529,Fully Funded
SAV-02044,CUST-02044,1043.07,61496.06,0.0977,Fully Funded
SAV-02045,CUST-02045,398.65,22490.59,0.1609,Fully Funded
SAV-02046,CUST-02046,724.06,20045.17,0.1143,Partially Funded
SAV-02047,CUST-02047,2195.61,196179.53,0.1923,Fully Funded
SAV-02048,CUST-02048,714.79,16573.29,0.155,Partially Funded
SAV-02049,CUST-02049,926.56,30578.94,0.2198,Fully Funded
SAV-02050,CUST-02050,1311.68,130997.88,0.2314,Fully Funded
SAV-02051,CUST-02051,1001.76,70593.42,0.1732,Fully Funded
SAV-02052,CUST-02052,1190.8,24463.45,0.1346,Partially Funded
SAV-02053,CUST-02053,1254.67,72959.3,0.1244,Fully Funded
SAV-02054,CUST-02054,385.21,9022.42,0.0604,Low
SAV-02055,CUST-02055,432.15,19102.44,0.2347,Fully Funded
SAV-02056,CUST-02056,1153.92,115728.94,0.3154,Fully Funded
SAV-02057,CUST-02057,487.38,11540.3,0.1535,Partially Funded
SAV-02058,CUST-02058,1160.38,113221.48,0.1683,Fully Funded
SAV-02059,CUST-02059,846.01,58419.99,0.1743,Fully Funded
SAV-02060,CUST-02060,198.99,12141.42,0.1388,Fully Funded
SAV-02061,CUST-02061,1304.36,126013.41,0.166,Fully Funded
SAV-02062,CUST-02062,1160.75,65914.33,0.1309,Fully Funded
SAV-02063,CUST-02063,1016.71,18849.12,0.1607,Partially Funded
SAV-02064,CUST-02064,1360.22,42855.02,0.1453,Partially Funded
SAV-02065,CUST-02065,1503.15,58048.66,0.2245,Fully Funded
SAV-02066,CUST-02066,688.19,48343.11,0.1271,Fully Funded
SAV-02067,CUST-02067,1677.9,99197.43,0.1956,Fully Funded
SAV-02068,CUST-02068,1318.78,41338.15,0.2532,Fully Funded
SAV-02069,CUST-02069,225.78,16305.81,0.1096,Fully Funded
SAV-02070,CUST-02070,1834.71,91342.16,0.1883,Fully Funded
SAV-02071,CUST-02071,1595.39,94553.54,0.1733,Fully Funded
SAV-02072,CUST-02072,881.36,57444.59,0.2142,Fully Funded
SAV-02073,CUST-02073,1223.97,97171.41,0.209,Fully Funded
SAV-02074,CUST-02074,1095.18,127405.35,0.2141,Fully Funded
SAV-02075,CUST-02075,695.08,16436.71,0.1622,Partially Funded
SAV-02076,CUST-02076,2029.94,183275.89,0.2196,Fully Funded
SAV-02077,CUST-02077,1080.1,53472.28,0.1263,Fully Funded
SAV-02078,CUST-02078,1864.6,40125.64,0.262,Fully Funded
SAV-02079,CUST-02079,664.03,38802.79,0.1078,Fully Funded
SAV-02080,CUST-02080,348.45,6110.27,0.128,Partially Funded
SAV-02081,CUST-02081,826.28,24897.43,0.1824,Fully Funded
SAV-02082,CUST-02082,2423.64,122845.66,0.1979,Fully Funded
SAV-02083,CUST-02083,1380.14,145324.71,0.1626,Fully Funded
SAV-02084,CUST-02084,328.81,9955.82,0.2174,Fully Funded
SAV-02085,CUST-02085,1056.62,103669.58,0.1952,Fully Funded
SAV-02086,CUST-02086,845.78,52307.54,0.136,Fully Funded
SAV-02087,CUST-02087,1427.45,46423.65,0.1731,Fully Funded
SAV-02088,CUST-02088,1870.21,107962.69,0.2402,Fully Funded
SAV-02089,CUST-02089,384.7,5383.81,0.1623,Low
SAV-02090,CUST-02090,4434.0,278227.15,0.2561,Fully Funded
SAV-02091,CUST-02091,204.01,12459.83,0.2002,Fully Funded
SAV-02092,CUST-02092,1242.98,13225.44,0.1855,Low
SAV-02093,CUST-02093,832.53,12304.16,0.1837,Partially Funded
SAV-02094,CUST-02094,2220.81,229967.44,0.1603,Fully Funded
SAV-02095,CUST-02095,429.89,9852.04,0.1111,Partially Funded
SAV-02096,CUST-02096,860.64,83950.5,0.2153,Fully Funded
SAV-02097,CUST-02097,682.95,19627.51,0.1238,Partially Funded
SAV-02098,CUST-02098,1088.71,97661.2,0.1931,Fully Funded
SAV-02099,CUST-02099,322.93,15954.41,0.2064,Fully Funded
SAV-02100,CUST-02100,1351.52,108197.27,0.1151,Fully Funded
SAV-02101,CUST-02101,1167.48,83990.69,0.1896,Fully Funded
SAV-02102,CUST-02102,675.56,42400.32,0.1025,Fully Funded
SAV-02103,CUST-02103,653.37,12056.37,0.1629,Partially Funded
SAV-02104,CUST-02104,1093.17,74132.9,0.1971,Fully Funded
SAV-02105,CUST-02105,1076.8,29412.77,0.109,Partially Funded
SAV-02106,CUST-02106,585.91,41132.09,0.0957,Fully Funded
SAV-02107,CUST-02107,812.33,49290.72,0.1495,Fully Funded
SAV-02108,CUST-02108,2195.67,162083.9,0.1363,Fully Funded
SAV-02109,CUST-02109,1732.08,111864.78,0.2456,Fully Funded
SAV-02110,CUST-02110,1010.1,36825.75,0.1406,Fully Funded
SAV-02111,CUST-02111,797.74,16538.35,0.2037,Fully Funded
SAV-02112,CUST-02112,1214.89,55420.17,0.1934,Fully Funded
SAV-02113,CUST-02113,1277.49,80455.59,0.1933,Fully Funded
SAV-02114,CUST-02114,644.52,29400.96,0.1089,Fully Funded
SAV-02115,CUST-02115,835.14,44152.22,0.1498,Fully Funded
SAV-02116,CUST-02116,694.7,15647.09,0.2035,Fully Funded
SAV-02117,CUST-02117,1485.32,80787.34,0.2181,Fully Funded
SAV-02118,CUST-02118,284.73,9175.79,0.0547,Low
SAV-02119,CUST-02119,749.32,42876.26,0.1131,Fully Funded
SAV-02120,CUST-02120,1311.05,95324.62,0.1978,Fully Funded
SAV-02121,CUST-02121,1300.46,91822.36,0.1435,Fully Funded
SAV-02122,CUST-02122,1418.28,96624.65,0.1979,Fully Funded
SAV-02123,CUST-02123,2282.47,144776.96,0.2152,Fully Funded
SAV-02124,CUST-02124,992.05,66347.36,0.1705,Fully Funded
SAV-02125,CUST-02125,1324.19,106901.05,0.1826,Fully Funded
SAV-02126,CUST-02126,564.27,43103.94,0.1985,Fully Funded
SAV-02127,CUST-02127,284.62,3290.6,0.126,Low
SAV-02128,CUST-02128,779.21,55821.36,0.1378,Fully Funded
SAV-02129,CUST-02129,1639.54,104517.68,0.2525,Fully Funded
SAV-02130,CUST-02130,1752.78,51679.67,0.2372,Fully Funded
SAV-02131,CUST-02131,914.11,73243.78,0.0925,Fully Funded
SAV-02132,CUST-02132,785.42,48551.39,0.2427,Fully Funded
SAV-02133,CUST-02133,1084.91,81748.6,0.2319,Fully Funded
SAV-02134,CUST-02134,600.21,33588.84,0.1012,Fully Funded
SAV-02135,CUST-02135,648.39,49557.06,0.0941,Fully Funded
SAV-02136,CUST-02136,990.19,22931.91,0.2259,Fully Funded
SAV-02137,CUST-02137,622.84,9016.74,0.1857,Partially Funded
SAV-02138,CUST-02138,790.79,14430.04,0.1462,Partially Funded
SAV-02139,CUST-02139,534.15,36338.56,0.2079,Fully Funded
SAV-02140,CUST-02140,826.39,33567.02,0.1527,Fully Funded
SAV-02141,CUST-02141,893.64,18765.74,0.1755,Partially Funded
SAV-02142,CUST-02142,920.95,56320.25,0.1514,Fully Funded
SAV-02143,CUST-02143,1175.4,47189.23,0.1753,Fully Funded
SAV-02144,CUST-02144,784.92,12657.84,0.1202,Low
SAV-02145,CUST-02145,333.88,27988.48,0.1197,Fully Funded
SAV-02146,CUST-02146,745.35,27570.68,0.1306,Fully Funded
SAV-02147,CUST-02147,1233.01,58795.07,0.1732,Fully Funded
SAV-02148,CUST-02148,819.24,27973.53,0.2316,Fully Funded
SAV-02149,CUST-02149,415.07,23824.09,0.0651,Partially Funded
SAV-02150,CUST-02150,3162.14,136451.37,0.1731,Fully Funded
SAV-02151,CUST-02151,1302.21,144010.38,0.2157,Fully Funded
SAV-02152,CUST-02152,772.51,63012.89,0.1479,Fully Funded
SAV-02153,CUST-02153,575.09,10570.79,0.1715,Partially Funded
SAV-02154,CUST-02154,710.06,12713.55,0.1035,Low
SAV-02155,CUST-02155,311.23,21225.04,0.1145,Fully Funded
SAV-02156,CUST-02156,699.28,60807.54,0.17,Fully Funded
SAV-02157,CUST-02157,930.12,57010.85,0.1628,Fully Funded
SAV-02158,CUST-02158,611.26,25920.91,0.0691,Partially Funded
SAV-02159,CUST-02159,321.81,10302.3,0.0741,Low
SAV-02160,CUST-02160,1319.86,80039.48,0.1805,Fully Funded
SAV-02161,CUST-02161,1393.47,21926.35,0.1938,Partially Funded
SAV-02162,CUST-02162,303.52,6080.26,0.0778,Low
SAV-02163,CUST-02163,771.08,52975.98,0.0915,Fully Funded
SAV-02164,CUST-02164,1464.48,59982.71,0.1519,Fully Funded
SAV-02165,CUST-02165,1663.25,77049.88,0.2174,Fully Funded
SAV-02166,CUST-02166,2183.63,108390.85,0.1533,Fully Funded
SAV-02167,CUST-02167,346.52,32547.36,0.1025,Fully Funded
SAV-02168,CUST-02168,890.15,68083.11,0.1489,Fully Funded
SAV-02169,CUST-02169,554.47,28487.6,0.0732,Partially Funded
SAV-02170,CUST-02170,478.05,27537.03,0.1434,Fully Funded
SAV-02171,CUST-02171,517.35,49951.35,0.114,Fully Funded
SAV-02172,CUST-02172,2266.51,62128.14,0.2159,Fully Funded
SAV-02173,CUST-02173,1487.5,112096.93,0.122,Fully Funded
SAV-02174,CUST-02174,787.69,50261.0,0.1901,Fully Funded
SAV-02175,CUST-02175,1261.46,29764.2,0.138,Partially Funded
SAV-02176,CUST-02176,1661.3,32795.81,0.1394,Partially Funded
SAV-02177,CUST-02177,258.13,13855.22,0.0678,Partially Funded
SAV-02178,CUST-02178,1502.16,117856.25,0.1755,Fully Funded
SAV-02179,CUST-02179,501.53,19491.94,0.0915,Partially Funded
SAV-02180,CUST-02180,384.22,3868.95,0.1341,Low
SAV-02181,CUST-02181,404.13,40527.87,0.1128,Fully Funded
SAV-02182,CUST-02182,669.52,34785.78,0.2245,Fully Funded
SAV-02183,CUST-02183,184.91,10125.23,0.1738,Fully Funded
SAV-02184,CUST-02184,1185.49,40482.92,0.1154,Partially Funded
SAV-02185,CUST-02185,399.84,42494.49,0.1271,Fully Funded
SAV-02186,CUST-02186,1422.93,99699.85,0.236,Fully Funded
SAV-02187,CUST-02187,1395.96,121599.69,0.2319,Fully Funded
SAV-02188,CUST-02188,413.45,23755.29,0.0995,Fully Funded
SAV-02189,CUST-02189,2991.07,180212.89,0.3095,Fully Funded
SAV-02190,CUST-02190,1204.09,68264.41,0.169,Fully Funded
SAV-02191,CUST-02191,852.4,71999.16,0.1473,Fully Funded
SAV-02192,CUST-02192,908.38,14121.52,0.2673,Fully Funded
SAV-02193,CUST-02193,1057.84,53042.53,0.1217,Fully Funded
SAV-02194,CUST-02194,879.93,46015.07,0.152,Fully Funded
SAV-02195,CUST-02195,770.83,36303.08,0.1903,Fully Funded
SAV-02196,CUST-02196,382.65,31185.24,0.1886,Fully Funded
SAV-02197,CUST-02197,1313.14,74256.0,0.144,Fully Funded
SAV-02198,CUST-02198,548.29,34401.04,0.1343,Fully Funded
SAV-02199,CUST-02199,1613.84,145956.42,0.1922,Fully Funded
SAV-02200,CUST-02200,539.91,30883.89,0.0761,Partially Funded
SAV-02201,CUST-02201,519.38,53996.16,0.1199,Fully Funded
SAV-02202,CUST-02202,1086.57,37375.89,0.1612,Fully Funded
SAV-02203,CUST-02203,4096.74,108322.78,0.2174,Fully Funded
SAV-02204,CUST-02204,672.98,50227.32,0.1829,Fully Funded
SAV-02205,CUST-02205,339.18,27003.07,0.2766,Fully Funded
SAV-02206,CUST-02206,329.82,6065.46,0.0893,Low
SAV-02207,CUST-02207,1313.11,128994.61,0.2347,Fully Funded
SAV-02208,CUST-02208,439.1,5196.08,0.1005,Low
SAV-02209,CUST-02209,365.0,21809.83,0.1273,Fully Funded
SAV-02210,CUST-02210,870.58,56019.53,0.0816,Fully Funded
SAV-02211,CUST-02211,1262.22,13159.6,0.2369,Partially Funded
SAV-02212,CUST-02212,433.81,5861.64,0.1525,Low
SAV-02213,CUST-02213,260.26,3119.77,0.0684,No Fund
SAV-02214,CUST-02214,747.8,64025.25,0.1301,Fully Funded
SAV-02215,CUST-02215,670.64,34175.68,0.143,Fully Funded
SAV-02216,CUST-02216,317.08,10910.77,0.0785,Partially Funded
SAV-02217,CUST-02217,3133.7,106781.94,0.1786,Fully Funded
SAV-02218,CUST-02218,368.14,26558.42,0.1227,Fully Funded
SAV-02219,CUST-02219,972.26,73897.18,0.2501,Fully Funded
SAV-02220,CUST-02220,1757.43,84586.07,0.1929,Fully Funded
SAV-02221,CUST-02221,335.75,27352.44,0.2109,Fully Funded
SAV-02222,CUST-02222,572.47,46186.1,0.236,Fully Funded
SAV-02223,CUST-02223,279.12,20000.4,0.0703,Fully Funded
SAV-02224,CUST-02224,382.12,6825.9,0.06,Low
SAV-02225,CUST-02225,3121.39,204258.1,0.2584,Fully Funded
SAV-02226,CUST-02226,490.91,27590.48,0.1052,Fully Funded
SAV-02227,CUST-02227,551.55,33124.78,0.1445,Fully Funded
SAV-02228,CUST-02228,803.21,77519.76,0.1194,Fully Funded
SAV-02229,CUST-02229,842.38,27829.42,0.1178,Partially Funded
SAV-02230,CUST-02230,166.41,10109.04,0.0902,Fully Funded
SAV-02231,CUST-02231,669.93,51338.77,0.1529,Fully Funded
SAV-02232,CUST-02232,1775.87,30276.63,0.2173,Partially Funded
SAV-02233,CUST-02233,397.39,17038.56,0.1029,Partially Funded
SAV-02234,CUST-02234,187.43,19287.3,0.1961,Fully Funded
SAV-02235,CUST-02235,963.22,81449.99,0.0995,Fully Funded
SAV-02236,CUST-02236,299.19,25473.47,0.1543,Fully Funded
SAV-02237,CUST-02237,2076.98,148913.07,0.295,Fully Funded
SAV-02238,CUST-02238,2096.38,227116.71,0.2449,Fully Funded
SAV-02239,CUST-02239,1720.85,162006.45,0.2026,Fully Funded
SAV-02240,CUST-02240,227.9,3791.18,0.1697,Partially Funded
SAV-02241,CUST-02241,606.49,29418.71,0.1135,Fully Funded
SAV-02242,CUST-02242,1210.68,99777.73,0.2217,Fully Funded
SAV-02243,CUST-02243,493.88,24213.26,0.0846,Partially Funded
SAV-02244,CUST-02244,723.41,40137.88,0.1276,Fully Funded
SAV-02245,CUST-02245,1283.3,68327.4,0.1891,Fully Funded
SAV-02246,CUST-02246,827.43,76769.05,0.212,Fully Funded
SAV-02247,CUST-02247,1027.8,29971.98,0.2347,Fully Funded
SAV-02248,CUST-02248,432.33,13163.42,0.2016,Fully Funded
SAV-02249,CUST-02249,2470.01,110778.69,0.182,Fully Funded
SAV-02250,CUST-02250,826.07,67758.15,0.1453,Fully Funded
SAV-02251,CUST-02251,1017.22,21915.31,0.146,Partially Funded
SAV-02252,CUST-02252,722.72,10377.98,0.1795,Partially Funded
SAV-02253,CUST-02253,2937.04,150779.77,0.2037,Fully Funded
SAV-02254,CUST-02254,297.66,16555.23,0.0972,Fully Funded
SAV-02255,CUST-02255,246.03,14816.95,0.1765,Fully Funded
SAV-02256,CUST-02256,1048.36,42879.68,0.1394,Fully Funded
SAV-02257,CUST-02257,950.54,79077.72,0.1329,Fully Funded
SAV-02258,CUST-02258,743.51,49209.01,0.185,Fully Funded
SAV-02259,CUST-02259,944.86,45823.78,0.1144,Fully Funded
SAV-02260,CUST-02260,257.85,17618.93,0.1875,Fully Funded
SAV-02261,CUST-02261,1794.78,24542.3,0.2647,Partially Funded
SAV-02262,CUST-02262,791.29,70775.19,0.1379,Fully Funded
SAV-02263,CUST-02263,1228.11,110340.92,0.2568,Fully Funded
SAV-02264,CUST-02264,222.71,26708.58,0.1895,Fully Funded
SAV-02265,CUST-02265,631.93,40843.1,0.1987,Fully Funded
SAV-02266,CUST-02266,462.18,41381.31,0.0856,Fully Funded
SAV-02267,CUST-02267,721.49,48541.93,0.1509,Fully Funded
SAV-02268,CUST-02268,532.74,56340.44,0.1192,Fully Funded
SAV-02269,CUST-02269,721.59,13488.2,0.1694,Partially Funded
SAV-02270,CUST-02270,659.86,29451.07,0.1622,Fully Funded
SAV-02271,CUST-02271,802.95,25264.37,0.1774,Fully Funded
SAV-02272,CUST-02272,1067.82,69747.45,0.1523,Fully Funded
SAV-02273,CUST-02273,608.91,40615.21,0.1212,Fully Funded
SAV-02274,CUST-02274,646.87,41273.85,0.1253,Fully Funded
SAV-02275,CUST-02275,1225.03,18436.93,0.1648,Partially Funded
SAV-02276,CUST-02276,297.28,21305.63,0.1516,Fully Funded
SAV-02277,CUST-02277,181.85,6838.72,0.1289,Fully Funded
SAV-02278,CUST-02278,370.33,21115.36,0.1535,Fully Funded
SAV-02279,CUST-02279,1619.67,104317.46,0.1589,Fully Funded
SAV-02280,CUST-02280,3895.27,347617.84,0.2902,Fully Funded
SAV-02281,CUST-02281,1119.86,18651.81,0.2037,Partially Funded
SAV-02282,CUST-02282,840.33,16886.33,0.1142,Low
SAV-02283,CUST-02283,81.8,5770.99,0.1351,Fully Funded
SAV-02284,CUST-02284,459.45,44304.48,0.0755,Fully Funded
SAV-02285,CUST-02285,617.83,29892.18,0.1371,Fully Funded
SAV-02286,CUST-02286,1437.0,28330.86,0.1723,Partially Funded
SAV-02287,CUST-02287,1421.62,91010.97,0.2523,Fully Funded
SAV-02288,CUST-02288,542.88,9195.03,0.1627,Partially Funded
SAV-02289,CUST-02289,111.53,8184.84,0.1645,Fully Funded
SAV-02290,CUST-02290,614.97,59674.62,0.1157,Fully Funded
SAV-02291,CUST-02291,1599.45,86560.46,0.1935,Fully Funded
SAV-02292,CUST-02292,859.41,54171.91,0.1795,Fully Funded
SAV-02293,CUST-02293,882.1,87507.31,0.1455,Fully Funded
SAV-02294,CUST-02294,556.75,39352.52,0.1615,Fully Funded
SAV-02295,CUST-02295,1084.94,34388.23,0.1307,Partially Funded
SAV-02296,CUST-02296,1415.22,61881.39,0.2491,Fully Funded
SAV-02297,CUST-02297,777.59,36531.2,0.1692,Fully Funded
SAV-02298,CUST-02298,1255.04,77648.27,0.1442,Fully Funded
SAV-02299,CUST-02299,163.39,7482.39,0.0916,Partially Funded
SAV-02300,CUST-02300,610.49,46706.12,0.1563,Fully Funded
SAV-02301,CUST-02301,977.57,34165.35,0.2347,Fully Funded
SAV-02302,CUST-02302,745.07,55284.88,0.1175,Fully Funded
SAV-02303,CUST-02303,1663.02,104178.93,0.2303,Fully Funded
SAV-02304,CUST-02304,482.88,30792.56,0.1144,Fully Funded
SAV-02305,CUST-02305,194.52,9406.22,0.2004,Fully Funded
SAV-02306,CUST-02306,2443.58,199463.92,0.2231,Fully Funded
SAV-02307,CUST-02307,373.56,13476.76,0.0715,Partially Funded
SAV-02308,CUST-02308,1470.01,112890.0,0.2195,Fully Funded
SAV-02309,CUST-02309,905.98,52043.53,0.2222,Fully Funded
SAV-02310,CUST-02310,733.32,17225.52,0.1234,Partially Funded
SAV-02311,CUST-02311,1111.14,73642.74,0.1414,Fully Funded
SAV-02312,CUST-02312,468.03,13169.41,0.1485,Partially Funded
SAV-02313,CUST-02313,661.46,14559.0,0.086,Low
SAV-02314,CUST-02314,740.32,15410.74,0.1786,Partially Funded
SAV-02315,CUST-02315,402.3,42909.88,0.113,Fully Funded
SAV-02316,CUST-02316,404.72,20322.44,0.1626,Fully Funded
SAV-02317,CUST-02317,377.43,19322.19,0.118,Fully Funded
SAV-02318,CUST-02318,1002.47,102597.46,0.2065,Fully Funded
SAV-02319,CUST-02319,2867.41,85172.6,0.2161,Fully Funded
SAV-02320,CUST-02320,781.81,57627.68,0.1391,Fully Funded
SAV-02321,CUST-02321,702.45,73144.67,0.0857,Fully Funded
SAV-02322,CUST-02322,1193.72,45088.2,0.171,Fully Funded
SAV-02323,CUST-02323,642.22,62510.11,0.0939,Fully Funded
SAV-02324,CUST-02324,524.83,41408.54,0.1225,Fully Funded
SAV-02325,CUST-02325,414.89,13035.76,0.1365,Partially Funded
SAV-02326,CUST-02326,597.48,43526.73,0.1238,Fully Funded
SAV-02327,CUST-02327,387.83,36655.21,0.0752,Fully Funded
SAV-02328,CUST-02328,392.5,6963.72,0.1268,Partially Funded
SAV-02329,CUST-02329,1965.03,60547.88,0.1617,Fully Funded
SAV-02330,CUST-02330,1441.2,66969.81,0.1641,Fully Funded
SAV-02331,CUST-02331,641.05,56136.4,0.1223,Fully Funded
SAV-02332,CUST-02332,157.01,9422.13,0.1332,Fully Funded
SAV-02333,CUST-02333,864.95,31878.47,0.1763,Fully Funded
SAV-02334,CUST-02334,939.59,54969.51,0.1508,Fully Funded
SAV-02335,CUST-02335,1070.48,69841.41,0.2528,Fully Funded
SAV-02336,CUST-02336,1711.55,102578.58,0.1784,Fully Funded
SAV-02337,CUST-02337,470.99,34940.78,0.26,Fully Funded
SAV-02338,CUST-02338,3568.79,55295.88,0.2392,Partially Funded
SAV-02339,CUST-02339,1635.34,180303.45,0.2307,Fully Funded
SAV-02340,CUST-02340,680.01,9596.43,0.1413,Low
SAV-02341,CUST-02341,409.7,10406.31,0.1,Partially Funded
SAV-02342,CUST-02342,658.85,45021.69,0.1914,Fully Funded
SAV-02343,CUST-02343,1003.21,51948.93,0.1987,Fully Funded
SAV-02344,CUST-02344,1960.54,165292.15,0.2022,Fully Funded
SAV-02345,CUST-02345,558.58,15905.0,0.0965,Partially Funded
SAV-02346,CUST-02346,1343.96,83481.5,0.2682,Fully Funded
SAV-02347,CUST-02347,1700.43,79100.97,0.1545,Fully Funded
SAV-02348,CUST-02348,639.39,28667.4,0.1417,Fully Funded
SAV-02349,CUST-02349,892.61,55848.24,0.1551,Fully Funded
SAV-02350,CUST-02350,739.13,62775.84,0.1245,Fully Funded
SAV-02351,CUST-02351,1121.51,61700.95,0.2178,Fully Funded
SAV-02352,CUST-02352,788.11,52601.79,0.1588,Fully Funded
SAV-02353,CUST-02353,418.98,8751.16,0.1341,Partially Funded
SAV-02354,CUST-02354,1321.1,136913.43,0.175,Fully Funded
SAV-02355,CUST-02355,2168.72,76531.56,0.1679,Fully Funded
SAV-02356,CUST-02356,1680.68,57457.37,0.2098,Fully Funded
SAV-02357,CUST-02357,1479.14,151001.6,0.2117,Fully Funded
SAV-02358,CUST-02358,128.86,3111.04,0.1263,Partially Funded
SAV-02359,CUST-02359,655.31,47897.18,0.2029,Fully Funded
SAV-02360,CUST-02360,205.08,9160.03,0.1603,Fully Funded
SAV-02361,CUST-02361,1077.39,61547.85,0.1751,Fully Funded
SAV-02362,CUST-02362,357.59,19469.59,0.1429,Fully Funded
SAV-02363,CUST-02363,1084.36,70743.05,0.1776,Fully Funded
SAV-02364,CUST-02364,1121.52,63268.23,0.2234,Fully Funded
SAV-02365,CUST-02365,2254.19,41334.04,0.2794,Fully Funded
SAV-02366,CUST-02366,1176.23,104764.53,0.1587,Fully Funded
SAV-02367,CUST-02367,476.41,53721.14,0.2085,Fully Funded
SAV-02368,CUST-02368,551.35,21480.26,0.0917,Partially Funded
SAV-02369,CUST-02369,928.49,30034.08,0.1613,Fully Funded
SAV-02370,CUST-02370,648.68,61438.09,0.0938,Fully Funded
SAV-02371,CUST-02371,1008.06,42713.06,0.1482,Fully Funded
SAV-02372,CUST-02372,1114.53,119979.44,0.2776,Fully Funded
SAV-02373,CUST-02373,870.12,72286.36,0.1206,Fully Funded
SAV-02374,CUST-02374,572.85,32882.21,0.1025,Fully Funded
SAV-02375,CUST-02375,1330.75,67338.38,0.2166,Fully Funded
SAV-02376,CUST-02376,1851.03,171147.09,0.1056,Fully Funded
SAV-02377,CUST-02377,438.51,43363.56,0.12,Fully Funded
SAV-02378,CUST-02378,655.41,66396.28,0.2366,Fully Funded
SAV-02379,CUST-02379,1205.26,35070.21,0.2095,Fully Funded
SAV-02380,CUST-02380,226.36,3312.13,0.034,No Fund
SAV-02381,CUST-02381,710.93,15618.0,0.1243,Partially Funded
SAV-02382,CUST-02382,812.77,47898.43,0.1985,Fully Funded
SAV-02383,CUST-02383,593.36,18378.16,0.1465,Fully Funded
SAV-02384,CUST-02384,711.38,8313.71,0.2295,Partially Funded
SAV-02385,CUST-02385,626.32,11711.15,0.1821,Partially Funded
SAV-02386,CUST-02386,707.6,25792.9,0.1251,Partially Funded
SAV-02387,CUST-02387,773.12,78704.33,0.1323,Fully Funded
SAV-02388,CUST-02388,1165.03,120726.86,0.2198,Fully Funded
SAV-02389,CUST-02389,532.59,25815.11,0.1241,Fully Funded
SAV-02390,CUST-02390,323.44,33779.44,0.0912,Fully Funded
SAV-02391,CUST-02391,856.83,62071.31,0.1181,Fully Funded
SAV-02392,CUST-02392,581.54,35395.11,0.0898,Fully Funded
SAV-02393,CUST-02393,1914.47,111171.82,0.0942,Fully Funded
SAV-02394,CUST-02394,953.81,26175.18,0.1343,Partially Funded
SAV-02395,CUST-02395,443.13,6486.69,0.1461,Partially Funded
SAV-02396,CUST-02396,52.82,1731.57,0.0733,Low
SAV-02397,CUST-02397,663.06,15279.71,0.1587,Partially Funded
SAV-02398,CUST-02398,1017.39,41522.23,0.1311,Fully Funded
SAV-02399,CUST-02399,491.98,30757.76,0.0604,Partially Funded
SAV-02400,CUST-02400,857.55,15054.52,0.1725,Partially Funded
SAV-02401,CUST-02401,974.22,80793.67,0.2099,Fully Funded
SAV-02402,CUST-02402,438.99,40239.99,0.1423,Fully Funded
SAV-02403,CUST-02403,1296.5,36655.19,0.1681,Fully Funded
SAV-02404,CUST-02404,190.44,13468.64,0.068,Partially Funded
SAV-02405,CUST-02405,397.56,20422.88,0.103,Fully Funded
SAV-02406,CUST-02406,963.73,65742.42,0.1819,Fully Funded
SAV-02407,CUST-02407,1181.88,66037.05,0.1819,Fully Funded
SAV-02408,CUST-02408,171.34,15256.44,0.1397,Fully Funded
SAV-02409,CUST-02409,1359.13,31598.3,0.1732,Partially Funded
SAV-02410,CUST-02410,700.77,38820.85,0.1558,Fully Funded
SAV-02411,CUST-02411,638.08,23463.33,0.1289,Partially Funded
SAV-02412,CUST-02412,431.1,5617.15,0.1374,Low
SAV-02413,CUST-02413,932.09,32035.36,0.2046,Fully Funded
SAV-02414,CUST-02414,394.38,27148.74,0.1257,Fully Funded
SAV-02415,CUST-02415,1375.98,78558.02,0.2343,Fully Funded
SAV-02416,CUST-02416,1182.89,54467.26,0.1778,Fully Funded
SAV-02417,CUST-02417,720.95,23066.14,0.2579,Fully Funded
SAV-02418,CUST-02418,894.48,45138.82,0.1212,Fully Funded
SAV-02419,CUST-02419,675.87,17212.85,0.1346,Partially Funded
SAV-02420,CUST-02420,908.26,13992.99,0.1387,Low
SAV-02421,CUST-02421,433.31,23239.61,0.1377,Fully Funded
SAV-02422,CUST-02422,285.6,14731.23,0.1577,Fully Funded
SAV-02423,CUST-02423,1112.39,18396.66,0.1713,Partially Funded
SAV-02424,CUST-02424,2174.22,24894.7,0.2705,Partially Funded
SAV-02425,CUST-02425,990.78,33320.49,0.1567,Fully Funded
SAV-02426,CUST-02426,814.07,44065.63,0.2176,Fully Funded
SAV-02427,CUST-02427,920.36,47672.76,0.1867,Fully Funded
SAV-02428,CUST-02428,1005.75,46351.43,0.1743,Fully Funded
SAV-02429,CUST-02429,329.62,34570.19,0.1703,Fully Funded
SAV-02430,CUST-02430,1240.9,27286.46,0.1499,Partially Funded
SAV-02431,CUST-02431,1428.15,84819.74,0.181,Fully Funded
SAV-02432,CUST-02432,1873.66,52746.76,0.2512,Fully Funded
SAV-02433,CUST-02433,468.19,7853.54,0.1592,Partially Funded
SAV-02434,CUST-02434,1394.95,99019.0,0.1092,Fully Funded
SAV-02435,CUST-02435,204.7,18197.22,0.1255,Fully Funded
SAV-02436,CUST-02436,609.55,35310.75,0.1117,Fully Funded
SAV-02437,CUST-02437,1141.92,113616.49,0.1565,Fully Funded
SAV-02438,CUST-02438,736.07,48784.23,0.1399,Fully Funded
SAV-02439,CUST-02439,683.64,12656.08,0.0929,Low
SAV-02440,CUST-02440,864.78,37183.77,0.182,Fully Funded
SAV-02441,CUST-02441,206.68,3882.24,0.2051,Partially Funded
SAV-02442,CUST-02442,3232.75,62177.64,0.2223,Fully Funded
SAV-02443,CUST-02443,383.41,12328.53,0.0955,Partially Funded
SAV-02444,CUST-02444,1948.19,92694.7,0.2906,Fully Funded
SAV-02445,CUST-02445,906.85,79472.38,0.2233,Fully Funded
SAV-02446,CUST-02446,1103.63,18066.26,0.1811,Partially Funded
SAV-02447,CUST-02447,263.28,13289.41,0.0935,Partially Funded
SAV-02448,CUST-02448,1657.24,130172.04,0.2409,Fully Funded
SAV-02449,CUST-02449,972.48,35391.85,0.1253,Fully Funded
SAV-02450,CUST-02450,625.94,41056.72,0.2013,Fully Funded
SAV-02451,CUST-02451,446.22,41672.81,0.229,Fully Funded
SAV-02452,CUST-02452,2051.99,141176.6,0.2727,Fully Funded
SAV-02453,CUST-02453,1671.5,164701.88,0.1446,Fully Funded
SAV-02454,CUST-02454,700.0,51688.53,0.2395,Fully Funded
SAV-02455,CUST-02455,653.13,27244.52,0.1101,Partially Funded
SAV-02456,CUST-02456,790.63,53645.92,0.1369,Fully Funded
SAV-02457,CUST-02457,1084.11,19589.54,0.1264,Low
SAV-02458,CUST-02458,1074.37,35854.5,0.222,Fully Funded
SAV-02459,CUST-02459,184.97,3576.33,0.2034,Partially Funded
SAV-02460,CUST-02460,567.41,51220.82,0.1575,Fully Funded
SAV-02461,CUST-02461,1943.29,47790.97,0.1727,Partially Funded
SAV-02462,CUST-02462,753.05,19946.48,0.276,Fully Funded
SAV-02463,CUST-02463,1216.38,59098.4,0.2443,Fully Funded
SAV-02464,CUST-02464,2185.61,28264.09,0.1622,Low
SAV-02465,CUST-02465,1748.43,44384.22,0.0973,Partially Funded
SAV-02466,CUST-02466,747.96,16029.39,0.1833,Partially Funded
SAV-02467,CUST-02467,759.44,16512.17,0.1173,Partially Funded
SAV-02468,CUST-02468,837.64,24739.44,0.1255,Partially Funded
SAV-02469,CUST-02469,1259.88,79896.36,0.2377,Fully Funded
SAV-02470,CUST-02470,776.88,21393.63,0.186,Fully Funded
SAV-02471,CUST-02471,1895.03,48842.34,0.2057,Fully Funded
SAV-02472,CUST-02472,1515.43,68483.62,0.2283,Fully Funded
SAV-02473,CUST-02473,181.13,11078.81,0.1992,Fully Funded
SAV-02474,CUST-02474,1014.56,101513.8,0.1541,Fully Funded
SAV-02475,CUST-02475,789.31,22938.68,0.108,Partially Funded
SAV-02476,CUST-02476,767.07,83128.27,0.1782,Fully Funded
SAV-02477,CUST-02477,2375.62,25745.53,0.3162,Partially Funded
SAV-02478,CUST-02478,1312.48,95797.92,0.1526,Fully Funded
SAV-02479,CUST-02479,1320.63,135904.84,0.1699,Fully Funded
SAV-02480,CUST-02480,78.51,4887.01,0.1174,Fully Funded
SAV-02481,CUST-02481,1323.39,73233.25,0.1666,Fully Funded
SAV-02482,CUST-02482,1379.48,99485.03,0.2544,Fully Funded
SAV-02483,CUST-02483,565.76,31290.4,0.1417,Fully Funded
SAV-02484,CUST-02484,2096.15,49741.7,0.2044,Fully Funded
SAV-02485,CUST-02485,438.04,40251.51,0.1091,Fully Funded
SAV-02486,CUST-02486,1126.74,77575.29,0.1438,Fully Funded
SAV-02487,CUST-02487,365.74,24409.41,0.1218,Fully Funded
SAV-02488,CUST-02488,710.51,73571.8,0.1298,Fully Funded
SAV-02489,CUST-02489,1274.51,78724.01,0.1221,Fully Funded
SAV-02490,CUST-02490,47.96,4197.08,0.061,Fully Funded
SAV-02491,CUST-02491,493.87,25012.02,0.2135,Fully Funded
SAV-02492,CUST-02492,1621.68,38468.2,0.2504,Fully Funded
SAV-02493,CUST-02493,375.01,33722.7,0.1658,Fully Funded
SAV-02494,CUST-02494,447.74,12443.32,0.1746,Fully Funded
SAV-02495,CUST-02495,146.95,9172.04,0.1714,Fully Funded
SAV-02496,CUST-02496,399.25,19101.03,0.1389,Fully Funded
SAV-02497,CUST-02497,172.31,11752.57,0.1672,Fully Funded
SAV-02498,CUST-02498,593.55,27044.15,0.1733,Fully Funded
SAV-02499,CUST-02499,775.23,33957.45,0.1671,Fully Funded
SAV-02500,CUST-02500,1115.73,92028.52,0.1463,Fully Funded
SAV-02501,CUST-02501,816.69,43441.74,0.1777,Fully Funded
SAV-02502,CUST-02502,865.38,46577.03,0.2197,Fully Funded
SAV-02503,CUST-02503,915.97,57004.39,0.1017,Fully Funded
SAV-02504,CUST-02504,1282.44,96957.1,0.1661,Fully Funded
SAV-02505,CUST-02505,228.21,7694.84,0.2049,Fully Funded
SAV-02506,CUST-02506,786.31,12770.15,0.2524,Partially Funded
SAV-02507,CUST-02507,2027.14,237759.53,0.1768,Fully Funded
SAV-02508,CUST-02508,363.94,34762.94,0.1828,Fully Funded
SAV-02509,CUST-02509,1011.77,63278.43,0.1379,Fully Funded
SAV-02510,CUST-02510,565.7,11771.26,0.0675,Low
SAV-02511,CUST-02511,162.87,9056.95,0.1346,Fully Funded
SAV-02512,CUST-02512,1241.25,44929.28,0.1754,Fully Funded
SAV-02513,CUST-02513,791.77,25772.54,0.1381,Fully Funded
SAV-02514,CUST-02514,860.65,44680.41,0.2026,Fully Funded
SAV-02515,CUST-02515,1075.66,48928.77,0.1261,Fully Funded
SAV-02516,CUST-02516,1187.93,67603.79,0.1578,Fully Funded
SAV-02517,CUST-02517,1383.41,52890.47,0.1578,Fully Funded
SAV-02518,CUST-02518,836.12,9761.75,0.1934,Partially Funded
SAV-02519,CUST-02519,744.78,17930.12,0.1511,Partially Funded
SAV-02520,CUST-02520,2536.98,180004.07,0.1526,Fully Funded
SAV-02521,CUST-02521,849.11,70592.73,0.1858,Fully Funded
SAV-02522,CUST-02522,875.37,86545.03,0.0997,Fully Funded
SAV-02523,CUST-02523,1154.99,63554.41,0.1445,Fully Funded
SAV-02524,CUST-02524,322.24,7996.63,0.0835,Low
SAV-02525,CUST-02525,864.53,47242.93,0.1566,Fully Funded
SAV-02526,CUST-02526,2137.22,31503.33,0.2177,Partially Funded
SAV-02527,CUST-02527,823.89,35993.5,0.1852,Fully Funded
SAV-02528,CUST-02528,1218.94,83802.7,0.2093,Fully Funded
SAV-02529,CUST-02529,733.0,55683.47,0.1832,Fully Funded
SAV-02530,CUST-02530,534.93,16862.52,0.1685,Fully Funded
SAV-02531,CUST-02531,902.2,42163.74,0.1579,Fully Funded
SAV-02532,CUST-02532,1537.4,96291.97,0.1682,Fully Funded
SAV-02533,CUST-02533,1156.31,113511.31,0.1447,Fully Funded
SAV-02534,CUST-02534,629.81,36246.45,0.1696,Fully Funded
SAV-02535,CUST-02535,1040.49,51069.36,0.1985,Fully Funded
SAV-02536,CUST-02536,82.41,4145.21,0.1187,Fully Funded
SAV-02537,CUST-02537,317.17,17684.71,0.1001,Fully Funded
SAV-02538,CUST-02538,681.89,28227.42,0.1088,Fully Funded
SAV-02539,CUST-02539,1592.09,47500.35,0.218,Fully Funded
SAV-02540,CUST-02540,411.95,24232.63,0.1409,Fully Funded
SAV-02541,CUST-02541,2182.9,82446.27,0.2426,Fully Funded
SAV-02542,CUST-02542,161.33,10864.26,0.1749,Fully Funded
SAV-02543,CUST-02543,1280.12,84981.88,0.1289,Fully Funded
SAV-02544,CUST-02544,1174.63,73160.24,0.1817,Fully Funded
SAV-02545,CUST-02545,674.28,18534.81,0.1552,Partially Funded
SAV-02546,CUST-02546,798.64,30778.51,0.1128,Partially Funded
SAV-02547,CUST-02547,1242.84,79850.46,0.1339,Fully Funded
SAV-02548,CUST-02548,1065.66,39034.95,0.2018,Fully Funded
SAV-02549,CUST-02549,1581.92,23703.76,0.1773,Partially Funded
SAV-02550,CUST-02550,1184.41,41340.98,0.1622,Fully Funded
SAV-02551,CUST-02551,509.3,48622.15,0.1364,Fully Funded
SAV-02552,CUST-02552,677.83,33550.94,0.1648,Fully Funded
SAV-02553,CUST-02553,489.84,7855.79,0.1251,Low
SAV-02554,CUST-02554,641.88,27665.8,0.1137,Fully Funded
SAV-02555,CUST-02555,777.38,42541.48,0.1892,Fully Funded
SAV-02556,CUST-02556,879.6,29428.67,0.1093,Partially Funded
SAV-02557,CUST-02557,712.83,33827.77,0.1266,Fully Funded
SAV-02558,CUST-02558,942.2,77043.73,0.1791,Fully Funded
SAV-02559,CUST-02559,1911.41,58390.25,0.1859,Fully Funded
SAV-02560,CUST-02560,1392.08,44407.64,0.149,Fully Funded
SAV-02561,CUST-02561,644.67,21277.69,0.117,Partially Funded
SAV-02562,CUST-02562,421.18,10517.73,0.1306,Partially Funded
SAV-02563,CUST-02563,1032.96,80112.76,0.2205,Fully Funded
SAV-02564,CUST-02564,1285.9,85161.93,0.187,Fully Funded
SAV-02565,CUST-02565,1242.49,91072.17,0.1481,Fully Funded
SAV-02566,CUST-02566,889.86,52023.48,0.2412,Fully Funded
SAV-02567,CUST-02567,268.32,15481.71,0.0869,Partially Funded
SAV-02568,CUST-02568,2393.01,69944.53,0.1749,Fully Funded
SAV-02569,CUST-02569,1961.78,132985.99,0.2062,Fully Funded
SAV-02570,CUST-02570,3315.83,168478.62,0.1639,Fully Funded
SAV-02571,CUST-02571,790.22,38807.52,0.1987,Fully Funded
SAV-02572,CUST-02572,1671.96,68464.65,0.2315,Fully Funded
SAV-02573,CUST-02573,2892.03,51965.32,0.1972,Partially Funded
SAV-02574,CUST-02574,2525.63,55779.43,0.1909,Fully Funded
SAV-02575,CUST-02575,888.62,92817.33,0.128,Fully Funded
SAV-02576,CUST-02576,960.05,29496.79,0.1349,Partially Funded
SAV-02577,CUST-02577,2619.48,246539.92,0.2795,Fully Funded
SAV-02578,CUST-02578,1015.77,108708.84,0.1514,Fully Funded
SAV-02579,CUST-02579,826.93,49794.99,0.1183,Fully Funded
SAV-02580,CUST-02580,1553.38,96537.11,0.1911,Fully Funded
SAV-02581,CUST-02581,494.42,35119.04,0.0648,Partially Funded
SAV-02582,CUST-02582,887.95,65459.38,0.2573,Fully Funded
SAV-02583,CUST-02583,1748.08,34122.7,0.1736,Partially Funded
SAV-02584,CUST-02584,476.02,21739.41,0.093,Partially Funded
SAV-02585,CUST-02585,196.07,10967.21,0.2261,Fully Funded
SAV-02586,CUST-02586,389.7,20986.2,0.0797,Partially Funded
SAV-02587,CUST-02587,454.98,11000.12,0.1501,Partially Funded
SAV-02588,CUST-02588,674.02,38555.97,0.1434,Fully Funded
SAV-02589,CUST-02589,1162.65,118845.76,0.2592,Fully Funded
SAV-02590,CUST-02590,1715.44,61907.98,0.1824,Fully Funded
SAV-02591,CUST-02591,1391.82,26748.21,0.2084,Fully Funded
SAV-02592,CUST-02592,661.04,9677.46,0.1397,Low
SAV-02593,CUST-02593,1374.32,12269.15,0.1753,Low
SAV-02594,CUST-02594,719.37,16114.56,0.1225,Partially Funded
SAV-02595,CUST-02595,852.88,18302.73,0.1807,Partially Funded
SAV-02596,CUST-02596,297.03,18406.79,0.2455,Fully Funded
SAV-02597,CUST-02597,380.36,10853.93,0.15,Fully Funded
SAV-02598,CUST-02598,1300.93,153819.15,0.1496,Fully Funded
SAV-02599,CUST-02599,848.1,13594.23,0.1115,Low
SAV-02600,CUST-02600,737.17,13747.95,0.1147,Low
SAV-02601,CUST-02601,806.88,58112.56,0.1548,Fully Funded
SAV-02602,CUST-02602,906.05,44756.13,0.1513,Fully Funded
SAV-02603,CUST-02603,721.91,53341.62,0.0868,Fully Funded
SAV-02604,CUST-02604,595.42,51092.11,0.2061,Fully Funded
SAV-02605,CUST-02605,275.2,6262.43,0.2101,Fully Funded
SAV-02606,CUST-02606,272.34,19755.75,0.0783,Fully Funded
SAV-02607,CUST-02607,1390.21,33035.54,0.2145,Fully Funded
SAV-02608,CUST-02608,1715.42,86229.04,0.1821,Fully Funded
SAV-02609,CUST-02609,1377.85,109698.36,0.1732,Fully Funded
SAV-02610,CUST-02610,407.09,6975.42,0.0888,Low
SAV-02611,CUST-02611,1071.21,87407.71,0.1568,Fully Funded
SAV-02612,CUST-02612,859.38,103660.21,0.1757,Fully Funded
SAV-02613,CUST-02613,741.77,29860.06,0.1916,Fully Funded
SAV-02614,CUST-02614,156.03,13327.58,0.086,Fully Funded
SAV-02615,CUST-02615,3547.6,68820.51,0.1711,Partially Funded
SAV-02616,CUST-02616,379.52,28452.55,0.2512,Fully Funded
SAV-02617,CUST-02617,462.67,22477.07,0.0665,Partially Funded
SAV-02618,CUST-02618,747.41,52734.28,0.1484,Fully Funded
SAV-02619,CUST-02619,1970.23,63938.75,0.1684,Fully Funded
SAV-02620,CUST-02620,1021.44,20593.44,0.0922,Low
SAV-02621,CUST-02621,961.34,41447.32,0.1398,Fully Funded
SAV-02622,CUST-02622,1234.35,49450.32,0.2176,Fully Funded
SAV-02623,CUST-02623,538.53,21583.64,0.1448,Fully Funded
SAV-02624,CUST-02624,1672.79,182423.37,0.2995,Fully Funded
SAV-02625,CUST-02625,504.3,43587.63,0.1,Fully Funded
SAV-02626,CUST-02626,594.0,48726.65,0.1613,Fully Funded
SAV-02627,CUST-02627,765.72,30958.26,0.1406,Fully Funded
SAV-02628,CUST-02628,1331.44,24208.03,0.1999,Partially Funded
SAV-02629,CUST-02629,2357.44,155203.02,0.2277,Fully Funded
SAV-02630,CUST-02630,1997.2,120170.44,0.0886,Fully Funded
SAV-02631,CUST-02631,503.25,18149.42,0.1416,Fully Funded
SAV-02632,CUST-02632,935.02,21079.84,0.1704,Partially Funded
SAV-02633,CUST-02633,204.51,4297.97,0.1312,Partially Funded
SAV-02634,CUST-02634,1880.67,137399.39,0.2125,Fully Funded
SAV-02635,CUST-02635,1285.13,34352.82,0.146,Partially Funded
SAV-02636,CUST-02636,1069.62,120103.21,0.1665,Fully Funded
SAV-02637,CUST-02637,281.97,25331.84,0.0809,Fully Funded
SAV-02638,CUST-02638,953.41,46578.58,0.1402,Fully Funded
SAV-02639,CUST-02639,1076.39,65716.69,0.1263,Fully Funded
SAV-02640,CUST-02640,530.31,36466.48,0.2008,Fully Funded
SAV-02641,CUST-02641,2096.25,134459.55,0.1359,Fully Funded
SAV-02642,CUST-02642,871.02,19922.99,0.1335,Partially Funded
SAV-02643,CUST-02643,1413.47,71200.65,0.1563,Fully Funded
SAV-02644,CUST-02644,1419.19,115008.5,0.1639,Fully Funded
SAV-02645,CUST-02645,364.61,24222.19,0.0697,Partially Funded
SAV-02646,CUST-02646,1737.81,80868.07,0.1656,Fully Funded
SAV-02647,CUST-02647,1436.78,37197.03,0.2084,Fully Funded
SAV-02648,CUST-02648,360.55,26998.09,0.1909,Fully Funded
SAV-02649,CUST-02649,682.15,48934.21,0.1254,Fully Funded
SAV-02650,CUST-02650,1107.67,72484.05,0.1528,Fully Funded
SAV-02651,CUST-02651,1223.33,90441.62,0.1573,Fully Funded
SAV-02652,CUST-02652,1690.7,53142.72,0.1922,Fully Funded
SAV-02653,CUST-02653,369.14,22673.31,0.1122,Fully Funded
SAV-02654,CUST-02654,202.85,3436.25,0.1801,Partially Funded
SAV-02655,CUST-02655,948.23,49432.68,0.2475,Fully Funded
SAV-02656,CUST-02656,1042.4,93930.51,0.1584,Fully Funded
SAV-02657,CUST-02657,289.73,28044.18,0.0894,Fully Funded
SAV-02658,CUST-02658,1920.04,50425.32,0.1708,Fully Funded
SAV-02659,CUST-02659,1327.17,60257.58,0.1825,Fully Funded
SAV-02660,CUST-02660,850.49,95358.22,0.1484,Fully Funded
SAV-02661,CUST-02661,1088.02,41305.99,0.2354,Fully Funded
SAV-02662,CUST-02662,1345.47,48190.66,0.1429,Fully Funded
SAV-02663,CUST-02663,1028.46,65444.58,0.1627,Fully Funded
SAV-02664,CUST-02664,508.92,32628.7,0.0809,Partially Funded
SAV-02665,CUST-02665,609.96,36216.46,0.1453,Fully Funded
SAV-02666,CUST-02666,450.26,8657.64,0.2194,Fully Funded
SAV-02667,CUST-02667,864.5,39366.12,0.2411,Fully Funded
SAV-02668,CUST-02668,505.96,33934.54,0.1071,Fully Funded
SAV-02669,CUST-02669,469.09,21116.31,0.1152,Fully Funded
SAV-02670,CUST-02670,701.12,24270.03,0.1036,Partially Funded
SAV-02671,CUST-02671,1310.26,44733.02,0.2597,Fully Funded
SAV-02672,CUST-02672,1211.63,65479.41,0.2235,Fully Funded
SAV-02673,CUST-02673,694.91,10622.76,0.1065,Low
SAV-02674,CUST-02674,855.83,29139.74,0.2128,Fully Funded
SAV-02675,CUST-02675,1064.3,79861.72,0.093,Fully Funded
SAV-02676,CUST-02676,1802.82,118512.44,0.148,Fully Funded
SAV-02677,CUST-02677,1101.85,27287.65,0.1285,Partially Funded
SAV-02678,CUST-02678,3132.0,143261.55,0.2127,Fully Funded
SAV-02679,CUST-02679,505.48,34969.36,0.1208,Fully Funded
SAV-02680,CUST-02680,1369.28,112384.04,0.1322,Fully Funded
SAV-02681,CUST-02681,2505.75,75524.58,0.2316,Fully Funded
SAV-02682,CUST-02682,507.57,42360.16,0.1185,Fully Funded
SAV-02683,CUST-02683,703.27,26861.21,0.1547,Fully Funded
SAV-02684,CUST-02684,1127.9,31091.26,0.253,Fully Funded
SAV-02685,CUST-02685,1926.03,81095.54,0.1653,Fully Funded
SAV-02686,CUST-02686,853.56,64468.28,0.0973,Fully Funded
SAV-02687,CUST-02687,956.16,35170.82,0.2064,Fully Funded
SAV-02688,CUST-02688,257.89,16820.96,0.0934,Fully Funded
SAV-02689,CUST-02689,1360.89,12040.98,0.1542,Low
SAV-02690,CUST-02690,49.85,7198.46,0.0802,Fully Funded
SAV-02691,CUST-02691,2679.49,203443.13,0.2148,Fully Funded
SAV-02692,CUST-02692,784.17,23074.97,0.1755,Fully Funded
SAV-02693,CUST-02693,85.95,8870.88,0.0674,Fully Funded
SAV-02694,CUST-02694,319.65,9324.02,0.0728,Low
SAV-02695,CUST-02695,676.87,14643.99,0.2419,Fully Funded
SAV-02696,CUST-02696,810.99,22320.05,0.2111,Fully Funded
SAV-02697,CUST-02697,3448.07,64547.39,0.2941,Fully Funded
SAV-02698,CUST-02698,96.67,2984.15,0.089,Partially Funded
SAV-02699,CUST-02699,429.44,25791.06,0.1117,Fully Funded
SAV-02700,CUST-02700,1543.67,43440.18,0.2096,Fully Funded
SAV-02701,CUST-02701,580.45,53783.57,0.1483,Fully Funded
SAV-02702,CUST-02702,266.15,8057.0,0.098,Partially Funded
SAV-02703,CUST-02703,600.7,33303.36,0.0944,Fully Funded
SAV-02704,CUST-02704,873.71,39823.9,0.1155,Fully Funded
SAV-02705,CUST-02705,487.7,19407.23,0.1045,Partially Funded
SAV-02706,CUST-02706,1109.84,52363.46,0.1996,Fully Funded
SAV-02707,CUST-02707,1368.36,26163.47,0.2526,Fully Funded
SAV-02708,CUST-02708,2148.34,113505.19,0.1714,Fully Funded
SAV-02709,CUST-02709,559.0,38030.65,0.109,Fully Funded
SAV-02710,CUST-02710,788.52,65980.58,0.2079,Fully Funded
SAV-02711,CUST-02711,1241.15,80364.8,0.1381,Fully Funded
SAV-02712,CUST-02712,1031.74,33723.83,0.1206,Partially Funded
SAV-02713,CUST-02713,682.73,32268.76,0.1436,Fully Funded
SAV-02714,CUST-02714,1228.05,59858.27,0.2118,Fully Funded
SAV-02715,CUST-02715,446.92,41696.4,0.0782,Fully Funded
SAV-02716,CUST-02716,695.04,36888.12,0.1333,Fully Funded
SAV-02717,CUST-02717,1230.44,53912.97,0.1758,Fully Funded
SAV-02718,CUST-02718,2038.07,88419.61,0.1426,Fully Funded
SAV-02719,CUST-02719,1001.77,21661.78,0.109,Partially Funded
SAV-02720,CUST-02720,689.7,26920.99,0.1458,Fully Funded
SAV-02721,CUST-02721,1259.81,93969.98,0.1825,Fully Funded
SAV-02722,CUST-02722,2250.04,90677.58,0.2668,Fully Funded
SAV-02723,CUST-02723,478.81,26055.39,0.0999,Fully Funded
SAV-02724,CUST-02724,1821.05,44332.06,0.2577,Fully Funded
SAV-02725,CUST-02725,429.57,28930.76,0.1242,Fully Funded
SAV-02726,CUST-02726,1106.49,17998.83,0.1604,Partially Funded
SAV-02727,CUST-02727,684.07,10348.2,0.1382,Partially Funded
SAV-02728,CUST-02728,1424.51,38024.07,0.1508,Partially Funded
SAV-02729,CUST-02729,1100.45,77193.45,0.204,Fully Funded
SAV-02730,CUST-02730,684.9,47653.76,0.1581,Fully Funded
SAV-02731,CUST-02731,1089.69,80984.6,0.1763,Fully Funded
SAV-02732,CUST-02732,2443.45,63190.08,0.1789,Fully Funded
SAV-02733,CUST-02733,335.06,13876.12,0.0756,Partially Funded
SAV-02734,CUST-02734,672.53,47464.11,0.187,Fully Funded
SAV-02735,CUST-02735,680.28,35907.01,0.0963,Fully Funded
SAV-02736,CUST-02736,201.83,5116.43,0.1409,Partially Funded
SAV-02737,CUST-02737,168.12,7532.51,0.1629,Fully Funded
SAV-02738,CUST-02738,356.25,16901.51,0.1698,Fully Funded
SAV-02739,CUST-02739,642.38,23593.25,0.1244,Fully Funded
SAV-02740,CUST-02740,380.22,12500.09,0.0966,Partially Funded
SAV-02741,CUST-02741,1174.52,103596.79,0.1777,Fully Funded
SAV-02742,CUST-02742,485.62,26968.49,0.1818,Fully Funded
SAV-02743,CUST-02743,136.39,6140.38,0.1785,Fully Funded
SAV-02744,CUST-02744,1105.14,57674.85,0.1553,Fully Funded
SAV-02745,CUST-02745,1101.23,68142.91,0.1949,Fully Funded
SAV-02746,CUST-02746,348.44,29710.26,0.0867,Fully Funded
SAV-02747,CUST-02747,2078.85,93267.13,0.177,Fully Funded
SAV-02748,CUST-02748,913.02,100805.24,0.1616,Fully Funded
SAV-02749,CUST-02749,910.67,12259.29,0.1895,Partially Funded
SAV-02750,CUST-02750,1176.49,59168.27,0.1032,Fully Funded
SAV-02751,CUST-02751,592.57,52246.58,0.174,Fully Funded
SAV-02752,CUST-02752,1266.79,112209.58,0.159,Fully Funded
SAV-02753,CUST-02753,631.75,28915.53,0.1596,Fully Funded
SAV-02754,CUST-02754,756.2,79840.83,0.2719,Fully Funded
SAV-02755,CUST-02755,438.83,33506.75,0.0508,Partially Funded
SAV-02756,CUST-02756,567.74,47651.45,0.1577,Fully Funded
SAV-02757,CUST-02757,563.22,21126.13,0.0837,Partially Funded
SAV-02758,CUST-02758,807.06,80622.9,0.2093,Fully Funded
SAV-02759,CUST-02759,284.51,22515.46,0.1516,Fully Funded
SAV-02760,CUST-02760,338.04,5407.64,0.0562,No Fund
SAV-02761,CUST-02761,1330.21,101837.68,0.1829,Fully Funded
SAV-02762,CUST-02762,206.36,3533.62,0.2367,Partially Funded
SAV-02763,CUST-02763,1038.03,72385.97,0.1744,Fully Funded
SAV-02764,CUST-02764,1137.54,20689.96,0.1196,Partially Funded
SAV-02765,CUST-02765,1550.37,106803.28,0.1312,Fully Funded
SAV-02766,CUST-02766,966.96,89420.2,0.1525,Fully Funded
SAV-02767,CUST-02767,2149.37,84887.24,0.199,Fully Funded
SAV-02768,CUST-02768,1219.29,61287.01,0.2012,Fully Funded
SAV-02769,CUST-02769,1152.93,39938.0,0.201,Fully Funded
SAV-02770,CUST-02770,1398.73,28912.48,0.2244,Fully Funded
SAV-02771,CUST-02771,2057.48,68824.82,0.2305,Fully Funded
SAV-02772,CUST-02772,950.18,32604.94,0.117,Partially Funded
SAV-02773,CUST-02773,1131.83,35350.32,0.2247,Fully Funded
SAV-02774,CUST-02774,729.11,51698.75,0.1735,Fully Funded
SAV-02775,CUST-02775,1730.8,116100.58,0.114,Fully Funded
SAV-02776,CUST-02776,1691.83,68130.31,0.2007,Fully Funded
SAV-02777,CUST-02777,1832.52,32481.07,0.2576,Fully Funded
SAV-02778,CUST-02778,166.17,10649.22,0.1094,Fully Funded
SAV-02779,CUST-02779,1315.29,45087.93,0.1657,Fully Funded
SAV-02780,CUST-02780,1747.11,151181.13,0.1665,Fully Funded
SAV-02781,CUST-02781,436.75,45427.32,0.1302,Fully Funded
SAV-02782,CUST-02782,188.33,20088.93,0.1787,Fully Funded
SAV-02783,CUST-02783,506.47,22781.43,0.1495,Fully Funded
SAV-02784,CUST-02784,492.95,7303.25,0.1246,Low
SAV-02785,CUST-02785,1103.37,24492.16,0.1398,Partially Funded
SAV-02786,CUST-02786,321.5,32007.39,0.1329,Fully Funded
SAV-02787,CUST-02787,563.48,12252.84,0.125,Partially Funded
SAV-02788,CUST-02788,947.46,79211.67,0.0959,Fully Funded
SAV-02789,CUST-02789,435.89,8160.74,0.0575,Low
SAV-02790,CUST-02790,585.34,11303.94,0.1227,Partially Funded
SAV-02791,CUST-02791,119.39,8587.01,0.0895,Fully Funded
SAV-02792,CUST-02792,939.17,88568.16,0.1544,Fully Funded
SAV-02793,CUST-02793,890.03,56109.86,0.1422,Fully Funded
SAV-02794,CUST-02794,1453.13,69043.2,0.1479,Fully Funded
SAV-02795,CUST-02795,790.73,55959.51,0.1803,Fully Funded
SAV-02796,CUST-02796,600.83,71911.74,0.0819,Fully Funded
SAV-02797,CUST-02797,1205.28,112666.77,0.1211,Fully Funded
SAV-02798,CUST-02798,1209.56,114287.6,0.1096,Fully Funded
SAV-02799,CUST-02799,630.13,24781.42,0.1426,Fully Funded
SAV-02800,CUST-02800,220.91,10163.26,0.053,Low
SAV-02801,CUST-02801,356.15,24585.0,0.1095,Fully Funded
SAV-02802,CUST-02802,1135.76,28359.2,0.1543,Partially Funded
SAV-02803,CUST-02803,1144.64,55952.95,0.2345,Fully Funded
SAV-02804,CUST-02804,963.01,15729.62,0.1882,Partially Funded
SAV-02805,CUST-02805,1645.11,95394.24,0.1911,Fully Funded
SAV-02806,CUST-02806,547.47,29056.34,0.2073,Fully Funded
SAV-02807,CUST-02807,253.57,7150.82,0.2287,Fully Funded
SAV-02808,CUST-02808,559.8,40064.4,0.1374,Fully Funded
SAV-02809,CUST-02809,795.66,33837.05,0.1467,Fully Funded
SAV-02810,CUST-02810,1171.57,97135.96,0.1618,Fully Funded
SAV-02811,CUST-02811,1262.93,85921.84,0.1778,Fully Funded
SAV-02812,CUST-02812,1441.63,130948.76,0.1772,Fully Funded
SAV-02813,CUST-02813,929.51,49672.07,0.208,Fully Funded
SAV-02814,CUST-02814,1821.75,28958.58,0.1529,Partially Funded
SAV-02815,CUST-02815,570.76,33395.95,0.1839,Fully Funded
SAV-02816,CUST-02816,911.85,19862.25,0.2084,Fully Funded
SAV-02817,CUST-02817,647.95,38721.7,0.2043,Fully Funded
SAV-02818,CUST-02818,858.38,23153.16,0.1489,Partially Funded
SAV-02819,CUST-02819,1582.02,53988.28,0.2533,Fully Funded
SAV-02820,CUST-02820,302.81,5770.18,0.2685,Fully Funded
SAV-02821,CUST-02821,1766.25,176775.05,0.2046,Fully Funded
SAV-02822,CUST-02822,1385.6,69709.61,0.1844,Fully Funded
SAV-02823,CUST-02823,1439.36,54433.89,0.2333,Fully Funded
SAV-02824,CUST-02824,916.03,42821.15,0.1374,Fully Funded
SAV-02825,CUST-02825,924.67,10723.25,0.1596,Low
SAV-02826,CUST-02826,428.26,30856.43,0.1561,Fully Funded
SAV-02827,CUST-02827,382.1,32117.6,0.1025,Fully Funded
SAV-02828,CUST-02828,671.99,26942.24,0.2288,Fully Funded
SAV-02829,CUST-02829,1229.66,47371.37,0.1684,Fully Funded
SAV-02830,CUST-02830,225.84,3442.58,0.1919,Partially Funded
SAV-02831,CUST-02831,965.82,85287.95,0.1157,Fully Funded
SAV-02832,CUST-02832,663.64,24415.59,0.1419,Fully Funded
SAV-02833,CUST-02833,1213.79,40283.22,0.2168,Fully Funded
SAV-02834,CUST-02834,1718.63,28656.87,0.2596,Fully Funded
SAV-02835,CUST-02835,837.04,15875.26,0.1274,Partially Funded
SAV-02836,CUST-02836,1667.41,185513.87,0.2819,Fully Funded
SAV-02837,CUST-02837,2483.68,207545.51,0.2686,Fully Funded
SAV-02838,CUST-02838,936.68,66880.03,0.1613,Fully Funded
SAV-02839,CUST-02839,938.53,84324.79,0.1636,Fully Funded
SAV-02840,CUST-02840,454.05,48345.62,0.1384,Fully Funded
SAV-02841,CUST-02841,666.58,46223.24,0.0999,Fully Funded
SAV-02842,CUST-02842,1118.39,98629.1,0.1611,Fully Funded
SAV-02843,CUST-02843,1589.66,88877.66,0.2628,Fully Funded
SAV-02844,CUST-02844,772.83,54068.87,0.0745,Fully Funded
SAV-02845,CUST-02845,338.63,26009.21,0.0636,Partially Funded
SAV-02846,CUST-02846,579.88,15826.96,0.1304,Partially Funded
SAV-02847,CUST-02847,478.38,15186.44,0.1081,Partially Funded
SAV-02848,CUST-02848,1145.0,15675.72,0.2159,Partially Funded
SAV-02849,CUST-02849,645.8,52801.66,0.1853,Fully Funded
SAV-02850,CUST-02850,986.62,18822.66,0.1671,Partially Funded
SAV-02851,CUST-02851,848.1,79430.85,0.109,Fully Funded
SAV-02852,CUST-02852,561.4,36002.3,0.1625,Fully Funded
SAV-02853,CUST-02853,398.08,17467.83,0.0858,Partially Funded
SAV-02854,CUST-02854,466.97,13848.42,0.1525,Fully Funded
SAV-02855,CUST-02855,443.23,43788.88,0.1617,Fully Funded
SAV-02856,CUST-02856,1161.51,58707.07,0.2557,Fully Funded
SAV-02857,CUST-02857,570.51,17575.86,0.1513,Fully Funded
SAV-02858,CUST-02858,94.56,8514.85,0.1098,Fully Funded
SAV-02859,CUST-02859,742.27,52033.19,0.1251,Fully Funded
SAV-02860,CUST-02860,171.57,7851.09,0.1347,Fully Funded
SAV-02861,CUST-02861,339.66,10066.03,0.0553,Low
SAV-02862,CUST-02862,1574.32,135823.06,0.1808,Fully Funded
SAV-02863,CUST-02863,2184.83,30541.38,0.2412,Partially Funded
SAV-02864,CUST-02864,2161.5,115776.51,0.1977,Fully Funded
SAV-02865,CUST-02865,638.56,33205.12,0.1132,Fully Funded
SAV-02866,CUST-02866,636.78,26250.8,0.202,Fully Funded
SAV-02867,CUST-02867,1334.93,109221.62,0.1591,Fully Funded
SAV-02868,CUST-02868,595.53,20312.67,0.1403,Partially Funded
SAV-02869,CUST-02869,1048.37,36558.27,0.137,Fully Funded
SAV-02870,CUST-02870,675.48,14169.97,0.1245,Partially Funded
SAV-02871,CUST-02871,172.06,15979.7,0.1688,Fully Funded
SAV-02872,CUST-02872,589.78,19080.84,0.1895,Fully Funded
SAV-02873,CUST-02873,1094.34,68203.27,0.2724,Fully Funded
SAV-02874,CUST-02874,2803.35,50918.19,0.2458,Fully Funded
SAV-02875,CUST-02875,1335.65,48328.51,0.2084,Fully Funded
SAV-02876,CUST-02876,870.0,48543.88,0.1525,Fully Funded
SAV-02877,CUST-02877,1713.42,30585.52,0.2128,Partially Funded
SAV-02878,CUST-02878,932.98,27205.33,0.1755,Fully Funded
SAV-02879,CUST-02879,728.99,30432.4,0.3035,Fully Funded
SAV-02880,CUST-02880,332.46,36835.2,0.2076,Fully Funded
SAV-02881,CUST-02881,626.53,11429.36,0.1329,Partially Funded
SAV-02882,CUST-02882,476.89,18729.21,0.0741,Partially Funded
SAV-02883,CUST-02883,208.82,7372.7,0.1298,Partially Funded
SAV-02884,CUST-02884,77.98,1335.54,0.1065,Low
SAV-02885,CUST-02885,408.28,23774.22,0.0861,Fully Funded
SAV-02886,CUST-02886,365.9,32938.95,0.1683,Fully Funded
SAV-02887,CUST-02887,1415.17,51464.38,0.1421,Fully Funded
SAV-02888,CUST-02888,616.28,8173.33,0.1465,Low
SAV-02889,CUST-02889,1018.54,87760.09,0.122,Fully Funded
SAV-02890,CUST-02890,896.4,27276.46,0.1839,Fully Funded
SAV-02891,CUST-02891,83.6,6026.88,0.099,Fully Funded
SAV-02892,CUST-02892,880.59,101316.98,0.1889,Fully Funded
SAV-02893,CUST-02893,415.29,23982.2,0.1659,Fully Funded
SAV-02894,CUST-02894,119.62,3105.8,0.147,Partially Funded
SAV-02895,CUST-02895,159.38,7247.92,0.0753,Partially Funded
SAV-02896,CUST-02896,2799.45,176117.76,0.2571,Fully Funded
SAV-02897,CUST-02897,1088.24,83556.5,0.1819,Fully Funded
SAV-02898,CUST-02898,1026.3,21920.08,0.1351,Partially Funded
SAV-02899,CUST-02899,552.99,28205.45,0.2659,Fully Funded
SAV-02900,CUST-02900,217.55,17363.35,0.1096,Fully Funded
SAV-02901,CUST-02901,711.99,52578.53,0.1451,Fully Funded
SAV-02902,CUST-02902,1611.05,95880.13,0.2637,Fully Funded
SAV-02903,CUST-02903,970.5,64401.5,0.1586,Fully Funded
SAV-02904,CUST-02904,1694.27,48999.0,0.2021,Fully Funded
SAV-02905,CUST-02905,1499.8,97270.62,0.2261,Fully Funded
SAV-02906,CUST-02906,959.54,41193.92,0.1289,Fully Funded
SAV-02907,CUST-02907,2067.21,226474.26,0.2648,Fully Funded
SAV-02908,CUST-02908,311.83,14067.06,0.2059,Fully Funded
SAV-02909,CUST-02909,219.76,13127.76,0.1452,Fully Funded
SAV-02910,CUST-02910,1369.9,73672.11,0.2211,Fully Funded
SAV-02911,CUST-02911,825.59,79745.39,0.1816,Fully Funded
SAV-02912,CUST-02912,1981.33,118898.78,0.2013,Fully Funded
SAV-02913,CUST-02913,1168.45,32302.89,0.1948,Fully Funded
SAV-02914,CUST-02914,96.47,4504.73,0.1198,Fully Funded
SAV-02915,CUST-02915,1511.97,139172.01,0.1272,Fully Funded
SAV-02916,CUST-02916,1097.62,68518.47,0.2232,Fully Funded
SAV-02917,CUST-02917,1539.88,64078.49,0.1919,Fully Funded
SAV-02918,CUST-02918,603.4,53921.7,0.1379,Fully Funded
SAV-02919,CUST-02919,81.04,3801.99,0.0934,Partially Funded
SAV-02920,CUST-02920,790.53,29081.31,0.1222,Partially Funded
SAV-02921,CUST-02921,717.77,30703.16,0.086,Partially Funded
SAV-02922,CUST-02922,508.94,38348.38,0.1285,Fully Funded
SAV-02923,CUST-02923,1281.74,79387.02,0.1846,Fully Funded
SAV-02924,CUST-02924,1431.52,140610.27,0.1657,Fully Funded
SAV-02925,CUST-02925,651.37,17066.24,0.1018,Partially Funded
SAV-02926,CUST-02926,651.17,47238.6,0.1733,Fully Funded
SAV-02927,CUST-02927,2126.23,123380.08,0.1991,Fully Funded
SAV-02928,CUST-02928,985.34,59348.68,0.2391,Fully Funded
SAV-02929,CUST-02929,332.72,16216.58,0.1683,Fully Funded
SAV-02930,CUST-02930,1005.83,21330.96,0.1704,Partially Funded
SAV-02931,CUST-02931,1660.86,38978.47,0.1378,Partially Funded
SAV-02932,CUST-02932,841.05,88313.22,0.1461,Fully Funded
SAV-02933,CUST-02933,1281.1,25810.4,0.1774,Partially Funded
SAV-02934,CUST-02934,818.43,69727.84,0.1592,Fully Funded
SAV-02935,CUST-02935,1770.8,126386.94,0.126,Fully Funded
SAV-02936,CUST-02936,532.6,49346.2,0.0688,Fully Funded
SAV-02937,CUST-02937,809.49,33689.31,0.1849,Fully Funded
SAV-02938,CUST-02938,1995.25,126690.97,0.1743,Fully Funded
SAV-02939,CUST-02939,737.56,29346.53,0.207,Fully Funded
SAV-02940,CUST-02940,1233.59,67888.71,0.1948,Fully Funded
SAV-02941,CUST-02941,481.21,29695.14,0.1527,Fully Funded
SAV-02942,CUST-02942,916.55,18484.97,0.2121,Fully Funded
SAV-02943,CUST-02943,423.72,20578.34,0.1436,Fully Funded
SAV-02944,CUST-02944,1398.02,26490.56,0.256,Fully Funded
SAV-02945,CUST-02945,404.23,5572.02,0.0872,Low
SAV-02946,CUST-02946,146.87,2512.44,0.1299,Partially Funded
SAV-02947,CUST-02947,486.4,5061.24,0.0727,No Fund
SAV-02948,CUST-02948,958.13,113243.4,0.1986,Fully Funded
SAV-02949,CUST-02949,1148.01,30508.37,0.185,Fully Funded
SAV-02950,CUST-02950,1151.34,42470.7,0.1243,Fully Funded
SAV-02951,CUST-02951,570.86,30660.31,0.1899,Fully Funded
SAV-02952,CUST-02952,944.72,26588.05,0.1184,Partially Funded
SAV-02953,CUST-02953,3067.06,60040.27,0.1302,Partially Funded
SAV-02954,CUST-02954,1756.15,102204.07,0.2112,Fully Funded
SAV-02955,CUST-02955,297.24,6791.97,0.1072,Partially Funded
SAV-02956,CUST-02956,191.2,9662.71,0.1827,Fully Funded
SAV-02957,CUST-02957,3157.49,191072.44,0.2074,Fully Funded
SAV-02958,CUST-02958,592.3,27199.45,0.1619,Fully Funded
SAV-02959,CUST-02959,765.97,18516.66,0.1237,Partially Funded
SAV-02960,CUST-02960,204.61,7060.93,0.1612,Fully Funded
SAV-02961,CUST-02961,150.2,13590.89,0.1046,Fully Funded
SAV-02962,CUST-02962,537.33,43438.89,0.0835,Fully Funded
SAV-02963,CUST-02963,1394.69,17578.99,0.2102,Partially Funded
SAV-02964,CUST-02964,1865.38,160618.55,0.1889,Fully Funded
SAV-02965,CUST-02965,830.23,23465.96,0.1196,Partially Funded
SAV-02966,CUST-02966,961.84,33800.64,0.132,Fully Funded
SAV-02967,CUST-02967,335.56,37394.0,0.1369,Fully Funded
SAV-02968,CUST-02968,644.63,58764.3,0.1421,Fully Funded
SAV-02969,CUST-02969,642.16,31089.51,0.1221,Fully Funded
SAV-02970,CUST-02970,1378.88,137241.72,0.1247,Fully Funded
SAV-02971,CUST-02971,422.91,24628.51,0.1656,Fully Funded
SAV-02972,CUST-02972,1096.0,17123.93,0.1774,Partially Funded
SAV-02973,CUST-02973,880.71,24006.18,0.2325,Fully Funded
SAV-02974,CUST-02974,423.09,21984.77,0.15,Fully Funded
SAV-02975,CUST-02975,495.81,8037.9,0.0777,Low
SAV-02976,CUST-02976,1596.41,53790.56,0.1802,Fully Funded
SAV-02977,CUST-02977,678.24,52820.1,0.0994,Fully Funded
SAV-02978,CUST-02978,2281.09,201275.6,0.2346,Fully Funded
SAV-02979,CUST-02979,1117.54,87341.76,0.1443,Fully Funded
SAV-02980,CUST-02980,838.66,55127.84,0.1659,Fully Funded
SAV-02981,CUST-02981,1617.18,45274.51,0.1994,Fully Funded
SAV-02982,CUST-02982,897.83,55649.23,0.1845,Fully Funded
SAV-02983,CUST-02983,1232.44,58192.5,0.1475,Fully Funded
SAV-02984,CUST-02984,105.86,9148.99,0.089,Fully Funded
SAV-02985,CUST-02985,88.35,4860.27,0.0655,Partially Funded
SAV-02986,CUST-02986,762.65,84919.97,0.0994,Fully Funded
SAV-02987,CUST-02987,113.32,4232.35,0.1331,Fully Funded
SAV-02988,CUST-02988,1775.11,152199.14,0.1479,Fully Funded
SAV-02989,CUST-02989,607.25,29498.28,0.15,Fully Funded
SAV-02990,CUST-02990,1279.2,93714.29,0.3143,Fully Funded
SAV-02991,CUST-02991,188.06,2767.5,0.1508,Low
SAV-02992,CUST-02992,765.76,39475.08,0.1668,Fully Funded
SAV-02993,CUST-02993,194.47,7055.32,0.1495,Fully Funded
SAV-02994,CUST-02994,738.8,53220.37,0.1471,Fully Funded
SAV-02995,CUST-02995,757.06,49302.57,0.1695,Fully Funded
SAV-02996,CUST-02996,1228.13,82152.12,0.2114,Fully Funded
SAV-02997,CUST-02997,182.23,10399.45,0.1533,Fully Funded
SAV-02998,CUST-02998,137.85,3804.05,0.1616,Partially Funded
SAV-02999,CUST-02999,650.73,72635.01,0.1183,Fully Funded
SAV-03000,CUST-03000,1935.0,130818.34,0.2425,Fully Funded
SAV-03001,CUST-03001,573.17,20338.95,0.1811,Fully Funded
SAV-03002,CUST-03002,782.56,45590.43,0.1466,Fully Funded
SAV-03003,CUST-03003,425.13,18101.21,0.105,Partially Funded
SAV-03004,CUST-03004,637.7,41977.74,0.1314,Fully Funded
SAV-03005,CUST-03005,584.13,25572.81,0.1876,Fully Funded
SAV-03006,CUST-03006,368.15,30409.49,0.0665,Fully Funded
SAV-03007,CUST-03007,1278.87,31506.4,0.2433,Fully Funded
SAV-03008,CUST-03008,1897.67,162399.94,0.1732,Fully Funded
SAV-03009,CUST-03009,603.58,21600.94,0.134,Fully Funded
SAV-03010,CUST-03010,1624.79,56690.18,0.1543,Fully Funded
SAV-03011,CUST-03011,557.72,20799.81,0.1641,Fully Funded
SAV-03012,CUST-03012,835.98,25062.03,0.1084,Partially Funded
SAV-03013,CUST-03013,1221.03,43162.62,0.1321,Partially Funded
SAV-03014,CUST-03014,1155.13,66802.91,0.313,Fully Funded
SAV-03015,CUST-03015,1402.01,126310.19,0.108,Fully Funded
SAV-03016,CUST-03016,2871.36,117183.75,0.159,Fully Funded
SAV-03017,CUST-03017,2079.68,77376.12,0.1923,Fully Funded
SAV-03018,CUST-03018,496.08,29902.5,0.1142,Fully Funded
SAV-03019,CUST-03019,1239.64,64037.81,0.1251,Fully Funded
SAV-03020,CUST-03020,1326.8,74621.95,0.167,Fully Funded
SAV-03021,CUST-03021,419.0,5309.91,0.1011,Low
SAV-03022,CUST-03022,925.65,15466.72,0.2412,Fully Funded
SAV-03023,CUST-03023,805.22,36564.99,0.1512,Fully Funded
SAV-03024,CUST-03024,918.3,57791.84,0.178,Fully Funded
SAV-03025,CUST-03025,656.39,29844.27,0.1466,Fully Funded
SAV-03026,CUST-03026,1503.57,36740.45,0.1641,Partially Funded
SAV-03027,CUST-03027,1122.56,27579.13,0.2264,Fully Funded
SAV-03028,CUST-03028,1301.14,75969.91,0.2029,Fully Funded
SAV-03029,CUST-03029,1111.09,102000.41,0.2859,Fully Funded
SAV-03030,CUST-03030,125.67,4061.41,0.1932,Fully Funded
SAV-03031,CUST-03031,720.23,19616.48,0.157,Partially Funded
SAV-03032,CUST-03032,243.13,14685.2,0.1425,Fully Funded
SAV-03033,CUST-03033,648.62,44921.67,0.1049,Fully Funded
SAV-03034,CUST-03034,392.68,9047.91,0.1031,Partially Funded
SAV-03035,CUST-03035,934.61,29226.78,0.1788,Fully Funded
SAV-03036,CUST-03036,953.63,52694.48,0.1346,Fully Funded
SAV-03037,CUST-03037,1112.65,28972.54,0.1682,Fully Funded
SAV-03038,CUST-03038,959.57,26515.43,0.2507,Fully Funded
SAV-03039,CUST-03039,661.4,9703.03,0.0962,Low
SAV-03040,CUST-03040,771.88,42883.65,0.1165,Fully Funded
SAV-03041,CUST-03041,474.36,13491.02,0.0729,Low
SAV-03042,CUST-03042,409.15,32065.53,0.1994,Fully Funded
SAV-03043,CUST-03043,716.68,10992.71,0.1066,Low
SAV-03044,CUST-03044,512.88,21228.69,0.1633,Fully Funded
SAV-03045,CUST-03045,1068.39,33259.22,0.1922,Fully Funded
SAV-03046,CUST-03046,952.81,46438.83,0.2066,Fully Funded
SAV-03047,CUST-03047,794.42,33394.53,0.1303,Fully Funded
SAV-03048,CUST-03048,2164.78,164525.92,0.2803,Fully Funded
SAV-03049,CUST-03049,1083.47,66131.13,0.0962,Fully Funded
SAV-03050,CUST-03050,713.31,12599.5,0.1806,Partially Funded
SAV-03051,CUST-03051,425.13,46398.23,0.0947,Fully Funded
SAV-03052,CUST-03052,1320.15,53349.81,0.1743,Fully Funded
SAV-03053,CUST-03053,1681.93,76098.5,0.2285,Fully Funded
SAV-03054,CUST-03054,1412.82,64148.49,0.2097,Fully Funded
SAV-03055,CUST-03055,1836.03,29892.94,0.2495,Fully Funded
SAV-03056,CUST-03056,509.48,30449.36,0.0942,Fully Funded
SAV-03057,CUST-03057,1025.26,61631.01,0.1885,Fully Funded
SAV-03058,CUST-03058,622.2,36634.16,0.1497,Fully Funded
SAV-03059,CUST-03059,255.9,11278.15,0.0733,Partially Funded
SAV-03060,CUST-03060,899.0,13618.45,0.1639,Partially Funded
SAV-03061,CUST-03061,1519.28,18983.96,0.1709,Low
SAV-03062,CUST-03062,2881.17,225799.09,0.2042,Fully Funded
SAV-03063,CUST-03063,174.44,11944.85,0.1579,Fully Funded
SAV-03064,CUST-03064,711.88,55129.31,0.183,Fully Funded
SAV-03065,CUST-03065,1063.14,78211.17,0.149,Fully Funded
SAV-03066,CUST-03066,341.94,9709.59,0.1787,Fully Funded
SAV-03067,CUST-03067,439.75,20052.61,0.074,Partially Funded
SAV-03068,CUST-03068,483.17,18448.84,0.1521,Fully Funded
SAV-03069,CUST-03069,144.92,5082.68,0.1481,Fully Funded
SAV-03070,CUST-03070,2202.84,133205.09,0.2086,Fully Funded
SAV-03071,CUST-03071,613.27,28062.81,0.1382,Fully Funded
SAV-03072,CUST-03072,261.74,20291.44,0.0597,Partially Funded
SAV-03073,CUST-03073,1350.1,31059.04,0.1776,Partially Funded
SAV-03074,CUST-03074,381.8,16068.98,0.1203,Fully Funded
SAV-03075,CUST-03075,643.44,52360.88,0.1378,Fully Funded
SAV-03076,CUST-03076,779.74,25364.79,0.0869,Partially Funded
SAV-03077,CUST-03077,998.03,22844.59,0.1452,Partially Funded
SAV-03078,CUST-03078,1777.63,101458.76,0.1463,Fully Funded
SAV-03079,CUST-03079,1223.2,112663.66,0.1087,Fully Funded
SAV-03080,CUST-03080,200.67,8750.52,0.0747,Partially Funded
SAV-03081,CUST-03081,503.76,29432.48,0.0902,Fully Funded
SAV-03082,CUST-03082,570.91,24753.48,0.1441,Fully Funded
SAV-03083,CUST-03083,670.36,10917.75,0.1129,Low
SAV-03084,CUST-03084,897.66,48151.02,0.2324,Fully Funded
SAV-03085,CUST-03085,73.2,4546.85,0.1222,Fully Funded
SAV-03086,CUST-03086,1534.16,62307.96,0.2383,Fully Funded
SAV-03087,CUST-03087,545.28,35101.75,0.1065,Fully Funded
SAV-03088,CUST-03088,483.14,19624.71,0.2044,Fully Funded
SAV-03089,CUST-03089,3313.36,259468.78,0.2013,Fully Funded
SAV-03090,CUST-03090,314.72,6223.95,0.1043,Low
SAV-03091,CUST-03091,1503.91,61227.12,0.1029,Partially Funded
SAV-03092,CUST-03092,2270.85,139978.18,0.2775,Fully Funded
SAV-03093,CUST-03093,940.94,86414.56,0.1539,Fully Funded
SAV-03094,CUST-03094,434.25,44299.58,0.0791,Fully Funded
SAV-03095,CUST-03095,901.13,10914.01,0.1566,Low
SAV-03096,CUST-03096,304.97,21147.8,0.1368,Fully Funded
SAV-03097,CUST-03097,514.45,8500.64,0.1588,Partially Funded
SAV-03098,CUST-03098,1071.49,110863.22,0.1526,Fully Funded
SAV-03099,CUST-03099,1202.99,122576.81,0.223,Fully Funded
SAV-03100,CUST-03100,723.37,31586.68,0.1571,Fully Funded
SAV-03101,CUST-03101,1608.48,50068.87,0.2107,Fully Funded
SAV-03102,CUST-03102,573.59,30949.52,0.0914,Fully Funded
SAV-03103,CUST-03103,393.72,9934.89,0.0752,Low
SAV-03104,CUST-03104,803.54,70251.37,0.1672,Fully Funded
SAV-03105,CUST-03105,162.02,7723.69,0.0996,Partially Funded
SAV-03106,CUST-03106,1117.49,109470.47,0.1056,Fully Funded
SAV-03107,CUST-03107,2191.59,145321.11,0.2708,Fully Funded
SAV-03108,CUST-03108,1702.45,189711.44,0.1892,Fully Funded
SAV-03109,CUST-03109,2531.19,46359.65,0.3178,Fully Funded
SAV-03110,CUST-03110,1031.25,88022.69,0.1547,Fully Funded
SAV-03111,CUST-03111,1256.59,90876.06,0.1658,Fully Funded
SAV-03112,CUST-03112,875.85,44063.79,0.2401,Fully Funded
SAV-03113,CUST-03113,1301.59,52223.12,0.135,Fully Funded
SAV-03114,CUST-03114,817.32,60472.98,0.1813,Fully Funded
SAV-03115,CUST-03115,107.29,9332.2,0.1327,Fully Funded
SAV-03116,CUST-03116,423.19,39262.13,0.124,Fully Funded
SAV-03117,CUST-03117,381.89,8353.59,0.0913,Low
SAV-03118,CUST-03118,950.79,78832.46,0.1599,Fully Funded
SAV-03119,CUST-03119,1672.49,103484.68,0.2547,Fully Funded
SAV-03120,CUST-03120,1260.33,62114.6,0.1492,Fully Funded
SAV-03121,CUST-03121,831.17,57886.98,0.1306,Fully Funded
SAV-03122,CUST-03122,719.38,71441.91,0.1349,Fully Funded
SAV-03123,CUST-03123,1545.43,33676.45,0.1704,Partially Funded
SAV-03124,CUST-03124,1796.38,55118.69,0.2449,Fully Funded
SAV-03125,CUST-03125,2485.2,167464.57,0.2177,Fully Funded
SAV-03126,CUST-03126,215.01,19513.19,0.1215,Fully Funded
SAV-03127,CUST-03127,656.39,49000.91,0.0929,Fully Funded
SAV-03128,CUST-03128,1855.05,41834.14,0.1817,Partially Funded
SAV-03129,CUST-03129,322.99,11157.3,0.0754,Partially Funded
SAV-03130,CUST-03130,786.48,21287.2,0.1334,Partially Funded
SAV-03131,CUST-03131,2000.48,114547.57,0.2071,Fully Funded
SAV-03132,CUST-03132,383.42,24169.99,0.1335,Fully Funded
SAV-03133,CUST-03133,446.79,22477.6,0.1156,Fully Funded
SAV-03134,CUST-03134,671.13,41823.1,0.1709,Fully Funded
SAV-03135,CUST-03135,795.0,26893.86,0.1818,Fully Funded
SAV-03136,CUST-03136,832.49,47940.88,0.1719,Fully Funded
SAV-03137,CUST-03137,614.64,30470.27,0.0919,Partially Funded
SAV-03138,CUST-03138,1785.33,26106.73,0.1039,Low
SAV-03139,CUST-03139,810.36,58187.57,0.1863,Fully Funded
SAV-03140,CUST-03140,587.13,14492.34,0.1456,Partially Funded
SAV-03141,CUST-03141,1837.85,35363.76,0.1592,Partially Funded
SAV-03142,CUST-03142,95.88,2834.59,0.1648,Fully Funded
SAV-03143,CUST-03143,950.45,20762.14,0.1978,Fully Funded
SAV-03144,CUST-03144,403.68,8561.65,0.0815,Low
SAV-03145,CUST-03145,1674.16,100817.24,0.1201,Fully Funded
SAV-03146,CUST-03146,1637.83,34789.06,0.1703,Partially Funded
SAV-03147,CUST-03147,907.31,60331.15,0.1828,Fully Funded
SAV-03148,CUST-03148,766.2,47382.62,0.1267,Fully Funded
SAV-03149,CUST-03149,703.64,19083.4,0.1767,Fully Funded
SAV-03150,CUST-03150,1185.45,65329.75,0.1379,Fully Funded
SAV-03151,CUST-03151,1296.25,54899.0,0.2824,Fully Funded
SAV-03152,CUST-03152,474.4,14080.56,0.1202,Partially Funded
SAV-03153,CUST-03153,2959.09,148905.48,0.2085,Fully Funded
SAV-03154,CUST-03154,352.39,7356.33,0.1404,Partially Funded
SAV-03155,CUST-03155,94.65,7574.3,0.1091,Fully Funded
SAV-03156,CUST-03156,1006.8,35406.76,0.2033,Fully Funded
SAV-03157,CUST-03157,1023.5,79636.11,0.1803,Fully Funded
SAV-03158,CUST-03158,1286.41,78107.86,0.245,Fully Funded
SAV-03159,CUST-03159,689.4,50223.17,0.1089,Fully Funded
SAV-03160,CUST-03160,1534.55,96372.48,0.1853,Fully Funded
SAV-03161,CUST-03161,244.0,14176.04,0.0837,Fully Funded
SAV-03162,CUST-03162,716.83,66303.48,0.1653,Fully Funded
SAV-03163,CUST-03163,1112.45,77985.87,0.1303,Fully Funded
SAV-03164,CUST-03164,1614.8,59362.07,0.2972,Fully Funded
SAV-03165,CUST-03165,179.8,5627.13,0.0981,Partially Funded
SAV-03166,CUST-03166,256.55,14177.78,0.2243,Fully Funded
SAV-03167,CUST-03167,844.93,44113.13,0.2088,Fully Funded
SAV-03168,CUST-03168,2355.64,183876.39,0.2241,Fully Funded
SAV-03169,CUST-03169,1274.79,60257.95,0.2279,Fully Funded
SAV-03170,CUST-03170,1245.88,80261.35,0.1388,Fully Funded
SAV-03171,CUST-03171,880.37,57777.3,0.1565,Fully Funded
SAV-03172,CUST-03172,2002.21,134146.13,0.2698,Fully Funded
SAV-03173,CUST-03173,712.08,39087.28,0.1777,Fully Funded
SAV-03174,CUST-03174,1168.09,119850.94,0.1249,Fully Funded
SAV-03175,CUST-03175,1251.08,13101.96,0.2547,Partially Funded
SAV-03176,CUST-03176,600.98,12659.04,0.1163,Partially Funded
SAV-03177,CUST-03177,132.43,3727.61,0.1209,Partially Funded
SAV-03178,CUST-03178,2669.84,81153.74,0.2424,Fully Funded
SAV-03179,CUST-03179,1113.82,90179.08,0.1681,Fully Funded
SAV-03180,CUST-03180,1270.5,31325.37,0.1522,Partially Funded
SAV-03181,CUST-03181,1092.1,33627.27,0.117,Partially Funded
SAV-03182,CUST-03182,1529.51,50251.09,0.1123,Partially Funded
SAV-03183,CUST-03183,1433.24,165817.73,0.2083,Fully Funded
SAV-03184,CUST-03184,420.89,11410.46,0.1523,Partially Funded
SAV-03185,CUST-03185,538.37,50395.5,0.1387,Fully Funded
SAV-03186,CUST-03186,1325.03,158873.88,0.1885,Fully Funded
SAV-03187,CUST-03187,3488.42,157783.87,0.2384,Fully Funded
SAV-03188,CUST-03188,779.76,55731.85,0.141,Fully Funded
SAV-03189,CUST-03189,1314.56,68042.18,0.1514,Fully Funded
SAV-03190,CUST-03190,1586.2,60666.61,0.2474,Fully Funded
SAV-03191,CUST-03191,1055.77,60408.08,0.1783,Fully Funded
SAV-03192,CUST-03192,403.65,32335.22,0.1056,Fully Funded
SAV-03193,CUST-03193,382.68,37706.98,0.1262,Fully Funded
SAV-03194,CUST-03194,2129.92,192904.16,0.2341,Fully Funded
SAV-03195,CUST-03195,1000.08,60067.21,0.1422,Fully Funded
SAV-03196,CUST-03196,796.32,53651.27,0.1323,Fully Funded
SAV-03197,CUST-03197,422.04,21384.25,0.1767,Fully Funded
SAV-03198,CUST-03198,792.25,38475.89,0.1886,Fully Funded
SAV-03199,CUST-03199,329.32,27158.0,0.216,Fully Funded
SAV-03200,CUST-03200,529.86,24422.41,0.2032,Fully Funded
SAV-03201,CUST-03201,775.37,42285.55,0.212,Fully Funded
SAV-03202,CUST-03202,403.84,34124.0,0.2075,Fully Funded
SAV-03203,CUST-03203,921.99,62330.23,0.1164,Fully Funded
SAV-03204,CUST-03204,1067.03,27810.93,0.1615,Partially Funded
SAV-03205,CUST-03205,2206.11,131938.17,0.198,Fully Funded
SAV-03206,CUST-03206,738.3,59232.25,0.1538,Fully Funded
SAV-03207,CUST-03207,931.62,30323.89,0.1227,Partially Funded
SAV-03208,CUST-03208,655.92,10572.14,0.177,Partially Funded
SAV-03209,CUST-03209,963.12,43270.87,0.3163,Fully Funded
SAV-03210,CUST-03210,1297.72,63390.69,0.1504,Fully Funded
SAV-03211,CUST-03211,731.86,54255.16,0.1627,Fully Funded
SAV-03212,CUST-03212,817.71,48957.46,0.1122,Fully Funded
SAV-03213,CUST-03213,568.7,22394.22,0.1341,Fully Funded
SAV-03214,CUST-03214,1106.62,33588.06,0.1981,Fully Funded
SAV-03215,CUST-03215,579.39,57588.25,0.2104,Fully Funded
SAV-03216,CUST-03216,1806.4,177571.9,0.2397,Fully Funded
SAV-03217,CUST-03217,1255.34,71175.4,0.1627,Fully Funded
SAV-03218,CUST-03218,1688.78,71503.07,0.152,Fully Funded
SAV-03219,CUST-03219,812.01,47922.78,0.1225,Fully Funded
SAV-03220,CUST-03220,875.01,27693.06,0.2134,Fully Funded
SAV-03221,CUST-03221,1311.97,29344.81,0.242,Fully Funded
SAV-03222,CUST-03222,1038.42,59759.68,0.1311,Fully Funded
SAV-03223,CUST-03223,575.86,26715.03,0.1576,Fully Funded
SAV-03224,CUST-03224,656.0,54487.34,0.1265,Fully Funded
SAV-03225,CUST-03225,486.77,34130.37,0.0826,Fully Funded
SAV-03226,CUST-03226,315.29,19959.69,0.2389,Fully Funded
SAV-03227,CUST-03227,1489.66,31292.28,0.1826,Partially Funded
SAV-03228,CUST-03228,1070.33,48624.8,0.1023,Fully Funded
SAV-03229,CUST-03229,468.04,13953.63,0.1706,Fully Funded
SAV-03230,CUST-03230,937.76,51139.01,0.2353,Fully Funded
SAV-03231,CUST-03231,1141.16,71167.49,0.2066,Fully Funded
SAV-03232,CUST-03232,1273.75,70532.94,0.1657,Fully Funded
SAV-03233,CUST-03233,1179.74,57533.6,0.1607,Fully Funded
SAV-03234,CUST-03234,1104.2,69791.74,0.1283,Fully Funded
SAV-03235,CUST-03235,253.15,4327.31,0.0829,Low
SAV-03236,CUST-03236,1453.92,46706.34,0.1955,Fully Funded
SAV-03237,CUST-03237,888.57,39337.78,0.1628,Fully Funded
SAV-03238,CUST-03238,1612.46,112856.44,0.2315,Fully Funded
SAV-03239,CUST-03239,501.7,18076.83,0.0954,Partially Funded
SAV-03240,CUST-03240,282.66,22426.38,0.0978,Fully Funded
SAV-03241,CUST-03241,766.13,72840.74,0.1623,Fully Funded
SAV-03242,CUST-03242,1892.99,85190.27,0.2383,Fully Funded
SAV-03243,CUST-03243,2098.74,49676.35,0.1976,Fully Funded
SAV-03244,CUST-03244,1171.81,79772.68,0.1944,Fully Funded
SAV-03245,CUST-03245,977.36,27959.49,0.1303,Partially Funded
SAV-03246,CUST-03246,1068.63,39034.19,0.1454,Fully Funded
SAV-03247,CUST-03247,783.05,18357.38,0.0897,Low
SAV-03248,CUST-03248,1524.45,88047.15,0.2038,Fully Funded
SAV-03249,CUST-03249,94.38,6320.88,0.0535,Partially Funded
SAV-03250,CUST-03250,1250.35,127386.99,0.2162,Fully Funded
SAV-03251,CUST-03251,356.54,31807.99,0.0771,Fully Funded
SAV-03252,CUST-03252,1508.66,96034.2,0.2399,Fully Funded
SAV-03253,CUST-03253,862.36,51109.24,0.2073,Fully Funded
SAV-03254,CUST-03254,497.99,7707.37,0.2304,Partially Funded
SAV-03255,CUST-03255,818.71,26221.46,0.1348,Partially Funded
SAV-03256,CUST-03256,475.94,21734.2,0.132,Fully Funded
SAV-03257,CUST-03257,1641.44,65449.17,0.1818,Fully Funded
SAV-03258,CUST-03258,1258.34,46345.83,0.1408,Fully Funded
SAV-03259,CUST-03259,426.76,21894.95,0.1336,Fully Funded
SAV-03260,CUST-03260,1272.25,88038.22,0.215,Fully Funded
SAV-03261,CUST-03261,245.7,13601.51,0.1043,Fully Funded
SAV-03262,CUST-03262,2652.6,63925.72,0.2396,Fully Funded
SAV-03263,CUST-03263,787.52,47067.82,0.1205,Fully Funded
SAV-03264,CUST-03264,908.08,32524.12,0.0863,Partially Funded
SAV-03265,CUST-03265,204.59,23392.07,0.0674,Fully Funded
SAV-03266,CUST-03266,871.21,27602.26,0.1513,Fully Funded
SAV-03267,CUST-03267,1468.42,19539.28,0.1475,Low
SAV-03268,CUST-03268,710.09,40583.58,0.1088,Fully Funded
SAV-03269,CUST-03269,751.37,78191.29,0.1102,Fully Funded
SAV-03270,CUST-03270,1233.17,16879.68,0.1455,Low
SAV-03271,CUST-03271,722.85,21875.27,0.124,Partially Funded
SAV-03272,CUST-03272,665.44,34546.75,0.1139,Fully Funded
SAV-03273,CUST-03273,1309.72,92523.26,0.2238,Fully Funded
SAV-03274,CUST-03274,322.48,30414.5,0.1212,Fully Funded
SAV-03275,CUST-03275,542.58,15473.44,0.0596,Low
SAV-03276,CUST-03276,637.03,55118.62,0.1736,Fully Funded
SAV-03277,CUST-03277,2212.68,170673.99,0.1904,Fully Funded
SAV-03278,CUST-03278,374.1,10417.26,0.2854,Fully Funded
SAV-03279,CUST-03279,638.23,51573.6,0.1886,Fully Funded
SAV-03280,CUST-03280,632.64,9969.14,0.1408,Partially Funded
SAV-03281,CUST-03281,295.75,3513.76,0.3168,Fully Funded
SAV-03282,CUST-03282,1004.01,71204.96,0.2139,Fully Funded
SAV-03283,CUST-03283,528.74,38845.87,0.1107,Fully Funded
SAV-03284,CUST-03284,198.82,9312.06,0.2479,Fully Funded
SAV-03285,CUST-03285,4856.2,502880.14,0.3492,Fully Funded
SAV-03286,CUST-03286,485.2,25924.26,0.0995,Fully Funded
SAV-03287,CUST-03287,1223.11,76272.82,0.1712,Fully Funded
SAV-03288,CUST-03288,2325.36,124004.53,0.2703,Fully Funded
SAV-03289,CUST-03289,835.82,19721.66,0.1194,Partially Funded
SAV-03290,CUST-03290,437.38,23963.17,0.1007,Fully Funded
SAV-03291,CUST-03291,2351.56,165577.28,0.2045,Fully Funded
SAV-03292,CUST-03292,618.96,58383.27,0.1815,Fully Funded
SAV-03293,CUST-03293,792.69,51421.49,0.1367,Fully Funded
SAV-03294,CUST-03294,906.74,38536.31,0.1366,Fully Funded
SAV-03295,CUST-03295,684.06,20306.13,0.2405,Fully Funded
SAV-03296,CUST-03296,967.54,64411.51,0.1838,Fully Funded
SAV-03297,CUST-03297,1873.17,162570.46,0.1837,Fully Funded
SAV-03298,CUST-03298,721.42,68262.72,0.1702,Fully Funded
SAV-03299,CUST-03299,989.85,17091.26,0.1137,Low
SAV-03300,CUST-03300,723.42,25911.21,0.2169,Fully Funded
SAV-03301,CUST-03301,2085.83,80782.01,0.2384,Fully Funded
SAV-03302,CUST-03302,809.54,69254.16,0.1239,Fully Funded
SAV-03303,CUST-03303,2878.53,121410.82,0.2067,Fully Funded
SAV-03304,CUST-03304,1235.46,121663.52,0.2055,Fully Funded
SAV-03305,CUST-03305,1769.75,171888.03,0.1753,Fully Funded
SAV-03306,CUST-03306,442.39,17978.12,0.1087,Partially Funded
SAV-03307,CUST-03307,864.26,46096.86,0.1818,Fully Funded
SAV-03308,CUST-03308,310.89,20647.41,0.1058,Fully Funded
SAV-03309,CUST-03309,1159.05,42615.77,0.278,Fully Funded
SAV-03310,CUST-03310,623.61,37947.88,0.1389,Fully Funded
SAV-03311,CUST-03311,728.53,37032.76,0.1478,Fully Funded
SAV-03312,CUST-03312,1300.66,103160.26,0.1643,Fully Funded
SAV-03313,CUST-03313,696.95,19044.04,0.1573,Partially Funded
SAV-03314,CUST-03314,576.68,47030.23,0.124,Fully Funded
SAV-03315,CUST-03315,399.39,33701.0,0.1081,Fully Funded
SAV-03316,CUST-03316,965.56,67634.68,0.1941,Fully Funded
SAV-03317,CUST-03317,2257.48,56415.18,0.2718,Fully Funded
SAV-03318,CUST-03318,329.68,13507.23,0.065,Partially Funded
SAV-03319,CUST-03319,1362.32,66470.01,0.2344,Fully Funded
SAV-03320,CUST-03320,1431.02,122030.63,0.207,Fully Funded
SAV-03321,CUST-03321,988.39,37339.23,0.1415,Fully Funded
SAV-03322,CUST-03322,196.01,13006.52,0.1019,Fully Funded
SAV-03323,CUST-03323,1195.1,18598.54,0.1018,Low
SAV-03324,CUST-03324,216.51,22859.3,0.2096,Fully Funded
SAV-03325,CUST-03325,856.97,42364.3,0.1462,Fully Funded
SAV-03326,CUST-03326,1226.72,97296.83,0.2132,Fully Funded
SAV-03327,CUST-03327,2122.3,209365.43,0.2324,Fully Funded
SAV-03328,CUST-03328,450.29,16602.0,0.0884,Partially Funded
SAV-03329,CUST-03329,435.92,18349.36,0.1234,Fully Funded
SAV-03330,CUST-03330,605.32,35913.76,0.1474,Fully Funded
SAV-03331,CUST-03331,429.87,17228.68,0.135,Fully Funded
SAV-03332,CUST-03332,556.87,31728.21,0.1321,Fully Funded
SAV-03333,CUST-03333,1622.53,71612.93,0.243,Fully Funded
SAV-03334,CUST-03334,1407.27,60947.06,0.246,Fully Funded
SAV-03335,CUST-03335,907.03,67069.37,0.1446,Fully Funded
SAV-03336,CUST-03336,964.45,92501.52,0.1094,Fully Funded
SAV-03337,CUST-03337,398.57,19798.37,0.0881,Partially Funded
SAV-03338,CUST-03338,857.37,58343.16,0.118,Fully Funded
SAV-03339,CUST-03339,1353.35,133033.1,0.1874,Fully Funded
SAV-03340,CUST-03340,501.98,46041.82,0.069,Fully Funded
SAV-03341,CUST-03341,762.6,11417.34,0.1612,Partially Funded
SAV-03342,CUST-03342,1563.9,131387.94,0.2096,Fully Funded
SAV-03343,CUST-03343,848.74,29707.58,0.1367,Fully Funded
SAV-03344,CUST-03344,935.0,69124.31,0.1325,Fully Funded
SAV-03345,CUST-03345,688.12,26152.1,0.21,Fully Funded
SAV-03346,CUST-03346,1239.05,121466.56,0.2865,Fully Funded
SAV-03347,CUST-03347,1200.44,29349.96,0.1747,Partially Funded
SAV-03348,CUST-03348,1196.65,15954.69,0.2564,Partially Funded
SAV-03349,CUST-03349,1286.9,141713.84,0.2048,Fully Funded
SAV-03350,CUST-03350,1229.08,138415.08,0.1376,Fully Funded
SAV-03351,CUST-03351,617.64,12839.78,0.0897,Low
SAV-03352,CUST-03352,1052.5,43403.25,0.1162,Fully Funded
SAV-03353,CUST-03353,355.82,18356.14,0.107,Fully Funded
SAV-03354,CUST-03354,1531.08,102867.1,0.1047,Fully Funded
SAV-03355,CUST-03355,2073.61,160893.25,0.17,Fully Funded
SAV-03356,CUST-03356,254.87,5383.81,0.1272,Partially Funded
SAV-03357,CUST-03357,418.91,49228.36,0.1069,Fully Funded
SAV-03358,CUST-03358,1190.21,85783.03,0.1793,Fully Funded
SAV-03359,CUST-03359,3437.39,275956.23,0.2001,Fully Funded
SAV-03360,CUST-03360,1014.14,61099.76,0.1894,Fully Funded
SAV-03361,CUST-03361,734.04,66285.42,0.0969,Fully Funded
SAV-03362,CUST-03362,735.7,11255.02,0.1168,Low
SAV-03363,CUST-03363,805.65,64179.22,0.1352,Fully Funded
SAV-03364,CUST-03364,650.5,40932.93,0.0982,Fully Funded
SAV-03365,CUST-03365,749.96,14171.19,0.1761,Partially Funded
SAV-03366,CUST-03366,129.51,11962.3,0.0991,Fully Funded
SAV-03367,CUST-03367,954.95,66399.26,0.1148,Fully Funded
SAV-03368,CUST-03368,631.96,56775.86,0.1085,Fully Funded
SAV-03369,CUST-03369,925.73,61925.04,0.1659,Fully Funded
SAV-03370,CUST-03370,999.07,74929.38,0.2107,Fully Funded
SAV-03371,CUST-03371,483.67,33672.18,0.1443,Fully Funded
SAV-03372,CUST-03372,920.62,76624.73,0.2678,Fully Funded
SAV-03373,CUST-03373,1436.99,87922.24,0.1579,Fully Funded
SAV-03374,CUST-03374,537.61,10554.44,0.1027,Low
SAV-03375,CUST-03375,2566.53,183976.38,0.2269,Fully Funded
SAV-03376,CUST-03376,663.58,19036.55,0.19,Fully Funded
SAV-03377,CUST-03377,1454.85,18970.34,0.2325,Partially Funded
SAV-03378,CUST-03378,1267.32,95733.01,0.2817,Fully Funded
SAV-03379,CUST-03379,1493.54,77525.46,0.2095,Fully Funded
SAV-03380,CUST-03380,849.98,89030.12,0.1629,Fully Funded
SAV-03381,CUST-03381,863.6,69980.81,0.1568,Fully Funded
SAV-03382,CUST-03382,765.47,44887.75,0.1751,Fully Funded
SAV-03383,CUST-03383,785.03,33510.29,0.1562,Fully Funded
SAV-03384,CUST-03384,855.8,85557.12,0.1735,Fully Funded
SAV-03385,CUST-03385,179.73,8434.32,0.136,Fully Funded
SAV-03386,CUST-03386,914.84,59719.29,0.0988,Fully Funded
SAV-03387,CUST-03387,2527.6,180044.41,0.2373,Fully Funded
SAV-03388,CUST-03388,819.23,10038.62,0.1588,Low
SAV-03389,CUST-03389,841.2,41771.58,0.1016,Partially Funded
SAV-03390,CUST-03390,2504.09,113604.84,0.1937,Fully Funded
SAV-03391,CUST-03391,1900.76,37727.41,0.1661,Partially Funded
SAV-03392,CUST-03392,879.14,74001.0,0.1165,Fully Funded
SAV-03393,CUST-03393,2115.12,39374.15,0.1728,Partially Funded
SAV-03394,CUST-03394,321.59,15439.51,0.2483,Fully Funded
SAV-03395,CUST-03395,1011.03,43781.73,0.1663,Fully Funded
SAV-03396,CUST-03396,989.41,13700.18,0.2399,Partially Funded
SAV-03397,CUST-03397,844.07,12050.81,0.2266,Partially Funded
SAV-03398,CUST-03398,793.99,41583.79,0.168,Fully Funded
SAV-03399,CUST-03399,567.52,9235.86,0.1149,Low
SAV-03400,CUST-03400,1339.73,16055.85,0.1965,Partially Funded
SAV-03401,CUST-03401,653.91,32390.13,0.2254,Fully Funded
SAV-03402,CUST-03402,423.4,30117.83,0.1492,Fully Funded
SAV-03403,CUST-03403,1056.63,49774.65,0.1444,Fully Funded
SAV-03404,CUST-03404,325.5,30319.31,0.1478,Fully Funded
SAV-03405,CUST-03405,78.44,7010.52,0.1056,Fully Funded
SAV-03406,CUST-03406,331.69,24830.89,0.2037,Fully Funded
SAV-03407,CUST-03407,337.55,27645.58,0.0789,Fully Funded
SAV-03408,CUST-03408,1657.47,126359.44,0.2477,Fully Funded
SAV-03409,CUST-03409,1099.58,28232.84,0.1912,Fully Funded
SAV-03410,CUST-03410,1556.47,31525.03,0.2478,Fully Funded
SAV-03411,CUST-03411,2055.28,70805.34,0.2559,Fully Funded
SAV-03412,CUST-03412,1855.65,65405.96,0.1614,Fully Funded
SAV-03413,CUST-03413,1285.7,138135.38,0.2143,Fully Funded
SAV-03414,CUST-03414,944.12,41588.82,0.1665,Fully Funded
SAV-03415,CUST-03415,245.3,5442.22,0.1157,Partially Funded
SAV-03416,CUST-03416,534.09,42626.13,0.0839,Fully Funded
SAV-03417,CUST-03417,1717.15,32521.59,0.2534,Fully Funded
SAV-03418,CUST-03418,1262.6,84293.45,0.1647,Fully Funded
SAV-03419,CUST-03419,873.03,58994.71,0.1263,Fully Funded
SAV-03420,CUST-03420,698.55,25208.08,0.1001,Partially Funded
SAV-03421,CUST-03421,262.6,13870.04,0.1928,Fully Funded
SAV-03422,CUST-03422,2057.94,24163.67,0.2029,Partially Funded
SAV-03423,CUST-03423,997.34,13017.59,0.1636,Low
SAV-03424,CUST-03424,427.51,33182.38,0.164,Fully Funded
SAV-03425,CUST-03425,2350.2,101416.67,0.268,Fully Funded
SAV-03426,CUST-03426,1882.71,118201.03,0.1969,Fully Funded
SAV-03427,CUST-03427,1524.72,48536.54,0.1902,Fully Funded
SAV-03428,CUST-03428,380.33,16455.34,0.1972,Fully Funded
SAV-03429,CUST-03429,838.75,29758.48,0.1028,Partially Funded
SAV-03430,CUST-03430,1723.77,107708.53,0.1379,Fully Funded
SAV-03431,CUST-03431,658.84,31498.74,0.1286,Fully Funded
SAV-03432,CUST-03432,2153.74,24799.63,0.2156,Partially Funded
SAV-03433,CUST-03433,1881.65,25521.0,0.2279,Partially Funded
SAV-03434,CUST-03434,1664.61,194385.08,0.1686,Fully Funded
SAV-03435,CUST-03435,1358.79,107434.11,0.2292,Fully Funded
SAV-03436,CUST-03436,1005.97,76769.31,0.1989,Fully Funded
SAV-03437,CUST-03437,922.4,48612.38,0.1117,Fully Funded
SAV-03438,CUST-03438,1619.14,83759.42,0.1609,Fully Funded
SAV-03439,CUST-03439,1411.52,71504.35,0.1792,Fully Funded
SAV-03440,CUST-03440,1109.81,31421.64,0.126,Partially Funded
SAV-03441,CUST-03441,617.43,48547.97,0.1309,Fully Funded
SAV-03442,CUST-03442,644.92,29303.25,0.214,Fully Funded
SAV-03443,CUST-03443,1245.46,60583.89,0.1523,Fully Funded
SAV-03444,CUST-03444,679.66,37520.87,0.1266,Fully Funded
SAV-03445,CUST-03445,1261.37,81306.74,0.1063,Fully Funded
SAV-03446,CUST-03446,313.28,13986.45,0.0837,Partially Funded
SAV-03447,CUST-03447,685.47,58333.37,0.1882,Fully Funded
SAV-03448,CUST-03448,2070.42,42107.01,0.123,Partially Funded
SAV-03449,CUST-03449,1806.71,169118.73,0.195,Fully Funded
SAV-03450,CUST-03450,515.59,46504.39,0.0914,Fully Funded
SAV-03451,CUST-03451,1535.51,53802.6,0.1438,Fully Funded
SAV-03452,CUST-03452,76.22,7435.94,0.0566,Partially Funded
SAV-03453,CUST-03453,348.34,32142.0,0.0792,Fully Funded
SAV-03454,CUST-03454,185.51,7817.4,0.2685,Fully Funded
SAV-03455,CUST-03455,997.85,48885.6,0.157,Fully Funded
SAV-03456,CUST-03456,892.04,85146.74,0.1859,Fully Funded
SAV-03457,CUST-03457,951.13,39607.85,0.1162,Partially Funded
SAV-03458,CUST-03458,701.97,18615.1,0.0981,Low
SAV-03459,CUST-03459,1212.04,31571.58,0.1024,Partially Funded
SAV-03460,CUST-03460,483.49,28987.28,0.1644,Fully Funded
SAV-03461,CUST-03461,1113.89,22914.11,0.1664,Partially Funded
SAV-03462,CUST-03462,344.01,8946.21,0.0758,Low
SAV-03463,CUST-03463,815.67,20780.69,0.0941,Partially Funded
SAV-03464,CUST-03464,1212.87,59496.0,0.1832,Fully Funded
SAV-03465,CUST-03465,1375.26,28590.76,0.1781,Partially Funded
SAV-03466,CUST-03466,635.14,20318.05,0.1384,Partially Funded
SAV-03467,CUST-03467,866.28,29744.27,0.2231,Fully Funded
SAV-03468,CUST-03468,787.31,28496.81,0.1185,Partially Funded
SAV-03469,CUST-03469,1525.77,73584.34,0.2385,Fully Funded
SAV-03470,CUST-03470,1017.08,13825.97,0.1462,Low
SAV-03471,CUST-03471,221.61,10305.12,0.1983,Fully Funded
SAV-03472,CUST-03472,1014.6,98222.21,0.156,Fully Funded
SAV-03473,CUST-03473,1134.97,30522.46,0.1488,Partially Funded
SAV-03474,CUST-03474,1519.51,30992.23,0.1971,Fully Funded
SAV-03475,CUST-03475,247.41,6481.12,0.1657,Fully Funded
SAV-03476,CUST-03476,949.48,95176.54,0.1748,Fully Funded
SAV-03477,CUST-03477,580.76,37042.82,0.1623,Fully Funded
SAV-03478,CUST-03478,285.38,7805.52,0.1381,Partially Funded
SAV-03479,CUST-03479,340.92,24795.43,0.1392,Fully Funded
SAV-03480,CUST-03480,374.98,33999.38,0.2044,Fully Funded
SAV-03481,CUST-03481,1045.43,26984.49,0.2152,Fully Funded
SAV-03482,CUST-03482,764.5,41883.92,0.1351,Fully Funded
SAV-03483,CUST-03483,1022.39,71075.28,0.1806,Fully Funded
SAV-03484,CUST-03484,184.4,8728.71,0.1627,Fully Funded
SAV-03485,CUST-03485,419.96,13309.63,0.2193,Fully Funded
SAV-03486,CUST-03486,564.61,23060.08,0.1343,Fully Funded
SAV-03487,CUST-03487,209.45,13057.76,0.0671,Partially Funded
SAV-03488,CUST-03488,159.54,11250.44,0.1386,Fully Funded
SAV-03489,CUST-03489,428.28,7750.1,0.1434,Partially Funded
SAV-03490,CUST-03490,468.78,19177.31,0.1255,Fully Funded
SAV-03491,CUST-03491,2197.78,118563.78,0.2171,Fully Funded
SAV-03492,CUST-03492,579.54,34610.57,0.0726,Partially Funded
SAV-03493,CUST-03493,618.89,34281.94,0.1542,Fully Funded
SAV-03494,CUST-03494,625.05,20526.2,0.1264,Partially Funded
SAV-03495,CUST-03495,663.5,59477.17,0.2,Fully Funded
SAV-03496,CUST-03496,1235.99,121602.38,0.227,Fully Funded
SAV-03497,CUST-03497,1302.12,69576.79,0.2005,Fully Funded
SAV-03498,CUST-03498,876.44,79179.26,0.2337,Fully Funded
SAV-03499,CUST-03499,2127.3,223918.45,0.1295,Fully Funded
SAV-03500,CUST-03500,369.89,19414.88,0.1029,Fully Funded
SAV-03501,CUST-03501,2185.7,244329.72,0.2338,Fully Funded
SAV-03502,CUST-03502,1883.57,121055.65,0.1959,Fully Funded
SAV-03503,CUST-03503,1088.2,129926.85,0.1568,Fully Funded
SAV-03504,CUST-03504,911.89,24331.5,0.166,Fully Funded
SAV-03505,CUST-03505,1046.01,39142.86,0.13,Fully Funded
SAV-03506,CUST-03506,1219.14,31317.86,0.15,Partially Funded
SAV-03507,CUST-03507,446.8,40336.82,0.1023,Fully Funded
SAV-03508,CUST-03508,2142.31,120702.47,0.2308,Fully Funded
SAV-03509,CUST-03509,390.55,33847.4,0.1174,Fully Funded
SAV-03510,CUST-03510,214.87,15152.96,0.1982,Fully Funded
SAV-03511,CUST-03511,1372.75,47216.91,0.1443,Fully Funded
SAV-03512,CUST-03512,965.72,37526.54,0.2131,Fully Funded
SAV-03513,CUST-03513,2207.96,42793.9,0.2323,Fully Funded
SAV-03514,CUST-03514,504.74,16252.07,0.1513,Fully Funded
SAV-03515,CUST-03515,1407.85,82196.45,0.1884,Fully Funded
SAV-03516,CUST-03516,938.49,55820.39,0.1562,Fully Funded
SAV-03517,CUST-03517,1497.36,133595.24,0.1864,Fully Funded
SAV-03518,CUST-03518,336.95,21869.78,0.1674,Fully Funded
SAV-03519,CUST-03519,914.05,67069.08,0.1585,Fully Funded
SAV-03520,CUST-03520,1144.68,42901.97,0.1235,Fully Funded
SAV-03521,CUST-03521,856.15,88663.8,0.218,Fully Funded
SAV-03522,CUST-03522,758.65,90963.73,0.1061,Fully Funded
SAV-03523,CUST-03523,2784.14,198992.51,0.2745,Fully Funded
SAV-03524,CUST-03524,716.22,54624.52,0.1588,Fully Funded
SAV-03525,CUST-03525,2014.91,108486.61,0.1845,Fully Funded
SAV-03526,CUST-03526,567.73,9376.33,0.1497,Partially Funded
SAV-03527,CUST-03527,616.26,18675.9,0.1371,Partially Funded
SAV-03528,CUST-03528,277.34,26530.18,0.1069,Fully Funded
SAV-03529,CUST-03529,1185.34,25572.48,0.1791,Partially Funded
SAV-03530,CUST-03530,277.95,20291.18,0.0812,Fully Funded
SAV-03531,CUST-03531,297.8,30579.24,0.182,Fully Funded
SAV-03532,CUST-03532,1246.53,37722.05,0.1366,Partially Funded
SAV-03533,CUST-03533,1199.94,61591.64,0.2863,Fully Funded
SAV-03534,CUST-03534,1246.47,64894.95,0.1155,Fully Funded
SAV-03535,CUST-03535,749.22,12555.65,0.1155,Low
SAV-03536,CUST-03536,852.22,45895.72,0.1798,Fully Funded
SAV-03537,CUST-03537,91.27,7639.2,0.119,Fully Funded
SAV-03538,CUST-03538,239.31,19635.97,0.1547,Fully Funded
SAV-03539,CUST-03539,1515.47,15610.96,0.2015,Low
SAV-03540,CUST-03540,1675.12,21815.14,0.204,Partially Funded
SAV-03541,CUST-03541,616.84,65480.18,0.1033,Fully Funded
SAV-03542,CUST-03542,528.22,12163.83,0.2125,Fully Funded
SAV-03543,CUST-03543,530.61,18088.13,0.0787,Low
SAV-03544,CUST-03544,1013.32,33533.63,0.2126,Fully Funded
SAV-03545,CUST-03545,1231.76,147682.75,0.1848,Fully Funded
SAV-03546,CUST-03546,949.74,15169.21,0.152,Partially Funded
SAV-03547,CUST-03547,1781.05,159908.31,0.211,Fully Funded
SAV-03548,CUST-03548,967.74,20859.66,0.135,Partially Funded
SAV-03549,CUST-03549,922.52,79435.49,0.2202,Fully Funded
SAV-03550,CUST-03550,173.52,11155.12,0.0762,Partially Funded
SAV-03551,CUST-03551,876.81,44565.17,0.1781,Fully Funded
SAV-03552,CUST-03552,385.25,19577.43,0.1085,Fully Funded
SAV-03553,CUST-03553,583.2,49309.38,0.0922,Fully Funded
SAV-03554,CUST-03554,664.04,58735.31,0.1625,Fully Funded
SAV-03555,CUST-03555,434.56,6711.35,0.0952,Low
SAV-03556,CUST-03556,548.69,11226.1,0.1401,Partially Funded
SAV-03557,CUST-03557,938.55,50574.7,0.1644,Fully Funded
SAV-03558,CUST-03558,1445.68,19180.08,0.2863,Partially Funded
SAV-03559,CUST-03559,837.46,42335.86,0.1307,Fully Funded
SAV-03560,CUST-03560,708.05,66137.77,0.1811,Fully Funded
SAV-03561,CUST-03561,1084.84,73432.94,0.2039,Fully Funded
SAV-03562,CUST-03562,655.67,8532.54,0.1433,Low
SAV-03563,CUST-03563,357.39,25765.81,0.0792,Fully Funded
SAV-03564,CUST-03564,508.92,20019.96,0.1212,Fully Funded
SAV-03565,CUST-03565,960.09,29369.51,0.313,Fully Funded
SAV-03566,CUST-03566,1572.67,110534.41,0.1701,Fully Funded
SAV-03567,CUST-03567,991.3,75667.27,0.1105,Fully Funded
SAV-03568,CUST-03568,212.68,13570.57,0.0823,Fully Funded
SAV-03569,CUST-03569,1881.07,141889.58,0.3266,Fully Funded
SAV-03570,CUST-03570,1644.76,28577.28,0.1187,Low
SAV-03571,CUST-03571,615.04,42497.05,0.1336,Fully Funded
SAV-03572,CUST-03572,570.12,31393.95,0.1499,Fully Funded
SAV-03573,CUST-03573,546.57,17006.44,0.1019,Partially Funded
SAV-03574,CUST-03574,1332.83,107396.58,0.1515,Fully Funded
SAV-03575,CUST-03575,441.0,38758.45,0.1281,Fully Funded
SAV-03576,CUST-03576,1683.17,20940.25,0.1699,Low
SAV-03577,CUST-03577,166.44,17397.98,0.1271,Fully Funded
SAV-03578,CUST-03578,1343.33,147401.96,0.1787,Fully Funded
SAV-03579,CUST-03579,365.38,26198.74,0.2657,Fully Funded
SAV-03580,CUST-03580,970.23,53344.93,0.1073,Fully Funded
SAV-03581,CUST-03581,609.03,27568.93,0.1256,Fully Funded
SAV-03582,CUST-03582,548.62,34557.41,0.1328,Fully Funded
SAV-03583,CUST-03583,1455.92,68917.35,0.1703,Fully Funded
SAV-03584,CUST-03584,126.93,11549.27,0.1681,Fully Funded
SAV-03585,CUST-03585,981.26,17406.4,0.16,Partially Funded
SAV-03586,CUST-03586,2196.78,34149.49,0.2465,Partially Funded
SAV-03587,CUST-03587,103.42,6494.51,0.128,Fully Funded
SAV-03588,CUST-03588,882.15,84478.79,0.1085,Fully Funded
SAV-03589,CUST-03589,1143.87,127150.87,0.1512,Fully Funded
SAV-03590,CUST-03590,131.47,7166.06,0.1192,Fully Funded
SAV-03591,CUST-03591,919.6,48055.79,0.15,Fully Funded
SAV-03592,CUST-03592,2001.04,207786.68,0.2083,Fully Funded
SAV-03593,CUST-03593,1546.68,84646.3,0.1893,Fully Funded
SAV-03594,CUST-03594,805.95,16340.37,0.1115,Low
SAV-03595,CUST-03595,302.43,6584.17,0.1274,Partially Funded
SAV-03596,CUST-03596,266.45,6528.47,0.2225,Fully Funded
SAV-03597,CUST-03597,525.81,33277.36,0.1314,Fully Funded
SAV-03598,CUST-03598,489.94,12501.12,0.1008,Partially Funded
SAV-03599,CUST-03599,540.45,21707.52,0.1009,Partially Funded
SAV-03600,CUST-03600,453.15,17603.39,0.145,Fully Funded
SAV-03601,CUST-03601,455.61,30200.82,0.0883,Fully Funded
SAV-03602,CUST-03602,562.78,21577.63,0.1217,Partially Funded
SAV-03603,CUST-03603,600.7,19143.82,0.1256,Partially Funded
SAV-03604,CUST-03604,2500.37,104918.89,0.23,Fully Funded
SAV-03605,CUST-03605,1142.5,35061.6,0.1477,Fully Funded
SAV-03606,CUST-03606,1230.54,109198.04,0.1137,Fully Funded
SAV-03607,CUST-03607,533.68,14350.24,0.1667,Partially Funded
SAV-03608,CUST-03608,981.08,14476.38,0.2175,Partially Funded
SAV-03609,CUST-03609,1033.93,117647.5,0.093,Fully Funded
SAV-03610,CUST-03610,990.26,24410.56,0.1362,Partially Funded
SAV-03611,CUST-03611,740.67,69126.48,0.0959,Fully Funded
SAV-03612,CUST-03612,2103.5,92196.19,0.2387,Fully Funded
SAV-03613,CUST-03613,1391.72,36133.67,0.1664,Fully Funded
SAV-03614,CUST-03614,1369.07,70028.03,0.1659,Fully Funded
SAV-03615,CUST-03615,703.75,20411.3,0.1017,Partially Funded
SAV-03616,CUST-03616,1455.07,77131.59,0.2507,Fully Funded
SAV-03617,CUST-03617,719.78,56095.02,0.082,Fully Funded
SAV-03618,CUST-03618,644.68,29385.07,0.2411,Fully Funded
SAV-03619,CUST-03619,143.01,4801.3,0.0715,Low
SAV-03620,CUST-03620,1444.27,17078.7,0.2093,Partially Funded
SAV-03621,CUST-03621,1241.26,132617.63,0.17,Fully Funded
SAV-03622,CUST-03622,325.63,18826.33,0.1816,Fully Funded
SAV-03623,CUST-03623,513.3,7768.21,0.1071,Low
SAV-03624,CUST-03624,905.66,39921.86,0.1559,Fully Funded
SAV-03625,CUST-03625,1449.14,74275.3,0.1756,Fully Funded
SAV-03626,CUST-03626,313.54,15375.01,0.0631,Partially Funded
SAV-03627,CUST-03627,581.06,40370.77,0.1126,Fully Funded
SAV-03628,CUST-03628,951.15,48777.36,0.2476,Fully Funded
SAV-03629,CUST-03629,611.75,41081.69,0.1939,Fully Funded
SAV-03630,CUST-03630,1788.37,35919.33,0.1824,Partially Funded
SAV-03631,CUST-03631,821.15,48021.2,0.0768,Partially Funded
SAV-03632,CUST-03632,525.29,29133.74,0.2047,Fully Funded
SAV-03633,CUST-03633,643.46,19184.41,0.1226,Partially Funded
SAV-03634,CUST-03634,231.86,11766.77,0.0893,Partially Funded
SAV-03635,CUST-03635,414.57,35016.03,0.1351,Fully Funded
SAV-03636,CUST-03636,1478.06,37285.67,0.2328,Fully Funded
SAV-03637,CUST-03637,968.53,79529.87,0.1457,Fully Funded
SAV-03638,CUST-03638,1459.01,23627.82,0.2612,Fully Funded
SAV-03639,CUST-03639,2334.98,74992.89,0.2286,Fully Funded
SAV-03640,CUST-03640,987.92,106016.76,0.2856,Fully Funded
SAV-03641,CUST-03641,598.76,69771.56,0.1449,Fully Funded
SAV-03642,CUST-03642,487.63,33544.71,0.0927,Fully Funded
SAV-03643,CUST-03643,526.33,41325.26,0.1057,Fully Funded
SAV-03644,CUST-03644,1421.72,60205.17,0.1905,Fully Funded
SAV-03645,CUST-03645,564.13,35787.56,0.1428,Fully Funded
SAV-03646,CUST-03646,608.06,33240.8,0.195,Fully Funded
SAV-03647,CUST-03647,666.95,17166.03,0.1129,Partially Funded
SAV-03648,CUST-03648,358.35,29252.64,0.0919,Fully Funded
SAV-03649,CUST-03649,163.93,7002.79,0.1857,Fully Funded
SAV-03650,CUST-03650,349.91,27381.47,0.1107,Fully Funded
SAV-03651,CUST-03651,832.86,41158.01,0.1802,Fully Funded
SAV-03652,CUST-03652,682.6,36272.39,0.1214,Fully Funded
SAV-03653,CUST-03653,1177.85,31297.89,0.181,Fully Funded
SAV-03654,CUST-03654,507.41,18329.12,0.1124,Partially Funded
SAV-03655,CUST-03655,364.05,21520.15,0.0855,Fully Funded
SAV-03656,CUST-03656,970.58,36330.07,0.0653,Low
SAV-03657,CUST-03657,1093.64,62189.72,0.1578,Fully Funded
SAV-03658,CUST-03658,1028.52,99398.14,0.1563,Fully Funded
SAV-03659,CUST-03659,1551.79,92043.12,0.2106,Fully Funded
SAV-03660,CUST-03660,160.48,3067.55,0.0717,Low
SAV-03661,CUST-03661,2248.82,87727.6,0.1799,Fully Funded
SAV-03662,CUST-03662,268.58,6070.76,0.2148,Fully Funded
SAV-03663,CUST-03663,488.82,54329.6,0.1406,Fully Funded
SAV-03664,CUST-03664,2188.9,83943.64,0.2407,Fully Funded
SAV-03665,CUST-03665,505.32,26899.09,0.183,Fully Funded
SAV-03666,CUST-03666,454.66,23171.66,0.131,Fully Funded
SAV-03667,CUST-03667,1856.0,121374.75,0.208,Fully Funded
SAV-03668,CUST-03668,1480.6,74734.94,0.1443,Fully Funded
SAV-03669,CUST-03669,438.22,14806.41,0.0989,Partially Funded
SAV-03670,CUST-03670,634.95,18667.51,0.1748,Fully Funded
SAV-03671,CUST-03671,987.23,52435.48,0.1912,Fully Funded
SAV-03672,CUST-03672,610.35,21505.72,0.1681,Fully Funded
SAV-03673,CUST-03673,1530.19,19151.44,0.2951,Partially Funded
SAV-03674,CUST-03674,1618.79,153392.18,0.179,Fully Funded
SAV-03675,CUST-03675,258.36,14977.43,0.1414,Fully Funded
SAV-03676,CUST-03676,897.14,74808.67,0.1943,Fully Funded
SAV-03677,CUST-03677,445.0,19562.48,0.0836,Partially Funded
SAV-03678,CUST-03678,2294.47,61334.46,0.2437,Fully Funded
SAV-03679,CUST-03679,1323.48,102761.47,0.1568,Fully Funded
SAV-03680,CUST-03680,990.77,21893.42,0.1349,Partially Funded
SAV-03681,CUST-03681,451.85,28699.67,0.1526,Fully Funded
SAV-03682,CUST-03682,797.03,28441.91,0.1987,Fully Funded
SAV-03683,CUST-03683,629.11,51281.23,0.218,Fully Funded
SAV-03684,CUST-03684,877.88,25854.92,0.1902,Fully Funded
SAV-03685,CUST-03685,167.26,6478.15,0.1172,Fully Funded
SAV-03686,CUST-03686,1867.88,108864.17,0.2319,Fully Funded
SAV-03687,CUST-03687,1549.63,121073.22,0.1281,Fully Funded
SAV-03688,CUST-03688,424.95,18563.89,0.1322,Fully Funded
SAV-03689,CUST-03689,954.5,23183.97,0.1546,Partially Funded
SAV-03690,CUST-03690,1125.35,86036.77,0.1897,Fully Funded
SAV-03691,CUST-03691,1519.86,123341.55,0.2741,Fully Funded
SAV-03692,CUST-03692,1168.28,112009.64,0.2311,Fully Funded
SAV-03693,CUST-03693,2862.42,48125.19,0.2369,Partially Funded
SAV-03694,CUST-03694,1260.58,71520.73,0.1419,Fully Funded
SAV-03695,CUST-03695,804.81,33633.29,0.1898,Fully Funded
SAV-03696,CUST-03696,687.94,33090.08,0.1425,Fully Funded
SAV-03697,CUST-03697,1235.82,46300.93,0.2531,Fully Funded
SAV-03698,CUST-03698,873.12,61769.44,0.1039,Fully Funded
SAV-03699,CUST-03699,964.55,74634.86,0.1966,Fully Funded
SAV-03700,CUST-03700,765.63,18778.98,0.151,Partially Funded
SAV-03701,CUST-03701,942.37,41038.55,0.125,Fully Funded
SAV-03702,CUST-03702,457.19,5500.86,0.1075,Low
SAV-03703,CUST-03703,694.59,15981.18,0.1049,Partially Funded
SAV-03704,CUST-03704,124.96,9835.2,0.1241,Fully Funded
SAV-03705,CUST-03705,206.69,8375.61,0.1476,Fully Funded
SAV-03706,CUST-03706,702.38,46178.87,0.2347,Fully Funded
SAV-03707,CUST-03707,2302.25,119452.79,0.1894,Fully Funded
SAV-03708,CUST-03708,1262.8,105395.4,0.1945,Fully Funded
SAV-03709,CUST-03709,177.23,10369.1,0.1337,Fully Funded
SAV-03710,CUST-03710,348.99,9526.09,0.0566,Low
SAV-03711,CUST-03711,658.66,26528.61,0.2193,Fully Funded
SAV-03712,CUST-03712,1258.58,100000.68,0.1773,Fully Funded
SAV-03713,CUST-03713,2074.45,31707.33,0.1757,Partially Funded
SAV-03714,CUST-03714,1339.51,111203.52,0.2283,Fully Funded
SAV-03715,CUST-03715,324.5,11731.82,0.1515,Fully Funded
SAV-03716,CUST-03716,409.98,41639.69,0.0961,Fully Funded
SAV-03717,CUST-03717,563.79,31933.59,0.1206,Fully Funded
SAV-03718,CUST-03718,782.15,51093.15,0.1108,Fully Funded
SAV-03719,CUST-03719,423.81,6513.87,0.1249,Low
SAV-03720,CUST-03720,1071.56,84587.83,0.1677,Fully Funded
SAV-03721,CUST-03721,1403.7,160427.95,0.175,Fully Funded
SAV-03722,CUST-03722,809.74,50205.57,0.1125,Fully Funded
SAV-03723,CUST-03723,801.7,49233.1,0.1226,Fully Funded
SAV-03724,CUST-03724,597.21,44417.94,0.1514,Fully Funded
SAV-03725,CUST-03725,822.8,11458.18,0.1573,Low
SAV-03726,CUST-03726,1403.58,73202.05,0.1388,Fully Funded
SAV-03727,CUST-03727,1969.99,120210.45,0.1985,Fully Funded
SAV-03728,CUST-03728,772.07,79332.74,0.1563,Fully Funded
SAV-03729,CUST-03729,367.68,18379.91,0.0483,Low
SAV-03730,CUST-03730,1352.0,31030.96,0.154,Partially Funded
SAV-03731,CUST-03731,1437.61,143636.54,0.1788,Fully Funded
SAV-03732,CUST-03732,479.33,20524.8,0.0973,Partially Funded
SAV-03733,CUST-03733,658.12,8707.5,0.1636,Partially Funded
SAV-03734,CUST-03734,999.96,53338.6,0.107,Fully Funded
SAV-03735,CUST-03735,737.11,59465.19,0.1835,Fully Funded
SAV-03736,CUST-03736,718.07,7249.33,0.1237,Low
SAV-03737,CUST-03737,1275.58,33810.2,0.1237,Partially Funded
SAV-03738,CUST-03738,531.32,17194.1,0.1554,Fully Funded
SAV-03739,CUST-03739,630.48,56599.32,0.2098,Fully Funded
SAV-03740,CUST-03740,862.13,40417.9,0.123,Fully Funded
SAV-03741,CUST-03741,519.73,15597.83,0.1294,Partially Funded
SAV-03742,CUST-03742,866.73,59700.4,0.1367,Fully Funded
SAV-03743,CUST-03743,846.41,42758.94,0.1285,Fully Funded
SAV-03744,CUST-03744,1299.59,24951.94,0.1923,Partially Funded
SAV-03745,CUST-03745,765.08,51660.8,0.176,Fully Funded
SAV-03746,CUST-03746,942.16,62364.94,0.1146,Fully Funded
SAV-03747,CUST-03747,610.76,19189.91,0.195,Fully Funded
SAV-03748,CUST-03748,1117.84,121730.85,0.2537,Fully Funded
SAV-03749,CUST-03749,793.49,50225.95,0.182,Fully Funded
SAV-03750,CUST-03750,1600.79,42070.49,0.1763,Partially Funded
SAV-03751,CUST-03751,347.11,8780.02,0.2812,Fully Funded
SAV-03752,CUST-03752,838.37,48620.31,0.2139,Fully Funded
SAV-03753,CUST-03753,671.95,36189.12,0.1425,Fully Funded
SAV-03754,CUST-03754,104.73,2977.89,0.1501,Fully Funded
SAV-03755,CUST-03755,749.59,55263.22,0.1286,Fully Funded
SAV-03756,CUST-03756,846.79,8023.81,0.1291,Low
SAV-03757,CUST-03757,504.57,5717.45,0.1407,Low
SAV-03758,CUST-03758,1232.36,34379.57,0.1362,Partially Funded
SAV-03759,CUST-03759,1068.64,17634.7,0.1633,Partially Funded
SAV-03760,CUST-03760,925.34,60248.27,0.1778,Fully Funded
SAV-03761,CUST-03761,985.41,58536.26,0.1363,Fully Funded
SAV-03762,CUST-03762,1439.15,45706.75,0.2616,Fully Funded
SAV-03763,CUST-03763,991.76,51262.78,0.2266,Fully Funded
SAV-03764,CUST-03764,943.93,69254.66,0.1114,Fully Funded
SAV-03765,CUST-03765,659.98,21036.65,0.1248,Partially Funded
SAV-03766,CUST-03766,611.65,36861.07,0.126,Fully Funded
SAV-03767,CUST-03767,345.17,15732.55,0.1362,Fully Funded
SAV-03768,CUST-03768,1757.54,175523.78,0.2944,Fully Funded
SAV-03769,CUST-03769,1025.74,111041.67,0.2173,Fully Funded
SAV-03770,CUST-03770,1121.9,27190.49,0.0767,Low
SAV-03771,CUST-03771,2083.63,146930.98,0.2162,Fully Funded
SAV-03772,CUST-03772,2055.73,48175.17,0.2391,Fully Funded
SAV-03773,CUST-03773,1386.85,25123.56,0.1456,Partially Funded
SAV-03774,CUST-03774,1016.43,33711.75,0.182,Fully Funded
SAV-03775,CUST-03775,218.08,4167.19,0.0792,Low
SAV-03776,CUST-03776,84.62,6422.66,0.1016,Fully Funded
SAV-03777,CUST-03777,1563.65,113031.38,0.1382,Fully Funded
SAV-03778,CUST-03778,991.02,78796.07,0.1708,Fully Funded
SAV-03779,CUST-03779,1030.81,13582.34,0.1395,Low
SAV-03780,CUST-03780,1092.72,64889.53,0.1771,Fully Funded
SAV-03781,CUST-03781,834.93,59408.88,0.0859,Fully Funded
SAV-03782,CUST-03782,1141.69,120982.61,0.1262,Fully Funded
SAV-03783,CUST-03783,1603.41,83564.73,0.2897,Fully Funded
SAV-03784,CUST-03784,629.28,30849.4,0.1364,Fully Funded
SAV-03785,CUST-03785,1046.49,80217.47,0.2017,Fully Funded
SAV-03786,CUST-03786,357.11,38774.68,0.1496,Fully Funded
SAV-03787,CUST-03787,1119.39,18336.61,0.1688,Partially Funded
SAV-03788,CUST-03788,276.48,5910.59,0.0861,Low
SAV-03789,CUST-03789,912.37,43501.46,0.1654,Fully Funded
SAV-03790,CUST-03790,1028.67,66283.4,0.1488,Fully Funded
SAV-03791,CUST-03791,2381.76,120418.45,0.1598,Fully Funded
SAV-03792,CUST-03792,370.98,26683.73,0.0804,Fully Funded
SAV-03793,CUST-03793,1414.56,118804.4,0.1885,Fully Funded
SAV-03794,CUST-03794,1134.9,60431.8,0.1522,Fully Funded
SAV-03795,CUST-03795,59.07,4765.68,0.1061,Fully Funded
SAV-03796,CUST-03796,853.83,46138.62,0.1936,Fully Funded
SAV-03797,CUST-03797,1885.01,77200.14,0.2497,Fully Funded
SAV-03798,CUST-03798,179.82,12149.12,0.1438,Fully Funded
SAV-03799,CUST-03799,1991.13,107934.31,0.1405,Fully Funded
SAV-03800,CUST-03800,788.7,47063.54,0.1395,Fully Funded
SAV-03801,CUST-03801,1665.04,102771.58,0.2527,Fully Funded
SAV-03802,CUST-03802,1225.4,49569.15,0.3032,Fully Funded
SAV-03803,CUST-03803,946.52,17288.2,0.1451,Partially Funded
SAV-03804,CUST-03804,1122.26,29947.35,0.0832,Low
SAV-03805,CUST-03805,1329.32,59765.56,0.1814,Fully Funded
SAV-03806,CUST-03806,1316.14,68343.63,0.1265,Fully Funded
SAV-03807,CUST-03807,979.64,50540.23,0.1612,Fully Funded
SAV-03808,CUST-03808,138.03,13129.35,0.1222,Fully Funded
SAV-03809,CUST-03809,1475.99,63322.75,0.1367,Fully Funded
SAV-03810,CUST-03810,140.39,10938.33,0.1472,Fully Funded
SAV-03811,CUST-03811,1497.88,82204.05,0.2117,Fully Funded
SAV-03812,CUST-03812,2611.99,50186.88,0.1937,Partially Funded
SAV-03813,CUST-03813,1583.41,87458.26,0.1837,Fully Funded
SAV-03814,CUST-03814,805.72,37287.41,0.1362,Fully Funded
SAV-03815,CUST-03815,2622.85,87175.66,0.3276,Fully Funded
SAV-03816,CUST-03816,306.82,14862.83,0.2251,Fully Funded
SAV-03817,CUST-03817,1611.92,101253.66,0.1273,Fully Funded
SAV-03818,CUST-03818,1334.19,97719.67,0.1048,Fully Funded
SAV-03819,CUST-03819,844.89,44313.94,0.111,Fully Funded
SAV-03820,CUST-03820,1396.38,53185.79,0.165,Fully Funded
SAV-03821,CUST-03821,1537.08,62424.77,0.2798,Fully Funded
SAV-03822,CUST-03822,566.09,12726.85,0.1296,Partially Funded
SAV-03823,CUST-03823,257.91,13588.48,0.0865,Partially Funded
SAV-03824,CUST-03824,979.97,36632.72,0.1456,Fully Funded
SAV-03825,CUST-03825,262.65,18562.58,0.0961,Fully Funded
SAV-03826,CUST-03826,2092.4,107447.22,0.2131,Fully Funded
SAV-03827,CUST-03827,554.25,28100.32,0.1501,Fully Funded
SAV-03828,CUST-03828,701.62,39906.82,0.1761,Fully Funded
SAV-03829,CUST-03829,127.9,6193.81,0.1064,Partially Funded
SAV-03830,CUST-03830,1146.96,37347.17,0.1373,Partially Funded
SAV-03831,CUST-03831,1656.7,111504.59,0.2422,Fully Funded
SAV-03832,CUST-03832,1085.64,47918.58,0.128,Fully Funded
SAV-03833,CUST-03833,3337.98,218761.4,0.238,Fully Funded
SAV-03834,CUST-03834,669.65,41425.72,0.1302,Fully Funded
SAV-03835,CUST-03835,121.33,5416.62,0.1385,Fully Funded
SAV-03836,CUST-03836,3313.79,59044.73,0.2645,Fully Funded
SAV-03837,CUST-03837,482.28,25118.54,0.1288,Fully Funded
SAV-03838,CUST-03838,910.14,54424.99,0.1498,Fully Funded
SAV-03839,CUST-03839,1408.41,32900.6,0.1902,Fully Funded
SAV-03840,CUST-03840,965.89,25553.98,0.1599,Partially Funded
SAV-03841,CUST-03841,1374.07,19145.25,0.1638,Partially Funded
SAV-03842,CUST-03842,522.85,10938.95,0.0923,Low
SAV-03843,CUST-03843,645.66,68941.85,0.1436,Fully Funded
SAV-03844,CUST-03844,578.96,26897.28,0.144,Fully Funded
SAV-03845,CUST-03845,730.13,10377.57,0.1026,Low
SAV-03846,CUST-03846,151.34,3790.2,0.1711,Partially Funded
SAV-03847,CUST-03847,1672.65,118025.43,0.2168,Fully Funded
SAV-03848,CUST-03848,392.36,8492.96,0.0678,Low
SAV-03849,CUST-03849,1151.57,82120.09,0.1682,Fully Funded
SAV-03850,CUST-03850,2272.63,191905.45,0.2424,Fully Funded
SAV-03851,CUST-03851,764.0,21187.16,0.1043,Partially Funded
SAV-03852,CUST-03852,314.5,22002.86,0.0896,Fully Funded
SAV-03853,CUST-03853,184.54,15979.86,0.0776,Fully Funded
SAV-03854,CUST-03854,2208.83,55125.65,0.2713,Fully Funded
SAV-03855,CUST-03855,862.98,46111.1,0.1227,Fully Funded
SAV-03856,CUST-03856,1143.94,68531.89,0.1915,Fully Funded
SAV-03857,CUST-03857,258.42,7626.11,0.0529,Low
SAV-03858,CUST-03858,1712.3,36435.4,0.2354,Fully Funded
SAV-03859,CUST-03859,1467.68,90032.6,0.2309,Fully Funded
SAV-03860,CUST-03860,1359.21,49298.85,0.1854,Fully Funded
SAV-03861,CUST-03861,284.34,21084.73,0.1389,Fully Funded
SAV-03862,CUST-03862,815.85,27427.1,0.1399,Fully Funded
SAV-03863,CUST-03863,705.21,59206.82,0.1521,Fully Funded
SAV-03864,CUST-03864,251.75,22837.94,0.0678,Fully Funded
SAV-03865,CUST-03865,1278.92,101618.25,0.1158,Fully Funded
SAV-03866,CUST-03866,205.69,18341.11,0.1455,Fully Funded
SAV-03867,CUST-03867,1379.91,100996.95,0.1711,Fully Funded
SAV-03868,CUST-03868,1401.43,147085.73,0.1542,Fully Funded
SAV-03869,CUST-03869,1480.35,51886.73,0.2024,Fully Funded
SAV-03870,CUST-03870,735.98,53187.33,0.1903,Fully Funded
SAV-03871,CUST-03871,739.58,32378.83,0.197,Fully Funded
SAV-03872,CUST-03872,1565.94,36118.57,0.2668,Fully Funded
SAV-03873,CUST-03873,565.51,42748.04,0.1431,Fully Funded
SAV-03874,CUST-03874,990.31,51696.3,0.1598,Fully Funded
SAV-03875,CUST-03875,112.13,12943.53,0.0838,Fully Funded
SAV-03876,CUST-03876,842.81,37313.72,0.1388,Fully Funded
SAV-03877,CUST-03877,1754.65,50743.09,0.2109,Fully Funded
SAV-03878,CUST-03878,1023.33,12674.97,0.1641,Low
SAV-03879,CUST-03879,1010.38,30442.31,0.2134,Fully Funded
SAV-03880,CUST-03880,961.79,48651.73,0.0964,Partially Funded
SAV-03881,CUST-03881,2628.27,177934.96,0.1881,Fully Funded
SAV-03882,CUST-03882,814.51,52497.57,0.1451,Fully Funded
SAV-03883,CUST-03883,715.73,61911.86,0.2089,Fully Funded
SAV-03884,CUST-03884,3268.22,195117.12,0.3209,Fully Funded
SAV-03885,CUST-03885,562.97,49995.98,0.136,Fully Funded
SAV-03886,CUST-03886,1240.89,71928.78,0.1827,Fully Funded
SAV-03887,CUST-03887,1296.92,74737.41,0.1479,Fully Funded
SAV-03888,CUST-03888,1050.79,11669.41,0.1447,Low
SAV-03889,CUST-03889,980.11,27240.54,0.1134,Partially Funded
SAV-03890,CUST-03890,1332.05,38724.59,0.1326,Partially Funded
SAV-03891,CUST-03891,568.57,17451.22,0.1541,Fully Funded
SAV-03892,CUST-03892,206.47,23568.51,0.1158,Fully Funded
SAV-03893,CUST-03893,1567.54,21215.33,0.2057,Partially Funded
SAV-03894,CUST-03894,888.71,20848.41,0.238,Fully Funded
SAV-03895,CUST-03895,808.65,43021.33,0.1354,Fully Funded
SAV-03896,CUST-03896,714.32,50460.01,0.1756,Fully Funded
SAV-03897,CUST-03897,1019.44,64801.06,0.2081,Fully Funded
SAV-03898,CUST-03898,557.83,24771.68,0.1208,Fully Funded
SAV-03899,CUST-03899,1606.01,50369.24,0.2675,Fully Funded
SAV-03900,CUST-03900,1344.71,58988.19,0.1926,Fully Funded
SAV-03901,CUST-03901,664.65,7152.31,0.1111,Low
SAV-03902,CUST-03902,1060.87,12146.68,0.197,Partially Funded
SAV-03903,CUST-03903,784.49,61712.89,0.1816,Fully Funded
SAV-03904,CUST-03904,1535.78,60652.35,0.165,Fully Funded
SAV-03905,CUST-03905,175.12,8597.53,0.095,Partially Funded
SAV-03906,CUST-03906,197.05,18061.72,0.1235,Fully Funded
SAV-03907,CUST-03907,1017.6,29023.33,0.1341,Partially Funded
SAV-03908,CUST-03908,735.92,70891.35,0.1339,Fully Funded
SAV-03909,CUST-03909,1205.94,33363.74,0.1157,Partially Funded
SAV-03910,CUST-03910,1079.28,24804.35,0.1577,Partially Funded
SAV-03911,CUST-03911,559.01,26845.59,0.1444,Fully Funded
SAV-03912,CUST-03912,589.76,23422.91,0.1539,Fully Funded
SAV-03913,CUST-03913,248.42,15493.83,0.1641,Fully Funded
SAV-03914,CUST-03914,1834.55,54797.21,0.2464,Fully Funded
SAV-03915,CUST-03915,1047.23,62829.19,0.218,Fully Funded
SAV-03916,CUST-03916,1115.15,47159.87,0.1024,Partially Funded
SAV-03917,CUST-03917,1051.88,51863.72,0.1893,Fully Funded
SAV-03918,CUST-03918,722.82,77069.58,0.1682,Fully Funded
SAV-03919,CUST-03919,709.3,41833.57,0.2246,Fully Funded
SAV-03920,CUST-03920,2441.05,88893.6,0.2185,Fully Funded
SAV-03921,CUST-03921,643.12,47989.38,0.2238,Fully Funded
SAV-03922,CUST-03922,97.3,5536.92,0.1496,Fully Funded
SAV-03923,CUST-03923,1635.72,134028.38,0.2559,Fully Funded
SAV-03924,CUST-03924,702.07,49644.32,0.2368,Fully Funded
SAV-03925,CUST-03925,700.47,10847.22,0.2155,Partially Funded
SAV-03926,CUST-03926,229.29,7507.15,0.0787,Partially Funded
SAV-03927,CUST-03927,580.72,25906.1,0.1387,Fully Funded
SAV-03928,CUST-03928,654.29,61206.66,0.1748,Fully Funded
SAV-03929,CUST-03929,1841.6,27401.71,0.2094,Partially Funded
SAV-03930,CUST-03930,2576.69,213390.44,0.2179,Fully Funded
SAV-03931,CUST-03931,495.51,28118.51,0.0702,Partially Funded
SAV-03932,CUST-03932,556.61,38723.67,0.104,Fully Funded
SAV-03933,CUST-03933,293.11,23063.63,0.0887,Fully Funded
SAV-03934,CUST-03934,662.9,68766.94,0.2164,Fully Funded
SAV-03935,CUST-03935,448.64,11966.99,0.0783,Low
SAV-03936,CUST-03936,1012.63,27918.38,0.1901,Fully Funded
SAV-03937,CUST-03937,2488.57,72031.68,0.1744,Fully Funded
SAV-03938,CUST-03938,1564.14,73552.95,0.2026,Fully Funded
SAV-03939,CUST-03939,548.39,21479.12,0.0982,Partially Funded
SAV-03940,CUST-03940,561.38,10590.79,0.1164,Partially Funded
SAV-03941,CUST-03941,726.5,42662.33,0.1528,Fully Funded
SAV-03942,CUST-03942,1318.74,20450.98,0.2605,Fully Funded
SAV-03943,CUST-03943,368.8,9947.15,0.1153,Partially Funded
SAV-03944,CUST-03944,3019.05,281716.49,0.1847,Fully Funded
SAV-03945,CUST-03945,561.72,9199.37,0.1446,Partially Funded
SAV-03946,CUST-03946,1392.34,39576.46,0.2407,Fully Funded
SAV-03947,CUST-03947,1413.7,57728.87,0.1625,Fully Funded
SAV-03948,CUST-03948,510.44,24236.65,0.1485,Fully Funded
SAV-03949,CUST-03949,584.16,25020.76,0.1501,Fully Funded
SAV-03950,CUST-03950,1718.02,44206.61,0.2306,Fully Funded
SAV-03951,CUST-03951,606.41,15446.13,0.115,Partially Funded
SAV-03952,CUST-03952,472.14,23321.37,0.2146,Fully Funded
SAV-03953,CUST-03953,779.91,59210.52,0.2166,Fully Funded
SAV-03954,CUST-03954,241.84,7953.8,0.088,Partially Funded
SAV-03955,CUST-03955,344.77,25409.5,0.1133,Fully Funded
SAV-03956,CUST-03956,2852.29,160508.4,0.2474,Fully Funded
SAV-03957,CUST-03957,612.34,8946.65,0.1135,Low
SAV-03958,CUST-03958,547.6,34886.31,0.097,Fully Funded
SAV-03959,CUST-03959,1621.75,135418.0,0.2086,Fully Funded
SAV-03960,CUST-03960,1197.63,38915.75,0.1704,Fully Funded
SAV-03961,CUST-03961,619.22,60570.04,0.1024,Fully Funded
SAV-03962,CUST-03962,550.11,34366.77,0.1487,Fully Funded
SAV-03963,CUST-03963,635.78,10349.17,0.1402,Low
SAV-03964,CUST-03964,590.81,28748.75,0.1125,Fully Funded
SAV-03965,CUST-03965,311.18,5075.46,0.1016,Low
SAV-03966,CUST-03966,814.85,86766.14,0.1975,Fully Funded
SAV-03967,CUST-03967,590.96,35495.1,0.1701,Fully Funded
SAV-03968,CUST-03968,1437.71,150250.18,0.1119,Fully Funded
SAV-03969,CUST-03969,1219.55,50666.95,0.177,Fully Funded
SAV-03970,CUST-03970,596.54,24640.27,0.1041,Partially Funded
SAV-03971,CUST-03971,275.77,11239.49,0.0432,Low
SAV-03972,CUST-03972,3575.0,162351.62,0.3047,Fully Funded
SAV-03973,CUST-03973,3002.31,31914.09,0.1397,Low
SAV-03974,CUST-03974,411.15,16885.23,0.1277,Fully Funded
SAV-03975,CUST-03975,702.12,30147.57,0.1455,Fully Funded
SAV-03976,CUST-03976,1319.56,55654.84,0.269,Fully Funded
SAV-03977,CUST-03977,949.0,59906.44,0.1534,Fully Funded
SAV-03978,CUST-03978,408.56,19265.65,0.075,Partially Funded
SAV-03979,CUST-03979,534.73,22452.11,0.0661,Partially Funded
SAV-03980,CUST-03980,385.2,37389.13,0.1214,Fully Funded
SAV-03981,CUST-03981,1498.05,74177.61,0.158,Fully Funded
SAV-03982,CUST-03982,840.16,51318.59,0.1581,Fully Funded
SAV-03983,CUST-03983,145.96,13922.18,0.1203,Fully Funded
SAV-03984,CUST-03984,1413.54,102737.39,0.1875,Fully Funded
SAV-03985,CUST-03985,1922.15,74003.83,0.2596,Fully Funded
SAV-03986,CUST-03986,2811.97,303546.92,0.2261,Fully Funded
SAV-03987,CUST-03987,650.12,46535.42,0.1214,Fully Funded
SAV-03988,CUST-03988,1026.23,70820.33,0.1691,Fully Funded
SAV-03989,CUST-03989,1315.13,72762.34,0.1419,Fully Funded
SAV-03990,CUST-03990,1276.1,19228.74,0.2532,Partially Funded
SAV-03991,CUST-03991,270.26,10802.86,0.2618,Fully Funded
SAV-03992,CUST-03992,1103.45,58819.6,0.1534,Fully Funded
SAV-03993,CUST-03993,2105.93,91363.7,0.1577,Fully Funded
SAV-03994,CUST-03994,893.14,27303.44,0.2072,Fully Funded
SAV-03995,CUST-03995,652.28,54871.8,0.1661,Fully Funded
SAV-03996,CUST-03996,858.03,20408.96,0.1158,Partially Funded
SAV-03997,CUST-03997,2220.27,22967.32,0.2498,Partially Funded
SAV-03998,CUST-03998,379.01,7303.88,0.0925,Low
SAV-03999,CUST-03999,952.06,13516.19,0.102,Low
SAV-04000,CUST-04000,815.8,34286.42,0.1251,Fully Funded
SAV-04001,CUST-04001,346.61,14904.82,0.1353,Fully Funded
SAV-04002,CUST-04002,537.72,59197.57,0.09,Fully Funded
SAV-04003,CUST-04003,1198.05,62857.12,0.1211,Fully Funded
SAV-04004,CUST-04004,1401.8,29509.87,0.3045,Fully Funded
SAV-04005,CUST-04005,1849.38,56501.91,0.1744,Fully Funded
SAV-04006,CUST-04006,1491.0,54143.91,0.1605,Fully Funded
SAV-04007,CUST-04007,764.97,17091.25,0.1109,Partially Funded
SAV-04008,CUST-04008,1324.23,88808.18,0.1723,Fully Funded
SAV-04009,CUST-04009,795.24,60644.08,0.1098,Fully Funded
SAV-04010,CUST-04010,3134.43,159106.55,0.2769,Fully Funded
SAV-04011,CUST-04011,579.8,20539.07,0.088,Partially Funded
SAV-04012,CUST-04012,598.11,19654.61,0.1793,Fully Funded
SAV-04013,CUST-04013,746.92,28906.67,0.1831,Fully Funded
SAV-04014,CUST-04014,762.96,43232.75,0.1333,Fully Funded
SAV-04015,CUST-04015,1029.92,44442.03,0.2148,Fully Funded
SAV-04016,CUST-04016,841.71,84444.14,0.2515,Fully Funded
SAV-04017,CUST-04017,1803.41,30142.03,0.2148,Partially Funded
SAV-04018,CUST-04018,709.12,20595.72,0.0898,Partially Funded
SAV-04019,CUST-04019,49.64,1196.81,0.0769,Low
SAV-04020,CUST-04020,179.83,21053.49,0.1932,Fully Funded
SAV-04021,CUST-04021,1037.12,52147.42,0.1151,Fully Funded
SAV-04022,CUST-04022,526.3,12683.69,0.2199,Fully Funded
SAV-04023,CUST-04023,413.42,8032.3,0.0783,Low
SAV-04024,CUST-04024,2392.54,113375.52,0.1915,Fully Funded
SAV-04025,CUST-04025,1725.72,92831.63,0.1773,Fully Funded
SAV-04026,CUST-04026,742.11,30431.77,0.1973,Fully Funded
SAV-04027,CUST-04027,1210.25,97137.71,0.109,Fully Funded
SAV-04028,CUST-04028,1177.7,70781.05,0.1364,Fully Funded
SAV-04029,CUST-04029,873.81,33506.29,0.1629,Fully Funded
SAV-04030,CUST-04030,1036.18,64127.91,0.133,Fully Funded
SAV-04031,CUST-04031,1289.15,51536.47,0.2365,Fully Funded
SAV-04032,CUST-04032,1438.4,79155.4,0.2334,Fully Funded
SAV-04033,CUST-04033,1051.32,14916.7,0.0878,Low
SAV-04034,CUST-04034,1215.96,76698.08,0.1433,Fully Funded
SAV-04035,CUST-04035,391.63,4611.95,0.1445,Low
SAV-04036,CUST-04036,1298.87,139842.14,0.2082,Fully Funded
SAV-04037,CUST-04037,608.42,66478.5,0.1054,Fully Funded
SAV-04038,CUST-04038,857.89,24823.57,0.2697,Fully Funded
SAV-04039,CUST-04039,1087.68,18633.15,0.1905,Partially Funded
SAV-04040,CUST-04040,582.71,10962.79,0.0735,Low
SAV-04041,CUST-04041,1543.76,45516.43,0.2407,Fully Funded
SAV-04042,CUST-04042,275.26,23911.27,0.1177,Fully Funded
SAV-04043,CUST-04043,917.69,106546.37,0.1677,Fully Funded
SAV-04044,CUST-04044,1184.32,88940.36,0.1047,Fully Funded
SAV-04045,CUST-04045,1092.86,74924.41,0.1814,Fully Funded
SAV-04046,CUST-04046,164.28,9981.99,0.1091,Fully Funded
SAV-04047,CUST-04047,739.59,31014.19,0.1714,Fully Funded
SAV-04048,CUST-04048,905.26,67817.69,0.1886,Fully Funded
SAV-04049,CUST-04049,575.72,21211.3,0.141,Fully Funded
SAV-04050,CUST-04050,1494.22,120602.09,0.1999,Fully Funded
SAV-04051,CUST-04051,646.6,50735.94,0.1617,Fully Funded
SAV-04052,CUST-04052,840.19,37774.38,0.1474,Fully Funded
SAV-04053,CUST-04053,538.71,24565.09,0.0755,Partially Funded
SAV-04054,CUST-04054,818.2,75821.18,0.1126,Fully Funded
SAV-04055,CUST-04055,1391.17,93262.5,0.2126,Fully Funded
SAV-04056,CUST-04056,688.52,49812.69,0.1038,Fully Funded
SAV-04057,CUST-04057,700.5,53990.85,0.1709,Fully Funded
SAV-04058,CUST-04058,186.48,4129.33,0.1575,Partially Funded
SAV-04059,CUST-04059,433.53,18865.04,0.1519,Fully Funded
SAV-04060,CUST-04060,1468.11,113642.96,0.2937,Fully Funded
SAV-04061,CUST-04061,806.73,36330.69,0.1762,Fully Funded
SAV-04062,CUST-04062,264.37,14217.82,0.0844,Partially Funded
SAV-04063,CUST-04063,911.77,63458.31,0.2255,Fully Funded
SAV-04064,CUST-04064,650.72,60609.73,0.1887,Fully Funded
SAV-04065,CUST-04065,815.62,12718.35,0.1562,Partially Funded
SAV-04066,CUST-04066,976.11,23338.72,0.1838,Partially Funded
SAV-04067,CUST-04067,1052.01,37567.65,0.1287,Fully Funded
SAV-04068,CUST-04068,1574.65,51078.06,0.2022,Fully Funded
SAV-04069,CUST-04069,1838.0,43869.57,0.2346,Fully Funded
SAV-04070,CUST-04070,307.62,5401.24,0.0559,Low
SAV-04071,CUST-04071,541.55,46323.77,0.1356,Fully Funded
SAV-04072,CUST-04072,2027.94,34127.04,0.2533,Fully Funded
SAV-04073,CUST-04073,392.89,12170.14,0.1459,Partially Funded
SAV-04074,CUST-04074,1438.95,21558.84,0.199,Partially Funded
SAV-04075,CUST-04075,305.28,15456.58,0.1212,Fully Funded
SAV-04076,CUST-04076,934.95,32475.02,0.2239,Fully Funded
SAV-04077,CUST-04077,909.29,28700.84,0.1383,Partially Funded
SAV-04078,CUST-04078,679.78,42205.39,0.1165,Fully Funded
SAV-04079,CUST-04079,1001.31,21836.14,0.1211,Partially Funded
SAV-04080,CUST-04080,401.58,25618.59,0.1164,Fully Funded
SAV-04081,CUST-04081,2504.06,114596.43,0.2185,Fully Funded
SAV-04082,CUST-04082,714.14,24664.28,0.1668,Fully Funded
SAV-04083,CUST-04083,949.93,57597.55,0.1842,Fully Funded
SAV-04084,CUST-04084,182.29,18597.1,0.1624,Fully Funded
SAV-04085,CUST-04085,1385.55,92698.97,0.1284,Fully Funded
SAV-04086,CUST-04086,486.44,18982.4,0.1361,Fully Funded
SAV-04087,CUST-04087,687.49,27621.08,0.1328,Fully Funded
SAV-04088,CUST-04088,607.23,29458.21,0.0999,Fully Funded
SAV-04089,CUST-04089,643.05,18878.82,0.12,Partially Funded
SAV-04090,CUST-04090,876.71,46997.47,0.2101,Fully Funded
SAV-04091,CUST-04091,1814.44,66951.4,0.2097,Fully Funded
SAV-04092,CUST-04092,4466.59,268006.03,0.292,Fully Funded
SAV-04093,CUST-04093,454.79,9393.25,0.264,Fully Funded
SAV-04094,CUST-04094,1302.86,74491.5,0.1132,Fully Funded
SAV-04095,CUST-04095,706.44,59579.59,0.1513,Fully Funded
SAV-04096,CUST-04096,179.71,11260.58,0.2063,Fully Funded
SAV-04097,CUST-04097,301.57,24559.13,0.2167,Fully Funded
SAV-04098,CUST-04098,1297.65,30645.2,0.1653,Partially Funded
SAV-04099,CUST-04099,1160.11,18394.11,0.1732,Partially Funded
SAV-04100,CUST-04100,955.73,66589.89,0.1038,Fully Funded
SAV-04101,CUST-04101,1053.48,51732.46,0.1573,Fully Funded
SAV-04102,CUST-04102,316.98,22629.63,0.2452,Fully Funded
SAV-04103,CUST-04103,1055.38,21321.22,0.1417,Partially Funded
SAV-04104,CUST-04104,1219.42,37129.46,0.3487,Fully Funded
SAV-04105,CUST-04105,1572.66,119251.91,0.2171,Fully Funded
SAV-04106,CUST-04106,2051.77,133277.13,0.2168,Fully Funded
SAV-04107,CUST-04107,347.87,6625.98,0.123,Low
SAV-04108,CUST-04108,621.29,58459.78,0.0985,Fully Funded
SAV-04109,CUST-04109,309.87,7717.56,0.1235,Partially Funded
SAV-04110,CUST-04110,1694.77,76485.53,0.2276,Fully Funded
SAV-04111,CUST-04111,893.71,85689.01,0.1464,Fully Funded
SAV-04112,CUST-04112,670.81,25515.88,0.1371,Fully Funded
SAV-04113,CUST-04113,761.67,27378.8,0.143,Fully Funded
SAV-04114,CUST-04114,1280.9,15594.7,0.1841,Low
SAV-04115,CUST-04115,779.58,45124.85,0.1236,Fully Funded
SAV-04116,CUST-04116,327.28,34937.22,0.1198,Fully Funded
SAV-04117,CUST-04117,916.5,107518.23,0.1042,Fully Funded
SAV-04118,CUST-04118,738.3,71658.03,0.1667,Fully Funded
SAV-04119,CUST-04119,978.64,31795.14,0.1949,Fully Funded
SAV-04120,CUST-04120,3224.19,299657.71,0.2659,Fully Funded
SAV-04121,CUST-04121,703.73,77021.57,0.1501,Fully Funded
SAV-04122,CUST-04122,754.12,61379.16,0.1108,Fully Funded
SAV-04123,CUST-04123,482.45,12215.31,0.101,Partially Funded
SAV-04124,CUST-04124,433.1,32492.13,0.1046,Fully Funded
SAV-04125,CUST-04125,1183.46,41467.86,0.2103,Fully Funded
SAV-04126,CUST-04126,809.34,92075.5,0.1553,Fully Funded
SAV-04127,CUST-04127,815.79,74889.01,0.1852,Fully Funded
SAV-04128,CUST-04128,1197.19,55619.0,0.1852,Fully Funded
SAV-04129,CUST-04129,1059.3,72484.77,0.1717,Fully Funded
SAV-04130,CUST-04130,1160.28,83144.15,0.2481,Fully Funded
SAV-04131,CUST-04131,520.16,7963.65,0.1218,Low
SAV-04132,CUST-04132,558.59,16018.34,0.0973,Partially Funded
SAV-04133,CUST-04133,850.27,27133.95,0.1936,Fully Funded
SAV-04134,CUST-04134,672.07,14230.32,0.0905,Low
SAV-04135,CUST-04135,790.45,38933.14,0.1362,Fully Funded
SAV-04136,CUST-04136,604.8,30878.14,0.1479,Fully Funded
SAV-04137,CUST-04137,2130.39,50000.95,0.2661,Fully Funded
SAV-04138,CUST-04138,1209.99,82451.19,0.1087,Fully Funded
SAV-04139,CUST-04139,941.7,25662.14,0.1761,Fully Funded
SAV-04140,CUST-04140,1115.72,65562.59,0.1528,Fully Funded
SAV-04141,CUST-04141,748.23,18053.19,0.1233,Partially Funded
SAV-04142,CUST-04142,1068.31,116195.27,0.1196,Fully Funded
SAV-04143,CUST-04143,1622.27,171119.15,0.2292,Fully Funded
SAV-04144,CUST-04144,1229.72,64979.19,0.1718,Fully Funded
SAV-04145,CUST-04145,1418.0,98537.63,0.2236,Fully Funded
SAV-04146,CUST-04146,1197.13,124453.37,0.1208,Fully Funded
SAV-04147,CUST-04147,2664.47,162146.21,0.1531,Fully Funded
SAV-04148,CUST-04148,911.43,54110.5,0.1316,Fully Funded
SAV-04149,CUST-04149,787.72,20560.19,0.1674,Partially Funded
SAV-04150,CUST-04150,1220.19,83966.3,0.2757,Fully Funded
SAV-04151,CUST-04151,143.17,5516.61,0.1569,Fully Funded
SAV-04152,CUST-04152,906.4,34940.44,0.1521,Fully Funded
SAV-04153,CUST-04153,931.36,21823.43,0.137,Partially Funded
SAV-04154,CUST-04154,1642.09,60930.81,0.1771,Fully Funded
SAV-04155,CUST-04155,1271.69,86807.52,0.1987,Fully Funded
SAV-04156,CUST-04156,935.09,79486.46,0.1426,Fully Funded
SAV-04157,CUST-04157,869.33,28433.46,0.1619,Fully Funded
SAV-04158,CUST-04158,1179.52,17213.59,0.1367,Low
SAV-04159,CUST-04159,1105.46,94835.05,0.1915,Fully Funded
SAV-04160,CUST-04160,1409.71,59112.8,0.1061,Partially Funded
SAV-04161,CUST-04161,796.85,26423.14,0.2129,Fully Funded
SAV-04162,CUST-04162,271.59,24192.82,0.1756,Fully Funded
SAV-04163,CUST-04163,417.92,17524.39,0.1198,Fully Funded
SAV-04164,CUST-04164,469.53,9453.93,0.091,Low
SAV-04165,CUST-04165,964.14,53677.07,0.1319,Fully Funded
SAV-04166,CUST-04166,848.54,51950.0,0.3025,Fully Funded
SAV-04167,CUST-04167,723.69,77541.65,0.139,Fully Funded
SAV-04168,CUST-04168,432.6,35041.42,0.1004,Fully Funded
SAV-04169,CUST-04169,2038.01,124011.94,0.1514,Fully Funded
SAV-04170,CUST-04170,959.65,27615.91,0.1577,Fully Funded
SAV-04171,CUST-04171,220.27,14089.28,0.0958,Fully Funded
SAV-04172,CUST-04172,2887.44,192768.98,0.1622,Fully Funded
SAV-04173,CUST-04173,482.28,28653.39,0.1147,Fully Funded
SAV-04174,CUST-04174,2226.19,99399.7,0.2304,Fully Funded
SAV-04175,CUST-04175,384.39,17250.86,0.1313,Fully Funded
SAV-04176,CUST-04176,541.02,7809.97,0.1047,Low
SAV-04177,CUST-04177,1570.96,37557.32,0.2455,Fully Funded
SAV-04178,CUST-04178,1014.85,106602.18,0.1807,Fully Funded
SAV-04179,CUST-04179,585.88,29987.63,0.131,Fully Funded
SAV-04180,CUST-04180,1047.6,103149.68,0.1599,Fully Funded
SAV-04181,CUST-04181,934.2,56892.78,0.1827,Fully Funded
SAV-04182,CUST-04182,383.06,21389.94,0.094,Fully Funded
SAV-04183,CUST-04183,1493.53,121546.46,0.2225,Fully Funded
SAV-04184,CUST-04184,623.22,32896.01,0.0778,Partially Funded
SAV-04185,CUST-04185,1103.59,98166.77,0.1196,Fully Funded
SAV-04186,CUST-04186,1079.07,80718.61,0.1642,Fully Funded
SAV-04187,CUST-04187,957.3,15264.15,0.1119,Low
SAV-04188,CUST-04188,625.63,32823.35,0.1481,Fully Funded
SAV-04189,CUST-04189,1249.7,62270.88,0.2834,Fully Funded
SAV-04190,CUST-04190,687.34,25400.73,0.121,Fully Funded
SAV-04191,CUST-04191,691.57,47128.2,0.082,Fully Funded
SAV-04192,CUST-04192,2397.02,163411.53,0.2455,Fully Funded
SAV-04193,CUST-04193,971.8,80098.46,0.24,Fully Funded
SAV-04194,CUST-04194,1102.93,50299.58,0.1762,Fully Funded
SAV-04195,CUST-04195,608.53,22748.13,0.1079,Partially Funded
SAV-04196,CUST-04196,1025.7,26369.62,0.1308,Partially Funded
SAV-04197,CUST-04197,993.09,103994.47,0.1903,Fully Funded
SAV-04198,CUST-04198,961.52,36962.24,0.1629,Fully Funded
SAV-04199,CUST-04199,2011.61,87253.41,0.1453,Fully Funded
SAV-04200,CUST-04200,1345.04,77320.94,0.1035,Fully Funded
SAV-04201,CUST-04201,829.49,22104.07,0.0863,Low
SAV-04202,CUST-04202,130.63,4738.07,0.0887,Partially Funded
SAV-04203,CUST-04203,539.72,36062.03,0.1214,Fully Funded
SAV-04204,CUST-04204,45.21,3390.8,0.066,Partially Funded
SAV-04205,CUST-04205,771.75,27099.62,0.2111,Fully Funded
SAV-04206,CUST-04206,810.06,50224.38,0.1386,Fully Funded
SAV-04207,CUST-04207,713.48,62241.11,0.1566,Fully Funded
SAV-04208,CUST-04208,687.17,32202.67,0.1638,Fully Funded
SAV-04209,CUST-04209,807.61,77327.64,0.1259,Fully Funded
SAV-04210,CUST-04210,1474.1,129683.47,0.1734,Fully Funded
SAV-04211,CUST-04211,304.37,7464.01,0.0685,Low
SAV-04212,CUST-04212,1546.69,87030.29,0.1583,Fully Funded
SAV-04213,CUST-04213,1032.18,40167.33,0.1439,Fully Funded
SAV-04214,CUST-04214,1694.07,55147.22,0.2163,Fully Funded
SAV-04215,CUST-04215,401.96,14529.87,0.1558,Fully Funded
SAV-04216,CUST-04216,1762.15,121513.27,0.2671,Fully Funded
SAV-04217,CUST-04217,534.44,29515.39,0.1602,Fully Funded
SAV-04218,CUST-04218,2539.43,64755.32,0.1919,Fully Funded
SAV-04219,CUST-04219,597.75,28498.74,0.1802,Fully Funded
SAV-04220,CUST-04220,1003.27,76426.34,0.1747,Fully Funded
SAV-04221,CUST-04221,1726.56,73458.54,0.3165,Fully Funded
SAV-04222,CUST-04222,1474.24,41018.61,0.1167,Partially Funded
SAV-04223,CUST-04223,187.0,2706.94,0.1806,Partially Funded
SAV-04224,CUST-04224,1524.97,34981.54,0.2913,Fully Funded
SAV-04225,CUST-04225,171.84,16710.76,0.1509,Fully Funded
SAV-04226,CUST-04226,1254.2,29778.16,0.1515,Partially Funded
SAV-04227,CUST-04227,234.67,5150.05,0.1714,Partially Funded
SAV-04228,CUST-04228,463.25,27654.17,0.0774,Partially Funded
SAV-04229,CUST-04229,767.85,10968.89,0.2057,Partially Funded
SAV-04230,CUST-04230,126.25,8863.35,0.0357,Low
SAV-04231,CUST-04231,220.33,15292.63,0.1805,Fully Funded
SAV-04232,CUST-04232,484.78,5243.5,0.1139,Low
SAV-04233,CUST-04233,1180.99,65177.8,0.1634,Fully Funded
SAV-04234,CUST-04234,248.33,5099.43,0.0832,Low
SAV-04235,CUST-04235,2135.15,216990.8,0.2026,Fully Funded
SAV-04236,CUST-04236,677.49,17238.32,0.1412,Partially Funded
SAV-04237,CUST-04237,1195.01,84897.33,0.1568,Fully Funded
SAV-04238,CUST-04238,516.19,31322.83,0.1272,Fully Funded
SAV-04239,CUST-04239,1391.6,144166.16,0.216,Fully Funded
SAV-04240,CUST-04240,448.08,24300.42,0.0627,Partially Funded
SAV-04241,CUST-04241,1149.87,27369.58,0.1323,Partially Funded
SAV-04242,CUST-04242,1215.63,113085.14,0.2779,Fully Funded
SAV-04243,CUST-04243,550.96,33785.45,0.1267,Fully Funded
SAV-04244,CUST-04244,635.52,47327.51,0.1388,Fully Funded
SAV-04245,CUST-04245,98.86,5728.34,0.1089,Fully Funded
SAV-04246,CUST-04246,478.62,29167.86,0.0753,Partially Funded
SAV-04247,CUST-04247,1037.78,26420.92,0.1654,Partially Funded
SAV-04248,CUST-04248,154.52,9223.51,0.155,Fully Funded
SAV-04249,CUST-04249,1967.32,100088.74,0.282,Fully Funded
SAV-04250,CUST-04250,845.55,48883.38,0.0856,Fully Funded
SAV-04251,CUST-04251,1930.36,109166.5,0.1975,Fully Funded
SAV-04252,CUST-04252,493.89,24024.8,0.1871,Fully Funded
SAV-04253,CUST-04253,614.83,10183.48,0.1938,Partially Funded
SAV-04254,CUST-04254,572.73,9587.08,0.0873,Low
SAV-04255,CUST-04255,958.49,54305.46,0.1241,Fully Funded
SAV-04256,CUST-04256,657.47,42673.15,0.1226,Fully Funded
SAV-04257,CUST-04257,1420.19,50568.88,0.1669,Fully Funded
SAV-04258,CUST-04258,484.43,16599.35,0.1373,Fully Funded
SAV-04259,CUST-04259,1248.96,97259.01,0.2424,Fully Funded
SAV-04260,CUST-04260,1084.59,94683.92,0.1425,Fully Funded
SAV-04261,CUST-04261,298.86,14360.46,0.0944,Partially Funded
SAV-04262,CUST-04262,363.58,5806.08,0.0861,Low
SAV-04263,CUST-04263,811.48,25230.11,0.0951,Partially Funded
SAV-04264,CUST-04264,1375.97,98859.13,0.132,Fully Funded
SAV-04265,CUST-04265,976.44,81941.58,0.2936,Fully Funded
SAV-04266,CUST-04266,693.17,58962.75,0.1154,Fully Funded
SAV-04267,CUST-04267,758.94,17306.77,0.1375,Partially Funded
SAV-04268,CUST-04268,941.58,27037.68,0.143,Partially Funded
SAV-04269,CUST-04269,1032.14,50408.93,0.1499,Fully Funded
SAV-04270,CUST-04270,789.61,13219.04,0.129,Low
SAV-04271,CUST-04271,515.62,31512.85,0.0791,Partially Funded
SAV-04272,CUST-04272,652.66,40088.07,0.194,Fully Funded
SAV-04273,CUST-04273,1033.55,33996.17,0.2083,Fully Funded
SAV-04274,CUST-04274,390.29,31362.04,0.0864,Fully Funded
SAV-04275,CUST-04275,1348.83,127117.49,0.1311,Fully Funded
SAV-04276,CUST-04276,755.5,28678.05,0.2763,Fully Funded
SAV-04277,CUST-04277,1443.32,144875.67,0.2116,Fully Funded
SAV-04278,CUST-04278,1121.71,37887.89,0.1253,Partially Funded
SAV-04279,CUST-04279,1677.2,39342.43,0.2163,Fully Funded
SAV-04280,CUST-04280,130.33,8968.17,0.0544,Partially Funded
SAV-04281,CUST-04281,1563.57,86263.46,0.2172,Fully Funded
SAV-04282,CUST-04282,2001.35,214217.53,0.2197,Fully Funded
SAV-04283,CUST-04283,746.73,44909.41,0.1342,Fully Funded
SAV-04284,CUST-04284,1765.25,61095.29,0.1972,Fully Funded
SAV-04285,CUST-04285,708.83,24873.58,0.1033,Partially Funded
SAV-04286,CUST-04286,873.32,47205.68,0.0998,Fully Funded
SAV-04287,CUST-04287,2740.57,78092.33,0.2568,Fully Funded
SAV-04288,CUST-04288,1658.41,61801.18,0.1816,Fully Funded
SAV-04289,CUST-04289,260.42,23957.31,0.1512,Fully Funded
SAV-04290,CUST-04290,501.6,45382.95,0.2249,Fully Funded
SAV-04291,CUST-04291,2442.16,206436.73,0.2227,Fully Funded
SAV-04292,CUST-04292,764.24,52319.19,0.1952,Fully Funded
SAV-04293,CUST-04293,497.08,29809.1,0.0853,Fully Funded
SAV-04294,CUST-04294,2106.33,36625.9,0.2018,Partially Funded
SAV-04295,CUST-04295,752.12,65732.4,0.1225,Fully Funded
SAV-04296,CUST-04296,2147.68,101407.98,0.265,Fully Funded
SAV-04297,CUST-04297,380.62,6307.15,0.1853,Partially Funded
SAV-04298,CUST-04298,2712.52,81758.75,0.2103,Fully Funded
SAV-04299,CUST-04299,693.02,56982.0,0.0824,Fully Funded
SAV-04300,CUST-04300,1068.37,42365.44,0.1473,Fully Funded
SAV-04301,CUST-04301,1122.88,66476.42,0.1857,Fully Funded
SAV-04302,CUST-04302,586.83,46213.22,0.1473,Fully Funded
SAV-04303,CUST-04303,746.35,20131.94,0.097,Partially Funded
SAV-04304,CUST-04304,677.5,25994.12,0.1003,Partially Funded
SAV-04305,CUST-04305,1753.15,123434.57,0.1484,Fully Funded
SAV-04306,CUST-04306,383.68,20053.39,0.1323,Fully Funded
SAV-04307,CUST-04307,1290.9,26863.71,0.159,Partially Funded
SAV-04308,CUST-04308,420.66,25276.22,0.0913,Fully Funded
SAV-04309,CUST-04309,1596.4,148036.0,0.1642,Fully Funded
SAV-04310,CUST-04310,1740.52,120391.01,0.1819,Fully Funded
SAV-04311,CUST-04311,1062.3,25144.26,0.1754,Partially Funded
SAV-04312,CUST-04312,299.21,10223.14,0.1473,Fully Funded
SAV-04313,CUST-04313,1350.34,30601.62,0.1795,Partially Funded
SAV-04314,CUST-04314,1239.39,52942.68,0.1429,Fully Funded
SAV-04315,CUST-04315,92.68,4458.55,0.1238,Fully Funded
SAV-04316,CUST-04316,156.08,9231.52,0.1554,Fully Funded
SAV-04317,CUST-04317,1016.27,74508.47,0.2556,Fully Funded
SAV-04318,CUST-04318,234.25,17362.96,0.0731,Fully Funded
SAV-04319,CUST-04319,712.44,36069.25,0.1832,Fully Funded
SAV-04320,CUST-04320,1210.87,25768.68,0.1889,Partially Funded
SAV-04321,CUST-04321,463.39,13900.61,0.1393,Fully Funded
SAV-04322,CUST-04322,1052.09,93888.78,0.2196,Fully Funded
SAV-04323,CUST-04323,910.39,13416.02,0.1605,Partially Funded
SAV-04324,CUST-04324,1908.37,199798.22,0.2453,Fully Funded
SAV-04325,CUST-04325,1187.57,39977.77,0.1541,Fully Funded
SAV-04326,CUST-04326,2201.28,118215.83,0.1906,Fully Funded
SAV-04327,CUST-04327,947.45,87239.11,0.1607,Fully Funded
SAV-04328,CUST-04328,852.5,9507.67,0.1229,Low
SAV-04329,CUST-04329,194.92,15228.23,0.0583,Partially Funded
SAV-04330,CUST-04330,673.03,14578.39,0.1369,Partially Funded
SAV-04331,CUST-04331,1011.32,52894.2,0.2003,Fully Funded
SAV-04332,CUST-04332,130.6,2437.53,0.1302,Partially Funded
SAV-04333,CUST-04333,285.48,8708.21,0.0349,Low
SAV-04334,CUST-04334,474.98,44637.97,0.1248,Fully Funded
SAV-04335,CUST-04335,553.7,30242.31,0.0887,Fully Funded
SAV-04336,CUST-04336,719.57,53634.27,0.0889,Fully Funded
SAV-04337,CUST-04337,412.77,31499.72,0.1486,Fully Funded
SAV-04338,CUST-04338,751.0,48283.12,0.236,Fully Funded
SAV-04339,CUST-04339,908.05,78997.44,0.1251,Fully Funded
SAV-04340,CUST-04340,3556.34,167146.97,0.2597,Fully Funded
SAV-04341,CUST-04341,619.57,17629.84,0.1715,Fully Funded
SAV-04342,CUST-04342,759.29,63700.55,0.1335,Fully Funded
SAV-04343,CUST-04343,751.29,16890.27,0.1005,Low
SAV-04344,CUST-04344,916.47,83599.15,0.1701,Fully Funded
SAV-04345,CUST-04345,1185.87,60701.84,0.2246,Fully Funded
SAV-04346,CUST-04346,732.19,54082.83,0.1455,Fully Funded
SAV-04347,CUST-04347,1119.17,97801.36,0.2383,Fully Funded
SAV-04348,CUST-04348,2199.78,71292.74,0.224,Fully Funded
SAV-04349,CUST-04349,785.51,62683.28,0.103,Fully Funded
SAV-04350,CUST-04350,1543.92,65872.84,0.2248,Fully Funded
SAV-04351,CUST-04351,800.4,82310.32,0.1517,Fully Funded
SAV-04352,CUST-04352,51.06,663.27,0.0717,Low
SAV-04353,CUST-04353,1471.34,82731.24,0.1612,Fully Funded
SAV-04354,CUST-04354,110.59,12351.23,0.1024,Fully Funded
SAV-04355,CUST-04355,248.63,9237.29,0.0926,Partially Funded
SAV-04356,CUST-04356,760.81,49744.03,0.1564,Fully Funded
SAV-04357,CUST-04357,335.45,28516.78,0.0457,Partially Funded
SAV-04358,CUST-04358,425.35,27521.99,0.1716,Fully Funded
SAV-04359,CUST-04359,1156.64,48127.82,0.1173,Partially Funded
SAV-04360,CUST-04360,931.25,77920.35,0.1526,Fully Funded
SAV-04361,CUST-04361,626.66,51237.42,0.1269,Fully Funded
SAV-04362,CUST-04362,706.61,33143.03,0.1922,Fully Funded
SAV-04363,CUST-04363,1389.39,107465.37,0.2838,Fully Funded
SAV-04364,CUST-04364,474.78,53540.96,0.1701,Fully Funded
SAV-04365,CUST-04365,276.21,30885.45,0.1336,Fully Funded
SAV-04366,CUST-04366,2340.52,212594.91,0.1966,Fully Funded
SAV-04367,CUST-04367,919.9,30009.8,0.2212,Fully Funded
SAV-04368,CUST-04368,547.47,15448.69,0.1142,Partially Funded
SAV-04369,CUST-04369,658.88,31981.92,0.1765,Fully Funded
SAV-04370,CUST-04370,392.47,31729.62,0.0956,Fully Funded
SAV-04371,CUST-04371,849.11,39313.7,0.1363,Fully Funded
SAV-04372,CUST-04372,1059.28,58679.82,0.1626,Fully Funded
SAV-04373,CUST-04373,2057.41,108836.66,0.2003,Fully Funded
SAV-04374,CUST-04374,2032.65,121065.88,0.2603,Fully Funded
SAV-04375,CUST-04375,1469.95,169384.17,0.1789,Fully Funded
SAV-04376,CUST-04376,763.67,60083.6,0.1596,Fully Funded
SAV-04377,CUST-04377,127.41,3930.01,0.1831,Fully Funded
SAV-04378,CUST-04378,669.19,9745.16,0.1383,Low
SAV-04379,CUST-04379,722.5,23981.11,0.1395,Fully Funded
SAV-04380,CUST-04380,1434.36,84556.73,0.1607,Fully Funded
SAV-04381,CUST-04381,224.13,17334.63,0.0566,Partially Funded
SAV-04382,CUST-04382,622.52,63230.17,0.2206,Fully Funded
SAV-04383,CUST-04383,1349.93,99934.09,0.1776,Fully Funded
SAV-04384,CUST-04384,4182.13,130069.21,0.3398,Fully Funded
SAV-04385,CUST-04385,744.01,46653.89,0.1957,Fully Funded
SAV-04386,CUST-04386,348.71,26776.3,0.0653,Partially Funded
SAV-04387,CUST-04387,1948.48,48936.57,0.2617,Fully Funded
SAV-04388,CUST-04388,2300.9,55467.03,0.2252,Fully Funded
SAV-04389,CUST-04389,558.3,9128.52,0.1654,Partially Funded
SAV-04390,CUST-04390,71.44,5854.73,0.0907,Fully Funded
SAV-04391,CUST-04391,302.9,11840.41,0.0768,Partially Funded
SAV-04392,CUST-04392,1741.45,108591.78,0.1766,Fully Funded
SAV-04393,CUST-04393,1863.33,165076.58,0.1945,Fully Funded
SAV-04394,CUST-04394,1029.62,55316.19,0.2054,Fully Funded
SAV-04395,CUST-04395,628.16,34825.59,0.1932,Fully Funded
SAV-04396,CUST-04396,1077.88,104297.88,0.2656,Fully Funded
SAV-04397,CUST-04397,841.08,57795.46,0.0947,Fully Funded
SAV-04398,CUST-04398,1249.99,25403.93,0.2142,Fully Funded
SAV-04399,CUST-04399,1054.97,49073.33,0.2272,Fully Funded
SAV-04400,CUST-04400,1016.5,41866.79,0.1211,Fully Funded
SAV-04401,CUST-04401,1148.32,64503.12,0.1474,Fully Funded
SAV-04402,CUST-04402,292.25,11959.08,0.1359,Fully Funded
SAV-04403,CUST-04403,1340.43,108151.83,0.171,Fully Funded
SAV-04404,CUST-04404,96.2,3651.37,0.0976,Partially Funded
SAV-04405,CUST-04405,1230.69,63227.09,0.1991,Fully Funded
SAV-04406,CUST-04406,1708.74,23090.25,0.243,Partially Funded
SAV-04407,CUST-04407,745.05,57470.15,0.1623,Fully Funded
SAV-04408,CUST-04408,938.58,68404.15,0.1703,Fully Funded
SAV-04409,CUST-04409,940.64,18238.37,0.1926,Partially Funded
SAV-04410,CUST-04410,756.4,41889.54,0.1994,Fully Funded
SAV-04411,CUST-04411,1004.88,95054.23,0.1005,Fully Funded
SAV-04412,CUST-04412,2189.43,102773.17,0.2702,Fully Funded
SAV-04413,CUST-04413,483.92,32464.48,0.1294,Fully Funded
SAV-04414,CUST-04414,502.94,45457.91,0.1197,Fully Funded
SAV-04415,CUST-04415,461.38,23188.41,0.094,Partially Funded
SAV-04416,CUST-04416,637.31,8604.91,0.1346,Low
SAV-04417,CUST-04417,199.67,15039.57,0.1255,Fully Funded
SAV-04418,CUST-04418,598.91,60639.01,0.205,Fully Funded
SAV-04419,CUST-04419,141.0,12467.34,0.1623,Fully Funded
SAV-04420,CUST-04420,843.0,64579.2,0.1735,Fully Funded
SAV-04421,CUST-04421,1097.21,82250.35,0.1834,Fully Funded
SAV-04422,CUST-04422,1271.05,59773.26,0.1231,Fully Funded
SAV-04423,CUST-04423,738.42,33968.77,0.1095,Fully Funded
SAV-04424,CUST-04424,1330.95,73444.31,0.1537,Fully Funded
SAV-04425,CUST-04425,2156.41,75222.34,0.1561,Fully Funded
SAV-04426,CUST-04426,365.11,4440.76,0.114,Low
SAV-04427,CUST-04427,1046.79,13985.23,0.1367,Low
SAV-04428,CUST-04428,380.7,13056.71,0.1336,Partially Funded
SAV-04429,CUST-04429,315.85,11979.3,0.1032,Partially Funded
SAV-04430,CUST-04430,1048.18,79390.69,0.1761,Fully Funded
SAV-04431,CUST-04431,1098.17,34032.23,0.1644,Fully Funded
SAV-04432,CUST-04432,1166.26,85918.48,0.1382,Fully Funded
SAV-04433,CUST-04433,959.48,47560.68,0.1415,Fully Funded
SAV-04434,CUST-04434,624.02,17423.85,0.1641,Partially Funded
SAV-04435,CUST-04435,610.2,60881.62,0.1074,Fully Funded
SAV-04436,CUST-04436,554.41,19958.81,0.1042,Partially Funded
SAV-04437,CUST-04437,1250.23,129390.45,0.1817,Fully Funded
SAV-04438,CUST-04438,1943.61,150122.43,0.241,Fully Funded
SAV-04439,CUST-04439,1978.33,182333.0,0.1896,Fully Funded
SAV-04440,CUST-04440,810.98,34354.23,0.191,Fully Funded
SAV-04441,CUST-04441,892.12,84827.22,0.1297,Fully Funded
SAV-04442,CUST-04442,1253.6,122193.21,0.1631,Fully Funded
SAV-04443,CUST-04443,1674.35,118668.54,0.2247,Fully Funded
SAV-04444,CUST-04444,2230.35,54992.9,0.182,Partially Funded
SAV-04445,CUST-04445,517.01,33794.99,0.1445,Fully Funded
SAV-04446,CUST-04446,962.52,32494.91,0.2472,Fully Funded
SAV-04447,CUST-04447,592.25,6636.25,0.1552,Low
SAV-04448,CUST-04448,594.29,39867.9,0.1718,Fully Funded
SAV-04449,CUST-04449,1474.58,97799.31,0.1461,Fully Funded
SAV-04450,CUST-04450,2158.6,150401.34,0.2306,Fully Funded
SAV-04451,CUST-04451,801.75,75636.1,0.1448,Fully Funded
SAV-04452,CUST-04452,561.46,33306.47,0.1431,Fully Funded
SAV-04453,CUST-04453,1032.8,32448.14,0.1132,Partially Funded
SAV-04454,CUST-04454,1280.6,22975.77,0.1543,Partially Funded
SAV-04455,CUST-04455,659.84,72713.45,0.178,Fully Funded
SAV-04456,CUST-04456,1111.09,40561.2,0.2324,Fully Funded
SAV-04457,CUST-04457,563.62,17357.91,0.1385,Partially Funded
SAV-04458,CUST-04458,996.36,42411.82,0.1979,Fully Funded
SAV-04459,CUST-04459,1154.43,61783.97,0.1244,Fully Funded
SAV-04460,CUST-04460,838.26,34651.56,0.1487,Fully Funded
SAV-04461,CUST-04461,767.54,23824.95,0.1363,Fully Funded
SAV-04462,CUST-04462,542.06,10583.33,0.1313,Partially Funded
SAV-04463,CUST-04463,892.12,65760.64,0.2024,Fully Funded
SAV-04464,CUST-04464,600.74,48561.21,0.2381,Fully Funded
SAV-04465,CUST-04465,574.15,32572.41,0.1609,Fully Funded
SAV-04466,CUST-04466,1632.33,121802.17,0.1655,Fully Funded
SAV-04467,CUST-04467,510.33,11416.55,0.1008,Partially Funded
SAV-04468,CUST-04468,1378.8,123626.11,0.2203,Fully Funded
SAV-04469,CUST-04469,1150.07,84695.26,0.3272,Fully Funded
SAV-04470,CUST-04470,376.23,18879.82,0.0912,Partially Funded
SAV-04471,CUST-04471,1607.62,13750.1,0.2182,Low
SAV-04472,CUST-04472,745.23,42804.32,0.1481,Fully Funded
SAV-04473,CUST-04473,1334.55,81734.89,0.1839,Fully Funded
SAV-04474,CUST-04474,721.45,46088.49,0.1008,Fully Funded
SAV-04475,CUST-04475,733.77,81116.28,0.125,Fully Funded
SAV-04476,CUST-04476,1191.51,93985.95,0.2,Fully Funded
SAV-04477,CUST-04477,1382.32,110144.19,0.3065,Fully Funded
SAV-04478,CUST-04478,1628.72,69917.86,0.1395,Fully Funded
SAV-04479,CUST-04479,1379.23,72667.2,0.2405,Fully Funded
SAV-04480,CUST-04480,149.88,16964.84,0.0632,Fully Funded
SAV-04481,CUST-04481,494.67,55136.89,0.1214,Fully Funded
SAV-04482,CUST-04482,910.64,78830.1,0.1544,Fully Funded
SAV-04483,CUST-04483,1005.68,68025.08,0.1344,Fully Funded
SAV-04484,CUST-04484,1207.07,104384.8,0.1186,Fully Funded
SAV-04485,CUST-04485,826.6,75352.37,0.1094,Fully Funded
SAV-04486,CUST-04486,1142.02,82132.2,0.2859,Fully Funded
SAV-04487,CUST-04487,324.65,16803.65,0.1088,Fully Funded
SAV-04488,CUST-04488,467.24,42025.98,0.1118,Fully Funded
SAV-04489,CUST-04489,1423.94,135415.23,0.1579,Fully Funded
SAV-04490,CUST-04490,1178.63,57693.08,0.1982,Fully Funded
SAV-04491,CUST-04491,1405.17,63115.16,0.2238,Fully Funded
SAV-04492,CUST-04492,1104.84,121759.96,0.1196,Fully Funded
SAV-04493,CUST-04493,160.88,14644.78,0.051,Partially Funded
SAV-04494,CUST-04494,432.91,14027.78,0.1333,Partially Funded
SAV-04495,CUST-04495,865.38,19702.36,0.1361,Partially Funded
SAV-04496,CUST-04496,796.84,40576.43,0.0952,Fully Funded
SAV-04497,CUST-04497,890.59,44763.9,0.1443,Fully Funded
SAV-04498,CUST-04498,1324.64,21091.31,0.1674,Partially Funded
SAV-04499,CUST-04499,603.63,39929.22,0.105,Fully Funded
SAV-04500,CUST-04500,855.4,94726.83,0.1582,Fully Funded
SAV-04501,CUST-04501,506.73,35626.32,0.0923,Fully Funded
SAV-04502,CUST-04502,1770.9,78911.85,0.1625,Fully Funded
SAV-04503,CUST-04503,617.4,33809.43,0.2171,Fully Funded
SAV-04504,CUST-04504,548.37,34542.41,0.1193,Fully Funded
SAV-04505,CUST-04505,1143.54,40167.76,0.1242,Partially Funded
SAV-04506,CUST-04506,459.4,33799.46,0.119,Fully Funded
SAV-04507,CUST-04507,716.08,36942.66,0.1813,Fully Funded
SAV-04508,CUST-04508,453.49,32260.76,0.0983,Fully Funded
SAV-04509,CUST-04509,467.96,48936.35,0.1031,Fully Funded
SAV-04510,CUST-04510,983.44,113215.73,0.2147,Fully Funded
SAV-04511,CUST-04511,597.3,39863.5,0.1283,Fully Funded
SAV-04512,CUST-04512,1173.93,114677.78,0.1894,Fully Funded
SAV-04513,CUST-04513,2033.57,147041.19,0.249,Fully Funded
SAV-04514,CUST-04514,1341.32,82031.44,0.0947,Fully Funded
SAV-04515,CUST-04515,648.31,49910.53,0.2347,Fully Funded
SAV-04516,CUST-04516,1068.75,45418.59,0.195,Fully Funded
SAV-04517,CUST-04517,1504.48,138598.38,0.2049,Fully Funded
SAV-04518,CUST-04518,906.37,63156.01,0.1471,Fully Funded
SAV-04519,CUST-04519,989.69,33622.37,0.1293,Partially Funded
SAV-04520,CUST-04520,159.58,12811.39,0.1708,Fully Funded
SAV-04521,CUST-04521,824.95,10102.81,0.1199,Low
SAV-04522,CUST-04522,732.38,53315.5,0.0971,Fully Funded
SAV-04523,CUST-04523,518.28,27515.8,0.183,Fully Funded
SAV-04524,CUST-04524,1332.26,75657.03,0.1702,Fully Funded
SAV-04525,CUST-04525,244.86,3548.57,0.0711,Low
SAV-04526,CUST-04526,437.46,21124.93,0.1836,Fully Funded
SAV-04527,CUST-04527,770.92,40557.51,0.0946,Fully Funded
SAV-04528,CUST-04528,1211.13,39036.79,0.1551,Fully Funded
SAV-04529,CUST-04529,584.51,36838.88,0.1378,Fully Funded
SAV-04530,CUST-04530,1152.27,84304.72,0.2491,Fully Funded
SAV-04531,CUST-04531,508.7,22169.36,0.1324,Fully Funded
SAV-04532,CUST-04532,344.09,36061.25,0.1114,Fully Funded
SAV-04533,CUST-04533,290.79,21992.55,0.0556,Partially Funded
SAV-04534,CUST-04534,852.71,52128.17,0.1725,Fully Funded
SAV-04535,CUST-04535,2105.51,148404.57,0.2092,Fully Funded
SAV-04536,CUST-04536,706.32,40760.55,0.308,Fully Funded
SAV-04537,CUST-04537,539.15,28214.99,0.2167,Fully Funded
SAV-04538,CUST-04538,856.74,70043.9,0.1472,Fully Funded
SAV-04539,CUST-04539,826.34,74869.09,0.2124,Fully Funded
SAV-04540,CUST-04540,567.9,27276.75,0.0849,Partially Funded
SAV-04541,CUST-04541,608.41,28602.79,0.058,Partially Funded
SAV-04542,CUST-04542,1630.37,39420.07,0.2197,Fully Funded
SAV-04543,CUST-04543,783.14,55102.46,0.1025,Fully Funded
SAV-04544,CUST-04544,171.42,8936.41,0.1431,Fully Funded
SAV-04545,CUST-04545,398.55,15359.02,0.0742,Partially Funded
SAV-04546,CUST-04546,1483.53,24139.83,0.256,Fully Funded
SAV-04547,CUST-04547,952.0,99840.2,0.2548,Fully Funded
SAV-04548,CUST-04548,704.0,56307.19,0.1438,Fully Funded
SAV-04549,CUST-04549,798.15,33081.67,0.0967,Partially Funded
SAV-04550,CUST-04550,738.94,47762.5,0.1646,Fully Funded
SAV-04551,CUST-04551,1856.57,157380.7,0.3092,Fully Funded
SAV-04552,CUST-04552,1777.52,101242.38,0.161,Fully Funded
SAV-04553,CUST-04553,1326.96,53588.55,0.1681,Fully Funded
SAV-04554,CUST-04554,1036.94,30521.3,0.2017,Fully Funded
SAV-04555,CUST-04555,2305.35,168589.27,0.2091,Fully Funded
SAV-04556,CUST-04556,1179.79,88983.65,0.1975,Fully Funded
SAV-04557,CUST-04557,689.61,11517.77,0.0999,Low
SAV-04558,CUST-04558,2114.3,40003.58,0.1936,Partially Funded
SAV-04559,CUST-04559,2369.51,79438.06,0.2265,Fully Funded
SAV-04560,CUST-04560,371.13,29864.13,0.1532,Fully Funded
SAV-04561,CUST-04561,588.15,12568.09,0.1454,Partially Funded
SAV-04562,CUST-04562,821.74,10796.7,0.096,Low
SAV-04563,CUST-04563,759.11,15422.58,0.1062,Low
SAV-04564,CUST-04564,213.45,8752.06,0.1734,Fully Funded
SAV-04565,CUST-04565,2254.94,96812.07,0.2259,Fully Funded
SAV-04566,CUST-04566,434.95,28251.99,0.1335,Fully Funded
SAV-04567,CUST-04567,1303.29,50439.82,0.3208,Fully Funded
SAV-04568,CUST-04568,336.9,11821.38,0.2096,Fully Funded
SAV-04569,CUST-04569,945.22,17235.54,0.2408,Fully Funded
SAV-04570,CUST-04570,2214.47,176085.2,0.2177,Fully Funded
SAV-04571,CUST-04571,1067.87,46905.31,0.2204,Fully Funded
SAV-04572,CUST-04572,1237.6,29433.98,0.1674,Partially Funded
SAV-04573,CUST-04573,865.31,14120.53,0.1557,Partially Funded
SAV-04574,CUST-04574,685.12,41487.01,0.1004,Fully Funded
SAV-04575,CUST-04575,623.3,54652.74,0.1009,Fully Funded
SAV-04576,CUST-04576,298.2,22994.91,0.2423,Fully Funded
SAV-04577,CUST-04577,1801.51,55966.77,0.2356,Fully Funded
SAV-04578,CUST-04578,1026.25,20598.6,0.1683,Partially Funded
SAV-04579,CUST-04579,61.43,3463.31,0.1229,Fully Funded
SAV-04580,CUST-04580,759.54,35746.74,0.1192,Fully Funded
SAV-04581,CUST-04581,669.15,33827.37,0.2675,Fully Funded
SAV-04582,CUST-04582,759.94,8340.78,0.1822,Low
SAV-04583,CUST-04583,2556.94,118555.3,0.2106,Fully Funded
SAV-04584,CUST-04584,918.58,74214.41,0.1419,Fully Funded
SAV-04585,CUST-04585,570.03,42911.38,0.1581,Fully Funded
SAV-04586,CUST-04586,108.17,10918.99,0.1449,Fully Funded
SAV-04587,CUST-04587,529.81,11762.85,0.1396,Partially Funded
SAV-04588,CUST-04588,739.47,23358.03,0.1317,Partially Funded
SAV-04589,CUST-04589,1138.27,80213.4,0.1763,Fully Funded
SAV-04590,CUST-04590,754.83,24729.23,0.2426,Fully Funded
SAV-04591,CUST-04591,1422.18,98692.19,0.1859,Fully Funded
SAV-04592,CUST-04592,1343.36,122954.4,0.2141,Fully Funded
SAV-04593,CUST-04593,233.99,6065.84,0.2572,Fully Funded
SAV-04594,CUST-04594,786.92,56246.18,0.1564,Fully Funded
SAV-04595,CUST-04595,703.66,23782.1,0.3075,Fully Funded
SAV-04596,CUST-04596,968.08,18661.09,0.1517,Partially Funded
SAV-04597,CUST-04597,101.66,1567.61,0.0255,No Fund
SAV-04598,CUST-04598,1090.52,15078.84,0.2032,Partially Funded
SAV-04599,CUST-04599,833.94,12197.17,0.1773,Partially Funded
SAV-04600,CUST-04600,3525.06,249617.12,0.279,Fully Funded
SAV-04601,CUST-04601,1215.09,50835.39,0.1499,Fully Funded
SAV-04602,CUST-04602,1443.33,86332.15,0.2203,Fully Funded
SAV-04603,CUST-04603,108.17,4119.14,0.1094,Partially Funded
SAV-04604,CUST-04604,1480.78,157519.86,0.1618,Fully Funded
SAV-04605,CUST-04605,325.22,16291.83,0.1052,Fully Funded
SAV-04606,CUST-04606,600.59,37707.67,0.1665,Fully Funded
SAV-04607,CUST-04607,569.23,14329.76,0.1843,Fully Funded
SAV-04608,CUST-04608,2100.45,88259.94,0.2288,Fully Funded
SAV-04609,CUST-04609,900.38,75242.2,0.1148,Fully Funded
SAV-04610,CUST-04610,2814.62,75557.11,0.1673,Fully Funded
SAV-04611,CUST-04611,441.13,10350.62,0.2586,Fully Funded
SAV-04612,CUST-04612,490.89,43636.05,0.1463,Fully Funded
SAV-04613,CUST-04613,1390.21,73600.83,0.2095,Fully Funded
SAV-04614,CUST-04614,585.79,42827.36,0.0996,Fully Funded
SAV-04615,CUST-04615,3317.22,39072.37,0.2415,Partially Funded
SAV-04616,CUST-04616,760.08,23539.43,0.175,Fully Funded
SAV-04617,CUST-04617,1478.5,93546.69,0.1493,Fully Funded
SAV-04618,CUST-04618,508.48,38513.27,0.127,Fully Funded
SAV-04619,CUST-04619,1426.79,32916.27,0.1717,Partially Funded
SAV-04620,CUST-04620,593.54,28763.6,0.1631,Fully Funded
SAV-04621,CUST-04621,556.58,20248.4,0.1458,Fully Funded
SAV-04622,CUST-04622,2045.65,74631.63,0.2484,Fully Funded
SAV-04623,CUST-04623,945.45,77133.17,0.1793,Fully Funded
SAV-04624,CUST-04624,1219.67,37320.22,0.1609,Fully Funded
SAV-04625,CUST-04625,2827.82,83972.7,0.1919,Fully Funded
SAV-04626,CUST-04626,601.98,60924.12,0.1765,Fully Funded
SAV-04627,CUST-04627,2617.77,227382.07,0.256,Fully Funded
SAV-04628,CUST-04628,812.29,11936.1,0.1748,Partially Funded
SAV-04629,CUST-04629,1986.28,31799.14,0.2249,Partially Funded
SAV-04630,CUST-04630,268.72,24159.82,0.1098,Fully Funded
SAV-04631,CUST-04631,1288.83,73390.27,0.1344,Fully Funded
SAV-04632,CUST-04632,641.43,20352.76,0.1675,Fully Funded
SAV-04633,CUST-04633,1283.81,85122.55,0.1872,Fully Funded
SAV-04634,CUST-04634,1545.63,127369.21,0.1697,Fully Funded
SAV-04635,CUST-04635,1017.88,89357.91,0.2354,Fully Funded
SAV-04636,CUST-04636,1073.34,45968.33,0.139,Fully Funded
SAV-04637,CUST-04637,2096.53,134503.39,0.2427,Fully Funded
SAV-04638,CUST-04638,491.3,25186.02,0.154,Fully Funded
SAV-04639,CUST-04639,811.26,70434.81,0.1551,Fully Funded
SAV-04640,CUST-04640,646.1,25354.88,0.143,Fully Funded
SAV-04641,CUST-04641,425.12,32977.01,0.1093,Fully Funded
SAV-04642,CUST-04642,891.36,47478.46,0.1327,Fully Funded
SAV-04643,CUST-04643,2152.47,134593.95,0.1853,Fully Funded
SAV-04644,CUST-04644,1404.46,44505.96,0.2039,Fully Funded
SAV-04645,CUST-04645,769.03,38007.98,0.1277,Fully Funded
SAV-04646,CUST-04646,710.97,28280.34,0.1267,Fully Funded
SAV-04647,CUST-04647,775.31,34241.74,0.1481,Fully Funded
SAV-04648,CUST-04648,1141.6,39082.58,0.2424,Fully Funded
SAV-04649,CUST-04649,1344.43,18902.88,0.1832,Partially Funded
SAV-04650,CUST-04650,1256.18,51606.29,0.2328,Fully Funded
SAV-04651,CUST-04651,306.93,32219.19,0.0854,Fully Funded
SAV-04652,CUST-04652,1254.7,53360.65,0.2427,Fully Funded
SAV-04653,CUST-04653,1360.32,105602.73,0.1921,Fully Funded
SAV-04654,CUST-04654,358.84,32655.23,0.0993,Fully Funded
SAV-04655,CUST-04655,763.63,58809.22,0.13,Fully Funded
SAV-04656,CUST-04656,1021.34,16019.37,0.2102,Partially Funded
SAV-04657,CUST-04657,795.91,77942.23,0.1435,Fully Funded
SAV-04658,CUST-04658,254.6,13039.14,0.0741,Partially Funded
SAV-04659,CUST-04659,869.32,69013.43,0.127,Fully Funded
SAV-04660,CUST-04660,446.29,6357.97,0.1257,Low
SAV-04661,CUST-04661,665.45,41982.39,0.1121,Fully Funded
SAV-04662,CUST-04662,1331.28,95578.2,0.2194,Fully Funded
SAV-04663,CUST-04663,860.41,43055.61,0.2214,Fully Funded
SAV-04664,CUST-04664,1351.01,30875.76,0.2494,Fully Funded
SAV-04665,CUST-04665,851.66,80848.11,0.1034,Fully Funded
SAV-04666,CUST-04666,1274.16,91114.43,0.3045,Fully Funded
SAV-04667,CUST-04667,546.02,43719.4,0.0779,Fully Funded
SAV-04668,CUST-04668,815.48,77418.76,0.1685,Fully Funded
SAV-04669,CUST-04669,876.14,8745.2,0.1689,Low
SAV-04670,CUST-04670,1037.77,71262.34,0.1275,Fully Funded
SAV-04671,CUST-04671,898.97,70042.06,0.135,Fully Funded
SAV-04672,CUST-04672,373.03,17635.71,0.1197,Fully Funded
SAV-04673,CUST-04673,201.0,6484.68,0.0678,Low
SAV-04674,CUST-04674,893.17,67033.05,0.1314,Fully Funded
SAV-04675,CUST-04675,680.14,17213.38,0.1667,Partially Funded
SAV-04676,CUST-04676,698.32,44589.33,0.1368,Fully Funded
SAV-04677,CUST-04677,845.79,83177.12,0.1737,Fully Funded
SAV-04678,CUST-04678,1663.27,42819.61,0.2678,Fully Funded
SAV-04679,CUST-04679,835.21,27237.77,0.2281,Fully Funded
SAV-04680,CUST-04680,3619.03,225869.92,0.2663,Fully Funded
SAV-04681,CUST-04681,1772.29,143237.22,0.1543,Fully Funded
SAV-04682,CUST-04682,1048.72,40720.61,0.149,Fully Funded
SAV-04683,CUST-04683,1936.34,27100.97,0.2004,Partially Funded
SAV-04684,CUST-04684,519.29,17823.11,0.186,Fully Funded
SAV-04685,CUST-04685,656.54,11235.84,0.1384,Partially Funded
SAV-04686,CUST-04686,1193.4,25581.77,0.203,Fully Funded
SAV-04687,CUST-04687,578.17,16458.36,0.0997,Partially Funded
SAV-04688,CUST-04688,3068.47,114400.41,0.2126,Fully Funded
SAV-04689,CUST-04689,937.11,9562.55,0.1182,Low
SAV-04690,CUST-04690,1854.2,203791.59,0.1488,Fully Funded
SAV-04691,CUST-04691,1164.91,29803.13,0.2044,Fully Funded
SAV-04692,CUST-04692,878.0,83308.82,0.1196,Fully Funded
SAV-04693,CUST-04693,932.63,14882.91,0.1959,Partially Funded
SAV-04694,CUST-04694,1171.82,21300.53,0.2096,Partially Funded
SAV-04695,CUST-04695,614.57,38387.29,0.0782,Partially Funded
SAV-04696,CUST-04696,707.33,39019.88,0.1289,Fully Funded
SAV-04697,CUST-04697,1036.8,77396.56,0.1847,Fully Funded
SAV-04698,CUST-04698,747.52,60131.99,0.1306,Fully Funded
SAV-04699,CUST-04699,1600.31,150308.35,0.3039,Fully Funded
SAV-04700,CUST-04700,318.37,15508.75,0.089,Partially Funded
SAV-04701,CUST-04701,1255.0,46234.18,0.2565,Fully Funded
SAV-04702,CUST-04702,621.77,46011.37,0.0996,Fully Funded
SAV-04703,CUST-04703,866.09,41644.07,0.1449,Fully Funded
SAV-04704,CUST-04704,1488.69,28114.82,0.226,Fully Funded
SAV-04705,CUST-04705,982.48,79195.76,0.1383,Fully Funded
SAV-04706,CUST-04706,1161.38,18609.5,0.1369,Low
SAV-04707,CUST-04707,913.81,45189.39,0.1327,Fully Funded
SAV-04708,CUST-04708,2464.06,156915.12,0.1965,Fully Funded
SAV-04709,CUST-04709,837.63,11088.18,0.1463,Low
SAV-04710,CUST-04710,600.75,24281.33,0.1632,Fully Funded
SAV-04711,CUST-04711,55.45,3100.43,0.0988,Fully Funded
SAV-04712,CUST-04712,1143.89,71689.74,0.1698,Fully Funded
SAV-04713,CUST-04713,193.0,8664.11,0.134,Fully Funded
SAV-04714,CUST-04714,334.67,36333.91,0.1984,Fully Funded
SAV-04715,CUST-04715,1967.2,31042.04,0.2234,Partially Funded
SAV-04716,CUST-04716,962.33,14177.31,0.1649,Partially Funded
SAV-04717,CUST-04717,760.34,65535.39,0.3004,Fully Funded
SAV-04718,CUST-04718,230.03,26115.92,0.1844,Fully Funded
SAV-04719,CUST-04719,1488.35,72441.78,0.1141,Fully Funded
SAV-04720,CUST-04720,705.63,36983.05,0.1244,Fully Funded
SAV-04721,CUST-04721,952.05,41563.31,0.1569,Fully Funded
SAV-04722,CUST-04722,1545.96,24725.4,0.1664,Partially Funded
SAV-04723,CUST-04723,868.76,19017.77,0.2974,Fully Funded
SAV-04724,CUST-04724,1656.83,52146.89,0.215,Fully Funded
SAV-04725,CUST-04725,1220.14,69628.36,0.1902,Fully Funded
SAV-04726,CUST-04726,545.84,25532.14,0.1209,Fully Funded
SAV-04727,CUST-04727,1597.88,157086.71,0.2986,Fully Funded
SAV-04728,CUST-04728,364.32,8591.21,0.0703,Low
SAV-04729,CUST-04729,873.0,68152.51,0.2514,Fully Funded
SAV-04730,CUST-04730,3323.0,279080.44,0.2144,Fully Funded
SAV-04731,CUST-04731,4932.75,114335.68,0.2585,Fully Funded
SAV-04732,CUST-04732,1213.6,132382.38,0.1184,Fully Funded
SAV-04733,CUST-04733,720.98,11870.73,0.1162,Low
SAV-04734,CUST-04734,572.92,29592.92,0.2506,Fully Funded
SAV-04735,CUST-04735,758.85,78345.67,0.1324,Fully Funded
SAV-04736,CUST-04736,588.37,26707.74,0.1324,Fully Funded
SAV-04737,CUST-04737,1047.25,119247.68,0.1912,Fully Funded
SAV-04738,CUST-04738,2063.05,123649.8,0.1862,Fully Funded
SAV-04739,CUST-04739,1788.87,52739.06,0.1789,Fully Funded
SAV-04740,CUST-04740,3189.08,119532.78,0.219,Fully Funded
SAV-04741,CUST-04741,590.07,32603.14,0.1498,Fully Funded
SAV-04742,CUST-04742,1096.54,60249.85,0.1716,Fully Funded
SAV-04743,CUST-04743,917.79,101463.61,0.1246,Fully Funded
SAV-04744,CUST-04744,1207.65,96812.6,0.1225,Fully Funded
SAV-04745,CUST-04745,687.79,45875.98,0.1381,Fully Funded
SAV-04746,CUST-04746,1031.13,49613.81,0.1663,Fully Funded
SAV-04747,CUST-04747,1260.72,106856.25,0.1617,Fully Funded
SAV-04748,CUST-04748,401.92,30390.96,0.1224,Fully Funded
SAV-04749,CUST-04749,863.23,43869.38,0.1847,Fully Funded
SAV-04750,CUST-04750,1358.58,51265.92,0.1545,Fully Funded
SAV-04751,CUST-04751,343.5,25436.81,0.0842,Fully Funded
SAV-04752,CUST-04752,1527.68,148562.62,0.1777,Fully Funded
SAV-04753,CUST-04753,412.66,23787.67,0.1306,Fully Funded
SAV-04754,CUST-04754,771.75,89328.96,0.1377,Fully Funded
SAV-04755,CUST-04755,139.23,13516.41,0.0942,Fully Funded
SAV-04756,CUST-04756,711.32,45527.52,0.1691,Fully Funded
SAV-04757,CUST-04757,1091.36,106869.1,0.1639,Fully Funded
SAV-04758,CUST-04758,276.48,27534.83,0.1571,Fully Funded
SAV-04759,CUST-04759,564.1,46329.3,0.1895,Fully Funded
SAV-04760,CUST-04760,281.52,19733.79,0.2247,Fully Funded
SAV-04761,CUST-04761,714.37,32266.46,0.2154,Fully Funded
SAV-04762,CUST-04762,481.67,23576.81,0.139,Fully Funded
SAV-04763,CUST-04763,1739.66,183729.52,0.2547,Fully Funded
SAV-04764,CUST-04764,395.4,25335.43,0.1095,Fully Funded
SAV-04765,CUST-04765,1481.66,82636.58,0.161,Fully Funded
SAV-04766,CUST-04766,326.88,8777.88,0.0849,Low
SAV-04767,CUST-04767,716.64,24971.76,0.1447,Fully Funded
SAV-04768,CUST-04768,1403.09,36675.33,0.19,Fully Funded
SAV-04769,CUST-04769,2141.42,107168.04,0.2057,Fully Funded
SAV-04770,CUST-04770,1071.75,81450.63,0.1439,Fully Funded
SAV-04771,CUST-04771,1121.04,86177.54,0.2098,Fully Funded
SAV-04772,CUST-04772,1419.29,147585.8,0.2364,Fully Funded
SAV-04773,CUST-04773,1417.87,37241.89,0.1191,Partially Funded
SAV-04774,CUST-04774,1149.04,61424.32,0.1553,Fully Funded
SAV-04775,CUST-04775,196.67,22467.1,0.0502,Fully Funded
SAV-04776,CUST-04776,1284.27,66750.53,0.1706,Fully Funded
SAV-04777,CUST-04777,629.21,46712.52,0.1615,Fully Funded
SAV-04778,CUST-04778,804.57,12853.09,0.2014,Partially Funded
SAV-04779,CUST-04779,375.02,30412.45,0.0836,Fully Funded
SAV-04780,CUST-04780,1590.11,100016.46,0.1616,Fully Funded
SAV-04781,CUST-04781,1004.89,56007.95,0.1615,Fully Funded
SAV-04782,CUST-04782,729.76,36751.02,0.1326,Fully Funded
SAV-04783,CUST-04783,610.26,41577.1,0.1956,Fully Funded
SAV-04784,CUST-04784,592.36,23264.05,0.1351,Fully Funded
SAV-04785,CUST-04785,562.62,24261.84,0.1291,Fully Funded
SAV-04786,CUST-04786,1722.57,51441.5,0.2325,Fully Funded
SAV-04787,CUST-04787,937.06,18359.74,0.2062,Partially Funded
SAV-04788,CUST-04788,549.98,42839.5,0.0802,Fully Funded
SAV-04789,CUST-04789,1033.31,44537.72,0.1609,Fully Funded
SAV-04790,CUST-04790,659.85,30005.53,0.128,Fully Funded
SAV-04791,CUST-04791,609.38,45861.87,0.1501,Fully Funded
SAV-04792,CUST-04792,690.91,68561.36,0.1853,Fully Funded
SAV-04793,CUST-04793,544.29,23306.48,0.1121,Partially Funded
SAV-04794,CUST-04794,1204.93,113060.24,0.264,Fully Funded
SAV-04795,CUST-04795,1308.96,75545.62,0.2094,Fully Funded
SAV-04796,CUST-04796,1537.94,100471.34,0.1795,Fully Funded
SAV-04797,CUST-04797,879.09,83095.72,0.1572,Fully Funded
SAV-04798,CUST-04798,763.07,85941.47,0.1298,Fully Funded
SAV-04799,CUST-04799,897.48,73489.99,0.1718,Fully Funded
SAV-04800,CUST-04800,793.1,34527.03,0.1527,Fully Funded
SAV-04801,CUST-04801,359.55,24175.2,0.0782,Partially Funded
SAV-04802,CUST-04802,488.01,10719.73,0.0934,Low
SAV-04803,CUST-04803,803.78,40233.83,0.1168,Fully Funded
SAV-04804,CUST-04804,1703.94,130772.15,0.1483,Fully Funded
SAV-04805,CUST-04805,370.36,21954.64,0.0784,Partially Funded
SAV-04806,CUST-04806,727.5,40808.02,0.1309,Fully Funded
SAV-04807,CUST-04807,1899.44,120443.3,0.22,Fully Funded
SAV-04808,CUST-04808,1025.96,10817.13,0.1539,Low
SAV-04809,CUST-04809,577.77,38357.34,0.1207,Fully Funded
SAV-04810,CUST-04810,787.91,35733.96,0.1617,Fully Funded
SAV-04811,CUST-04811,839.31,7734.2,0.1143,Low
SAV-04812,CUST-04812,191.53,3151.17,0.2404,Partially Funded
SAV-04813,CUST-04813,807.11,55019.63,0.2363,Fully Funded
SAV-04814,CUST-04814,858.03,67261.68,0.1586,Fully Funded
SAV-04815,CUST-04815,686.91,41676.87,0.1317,Fully Funded
SAV-04816,CUST-04816,145.64,3702.51,0.0747,Low
SAV-04817,CUST-04817,504.07,29994.07,0.0958,Fully Funded
SAV-04818,CUST-04818,1939.09,41877.3,0.2316,Fully Funded
SAV-04819,CUST-04819,2121.47,33797.88,0.1785,Partially Funded
SAV-04820,CUST-04820,1026.82,25110.65,0.1764,Partially Funded
SAV-04821,CUST-04821,2183.0,84969.91,0.2837,Fully Funded
SAV-04822,CUST-04822,347.99,5319.8,0.2142,Partially Funded
SAV-04823,CUST-04823,1081.78,84964.51,0.2027,Fully Funded
SAV-04824,CUST-04824,775.15,71600.08,0.1638,Fully Funded
SAV-04825,CUST-04825,599.82,44624.81,0.0692,Fully Funded
SAV-04826,CUST-04826,724.93,53267.91,0.0966,Fully Funded
SAV-04827,CUST-04827,86.58,2826.07,0.0783,Partially Funded
SAV-04828,CUST-04828,1857.96,185252.93,0.1808,Fully Funded
SAV-04829,CUST-04829,629.0,8315.99,0.1817,Partially Funded
SAV-04830,CUST-04830,2122.27,159142.49,0.2139,Fully Funded
SAV-04831,CUST-04831,951.04,11474.02,0.2062,Partially Funded
SAV-04832,CUST-04832,587.54,38780.87,0.1353,Fully Funded
SAV-04833,CUST-04833,719.27,48168.67,0.1115,Fully Funded
SAV-04834,CUST-04834,430.73,18080.44,0.1555,Fully Funded
SAV-04835,CUST-04835,2506.66,75944.42,0.1975,Fully Funded
SAV-04836,CUST-04836,728.84,39428.72,0.1569,Fully Funded
SAV-04837,CUST-04837,640.96,11044.17,0.1427,Partially Funded
SAV-04838,CUST-04838,695.03,16044.59,0.1286,Partially Funded
SAV-04839,CUST-04839,679.83,19021.17,0.1788,Fully Funded
SAV-04840,CUST-04840,1041.96,87369.38,0.2436,Fully Funded
SAV-04841,CUST-04841,140.11,8368.44,0.1498,Fully Funded
SAV-04842,CUST-04842,608.29,28836.61,0.1018,Fully Funded
SAV-04843,CUST-04843,329.57,18636.96,0.228,Fully Funded
SAV-04844,CUST-04844,527.15,45431.43,0.1465,Fully Funded
SAV-04845,CUST-04845,1060.52,60492.33,0.2215,Fully Funded
SAV-04846,CUST-04846,360.98,38055.96,0.0937,Fully Funded
SAV-04847,CUST-04847,1556.58,87906.33,0.2605,Fully Funded
SAV-04848,CUST-04848,1230.08,23523.86,0.1945,Partially Funded
SAV-04849,CUST-04849,278.41,14575.0,0.079,Partially Funded
SAV-04850,CUST-04850,1073.14,56642.98,0.0774,Partially Funded
SAV-04851,CUST-04851,193.7,11265.12,0.167,Fully Funded
SAV-04852,CUST-04852,1099.94,73861.79,0.1149,Fully Funded
SAV-04853,CUST-04853,519.14,57925.8,0.0863,Fully Funded
SAV-04854,CUST-04854,624.76,17894.34,0.1696,Fully Funded
SAV-04855,CUST-04855,1016.92,65910.34,0.1407,Fully Funded
SAV-04856,CUST-04856,796.52,52918.28,0.1579,Fully Funded
SAV-04857,CUST-04857,674.85,65202.94,0.152,Fully Funded
SAV-04858,CUST-04858,496.39,19949.41,0.065,Low
SAV-04859,CUST-04859,645.99,65668.77,0.2289,Fully Funded
SAV-04860,CUST-04860,617.31,53782.32,0.1705,Fully Funded
SAV-04861,CUST-04861,787.86,9524.84,0.0955,Low
SAV-04862,CUST-04862,1263.83,125973.33,0.1378,Fully Funded
SAV-04863,CUST-04863,139.09,5821.43,0.1056,Partially Funded
SAV-04864,CUST-04864,330.43,22096.43,0.1139,Fully Funded
SAV-04865,CUST-04865,2668.08,209162.68,0.2712,Fully Funded
SAV-04866,CUST-04866,96.6,8526.49,0.1414,Fully Funded
SAV-04867,CUST-04867,2041.96,29508.65,0.2727,Partially Funded
SAV-04868,CUST-04868,1432.27,36784.89,0.1442,Partially Funded
SAV-04869,CUST-04869,775.06,32843.43,0.167,Fully Funded
SAV-04870,CUST-04870,564.79,24430.7,0.1397,Fully Funded
SAV-04871,CUST-04871,561.86,18983.93,0.1581,Fully Funded
SAV-04872,CUST-04872,738.14,37014.11,0.1571,Fully Funded
SAV-04873,CUST-04873,954.08,78959.53,0.1373,Fully Funded
SAV-04874,CUST-04874,2679.71,42345.02,0.1276,Low
SAV-04875,CUST-04875,583.26,19110.62,0.1498,Fully Funded
SAV-04876,CUST-04876,745.29,27763.81,0.1335,Fully Funded
SAV-04877,CUST-04877,1137.95,62651.04,0.1279,Fully Funded
SAV-04878,CUST-04878,540.61,45468.99,0.2078,Fully Funded
SAV-04879,CUST-04879,957.14,82049.95,0.2021,Fully Funded
SAV-04880,CUST-04880,465.93,34914.82,0.1526,Fully Funded
SAV-04881,CUST-04881,1285.66,25131.47,0.1961,Partially Funded
SAV-04882,CUST-04882,874.62,58230.12,0.1142,Fully Funded
SAV-04883,CUST-04883,1233.94,125405.66,0.1056,Fully Funded
SAV-04884,CUST-04884,734.47,23625.23,0.1676,Fully Funded
SAV-04885,CUST-04885,1540.1,103710.04,0.3501,Fully Funded
SAV-04886,CUST-04886,892.55,50315.18,0.1518,Fully Funded
SAV-04887,CUST-04887,1232.68,88931.3,0.1718,Fully Funded
SAV-04888,CUST-04888,946.37,88814.41,0.1525,Fully Funded
SAV-04889,CUST-04889,603.45,16813.51,0.1342,Partially Funded
SAV-04890,CUST-04890,966.12,79608.07,0.1871,Fully Funded
SAV-04891,CUST-04891,1320.0,78624.71,0.211,Fully Funded
SAV-04892,CUST-04892,1263.89,83220.56,0.1326,Fully Funded
SAV-04893,CUST-04893,680.24,28329.39,0.0645,Low
SAV-04894,CUST-04894,642.81,12131.55,0.182,Partially Funded
SAV-04895,CUST-04895,2022.97,107932.94,0.2718,Fully Funded
SAV-04896,CUST-04896,1243.79,63665.77,0.2232,Fully Funded
SAV-04897,CUST-04897,537.16,12623.54,0.1502,Partially Funded
SAV-04898,CUST-04898,1338.09,120216.68,0.2746,Fully Funded
SAV-04899,CUST-04899,146.54,5481.5,0.1443,Fully Funded
SAV-04900,CUST-04900,1325.82,120378.91,0.1307,Fully Funded
SAV-04901,CUST-04901,1197.92,52664.71,0.2118,Fully Funded
SAV-04902,CUST-04902,1076.92,71887.78,0.1214,Fully Funded
SAV-04903,CUST-04903,701.99,40357.71,0.1774,Fully Funded
SAV-04904,CUST-04904,548.24,10973.36,0.1582,Partially Funded
SAV-04905,CUST-04905,400.19,35506.4,0.1277,Fully Funded
SAV-04906,CUST-04906,2010.64,90152.1,0.1809,Fully Funded
SAV-04907,CUST-04907,731.5,11116.76,0.1713,Partially Funded
SAV-04908,CUST-04908,589.81,18864.1,0.2057,Fully Funded
SAV-04909,CUST-04909,226.17,19176.4,0.0965,Fully Funded
SAV-04910,CUST-04910,1653.47,72559.81,0.2271,Fully Funded
SAV-04911,CUST-04911,570.82,8902.05,0.1845,Partially Funded
SAV-04912,CUST-04912,964.05,60910.03,0.3115,Fully Funded
SAV-04913,CUST-04913,479.02,15741.58,0.146,Fully Funded
SAV-04914,CUST-04914,1808.97,121776.54,0.1782,Fully Funded
SAV-04915,CUST-04915,1236.44,94276.59,0.2557,Fully Funded
SAV-04916,CUST-04916,1867.72,61280.95,0.2363,Fully Funded
SAV-04917,CUST-04917,1022.87,75122.73,0.2083,Fully Funded
SAV-04918,CUST-04918,2525.64,115577.68,0.1795,Fully Funded
SAV-04919,CUST-04919,1574.47,24516.35,0.2829,Fully Funded
SAV-04920,CUST-04920,400.43,20729.55,0.1904,Fully Funded
SAV-04921,CUST-04921,764.45,25143.28,0.1566,Fully Funded
SAV-04922,CUST-04922,216.84,17184.74,0.2429,Fully Funded
SAV-04923,CUST-04923,1097.28,93802.15,0.1405,Fully Funded
SAV-04924,CUST-04924,624.61,41346.91,0.1344,Fully Funded
SAV-04925,CUST-04925,788.47,65879.17,0.1592,Fully Funded
SAV-04926,CUST-04926,395.07,20300.21,0.1601,Fully Funded
SAV-04927,CUST-04927,864.82,31889.43,0.2002,Fully Funded
SAV-04928,CUST-04928,1260.78,116165.12,0.2435,Fully Funded
SAV-04929,CUST-04929,367.25,7759.08,0.0985,Low
SAV-04930,CUST-04930,501.09,13993.61,0.1418,Partially Funded
SAV-04931,CUST-04931,1175.9,38513.8,0.204,Fully Funded
SAV-04932,CUST-04932,1577.11,41069.27,0.2288,Fully Funded
SAV-04933,CUST-04933,1475.5,149054.05,0.1936,Fully Funded
SAV-04934,CUST-04934,104.28,1761.7,0.1278,Low
SAV-04935,CUST-04935,521.05,18753.54,0.0926,Partially Funded
SAV-04936,CUST-04936,591.75,22764.2,0.1238,Partially Funded
SAV-04937,CUST-04937,1129.4,34681.9,0.1858,Fully Funded
SAV-04938,CUST-04938,548.79,34960.12,0.11,Fully Funded
SAV-04939,CUST-04939,584.01,18620.96,0.0998,Partially Funded
SAV-04940,CUST-04940,729.93,22676.4,0.1316,Partially Funded
SAV-04941,CUST-04941,2131.85,170783.6,0.1694,Fully Funded
SAV-04942,CUST-04942,474.69,25884.05,0.1125,Fully Funded
SAV-04943,CUST-04943,327.96,6208.67,0.0871,Low
SAV-04944,CUST-04944,762.62,11920.76,0.1626,Partially Funded
SAV-04945,CUST-04945,1077.98,64141.7,0.1459,Fully Funded
SAV-04946,CUST-04946,1359.27,39757.6,0.0924,Partially Funded
SAV-04947,CUST-04947,1203.75,65499.19,0.1547,Fully Funded
SAV-04948,CUST-04948,1712.48,35596.65,0.2226,Fully Funded
SAV-04949,CUST-04949,999.79,31921.83,0.14,Fully Funded
SAV-04950,CUST-04950,406.59,12121.09,0.1524,Partially Funded
SAV-04951,CUST-04951,924.58,58939.76,0.1472,Fully Funded
SAV-04952,CUST-04952,2258.79,96873.96,0.1495,Fully Funded
SAV-04953,CUST-04953,935.28,69613.49,0.213,Fully Funded
SAV-04954,CUST-04954,417.87,6942.64,0.0656,Low
SAV-04955,CUST-04955,656.48,10730.52,0.1174,Low
SAV-04956,CUST-04956,435.08,20465.09,0.0647,Partially Funded
SAV-04957,CUST-04957,1821.47,27591.01,0.2022,Partially Funded
SAV-04958,CUST-04958,1017.5,20884.8,0.2197,Fully Funded
SAV-04959,CUST-04959,1070.63,45527.48,0.1143,Fully Funded
SAV-04960,CUST-04960,289.52,17667.01,0.0851,Partially Funded
SAV-04961,CUST-04961,781.09,40699.31,0.1377,Fully Funded
SAV-04962,CUST-04962,194.47,19604.33,0.067,Fully Funded
SAV-04963,CUST-04963,2063.01,70593.77,0.2311,Fully Funded
SAV-04964,CUST-04964,667.35,28915.83,0.2166,Fully Funded
SAV-04965,CUST-04965,260.01,12378.01,0.1477,Fully Funded
SAV-04966,CUST-04966,258.41,21343.0,0.0624,Partially Funded
SAV-04967,CUST-04967,1775.57,165950.17,0.1914,Fully Funded
SAV-04968,CUST-04968,205.97,7644.86,0.0717,Partially Funded
SAV-04969,CUST-04969,1565.3,106133.09,0.2526,Fully Funded
SAV-04970,CUST-04970,1222.3,46788.41,0.1018,Partially Funded
SAV-04971,CUST-04971,1192.93,56152.84,0.2162,Fully Funded
SAV-04972,CUST-04972,649.9,53536.52,0.2209,Fully Funded
SAV-04973,CUST-04973,355.18,26785.03,0.0917,Fully Funded
SAV-04974,CUST-04974,432.98,38299.24,0.1143,Fully Funded
SAV-04975,CUST-04975,702.71,18204.7,0.1162,Partially Funded
SAV-04976,CUST-04976,656.6,28682.31,0.1778,Fully Funded
SAV-04977,CUST-04977,1016.4,21692.47,0.0905,Low
SAV-04978,CUST-04978,690.98,37458.36,0.1315,Fully Funded
SAV-04979,CUST-04979,855.03,27821.87,0.1895,Fully Funded
SAV-04980,CUST-04980,1397.48,116668.3,0.1377,Fully Funded
SAV-04981,CUST-04981,1333.97,49646.26,0.1859,Fully Funded
SAV-04982,CUST-04982,784.48,14218.21,0.2002,Partially Funded
SAV-04983,CUST-04983,749.46,46748.65,0.1491,Fully Funded
SAV-04984,CUST-04984,423.18,30191.97,0.1068,Fully Funded
SAV-04985,CUST-04985,356.12,34287.03,0.0795,Fully Funded
SAV-04986,CUST-04986,1525.18,111667.67,0.1514,Fully Funded
SAV-04987,CUST-04987,560.25,45081.35,0.1185,Fully Funded
SAV-04988,CUST-04988,787.3,22569.22,0.2386,Fully Funded
SAV-04989,CUST-04989,1266.55,48696.0,0.1523,Fully Funded
SAV-04990,CUST-04990,896.29,89630.11,0.2158,Fully Funded
SAV-04991,CUST-04991,316.47,9578.06,0.0729,Low
SAV-04992,CUST-04992,583.17,69354.25,0.1585,Fully Funded
SAV-04993,CUST-04993,1022.4,59697.52,0.1665,Fully Funded
SAV-04994,CUST-04994,739.26,70209.52,0.1121,Fully Funded
SAV-04995,CUST-04995,835.61,46538.47,0.1907,Fully Funded
SAV-04996,CUST-04996,965.14,85271.08,0.1829,Fully Funded
SAV-04997,CUST-04997,855.36,39758.83,0.2583,Fully Funded
SAV-04998,CUST-04998,113.67,3385.49,0.1365,Partially Funded
SAV-04999,CUST-04999,73.39,6732.47,0.1009,Fully Funded
SAV-05000,CUST-05000,1083.02,41902.74,0.2095,Fully Funded
SAV-05001,CUST-05001,809.87,54143.91,0.145,Fully Funded
SAV-05002,CUST-05002,1527.71,70398.07,0.1422,Fully Funded
SAV-05003,CUST-05003,352.0,19775.52,0.0741,Partially Funded
SAV-05004,CUST-05004,819.94,30689.18,0.1187,Partially Funded
SAV-05005,CUST-05005,630.97,67330.74,0.1071,Fully Funded
SAV-05006,CUST-05006,1217.43,26695.61,0.1686,Partially Funded
SAV-05007,CUST-05007,1348.66,19830.01,0.1916,Partially Funded
SAV-05008,CUST-05008,72.76,2980.76,0.092,Partially Funded
SAV-05009,CUST-05009,529.66,31654.06,0.0936,Fully Funded
SAV-05010,CUST-05010,1316.81,116851.69,0.1665,Fully Funded
SAV-05011,CUST-05011,543.64,19838.56,0.1862,Fully Funded
SAV-05012,CUST-05012,1609.7,109130.65,0.2141,Fully Funded
SAV-05013,CUST-05013,503.31,47990.79,0.1592,Fully Funded
SAV-05014,CUST-05014,1114.23,50493.51,0.29,Fully Funded
SAV-05015,CUST-05015,318.54,15865.86,0.181,Fully Funded
SAV-05016,CUST-05016,333.66,9965.68,0.1589,Fully Funded
SAV-05017,CUST-05017,1735.2,99365.48,0.1882,Fully Funded
SAV-05018,CUST-05018,382.21,29674.49,0.1087,Fully Funded
SAV-05019,CUST-05019,1190.97,75174.58,0.234,Fully Funded
SAV-05020,CUST-05020,351.37,34073.26,0.0973,Fully Funded
SAV-05021,CUST-05021,1055.95,85939.93,0.2272,Fully Funded
SAV-05022,CUST-05022,1552.02,105165.01,0.1556,Fully Funded
SAV-05023,CUST-05023,351.07,15676.36,0.0686,Partially Funded
SAV-05024,CUST-05024,548.8,43845.68,0.1659,Fully Funded
SAV-05025,CUST-05025,2449.5,159212.18,0.2215,Fully Funded
SAV-05026,CUST-05026,1010.22,95597.94,0.2185,Fully Funded
SAV-05027,CUST-05027,1777.91,68786.25,0.2329,Fully Funded
SAV-05028,CUST-05028,921.03,47461.91,0.2164,Fully Funded
SAV-05029,CUST-05029,376.21,7200.15,0.1235,Low
SAV-05030,CUST-05030,745.53,69684.72,0.2234,Fully Funded
SAV-05031,CUST-05031,1736.34,135104.74,0.201,Fully Funded
SAV-05032,CUST-05032,2470.72,134871.55,0.1925,Fully Funded
SAV-05033,CUST-05033,1793.01,86952.31,0.2765,Fully Funded
SAV-05034,CUST-05034,953.26,14338.36,0.1864,Partially Funded
SAV-05035,CUST-05035,317.23,8229.7,0.1389,Partially Funded
SAV-05036,CUST-05036,608.14,36275.31,0.0883,Fully Funded
SAV-05037,CUST-05037,1308.53,103007.94,0.1615,Fully Funded
SAV-05038,CUST-05038,210.94,13459.27,0.1685,Fully Funded
SAV-05039,CUST-05039,997.48,55898.34,0.1205,Fully Funded
SAV-05040,CUST-05040,916.22,24385.09,0.21,Fully Funded
SAV-05041,CUST-05041,722.27,32192.6,0.1364,Fully Funded
SAV-05042,CUST-05042,217.28,17569.79,0.1463,Fully Funded
SAV-05043,CUST-05043,867.97,86263.59,0.2201,Fully Funded
SAV-05044,CUST-05044,320.84,18534.81,0.043,Low
SAV-05045,CUST-05045,930.25,62502.9,0.1396,Fully Funded
SAV-05046,CUST-05046,1160.29,68145.67,0.2294,Fully Funded
SAV-05047,CUST-05047,1058.86,76524.36,0.256,Fully Funded
SAV-05048,CUST-05048,1866.75,55198.62,0.1981,Fully Funded
SAV-05049,CUST-05049,203.3,7966.49,0.0577,Low
SAV-05050,CUST-05050,845.29,69548.36,0.1733,Fully Funded
SAV-05051,CUST-05051,840.1,53966.22,0.0996,Fully Funded
SAV-05052,CUST-05052,1562.77,100546.39,0.1431,Fully Funded
SAV-05053,CUST-05053,716.24,75688.56,0.115,Fully Funded
SAV-05054,CUST-05054,553.53,56981.76,0.173,Fully Funded
SAV-05055,CUST-05055,1224.6,54505.87,0.1888,Fully Funded
SAV-05056,CUST-05056,116.52,13528.24,0.1433,Fully Funded
SAV-05057,CUST-05057,423.34,17868.37,0.1552,Fully Funded
SAV-05058,CUST-05058,1079.87,68776.53,0.223,Fully Funded
SAV-05059,CUST-05059,626.52,34766.83,0.1159,Fully Funded
SAV-05060,CUST-05060,1791.65,88473.16,0.1298,Fully Funded
SAV-05061,CUST-05061,1257.46,49793.11,0.2324,Fully Funded
SAV-05062,CUST-05062,876.11,70748.82,0.1007,Fully Funded
SAV-05063,CUST-05063,2608.85,111801.55,0.18,Fully Funded
SAV-05064,CUST-05064,911.29,42937.04,0.1996,Fully Funded
SAV-05065,CUST-05065,711.37,24176.87,0.219,Fully Funded
SAV-05066,CUST-05066,569.14,21536.26,0.0953,Partially Funded
SAV-05067,CUST-05067,155.9,4293.17,0.1229,Partially Funded
SAV-05068,CUST-05068,1401.93,51620.4,0.2624,Fully Funded
SAV-05069,CUST-05069,1028.1,106201.98,0.2099,Fully Funded
SAV-05070,CUST-05070,513.53,26152.93,0.1067,Fully Funded
SAV-05071,CUST-05071,763.9,12113.39,0.1978,Partially Funded
SAV-05072,CUST-05072,1775.27,45159.39,0.1972,Fully Funded
SAV-05073,CUST-05073,525.39,22934.27,0.1305,Fully Funded
SAV-05074,CUST-05074,1147.2,58973.06,0.1742,Fully Funded
SAV-05075,CUST-05075,290.05,17158.19,0.073,Partially Funded
SAV-05076,CUST-05076,480.81,22173.28,0.144,Fully Funded
SAV-05077,CUST-05077,1821.05,130332.67,0.1366,Fully Funded
SAV-05078,CUST-05078,2693.2,266098.87,0.2801,Fully Funded
SAV-05079,CUST-05079,187.33,12598.45,0.1471,Fully Funded
SAV-05080,CUST-05080,2576.99,230156.74,0.2073,Fully Funded
SAV-05081,CUST-05081,3198.98,191217.28,0.2693,Fully Funded
SAV-05082,CUST-05082,360.02,15337.74,0.0836,Partially Funded
SAV-05083,CUST-05083,903.58,29172.62,0.1614,Fully Funded
SAV-05084,CUST-05084,727.52,22884.54,0.1074,Partially Funded
SAV-05085,CUST-05085,982.79,35150.82,0.1929,Fully Funded
SAV-05086,CUST-05086,66.19,1924.39,0.1008,Partially Funded
SAV-05087,CUST-05087,549.67,36791.99,0.1226,Fully Funded
SAV-05088,CUST-05088,1225.26,32807.37,0.2208,Fully Funded
SAV-05089,CUST-05089,185.7,19340.38,0.1442,Fully Funded
SAV-05090,CUST-05090,435.64,14599.93,0.1431,Partially Funded
SAV-05091,CUST-05091,1380.26,93545.55,0.2413,Fully Funded
SAV-05092,CUST-05092,703.82,15899.06,0.1608,Partially Funded
SAV-05093,CUST-05093,2095.45,186138.91,0.2471,Fully Funded
SAV-05094,CUST-05094,496.61,35675.32,0.0721,Partially Funded
SAV-05095,CUST-05095,1042.42,27144.75,0.1854,Fully Funded
SAV-05096,CUST-05096,347.2,23654.26,0.121,Fully Funded
SAV-05097,CUST-05097,262.19,9542.4,0.0646,Low
SAV-05098,CUST-05098,1808.59,107642.25,0.1796,Fully Funded
SAV-05099,CUST-05099,725.04,27226.45,0.1748,Fully Funded
SAV-05100,CUST-05100,733.33,34121.84,0.1917,Fully Funded
SAV-05101,CUST-05101,1223.64,117032.8,0.149,Fully Funded
SAV-05102,CUST-05102,1144.42,84742.49,0.1293,Fully Funded
SAV-05103,CUST-05103,570.11,36314.31,0.1943,Fully Funded
SAV-05104,CUST-05104,1298.79,102159.54,0.2366,Fully Funded
SAV-05105,CUST-05105,299.48,9089.06,0.2062,Fully Funded
SAV-05106,CUST-05106,594.34,11635.75,0.1217,Low
SAV-05107,CUST-05107,2735.53,264744.94,0.2736,Fully Funded
SAV-05108,CUST-05108,788.03,10599.54,0.2014,Partially Funded
SAV-05109,CUST-05109,113.27,5333.1,0.1039,Fully Funded
SAV-05110,CUST-05110,530.55,20996.66,0.1007,Partially Funded
SAV-05111,CUST-05111,1518.24,73168.48,0.199,Fully Funded
SAV-05112,CUST-05112,482.08,10963.57,0.1183,Partially Funded
SAV-05113,CUST-05113,211.12,21888.68,0.0932,Fully Funded
SAV-05114,CUST-05114,983.16,40189.48,0.1669,Fully Funded
SAV-05115,CUST-05115,128.97,7606.45,0.1144,Fully Funded
SAV-05116,CUST-05116,2995.62,359895.07,0.2578,Fully Funded
SAV-05117,CUST-05117,489.39,26095.28,0.1284,Fully Funded
SAV-05118,CUST-05118,148.92,5967.21,0.1754,Fully Funded
SAV-05119,CUST-05119,829.55,27810.42,0.2282,Fully Funded
SAV-05120,CUST-05120,590.6,20593.58,0.0892,Partially Funded
SAV-05121,CUST-05121,1560.98,52827.32,0.2241,Fully Funded
SAV-05122,CUST-05122,1040.62,73378.37,0.158,Fully Funded
SAV-05123,CUST-05123,959.14,82417.85,0.2534,Fully Funded
SAV-05124,CUST-05124,836.26,25895.7,0.1256,Partially Funded
SAV-05125,CUST-05125,1380.46,53024.51,0.1556,Fully Funded
SAV-05126,CUST-05126,1515.83,122556.64,0.2214,Fully Funded
SAV-05127,CUST-05127,591.34,13998.67,0.1714,Partially Funded
SAV-05128,CUST-05128,2016.02,74617.0,0.2793,Fully Funded
SAV-05129,CUST-05129,505.47,36734.84,0.0732,Fully Funded
SAV-05130,CUST-05130,1083.61,20060.25,0.1685,Partially Funded
SAV-05131,CUST-05131,426.46,32597.14,0.1269,Fully Funded
SAV-05132,CUST-05132,136.96,8097.76,0.1808,Fully Funded
SAV-05133,CUST-05133,1734.74,38409.09,0.2452,Fully Funded
SAV-05134,CUST-05134,665.97,17547.63,0.1204,Partially Funded
SAV-05135,CUST-05135,811.13,51204.32,0.1556,Fully Funded
SAV-05136,CUST-05136,2875.12,227315.13,0.2014,Fully Funded
SAV-05137,CUST-05137,461.97,32204.01,0.1004,Fully Funded
SAV-05138,CUST-05138,927.8,59008.8,0.1878,Fully Funded
SAV-05139,CUST-05139,1118.37,83249.54,0.1451,Fully Funded
SAV-05140,CUST-05140,487.73,12248.8,0.0856,Low
SAV-05141,CUST-05141,1073.43,91374.22,0.1678,Fully Funded
SAV-05142,CUST-05142,940.52,57480.56,0.1852,Fully Funded
SAV-05143,CUST-05143,480.16,19991.38,0.1358,Fully Funded
SAV-05144,CUST-05144,584.12,39462.8,0.0986,Fully Funded
SAV-05145,CUST-05145,1044.76,66465.37,0.0769,Partially Funded
SAV-05146,CUST-05146,667.8,63418.62,0.1147,Fully Funded
SAV-05147,CUST-05147,1515.9,116481.08,0.1787,Fully Funded
SAV-05148,CUST-05148,1173.82,83810.76,0.126,Fully Funded
SAV-05149,CUST-05149,927.81,66131.43,0.1507,Fully Funded
SAV-05150,CUST-05150,562.17,13515.46,0.1068,Partially Funded
SAV-05151,CUST-05151,642.68,20756.95,0.1428,Fully Funded
SAV-05152,CUST-05152,1271.16,78126.21,0.2459,Fully Funded
SAV-05153,CUST-05153,1108.45,118088.2,0.1626,Fully Funded
SAV-05154,CUST-05154,357.38,18340.46,0.1061,Fully Funded
SAV-05155,CUST-05155,2000.49,71659.11,0.2213,Fully Funded
SAV-05156,CUST-05156,1341.17,123766.27,0.1387,Fully Funded
SAV-05157,CUST-05157,944.63,26022.84,0.171,Partially Funded
SAV-05158,CUST-05158,561.25,57129.23,0.2063,Fully Funded
SAV-05159,CUST-05159,223.84,3791.58,0.1448,Partially Funded
SAV-05160,CUST-05160,295.77,20406.6,0.0834,Fully Funded
SAV-05161,CUST-05161,852.64,31478.95,0.1413,Fully Funded
SAV-05162,CUST-05162,2022.77,52748.79,0.293,Fully Funded
SAV-05163,CUST-05163,555.17,20843.19,0.1034,Partially Funded
SAV-05164,CUST-05164,370.53,26025.43,0.1478,Fully Funded
SAV-05165,CUST-05165,2217.91,235599.02,0.2798,Fully Funded
SAV-05166,CUST-05166,798.53,44229.21,0.1225,Fully Funded
SAV-05167,CUST-05167,518.86,15847.49,0.1608,Fully Funded
SAV-05168,CUST-05168,1763.79,80957.97,0.1694,Fully Funded
SAV-05169,CUST-05169,446.84,14251.7,0.2203,Fully Funded
SAV-05170,CUST-05170,497.18,6461.25,0.1227,Low
SAV-05171,CUST-05171,905.15,13617.24,0.1193,Low
SAV-05172,CUST-05172,3292.56,388485.8,0.3168,Fully Funded
SAV-05173,CUST-05173,518.29,12197.74,0.1025,Low
SAV-05174,CUST-05174,1616.82,110867.82,0.1739,Fully Funded
SAV-05175,CUST-05175,1783.19,108411.4,0.2204,Fully Funded
SAV-05176,CUST-05176,642.36,18708.38,0.1354,Partially Funded
SAV-05177,CUST-05177,138.08,9116.49,0.0997,Fully Funded
SAV-05178,CUST-05178,154.81,7084.19,0.1117,Fully Funded
SAV-05179,CUST-05179,590.22,39537.23,0.1081,Fully Funded
SAV-05180,CUST-05180,660.11,18231.24,0.1512,Partially Funded
SAV-05181,CUST-05181,347.45,22039.29,0.1127,Fully Funded
SAV-05182,CUST-05182,1693.62,134710.05,0.1843,Fully Funded
SAV-05183,CUST-05183,623.12,37134.8,0.11,Fully Funded
SAV-05184,CUST-05184,1191.25,99250.28,0.2303,Fully Funded
SAV-05185,CUST-05185,479.63,30165.66,0.1079,Fully Funded
SAV-05186,CUST-05186,627.64,45561.97,0.2007,Fully Funded
SAV-05187,CUST-05187,541.42,57954.68,0.1363,Fully Funded
SAV-05188,CUST-05188,2119.9,134437.27,0.2154,Fully Funded
SAV-05189,CUST-05189,707.21,26129.58,0.1348,Fully Funded
SAV-05190,CUST-05190,890.56,39653.95,0.1218,Fully Funded
SAV-05191,CUST-05191,1225.21,67789.62,0.1504,Fully Funded
SAV-05192,CUST-05192,404.18,34047.99,0.1132,Fully Funded
SAV-05193,CUST-05193,640.36,20413.27,0.1165,Partially Funded
SAV-05194,CUST-05194,808.38,61231.43,0.2019,Fully Funded
SAV-05195,CUST-05195,352.73,11585.12,0.1345,Partially Funded
SAV-05196,CUST-05196,779.55,71403.26,0.1257,Fully Funded
SAV-05197,CUST-05197,276.85,16094.72,0.0693,Partially Funded
SAV-05198,CUST-05198,209.9,17910.08,0.2338,Fully Funded
SAV-05199,CUST-05199,238.95,8883.5,0.0547,Low
SAV-05200,CUST-05200,1572.52,56991.23,0.2077,Fully Funded
SAV-05201,CUST-05201,558.97,41941.2,0.1187,Fully Funded
SAV-05202,CUST-05202,779.66,61630.05,0.1241,Fully Funded
SAV-05203,CUST-05203,975.73,55233.44,0.2217,Fully Funded
SAV-05204,CUST-05204,1508.68,121172.34,0.1302,Fully Funded
SAV-05205,CUST-05205,547.4,22187.77,0.1188,Partially Funded
SAV-05206,CUST-05206,700.18,45595.55,0.1624,Fully Funded
SAV-05207,CUST-05207,802.98,60188.71,0.2609,Fully Funded
SAV-05208,CUST-05208,578.22,19464.63,0.1365,Partially Funded
SAV-05209,CUST-05209,1240.03,70307.85,0.2387,Fully Funded
SAV-05210,CUST-05210,377.09,16609.92,0.2362,Fully Funded
SAV-05211,CUST-05211,1439.49,29878.32,0.216,Fully Funded
SAV-05212,CUST-05212,1077.19,12174.3,0.1617,Low
SAV-05213,CUST-05213,1742.67,154906.64,0.1474,Fully Funded
SAV-05214,CUST-05214,1264.77,114697.69,0.2393,Fully Funded
SAV-05215,CUST-05215,804.26,17359.35,0.1426,Partially Funded
SAV-05216,CUST-05216,1390.04,56599.83,0.238,Fully Funded
SAV-05217,CUST-05217,588.62,24657.91,0.2421,Fully Funded
SAV-05218,CUST-05218,361.42,11542.6,0.0657,Low
SAV-05219,CUST-05219,830.15,21220.59,0.1384,Partially Funded
SAV-05220,CUST-05220,734.55,16625.07,0.1004,Low
SAV-05221,CUST-05221,1054.77,53158.42,0.1217,Fully Funded
SAV-05222,CUST-05222,624.48,49051.75,0.0883,Fully Funded
SAV-05223,CUST-05223,249.54,8677.11,0.0481,Low
SAV-05224,CUST-05224,131.84,10552.3,0.1397,Fully Funded
SAV-05225,CUST-05225,720.62,53050.6,0.1786,Fully Funded
SAV-05226,CUST-05226,594.57,30472.86,0.1938,Fully Funded
SAV-05227,CUST-05227,750.92,12582.69,0.1869,Partially Funded
SAV-05228,CUST-05228,744.7,15245.9,0.1729,Partially Funded
SAV-05229,CUST-05229,666.76,25974.21,0.0925,Partially Funded
SAV-05230,CUST-05230,160.45,11146.37,0.0627,Partially Funded
SAV-05231,CUST-05231,1055.0,120217.16,0.1872,Fully Funded
SAV-05232,CUST-05232,2133.28,50540.45,0.3728,Fully Funded
SAV-05233,CUST-05233,2223.8,203590.1,0.2228,Fully Funded
SAV-05234,CUST-05234,533.37,18708.98,0.0934,Partially Funded
SAV-05235,CUST-05235,225.97,15009.9,0.0586,Partially Funded
SAV-05236,CUST-05236,701.66,18524.31,0.1963,Fully Funded
SAV-05237,CUST-05237,1674.02,40495.14,0.2456,Fully Funded
SAV-05238,CUST-05238,540.3,35397.44,0.0866,Fully Funded
SAV-05239,CUST-05239,1182.97,21036.59,0.1292,Partially Funded
SAV-05240,CUST-05240,1144.41,64831.4,0.2093,Fully Funded
SAV-05241,CUST-05241,391.98,33784.57,0.1163,Fully Funded
SAV-05242,CUST-05242,1194.41,82272.93,0.1967,Fully Funded
SAV-05243,CUST-05243,2677.42,158083.19,0.1463,Fully Funded
SAV-05244,CUST-05244,967.96,26254.84,0.2309,Fully Funded
SAV-05245,CUST-05245,850.24,22732.76,0.1453,Partially Funded
SAV-05246,CUST-05246,370.15,19509.02,0.142,Fully Funded
SAV-05247,CUST-05247,698.01,35048.72,0.0896,Partially Funded
SAV-05248,CUST-05248,1145.15,20495.54,0.1661,Partially Funded
SAV-05249,CUST-05249,851.24,47807.21,0.1616,Fully Funded
SAV-05250,CUST-05250,926.11,22964.71,0.165,Partially Funded
SAV-05251,CUST-05251,1845.24,124031.36,0.1465,Fully Funded
SAV-05252,CUST-05252,2701.51,241181.09,0.2574,Fully Funded
SAV-05253,CUST-05253,407.8,15895.94,0.1729,Fully Funded
SAV-05254,CUST-05254,898.64,72350.14,0.2168,Fully Funded
SAV-05255,CUST-05255,867.28,15552.23,0.1465,Partially Funded
SAV-05256,CUST-05256,374.35,21281.54,0.1152,Fully Funded
SAV-05257,CUST-05257,2058.03,184420.56,0.233,Fully Funded
SAV-05258,CUST-05258,1237.93,85533.27,0.2131,Fully Funded
SAV-05259,CUST-05259,967.62,39885.35,0.1191,Partially Funded
SAV-05260,CUST-05260,804.64,20903.47,0.1365,Partially Funded
SAV-05261,CUST-05261,240.99,4929.39,0.044,No Fund
SAV-05262,CUST-05262,972.73,114548.27,0.1259,Fully Funded
SAV-05263,CUST-05263,427.8,24938.09,0.1464,Fully Funded
SAV-05264,CUST-05264,2494.4,105260.58,0.2975,Fully Funded
SAV-05265,CUST-05265,804.68,73324.11,0.1838,Fully Funded
SAV-05266,CUST-05266,1683.28,109981.94,0.1377,Fully Funded
SAV-05267,CUST-05267,531.7,18126.78,0.2737,Fully Funded
SAV-05268,CUST-05268,1916.2,64453.02,0.2318,Fully Funded
SAV-05269,CUST-05269,525.53,26953.49,0.1282,Fully Funded
SAV-05270,CUST-05270,505.68,14476.36,0.1746,Fully Funded
SAV-05271,CUST-05271,1509.01,161972.46,0.2071,Fully Funded
SAV-05272,CUST-05272,1298.82,71643.11,0.1603,Fully Funded
SAV-05273,CUST-05273,1984.89,17971.08,0.1636,Low
SAV-05274,CUST-05274,1579.47,104898.27,0.182,Fully Funded
SAV-05275,CUST-05275,551.85,41144.81,0.1929,Fully Funded
SAV-05276,CUST-05276,1819.52,88052.07,0.1277,Fully Funded
SAV-05277,CUST-05277,980.18,56045.44,0.221,Fully Funded
SAV-05278,CUST-05278,1769.13,75949.75,0.2632,Fully Funded
SAV-05279,CUST-05279,1521.15,25397.51,0.1869,Partially Funded
SAV-05280,CUST-05280,1245.68,37698.33,0.2215,Fully Funded
SAV-05281,CUST-05281,802.97,8475.25,0.2065,Partially Funded
SAV-05282,CUST-05282,573.04,38140.68,0.1654,Fully Funded
SAV-05283,CUST-05283,1738.25,146561.07,0.1895,Fully Funded
SAV-05284,CUST-05284,1492.58,157478.71,0.1356,Fully Funded
SAV-05285,CUST-05285,481.97,16255.1,0.0685,Low
SAV-05286,CUST-05286,2057.74,99774.14,0.1506,Fully Funded
SAV-05287,CUST-05287,385.68,14628.87,0.0894,Partially Funded
SAV-05288,CUST-05288,1009.21,74012.23,0.1389,Fully Funded
SAV-05289,CUST-05289,2096.13,150171.11,0.1926,Fully Funded
SAV-05290,CUST-05290,510.82,15372.44,0.1383,Partially Funded
SAV-05291,CUST-05291,1979.4,217289.76,0.1631,Fully Funded
SAV-05292,CUST-05292,1509.57,74631.47,0.2358,Fully Funded
SAV-05293,CUST-05293,949.94,15270.67,0.152,Low
SAV-05294,CUST-05294,436.58,18217.54,0.072,Partially Funded
SAV-05295,CUST-05295,734.12,69422.69,0.0798,Fully Funded
SAV-05296,CUST-05296,712.16,9401.82,0.1262,Low
SAV-05297,CUST-05297,330.51,7678.8,0.1042,Partially Funded
SAV-05298,CUST-05298,849.93,18482.74,0.1325,Partially Funded
SAV-05299,CUST-05299,974.77,35658.31,0.1388,Fully Funded
SAV-05300,CUST-05300,2127.84,159547.94,0.2082,Fully Funded
SAV-05301,CUST-05301,589.32,38769.01,0.1901,Fully Funded
SAV-05302,CUST-05302,1012.19,76196.43,0.2535,Fully Funded
SAV-05303,CUST-05303,691.92,59836.22,0.1254,Fully Funded
SAV-05304,CUST-05304,395.71,10264.23,0.131,Partially Funded
SAV-05305,CUST-05305,389.27,19166.64,0.0919,Partially Funded
SAV-05306,CUST-05306,2386.44,71347.51,0.2606,Fully Funded
SAV-05307,CUST-05307,1175.35,100166.0,0.204,Fully Funded
SAV-05308,CUST-05308,1012.25,61185.83,0.1747,Fully Funded
SAV-05309,CUST-05309,306.18,19521.47,0.1004,Fully Funded
SAV-05310,CUST-05310,209.8,8652.07,0.0963,Partially Funded
SAV-05311,CUST-05311,2455.64,146224.22,0.2202,Fully Funded
SAV-05312,CUST-05312,1623.08,168751.99,0.2021,Fully Funded
SAV-05313,CUST-05313,429.64,20764.67,0.0962,Partially Funded
SAV-05314,CUST-05314,1575.07,64844.95,0.2717,Fully Funded
SAV-05315,CUST-05315,761.34,69712.41,0.1353,Fully Funded
SAV-05316,CUST-05316,241.57,4953.34,0.2058,Fully Funded
SAV-05317,CUST-05317,755.37,40188.06,0.2111,Fully Funded
SAV-05318,CUST-05318,1140.4,55875.35,0.107,Fully Funded
SAV-05319,CUST-05319,437.94,10471.93,0.0768,Low
SAV-05320,CUST-05320,472.23,11154.26,0.1004,Partially Funded
SAV-05321,CUST-05321,1832.55,52561.62,0.2358,Fully Funded
SAV-05322,CUST-05322,711.09,24203.89,0.2049,Fully Funded
SAV-05323,CUST-05323,865.98,30531.47,0.0795,Partially Funded
SAV-05324,CUST-05324,1179.68,73399.49,0.1777,Fully Funded
SAV-05325,CUST-05325,185.39,4562.34,0.1543,Partially Funded
SAV-05326,CUST-05326,434.76,8921.62,0.1364,Partially Funded
SAV-05327,CUST-05327,1847.9,42489.55,0.1651,Partially Funded
SAV-05328,CUST-05328,1703.47,124993.16,0.1698,Fully Funded
SAV-05329,CUST-05329,330.12,4132.44,0.1523,Low
SAV-05330,CUST-05330,593.47,13442.56,0.1534,Partially Funded
SAV-05331,CUST-05331,775.91,70697.87,0.1157,Fully Funded
SAV-05332,CUST-05332,181.68,14495.01,0.1158,Fully Funded
SAV-05333,CUST-05333,947.55,84723.25,0.1888,Fully Funded
SAV-05334,CUST-05334,737.64,47139.61,0.2171,Fully Funded
SAV-05335,CUST-05335,1422.94,91987.87,0.2583,Fully Funded
SAV-05336,CUST-05336,2146.44,40756.46,0.2003,Partially Funded
SAV-05337,CUST-05337,1030.53,36879.05,0.1554,Fully Funded
SAV-05338,CUST-05338,110.27,5759.9,0.1103,Fully Funded
SAV-05339,CUST-05339,912.1,37765.28,0.1175,Fully Funded
SAV-05340,CUST-05340,908.68,38922.74,0.2294,Fully Funded
SAV-05341,CUST-05341,413.61,20255.86,0.1006,Fully Funded
SAV-05342,CUST-05342,688.07,71078.87,0.2405,Fully Funded
SAV-05343,CUST-05343,1483.79,98553.31,0.2373,Fully Funded
SAV-05344,CUST-05344,748.11,12828.56,0.2161,Partially Funded
SAV-05345,CUST-05345,476.31,35858.5,0.1145,Fully Funded
SAV-05346,CUST-05346,895.77,25505.43,0.131,Partially Funded
SAV-05347,CUST-05347,962.49,100351.48,0.0832,Fully Funded
SAV-05348,CUST-05348,1250.29,36441.16,0.1704,Fully Funded
SAV-05349,CUST-05349,808.25,15772.4,0.1067,Low
SAV-05350,CUST-05350,539.75,33028.45,0.1905,Fully Funded
SAV-05351,CUST-05351,604.52,9594.66,0.1251,Low
SAV-05352,CUST-05352,919.28,61345.21,0.2253,Fully Funded
SAV-05353,CUST-05353,1046.1,101941.82,0.1357,Fully Funded
SAV-05354,CUST-05354,857.15,22356.09,0.084,Low
SAV-05355,CUST-05355,916.2,24295.63,0.1582,Partially Funded
SAV-05356,CUST-05356,1039.1,46246.47,0.2563,Fully Funded
SAV-05357,CUST-05357,604.07,13376.94,0.1903,Partially Funded
SAV-05358,CUST-05358,347.34,26616.62,0.1549,Fully Funded
SAV-05359,CUST-05359,329.99,18157.52,0.1116,Fully Funded
SAV-05360,CUST-05360,1044.79,68090.56,0.1879,Fully Funded
SAV-05361,CUST-05361,2466.66,198134.63,0.2592,Fully Funded
SAV-05362,CUST-05362,435.64,29901.48,0.098,Fully Funded
SAV-05363,CUST-05363,125.76,13110.94,0.1149,Fully Funded
SAV-05364,CUST-05364,972.11,57683.31,0.1138,Fully Funded
SAV-05365,CUST-05365,170.36,12270.06,0.1628,Fully Funded
SAV-05366,CUST-05366,821.99,35998.3,0.1888,Fully Funded
SAV-05367,CUST-05367,624.01,46994.14,0.1334,Fully Funded
SAV-05368,CUST-05368,1362.7,36648.77,0.086,Low
SAV-05369,CUST-05369,270.09,21970.23,0.109,Fully Funded
SAV-05370,CUST-05370,663.13,36222.67,0.088,Partially Funded
SAV-05371,CUST-05371,44.88,3246.51,0.0898,Fully Funded
SAV-05372,CUST-05372,985.98,71632.84,0.2941,Fully Funded
SAV-05373,CUST-05373,1056.72,46442.19,0.1584,Fully Funded
SAV-05374,CUST-05374,511.97,8003.99,0.1116,Low
SAV-05375,CUST-05375,1092.65,45707.18,0.0998,Partially Funded
SAV-05376,CUST-05376,665.11,51158.44,0.1147,Fully Funded
SAV-05377,CUST-05377,122.6,4952.36,0.0907,Partially Funded
SAV-05378,CUST-05378,822.41,21146.46,0.1096,Partially Funded
SAV-05379,CUST-05379,940.64,50070.56,0.1076,Fully Funded
SAV-05380,CUST-05380,414.95,20339.44,0.1013,Partially Funded
SAV-05381,CUST-05381,837.51,59091.42,0.1499,Fully Funded
SAV-05382,CUST-05382,941.16,14180.74,0.179,Partially Funded
SAV-05383,CUST-05383,1464.55,154017.69,0.161,Fully Funded
SAV-05384,CUST-05384,1193.04,93665.57,0.1184,Fully Funded
SAV-05385,CUST-05385,1675.8,128107.79,0.1937,Fully Funded
SAV-05386,CUST-05386,690.32,57644.67,0.163,Fully Funded
SAV-05387,CUST-05387,586.2,24462.53,0.1033,Partially Funded
SAV-05388,CUST-05388,667.62,27399.2,0.112,Partially Funded
SAV-05389,CUST-05389,1431.77,80330.73,0.2443,Fully Funded
SAV-05390,CUST-05390,1057.93,62619.9,0.1966,Fully Funded
SAV-05391,CUST-05391,355.01,25994.33,0.0993,Fully Funded
SAV-05392,CUST-05392,485.2,38143.14,0.1603,Fully Funded
SAV-05393,CUST-05393,1689.58,95965.5,0.2091,Fully Funded
SAV-05394,CUST-05394,660.54,39814.92,0.1397,Fully Funded
SAV-05395,CUST-05395,907.64,99402.86,0.1589,Fully Funded
SAV-05396,CUST-05396,129.51,4338.03,0.1967,Fully Funded
SAV-05397,CUST-05397,1194.57,88530.88,0.1613,Fully Funded
SAV-05398,CUST-05398,1776.66,106885.23,0.1361,Fully Funded
SAV-05399,CUST-05399,1227.55,87791.05,0.1183,Fully Funded
SAV-05400,CUST-05400,1534.76,55564.08,0.1757,Fully Funded
SAV-05401,CUST-05401,796.05,21268.97,0.163,Partially Funded
SAV-05402,CUST-05402,469.24,13516.38,0.1341,Partially Funded
SAV-05403,CUST-05403,917.72,32663.69,0.1116,Partially Funded
SAV-05404,CUST-05404,830.42,59238.55,0.2218,Fully Funded
SAV-05405,CUST-05405,598.38,38552.34,0.1455,Fully Funded
SAV-05406,CUST-05406,301.83,29920.89,0.0784,Fully Funded
SAV-05407,CUST-05407,566.54,31817.15,0.1805,Fully Funded
SAV-05408,CUST-05408,2173.3,118429.61,0.296,Fully Funded
SAV-05409,CUST-05409,988.25,73163.89,0.1776,Fully Funded
SAV-05410,CUST-05410,478.94,30927.29,0.0768,Fully Funded
SAV-05411,CUST-05411,209.12,3424.58,0.1169,Low
SAV-05412,CUST-05412,704.54,35350.12,0.1669,Fully Funded
SAV-05413,CUST-05413,263.93,5488.04,0.144,Partially Funded
SAV-05414,CUST-05414,766.06,52046.17,0.1709,Fully Funded
SAV-05415,CUST-05415,978.54,71310.03,0.1606,Fully Funded
SAV-05416,CUST-05416,169.05,16596.41,0.1519,Fully Funded
SAV-05417,CUST-05417,748.84,12982.24,0.1012,Low
SAV-05418,CUST-05418,1218.58,72214.93,0.155,Fully Funded
SAV-05419,CUST-05419,977.09,48239.48,0.2381,Fully Funded
SAV-05420,CUST-05420,991.07,88636.26,0.1807,Fully Funded
SAV-05421,CUST-05421,535.99,14599.82,0.1557,Partially Funded
SAV-05422,CUST-05422,720.92,11361.11,0.1454,Partially Funded
SAV-05423,CUST-05423,882.18,10557.62,0.2468,Partially Funded
SAV-05424,CUST-05424,623.87,23155.88,0.0693,Partially Funded
SAV-05425,CUST-05425,916.09,13722.81,0.17,Partially Funded
SAV-05426,CUST-05426,1199.75,77765.35,0.1276,Fully Funded
SAV-05427,CUST-05427,264.22,19852.92,0.1589,Fully Funded
SAV-05428,CUST-05428,811.61,27504.68,0.1838,Fully Funded
SAV-05429,CUST-05429,782.72,53866.72,0.1935,Fully Funded
SAV-05430,CUST-05430,805.09,87299.21,0.1026,Fully Funded
SAV-05431,CUST-05431,507.44,45192.12,0.1068,Fully Funded
SAV-05432,CUST-05432,398.49,35104.8,0.0758,Fully Funded
SAV-05433,CUST-05433,566.93,36276.73,0.2252,Fully Funded
SAV-05434,CUST-05434,482.08,33582.9,0.1312,Fully Funded
SAV-05435,CUST-05435,1279.4,90520.13,0.173,Fully Funded
SAV-05436,CUST-05436,319.76,27078.23,0.0963,Fully Funded
SAV-05437,CUST-05437,1676.52,71254.81,0.2148,Fully Funded
SAV-05438,CUST-05438,344.85,11062.25,0.1037,Partially Funded
SAV-05439,CUST-05439,751.34,18346.83,0.2392,Fully Funded
SAV-05440,CUST-05440,833.36,40029.42,0.1527,Fully Funded
SAV-05441,CUST-05441,1014.95,21328.81,0.2238,Fully Funded
SAV-05442,CUST-05442,906.26,76557.44,0.3069,Fully Funded
SAV-05443,CUST-05443,1807.09,75743.53,0.1913,Fully Funded
SAV-05444,CUST-05444,380.24,4784.77,0.1363,Low
SAV-05445,CUST-05445,348.91,34490.57,0.1013,Fully Funded
SAV-05446,CUST-05446,244.49,17105.53,0.1477,Fully Funded
SAV-05447,CUST-05447,1015.85,48640.94,0.1085,Fully Funded
SAV-05448,CUST-05448,1070.44,17718.37,0.1732,Partially Funded
SAV-05449,CUST-05449,1142.68,98602.28,0.2,Fully Funded
SAV-05450,CUST-05450,764.73,15434.67,0.1255,Partially Funded
SAV-05451,CUST-05451,795.81,25797.75,0.1468,Fully Funded
SAV-05452,CUST-05452,900.77,59357.95,0.2351,Fully Funded
SAV-05453,CUST-05453,1641.86,78116.78,0.1855,Fully Funded
SAV-05454,CUST-05454,646.95,10293.93,0.1393,Partially Funded
SAV-05455,CUST-05455,549.4,17805.14,0.1177,Partially Funded
SAV-05456,CUST-05456,1396.09,145973.77,0.1617,Fully Funded
SAV-05457,CUST-05457,643.09,19151.75,0.122,Partially Funded
SAV-05458,CUST-05458,1416.53,135360.5,0.1616,Fully Funded
SAV-05459,CUST-05459,2058.18,79201.22,0.3058,Fully Funded
SAV-05460,CUST-05460,206.45,3564.07,0.1481,Partially Funded
SAV-05461,CUST-05461,344.19,13596.36,0.1261,Partially Funded
SAV-05462,CUST-05462,158.19,10328.99,0.1935,Fully Funded
SAV-05463,CUST-05463,946.52,79556.54,0.1446,Fully Funded
SAV-05464,CUST-05464,1412.84,141888.97,0.2345,Fully Funded
SAV-05465,CUST-05465,1985.99,133809.49,0.2441,Fully Funded
SAV-05466,CUST-05466,273.77,27469.4,0.1075,Fully Funded
SAV-05467,CUST-05467,773.32,41045.09,0.1292,Fully Funded
SAV-05468,CUST-05468,504.11,35648.41,0.105,Fully Funded
SAV-05469,CUST-05469,443.5,16159.66,0.097,Partially Funded
SAV-05470,CUST-05470,1178.4,20612.57,0.2476,Fully Funded
SAV-05471,CUST-05471,880.71,54160.99,0.1229,Fully Funded
SAV-05472,CUST-05472,380.54,16079.3,0.126,Fully Funded
SAV-05473,CUST-05473,948.25,45281.02,0.1673,Fully Funded
SAV-05474,CUST-05474,441.61,41635.34,0.1418,Fully Funded
SAV-05475,CUST-05475,447.95,45105.89,0.0879,Fully Funded
SAV-05476,CUST-05476,2302.38,35603.38,0.2694,Fully Funded
SAV-05477,CUST-05477,1550.78,33084.89,0.2114,Fully Funded
SAV-05478,CUST-05478,978.74,47806.97,0.1377,Fully Funded
SAV-05479,CUST-05479,1278.5,30052.63,0.2062,Fully Funded
SAV-05480,CUST-05480,761.9,61189.17,0.1005,Fully Funded
SAV-05481,CUST-05481,862.11,77428.96,0.1438,Fully Funded
SAV-05482,CUST-05482,1392.76,63810.51,0.1408,Fully Funded
SAV-05483,CUST-05483,894.96,30117.18,0.1109,Partially Funded
SAV-05484,CUST-05484,683.86,61932.99,0.132,Fully Funded
SAV-05485,CUST-05485,1599.88,72905.56,0.2542,Fully Funded
SAV-05486,CUST-05486,1270.71,89707.98,0.199,Fully Funded
SAV-05487,CUST-05487,504.76,8803.76,0.1145,Low
SAV-05488,CUST-05488,2168.36,229945.11,0.2576,Fully Funded
SAV-05489,CUST-05489,1194.86,72833.85,0.1439,Fully Funded
SAV-05490,CUST-05490,1295.36,78927.67,0.2244,Fully Funded
SAV-05491,CUST-05491,757.72,38011.18,0.1805,Fully Funded
SAV-05492,CUST-05492,716.29,43194.93,0.1461,Fully Funded
SAV-05493,CUST-05493,637.77,43748.86,0.1304,Fully Funded
SAV-05494,CUST-05494,692.99,35973.28,0.075,Partially Funded
SAV-05495,CUST-05495,981.51,19178.2,0.1752,Partially Funded
SAV-05496,CUST-05496,1421.38,27980.26,0.2099,Partially Funded
SAV-05497,CUST-05497,1018.19,94353.24,0.1833,Fully Funded
SAV-05498,CUST-05498,1926.65,138113.56,0.2111,Fully Funded
SAV-05499,CUST-05499,293.27,10616.72,0.1055,Partially Funded
SAV-05500,CUST-05500,654.55,39364.06,0.1255,Fully Funded
SAV-05501,CUST-05501,563.26,8046.59,0.0992,Low
SAV-05502,CUST-05502,1190.01,16220.83,0.1424,Low
SAV-05503,CUST-05503,2929.98,138434.0,0.188,Fully Funded
SAV-05504,CUST-05504,671.1,52864.64,0.1017,Fully Funded
SAV-05505,CUST-05505,940.31,57853.95,0.1818,Fully Funded
SAV-05506,CUST-05506,841.29,28164.68,0.2218,Fully Funded
SAV-05507,CUST-05507,941.15,87308.93,0.1806,Fully Funded
SAV-05508,CUST-05508,503.69,44894.21,0.2449,Fully Funded
SAV-05509,CUST-05509,546.77,12993.89,0.1072,Partially Funded
SAV-05510,CUST-05510,1436.3,106744.2,0.1428,Fully Funded
SAV-05511,CUST-05511,1069.94,74203.86,0.15,Fully Funded
SAV-05512,CUST-05512,706.68,54041.99,0.2434,Fully Funded
SAV-05513,CUST-05513,835.91,20461.56,0.1844,Partially Funded
SAV-05514,CUST-05514,217.95,5203.85,0.1049,Partially Funded
SAV-05515,CUST-05515,723.02,18711.28,0.1061,Partially Funded
SAV-05516,CUST-05516,383.77,31144.5,0.0707,Fully Funded
SAV-05517,CUST-05517,867.02,61772.2,0.1397,Fully Funded
SAV-05518,CUST-05518,1781.53,31923.48,0.2583,Fully Funded
SAV-05519,CUST-05519,322.18,16966.89,0.0735,Partially Funded
SAV-05520,CUST-05520,820.69,82147.59,0.1214,Fully Funded
SAV-05521,CUST-05521,969.52,74811.96,0.1542,Fully Funded
SAV-05522,CUST-05522,1394.47,75412.8,0.1127,Fully Funded
SAV-05523,CUST-05523,749.6,78615.55,0.1346,Fully Funded
SAV-05524,CUST-05524,756.69,39121.82,0.1165,Fully Funded
SAV-05525,CUST-05525,1328.54,123205.1,0.2088,Fully Funded
SAV-05526,CUST-05526,819.95,28280.88,0.1064,Partially Funded
SAV-05527,CUST-05527,1403.66,79909.32,0.1913,Fully Funded
SAV-05528,CUST-05528,598.11,44622.78,0.0737,Fully Funded
SAV-05529,CUST-05529,675.28,26413.48,0.1253,Fully Funded
SAV-05530,CUST-05530,490.95,30281.09,0.1648,Fully Funded
SAV-05531,CUST-05531,915.52,17670.59,0.129,Partially Funded
SAV-05532,CUST-05532,591.81,28271.38,0.1291,Fully Funded
SAV-05533,CUST-05533,555.41,40340.03,0.204,Fully Funded
SAV-05534,CUST-05534,946.86,65699.54,0.1337,Fully Funded
SAV-05535,CUST-05535,1468.29,83341.41,0.1861,Fully Funded
SAV-05536,CUST-05536,726.88,50404.52,0.1713,Fully Funded
SAV-05537,CUST-05537,870.08,16073.18,0.2613,Fully Funded
SAV-05538,CUST-05538,1687.54,76337.55,0.2335,Fully Funded
SAV-05539,CUST-05539,722.23,13254.21,0.0728,Low
SAV-05540,CUST-05540,340.5,22182.98,0.0853,Fully Funded
SAV-05541,CUST-05541,316.14,16692.0,0.099,Fully Funded
SAV-05542,CUST-05542,311.93,25006.64,0.2347,Fully Funded
SAV-05543,CUST-05543,279.06,5337.85,0.1192,Low
SAV-05544,CUST-05544,3359.25,142040.19,0.3233,Fully Funded
SAV-05545,CUST-05545,1315.27,92134.52,0.2049,Fully Funded
SAV-05546,CUST-05546,1138.97,32011.64,0.1382,Partially Funded
SAV-05547,CUST-05547,282.89,20750.16,0.1462,Fully Funded
SAV-05548,CUST-05548,628.98,20969.99,0.173,Fully Funded
SAV-05549,CUST-05549,398.57,33805.83,0.0866,Fully Funded
SAV-05550,CUST-05550,722.54,13017.5,0.1323,Partially Funded
SAV-05551,CUST-05551,575.69,21391.21,0.1647,Fully Funded
SAV-05552,CUST-05552,800.5,19816.22,0.1522,Partially Funded
SAV-05553,CUST-05553,1084.59,24463.01,0.1603,Partially Funded
SAV-05554,CUST-05554,139.08,8344.64,0.1278,Fully Funded
SAV-05555,CUST-05555,1807.12,25873.73,0.1928,Partially Funded
SAV-05556,CUST-05556,398.89,25303.5,0.0785,Fully Funded
SAV-05557,CUST-05557,201.97,15521.52,0.1697,Fully Funded
SAV-05558,CUST-05558,327.74,17837.33,0.0486,Low
SAV-05559,CUST-05559,213.03,17841.53,0.1827,Fully Funded
SAV-05560,CUST-05560,443.73,20160.97,0.0923,Partially Funded
SAV-05561,CUST-05561,601.7,68234.25,0.1759,Fully Funded
SAV-05562,CUST-05562,1855.61,87264.53,0.3198,Fully Funded
SAV-05563,CUST-05563,416.53,20288.11,0.1056,Fully Funded
SAV-05564,CUST-05564,384.36,8658.45,0.078,Low
SAV-05565,CUST-05565,1284.13,19474.36,0.1606,Partially Funded
SAV-05566,CUST-05566,372.47,15339.21,0.0713,Partially Funded
SAV-05567,CUST-05567,1091.54,50059.92,0.155,Fully Funded
SAV-05568,CUST-05568,1622.52,68367.41,0.1717,Fully Funded
SAV-05569,CUST-05569,653.4,39218.59,0.0819,Partially Funded
SAV-05570,CUST-05570,2400.06,57129.26,0.1977,Fully Funded
SAV-05571,CUST-05571,902.56,14368.89,0.1585,Partially Funded
SAV-05572,CUST-05572,753.24,36778.28,0.1209,Fully Funded
SAV-05573,CUST-05573,1302.16,64885.52,0.1632,Fully Funded
SAV-05574,CUST-05574,627.84,36396.9,0.1037,Fully Funded
SAV-05575,CUST-05575,323.28,23221.6,0.0758,Fully Funded
SAV-05576,CUST-05576,742.47,56542.89,0.199,Fully Funded
SAV-05577,CUST-05577,448.44,7750.23,0.0659,Low
SAV-05578,CUST-05578,1829.53,110050.7,0.1725,Fully Funded
SAV-05579,CUST-05579,581.16,41176.12,0.1501,Fully Funded
SAV-05580,CUST-05580,754.33,19599.66,0.1649,Fully Funded
SAV-05581,CUST-05581,658.43,28173.55,0.1445,Fully Funded
SAV-05582,CUST-05582,503.49,34572.79,0.0737,Partially Funded
SAV-05583,CUST-05583,1370.99,70455.48,0.1385,Fully Funded
SAV-05584,CUST-05584,1467.3,24573.12,0.1304,Low
SAV-05585,CUST-05585,268.95,29609.86,0.2008,Fully Funded
SAV-05586,CUST-05586,382.57,38757.32,0.1752,Fully Funded
SAV-05587,CUST-05587,1187.64,88680.3,0.1119,Fully Funded
SAV-05588,CUST-05588,822.73,31357.16,0.2177,Fully Funded
SAV-05589,CUST-05589,1000.65,45551.02,0.1317,Fully Funded
SAV-05590,CUST-05590,1047.15,38970.91,0.1999,Fully Funded
SAV-05591,CUST-05591,294.49,12648.51,0.168,Fully Funded
SAV-05592,CUST-05592,614.59,29557.76,0.1316,Fully Funded
SAV-05593,CUST-05593,1409.33,120629.75,0.1482,Fully Funded
SAV-05594,CUST-05594,672.08,26678.52,0.1143,Fully Funded
SAV-05595,CUST-05595,322.87,18089.43,0.0682,Partially Funded
SAV-05596,CUST-05596,1652.23,20500.92,0.1979,Partially Funded
SAV-05597,CUST-05597,1239.5,15851.83,0.2535,Partially Funded
SAV-05598,CUST-05598,1009.49,18600.3,0.2082,Partially Funded
SAV-05599,CUST-05599,540.6,44297.88,0.1093,Fully Funded
SAV-05600,CUST-05600,319.53,17194.6,0.1064,Fully Funded
SAV-05601,CUST-05601,688.38,24628.92,0.1757,Fully Funded
SAV-05602,CUST-05602,1067.25,97203.31,0.2353,Fully Funded
SAV-05603,CUST-05603,1003.71,57803.37,0.1291,Fully Funded
SAV-05604,CUST-05604,1234.1,85244.88,0.1935,Fully Funded
SAV-05605,CUST-05605,749.27,78779.23,0.1059,Fully Funded
SAV-05606,CUST-05606,1235.37,77582.47,0.2371,Fully Funded
SAV-05607,CUST-05607,293.26,5081.69,0.1057,Low
SAV-05608,CUST-05608,1461.55,133074.99,0.1737,Fully Funded
SAV-05609,CUST-05609,603.63,25988.11,0.1427,Fully Funded
SAV-05610,CUST-05610,229.87,12315.05,0.2435,Fully Funded
SAV-05611,CUST-05611,1048.04,68841.57,0.2062,Fully Funded
SAV-05612,CUST-05612,196.24,7874.56,0.073,Partially Funded
SAV-05613,CUST-05613,623.47,47415.83,0.1166,Fully Funded
SAV-05614,CUST-05614,1152.06,100721.57,0.1098,Fully Funded
SAV-05615,CUST-05615,718.12,8243.94,0.226,Partially Funded
SAV-05616,CUST-05616,1256.61,34631.39,0.1547,Partially Funded
SAV-05617,CUST-05617,576.93,12021.03,0.1462,Partially Funded
SAV-05618,CUST-05618,683.37,14958.02,0.1807,Partially Funded
SAV-05619,CUST-05619,590.18,44321.03,0.0995,Fully Funded
SAV-05620,CUST-05620,1589.38,134295.39,0.2572,Fully Funded
SAV-05621,CUST-05621,506.95,16878.29,0.1058,Partially Funded
SAV-05622,CUST-05622,900.74,67782.17,0.1616,Fully Funded
SAV-05623,CUST-05623,689.67,50818.46,0.0865,Fully Funded
SAV-05624,CUST-05624,1301.64,98388.39,0.1682,Fully Funded
SAV-05625,CUST-05625,1150.83,47142.91,0.2389,Fully Funded
SAV-05626,CUST-05626,466.52,12794.58,0.1167,Partially Funded
SAV-05627,CUST-05627,1039.45,55222.64,0.1389,Fully Funded
SAV-05628,CUST-05628,762.24,72330.64,0.2415,Fully Funded
SAV-05629,CUST-05629,1260.83,67810.01,0.1697,Fully Funded
SAV-05630,CUST-05630,563.76,36143.76,0.1335,Fully Funded
SAV-05631,CUST-05631,632.01,21710.2,0.1997,Fully Funded
SAV-05632,CUST-05632,500.6,49254.65,0.1126,Fully Funded
SAV-05633,CUST-05633,521.48,18562.27,0.1076,Partially Funded
SAV-05634,CUST-05634,898.08,33324.33,0.171,Fully Funded
SAV-05635,CUST-05635,1395.33,88916.29,0.1683,Fully Funded
SAV-05636,CUST-05636,978.4,16374.41,0.1411,Partially Funded
SAV-05637,CUST-05637,544.34,23181.58,0.0981,Partially Funded
SAV-05638,CUST-05638,815.53,79954.51,0.1164,Fully Funded
SAV-05639,CUST-05639,2451.31,189757.57,0.2444,Fully Funded
SAV-05640,CUST-05640,452.89,22264.82,0.0868,Partially Funded
SAV-05641,CUST-05641,346.56,18991.62,0.1008,Fully Funded
SAV-05642,CUST-05642,2069.04,59484.44,0.214,Fully Funded
SAV-05643,CUST-05643,1456.52,40468.1,0.2476,Fully Funded
SAV-05644,CUST-05644,413.98,9404.27,0.0835,Low
SAV-05645,CUST-05645,332.98,25438.86,0.0869,Fully Funded
SAV-05646,CUST-05646,1214.54,15445.93,0.1619,Low
SAV-05647,CUST-05647,692.42,30120.51,0.0983,Partially Funded
SAV-05648,CUST-05648,280.55,16575.39,0.0848,Fully Funded
SAV-05649,CUST-05649,313.22,23052.95,0.1494,Fully Funded
SAV-05650,CUST-05650,687.29,24372.91,0.146,Fully Funded
SAV-05651,CUST-05651,1855.58,39623.5,0.2283,Fully Funded
SAV-05652,CUST-05652,1489.32,87933.81,0.2393,Fully Funded
SAV-05653,CUST-05653,1434.53,46989.16,0.1728,Fully Funded
SAV-05654,CUST-05654,872.19,36389.96,0.1357,Fully Funded
SAV-05655,CUST-05655,1132.66,56495.98,0.2375,Fully Funded
SAV-05656,CUST-05656,682.79,56900.76,0.1467,Fully Funded
SAV-05657,CUST-05657,1223.86,77765.69,0.1282,Fully Funded
SAV-05658,CUST-05658,1350.7,143096.7,0.2729,Fully Funded
SAV-05659,CUST-05659,692.02,13924.1,0.226,Fully Funded
SAV-05660,CUST-05660,653.74,13582.5,0.1435,Partially Funded
SAV-05661,CUST-05661,1782.43,38204.06,0.2101,Fully Funded
SAV-05662,CUST-05662,196.32,7549.68,0.1307,Fully Funded
SAV-05663,CUST-05663,841.56,58864.31,0.1569,Fully Funded
SAV-05664,CUST-05664,843.92,13590.17,0.1054,Low
SAV-05665,CUST-05665,84.38,4549.76,0.149,Fully Funded
SAV-05666,CUST-05666,832.16,83806.6,0.1331,Fully Funded
SAV-05667,CUST-05667,1200.54,26651.56,0.1725,Partially Funded
SAV-05668,CUST-05668,1797.52,62974.97,0.1445,Fully Funded
SAV-05669,CUST-05669,697.02,17172.58,0.1352,Partially Funded
SAV-05670,CUST-05670,597.29,36495.64,0.0971,Fully Funded
SAV-05671,CUST-05671,619.86,14465.83,0.1651,Partially Funded
SAV-05672,CUST-05672,949.42,31715.16,0.1337,Partially Funded
SAV-05673,CUST-05673,1043.46,55355.64,0.1405,Fully Funded
SAV-05674,CUST-05674,2499.46,129720.4,0.2591,Fully Funded
SAV-05675,CUST-05675,488.38,30589.33,0.1432,Fully Funded
SAV-05676,CUST-05676,171.68,17765.9,0.1353,Fully Funded
SAV-05677,CUST-05677,687.2,48911.25,0.1065,Fully Funded
SAV-05678,CUST-05678,1361.23,32909.61,0.177,Partially Funded
SAV-05679,CUST-05679,1710.27,126819.85,0.2158,Fully Funded
SAV-05680,CUST-05680,1085.47,75097.9,0.1814,Fully Funded
SAV-05681,CUST-05681,1190.9,67013.27,0.1838,Fully Funded
SAV-05682,CUST-05682,740.72,27548.3,0.1716,Fully Funded
SAV-05683,CUST-05683,1178.69,56286.36,0.2196,Fully Funded
SAV-05684,CUST-05684,552.66,8857.02,0.1958,Partially Funded
SAV-05685,CUST-05685,1909.87,52833.56,0.2551,Fully Funded
SAV-05686,CUST-05686,1338.96,97979.86,0.136,Fully Funded
SAV-05687,CUST-05687,1442.19,52095.3,0.1007,Partially Funded
SAV-05688,CUST-05688,649.17,20339.81,0.1393,Partially Funded
SAV-05689,CUST-05689,130.88,7213.58,0.183,Fully Funded
SAV-05690,CUST-05690,482.63,43654.23,0.0906,Fully Funded
SAV-05691,CUST-05691,385.97,9723.47,0.1036,Partially Funded
SAV-05692,CUST-05692,2352.79,91936.53,0.2193,Fully Funded
SAV-05693,CUST-05693,1194.61,69002.17,0.2768,Fully Funded
SAV-05694,CUST-05694,775.39,21019.89,0.1663,Fully Funded
SAV-05695,CUST-05695,1258.16,44102.61,0.1076,Partially Funded
SAV-05696,CUST-05696,860.24,47393.43,0.1272,Fully Funded
SAV-05697,CUST-05697,996.88,74561.55,0.162,Fully Funded
SAV-05698,CUST-05698,1338.49,89486.33,0.1873,Fully Funded
SAV-05699,CUST-05699,1062.56,18560.54,0.265,Fully Funded
SAV-05700,CUST-05700,894.26,80069.64,0.1267,Fully Funded
SAV-05701,CUST-05701,293.42,13499.29,0.0885,Partially Funded
SAV-05702,CUST-05702,181.44,9821.85,0.1004,Fully Funded
SAV-05703,CUST-05703,861.49,29433.69,0.2181,Fully Funded
SAV-05704,CUST-05704,303.71,14621.37,0.0942,Partially Funded
SAV-05705,CUST-05705,588.15,26257.94,0.1108,Fully Funded
SAV-05706,CUST-05706,985.24,31756.68,0.1783,Fully Funded
SAV-05707,CUST-05707,1736.18,88744.22,0.2059,Fully Funded
SAV-05708,CUST-05708,162.08,6476.61,0.1122,Fully Funded
SAV-05709,CUST-05709,532.73,6617.6,0.1328,Low
SAV-05710,CUST-05710,420.75,18910.75,0.126,Fully Funded
SAV-05711,CUST-05711,1186.66,95933.59,0.0789,Fully Funded
SAV-05712,CUST-05712,1348.47,87928.68,0.1306,Fully Funded
SAV-05713,CUST-05713,527.77,17237.25,0.1834,Fully Funded
SAV-05714,CUST-05714,192.92,2915.88,0.1108,Low
SAV-05715,CUST-05715,897.22,80775.48,0.1271,Fully Funded
SAV-05716,CUST-05716,663.46,31220.4,0.1936,Fully Funded
SAV-05717,CUST-05717,701.49,29309.89,0.1611,Fully Funded
SAV-05718,CUST-05718,1379.18,25923.63,0.2296,Fully Funded
SAV-05719,CUST-05719,205.36,12460.84,0.2166,Fully Funded
SAV-05720,CUST-05720,457.28,24098.8,0.1317,Fully Funded
SAV-05721,CUST-05721,1198.91,47335.75,0.1711,Fully Funded
SAV-05722,CUST-05722,503.23,32188.81,0.122,Fully Funded
SAV-05723,CUST-05723,584.24,13472.39,0.1575,Partially Funded
SAV-05724,CUST-05724,186.87,21467.67,0.1574,Fully Funded
SAV-05725,CUST-05725,1959.24,219741.21,0.2001,Fully Funded
SAV-05726,CUST-05726,363.47,7241.77,0.0872,Low
SAV-05727,CUST-05727,2849.98,164340.62,0.2533,Fully Funded
SAV-05728,CUST-05728,967.18,29796.25,0.1494,Fully Funded
SAV-05729,CUST-05729,1447.79,83008.73,0.2528,Fully Funded
SAV-05730,CUST-05730,674.13,17343.06,0.1424,Partially Funded
SAV-05731,CUST-05731,1152.92,57478.81,0.1842,Fully Funded
SAV-05732,CUST-05732,637.55,44866.12,0.2495,Fully Funded
SAV-05733,CUST-05733,672.96,35322.06,0.1399,Fully Funded
SAV-05734,CUST-05734,1862.48,145804.93,0.217,Fully Funded
SAV-05735,CUST-05735,1142.69,73644.38,0.2014,Fully Funded
SAV-05736,CUST-05736,1380.3,101234.88,0.263,Fully Funded
SAV-05737,CUST-05737,382.48,15868.33,0.2338,Fully Funded
SAV-05738,CUST-05738,1041.09,24981.54,0.2465,Fully Funded
SAV-05739,CUST-05739,565.71,20690.88,0.1499,Fully Funded
SAV-05740,CUST-05740,900.74,72415.92,0.14,Fully Funded
SAV-05741,CUST-05741,946.14,88312.13,0.1137,Fully Funded
SAV-05742,CUST-05742,942.1,13646.28,0.1382,Low
SAV-05743,CUST-05743,965.31,49232.49,0.138,Fully Funded
SAV-05744,CUST-05744,998.39,57139.68,0.0911,Fully Funded
SAV-05745,CUST-05745,801.55,23121.7,0.2641,Fully Funded
SAV-05746,CUST-05746,773.61,70236.84,0.1347,Fully Funded
SAV-05747,CUST-05747,853.38,47370.24,0.1396,Fully Funded
SAV-05748,CUST-05748,175.63,13467.51,0.2015,Fully Funded
SAV-05749,CUST-05749,865.76,46162.6,0.176,Fully Funded
SAV-05750,CUST-05750,693.04,44770.69,0.1422,Fully Funded
SAV-05751,CUST-05751,475.75,9794.23,0.1314,Partially Funded
SAV-05752,CUST-05752,1751.92,28945.64,0.2379,Partially Funded
SAV-05753,CUST-05753,1777.27,76277.17,0.2279,Fully Funded
SAV-05754,CUST-05754,2384.39,31654.64,0.1497,Low
SAV-05755,CUST-05755,1521.58,73160.66,0.2835,Fully Funded
SAV-05756,CUST-05756,575.54,27916.26,0.141,Fully Funded
SAV-05757,CUST-05757,923.14,93421.36,0.1925,Fully Funded
SAV-05758,CUST-05758,195.55,13263.93,0.1367,Fully Funded
SAV-05759,CUST-05759,483.83,14752.1,0.092,Partially Funded
SAV-05760,CUST-05760,949.45,60067.08,0.1263,Fully Funded
SAV-05761,CUST-05761,925.01,69531.8,0.0953,Fully Funded
SAV-05762,CUST-05762,919.14,97098.61,0.1845,Fully Funded
SAV-05763,CUST-05763,962.98,55015.78,0.1027,Fully Funded
SAV-05764,CUST-05764,163.97,3542.64,0.0779,Low
SAV-05765,CUST-05765,1045.14,71692.83,0.1165,Fully Funded
SAV-05766,CUST-05766,1003.21,41823.93,0.1063,Partially Funded
SAV-05767,CUST-05767,1978.1,193709.37,0.2113,Fully Funded
SAV-05768,CUST-05768,2932.84,173957.27,0.1684,Fully Funded
SAV-05769,CUST-05769,1490.55,134420.6,0.194,Fully Funded
SAV-05770,CUST-05770,1382.72,32457.38,0.1311,Partially Funded
SAV-05771,CUST-05771,772.75,35700.48,0.104,Partially Funded
SAV-05772,CUST-05772,1149.51,81959.58,0.2157,Fully Funded
SAV-05773,CUST-05773,1311.24,21725.08,0.2141,Partially Funded
SAV-05774,CUST-05774,616.8,61676.85,0.1393,Fully Funded
SAV-05775,CUST-05775,1050.29,51873.66,0.1572,Fully Funded
SAV-05776,CUST-05776,311.92,30391.55,0.0665,Fully Funded
SAV-05777,CUST-05777,833.58,49328.98,0.2181,Fully Funded
SAV-05778,CUST-05778,2293.26,175431.33,0.2758,Fully Funded
SAV-05779,CUST-05779,1051.25,64086.5,0.1802,Fully Funded
SAV-05780,CUST-05780,1827.11,174888.14,0.1894,Fully Funded
SAV-05781,CUST-05781,1449.08,75011.23,0.2443,Fully Funded
SAV-05782,CUST-05782,1484.6,35504.94,0.178,Fully Funded
SAV-05783,CUST-05783,1001.08,64935.52,0.0995,Fully Funded
SAV-05784,CUST-05784,1263.21,59010.27,0.1811,Fully Funded
SAV-05785,CUST-05785,698.48,62790.23,0.1655,Fully Funded
SAV-05786,CUST-05786,744.96,13452.87,0.1491,Partially Funded
SAV-05787,CUST-05787,1892.7,28126.39,0.2098,Partially Funded
SAV-05788,CUST-05788,361.24,22571.57,0.095,Fully Funded
SAV-05789,CUST-05789,1011.3,35295.49,0.1409,Fully Funded
SAV-05790,CUST-05790,925.82,32527.45,0.1427,Fully Funded
SAV-05791,CUST-05791,533.46,42443.32,0.0845,Fully Funded
SAV-05792,CUST-05792,647.1,25085.1,0.1275,Partially Funded
SAV-05793,CUST-05793,1009.91,65983.27,0.1384,Fully Funded
SAV-05794,CUST-05794,1317.01,47845.81,0.1821,Fully Funded
SAV-05795,CUST-05795,287.57,15410.63,0.0739,Partially Funded
SAV-05796,CUST-05796,251.29,18002.3,0.0754,Fully Funded
SAV-05797,CUST-05797,923.48,23789.78,0.131,Partially Funded
SAV-05798,CUST-05798,1777.56,113087.12,0.2038,Fully Funded
SAV-05799,CUST-05799,388.77,18020.21,0.0883,Partially Funded
SAV-05800,CUST-05800,1343.62,55568.22,0.1683,Fully Funded
SAV-05801,CUST-05801,1757.67,139567.85,0.2454,Fully Funded
SAV-05802,CUST-05802,591.85,14432.75,0.0716,Low
SAV-05803,CUST-05803,936.06,58757.12,0.0726,Partially Funded
SAV-05804,CUST-05804,1037.88,14525.43,0.1464,Low
SAV-05805,CUST-05805,1641.73,96087.76,0.2037,Fully Funded
SAV-05806,CUST-05806,1911.08,81786.73,0.2126,Fully Funded
SAV-05807,CUST-05807,820.72,59074.12,0.1864,Fully Funded
SAV-05808,CUST-05808,604.8,18138.09,0.0812,Low
SAV-05809,CUST-05809,1519.38,154316.09,0.1574,Fully Funded
SAV-05810,CUST-05810,504.24,24587.91,0.191,Fully Funded
SAV-05811,CUST-05811,932.86,37873.14,0.1084,Partially Funded
SAV-05812,CUST-05812,882.57,67364.58,0.1654,Fully Funded
SAV-05813,CUST-05813,64.09,5201.25,0.0938,Fully Funded
SAV-05814,CUST-05814,647.58,40668.69,0.1471,Fully Funded
SAV-05815,CUST-05815,570.19,44444.69,0.1256,Fully Funded
SAV-05816,CUST-05816,1287.77,27230.81,0.2464,Fully Funded
SAV-05817,CUST-05817,217.73,13937.61,0.1235,Fully Funded
SAV-05818,CUST-05818,299.83,9069.06,0.0788,Low
SAV-05819,CUST-05819,559.46,14997.89,0.1627,Partially Funded
SAV-05820,CUST-05820,1356.87,75973.02,0.1975,Fully Funded
SAV-05821,CUST-05821,723.28,8519.78,0.0697,No Fund
SAV-05822,CUST-05822,996.03,79271.04,0.1533,Fully Funded
SAV-05823,CUST-05823,69.58,4902.63,0.1313,Fully Funded
SAV-05824,CUST-05824,2106.65,129240.09,0.2059,Fully Funded
SAV-05825,CUST-05825,1046.42,75286.26,0.133,Fully Funded
SAV-05826,CUST-05826,1197.65,57164.84,0.1568,Fully Funded
SAV-05827,CUST-05827,524.74,53859.91,0.1394,Fully Funded
SAV-05828,CUST-05828,163.14,6419.72,0.0892,Partially Funded
SAV-05829,CUST-05829,630.2,12258.82,0.1002,Low
SAV-05830,CUST-05830,1443.89,38500.27,0.1799,Fully Funded
SAV-05831,CUST-05831,1284.64,115100.89,0.1247,Fully Funded
SAV-05832,CUST-05832,1902.46,144486.09,0.1181,Fully Funded
SAV-05833,CUST-05833,713.27,64014.62,0.1028,Fully Funded
SAV-05834,CUST-05834,958.55,64233.96,0.1418,Fully Funded
SAV-05835,CUST-05835,1349.85,35748.32,0.2503,Fully Funded
SAV-05836,CUST-05836,1049.07,27972.62,0.1343,Partially Funded
SAV-05837,CUST-05837,1156.94,53968.2,0.2315,Fully Funded
SAV-05838,CUST-05838,382.47,9355.5,0.1236,Partially Funded
SAV-05839,CUST-05839,410.31,22714.87,0.1384,Fully Funded
SAV-05840,CUST-05840,885.34,45774.45,0.1014,Fully Funded
SAV-05841,CUST-05841,938.33,22524.8,0.1251,Partially Funded
SAV-05842,CUST-05842,1682.25,48040.76,0.1888,Fully Funded
SAV-05843,CUST-05843,1110.23,37638.33,0.1746,Fully Funded
SAV-05844,CUST-05844,747.39,40009.1,0.0934,Partially Funded
SAV-05845,CUST-05845,664.93,42200.06,0.1238,Fully Funded
SAV-05846,CUST-05846,1284.42,54066.71,0.1196,Fully Funded
SAV-05847,CUST-05847,1137.95,29570.43,0.227,Fully Funded
SAV-05848,CUST-05848,1714.88,172575.75,0.1879,Fully Funded
SAV-05849,CUST-05849,403.97,12885.28,0.099,Partially Funded
SAV-05850,CUST-05850,1040.1,46597.33,0.1303,Fully Funded
SAV-05851,CUST-05851,1517.25,41046.77,0.2019,Fully Funded
SAV-05852,CUST-05852,1146.65,89235.55,0.1498,Fully Funded
SAV-05853,CUST-05853,750.42,23443.04,0.1481,Partially Funded
SAV-05854,CUST-05854,1818.21,150405.88,0.244,Fully Funded
SAV-05855,CUST-05855,542.21,35961.5,0.1363,Fully Funded
SAV-05856,CUST-05856,315.09,7291.89,0.2005,Fully Funded
SAV-05857,CUST-05857,465.37,10059.86,0.1389,Partially Funded
SAV-05858,CUST-05858,2201.69,47401.29,0.1762,Partially Funded
SAV-05859,CUST-05859,201.29,11386.85,0.1075,Fully Funded
SAV-05860,CUST-05860,1364.6,100655.68,0.1225,Fully Funded
SAV-05861,CUST-05861,731.03,71065.27,0.1242,Fully Funded
SAV-05862,CUST-05862,1245.71,108383.34,0.1578,Fully Funded
SAV-05863,CUST-05863,1112.81,45810.79,0.1292,Fully Funded
SAV-05864,CUST-05864,1178.89,59088.64,0.1697,Fully Funded
SAV-05865,CUST-05865,590.43,35011.8,0.2196,Fully Funded
SAV-05866,CUST-05866,1574.48,111652.26,0.3007,Fully Funded
SAV-05867,CUST-05867,487.6,9344.05,0.1026,Low
SAV-05868,CUST-05868,100.94,4022.68,0.0626,Low
SAV-05869,CUST-05869,387.71,10579.95,0.0699,Low
SAV-05870,CUST-05870,2049.25,136944.97,0.2975,Fully Funded
SAV-05871,CUST-05871,703.98,37476.44,0.168,Fully Funded
SAV-05872,CUST-05872,1155.62,121453.49,0.1289,Fully Funded
SAV-05873,CUST-05873,515.23,22619.05,0.0759,Partially Funded
SAV-05874,CUST-05874,580.94,17013.43,0.1197,Partially Funded
SAV-05875,CUST-05875,832.63,18824.62,0.1583,Partially Funded
SAV-05876,CUST-05876,648.41,43772.85,0.1154,Fully Funded
SAV-05877,CUST-05877,572.58,14797.0,0.1614,Partially Funded
SAV-05878,CUST-05878,770.0,37223.01,0.1134,Fully Funded
SAV-05879,CUST-05879,858.72,69551.7,0.1872,Fully Funded
SAV-05880,CUST-05880,431.1,24885.53,0.1064,Fully Funded
SAV-05881,CUST-05881,621.59,23943.38,0.2052,Fully Funded
SAV-05882,CUST-05882,586.81,37841.47,0.1032,Fully Funded
SAV-05883,CUST-05883,1054.18,58506.43,0.2524,Fully Funded
SAV-05884,CUST-05884,438.31,27280.04,0.1294,Fully Funded
SAV-05885,CUST-05885,821.65,42485.77,0.2219,Fully Funded
SAV-05886,CUST-05886,404.74,10863.86,0.1096,Partially Funded
SAV-05887,CUST-05887,316.75,17076.84,0.1712,Fully Funded
SAV-05888,CUST-05888,827.06,52452.02,0.1289,Fully Funded
SAV-05889,CUST-05889,1012.89,51520.04,0.1604,Fully Funded
SAV-05890,CUST-05890,541.83,25385.03,0.0899,Partially Funded
SAV-05891,CUST-05891,1532.4,140433.42,0.2124,Fully Funded
SAV-05892,CUST-05892,1506.01,120510.66,0.2103,Fully Funded
SAV-05893,CUST-05893,179.96,5063.41,0.1815,Fully Funded
SAV-05894,CUST-05894,1810.57,104823.94,0.1646,Fully Funded
SAV-05895,CUST-05895,1023.7,34816.9,0.1859,Fully Funded
SAV-05896,CUST-05896,637.84,38299.21,0.1819,Fully Funded
SAV-05897,CUST-05897,1202.84,21678.2,0.1974,Partially Funded
SAV-05898,CUST-05898,236.68,6531.93,0.3016,Fully Funded
SAV-05899,CUST-05899,481.27,32359.09,0.1568,Fully Funded
SAV-05900,CUST-05900,555.23,25595.36,0.1621,Fully Funded
SAV-05901,CUST-05901,1361.63,108739.87,0.1745,Fully Funded
SAV-05902,CUST-05902,3026.14,112316.4,0.2324,Fully Funded
SAV-05903,CUST-05903,537.72,16675.95,0.146,Partially Funded
SAV-05904,CUST-05904,1021.11,67174.79,0.1233,Fully Funded
SAV-05905,CUST-05905,1001.68,45458.8,0.1776,Fully Funded
SAV-05906,CUST-05906,2011.4,40011.31,0.2266,Fully Funded
SAV-05907,CUST-05907,397.75,38943.87,0.0794,Fully Funded
SAV-05908,CUST-05908,214.84,15834.61,0.0577,Partially Funded
SAV-05909,CUST-05909,883.85,24504.23,0.2418,Fully Funded
SAV-05910,CUST-05910,385.04,24425.36,0.0906,Fully Funded
SAV-05911,CUST-05911,1516.72,111803.42,0.2769,Fully Funded
SAV-05912,CUST-05912,457.26,24091.43,0.2345,Fully Funded
SAV-05913,CUST-05913,965.87,33884.07,0.1066,Partially Funded
SAV-05914,CUST-05914,746.34,63549.51,0.1102,Fully Funded
SAV-05915,CUST-05915,524.37,24270.31,0.1041,Fully Funded
SAV-05916,CUST-05916,434.4,40993.96,0.108,Fully Funded
SAV-05917,CUST-05917,924.45,45778.94,0.1668,Fully Funded
SAV-05918,CUST-05918,1158.13,52369.34,0.1797,Fully Funded
SAV-05919,CUST-05919,823.37,72070.14,0.2023,Fully Funded
SAV-05920,CUST-05920,685.74,35876.73,0.1857,Fully Funded
SAV-05921,CUST-05921,552.35,6077.49,0.1431,Low
SAV-05922,CUST-05922,464.7,10962.02,0.0808,Low
SAV-05923,CUST-05923,636.43,70215.72,0.2008,Fully Funded
SAV-05924,CUST-05924,789.89,32045.01,0.2378,Fully Funded
SAV-05925,CUST-05925,794.26,11207.48,0.1471,Low
SAV-05926,CUST-05926,664.02,15791.83,0.1705,Partially Funded
SAV-05927,CUST-05927,1098.94,115769.3,0.1314,Fully Funded
SAV-05928,CUST-05928,222.34,6788.08,0.1546,Fully Funded
SAV-05929,CUST-05929,903.78,32946.1,0.146,Fully Funded
SAV-05930,CUST-05930,1448.24,36197.41,0.1698,Partially Funded
SAV-05931,CUST-05931,1050.99,64278.69,0.2273,Fully Funded
SAV-05932,CUST-05932,138.28,5940.19,0.1336,Fully Funded
SAV-05933,CUST-05933,170.35,12276.76,0.1629,Fully Funded
SAV-05934,CUST-05934,1031.9,59962.24,0.1192,Fully Funded
SAV-05935,CUST-05935,745.4,16771.87,0.1329,Partially Funded
SAV-05936,CUST-05936,716.54,65364.18,0.2311,Fully Funded
SAV-05937,CUST-05937,981.01,35877.74,0.2064,Fully Funded
SAV-05938,CUST-05938,1111.95,26262.31,0.2179,Fully Funded
SAV-05939,CUST-05939,1860.97,133105.14,0.1709,Fully Funded
SAV-05940,CUST-05940,550.78,28526.1,0.1471,Fully Funded
SAV-05941,CUST-05941,938.61,32206.55,0.1492,Fully Funded
SAV-05942,CUST-05942,92.34,4283.61,0.1634,Fully Funded
SAV-05943,CUST-05943,1026.03,71572.43,0.1313,Fully Funded
SAV-05944,CUST-05944,942.22,86369.97,0.1253,Fully Funded
SAV-05945,CUST-05945,1054.35,51528.52,0.1995,Fully Funded
SAV-05946,CUST-05946,1663.02,60645.46,0.206,Fully Funded
SAV-05947,CUST-05947,982.09,37938.59,0.1532,Fully Funded
SAV-05948,CUST-05948,1007.35,32298.15,0.1766,Fully Funded
SAV-05949,CUST-05949,860.77,16017.77,0.211,Partially Funded
SAV-05950,CUST-05950,477.95,31206.2,0.0986,Fully Funded
SAV-05951,CUST-05951,807.04,47544.32,0.2527,Fully Funded
SAV-05952,CUST-05952,1311.94,42789.62,0.1204,Partially Funded
SAV-05953,CUST-05953,519.05,13772.19,0.2032,Fully Funded
SAV-05954,CUST-05954,699.72,18561.84,0.2635,Fully Funded
SAV-05955,CUST-05955,1591.56,18616.05,0.2114,Partially Funded
SAV-05956,CUST-05956,2703.86,135462.18,0.1549,Fully Funded
SAV-05957,CUST-05957,778.29,56918.42,0.1572,Fully Funded
SAV-05958,CUST-05958,395.22,20099.35,0.1015,Fully Funded
SAV-05959,CUST-05959,97.47,4733.46,0.0714,Partially Funded
SAV-05960,CUST-05960,983.29,42109.79,0.2029,Fully Funded
SAV-05961,CUST-05961,1387.27,69365.74,0.1764,Fully Funded
SAV-05962,CUST-05962,1005.26,47793.64,0.1278,Fully Funded
SAV-05963,CUST-05963,480.71,9854.9,0.1817,Partially Funded
SAV-05964,CUST-05964,825.55,55222.63,0.1769,Fully Funded
SAV-05965,CUST-05965,729.14,10417.15,0.1339,Low
SAV-05966,CUST-05966,1791.45,75252.17,0.1965,Fully Funded
SAV-05967,CUST-05967,1813.57,157029.64,0.1593,Fully Funded
SAV-05968,CUST-05968,620.03,6762.82,0.2456,Partially Funded
SAV-05969,CUST-05969,790.58,21757.74,0.0876,Partially Funded
SAV-05970,CUST-05970,134.2,6322.81,0.135,Fully Funded
SAV-05971,CUST-05971,1121.27,24259.49,0.184,Partially Funded
SAV-05972,CUST-05972,1332.57,96589.8,0.1596,Fully Funded
SAV-05973,CUST-05973,926.83,86877.28,0.1812,Fully Funded
SAV-05974,CUST-05974,783.85,30211.68,0.1379,Fully Funded
SAV-05975,CUST-05975,278.97,18524.35,0.0707,Partially Funded
SAV-05976,CUST-05976,1428.4,89976.47,0.2328,Fully Funded
SAV-05977,CUST-05977,849.9,32754.37,0.2265,Fully Funded
SAV-05978,CUST-05978,890.24,84190.63,0.1756,Fully Funded
SAV-05979,CUST-05979,475.18,5232.07,0.0775,No Fund
SAV-05980,CUST-05980,2744.06,189855.1,0.2573,Fully Funded
SAV-05981,CUST-05981,355.37,32567.26,0.0968,Fully Funded
SAV-05982,CUST-05982,983.7,18688.55,0.1373,Partially Funded
SAV-05983,CUST-05983,1304.94,119051.85,0.1565,Fully Funded
SAV-05984,CUST-05984,1071.43,68833.19,0.2341,Fully Funded
SAV-05985,CUST-05985,71.88,5815.34,0.1058,Fully Funded
SAV-05986,CUST-05986,1003.62,102620.38,0.1927,Fully Funded
SAV-05987,CUST-05987,983.52,11565.8,0.1649,Low
SAV-05988,CUST-05988,872.97,72021.52,0.1852,Fully Funded
SAV-05989,CUST-05989,3251.85,57191.27,0.2582,Fully Funded
SAV-05990,CUST-05990,1102.66,68038.28,0.2327,Fully Funded
SAV-05991,CUST-05991,731.98,23084.3,0.1605,Fully Funded
SAV-05992,CUST-05992,346.3,25433.99,0.0733,Fully Funded
SAV-05993,CUST-05993,1863.7,40352.03,0.2107,Fully Funded
SAV-05994,CUST-05994,1611.91,83075.29,0.149,Fully Funded
SAV-05995,CUST-05995,215.55,5652.52,0.1636,Fully Funded
SAV-05996,CUST-05996,845.37,97607.68,0.174,Fully Funded
SAV-05997,CUST-05997,392.06,8272.08,0.1105,Low
SAV-05998,CUST-05998,130.9,5617.05,0.1804,Fully Funded
SAV-05999,CUST-05999,1303.99,90216.39,0.2779,Fully Funded
SAV-06000,CUST-06000,415.56,28492.22,0.1064,Fully Funded
SAV-06001,CUST-06001,1197.22,30519.17,0.1856,Fully Funded
SAV-06002,CUST-06002,533.57,16148.59,0.1091,Partially Funded
SAV-06003,CUST-06003,608.58,23814.58,0.1426,Fully Funded
SAV-06004,CUST-06004,1198.18,67588.5,0.1874,Fully Funded
SAV-06005,CUST-06005,636.48,53126.51,0.1199,Fully Funded
SAV-06006,CUST-06006,569.31,33545.45,0.0982,Fully Funded
SAV-06007,CUST-06007,471.37,46455.38,0.1606,Fully Funded
SAV-06008,CUST-06008,757.53,44526.81,0.0891,Fully Funded
SAV-06009,CUST-06009,1093.2,65361.53,0.0937,Fully Funded
SAV-06010,CUST-06010,640.39,29279.94,0.1968,Fully Funded
SAV-06011,CUST-06011,804.37,66128.74,0.0891,Fully Funded
SAV-06012,CUST-06012,1333.23,43439.47,0.1247,Partially Funded
SAV-06013,CUST-06013,692.93,33423.71,0.1452,Fully Funded
SAV-06014,CUST-06014,905.34,78626.54,0.2047,Fully Funded
SAV-06015,CUST-06015,1784.08,69493.39,0.1742,Fully Funded
SAV-06016,CUST-06016,913.63,43584.49,0.1869,Fully Funded
SAV-06017,CUST-06017,313.45,25937.76,0.0938,Fully Funded
SAV-06018,CUST-06018,1128.4,48108.79,0.1233,Fully Funded
SAV-06019,CUST-06019,428.32,19228.98,0.0922,Partially Funded
SAV-06020,CUST-06020,920.17,62071.23,0.1828,Fully Funded
SAV-06021,CUST-06021,1115.0,51231.04,0.1291,Fully Funded
SAV-06022,CUST-06022,1583.4,54894.5,0.2188,Fully Funded
SAV-06023,CUST-06023,302.51,15291.35,0.0866,Partially Funded
SAV-06024,CUST-06024,382.74,6382.1,0.2075,Partially Funded
SAV-06025,CUST-06025,1862.11,91303.05,0.2421,Fully Funded
SAV-06026,CUST-06026,780.18,51960.35,0.2038,Fully Funded
SAV-06027,CUST-06027,1237.07,81680.27,0.2601,Fully Funded
SAV-06028,CUST-06028,1082.82,95200.1,0.1338,Fully Funded
SAV-06029,CUST-06029,617.07,17953.5,0.056,Low
SAV-06030,CUST-06030,298.9,25164.94,0.0775,Fully Funded
SAV-06031,CUST-06031,1577.06,39979.27,0.172,Fully Funded
SAV-06032,CUST-06032,556.34,36202.17,0.0838,Fully Funded
SAV-06033,CUST-06033,964.64,70205.11,0.2067,Fully Funded
SAV-06034,CUST-06034,733.27,37322.32,0.1516,Fully Funded
SAV-06035,CUST-06035,769.07,16593.57,0.1782,Partially Funded
SAV-06036,CUST-06036,837.38,60249.45,0.19,Fully Funded
SAV-06037,CUST-06037,926.25,70249.36,0.236,Fully Funded
SAV-06038,CUST-06038,545.07,29901.74,0.0951,Fully Funded
SAV-06039,CUST-06039,900.89,33082.94,0.1061,Partially Funded
SAV-06040,CUST-06040,1664.67,167527.09,0.1981,Fully Funded
SAV-06041,CUST-06041,989.53,19423.99,0.1571,Partially Funded
SAV-06042,CUST-06042,1034.99,99763.06,0.1334,Fully Funded
SAV-06043,CUST-06043,904.33,10460.44,0.0983,Low
SAV-06044,CUST-06044,170.28,10755.29,0.1783,Fully Funded
SAV-06045,CUST-06045,811.94,45571.41,0.1784,Fully Funded
SAV-06046,CUST-06046,492.23,29293.28,0.1257,Fully Funded
SAV-06047,CUST-06047,719.43,22332.45,0.1369,Partially Funded
SAV-06048,CUST-06048,718.64,11508.57,0.1509,Partially Funded
SAV-06049,CUST-06049,866.51,65140.62,0.1109,Fully Funded
SAV-06050,CUST-06050,1347.62,45917.4,0.2224,Fully Funded
SAV-06051,CUST-06051,892.74,49462.81,0.2843,Fully Funded
SAV-06052,CUST-06052,1641.34,63696.32,0.2231,Fully Funded
SAV-06053,CUST-06053,317.71,21534.06,0.1097,Fully Funded
SAV-06054,CUST-06054,253.48,13466.58,0.1383,Fully Funded
SAV-06055,CUST-06055,197.94,12248.6,0.1424,Fully Funded
SAV-06056,CUST-06056,972.86,79411.14,0.1196,Fully Funded
SAV-06057,CUST-06057,532.45,10915.28,0.1035,Low
SAV-06058,CUST-06058,416.73,18062.42,0.1326,Fully Funded
SAV-06059,CUST-06059,1604.84,111226.07,0.2653,Fully Funded
SAV-06060,CUST-06060,1179.5,76218.73,0.2222,Fully Funded
SAV-06061,CUST-06061,418.55,23197.77,0.1006,Fully Funded
SAV-06062,CUST-06062,1376.89,27723.39,0.1826,Partially Funded
SAV-06063,CUST-06063,715.67,39212.52,0.2526,Fully Funded
SAV-06064,CUST-06064,1999.1,111372.39,0.2131,Fully Funded
SAV-06065,CUST-06065,500.07,23064.35,0.1111,Fully Funded
SAV-06066,CUST-06066,231.58,23175.84,0.1558,Fully Funded
SAV-06067,CUST-06067,89.57,1542.77,0.1352,Low
SAV-06068,CUST-06068,808.02,14152.32,0.1569,Partially Funded
SAV-06069,CUST-06069,188.73,9500.78,0.1759,Fully Funded
SAV-06070,CUST-06070,834.92,35070.4,0.1198,Fully Funded
SAV-06071,CUST-06071,348.95,9441.14,0.1424,Partially Funded
SAV-06072,CUST-06072,568.2,18840.71,0.0859,Partially Funded
SAV-06073,CUST-06073,563.65,14469.83,0.1001,Partially Funded
SAV-06074,CUST-06074,806.88,38118.49,0.1666,Fully Funded
SAV-06075,CUST-06075,311.15,19280.17,0.0632,Partially Funded
SAV-06076,CUST-06076,253.56,21863.22,0.2604,Fully Funded
SAV-06077,CUST-06077,790.22,53301.15,0.119,Fully Funded
SAV-06078,CUST-06078,905.5,19701.91,0.1374,Partially Funded
SAV-06079,CUST-06079,672.6,43352.14,0.243,Fully Funded
SAV-06080,CUST-06080,1980.16,38281.42,0.1952,Partially Funded
SAV-06081,CUST-06081,974.27,72312.11,0.1581,Fully Funded
SAV-06082,CUST-06082,638.58,15204.42,0.1429,Partially Funded
SAV-06083,CUST-06083,1312.08,116796.74,0.1843,Fully Funded
SAV-06084,CUST-06084,1238.28,117313.71,0.1271,Fully Funded
SAV-06085,CUST-06085,1565.93,143859.6,0.2138,Fully Funded
SAV-06086,CUST-06086,1551.05,88858.56,0.2722,Fully Funded
SAV-06087,CUST-06087,490.43,26391.61,0.0998,Fully Funded
SAV-06088,CUST-06088,553.0,35413.63,0.1066,Fully Funded
SAV-06089,CUST-06089,1011.73,56580.55,0.1604,Fully Funded
SAV-06090,CUST-06090,3788.59,102315.01,0.2427,Fully Funded
SAV-06091,CUST-06091,269.17,9254.96,0.0548,Low
SAV-06092,CUST-06092,951.04,44445.17,0.1598,Fully Funded
SAV-06093,CUST-06093,446.61,50346.49,0.0978,Fully Funded
SAV-06094,CUST-06094,863.65,89064.29,0.1099,Fully Funded
SAV-06095,CUST-06095,457.06,31221.0,0.0963,Fully Funded
SAV-06096,CUST-06096,1619.02,54651.82,0.1149,Partially Funded
SAV-06097,CUST-06097,443.81,5390.57,0.068,No Fund
SAV-06098,CUST-06098,463.88,23181.18,0.1517,Fully Funded
SAV-06099,CUST-06099,558.65,31375.7,0.0818,Partially Funded
SAV-06100,CUST-06100,1191.01,37068.37,0.1632,Fully Funded
SAV-06101,CUST-06101,599.13,64276.22,0.1363,Fully Funded
SAV-06102,CUST-06102,1411.0,104709.33,0.235,Fully Funded
SAV-06103,CUST-06103,351.01,34912.96,0.1354,Fully Funded
SAV-06104,CUST-06104,1791.2,161352.38,0.1344,Fully Funded
SAV-06105,CUST-06105,760.08,36781.17,0.1093,Fully Funded
SAV-06106,CUST-06106,628.76,42834.42,0.1183,Fully Funded
SAV-06107,CUST-06107,739.35,12676.3,0.1816,Partially Funded
SAV-06108,CUST-06108,2733.12,62048.9,0.19,Partially Funded
SAV-06109,CUST-06109,1339.97,47186.08,0.1997,Fully Funded
SAV-06110,CUST-06110,1604.9,69727.4,0.1944,Fully Funded
SAV-06111,CUST-06111,499.81,45269.78,0.1285,Fully Funded
SAV-06112,CUST-06112,1126.27,106311.76,0.2434,Fully Funded
SAV-06113,CUST-06113,684.46,47891.37,0.1855,Fully Funded
SAV-06114,CUST-06114,1918.78,200682.45,0.1656,Fully Funded
SAV-06115,CUST-06115,670.32,28341.82,0.1238,Fully Funded
SAV-06116,CUST-06116,255.95,10158.06,0.0635,Low
SAV-06117,CUST-06117,758.33,74384.44,0.1662,Fully Funded
SAV-06118,CUST-06118,1714.86,95241.48,0.1423,Fully Funded
SAV-06119,CUST-06119,964.96,28557.82,0.1825,Fully Funded
SAV-06120,CUST-06120,598.38,58005.66,0.1343,Fully Funded
SAV-06121,CUST-06121,301.49,7517.15,0.1364,Partially Funded
SAV-06122,CUST-06122,2924.5,311407.16,0.2913,Fully Funded
SAV-06123,CUST-06123,191.65,8004.24,0.0624,Low
SAV-06124,CUST-06124,2619.28,161584.09,0.2704,Fully Funded
SAV-06125,CUST-06125,709.76,57515.02,0.1482,Fully Funded
SAV-06126,CUST-06126,1625.35,67514.74,0.1878,Fully Funded
SAV-06127,CUST-06127,683.53,12910.06,0.1316,Partially Funded
SAV-06128,CUST-06128,101.36,4613.07,0.1187,Fully Funded
SAV-06129,CUST-06129,384.89,7240.04,0.1684,Partially Funded
SAV-06130,CUST-06130,354.99,14027.71,0.1245,Partially Funded
SAV-06131,CUST-06131,590.64,10090.43,0.1075,Low
SAV-06132,CUST-06132,1687.45,61031.93,0.1804,Fully Funded
SAV-06133,CUST-06133,1118.44,59261.02,0.1454,Fully Funded
SAV-06134,CUST-06134,1386.81,32814.36,0.1319,Partially Funded
SAV-06135,CUST-06135,457.37,9548.7,0.1014,Low
SAV-06136,CUST-06136,889.6,85202.02,0.1197,Fully Funded
SAV-06137,CUST-06137,1385.72,96932.95,0.1889,Fully Funded
SAV-06138,CUST-06138,1264.99,129243.54,0.1599,Fully Funded
SAV-06139,CUST-06139,1545.69,25827.83,0.2137,Partially Funded
SAV-06140,CUST-06140,2141.34,34854.41,0.2665,Fully Funded
SAV-06141,CUST-06141,1330.29,20491.84,0.1725,Partially Funded
SAV-06142,CUST-06142,344.06,23644.43,0.0694,Partially Funded
SAV-06143,CUST-06143,386.75,14199.83,0.1845,Fully Funded
SAV-06144,CUST-06144,655.44,16693.19,0.1447,Partially Funded
SAV-06145,CUST-06145,500.94,20979.85,0.0671,Partially Funded
SAV-06146,CUST-06146,822.94,61936.06,0.1322,Fully Funded
SAV-06147,CUST-06147,1694.62,137057.18,0.1217,Fully Funded
SAV-06148,CUST-06148,421.21,34682.3,0.0586,Partially Funded
SAV-06149,CUST-06149,524.03,16636.73,0.1607,Fully Funded
SAV-06150,CUST-06150,542.65,11532.26,0.0823,Low
SAV-06151,CUST-06151,1316.73,68115.53,0.1796,Fully Funded
SAV-06152,CUST-06152,709.44,57852.88,0.0672,Fully Funded
SAV-06153,CUST-06153,570.1,19102.26,0.1348,Fully Funded
SAV-06154,CUST-06154,644.56,31820.99,0.1875,Fully Funded
SAV-06155,CUST-06155,890.37,88509.85,0.2136,Fully Funded
SAV-06156,CUST-06156,185.83,6218.98,0.0688,Low
SAV-06157,CUST-06157,581.59,25494.83,0.2076,Fully Funded
SAV-06158,CUST-06158,784.61,18392.68,0.1733,Partially Funded
SAV-06159,CUST-06159,1124.65,47970.7,0.1764,Fully Funded
SAV-06160,CUST-06160,405.54,10198.77,0.0951,Low
SAV-06161,CUST-06161,895.02,91241.92,0.2519,Fully Funded
SAV-06162,CUST-06162,996.04,47528.28,0.1841,Fully Funded
SAV-06163,CUST-06163,662.25,40615.15,0.1111,Fully Funded
SAV-06164,CUST-06164,489.31,13527.85,0.0905,Partially Funded
SAV-06165,CUST-06165,480.79,32033.91,0.1508,Fully Funded
SAV-06166,CUST-06166,350.41,5656.29,0.121,Low
SAV-06167,CUST-06167,988.62,63723.76,0.1594,Fully Funded
SAV-06168,CUST-06168,1071.7,79042.14,0.1664,Fully Funded
SAV-06169,CUST-06169,679.59,50128.66,0.0592,Partially Funded
SAV-06170,CUST-06170,764.19,25732.11,0.2091,Fully Funded
SAV-06171,CUST-06171,1039.0,66220.54,0.1579,Fully Funded
SAV-06172,CUST-06172,2253.27,264561.01,0.2499,Fully Funded
SAV-06173,CUST-06173,825.18,39244.66,0.1657,Fully Funded
SAV-06174,CUST-06174,778.51,51582.9,0.0887,Fully Funded
SAV-06175,CUST-06175,250.98,23162.7,0.0411,Partially Funded
SAV-06176,CUST-06176,1085.52,56713.54,0.1597,Fully Funded
SAV-06177,CUST-06177,1427.01,84253.5,0.224,Fully Funded
SAV-06178,CUST-06178,201.65,6929.23,0.19,Fully Funded
SAV-06179,CUST-06179,437.31,19403.46,0.088,Partially Funded
SAV-06180,CUST-06180,779.7,39239.02,0.1495,Fully Funded
SAV-06181,CUST-06181,266.41,22852.34,0.0497,Partially Funded
SAV-06182,CUST-06182,741.61,31781.4,0.2375,Fully Funded
SAV-06183,CUST-06183,662.44,51148.94,0.2092,Fully Funded
SAV-06184,CUST-06184,2564.49,206850.67,0.2739,Fully Funded
SAV-06185,CUST-06185,65.91,1204.37,0.1049,Low
SAV-06186,CUST-06186,499.42,10338.27,0.1235,Partially Funded
SAV-06187,CUST-06187,1334.68,62442.46,0.1722,Fully Funded
SAV-06188,CUST-06188,3493.06,96178.39,0.2477,Fully Funded
SAV-06189,CUST-06189,246.24,23637.26,0.1742,Fully Funded
SAV-06190,CUST-06190,929.49,73293.21,0.1021,Fully Funded
SAV-06191,CUST-06191,1114.58,21509.99,0.1353,Partially Funded
SAV-06192,CUST-06192,263.59,8468.06,0.062,Low
SAV-06193,CUST-06193,613.37,9057.93,0.1256,Low
SAV-06194,CUST-06194,374.41,16649.82,0.059,Low
SAV-06195,CUST-06195,438.08,29871.33,0.1389,Fully Funded
SAV-06196,CUST-06196,1925.48,129531.0,0.2071,Fully Funded
SAV-06197,CUST-06197,648.13,44898.38,0.1351,Fully Funded
SAV-06198,CUST-06198,881.03,40506.1,0.1386,Fully Funded
SAV-06199,CUST-06199,796.87,44135.4,0.124,Fully Funded
SAV-06200,CUST-06200,476.69,55833.4,0.1349,Fully Funded
SAV-06201,CUST-06201,2627.04,131195.13,0.2833,Fully Funded
SAV-06202,CUST-06202,115.11,2789.65,0.1797,Partially Funded
SAV-06203,CUST-06203,1455.66,24699.59,0.1788,Partially Funded
SAV-06204,CUST-06204,1202.97,62122.03,0.1928,Fully Funded
SAV-06205,CUST-06205,1309.06,63618.01,0.2435,Fully Funded
SAV-06206,CUST-06206,429.45,32336.68,0.1752,Fully Funded
SAV-06207,CUST-06207,243.04,3175.09,0.087,Low
SAV-06208,CUST-06208,1119.3,34693.12,0.1779,Fully Funded
SAV-06209,CUST-06209,1164.32,130808.27,0.2027,Fully Funded
SAV-06210,CUST-06210,701.07,29374.5,0.1448,Fully Funded
SAV-06211,CUST-06211,690.17,35098.4,0.08,Partially Funded
SAV-06212,CUST-06212,648.03,60776.78,0.1145,Fully Funded
SAV-06213,CUST-06213,1417.84,39305.54,0.178,Fully Funded
SAV-06214,CUST-06214,2891.07,43092.73,0.2329,Partially Funded
SAV-06215,CUST-06215,1107.91,19955.02,0.1833,Partially Funded
SAV-06216,CUST-06216,683.35,30032.31,0.1416,Fully Funded
SAV-06217,CUST-06217,321.12,20473.0,0.0962,Fully Funded
SAV-06218,CUST-06218,381.43,27199.65,0.0847,Fully Funded
SAV-06219,CUST-06219,1043.36,81183.79,0.186,Fully Funded
SAV-06220,CUST-06220,1417.47,51029.42,0.1822,Fully Funded
SAV-06221,CUST-06221,1168.34,69882.29,0.1896,Fully Funded
SAV-06222,CUST-06222,1055.9,24461.54,0.1571,Partially Funded
SAV-06223,CUST-06223,1743.46,171404.76,0.1732,Fully Funded
SAV-06224,CUST-06224,1733.26,64799.77,0.1829,Fully Funded
SAV-06225,CUST-06225,955.79,50642.74,0.1913,Fully Funded
SAV-06226,CUST-06226,654.74,31142.24,0.1067,Fully Funded
SAV-06227,CUST-06227,1563.06,125347.09,0.2031,Fully Funded
SAV-06228,CUST-06228,906.71,73272.48,0.1563,Fully Funded
SAV-06229,CUST-06229,1264.64,93070.16,0.1011,Fully Funded
SAV-06230,CUST-06230,1901.21,221946.52,0.1969,Fully Funded
SAV-06231,CUST-06231,1526.44,123971.12,0.2246,Fully Funded
SAV-06232,CUST-06232,1058.13,20620.53,0.2091,Fully Funded
SAV-06233,CUST-06233,764.95,12069.8,0.1436,Low
SAV-06234,CUST-06234,775.49,16042.64,0.0807,Low
SAV-06235,CUST-06235,649.27,72463.92,0.0917,Fully Funded
SAV-06236,CUST-06236,1683.17,65861.61,0.1947,Fully Funded
SAV-06237,CUST-06237,810.8,73317.29,0.1211,Fully Funded
SAV-06238,CUST-06238,516.73,60885.94,0.1281,Fully Funded
SAV-06239,CUST-06239,594.09,12383.69,0.1704,Partially Funded
SAV-06240,CUST-06240,717.83,56246.68,0.1431,Fully Funded
SAV-06241,CUST-06241,466.68,14645.41,0.157,Fully Funded
SAV-06242,CUST-06242,318.24,24139.27,0.2107,Fully Funded
SAV-06243,CUST-06243,2678.63,204732.09,0.2074,Fully Funded
SAV-06244,CUST-06244,1216.99,70009.24,0.1489,Fully Funded
SAV-06245,CUST-06245,348.54,4376.6,0.0786,Low
SAV-06246,CUST-06246,971.04,44599.64,0.1592,Fully Funded
SAV-06247,CUST-06247,571.69,61879.77,0.0908,Fully Funded
SAV-06248,CUST-06248,1675.45,139411.83,0.2021,Fully Funded
SAV-06249,CUST-06249,835.11,77845.49,0.1243,Fully Funded
SAV-06250,CUST-06250,674.0,65662.7,0.139,Fully Funded
SAV-06251,CUST-06251,111.54,7882.14,0.1295,Fully Funded
SAV-06252,CUST-06252,1303.21,40184.3,0.1719,Fully Funded
SAV-06253,CUST-06253,456.53,41236.71,0.1173,Fully Funded
SAV-06254,CUST-06254,2513.42,62114.0,0.1592,Partially Funded
SAV-06255,CUST-06255,705.75,20677.41,0.1519,Partially Funded
SAV-06256,CUST-06256,1389.9,74418.93,0.1879,Fully Funded
SAV-06257,CUST-06257,1359.03,100872.81,0.2119,Fully Funded
SAV-06258,CUST-06258,805.62,53326.93,0.1021,Fully Funded
SAV-06259,CUST-06259,877.91,77768.41,0.1375,Fully Funded
SAV-06260,CUST-06260,1165.42,83386.56,0.2709,Fully Funded
SAV-06261,CUST-06261,642.53,31195.55,0.1217,Fully Funded
SAV-06262,CUST-06262,461.94,33706.66,0.0925,Fully Funded
SAV-06263,CUST-06263,461.64,7497.54,0.101,Low
SAV-06264,CUST-06264,4031.12,121730.84,0.2129,Fully Funded
SAV-06265,CUST-06265,1547.78,58310.45,0.161,Fully Funded
SAV-06266,CUST-06266,365.9,9171.42,0.1234,Partially Funded
SAV-06267,CUST-06267,783.78,28402.22,0.1273,Fully Funded
SAV-06268,CUST-06268,147.95,8531.14,0.1972,Fully Funded
SAV-06269,CUST-06269,1184.01,23749.84,0.1475,Partially Funded
SAV-06270,CUST-06270,905.46,14187.34,0.2091,Partially Funded
SAV-06271,CUST-06271,555.17,16132.19,0.1512,Fully Funded
SAV-06272,CUST-06272,1251.02,93118.36,0.1752,Fully Funded
SAV-06273,CUST-06273,634.27,35773.92,0.1064,Fully Funded
SAV-06274,CUST-06274,1077.24,43327.0,0.1586,Fully Funded
SAV-06275,CUST-06275,121.72,5086.2,0.1448,Fully Funded
SAV-06276,CUST-06276,1507.2,41469.34,0.1715,Fully Funded
SAV-06277,CUST-06277,3212.11,290476.02,0.2309,Fully Funded
SAV-06278,CUST-06278,987.68,34769.04,0.1165,Partially Funded
SAV-06279,CUST-06279,147.23,5795.53,0.1493,Fully Funded
SAV-06280,CUST-06280,834.73,48364.47,0.1773,Fully Funded
SAV-06281,CUST-06281,1585.06,65492.22,0.1453,Fully Funded
SAV-06282,CUST-06282,474.94,28983.1,0.0922,Fully Funded
SAV-06283,CUST-06283,894.58,21746.55,0.1522,Partially Funded
SAV-06284,CUST-06284,413.66,4996.22,0.1695,Partially Funded
SAV-06285,CUST-06285,555.92,68942.91,0.1134,Fully Funded
SAV-06286,CUST-06286,1458.08,89329.55,0.1962,Fully Funded
SAV-06287,CUST-06287,1386.42,68912.7,0.2801,Fully Funded
SAV-06288,CUST-06288,1276.66,39482.76,0.2035,Fully Funded
SAV-06289,CUST-06289,1069.12,19973.43,0.1453,Partially Funded
SAV-06290,CUST-06290,327.0,7309.39,0.1148,Partially Funded
SAV-06291,CUST-06291,327.05,11456.82,0.1236,Fully Funded
SAV-06292,CUST-06292,1322.42,99144.03,0.0979,Fully Funded
SAV-06293,CUST-06293,756.36,30830.67,0.1612,Fully Funded
SAV-06294,CUST-06294,2570.85,51484.45,0.1792,Partially Funded
SAV-06295,CUST-06295,1884.19,70512.61,0.1714,Fully Funded
SAV-06296,CUST-06296,1015.16,84861.51,0.2196,Fully Funded
SAV-06297,CUST-06297,1173.95,77830.28,0.1748,Fully Funded
SAV-06298,CUST-06298,791.74,73711.99,0.2111,Fully Funded
SAV-06299,CUST-06299,530.6,15998.5,0.1164,Partially Funded
SAV-06300,CUST-06300,905.52,23788.9,0.1225,Partially Funded
SAV-06301,CUST-06301,773.59,24082.07,0.1639,Fully Funded
SAV-06302,CUST-06302,391.37,31512.14,0.1592,Fully Funded
SAV-06303,CUST-06303,681.44,54028.17,0.1452,Fully Funded
SAV-06304,CUST-06304,1665.58,115795.45,0.1919,Fully Funded
SAV-06305,CUST-06305,1125.89,55763.75,0.1766,Fully Funded
SAV-06306,CUST-06306,1722.7,105631.4,0.1578,Fully Funded
SAV-06307,CUST-06307,637.59,29581.92,0.1517,Fully Funded
SAV-06308,CUST-06308,2104.17,108424.82,0.2074,Fully Funded
SAV-06309,CUST-06309,1142.45,58607.5,0.1862,Fully Funded
SAV-06310,CUST-06310,897.13,56806.67,0.1259,Fully Funded
SAV-06311,CUST-06311,970.24,64896.1,0.1436,Fully Funded
SAV-06312,CUST-06312,870.59,38621.54,0.1679,Fully Funded
SAV-06313,CUST-06313,625.08,37101.38,0.096,Fully Funded
SAV-06314,CUST-06314,1174.82,123458.44,0.1988,Fully Funded
SAV-06315,CUST-06315,848.25,47781.54,0.1011,Fully Funded
SAV-06316,CUST-06316,1924.65,105985.81,0.2129,Fully Funded
SAV-06317,CUST-06317,594.08,33424.85,0.115,Fully Funded
SAV-06318,CUST-06318,303.33,19037.12,0.0687,Partially Funded
SAV-06319,CUST-06319,1222.11,85533.5,0.142,Fully Funded
SAV-06320,CUST-06320,991.15,71386.84,0.1946,Fully Funded
SAV-06321,CUST-06321,962.42,34494.96,0.2577,Fully Funded
SAV-06322,CUST-06322,1336.33,78303.95,0.1413,Fully Funded
SAV-06323,CUST-06323,918.26,84463.96,0.2557,Fully Funded
SAV-06324,CUST-06324,735.59,62234.54,0.097,Fully Funded
SAV-06325,CUST-06325,496.32,40571.11,0.0987,Fully Funded
SAV-06326,CUST-06326,771.85,14821.06,0.1661,Partially Funded
SAV-06327,CUST-06327,1228.68,47686.59,0.1477,Fully Funded
SAV-06328,CUST-06328,799.33,47182.58,0.1348,Fully Funded
SAV-06329,CUST-06329,772.34,65296.92,0.1621,Fully Funded
SAV-06330,CUST-06330,224.96,9134.63,0.1099,Partially Funded
SAV-06331,CUST-06331,993.7,44105.33,0.1326,Fully Funded
SAV-06332,CUST-06332,1678.43,43122.37,0.1739,Partially Funded
SAV-06333,CUST-06333,693.31,44491.75,0.0885,Fully Funded
SAV-06334,CUST-06334,831.12,14745.12,0.1717,Partially Funded
SAV-06335,CUST-06335,1182.88,68340.81,0.1241,Fully Funded
SAV-06336,CUST-06336,1704.71,56152.4,0.1119,Partially Funded
SAV-06337,CUST-06337,680.58,62266.2,0.1214,Fully Funded
SAV-06338,CUST-06338,1153.11,11829.44,0.1782,Low
SAV-06339,CUST-06339,459.84,13823.95,0.1715,Fully Funded
SAV-06340,CUST-06340,2089.55,133750.88,0.2639,Fully Funded
SAV-06341,CUST-06341,382.28,4117.59,0.1015,Low
SAV-06342,CUST-06342,2304.94,39164.98,0.2696,Fully Funded
SAV-06343,CUST-06343,607.22,37330.74,0.0957,Fully Funded
SAV-06344,CUST-06344,1618.2,68907.13,0.1256,Fully Funded
SAV-06345,CUST-06345,770.75,63118.37,0.153,Fully Funded
SAV-06346,CUST-06346,407.11,9472.95,0.0992,Low
SAV-06347,CUST-06347,254.92,10252.59,0.0796,Partially Funded
SAV-06348,CUST-06348,959.14,24835.16,0.1853,Fully Funded
SAV-06349,CUST-06349,1398.36,25827.21,0.2117,Partially Funded
SAV-06350,CUST-06350,1652.4,93315.13,0.1654,Fully Funded
SAV-06351,CUST-06351,1347.81,66139.34,0.1999,Fully Funded
SAV-06352,CUST-06352,544.02,49534.7,0.1412,Fully Funded
SAV-06353,CUST-06353,2064.42,146194.56,0.2448,Fully Funded
SAV-06354,CUST-06354,394.12,31334.71,0.1343,Fully Funded
SAV-06355,CUST-06355,1081.71,46273.52,0.1558,Fully Funded
SAV-06356,CUST-06356,614.49,6461.94,0.1341,Low
SAV-06357,CUST-06357,2203.41,38512.34,0.1914,Partially Funded
SAV-06358,CUST-06358,178.37,5210.53,0.1915,Fully Funded
SAV-06359,CUST-06359,594.87,65481.45,0.1334,Fully Funded
SAV-06360,CUST-06360,1224.11,139547.78,0.1428,Fully Funded
SAV-06361,CUST-06361,1089.75,95525.84,0.2691,Fully Funded
SAV-06362,CUST-06362,1262.2,49746.01,0.1868,Fully Funded
SAV-06363,CUST-06363,1257.57,59423.6,0.1795,Fully Funded
SAV-06364,CUST-06364,1737.0,132058.16,0.1933,Fully Funded
SAV-06365,CUST-06365,496.52,30899.39,0.1158,Fully Funded
SAV-06366,CUST-06366,826.76,92364.24,0.1728,Fully Funded
SAV-06367,CUST-06367,895.53,32325.59,0.1819,Fully Funded
SAV-06368,CUST-06368,961.9,49055.77,0.1117,Fully Funded
SAV-06369,CUST-06369,3588.4,55244.11,0.2649,Fully Funded
SAV-06370,CUST-06370,474.6,39698.76,0.1338,Fully Funded
SAV-06371,CUST-06371,272.75,19354.81,0.2393,Fully Funded
SAV-06372,CUST-06372,488.95,42192.81,0.0561,Partially Funded
SAV-06373,CUST-06373,931.13,50250.52,0.1773,Fully Funded
SAV-06374,CUST-06374,165.28,6595.51,0.1219,Fully Funded
SAV-06375,CUST-06375,1009.7,18966.58,0.1897,Partially Funded
SAV-06376,CUST-06376,324.81,22271.12,0.115,Fully Funded
SAV-06377,CUST-06377,1005.03,51060.44,0.1747,Fully Funded
SAV-06378,CUST-06378,595.32,54074.68,0.0902,Fully Funded
SAV-06379,CUST-06379,1503.29,90551.25,0.1397,Fully Funded
SAV-06380,CUST-06380,1168.15,47164.57,0.1636,Fully Funded
SAV-06381,CUST-06381,273.49,18826.18,0.0809,Fully Funded
SAV-06382,CUST-06382,1280.53,84380.47,0.1508,Fully Funded
SAV-06383,CUST-06383,555.33,16403.63,0.1085,Partially Funded
SAV-06384,CUST-06384,1408.39,119423.45,0.2271,Fully Funded
SAV-06385,CUST-06385,165.83,5977.27,0.1261,Partially Funded
SAV-06386,CUST-06386,848.5,80960.75,0.1357,Fully Funded
SAV-06387,CUST-06387,670.06,12934.79,0.1413,Partially Funded
SAV-06388,CUST-06388,1612.83,123901.54,0.1541,Fully Funded
SAV-06389,CUST-06389,720.21,47603.36,0.1349,Fully Funded
SAV-06390,CUST-06390,1390.62,43938.93,0.1446,Fully Funded
SAV-06391,CUST-06391,1670.33,95382.91,0.211,Fully Funded
SAV-06392,CUST-06392,740.32,36418.8,0.1178,Fully Funded
SAV-06393,CUST-06393,157.06,13546.17,0.1341,Fully Funded
SAV-06394,CUST-06394,1057.32,44413.62,0.1236,Fully Funded
SAV-06395,CUST-06395,1047.59,64697.46,0.1206,Fully Funded
SAV-06396,CUST-06396,1138.78,102618.52,0.2445,Fully Funded
SAV-06397,CUST-06397,937.22,27211.18,0.1069,Partially Funded
SAV-06398,CUST-06398,466.97,5418.56,0.0877,Low
SAV-06399,CUST-06399,1205.97,124436.71,0.0996,Fully Funded
SAV-06400,CUST-06400,636.57,26471.76,0.135,Fully Funded
SAV-06401,CUST-06401,816.98,45306.18,0.1937,Fully Funded
SAV-06402,CUST-06402,878.66,90082.79,0.1373,Fully Funded
SAV-06403,CUST-06403,1118.61,64826.62,0.1905,Fully Funded
SAV-06404,CUST-06404,3712.77,65314.97,0.2871,Fully Funded
SAV-06405,CUST-06405,1115.47,36516.95,0.1862,Fully Funded
SAV-06406,CUST-06406,3165.79,100654.7,0.2291,Fully Funded
SAV-06407,CUST-06407,1997.02,31658.49,0.2412,Partially Funded
SAV-06408,CUST-06408,1105.47,20171.46,0.2032,Partially Funded
SAV-06409,CUST-06409,1250.68,93651.35,0.1392,Fully Funded
SAV-06410,CUST-06410,447.1,14835.38,0.198,Fully Funded
SAV-06411,CUST-06411,345.96,30543.45,0.1863,Fully Funded
SAV-06412,CUST-06412,926.18,10458.8,0.2775,Partially Funded
SAV-06413,CUST-06413,1260.96,62741.01,0.0865,Partially Funded
SAV-06414,CUST-06414,583.52,24188.69,0.0881,Partially Funded
SAV-06415,CUST-06415,1814.25,157994.39,0.152,Fully Funded
SAV-06416,CUST-06416,1711.64,166713.08,0.1991,Fully Funded
SAV-06417,CUST-06417,696.74,14755.66,0.2164,Fully Funded
SAV-06418,CUST-06418,936.14,60735.64,0.27,Fully Funded
SAV-06419,CUST-06419,1177.83,66924.72,0.1288,Fully Funded
SAV-06420,CUST-06420,1034.08,57233.55,0.1969,Fully Funded
SAV-06421,CUST-06421,727.13,44679.03,0.1184,Fully Funded
SAV-06422,CUST-06422,642.58,33385.98,0.2318,Fully Funded
SAV-06423,CUST-06423,1467.28,55827.25,0.2071,Fully Funded
SAV-06424,CUST-06424,447.47,15654.69,0.1723,Fully Funded
SAV-06425,CUST-06425,1018.79,57442.26,0.1528,Fully Funded
SAV-06426,CUST-06426,2439.31,91488.05,0.2578,Fully Funded
SAV-06427,CUST-06427,1326.98,82971.54,0.148,Fully Funded
SAV-06428,CUST-06428,564.61,31061.02,0.1719,Fully Funded
SAV-06429,CUST-06429,179.13,14037.0,0.1498,Fully Funded
SAV-06430,CUST-06430,1011.87,74096.98,0.2149,Fully Funded
SAV-06431,CUST-06431,2075.13,38464.95,0.1181,Low
SAV-06432,CUST-06432,340.48,27595.83,0.0857,Fully Funded
SAV-06433,CUST-06433,845.68,86108.66,0.082,Fully Funded
SAV-06434,CUST-06434,986.74,34843.18,0.1901,Fully Funded
SAV-06435,CUST-06435,140.11,3861.53,0.1067,Partially Funded
SAV-06436,CUST-06436,1805.77,153215.98,0.1928,Fully Funded
SAV-06437,CUST-06437,658.34,11770.31,0.1518,Partially Funded
SAV-06438,CUST-06438,547.15,8929.53,0.0837,Low
SAV-06439,CUST-06439,618.07,29962.36,0.1088,Fully Funded
SAV-06440,CUST-06440,1125.25,37885.16,0.1119,Partially Funded
SAV-06441,CUST-06441,605.11,10352.62,0.1246,Low
SAV-06442,CUST-06442,3902.4,63362.43,0.2298,Partially Funded
SAV-06443,CUST-06443,1369.72,30571.51,0.187,Partially Funded
SAV-06444,CUST-06444,572.73,39870.02,0.1097,Fully Funded
SAV-06445,CUST-06445,1292.67,72260.47,0.1459,Fully Funded
SAV-06446,CUST-06446,696.26,45145.34,0.1094,Fully Funded
SAV-06447,CUST-06447,771.37,67472.44,0.2135,Fully Funded
SAV-06448,CUST-06448,366.36,13013.11,0.1206,Partially Funded
SAV-06449,CUST-06449,1195.17,129309.9,0.1514,Fully Funded
SAV-06450,CUST-06450,773.96,35302.28,0.1506,Fully Funded
SAV-06451,CUST-06451,219.29,11567.27,0.1062,Fully Funded
SAV-06452,CUST-06452,521.57,56491.47,0.1044,Fully Funded
SAV-06453,CUST-06453,2626.7,67500.04,0.2065,Fully Funded
SAV-06454,CUST-06454,729.52,12549.34,0.159,Partially Funded
SAV-06455,CUST-06455,1612.22,64528.29,0.1832,Fully Funded
SAV-06456,CUST-06456,2296.89,58241.09,0.2245,Fully Funded
SAV-06457,CUST-06457,1962.39,67141.78,0.237,Fully Funded
SAV-06458,CUST-06458,414.44,25394.5,0.0918,Fully Funded
SAV-06459,CUST-06459,830.59,35760.7,0.2118,Fully Funded
SAV-06460,CUST-06460,327.5,26841.87,0.1316,Fully Funded
SAV-06461,CUST-06461,494.29,25494.74,0.072,Partially Funded
SAV-06462,CUST-06462,1081.11,42011.26,0.1464,Fully Funded
SAV-06463,CUST-06463,228.89,20120.81,0.1362,Fully Funded
SAV-06464,CUST-06464,244.43,3843.73,0.0494,No Fund
SAV-06465,CUST-06465,671.42,8148.02,0.1398,Low
SAV-06466,CUST-06466,541.24,39874.17,0.0749,Fully Funded
SAV-06467,CUST-06467,1100.95,55870.71,0.1639,Fully Funded
SAV-06468,CUST-06468,1028.51,34215.49,0.1433,Fully Funded
SAV-06469,CUST-06469,820.95,33792.97,0.1224,Fully Funded
SAV-06470,CUST-06470,1197.89,77075.82,0.2164,Fully Funded
SAV-06471,CUST-06471,323.88,29075.49,0.2217,Fully Funded
SAV-06472,CUST-06472,965.97,22878.38,0.2461,Fully Funded
SAV-06473,CUST-06473,636.83,33507.94,0.1606,Fully Funded
SAV-06474,CUST-06474,1307.68,81041.31,0.1533,Fully Funded
SAV-06475,CUST-06475,1240.57,41161.25,0.1702,Fully Funded
SAV-06476,CUST-06476,1208.36,112226.22,0.1285,Fully Funded
SAV-06477,CUST-06477,344.31,15589.03,0.0777,Partially Funded
SAV-06478,CUST-06478,1767.43,73774.37,0.1992,Fully Funded
SAV-06479,CUST-06479,1597.1,61811.78,0.1339,Fully Funded
SAV-06480,CUST-06480,67.2,1205.93,0.0699,Low
SAV-06481,CUST-06481,2660.16,296923.19,0.2542,Fully Funded
SAV-06482,CUST-06482,1014.43,55153.46,0.2077,Fully Funded
SAV-06483,CUST-06483,683.47,17421.29,0.1221,Partially Funded
SAV-06484,CUST-06484,803.34,35858.57,0.162,Fully Funded
SAV-06485,CUST-06485,723.31,29490.75,0.186,Fully Funded
SAV-06486,CUST-06486,1406.98,22525.99,0.1947,Partially Funded
SAV-06487,CUST-06487,992.84,39648.98,0.166,Fully Funded
SAV-06488,CUST-06488,886.82,15478.4,0.1475,Partially Funded
SAV-06489,CUST-06489,1241.75,51933.57,0.2047,Fully Funded
SAV-06490,CUST-06490,930.39,23371.16,0.1537,Partially Funded
SAV-06491,CUST-06491,1012.81,54966.5,0.1149,Fully Funded
SAV-06492,CUST-06492,578.57,41072.52,0.163,Fully Funded
SAV-06493,CUST-06493,1575.21,107606.6,0.2275,Fully Funded
SAV-06494,CUST-06494,147.68,10149.56,0.1721,Fully Funded
SAV-06495,CUST-06495,2382.74,225179.42,0.1815,Fully Funded
SAV-06496,CUST-06496,1070.12,54787.41,0.1373,Fully Funded
SAV-06497,CUST-06497,1276.96,102292.55,0.1268,Fully Funded
SAV-06498,CUST-06498,557.87,45847.86,0.2006,Fully Funded
SAV-06499,CUST-06499,1360.4,16088.43,0.1683,Low
SAV-06500,CUST-06500,1256.31,31802.38,0.156,Partially Funded
SAV-06501,CUST-06501,557.58,63987.92,0.1194,Fully Funded
SAV-06502,CUST-06502,1483.72,136939.53,0.2422,Fully Funded
SAV-06503,CUST-06503,807.19,46022.54,0.1928,Fully Funded
SAV-06504,CUST-06504,980.17,52958.37,0.1606,Fully Funded
SAV-06505,CUST-06505,290.99,8221.21,0.093,Partially Funded
SAV-06506,CUST-06506,1313.91,100050.84,0.1908,Fully Funded
SAV-06507,CUST-06507,882.87,29750.54,0.1421,Fully Funded
SAV-06508,CUST-06508,916.65,75551.6,0.215,Fully Funded
SAV-06509,CUST-06509,1679.94,147600.46,0.1575,Fully Funded
SAV-06510,CUST-06510,700.2,29572.17,0.2121,Fully Funded
SAV-06511,CUST-06511,104.08,3536.96,0.0947,Partially Funded
SAV-06512,CUST-06512,629.99,50668.49,0.1985,Fully Funded
SAV-06513,CUST-06513,963.49,24926.01,0.0983,Partially Funded
SAV-06514,CUST-06514,317.51,15369.63,0.1704,Fully Funded
SAV-06515,CUST-06515,1323.1,99599.58,0.1823,Fully Funded
SAV-06516,CUST-06516,754.4,53816.17,0.1609,Fully Funded
SAV-06517,CUST-06517,497.17,35658.95,0.1478,Fully Funded
SAV-06518,CUST-06518,162.28,8922.44,0.1134,Fully Funded
SAV-06519,CUST-06519,249.66,18705.18,0.1443,Fully Funded
SAV-06520,CUST-06520,305.65,13264.55,0.1153,Fully Funded
SAV-06521,CUST-06521,1268.6,87047.39,0.2115,Fully Funded
SAV-06522,CUST-06522,1126.99,16569.43,0.1631,Partially Funded
SAV-06523,CUST-06523,804.92,67782.51,0.1812,Fully Funded
SAV-06524,CUST-06524,727.34,49939.3,0.1329,Fully Funded
SAV-06525,CUST-06525,608.76,32355.93,0.1974,Fully Funded
SAV-06526,CUST-06526,1012.9,102840.38,0.208,Fully Funded
SAV-06527,CUST-06527,555.78,54688.38,0.073,Fully Funded
SAV-06528,CUST-06528,436.8,39909.71,0.079,Fully Funded
SAV-06529,CUST-06529,1287.5,60964.38,0.2672,Fully Funded
SAV-06530,CUST-06530,1415.58,58899.96,0.1206,Fully Funded
SAV-06531,CUST-06531,1172.43,14099.11,0.2033,Partially Funded
SAV-06532,CUST-06532,1133.84,71006.86,0.1449,Fully Funded
SAV-06533,CUST-06533,950.05,37050.1,0.1628,Fully Funded
SAV-06534,CUST-06534,446.08,24698.56,0.1195,Fully Funded
SAV-06535,CUST-06535,501.81,25000.06,0.2071,Fully Funded
SAV-06536,CUST-06536,596.18,27692.03,0.1035,Partially Funded
SAV-06537,CUST-06537,739.91,35989.82,0.1696,Fully Funded
SAV-06538,CUST-06538,575.32,33617.87,0.1322,Fully Funded
SAV-06539,CUST-06539,175.61,12597.1,0.1031,Fully Funded
SAV-06540,CUST-06540,667.31,16701.32,0.1239,Partially Funded
SAV-06541,CUST-06541,960.14,66346.84,0.1908,Fully Funded
SAV-06542,CUST-06542,1317.96,120249.02,0.2877,Fully Funded
SAV-06543,CUST-06543,1884.92,49039.21,0.1943,Fully Funded
SAV-06544,CUST-06544,1260.61,66424.76,0.2027,Fully Funded
SAV-06545,CUST-06545,737.5,17622.19,0.1798,Fully Funded
SAV-06546,CUST-06546,930.19,13161.81,0.1335,Low
SAV-06547,CUST-06547,1801.79,210176.89,0.1767,Fully Funded
SAV-06548,CUST-06548,2226.73,49404.01,0.2583,Fully Funded
SAV-06549,CUST-06549,299.97,18808.5,0.0779,Partially Funded
SAV-06550,CUST-06550,165.04,14260.53,0.1295,Fully Funded
SAV-06551,CUST-06551,511.72,27724.83,0.1155,Fully Funded
SAV-06552,CUST-06552,863.25,37695.16,0.169,Fully Funded
SAV-06553,CUST-06553,519.5,35610.67,0.137,Fully Funded
SAV-06554,CUST-06554,373.09,18125.47,0.1039,Fully Funded
SAV-06555,CUST-06555,578.72,39106.6,0.1513,Fully Funded
SAV-06556,CUST-06556,667.16,38729.14,0.2168,Fully Funded
SAV-06557,CUST-06557,709.77,56208.81,0.1648,Fully Funded
SAV-06558,CUST-06558,635.64,44678.1,0.1245,Fully Funded
SAV-06559,CUST-06559,929.45,30349.35,0.1845,Fully Funded
SAV-06560,CUST-06560,883.13,83741.22,0.152,Fully Funded
SAV-06561,CUST-06561,347.59,7459.14,0.1087,Low
SAV-06562,CUST-06562,748.1,17849.72,0.1649,Partially Funded
SAV-06563,CUST-06563,264.09,10094.94,0.1195,Partially Funded
SAV-06564,CUST-06564,415.71,6263.31,0.0938,Low
SAV-06565,CUST-06565,969.18,36275.56,0.114,Partially Funded
SAV-06566,CUST-06566,929.39,42639.37,0.1187,Fully Funded
SAV-06567,CUST-06567,515.53,13260.43,0.0981,Partially Funded
SAV-06568,CUST-06568,3112.92,201666.88,0.2162,Fully Funded
SAV-06569,CUST-06569,554.71,19706.73,0.09,Partially Funded
SAV-06570,CUST-06570,114.78,3329.72,0.1099,Partially Funded
SAV-06571,CUST-06571,860.3,22355.17,0.1465,Partially Funded
SAV-06572,CUST-06572,1069.56,26697.28,0.2383,Fully Funded
SAV-06573,CUST-06573,2074.51,109228.63,0.2059,Fully Funded
SAV-06574,CUST-06574,775.47,59246.64,0.1735,Fully Funded
SAV-06575,CUST-06575,659.57,42612.91,0.1035,Fully Funded
SAV-06576,CUST-06576,692.1,12873.48,0.1344,Partially Funded
SAV-06577,CUST-06577,437.53,28317.24,0.059,Partially Funded
SAV-06578,CUST-06578,1026.23,60687.21,0.1392,Fully Funded
SAV-06579,CUST-06579,253.31,23017.1,0.2019,Fully Funded
SAV-06580,CUST-06580,824.15,58969.66,0.2331,Fully Funded
SAV-06581,CUST-06581,1391.72,104154.23,0.2102,Fully Funded
SAV-06582,CUST-06582,856.82,40025.77,0.1058,Fully Funded
SAV-06583,CUST-06583,862.15,50943.12,0.1197,Fully Funded
SAV-06584,CUST-06584,865.07,61934.47,0.1199,Fully Funded
SAV-06585,CUST-06585,515.8,25375.28,0.1198,Fully Funded
SAV-06586,CUST-06586,426.88,34036.32,0.1043,Fully Funded
SAV-06587,CUST-06587,742.98,41637.16,0.2489,Fully Funded
SAV-06588,CUST-06588,1026.17,45405.22,0.1813,Fully Funded
SAV-06589,CUST-06589,729.16,24183.41,0.1102,Partially Funded
SAV-06590,CUST-06590,668.16,33121.93,0.1782,Fully Funded
SAV-06591,CUST-06591,2256.71,173869.83,0.1759,Fully Funded
SAV-06592,CUST-06592,1740.81,106085.64,0.1953,Fully Funded
SAV-06593,CUST-06593,534.46,10172.79,0.0772,Low
SAV-06594,CUST-06594,1605.93,25269.87,0.1801,Partially Funded
SAV-06595,CUST-06595,682.22,18076.93,0.2351,Fully Funded
SAV-06596,CUST-06596,1271.56,36049.31,0.211,Fully Funded
SAV-06597,CUST-06597,854.41,51158.34,0.1655,Fully Funded
SAV-06598,CUST-06598,990.35,27458.33,0.228,Fully Funded
SAV-06599,CUST-06599,1583.39,139779.61,0.2127,Fully Funded
SAV-06600,CUST-06600,1857.24,63290.67,0.2689,Fully Funded
SAV-06601,CUST-06601,2440.73,53190.2,0.2474,Fully Funded
SAV-06602,CUST-06602,1095.5,104563.94,0.0973,Fully Funded
SAV-06603,CUST-06603,694.19,10943.24,0.1474,Low
SAV-06604,CUST-06604,1087.45,85855.91,0.1458,Fully Funded
SAV-06605,CUST-06605,1477.39,43844.67,0.2042,Fully Funded
SAV-06606,CUST-06606,1405.0,97860.69,0.2674,Fully Funded
SAV-06607,CUST-06607,270.54,16574.18,0.0907,Fully Funded
SAV-06608,CUST-06608,282.44,25054.83,0.1121,Fully Funded
SAV-06609,CUST-06609,495.11,12023.42,0.2157,Fully Funded
SAV-06610,CUST-06610,1063.99,38714.57,0.202,Fully Funded
SAV-06611,CUST-06611,700.95,49313.14,0.1665,Fully Funded
SAV-06612,CUST-06612,428.32,12288.76,0.1207,Partially Funded
SAV-06613,CUST-06613,635.89,20053.03,0.1825,Fully Funded
SAV-06614,CUST-06614,1456.33,54219.1,0.1909,Fully Funded
SAV-06615,CUST-06615,1577.76,42958.09,0.2324,Fully Funded
SAV-06616,CUST-06616,969.57,101838.16,0.1775,Fully Funded
SAV-06617,CUST-06617,1384.46,30235.28,0.1671,Partially Funded
SAV-06618,CUST-06618,713.84,11950.53,0.2618,Fully Funded
SAV-06619,CUST-06619,775.39,51017.45,0.1723,Fully Funded
SAV-06620,CUST-06620,1006.1,42933.69,0.2013,Fully Funded
SAV-06621,CUST-06621,655.49,46473.14,0.1166,Fully Funded
SAV-06622,CUST-06622,33.29,3102.49,0.0507,Partially Funded
SAV-06623,CUST-06623,1778.3,92899.14,0.2775,Fully Funded
SAV-06624,CUST-06624,645.1,61821.44,0.1255,Fully Funded
SAV-06625,CUST-06625,3612.38,191928.46,0.2494,Fully Funded
SAV-06626,CUST-06626,804.13,60510.39,0.1524,Fully Funded
SAV-06627,CUST-06627,622.64,28667.21,0.1277,Fully Funded
SAV-06628,CUST-06628,1193.65,96072.72,0.1242,Fully Funded
SAV-06629,CUST-06629,2339.88,135992.08,0.2103,Fully Funded
SAV-06630,CUST-06630,1971.12,112443.43,0.1715,Fully Funded
SAV-06631,CUST-06631,625.19,27900.09,0.2244,Fully Funded
SAV-06632,CUST-06632,1309.74,44100.61,0.1261,Partially Funded
SAV-06633,CUST-06633,712.7,15992.22,0.1041,Low
SAV-06634,CUST-06634,2005.05,43524.22,0.19,Partially Funded
SAV-06635,CUST-06635,610.61,13737.91,0.1884,Partially Funded
SAV-06636,CUST-06636,1438.27,121869.32,0.1705,Fully Funded
SAV-06637,CUST-06637,1650.66,153111.67,0.151,Fully Funded
SAV-06638,CUST-06638,2725.99,195291.48,0.2299,Fully Funded
SAV-06639,CUST-06639,784.5,20472.3,0.2585,Fully Funded
SAV-06640,CUST-06640,530.96,43638.12,0.1398,Fully Funded
SAV-06641,CUST-06641,1875.15,137499.59,0.1677,Fully Funded
SAV-06642,CUST-06642,1264.64,27531.89,0.1956,Partially Funded
SAV-06643,CUST-06643,1631.85,140287.42,0.2308,Fully Funded
SAV-06644,CUST-06644,1955.96,49812.08,0.1687,Fully Funded
SAV-06645,CUST-06645,1093.01,23678.59,0.0993,Low
SAV-06646,CUST-06646,110.13,1735.72,0.1173,Low
SAV-06647,CUST-06647,923.45,26693.51,0.1664,Fully Funded
SAV-06648,CUST-06648,472.83,7745.39,0.1424,Low
SAV-06649,CUST-06649,1870.82,32389.56,0.2472,Fully Funded
SAV-06650,CUST-06650,1304.57,18024.79,0.162,Partially Funded
SAV-06651,CUST-06651,862.23,34262.18,0.2109,Fully Funded
SAV-06652,CUST-06652,582.4,39259.31,0.0978,Fully Funded
SAV-06653,CUST-06653,951.18,57841.66,0.2197,Fully Funded
SAV-06654,CUST-06654,977.84,59432.47,0.2038,Fully Funded
SAV-06655,CUST-06655,594.04,9555.45,0.1699,Partially Funded
SAV-06656,CUST-06656,918.89,32815.44,0.1336,Fully Funded
SAV-06657,CUST-06657,1312.7,82449.61,0.2444,Fully Funded
SAV-06658,CUST-06658,841.65,22245.79,0.0823,Low
SAV-06659,CUST-06659,327.23,8910.88,0.1148,Partially Funded
SAV-06660,CUST-06660,731.84,63192.33,0.0914,Fully Funded
SAV-06661,CUST-06661,574.93,51150.61,0.1264,Fully Funded
SAV-06662,CUST-06662,714.99,32469.85,0.1173,Fully Funded
SAV-06663,CUST-06663,210.38,6948.09,0.049,Low
SAV-06664,CUST-06664,318.69,5977.21,0.0925,Low
SAV-06665,CUST-06665,828.44,16336.05,0.2072,Partially Funded
SAV-06666,CUST-06666,126.91,7590.42,0.1209,Fully Funded
SAV-06667,CUST-06667,1455.39,51119.53,0.2089,Fully Funded
SAV-06668,CUST-06668,1504.9,58932.57,0.1117,Partially Funded
SAV-06669,CUST-06669,780.28,65497.22,0.1707,Fully Funded
SAV-06670,CUST-06670,59.05,4063.32,0.1181,Fully Funded
SAV-06671,CUST-06671,1653.67,60336.12,0.1959,Fully Funded
SAV-06672,CUST-06672,1280.57,41575.42,0.138,Partially Funded
SAV-06673,CUST-06673,994.97,88875.56,0.1722,Fully Funded
SAV-06674,CUST-06674,1165.75,85086.33,0.1313,Fully Funded
SAV-06675,CUST-06675,691.3,52236.36,0.1857,Fully Funded
SAV-06676,CUST-06676,283.24,8817.64,0.1032,Partially Funded
SAV-06677,CUST-06677,449.61,17019.52,0.1734,Fully Funded
SAV-06678,CUST-06678,246.12,8433.45,0.1383,Fully Funded
SAV-06679,CUST-06679,573.79,37117.85,0.1264,Fully Funded
SAV-06680,CUST-06680,756.31,58978.65,0.1166,Fully Funded
SAV-06681,CUST-06681,564.5,9533.14,0.1755,Partially Funded
SAV-06682,CUST-06682,420.83,32788.84,0.0738,Fully Funded
SAV-06683,CUST-06683,631.01,46548.87,0.1024,Fully Funded
SAV-06684,CUST-06684,645.25,18652.5,0.1206,Partially Funded
SAV-06685,CUST-06685,702.79,36453.41,0.1847,Fully Funded
SAV-06686,CUST-06686,1169.22,37766.63,0.1928,Fully Funded
SAV-06687,CUST-06687,1432.74,61630.76,0.1959,Fully Funded
SAV-06688,CUST-06688,468.2,12101.3,0.126,Partially Funded
SAV-06689,CUST-06689,1136.18,82070.59,0.2576,Fully Funded
SAV-06690,CUST-06690,1901.63,166154.16,0.237,Fully Funded
SAV-06691,CUST-06691,1625.94,63342.86,0.1601,Fully Funded
SAV-06692,CUST-06692,1185.51,97620.95,0.138,Fully Funded
SAV-06693,CUST-06693,848.69,28650.64,0.0956,Partially Funded
SAV-06694,CUST-06694,404.15,15604.82,0.1177,Partially Funded
SAV-06695,CUST-06695,735.38,26751.24,0.1343,Fully Funded
SAV-06696,CUST-06696,324.93,14973.64,0.1297,Fully Funded
SAV-06697,CUST-06697,1540.9,86048.84,0.253,Fully Funded
SAV-06698,CUST-06698,643.75,11244.19,0.161,Partially Funded
SAV-06699,CUST-06699,751.93,30744.99,0.1693,Fully Funded
SAV-06700,CUST-06700,749.45,15336.66,0.1337,Partially Funded
SAV-06701,CUST-06701,728.72,21136.62,0.1134,Partially Funded
SAV-06702,CUST-06702,1913.66,20316.99,0.2051,Partially Funded
SAV-06703,CUST-06703,2424.5,62733.97,0.1998,Fully Funded
SAV-06704,CUST-06704,1250.37,84268.55,0.2547,Fully Funded
SAV-06705,CUST-06705,626.83,44816.74,0.102,Fully Funded
SAV-06706,CUST-06706,915.73,66880.14,0.1341,Fully Funded
SAV-06707,CUST-06707,1180.49,69653.8,0.1277,Fully Funded
SAV-06708,CUST-06708,1611.26,98906.43,0.2373,Fully Funded
SAV-06709,CUST-06709,1357.08,68602.96,0.1456,Fully Funded
SAV-06710,CUST-06710,295.71,5998.05,0.0846,Low
SAV-06711,CUST-06711,580.44,53883.07,0.0902,Fully Funded
SAV-06712,CUST-06712,1034.75,87939.88,0.1316,Fully Funded
SAV-06713,CUST-06713,2909.17,51706.78,0.2308,Fully Funded
SAV-06714,CUST-06714,997.72,90033.21,0.1335,Fully Funded
SAV-06715,CUST-06715,416.96,15995.5,0.1157,Fully Funded
SAV-06716,CUST-06716,251.46,29000.37,0.0401,Partially Funded
SAV-06717,CUST-06717,592.12,24817.36,0.0997,Partially Funded
SAV-06718,CUST-06718,354.74,23500.94,0.144,Fully Funded
SAV-06719,CUST-06719,685.68,48815.09,0.1306,Fully Funded
SAV-06720,CUST-06720,831.72,23373.87,0.144,Partially Funded
SAV-06721,CUST-06721,3107.5,48143.58,0.2001,Partially Funded
SAV-06722,CUST-06722,1231.16,34033.98,0.1893,Fully Funded
SAV-06723,CUST-06723,1693.96,43523.69,0.1701,Fully Funded
SAV-06724,CUST-06724,471.93,41380.52,0.1275,Fully Funded
SAV-06725,CUST-06725,1233.88,44601.27,0.1446,Fully Funded
SAV-06726,CUST-06726,839.52,68761.05,0.2512,Fully Funded
SAV-06727,CUST-06727,577.91,32406.08,0.1159,Fully Funded
SAV-06728,CUST-06728,507.5,34273.57,0.0924,Fully Funded
SAV-06729,CUST-06729,1451.22,94872.65,0.2437,Fully Funded
SAV-06730,CUST-06730,696.24,27960.49,0.1466,Fully Funded
SAV-06731,CUST-06731,754.32,19099.53,0.145,Partially Funded
SAV-06732,CUST-06732,976.17,100848.69,0.1788,Fully Funded
SAV-06733,CUST-06733,1789.08,62352.19,0.1571,Fully Funded
SAV-06734,CUST-06734,1074.71,67666.89,0.2969,Fully Funded
SAV-06735,CUST-06735,1171.3,86966.19,0.1027,Fully Funded
SAV-06736,CUST-06736,660.77,33954.52,0.1864,Fully Funded
SAV-06737,CUST-06737,1649.12,28141.89,0.1583,Partially Funded
SAV-06738,CUST-06738,810.18,57395.56,0.1908,Fully Funded
SAV-06739,CUST-06739,1000.36,36615.3,0.2443,Fully Funded
SAV-06740,CUST-06740,140.69,6861.76,0.1641,Fully Funded
SAV-06741,CUST-06741,801.27,39434.6,0.1534,Fully Funded
SAV-06742,CUST-06742,486.37,49633.61,0.1586,Fully Funded
SAV-06743,CUST-06743,1799.16,128782.52,0.2721,Fully Funded
SAV-06744,CUST-06744,1014.52,95234.48,0.0954,Fully Funded
SAV-06745,CUST-06745,752.65,70391.01,0.1687,Fully Funded
SAV-06746,CUST-06746,689.83,37141.74,0.0957,Partially Funded
SAV-06747,CUST-06747,1447.95,89105.24,0.2229,Fully Funded
SAV-06748,CUST-06748,3398.45,121865.0,0.3088,Fully Funded
SAV-06749,CUST-06749,770.77,13649.89,0.1733,Partially Funded
SAV-06750,CUST-06750,225.98,6147.05,0.1393,Partially Funded
SAV-06751,CUST-06751,2475.94,119285.34,0.2233,Fully Funded
SAV-06752,CUST-06752,3496.21,50800.0,0.2024,Partially Funded
SAV-06753,CUST-06753,919.17,24279.38,0.1987,Fully Funded
SAV-06754,CUST-06754,1627.27,33011.2,0.2016,Partially Funded
SAV-06755,CUST-06755,696.6,54255.81,0.2934,Fully Funded
SAV-06756,CUST-06756,542.03,37890.34,0.0917,Fully Funded
SAV-06757,CUST-06757,166.95,13415.67,0.1127,Fully Funded
SAV-06758,CUST-06758,506.93,38053.29,0.129,Fully Funded
SAV-06759,CUST-06759,1524.27,116139.66,0.1936,Fully Funded
SAV-06760,CUST-06760,1006.24,28084.66,0.2044,Fully Funded
SAV-06761,CUST-06761,1833.03,32860.86,0.2523,Fully Funded
SAV-06762,CUST-06762,412.4,4590.28,0.0833,Low
SAV-06763,CUST-06763,3067.75,58159.19,0.2699,Fully Funded
SAV-06764,CUST-06764,362.55,6107.02,0.088,Low
SAV-06765,CUST-06765,208.67,8311.4,0.1379,Fully Funded
SAV-06766,CUST-06766,781.53,29005.87,0.2014,Fully Funded
SAV-06767,CUST-06767,625.64,26748.1,0.1408,Fully Funded
SAV-06768,CUST-06768,153.93,8374.69,0.1558,Fully Funded
SAV-06769,CUST-06769,657.24,14722.49,0.1252,Partially Funded
SAV-06770,CUST-06770,990.01,17845.73,0.1196,Low
SAV-06771,CUST-06771,854.15,101188.23,0.1764,Fully Funded
SAV-06772,CUST-06772,614.0,53156.11,0.0903,Fully Funded
SAV-06773,CUST-06773,236.5,13580.67,0.1172,Fully Funded
SAV-06774,CUST-06774,924.65,13578.6,0.1313,Low
SAV-06775,CUST-06775,940.67,60848.93,0.2009,Fully Funded
SAV-06776,CUST-06776,878.25,52002.6,0.2744,Fully Funded
SAV-06777,CUST-06777,736.57,56313.71,0.1393,Fully Funded
SAV-06778,CUST-06778,790.49,88715.58,0.1597,Fully Funded
SAV-06779,CUST-06779,782.77,49679.45,0.1273,Fully Funded
SAV-06780,CUST-06780,304.65,25876.63,0.0766,Fully Funded
SAV-06781,CUST-06781,1553.21,107930.15,0.1973,Fully Funded
SAV-06782,CUST-06782,2400.16,188744.04,0.2048,Fully Funded
SAV-06783,CUST-06783,1100.68,19741.54,0.1763,Partially Funded
SAV-06784,CUST-06784,1751.72,48618.98,0.1811,Fully Funded
SAV-06785,CUST-06785,1674.88,47694.14,0.157,Fully Funded
SAV-06786,CUST-06786,851.88,17115.49,0.16,Partially Funded
SAV-06787,CUST-06787,1912.34,67091.04,0.2188,Fully Funded
SAV-06788,CUST-06788,2280.73,38283.84,0.1711,Partially Funded
SAV-06789,CUST-06789,1572.76,145661.84,0.234,Fully Funded
SAV-06790,CUST-06790,452.98,25018.06,0.1376,Fully Funded
SAV-06791,CUST-06791,2414.68,213003.27,0.2873,Fully Funded
SAV-06792,CUST-06792,987.29,81183.36,0.1593,Fully Funded
SAV-06793,CUST-06793,1084.58,112039.71,0.1835,Fully Funded
SAV-06794,CUST-06794,799.28,18236.19,0.1514,Partially Funded
SAV-06795,CUST-06795,1283.19,69403.03,0.1917,Fully Funded
SAV-06796,CUST-06796,2122.82,85449.21,0.1702,Fully Funded
SAV-06797,CUST-06797,678.69,7418.71,0.1008,Low
SAV-06798,CUST-06798,628.98,30902.92,0.1102,Fully Funded
SAV-06799,CUST-06799,1690.31,73032.71,0.095,Partially Funded
SAV-06800,CUST-06800,398.57,34148.26,0.0555,Partially Funded
SAV-06801,CUST-06801,2410.38,51690.57,0.271,Fully Funded
SAV-06802,CUST-06802,492.91,50645.97,0.1399,Fully Funded
SAV-06803,CUST-06803,930.16,55850.58,0.1988,Fully Funded
SAV-06804,CUST-06804,305.46,17919.95,0.0975,Fully Funded
SAV-06805,CUST-06805,423.57,32730.21,0.0903,Fully Funded
SAV-06806,CUST-06806,449.93,27458.14,0.1303,Fully Funded
SAV-06807,CUST-06807,2170.93,110963.87,0.3248,Fully Funded
SAV-06808,CUST-06808,923.13,44376.54,0.2481,Fully Funded
SAV-06809,CUST-06809,1296.55,33674.27,0.1845,Fully Funded
SAV-06810,CUST-06810,1394.38,76146.31,0.2434,Fully Funded
SAV-06811,CUST-06811,383.42,23980.9,0.1716,Fully Funded
SAV-06812,CUST-06812,1332.16,48579.86,0.1647,Fully Funded
SAV-06813,CUST-06813,602.63,36819.45,0.1056,Fully Funded
SAV-06814,CUST-06814,65.27,2300.57,0.1024,Partially Funded
SAV-06815,CUST-06815,1918.35,77236.48,0.1901,Fully Funded
SAV-06816,CUST-06816,913.05,52800.32,0.2426,Fully Funded
SAV-06817,CUST-06817,339.33,23286.89,0.0865,Fully Funded
SAV-06818,CUST-06818,574.27,28849.49,0.1356,Fully Funded
SAV-06819,CUST-06819,469.66,7070.02,0.151,Partially Funded
SAV-06820,CUST-06820,515.66,51340.02,0.1704,Fully Funded
SAV-06821,CUST-06821,460.74,14367.28,0.1665,Fully Funded
SAV-06822,CUST-06822,477.75,27469.42,0.0985,Fully Funded
SAV-06823,CUST-06823,1034.37,12457.25,0.1564,Low
SAV-06824,CUST-06824,566.8,33721.0,0.1192,Fully Funded
SAV-06825,CUST-06825,1259.53,60162.76,0.1375,Fully Funded
SAV-06826,CUST-06826,387.65,30178.44,0.2091,Fully Funded
SAV-06827,CUST-06827,842.7,59995.28,0.1566,Fully Funded
SAV-06828,CUST-06828,744.74,12877.34,0.1248,Low
SAV-06829,CUST-06829,2305.1,96181.28,0.2336,Fully Funded
SAV-06830,CUST-06830,881.27,44120.69,0.1583,Fully Funded
SAV-06831,CUST-06831,313.17,6274.32,0.113,Low
SAV-06832,CUST-06832,336.04,5596.55,0.1297,Partially Funded
SAV-06833,CUST-06833,1279.34,45270.48,0.1415,Fully Funded
SAV-06834,CUST-06834,90.37,5546.65,0.0995,Fully Funded
SAV-06835,CUST-06835,263.16,6055.81,0.2335,Fully Funded
SAV-06836,CUST-06836,925.66,10420.66,0.1238,Low
SAV-06837,CUST-06837,1005.41,84287.46,0.1673,Fully Funded
SAV-06838,CUST-06838,1334.55,108533.58,0.1206,Fully Funded
SAV-06839,CUST-06839,1980.4,185262.51,0.3377,Fully Funded
SAV-06840,CUST-06840,792.2,66658.07,0.1614,Fully Funded
SAV-06841,CUST-06841,4556.27,310727.98,0.2576,Fully Funded
SAV-06842,CUST-06842,2061.58,44652.42,0.2319,Fully Funded
SAV-06843,CUST-06843,951.14,16017.17,0.2355,Partially Funded
SAV-06844,CUST-06844,1234.73,16734.35,0.1895,Partially Funded
SAV-06845,CUST-06845,498.32,6288.05,0.0933,Low
SAV-06846,CUST-06846,263.07,18644.3,0.1428,Fully Funded
SAV-06847,CUST-06847,1885.45,227486.73,0.2792,Fully Funded
SAV-06848,CUST-06848,118.21,8031.07,0.1221,Fully Funded
SAV-06849,CUST-06849,931.2,50534.99,0.1926,Fully Funded
SAV-06850,CUST-06850,124.79,5324.31,0.1602,Fully Funded
SAV-06851,CUST-06851,608.38,48833.39,0.1271,Fully Funded
SAV-06852,CUST-06852,551.31,36848.5,0.1296,Fully Funded
SAV-06853,CUST-06853,2067.43,37540.95,0.1881,Partially Funded
SAV-06854,CUST-06854,1243.92,46742.6,0.1662,Fully Funded
SAV-06855,CUST-06855,2064.07,177620.05,0.2301,Fully Funded
SAV-06856,CUST-06856,785.95,42534.0,0.1591,Fully Funded
SAV-06857,CUST-06857,1351.9,163388.35,0.1983,Fully Funded
SAV-06858,CUST-06858,874.58,75275.03,0.1574,Fully Funded
SAV-06859,CUST-06859,482.69,27066.25,0.1487,Fully Funded
SAV-06860,CUST-06860,675.28,36229.74,0.1308,Fully Funded
SAV-06861,CUST-06861,1077.53,31780.44,0.21,Fully Funded
SAV-06862,CUST-06862,115.29,3345.54,0.0706,Low
SAV-06863,CUST-06863,1129.74,101688.23,0.1449,Fully Funded
SAV-06864,CUST-06864,531.26,58968.43,0.1767,Fully Funded
SAV-06865,CUST-06865,880.9,72838.71,0.1575,Fully Funded
SAV-06866,CUST-06866,680.49,52793.73,0.0752,Fully Funded
SAV-06867,CUST-06867,1963.27,162299.16,0.1562,Fully Funded
SAV-06868,CUST-06868,1327.22,16541.2,0.1287,Low
SAV-06869,CUST-06869,1026.76,40085.69,0.1058,Partially Funded
SAV-06870,CUST-06870,104.21,3154.71,0.1199,Partially Funded
SAV-06871,CUST-06871,276.17,26442.62,0.1374,Fully Funded
SAV-06872,CUST-06872,883.76,39046.63,0.147,Fully Funded
SAV-06873,CUST-06873,1985.84,196289.77,0.1919,Fully Funded
SAV-06874,CUST-06874,669.0,20712.2,0.1031,Partially Funded
SAV-06875,CUST-06875,1233.52,83894.99,0.1219,Fully Funded
SAV-06876,CUST-06876,328.33,24016.86,0.0923,Fully Funded
SAV-06877,CUST-06877,134.63,2560.81,0.0504,Low
SAV-06878,CUST-06878,1319.44,64870.99,0.2855,Fully Funded
SAV-06879,CUST-06879,1208.75,32864.92,0.1535,Partially Funded
SAV-06880,CUST-06880,1172.21,102127.54,0.1396,Fully Funded
SAV-06881,CUST-06881,1443.38,69404.47,0.2434,Fully Funded
SAV-06882,CUST-06882,1425.66,64090.39,0.1726,Fully Funded
SAV-06883,CUST-06883,553.31,37636.76,0.1305,Fully Funded
SAV-06884,CUST-06884,276.87,5730.93,0.1301,Partially Funded
SAV-06885,CUST-06885,2165.22,66920.0,0.2128,Fully Funded
SAV-06886,CUST-06886,900.14,60562.61,0.2369,Fully Funded
SAV-06887,CUST-06887,486.82,19170.69,0.1558,Fully Funded
SAV-06888,CUST-06888,1321.24,87834.64,0.1867,Fully Funded
SAV-06889,CUST-06889,479.28,41526.86,0.1189,Fully Funded
SAV-06890,CUST-06890,854.36,51313.79,0.1255,Fully Funded
SAV-06891,CUST-06891,129.35,5629.01,0.1444,Fully Funded
SAV-06892,CUST-06892,887.48,17237.93,0.1462,Partially Funded
SAV-06893,CUST-06893,1676.07,36136.54,0.2184,Fully Funded
SAV-06894,CUST-06894,2070.82,64829.1,0.1974,Fully Funded
SAV-06895,CUST-06895,2179.55,132768.7,0.2376,Fully Funded
SAV-06896,CUST-06896,1697.58,160124.25,0.1894,Fully Funded
SAV-06897,CUST-06897,520.6,43049.25,0.1396,Fully Funded
SAV-06898,CUST-06898,833.3,34418.33,0.1872,Fully Funded
SAV-06899,CUST-06899,1765.32,51452.69,0.1298,Partially Funded
SAV-06900,CUST-06900,1112.71,118389.27,0.2153,Fully Funded
SAV-06901,CUST-06901,1985.39,39431.89,0.1697,Partially Funded
SAV-06902,CUST-06902,247.55,20094.49,0.0592,Partially Funded
SAV-06903,CUST-06903,175.93,7730.53,0.1384,Fully Funded
SAV-06904,CUST-06904,988.23,107022.05,0.1081,Fully Funded
SAV-06905,CUST-06905,507.47,44400.28,0.2364,Fully Funded
SAV-06906,CUST-06906,96.87,8483.86,0.1061,Fully Funded
SAV-06907,CUST-06907,696.02,19047.91,0.1114,Partially Funded
SAV-06908,CUST-06908,815.16,51445.04,0.1036,Fully Funded
SAV-06909,CUST-06909,547.33,18859.67,0.1929,Fully Funded
SAV-06910,CUST-06910,1571.73,110960.86,0.2693,Fully Funded
SAV-06911,CUST-06911,1938.76,59541.18,0.1474,Partially Funded
SAV-06912,CUST-06912,1058.77,61462.69,0.2081,Fully Funded
SAV-06913,CUST-06913,1123.67,62024.08,0.2156,Fully Funded
SAV-06914,CUST-06914,801.53,19258.94,0.1883,Fully Funded
SAV-06915,CUST-06915,1509.15,47144.38,0.1833,Fully Funded
SAV-06916,CUST-06916,784.97,14246.08,0.1564,Partially Funded
SAV-06917,CUST-06917,1110.48,16584.94,0.1966,Partially Funded
SAV-06918,CUST-06918,97.46,3053.86,0.1002,Partially Funded
SAV-06919,CUST-06919,683.01,66146.15,0.1324,Fully Funded
SAV-06920,CUST-06920,1596.67,105811.27,0.2087,Fully Funded
SAV-06921,CUST-06921,1181.98,103969.99,0.1699,Fully Funded
SAV-06922,CUST-06922,398.81,41331.3,0.1459,Fully Funded
SAV-06923,CUST-06923,1736.47,94857.66,0.1975,Fully Funded
SAV-06924,CUST-06924,775.87,29436.93,0.1185,Fully Funded
SAV-06925,CUST-06925,667.49,63846.85,0.1891,Fully Funded
SAV-06926,CUST-06926,980.3,37820.64,0.1652,Fully Funded
SAV-06927,CUST-06927,1445.0,43007.84,0.2284,Fully Funded
SAV-06928,CUST-06928,705.14,8773.74,0.0908,Low
SAV-06929,CUST-06929,195.33,9024.42,0.1451,Fully Funded
SAV-06930,CUST-06930,471.85,15037.07,0.1291,Partially Funded
SAV-06931,CUST-06931,393.79,29062.56,0.0905,Fully Funded
SAV-06932,CUST-06932,452.95,17446.69,0.0908,Partially Funded
SAV-06933,CUST-06933,1265.67,38939.1,0.1874,Fully Funded
SAV-06934,CUST-06934,747.31,31085.7,0.2327,Fully Funded
SAV-06935,CUST-06935,1113.62,54098.31,0.1329,Fully Funded
SAV-06936,CUST-06936,728.35,12487.01,0.1477,Partially Funded
SAV-06937,CUST-06937,362.94,17973.62,0.0706,Partially Funded
SAV-06938,CUST-06938,515.82,39156.15,0.0879,Fully Funded
SAV-06939,CUST-06939,971.25,62389.25,0.2304,Fully Funded
SAV-06940,CUST-06940,767.76,17079.35,0.126,Partially Funded
SAV-06941,CUST-06941,2392.83,98435.95,0.1618,Fully Funded
SAV-06942,CUST-06942,584.0,36758.16,0.1543,Fully Funded
SAV-06943,CUST-06943,1292.16,70823.1,0.143,Fully Funded
SAV-06944,CUST-06944,2338.37,40765.51,0.1503,Partially Funded
SAV-06945,CUST-06945,1399.21,89979.49,0.1197,Fully Funded
SAV-06946,CUST-06946,2117.55,170520.16,0.1943,Fully Funded
SAV-06947,CUST-06947,1117.55,52623.28,0.1643,Fully Funded
SAV-06948,CUST-06948,449.09,35436.9,0.0725,Fully Funded
SAV-06949,CUST-06949,284.17,16421.89,0.1093,Fully Funded
SAV-06950,CUST-06950,833.41,48879.13,0.1312,Fully Funded
SAV-06951,CUST-06951,979.17,49854.56,0.1527,Fully Funded
SAV-06952,CUST-06952,200.42,10777.35,0.1663,Fully Funded
SAV-06953,CUST-06953,966.7,33298.43,0.1081,Partially Funded
SAV-06954,CUST-06954,1642.63,101994.26,0.2024,Fully Funded
SAV-06955,CUST-06955,1392.97,109456.69,0.1482,Fully Funded
SAV-06956,CUST-06956,1106.47,73891.53,0.1623,Fully Funded
SAV-06957,CUST-06957,794.43,31054.15,0.1021,Partially Funded
SAV-06958,CUST-06958,1058.66,94023.91,0.1205,Fully Funded
SAV-06959,CUST-06959,1113.26,55076.65,0.1754,Fully Funded
SAV-06960,CUST-06960,130.65,9663.71,0.0564,Partially Funded
SAV-06961,CUST-06961,270.22,25108.16,0.0602,Fully Funded
SAV-06962,CUST-06962,861.14,85096.84,0.1712,Fully Funded
SAV-06963,CUST-06963,1138.91,18629.54,0.156,Partially Funded
SAV-06964,CUST-06964,257.94,17959.71,0.1325,Fully Funded
SAV-06965,CUST-06965,707.42,63821.79,0.1826,Fully Funded
SAV-06966,CUST-06966,345.45,21269.3,0.0987,Fully Funded
SAV-06967,CUST-06967,331.84,19689.21,0.0986,Fully Funded
SAV-06968,CUST-06968,493.74,53517.87,0.1415,Fully Funded
SAV-06969,CUST-06969,1312.3,63821.38,0.2038,Fully Funded
SAV-06970,CUST-06970,353.77,11727.08,0.0981,Partially Funded
SAV-06971,CUST-06971,1797.91,183857.88,0.1857,Fully Funded
SAV-06972,CUST-06972,140.67,1892.45,0.1552,Low
SAV-06973,CUST-06973,719.16,20897.71,0.1704,Fully Funded
SAV-06974,CUST-06974,1863.95,81538.94,0.2029,Fully Funded
SAV-06975,CUST-06975,687.16,45771.92,0.1021,Fully Funded
SAV-06976,CUST-06976,2901.86,132880.47,0.1673,Fully Funded
SAV-06977,CUST-06977,58.04,4098.89,0.0806,Fully Funded
SAV-06978,CUST-06978,1554.33,49064.8,0.1042,Partially Funded
SAV-06979,CUST-06979,1016.59,12693.67,0.2194,Partially Funded
SAV-06980,CUST-06980,361.44,22331.24,0.1418,Fully Funded
SAV-06981,CUST-06981,1089.33,42492.34,0.2578,Fully Funded
SAV-06982,CUST-06982,888.86,70978.29,0.1743,Fully Funded
SAV-06983,CUST-06983,174.27,15155.58,0.1657,Fully Funded
SAV-06984,CUST-06984,1535.9,44958.03,0.1607,Fully Funded
SAV-06985,CUST-06985,187.1,11198.98,0.1325,Fully Funded
SAV-06986,CUST-06986,604.86,34711.89,0.1463,Fully Funded
SAV-06987,CUST-06987,428.92,37991.36,0.1263,Fully Funded
SAV-06988,CUST-06988,1214.24,85493.37,0.1483,Fully Funded
SAV-06989,CUST-06989,530.22,35439.84,0.095,Fully Funded
SAV-06990,CUST-06990,2309.63,78210.79,0.1582,Fully Funded
SAV-06991,CUST-06991,733.69,63670.07,0.1318,Fully Funded
SAV-06992,CUST-06992,110.72,13948.49,0.1632,Fully Funded
SAV-06993,CUST-06993,502.42,24144.02,0.1496,Fully Funded
SAV-06994,CUST-06994,2127.46,57699.28,0.172,Fully Funded
SAV-06995,CUST-06995,189.56,8342.66,0.0995,Partially Funded
SAV-06996,CUST-06996,1437.34,77680.86,0.14,Fully Funded
SAV-06997,CUST-06997,265.98,9684.22,0.0862,Partially Funded
SAV-06998,CUST-06998,449.54,16362.6,0.0734,Low
SAV-06999,CUST-06999,966.78,17810.82,0.15,Partially Funded
SAV-07000,CUST-07000,484.57,22735.9,0.0576,Partially Funded
SAV-07001,CUST-07001,1706.87,53130.47,0.167,Fully Funded
SAV-07002,CUST-07002,532.7,27339.67,0.111,Fully Funded
SAV-07003,CUST-07003,673.78,25583.3,0.2005,Fully Funded
SAV-07004,CUST-07004,1155.43,23013.9,0.2694,Fully Funded
SAV-07005,CUST-07005,1012.68,72289.65,0.1649,Fully Funded
SAV-07006,CUST-07006,694.22,68381.91,0.0877,Fully Funded
SAV-07007,CUST-07007,1085.92,82577.15,0.2714,Fully Funded
SAV-07008,CUST-07008,829.56,25364.26,0.1107,Partially Funded
SAV-07009,CUST-07009,440.81,7710.61,0.1154,Low
SAV-07010,CUST-07010,607.78,52227.02,0.1346,Fully Funded
SAV-07011,CUST-07011,821.86,71015.62,0.1991,Fully Funded
SAV-07012,CUST-07012,1455.1,23829.6,0.2213,Partially Funded
SAV-07013,CUST-07013,520.59,11993.82,0.0815,Low
SAV-07014,CUST-07014,2005.95,128455.18,0.155,Fully Funded
SAV-07015,CUST-07015,1265.14,124509.36,0.2394,Fully Funded
SAV-07016,CUST-07016,1225.9,112328.93,0.1233,Fully Funded
SAV-07017,CUST-07017,726.62,19167.75,0.1338,Partially Funded
SAV-07018,CUST-07018,618.0,50460.15,0.1479,Fully Funded
SAV-07019,CUST-07019,406.63,22510.49,0.1371,Fully Funded
SAV-07020,CUST-07020,1778.16,137544.09,0.23,Fully Funded
SAV-07021,CUST-07021,1354.03,112541.0,0.2469,Fully Funded
SAV-07022,CUST-07022,1138.42,62127.11,0.1086,Fully Funded
SAV-07023,CUST-07023,726.59,54376.04,0.1028,Fully Funded
SAV-07024,CUST-07024,687.25,75383.06,0.1347,Fully Funded
SAV-07025,CUST-07025,1463.84,94870.9,0.2004,Fully Funded
SAV-07026,CUST-07026,826.94,54029.13,0.1367,Fully Funded
SAV-07027,CUST-07027,1450.25,20551.66,0.1637,Partially Funded
SAV-07028,CUST-07028,1076.34,63524.73,0.1219,Fully Funded
SAV-07029,CUST-07029,344.56,28234.98,0.1315,Fully Funded
SAV-07030,CUST-07030,772.42,36899.03,0.1387,Fully Funded
SAV-07031,CUST-07031,625.61,52581.77,0.1173,Fully Funded
SAV-07032,CUST-07032,532.45,31069.63,0.156,Fully Funded
SAV-07033,CUST-07033,475.38,35110.38,0.1167,Fully Funded
SAV-07034,CUST-07034,1497.4,179169.76,0.2244,Fully Funded
SAV-07035,CUST-07035,505.71,29106.29,0.0953,Fully Funded
SAV-07036,CUST-07036,1053.27,64636.1,0.1387,Fully Funded
SAV-07037,CUST-07037,1020.37,51172.36,0.2381,Fully Funded
SAV-07038,CUST-07038,630.47,10862.6,0.1535,Partially Funded
SAV-07039,CUST-07039,683.34,29019.32,0.14,Fully Funded
SAV-07040,CUST-07040,739.08,63167.35,0.1203,Fully Funded
SAV-07041,CUST-07041,334.07,12135.43,0.0961,Partially Funded
SAV-07042,CUST-07042,1812.98,67061.73,0.2443,Fully Funded
SAV-07043,CUST-07043,965.33,73411.82,0.1698,Fully Funded
SAV-07044,CUST-07044,978.12,43468.14,0.1141,Fully Funded
SAV-07045,CUST-07045,832.57,31430.21,0.0971,Partially Funded
SAV-07046,CUST-07046,807.75,54740.1,0.1555,Fully Funded
SAV-07047,CUST-07047,276.23,13019.38,0.0955,Partially Funded
SAV-07048,CUST-07048,771.66,59152.77,0.2146,Fully Funded
SAV-07049,CUST-07049,748.25,75326.19,0.1333,Fully Funded
SAV-07050,CUST-07050,886.08,29373.42,0.1914,Fully Funded
SAV-07051,CUST-07051,1005.76,101119.63,0.2429,Fully Funded
SAV-07052,CUST-07052,561.28,28605.64,0.0839,Partially Funded
SAV-07053,CUST-07053,1861.34,112308.56,0.2487,Fully Funded
SAV-07054,CUST-07054,818.89,57184.64,0.2304,Fully Funded
SAV-07055,CUST-07055,641.38,23390.31,0.1502,Fully Funded
SAV-07056,CUST-07056,1670.84,136926.66,0.0796,Fully Funded
SAV-07057,CUST-07057,801.6,26450.69,0.1655,Fully Funded
SAV-07058,CUST-07058,695.46,59236.38,0.1244,Fully Funded
SAV-07059,CUST-07059,334.94,7439.97,0.1507,Partially Funded
SAV-07060,CUST-07060,653.91,54014.81,0.1576,Fully Funded
SAV-07061,CUST-07061,837.15,88513.05,0.1425,Fully Funded
SAV-07062,CUST-07062,106.71,3374.27,0.1728,Fully Funded
SAV-07063,CUST-07063,332.41,9430.07,0.124,Partially Funded
SAV-07064,CUST-07064,301.94,3350.99,0.0862,Low
SAV-07065,CUST-07065,918.56,43364.7,0.1839,Fully Funded
SAV-07066,CUST-07066,1391.21,39704.38,0.2159,Fully Funded
SAV-07067,CUST-07067,154.97,2250.12,0.1744,Partially Funded
SAV-07068,CUST-07068,1038.32,45064.78,0.1894,Fully Funded
SAV-07069,CUST-07069,1110.88,35620.82,0.176,Fully Funded
SAV-07070,CUST-07070,344.96,13355.56,0.2005,Fully Funded
SAV-07071,CUST-07071,904.47,35930.94,0.1545,Fully Funded
SAV-07072,CUST-07072,592.95,38388.54,0.1072,Fully Funded
SAV-07073,CUST-07073,761.87,44536.77,0.0999,Fully Funded
SAV-07074,CUST-07074,1594.78,28942.35,0.2551,Fully Funded
SAV-07075,CUST-07075,3069.13,111829.24,0.2599,Fully Funded
SAV-07076,CUST-07076,353.02,21285.91,0.0579,Partially Funded
SAV-07077,CUST-07077,282.55,18990.17,0.0802,Fully Funded
SAV-07078,CUST-07078,1114.66,68019.88,0.1965,Fully Funded
SAV-07079,CUST-07079,799.29,40805.31,0.1795,Fully Funded
SAV-07080,CUST-07080,825.09,51357.75,0.2006,Fully Funded
SAV-07081,CUST-07081,394.64,15375.61,0.1312,Fully Funded
SAV-07082,CUST-07082,968.36,50167.59,0.1714,Fully Funded
SAV-07083,CUST-07083,2254.13,212740.22,0.1994,Fully Funded
SAV-07084,CUST-07084,1509.05,142658.75,0.1891,Fully Funded
SAV-07085,CUST-07085,1684.94,24526.7,0.2281,Partially Funded
SAV-07086,CUST-07086,683.07,19123.33,0.2026,Fully Funded
SAV-07087,CUST-07087,1207.22,76932.97,0.2392,Fully Funded
SAV-07088,CUST-07088,1849.51,181327.05,0.2465,Fully Funded
SAV-07089,CUST-07089,897.61,74047.63,0.1566,Fully Funded
SAV-07090,CUST-07090,2307.43,112185.5,0.2506,Fully Funded
SAV-07091,CUST-07091,1008.83,72403.47,0.145,Fully Funded
SAV-07092,CUST-07092,2845.61,159741.46,0.244,Fully Funded
SAV-07093,CUST-07093,950.94,43675.22,0.1133,Fully Funded
SAV-07094,CUST-07094,1504.68,71472.2,0.224,Fully Funded
SAV-07095,CUST-07095,888.26,30324.6,0.1715,Fully Funded
SAV-07096,CUST-07096,605.61,37714.51,0.0511,Partially Funded
SAV-07097,CUST-07097,982.07,28730.14,0.1833,Fully Funded
SAV-07098,CUST-07098,629.84,28739.43,0.0939,Partially Funded
SAV-07099,CUST-07099,457.48,52612.07,0.2937,Fully Funded
SAV-07100,CUST-07100,849.22,19937.58,0.0852,Low
SAV-07101,CUST-07101,2319.09,97853.49,0.2792,Fully Funded
SAV-07102,CUST-07102,2043.94,111581.15,0.1892,Fully Funded
SAV-07103,CUST-07103,739.0,51478.68,0.1625,Fully Funded
SAV-07104,CUST-07104,367.29,12780.26,0.0657,Low
SAV-07105,CUST-07105,1532.99,52232.36,0.1932,Fully Funded
SAV-07106,CUST-07106,407.95,40716.52,0.1446,Fully Funded
SAV-07107,CUST-07107,597.87,33628.82,0.1304,Fully Funded
SAV-07108,CUST-07108,1413.96,33449.35,0.2169,Fully Funded
SAV-07109,CUST-07109,635.85,42373.52,0.1055,Fully Funded
SAV-07110,CUST-07110,1429.18,46867.22,0.1526,Fully Funded
SAV-07111,CUST-07111,1026.63,50952.21,0.2309,Fully Funded
SAV-07112,CUST-07112,451.22,14692.36,0.1633,Fully Funded
SAV-07113,CUST-07113,1289.77,137994.4,0.2459,Fully Funded
SAV-07114,CUST-07114,1303.76,40448.03,0.1432,Partially Funded
SAV-07115,CUST-07115,416.86,29376.74,0.1237,Fully Funded
SAV-07116,CUST-07116,724.0,27375.76,0.2044,Fully Funded
SAV-07117,CUST-07117,1173.68,83562.51,0.2085,Fully Funded
SAV-07118,CUST-07118,552.86,11256.27,0.0952,Low
SAV-07119,CUST-07119,452.98,15140.31,0.0921,Partially Funded
SAV-07120,CUST-07120,354.75,14021.18,0.0752,Partially Funded
SAV-07121,CUST-07121,2775.07,153060.02,0.2573,Fully Funded
SAV-07122,CUST-07122,620.57,48686.45,0.1227,Fully Funded
SAV-07123,CUST-07123,435.04,29831.13,0.1252,Fully Funded
SAV-07124,CUST-07124,274.23,12136.93,0.1983,Fully Funded
SAV-07125,CUST-07125,1101.28,27479.39,0.1527,Partially Funded
SAV-07126,CUST-07126,390.34,29299.76,0.1814,Fully Funded
SAV-07127,CUST-07127,999.83,83820.75,0.1092,Fully Funded
SAV-07128,CUST-07128,986.68,23216.94,0.16,Partially Funded
SAV-07129,CUST-07129,1254.98,118459.22,0.2558,Fully Funded
SAV-07130,CUST-07130,618.66,60136.1,0.1534,Fully Funded
SAV-07131,CUST-07131,883.67,69891.43,0.1533,Fully Funded
SAV-07132,CUST-07132,1280.45,50960.42,0.1505,Fully Funded
SAV-07133,CUST-07133,307.9,16003.23,0.1217,Fully Funded
SAV-07134,CUST-07134,1242.14,54656.96,0.1815,Fully Funded
SAV-07135,CUST-07135,304.61,9564.68,0.1488,Partially Funded
SAV-07136,CUST-07136,1110.97,20505.29,0.2078,Partially Funded
SAV-07137,CUST-07137,496.19,8391.74,0.1264,Low
SAV-07138,CUST-07138,325.97,9564.45,0.071,Low
SAV-07139,CUST-07139,1030.8,64145.68,0.2515,Fully Funded
SAV-07140,CUST-07140,1159.53,56249.59,0.2272,Fully Funded
SAV-07141,CUST-07141,1141.0,135479.31,0.1195,Fully Funded
SAV-07142,CUST-07142,613.68,50570.62,0.1502,Fully Funded
SAV-07143,CUST-07143,359.71,15574.72,0.0951,Partially Funded
SAV-07144,CUST-07144,403.14,29650.21,0.1211,Fully Funded
SAV-07145,CUST-07145,727.48,52414.24,0.1374,Fully Funded
SAV-07146,CUST-07146,2406.24,118264.65,0.2541,Fully Funded
SAV-07147,CUST-07147,674.86,11640.81,0.1304,Low
SAV-07148,CUST-07148,193.59,7455.8,0.1239,Fully Funded
SAV-07149,CUST-07149,118.96,12519.95,0.1197,Fully Funded
SAV-07150,CUST-07150,731.79,83556.85,0.0976,Fully Funded
SAV-07151,CUST-07151,864.51,37818.87,0.1379,Fully Funded
SAV-07152,CUST-07152,1366.27,19062.54,0.1459,Low
SAV-07153,CUST-07153,1598.88,98768.5,0.3012,Fully Funded
SAV-07154,CUST-07154,2323.65,219516.09,0.2644,Fully Funded
SAV-07155,CUST-07155,782.14,71755.83,0.2196,Fully Funded
SAV-07156,CUST-07156,725.32,55774.98,0.2307,Fully Funded
SAV-07157,CUST-07157,402.55,22119.22,0.1431,Fully Funded
SAV-07158,CUST-07158,1437.06,74046.7,0.1869,Fully Funded
SAV-07159,CUST-07159,1502.36,79174.18,0.1342,Fully Funded
SAV-07160,CUST-07160,805.53,77620.34,0.213,Fully Funded
SAV-07161,CUST-07161,299.87,7672.97,0.0535,Low
SAV-07162,CUST-07162,697.68,75751.25,0.2357,Fully Funded
SAV-07163,CUST-07163,485.33,21016.08,0.1755,Fully Funded
SAV-07164,CUST-07164,1086.35,115948.44,0.131,Fully Funded
SAV-07165,CUST-07165,1936.52,90214.03,0.2325,Fully Funded
SAV-07166,CUST-07166,1237.63,94245.36,0.1631,Fully Funded
SAV-07167,CUST-07167,778.23,21128.38,0.1621,Partially Funded
SAV-07168,CUST-07168,1718.82,80264.09,0.2205,Fully Funded
SAV-07169,CUST-07169,738.25,79756.78,0.1245,Fully Funded
SAV-07170,CUST-07170,1215.18,45775.02,0.1785,Fully Funded
SAV-07171,CUST-07171,642.55,20321.13,0.134,Partially Funded
SAV-07172,CUST-07172,745.7,55272.81,0.1648,Fully Funded
SAV-07173,CUST-07173,1130.19,24861.49,0.1586,Partially Funded
SAV-07174,CUST-07174,488.12,54086.22,0.1335,Fully Funded
SAV-07175,CUST-07175,1872.35,68065.55,0.2305,Fully Funded
SAV-07176,CUST-07176,720.11,86106.89,0.066,Fully Funded
SAV-07177,CUST-07177,2721.41,54742.3,0.2269,Fully Funded
SAV-07178,CUST-07178,1385.87,73381.89,0.1476,Fully Funded
SAV-07179,CUST-07179,267.56,7168.93,0.0743,Low
SAV-07180,CUST-07180,794.21,68348.53,0.1216,Fully Funded
SAV-07181,CUST-07181,1874.11,134072.01,0.2324,Fully Funded
SAV-07182,CUST-07182,1098.6,48686.25,0.1666,Fully Funded
SAV-07183,CUST-07183,1631.11,56257.08,0.1329,Fully Funded
SAV-07184,CUST-07184,996.45,74523.76,0.1873,Fully Funded
SAV-07185,CUST-07185,2403.78,36957.62,0.2727,Fully Funded
SAV-07186,CUST-07186,747.46,26672.34,0.1695,Fully Funded
SAV-07187,CUST-07187,800.2,27278.88,0.0962,Partially Funded
SAV-07188,CUST-07188,1083.91,50804.44,0.1725,Fully Funded
SAV-07189,CUST-07189,663.97,51996.16,0.1485,Fully Funded
SAV-07190,CUST-07190,728.71,48539.11,0.1637,Fully Funded
SAV-07191,CUST-07191,77.35,2623.24,0.0887,Partially Funded
SAV-07192,CUST-07192,971.46,15692.68,0.2304,Partially Funded
SAV-07193,CUST-07193,371.06,23193.92,0.2172,Fully Funded
SAV-07194,CUST-07194,466.11,32082.53,0.1083,Fully Funded
SAV-07195,CUST-07195,487.92,5855.3,0.105,Low
SAV-07196,CUST-07196,654.68,27464.9,0.1527,Fully Funded
SAV-07197,CUST-07197,1079.29,40336.73,0.1538,Fully Funded
SAV-07198,CUST-07198,487.12,49626.17,0.1102,Fully Funded
SAV-07199,CUST-07199,1163.74,72102.73,0.3,Fully Funded
SAV-07200,CUST-07200,722.49,64285.37,0.2709,Fully Funded
SAV-07201,CUST-07201,1358.2,64505.89,0.1105,Fully Funded
SAV-07202,CUST-07202,1288.82,77484.89,0.1939,Fully Funded
SAV-07203,CUST-07203,1304.7,57026.13,0.1844,Fully Funded
SAV-07204,CUST-07204,1981.81,166185.09,0.2023,Fully Funded
SAV-07205,CUST-07205,1681.54,70666.81,0.2491,Fully Funded
SAV-07206,CUST-07206,834.53,10204.68,0.1293,Low
SAV-07207,CUST-07207,751.14,30717.01,0.1554,Fully Funded
SAV-07208,CUST-07208,1178.17,50547.51,0.1671,Fully Funded
SAV-07209,CUST-07209,534.92,54173.83,0.077,Fully Funded
SAV-07210,CUST-07210,761.59,13768.15,0.1795,Partially Funded
SAV-07211,CUST-07211,803.87,65074.33,0.1487,Fully Funded
SAV-07212,CUST-07212,1173.55,39811.79,0.2053,Fully Funded
SAV-07213,CUST-07213,610.26,27106.18,0.1423,Fully Funded
SAV-07214,CUST-07214,381.03,13009.45,0.1702,Fully Funded
SAV-07215,CUST-07215,803.69,17511.47,0.2773,Fully Funded
SAV-07216,CUST-07216,2183.43,228126.82,0.2168,Fully Funded
SAV-07217,CUST-07217,644.89,9810.13,0.1042,Low
SAV-07218,CUST-07218,2425.07,119304.67,0.1963,Fully Funded
SAV-07219,CUST-07219,906.22,94207.44,0.2014,Fully Funded
SAV-07220,CUST-07220,222.39,16641.26,0.0653,Partially Funded
SAV-07221,CUST-07221,290.6,9297.2,0.0911,Partially Funded
SAV-07222,CUST-07222,1506.27,80580.41,0.1405,Fully Funded
SAV-07223,CUST-07223,1717.28,126932.68,0.2565,Fully Funded
SAV-07224,CUST-07224,2102.9,76181.93,0.1515,Fully Funded
SAV-07225,CUST-07225,2379.84,221365.9,0.2475,Fully Funded
SAV-07226,CUST-07226,1863.83,118490.39,0.263,Fully Funded
SAV-07227,CUST-07227,441.79,23432.18,0.0733,Partially Funded
SAV-07228,CUST-07228,1268.23,53361.51,0.1564,Fully Funded
SAV-07229,CUST-07229,1057.83,36188.07,0.192,Fully Funded
SAV-07230,CUST-07230,939.34,102584.85,0.2342,Fully Funded
SAV-07231,CUST-07231,1108.99,95169.5,0.1109,Fully Funded
SAV-07232,CUST-07232,1661.1,65598.1,0.2183,Fully Funded
SAV-07233,CUST-07233,528.71,27606.07,0.1423,Fully Funded
SAV-07234,CUST-07234,1153.63,36861.01,0.1514,Fully Funded
SAV-07235,CUST-07235,2506.29,33814.91,0.1685,Partially Funded
SAV-07236,CUST-07236,419.79,4892.78,0.1174,Low
SAV-07237,CUST-07237,850.35,45503.63,0.1315,Fully Funded
SAV-07238,CUST-07238,865.71,35732.48,0.1129,Partially Funded
SAV-07239,CUST-07239,889.15,74969.04,0.0963,Fully Funded
SAV-07240,CUST-07240,818.35,22217.66,0.131,Partially Funded
SAV-07241,CUST-07241,786.22,18228.4,0.1056,Partially Funded
SAV-07242,CUST-07242,1014.2,56966.37,0.1289,Fully Funded
SAV-07243,CUST-07243,1441.74,107163.93,0.1896,Fully Funded
SAV-07244,CUST-07244,445.87,37361.09,0.1171,Fully Funded
SAV-07245,CUST-07245,947.5,36845.07,0.1064,Partially Funded
SAV-07246,CUST-07246,508.67,47104.86,0.1371,Fully Funded
SAV-07247,CUST-07247,740.52,16945.71,0.1184,Partially Funded
SAV-07248,CUST-07248,1626.97,73501.28,0.1487,Fully Funded
SAV-07249,CUST-07249,429.18,9843.91,0.1157,Partially Funded
SAV-07250,CUST-07250,527.91,41980.31,0.0939,Fully Funded
SAV-07251,CUST-07251,1347.14,96285.8,0.1918,Fully Funded
SAV-07252,CUST-07252,1639.4,107213.84,0.1802,Fully Funded
SAV-07253,CUST-07253,725.66,44733.49,0.083,Partially Funded
SAV-07254,CUST-07254,844.24,31616.32,0.1341,Fully Funded
SAV-07255,CUST-07255,748.41,75908.11,0.1806,Fully Funded
SAV-07256,CUST-07256,224.57,18355.46,0.1479,Fully Funded
SAV-07257,CUST-07257,901.76,33098.89,0.0953,Partially Funded
SAV-07258,CUST-07258,1052.08,24571.37,0.1231,Partially Funded
SAV-07259,CUST-07259,412.74,29673.58,0.1236,Fully Funded
SAV-07260,CUST-07260,466.33,35084.58,0.0898,Fully Funded
SAV-07261,CUST-07261,830.89,69653.39,0.1236,Fully Funded
SAV-07262,CUST-07262,1312.67,50150.78,0.3266,Fully Funded
SAV-07263,CUST-07263,939.52,64235.86,0.1718,Fully Funded
SAV-07264,CUST-07264,2190.18,74383.11,0.1846,Fully Funded
SAV-07265,CUST-07265,270.76,14587.6,0.0616,Partially Funded
SAV-07266,CUST-07266,900.37,36563.04,0.2623,Fully Funded
SAV-07267,CUST-07267,2788.75,125046.59,0.2103,Fully Funded
SAV-07268,CUST-07268,1311.69,71318.73,0.2081,Fully Funded
SAV-07269,CUST-07269,733.21,25724.8,0.0735,Partially Funded
SAV-07270,CUST-07270,1289.4,42966.69,0.2143,Fully Funded
SAV-07271,CUST-07271,1230.65,103906.21,0.1809,Fully Funded
SAV-07272,CUST-07272,831.83,40293.69,0.1329,Fully Funded
SAV-07273,CUST-07273,473.33,24011.95,0.1069,Fully Funded
SAV-07274,CUST-07274,472.48,13377.62,0.1167,Partially Funded
SAV-07275,CUST-07275,1532.81,29837.13,0.2435,Fully Funded
SAV-07276,CUST-07276,1307.59,107857.44,0.1725,Fully Funded
SAV-07277,CUST-07277,700.86,39510.43,0.1212,Fully Funded
SAV-07278,CUST-07278,696.96,40505.7,0.2038,Fully Funded
SAV-07279,CUST-07279,191.65,12096.58,0.1635,Fully Funded
SAV-07280,CUST-07280,870.32,49066.71,0.199,Fully Funded
SAV-07281,CUST-07281,677.77,39222.08,0.1,Fully Funded
SAV-07282,CUST-07282,1834.67,79408.46,0.2315,Fully Funded
SAV-07283,CUST-07283,217.99,24149.63,0.159,Fully Funded
SAV-07284,CUST-07284,1255.16,68574.95,0.1431,Fully Funded
SAV-07285,CUST-07285,999.84,25949.96,0.1697,Partially Funded
SAV-07286,CUST-07286,2208.81,124575.62,0.2291,Fully Funded
SAV-07287,CUST-07287,990.21,48030.46,0.2171,Fully Funded
SAV-07288,CUST-07288,1311.33,51292.15,0.2438,Fully Funded
SAV-07289,CUST-07289,2361.15,109023.06,0.19,Fully Funded
SAV-07290,CUST-07290,1660.8,90578.55,0.171,Fully Funded
SAV-07291,CUST-07291,1317.35,94516.96,0.2859,Fully Funded
SAV-07292,CUST-07292,1048.67,84303.27,0.1964,Fully Funded
SAV-07293,CUST-07293,481.68,10096.45,0.0859,Low
SAV-07294,CUST-07294,1299.01,55832.78,0.071,Partially Funded
SAV-07295,CUST-07295,963.02,63470.76,0.1704,Fully Funded
SAV-07296,CUST-07296,1350.46,87058.06,0.1742,Fully Funded
SAV-07297,CUST-07297,504.67,39769.29,0.1353,Fully Funded
SAV-07298,CUST-07298,916.83,34303.96,0.1074,Partially Funded
SAV-07299,CUST-07299,221.25,11714.14,0.0902,Partially Funded
SAV-07300,CUST-07300,370.08,20613.88,0.165,Fully Funded
SAV-07301,CUST-07301,1528.78,146401.61,0.1604,Fully Funded
SAV-07302,CUST-07302,2674.05,25333.56,0.198,Low
SAV-07303,CUST-07303,951.2,44924.03,0.1507,Fully Funded
SAV-07304,CUST-07304,1107.0,93079.69,0.1704,Fully Funded
SAV-07305,CUST-07305,294.01,25544.91,0.1011,Fully Funded
SAV-07306,CUST-07306,583.31,13788.94,0.1648,Partially Funded
SAV-07307,CUST-07307,2364.58,132808.03,0.2092,Fully Funded
SAV-07308,CUST-07308,194.38,9031.02,0.203,Fully Funded
SAV-07309,CUST-07309,835.49,46549.86,0.1348,Fully Funded
SAV-07310,CUST-07310,590.38,57952.79,0.1497,Fully Funded
SAV-07311,CUST-07311,1421.63,103412.44,0.2419,Fully Funded
SAV-07312,CUST-07312,695.89,24816.64,0.1114,Partially Funded
SAV-07313,CUST-07313,577.76,56564.23,0.204,Fully Funded
SAV-07314,CUST-07314,1276.4,75672.19,0.1365,Fully Funded
SAV-07315,CUST-07315,2725.2,65405.23,0.1802,Fully Funded
SAV-07316,CUST-07316,1527.16,129351.41,0.2459,Fully Funded
SAV-07317,CUST-07317,161.29,16897.37,0.1217,Fully Funded
SAV-07318,CUST-07318,1253.15,91955.48,0.1854,Fully Funded
SAV-07319,CUST-07319,533.57,52508.54,0.1306,Fully Funded
SAV-07320,CUST-07320,119.63,3828.96,0.1651,Fully Funded
SAV-07321,CUST-07321,1140.76,17331.27,0.1934,Partially Funded
SAV-07322,CUST-07322,660.68,63721.9,0.2129,Fully Funded
SAV-07323,CUST-07323,1736.27,56068.82,0.144,Partially Funded
SAV-07324,CUST-07324,532.42,14308.38,0.1652,Fully Funded
SAV-07325,CUST-07325,1363.35,130873.52,0.1476,Fully Funded
SAV-07326,CUST-07326,1012.89,49349.14,0.1699,Fully Funded
SAV-07327,CUST-07327,1900.95,38691.86,0.1664,Partially Funded
SAV-07328,CUST-07328,950.7,28008.03,0.276,Fully Funded
SAV-07329,CUST-07329,1208.49,126742.21,0.2422,Fully Funded
SAV-07330,CUST-07330,417.69,19096.87,0.1392,Fully Funded
SAV-07331,CUST-07331,954.28,58393.02,0.1849,Fully Funded
SAV-07332,CUST-07332,368.79,26771.73,0.2201,Fully Funded
SAV-07333,CUST-07333,539.55,50438.89,0.143,Fully Funded
SAV-07334,CUST-07334,675.4,36696.01,0.1344,Fully Funded
SAV-07335,CUST-07335,1174.83,95172.85,0.127,Fully Funded
SAV-07336,CUST-07336,1360.22,37732.45,0.1359,Partially Funded
SAV-07337,CUST-07337,524.72,18956.74,0.0875,Partially Funded
SAV-07338,CUST-07338,222.67,11822.91,0.0789,Partially Funded
SAV-07339,CUST-07339,822.59,48875.4,0.2324,Fully Funded
SAV-07340,CUST-07340,116.35,10083.27,0.1268,Fully Funded
SAV-07341,CUST-07341,1124.06,30904.5,0.1144,Partially Funded
SAV-07342,CUST-07342,497.18,26997.81,0.1409,Fully Funded
SAV-07343,CUST-07343,649.38,30863.63,0.0932,Partially Funded
SAV-07344,CUST-07344,468.65,27570.82,0.089,Fully Funded
SAV-07345,CUST-07345,580.45,56816.97,0.1395,Fully Funded
SAV-07346,CUST-07346,247.48,12312.86,0.0905,Partially Funded
SAV-07347,CUST-07347,529.03,18614.7,0.1003,Partially Funded
SAV-07348,CUST-07348,577.69,37247.35,0.0904,Fully Funded
SAV-07349,CUST-07349,1031.03,55492.44,0.1464,Fully Funded
SAV-07350,CUST-07350,947.03,17269.97,0.2028,Partially Funded
SAV-07351,CUST-07351,642.29,18496.09,0.1144,Partially Funded
SAV-07352,CUST-07352,618.89,58745.1,0.0925,Fully Funded
SAV-07353,CUST-07353,959.8,34484.94,0.1697,Fully Funded
SAV-07354,CUST-07354,695.13,44691.56,0.1011,Fully Funded
SAV-07355,CUST-07355,414.09,8005.84,0.0878,Low
SAV-07356,CUST-07356,1496.17,29796.12,0.2145,Fully Funded
SAV-07357,CUST-07357,2085.32,178716.92,0.2456,Fully Funded
SAV-07358,CUST-07358,221.08,9212.53,0.1974,Fully Funded
SAV-07359,CUST-07359,1332.72,55661.05,0.1611,Fully Funded
SAV-07360,CUST-07360,1009.82,23280.35,0.195,Partially Funded
SAV-07361,CUST-07361,886.43,24242.57,0.1602,Partially Funded
SAV-07362,CUST-07362,1046.21,44904.6,0.2113,Fully Funded
SAV-07363,CUST-07363,914.89,61905.82,0.1345,Fully Funded
SAV-07364,CUST-07364,1551.56,93916.75,0.1218,Fully Funded
SAV-07365,CUST-07365,1322.16,139771.68,0.1562,Fully Funded
SAV-07366,CUST-07366,905.29,67981.98,0.1648,Fully Funded
SAV-07367,CUST-07367,957.42,71448.02,0.1392,Fully Funded
SAV-07368,CUST-07368,535.87,23918.29,0.1682,Fully Funded
SAV-07369,CUST-07369,886.21,45114.47,0.2697,Fully Funded
SAV-07370,CUST-07370,366.51,27134.99,0.0944,Fully Funded
SAV-07371,CUST-07371,1351.55,98530.4,0.1238,Fully Funded
SAV-07372,CUST-07372,1682.9,20939.21,0.166,Low
SAV-07373,CUST-07373,664.79,65005.98,0.1291,Fully Funded
SAV-07374,CUST-07374,145.17,12667.78,0.1558,Fully Funded
SAV-07375,CUST-07375,611.96,34067.17,0.1794,Fully Funded
SAV-07376,CUST-07376,1614.68,158995.57,0.1606,Fully Funded
SAV-07377,CUST-07377,2176.45,167106.24,0.2538,Fully Funded
SAV-07378,CUST-07378,928.19,29144.56,0.1852,Fully Funded
SAV-07379,CUST-07379,1302.06,29095.96,0.1791,Partially Funded
SAV-07380,CUST-07380,546.22,35195.39,0.2263,Fully Funded
SAV-07381,CUST-07381,1087.65,64619.99,0.1615,Fully Funded
SAV-07382,CUST-07382,124.84,5739.34,0.1008,Partially Funded
SAV-07383,CUST-07383,3596.53,329299.87,0.297,Fully Funded
SAV-07384,CUST-07384,1264.33,11966.47,0.1568,Low
SAV-07385,CUST-07385,1947.16,40856.96,0.289,Fully Funded
SAV-07386,CUST-07386,2063.12,97897.21,0.2458,Fully Funded
SAV-07387,CUST-07387,1011.74,51271.61,0.1079,Fully Funded
SAV-07388,CUST-07388,731.25,12853.87,0.1403,Partially Funded
SAV-07389,CUST-07389,179.61,6769.36,0.2521,Fully Funded
SAV-07390,CUST-07390,1151.28,54381.13,0.1614,Fully Funded
SAV-07391,CUST-07391,764.67,23051.52,0.1091,Partially Funded
SAV-07392,CUST-07392,1493.01,87143.99,0.2831,Fully Funded
SAV-07393,CUST-07393,397.78,20822.86,0.0907,Fully Funded
SAV-07394,CUST-07394,973.0,36630.12,0.156,Fully Funded
SAV-07395,CUST-07395,168.62,5682.69,0.1566,Fully Funded
SAV-07396,CUST-07396,759.36,69757.06,0.178,Fully Funded
SAV-07397,CUST-07397,1501.7,32976.9,0.2609,Fully Funded
SAV-07398,CUST-07398,501.17,55562.98,0.1547,Fully Funded
SAV-07399,CUST-07399,129.86,3530.04,0.1555,Partially Funded
SAV-07400,CUST-07400,1223.75,80555.51,0.1568,Fully Funded
SAV-07401,CUST-07401,780.2,21292.03,0.1066,Partially Funded
SAV-07402,CUST-07402,351.06,6546.89,0.1717,Partially Funded
SAV-07403,CUST-07403,678.81,27802.39,0.1011,Partially Funded
SAV-07404,CUST-07404,1238.79,64525.75,0.1964,Fully Funded
SAV-07405,CUST-07405,1824.69,79352.5,0.2096,Fully Funded
SAV-07406,CUST-07406,1958.06,195027.0,0.1688,Fully Funded
SAV-07407,CUST-07407,793.76,21449.55,0.1737,Fully Funded
SAV-07408,CUST-07408,693.92,55850.71,0.1203,Fully Funded
SAV-07409,CUST-07409,239.33,19254.19,0.1521,Fully Funded
SAV-07410,CUST-07410,1098.83,36801.77,0.1147,Partially Funded
SAV-07411,CUST-07411,542.72,9251.89,0.0619,Low
SAV-07412,CUST-07412,1110.89,98724.04,0.1761,Fully Funded
SAV-07413,CUST-07413,1324.71,94313.3,0.1711,Fully Funded
SAV-07414,CUST-07414,1828.78,113829.94,0.22,Fully Funded
SAV-07415,CUST-07415,1051.83,25657.0,0.2296,Fully Funded
SAV-07416,CUST-07416,989.37,24383.3,0.1976,Fully Funded
SAV-07417,CUST-07417,822.23,7089.48,0.1155,Low
SAV-07418,CUST-07418,611.72,37046.41,0.1778,Fully Funded
SAV-07419,CUST-07419,1345.76,40334.55,0.0944,Partially Funded
SAV-07420,CUST-07420,856.93,39720.02,0.2117,Fully Funded
SAV-07421,CUST-07421,797.27,26104.32,0.1683,Fully Funded
SAV-07422,CUST-07422,1141.38,29603.6,0.2021,Fully Funded
SAV-07423,CUST-07423,1864.06,69847.87,0.1666,Fully Funded
SAV-07424,CUST-07424,1098.25,32196.88,0.1472,Partially Funded
SAV-07425,CUST-07425,1220.0,81855.74,0.1232,Fully Funded
SAV-07426,CUST-07426,126.25,6902.15,0.0758,Partially Funded
SAV-07427,CUST-07427,754.86,69627.62,0.0714,Fully Funded
SAV-07428,CUST-07428,642.65,27224.19,0.1016,Partially Funded
SAV-07429,CUST-07429,1191.93,19830.34,0.1991,Partially Funded
SAV-07430,CUST-07430,916.35,10328.72,0.1017,Low
SAV-07431,CUST-07431,588.74,46455.83,0.1834,Fully Funded
SAV-07432,CUST-07432,825.01,52548.57,0.1958,Fully Funded
SAV-07433,CUST-07433,356.09,28534.22,0.0529,Partially Funded
SAV-07434,CUST-07434,1571.81,139521.67,0.1332,Fully Funded
SAV-07435,CUST-07435,871.03,95285.36,0.2064,Fully Funded
SAV-07436,CUST-07436,1042.25,111787.72,0.1171,Fully Funded
SAV-07437,CUST-07437,817.57,50106.37,0.174,Fully Funded
SAV-07438,CUST-07438,162.63,2236.77,0.1972,Partially Funded
SAV-07439,CUST-07439,1452.47,24786.71,0.3009,Fully Funded
SAV-07440,CUST-07440,841.02,31717.64,0.1201,Fully Funded
SAV-07441,CUST-07441,1630.57,108956.96,0.236,Fully Funded
SAV-07442,CUST-07442,1015.43,24308.34,0.1089,Partially Funded
SAV-07443,CUST-07443,1166.48,50421.25,0.1483,Fully Funded
SAV-07444,CUST-07444,146.51,6185.81,0.1174,Fully Funded
SAV-07445,CUST-07445,842.08,38083.55,0.1116,Fully Funded
SAV-07446,CUST-07446,1125.04,49334.3,0.1247,Fully Funded
SAV-07447,CUST-07447,615.53,27932.29,0.1746,Fully Funded
SAV-07448,CUST-07448,530.7,7383.83,0.1155,Low
SAV-07449,CUST-07449,1534.67,134495.68,0.134,Fully Funded
SAV-07450,CUST-07450,928.0,78553.54,0.1387,Fully Funded
SAV-07451,CUST-07451,364.09,16204.57,0.0561,Low
SAV-07452,CUST-07452,520.99,28078.65,0.0718,Partially Funded
SAV-07453,CUST-07453,1002.49,73304.22,0.2444,Fully Funded
SAV-07454,CUST-07454,1386.54,116787.01,0.1873,Fully Funded
SAV-07455,CUST-07455,1224.34,88229.45,0.2417,Fully Funded
SAV-07456,CUST-07456,1409.33,69687.82,0.1863,Fully Funded
SAV-07457,CUST-07457,994.29,59236.26,0.1819,Fully Funded
SAV-07458,CUST-07458,633.98,11338.47,0.1068,Low
SAV-07459,CUST-07459,658.95,12530.69,0.1588,Partially Funded
SAV-07460,CUST-07460,1064.59,53218.46,0.2181,Fully Funded
SAV-07461,CUST-07461,2353.35,171687.21,0.2293,Fully Funded
SAV-07462,CUST-07462,948.35,56122.01,0.2019,Fully Funded
SAV-07463,CUST-07463,955.98,26268.2,0.1852,Fully Funded
SAV-07464,CUST-07464,1062.25,85365.02,0.2424,Fully Funded
SAV-07465,CUST-07465,647.38,36828.93,0.0865,Fully Funded
SAV-07466,CUST-07466,1687.05,64867.76,0.1703,Fully Funded
SAV-07467,CUST-07467,739.6,21691.99,0.0969,Partially Funded
SAV-07468,CUST-07468,287.24,23530.3,0.0831,Fully Funded
SAV-07469,CUST-07469,1107.08,77294.46,0.1697,Fully Funded
SAV-07470,CUST-07470,443.08,26351.75,0.0981,Fully Funded
SAV-07471,CUST-07471,855.34,70766.56,0.1067,Fully Funded
SAV-07472,CUST-07472,1122.53,45412.81,0.1959,Fully Funded
SAV-07473,CUST-07473,732.43,62381.27,0.2145,Fully Funded
SAV-07474,CUST-07474,1164.79,55073.7,0.174,Fully Funded
SAV-07475,CUST-07475,1642.19,124375.42,0.2119,Fully Funded
SAV-07476,CUST-07476,745.64,28156.98,0.0828,Partially Funded
SAV-07477,CUST-07477,410.52,11880.51,0.1246,Partially Funded
SAV-07478,CUST-07478,1051.5,32395.86,0.1052,Partially Funded
SAV-07479,CUST-07479,194.57,11912.28,0.103,Fully Funded
SAV-07480,CUST-07480,1125.76,111598.85,0.2276,Fully Funded
SAV-07481,CUST-07481,624.45,32219.26,0.1329,Fully Funded
SAV-07482,CUST-07482,1518.11,41303.38,0.1696,Fully Funded
SAV-07483,CUST-07483,198.35,12672.68,0.0651,Partially Funded
SAV-07484,CUST-07484,250.58,12297.23,0.2463,Fully Funded
SAV-07485,CUST-07485,1539.24,65636.81,0.1856,Fully Funded
SAV-07486,CUST-07486,1337.1,18365.91,0.2822,Partially Funded
SAV-07487,CUST-07487,581.16,29969.32,0.1741,Fully Funded
SAV-07488,CUST-07488,3701.05,384378.85,0.256,Fully Funded
SAV-07489,CUST-07489,614.62,25122.05,0.1155,Partially Funded
SAV-07490,CUST-07490,1582.92,126979.73,0.1764,Fully Funded
SAV-07491,CUST-07491,204.03,8810.66,0.1997,Fully Funded
SAV-07492,CUST-07492,1438.46,71013.38,0.2303,Fully Funded
SAV-07493,CUST-07493,776.39,69499.98,0.1444,Fully Funded
SAV-07494,CUST-07494,640.31,35047.47,0.1917,Fully Funded
SAV-07495,CUST-07495,498.02,8814.16,0.0915,Low
SAV-07496,CUST-07496,739.77,38124.16,0.1351,Fully Funded
SAV-07497,CUST-07497,668.3,27820.56,0.1547,Fully Funded
SAV-07498,CUST-07498,1101.98,66617.36,0.1861,Fully Funded
SAV-07499,CUST-07499,2608.73,64925.01,0.2363,Fully Funded
SAV-07500,CUST-07500,3540.47,201969.41,0.2591,Fully Funded
SAV-07501,CUST-07501,195.04,9137.49,0.1314,Fully Funded
SAV-07502,CUST-07502,539.83,26502.96,0.0924,Partially Funded
SAV-07503,CUST-07503,361.6,16048.87,0.1105,Partially Funded
SAV-07504,CUST-07504,1024.98,16969.87,0.1336,Partially Funded
SAV-07505,CUST-07505,1632.77,163203.52,0.1459,Fully Funded
SAV-07506,CUST-07506,657.45,73815.66,0.1984,Fully Funded
SAV-07507,CUST-07507,451.29,24617.15,0.0917,Fully Funded
SAV-07508,CUST-07508,451.87,14584.4,0.1527,Fully Funded
SAV-07509,CUST-07509,320.59,13335.72,0.0606,Low
SAV-07510,CUST-07510,834.32,18131.26,0.0961,Low
SAV-07511,CUST-07511,683.79,65480.64,0.1309,Fully Funded
SAV-07512,CUST-07512,2336.17,47582.99,0.2246,Fully Funded
SAV-07513,CUST-07513,687.75,48123.63,0.2113,Fully Funded
SAV-07514,CUST-07514,487.45,34265.04,0.0642,Partially Funded
SAV-07515,CUST-07515,1877.94,152140.36,0.1354,Fully Funded
SAV-07516,CUST-07516,948.16,73861.72,0.1942,Fully Funded
SAV-07517,CUST-07517,632.72,42214.03,0.1053,Fully Funded
SAV-07518,CUST-07518,736.34,20595.76,0.1435,Partially Funded
SAV-07519,CUST-07519,1407.61,74456.92,0.1992,Fully Funded
SAV-07520,CUST-07520,692.59,30114.57,0.2275,Fully Funded
SAV-07521,CUST-07521,287.68,18094.46,0.0897,Fully Funded
SAV-07522,CUST-07522,746.29,73312.69,0.1903,Fully Funded
SAV-07523,CUST-07523,122.75,4023.63,0.1338,Partially Funded
SAV-07524,CUST-07524,1049.44,26481.03,0.2364,Fully Funded
SAV-07525,CUST-07525,1084.34,55550.28,0.1385,Fully Funded
SAV-07526,CUST-07526,296.21,24041.73,0.0938,Fully Funded
SAV-07527,CUST-07527,558.66,16476.77,0.1312,Partially Funded
SAV-07528,CUST-07528,988.22,60808.03,0.1667,Fully Funded
SAV-07529,CUST-07529,1038.71,11641.71,0.1425,Low
SAV-07530,CUST-07530,1070.7,74796.24,0.0895,Fully Funded
SAV-07531,CUST-07531,459.17,28621.06,0.3077,Fully Funded
SAV-07532,CUST-07532,83.17,2374.97,0.1033,Partially Funded
SAV-07533,CUST-07533,329.59,13178.85,0.2005,Fully Funded
SAV-07534,CUST-07534,814.26,18924.88,0.2088,Fully Funded
SAV-07535,CUST-07535,630.01,17867.73,0.102,Partially Funded
SAV-07536,CUST-07536,560.23,55578.39,0.1794,Fully Funded
SAV-07537,CUST-07537,836.62,40910.45,0.1204,Fully Funded
SAV-07538,CUST-07538,2252.25,72533.45,0.2136,Fully Funded
SAV-07539,CUST-07539,279.01,10333.95,0.0699,Partially Funded
SAV-07540,CUST-07540,1028.52,87585.18,0.1814,Fully Funded
SAV-07541,CUST-07541,718.09,23362.19,0.1791,Fully Funded
SAV-07542,CUST-07542,390.47,5644.46,0.1942,Partially Funded
SAV-07543,CUST-07543,1776.02,48818.48,0.1782,Fully Funded
SAV-07544,CUST-07544,401.86,19030.01,0.1627,Fully Funded
SAV-07545,CUST-07545,1510.73,120260.34,0.121,Fully Funded
SAV-07546,CUST-07546,129.38,7624.84,0.1098,Fully Funded
SAV-07547,CUST-07547,795.72,13608.0,0.1541,Partially Funded
SAV-07548,CUST-07548,325.68,25572.0,0.058,Partially Funded
SAV-07549,CUST-07549,946.49,37682.74,0.1932,Fully Funded
SAV-07550,CUST-07550,896.45,24508.21,0.1017,Partially Funded
SAV-07551,CUST-07551,1032.59,29952.43,0.1742,Fully Funded
SAV-07552,CUST-07552,292.98,22911.57,0.0874,Fully Funded
SAV-07553,CUST-07553,773.73,78093.73,0.1499,Fully Funded
SAV-07554,CUST-07554,787.06,13026.43,0.2118,Partially Funded
SAV-07555,CUST-07555,1163.01,73818.95,0.1443,Fully Funded
SAV-07556,CUST-07556,1409.88,78649.59,0.19,Fully Funded
SAV-07557,CUST-07557,1468.03,29320.41,0.2505,Fully Funded
SAV-07558,CUST-07558,235.55,5346.39,0.2459,Fully Funded
SAV-07559,CUST-07559,1244.31,37925.33,0.1779,Fully Funded
SAV-07560,CUST-07560,2645.98,147547.86,0.2048,Fully Funded
SAV-07561,CUST-07561,355.97,39843.44,0.1018,Fully Funded
SAV-07562,CUST-07562,339.43,9256.98,0.1169,Partially Funded
SAV-07563,CUST-07563,610.26,45870.47,0.1866,Fully Funded
SAV-07564,CUST-07564,1196.07,39657.81,0.1993,Fully Funded
SAV-07565,CUST-07565,634.22,37432.29,0.1375,Fully Funded
SAV-07566,CUST-07566,291.58,7485.04,0.1027,Partially Funded
SAV-07567,CUST-07567,1915.81,144456.39,0.2148,Fully Funded
SAV-07568,CUST-07568,642.2,23420.1,0.0845,Partially Funded
SAV-07569,CUST-07569,961.46,31390.1,0.1438,Fully Funded
SAV-07570,CUST-07570,723.2,49149.62,0.1895,Fully Funded
SAV-07571,CUST-07571,689.63,71569.53,0.1375,Fully Funded
SAV-07572,CUST-07572,1130.18,121393.16,0.22,Fully Funded
SAV-07573,CUST-07573,454.38,45947.73,0.0859,Fully Funded
SAV-07574,CUST-07574,1298.58,77297.6,0.1982,Fully Funded
SAV-07575,CUST-07575,1001.77,68186.71,0.1627,Fully Funded
SAV-07576,CUST-07576,499.05,14333.78,0.092,Partially Funded
SAV-07577,CUST-07577,493.09,32548.99,0.0844,Fully Funded
SAV-07578,CUST-07578,1152.92,40435.96,0.21,Fully Funded
SAV-07579,CUST-07579,2603.73,125468.59,0.2279,Fully Funded
SAV-07580,CUST-07580,1510.44,63705.61,0.2564,Fully Funded
SAV-07581,CUST-07581,505.59,43574.7,0.1099,Fully Funded
SAV-07582,CUST-07582,1658.86,103508.46,0.1446,Fully Funded
SAV-07583,CUST-07583,1008.21,84853.63,0.1809,Fully Funded
SAV-07584,CUST-07584,992.5,48970.02,0.1601,Fully Funded
SAV-07585,CUST-07585,963.35,75394.81,0.2253,Fully Funded
SAV-07586,CUST-07586,1806.84,52561.69,0.2546,Fully Funded
SAV-07587,CUST-07587,1109.13,23272.96,0.1088,Low
SAV-07588,CUST-07588,1332.1,24702.18,0.1577,Partially Funded
SAV-07589,CUST-07589,689.11,40012.26,0.1145,Fully Funded
SAV-07590,CUST-07590,581.51,24304.54,0.0859,Partially Funded
SAV-07591,CUST-07591,1251.8,24975.76,0.1871,Partially Funded
SAV-07592,CUST-07592,726.23,37657.9,0.1824,Fully Funded
SAV-07593,CUST-07593,433.7,17564.41,0.0894,Partially Funded
SAV-07594,CUST-07594,1731.6,140919.77,0.1738,Fully Funded
SAV-07595,CUST-07595,830.63,18353.14,0.1019,Low
SAV-07596,CUST-07596,1149.3,95782.16,0.1218,Fully Funded
SAV-07597,CUST-07597,1210.5,25840.67,0.1944,Partially Funded
SAV-07598,CUST-07598,868.18,67912.71,0.2282,Fully Funded
SAV-07599,CUST-07599,596.8,65896.62,0.1378,Fully Funded
SAV-07600,CUST-07600,1268.74,102451.13,0.2139,Fully Funded
SAV-07601,CUST-07601,209.64,12233.04,0.1039,Fully Funded
SAV-07602,CUST-07602,1090.25,30372.91,0.1314,Partially Funded
SAV-07603,CUST-07603,1690.72,72365.97,0.1369,Fully Funded
SAV-07604,CUST-07604,549.93,22835.42,0.0944,Partially Funded
SAV-07605,CUST-07605,1976.81,33960.37,0.1518,Partially Funded
SAV-07606,CUST-07606,851.8,68810.36,0.1296,Fully Funded
SAV-07607,CUST-07607,569.16,13184.89,0.0994,Low
SAV-07608,CUST-07608,829.63,84744.67,0.1179,Fully Funded
SAV-07609,CUST-07609,1305.14,35831.64,0.2365,Fully Funded
SAV-07610,CUST-07610,990.83,29908.17,0.1727,Fully Funded
SAV-07611,CUST-07611,2034.94,176988.84,0.228,Fully Funded
SAV-07612,CUST-07612,1572.81,124078.57,0.1426,Fully Funded
SAV-07613,CUST-07613,1370.74,58698.06,0.1967,Fully Funded
SAV-07614,CUST-07614,248.82,14998.18,0.112,Fully Funded
SAV-07615,CUST-07615,1484.09,72032.52,0.1677,Fully Funded
SAV-07616,CUST-07616,518.81,11851.53,0.147,Partially Funded
SAV-07617,CUST-07617,597.0,11151.07,0.1118,Low
SAV-07618,CUST-07618,586.74,37076.57,0.1647,Fully Funded
SAV-07619,CUST-07619,412.08,28180.02,0.0858,Fully Funded
SAV-07620,CUST-07620,1862.28,59748.52,0.2118,Fully Funded
SAV-07621,CUST-07621,403.68,24963.0,0.1368,Fully Funded
SAV-07622,CUST-07622,128.67,1863.09,0.1247,Low
SAV-07623,CUST-07623,1121.44,64862.75,0.1427,Fully Funded
SAV-07624,CUST-07624,201.78,10624.75,0.1704,Fully Funded
SAV-07625,CUST-07625,2603.69,98425.12,0.2828,Fully Funded
SAV-07626,CUST-07626,803.56,28497.65,0.1612,Fully Funded
SAV-07627,CUST-07627,1260.67,106194.61,0.2377,Fully Funded
SAV-07628,CUST-07628,1382.83,41037.92,0.1413,Fully Funded
SAV-07629,CUST-07629,1161.01,103195.84,0.1622,Fully Funded
SAV-07630,CUST-07630,298.0,17491.93,0.0749,Partially Funded
SAV-07631,CUST-07631,814.43,66126.87,0.1093,Fully Funded
SAV-07632,CUST-07632,775.78,35948.57,0.1802,Fully Funded
SAV-07633,CUST-07633,2219.36,219337.52,0.2583,Fully Funded
SAV-07634,CUST-07634,826.49,82499.49,0.1718,Fully Funded
SAV-07635,CUST-07635,932.1,92556.23,0.2152,Fully Funded
SAV-07636,CUST-07636,1194.02,88293.9,0.2137,Fully Funded
SAV-07637,CUST-07637,597.42,37751.35,0.1468,Fully Funded
SAV-07638,CUST-07638,1680.43,111641.54,0.2344,Fully Funded
SAV-07639,CUST-07639,327.26,15760.39,0.104,Fully Funded
SAV-07640,CUST-07640,159.41,4563.32,0.1295,Partially Funded
SAV-07641,CUST-07641,2064.78,155073.27,0.215,Fully Funded
SAV-07642,CUST-07642,1446.74,145462.93,0.1754,Fully Funded
SAV-07643,CUST-07643,999.28,105416.61,0.1796,Fully Funded
SAV-07644,CUST-07644,1218.07,72282.89,0.1668,Fully Funded
SAV-07645,CUST-07645,2035.21,182192.82,0.2732,Fully Funded
SAV-07646,CUST-07646,1366.91,104753.06,0.2074,Fully Funded
SAV-07647,CUST-07647,434.72,38617.68,0.1163,Fully Funded
SAV-07648,CUST-07648,92.43,5098.56,0.1163,Fully Funded
SAV-07649,CUST-07649,364.15,16201.79,0.0692,Partially Funded
SAV-07650,CUST-07650,1776.41,35124.7,0.3484,Fully Funded
SAV-07651,CUST-07651,772.65,70627.39,0.1876,Fully Funded
SAV-07652,CUST-07652,1975.16,40298.04,0.2633,Fully Funded
SAV-07653,CUST-07653,1889.57,45948.49,0.2224,Fully Funded
SAV-07654,CUST-07654,541.99,49007.22,0.132,Fully Funded
SAV-07655,CUST-07655,1178.71,98116.35,0.1186,Fully Funded
SAV-07656,CUST-07656,1000.67,63343.61,0.1829,Fully Funded
SAV-07657,CUST-07657,477.44,36818.67,0.1949,Fully Funded
SAV-07658,CUST-07658,1433.91,122025.56,0.1771,Fully Funded
SAV-07659,CUST-07659,1971.88,102610.85,0.2487,Fully Funded
SAV-07660,CUST-07660,1067.63,74747.7,0.1602,Fully Funded
SAV-07661,CUST-07661,1956.39,145399.45,0.2148,Fully Funded
SAV-07662,CUST-07662,1602.69,81558.5,0.1363,Fully Funded
SAV-07663,CUST-07663,1425.58,134447.91,0.1627,Fully Funded
SAV-07664,CUST-07664,410.72,8709.55,0.1933,Partially Funded
SAV-07665,CUST-07665,504.34,48107.41,0.1414,Fully Funded
SAV-07666,CUST-07666,1165.76,122867.55,0.1897,Fully Funded
SAV-07667,CUST-07667,385.15,20045.96,0.1421,Fully Funded
SAV-07668,CUST-07668,599.89,23893.86,0.1493,Fully Funded
SAV-07669,CUST-07669,566.96,28426.43,0.1399,Fully Funded
SAV-07670,CUST-07670,1049.05,32754.24,0.2559,Fully Funded
SAV-07671,CUST-07671,377.14,34280.36,0.1855,Fully Funded
SAV-07672,CUST-07672,412.21,28518.57,0.1173,Fully Funded
SAV-07673,CUST-07673,791.25,32401.63,0.0827,Partially Funded
SAV-07674,CUST-07674,748.3,26714.82,0.2154,Fully Funded
SAV-07675,CUST-07675,927.11,75916.73,0.1475,Fully Funded
SAV-07676,CUST-07676,769.47,25423.18,0.0642,Low
SAV-07677,CUST-07677,770.7,51563.4,0.1772,Fully Funded
SAV-07678,CUST-07678,929.16,21065.68,0.1318,Partially Funded
SAV-07679,CUST-07679,202.64,10183.3,0.1901,Fully Funded
SAV-07680,CUST-07680,1641.03,48217.12,0.169,Fully Funded
SAV-07681,CUST-07681,1040.16,102057.61,0.1296,Fully Funded
SAV-07682,CUST-07682,2191.26,104536.39,0.0959,Partially Funded
SAV-07683,CUST-07683,1236.33,78936.55,0.1726,Fully Funded
SAV-07684,CUST-07684,476.67,13817.5,0.1396,Partially Funded
SAV-07685,CUST-07685,554.44,45358.65,0.0965,Fully Funded
SAV-07686,CUST-07686,674.29,36711.58,0.1305,Fully Funded
SAV-07687,CUST-07687,470.26,20245.63,0.1837,Fully Funded
SAV-07688,CUST-07688,847.14,25966.0,0.2726,Fully Funded
SAV-07689,CUST-07689,1010.96,92444.22,0.1718,Fully Funded
SAV-07690,CUST-07690,848.36,49329.38,0.1602,Fully Funded
SAV-07691,CUST-07691,611.35,30860.9,0.1538,Fully Funded
SAV-07692,CUST-07692,1229.11,60722.29,0.1185,Fully Funded
SAV-07693,CUST-07693,1021.86,66070.04,0.1194,Fully Funded
SAV-07694,CUST-07694,3390.9,107229.6,0.3242,Fully Funded
SAV-07695,CUST-07695,655.04,17985.95,0.0798,Low
SAV-07696,CUST-07696,543.35,31747.05,0.1013,Fully Funded
SAV-07697,CUST-07697,1423.36,81203.49,0.2352,Fully Funded
SAV-07698,CUST-07698,1170.1,15927.08,0.1965,Partially Funded
SAV-07699,CUST-07699,1430.27,30248.2,0.1362,Partially Funded
SAV-07700,CUST-07700,703.49,42059.35,0.139,Fully Funded
SAV-07701,CUST-07701,866.51,46400.87,0.1287,Fully Funded
SAV-07702,CUST-07702,513.47,23694.95,0.1371,Fully Funded
SAV-07703,CUST-07703,725.53,75608.38,0.1213,Fully Funded
SAV-07704,CUST-07704,1252.26,63639.02,0.1557,Fully Funded
SAV-07705,CUST-07705,726.59,44677.82,0.1282,Fully Funded
SAV-07706,CUST-07706,722.49,29077.84,0.1671,Fully Funded
SAV-07707,CUST-07707,965.48,64652.34,0.0878,Fully Funded
SAV-07708,CUST-07708,753.82,29085.4,0.1144,Partially Funded
SAV-07709,CUST-07709,711.94,51644.19,0.094,Fully Funded
SAV-07710,CUST-07710,1311.97,67735.39,0.2407,Fully Funded
SAV-07711,CUST-07711,1194.75,38998.24,0.1882,Fully Funded
SAV-07712,CUST-07712,881.89,24951.87,0.1344,Partially Funded
SAV-07713,CUST-07713,933.5,29085.93,0.1951,Fully Funded
SAV-07714,CUST-07714,785.36,70270.23,0.1852,Fully Funded
SAV-07715,CUST-07715,465.66,49645.35,0.1358,Fully Funded
SAV-07716,CUST-07716,957.45,23161.66,0.1345,Partially Funded
SAV-07717,CUST-07717,713.92,29579.1,0.1991,Fully Funded
SAV-07718,CUST-07718,1601.75,124561.01,0.2718,Fully Funded
SAV-07719,CUST-07719,381.8,14551.79,0.1268,Fully Funded
SAV-07720,CUST-07720,1071.26,103016.41,0.1305,Fully Funded
SAV-07721,CUST-07721,1643.52,165981.75,0.2013,Fully Funded
SAV-07722,CUST-07722,225.92,17954.82,0.2113,Fully Funded
SAV-07723,CUST-07723,732.86,35773.57,0.171,Fully Funded
SAV-07724,CUST-07724,396.86,14762.77,0.2519,Fully Funded
SAV-07725,CUST-07725,1519.01,70665.18,0.1909,Fully Funded
SAV-07726,CUST-07726,1451.05,16593.34,0.1563,Low
SAV-07727,CUST-07727,982.17,14540.88,0.1898,Partially Funded
SAV-07728,CUST-07728,159.42,11387.37,0.0994,Fully Funded
SAV-07729,CUST-07729,473.51,34502.9,0.1274,Fully Funded
SAV-07730,CUST-07730,559.99,42709.49,0.1185,Fully Funded
SAV-07731,CUST-07731,488.37,31071.65,0.1366,Fully Funded
SAV-07732,CUST-07732,1640.53,15437.55,0.2143,Partially Funded
SAV-07733,CUST-07733,540.59,24138.09,0.1441,Fully Funded
SAV-07734,CUST-07734,1054.1,46769.73,0.1506,Fully Funded
SAV-07735,CUST-07735,226.07,15832.97,0.0528,Partially Funded
SAV-07736,CUST-07736,994.18,99501.8,0.2722,Fully Funded
SAV-07737,CUST-07737,622.17,26924.27,0.1038,Partially Funded
SAV-07738,CUST-07738,441.79,11918.99,0.11,Partially Funded
SAV-07739,CUST-07739,1181.16,14878.5,0.115,Low
SAV-07740,CUST-07740,944.35,57641.18,0.1972,Fully Funded
SAV-07741,CUST-07741,1828.48,118505.42,0.1474,Fully Funded
SAV-07742,CUST-07742,722.35,18177.25,0.1638,Partially Funded
SAV-07743,CUST-07743,2569.42,246538.61,0.2548,Fully Funded
SAV-07744,CUST-07744,658.92,39126.27,0.1143,Fully Funded
SAV-07745,CUST-07745,900.61,41127.13,0.151,Fully Funded
SAV-07746,CUST-07746,1044.57,51376.37,0.1986,Fully Funded
SAV-07747,CUST-07747,594.15,41871.27,0.1313,Fully Funded
SAV-07748,CUST-07748,1329.22,42675.78,0.1542,Fully Funded
SAV-07749,CUST-07749,1320.87,38194.12,0.2648,Fully Funded
SAV-07750,CUST-07750,526.9,25147.59,0.1092,Fully Funded
SAV-07751,CUST-07751,905.91,29904.26,0.2365,Fully Funded
SAV-07752,CUST-07752,866.08,11554.03,0.2132,Partially Funded
SAV-07753,CUST-07753,249.78,17943.81,0.1604,Fully Funded
SAV-07754,CUST-07754,904.25,52362.21,0.1411,Fully Funded
SAV-07755,CUST-07755,648.23,33410.95,0.1427,Fully Funded
SAV-07756,CUST-07756,1703.91,57063.23,0.1137,Partially Funded
SAV-07757,CUST-07757,725.43,21520.47,0.1361,Partially Funded
SAV-07758,CUST-07758,961.59,27750.98,0.1586,Fully Funded
SAV-07759,CUST-07759,938.92,15525.65,0.2057,Partially Funded
SAV-07760,CUST-07760,859.86,67378.29,0.1667,Fully Funded
SAV-07761,CUST-07761,496.65,45547.11,0.1067,Fully Funded
SAV-07762,CUST-07762,1777.64,48303.54,0.1961,Fully Funded
SAV-07763,CUST-07763,286.42,21321.96,0.2127,Fully Funded
SAV-07764,CUST-07764,1289.29,61959.91,0.1531,Fully Funded
SAV-07765,CUST-07765,3218.7,199368.07,0.2277,Fully Funded
SAV-07766,CUST-07766,1879.0,140610.49,0.2206,Fully Funded
SAV-07767,CUST-07767,464.41,19767.85,0.1192,Fully Funded
SAV-07768,CUST-07768,222.49,4393.25,0.1495,Partially Funded
SAV-07769,CUST-07769,629.2,10224.83,0.1221,Low
SAV-07770,CUST-07770,924.68,34826.7,0.1292,Partially Funded
SAV-07771,CUST-07771,1634.96,90960.17,0.3106,Fully Funded
SAV-07772,CUST-07772,2036.83,152436.08,0.1854,Fully Funded
SAV-07773,CUST-07773,999.81,84565.31,0.1501,Fully Funded
SAV-07774,CUST-07774,775.5,28541.89,0.1752,Fully Funded
SAV-07775,CUST-07775,1440.96,79303.97,0.1952,Fully Funded
SAV-07776,CUST-07776,168.29,10304.29,0.0507,Partially Funded
SAV-07777,CUST-07777,566.53,48395.34,0.1935,Fully Funded
SAV-07778,CUST-07778,846.32,63714.67,0.0949,Fully Funded
SAV-07779,CUST-07779,1543.53,88431.09,0.2322,Fully Funded
SAV-07780,CUST-07780,1037.6,35713.65,0.1541,Fully Funded
SAV-07781,CUST-07781,4034.38,224221.73,0.2318,Fully Funded
SAV-07782,CUST-07782,613.56,11007.15,0.1035,Low
SAV-07783,CUST-07783,477.11,18370.86,0.1413,Fully Funded
SAV-07784,CUST-07784,1841.41,152897.75,0.2702,Fully Funded
SAV-07785,CUST-07785,704.5,17716.95,0.1338,Partially Funded
SAV-07786,CUST-07786,635.32,62213.56,0.1361,Fully Funded
SAV-07787,CUST-07787,1742.4,25618.4,0.1663,Partially Funded
SAV-07788,CUST-07788,628.71,20958.05,0.1049,Partially Funded
SAV-07789,CUST-07789,432.68,14220.01,0.1316,Fully Funded
SAV-07790,CUST-07790,832.91,28003.7,0.1222,Partially Funded
SAV-07791,CUST-07791,767.34,36496.08,0.2145,Fully Funded
SAV-07792,CUST-07792,1820.54,30830.92,0.2201,Partially Funded
SAV-07793,CUST-07793,1697.7,58552.1,0.2682,Fully Funded
SAV-07794,CUST-07794,794.34,61359.83,0.2514,Fully Funded
SAV-07795,CUST-07795,1211.26,19896.03,0.1502,Partially Funded
SAV-07796,CUST-07796,1099.77,118430.18,0.1656,Fully Funded
SAV-07797,CUST-07797,2099.58,82682.45,0.2073,Fully Funded
SAV-07798,CUST-07798,639.05,44127.22,0.2736,Fully Funded
SAV-07799,CUST-07799,1156.66,32709.32,0.1773,Fully Funded
SAV-07800,CUST-07800,424.0,14712.14,0.1167,Partially Funded
SAV-07801,CUST-07801,1409.15,62610.27,0.2375,Fully Funded
SAV-07802,CUST-07802,2010.82,85180.29,0.1566,Fully Funded
SAV-07803,CUST-07803,1099.19,43773.57,0.1231,Partially Funded
SAV-07804,CUST-07804,994.4,83807.1,0.1051,Fully Funded
SAV-07805,CUST-07805,769.09,50759.65,0.2132,Fully Funded
SAV-07806,CUST-07806,838.34,30752.98,0.0982,Partially Funded
SAV-07807,CUST-07807,206.75,6975.44,0.0756,Low
SAV-07808,CUST-07808,1128.43,40572.93,0.1634,Fully Funded
SAV-07809,CUST-07809,1239.29,60393.12,0.0976,Partially Funded
SAV-07810,CUST-07810,1455.55,25209.0,0.2019,Partially Funded
SAV-07811,CUST-07811,516.34,42389.89,0.0998,Fully Funded
SAV-07812,CUST-07812,3261.24,247598.35,0.277,Fully Funded
SAV-07813,CUST-07813,970.94,68442.16,0.1783,Fully Funded
SAV-07814,CUST-07814,1487.9,122228.14,0.167,Fully Funded
SAV-07815,CUST-07815,104.47,7927.3,0.1182,Fully Funded
SAV-07816,CUST-07816,1881.18,138970.05,0.1999,Fully Funded
SAV-07817,CUST-07817,1026.99,43635.98,0.2037,Fully Funded
SAV-07818,CUST-07818,1336.92,115467.63,0.1345,Fully Funded
SAV-07819,CUST-07819,2029.35,33566.09,0.277,Fully Funded
SAV-07820,CUST-07820,291.61,20378.75,0.0961,Fully Funded
SAV-07821,CUST-07821,2056.89,147616.55,0.1391,Fully Funded
SAV-07822,CUST-07822,1384.05,84055.39,0.2039,Fully Funded
SAV-07823,CUST-07823,1071.84,69512.08,0.1603,Fully Funded
SAV-07824,CUST-07824,646.81,26687.58,0.139,Fully Funded
SAV-07825,CUST-07825,952.21,26455.3,0.1774,Fully Funded
SAV-07826,CUST-07826,1387.57,151085.42,0.1607,Fully Funded
SAV-07827,CUST-07827,772.5,38443.48,0.1523,Fully Funded
SAV-07828,CUST-07828,783.29,46454.19,0.1363,Fully Funded
SAV-07829,CUST-07829,924.5,42962.72,0.1729,Fully Funded
SAV-07830,CUST-07830,853.47,76565.9,0.1271,Fully Funded
SAV-07831,CUST-07831,1965.35,111947.18,0.2353,Fully Funded
SAV-07832,CUST-07832,1844.64,77788.86,0.1717,Fully Funded
SAV-07833,CUST-07833,417.67,45396.39,0.1186,Fully Funded
SAV-07834,CUST-07834,1376.89,17613.02,0.1404,Low
SAV-07835,CUST-07835,860.68,19228.9,0.1506,Partially Funded
SAV-07836,CUST-07836,1645.13,139279.65,0.1898,Fully Funded
SAV-07837,CUST-07837,557.92,35630.98,0.104,Fully Funded
SAV-07838,CUST-07838,794.21,11493.73,0.1265,Low
SAV-07839,CUST-07839,1676.6,82648.37,0.1911,Fully Funded
SAV-07840,CUST-07840,996.98,26318.76,0.1007,Partially Funded
SAV-07841,CUST-07841,369.19,28027.3,0.1085,Fully Funded
SAV-07842,CUST-07842,509.5,5702.15,0.1282,Low
SAV-07843,CUST-07843,525.1,25322.78,0.2261,Fully Funded
SAV-07844,CUST-07844,991.59,11740.18,0.1892,Partially Funded
SAV-07845,CUST-07845,713.47,60047.82,0.156,Fully Funded
SAV-07846,CUST-07846,388.88,28815.35,0.1475,Fully Funded
SAV-07847,CUST-07847,1245.41,126613.92,0.1492,Fully Funded
SAV-07848,CUST-07848,1605.64,112612.23,0.1525,Fully Funded
SAV-07849,CUST-07849,556.61,22335.13,0.1229,Fully Funded
SAV-07850,CUST-07850,296.16,14439.38,0.1141,Fully Funded
SAV-07851,CUST-07851,1159.18,76766.88,0.1174,Fully Funded
SAV-07852,CUST-07852,1248.51,64470.26,0.2406,Fully Funded
SAV-07853,CUST-07853,1626.93,62063.98,0.2064,Fully Funded
SAV-07854,CUST-07854,507.32,42774.99,0.1371,Fully Funded
SAV-07855,CUST-07855,1281.1,41752.75,0.1472,Partially Funded
SAV-07856,CUST-07856,540.21,17373.82,0.1953,Fully Funded
SAV-07857,CUST-07857,630.33,12890.86,0.1474,Partially Funded
SAV-07858,CUST-07858,326.97,27241.95,0.1692,Fully Funded
SAV-07859,CUST-07859,1845.0,114745.78,0.256,Fully Funded
SAV-07860,CUST-07860,854.32,11551.51,0.162,Partially Funded
SAV-07861,CUST-07861,710.04,41842.08,0.1238,Fully Funded
SAV-07862,CUST-07862,1097.33,24305.25,0.1511,Partially Funded
SAV-07863,CUST-07863,809.24,56115.62,0.0778,Fully Funded
SAV-07864,CUST-07864,578.35,10886.59,0.1398,Partially Funded
SAV-07865,CUST-07865,919.05,95674.38,0.1598,Fully Funded
SAV-07866,CUST-07866,1156.6,76299.79,0.1764,Fully Funded
SAV-07867,CUST-07867,721.35,49854.02,0.2183,Fully Funded
SAV-07868,CUST-07868,657.97,15135.97,0.096,Low
SAV-07869,CUST-07869,1659.67,125818.31,0.252,Fully Funded
SAV-07870,CUST-07870,645.42,45413.81,0.0876,Fully Funded
SAV-07871,CUST-07871,673.34,30605.41,0.1302,Fully Funded
SAV-07872,CUST-07872,1624.29,63197.3,0.1551,Fully Funded
SAV-07873,CUST-07873,908.4,26591.49,0.1627,Fully Funded
SAV-07874,CUST-07874,780.82,30573.67,0.1178,Fully Funded
SAV-07875,CUST-07875,779.69,44964.7,0.1304,Fully Funded
SAV-07876,CUST-07876,431.83,15056.31,0.1261,Partially Funded
SAV-07877,CUST-07877,501.57,41318.53,0.1118,Fully Funded
SAV-07878,CUST-07878,750.72,71734.13,0.1426,Fully Funded
SAV-07879,CUST-07879,1516.06,74806.04,0.1501,Fully Funded
SAV-07880,CUST-07880,98.18,5484.76,0.0778,Partially Funded
SAV-07881,CUST-07881,434.19,26293.38,0.1461,Fully Funded
SAV-07882,CUST-07882,919.88,65679.39,0.1161,Fully Funded
SAV-07883,CUST-07883,93.15,3681.84,0.1028,Partially Funded
SAV-07884,CUST-07884,733.76,42220.08,0.1801,Fully Funded
SAV-07885,CUST-07885,674.13,54727.09,0.1315,Fully Funded
SAV-07886,CUST-07886,899.59,25307.15,0.1682,Fully Funded
SAV-07887,CUST-07887,420.27,17527.89,0.0627,Partially Funded
SAV-07888,CUST-07888,2457.6,121865.02,0.2088,Fully Funded
SAV-07889,CUST-07889,791.22,78134.85,0.0939,Fully Funded
SAV-07890,CUST-07890,668.28,52084.34,0.213,Fully Funded
SAV-07891,CUST-07891,708.12,56914.99,0.1502,Fully Funded
SAV-07892,CUST-07892,536.33,35259.13,0.1388,Fully Funded
SAV-07893,CUST-07893,2017.08,46827.35,0.2428,Fully Funded
SAV-07894,CUST-07894,1059.12,39443.14,0.1249,Partially Funded
SAV-07895,CUST-07895,534.39,15778.14,0.1371,Partially Funded
SAV-07896,CUST-07896,408.71,25933.36,0.1075,Fully Funded
SAV-07897,CUST-07897,1170.67,92289.02,0.1479,Fully Funded
SAV-07898,CUST-07898,1042.75,26843.27,0.1232,Partially Funded
SAV-07899,CUST-07899,1599.39,44198.08,0.2031,Fully Funded
SAV-07900,CUST-07900,3343.46,262154.38,0.2449,Fully Funded
SAV-07901,CUST-07901,784.52,19053.01,0.1286,Partially Funded
SAV-07902,CUST-07902,1238.33,55566.49,0.1502,Fully Funded
SAV-07903,CUST-07903,493.67,32967.32,0.1412,Fully Funded
SAV-07904,CUST-07904,131.23,6811.77,0.0742,Partially Funded
SAV-07905,CUST-07905,896.32,51441.21,0.0705,Partially Funded
SAV-07906,CUST-07906,1071.71,50720.33,0.2027,Fully Funded
SAV-07907,CUST-07907,920.32,71444.01,0.1297,Fully Funded
SAV-07908,CUST-07908,593.54,25698.28,0.1211,Fully Funded
SAV-07909,CUST-07909,446.29,8141.57,0.0927,Low
SAV-07910,CUST-07910,79.19,5977.97,0.1161,Fully Funded
SAV-07911,CUST-07911,912.34,33106.6,0.1868,Fully Funded
SAV-07912,CUST-07912,267.35,5279.67,0.1047,Low
SAV-07913,CUST-07913,490.17,10641.04,0.0869,Low
SAV-07914,CUST-07914,221.19,11547.45,0.2558,Fully Funded
SAV-07915,CUST-07915,311.95,13979.08,0.0893,Partially Funded
SAV-07916,CUST-07916,900.26,50771.38,0.133,Fully Funded
SAV-07917,CUST-07917,978.09,68827.78,0.1604,Fully Funded
SAV-07918,CUST-07918,576.54,11901.13,0.1421,Partially Funded
SAV-07919,CUST-07919,282.93,3471.59,0.2397,Partially Funded
SAV-07920,CUST-07920,1054.24,90876.84,0.2278,Fully Funded
SAV-07921,CUST-07921,654.15,12035.7,0.1468,Partially Funded
SAV-07922,CUST-07922,1419.15,58355.08,0.1713,Fully Funded
SAV-07923,CUST-07923,1021.33,47306.39,0.1258,Fully Funded
SAV-07924,CUST-07924,395.34,11004.45,0.1155,Partially Funded
SAV-07925,CUST-07925,1645.41,48888.57,0.2313,Fully Funded
SAV-07926,CUST-07926,491.69,12414.87,0.1066,Partially Funded
SAV-07927,CUST-07927,1157.14,30650.33,0.269,Fully Funded
SAV-07928,CUST-07928,191.79,8579.17,0.1836,Fully Funded
SAV-07929,CUST-07929,792.71,35171.59,0.089,Partially Funded
SAV-07930,CUST-07930,3074.79,220469.67,0.3069,Fully Funded
SAV-07931,CUST-07931,1133.54,40219.36,0.1941,Fully Funded
SAV-07932,CUST-07932,1265.35,91862.73,0.1307,Fully Funded
SAV-07933,CUST-07933,206.69,10501.26,0.0835,Partially Funded
SAV-07934,CUST-07934,1166.18,89225.78,0.1478,Fully Funded
SAV-07935,CUST-07935,353.62,9118.11,0.0937,Low
SAV-07936,CUST-07936,847.74,23180.5,0.1961,Fully Funded
SAV-07937,CUST-07937,867.45,34702.04,0.1832,Fully Funded
SAV-07938,CUST-07938,630.93,54883.17,0.1211,Fully Funded
SAV-07939,CUST-07939,263.45,13654.11,0.3333,Fully Funded
SAV-07940,CUST-07940,1108.3,63212.86,0.2339,Fully Funded
SAV-07941,CUST-07941,582.24,32862.58,0.0783,Partially Funded
SAV-07942,CUST-07942,1106.3,66466.03,0.1395,Fully Funded
SAV-07943,CUST-07943,614.08,16376.81,0.1099,Partially Funded
SAV-07944,CUST-07944,1039.4,49995.07,0.1934,Fully Funded
SAV-07945,CUST-07945,720.53,63050.61,0.1418,Fully Funded
SAV-07946,CUST-07946,1780.39,89393.9,0.1846,Fully Funded
SAV-07947,CUST-07947,1647.16,98177.42,0.1643,Fully Funded
SAV-07948,CUST-07948,311.63,7551.42,0.0928,Low
SAV-07949,CUST-07949,1211.91,85325.64,0.2189,Fully Funded
SAV-07950,CUST-07950,435.07,38301.35,0.1292,Fully Funded
SAV-07951,CUST-07951,1708.4,147352.57,0.257,Fully Funded
SAV-07952,CUST-07952,263.46,14756.68,0.131,Fully Funded
SAV-07953,CUST-07953,1171.5,74617.98,0.1176,Fully Funded
SAV-07954,CUST-07954,1446.3,111335.95,0.1599,Fully Funded
SAV-07955,CUST-07955,975.82,51348.93,0.1389,Fully Funded
SAV-07956,CUST-07956,711.38,25536.94,0.2211,Fully Funded
SAV-07957,CUST-07957,2422.25,55270.96,0.2124,Fully Funded
SAV-07958,CUST-07958,312.64,20299.34,0.1174,Fully Funded
SAV-07959,CUST-07959,406.35,22552.71,0.1173,Fully Funded
SAV-07960,CUST-07960,584.83,11146.24,0.1767,Partially Funded
SAV-07961,CUST-07961,713.63,40798.82,0.1314,Fully Funded
SAV-07962,CUST-07962,2117.6,135670.62,0.3134,Fully Funded
SAV-07963,CUST-07963,385.81,22130.28,0.2053,Fully Funded
SAV-07964,CUST-07964,1068.21,28287.37,0.164,Partially Funded
SAV-07965,CUST-07965,1682.85,95722.38,0.1788,Fully Funded
SAV-07966,CUST-07966,1739.34,77713.83,0.1619,Fully Funded
SAV-07967,CUST-07967,1352.12,97748.31,0.1535,Fully Funded
SAV-07968,CUST-07968,880.98,68431.16,0.2427,Fully Funded
SAV-07969,CUST-07969,1166.01,51153.56,0.2204,Fully Funded
SAV-07970,CUST-07970,345.19,25327.76,0.1072,Fully Funded
SAV-07971,CUST-07971,1265.66,78434.17,0.2345,Fully Funded
SAV-07972,CUST-07972,1638.82,55989.02,0.1939,Fully Funded
SAV-07973,CUST-07973,1051.51,113430.25,0.2051,Fully Funded
SAV-07974,CUST-07974,957.88,61073.67,0.2044,Fully Funded
SAV-07975,CUST-07975,1631.13,63228.6,0.1543,Fully Funded
SAV-07976,CUST-07976,2772.7,69949.28,0.1712,Partially Funded
SAV-07977,CUST-07977,1368.45,19101.16,0.1571,Partially Funded
SAV-07978,CUST-07978,1915.34,23270.27,0.1516,Low
SAV-07979,CUST-07979,394.93,10011.46,0.2327,Fully Funded
SAV-07980,CUST-07980,2680.49,33970.83,0.2394,Partially Funded
SAV-07981,CUST-07981,667.31,19065.36,0.1501,Partially Funded
SAV-07982,CUST-07982,696.7,19455.08,0.1453,Partially Funded
SAV-07983,CUST-07983,463.01,43482.19,0.1981,Fully Funded
SAV-07984,CUST-07984,963.4,97257.13,0.1475,Fully Funded
SAV-07985,CUST-07985,948.18,16102.51,0.1365,Partially Funded
SAV-07986,CUST-07986,2271.65,81451.58,0.2122,Fully Funded
SAV-07987,CUST-07987,827.89,50269.56,0.1138,Fully Funded
SAV-07988,CUST-07988,2242.06,77721.19,0.2069,Fully Funded
SAV-07989,CUST-07989,1120.38,36363.15,0.2385,Fully Funded
SAV-07990,CUST-07990,1080.67,81261.29,0.1876,Fully Funded
SAV-07991,CUST-07991,1129.45,21610.4,0.1722,Partially Funded
SAV-07992,CUST-07992,1084.51,29715.61,0.1389,Partially Funded
SAV-07993,CUST-07993,2171.59,81788.57,0.1236,Fully Funded
SAV-07994,CUST-07994,446.79,24160.8,0.0883,Partially Funded
SAV-07995,CUST-07995,1117.46,46026.68,0.2147,Fully Funded
SAV-07996,CUST-07996,480.68,37656.09,0.0841,Fully Funded
SAV-07997,CUST-07997,98.85,5014.23,0.1043,Fully Funded
SAV-07998,CUST-07998,133.59,9300.93,0.1905,Fully Funded
SAV-07999,CUST-07999,314.67,19614.8,0.1023,Fully Funded
SAV-08000,CUST-08000,755.83,20295.19,0.2013,Fully Funded
SAV-08001,CUST-08001,814.49,49369.73,0.1863,Fully Funded
SAV-08002,CUST-08002,1271.11,108697.98,0.1616,Fully Funded
SAV-08003,CUST-08003,1567.91,48323.25,0.2521,Fully Funded
SAV-08004,CUST-08004,2656.7,97748.8,0.2079,Fully Funded
SAV-08005,CUST-08005,676.96,11728.2,0.1206,Low
SAV-08006,CUST-08006,3709.36,212190.45,0.2512,Fully Funded
SAV-08007,CUST-08007,592.94,35711.98,0.172,Fully Funded
SAV-08008,CUST-08008,425.12,35041.23,0.0846,Fully Funded
SAV-08009,CUST-08009,745.64,70290.07,0.1646,Fully Funded
SAV-08010,CUST-08010,1080.07,37386.07,0.1315,Partially Funded
SAV-08011,CUST-08011,2985.73,262284.8,0.2499,Fully Funded
SAV-08012,CUST-08012,1621.35,88703.71,0.1798,Fully Funded
SAV-08013,CUST-08013,1023.31,20181.28,0.1586,Partially Funded
SAV-08014,CUST-08014,1091.58,22111.45,0.204,Partially Funded
SAV-08015,CUST-08015,1815.36,200137.27,0.2177,Fully Funded
SAV-08016,CUST-08016,2389.36,121242.72,0.2419,Fully Funded
SAV-08017,CUST-08017,1182.41,30396.66,0.1821,Fully Funded
SAV-08018,CUST-08018,580.32,22637.5,0.1104,Partially Funded
SAV-08019,CUST-08019,468.28,32188.52,0.1165,Fully Funded
SAV-08020,CUST-08020,1491.06,124185.63,0.2521,Fully Funded
SAV-08021,CUST-08021,649.07,27732.78,0.1767,Fully Funded
SAV-08022,CUST-08022,1095.27,50828.95,0.2125,Fully Funded
SAV-08023,CUST-08023,558.63,13701.21,0.1678,Partially Funded
SAV-08024,CUST-08024,699.7,21463.08,0.217,Fully Funded
SAV-08025,CUST-08025,1785.7,60625.97,0.1955,Fully Funded
SAV-08026,CUST-08026,1481.85,90605.32,0.1614,Fully Funded
SAV-08027,CUST-08027,167.12,3424.29,0.1168,Partially Funded
SAV-08028,CUST-08028,944.59,66183.1,0.1571,Fully Funded
SAV-08029,CUST-08029,1099.62,34807.8,0.1447,Partially Funded
SAV-08030,CUST-08030,794.23,51235.07,0.2316,Fully Funded
SAV-08031,CUST-08031,2162.46,55247.96,0.2096,Fully Funded
SAV-08032,CUST-08032,639.93,24814.12,0.132,Fully Funded
SAV-08033,CUST-08033,552.4,28906.56,0.0929,Partially Funded
SAV-08034,CUST-08034,1165.83,43781.38,0.2504,Fully Funded
SAV-08035,CUST-08035,337.28,26831.69,0.0432,Partially Funded
SAV-08036,CUST-08036,450.6,36736.66,0.0701,Fully Funded
SAV-08037,CUST-08037,917.37,35806.21,0.2462,Fully Funded
SAV-08038,CUST-08038,340.48,19918.94,0.0926,Fully Funded
SAV-08039,CUST-08039,339.45,21692.83,0.1655,Fully Funded
SAV-08040,CUST-08040,424.65,34440.19,0.0877,Fully Funded
SAV-08041,CUST-08041,2295.33,237868.23,0.242,Fully Funded
SAV-08042,CUST-08042,840.61,54500.53,0.154,Fully Funded
SAV-08043,CUST-08043,931.38,28590.99,0.2421,Fully Funded
SAV-08044,CUST-08044,1780.04,107953.99,0.1729,Fully Funded
SAV-08045,CUST-08045,901.69,10726.73,0.1458,Low
SAV-08046,CUST-08046,593.82,56112.22,0.1163,Fully Funded
SAV-08047,CUST-08047,1284.1,30567.64,0.207,Fully Funded
SAV-08048,CUST-08048,596.22,23273.66,0.1885,Fully Funded
SAV-08049,CUST-08049,577.33,17300.21,0.0917,Partially Funded
SAV-08050,CUST-08050,738.7,41950.36,0.1618,Fully Funded
SAV-08051,CUST-08051,800.64,43335.77,0.1121,Fully Funded
SAV-08052,CUST-08052,902.81,58751.31,0.099,Fully Funded
SAV-08053,CUST-08053,1681.82,87307.59,0.1348,Fully Funded
SAV-08054,CUST-08054,1283.12,86814.18,0.1964,Fully Funded
SAV-08055,CUST-08055,1090.48,78159.73,0.1707,Fully Funded
SAV-08056,CUST-08056,1046.49,71015.53,0.1465,Fully Funded
SAV-08057,CUST-08057,201.48,10587.24,0.1666,Fully Funded
SAV-08058,CUST-08058,540.17,62850.1,0.1313,Fully Funded
SAV-08059,CUST-08059,732.32,58427.59,0.1067,Fully Funded
SAV-08060,CUST-08060,830.38,48459.0,0.2072,Fully Funded
SAV-08061,CUST-08061,1240.57,32435.76,0.1359,Partially Funded
SAV-08062,CUST-08062,814.02,38163.05,0.125,Fully Funded
SAV-08063,CUST-08063,712.01,24323.27,0.1412,Fully Funded
SAV-08064,CUST-08064,990.87,98184.89,0.1396,Fully Funded
SAV-08065,CUST-08065,610.02,49852.44,0.1764,Fully Funded
SAV-08066,CUST-08066,2358.02,99195.59,0.2227,Fully Funded
SAV-08067,CUST-08067,2012.63,31481.8,0.117,Low
SAV-08068,CUST-08068,575.74,34514.55,0.1325,Fully Funded
SAV-08069,CUST-08069,517.81,9497.92,0.1558,Partially Funded
SAV-08070,CUST-08070,1517.01,132681.08,0.1899,Fully Funded
SAV-08071,CUST-08071,790.48,18964.8,0.0929,Low
SAV-08072,CUST-08072,934.62,32157.97,0.1449,Fully Funded
SAV-08073,CUST-08073,418.27,35645.3,0.1245,Fully Funded
SAV-08074,CUST-08074,663.63,59521.37,0.2465,Fully Funded
SAV-08075,CUST-08075,76.38,6599.73,0.0682,Fully Funded
SAV-08076,CUST-08076,345.5,32079.39,0.2006,Fully Funded
SAV-08077,CUST-08077,3776.24,100177.16,0.1767,Fully Funded
SAV-08078,CUST-08078,904.14,71423.42,0.1943,Fully Funded
SAV-08079,CUST-08079,424.04,13974.88,0.0946,Partially Funded
SAV-08080,CUST-08080,518.63,52573.32,0.1128,Fully Funded
SAV-08081,CUST-08081,963.15,41284.94,0.1137,Partially Funded
SAV-08082,CUST-08082,1478.19,100901.69,0.1582,Fully Funded
SAV-08083,CUST-08083,436.54,38567.27,0.1026,Fully Funded
SAV-08084,CUST-08084,325.73,14453.27,0.1155,Partially Funded
SAV-08085,CUST-08085,1218.39,30012.24,0.225,Fully Funded
SAV-08086,CUST-08086,1052.15,27630.47,0.1306,Partially Funded
SAV-08087,CUST-08087,1254.26,92142.67,0.0875,Fully Funded
SAV-08088,CUST-08088,878.55,90316.54,0.1025,Fully Funded
SAV-08089,CUST-08089,185.44,1979.8,0.1433,Low
SAV-08090,CUST-08090,1307.67,45000.44,0.164,Fully Funded
SAV-08091,CUST-08091,914.45,78781.6,0.1089,Fully Funded
SAV-08092,CUST-08092,1047.43,76943.43,0.1584,Fully Funded
SAV-08093,CUST-08093,671.42,52320.37,0.1148,Fully Funded
SAV-08094,CUST-08094,1061.09,53076.67,0.1692,Fully Funded
SAV-08095,CUST-08095,481.8,7544.29,0.1017,Low
SAV-08096,CUST-08096,1485.57,60150.49,0.1999,Fully Funded
SAV-08097,CUST-08097,1477.73,45634.68,0.1852,Fully Funded
SAV-08098,CUST-08098,362.27,8343.8,0.1225,Partially Funded
SAV-08099,CUST-08099,1229.03,96375.76,0.1679,Fully Funded
SAV-08100,CUST-08100,2787.99,236884.19,0.2846,Fully Funded
SAV-08101,CUST-08101,456.89,45781.35,0.1053,Fully Funded
SAV-08102,CUST-08102,1031.01,32213.15,0.1842,Fully Funded
SAV-08103,CUST-08103,2170.21,100909.11,0.1717,Fully Funded
SAV-08104,CUST-08104,233.51,14633.96,0.196,Fully Funded
SAV-08105,CUST-08105,1480.12,83236.28,0.163,Fully Funded
SAV-08106,CUST-08106,816.12,46398.94,0.109,Fully Funded
SAV-08107,CUST-08107,437.68,24883.65,0.1525,Fully Funded
SAV-08108,CUST-08108,562.43,12908.25,0.1199,Partially Funded
SAV-08109,CUST-08109,1222.89,74500.29,0.1272,Fully Funded
SAV-08110,CUST-08110,368.82,17131.02,0.0938,Partially Funded
SAV-08111,CUST-08111,1213.64,73002.43,0.1728,Fully Funded
SAV-08112,CUST-08112,605.56,37455.77,0.1227,Fully Funded
SAV-08113,CUST-08113,1109.47,101690.34,0.2044,Fully Funded
SAV-08114,CUST-08114,789.41,30354.74,0.2476,Fully Funded
SAV-08115,CUST-08115,2712.31,161637.35,0.2431,Fully Funded
SAV-08116,CUST-08116,1012.42,21981.3,0.1381,Partially Funded
SAV-08117,CUST-08117,1755.4,46227.59,0.2269,Fully Funded
SAV-08118,CUST-08118,508.47,40388.62,0.2012,Fully Funded
SAV-08119,CUST-08119,923.5,103154.37,0.1963,Fully Funded
SAV-08120,CUST-08120,745.83,24230.95,0.153,Fully Funded
SAV-08121,CUST-08121,764.79,17850.36,0.1683,Partially Funded
SAV-08122,CUST-08122,839.26,15515.11,0.1444,Partially Funded
SAV-08123,CUST-08123,228.22,5991.73,0.1469,Partially Funded
SAV-08124,CUST-08124,874.53,39756.81,0.0956,Partially Funded
SAV-08125,CUST-08125,1280.22,52986.45,0.2501,Fully Funded
SAV-08126,CUST-08126,570.51,20038.77,0.1184,Partially Funded
SAV-08127,CUST-08127,1828.15,185325.09,0.204,Fully Funded
SAV-08128,CUST-08128,758.25,48443.95,0.1439,Fully Funded
SAV-08129,CUST-08129,1384.41,27433.19,0.1853,Partially Funded
SAV-08130,CUST-08130,450.77,18038.97,0.0558,Low
SAV-08131,CUST-08131,1712.56,29563.09,0.2865,Fully Funded
SAV-08132,CUST-08132,1082.06,45072.65,0.2008,Fully Funded
SAV-08133,CUST-08133,469.15,21780.47,0.106,Fully Funded
SAV-08134,CUST-08134,466.0,29427.04,0.2258,Fully Funded
SAV-08135,CUST-08135,311.81,23152.46,0.1487,Fully Funded
SAV-08136,CUST-08136,440.61,46548.11,0.1237,Fully Funded
SAV-08137,CUST-08137,838.17,35448.7,0.1635,Fully Funded
SAV-08138,CUST-08138,497.08,34164.81,0.1066,Fully Funded
SAV-08139,CUST-08139,1100.29,56924.91,0.154,Fully Funded
SAV-08140,CUST-08140,638.69,8866.9,0.2353,Partially Funded
SAV-08141,CUST-08141,275.25,19436.17,0.1489,Fully Funded
SAV-08142,CUST-08142,294.63,36233.44,0.0648,Fully Funded
SAV-08143,CUST-08143,1450.47,56470.57,0.2594,Fully Funded
SAV-08144,CUST-08144,285.58,14341.01,0.2123,Fully Funded
SAV-08145,CUST-08145,217.93,5912.66,0.1057,Partially Funded
SAV-08146,CUST-08146,941.62,37596.88,0.1672,Fully Funded
SAV-08147,CUST-08147,896.01,47932.08,0.1313,Fully Funded
SAV-08148,CUST-08148,1375.12,99511.32,0.1786,Fully Funded
SAV-08149,CUST-08149,665.32,29425.23,0.1152,Fully Funded
SAV-08150,CUST-08150,1102.39,15991.8,0.2237,Partially Funded
SAV-08151,CUST-08151,364.58,26892.56,0.1105,Fully Funded
SAV-08152,CUST-08152,2980.68,210512.18,0.2336,Fully Funded
SAV-08153,CUST-08153,1168.29,50984.3,0.1952,Fully Funded
SAV-08154,CUST-08154,770.02,60619.64,0.1261,Fully Funded
SAV-08155,CUST-08155,600.93,9953.5,0.1105,Low
SAV-08156,CUST-08156,331.92,15718.5,0.1234,Fully Funded
SAV-08157,CUST-08157,875.86,12571.83,0.3355,Fully Funded
SAV-08158,CUST-08158,1301.84,88131.84,0.1128,Fully Funded
SAV-08159,CUST-08159,1141.26,78084.64,0.148,Fully Funded
SAV-08160,CUST-08160,1580.91,103447.38,0.2172,Fully Funded
SAV-08161,CUST-08161,1041.39,48110.45,0.2526,Fully Funded
SAV-08162,CUST-08162,1065.51,103309.43,0.1564,Fully Funded
SAV-08163,CUST-08163,1928.47,64376.84,0.2935,Fully Funded
SAV-08164,CUST-08164,1184.61,54353.28,0.2178,Fully Funded
SAV-08165,CUST-08165,582.56,12443.38,0.0983,Low
SAV-08166,CUST-08166,911.79,32652.03,0.1279,Fully Funded
SAV-08167,CUST-08167,2179.45,223105.45,0.2405,Fully Funded
SAV-08168,CUST-08168,1614.93,65791.12,0.1385,Fully Funded
SAV-08169,CUST-08169,1450.88,47898.65,0.237,Fully Funded
SAV-08170,CUST-08170,319.14,21331.54,0.0716,Partially Funded
SAV-08171,CUST-08171,761.91,65862.37,0.1073,Fully Funded
SAV-08172,CUST-08172,1717.86,59124.23,0.2204,Fully Funded
SAV-08173,CUST-08173,599.37,27474.15,0.0885,Partially Funded
SAV-08174,CUST-08174,1849.81,37730.34,0.2609,Fully Funded
SAV-08175,CUST-08175,696.05,33123.8,0.1917,Fully Funded
SAV-08176,CUST-08176,154.96,6801.97,0.18,Fully Funded
SAV-08177,CUST-08177,1750.04,178685.24,0.1509,Fully Funded
SAV-08178,CUST-08178,553.45,42303.5,0.1555,Fully Funded
SAV-08179,CUST-08179,1007.1,24918.92,0.1302,Partially Funded
SAV-08180,CUST-08180,1996.75,118473.8,0.2145,Fully Funded
SAV-08181,CUST-08181,1722.25,44167.38,0.2314,Fully Funded
SAV-08182,CUST-08182,1724.4,110788.41,0.2143,Fully Funded
SAV-08183,CUST-08183,800.59,13265.17,0.1312,Low
SAV-08184,CUST-08184,1291.4,96213.13,0.142,Fully Funded
SAV-08185,CUST-08185,1151.03,59754.52,0.1559,Fully Funded
SAV-08186,CUST-08186,1006.6,62061.54,0.248,Fully Funded
SAV-08187,CUST-08187,730.56,37592.31,0.0908,Partially Funded
SAV-08188,CUST-08188,1171.12,48448.6,0.1952,Fully Funded
SAV-08189,CUST-08189,2019.51,96510.44,0.2114,Fully Funded
SAV-08190,CUST-08190,823.91,86728.0,0.0969,Fully Funded
SAV-08191,CUST-08191,817.84,38386.68,0.2022,Fully Funded
SAV-08192,CUST-08192,582.28,26815.48,0.1556,Fully Funded
SAV-08193,CUST-08193,934.4,31089.21,0.1827,Fully Funded
SAV-08194,CUST-08194,688.24,27567.47,0.2147,Fully Funded
SAV-08195,CUST-08195,440.65,26227.23,0.0834,Partially Funded
SAV-08196,CUST-08196,1640.83,120123.13,0.1198,Fully Funded
SAV-08197,CUST-08197,690.87,24535.77,0.1264,Partially Funded
SAV-08198,CUST-08198,865.09,39158.32,0.2314,Fully Funded
SAV-08199,CUST-08199,1527.28,129223.36,0.2336,Fully Funded
SAV-08200,CUST-08200,586.95,41169.93,0.1255,Fully Funded
SAV-08201,CUST-08201,783.82,37444.61,0.169,Fully Funded
SAV-08202,CUST-08202,1840.31,100008.32,0.1367,Fully Funded
SAV-08203,CUST-08203,889.11,89587.21,0.1745,Fully Funded
SAV-08204,CUST-08204,1157.98,99363.54,0.188,Fully Funded
SAV-08205,CUST-08205,3862.16,100768.57,0.1863,Fully Funded
SAV-08206,CUST-08206,1140.62,32238.42,0.099,Partially Funded
SAV-08207,CUST-08207,835.59,67794.17,0.1553,Fully Funded
SAV-08208,CUST-08208,497.21,19914.84,0.0887,Partially Funded
SAV-08209,CUST-08209,1189.35,63895.48,0.1321,Fully Funded
SAV-08210,CUST-08210,84.17,3440.6,0.099,Partially Funded
SAV-08211,CUST-08211,711.11,34786.93,0.0852,Partially Funded
SAV-08212,CUST-08212,690.52,17191.58,0.1021,Partially Funded
SAV-08213,CUST-08213,941.2,62735.4,0.1673,Fully Funded
SAV-08214,CUST-08214,1345.55,99140.01,0.1362,Fully Funded
SAV-08215,CUST-08215,1002.07,22733.56,0.1283,Partially Funded
SAV-08216,CUST-08216,1168.9,59267.67,0.2498,Fully Funded
SAV-08217,CUST-08217,1053.87,49462.9,0.1269,Fully Funded
SAV-08218,CUST-08218,818.1,66796.32,0.2101,Fully Funded
SAV-08219,CUST-08219,523.45,57164.66,0.1078,Fully Funded
SAV-08220,CUST-08220,777.19,39804.14,0.1798,Fully Funded
SAV-08221,CUST-08221,975.44,25206.47,0.2001,Fully Funded
SAV-08222,CUST-08222,1154.78,51829.8,0.1803,Fully Funded
SAV-08223,CUST-08223,1398.45,19106.05,0.1583,Low
SAV-08224,CUST-08224,494.75,9856.38,0.1362,Partially Funded
SAV-08225,CUST-08225,825.23,13860.95,0.2142,Partially Funded
SAV-08226,CUST-08226,831.11,15334.24,0.1009,Low
SAV-08227,CUST-08227,2494.81,67082.89,0.2456,Fully Funded
SAV-08228,CUST-08228,1628.06,145663.05,0.23,Fully Funded
SAV-08229,CUST-08229,1674.27,182085.15,0.23,Fully Funded
SAV-08230,CUST-08230,160.68,12310.35,0.2455,Fully Funded
SAV-08231,CUST-08231,1043.48,58913.09,0.1272,Fully Funded
SAV-08232,CUST-08232,897.51,72833.39,0.1396,Fully Funded
SAV-08233,CUST-08233,281.66,15012.85,0.0867,Partially Funded
SAV-08234,CUST-08234,1203.96,85321.62,0.1201,Fully Funded
SAV-08235,CUST-08235,535.91,52051.4,0.0744,Fully Funded
SAV-08236,CUST-08236,168.42,3368.5,0.0495,Low
SAV-08237,CUST-08237,773.64,71132.7,0.1462,Fully Funded
SAV-08238,CUST-08238,721.04,11848.13,0.1137,Low
SAV-08239,CUST-08239,517.07,19855.33,0.174,Fully Funded
SAV-08240,CUST-08240,230.24,18661.64,0.185,Fully Funded
SAV-08241,CUST-08241,991.97,38509.09,0.1317,Fully Funded
SAV-08242,CUST-08242,1138.24,77370.25,0.1758,Fully Funded
SAV-08243,CUST-08243,582.54,31898.52,0.1111,Fully Funded
SAV-08244,CUST-08244,1102.5,53500.87,0.122,Fully Funded
SAV-08245,CUST-08245,1088.71,30685.0,0.1857,Fully Funded
SAV-08246,CUST-08246,1049.53,51655.64,0.2106,Fully Funded
SAV-08247,CUST-08247,477.48,22700.67,0.1162,Fully Funded
SAV-08248,CUST-08248,2483.28,107666.12,0.226,Fully Funded
SAV-08249,CUST-08249,2651.8,227511.46,0.1824,Fully Funded
SAV-08250,CUST-08250,1080.58,20745.0,0.1938,Partially Funded
SAV-08251,CUST-08251,562.53,33322.39,0.0819,Partially Funded
SAV-08252,CUST-08252,752.88,10519.38,0.2116,Partially Funded
SAV-08253,CUST-08253,828.33,33411.39,0.162,Fully Funded
SAV-08254,CUST-08254,1061.33,60997.54,0.234,Fully Funded
SAV-08255,CUST-08255,1345.94,102414.65,0.1787,Fully Funded
SAV-08256,CUST-08256,620.63,46140.61,0.1603,Fully Funded
SAV-08257,CUST-08257,1024.56,43426.23,0.1818,Fully Funded
SAV-08258,CUST-08258,178.19,4795.37,0.0853,Low
SAV-08259,CUST-08259,836.47,20463.88,0.218,Fully Funded
SAV-08260,CUST-08260,421.73,26394.14,0.0648,Partially Funded
SAV-08261,CUST-08261,200.99,4540.06,0.1464,Partially Funded
SAV-08262,CUST-08262,695.58,66167.19,0.237,Fully Funded
SAV-08263,CUST-08263,1577.85,129149.73,0.2385,Fully Funded
SAV-08264,CUST-08264,2230.77,63838.31,0.1778,Fully Funded
SAV-08265,CUST-08265,3754.64,96907.18,0.179,Fully Funded
SAV-08266,CUST-08266,489.98,33574.72,0.1386,Fully Funded
SAV-08267,CUST-08267,1081.59,19210.06,0.2145,Partially Funded
SAV-08268,CUST-08268,794.56,17378.15,0.1595,Partially Funded
SAV-08269,CUST-08269,2630.21,198336.89,0.1815,Fully Funded
SAV-08270,CUST-08270,1119.84,70979.42,0.2174,Fully Funded
SAV-08271,CUST-08271,983.09,14229.74,0.1573,Partially Funded
SAV-08272,CUST-08272,1459.33,132974.83,0.2573,Fully Funded
SAV-08273,CUST-08273,1595.2,51839.11,0.1017,Partially Funded
SAV-08274,CUST-08274,528.8,12289.82,0.1794,Partially Funded
SAV-08275,CUST-08275,1062.68,24167.41,0.1182,Partially Funded
SAV-08276,CUST-08276,535.11,34339.96,0.1194,Fully Funded
SAV-08277,CUST-08277,1041.29,84515.43,0.0928,Fully Funded
SAV-08278,CUST-08278,780.23,9130.58,0.0973,Low
SAV-08279,CUST-08279,842.55,63630.85,0.2366,Fully Funded
SAV-08280,CUST-08280,395.67,33589.83,0.0607,Partially Funded
SAV-08281,CUST-08281,1167.93,57869.81,0.1106,Fully Funded
SAV-08282,CUST-08282,775.14,37239.34,0.1086,Fully Funded
SAV-08283,CUST-08283,631.9,25228.76,0.0996,Partially Funded
SAV-08284,CUST-08284,2420.86,231702.15,0.277,Fully Funded
SAV-08285,CUST-08285,350.45,24217.99,0.2957,Fully Funded
SAV-08286,CUST-08286,1271.2,106074.82,0.2397,Fully Funded
SAV-08287,CUST-08287,424.49,16602.36,0.1417,Fully Funded
SAV-08288,CUST-08288,838.86,35111.29,0.1027,Partially Funded
SAV-08289,CUST-08289,473.31,40279.99,0.176,Fully Funded
SAV-08290,CUST-08290,1848.19,25267.08,0.0976,Low
SAV-08291,CUST-08291,529.3,23820.48,0.1751,Fully Funded
SAV-08292,CUST-08292,1889.79,86898.27,0.1944,Fully Funded
SAV-08293,CUST-08293,750.44,74319.36,0.1094,Fully Funded
SAV-08294,CUST-08294,518.74,25412.21,0.0773,Partially Funded
SAV-08295,CUST-08295,1605.32,35709.78,0.1591,Partially Funded
SAV-08296,CUST-08296,2753.19,107982.33,0.2074,Fully Funded
SAV-08297,CUST-08297,780.84,44608.23,0.2521,Fully Funded
SAV-08298,CUST-08298,979.77,69046.75,0.1798,Fully Funded
SAV-08299,CUST-08299,1223.15,53285.67,0.1945,Fully Funded
SAV-08300,CUST-08300,1382.91,50987.28,0.1902,Fully Funded
SAV-08301,CUST-08301,1043.86,64959.26,0.2402,Fully Funded
SAV-08302,CUST-08302,265.13,6793.03,0.1294,Partially Funded
SAV-08303,CUST-08303,590.04,30406.36,0.1617,Fully Funded
SAV-08304,CUST-08304,962.99,10511.53,0.1616,Low
SAV-08305,CUST-08305,2171.97,58092.89,0.1921,Fully Funded
SAV-08306,CUST-08306,1452.77,50774.4,0.1767,Fully Funded
SAV-08307,CUST-08307,1092.96,45291.32,0.2244,Fully Funded
SAV-08308,CUST-08308,431.66,14065.41,0.1047,Partially Funded
SAV-08309,CUST-08309,350.67,26375.49,0.2149,Fully Funded
SAV-08310,CUST-08310,464.12,33859.43,0.0947,Fully Funded
SAV-08311,CUST-08311,816.77,35183.52,0.1341,Fully Funded
SAV-08312,CUST-08312,1164.46,120951.9,0.1581,Fully Funded
SAV-08313,CUST-08313,783.43,44476.22,0.1423,Fully Funded
SAV-08314,CUST-08314,1677.52,163011.06,0.1811,Fully Funded
SAV-08315,CUST-08315,856.98,54171.93,0.2595,Fully Funded
SAV-08316,CUST-08316,877.11,52223.46,0.136,Fully Funded
SAV-08317,CUST-08317,751.22,37699.28,0.1287,Fully Funded
SAV-08318,CUST-08318,825.13,63523.4,0.1845,Fully Funded
SAV-08319,CUST-08319,446.84,24100.3,0.178,Fully Funded
SAV-08320,CUST-08320,1066.33,18427.88,0.1744,Partially Funded
SAV-08321,CUST-08321,1622.71,98088.32,0.2655,Fully Funded
SAV-08322,CUST-08322,1560.59,62277.49,0.2133,Fully Funded
SAV-08323,CUST-08323,419.1,14981.09,0.0891,Partially Funded
SAV-08324,CUST-08324,1172.58,55306.9,0.2124,Fully Funded
SAV-08325,CUST-08325,1052.67,26137.37,0.1483,Partially Funded
SAV-08326,CUST-08326,778.26,39789.91,0.1459,Fully Funded
SAV-08327,CUST-08327,604.48,12741.78,0.1607,Partially Funded
SAV-08328,CUST-08328,937.94,28185.19,0.1455,Fully Funded
SAV-08329,CUST-08329,1056.54,62675.91,0.1136,Fully Funded
SAV-08330,CUST-08330,2284.31,178023.89,0.2186,Fully Funded
SAV-08331,CUST-08331,331.59,15635.44,0.1428,Fully Funded
SAV-08332,CUST-08332,2202.16,43630.05,0.2681,Fully Funded
SAV-08333,CUST-08333,708.07,16228.22,0.1807,Fully Funded
SAV-08334,CUST-08334,1922.21,110935.75,0.2243,Fully Funded
SAV-08335,CUST-08335,1536.08,113119.46,0.1767,Fully Funded
SAV-08336,CUST-08336,873.48,61087.73,0.1231,Fully Funded
SAV-08337,CUST-08337,2237.93,198059.15,0.1787,Fully Funded
SAV-08338,CUST-08338,776.73,33007.63,0.1315,Fully Funded
SAV-08339,CUST-08339,1230.62,87749.92,0.1273,Fully Funded
SAV-08340,CUST-08340,362.96,21324.87,0.1212,Fully Funded
SAV-08341,CUST-08341,980.96,67043.84,0.227,Fully Funded
SAV-08342,CUST-08342,653.23,41261.33,0.1263,Fully Funded
SAV-08343,CUST-08343,691.39,34710.56,0.2012,Fully Funded
SAV-08344,CUST-08344,565.19,32884.81,0.0901,Fully Funded
SAV-08345,CUST-08345,281.69,20162.79,0.1184,Fully Funded
SAV-08346,CUST-08346,979.93,12871.18,0.2494,Partially Funded
SAV-08347,CUST-08347,785.05,21168.93,0.2346,Fully Funded
SAV-08348,CUST-08348,264.89,20549.72,0.171,Fully Funded
SAV-08349,CUST-08349,696.78,29558.29,0.1638,Fully Funded
SAV-08350,CUST-08350,720.63,20156.59,0.0834,Low
SAV-08351,CUST-08351,1824.3,119948.44,0.258,Fully Funded
SAV-08352,CUST-08352,712.78,85589.89,0.1445,Fully Funded
SAV-08353,CUST-08353,829.61,58778.31,0.1017,Fully Funded
SAV-08354,CUST-08354,1347.26,62423.84,0.2121,Fully Funded
SAV-08355,CUST-08355,1696.89,169597.2,0.2372,Fully Funded
SAV-08356,CUST-08356,1364.99,35604.36,0.1362,Partially Funded
SAV-08357,CUST-08357,167.29,16593.65,0.157,Fully Funded
SAV-08358,CUST-08358,601.2,53292.94,0.1186,Fully Funded
SAV-08359,CUST-08359,611.4,46250.75,0.1051,Fully Funded
SAV-08360,CUST-08360,1084.99,22226.35,0.1584,Partially Funded
SAV-08361,CUST-08361,213.61,6879.98,0.0541,Low
SAV-08362,CUST-08362,993.69,27286.6,0.2031,Fully Funded
SAV-08363,CUST-08363,79.53,9152.41,0.1064,Fully Funded
SAV-08364,CUST-08364,483.48,50013.95,0.1532,Fully Funded
SAV-08365,CUST-08365,1768.2,24044.83,0.1863,Partially Funded
SAV-08366,CUST-08366,859.63,81287.02,0.2587,Fully Funded
SAV-08367,CUST-08367,1595.52,53683.16,0.2035,Fully Funded
SAV-08368,CUST-08368,1932.77,126081.28,0.1452,Fully Funded
SAV-08369,CUST-08369,353.06,37300.06,0.0763,Fully Funded
SAV-08370,CUST-08370,2669.34,128585.62,0.268,Fully Funded
SAV-08371,CUST-08371,416.46,20067.77,0.1473,Fully Funded
SAV-08372,CUST-08372,1044.3,28226.03,0.1098,Partially Funded
SAV-08373,CUST-08373,1563.68,26444.53,0.232,Partially Funded
SAV-08374,CUST-08374,366.79,24153.98,0.1811,Fully Funded
SAV-08375,CUST-08375,1070.36,55208.32,0.1386,Fully Funded
SAV-08376,CUST-08376,1429.04,138792.88,0.1998,Fully Funded
SAV-08377,CUST-08377,333.57,23320.8,0.0822,Fully Funded
SAV-08378,CUST-08378,2000.13,122788.99,0.1385,Fully Funded
SAV-08379,CUST-08379,994.56,97501.5,0.1955,Fully Funded
SAV-08380,CUST-08380,794.75,31025.15,0.1894,Fully Funded
SAV-08381,CUST-08381,318.88,23479.33,0.1703,Fully Funded
SAV-08382,CUST-08382,675.79,32149.54,0.1493,Fully Funded
SAV-08383,CUST-08383,361.39,20657.43,0.13,Fully Funded
SAV-08384,CUST-08384,160.43,8766.8,0.1799,Fully Funded
SAV-08385,CUST-08385,164.63,11366.7,0.1326,Fully Funded
SAV-08386,CUST-08386,1433.09,48730.11,0.217,Fully Funded
SAV-08387,CUST-08387,660.48,73718.07,0.2027,Fully Funded
SAV-08388,CUST-08388,808.57,9147.49,0.1479,Low
SAV-08389,CUST-08389,148.74,3190.5,0.1382,Partially Funded
SAV-08390,CUST-08390,744.96,54197.61,0.0578,Partially Funded
SAV-08391,CUST-08391,86.59,3211.15,0.1353,Fully Funded
SAV-08392,CUST-08392,1168.31,68884.64,0.2537,Fully Funded
SAV-08393,CUST-08393,1226.47,40245.34,0.1999,Fully Funded
SAV-08394,CUST-08394,1304.87,52249.84,0.1857,Fully Funded
SAV-08395,CUST-08395,549.03,23175.32,0.1679,Fully Funded
SAV-08396,CUST-08396,1010.46,45892.04,0.1706,Fully Funded
SAV-08397,CUST-08397,598.62,16687.46,0.124,Partially Funded
SAV-08398,CUST-08398,1398.05,57975.39,0.1529,Fully Funded
SAV-08399,CUST-08399,1074.44,16829.62,0.2188,Partially Funded
SAV-08400,CUST-08400,1959.56,65247.43,0.1895,Fully Funded
SAV-08401,CUST-08401,495.5,23380.29,0.2082,Fully Funded
SAV-08402,CUST-08402,902.22,102322.5,0.1559,Fully Funded
SAV-08403,CUST-08403,538.28,21135.23,0.1091,Partially Funded
SAV-08404,CUST-08404,850.06,22370.89,0.165,Partially Funded
SAV-08405,CUST-08405,600.88,15930.13,0.1146,Partially Funded
SAV-08406,CUST-08406,1392.45,56671.05,0.1986,Fully Funded
SAV-08407,CUST-08407,767.18,69379.46,0.1373,Fully Funded
SAV-08408,CUST-08408,1416.23,38923.34,0.1376,Partially Funded
SAV-08409,CUST-08409,707.32,40907.0,0.2097,Fully Funded
SAV-08410,CUST-08410,597.2,10176.88,0.1329,Partially Funded
SAV-08411,CUST-08411,278.29,8089.51,0.0734,Low
SAV-08412,CUST-08412,798.74,28171.87,0.0949,Partially Funded
SAV-08413,CUST-08413,339.48,28394.83,0.0991,Fully Funded
SAV-08414,CUST-08414,752.03,20785.91,0.1219,Partially Funded
SAV-08415,CUST-08415,1478.22,82242.4,0.198,Fully Funded
SAV-08416,CUST-08416,496.32,16756.48,0.1465,Fully Funded
SAV-08417,CUST-08417,810.51,29339.94,0.1525,Fully Funded
SAV-08418,CUST-08418,776.84,90646.14,0.2001,Fully Funded
SAV-08419,CUST-08419,35.7,1970.14,0.0698,Partially Funded
SAV-08420,CUST-08420,744.3,34052.07,0.2017,Fully Funded
SAV-08421,CUST-08421,687.41,13797.51,0.1155,Low
SAV-08422,CUST-08422,102.16,6312.69,0.0581,Partially Funded
SAV-08423,CUST-08423,625.08,51515.38,0.1899,Fully Funded
SAV-08424,CUST-08424,444.3,32391.17,0.0931,Fully Funded
SAV-08425,CUST-08425,432.81,21026.61,0.1278,Fully Funded
SAV-08426,CUST-08426,921.06,55289.33,0.134,Fully Funded
SAV-08427,CUST-08427,1715.4,59463.66,0.2672,Fully Funded
SAV-08428,CUST-08428,752.82,74176.36,0.2332,Fully Funded
SAV-08429,CUST-08429,2450.42,53040.44,0.1862,Fully Funded
SAV-08430,CUST-08430,413.04,28121.87,0.0968,Fully Funded
SAV-08431,CUST-08431,2269.15,198188.71,0.2032,Fully Funded
SAV-08432,CUST-08432,883.23,19289.61,0.1458,Partially Funded
SAV-08433,CUST-08433,986.46,101315.84,0.139,Fully Funded
SAV-08434,CUST-08434,1844.36,164440.69,0.1888,Fully Funded
SAV-08435,CUST-08435,2331.99,118741.78,0.243,Fully Funded
SAV-08436,CUST-08436,2876.74,138283.11,0.1263,Fully Funded
SAV-08437,CUST-08437,158.38,5753.8,0.0795,Partially Funded
SAV-08438,CUST-08438,654.05,27179.16,0.0935,Partially Funded
SAV-08439,CUST-08439,1147.19,40576.6,0.2648,Fully Funded
SAV-08440,CUST-08440,654.83,11138.12,0.22,Partially Funded
SAV-08441,CUST-08441,339.68,18234.34,0.0798,Partially Funded
SAV-08442,CUST-08442,1048.03,124928.7,0.2556,Fully Funded
SAV-08443,CUST-08443,1252.43,68350.05,0.1576,Fully Funded
SAV-08444,CUST-08444,2017.81,128340.49,0.1716,Fully Funded
SAV-08445,CUST-08445,713.41,20022.91,0.2138,Fully Funded
SAV-08446,CUST-08446,2356.33,152735.78,0.2245,Fully Funded
SAV-08447,CUST-08447,187.74,14207.04,0.0938,Fully Funded
SAV-08448,CUST-08448,599.26,32918.71,0.1921,Fully Funded
SAV-08449,CUST-08449,1467.37,35816.88,0.1375,Partially Funded
SAV-08450,CUST-08450,4167.02,286242.31,0.2393,Fully Funded
SAV-08451,CUST-08451,1125.74,116930.04,0.2722,Fully Funded
SAV-08452,CUST-08452,743.38,11860.46,0.207,Partially Funded
SAV-08453,CUST-08453,231.6,9907.18,0.222,Fully Funded
SAV-08454,CUST-08454,506.1,16769.5,0.1039,Partially Funded
SAV-08455,CUST-08455,787.5,47308.82,0.1794,Fully Funded
SAV-08456,CUST-08456,1125.45,39585.53,0.1655,Fully Funded
SAV-08457,CUST-08457,1044.29,66912.67,0.142,Fully Funded
SAV-08458,CUST-08458,846.65,11683.22,0.1423,Low
SAV-08459,CUST-08459,624.75,19731.26,0.1445,Fully Funded
SAV-08460,CUST-08460,257.24,7060.09,0.1846,Fully Funded
SAV-08461,CUST-08461,1875.86,132999.98,0.1211,Fully Funded
SAV-08462,CUST-08462,506.56,7064.98,0.0731,Low
SAV-08463,CUST-08463,1304.74,56324.32,0.1835,Fully Funded
SAV-08464,CUST-08464,951.83,38424.07,0.1755,Fully Funded
SAV-08465,CUST-08465,1021.27,13379.25,0.1884,Partially Funded
SAV-08466,CUST-08466,731.86,53721.93,0.1715,Fully Funded
SAV-08467,CUST-08467,1099.32,65303.23,0.1557,Fully Funded
SAV-08468,CUST-08468,341.31,9868.0,0.1153,Partially Funded
SAV-08469,CUST-08469,2746.78,206357.96,0.2359,Fully Funded
SAV-08470,CUST-08470,1226.18,35571.79,0.1393,Partially Funded
SAV-08471,CUST-08471,791.62,45876.43,0.1249,Fully Funded
SAV-08472,CUST-08472,335.63,12253.85,0.0736,Partially Funded
SAV-08473,CUST-08473,700.42,49097.64,0.0981,Fully Funded
SAV-08474,CUST-08474,782.88,36407.67,0.2152,Fully Funded
SAV-08475,CUST-08475,1577.32,28567.81,0.134,Partially Funded
SAV-08476,CUST-08476,963.59,53573.53,0.1751,Fully Funded
SAV-08477,CUST-08477,343.39,23427.93,0.1183,Fully Funded
SAV-08478,CUST-08478,686.25,47515.05,0.1724,Fully Funded
SAV-08479,CUST-08479,1396.83,105548.89,0.175,Fully Funded
SAV-08480,CUST-08480,159.13,2768.2,0.0923,Low
SAV-08481,CUST-08481,538.28,46687.47,0.1257,Fully Funded
SAV-08482,CUST-08482,1532.01,176522.3,0.2139,Fully Funded
SAV-08483,CUST-08483,731.73,60186.53,0.1438,Fully Funded
SAV-08484,CUST-08484,1498.08,68352.44,0.2876,Fully Funded
SAV-08485,CUST-08485,967.09,35725.07,0.2766,Fully Funded
SAV-08486,CUST-08486,1058.77,53695.09,0.1188,Fully Funded
SAV-08487,CUST-08487,1016.8,9600.13,0.118,Low
SAV-08488,CUST-08488,676.16,14147.07,0.1884,Partially Funded
SAV-08489,CUST-08489,4209.17,43969.25,0.2649,Partially Funded
SAV-08490,CUST-08490,740.86,74722.74,0.1802,Fully Funded
SAV-08491,CUST-08491,1468.3,15694.98,0.162,Low
SAV-08492,CUST-08492,926.93,68097.17,0.1597,Fully Funded
SAV-08493,CUST-08493,1107.05,96506.33,0.1643,Fully Funded
SAV-08494,CUST-08494,326.21,21531.21,0.0945,Fully Funded
SAV-08495,CUST-08495,646.82,28131.97,0.2056,Fully Funded
SAV-08496,CUST-08496,1651.25,145282.23,0.1787,Fully Funded
SAV-08497,CUST-08497,2422.03,32145.19,0.2388,Partially Funded
SAV-08498,CUST-08498,900.85,13412.29,0.1195,Low
SAV-08499,CUST-08499,965.13,54423.99,0.2232,Fully Funded
SAV-08500,CUST-08500,1564.36,181174.58,0.1664,Fully Funded
SAV-08501,CUST-08501,718.83,12455.27,0.1375,Low
SAV-08502,CUST-08502,1726.86,62532.83,0.2444,Fully Funded
SAV-08503,CUST-08503,206.85,10904.31,0.0903,Partially Funded
SAV-08504,CUST-08504,601.96,14683.69,0.1671,Fully Funded
SAV-08505,CUST-08505,1155.81,18852.94,0.1442,Low
SAV-08506,CUST-08506,2043.95,226538.94,0.2463,Fully Funded
SAV-08507,CUST-08507,1331.32,96371.75,0.228,Fully Funded
SAV-08508,CUST-08508,2910.69,255496.61,0.2403,Fully Funded
SAV-08509,CUST-08509,549.3,8505.7,0.1758,Partially Funded
SAV-08510,CUST-08510,1144.49,66962.68,0.2009,Fully Funded
SAV-08511,CUST-08511,1255.67,32440.76,0.1443,Partially Funded
SAV-08512,CUST-08512,1136.44,65679.44,0.1618,Fully Funded
SAV-08513,CUST-08513,467.43,52563.73,0.1203,Fully Funded
SAV-08514,CUST-08514,289.58,20386.91,0.0866,Fully Funded
SAV-08515,CUST-08515,1263.62,107896.82,0.1312,Fully Funded
SAV-08516,CUST-08516,351.87,23673.28,0.084,Fully Funded
SAV-08517,CUST-08517,2138.7,120513.66,0.3106,Fully Funded
SAV-08518,CUST-08518,2014.66,192293.71,0.1261,Fully Funded
SAV-08519,CUST-08519,1193.68,80530.36,0.1658,Fully Funded
SAV-08520,CUST-08520,1211.0,99704.48,0.2158,Fully Funded
SAV-08521,CUST-08521,270.51,33457.12,0.1179,Fully Funded
SAV-08522,CUST-08522,897.56,45730.93,0.1223,Fully Funded
SAV-08523,CUST-08523,148.02,12996.54,0.1467,Fully Funded
SAV-08524,CUST-08524,1318.68,78133.23,0.1456,Fully Funded
SAV-08525,CUST-08525,441.06,10214.89,0.1471,Partially Funded
SAV-08526,CUST-08526,932.41,84769.54,0.1286,Fully Funded
SAV-08527,CUST-08527,2003.5,124558.36,0.211,Fully Funded
SAV-08528,CUST-08528,551.91,36140.86,0.1009,Fully Funded
SAV-08529,CUST-08529,1143.03,75357.43,0.2033,Fully Funded
SAV-08530,CUST-08530,1112.6,117648.07,0.2167,Fully Funded
SAV-08531,CUST-08531,645.49,27228.74,0.1339,Fully Funded
SAV-08532,CUST-08532,537.59,44893.59,0.1102,Fully Funded
SAV-08533,CUST-08533,1424.82,42027.11,0.1981,Fully Funded
SAV-08534,CUST-08534,483.18,13317.43,0.1373,Partially Funded
SAV-08535,CUST-08535,267.98,14974.29,0.0557,Partially Funded
SAV-08536,CUST-08536,702.86,22112.28,0.1166,Partially Funded
SAV-08537,CUST-08537,672.28,7510.85,0.1145,Low
SAV-08538,CUST-08538,883.73,11882.68,0.0964,Low
SAV-08539,CUST-08539,757.2,9472.9,0.1528,Low
SAV-08540,CUST-08540,106.77,6704.73,0.13,Fully Funded
SAV-08541,CUST-08541,1060.68,35044.2,0.1475,Fully Funded
SAV-08542,CUST-08542,88.48,7235.32,0.0693,Fully Funded
SAV-08543,CUST-08543,1723.67,34722.24,0.2155,Fully Funded
SAV-08544,CUST-08544,168.33,16990.43,0.183,Fully Funded
SAV-08545,CUST-08545,212.39,15779.24,0.189,Fully Funded
SAV-08546,CUST-08546,374.41,30660.07,0.1219,Fully Funded
SAV-08547,CUST-08547,238.79,14926.26,0.0829,Fully Funded
SAV-08548,CUST-08548,1220.85,93022.37,0.174,Fully Funded
SAV-08549,CUST-08549,470.14,44399.49,0.0683,Fully Funded
SAV-08550,CUST-08550,1622.44,93687.71,0.2762,Fully Funded
SAV-08551,CUST-08551,1511.29,89222.41,0.146,Fully Funded
SAV-08552,CUST-08552,1411.96,126755.62,0.1487,Fully Funded
SAV-08553,CUST-08553,888.97,18558.23,0.1996,Partially Funded
SAV-08554,CUST-08554,1300.89,93024.31,0.2598,Fully Funded
SAV-08555,CUST-08555,1215.67,13601.97,0.1452,Low
SAV-08556,CUST-08556,200.09,8899.3,0.1044,Fully Funded
SAV-08557,CUST-08557,1294.18,33473.89,0.22,Fully Funded
SAV-08558,CUST-08558,2374.48,121423.99,0.1796,Fully Funded
SAV-08559,CUST-08559,924.67,54407.94,0.1735,Fully Funded
SAV-08560,CUST-08560,591.29,9007.03,0.0838,Low
SAV-08561,CUST-08561,1325.35,35989.66,0.161,Partially Funded
SAV-08562,CUST-08562,257.89,5749.06,0.0807,Low
SAV-08563,CUST-08563,672.79,37168.22,0.1604,Fully Funded
SAV-08564,CUST-08564,1604.39,33132.37,0.2438,Fully Funded
SAV-08565,CUST-08565,457.68,23118.73,0.1066,Fully Funded
SAV-08566,CUST-08566,766.81,50237.53,0.1664,Fully Funded
SAV-08567,CUST-08567,1857.28,174610.14,0.15,Fully Funded
SAV-08568,CUST-08568,1023.03,23835.68,0.1676,Partially Funded
SAV-08569,CUST-08569,313.43,20810.68,0.1334,Fully Funded
SAV-08570,CUST-08570,1186.52,104601.62,0.1609,Fully Funded
SAV-08571,CUST-08571,1865.32,38077.84,0.1431,Partially Funded
SAV-08572,CUST-08572,1147.21,30448.42,0.1356,Partially Funded
SAV-08573,CUST-08573,2078.26,55536.3,0.2316,Fully Funded
SAV-08574,CUST-08574,287.63,8593.35,0.1781,Fully Funded
SAV-08575,CUST-08575,407.45,6537.06,0.1241,Low
SAV-08576,CUST-08576,1241.8,52709.54,0.1497,Fully Funded
SAV-08577,CUST-08577,880.27,53533.46,0.2401,Fully Funded
SAV-08578,CUST-08578,453.71,22567.77,0.1126,Fully Funded
SAV-08579,CUST-08579,1640.94,135945.59,0.2189,Fully Funded
SAV-08580,CUST-08580,587.69,17535.22,0.1707,Fully Funded
SAV-08581,CUST-08581,767.44,16339.2,0.179,Partially Funded
SAV-08582,CUST-08582,1233.91,44381.45,0.225,Fully Funded
SAV-08583,CUST-08583,591.06,13218.45,0.1713,Partially Funded
SAV-08584,CUST-08584,1148.95,60351.99,0.1152,Fully Funded
SAV-08585,CUST-08585,252.47,6081.59,0.2115,Fully Funded
SAV-08586,CUST-08586,586.69,53526.03,0.1669,Fully Funded
SAV-08587,CUST-08587,585.69,10140.02,0.2395,Fully Funded
SAV-08588,CUST-08588,596.11,69127.6,0.1104,Fully Funded
SAV-08589,CUST-08589,446.16,30715.78,0.1172,Fully Funded
SAV-08590,CUST-08590,357.39,15968.63,0.0567,Low
SAV-08591,CUST-08591,661.58,26716.02,0.1554,Fully Funded
SAV-08592,CUST-08592,876.15,47311.29,0.1929,Fully Funded
SAV-08593,CUST-08593,1134.34,47878.04,0.1024,Partially Funded
SAV-08594,CUST-08594,3277.81,103993.88,0.3102,Fully Funded
SAV-08595,CUST-08595,1054.63,28136.17,0.162,Partially Funded
SAV-08596,CUST-08596,131.35,9249.78,0.1505,Fully Funded
SAV-08597,CUST-08597,735.44,13079.2,0.1748,Partially Funded
SAV-08598,CUST-08598,1220.74,88265.61,0.2291,Fully Funded
SAV-08599,CUST-08599,1364.19,74320.52,0.2282,Fully Funded
SAV-08600,CUST-08600,1326.75,77224.63,0.1242,Fully Funded
SAV-08601,CUST-08601,652.79,50417.12,0.1558,Fully Funded
SAV-08602,CUST-08602,1019.32,17094.66,0.1975,Partially Funded
SAV-08603,CUST-08603,685.74,48518.92,0.1345,Fully Funded
SAV-08604,CUST-08604,755.97,31271.81,0.0851,Partially Funded
SAV-08605,CUST-08605,777.47,9818.86,0.1489,Low
SAV-08606,CUST-08606,579.14,28088.03,0.1984,Fully Funded
SAV-08607,CUST-08607,1049.77,44651.25,0.1217,Fully Funded
SAV-08608,CUST-08608,907.05,71270.65,0.1215,Fully Funded
SAV-08609,CUST-08609,163.08,11418.39,0.1168,Fully Funded
SAV-08610,CUST-08610,1181.11,47586.81,0.1749,Fully Funded
SAV-08611,CUST-08611,643.08,10737.86,0.1174,Low
SAV-08612,CUST-08612,1693.99,87199.66,0.1428,Fully Funded
SAV-08613,CUST-08613,1095.18,11425.53,0.1201,Low
SAV-08614,CUST-08614,730.59,75113.66,0.2272,Fully Funded
SAV-08615,CUST-08615,768.02,34757.12,0.1483,Fully Funded
SAV-08616,CUST-08616,543.27,32907.9,0.1162,Fully Funded
SAV-08617,CUST-08617,160.84,5882.51,0.1699,Fully Funded
SAV-08618,CUST-08618,1745.03,85251.58,0.2795,Fully Funded
SAV-08619,CUST-08619,910.3,96495.1,0.2441,Fully Funded
SAV-08620,CUST-08620,1126.9,37149.61,0.1618,Fully Funded
SAV-08621,CUST-08621,865.5,46218.9,0.1635,Fully Funded
SAV-08622,CUST-08622,380.43,19621.08,0.1057,Fully Funded
SAV-08623,CUST-08623,727.24,20600.99,0.1339,Partially Funded
SAV-08624,CUST-08624,797.39,16274.98,0.1925,Partially Funded
SAV-08625,CUST-08625,814.43,57230.73,0.1608,Fully Funded
SAV-08626,CUST-08626,1695.81,26563.91,0.2242,Partially Funded
SAV-08627,CUST-08627,434.84,36667.59,0.0931,Fully Funded
SAV-08628,CUST-08628,1703.09,34727.67,0.1914,Partially Funded
SAV-08629,CUST-08629,799.57,51287.83,0.1541,Fully Funded
SAV-08630,CUST-08630,727.72,46096.45,0.1568,Fully Funded
SAV-08631,CUST-08631,368.3,8639.47,0.0967,Low
SAV-08632,CUST-08632,686.09,63364.5,0.1388,Fully Funded
SAV-08633,CUST-08633,1553.71,96312.33,0.2264,Fully Funded
SAV-08634,CUST-08634,894.14,25612.24,0.1414,Partially Funded
SAV-08635,CUST-08635,763.01,52701.7,0.0803,Fully Funded
SAV-08636,CUST-08636,1237.63,84298.35,0.1591,Fully Funded
SAV-08637,CUST-08637,1217.69,79708.82,0.0994,Fully Funded
SAV-08638,CUST-08638,1094.99,49605.84,0.1613,Fully Funded
SAV-08639,CUST-08639,1220.57,57356.01,0.1757,Fully Funded
SAV-08640,CUST-08640,902.77,37352.41,0.0882,Partially Funded
SAV-08641,CUST-08641,1190.11,44405.98,0.2069,Fully Funded
SAV-08642,CUST-08642,262.36,30815.03,0.1291,Fully Funded
SAV-08643,CUST-08643,361.44,6875.96,0.2282,Fully Funded
SAV-08644,CUST-08644,1797.45,115439.09,0.2532,Fully Funded
SAV-08645,CUST-08645,996.38,32952.75,0.1807,Fully Funded
SAV-08646,CUST-08646,322.9,11270.53,0.1601,Fully Funded
SAV-08647,CUST-08647,1183.78,116392.81,0.111,Fully Funded
SAV-08648,CUST-08648,537.0,33064.49,0.1467,Fully Funded
SAV-08649,CUST-08649,557.71,13920.53,0.0838,Low
SAV-08650,CUST-08650,1203.38,56042.53,0.1962,Fully Funded
SAV-08651,CUST-08651,1061.69,74057.71,0.2109,Fully Funded
SAV-08652,CUST-08652,335.0,32022.41,0.0959,Fully Funded
SAV-08653,CUST-08653,371.15,26408.07,0.0964,Fully Funded
SAV-08654,CUST-08654,1678.36,112361.09,0.1519,Fully Funded
SAV-08655,CUST-08655,1733.77,179547.7,0.2292,Fully Funded
SAV-08656,CUST-08656,1668.62,156376.5,0.2526,Fully Funded
SAV-08657,CUST-08657,1225.5,93236.43,0.2228,Fully Funded
SAV-08658,CUST-08658,805.93,31200.01,0.1278,Fully Funded
SAV-08659,CUST-08659,1237.45,140594.51,0.1868,Fully Funded
SAV-08660,CUST-08660,1070.05,49570.7,0.2015,Fully Funded
SAV-08661,CUST-08661,1131.11,62604.27,0.0853,Partially Funded
SAV-08662,CUST-08662,1345.87,82315.09,0.0849,Fully Funded
SAV-08663,CUST-08663,745.55,18103.2,0.117,Partially Funded
SAV-08664,CUST-08664,1906.6,115060.07,0.2696,Fully Funded
SAV-08665,CUST-08665,645.61,10266.6,0.1123,Low
SAV-08666,CUST-08666,1128.34,36802.71,0.1389,Partially Funded
SAV-08667,CUST-08667,643.54,55198.61,0.1315,Fully Funded
SAV-08668,CUST-08668,1455.58,107613.99,0.1952,Fully Funded
SAV-08669,CUST-08669,1272.36,19597.28,0.1605,Partially Funded
SAV-08670,CUST-08670,446.5,46635.86,0.0859,Fully Funded
SAV-08671,CUST-08671,1712.67,101629.16,0.154,Fully Funded
SAV-08672,CUST-08672,629.44,24156.94,0.2212,Fully Funded
SAV-08673,CUST-08673,159.76,4744.32,0.2346,Fully Funded
SAV-08674,CUST-08674,547.66,37635.53,0.0787,Fully Funded
SAV-08675,CUST-08675,286.95,20734.54,0.1554,Fully Funded
SAV-08676,CUST-08676,569.88,67400.26,0.18,Fully Funded
SAV-08677,CUST-08677,392.32,20431.61,0.0975,Fully Funded
SAV-08678,CUST-08678,987.18,35430.8,0.1262,Partially Funded
SAV-08679,CUST-08679,1784.82,28551.35,0.2303,Fully Funded
SAV-08680,CUST-08680,1223.28,72118.11,0.1312,Fully Funded
SAV-08681,CUST-08681,600.57,39811.99,0.1033,Fully Funded
SAV-08682,CUST-08682,751.96,50449.88,0.1484,Fully Funded
SAV-08683,CUST-08683,317.3,22188.21,0.1216,Fully Funded
SAV-08684,CUST-08684,912.51,62495.38,0.1402,Fully Funded
SAV-08685,CUST-08685,975.87,23124.06,0.0865,Low
SAV-08686,CUST-08686,207.11,12756.1,0.1361,Fully Funded
SAV-08687,CUST-08687,1390.01,138529.13,0.1248,Fully Funded
SAV-08688,CUST-08688,1172.76,80887.43,0.2268,Fully Funded
SAV-08689,CUST-08689,1945.34,177891.11,0.2041,Fully Funded
SAV-08690,CUST-08690,524.23,30238.84,0.0997,Fully Funded
SAV-08691,CUST-08691,1260.08,22977.49,0.1627,Partially Funded
SAV-08692,CUST-08692,1359.19,36448.33,0.2358,Fully Funded
SAV-08693,CUST-08693,652.49,44680.53,0.1823,Fully Funded
SAV-08694,CUST-08694,720.18,32866.11,0.1112,Fully Funded
SAV-08695,CUST-08695,1154.88,69891.73,0.1914,Fully Funded
SAV-08696,CUST-08696,1549.52,23496.02,0.2197,Partially Funded
SAV-08697,CUST-08697,907.85,42486.22,0.1224,Fully Funded
SAV-08698,CUST-08698,1354.55,118806.38,0.2055,Fully Funded
SAV-08699,CUST-08699,1053.87,33694.96,0.1781,Fully Funded
SAV-08700,CUST-08700,865.96,24135.47,0.1459,Partially Funded
SAV-08701,CUST-08701,613.04,64971.34,0.1193,Fully Funded
SAV-08702,CUST-08702,126.18,4114.19,0.1696,Fully Funded
SAV-08703,CUST-08703,995.82,79869.18,0.242,Fully Funded
SAV-08704,CUST-08704,1303.13,129817.81,0.1809,Fully Funded
SAV-08705,CUST-08705,1101.01,23329.95,0.1618,Partially Funded
SAV-08706,CUST-08706,944.76,35221.87,0.2202,Fully Funded
SAV-08707,CUST-08707,3209.66,200952.08,0.2182,Fully Funded
SAV-08708,CUST-08708,1176.65,44368.95,0.1531,Fully Funded
SAV-08709,CUST-08709,205.59,15403.58,0.0985,Fully Funded
SAV-08710,CUST-08710,477.3,12498.66,0.0665,Low
SAV-08711,CUST-08711,136.11,7265.99,0.1034,Fully Funded
SAV-08712,CUST-08712,1163.72,111392.85,0.2786,Fully Funded
SAV-08713,CUST-08713,1261.04,100449.16,0.1926,Fully Funded
SAV-08714,CUST-08714,1016.73,34107.53,0.1974,Fully Funded
SAV-08715,CUST-08715,863.13,68419.31,0.0995,Fully Funded
SAV-08716,CUST-08716,1119.64,22207.57,0.2217,Fully Funded
SAV-08717,CUST-08717,1878.53,155071.62,0.2,Fully Funded
SAV-08718,CUST-08718,1316.32,135697.54,0.1809,Fully Funded
SAV-08719,CUST-08719,3583.23,79852.71,0.2492,Fully Funded
SAV-08720,CUST-08720,69.52,6635.56,0.0619,Fully Funded
SAV-08721,CUST-08721,740.65,8231.59,0.1323,Low
SAV-08722,CUST-08722,189.73,7809.4,0.1603,Fully Funded
SAV-08723,CUST-08723,607.46,34350.71,0.1689,Fully Funded
SAV-08724,CUST-08724,1611.7,92830.3,0.2452,Fully Funded
SAV-08725,CUST-08725,423.99,30769.67,0.2063,Fully Funded
SAV-08726,CUST-08726,549.23,46553.73,0.1351,Fully Funded
SAV-08727,CUST-08727,371.4,12739.9,0.1017,Partially Funded
SAV-08728,CUST-08728,213.69,13671.05,0.0942,Fully Funded
SAV-08729,CUST-08729,1887.98,134095.39,0.2065,Fully Funded
SAV-08730,CUST-08730,1419.21,105156.08,0.1381,Fully Funded
SAV-08731,CUST-08731,1110.59,78696.04,0.2047,Fully Funded
SAV-08732,CUST-08732,868.96,49520.74,0.0906,Fully Funded
SAV-08733,CUST-08733,1065.61,82354.52,0.1307,Fully Funded
SAV-08734,CUST-08734,934.09,62737.8,0.1984,Fully Funded
SAV-08735,CUST-08735,298.49,13292.64,0.0757,Partially Funded
SAV-08736,CUST-08736,449.29,31408.34,0.2105,Fully Funded
SAV-08737,CUST-08737,984.19,44522.0,0.1606,Fully Funded
SAV-08738,CUST-08738,1019.44,92378.88,0.1909,Fully Funded
SAV-08739,CUST-08739,1056.33,9218.91,0.1805,Low
SAV-08740,CUST-08740,454.82,40804.84,0.1407,Fully Funded
SAV-08741,CUST-08741,486.17,7007.53,0.1798,Partially Funded
SAV-08742,CUST-08742,226.21,15746.63,0.0897,Fully Funded
SAV-08743,CUST-08743,3212.46,131860.94,0.2357,Fully Funded
SAV-08744,CUST-08744,1630.8,128848.5,0.1648,Fully Funded
SAV-08745,CUST-08745,1425.78,105520.21,0.1697,Fully Funded
SAV-08746,CUST-08746,366.08,37263.44,0.0625,Fully Funded
SAV-08747,CUST-08747,521.18,23301.63,0.1635,Fully Funded
SAV-08748,CUST-08748,221.27,7476.81,0.2428,Fully Funded
SAV-08749,CUST-08749,1951.63,50574.86,0.2041,Fully Funded
SAV-08750,CUST-08750,940.85,36701.06,0.1049,Partially Funded
SAV-08751,CUST-08751,192.2,17926.99,0.108,Fully Funded
SAV-08752,CUST-08752,1018.09,80525.3,0.1736,Fully Funded
SAV-08753,CUST-08753,1198.49,43837.22,0.2072,Fully Funded
SAV-08754,CUST-08754,390.62,23764.79,0.1052,Fully Funded
SAV-08755,CUST-08755,3078.73,239767.92,0.2936,Fully Funded
SAV-08756,CUST-08756,473.17,18357.38,0.2107,Fully Funded
SAV-08757,CUST-08757,505.68,39760.2,0.1516,Fully Funded
SAV-08758,CUST-08758,1002.55,33032.66,0.1286,Partially Funded
SAV-08759,CUST-08759,1547.06,50317.21,0.1426,Partially Funded
SAV-08760,CUST-08760,809.84,24224.62,0.2297,Fully Funded
SAV-08761,CUST-08761,411.87,26969.6,0.1585,Fully Funded
SAV-08762,CUST-08762,546.68,55247.14,0.1771,Fully Funded
SAV-08763,CUST-08763,801.83,88569.42,0.0903,Fully Funded
SAV-08764,CUST-08764,761.69,39075.43,0.251,Fully Funded
SAV-08765,CUST-08765,606.93,28515.41,0.1392,Fully Funded
SAV-08766,CUST-08766,470.67,8044.4,0.0761,Low
SAV-08767,CUST-08767,2013.75,116765.77,0.1421,Fully Funded
SAV-08768,CUST-08768,1044.13,27763.67,0.1248,Partially Funded
SAV-08769,CUST-08769,666.02,73206.41,0.1911,Fully Funded
SAV-08770,CUST-08770,2065.8,80656.83,0.29,Fully Funded
SAV-08771,CUST-08771,131.29,11483.67,0.1273,Fully Funded
SAV-08772,CUST-08772,688.74,24631.09,0.2351,Fully Funded
SAV-08773,CUST-08773,524.27,30396.12,0.1215,Fully Funded
SAV-08774,CUST-08774,1360.94,57984.56,0.1403,Fully Funded
SAV-08775,CUST-08775,805.9,70318.05,0.1239,Fully Funded
SAV-08776,CUST-08776,883.27,36068.72,0.1373,Fully Funded
SAV-08777,CUST-08777,581.86,22227.65,0.1668,Fully Funded
SAV-08778,CUST-08778,2133.72,100287.09,0.213,Fully Funded
SAV-08779,CUST-08779,439.3,17563.38,0.1274,Fully Funded
SAV-08780,CUST-08780,506.27,17117.47,0.1018,Partially Funded
SAV-08781,CUST-08781,1430.17,70952.25,0.2147,Fully Funded
SAV-08782,CUST-08782,1806.04,73383.73,0.1631,Fully Funded
SAV-08783,CUST-08783,954.44,109538.57,0.2695,Fully Funded
SAV-08784,CUST-08784,1273.18,47430.46,0.1807,Fully Funded
SAV-08785,CUST-08785,820.74,58540.2,0.1452,Fully Funded
SAV-08786,CUST-08786,2186.21,99847.52,0.2558,Fully Funded
SAV-08787,CUST-08787,519.08,22799.11,0.0985,Partially Funded
SAV-08788,CUST-08788,686.48,39587.99,0.146,Fully Funded
SAV-08789,CUST-08789,975.69,46676.55,0.1462,Fully Funded
SAV-08790,CUST-08790,989.84,33080.93,0.2237,Fully Funded
SAV-08791,CUST-08791,895.8,35321.78,0.1944,Fully Funded
SAV-08792,CUST-08792,1236.81,42320.85,0.2294,Fully Funded
SAV-08793,CUST-08793,1820.47,43541.98,0.1545,Partially Funded
SAV-08794,CUST-08794,1093.55,79610.21,0.1507,Fully Funded
SAV-08795,CUST-08795,637.87,13998.34,0.1446,Partially Funded
SAV-08796,CUST-08796,1209.32,106291.45,0.1662,Fully Funded
SAV-08797,CUST-08797,470.16,13522.51,0.117,Partially Funded
SAV-08798,CUST-08798,400.34,24402.19,0.1116,Fully Funded
SAV-08799,CUST-08799,854.72,93588.4,0.2099,Fully Funded
SAV-08800,CUST-08800,666.65,13027.88,0.1996,Partially Funded
SAV-08801,CUST-08801,777.74,47709.32,0.122,Fully Funded
SAV-08802,CUST-08802,814.64,64095.36,0.1582,Fully Funded
SAV-08803,CUST-08803,597.85,65913.92,0.082,Fully Funded
SAV-08804,CUST-08804,857.66,89604.54,0.2728,Fully Funded
SAV-08805,CUST-08805,415.74,33780.05,0.1217,Fully Funded
SAV-08806,CUST-08806,541.71,36352.18,0.1282,Fully Funded
SAV-08807,CUST-08807,1169.1,29671.52,0.2597,Fully Funded
SAV-08808,CUST-08808,1677.34,69018.83,0.1204,Fully Funded
SAV-08809,CUST-08809,1030.23,63947.6,0.155,Fully Funded
SAV-08810,CUST-08810,992.29,58339.43,0.1966,Fully Funded
SAV-08811,CUST-08811,25.15,1101.87,0.0503,Low
SAV-08812,CUST-08812,992.26,77380.11,0.139,Fully Funded
SAV-08813,CUST-08813,1477.6,76080.43,0.2217,Fully Funded
SAV-08814,CUST-08814,361.42,19358.71,0.1427,Fully Funded
SAV-08815,CUST-08815,950.41,66376.51,0.2047,Fully Funded
SAV-08816,CUST-08816,3328.99,244618.26,0.2532,Fully Funded
SAV-08817,CUST-08817,572.79,31544.51,0.1318,Fully Funded
SAV-08818,CUST-08818,1067.34,23222.03,0.1504,Partially Funded
SAV-08819,CUST-08819,1060.61,36959.45,0.1755,Fully Funded
SAV-08820,CUST-08820,887.95,58712.41,0.159,Fully Funded
SAV-08821,CUST-08821,273.19,11874.59,0.1293,Fully Funded
SAV-08822,CUST-08822,744.47,28891.63,0.1939,Fully Funded
SAV-08823,CUST-08823,664.05,27246.71,0.1789,Fully Funded
SAV-08824,CUST-08824,1346.02,78111.91,0.1469,Fully Funded
SAV-08825,CUST-08825,737.06,62219.28,0.1243,Fully Funded
SAV-08826,CUST-08826,1465.38,150331.05,0.1688,Fully Funded
SAV-08827,CUST-08827,648.91,23301.43,0.1203,Partially Funded
SAV-08828,CUST-08828,364.91,12768.55,0.0602,Low
SAV-08829,CUST-08829,2237.26,129269.62,0.1869,Fully Funded
SAV-08830,CUST-08830,689.89,21331.41,0.2142,Fully Funded
SAV-08831,CUST-08831,514.78,25638.73,0.1164,Fully Funded
SAV-08832,CUST-08832,1241.53,67920.38,0.1652,Fully Funded
SAV-08833,CUST-08833,794.01,24940.64,0.236,Fully Funded
SAV-08834,CUST-08834,835.65,26973.44,0.1486,Fully Funded
SAV-08835,CUST-08835,1085.51,108917.19,0.2743,Fully Funded
SAV-08836,CUST-08836,769.32,30278.96,0.1167,Partially Funded
SAV-08837,CUST-08837,2071.94,73456.1,0.2016,Fully Funded
SAV-08838,CUST-08838,736.41,31624.0,0.1782,Fully Funded
SAV-08839,CUST-08839,2745.53,33630.58,0.1493,Low
SAV-08840,CUST-08840,765.59,35648.06,0.1539,Fully Funded
SAV-08841,CUST-08841,167.74,8213.36,0.1233,Fully Funded
SAV-08842,CUST-08842,2369.85,215404.11,0.2228,Fully Funded
SAV-08843,CUST-08843,466.56,23070.19,0.1155,Fully Funded
SAV-08844,CUST-08844,859.22,29527.34,0.1251,Partially Funded
SAV-08845,CUST-08845,1997.33,102165.49,0.2506,Fully Funded
SAV-08846,CUST-08846,229.48,13514.46,0.2837,Fully Funded
SAV-08847,CUST-08847,1131.46,62557.12,0.118,Fully Funded
SAV-08848,CUST-08848,602.24,40619.91,0.1549,Fully Funded
SAV-08849,CUST-08849,953.93,20509.12,0.2342,Fully Funded
SAV-08850,CUST-08850,1206.96,139135.06,0.1621,Fully Funded
SAV-08851,CUST-08851,432.9,11266.75,0.0928,Partially Funded
SAV-08852,CUST-08852,745.8,27198.51,0.1275,Fully Funded
SAV-08853,CUST-08853,519.61,8603.56,0.171,Partially Funded
SAV-08854,CUST-08854,1241.5,93634.58,0.0864,Fully Funded
SAV-08855,CUST-08855,953.21,57556.96,0.2453,Fully Funded
SAV-08856,CUST-08856,560.97,56038.96,0.0927,Fully Funded
SAV-08857,CUST-08857,1208.72,26717.81,0.0856,Low
SAV-08858,CUST-08858,854.98,9858.31,0.1924,Partially Funded
SAV-08859,CUST-08859,1087.79,108009.46,0.2043,Fully Funded
SAV-08860,CUST-08860,411.9,25103.96,0.0633,Partially Funded
SAV-08861,CUST-08861,782.44,15517.9,0.1153,Low
SAV-08862,CUST-08862,856.38,16011.23,0.1319,Partially Funded
SAV-08863,CUST-08863,1068.52,18046.36,0.2427,Fully Funded
SAV-08864,CUST-08864,458.71,12906.97,0.0989,Partially Funded
SAV-08865,CUST-08865,1023.44,16053.52,0.1493,Partially Funded
SAV-08866,CUST-08866,587.85,16660.3,0.0527,Low
SAV-08867,CUST-08867,1115.87,27907.09,0.2298,Fully Funded
SAV-08868,CUST-08868,892.97,47290.74,0.1254,Fully Funded
SAV-08869,CUST-08869,752.87,48488.62,0.126,Fully Funded
SAV-08870,CUST-08870,2216.28,68254.36,0.1651,Fully Funded
SAV-08871,CUST-08871,1563.59,47187.38,0.3119,Fully Funded
SAV-08872,CUST-08872,618.52,38152.06,0.168,Fully Funded
SAV-08873,CUST-08873,838.3,44607.48,0.1933,Fully Funded
SAV-08874,CUST-08874,684.48,65120.44,0.1891,Fully Funded
SAV-08875,CUST-08875,816.15,14485.46,0.1029,Low
SAV-08876,CUST-08876,817.21,42153.65,0.2146,Fully Funded
SAV-08877,CUST-08877,201.88,10875.49,0.124,Fully Funded
SAV-08878,CUST-08878,320.0,18219.85,0.1918,Fully Funded
SAV-08879,CUST-08879,560.53,19729.11,0.1491,Fully Funded
SAV-08880,CUST-08880,762.98,19059.07,0.1384,Partially Funded
SAV-08881,CUST-08881,1018.24,38071.39,0.1109,Partially Funded
SAV-08882,CUST-08882,830.46,28309.47,0.1196,Partially Funded
SAV-08883,CUST-08883,866.19,14329.78,0.1241,Low
SAV-08884,CUST-08884,569.94,26726.45,0.1447,Fully Funded
SAV-08885,CUST-08885,1355.67,58602.62,0.1632,Fully Funded
SAV-08886,CUST-08886,995.14,50128.2,0.2943,Fully Funded
SAV-08887,CUST-08887,342.87,23764.27,0.097,Fully Funded
SAV-08888,CUST-08888,1402.36,116722.36,0.1602,Fully Funded
SAV-08889,CUST-08889,486.91,35426.1,0.0989,Fully Funded
SAV-08890,CUST-08890,702.62,17957.82,0.1231,Partially Funded
SAV-08891,CUST-08891,523.68,49907.58,0.1075,Fully Funded
SAV-08892,CUST-08892,417.14,23267.93,0.146,Fully Funded
SAV-08893,CUST-08893,2074.81,25780.94,0.1983,Partially Funded
SAV-08894,CUST-08894,828.05,31067.21,0.1402,Fully Funded
SAV-08895,CUST-08895,1243.19,78383.33,0.1557,Fully Funded
SAV-08896,CUST-08896,1137.71,43143.89,0.1953,Fully Funded
SAV-08897,CUST-08897,3059.94,144732.37,0.2029,Fully Funded
SAV-08898,CUST-08898,210.09,12393.44,0.0659,Partially Funded
SAV-08899,CUST-08899,621.89,10310.05,0.1532,Partially Funded
SAV-08900,CUST-08900,1494.55,49994.82,0.1168,Partially Funded
SAV-08901,CUST-08901,2260.07,81766.61,0.2186,Fully Funded
SAV-08902,CUST-08902,444.47,29082.47,0.2179,Fully Funded
SAV-08903,CUST-08903,975.85,100185.06,0.0978,Fully Funded
SAV-08904,CUST-08904,376.08,26195.17,0.1074,Fully Funded
SAV-08905,CUST-08905,468.05,24915.18,0.1477,Fully Funded
SAV-08906,CUST-08906,873.77,24560.41,0.1404,Partially Funded
SAV-08907,CUST-08907,336.08,16888.81,0.1834,Fully Funded
SAV-08908,CUST-08908,216.06,15924.29,0.1953,Fully Funded
SAV-08909,CUST-08909,1408.74,90520.56,0.2118,Fully Funded
SAV-08910,CUST-08910,721.11,83728.25,0.1817,Fully Funded
SAV-08911,CUST-08911,935.87,14387.78,0.2211,Partially Funded
SAV-08912,CUST-08912,184.92,11681.16,0.0903,Fully Funded
SAV-08913,CUST-08913,800.56,58973.67,0.2042,Fully Funded
SAV-08914,CUST-08914,2488.54,261570.16,0.2235,Fully Funded
SAV-08915,CUST-08915,1095.58,42025.94,0.1571,Fully Funded
SAV-08916,CUST-08916,761.75,36721.1,0.0605,Partially Funded
SAV-08917,CUST-08917,960.45,30417.96,0.1753,Fully Funded
SAV-08918,CUST-08918,884.83,86036.43,0.1032,Fully Funded
SAV-08919,CUST-08919,2405.42,109332.69,0.1313,Fully Funded
SAV-08920,CUST-08920,815.14,27916.25,0.1638,Fully Funded
SAV-08921,CUST-08921,257.75,4820.47,0.0652,Low
SAV-08922,CUST-08922,1281.25,34184.44,0.1959,Fully Funded
SAV-08923,CUST-08923,289.93,14218.79,0.0753,Partially Funded
SAV-08924,CUST-08924,569.53,34317.7,0.1546,Fully Funded
SAV-08925,CUST-08925,1814.55,92021.61,0.1853,Fully Funded
SAV-08926,CUST-08926,1420.0,70655.81,0.2162,Fully Funded
SAV-08927,CUST-08927,1356.21,42600.36,0.1417,Fully Funded
SAV-08928,CUST-08928,926.84,23250.35,0.1977,Fully Funded
SAV-08929,CUST-08929,938.29,17593.9,0.1462,Partially Funded
SAV-08930,CUST-08930,995.9,52970.84,0.1483,Fully Funded
SAV-08931,CUST-08931,800.75,30567.15,0.1876,Fully Funded
SAV-08932,CUST-08932,1380.09,129243.12,0.2594,Fully Funded
SAV-08933,CUST-08933,617.74,59728.91,0.1295,Fully Funded
SAV-08934,CUST-08934,370.09,13809.67,0.1295,Fully Funded
SAV-08935,CUST-08935,623.52,20475.32,0.1738,Fully Funded
SAV-08936,CUST-08936,297.96,10121.63,0.1641,Fully Funded
SAV-08937,CUST-08937,1132.46,94394.28,0.2757,Fully Funded
SAV-08938,CUST-08938,958.89,57288.0,0.1779,Fully Funded
SAV-08939,CUST-08939,592.0,25830.16,0.1608,Fully Funded
SAV-08940,CUST-08940,591.32,9211.55,0.1052,Low
SAV-08941,CUST-08941,1529.72,101990.45,0.286,Fully Funded
SAV-08942,CUST-08942,1213.6,17790.7,0.1915,Partially Funded
SAV-08943,CUST-08943,99.1,4476.64,0.0344,Low
SAV-08944,CUST-08944,2578.42,99073.37,0.2136,Fully Funded
SAV-08945,CUST-08945,695.89,59898.13,0.1814,Fully Funded
SAV-08946,CUST-08946,2015.54,199492.76,0.21,Fully Funded
SAV-08947,CUST-08947,1357.75,48391.08,0.147,Fully Funded
SAV-08948,CUST-08948,685.62,62935.23,0.1101,Fully Funded
SAV-08949,CUST-08949,795.82,39345.5,0.1631,Fully Funded
SAV-08950,CUST-08950,621.18,18347.71,0.1779,Fully Funded
SAV-08951,CUST-08951,270.17,20193.59,0.1277,Fully Funded
SAV-08952,CUST-08952,222.47,19223.03,0.1523,Fully Funded
SAV-08953,CUST-08953,1559.86,36886.63,0.172,Partially Funded
SAV-08954,CUST-08954,627.14,50854.7,0.1034,Fully Funded
SAV-08955,CUST-08955,234.71,24999.31,0.1568,Fully Funded
SAV-08956,CUST-08956,1372.48,83161.79,0.159,Fully Funded
SAV-08957,CUST-08957,999.39,77120.3,0.1287,Fully Funded
SAV-08958,CUST-08958,971.78,85592.63,0.2261,Fully Funded
SAV-08959,CUST-08959,927.46,16239.39,0.2539,Fully Funded
SAV-08960,CUST-08960,1398.59,67907.94,0.1323,Fully Funded
SAV-08961,CUST-08961,2339.9,104161.06,0.2446,Fully Funded
SAV-08962,CUST-08962,938.32,18694.46,0.2004,Partially Funded
SAV-08963,CUST-08963,894.67,67991.89,0.1665,Fully Funded
SAV-08964,CUST-08964,919.95,43839.56,0.1742,Fully Funded
SAV-08965,CUST-08965,446.67,5958.03,0.1338,Low
SAV-08966,CUST-08966,476.92,43590.04,0.1327,Fully Funded
SAV-08967,CUST-08967,442.06,44002.66,0.1969,Fully Funded
SAV-08968,CUST-08968,1430.44,94868.7,0.213,Fully Funded
SAV-08969,CUST-08969,849.71,47188.8,0.1616,Fully Funded
SAV-08970,CUST-08970,1062.07,80357.34,0.1857,Fully Funded
SAV-08971,CUST-08971,774.87,85545.88,0.1198,Fully Funded
SAV-08972,CUST-08972,1192.14,81028.24,0.2076,Fully Funded
SAV-08973,CUST-08973,1777.33,99828.5,0.2144,Fully Funded
SAV-08974,CUST-08974,906.08,15741.85,0.1984,Partially Funded
SAV-08975,CUST-08975,894.57,67565.58,0.1852,Fully Funded
SAV-08976,CUST-08976,531.47,30098.34,0.1783,Fully Funded
SAV-08977,CUST-08977,945.19,16711.85,0.1298,Low
SAV-08978,CUST-08978,1081.13,80234.95,0.1758,Fully Funded
SAV-08979,CUST-08979,220.53,16675.43,0.1324,Fully Funded
SAV-08980,CUST-08980,495.33,12003.69,0.098,Low
SAV-08981,CUST-08981,432.69,16986.67,0.1798,Fully Funded
SAV-08982,CUST-08982,490.21,19233.05,0.114,Partially Funded
SAV-08983,CUST-08983,1741.08,171605.12,0.1049,Fully Funded
SAV-08984,CUST-08984,1366.66,130662.89,0.1442,Fully Funded
SAV-08985,CUST-08985,601.31,32072.03,0.1139,Fully Funded
SAV-08986,CUST-08986,787.87,74869.87,0.1447,Fully Funded
SAV-08987,CUST-08987,911.57,111560.26,0.1783,Fully Funded
SAV-08988,CUST-08988,1095.32,24314.12,0.1985,Fully Funded
SAV-08989,CUST-08989,633.25,68475.57,0.0935,Fully Funded
SAV-08990,CUST-08990,214.97,16582.98,0.1096,Fully Funded
SAV-08991,CUST-08991,1475.8,82596.36,0.2072,Fully Funded
SAV-08992,CUST-08992,810.96,31850.44,0.1541,Fully Funded
SAV-08993,CUST-08993,770.68,78392.62,0.1275,Fully Funded
SAV-08994,CUST-08994,849.35,17879.86,0.1649,Partially Funded
SAV-08995,CUST-08995,829.08,29216.24,0.1902,Fully Funded
SAV-08996,CUST-08996,2216.96,53661.22,0.2314,Fully Funded
SAV-08997,CUST-08997,1094.38,58792.8,0.1455,Fully Funded
SAV-08998,CUST-08998,848.21,16215.06,0.1451,Partially Funded
SAV-08999,CUST-08999,85.5,9083.96,0.1331,Fully Funded
SAV-09000,CUST-09000,213.48,18609.59,0.2184,Fully Funded
SAV-09001,CUST-09001,956.07,112877.33,0.1908,Fully Funded
SAV-09002,CUST-09002,245.22,14399.22,0.1764,Fully Funded
SAV-09003,CUST-09003,144.78,5026.85,0.1408,Fully Funded
SAV-09004,CUST-09004,1634.92,28183.65,0.1886,Partially Funded
SAV-09005,CUST-09005,1404.36,18177.42,0.1679,Low
SAV-09006,CUST-09006,929.05,24254.66,0.1107,Partially Funded
SAV-09007,CUST-09007,279.72,6501.01,0.2324,Fully Funded
SAV-09008,CUST-09008,1182.07,65988.58,0.1399,Fully Funded
SAV-09009,CUST-09009,364.06,31210.15,0.1043,Fully Funded
SAV-09010,CUST-09010,713.46,56455.06,0.1147,Fully Funded
SAV-09011,CUST-09011,921.18,78604.84,0.1777,Fully Funded
SAV-09012,CUST-09012,1312.88,111235.56,0.1483,Fully Funded
SAV-09013,CUST-09013,2429.27,94651.5,0.1848,Fully Funded
SAV-09014,CUST-09014,1845.99,64425.76,0.164,Fully Funded
SAV-09015,CUST-09015,259.16,22314.47,0.0826,Fully Funded
SAV-09016,CUST-09016,530.81,30565.68,0.1793,Fully Funded
SAV-09017,CUST-09017,612.22,21535.58,0.084,Partially Funded
SAV-09018,CUST-09018,1361.06,27633.97,0.1892,Partially Funded
SAV-09019,CUST-09019,1170.04,78368.38,0.2171,Fully Funded
SAV-09020,CUST-09020,159.01,4489.59,0.1528,Partially Funded
SAV-09021,CUST-09021,1120.74,34017.86,0.1772,Fully Funded
SAV-09022,CUST-09022,1210.92,21904.68,0.2073,Partially Funded
SAV-09023,CUST-09023,2149.83,126954.23,0.218,Fully Funded
SAV-09024,CUST-09024,1172.71,119801.51,0.2886,Fully Funded
SAV-09025,CUST-09025,822.98,24857.14,0.1963,Fully Funded
SAV-09026,CUST-09026,452.3,14258.91,0.1237,Partially Funded
SAV-09027,CUST-09027,651.07,35300.64,0.1809,Fully Funded
SAV-09028,CUST-09028,585.12,13770.75,0.1677,Partially Funded
SAV-09029,CUST-09029,2756.16,183331.09,0.1999,Fully Funded
SAV-09030,CUST-09030,811.17,9035.89,0.1362,Low
SAV-09031,CUST-09031,1484.44,30292.68,0.207,Fully Funded
SAV-09032,CUST-09032,2122.27,80772.34,0.2233,Fully Funded
SAV-09033,CUST-09033,371.16,6628.24,0.1952,Partially Funded
SAV-09034,CUST-09034,1157.81,21262.54,0.0986,Low
SAV-09035,CUST-09035,2020.23,41931.43,0.1291,Partially Funded
SAV-09036,CUST-09036,1962.42,140872.49,0.1719,Fully Funded
SAV-09037,CUST-09037,2046.84,82001.79,0.2316,Fully Funded
SAV-09038,CUST-09038,750.64,28653.72,0.1495,Fully Funded
SAV-09039,CUST-09039,1729.11,145950.3,0.2869,Fully Funded
SAV-09040,CUST-09040,547.91,12628.53,0.1322,Partially Funded
SAV-09041,CUST-09041,872.61,34202.36,0.1146,Fully Funded
SAV-09042,CUST-09042,177.81,5383.17,0.1072,Partially Funded
SAV-09043,CUST-09043,246.83,18938.91,0.0401,Partially Funded
SAV-09044,CUST-09044,439.89,37070.65,0.0992,Fully Funded
SAV-09045,CUST-09045,962.38,49775.14,0.1996,Fully Funded
SAV-09046,CUST-09046,948.38,22612.65,0.1537,Partially Funded
SAV-09047,CUST-09047,520.62,16831.2,0.0907,Partially Funded
SAV-09048,CUST-09048,734.06,29285.23,0.1826,Fully Funded
SAV-09049,CUST-09049,847.47,33292.09,0.2003,Fully Funded
SAV-09050,CUST-09050,97.79,3859.29,0.1225,Partially Funded
SAV-09051,CUST-09051,1334.84,67061.11,0.141,Fully Funded
SAV-09052,CUST-09052,820.55,60209.29,0.2104,Fully Funded
SAV-09053,CUST-09053,1080.65,71098.69,0.1516,Fully Funded
SAV-09054,CUST-09054,461.99,26626.46,0.1167,Fully Funded
SAV-09055,CUST-09055,677.25,31756.78,0.1495,Fully Funded
SAV-09056,CUST-09056,860.9,12937.69,0.202,Partially Funded
SAV-09057,CUST-09057,776.28,17453.4,0.1539,Partially Funded
SAV-09058,CUST-09058,535.66,42403.03,0.1187,Fully Funded
SAV-09059,CUST-09059,409.25,12946.98,0.1379,Partially Funded
SAV-09060,CUST-09060,1089.71,63343.5,0.1288,Fully Funded
SAV-09061,CUST-09061,841.37,80737.52,0.145,Fully Funded
SAV-09062,CUST-09062,1009.46,44558.45,0.1232,Fully Funded
SAV-09063,CUST-09063,534.97,39393.22,0.1511,Fully Funded
SAV-09064,CUST-09064,1071.66,78733.19,0.2287,Fully Funded
SAV-09065,CUST-09065,1460.76,81736.34,0.2282,Fully Funded
SAV-09066,CUST-09066,127.32,2648.1,0.1602,Partially Funded
SAV-09067,CUST-09067,706.1,30227.37,0.166,Fully Funded
SAV-09068,CUST-09068,831.57,13936.34,0.1686,Partially Funded
SAV-09069,CUST-09069,184.85,11022.79,0.1303,Fully Funded
SAV-09070,CUST-09070,947.06,44017.35,0.1195,Fully Funded
SAV-09071,CUST-09071,589.99,52720.05,0.1703,Fully Funded
SAV-09072,CUST-09072,1077.41,51230.66,0.1324,Fully Funded
SAV-09073,CUST-09073,949.86,19842.54,0.1021,Low
SAV-09074,CUST-09074,994.59,25807.84,0.0971,Low
SAV-09075,CUST-09075,1209.45,37802.94,0.2112,Fully Funded
SAV-09076,CUST-09076,1463.25,75938.27,0.1588,Fully Funded
SAV-09077,CUST-09077,1154.35,105448.3,0.2277,Fully Funded
SAV-09078,CUST-09078,2421.62,107082.51,0.2242,Fully Funded
SAV-09079,CUST-09079,706.96,13236.61,0.0809,Low
SAV-09080,CUST-09080,926.29,44867.43,0.194,Fully Funded
SAV-09081,CUST-09081,205.31,15541.28,0.1437,Fully Funded
SAV-09082,CUST-09082,629.38,56487.08,0.1439,Fully Funded
SAV-09083,CUST-09083,237.8,7968.46,0.0412,Low
SAV-09084,CUST-09084,184.65,4311.24,0.1312,Partially Funded
SAV-09085,CUST-09085,837.81,17947.01,0.1456,Partially Funded
SAV-09086,CUST-09086,1542.47,85855.79,0.1683,Fully Funded
SAV-09087,CUST-09087,237.93,23236.56,0.1567,Fully Funded
SAV-09088,CUST-09088,795.95,81255.76,0.1327,Fully Funded
SAV-09089,CUST-09089,1152.83,20398.68,0.1471,Partially Funded
SAV-09090,CUST-09090,1079.69,104151.23,0.1677,Fully Funded
SAV-09091,CUST-09091,207.21,8162.71,0.1271,Fully Funded
SAV-09092,CUST-09092,1371.71,56952.1,0.2391,Fully Funded
SAV-09093,CUST-09093,1852.58,185841.84,0.2222,Fully Funded
SAV-09094,CUST-09094,616.59,20696.95,0.1045,Partially Funded
SAV-09095,CUST-09095,354.06,6769.77,0.2386,Fully Funded
SAV-09096,CUST-09096,612.63,14470.02,0.1526,Partially Funded
SAV-09097,CUST-09097,336.34,16912.07,0.1192,Fully Funded
SAV-09098,CUST-09098,1051.64,68230.46,0.2153,Fully Funded
SAV-09099,CUST-09099,663.01,9856.95,0.2019,Partially Funded
SAV-09100,CUST-09100,491.46,57474.24,0.205,Fully Funded
SAV-09101,CUST-09101,2200.74,39900.02,0.2462,Fully Funded
SAV-09102,CUST-09102,783.4,21169.39,0.1077,Partially Funded
SAV-09103,CUST-09103,880.69,44479.2,0.1734,Fully Funded
SAV-09104,CUST-09104,829.65,46826.38,0.2304,Fully Funded
SAV-09105,CUST-09105,1614.18,72196.23,0.3116,Fully Funded
SAV-09106,CUST-09106,2941.11,187276.1,0.1582,Fully Funded
SAV-09107,CUST-09107,713.31,10706.12,0.1468,Low
SAV-09108,CUST-09108,853.81,27218.87,0.1983,Fully Funded
SAV-09109,CUST-09109,1895.4,126230.99,0.1897,Fully Funded
SAV-09110,CUST-09110,575.9,21845.79,0.1026,Partially Funded
SAV-09111,CUST-09111,157.59,7548.18,0.1171,Fully Funded
SAV-09112,CUST-09112,704.25,10639.55,0.1559,Partially Funded
SAV-09113,CUST-09113,482.01,20881.68,0.0952,Partially Funded
SAV-09114,CUST-09114,804.92,32171.23,0.0785,Partially Funded
SAV-09115,CUST-09115,1251.44,70648.0,0.179,Fully Funded
SAV-09116,CUST-09116,746.25,11213.44,0.1562,Partially Funded
SAV-09117,CUST-09117,665.05,51036.38,0.1737,Fully Funded
SAV-09118,CUST-09118,1080.19,67446.03,0.1781,Fully Funded
SAV-09119,CUST-09119,565.86,43606.78,0.149,Fully Funded
SAV-09120,CUST-09120,841.84,12876.77,0.1436,Low
SAV-09121,CUST-09121,1280.84,33777.45,0.2591,Fully Funded
SAV-09122,CUST-09122,479.22,33914.5,0.0694,Partially Funded
SAV-09123,CUST-09123,365.88,31363.35,0.0603,Partially Funded
SAV-09124,CUST-09124,3258.54,155945.69,0.2135,Fully Funded
SAV-09125,CUST-09125,144.14,5084.88,0.1169,Partially Funded
SAV-09126,CUST-09126,1077.53,81839.81,0.1053,Fully Funded
SAV-09127,CUST-09127,1279.82,96937.2,0.124,Fully Funded
SAV-09128,CUST-09128,637.68,15845.74,0.1806,Fully Funded
SAV-09129,CUST-09129,1805.61,144742.19,0.2146,Fully Funded
SAV-09130,CUST-09130,835.7,88080.14,0.1712,Fully Funded
SAV-09131,CUST-09131,555.51,66868.52,0.1514,Fully Funded
SAV-09132,CUST-09132,1103.2,52473.4,0.2202,Fully Funded
SAV-09133,CUST-09133,1003.26,98650.59,0.2056,Fully Funded
SAV-09134,CUST-09134,648.54,51601.09,0.254,Fully Funded
SAV-09135,CUST-09135,431.11,12173.46,0.1171,Partially Funded
SAV-09136,CUST-09136,670.34,21175.68,0.1639,Fully Funded
SAV-09137,CUST-09137,649.83,35508.85,0.1265,Fully Funded
SAV-09138,CUST-09138,1894.65,161400.16,0.2492,Fully Funded
SAV-09139,CUST-09139,1582.74,20532.55,0.1976,Partially Funded
SAV-09140,CUST-09140,293.13,14116.49,0.107,Fully Funded
SAV-09141,CUST-09141,389.72,18911.24,0.1166,Fully Funded
SAV-09142,CUST-09142,60.71,1470.47,0.0988,Low
SAV-09143,CUST-09143,602.92,21183.05,0.0878,Partially Funded
SAV-09144,CUST-09144,812.33,36440.65,0.0689,Partially Funded
SAV-09145,CUST-09145,1731.1,136533.59,0.2149,Fully Funded
SAV-09146,CUST-09146,732.79,42440.27,0.1975,Fully Funded
SAV-09147,CUST-09147,1085.29,30527.36,0.1595,Fully Funded
SAV-09148,CUST-09148,853.69,51215.32,0.1237,Fully Funded
SAV-09149,CUST-09149,825.39,56265.5,0.1428,Fully Funded
SAV-09150,CUST-09150,1157.54,29705.14,0.1268,Partially Funded
SAV-09151,CUST-09151,708.42,18992.25,0.1325,Partially Funded
SAV-09152,CUST-09152,1041.73,39351.97,0.1973,Fully Funded
SAV-09153,CUST-09153,889.88,10144.39,0.1592,Low
SAV-09154,CUST-09154,435.17,9450.62,0.1144,Low
SAV-09155,CUST-09155,374.55,16738.27,0.0964,Partially Funded
SAV-09156,CUST-09156,810.02,79948.35,0.1438,Fully Funded
SAV-09157,CUST-09157,1183.4,35402.48,0.0967,Partially Funded
SAV-09158,CUST-09158,287.76,14923.76,0.0957,Partially Funded
SAV-09159,CUST-09159,779.82,32152.15,0.1674,Fully Funded
SAV-09160,CUST-09160,562.17,17995.36,0.2117,Fully Funded
SAV-09161,CUST-09161,369.75,40973.69,0.0847,Fully Funded
SAV-09162,CUST-09162,277.75,6427.31,0.1052,Partially Funded
SAV-09163,CUST-09163,442.11,16680.88,0.1734,Fully Funded
SAV-09164,CUST-09164,638.69,30952.28,0.0861,Partially Funded
SAV-09165,CUST-09165,785.0,49740.63,0.0902,Fully Funded
SAV-09166,CUST-09166,3743.67,197341.37,0.2403,Fully Funded
SAV-09167,CUST-09167,1380.85,78728.44,0.1532,Fully Funded
SAV-09168,CUST-09168,1075.5,91940.47,0.2568,Fully Funded
SAV-09169,CUST-09169,761.69,42629.93,0.211,Fully Funded
SAV-09170,CUST-09170,347.9,5140.4,0.106,Low
SAV-09171,CUST-09171,411.92,45797.61,0.1134,Fully Funded
SAV-09172,CUST-09172,478.76,11414.98,0.1003,Partially Funded
SAV-09173,CUST-09173,2634.69,37528.22,0.2469,Partially Funded
SAV-09174,CUST-09174,944.1,75723.69,0.2169,Fully Funded
SAV-09175,CUST-09175,1356.47,42352.55,0.1402,Fully Funded
SAV-09176,CUST-09176,2082.8,152864.44,0.2779,Fully Funded
SAV-09177,CUST-09177,811.23,58892.29,0.181,Fully Funded
SAV-09178,CUST-09178,905.09,36609.14,0.2871,Fully Funded
SAV-09179,CUST-09179,1085.86,32239.41,0.1914,Fully Funded
SAV-09180,CUST-09180,1002.06,43056.17,0.16,Fully Funded
SAV-09181,CUST-09181,301.6,28130.39,0.111,Fully Funded
SAV-09182,CUST-09182,4529.19,321634.07,0.3071,Fully Funded
SAV-09183,CUST-09183,1268.99,92514.76,0.2033,Fully Funded
SAV-09184,CUST-09184,961.25,43582.01,0.1337,Fully Funded
SAV-09185,CUST-09185,695.65,41647.23,0.1572,Fully Funded
SAV-09186,CUST-09186,1157.56,70164.11,0.1668,Fully Funded
SAV-09187,CUST-09187,942.39,31346.86,0.1552,Fully Funded
SAV-09188,CUST-09188,822.96,55890.53,0.1619,Fully Funded
SAV-09189,CUST-09189,419.52,21138.51,0.0782,Partially Funded
SAV-09190,CUST-09190,221.97,21492.65,0.1998,Fully Funded
SAV-09191,CUST-09191,1190.17,105287.65,0.2177,Fully Funded
SAV-09192,CUST-09192,1042.47,88061.77,0.1406,Fully Funded
SAV-09193,CUST-09193,528.8,16352.67,0.1264,Partially Funded
SAV-09194,CUST-09194,814.63,83049.89,0.1699,Fully Funded
SAV-09195,CUST-09195,1155.58,37712.02,0.2242,Fully Funded
SAV-09196,CUST-09196,628.04,46159.85,0.1111,Fully Funded
SAV-09197,CUST-09197,878.3,64477.01,0.1809,Fully Funded
SAV-09198,CUST-09198,545.91,32604.73,0.0968,Fully Funded
SAV-09199,CUST-09199,1686.55,182234.91,0.2936,Fully Funded
SAV-09200,CUST-09200,1609.84,70861.51,0.202,Fully Funded
SAV-09201,CUST-09201,562.06,32544.84,0.1265,Fully Funded
SAV-09202,CUST-09202,243.71,4725.27,0.0657,Low
SAV-09203,CUST-09203,1018.04,47930.54,0.1975,Fully Funded
SAV-09204,CUST-09204,935.49,57108.02,0.2082,Fully Funded
SAV-09205,CUST-09205,2941.08,125089.27,0.1879,Fully Funded
SAV-09206,CUST-09206,2899.52,34970.8,0.2793,Partially Funded
SAV-09207,CUST-09207,1048.23,19754.74,0.2331,Fully Funded
SAV-09208,CUST-09208,1306.83,43340.81,0.2742,Fully Funded
SAV-09209,CUST-09209,661.0,37813.73,0.1268,Fully Funded
SAV-09210,CUST-09210,815.71,9254.8,0.1783,Partially Funded
SAV-09211,CUST-09211,754.26,18326.6,0.1282,Partially Funded
SAV-09212,CUST-09212,912.5,68353.52,0.215,Fully Funded
SAV-09213,CUST-09213,671.91,48245.26,0.0759,Fully Funded
SAV-09214,CUST-09214,1122.89,68949.23,0.2304,Fully Funded
SAV-09215,CUST-09215,533.67,62123.17,0.1629,Fully Funded
SAV-09216,CUST-09216,900.31,27660.07,0.1867,Fully Funded
SAV-09217,CUST-09217,687.67,29661.14,0.1197,Fully Funded
SAV-09218,CUST-09218,2140.72,68230.6,0.2017,Fully Funded
SAV-09219,CUST-09219,949.15,29941.04,0.1717,Fully Funded
SAV-09220,CUST-09220,1284.42,19150.34,0.1884,Partially Funded
SAV-09221,CUST-09221,506.42,5254.48,0.1431,Low
SAV-09222,CUST-09222,1131.91,23737.69,0.2282,Fully Funded
SAV-09223,CUST-09223,739.01,29555.3,0.1413,Fully Funded
SAV-09224,CUST-09224,1075.12,60407.64,0.1347,Fully Funded
SAV-09225,CUST-09225,322.24,11789.4,0.077,Partially Funded
SAV-09226,CUST-09226,329.45,21963.23,0.1254,Fully Funded
SAV-09227,CUST-09227,820.88,30774.78,0.1956,Fully Funded
SAV-09228,CUST-09228,913.7,12067.97,0.1596,Low
SAV-09229,CUST-09229,435.95,29106.41,0.1151,Fully Funded
SAV-09230,CUST-09230,212.69,20773.12,0.2206,Fully Funded
SAV-09231,CUST-09231,624.8,26101.39,0.0834,Partially Funded
SAV-09232,CUST-09232,874.48,30040.16,0.1811,Fully Funded
SAV-09233,CUST-09233,1706.49,122152.5,0.196,Fully Funded
SAV-09234,CUST-09234,2557.34,34429.99,0.1636,Partially Funded
SAV-09235,CUST-09235,1007.4,24595.85,0.2263,Fully Funded
SAV-09236,CUST-09236,785.42,18587.45,0.1181,Partially Funded
SAV-09237,CUST-09237,1145.79,43413.16,0.2537,Fully Funded
SAV-09238,CUST-09238,154.76,6124.76,0.136,Fully Funded
SAV-09239,CUST-09239,2542.69,45400.45,0.1734,Partially Funded
SAV-09240,CUST-09240,1555.82,53524.37,0.1401,Fully Funded
SAV-09241,CUST-09241,813.86,36721.7,0.1618,Fully Funded
SAV-09242,CUST-09242,978.38,47530.46,0.294,Fully Funded
SAV-09243,CUST-09243,302.47,22051.27,0.1143,Fully Funded
SAV-09244,CUST-09244,661.45,45463.05,0.1933,Fully Funded
SAV-09245,CUST-09245,2090.85,64514.03,0.2059,Fully Funded
SAV-09246,CUST-09246,213.09,19500.34,0.0928,Fully Funded
SAV-09247,CUST-09247,2021.58,234674.43,0.2995,Fully Funded
SAV-09248,CUST-09248,742.99,8964.72,0.1304,Low
SAV-09249,CUST-09249,308.36,29381.46,0.1118,Fully Funded
SAV-09250,CUST-09250,475.89,17082.77,0.0741,Partially Funded
SAV-09251,CUST-09251,204.01,13434.66,0.1069,Fully Funded
SAV-09252,CUST-09252,1040.21,41369.76,0.1118,Partially Funded
SAV-09253,CUST-09253,966.96,103118.33,0.1552,Fully Funded
SAV-09254,CUST-09254,304.29,8220.61,0.1032,Partially Funded
SAV-09255,CUST-09255,385.29,16407.37,0.0851,Partially Funded
SAV-09256,CUST-09256,1673.95,33144.68,0.159,Partially Funded
SAV-09257,CUST-09257,819.71,12252.47,0.2196,Partially Funded
SAV-09258,CUST-09258,808.77,20575.9,0.1415,Partially Funded
SAV-09259,CUST-09259,401.51,14508.41,0.1052,Partially Funded
SAV-09260,CUST-09260,348.02,23454.73,0.0678,Partially Funded
SAV-09261,CUST-09261,772.94,38606.93,0.1662,Fully Funded
SAV-09262,CUST-09262,2220.13,223677.72,0.2038,Fully Funded
SAV-09263,CUST-09263,294.1,7294.61,0.1227,Partially Funded
SAV-09264,CUST-09264,862.27,63075.58,0.1548,Fully Funded
SAV-09265,CUST-09265,2700.93,210527.44,0.291,Fully Funded
SAV-09266,CUST-09266,435.21,7265.22,0.0875,Low
SAV-09267,CUST-09267,758.17,21150.23,0.1633,Partially Funded
SAV-09268,CUST-09268,537.62,26849.17,0.1351,Fully Funded
SAV-09269,CUST-09269,183.38,7292.07,0.1815,Fully Funded
SAV-09270,CUST-09270,1705.95,36695.88,0.1511,Partially Funded
SAV-09271,CUST-09271,1257.04,42306.95,0.2681,Fully Funded
SAV-09272,CUST-09272,1109.7,83660.75,0.17,Fully Funded
SAV-09273,CUST-09273,1497.24,87873.42,0.1918,Fully Funded
SAV-09274,CUST-09274,547.56,21561.16,0.1392,Fully Funded
SAV-09275,CUST-09275,470.02,19627.8,0.1048,Partially Funded
SAV-09276,CUST-09276,452.96,29142.76,0.1622,Fully Funded
SAV-09277,CUST-09277,357.35,6598.92,0.1262,Partially Funded
SAV-09278,CUST-09278,144.85,6698.24,0.1184,Fully Funded
SAV-09279,CUST-09279,1061.46,49806.43,0.1494,Fully Funded
SAV-09280,CUST-09280,880.71,89247.72,0.2547,Fully Funded
SAV-09281,CUST-09281,2037.82,123760.82,0.219,Fully Funded
SAV-09282,CUST-09282,585.41,18004.95,0.169,Fully Funded
SAV-09283,CUST-09283,755.72,9961.08,0.1742,Partially Funded
SAV-09284,CUST-09284,842.56,53857.3,0.1025,Fully Funded
SAV-09285,CUST-09285,461.89,36496.53,0.0962,Fully Funded
SAV-09286,CUST-09286,1142.21,32139.66,0.2609,Fully Funded
SAV-09287,CUST-09287,3669.26,72086.21,0.3046,Fully Funded
SAV-09288,CUST-09288,842.11,19480.95,0.1311,Partially Funded
SAV-09289,CUST-09289,1547.96,172999.64,0.3217,Fully Funded
SAV-09290,CUST-09290,1044.91,18444.28,0.2662,Fully Funded
SAV-09291,CUST-09291,1304.47,28110.42,0.1702,Partially Funded
SAV-09292,CUST-09292,294.22,13754.26,0.129,Fully Funded
SAV-09293,CUST-09293,2288.11,170481.13,0.1838,Fully Funded
SAV-09294,CUST-09294,685.06,45460.13,0.1336,Fully Funded
SAV-09295,CUST-09295,519.14,25461.63,0.1306,Fully Funded
SAV-09296,CUST-09296,870.44,40955.92,0.1631,Fully Funded
SAV-09297,CUST-09297,1300.49,28685.31,0.1684,Partially Funded
SAV-09298,CUST-09298,998.3,17372.24,0.1402,Low
SAV-09299,CUST-09299,816.14,48343.7,0.1555,Fully Funded
SAV-09300,CUST-09300,1898.76,46014.57,0.2976,Fully Funded
SAV-09301,CUST-09301,1361.22,145734.04,0.1553,Fully Funded
SAV-09302,CUST-09302,912.73,69703.58,0.1889,Fully Funded
SAV-09303,CUST-09303,565.78,36181.75,0.1816,Fully Funded
SAV-09304,CUST-09304,624.4,61810.26,0.1746,Fully Funded
SAV-09305,CUST-09305,689.27,38329.57,0.1088,Fully Funded
SAV-09306,CUST-09306,633.41,6762.5,0.0785,No Fund
SAV-09307,CUST-09307,1621.31,21568.38,0.2556,Partially Funded
SAV-09308,CUST-09308,1377.82,21840.77,0.1481,Partially Funded
SAV-09309,CUST-09309,844.56,47861.58,0.1266,Fully Funded
SAV-09310,CUST-09310,3560.4,368572.7,0.2531,Fully Funded
SAV-09311,CUST-09311,1789.25,132178.92,0.1965,Fully Funded
SAV-09312,CUST-09312,1076.27,40344.82,0.1327,Fully Funded
SAV-09313,CUST-09313,496.2,21882.81,0.1384,Fully Funded
SAV-09314,CUST-09314,331.01,18506.19,0.0979,Fully Funded
SAV-09315,CUST-09315,258.75,9943.39,0.1806,Fully Funded
SAV-09316,CUST-09316,1207.11,16975.68,0.1786,Partially Funded
SAV-09317,CUST-09317,1485.37,160444.14,0.2353,Fully Funded
SAV-09318,CUST-09318,571.35,13039.71,0.1033,Partially Funded
SAV-09319,CUST-09319,609.39,53105.56,0.1849,Fully Funded
SAV-09320,CUST-09320,1495.99,80041.63,0.1444,Fully Funded
SAV-09321,CUST-09321,424.65,5538.71,0.1254,Low
SAV-09322,CUST-09322,3320.06,142983.5,0.2316,Fully Funded
SAV-09323,CUST-09323,781.23,20990.77,0.1062,Partially Funded
SAV-09324,CUST-09324,1867.28,81058.15,0.2394,Fully Funded
SAV-09325,CUST-09325,1152.81,16951.88,0.1356,Low
SAV-09326,CUST-09326,777.86,9870.71,0.1151,Low
SAV-09327,CUST-09327,1254.75,30577.4,0.1585,Partially Funded
SAV-09328,CUST-09328,65.63,2608.89,0.0703,Partially Funded
SAV-09329,CUST-09329,943.71,80054.6,0.1698,Fully Funded
SAV-09330,CUST-09330,1490.02,35172.38,0.249,Fully Funded
SAV-09331,CUST-09331,1462.02,60635.69,0.1518,Fully Funded
SAV-09332,CUST-09332,1699.78,107084.5,0.2513,Fully Funded
SAV-09333,CUST-09333,576.72,19006.26,0.1436,Fully Funded
SAV-09334,CUST-09334,713.33,35425.58,0.1379,Fully Funded
SAV-09335,CUST-09335,117.21,8979.69,0.1461,Fully Funded
SAV-09336,CUST-09336,591.38,19305.67,0.101,Partially Funded
SAV-09337,CUST-09337,1143.72,25696.51,0.1649,Partially Funded
SAV-09338,CUST-09338,585.12,36725.53,0.1481,Fully Funded
SAV-09339,CUST-09339,1233.01,32889.43,0.1994,Fully Funded
SAV-09340,CUST-09340,564.13,11964.41,0.1107,Low
SAV-09341,CUST-09341,641.32,45668.03,0.1324,Fully Funded
SAV-09342,CUST-09342,473.24,16147.78,0.1209,Partially Funded
SAV-09343,CUST-09343,1284.36,109930.57,0.1427,Fully Funded
SAV-09344,CUST-09344,1717.55,83798.21,0.2559,Fully Funded
SAV-09345,CUST-09345,791.61,31998.97,0.199,Fully Funded
SAV-09346,CUST-09346,3259.4,249140.53,0.213,Fully Funded
SAV-09347,CUST-09347,646.92,30253.3,0.1445,Fully Funded
SAV-09348,CUST-09348,275.55,18317.02,0.1105,Fully Funded
SAV-09349,CUST-09349,1116.72,18993.88,0.1903,Partially Funded
SAV-09350,CUST-09350,310.21,29677.61,0.0648,Fully Funded
SAV-09351,CUST-09351,1163.59,37328.19,0.1775,Fully Funded
SAV-09352,CUST-09352,341.85,24021.23,0.0767,Fully Funded
SAV-09353,CUST-09353,656.58,24461.27,0.1758,Fully Funded
SAV-09354,CUST-09354,1243.33,65830.96,0.1735,Fully Funded
SAV-09355,CUST-09355,747.72,52044.14,0.1449,Fully Funded
SAV-09356,CUST-09356,1353.26,78979.25,0.093,Fully Funded
SAV-09357,CUST-09357,1368.72,106606.45,0.2038,Fully Funded
SAV-09358,CUST-09358,888.9,24909.05,0.1465,Partially Funded
SAV-09359,CUST-09359,951.31,37557.89,0.1635,Fully Funded
SAV-09360,CUST-09360,1072.33,33660.63,0.2253,Fully Funded
SAV-09361,CUST-09361,563.28,14510.53,0.0881,Low
SAV-09362,CUST-09362,522.47,23434.82,0.1361,Fully Funded
SAV-09363,CUST-09363,624.32,37465.0,0.1261,Fully Funded
SAV-09364,CUST-09364,669.24,39795.75,0.1235,Fully Funded
SAV-09365,CUST-09365,868.5,83216.4,0.1451,Fully Funded
SAV-09366,CUST-09366,756.22,41927.59,0.0891,Fully Funded
SAV-09367,CUST-09367,896.36,54107.26,0.1345,Fully Funded
SAV-09368,CUST-09368,1039.67,80729.77,0.1154,Fully Funded
SAV-09369,CUST-09369,1027.51,74706.57,0.171,Fully Funded
SAV-09370,CUST-09370,1562.45,89943.88,0.1354,Fully Funded
SAV-09371,CUST-09371,1023.9,44035.5,0.1578,Fully Funded
SAV-09372,CUST-09372,192.16,19411.79,0.1591,Fully Funded
SAV-09373,CUST-09373,744.36,45395.7,0.1095,Fully Funded
SAV-09374,CUST-09374,1370.19,45350.39,0.2908,Fully Funded
SAV-09375,CUST-09375,1494.38,84784.73,0.2861,Fully Funded
SAV-09376,CUST-09376,1168.36,45137.16,0.1195,Partially Funded
SAV-09377,CUST-09377,668.47,46395.37,0.1833,Fully Funded
SAV-09378,CUST-09378,1863.77,153892.73,0.2187,Fully Funded
SAV-09379,CUST-09379,1381.19,47800.31,0.1754,Fully Funded
SAV-09380,CUST-09380,1741.72,45361.35,0.1353,Partially Funded
SAV-09381,CUST-09381,895.87,54569.46,0.1241,Fully Funded
SAV-09382,CUST-09382,1328.4,130943.41,0.1312,Fully Funded
SAV-09383,CUST-09383,511.7,35906.6,0.0931,Fully Funded
SAV-09384,CUST-09384,664.17,66766.59,0.1727,Fully Funded
SAV-09385,CUST-09385,898.23,47391.53,0.1293,Fully Funded
SAV-09386,CUST-09386,735.12,23666.48,0.1948,Fully Funded
SAV-09387,CUST-09387,457.18,19433.28,0.0909,Partially Funded
SAV-09388,CUST-09388,687.18,8701.27,0.1148,Low
SAV-09389,CUST-09389,476.71,26646.55,0.1467,Fully Funded
SAV-09390,CUST-09390,2089.53,36798.04,0.2245,Partially Funded
SAV-09391,CUST-09391,1573.04,62395.36,0.1921,Fully Funded
SAV-09392,CUST-09392,1618.21,121115.46,0.269,Fully Funded
SAV-09393,CUST-09393,1632.88,124524.01,0.0871,Fully Funded
SAV-09394,CUST-09394,848.32,20318.94,0.1262,Partially Funded
SAV-09395,CUST-09395,683.69,12828.71,0.1692,Partially Funded
SAV-09396,CUST-09396,790.28,95127.07,0.1265,Fully Funded
SAV-09397,CUST-09397,523.52,36572.53,0.1434,Fully Funded
SAV-09398,CUST-09398,1007.03,65996.48,0.1221,Fully Funded
SAV-09399,CUST-09399,469.6,24524.02,0.1303,Fully Funded
SAV-09400,CUST-09400,717.19,37055.6,0.1118,Fully Funded
SAV-09401,CUST-09401,483.39,46524.85,0.0817,Fully Funded
SAV-09402,CUST-09402,1318.07,57181.45,0.1669,Fully Funded
SAV-09403,CUST-09403,1074.91,94010.03,0.1562,Fully Funded
SAV-09404,CUST-09404,400.79,36086.84,0.0924,Fully Funded
SAV-09405,CUST-09405,562.7,50208.82,0.1937,Fully Funded
SAV-09406,CUST-09406,451.29,22073.0,0.0675,Partially Funded
SAV-09407,CUST-09407,405.15,12702.13,0.1804,Fully Funded
SAV-09408,CUST-09408,1121.29,43800.88,0.1437,Fully Funded
SAV-09409,CUST-09409,799.87,72238.28,0.1956,Fully Funded
SAV-09410,CUST-09410,769.96,38523.71,0.2661,Fully Funded
SAV-09411,CUST-09411,1095.38,102376.65,0.1199,Fully Funded
SAV-09412,CUST-09412,508.03,13733.0,0.1515,Fully Funded
SAV-09413,CUST-09413,1149.39,35187.96,0.203,Fully Funded
SAV-09414,CUST-09414,1754.95,141286.26,0.2924,Fully Funded
SAV-09415,CUST-09415,662.24,27405.43,0.1387,Fully Funded
SAV-09416,CUST-09416,1716.5,52096.51,0.1915,Fully Funded
SAV-09417,CUST-09417,691.81,61069.3,0.1925,Fully Funded
SAV-09418,CUST-09418,191.43,2969.24,0.1177,Low
SAV-09419,CUST-09419,1548.65,91272.42,0.3143,Fully Funded
SAV-09420,CUST-09420,1591.41,91310.47,0.3005,Fully Funded
SAV-09421,CUST-09421,898.25,100880.02,0.1083,Fully Funded
SAV-09422,CUST-09422,1003.24,32241.35,0.1712,Fully Funded
SAV-09423,CUST-09423,735.93,10678.75,0.1509,Low
SAV-09424,CUST-09424,1334.75,94027.2,0.2236,Fully Funded
SAV-09425,CUST-09425,798.11,19939.27,0.1144,Partially Funded
SAV-09426,CUST-09426,682.35,44358.19,0.2405,Fully Funded
SAV-09427,CUST-09427,1041.44,24681.53,0.1349,Partially Funded
SAV-09428,CUST-09428,1142.45,33513.09,0.2068,Fully Funded
SAV-09429,CUST-09429,1022.59,99030.06,0.1852,Fully Funded
SAV-09430,CUST-09430,1163.95,125352.69,0.2678,Fully Funded
SAV-09431,CUST-09431,490.24,9360.96,0.1613,Partially Funded
SAV-09432,CUST-09432,1563.69,115729.51,0.1398,Fully Funded
SAV-09433,CUST-09433,1194.05,120606.62,0.109,Fully Funded
SAV-09434,CUST-09434,1855.92,155888.09,0.2397,Fully Funded
SAV-09435,CUST-09435,514.66,40235.3,0.1492,Fully Funded
SAV-09436,CUST-09436,1379.84,67468.7,0.241,Fully Funded
SAV-09437,CUST-09437,124.9,5904.52,0.0987,Partially Funded
SAV-09438,CUST-09438,1009.66,45796.81,0.1486,Fully Funded
SAV-09439,CUST-09439,402.97,13605.2,0.0658,Low
SAV-09440,CUST-09440,460.99,26246.82,0.1161,Fully Funded
SAV-09441,CUST-09441,1508.78,102188.13,0.1976,Fully Funded
SAV-09442,CUST-09442,615.62,12493.71,0.131,Partially Funded
SAV-09443,CUST-09443,1180.85,113859.06,0.119,Fully Funded
SAV-09444,CUST-09444,947.42,54093.88,0.1498,Fully Funded
SAV-09445,CUST-09445,1109.92,67518.94,0.2928,Fully Funded
SAV-09446,CUST-09446,632.43,17544.02,0.0998,Partially Funded
SAV-09447,CUST-09447,1659.71,119883.1,0.1677,Fully Funded
SAV-09448,CUST-09448,886.81,53192.32,0.1565,Fully Funded
SAV-09449,CUST-09449,274.4,12441.43,0.0639,Partially Funded
SAV-09450,CUST-09450,543.03,24358.07,0.0865,Partially Funded
SAV-09451,CUST-09451,1156.19,25423.75,0.2391,Fully Funded
SAV-09452,CUST-09452,1186.95,81123.74,0.1779,Fully Funded
SAV-09453,CUST-09453,231.33,24227.82,0.1384,Fully Funded
SAV-09454,CUST-09454,726.65,35669.27,0.1121,Fully Funded
SAV-09455,CUST-09455,3287.3,336080.24,0.1835,Fully Funded
SAV-09456,CUST-09456,105.46,5177.84,0.1434,Fully Funded
SAV-09457,CUST-09457,1139.56,77317.14,0.1418,Fully Funded
SAV-09458,CUST-09458,1315.69,151946.89,0.1674,Fully Funded
SAV-09459,CUST-09459,1232.84,65651.4,0.077,Partially Funded
SAV-09460,CUST-09460,1900.21,168397.15,0.2217,Fully Funded
SAV-09461,CUST-09461,545.94,17201.26,0.1205,Partially Funded
SAV-09462,CUST-09462,1047.29,48002.99,0.1375,Fully Funded
SAV-09463,CUST-09463,829.63,65390.85,0.3184,Fully Funded
SAV-09464,CUST-09464,2268.3,78015.36,0.3362,Fully Funded
SAV-09465,CUST-09465,1074.94,13575.29,0.2726,Partially Funded
SAV-09466,CUST-09466,848.19,51005.31,0.2517,Fully Funded
SAV-09467,CUST-09467,1257.12,62785.9,0.1212,Fully Funded
SAV-09468,CUST-09468,1458.35,109558.72,0.153,Fully Funded
SAV-09469,CUST-09469,732.83,52859.85,0.1207,Fully Funded
SAV-09470,CUST-09470,1387.67,119801.45,0.2559,Fully Funded
SAV-09471,CUST-09471,1802.84,176942.14,0.2475,Fully Funded
SAV-09472,CUST-09472,915.33,66125.5,0.1333,Fully Funded
SAV-09473,CUST-09473,680.08,35379.58,0.176,Fully Funded
SAV-09474,CUST-09474,1097.13,38754.45,0.1172,Partially Funded
SAV-09475,CUST-09475,2144.58,29544.3,0.1842,Partially Funded
SAV-09476,CUST-09476,1485.51,26223.53,0.1458,Partially Funded
SAV-09477,CUST-09477,1000.43,34014.11,0.147,Fully Funded
SAV-09478,CUST-09478,291.85,22882.57,0.0733,Fully Funded
SAV-09479,CUST-09479,243.36,11142.52,0.1932,Fully Funded
SAV-09480,CUST-09480,394.1,17837.09,0.2365,Fully Funded
SAV-09481,CUST-09481,1070.51,29943.88,0.1755,Fully Funded
SAV-09482,CUST-09482,741.22,48141.29,0.1048,Fully Funded
SAV-09483,CUST-09483,1653.5,42336.66,0.1411,Partially Funded
SAV-09484,CUST-09484,210.38,6049.92,0.1508,Partially Funded
SAV-09485,CUST-09485,670.38,17608.24,0.0815,Low
SAV-09486,CUST-09486,302.54,19935.97,0.236,Fully Funded
SAV-09487,CUST-09487,488.13,35208.28,0.1013,Fully Funded
SAV-09488,CUST-09488,409.83,36022.94,0.0945,Fully Funded
SAV-09489,CUST-09489,1007.14,28591.88,0.1841,Fully Funded
SAV-09490,CUST-09490,1546.4,67434.22,0.2047,Fully Funded
SAV-09491,CUST-09491,595.51,36607.47,0.1555,Fully Funded
SAV-09492,CUST-09492,839.35,51007.05,0.2047,Fully Funded
SAV-09493,CUST-09493,982.19,82213.96,0.2181,Fully Funded
SAV-09494,CUST-09494,985.38,61574.22,0.0997,Fully Funded
SAV-09495,CUST-09495,565.54,55558.66,0.105,Fully Funded
SAV-09496,CUST-09496,2862.28,200985.74,0.222,Fully Funded
SAV-09497,CUST-09497,545.95,21651.81,0.1059,Partially Funded
SAV-09498,CUST-09498,1895.66,116788.44,0.3004,Fully Funded
SAV-09499,CUST-09499,870.55,60516.42,0.154,Fully Funded
SAV-09500,CUST-09500,1519.63,97499.31,0.2449,Fully Funded
SAV-09501,CUST-09501,1011.22,68646.36,0.1453,Fully Funded
SAV-09502,CUST-09502,894.31,22420.64,0.1394,Partially Funded
SAV-09503,CUST-09503,361.11,23831.29,0.0753,Partially Funded
SAV-09504,CUST-09504,448.24,13094.82,0.1401,Partially Funded
SAV-09505,CUST-09505,1352.61,84420.97,0.2331,Fully Funded
SAV-09506,CUST-09506,940.11,13804.86,0.1916,Partially Funded
SAV-09507,CUST-09507,987.68,25481.32,0.1497,Partially Funded
SAV-09508,CUST-09508,956.51,38641.76,0.2002,Fully Funded
SAV-09509,CUST-09509,250.25,17927.21,0.0967,Fully Funded
SAV-09510,CUST-09510,411.57,25393.5,0.0845,Fully Funded
SAV-09511,CUST-09511,1103.03,51433.42,0.1757,Fully Funded
SAV-09512,CUST-09512,934.23,50939.66,0.1368,Fully Funded
SAV-09513,CUST-09513,819.25,70660.95,0.1675,Fully Funded
SAV-09514,CUST-09514,2304.23,83206.09,0.2796,Fully Funded
SAV-09515,CUST-09515,732.35,11793.31,0.1646,Partially Funded
SAV-09516,CUST-09516,365.29,32783.36,0.0951,Fully Funded
SAV-09517,CUST-09517,652.8,16177.24,0.1769,Partially Funded
SAV-09518,CUST-09518,774.85,43075.56,0.2228,Fully Funded
SAV-09519,CUST-09519,270.04,21239.74,0.1637,Fully Funded
SAV-09520,CUST-09520,1691.4,103939.62,0.1936,Fully Funded
SAV-09521,CUST-09521,1072.07,128954.1,0.2248,Fully Funded
SAV-09522,CUST-09522,347.92,26974.15,0.1343,Fully Funded
SAV-09523,CUST-09523,1826.78,83884.33,0.2182,Fully Funded
SAV-09524,CUST-09524,196.6,14032.49,0.1195,Fully Funded
SAV-09525,CUST-09525,1117.57,58564.75,0.1557,Fully Funded
SAV-09526,CUST-09526,742.12,24007.03,0.1733,Fully Funded
SAV-09527,CUST-09527,416.74,19338.1,0.0958,Partially Funded
SAV-09528,CUST-09528,1269.04,15884.16,0.2623,Partially Funded
SAV-09529,CUST-09529,430.63,45375.35,0.121,Fully Funded
SAV-09530,CUST-09530,1373.15,49523.12,0.178,Fully Funded
SAV-09531,CUST-09531,961.66,50161.83,0.1514,Fully Funded
SAV-09532,CUST-09532,908.57,15069.2,0.1884,Partially Funded
SAV-09533,CUST-09533,491.7,23772.55,0.1809,Fully Funded
SAV-09534,CUST-09534,1045.87,84915.74,0.1121,Fully Funded
SAV-09535,CUST-09535,494.69,32733.65,0.1333,Fully Funded
SAV-09536,CUST-09536,1893.86,174194.29,0.2047,Fully Funded
SAV-09537,CUST-09537,427.92,29127.67,0.1882,Fully Funded
SAV-09538,CUST-09538,413.24,28702.28,0.0921,Fully Funded
SAV-09539,CUST-09539,544.62,43136.4,0.1373,Fully Funded
SAV-09540,CUST-09540,566.18,26205.86,0.1352,Fully Funded
SAV-09541,CUST-09541,690.36,42325.82,0.2085,Fully Funded
SAV-09542,CUST-09542,1216.34,62072.36,0.1589,Fully Funded
SAV-09543,CUST-09543,911.96,34918.22,0.1764,Fully Funded
SAV-09544,CUST-09544,1152.31,87647.11,0.1708,Fully Funded
SAV-09545,CUST-09545,228.3,23385.24,0.0974,Fully Funded
SAV-09546,CUST-09546,1237.73,112968.74,0.163,Fully Funded
SAV-09547,CUST-09547,1401.45,172970.48,0.1386,Fully Funded
SAV-09548,CUST-09548,1401.04,131434.41,0.2176,Fully Funded
SAV-09549,CUST-09549,123.61,5580.95,0.1299,Fully Funded
SAV-09550,CUST-09550,735.0,43575.58,0.2351,Fully Funded
SAV-09551,CUST-09551,888.3,42184.04,0.2001,Fully Funded
SAV-09552,CUST-09552,635.41,26117.43,0.1388,Fully Funded
SAV-09553,CUST-09553,1129.0,77932.91,0.1506,Fully Funded
SAV-09554,CUST-09554,1771.42,92882.2,0.2166,Fully Funded
SAV-09555,CUST-09555,217.39,11374.45,0.1089,Fully Funded
SAV-09556,CUST-09556,1396.23,40113.85,0.1977,Fully Funded
SAV-09557,CUST-09557,2210.03,185291.13,0.1917,Fully Funded
SAV-09558,CUST-09558,1206.49,97685.55,0.19,Fully Funded
SAV-09559,CUST-09559,145.44,8402.44,0.1425,Fully Funded
SAV-09560,CUST-09560,2662.26,202261.38,0.2257,Fully Funded
SAV-09561,CUST-09561,1076.68,38840.01,0.1187,Partially Funded
SAV-09562,CUST-09562,1184.42,123008.02,0.1988,Fully Funded
SAV-09563,CUST-09563,1755.74,97342.5,0.1931,Fully Funded
SAV-09564,CUST-09564,443.58,7628.77,0.1094,Low
SAV-09565,CUST-09565,724.58,56993.58,0.1535,Fully Funded
SAV-09566,CUST-09566,356.31,16913.08,0.0826,Partially Funded
SAV-09567,CUST-09567,417.47,15527.68,0.1106,Partially Funded
SAV-09568,CUST-09568,844.3,37235.98,0.0885,Partially Funded
SAV-09569,CUST-09569,605.99,48720.36,0.1116,Fully Funded
SAV-09570,CUST-09570,3350.0,244763.8,0.1853,Fully Funded
SAV-09571,CUST-09571,674.19,62153.95,0.1721,Fully Funded
SAV-09572,CUST-09572,674.38,10220.08,0.0918,Low
SAV-09573,CUST-09573,1304.13,118216.84,0.2331,Fully Funded
SAV-09574,CUST-09574,851.24,61711.71,0.1957,Fully Funded
SAV-09575,CUST-09575,748.89,42755.87,0.201,Fully Funded
SAV-09576,CUST-09576,600.24,26104.34,0.0849,Partially Funded
SAV-09577,CUST-09577,1679.37,81642.88,0.1924,Fully Funded
SAV-09578,CUST-09578,849.26,14928.1,0.1797,Partially Funded
SAV-09579,CUST-09579,1666.8,38420.67,0.2247,Fully Funded
SAV-09580,CUST-09580,517.31,33618.85,0.0974,Fully Funded
SAV-09581,CUST-09581,258.43,19045.31,0.2757,Fully Funded
SAV-09582,CUST-09582,1360.25,44776.8,0.2338,Fully Funded
SAV-09583,CUST-09583,1261.76,57891.1,0.1764,Fully Funded
SAV-09584,CUST-09584,477.7,17656.99,0.132,Fully Funded
SAV-09585,CUST-09585,445.72,15771.14,0.1219,Partially Funded
SAV-09586,CUST-09586,1340.21,69325.96,0.1734,Fully Funded
SAV-09587,CUST-09587,1065.71,38410.66,0.1356,Fully Funded
SAV-09588,CUST-09588,523.89,37169.09,0.1216,Fully Funded
SAV-09589,CUST-09589,427.01,19014.55,0.077,Partially Funded
SAV-09590,CUST-09590,663.97,63008.77,0.2181,Fully Funded
SAV-09591,CUST-09591,890.31,57205.81,0.1844,Fully Funded
SAV-09592,CUST-09592,354.84,12341.85,0.2815,Fully Funded
SAV-09593,CUST-09593,1314.32,57171.62,0.2217,Fully Funded
SAV-09594,CUST-09594,796.82,25133.2,0.1554,Fully Funded
SAV-09595,CUST-09595,352.62,18889.32,0.0811,Partially Funded
SAV-09596,CUST-09596,1147.18,12097.85,0.1651,Low
SAV-09597,CUST-09597,714.86,16382.11,0.1692,Partially Funded
SAV-09598,CUST-09598,1734.13,67492.95,0.2228,Fully Funded
SAV-09599,CUST-09599,3873.34,369380.62,0.1567,Fully Funded
SAV-09600,CUST-09600,1218.9,38781.38,0.1643,Fully Funded
SAV-09601,CUST-09601,270.55,3898.89,0.1041,Low
SAV-09602,CUST-09602,914.46,62955.08,0.1384,Fully Funded
SAV-09603,CUST-09603,1391.79,33616.64,0.1726,Partially Funded
SAV-09604,CUST-09604,586.16,34396.47,0.2076,Fully Funded
SAV-09605,CUST-09605,442.45,27951.68,0.0863,Fully Funded
SAV-09606,CUST-09606,959.79,45079.74,0.1321,Fully Funded
SAV-09607,CUST-09607,1980.6,187691.72,0.2125,Fully Funded
SAV-09608,CUST-09608,641.25,20110.86,0.1175,Partially Funded
SAV-09609,CUST-09609,1240.84,35364.29,0.1987,Fully Funded
SAV-09610,CUST-09610,933.83,41052.76,0.1292,Fully Funded
SAV-09611,CUST-09611,952.7,23697.36,0.1939,Fully Funded
SAV-09612,CUST-09612,1422.05,63367.82,0.1294,Fully Funded
SAV-09613,CUST-09613,1121.89,37043.44,0.2262,Fully Funded
SAV-09614,CUST-09614,1694.05,143421.21,0.1994,Fully Funded
SAV-09615,CUST-09615,316.72,8817.86,0.1044,Partially Funded
SAV-09616,CUST-09616,821.95,43311.24,0.1247,Fully Funded
SAV-09617,CUST-09617,581.61,9265.66,0.144,Partially Funded
SAV-09618,CUST-09618,516.15,36515.63,0.1548,Fully Funded
SAV-09619,CUST-09619,504.52,23303.78,0.0977,Partially Funded
SAV-09620,CUST-09620,345.45,9581.82,0.1817,Fully Funded
SAV-09621,CUST-09621,1609.81,112666.16,0.1825,Fully Funded
SAV-09622,CUST-09622,167.93,15625.51,0.1422,Fully Funded
SAV-09623,CUST-09623,1352.28,30121.24,0.194,Partially Funded
SAV-09624,CUST-09624,744.49,25792.77,0.1783,Fully Funded
SAV-09625,CUST-09625,515.55,29068.83,0.11,Fully Funded
SAV-09626,CUST-09626,268.87,12264.76,0.1392,Fully Funded
SAV-09627,CUST-09627,175.3,14408.87,0.1117,Fully Funded
SAV-09628,CUST-09628,874.17,16230.47,0.1782,Partially Funded
SAV-09629,CUST-09629,659.98,48510.66,0.1213,Fully Funded
SAV-09630,CUST-09630,2713.78,184614.98,0.203,Fully Funded
SAV-09631,CUST-09631,1187.78,70112.46,0.2163,Fully Funded
SAV-09632,CUST-09632,669.14,48596.19,0.1053,Fully Funded
SAV-09633,CUST-09633,2212.64,49958.13,0.2375,Fully Funded
SAV-09634,CUST-09634,421.99,43156.1,0.1563,Fully Funded
SAV-09635,CUST-09635,1095.46,68831.1,0.1181,Fully Funded
SAV-09636,CUST-09636,1527.72,36698.87,0.1087,Partially Funded
SAV-09637,CUST-09637,1326.5,36364.28,0.151,Partially Funded
SAV-09638,CUST-09638,1646.16,85370.75,0.242,Fully Funded
SAV-09639,CUST-09639,2171.91,81259.85,0.1604,Fully Funded
SAV-09640,CUST-09640,1263.7,59525.72,0.1066,Fully Funded
SAV-09641,CUST-09641,702.89,52005.06,0.092,Fully Funded
SAV-09642,CUST-09642,299.44,15696.35,0.082,Partially Funded
SAV-09643,CUST-09643,728.55,39829.45,0.145,Fully Funded
SAV-09644,CUST-09644,1148.94,12583.64,0.1305,Low
SAV-09645,CUST-09645,615.75,30467.89,0.1384,Fully Funded
SAV-09646,CUST-09646,982.35,84247.86,0.1267,Fully Funded
SAV-09647,CUST-09647,152.05,7404.99,0.1085,Fully Funded
SAV-09648,CUST-09648,1273.28,95123.16,0.2238,Fully Funded
SAV-09649,CUST-09649,652.23,55441.73,0.0978,Fully Funded
SAV-09650,CUST-09650,104.78,5642.81,0.1043,Fully Funded
SAV-09651,CUST-09651,1124.47,84114.09,0.2382,Fully Funded
SAV-09652,CUST-09652,1080.93,20604.57,0.1905,Partially Funded
SAV-09653,CUST-09653,1821.6,28394.14,0.1913,Partially Funded
SAV-09654,CUST-09654,1130.79,83884.82,0.2784,Fully Funded
SAV-09655,CUST-09655,542.9,18228.95,0.1278,Partially Funded
SAV-09656,CUST-09656,2026.92,166937.5,0.1756,Fully Funded
SAV-09657,CUST-09657,1876.54,155205.62,0.2384,Fully Funded
SAV-09658,CUST-09658,1102.65,89303.98,0.1839,Fully Funded
SAV-09659,CUST-09659,327.01,8201.8,0.1311,Partially Funded
SAV-09660,CUST-09660,1248.42,44729.22,0.1921,Fully Funded
SAV-09661,CUST-09661,1288.39,126372.19,0.2338,Fully Funded
SAV-09662,CUST-09662,982.32,27709.03,0.1033,Partially Funded
SAV-09663,CUST-09663,156.45,3215.73,0.118,Partially Funded
SAV-09664,CUST-09664,1162.9,17285.22,0.2301,Partially Funded
SAV-09665,CUST-09665,675.12,21556.06,0.0733,Low
SAV-09666,CUST-09666,333.83,5289.27,0.197,Partially Funded
SAV-09667,CUST-09667,470.29,48066.37,0.1509,Fully Funded
SAV-09668,CUST-09668,1543.38,50183.63,0.171,Fully Funded
SAV-09669,CUST-09669,1319.61,100806.44,0.173,Fully Funded
SAV-09670,CUST-09670,986.1,29295.15,0.1662,Fully Funded
SAV-09671,CUST-09671,1437.58,153965.93,0.1786,Fully Funded
SAV-09672,CUST-09672,1528.51,50639.9,0.2203,Fully Funded
SAV-09673,CUST-09673,611.45,49977.17,0.1847,Fully Funded
SAV-09674,CUST-09674,1019.42,51039.29,0.1627,Fully Funded
SAV-09675,CUST-09675,566.92,15684.58,0.1106,Partially Funded
SAV-09676,CUST-09676,2103.41,39067.81,0.1961,Partially Funded
SAV-09677,CUST-09677,1141.91,77639.1,0.1784,Fully Funded
SAV-09678,CUST-09678,316.29,23005.57,0.2021,Fully Funded
SAV-09679,CUST-09679,676.97,28880.15,0.1004,Partially Funded
SAV-09680,CUST-09680,1706.25,158542.26,0.2787,Fully Funded
SAV-09681,CUST-09681,389.99,35769.78,0.0712,Fully Funded
SAV-09682,CUST-09682,1183.9,41711.11,0.177,Fully Funded
SAV-09683,CUST-09683,233.79,7373.32,0.0975,Partially Funded
SAV-09684,CUST-09684,69.74,5099.12,0.1054,Fully Funded
SAV-09685,CUST-09685,497.8,9840.16,0.1372,Partially Funded
SAV-09686,CUST-09686,1138.78,45245.38,0.2058,Fully Funded
SAV-09687,CUST-09687,753.19,47632.46,0.1588,Fully Funded
SAV-09688,CUST-09688,697.23,19679.11,0.1063,Partially Funded
SAV-09689,CUST-09689,728.3,66400.44,0.235,Fully Funded
SAV-09690,CUST-09690,777.43,42578.72,0.1196,Fully Funded
SAV-09691,CUST-09691,1020.58,63627.9,0.1731,Fully Funded
SAV-09692,CUST-09692,434.95,15839.9,0.1342,Fully Funded
SAV-09693,CUST-09693,590.43,23326.24,0.2124,Fully Funded
SAV-09694,CUST-09694,223.6,12048.25,0.1065,Fully Funded
SAV-09695,CUST-09695,1056.52,39701.04,0.2044,Fully Funded
SAV-09696,CUST-09696,1269.92,22213.03,0.2211,Partially Funded
SAV-09697,CUST-09697,1209.24,45228.95,0.183,Fully Funded
SAV-09698,CUST-09698,506.31,31379.6,0.1357,Fully Funded
SAV-09699,CUST-09699,981.55,27546.93,0.1786,Fully Funded
SAV-09700,CUST-09700,874.6,57869.99,0.1968,Fully Funded
SAV-09701,CUST-09701,1612.08,17636.64,0.222,Partially Funded
SAV-09702,CUST-09702,380.21,35077.19,0.14,Fully Funded
SAV-09703,CUST-09703,217.08,2733.1,0.0999,Low
SAV-09704,CUST-09704,611.83,28892.92,0.1115,Fully Funded
SAV-09705,CUST-09705,616.68,34913.37,0.2289,Fully Funded
SAV-09706,CUST-09706,501.6,7733.6,0.2087,Partially Funded
SAV-09707,CUST-09707,370.37,41030.46,0.0946,Fully Funded
SAV-09708,CUST-09708,1637.49,21408.22,0.1641,Low
SAV-09709,CUST-09709,922.73,72476.4,0.1768,Fully Funded
SAV-09710,CUST-09710,481.64,15279.07,0.134,Partially Funded
SAV-09711,CUST-09711,819.49,27149.17,0.141,Partially Funded
SAV-09712,CUST-09712,968.66,84105.77,0.1135,Fully Funded
SAV-09713,CUST-09713,1517.17,53387.22,0.2086,Fully Funded
SAV-09714,CUST-09714,1203.04,80954.65,0.1654,Fully Funded
SAV-09715,CUST-09715,1226.85,77243.98,0.1521,Fully Funded
SAV-09716,CUST-09716,572.25,26302.3,0.0822,Partially Funded
SAV-09717,CUST-09717,692.6,14704.15,0.1034,Low
SAV-09718,CUST-09718,731.63,57101.79,0.1806,Fully Funded
SAV-09719,CUST-09719,1660.69,122236.0,0.2057,Fully Funded
SAV-09720,CUST-09720,1583.35,44200.37,0.2427,Fully Funded
SAV-09721,CUST-09721,801.86,49636.85,0.1164,Fully Funded
SAV-09722,CUST-09722,257.04,18638.89,0.08,Fully Funded
SAV-09723,CUST-09723,1381.42,78388.1,0.1744,Fully Funded
SAV-09724,CUST-09724,502.59,14382.35,0.1671,Partially Funded
SAV-09725,CUST-09725,527.38,10324.71,0.141,Partially Funded
SAV-09726,CUST-09726,1044.17,60072.61,0.1449,Fully Funded
SAV-09727,CUST-09727,1719.15,154601.58,0.1864,Fully Funded
SAV-09728,CUST-09728,1069.56,80862.57,0.1488,Fully Funded
SAV-09729,CUST-09729,819.36,62425.61,0.1991,Fully Funded
SAV-09730,CUST-09730,3762.61,145170.61,0.3188,Fully Funded
SAV-09731,CUST-09731,208.34,17735.91,0.1841,Fully Funded
SAV-09732,CUST-09732,2583.36,62070.03,0.2332,Fully Funded
SAV-09733,CUST-09733,563.27,48821.84,0.1458,Fully Funded
SAV-09734,CUST-09734,967.08,63272.69,0.2513,Fully Funded
SAV-09735,CUST-09735,1057.95,101801.51,0.1414,Fully Funded
SAV-09736,CUST-09736,1625.28,86283.32,0.2352,Fully Funded
SAV-09737,CUST-09737,802.94,54751.95,0.1845,Fully Funded
SAV-09738,CUST-09738,1284.95,101557.57,0.2035,Fully Funded
SAV-09739,CUST-09739,272.14,10159.53,0.0993,Partially Funded
SAV-09740,CUST-09740,351.44,16175.16,0.12,Fully Funded
SAV-09741,CUST-09741,1209.28,110763.84,0.1006,Fully Funded
SAV-09742,CUST-09742,310.93,16921.33,0.1323,Fully Funded
SAV-09743,CUST-09743,768.9,30387.36,0.1841,Fully Funded
SAV-09744,CUST-09744,1491.69,40755.81,0.2777,Fully Funded
SAV-09745,CUST-09745,1645.04,183695.51,0.1276,Fully Funded
SAV-09746,CUST-09746,1051.65,21368.77,0.1211,Partially Funded
SAV-09747,CUST-09747,953.74,20688.12,0.1322,Partially Funded
SAV-09748,CUST-09748,930.81,38850.1,0.1671,Fully Funded
SAV-09749,CUST-09749,1373.0,60049.58,0.1295,Fully Funded
SAV-09750,CUST-09750,474.29,17709.76,0.1184,Partially Funded
SAV-09751,CUST-09751,948.77,53901.95,0.1056,Fully Funded
SAV-09752,CUST-09752,738.26,43622.49,0.1573,Fully Funded
SAV-09753,CUST-09753,1151.83,25367.58,0.2271,Fully Funded
SAV-09754,CUST-09754,1378.25,130861.44,0.203,Fully Funded
SAV-09755,CUST-09755,261.73,4531.07,0.1693,Partially Funded
SAV-09756,CUST-09756,766.52,39954.43,0.1563,Fully Funded
SAV-09757,CUST-09757,327.62,23402.84,0.1358,Fully Funded
SAV-09758,CUST-09758,238.58,7253.58,0.1151,Partially Funded
SAV-09759,CUST-09759,445.3,12678.48,0.0795,Low
SAV-09760,CUST-09760,1091.58,45817.5,0.168,Fully Funded
SAV-09761,CUST-09761,148.58,5243.29,0.136,Partially Funded
SAV-09762,CUST-09762,312.56,9231.92,0.1126,Partially Funded
SAV-09763,CUST-09763,378.92,8639.19,0.1023,Low
SAV-09764,CUST-09764,842.99,19002.74,0.1213,Partially Funded
SAV-09765,CUST-09765,706.52,41357.9,0.0589,Partially Funded
SAV-09766,CUST-09766,589.88,51558.36,0.1305,Fully Funded
SAV-09767,CUST-09767,1404.61,106103.94,0.2206,Fully Funded
SAV-09768,CUST-09768,1351.07,119916.76,0.1248,Fully Funded
SAV-09769,CUST-09769,1156.9,22485.07,0.2329,Fully Funded
SAV-09770,CUST-09770,1477.09,118809.5,0.1851,Fully Funded
SAV-09771,CUST-09771,451.5,30438.88,0.0836,Fully Funded
SAV-09772,CUST-09772,1085.95,66145.87,0.1375,Fully Funded
SAV-09773,CUST-09773,879.09,12687.77,0.1438,Low
SAV-09774,CUST-09774,499.91,36685.99,0.1565,Fully Funded
SAV-09775,CUST-09775,361.07,22333.27,0.1239,Fully Funded
SAV-09776,CUST-09776,1781.15,148923.93,0.2024,Fully Funded
SAV-09777,CUST-09777,1198.18,23790.82,0.2199,Fully Funded
SAV-09778,CUST-09778,163.24,8131.3,0.0726,Partially Funded
SAV-09779,CUST-09779,421.22,9050.92,0.0952,Low
SAV-09780,CUST-09780,1260.4,39103.36,0.2193,Fully Funded
SAV-09781,CUST-09781,629.15,35960.57,0.108,Fully Funded
SAV-09782,CUST-09782,2493.46,21159.27,0.3004,Partially Funded
SAV-09783,CUST-09783,279.18,9910.89,0.0968,Partially Funded
SAV-09784,CUST-09784,1064.17,71865.57,0.2084,Fully Funded
SAV-09785,CUST-09785,1148.77,70501.92,0.1881,Fully Funded
SAV-09786,CUST-09786,747.21,55707.42,0.0811,Fully Funded
SAV-09787,CUST-09787,1451.0,117284.36,0.2659,Fully Funded
SAV-09788,CUST-09788,1365.49,118975.53,0.1603,Fully Funded
SAV-09789,CUST-09789,1432.93,116108.65,0.2847,Fully Funded
SAV-09790,CUST-09790,1693.79,41924.65,0.191,Fully Funded
SAV-09791,CUST-09791,2134.1,237627.81,0.1745,Fully Funded
SAV-09792,CUST-09792,390.98,37705.64,0.1385,Fully Funded
SAV-09793,CUST-09793,463.08,32140.75,0.184,Fully Funded
SAV-09794,CUST-09794,971.82,15953.91,0.2118,Partially Funded
SAV-09795,CUST-09795,1137.73,33821.95,0.2843,Fully Funded
SAV-09796,CUST-09796,1727.86,50337.63,0.2797,Fully Funded
SAV-09797,CUST-09797,309.71,15717.09,0.1012,Fully Funded
SAV-09798,CUST-09798,1783.62,28930.74,0.2232,Partially Funded
SAV-09799,CUST-09799,492.37,35231.69,0.1008,Fully Funded
SAV-09800,CUST-09800,370.42,9425.3,0.0915,Low
SAV-09801,CUST-09801,1339.28,119003.48,0.3011,Fully Funded
SAV-09802,CUST-09802,98.49,10340.03,0.0836,Fully Funded
SAV-09803,CUST-09803,1634.53,109114.2,0.2365,Fully Funded
SAV-09804,CUST-09804,3509.3,349436.63,0.2012,Fully Funded
SAV-09805,CUST-09805,1449.9,43105.96,0.2567,Fully Funded
SAV-09806,CUST-09806,858.54,46665.66,0.1431,Fully Funded
SAV-09807,CUST-09807,794.93,59862.91,0.2386,Fully Funded
SAV-09808,CUST-09808,1826.07,84021.4,0.26,Fully Funded
SAV-09809,CUST-09809,694.65,50088.57,0.1535,Fully Funded
SAV-09810,CUST-09810,1283.7,108440.43,0.1175,Fully Funded
SAV-09811,CUST-09811,1416.8,79628.51,0.1636,Fully Funded
SAV-09812,CUST-09812,839.27,61894.49,0.1619,Fully Funded
SAV-09813,CUST-09813,911.56,43352.79,0.2229,Fully Funded
SAV-09814,CUST-09814,1445.59,130758.11,0.161,Fully Funded
SAV-09815,CUST-09815,363.72,19792.64,0.075,Partially Funded
SAV-09816,CUST-09816,2338.36,78681.27,0.3342,Fully Funded
SAV-09817,CUST-09817,726.21,61325.41,0.1714,Fully Funded
SAV-09818,CUST-09818,734.97,63672.08,0.1401,Fully Funded
SAV-09819,CUST-09819,200.56,6687.37,0.1282,Partially Funded
SAV-09820,CUST-09820,1162.84,60677.48,0.148,Fully Funded
SAV-09821,CUST-09821,2028.77,62381.88,0.2185,Fully Funded
SAV-09822,CUST-09822,2144.41,173225.94,0.1843,Fully Funded
SAV-09823,CUST-09823,484.41,11480.01,0.121,Partially Funded
SAV-09824,CUST-09824,558.34,39075.15,0.1219,Fully Funded
SAV-09825,CUST-09825,371.18,25294.05,0.1574,Fully Funded
SAV-09826,CUST-09826,82.6,5619.41,0.0827,Fully Funded
SAV-09827,CUST-09827,226.31,5380.69,0.1663,Partially Funded
SAV-09828,CUST-09828,1783.99,209423.72,0.188,Fully Funded
SAV-09829,CUST-09829,1607.85,95832.94,0.1863,Fully Funded
SAV-09830,CUST-09830,536.71,54786.63,0.1159,Fully Funded
SAV-09831,CUST-09831,1427.48,104859.11,0.2415,Fully Funded
SAV-09832,CUST-09832,233.72,3390.26,0.2058,Partially Funded
SAV-09833,CUST-09833,193.26,12569.59,0.0544,Partially Funded
SAV-09834,CUST-09834,1189.97,59004.32,0.2539,Fully Funded
SAV-09835,CUST-09835,639.35,24822.93,0.2003,Fully Funded
SAV-09836,CUST-09836,1267.78,28836.48,0.2002,Fully Funded
SAV-09837,CUST-09837,822.92,52956.31,0.1151,Fully Funded
SAV-09838,CUST-09838,1126.04,131976.18,0.1116,Fully Funded
SAV-09839,CUST-09839,1113.14,34704.17,0.1439,Fully Funded
SAV-09840,CUST-09840,1083.64,55844.56,0.2614,Fully Funded
SAV-09841,CUST-09841,205.26,6842.83,0.1681,Fully Funded
SAV-09842,CUST-09842,847.71,72861.3,0.1573,Fully Funded
SAV-09843,CUST-09843,1252.19,87910.66,0.1855,Fully Funded
SAV-09844,CUST-09844,888.27,47802.16,0.1383,Fully Funded
SAV-09845,CUST-09845,606.31,8188.75,0.1468,Low
SAV-09846,CUST-09846,815.79,9380.1,0.2127,Partially Funded
SAV-09847,CUST-09847,708.34,64501.46,0.2242,Fully Funded
SAV-09848,CUST-09848,1695.65,61378.29,0.1935,Fully Funded
SAV-09849,CUST-09849,616.59,29094.24,0.1316,Fully Funded
SAV-09850,CUST-09850,1026.23,22208.2,0.1388,Partially Funded
SAV-09851,CUST-09851,410.88,18598.85,0.1072,Partially Funded
SAV-09852,CUST-09852,1312.36,86113.2,0.2091,Fully Funded
SAV-09853,CUST-09853,826.77,53225.59,0.1477,Fully Funded
SAV-09854,CUST-09854,536.48,40946.55,0.0893,Fully Funded
SAV-09855,CUST-09855,1398.63,40631.87,0.24,Fully Funded
SAV-09856,CUST-09856,402.63,34171.02,0.1011,Fully Funded
SAV-09857,CUST-09857,236.27,3989.87,0.0871,Low
SAV-09858,CUST-09858,1189.8,56106.95,0.1699,Fully Funded
SAV-09859,CUST-09859,109.34,10163.1,0.1476,Fully Funded
SAV-09860,CUST-09860,718.13,28244.37,0.1105,Partially Funded
SAV-09861,CUST-09861,875.9,42900.1,0.2536,Fully Funded
SAV-09862,CUST-09862,731.04,50394.39,0.1907,Fully Funded
SAV-09863,CUST-09863,222.56,13168.87,0.1129,Fully Funded
SAV-09864,CUST-09864,1100.47,107599.58,0.201,Fully Funded
SAV-09865,CUST-09865,461.94,39404.89,0.1492,Fully Funded
SAV-09866,CUST-09866,352.04,10783.12,0.0815,Low
SAV-09867,CUST-09867,923.02,22910.69,0.2316,Fully Funded
SAV-09868,CUST-09868,973.23,53386.73,0.141,Fully Funded
SAV-09869,CUST-09869,490.64,10245.28,0.0782,Low
SAV-09870,CUST-09870,545.89,50049.22,0.1581,Fully Funded
SAV-09871,CUST-09871,825.16,69303.79,0.1162,Fully Funded
SAV-09872,CUST-09872,1489.79,95414.99,0.2457,Fully Funded
SAV-09873,CUST-09873,1268.98,27493.94,0.1596,Partially Funded
SAV-09874,CUST-09874,430.57,25267.07,0.1586,Fully Funded
SAV-09875,CUST-09875,1020.88,41293.91,0.2165,Fully Funded
SAV-09876,CUST-09876,257.23,8477.7,0.1268,Partially Funded
SAV-09877,CUST-09877,1335.45,114616.06,0.1411,Fully Funded
SAV-09878,CUST-09878,686.42,10482.22,0.2207,Partially Funded
SAV-09879,CUST-09879,646.05,61197.41,0.1932,Fully Funded
SAV-09880,CUST-09880,1228.41,53630.08,0.1922,Fully Funded
SAV-09881,CUST-09881,198.93,4252.53,0.0755,Low
SAV-09882,CUST-09882,364.01,14681.88,0.0987,Partially Funded
SAV-09883,CUST-09883,1018.8,27358.03,0.2223,Fully Funded
SAV-09884,CUST-09884,1350.64,104999.99,0.1974,Fully Funded
SAV-09885,CUST-09885,463.47,31206.54,0.1196,Fully Funded
SAV-09886,CUST-09886,1143.07,15576.03,0.1507,Low
SAV-09887,CUST-09887,1431.58,122299.27,0.1501,Fully Funded
SAV-09888,CUST-09888,2969.47,223277.78,0.2428,Fully Funded
SAV-09889,CUST-09889,61.1,3528.62,0.0922,Fully Funded
SAV-09890,CUST-09890,703.13,26396.91,0.0967,Partially Funded
SAV-09891,CUST-09891,690.22,81027.87,0.1546,Fully Funded
SAV-09892,CUST-09892,947.13,43905.32,0.1298,Fully Funded
SAV-09893,CUST-09893,211.45,13077.59,0.1963,Fully Funded
SAV-09894,CUST-09894,1207.74,117135.72,0.2034,Fully Funded
SAV-09895,CUST-09895,821.0,62052.11,0.1523,Fully Funded
SAV-09896,CUST-09896,724.37,41277.34,0.0781,Partially Funded
SAV-09897,CUST-09897,361.64,18975.75,0.0901,Partially Funded
SAV-09898,CUST-09898,869.63,26575.75,0.1808,Fully Funded
SAV-09899,CUST-09899,1540.74,51354.28,0.185,Fully Funded
SAV-09900,CUST-09900,1610.77,129657.08,0.127,Fully Funded
SAV-09901,CUST-09901,445.89,14532.01,0.1031,Partially Funded
SAV-09902,CUST-09902,74.76,7420.37,0.0934,Fully Funded
SAV-09903,CUST-09903,459.03,37433.48,0.0654,Fully Funded
SAV-09904,CUST-09904,2187.32,130546.35,0.2308,Fully Funded
SAV-09905,CUST-09905,548.64,31328.79,0.2113,Fully Funded
SAV-09906,CUST-09906,464.45,27118.83,0.1573,Fully Funded
SAV-09907,CUST-09907,801.48,47977.64,0.0978,Fully Funded
SAV-09908,CUST-09908,1462.89,77679.09,0.1876,Fully Funded
SAV-09909,CUST-09909,849.04,67493.44,0.1139,Fully Funded
SAV-09910,CUST-09910,1863.21,155344.97,0.2401,Fully Funded
SAV-09911,CUST-09911,304.95,5810.42,0.1017,Low
SAV-09912,CUST-09912,1062.33,46890.48,0.1502,Fully Funded
SAV-09913,CUST-09913,1485.57,128705.3,0.2315,Fully Funded
SAV-09914,CUST-09914,853.94,95981.39,0.1444,Fully Funded
SAV-09915,CUST-09915,1283.49,103064.66,0.1545,Fully Funded
SAV-09916,CUST-09916,733.86,59063.43,0.1096,Fully Funded
SAV-09917,CUST-09917,1315.41,139611.4,0.2903,Fully Funded
SAV-09918,CUST-09918,1262.38,30553.19,0.2054,Fully Funded
SAV-09919,CUST-09919,521.56,39377.79,0.1139,Fully Funded
SAV-09920,CUST-09920,367.0,21597.46,0.2692,Fully Funded
SAV-09921,CUST-09921,756.06,25117.73,0.2284,Fully Funded
SAV-09922,CUST-09922,1077.74,53865.63,0.0931,Partially Funded
SAV-09923,CUST-09923,540.26,56775.71,0.1083,Fully Funded
SAV-09924,CUST-09924,289.36,11462.63,0.0945,Partially Funded
SAV-09925,CUST-09925,1027.51,73672.61,0.1356,Fully Funded
SAV-09926,CUST-09926,720.15,47584.23,0.1238,Fully Funded
SAV-09927,CUST-09927,536.38,32194.95,0.107,Fully Funded
SAV-09928,CUST-09928,646.59,13165.13,0.1803,Partially Funded
SAV-09929,CUST-09929,1211.4,109989.07,0.2666,Fully Funded
SAV-09930,CUST-09930,786.0,44832.92,0.1804,Fully Funded
SAV-09931,CUST-09931,508.7,40374.04,0.1406,Fully Funded
SAV-09932,CUST-09932,562.91,38338.8,0.12,Fully Funded
SAV-09933,CUST-09933,1329.72,116161.12,0.2122,Fully Funded
SAV-09934,CUST-09934,1922.91,30291.48,0.2103,Partially Funded
SAV-09935,CUST-09935,200.51,10794.81,0.1929,Fully Funded
SAV-09936,CUST-09936,471.9,45149.71,0.0975,Fully Funded
SAV-09937,CUST-09937,1056.26,52414.51,0.2223,Fully Funded
SAV-09938,CUST-09938,1690.46,156560.22,0.2421,Fully Funded
SAV-09939,CUST-09939,94.83,4825.03,0.1123,Fully Funded
SAV-09940,CUST-09940,733.19,9587.46,0.1493,Low
SAV-09941,CUST-09941,1722.04,133953.14,0.1913,Fully Funded
SAV-09942,CUST-09942,273.61,16888.67,0.0699,Partially Funded
SAV-09943,CUST-09943,1101.48,107915.94,0.174,Fully Funded
SAV-09944,CUST-09944,295.45,11477.73,0.1025,Partially Funded
SAV-09945,CUST-09945,1669.42,132950.47,0.1533,Fully Funded
SAV-09946,CUST-09946,242.73,13428.9,0.1598,Fully Funded
SAV-09947,CUST-09947,2267.78,140191.29,0.1629,Fully Funded
SAV-09948,CUST-09948,1240.74,99185.23,0.1451,Fully Funded
SAV-09949,CUST-09949,1156.55,46215.22,0.1621,Fully Funded
SAV-09950,CUST-09950,1089.54,16965.19,0.2268,Partially Funded
SAV-09951,CUST-09951,838.48,27081.07,0.2035,Fully Funded
SAV-09952,CUST-09952,1090.86,42913.44,0.1265,Fully Funded
SAV-09953,CUST-09953,785.93,25433.37,0.16,Fully Funded
SAV-09954,CUST-09954,878.98,19516.47,0.1339,Partially Funded
SAV-09955,CUST-09955,639.87,44029.72,0.1259,Fully Funded
SAV-09956,CUST-09956,395.37,27367.02,0.0449,Partially Funded
SAV-09957,CUST-09957,1017.59,50277.25,0.1383,Fully Funded
SAV-09958,CUST-09958,963.88,106452.33,0.1654,Fully Funded
SAV-09959,CUST-09959,1098.0,81746.52,0.16,Fully Funded
SAV-09960,CUST-09960,1275.55,51306.78,0.1294,Fully Funded
SAV-09961,CUST-09961,143.21,8177.95,0.0569,Partially Funded
SAV-09962,CUST-09962,1000.5,17009.98,0.1383,Partially Funded
SAV-09963,CUST-09963,478.12,55528.96,0.0988,Fully Funded
SAV-09964,CUST-09964,986.73,28855.56,0.1548,Fully Funded
SAV-09965,CUST-09965,1090.6,36358.81,0.2441,Fully Funded
SAV-09966,CUST-09966,548.54,58771.41,0.0979,Fully Funded
SAV-09967,CUST-09967,1183.4,75971.43,0.1688,Fully Funded
SAV-09968,CUST-09968,742.28,59120.15,0.0817,Fully Funded
SAV-09969,CUST-09969,852.78,89259.72,0.2087,Fully Funded
SAV-09970,CUST-09970,861.0,81793.76,0.2764,Fully Funded
SAV-09971,CUST-09971,1531.85,163478.81,0.1538,Fully Funded
SAV-09972,CUST-09972,858.01,61863.44,0.2577,Fully Funded
SAV-09973,CUST-09973,1150.17,59941.72,0.1339,Fully Funded
SAV-09974,CUST-09974,1309.6,18686.74,0.1788,Partially Funded
SAV-09975,CUST-09975,935.71,15306.06,0.1565,Partially Funded
SAV-09976,CUST-09976,402.91,30528.19,0.0748,Fully Funded
SAV-09977,CUST-09977,1817.0,75929.23,0.1614,Fully Funded
SAV-09978,CUST-09978,883.93,16449.81,0.121,Low
SAV-09979,CUST-09979,2603.78,42578.04,0.1853,Partially Funded
SAV-09980,CUST-09980,659.07,52132.29,0.1757,Fully Funded
SAV-09981,CUST-09981,1326.72,111183.75,0.1358,Fully Funded
SAV-09982,CUST-09982,3307.08,134461.69,0.2575,Fully Funded
SAV-09983,CUST-09983,905.94,78963.26,0.2061,Fully Funded
SAV-09984,CUST-09984,2299.0,122420.79,0.2491,Fully Funded
SAV-09985,CUST-09985,889.22,46702.88,0.1912,Fully Funded
SAV-09986,CUST-09986,1221.03,17788.19,0.14,Low
SAV-09987,CUST-09987,999.08,64844.49,0.1417,Fully Funded
SAV-09988,CUST-09988,1342.64,30376.86,0.2083,Fully Funded
SAV-09989,CUST-09989,1405.48,81606.3,0.1856,Fully Funded
SAV-09990,CUST-09990,933.15,72344.43,0.1717,Fully Funded
SAV-09991,CUST-09991,1968.4,56498.89,0.1076,Partially Funded
SAV-09992,CUST-09992,2848.24,139465.76,0.2584,Fully Funded
SAV-09993,CUST-09993,1430.68,39180.04,0.2749,Fully Funded
SAV-09994,CUST-09994,852.26,12139.3,0.1367,Low
SAV-09995,CUST-09995,2448.21,23115.46,0.1897,Low
SAV-09996,CUST-09996,1853.13,129353.42,0.2365,Fully Funded
SAV-09997,CUST-09997,929.86,16279.62,0.1227,Partially Funded
SAV-09998,CUST-09998,618.51,49328.96,0.1399,Fully Funded
SAV-09999,CUST-09999,1209.48,63240.45,0.1423,Fully Funded
SAV-10000,CUST-10000,663.78,35970.25,0.1598,Fully Funded
SAV-10001,CUST-10001,1112.28,12735.6,0.2129,Partially Funded
SAV-10002,CUST-10002,1013.6,72091.98,0.1813,Fully Funded
SAV-10003,CUST-10003,1591.57,71027.58,0.2069,Fully Funded
SAV-10004,CUST-10004,1227.14,69313.71,0.1332,Fully Funded
SAV-10005,CUST-10005,825.88,60451.79,0.1547,Fully Funded
SAV-10006,CUST-10006,1120.54,43575.48,0.1611,Fully Funded
SAV-10007,CUST-10007,643.41,8691.51,0.1177,Low
SAV-10008,CUST-10008,958.86,29304.89,0.1443,Fully Funded
SAV-10009,CUST-10009,1874.32,119950.02,0.2281,Fully Funded
SAV-10010,CUST-10010,840.48,28545.87,0.1421,Fully Funded
SAV-10011,CUST-10011,555.29,30139.9,0.0623,Partially Funded
SAV-10012,CUST-10012,713.13,53746.45,0.2176,Fully Funded
SAV-10013,CUST-10013,691.68,67098.27,0.077,Fully Funded
SAV-10014,CUST-10014,637.43,17626.6,0.1365,Partially Funded
SAV-10015,CUST-10015,1760.47,110966.36,0.2596,Fully Funded
SAV-10016,CUST-10016,781.88,47668.54,0.146,Fully Funded
SAV-10017,CUST-10017,1258.35,75733.95,0.1808,Fully Funded
SAV-10018,CUST-10018,1448.18,50829.51,0.2543,Fully Funded
SAV-10019,CUST-10019,680.16,11372.37,0.1105,Low
SAV-10020,CUST-10020,3109.93,197728.55,0.1716,Fully Funded
SAV-10021,CUST-10021,219.11,23497.67,0.1429,Fully Funded
SAV-10022,CUST-10022,2056.6,67990.66,0.2328,Fully Funded
SAV-10023,CUST-10023,443.28,13885.54,0.153,Fully Funded
SAV-10024,CUST-10024,889.44,57379.29,0.1617,Fully Funded
SAV-10025,CUST-10025,945.27,67555.02,0.1608,Fully Funded
SAV-10026,CUST-10026,830.26,41789.14,0.0807,Partially Funded
SAV-10027,CUST-10027,2636.05,177759.92,0.1691,Fully Funded
SAV-10028,CUST-10028,697.54,24292.94,0.121,Partially Funded
SAV-10029,CUST-10029,1918.37,34160.22,0.2447,Fully Funded
SAV-10030,CUST-10030,702.19,30350.08,0.1069,Fully Funded
SAV-10031,CUST-10031,1617.83,19651.77,0.2412,Partially Funded
SAV-10032,CUST-10032,1489.11,24085.44,0.196,Partially Funded
SAV-10033,CUST-10033,1228.09,37700.71,0.1617,Fully Funded
SAV-10034,CUST-10034,857.12,12567.67,0.1468,Low
SAV-10035,CUST-10035,1901.24,143665.22,0.1726,Fully Funded
SAV-10036,CUST-10036,431.49,8974.11,0.1139,Low
SAV-10037,CUST-10037,1774.75,55162.02,0.1802,Fully Funded
SAV-10038,CUST-10038,2163.5,28796.7,0.21,Partially Funded
SAV-10039,CUST-10039,1101.78,59906.72,0.1698,Fully Funded
SAV-10040,CUST-10040,1074.11,47057.31,0.2747,Fully Funded
SAV-10041,CUST-10041,460.16,17552.94,0.0926,Partially Funded
SAV-10042,CUST-10042,493.99,34910.48,0.0599,Partially Funded
SAV-10043,CUST-10043,281.08,15733.42,0.1073,Fully Funded
SAV-10044,CUST-10044,1637.02,49552.52,0.1919,Fully Funded
SAV-10045,CUST-10045,651.42,30678.53,0.121,Fully Funded
SAV-10046,CUST-10046,2480.65,248554.48,0.2383,Fully Funded
SAV-10047,CUST-10047,567.69,28015.15,0.1417,Fully Funded
SAV-10048,CUST-10048,461.13,12778.97,0.2603,Fully Funded
SAV-10049,CUST-10049,270.05,13806.36,0.225,Fully Funded
SAV-10050,CUST-10050,525.54,34465.48,0.1118,Fully Funded
SAV-10051,CUST-10051,303.14,21013.16,0.0991,Fully Funded
SAV-10052,CUST-10052,1896.0,104119.98,0.2165,Fully Funded
SAV-10053,CUST-10053,589.95,19198.6,0.1184,Partially Funded
SAV-10054,CUST-10054,1049.99,34064.87,0.1357,Partially Funded
SAV-10055,CUST-10055,736.23,19539.62,0.1159,Partially Funded
SAV-10056,CUST-10056,933.64,53776.49,0.1179,Fully Funded
SAV-10057,CUST-10057,749.43,48770.82,0.2168,Fully Funded
SAV-10058,CUST-10058,2267.49,261824.53,0.1954,Fully Funded
SAV-10059,CUST-10059,929.36,26507.42,0.1148,Partially Funded
SAV-10060,CUST-10060,617.26,24329.81,0.3104,Fully Funded
SAV-10061,CUST-10061,1023.58,34084.36,0.2207,Fully Funded
SAV-10062,CUST-10062,2368.59,143672.75,0.1504,Fully Funded
SAV-10063,CUST-10063,929.13,49382.68,0.1533,Fully Funded
SAV-10064,CUST-10064,2421.04,231829.33,0.2192,Fully Funded
SAV-10065,CUST-10065,943.91,12355.55,0.1725,Low
SAV-10066,CUST-10066,442.78,34032.66,0.0985,Fully Funded
SAV-10067,CUST-10067,904.76,63806.35,0.1155,Fully Funded
SAV-10068,CUST-10068,558.04,24211.14,0.1216,Fully Funded
SAV-10069,CUST-10069,1151.46,107220.58,0.1445,Fully Funded
SAV-10070,CUST-10070,1090.15,57233.74,0.2412,Fully Funded
SAV-10071,CUST-10071,162.72,3236.37,0.1783,Partially Funded
SAV-10072,CUST-10072,2721.07,169144.59,0.2252,Fully Funded
SAV-10073,CUST-10073,1300.85,47367.98,0.1586,Fully Funded
SAV-10074,CUST-10074,440.19,23190.59,0.1111,Fully Funded
SAV-10075,CUST-10075,809.67,13828.7,0.1477,Partially Funded
SAV-10076,CUST-10076,734.94,11173.53,0.1119,Low
SAV-10077,CUST-10077,699.15,58210.4,0.0949,Fully Funded
SAV-10078,CUST-10078,552.15,17255.01,0.1842,Fully Funded
SAV-10079,CUST-10079,1100.39,59882.5,0.1077,Fully Funded
SAV-10080,CUST-10080,680.26,9382.95,0.1147,Low
SAV-10081,CUST-10081,1075.52,97910.88,0.1885,Fully Funded
SAV-10082,CUST-10082,525.26,53352.78,0.1486,Fully Funded
SAV-10083,CUST-10083,673.26,57566.83,0.1309,Fully Funded
SAV-10084,CUST-10084,215.71,9374.9,0.1232,Fully Funded
SAV-10085,CUST-10085,577.15,9838.91,0.1112,Low
SAV-10086,CUST-10086,590.36,30845.98,0.1454,Fully Funded
SAV-10087,CUST-10087,429.3,36795.66,0.2277,Fully Funded
SAV-10088,CUST-10088,672.77,67755.0,0.1231,Fully Funded
SAV-10089,CUST-10089,363.67,23648.5,0.1345,Fully Funded
SAV-10090,CUST-10090,368.25,9205.44,0.1053,Partially Funded
SAV-10091,CUST-10091,2372.48,30931.49,0.2433,Partially Funded
SAV-10092,CUST-10092,566.04,16965.76,0.1724,Fully Funded
SAV-10093,CUST-10093,1446.35,118717.19,0.2723,Fully Funded
SAV-10094,CUST-10094,1008.6,51135.15,0.1855,Fully Funded
SAV-10095,CUST-10095,693.25,70410.42,0.1579,Fully Funded
SAV-10096,CUST-10096,907.21,88776.23,0.1222,Fully Funded
SAV-10097,CUST-10097,796.15,79364.38,0.1309,Fully Funded
SAV-10098,CUST-10098,506.98,41346.93,0.1391,Fully Funded
SAV-10099,CUST-10099,635.25,47545.93,0.158,Fully Funded
SAV-10100,CUST-10100,534.87,12886.05,0.1021,Low
SAV-10101,CUST-10101,914.56,17808.59,0.2058,Partially Funded
SAV-10102,CUST-10102,447.25,8526.89,0.0855,Low
SAV-10103,CUST-10103,679.56,35014.27,0.0968,Fully Funded
SAV-10104,CUST-10104,760.1,24215.68,0.0921,Partially Funded
SAV-10105,CUST-10105,722.8,50751.02,0.2802,Fully Funded
SAV-10106,CUST-10106,1217.71,81386.9,0.2476,Fully Funded
SAV-10107,CUST-10107,277.1,29019.83,0.1149,Fully Funded
SAV-10108,CUST-10108,3443.45,335653.09,0.2457,Fully Funded
SAV-10109,CUST-10109,2227.87,172183.18,0.1942,Fully Funded
SAV-10110,CUST-10110,709.08,16834.83,0.0908,Low
SAV-10111,CUST-10111,1073.54,39200.9,0.1154,Partially Funded
SAV-10112,CUST-10112,1391.71,22252.85,0.172,Partially Funded
SAV-10113,CUST-10113,1014.54,78981.17,0.2446,Fully Funded
SAV-10114,CUST-10114,828.77,10513.98,0.1637,Low
SAV-10115,CUST-10115,592.24,16294.76,0.1855,Fully Funded
SAV-10116,CUST-10116,697.1,71333.96,0.1462,Fully Funded
SAV-10117,CUST-10117,703.14,26388.52,0.1671,Fully Funded
SAV-10118,CUST-10118,1341.39,76824.64,0.1706,Fully Funded
SAV-10119,CUST-10119,1018.72,65975.2,0.1401,Fully Funded
SAV-10120,CUST-10120,189.1,8821.83,0.133,Fully Funded
SAV-10121,CUST-10121,991.94,58302.85,0.111,Fully Funded
SAV-10122,CUST-10122,685.5,8173.02,0.1984,Partially Funded
SAV-10123,CUST-10123,125.47,3063.0,0.1114,Partially Funded
SAV-10124,CUST-10124,628.29,71661.22,0.149,Fully Funded
SAV-10125,CUST-10125,768.64,31117.19,0.1029,Partially Funded
SAV-10126,CUST-10126,3859.47,271117.53,0.2022,Fully Funded
SAV-10127,CUST-10127,495.31,11420.77,0.1221,Partially Funded
SAV-10128,CUST-10128,903.08,111479.19,0.1273,Fully Funded
SAV-10129,CUST-10129,1246.04,108740.14,0.1431,Fully Funded
SAV-10130,CUST-10130,1072.44,61370.44,0.1352,Fully Funded
SAV-10131,CUST-10131,342.63,31214.56,0.1296,Fully Funded
SAV-10132,CUST-10132,1869.39,144178.15,0.1491,Fully Funded
SAV-10133,CUST-10133,422.03,27802.92,0.2431,Fully Funded
SAV-10134,CUST-10134,1750.36,39928.5,0.2355,Fully Funded
SAV-10135,CUST-10135,1320.94,56630.39,0.2009,Fully Funded
SAV-10136,CUST-10136,832.31,38049.92,0.1377,Fully Funded
SAV-10137,CUST-10137,1116.74,34054.78,0.1737,Fully Funded
SAV-10138,CUST-10138,1007.77,21726.93,0.1144,Partially Funded
SAV-10139,CUST-10139,1310.72,60957.99,0.2016,Fully Funded
SAV-10140,CUST-10140,1079.72,83020.56,0.1507,Fully Funded
SAV-10141,CUST-10141,494.16,11420.36,0.0983,Partially Funded
SAV-10142,CUST-10142,1042.03,49035.53,0.1861,Fully Funded
SAV-10143,CUST-10143,775.06,41386.21,0.2256,Fully Funded
SAV-10144,CUST-10144,642.15,24855.19,0.1268,Fully Funded
SAV-10145,CUST-10145,628.88,44323.73,0.0933,Fully Funded
SAV-10146,CUST-10146,602.92,49917.04,0.1213,Fully Funded
SAV-10147,CUST-10147,514.41,8718.63,0.1893,Partially Funded
SAV-10148,CUST-10148,397.38,23517.24,0.1916,Fully Funded
SAV-10149,CUST-10149,334.17,22060.27,0.0832,Fully Funded
SAV-10150,CUST-10150,1081.87,61680.1,0.1019,Fully Funded
SAV-10151,CUST-10151,796.41,36924.74,0.1462,Fully Funded
SAV-10152,CUST-10152,518.18,30584.01,0.0765,Partially Funded
SAV-10153,CUST-10153,1632.3,59019.2,0.2393,Fully Funded
SAV-10154,CUST-10154,2026.56,169269.48,0.2672,Fully Funded
SAV-10155,CUST-10155,315.47,16500.73,0.1763,Fully Funded
SAV-10156,CUST-10156,1211.19,46982.06,0.2061,Fully Funded
SAV-10157,CUST-10157,380.48,7683.22,0.1035,Low
SAV-10158,CUST-10158,1570.73,81258.1,0.1368,Fully Funded
SAV-10159,CUST-10159,808.85,29356.27,0.2272,Fully Funded
SAV-10160,CUST-10160,935.96,58202.88,0.1693,Fully Funded
SAV-10161,CUST-10161,850.62,76882.3,0.2529,Fully Funded
SAV-10162,CUST-10162,235.25,14990.85,0.1441,Fully Funded
SAV-10163,CUST-10163,2135.27,72328.62,0.2241,Fully Funded
SAV-10164,CUST-10164,1228.21,67709.48,0.1994,Fully Funded
SAV-10165,CUST-10165,520.48,30973.83,0.0752,Partially Funded
SAV-10166,CUST-10166,1152.52,80788.97,0.2504,Fully Funded
SAV-10167,CUST-10167,727.6,18773.04,0.1238,Partially Funded
SAV-10168,CUST-10168,678.41,39227.81,0.1497,Fully Funded
SAV-10169,CUST-10169,1549.18,32190.42,0.3239,Fully Funded
SAV-10170,CUST-10170,1347.44,113020.85,0.168,Fully Funded
SAV-10171,CUST-10171,1077.46,70619.97,0.2049,Fully Funded
SAV-10172,CUST-10172,1283.08,14492.91,0.1488,Low
SAV-10173,CUST-10173,2045.27,82275.93,0.2373,Fully Funded
SAV-10174,CUST-10174,723.73,73189.45,0.1301,Fully Funded
SAV-10175,CUST-10175,939.05,30640.95,0.218,Fully Funded
SAV-10176,CUST-10176,1598.6,98954.5,0.1984,Fully Funded
SAV-10177,CUST-10177,622.91,47141.97,0.1256,Fully Funded
SAV-10178,CUST-10178,337.4,17662.43,0.0977,Fully Funded
SAV-10179,CUST-10179,1890.15,33648.52,0.2905,Fully Funded
SAV-10180,CUST-10180,1642.2,64698.91,0.2058,Fully Funded
SAV-10181,CUST-10181,1521.08,137274.62,0.2147,Fully Funded
SAV-10182,CUST-10182,347.55,5476.25,0.1296,Low
SAV-10183,CUST-10183,758.04,50384.1,0.2413,Fully Funded
SAV-10184,CUST-10184,945.47,27413.94,0.2249,Fully Funded
SAV-10185,CUST-10185,1453.93,107283.92,0.1857,Fully Funded
SAV-10186,CUST-10186,2087.37,55313.5,0.2744,Fully Funded
SAV-10187,CUST-10187,1757.84,102664.44,0.1421,Fully Funded
SAV-10188,CUST-10188,181.32,16718.78,0.1652,Fully Funded
SAV-10189,CUST-10189,518.92,35855.81,0.1523,Fully Funded
SAV-10190,CUST-10190,962.79,46989.32,0.2129,Fully Funded
SAV-10191,CUST-10191,862.26,51267.36,0.2345,Fully Funded
SAV-10192,CUST-10192,2071.54,148011.45,0.1524,Fully Funded
SAV-10193,CUST-10193,736.98,13727.78,0.1988,Partially Funded
SAV-10194,CUST-10194,556.5,13951.93,0.137,Partially Funded
SAV-10195,CUST-10195,425.3,16521.02,0.1262,Fully Funded
SAV-10196,CUST-10196,1311.2,31405.84,0.1455,Partially Funded
SAV-10197,CUST-10197,737.37,53978.53,0.0954,Fully Funded
SAV-10198,CUST-10198,824.66,44282.45,0.1497,Fully Funded
SAV-10199,CUST-10199,827.08,15593.38,0.1652,Partially Funded
SAV-10200,CUST-10200,1194.41,69439.64,0.2582,Fully Funded
SAV-10201,CUST-10201,932.58,76585.7,0.1425,Fully Funded
SAV-10202,CUST-10202,2251.47,66872.09,0.1884,Fully Funded
SAV-10203,CUST-10203,1599.72,108090.28,0.2185,Fully Funded
SAV-10204,CUST-10204,1587.31,39963.92,0.1652,Fully Funded
SAV-10205,CUST-10205,2181.33,24319.81,0.2197,Partially Funded
SAV-10206,CUST-10206,1073.08,104481.19,0.1931,Fully Funded
SAV-10207,CUST-10207,610.61,28318.86,0.1371,Fully Funded
SAV-10208,CUST-10208,849.74,54091.1,0.1656,Fully Funded
SAV-10209,CUST-10209,438.04,14252.2,0.0974,Partially Funded
SAV-10210,CUST-10210,444.13,17870.42,0.1086,Partially Funded
SAV-10211,CUST-10211,1316.32,149230.01,0.131,Fully Funded
SAV-10212,CUST-10212,1098.59,37855.87,0.1765,Fully Funded
SAV-10213,CUST-10213,1178.26,16186.69,0.1748,Partially Funded
SAV-10214,CUST-10214,1614.15,141949.43,0.2709,Fully Funded
SAV-10215,CUST-10215,1200.68,49244.55,0.1939,Fully Funded
SAV-10216,CUST-10216,2087.46,153351.57,0.2218,Fully Funded
SAV-10217,CUST-10217,472.21,30855.31,0.1145,Fully Funded
SAV-10218,CUST-10218,851.81,47088.53,0.1484,Fully Funded
SAV-10219,CUST-10219,516.54,10276.57,0.1539,Partially Funded
SAV-10220,CUST-10220,2108.14,166101.69,0.1041,Fully Funded
SAV-10221,CUST-10221,1516.3,24714.25,0.2272,Partially Funded
SAV-10222,CUST-10222,174.46,4857.21,0.2483,Fully Funded
SAV-10223,CUST-10223,1703.04,124614.25,0.2552,Fully Funded
SAV-10224,CUST-10224,786.72,10371.95,0.1518,Low
SAV-10225,CUST-10225,1998.14,96331.72,0.18,Fully Funded
SAV-10226,CUST-10226,751.8,10173.9,0.1344,Low
SAV-10227,CUST-10227,716.52,32465.98,0.1023,Fully Funded
SAV-10228,CUST-10228,1066.89,123912.94,0.1985,Fully Funded
SAV-10229,CUST-10229,200.9,11094.04,0.1991,Fully Funded
SAV-10230,CUST-10230,832.55,64086.17,0.1481,Fully Funded
SAV-10231,CUST-10231,688.34,54555.65,0.0811,Fully Funded
SAV-10232,CUST-10232,493.57,38579.9,0.1174,Fully Funded
SAV-10233,CUST-10233,753.74,24379.2,0.1798,Fully Funded
SAV-10234,CUST-10234,69.72,6206.73,0.1074,Fully Funded
SAV-10235,CUST-10235,511.17,48011.4,0.0987,Fully Funded
SAV-10236,CUST-10236,1779.64,46659.97,0.2095,Fully Funded
SAV-10237,CUST-10237,374.92,4274.43,0.0919,Low
SAV-10238,CUST-10238,762.28,12596.17,0.1735,Partially Funded
SAV-10239,CUST-10239,98.03,7929.69,0.1427,Fully Funded
SAV-10240,CUST-10240,1858.76,35447.91,0.2042,Partially Funded
SAV-10241,CUST-10241,1429.01,100727.07,0.1314,Fully Funded
SAV-10242,CUST-10242,1013.86,14955.65,0.1679,Partially Funded
SAV-10243,CUST-10243,117.05,7354.87,0.1562,Fully Funded
SAV-10244,CUST-10244,959.89,75778.46,0.2518,Fully Funded
SAV-10245,CUST-10245,437.24,21492.7,0.0672,Partially Funded
SAV-10246,CUST-10246,972.08,56729.64,0.1483,Fully Funded
SAV-10247,CUST-10247,939.28,20558.77,0.1592,Partially Funded
SAV-10248,CUST-10248,473.59,40120.96,0.0996,Fully Funded
SAV-10249,CUST-10249,284.57,22175.54,0.1374,Fully Funded
SAV-10250,CUST-10250,582.31,39630.94,0.0773,Fully Funded
SAV-10251,CUST-10251,440.03,26717.45,0.1936,Fully Funded
SAV-10252,CUST-10252,547.14,39271.86,0.1134,Fully Funded
SAV-10253,CUST-10253,671.19,37076.58,0.0781,Partially Funded
SAV-10254,CUST-10254,882.01,71469.82,0.1757,Fully Funded
SAV-10255,CUST-10255,1425.12,20193.69,0.1271,Low
SAV-10256,CUST-10256,1221.09,37932.04,0.2187,Fully Funded
SAV-10257,CUST-10257,781.24,17637.55,0.1143,Partially Funded
SAV-10258,CUST-10258,150.23,8105.93,0.1497,Fully Funded
SAV-10259,CUST-10259,1475.73,92421.7,0.132,Fully Funded
SAV-10260,CUST-10260,664.91,40051.85,0.0962,Fully Funded
SAV-10261,CUST-10261,1661.22,169907.65,0.272,Fully Funded
SAV-10262,CUST-10262,1440.38,77492.26,0.2462,Fully Funded
SAV-10263,CUST-10263,1332.6,23878.13,0.1904,Partially Funded
SAV-10264,CUST-10264,2594.5,154203.03,0.2041,Fully Funded
SAV-10265,CUST-10265,1356.67,135124.66,0.1551,Fully Funded
SAV-10266,CUST-10266,1338.16,83469.76,0.1928,Fully Funded
SAV-10267,CUST-10267,443.01,11110.46,0.1771,Fully Funded
SAV-10268,CUST-10268,99.27,8148.66,0.1295,Fully Funded
SAV-10269,CUST-10269,1830.4,158581.56,0.1874,Fully Funded
SAV-10270,CUST-10270,668.43,28576.79,0.1464,Fully Funded
SAV-10271,CUST-10271,1431.06,135017.79,0.1649,Fully Funded
SAV-10272,CUST-10272,1102.56,53031.13,0.1872,Fully Funded
SAV-10273,CUST-10273,1488.15,25398.85,0.1858,Partially Funded
SAV-10274,CUST-10274,112.72,8789.28,0.1131,Fully Funded
SAV-10275,CUST-10275,1048.13,75739.92,0.2006,Fully Funded
SAV-10276,CUST-10276,1135.69,94528.51,0.1586,Fully Funded
SAV-10277,CUST-10277,1431.27,69252.87,0.2006,Fully Funded
SAV-10278,CUST-10278,695.93,29757.42,0.1489,Fully Funded
SAV-10279,CUST-10279,1041.98,79340.99,0.1491,Fully Funded
SAV-10280,CUST-10280,453.22,32827.49,0.1085,Fully Funded
SAV-10281,CUST-10281,540.63,12543.56,0.1763,Partially Funded
SAV-10282,CUST-10282,768.63,30818.58,0.1166,Partially Funded
SAV-10283,CUST-10283,1306.37,80557.28,0.2161,Fully Funded
SAV-10284,CUST-10284,932.06,80313.13,0.1976,Fully Funded
SAV-10285,CUST-10285,1163.38,30249.68,0.2126,Fully Funded
SAV-10286,CUST-10286,623.0,49627.29,0.1267,Fully Funded
SAV-10287,CUST-10287,744.79,49466.59,0.1941,Fully Funded
SAV-10288,CUST-10288,1123.41,102758.69,0.1663,Fully Funded
SAV-10289,CUST-10289,393.49,26755.13,0.0471,Partially Funded
SAV-10290,CUST-10290,476.9,9326.25,0.1193,Partially Funded
SAV-10291,CUST-10291,34.56,2049.26,0.0691,Partially Funded
SAV-10292,CUST-10292,478.46,7031.42,0.2279,Partially Funded
SAV-10293,CUST-10293,913.66,59273.88,0.1708,Fully Funded
SAV-10294,CUST-10294,711.94,54726.15,0.1511,Fully Funded
SAV-10295,CUST-10295,313.86,3854.09,0.1069,Low
SAV-10296,CUST-10296,993.43,66917.91,0.1744,Fully Funded
SAV-10297,CUST-10297,510.42,21662.7,0.1359,Fully Funded
SAV-10298,CUST-10298,593.82,20841.3,0.1652,Fully Funded
SAV-10299,CUST-10299,983.1,60304.1,0.1241,Fully Funded
SAV-10300,CUST-10300,952.46,40708.32,0.1059,Partially Funded
SAV-10301,CUST-10301,2460.73,47667.79,0.1884,Partially Funded
SAV-10302,CUST-10302,2677.87,116972.03,0.2303,Fully Funded
SAV-10303,CUST-10303,642.11,38057.56,0.0986,Fully Funded
SAV-10304,CUST-10304,482.84,18857.73,0.1283,Fully Funded
SAV-10305,CUST-10305,249.28,21740.84,0.1113,Fully Funded
SAV-10306,CUST-10306,872.85,34900.93,0.1158,Fully Funded
SAV-10307,CUST-10307,487.87,10574.37,0.0885,Low
SAV-10308,CUST-10308,1041.84,90706.23,0.1323,Fully Funded
SAV-10309,CUST-10309,441.58,35915.04,0.1083,Fully Funded
SAV-10310,CUST-10310,1210.55,70782.95,0.1782,Fully Funded
SAV-10311,CUST-10311,769.06,37470.0,0.0908,Partially Funded
SAV-10312,CUST-10312,2002.52,129131.2,0.1288,Fully Funded
SAV-10313,CUST-10313,1854.1,223317.27,0.1715,Fully Funded
SAV-10314,CUST-10314,418.87,11403.06,0.0883,Low
SAV-10315,CUST-10315,920.01,87229.25,0.0832,Fully Funded
SAV-10316,CUST-10316,167.63,13567.56,0.1067,Fully Funded
SAV-10317,CUST-10317,1468.39,123059.35,0.215,Fully Funded
SAV-10318,CUST-10318,507.67,44709.06,0.1585,Fully Funded
SAV-10319,CUST-10319,1011.15,67252.5,0.1812,Fully Funded
SAV-10320,CUST-10320,425.97,29653.85,0.1007,Fully Funded
SAV-10321,CUST-10321,350.11,7062.95,0.0959,Low
SAV-10322,CUST-10322,489.67,28152.84,0.2399,Fully Funded
SAV-10323,CUST-10323,163.33,13248.8,0.1824,Fully Funded
SAV-10324,CUST-10324,1592.96,26387.57,0.2102,Partially Funded
SAV-10325,CUST-10325,1720.36,136048.09,0.2447,Fully Funded
SAV-10326,CUST-10326,1002.89,38570.45,0.1297,Fully Funded
SAV-10327,CUST-10327,244.63,20320.86,0.107,Fully Funded
SAV-10328,CUST-10328,103.9,5442.45,0.1657,Fully Funded
SAV-10329,CUST-10329,1939.7,118675.74,0.1744,Fully Funded
SAV-10330,CUST-10330,1207.03,74711.25,0.2612,Fully Funded
SAV-10331,CUST-10331,198.43,11698.55,0.2029,Fully Funded
SAV-10332,CUST-10332,458.0,10317.62,0.1529,Partially Funded
SAV-10333,CUST-10333,960.75,30765.04,0.146,Fully Funded
SAV-10334,CUST-10334,2068.89,109477.25,0.1442,Fully Funded
SAV-10335,CUST-10335,433.07,46384.41,0.1027,Fully Funded
SAV-10336,CUST-10336,1476.97,18283.52,0.1546,Low
SAV-10337,CUST-10337,965.96,102605.45,0.098,Fully Funded
SAV-10338,CUST-10338,2197.05,87477.79,0.1912,Fully Funded
SAV-10339,CUST-10339,880.59,43056.46,0.2294,Fully Funded
SAV-10340,CUST-10340,1126.69,22600.19,0.1457,Partially Funded
SAV-10341,CUST-10341,134.07,7259.85,0.139,Fully Funded
SAV-10342,CUST-10342,123.35,1957.15,0.142,Low
SAV-10343,CUST-10343,613.01,16224.53,0.154,Partially Funded
SAV-10344,CUST-10344,1459.66,143486.78,0.1261,Fully Funded
SAV-10345,CUST-10345,423.12,19234.79,0.2826,Fully Funded
SAV-10346,CUST-10346,1628.51,40005.48,0.1895,Fully Funded
SAV-10347,CUST-10347,2208.61,25422.49,0.2056,Partially Funded
SAV-10348,CUST-10348,731.05,66888.76,0.1081,Fully Funded
SAV-10349,CUST-10349,969.56,52012.34,0.1285,Fully Funded
SAV-10350,CUST-10350,377.96,10691.32,0.112,Partially Funded
SAV-10351,CUST-10351,1401.16,20872.25,0.1885,Partially Funded
SAV-10352,CUST-10352,982.62,61549.36,0.2291,Fully Funded
SAV-10353,CUST-10353,481.46,10030.68,0.0853,Low
SAV-10354,CUST-10354,711.11,30084.85,0.1186,Fully Funded
SAV-10355,CUST-10355,947.0,14461.15,0.2013,Partially Funded
SAV-10356,CUST-10356,1709.64,94483.62,0.1932,Fully Funded
SAV-10357,CUST-10357,1060.4,51781.32,0.1872,Fully Funded
SAV-10358,CUST-10358,808.8,18173.51,0.0982,Low
SAV-10359,CUST-10359,864.12,29981.03,0.2342,Fully Funded
SAV-10360,CUST-10360,801.16,33106.47,0.1048,Partially Funded
SAV-10361,CUST-10361,779.2,94270.18,0.1296,Fully Funded
SAV-10362,CUST-10362,1023.07,77568.81,0.1735,Fully Funded
SAV-10363,CUST-10363,595.54,34763.03,0.1458,Fully Funded
SAV-10364,CUST-10364,1455.65,110949.44,0.1536,Fully Funded
SAV-10365,CUST-10365,1202.64,85001.54,0.1577,Fully Funded
SAV-10366,CUST-10366,484.33,11132.77,0.0934,Low
SAV-10367,CUST-10367,1382.3,63600.8,0.1553,Fully Funded
SAV-10368,CUST-10368,1929.97,39663.64,0.2417,Fully Funded
SAV-10369,CUST-10369,1100.04,27442.25,0.1473,Partially Funded
SAV-10370,CUST-10370,1553.05,125217.04,0.2032,Fully Funded
SAV-10371,CUST-10371,225.16,3607.44,0.0715,Low
SAV-10372,CUST-10372,1143.75,25843.47,0.1244,Partially Funded
SAV-10373,CUST-10373,1925.15,81487.27,0.1546,Fully Funded
SAV-10374,CUST-10374,902.03,46672.84,0.195,Fully Funded
SAV-10375,CUST-10375,2053.97,73706.3,0.1898,Fully Funded
SAV-10376,CUST-10376,2195.23,241806.9,0.2389,Fully Funded
SAV-10377,CUST-10377,2516.77,194551.65,0.198,Fully Funded
SAV-10378,CUST-10378,177.55,10756.39,0.0688,Partially Funded
SAV-10379,CUST-10379,593.9,27193.39,0.1711,Fully Funded
SAV-10380,CUST-10380,615.61,15774.65,0.2353,Fully Funded
SAV-10381,CUST-10381,1464.93,102777.25,0.2354,Fully Funded
SAV-10382,CUST-10382,905.86,87672.77,0.1406,Fully Funded
SAV-10383,CUST-10383,104.87,9574.43,0.1316,Fully Funded
SAV-10384,CUST-10384,979.14,73264.66,0.1613,Fully Funded
SAV-10385,CUST-10385,943.41,28700.03,0.1286,Partially Funded
SAV-10386,CUST-10386,4586.07,328429.94,0.2617,Fully Funded
SAV-10387,CUST-10387,574.12,21253.07,0.1533,Fully Funded
SAV-10388,CUST-10388,334.22,10310.57,0.0687,Low
SAV-10389,CUST-10389,1145.44,35536.08,0.1108,Partially Funded
SAV-10390,CUST-10390,1345.37,50399.7,0.19,Fully Funded
SAV-10391,CUST-10391,1304.79,32822.29,0.1151,Partially Funded
SAV-10392,CUST-10392,1407.55,16762.52,0.1031,Low
SAV-10393,CUST-10393,2904.99,198998.76,0.1876,Fully Funded
SAV-10394,CUST-10394,641.3,40332.53,0.0938,Fully Funded
SAV-10395,CUST-10395,647.43,15732.25,0.143,Partially Funded
SAV-10396,CUST-10396,82.03,6002.76,0.0995,Fully Funded
SAV-10397,CUST-10397,1557.48,24851.68,0.1524,Partially Funded
SAV-10398,CUST-10398,1199.68,84817.99,0.2738,Fully Funded
SAV-10399,CUST-10399,960.85,30898.22,0.1224,Partially Funded
SAV-10400,CUST-10400,624.99,18522.96,0.1355,Partially Funded
SAV-10401,CUST-10401,813.37,62628.37,0.1365,Fully Funded
SAV-10402,CUST-10402,553.62,25889.66,0.118,Fully Funded
SAV-10403,CUST-10403,146.36,9508.73,0.1011,Fully Funded
SAV-10404,CUST-10404,213.67,18157.63,0.1258,Fully Funded
SAV-10405,CUST-10405,495.43,32140.64,0.1361,Fully Funded
SAV-10406,CUST-10406,708.61,36418.41,0.1733,Fully Funded
SAV-10407,CUST-10407,492.18,22538.17,0.1169,Fully Funded
SAV-10408,CUST-10408,1909.58,166422.15,0.1833,Fully Funded
SAV-10409,CUST-10409,1149.05,94710.7,0.1258,Fully Funded
SAV-10410,CUST-10410,1214.06,23810.03,0.1196,Partially Funded
SAV-10411,CUST-10411,684.31,46068.32,0.0953,Fully Funded
SAV-10412,CUST-10412,999.61,19997.85,0.1326,Partially Funded
SAV-10413,CUST-10413,459.11,10779.85,0.0783,Low
SAV-10414,CUST-10414,604.43,29715.09,0.1888,Fully Funded
SAV-10415,CUST-10415,904.67,70432.05,0.1427,Fully Funded
SAV-10416,CUST-10416,860.87,38790.1,0.2178,Fully Funded
SAV-10417,CUST-10417,1326.75,31692.68,0.1352,Partially Funded
SAV-10418,CUST-10418,471.3,27842.03,0.0983,Fully Funded
SAV-10419,CUST-10419,526.11,7284.4,0.1481,Low
SAV-10420,CUST-10420,1319.72,75655.36,0.2052,Fully Funded
SAV-10421,CUST-10421,1016.07,36789.25,0.2189,Fully Funded
SAV-10422,CUST-10422,1552.77,34425.42,0.2712,Fully Funded
SAV-10423,CUST-10423,1062.06,42033.65,0.1633,Fully Funded
SAV-10424,CUST-10424,810.46,60244.4,0.1765,Fully Funded
SAV-10425,CUST-10425,653.03,56193.11,0.1663,Fully Funded
SAV-10426,CUST-10426,910.73,10223.82,0.0721,No Fund
SAV-10427,CUST-10427,677.34,18278.29,0.1274,Partially Funded
SAV-10428,CUST-10428,332.03,20541.6,0.1179,Fully Funded
SAV-10429,CUST-10429,2051.09,79826.81,0.245,Fully Funded
SAV-10430,CUST-10430,935.98,35409.49,0.1978,Fully Funded
SAV-10431,CUST-10431,512.85,8881.3,0.1834,Partially Funded
SAV-10432,CUST-10432,306.0,12765.54,0.0515,Low
SAV-10433,CUST-10433,737.5,32189.5,0.1105,Fully Funded
SAV-10434,CUST-10434,862.84,27315.41,0.1761,Fully Funded
SAV-10435,CUST-10435,1241.1,106866.37,0.2675,Fully Funded
SAV-10436,CUST-10436,1378.7,102787.89,0.2498,Fully Funded
SAV-10437,CUST-10437,111.72,10734.21,0.0653,Fully Funded
SAV-10438,CUST-10438,1587.69,13721.55,0.1914,Low
SAV-10439,CUST-10439,887.58,32467.1,0.2491,Fully Funded
SAV-10440,CUST-10440,1446.94,90422.02,0.1649,Fully Funded
SAV-10441,CUST-10441,109.62,5829.46,0.1588,Fully Funded
SAV-10442,CUST-10442,1450.53,60569.51,0.1845,Fully Funded
SAV-10443,CUST-10443,729.7,25764.32,0.205,Fully Funded
SAV-10444,CUST-10444,673.77,37453.12,0.1048,Fully Funded
SAV-10445,CUST-10445,1668.35,125395.91,0.1722,Fully Funded
SAV-10446,CUST-10446,617.07,67975.07,0.1214,Fully Funded
SAV-10447,CUST-10447,577.57,24541.92,0.0826,Partially Funded
SAV-10448,CUST-10448,478.71,48990.95,0.1369,Fully Funded
SAV-10449,CUST-10449,147.47,4734.14,0.1134,Partially Funded
SAV-10450,CUST-10450,352.62,19998.13,0.137,Fully Funded
SAV-10451,CUST-10451,247.91,22187.26,0.1707,Fully Funded
SAV-10452,CUST-10452,1637.54,123465.19,0.2779,Fully Funded
SAV-10453,CUST-10453,379.91,44381.39,0.0928,Fully Funded
SAV-10454,CUST-10454,1155.4,36338.33,0.1289,Partially Funded
SAV-10455,CUST-10455,915.23,87502.68,0.1085,Fully Funded
SAV-10456,CUST-10456,1536.06,110880.67,0.1822,Fully Funded
SAV-10457,CUST-10457,1405.76,29315.12,0.1145,Low
SAV-10458,CUST-10458,463.35,42328.02,0.125,Fully Funded
SAV-10459,CUST-10459,325.05,20867.05,0.0884,Fully Funded
SAV-10460,CUST-10460,2326.28,166168.64,0.297,Fully Funded
SAV-10461,CUST-10461,527.18,6570.12,0.0981,Low
SAV-10462,CUST-10462,306.12,12763.73,0.0981,Partially Funded
SAV-10463,CUST-10463,720.31,67032.65,0.1388,Fully Funded
SAV-10464,CUST-10464,966.43,21047.07,0.139,Partially Funded
SAV-10465,CUST-10465,1467.48,78976.37,0.2119,Fully Funded
SAV-10466,CUST-10466,766.81,63170.09,0.1739,Fully Funded
SAV-10467,CUST-10467,517.55,45258.67,0.1287,Fully Funded
SAV-10468,CUST-10468,791.62,64543.54,0.2277,Fully Funded
SAV-10469,CUST-10469,1136.05,60034.98,0.1744,Fully Funded
SAV-10470,CUST-10470,408.26,9216.0,0.0834,Low
SAV-10471,CUST-10471,1679.74,127040.06,0.268,Fully Funded
SAV-10472,CUST-10472,907.69,35565.75,0.1102,Partially Funded
SAV-10473,CUST-10473,1078.55,82966.86,0.1519,Fully Funded
SAV-10474,CUST-10474,963.57,41549.48,0.1929,Fully Funded
SAV-10475,CUST-10475,935.95,44804.01,0.2385,Fully Funded
SAV-10476,CUST-10476,566.23,34487.2,0.1414,Fully Funded
SAV-10477,CUST-10477,1568.12,127431.33,0.1552,Fully Funded
SAV-10478,CUST-10478,948.18,33159.95,0.1766,Fully Funded
SAV-10479,CUST-10479,896.36,101337.02,0.1898,Fully Funded
SAV-10480,CUST-10480,758.43,13816.48,0.214,Partially Funded
SAV-10481,CUST-10481,1322.91,86905.51,0.1018,Fully Funded
SAV-10482,CUST-10482,860.73,42639.59,0.1945,Fully Funded
SAV-10483,CUST-10483,1178.52,81522.14,0.1645,Fully Funded
SAV-10484,CUST-10484,1114.98,46580.83,0.0908,Partially Funded
SAV-10485,CUST-10485,643.42,10064.89,0.1489,Low
SAV-10486,CUST-10486,218.89,8137.95,0.116,Partially Funded
SAV-10487,CUST-10487,187.68,10334.61,0.1408,Fully Funded
SAV-10488,CUST-10488,1179.31,71541.76,0.2184,Fully Funded
SAV-10489,CUST-10489,1457.36,40090.52,0.147,Fully Funded
SAV-10490,CUST-10490,552.72,37519.97,0.1149,Fully Funded
SAV-10491,CUST-10491,1932.99,27566.13,0.218,Partially Funded
SAV-10492,CUST-10492,102.95,6742.91,0.069,Partially Funded
SAV-10493,CUST-10493,780.98,24883.98,0.1266,Partially Funded
SAV-10494,CUST-10494,953.03,38622.52,0.1442,Fully Funded
SAV-10495,CUST-10495,1315.28,77457.42,0.2005,Fully Funded
SAV-10496,CUST-10496,571.09,32805.8,0.1105,Fully Funded
SAV-10497,CUST-10497,742.75,42857.69,0.2125,Fully Funded
SAV-10498,CUST-10498,155.02,16220.41,0.1371,Fully Funded
SAV-10499,CUST-10499,329.57,16748.19,0.0896,Partially Funded
SAV-10500,CUST-10500,944.93,70206.57,0.2054,Fully Funded
SAV-10501,CUST-10501,426.5,33042.75,0.1677,Fully Funded
SAV-10502,CUST-10502,1401.92,26474.75,0.2185,Fully Funded
SAV-10503,CUST-10503,959.3,69114.93,0.1526,Fully Funded
SAV-10504,CUST-10504,453.25,10443.99,0.102,Low
SAV-10505,CUST-10505,1096.57,88878.29,0.1898,Fully Funded
SAV-10506,CUST-10506,1203.87,71203.58,0.143,Fully Funded
SAV-10507,CUST-10507,971.07,50333.78,0.1122,Fully Funded
SAV-10508,CUST-10508,680.75,63251.56,0.1443,Fully Funded
SAV-10509,CUST-10509,817.65,35166.71,0.1689,Fully Funded
SAV-10510,CUST-10510,995.76,30400.0,0.179,Fully Funded
SAV-10511,CUST-10511,275.18,15062.0,0.1729,Fully Funded
SAV-10512,CUST-10512,1050.4,22646.36,0.1531,Partially Funded
SAV-10513,CUST-10513,775.19,49548.23,0.1142,Fully Funded
SAV-10514,CUST-10514,1079.1,76123.91,0.142,Fully Funded
SAV-10515,CUST-10515,1262.62,12110.95,0.1468,Low
SAV-10516,CUST-10516,568.39,50218.07,0.0744,Fully Funded
SAV-10517,CUST-10517,351.05,28136.86,0.1531,Fully Funded
SAV-10518,CUST-10518,1182.12,18299.28,0.1556,Partially Funded
SAV-10519,CUST-10519,413.25,7347.9,0.0714,Low
SAV-10520,CUST-10520,1335.51,97710.73,0.2055,Fully Funded
SAV-10521,CUST-10521,592.0,10725.09,0.13,Partially Funded
SAV-10522,CUST-10522,1035.63,24590.05,0.108,Partially Funded
SAV-10523,CUST-10523,780.08,41926.39,0.153,Fully Funded
SAV-10524,CUST-10524,522.42,11442.58,0.1202,Partially Funded
SAV-10525,CUST-10525,394.93,4925.9,0.109,Low
SAV-10526,CUST-10526,280.79,6334.9,0.0791,Low
SAV-10527,CUST-10527,1152.63,53485.83,0.1424,Fully Funded
SAV-10528,CUST-10528,664.55,55967.47,0.1078,Fully Funded
SAV-10529,CUST-10529,248.31,20974.98,0.1406,Fully Funded
SAV-10530,CUST-10530,425.99,41605.59,0.1363,Fully Funded
SAV-10531,CUST-10531,781.9,82654.33,0.2059,Fully Funded
SAV-10532,CUST-10532,628.08,43080.24,0.0804,Fully Funded
SAV-10533,CUST-10533,1064.69,97269.43,0.0921,Fully Funded
SAV-10534,CUST-10534,857.47,37191.89,0.1574,Fully Funded
SAV-10535,CUST-10535,1154.64,93469.68,0.2701,Fully Funded
SAV-10536,CUST-10536,273.54,5701.67,0.0636,Low
SAV-10537,CUST-10537,513.04,25023.77,0.1358,Fully Funded
SAV-10538,CUST-10538,158.37,10228.66,0.1311,Fully Funded
SAV-10539,CUST-10539,898.67,76362.94,0.1187,Fully Funded
SAV-10540,CUST-10540,251.24,8253.68,0.1352,Fully Funded
SAV-10541,CUST-10541,370.41,32810.28,0.0599,Partially Funded
SAV-10542,CUST-10542,225.49,4082.18,0.0692,Low
SAV-10543,CUST-10543,1354.12,114503.92,0.2395,Fully Funded
SAV-10544,CUST-10544,848.86,56753.32,0.1141,Fully Funded
SAV-10545,CUST-10545,651.47,21795.11,0.1932,Fully Funded
SAV-10546,CUST-10546,1117.51,37274.12,0.1593,Fully Funded
SAV-10547,CUST-10547,515.73,23972.35,0.1528,Fully Funded
SAV-10548,CUST-10548,846.95,18469.84,0.137,Partially Funded
SAV-10549,CUST-10549,898.04,90698.88,0.1401,Fully Funded
SAV-10550,CUST-10550,242.56,7514.97,0.1002,Partially Funded
SAV-10551,CUST-10551,119.42,4550.33,0.0937,Partially Funded
SAV-10552,CUST-10552,1899.72,55561.71,0.1718,Fully Funded
SAV-10553,CUST-10553,100.49,3285.76,0.0764,Low
SAV-10554,CUST-10554,1589.56,115058.1,0.1968,Fully Funded
SAV-10555,CUST-10555,559.33,37045.58,0.1393,Fully Funded
SAV-10556,CUST-10556,819.16,31308.59,0.2053,Fully Funded
SAV-10557,CUST-10557,794.24,66399.93,0.0696,Fully Funded
SAV-10558,CUST-10558,776.82,37164.09,0.1999,Fully Funded
SAV-10559,CUST-10559,1560.69,56002.92,0.3255,Fully Funded
SAV-10560,CUST-10560,1022.31,81737.12,0.1467,Fully Funded
SAV-10561,CUST-10561,947.45,34755.67,0.1289,Partially Funded
SAV-10562,CUST-10562,1882.27,108257.65,0.1179,Fully Funded
SAV-10563,CUST-10563,1253.86,20184.81,0.2539,Fully Funded
SAV-10564,CUST-10564,973.87,115890.54,0.2084,Fully Funded
SAV-10565,CUST-10565,684.62,36052.89,0.0919,Partially Funded
SAV-10566,CUST-10566,1366.45,33341.08,0.1644,Partially Funded
SAV-10567,CUST-10567,699.3,26779.45,0.1357,Fully Funded
SAV-10568,CUST-10568,826.0,17970.96,0.1838,Partially Funded
SAV-10569,CUST-10569,1424.93,47639.53,0.2147,Fully Funded
SAV-10570,CUST-10570,731.26,31661.86,0.1687,Fully Funded
SAV-10571,CUST-10571,329.93,7737.96,0.1459,Partially Funded
SAV-10572,CUST-10572,473.48,27928.91,0.1423,Fully Funded
SAV-10573,CUST-10573,485.08,43863.76,0.0885,Fully Funded
SAV-10574,CUST-10574,1890.86,91720.23,0.2496,Fully Funded
SAV-10575,CUST-10575,634.07,15977.65,0.1022,Partially Funded
SAV-10576,CUST-10576,1437.1,89197.56,0.1225,Fully Funded
SAV-10577,CUST-10577,1031.48,33350.38,0.1344,Fully Funded
SAV-10578,CUST-10578,983.58,16611.99,0.2285,Partially Funded
SAV-10579,CUST-10579,506.77,29726.41,0.1039,Fully Funded
SAV-10580,CUST-10580,618.72,39293.83,0.1564,Fully Funded
SAV-10581,CUST-10581,331.1,35407.22,0.1773,Fully Funded
SAV-10582,CUST-10582,623.09,33124.66,0.2189,Fully Funded
SAV-10583,CUST-10583,988.26,47186.14,0.23,Fully Funded
SAV-10584,CUST-10584,93.29,5224.55,0.0985,Fully Funded
SAV-10585,CUST-10585,847.03,56856.93,0.1202,Fully Funded
SAV-10586,CUST-10586,1358.38,13638.09,0.1495,Low
SAV-10587,CUST-10587,617.72,38925.78,0.1283,Fully Funded
SAV-10588,CUST-10588,1344.35,88018.96,0.2472,Fully Funded
SAV-10589,CUST-10589,460.9,21783.29,0.108,Fully Funded
SAV-10590,CUST-10590,1132.47,86768.82,0.1139,Fully Funded
SAV-10591,CUST-10591,1191.52,67847.48,0.2156,Fully Funded
SAV-10592,CUST-10592,1184.73,39962.62,0.1588,Fully Funded
SAV-10593,CUST-10593,1169.21,101440.18,0.1229,Fully Funded
SAV-10594,CUST-10594,2842.3,60497.29,0.1698,Partially Funded
SAV-10595,CUST-10595,1496.74,36632.43,0.1905,Fully Funded
SAV-10596,CUST-10596,810.27,28535.55,0.1666,Fully Funded
SAV-10597,CUST-10597,574.48,17314.78,0.0514,Low
SAV-10598,CUST-10598,1493.42,94476.73,0.1552,Fully Funded
SAV-10599,CUST-10599,1129.1,73505.46,0.1432,Fully Funded
SAV-10600,CUST-10600,402.01,7471.93,0.1172,Low
SAV-10601,CUST-10601,659.09,20405.56,0.1761,Fully Funded
SAV-10602,CUST-10602,637.03,13134.06,0.1016,Low
SAV-10603,CUST-10603,1337.59,76539.83,0.2339,Fully Funded
SAV-10604,CUST-10604,724.87,66461.94,0.1114,Fully Funded
SAV-10605,CUST-10605,658.92,57588.01,0.0944,Fully Funded
SAV-10606,CUST-10606,1030.73,49615.39,0.1449,Fully Funded
SAV-10607,CUST-10607,822.48,42233.95,0.1097,Fully Funded
SAV-10608,CUST-10608,2732.57,39897.75,0.2408,Partially Funded
SAV-10609,CUST-10609,596.21,48692.09,0.1145,Fully Funded
SAV-10610,CUST-10610,965.67,67770.14,0.1281,Fully Funded
SAV-10611,CUST-10611,970.7,17273.66,0.1257,Low
SAV-10612,CUST-10612,884.94,60983.65,0.1233,Fully Funded
SAV-10613,CUST-10613,453.84,12787.73,0.141,Partially Funded
SAV-10614,CUST-10614,1764.78,38484.66,0.2041,Partially Funded
SAV-10615,CUST-10615,808.94,42424.09,0.1858,Fully Funded
SAV-10616,CUST-10616,994.26,41289.5,0.1526,Fully Funded
SAV-10617,CUST-10617,991.12,60753.92,0.15,Fully Funded
SAV-10618,CUST-10618,518.01,27881.96,0.1094,Fully Funded
SAV-10619,CUST-10619,725.41,42456.13,0.1439,Fully Funded
SAV-10620,CUST-10620,889.87,51659.8,0.1751,Fully Funded
SAV-10621,CUST-10621,1508.42,64732.07,0.2719,Fully Funded
SAV-10622,CUST-10622,421.05,36514.64,0.108,Fully Funded
SAV-10623,CUST-10623,698.57,35729.27,0.0883,Partially Funded
SAV-10624,CUST-10624,1160.57,103453.58,0.1964,Fully Funded
SAV-10625,CUST-10625,713.54,75845.8,0.103,Fully Funded
SAV-10626,CUST-10626,1291.03,99449.71,0.2,Fully Funded
SAV-10627,CUST-10627,2357.29,225269.33,0.1852,Fully Funded
SAV-10628,CUST-10628,1401.84,135940.09,0.1733,Fully Funded
SAV-10629,CUST-10629,2891.31,55049.27,0.2102,Fully Funded
SAV-10630,CUST-10630,979.25,100441.66,0.1232,Fully Funded
SAV-10631,CUST-10631,1303.33,97720.0,0.1307,Fully Funded
SAV-10632,CUST-10632,125.85,8279.56,0.1072,Fully Funded
SAV-10633,CUST-10633,1612.7,184292.28,0.1474,Fully Funded
SAV-10634,CUST-10634,289.2,11173.25,0.1138,Partially Funded
SAV-10635,CUST-10635,2403.56,35890.56,0.1482,Low
SAV-10636,CUST-10636,314.1,7824.02,0.0697,Low
SAV-10637,CUST-10637,340.3,30649.89,0.0827,Fully Funded
SAV-10638,CUST-10638,533.74,33068.71,0.0999,Fully Funded
SAV-10639,CUST-10639,113.81,8084.46,0.1658,Fully Funded
SAV-10640,CUST-10640,746.38,39880.88,0.1505,Fully Funded
SAV-10641,CUST-10641,1156.55,64584.35,0.1807,Fully Funded
SAV-10642,CUST-10642,556.99,15579.62,0.083,Low
SAV-10643,CUST-10643,590.4,41139.3,0.0885,Fully Funded
SAV-10644,CUST-10644,745.27,51463.79,0.221,Fully Funded
SAV-10645,CUST-10645,1573.93,144069.57,0.2347,Fully Funded
SAV-10646,CUST-10646,616.79,45521.13,0.138,Fully Funded
SAV-10647,CUST-10647,540.6,17493.35,0.103,Partially Funded
SAV-10648,CUST-10648,443.88,10515.73,0.0677,Low
SAV-10649,CUST-10649,1876.75,176145.17,0.3079,Fully Funded
SAV-10650,CUST-10650,620.84,65069.22,0.1327,Fully Funded
SAV-10651,CUST-10651,1735.43,89585.69,0.2298,Fully Funded
SAV-10652,CUST-10652,907.22,84133.52,0.1822,Fully Funded
SAV-10653,CUST-10653,1807.2,152121.8,0.2084,Fully Funded
SAV-10654,CUST-10654,1369.84,22797.17,0.1566,Partially Funded
SAV-10655,CUST-10655,142.89,8107.48,0.1438,Fully Funded
SAV-10656,CUST-10656,889.09,53340.52,0.1497,Fully Funded
SAV-10657,CUST-10657,522.25,53793.34,0.126,Fully Funded
SAV-10658,CUST-10658,1109.68,107948.54,0.1819,Fully Funded
SAV-10659,CUST-10659,1774.15,81499.55,0.2837,Fully Funded
SAV-10660,CUST-10660,535.62,30051.11,0.1504,Fully Funded
SAV-10661,CUST-10661,708.23,13040.25,0.1512,Partially Funded
SAV-10662,CUST-10662,654.94,43290.98,0.1704,Fully Funded
SAV-10663,CUST-10663,1737.52,18164.14,0.1971,Low
SAV-10664,CUST-10664,1153.76,83863.86,0.2246,Fully Funded
SAV-10665,CUST-10665,2412.57,253686.63,0.1664,Fully Funded
SAV-10666,CUST-10666,3686.62,238438.62,0.18,Fully Funded
SAV-10667,CUST-10667,606.6,54069.95,0.1496,Fully Funded
SAV-10668,CUST-10668,1360.13,71406.48,0.1795,Fully Funded
SAV-10669,CUST-10669,628.81,11312.13,0.1114,Low
SAV-10670,CUST-10670,617.4,13311.85,0.1247,Partially Funded
SAV-10671,CUST-10671,1047.06,19005.93,0.1938,Partially Funded
SAV-10672,CUST-10672,903.67,14056.74,0.2255,Partially Funded
SAV-10673,CUST-10673,419.39,8195.58,0.1531,Partially Funded
SAV-10674,CUST-10674,651.1,48639.61,0.2021,Fully Funded
SAV-10675,CUST-10675,1024.42,15636.18,0.0931,Low
SAV-10676,CUST-10676,1389.35,116298.49,0.2025,Fully Funded
SAV-10677,CUST-10677,596.43,29634.26,0.1875,Fully Funded
SAV-10678,CUST-10678,828.19,31412.74,0.2303,Fully Funded
SAV-10679,CUST-10679,680.76,34620.62,0.1535,Fully Funded
SAV-10680,CUST-10680,1363.73,51226.36,0.1242,Fully Funded
SAV-10681,CUST-10681,750.34,22303.87,0.0814,Low
SAV-10682,CUST-10682,647.76,37269.92,0.118,Fully Funded
SAV-10683,CUST-10683,659.31,38523.78,0.2179,Fully Funded
SAV-10684,CUST-10684,382.62,25764.1,0.1236,Fully Funded
SAV-10685,CUST-10685,997.07,20867.14,0.2112,Partially Funded
SAV-10686,CUST-10686,810.65,13332.87,0.1306,Low
SAV-10687,CUST-10687,739.66,33986.78,0.0972,Partially Funded
SAV-10688,CUST-10688,3470.53,118538.03,0.1476,Fully Funded
SAV-10689,CUST-10689,953.77,43969.69,0.2097,Fully Funded
SAV-10690,CUST-10690,825.64,67707.34,0.1025,Fully Funded
SAV-10691,CUST-10691,1014.65,34828.56,0.2527,Fully Funded
SAV-10692,CUST-10692,923.64,50700.32,0.1715,Fully Funded
SAV-10693,CUST-10693,721.35,41325.12,0.1125,Fully Funded
SAV-10694,CUST-10694,197.6,13714.4,0.1201,Fully Funded
SAV-10695,CUST-10695,1023.81,22669.42,0.1554,Partially Funded
SAV-10696,CUST-10696,103.21,4263.63,0.1257,Fully Funded
SAV-10697,CUST-10697,176.96,6745.88,0.0961,Partially Funded
SAV-10698,CUST-10698,657.09,19867.67,0.0938,Partially Funded
SAV-10699,CUST-10699,494.29,17535.51,0.1429,Fully Funded
SAV-10700,CUST-10700,334.75,19560.11,0.0833,Partially Funded
SAV-10701,CUST-10701,1546.93,56629.21,0.2503,Fully Funded
SAV-10702,CUST-10702,749.16,16640.86,0.2033,Fully Funded
SAV-10703,CUST-10703,676.29,52373.96,0.1288,Fully Funded
SAV-10704,CUST-10704,764.71,31050.72,0.1187,Partially Funded
SAV-10705,CUST-10705,771.64,58340.47,0.1733,Fully Funded
SAV-10706,CUST-10706,1607.35,127749.86,0.1958,Fully Funded
SAV-10707,CUST-10707,1400.54,90716.28,0.1849,Fully Funded
SAV-10708,CUST-10708,500.88,8166.48,0.1076,Low
SAV-10709,CUST-10709,669.11,64435.12,0.1455,Fully Funded
SAV-10710,CUST-10710,476.89,11575.84,0.1271,Partially Funded
SAV-10711,CUST-10711,67.56,2616.0,0.1249,Fully Funded
SAV-10712,CUST-10712,598.7,10553.16,0.1187,Low
SAV-10713,CUST-10713,1203.06,32317.6,0.1492,Partially Funded
SAV-10714,CUST-10714,1421.44,93076.25,0.2306,Fully Funded
SAV-10715,CUST-10715,197.67,13391.54,0.1337,Fully Funded
SAV-10716,CUST-10716,681.11,76810.26,0.1698,Fully Funded
SAV-10717,CUST-10717,112.72,4980.68,0.0871,Partially Funded
SAV-10718,CUST-10718,683.35,40413.57,0.1417,Fully Funded
SAV-10719,CUST-10719,1447.75,165678.66,0.1373,Fully Funded
SAV-10720,CUST-10720,756.04,34259.72,0.1579,Fully Funded
SAV-10721,CUST-10721,585.55,57077.35,0.0911,Fully Funded
SAV-10722,CUST-10722,604.95,17535.01,0.1311,Partially Funded
SAV-10723,CUST-10723,425.84,14678.5,0.0698,Low
SAV-10724,CUST-10724,765.53,27919.96,0.182,Fully Funded
SAV-10725,CUST-10725,845.01,50533.68,0.2301,Fully Funded
SAV-10726,CUST-10726,585.98,36553.88,0.1636,Fully Funded
SAV-10727,CUST-10727,2104.81,158854.28,0.3277,Fully Funded
SAV-10728,CUST-10728,1445.52,58481.4,0.1458,Fully Funded
SAV-10729,CUST-10729,1021.53,80525.91,0.1817,Fully Funded
SAV-10730,CUST-10730,856.11,64775.72,0.0989,Fully Funded
SAV-10731,CUST-10731,509.01,34027.67,0.1722,Fully Funded
SAV-10732,CUST-10732,386.39,28440.79,0.1298,Fully Funded
SAV-10733,CUST-10733,442.96,17730.79,0.0966,Partially Funded
SAV-10734,CUST-10734,447.99,29397.45,0.0917,Fully Funded
SAV-10735,CUST-10735,664.63,35895.28,0.148,Fully Funded
SAV-10736,CUST-10736,504.2,22379.1,0.1161,Fully Funded
SAV-10737,CUST-10737,482.66,26783.05,0.1544,Fully Funded
SAV-10738,CUST-10738,660.36,61851.75,0.1217,Fully Funded
SAV-10739,CUST-10739,837.97,40265.94,0.1804,Fully Funded
SAV-10740,CUST-10740,442.12,14665.1,0.1423,Fully Funded
SAV-10741,CUST-10741,564.06,34298.18,0.1327,Fully Funded
SAV-10742,CUST-10742,383.8,41553.02,0.2446,Fully Funded
SAV-10743,CUST-10743,1721.65,52409.47,0.1828,Fully Funded
SAV-10744,CUST-10744,1249.99,83718.39,0.1764,Fully Funded
SAV-10745,CUST-10745,1778.76,177897.97,0.2072,Fully Funded
SAV-10746,CUST-10746,888.08,14240.06,0.0944,Low
SAV-10747,CUST-10747,840.05,43457.18,0.1571,Fully Funded
SAV-10748,CUST-10748,447.49,25165.09,0.0953,Fully Funded
SAV-10749,CUST-10749,805.84,83984.23,0.1845,Fully Funded
SAV-10750,CUST-10750,1409.77,26201.19,0.2113,Partially Funded
SAV-10751,CUST-10751,1440.98,71593.67,0.1771,Fully Funded
SAV-10752,CUST-10752,246.37,19889.96,0.1841,Fully Funded
SAV-10753,CUST-10753,1589.13,95696.79,0.1319,Fully Funded
SAV-10754,CUST-10754,1813.34,139193.06,0.1023,Fully Funded
SAV-10755,CUST-10755,1419.46,41648.44,0.242,Fully Funded
SAV-10756,CUST-10756,1282.05,57009.34,0.174,Fully Funded
SAV-10757,CUST-10757,510.67,46782.08,0.1761,Fully Funded
SAV-10758,CUST-10758,1153.06,48897.17,0.2579,Fully Funded
SAV-10759,CUST-10759,1698.39,84050.74,0.1985,Fully Funded
SAV-10760,CUST-10760,189.87,3398.3,0.1181,Low
SAV-10761,CUST-10761,416.63,27334.92,0.1086,Fully Funded
SAV-10762,CUST-10762,172.87,8761.11,0.1475,Fully Funded
SAV-10763,CUST-10763,1038.95,50810.81,0.1433,Fully Funded
SAV-10764,CUST-10764,562.08,54593.59,0.131,Fully Funded
SAV-10765,CUST-10765,682.47,40108.71,0.0882,Fully Funded
SAV-10766,CUST-10766,1917.61,111919.27,0.2366,Fully Funded
SAV-10767,CUST-10767,1567.26,74345.07,0.145,Fully Funded
SAV-10768,CUST-10768,1325.5,22387.92,0.1653,Partially Funded
SAV-10769,CUST-10769,83.44,1526.69,0.1224,Low
SAV-10770,CUST-10770,897.28,77358.32,0.2252,Fully Funded
SAV-10771,CUST-10771,1062.65,86641.14,0.1127,Fully Funded
SAV-10772,CUST-10772,792.54,9432.23,0.1708,Low
SAV-10773,CUST-10773,694.86,37283.19,0.1889,Fully Funded
SAV-10774,CUST-10774,635.76,19758.48,0.0948,Partially Funded
SAV-10775,CUST-10775,1686.1,19575.86,0.2839,Partially Funded
SAV-10776,CUST-10776,489.15,35990.45,0.1136,Fully Funded
SAV-10777,CUST-10777,1441.41,104486.11,0.1623,Fully Funded
SAV-10778,CUST-10778,144.33,8132.2,0.1852,Fully Funded
SAV-10779,CUST-10779,855.16,48454.77,0.1042,Fully Funded
SAV-10780,CUST-10780,1966.38,119692.21,0.2761,Fully Funded
SAV-10781,CUST-10781,1016.63,29659.07,0.0953,Partially Funded
SAV-10782,CUST-10782,325.38,7685.01,0.099,Low
SAV-10783,CUST-10783,1017.33,19587.63,0.0824,Low
SAV-10784,CUST-10784,1407.92,122116.06,0.112,Fully Funded
SAV-10785,CUST-10785,1109.13,107387.29,0.2203,Fully Funded
SAV-10786,CUST-10786,1584.01,126797.38,0.0989,Fully Funded
SAV-10787,CUST-10787,936.25,66400.52,0.1695,Fully Funded
SAV-10788,CUST-10788,558.14,44894.18,0.1076,Fully Funded
SAV-10789,CUST-10789,547.29,24432.64,0.1657,Fully Funded
SAV-10790,CUST-10790,1405.48,119581.71,0.1698,Fully Funded
SAV-10791,CUST-10791,631.96,37621.09,0.1376,Fully Funded
SAV-10792,CUST-10792,225.07,4791.92,0.2214,Fully Funded
SAV-10793,CUST-10793,1364.64,36763.41,0.1847,Fully Funded
SAV-10794,CUST-10794,1195.28,15802.02,0.1194,Low
SAV-10795,CUST-10795,1484.76,44735.89,0.1371,Partially Funded
SAV-10796,CUST-10796,675.78,21891.74,0.2075,Fully Funded
SAV-10797,CUST-10797,1462.14,72029.66,0.136,Fully Funded
SAV-10798,CUST-10798,981.69,51663.08,0.124,Fully Funded
SAV-10799,CUST-10799,1804.46,154282.58,0.1146,Fully Funded
SAV-10800,CUST-10800,930.11,62291.23,0.1391,Fully Funded
SAV-10801,CUST-10801,1399.41,106938.71,0.2387,Fully Funded
SAV-10802,CUST-10802,1723.03,26355.97,0.246,Partially Funded
SAV-10803,CUST-10803,789.71,75729.93,0.1773,Fully Funded
SAV-10804,CUST-10804,2149.73,234615.58,0.2066,Fully Funded
SAV-10805,CUST-10805,592.38,30139.68,0.1638,Fully Funded
SAV-10806,CUST-10806,1218.34,64037.22,0.2395,Fully Funded
SAV-10807,CUST-10807,508.61,12594.37,0.1849,Partially Funded
SAV-10808,CUST-10808,288.59,25434.32,0.0397,Partially Funded
SAV-10809,CUST-10809,920.42,60491.94,0.1632,Fully Funded
SAV-10810,CUST-10810,213.18,8414.89,0.1305,Fully Funded
SAV-10811,CUST-10811,1135.86,20013.99,0.1368,Partially Funded
SAV-10812,CUST-10812,606.72,54897.56,0.0918,Fully Funded
SAV-10813,CUST-10813,1504.23,85669.38,0.1616,Fully Funded
SAV-10814,CUST-10814,1047.53,27597.33,0.1816,Fully Funded
SAV-10815,CUST-10815,1263.05,56319.91,0.1944,Fully Funded
SAV-10816,CUST-10816,4688.1,206979.55,0.2907,Fully Funded
SAV-10817,CUST-10817,1269.26,82080.72,0.1541,Fully Funded
SAV-10818,CUST-10818,841.08,65220.74,0.1921,Fully Funded
SAV-10819,CUST-10819,690.39,9098.53,0.1461,Low
SAV-10820,CUST-10820,1297.94,128172.44,0.1414,Fully Funded
SAV-10821,CUST-10821,751.48,16509.36,0.2525,Fully Funded
SAV-10822,CUST-10822,1633.41,65846.18,0.1779,Fully Funded
SAV-10823,CUST-10823,412.31,13511.92,0.0808,Partially Funded
SAV-10824,CUST-10824,738.43,28091.47,0.1466,Fully Funded
SAV-10825,CUST-10825,2593.53,224874.06,0.2371,Fully Funded
SAV-10826,CUST-10826,740.42,62721.04,0.0809,Fully Funded
SAV-10827,CUST-10827,1320.33,49471.79,0.0953,Partially Funded
SAV-10828,CUST-10828,1388.8,83419.29,0.2386,Fully Funded
SAV-10829,CUST-10829,120.72,1931.36,0.1392,Low
SAV-10830,CUST-10830,2660.16,164365.39,0.2172,Fully Funded
SAV-10831,CUST-10831,1577.4,115813.63,0.1925,Fully Funded
SAV-10832,CUST-10832,1886.45,76345.46,0.2582,Fully Funded
SAV-10833,CUST-10833,484.02,32436.51,0.139,Fully Funded
SAV-10834,CUST-10834,1630.15,130896.88,0.2015,Fully Funded
SAV-10835,CUST-10835,594.1,22158.97,0.1656,Fully Funded
SAV-10836,CUST-10836,637.49,32010.47,0.1314,Fully Funded
SAV-10837,CUST-10837,1530.19,44912.77,0.16,Fully Funded
SAV-10838,CUST-10838,486.49,28518.72,0.0993,Fully Funded
SAV-10839,CUST-10839,582.05,24079.8,0.1376,Fully Funded
SAV-10840,CUST-10840,537.55,25215.94,0.1197,Fully Funded
SAV-10841,CUST-10841,1231.87,73896.07,0.2222,Fully Funded
SAV-10842,CUST-10842,317.56,26218.33,0.113,Fully Funded
SAV-10843,CUST-10843,673.6,19655.85,0.1132,Partially Funded
SAV-10844,CUST-10844,690.02,43774.25,0.1263,Fully Funded
SAV-10845,CUST-10845,1541.13,171059.13,0.1653,Fully Funded
SAV-10846,CUST-10846,591.14,11663.45,0.1669,Partially Funded
SAV-10847,CUST-10847,1079.1,19180.39,0.1979,Partially Funded
SAV-10848,CUST-10848,801.12,11743.5,0.0997,Low
SAV-10849,CUST-10849,1470.47,63103.31,0.1394,Fully Funded
SAV-10850,CUST-10850,991.82,37498.33,0.1878,Fully Funded
SAV-10851,CUST-10851,245.74,19817.03,0.222,Fully Funded
SAV-10852,CUST-10852,957.26,56513.46,0.1638,Fully Funded
SAV-10853,CUST-10853,1200.08,97070.8,0.1684,Fully Funded
SAV-10854,CUST-10854,76.86,8725.18,0.0672,Fully Funded
SAV-10855,CUST-10855,563.26,29106.61,0.123,Fully Funded
SAV-10856,CUST-10856,1650.89,36845.29,0.1944,Partially Funded
SAV-10857,CUST-10857,819.71,21528.15,0.1113,Partially Funded
SAV-10858,CUST-10858,288.49,24253.6,0.077,Fully Funded
SAV-10859,CUST-10859,769.65,36132.7,0.128,Fully Funded
SAV-10860,CUST-10860,1499.9,103925.46,0.1908,Fully Funded
SAV-10861,CUST-10861,1979.83,138280.55,0.2544,Fully Funded
SAV-10862,CUST-10862,1718.08,23174.74,0.1758,Partially Funded
SAV-10863,CUST-10863,936.68,16774.99,0.1363,Partially Funded
SAV-10864,CUST-10864,543.66,25057.62,0.1084,Fully Funded
SAV-10865,CUST-10865,799.86,33654.99,0.2517,Fully Funded
SAV-10866,CUST-10866,612.07,14419.52,0.1589,Partially Funded
SAV-10867,CUST-10867,1117.73,54402.09,0.164,Fully Funded
SAV-10868,CUST-10868,1638.03,41500.37,0.1957,Fully Funded
SAV-10869,CUST-10869,350.26,10658.56,0.0697,Low
SAV-10870,CUST-10870,1499.84,37257.12,0.1462,Partially Funded
SAV-10871,CUST-10871,408.14,23439.82,0.0995,Fully Funded
SAV-10872,CUST-10872,1147.81,25693.38,0.188,Partially Funded
SAV-10873,CUST-10873,918.24,80002.48,0.1584,Fully Funded
SAV-10874,CUST-10874,402.64,4723.85,0.0939,Low
SAV-10875,CUST-10875,684.14,25871.1,0.1471,Fully Funded
SAV-10876,CUST-10876,1030.96,75516.87,0.1255,Fully Funded
SAV-10877,CUST-10877,741.44,23656.42,0.0861,Partially Funded
SAV-10878,CUST-10878,379.34,38181.52,0.106,Fully Funded
SAV-10879,CUST-10879,600.28,67934.35,0.2791,Fully Funded
SAV-10880,CUST-10880,1529.32,15994.53,0.19,Low
SAV-10881,CUST-10881,1223.18,45636.68,0.1529,Fully Funded
SAV-10882,CUST-10882,917.42,62982.81,0.1334,Fully Funded
SAV-10883,CUST-10883,2028.22,76314.36,0.2819,Fully Funded
SAV-10884,CUST-10884,1099.23,17661.2,0.1201,Low
SAV-10885,CUST-10885,1016.02,91309.32,0.161,Fully Funded
SAV-10886,CUST-10886,1215.64,69027.63,0.1697,Fully Funded
SAV-10887,CUST-10887,218.53,4727.86,0.144,Partially Funded
SAV-10888,CUST-10888,2120.28,123168.84,0.1306,Fully Funded
SAV-10889,CUST-10889,235.61,13413.07,0.0608,Partially Funded
SAV-10890,CUST-10890,501.59,61690.94,0.119,Fully Funded
SAV-10891,CUST-10891,890.9,16575.68,0.1426,Partially Funded
SAV-10892,CUST-10892,1965.84,169841.46,0.1489,Fully Funded
SAV-10893,CUST-10893,910.99,34863.83,0.1317,Fully Funded
SAV-10894,CUST-10894,712.25,54730.89,0.1009,Fully Funded
SAV-10895,CUST-10895,423.3,28420.69,0.1533,Fully Funded
SAV-10896,CUST-10896,2037.6,156154.09,0.229,Fully Funded
SAV-10897,CUST-10897,1273.56,48604.1,0.1551,Fully Funded
SAV-10898,CUST-10898,681.68,46370.54,0.1742,Fully Funded
SAV-10899,CUST-10899,571.08,12374.48,0.0886,Low
SAV-10900,CUST-10900,306.55,22664.29,0.1982,Fully Funded
SAV-10901,CUST-10901,1322.01,111242.07,0.198,Fully Funded
SAV-10902,CUST-10902,1502.24,137561.7,0.1599,Fully Funded
SAV-10903,CUST-10903,1886.06,29167.34,0.1562,Partially Funded
SAV-10904,CUST-10904,808.37,9596.15,0.1109,Low
SAV-10905,CUST-10905,2420.29,99717.17,0.2062,Fully Funded
SAV-10906,CUST-10906,499.52,41785.21,0.1613,Fully Funded
SAV-10907,CUST-10907,897.62,84569.58,0.1624,Fully Funded
SAV-10908,CUST-10908,1670.01,172370.28,0.2404,Fully Funded
SAV-10909,CUST-10909,1877.03,47035.3,0.1917,Fully Funded
SAV-10910,CUST-10910,266.93,15538.73,0.1127,Fully Funded
SAV-10911,CUST-10911,999.65,64791.64,0.1693,Fully Funded
SAV-10912,CUST-10912,498.55,13457.44,0.1481,Partially Funded
SAV-10913,CUST-10913,1729.5,29052.66,0.2771,Fully Funded
SAV-10914,CUST-10914,811.11,67030.01,0.1844,Fully Funded
SAV-10915,CUST-10915,813.57,17548.23,0.0918,Low
SAV-10916,CUST-10916,559.7,14631.93,0.0908,Low
SAV-10917,CUST-10917,510.8,18566.27,0.22,Fully Funded
SAV-10918,CUST-10918,624.25,30081.92,0.147,Fully Funded
SAV-10919,CUST-10919,795.27,65566.94,0.1511,Fully Funded
SAV-10920,CUST-10920,748.01,44486.88,0.1196,Fully Funded
SAV-10921,CUST-10921,372.72,19612.09,0.1104,Fully Funded
SAV-10922,CUST-10922,664.75,24974.56,0.13,Partially Funded
SAV-10923,CUST-10923,119.19,13641.44,0.1748,Fully Funded
SAV-10924,CUST-10924,253.46,17597.14,0.0912,Fully Funded
SAV-10925,CUST-10925,612.77,25169.07,0.1871,Fully Funded
SAV-10926,CUST-10926,899.06,70189.35,0.1616,Fully Funded
SAV-10927,CUST-10927,1120.82,69404.44,0.1711,Fully Funded
SAV-10928,CUST-10928,1466.25,53446.3,0.183,Fully Funded
SAV-10929,CUST-10929,418.11,27308.04,0.1145,Fully Funded
SAV-10930,CUST-10930,408.25,33084.41,0.1405,Fully Funded
SAV-10931,CUST-10931,298.27,28681.21,0.2116,Fully Funded
SAV-10932,CUST-10932,713.72,42147.17,0.1046,Fully Funded
SAV-10933,CUST-10933,1088.78,21008.57,0.1368,Partially Funded
SAV-10934,CUST-10934,161.14,8019.24,0.1294,Fully Funded
SAV-10935,CUST-10935,883.84,32225.29,0.1758,Fully Funded
SAV-10936,CUST-10936,564.36,42246.98,0.1358,Fully Funded
SAV-10937,CUST-10937,1244.58,49200.1,0.1777,Fully Funded
SAV-10938,CUST-10938,1070.8,29528.81,0.1964,Fully Funded
SAV-10939,CUST-10939,1107.64,19961.68,0.2397,Fully Funded
SAV-10940,CUST-10940,288.93,13207.45,0.0694,Partially Funded
SAV-10941,CUST-10941,585.41,9457.41,0.1337,Low
SAV-10942,CUST-10942,1067.08,30223.87,0.1843,Fully Funded
SAV-10943,CUST-10943,967.22,22614.74,0.1039,Low
SAV-10944,CUST-10944,78.83,8773.94,0.0814,Fully Funded
SAV-10945,CUST-10945,2398.35,187353.63,0.1879,Fully Funded
SAV-10946,CUST-10946,458.85,18551.37,0.126,Fully Funded
SAV-10947,CUST-10947,229.97,7623.3,0.1351,Fully Funded
SAV-10948,CUST-10948,667.22,17935.92,0.197,Fully Funded
SAV-10949,CUST-10949,1048.62,19868.2,0.1118,Low
SAV-10950,CUST-10950,1490.73,60226.86,0.2218,Fully Funded
SAV-10951,CUST-10951,1604.27,69871.52,0.1435,Fully Funded
SAV-10952,CUST-10952,1466.67,88933.97,0.1681,Fully Funded
SAV-10953,CUST-10953,572.39,19970.29,0.1869,Fully Funded
SAV-10954,CUST-10954,458.64,40662.96,0.1204,Fully Funded
SAV-10955,CUST-10955,824.55,12443.24,0.2328,Partially Funded
SAV-10956,CUST-10956,386.11,9040.16,0.1283,Partially Funded
SAV-10957,CUST-10957,648.61,63530.75,0.1223,Fully Funded
SAV-10958,CUST-10958,1704.51,34338.32,0.2281,Fully Funded
SAV-10959,CUST-10959,724.09,13908.07,0.1222,Partially Funded
SAV-10960,CUST-10960,964.61,74099.91,0.1179,Fully Funded
SAV-10961,CUST-10961,296.61,24680.37,0.0874,Fully Funded
SAV-10962,CUST-10962,878.1,28309.61,0.1759,Fully Funded
SAV-10963,CUST-10963,605.11,34008.82,0.0678,Partially Funded
SAV-10964,CUST-10964,654.41,49734.11,0.1254,Fully Funded
SAV-10965,CUST-10965,372.23,6829.34,0.0904,Low
SAV-10966,CUST-10966,808.38,48248.61,0.273,Fully Funded
SAV-10967,CUST-10967,1921.48,94432.34,0.215,Fully Funded
SAV-10968,CUST-10968,363.68,16118.32,0.1193,Fully Funded
SAV-10969,CUST-10969,1198.68,68225.97,0.184,Fully Funded
SAV-10970,CUST-10970,699.1,42233.93,0.1318,Fully Funded
SAV-10971,CUST-10971,755.18,65143.71,0.1479,Fully Funded
SAV-10972,CUST-10972,1814.22,34528.38,0.2554,Fully Funded
SAV-10973,CUST-10973,795.93,37679.93,0.0918,Partially Funded
SAV-10974,CUST-10974,3192.29,176500.1,0.2583,Fully Funded
SAV-10975,CUST-10975,1104.48,26266.89,0.171,Fully Funded
SAV-10976,CUST-10976,316.48,27869.14,0.1062,Fully Funded
SAV-10977,CUST-10977,1429.51,37499.29,0.2246,Fully Funded
SAV-10978,CUST-10978,493.68,23022.82,0.1853,Fully Funded
SAV-10979,CUST-10979,2290.47,66558.74,0.2285,Fully Funded
SAV-10980,CUST-10980,1796.1,121533.4,0.2005,Fully Funded
SAV-10981,CUST-10981,1673.2,122371.73,0.2717,Fully Funded
SAV-10982,CUST-10982,1070.09,98502.01,0.1788,Fully Funded
SAV-10983,CUST-10983,1089.34,59469.28,0.1608,Fully Funded
SAV-10984,CUST-10984,526.5,23188.99,0.0997,Partially Funded
SAV-10985,CUST-10985,662.32,13116.21,0.0953,Low
SAV-10986,CUST-10986,1363.74,31976.33,0.2399,Fully Funded
SAV-10987,CUST-10987,1553.48,125979.74,0.2388,Fully Funded
SAV-10988,CUST-10988,1532.4,76634.98,0.3199,Fully Funded
SAV-10989,CUST-10989,270.8,21357.87,0.2727,Fully Funded
SAV-10990,CUST-10990,1465.31,87280.13,0.219,Fully Funded
SAV-10991,CUST-10991,1637.94,98682.48,0.1517,Fully Funded
SAV-10992,CUST-10992,541.83,10810.96,0.118,Partially Funded
SAV-10993,CUST-10993,1401.44,47811.5,0.1659,Fully Funded
SAV-10994,CUST-10994,302.7,12730.41,0.0632,Partially Funded
SAV-10995,CUST-10995,775.17,38246.27,0.1137,Fully Funded
SAV-10996,CUST-10996,862.48,14861.31,0.1273,Low
SAV-10997,CUST-10997,754.6,11441.55,0.1508,Low
SAV-10998,CUST-10998,1440.93,30549.84,0.1749,Partially Funded
SAV-10999,CUST-10999,2224.49,207647.95,0.2398,Fully Funded
SAV-11000,CUST-11000,1334.18,82862.89,0.1333,Fully Funded
SAV-11001,CUST-11001,1199.37,66653.74,0.1316,Fully Funded
SAV-11002,CUST-11002,959.71,70324.18,0.1819,Fully Funded
SAV-11003,CUST-11003,1593.98,99490.8,0.2192,Fully Funded
SAV-11004,CUST-11004,2547.34,71741.12,0.2092,Fully Funded
SAV-11005,CUST-11005,809.13,17833.33,0.0925,Low
SAV-11006,CUST-11006,969.19,20294.06,0.2063,Fully Funded
SAV-11007,CUST-11007,1075.04,88978.58,0.3107,Fully Funded
SAV-11008,CUST-11008,1143.14,19149.63,0.1294,Partially Funded
SAV-11009,CUST-11009,435.31,38120.62,0.1106,Fully Funded
SAV-11010,CUST-11010,297.8,28134.9,0.1523,Fully Funded
SAV-11011,CUST-11011,912.61,52337.89,0.2109,Fully Funded
SAV-11012,CUST-11012,2243.39,115889.34,0.3125,Fully Funded
SAV-11013,CUST-11013,537.82,6632.79,0.1224,Low
SAV-11014,CUST-11014,969.17,37388.69,0.1588,Fully Funded
SAV-11015,CUST-11015,386.45,45373.12,0.2677,Fully Funded
SAV-11016,CUST-11016,458.48,17125.53,0.1125,Partially Funded
SAV-11017,CUST-11017,160.11,3139.3,0.2299,Fully Funded
SAV-11018,CUST-11018,1187.84,105952.88,0.28,Fully Funded
SAV-11019,CUST-11019,911.81,55567.05,0.1824,Fully Funded
SAV-11020,CUST-11020,654.11,68414.81,0.0746,Fully Funded
SAV-11021,CUST-11021,226.05,21383.34,0.158,Fully Funded
SAV-11022,CUST-11022,712.93,21610.48,0.1519,Partially Funded
SAV-11023,CUST-11023,601.22,29684.98,0.1038,Fully Funded
SAV-11024,CUST-11024,963.09,65974.3,0.1455,Fully Funded
SAV-11025,CUST-11025,1076.62,51834.18,0.1988,Fully Funded
SAV-11026,CUST-11026,536.06,8911.99,0.1373,Low
SAV-11027,CUST-11027,1339.83,88719.64,0.157,Fully Funded
SAV-11028,CUST-11028,1664.55,28092.1,0.1894,Partially Funded
SAV-11029,CUST-11029,2350.0,28706.16,0.1572,Low
SAV-11030,CUST-11030,1214.81,73874.17,0.2009,Fully Funded
SAV-11031,CUST-11031,1427.06,147484.4,0.2021,Fully Funded
SAV-11032,CUST-11032,510.24,16339.66,0.138,Partially Funded
SAV-11033,CUST-11033,731.44,17585.86,0.125,Partially Funded
SAV-11034,CUST-11034,582.11,18541.8,0.0918,Partially Funded
SAV-11035,CUST-11035,838.29,34213.84,0.117,Partially Funded
SAV-11036,CUST-11036,807.56,57546.02,0.1225,Fully Funded
SAV-11037,CUST-11037,673.43,8182.21,0.199,Partially Funded
SAV-11038,CUST-11038,1456.52,28520.03,0.1672,Partially Funded
SAV-11039,CUST-11039,393.61,7273.62,0.0605,Low
SAV-11040,CUST-11040,1586.8,47543.75,0.1526,Partially Funded
SAV-11041,CUST-11041,1014.46,89763.1,0.222,Fully Funded
SAV-11042,CUST-11042,1861.07,40900.13,0.265,Fully Funded
SAV-11043,CUST-11043,542.79,55033.96,0.0832,Fully Funded
SAV-11044,CUST-11044,817.58,67644.53,0.1538,Fully Funded
SAV-11045,CUST-11045,1045.03,42031.41,0.119,Fully Funded
SAV-11046,CUST-11046,553.13,34032.23,0.1261,Fully Funded
SAV-11047,CUST-11047,1211.65,102437.69,0.2159,Fully Funded
SAV-11048,CUST-11048,500.66,7665.38,0.0975,Low
SAV-11049,CUST-11049,784.83,87400.89,0.1589,Fully Funded
SAV-11050,CUST-11050,160.23,11863.93,0.189,Fully Funded
SAV-11051,CUST-11051,1257.74,44410.36,0.149,Fully Funded
SAV-11052,CUST-11052,1978.95,162862.46,0.2098,Fully Funded
SAV-11053,CUST-11053,1073.28,55775.54,0.0977,Fully Funded
SAV-11054,CUST-11054,770.22,18255.75,0.1753,Partially Funded
SAV-11055,CUST-11055,1386.86,30198.96,0.1646,Partially Funded
SAV-11056,CUST-11056,367.14,32292.06,0.0735,Fully Funded
SAV-11057,CUST-11057,1137.65,85298.47,0.1618,Fully Funded
SAV-11058,CUST-11058,1258.27,49484.23,0.1544,Fully Funded
SAV-11059,CUST-11059,1345.57,75381.33,0.1673,Fully Funded
SAV-11060,CUST-11060,368.77,8071.67,0.078,Low
SAV-11061,CUST-11061,322.24,23140.21,0.1203,Fully Funded
SAV-11062,CUST-11062,1233.86,26753.7,0.2403,Fully Funded
SAV-11063,CUST-11063,187.95,9833.7,0.1209,Fully Funded
SAV-11064,CUST-11064,976.9,68351.91,0.1559,Fully Funded
SAV-11065,CUST-11065,473.51,31229.24,0.0735,Partially Funded
SAV-11066,CUST-11066,958.11,61648.32,0.1532,Fully Funded
SAV-11067,CUST-11067,579.78,12047.26,0.1433,Partially Funded
SAV-11068,CUST-11068,568.76,43084.35,0.1218,Fully Funded
SAV-11069,CUST-11069,291.06,30310.42,0.1583,Fully Funded
SAV-11070,CUST-11070,1508.6,25553.05,0.2339,Fully Funded
SAV-11071,CUST-11071,774.37,36642.58,0.1322,Fully Funded
SAV-11072,CUST-11072,599.7,39160.98,0.0965,Fully Funded
SAV-11073,CUST-11073,1167.47,17289.32,0.17,Partially Funded
SAV-11074,CUST-11074,253.2,3946.0,0.0904,Low
SAV-11075,CUST-11075,698.68,41451.1,0.1399,Fully Funded
SAV-11076,CUST-11076,1640.43,52358.6,0.2553,Fully Funded
SAV-11077,CUST-11077,812.42,10557.15,0.1604,Low
SAV-11078,CUST-11078,751.42,16254.79,0.1634,Partially Funded
SAV-11079,CUST-11079,357.75,7196.04,0.1015,Low
SAV-11080,CUST-11080,1010.55,74433.7,0.1772,Fully Funded
SAV-11081,CUST-11081,764.72,49621.46,0.1098,Fully Funded
SAV-11082,CUST-11082,392.78,24707.12,0.1563,Fully Funded
SAV-11083,CUST-11083,1007.15,46338.28,0.1093,Partially Funded
SAV-11084,CUST-11084,628.27,14795.61,0.152,Partially Funded
SAV-11085,CUST-11085,1118.31,77481.38,0.131,Fully Funded
SAV-11086,CUST-11086,952.49,30397.19,0.2512,Fully Funded
SAV-11087,CUST-11087,348.75,20825.38,0.0892,Fully Funded
SAV-11088,CUST-11088,310.75,14533.55,0.1515,Fully Funded
SAV-11089,CUST-11089,206.27,11158.39,0.0379,Low
SAV-11090,CUST-11090,998.15,53094.79,0.1451,Fully Funded
SAV-11091,CUST-11091,1018.75,75309.8,0.1137,Fully Funded
SAV-11092,CUST-11092,3890.11,273631.42,0.3098,Fully Funded
SAV-11093,CUST-11093,705.85,13779.66,0.1491,Partially Funded
SAV-11094,CUST-11094,962.02,61967.6,0.1549,Fully Funded
SAV-11095,CUST-11095,670.92,14798.63,0.2591,Fully Funded
SAV-11096,CUST-11096,1234.71,24056.28,0.1751,Partially Funded
SAV-11097,CUST-11097,851.91,28992.88,0.0966,Partially Funded
SAV-11098,CUST-11098,1774.23,50867.33,0.1424,Fully Funded
SAV-11099,CUST-11099,237.37,17129.58,0.1207,Fully Funded
SAV-11100,CUST-11100,761.76,32204.14,0.147,Fully Funded
SAV-11101,CUST-11101,1065.6,36596.08,0.174,Fully Funded
SAV-11102,CUST-11102,1113.31,26879.7,0.2429,Fully Funded
SAV-11103,CUST-11103,240.65,19241.95,0.0871,Fully Funded
SAV-11104,CUST-11104,293.2,18033.53,0.06,Partially Funded
SAV-11105,CUST-11105,516.51,21405.73,0.1669,Fully Funded
SAV-11106,CUST-11106,544.68,36312.06,0.1597,Fully Funded
SAV-11107,CUST-11107,1483.42,42421.83,0.2006,Fully Funded
SAV-11108,CUST-11108,1426.13,31615.19,0.1705,Partially Funded
SAV-11109,CUST-11109,531.52,39276.33,0.1553,Fully Funded
SAV-11110,CUST-11110,546.61,25314.58,0.1995,Fully Funded
SAV-11111,CUST-11111,1804.99,157887.65,0.2523,Fully Funded
SAV-11112,CUST-11112,175.16,4784.26,0.1121,Partially Funded
SAV-11113,CUST-11113,709.15,58811.15,0.2067,Fully Funded
SAV-11114,CUST-11114,1149.76,68958.58,0.1318,Fully Funded
SAV-11115,CUST-11115,1160.58,75455.81,0.2227,Fully Funded
SAV-11116,CUST-11116,565.69,15148.58,0.1082,Partially Funded
SAV-11117,CUST-11117,570.84,39557.88,0.0996,Fully Funded
SAV-11118,CUST-11118,449.55,28782.21,0.0911,Fully Funded
SAV-11119,CUST-11119,377.42,25403.91,0.1689,Fully Funded
SAV-11120,CUST-11120,580.78,20844.67,0.1149,Partially Funded
SAV-11121,CUST-11121,977.35,11546.88,0.1565,Low
SAV-11122,CUST-11122,1146.08,52795.35,0.1385,Fully Funded
SAV-11123,CUST-11123,1027.4,89590.05,0.2514,Fully Funded
SAV-11124,CUST-11124,1055.77,81650.51,0.1731,Fully Funded
SAV-11125,CUST-11125,879.71,92111.23,0.2755,Fully Funded
SAV-11126,CUST-11126,756.94,31428.96,0.2724,Fully Funded
SAV-11127,CUST-11127,433.76,12317.47,0.1147,Partially Funded
SAV-11128,CUST-11128,983.56,91438.54,0.1381,Fully Funded
SAV-11129,CUST-11129,1019.81,66562.0,0.2197,Fully Funded
SAV-11130,CUST-11130,578.79,16329.59,0.0811,Low
SAV-11131,CUST-11131,1051.25,28347.8,0.295,Fully Funded
SAV-11132,CUST-11132,1040.27,43803.96,0.1686,Fully Funded
SAV-11133,CUST-11133,1506.85,85805.1,0.1343,Fully Funded
SAV-11134,CUST-11134,1875.06,128468.08,0.2781,Fully Funded
SAV-11135,CUST-11135,1405.51,127342.55,0.1874,Fully Funded
SAV-11136,CUST-11136,635.88,69498.43,0.1541,Fully Funded
SAV-11137,CUST-11137,379.88,8367.97,0.1056,Low
SAV-11138,CUST-11138,1811.15,140689.87,0.1949,Fully Funded
SAV-11139,CUST-11139,1362.55,85552.0,0.2328,Fully Funded
SAV-11140,CUST-11140,1425.27,102768.02,0.1433,Fully Funded
SAV-11141,CUST-11141,978.02,14740.86,0.1849,Partially Funded
SAV-11142,CUST-11142,533.27,22654.07,0.1065,Partially Funded
SAV-11143,CUST-11143,1404.69,51808.18,0.17,Fully Funded
SAV-11144,CUST-11144,2724.08,115436.64,0.2305,Fully Funded
SAV-11145,CUST-11145,882.86,94795.27,0.1772,Fully Funded
SAV-11146,CUST-11146,2102.07,114220.98,0.1288,Fully Funded
SAV-11147,CUST-11147,481.22,24198.55,0.0775,Partially Funded
SAV-11148,CUST-11148,474.47,47058.39,0.0709,Fully Funded
SAV-11149,CUST-11149,593.56,20071.01,0.2607,Fully Funded
SAV-11150,CUST-11150,291.05,27130.32,0.2064,Fully Funded
SAV-11151,CUST-11151,2025.82,40560.47,0.1632,Partially Funded
SAV-11152,CUST-11152,898.9,33347.7,0.2648,Fully Funded
SAV-11153,CUST-11153,407.65,12506.33,0.1136,Partially Funded
SAV-11154,CUST-11154,91.75,5302.05,0.1368,Fully Funded
SAV-11155,CUST-11155,489.86,31013.18,0.1533,Fully Funded
SAV-11156,CUST-11156,1215.68,112795.28,0.1612,Fully Funded
SAV-11157,CUST-11157,902.25,71428.53,0.122,Fully Funded
SAV-11158,CUST-11158,802.44,45180.7,0.0843,Partially Funded
SAV-11159,CUST-11159,1160.99,25418.52,0.1354,Partially Funded
SAV-11160,CUST-11160,726.29,49543.97,0.189,Fully Funded
SAV-11161,CUST-11161,720.38,11793.06,0.1787,Partially Funded
SAV-11162,CUST-11162,1519.04,78697.06,0.1552,Fully Funded
SAV-11163,CUST-11163,795.62,33203.37,0.2333,Fully Funded
SAV-11164,CUST-11164,2495.58,182006.43,0.3392,Fully Funded
SAV-11165,CUST-11165,1057.66,12880.17,0.1672,Low
SAV-11166,CUST-11166,1585.17,29406.48,0.1712,Partially Funded
SAV-11167,CUST-11167,1519.23,150580.07,0.1953,Fully Funded
SAV-11168,CUST-11168,879.07,82796.77,0.2234,Fully Funded
SAV-11169,CUST-11169,957.22,60455.18,0.1835,Fully Funded
SAV-11170,CUST-11170,483.06,8102.48,0.115,Low
SAV-11171,CUST-11171,744.45,18461.39,0.0847,Low
SAV-11172,CUST-11172,939.88,20329.89,0.1165,Partially Funded
SAV-11173,CUST-11173,80.25,2152.67,0.128,Partially Funded
SAV-11174,CUST-11174,1892.46,29706.18,0.2646,Fully Funded
SAV-11175,CUST-11175,1368.79,49372.63,0.2188,Fully Funded
SAV-11176,CUST-11176,574.91,17767.64,0.1892,Fully Funded
SAV-11177,CUST-11177,593.64,13401.06,0.0954,Low
SAV-11178,CUST-11178,58.31,2719.96,0.0743,Partially Funded
SAV-11179,CUST-11179,101.71,6582.82,0.1308,Fully Funded
SAV-11180,CUST-11180,1222.98,49780.67,0.1898,Fully Funded
SAV-11181,CUST-11181,697.45,25747.12,0.2024,Fully Funded
SAV-11182,CUST-11182,633.95,56725.76,0.1861,Fully Funded
SAV-11183,CUST-11183,1267.54,91312.55,0.2067,Fully Funded
SAV-11184,CUST-11184,2261.72,31138.24,0.2183,Partially Funded
SAV-11185,CUST-11185,239.44,21444.66,0.1655,Fully Funded
SAV-11186,CUST-11186,122.25,5662.45,0.1313,Fully Funded
SAV-11187,CUST-11187,627.67,54508.43,0.0889,Fully Funded
SAV-11188,CUST-11188,1003.09,82349.13,0.1627,Fully Funded
SAV-11189,CUST-11189,569.63,47443.69,0.1426,Fully Funded
SAV-11190,CUST-11190,2046.48,30726.59,0.223,Partially Funded
SAV-11191,CUST-11191,844.8,52055.13,0.1601,Fully Funded
SAV-11192,CUST-11192,718.46,38960.39,0.1191,Fully Funded
SAV-11193,CUST-11193,138.56,9776.74,0.1222,Fully Funded
SAV-11194,CUST-11194,402.93,4132.74,0.1863,Low
SAV-11195,CUST-11195,534.95,31852.32,0.1647,Fully Funded
SAV-11196,CUST-11196,1644.98,132138.06,0.1308,Fully Funded
SAV-11197,CUST-11197,685.3,60179.47,0.1564,Fully Funded
SAV-11198,CUST-11198,584.66,23889.18,0.0725,Partially Funded
SAV-11199,CUST-11199,453.11,40396.0,0.1166,Fully Funded
SAV-11200,CUST-11200,637.64,18520.94,0.1504,Fully Funded
SAV-11201,CUST-11201,688.97,40108.3,0.114,Fully Funded
SAV-11202,CUST-11202,600.84,11144.4,0.1486,Partially Funded
SAV-11203,CUST-11203,290.46,3223.15,0.078,Low
SAV-11204,CUST-11204,1447.04,110456.96,0.1205,Fully Funded
SAV-11205,CUST-11205,2671.91,105854.31,0.2587,Fully Funded
SAV-11206,CUST-11206,893.67,14214.24,0.1801,Partially Funded
SAV-11207,CUST-11207,1270.95,120276.0,0.1605,Fully Funded
SAV-11208,CUST-11208,1009.96,36990.39,0.1256,Fully Funded
SAV-11209,CUST-11209,709.82,59792.48,0.0827,Fully Funded
SAV-11210,CUST-11210,706.2,61395.34,0.1574,Fully Funded
SAV-11211,CUST-11211,831.34,47457.78,0.2058,Fully Funded
SAV-11212,CUST-11212,775.27,79181.35,0.0861,Fully Funded
SAV-11213,CUST-11213,1006.64,26012.14,0.1676,Partially Funded
SAV-11214,CUST-11214,799.56,68110.04,0.1526,Fully Funded
SAV-11215,CUST-11215,802.57,57538.96,0.0822,Fully Funded
SAV-11216,CUST-11216,1678.84,138231.09,0.2216,Fully Funded
SAV-11217,CUST-11217,823.37,62581.68,0.1394,Fully Funded
SAV-11218,CUST-11218,923.1,21805.76,0.1812,Fully Funded
SAV-11219,CUST-11219,1622.38,73011.55,0.1641,Fully Funded
SAV-11220,CUST-11220,726.06,84779.63,0.1564,Fully Funded
SAV-11221,CUST-11221,380.23,27351.94,0.1666,Fully Funded
SAV-11222,CUST-11222,802.5,56819.1,0.0889,Fully Funded
SAV-11223,CUST-11223,1055.98,43410.82,0.1782,Fully Funded
SAV-11224,CUST-11224,531.65,30563.74,0.1162,Fully Funded
SAV-11225,CUST-11225,1323.65,30146.35,0.1049,Partially Funded
SAV-11226,CUST-11226,1524.1,18109.15,0.243,Partially Funded
SAV-11227,CUST-11227,540.36,41240.15,0.0768,Fully Funded
SAV-11228,CUST-11228,498.65,6995.29,0.1147,Low
SAV-11229,CUST-11229,548.28,11404.63,0.0997,Low
SAV-11230,CUST-11230,303.66,13543.41,0.1843,Fully Funded
SAV-11231,CUST-11231,853.55,83013.04,0.0849,Fully Funded
SAV-11232,CUST-11232,430.92,35689.51,0.11,Fully Funded
SAV-11233,CUST-11233,471.63,32520.32,0.0931,Fully Funded
SAV-11234,CUST-11234,656.86,32606.34,0.1609,Fully Funded
SAV-11235,CUST-11235,1245.91,81291.95,0.2981,Fully Funded
SAV-11236,CUST-11236,945.3,72366.05,0.1006,Fully Funded
SAV-11237,CUST-11237,165.07,9393.81,0.1505,Fully Funded
SAV-11238,CUST-11238,867.73,25390.65,0.1504,Partially Funded
SAV-11239,CUST-11239,1348.32,63265.07,0.1712,Fully Funded
SAV-11240,CUST-11240,570.03,43108.51,0.1039,Fully Funded
SAV-11241,CUST-11241,1165.2,33518.3,0.1655,Fully Funded
SAV-11242,CUST-11242,755.52,36426.46,0.1258,Fully Funded
SAV-11243,CUST-11243,2008.81,142757.69,0.2668,Fully Funded
SAV-11244,CUST-11244,62.35,3459.61,0.0871,Partially Funded
SAV-11245,CUST-11245,1469.84,123056.01,0.1756,Fully Funded
SAV-11246,CUST-11246,2022.32,162486.86,0.1384,Fully Funded
SAV-11247,CUST-11247,1072.19,61853.52,0.1416,Fully Funded
SAV-11248,CUST-11248,951.93,46222.63,0.1699,Fully Funded
SAV-11249,CUST-11249,490.4,42979.29,0.161,Fully Funded
SAV-11250,CUST-11250,371.36,44671.92,0.097,Fully Funded
SAV-11251,CUST-11251,624.73,42258.87,0.2269,Fully Funded
SAV-11252,CUST-11252,1216.33,91080.52,0.1147,Fully Funded
SAV-11253,CUST-11253,2999.27,333701.96,0.1879,Fully Funded
SAV-11254,CUST-11254,676.36,51432.57,0.1388,Fully Funded
SAV-11255,CUST-11255,1465.54,52750.62,0.2661,Fully Funded
SAV-11256,CUST-11256,393.9,33522.01,0.0846,Fully Funded
SAV-11257,CUST-11257,664.69,44013.05,0.0986,Fully Funded
SAV-11258,CUST-11258,453.26,29925.24,0.0839,Fully Funded
SAV-11259,CUST-11259,1092.91,66462.82,0.1513,Fully Funded
SAV-11260,CUST-11260,2825.25,44894.68,0.2114,Partially Funded
SAV-11261,CUST-11261,421.28,16149.81,0.0727,Partially Funded
SAV-11262,CUST-11262,832.86,35478.8,0.1917,Fully Funded
SAV-11263,CUST-11263,873.56,50507.78,0.1555,Fully Funded
SAV-11264,CUST-11264,1093.83,40966.62,0.2258,Fully Funded
SAV-11265,CUST-11265,826.51,52152.56,0.1718,Fully Funded
SAV-11266,CUST-11266,142.9,6328.5,0.107,Partially Funded
SAV-11267,CUST-11267,1324.17,30647.33,0.2174,Fully Funded
SAV-11268,CUST-11268,1028.59,90812.17,0.1482,Fully Funded
SAV-11269,CUST-11269,250.93,8404.52,0.1085,Partially Funded
SAV-11270,CUST-11270,994.79,17653.99,0.1177,Low
SAV-11271,CUST-11271,2443.85,73389.21,0.2632,Fully Funded
SAV-11272,CUST-11272,949.95,39960.2,0.1384,Fully Funded
SAV-11273,CUST-11273,959.18,58476.51,0.1769,Fully Funded
SAV-11274,CUST-11274,244.07,25332.66,0.1753,Fully Funded
SAV-11275,CUST-11275,677.73,25205.13,0.1455,Fully Funded
SAV-11276,CUST-11276,1650.41,45687.67,0.1576,Partially Funded
SAV-11277,CUST-11277,1133.33,59175.52,0.1774,Fully Funded
SAV-11278,CUST-11278,247.4,15498.48,0.1354,Fully Funded
SAV-11279,CUST-11279,592.09,14559.93,0.1305,Partially Funded
SAV-11280,CUST-11280,1181.71,39669.63,0.1237,Partially Funded
SAV-11281,CUST-11281,1131.18,82484.83,0.1348,Fully Funded
SAV-11282,CUST-11282,782.96,16076.9,0.1301,Partially Funded
SAV-11283,CUST-11283,458.15,33459.89,0.059,Partially Funded
SAV-11284,CUST-11284,1667.78,134492.84,0.2293,Fully Funded
SAV-11285,CUST-11285,730.3,86514.58,0.1837,Fully Funded
SAV-11286,CUST-11286,107.81,4627.76,0.1805,Fully Funded
SAV-11287,CUST-11287,597.28,23797.13,0.1383,Fully Funded
SAV-11288,CUST-11288,404.53,26395.76,0.1043,Fully Funded
SAV-11289,CUST-11289,354.74,26485.52,0.1018,Fully Funded
SAV-11290,CUST-11290,97.48,1870.65,0.1104,Low
SAV-11291,CUST-11291,483.06,16214.99,0.1375,Fully Funded
SAV-11292,CUST-11292,1049.85,82936.7,0.1479,Fully Funded
SAV-11293,CUST-11293,861.46,52310.94,0.1559,Fully Funded
SAV-11294,CUST-11294,893.83,99028.17,0.167,Fully Funded
SAV-11295,CUST-11295,1436.5,101915.63,0.1901,Fully Funded
SAV-11296,CUST-11296,2206.24,34319.97,0.1863,Partially Funded
SAV-11297,CUST-11297,1396.79,84609.04,0.1372,Fully Funded
SAV-11298,CUST-11298,2115.78,74662.23,0.1867,Fully Funded
SAV-11299,CUST-11299,379.37,23838.39,0.0978,Fully Funded
SAV-11300,CUST-11300,1185.8,75903.8,0.1672,Fully Funded
SAV-11301,CUST-11301,1483.4,38610.67,0.2073,Fully Funded
SAV-11302,CUST-11302,644.67,34326.41,0.1276,Fully Funded
SAV-11303,CUST-11303,734.96,42162.92,0.1935,Fully Funded
SAV-11304,CUST-11304,1149.53,55432.19,0.1483,Fully Funded
SAV-11305,CUST-11305,450.72,37861.72,0.1652,Fully Funded
SAV-11306,CUST-11306,1249.89,124626.77,0.196,Fully Funded
SAV-11307,CUST-11307,1047.26,35785.89,0.1113,Partially Funded
SAV-11308,CUST-11308,143.07,4828.73,0.1089,Partially Funded
SAV-11309,CUST-11309,1678.69,95932.58,0.1528,Fully Funded
SAV-11310,CUST-11310,1113.15,66729.64,0.1585,Fully Funded
SAV-11311,CUST-11311,2262.94,79024.72,0.2522,Fully Funded
SAV-11312,CUST-11312,295.01,13196.49,0.1023,Partially Funded
SAV-11313,CUST-11313,1270.56,47559.01,0.1933,Fully Funded
SAV-11314,CUST-11314,1194.62,80068.51,0.16,Fully Funded
SAV-11315,CUST-11315,1277.45,35180.01,0.2025,Fully Funded
SAV-11316,CUST-11316,816.21,38541.11,0.2241,Fully Funded
SAV-11317,CUST-11317,1414.94,166700.8,0.2236,Fully Funded
SAV-11318,CUST-11318,1555.68,48490.61,0.1471,Partially Funded
SAV-11319,CUST-11319,902.1,55143.85,0.0838,Fully Funded
SAV-11320,CUST-11320,2556.35,168932.94,0.2179,Fully Funded
SAV-11321,CUST-11321,135.92,9244.42,0.1021,Fully Funded
SAV-11322,CUST-11322,806.12,14960.39,0.1173,Low
SAV-11323,CUST-11323,1109.67,56350.96,0.1683,Fully Funded
SAV-11324,CUST-11324,932.36,55590.97,0.1829,Fully Funded
SAV-11325,CUST-11325,607.93,24720.81,0.1351,Fully Funded
SAV-11326,CUST-11326,552.69,23059.96,0.1114,Partially Funded
SAV-11327,CUST-11327,723.81,37415.84,0.1676,Fully Funded
SAV-11328,CUST-11328,1033.32,47090.28,0.1737,Fully Funded
SAV-11329,CUST-11329,737.72,78576.7,0.1518,Fully Funded
SAV-11330,CUST-11330,355.42,9775.2,0.1421,Partially Funded
SAV-11331,CUST-11331,331.59,24138.1,0.0695,Partially Funded
SAV-11332,CUST-11332,473.49,16333.67,0.0782,Partially Funded
SAV-11333,CUST-11333,2907.79,84929.48,0.2589,Fully Funded
SAV-11334,CUST-11334,1059.29,63446.91,0.1665,Fully Funded
SAV-11335,CUST-11335,1438.2,105627.54,0.2159,Fully Funded
SAV-11336,CUST-11336,1858.23,93926.53,0.1216,Fully Funded
SAV-11337,CUST-11337,790.55,12572.82,0.2021,Partially Funded
SAV-11338,CUST-11338,376.05,18791.93,0.2151,Fully Funded
SAV-11339,CUST-11339,1053.3,37895.75,0.2989,Fully Funded
SAV-11340,CUST-11340,219.01,8002.6,0.1383,Fully Funded
SAV-11341,CUST-11341,1561.46,124524.96,0.1933,Fully Funded
SAV-11342,CUST-11342,2087.11,116207.92,0.193,Fully Funded
SAV-11343,CUST-11343,646.53,21186.27,0.154,Fully Funded
SAV-11344,CUST-11344,552.2,20376.8,0.0806,Partially Funded
SAV-11345,CUST-11345,1864.12,150872.39,0.1562,Fully Funded
SAV-11346,CUST-11346,547.59,41637.22,0.0935,Fully Funded
SAV-11347,CUST-11347,1219.63,34127.83,0.1142,Partially Funded
SAV-11348,CUST-11348,862.48,90149.78,0.1938,Fully Funded
SAV-11349,CUST-11349,1236.95,62359.1,0.1914,Fully Funded
SAV-11350,CUST-11350,546.89,31694.07,0.1469,Fully Funded
SAV-11351,CUST-11351,1237.49,92287.71,0.2081,Fully Funded
SAV-11352,CUST-11352,863.29,60881.03,0.2013,Fully Funded
SAV-11353,CUST-11353,789.36,84309.15,0.2435,Fully Funded
SAV-11354,CUST-11354,1185.14,71170.92,0.2169,Fully Funded
SAV-11355,CUST-11355,1007.49,26185.84,0.1747,Partially Funded
SAV-11356,CUST-11356,1408.83,52575.57,0.0908,Partially Funded
SAV-11357,CUST-11357,1010.89,58476.08,0.1972,Fully Funded
SAV-11358,CUST-11358,1485.7,132823.7,0.2075,Fully Funded
SAV-11359,CUST-11359,732.75,46078.54,0.1664,Fully Funded
SAV-11360,CUST-11360,1112.87,63095.5,0.1495,Fully Funded
SAV-11361,CUST-11361,1089.08,19561.13,0.1151,Low
SAV-11362,CUST-11362,726.1,37300.97,0.176,Fully Funded
SAV-11363,CUST-11363,925.19,77392.97,0.176,Fully Funded
SAV-11364,CUST-11364,745.89,22095.57,0.2338,Fully Funded
SAV-11365,CUST-11365,1064.97,34744.62,0.2451,Fully Funded
SAV-11366,CUST-11366,1338.91,52273.19,0.2361,Fully Funded
SAV-11367,CUST-11367,958.41,41210.87,0.1159,Partially Funded
SAV-11368,CUST-11368,264.49,16638.72,0.1859,Fully Funded
SAV-11369,CUST-11369,1155.37,89478.16,0.1179,Fully Funded
SAV-11370,CUST-11370,963.69,83017.36,0.1319,Fully Funded
SAV-11371,CUST-11371,35.98,3352.32,0.0602,Fully Funded
SAV-11372,CUST-11372,376.52,29263.52,0.1595,Fully Funded
SAV-11373,CUST-11373,598.78,26566.76,0.0994,Partially Funded
SAV-11374,CUST-11374,585.9,34185.94,0.119,Fully Funded
SAV-11375,CUST-11375,1203.0,80402.03,0.0937,Fully Funded
SAV-11376,CUST-11376,889.78,23461.82,0.0742,Low
SAV-11377,CUST-11377,448.3,22004.39,0.1125,Fully Funded
SAV-11378,CUST-11378,1038.88,47488.25,0.1612,Fully Funded
SAV-11379,CUST-11379,855.18,38615.0,0.1975,Fully Funded
SAV-11380,CUST-11380,1097.21,96355.74,0.204,Fully Funded
SAV-11381,CUST-11381,143.47,8780.22,0.1423,Fully Funded
SAV-11382,CUST-11382,1574.52,147186.67,0.2705,Fully Funded
SAV-11383,CUST-11383,1146.6,84655.56,0.2045,Fully Funded
SAV-11384,CUST-11384,472.61,7406.18,0.138,Partially Funded
SAV-11385,CUST-11385,1866.32,35013.5,0.2172,Partially Funded
SAV-11386,CUST-11386,652.49,20200.5,0.1493,Fully Funded
SAV-11387,CUST-11387,700.81,19118.96,0.1326,Partially Funded
SAV-11388,CUST-11388,779.56,41332.42,0.2529,Fully Funded
SAV-11389,CUST-11389,1143.47,95577.31,0.2326,Fully Funded
SAV-11390,CUST-11390,663.71,21238.24,0.1344,Partially Funded
SAV-11391,CUST-11391,1345.44,90825.07,0.2138,Fully Funded
SAV-11392,CUST-11392,142.36,9608.08,0.1226,Fully Funded
SAV-11393,CUST-11393,1467.83,73779.85,0.2137,Fully Funded
SAV-11394,CUST-11394,900.06,54835.65,0.1251,Fully Funded
SAV-11395,CUST-11395,1279.43,114168.06,0.2283,Fully Funded
SAV-11396,CUST-11396,1092.7,17719.55,0.2233,Partially Funded
SAV-11397,CUST-11397,536.14,6511.87,0.2029,Partially Funded
SAV-11398,CUST-11398,623.66,45121.15,0.1594,Fully Funded
SAV-11399,CUST-11399,1807.56,44606.73,0.1335,Partially Funded
SAV-11400,CUST-11400,1708.15,97221.55,0.1616,Fully Funded
SAV-11401,CUST-11401,506.01,14300.5,0.1054,Partially Funded
SAV-11402,CUST-11402,1207.17,76802.69,0.1505,Fully Funded
SAV-11403,CUST-11403,626.57,27329.02,0.101,Partially Funded
SAV-11404,CUST-11404,1208.69,34220.39,0.2361,Fully Funded
SAV-11405,CUST-11405,725.18,39043.26,0.1238,Fully Funded
SAV-11406,CUST-11406,783.34,23846.58,0.0785,Low
SAV-11407,CUST-11407,573.5,22315.76,0.1371,Fully Funded
SAV-11408,CUST-11408,472.33,7565.87,0.1253,Low
SAV-11409,CUST-11409,1102.01,107276.82,0.1469,Fully Funded
SAV-11410,CUST-11410,457.46,13440.11,0.1127,Partially Funded
SAV-11411,CUST-11411,426.63,11349.27,0.1359,Partially Funded
SAV-11412,CUST-11412,1049.11,60180.02,0.2298,Fully Funded
SAV-11413,CUST-11413,1620.41,51672.12,0.1675,Fully Funded
SAV-11414,CUST-11414,1298.57,21975.82,0.291,Fully Funded
SAV-11415,CUST-11415,324.73,30935.31,0.1577,Fully Funded
SAV-11416,CUST-11416,624.09,19498.99,0.0656,Low
SAV-11417,CUST-11417,190.62,3867.43,0.132,Partially Funded
SAV-11418,CUST-11418,601.3,6980.52,0.1429,Low
SAV-11419,CUST-11419,848.25,28196.01,0.1437,Fully Funded
SAV-11420,CUST-11420,474.21,5638.95,0.0707,No Fund
SAV-11421,CUST-11421,978.14,47033.95,0.1254,Fully Funded
SAV-11422,CUST-11422,1077.8,30671.47,0.2983,Fully Funded
SAV-11423,CUST-11423,2596.12,70373.75,0.2154,Fully Funded
SAV-11424,CUST-11424,262.07,18172.59,0.1549,Fully Funded
SAV-11425,CUST-11425,1078.67,62731.9,0.1232,Fully Funded
SAV-11426,CUST-11426,1105.15,55383.46,0.2598,Fully Funded
SAV-11427,CUST-11427,447.8,25139.49,0.1438,Fully Funded
SAV-11428,CUST-11428,331.53,18243.47,0.0589,Partially Funded
SAV-11429,CUST-11429,736.81,16571.74,0.1275,Partially Funded
SAV-11430,CUST-11430,1276.45,123475.93,0.1823,Fully Funded
SAV-11431,CUST-11431,1533.87,73260.42,0.1882,Fully Funded
SAV-11432,CUST-11432,755.62,74182.53,0.1983,Fully Funded
SAV-11433,CUST-11433,429.43,20029.8,0.1376,Fully Funded
SAV-11434,CUST-11434,1432.22,121221.66,0.1902,Fully Funded
SAV-11435,CUST-11435,1355.83,144567.93,0.2136,Fully Funded
SAV-11436,CUST-11436,1434.5,32788.59,0.2477,Fully Funded
SAV-11437,CUST-11437,542.44,44774.81,0.144,Fully Funded
SAV-11438,CUST-11438,480.98,23435.77,0.0799,Partially Funded
SAV-11439,CUST-11439,1026.76,50399.96,0.1776,Fully Funded
SAV-11440,CUST-11440,1011.48,17747.75,0.1543,Partially Funded
SAV-11441,CUST-11441,514.12,25047.16,0.0778,Partially Funded
SAV-11442,CUST-11442,846.45,65155.12,0.0808,Fully Funded
SAV-11443,CUST-11443,547.69,31970.01,0.0977,Fully Funded
SAV-11444,CUST-11444,141.55,5218.05,0.1072,Partially Funded
SAV-11445,CUST-11445,1136.97,60372.15,0.1145,Fully Funded
SAV-11446,CUST-11446,931.95,30792.56,0.1351,Partially Funded
SAV-11447,CUST-11447,1574.98,57946.11,0.2024,Fully Funded
SAV-11448,CUST-11448,1582.73,106199.27,0.209,Fully Funded
SAV-11449,CUST-11449,1257.48,36668.31,0.1496,Partially Funded
SAV-11450,CUST-11450,375.56,41961.0,0.1204,Fully Funded
SAV-11451,CUST-11451,1200.62,45368.33,0.1951,Fully Funded
SAV-11452,CUST-11452,391.31,26588.81,0.0719,Partially Funded
SAV-11453,CUST-11453,543.91,30565.48,0.0989,Fully Funded
SAV-11454,CUST-11454,163.13,9377.33,0.156,Fully Funded
SAV-11455,CUST-11455,580.08,17439.77,0.1067,Partially Funded
SAV-11456,CUST-11456,899.75,25087.79,0.2165,Fully Funded
SAV-11457,CUST-11457,514.11,29901.16,0.0777,Partially Funded
SAV-11458,CUST-11458,1446.69,32727.73,0.1577,Partially Funded
SAV-11459,CUST-11459,628.08,46117.56,0.1056,Fully Funded
SAV-11460,CUST-11460,832.9,55507.78,0.0834,Fully Funded
SAV-11461,CUST-11461,405.74,36716.36,0.0797,Fully Funded
SAV-11462,CUST-11462,664.7,12640.88,0.1033,Low
SAV-11463,CUST-11463,868.66,61744.58,0.2205,Fully Funded
SAV-11464,CUST-11464,711.15,52050.98,0.1493,Fully Funded
SAV-11465,CUST-11465,1094.76,88167.82,0.1771,Fully Funded
SAV-11466,CUST-11466,912.04,95933.89,0.2167,Fully Funded
SAV-11467,CUST-11467,627.14,30489.46,0.1287,Fully Funded
SAV-11468,CUST-11468,1025.53,28602.02,0.1856,Fully Funded
SAV-11469,CUST-11469,967.68,35296.39,0.2174,Fully Funded
SAV-11470,CUST-11470,1256.87,33265.65,0.1771,Fully Funded
SAV-11471,CUST-11471,1740.44,79955.04,0.2265,Fully Funded
SAV-11472,CUST-11472,211.62,9283.03,0.2128,Fully Funded
SAV-11473,CUST-11473,589.84,49053.86,0.1077,Fully Funded
SAV-11474,CUST-11474,651.94,60847.32,0.1266,Fully Funded
SAV-11475,CUST-11475,541.92,19600.78,0.1359,Fully Funded
SAV-11476,CUST-11476,4469.92,142828.89,0.1918,Fully Funded
SAV-11477,CUST-11477,221.55,14685.21,0.1141,Fully Funded
SAV-11478,CUST-11478,1993.79,122386.4,0.2874,Fully Funded
SAV-11479,CUST-11479,434.77,47432.06,0.1196,Fully Funded
SAV-11480,CUST-11480,1329.83,109606.76,0.1184,Fully Funded
SAV-11481,CUST-11481,605.47,43945.6,0.0942,Fully Funded
SAV-11482,CUST-11482,2921.33,91298.64,0.2584,Fully Funded
SAV-11483,CUST-11483,875.09,51410.98,0.109,Fully Funded
SAV-11484,CUST-11484,659.11,66515.12,0.1249,Fully Funded
SAV-11485,CUST-11485,1328.41,93181.22,0.1733,Fully Funded
SAV-11486,CUST-11486,273.97,5523.91,0.1506,Partially Funded
SAV-11487,CUST-11487,1085.49,111484.66,0.1357,Fully Funded
SAV-11488,CUST-11488,445.26,12313.52,0.1148,Partially Funded
SAV-11489,CUST-11489,678.19,33988.35,0.1359,Fully Funded
SAV-11490,CUST-11490,478.6,34790.64,0.1132,Fully Funded
SAV-11491,CUST-11491,2146.97,128971.31,0.1776,Fully Funded
SAV-11492,CUST-11492,992.27,14862.8,0.1441,Low
SAV-11493,CUST-11493,619.64,40131.5,0.0838,Fully Funded
SAV-11494,CUST-11494,610.35,26501.97,0.1509,Fully Funded
SAV-11495,CUST-11495,815.11,10401.28,0.1056,Low
SAV-11496,CUST-11496,647.3,26614.42,0.131,Fully Funded
SAV-11497,CUST-11497,1672.76,80362.65,0.2447,Fully Funded
SAV-11498,CUST-11498,989.88,13406.16,0.1528,Low
SAV-11499,CUST-11499,1139.59,54422.31,0.1556,Fully Funded
SAV-11500,CUST-11500,1328.45,70072.65,0.2448,Fully Funded
SAV-11501,CUST-11501,1393.93,110792.52,0.2294,Fully Funded
SAV-11502,CUST-11502,1513.76,73196.11,0.1409,Fully Funded
SAV-11503,CUST-11503,1202.52,63507.16,0.2734,Fully Funded
SAV-11504,CUST-11504,988.45,60142.93,0.1251,Fully Funded
SAV-11505,CUST-11505,2611.28,143186.99,0.1615,Fully Funded
SAV-11506,CUST-11506,1081.55,99987.96,0.1343,Fully Funded
SAV-11507,CUST-11507,1057.63,64588.14,0.1642,Fully Funded
SAV-11508,CUST-11508,699.38,9545.07,0.1343,Low
SAV-11509,CUST-11509,1895.58,148113.14,0.1746,Fully Funded
SAV-11510,CUST-11510,372.01,7710.66,0.1217,Partially Funded
SAV-11511,CUST-11511,1304.94,143584.74,0.1526,Fully Funded
SAV-11512,CUST-11512,989.23,28842.89,0.1459,Fully Funded
SAV-11513,CUST-11513,519.2,56543.94,0.1135,Fully Funded
SAV-11514,CUST-11514,718.52,24846.47,0.0787,Partially Funded
SAV-11515,CUST-11515,1142.17,27486.75,0.1616,Partially Funded
SAV-11516,CUST-11516,1755.53,18080.69,0.2338,Partially Funded
SAV-11517,CUST-11517,1807.06,44665.16,0.146,Partially Funded
SAV-11518,CUST-11518,197.97,18330.98,0.1515,Fully Funded
SAV-11519,CUST-11519,1173.04,129537.41,0.1906,Fully Funded
SAV-11520,CUST-11520,1055.54,62189.37,0.139,Fully Funded
SAV-11521,CUST-11521,578.46,46718.67,0.1334,Fully Funded
SAV-11522,CUST-11522,899.24,21749.56,0.2561,Fully Funded
SAV-11523,CUST-11523,766.21,49919.89,0.1436,Fully Funded
SAV-11524,CUST-11524,633.34,25047.98,0.1007,Partially Funded
SAV-11525,CUST-11525,806.01,10783.24,0.1465,Low
SAV-11526,CUST-11526,1293.66,61256.22,0.1849,Fully Funded
SAV-11527,CUST-11527,1441.49,102342.64,0.1919,Fully Funded
SAV-11528,CUST-11528,903.61,12616.58,0.1549,Low
SAV-11529,CUST-11529,1448.85,60224.28,0.1493,Fully Funded
SAV-11530,CUST-11530,2111.89,158807.02,0.1541,Fully Funded
SAV-11531,CUST-11531,983.41,40073.46,0.1287,Fully Funded
SAV-11532,CUST-11532,163.95,6681.35,0.1239,Fully Funded
SAV-11533,CUST-11533,1344.17,46125.86,0.1303,Fully Funded
SAV-11534,CUST-11534,865.17,34933.04,0.1371,Fully Funded
SAV-11535,CUST-11535,718.89,64225.56,0.1494,Fully Funded
SAV-11536,CUST-11536,787.72,13858.75,0.1357,Low
SAV-11537,CUST-11537,420.98,34873.78,0.0916,Fully Funded
SAV-11538,CUST-11538,611.86,36206.63,0.0862,Fully Funded
SAV-11539,CUST-11539,719.37,30813.33,0.1107,Partially Funded
SAV-11540,CUST-11540,1183.97,48429.45,0.163,Fully Funded
SAV-11541,CUST-11541,1660.2,122825.49,0.1867,Fully Funded
SAV-11542,CUST-11542,747.33,12863.89,0.1813,Partially Funded
SAV-11543,CUST-11543,1844.56,62916.77,0.2195,Fully Funded
SAV-11544,CUST-11544,767.05,53880.87,0.1657,Fully Funded
SAV-11545,CUST-11545,1709.46,52920.03,0.1931,Fully Funded
SAV-11546,CUST-11546,1235.64,105569.29,0.1357,Fully Funded
SAV-11547,CUST-11547,1995.64,110196.9,0.2952,Fully Funded
SAV-11548,CUST-11548,1729.65,25531.29,0.2686,Partially Funded
SAV-11549,CUST-11549,241.31,15383.06,0.1734,Fully Funded
SAV-11550,CUST-11550,1023.81,24650.98,0.1657,Partially Funded
SAV-11551,CUST-11551,1336.61,49066.46,0.1988,Fully Funded
SAV-11552,CUST-11552,657.05,41374.3,0.1646,Fully Funded
SAV-11553,CUST-11553,1991.69,72386.2,0.2586,Fully Funded
SAV-11554,CUST-11554,1658.09,41006.33,0.1459,Partially Funded
SAV-11555,CUST-11555,382.74,21269.91,0.0985,Fully Funded
SAV-11556,CUST-11556,1329.86,29487.92,0.2049,Fully Funded
SAV-11557,CUST-11557,820.6,60213.05,0.1221,Fully Funded
SAV-11558,CUST-11558,1573.55,58947.82,0.1613,Fully Funded
SAV-11559,CUST-11559,1030.6,62124.96,0.1586,Fully Funded
SAV-11560,CUST-11560,2014.05,33507.83,0.2715,Fully Funded
SAV-11561,CUST-11561,1441.61,23397.64,0.2368,Partially Funded
SAV-11562,CUST-11562,1571.28,107601.03,0.1745,Fully Funded
SAV-11563,CUST-11563,1311.42,79919.14,0.1832,Fully Funded
SAV-11564,CUST-11564,95.72,7675.23,0.1307,Fully Funded
SAV-11565,CUST-11565,941.18,20212.56,0.1494,Partially Funded
SAV-11566,CUST-11566,941.25,62967.18,0.1918,Fully Funded
SAV-11567,CUST-11567,1107.76,16437.38,0.2459,Partially Funded
SAV-11568,CUST-11568,724.19,78414.64,0.2246,Fully Funded
SAV-11569,CUST-11569,452.94,23741.38,0.1187,Fully Funded
SAV-11570,CUST-11570,801.38,29639.33,0.0963,Partially Funded
SAV-11571,CUST-11571,639.2,42544.43,0.138,Fully Funded
SAV-11572,CUST-11572,523.32,35268.46,0.1294,Fully Funded
SAV-11573,CUST-11573,1614.18,143057.31,0.197,Fully Funded
SAV-11574,CUST-11574,2380.83,127498.26,0.2242,Fully Funded
SAV-11575,CUST-11575,952.45,12899.61,0.1043,Low
SAV-11576,CUST-11576,1249.28,53654.25,0.2225,Fully Funded
SAV-11577,CUST-11577,727.52,15039.11,0.1408,Partially Funded
SAV-11578,CUST-11578,961.4,34662.79,0.2569,Fully Funded
SAV-11579,CUST-11579,410.25,22278.96,0.1701,Fully Funded
SAV-11580,CUST-11580,1504.93,66992.24,0.219,Fully Funded
SAV-11581,CUST-11581,1205.43,76459.21,0.1329,Fully Funded
SAV-11582,CUST-11582,989.38,39235.75,0.1525,Fully Funded
SAV-11583,CUST-11583,761.17,45783.64,0.1268,Fully Funded
SAV-11584,CUST-11584,953.47,87903.55,0.1128,Fully Funded
SAV-11585,CUST-11585,768.48,16161.88,0.1373,Partially Funded
SAV-11586,CUST-11586,1324.03,29573.54,0.1991,Fully Funded
SAV-11587,CUST-11587,774.44,61972.69,0.0821,Fully Funded
SAV-11588,CUST-11588,740.42,71486.05,0.1376,Fully Funded
SAV-11589,CUST-11589,735.83,16619.6,0.1401,Partially Funded
SAV-11590,CUST-11590,649.19,12425.86,0.1865,Partially Funded
SAV-11591,CUST-11591,1367.71,119632.86,0.2468,Fully Funded
SAV-11592,CUST-11592,842.69,76359.78,0.1691,Fully Funded
SAV-11593,CUST-11593,848.17,41402.4,0.1431,Fully Funded
SAV-11594,CUST-11594,912.13,68957.62,0.2017,Fully Funded
SAV-11595,CUST-11595,912.98,67358.42,0.1219,Fully Funded
SAV-11596,CUST-11596,1012.18,64641.98,0.1741,Fully Funded
SAV-11597,CUST-11597,502.06,24010.33,0.1137,Fully Funded
SAV-11598,CUST-11598,103.69,2387.22,0.095,Low
SAV-11599,CUST-11599,898.82,42307.35,0.1591,Fully Funded
SAV-11600,CUST-11600,313.67,25829.74,0.0795,Fully Funded
SAV-11601,CUST-11601,2633.56,198487.92,0.2258,Fully Funded
SAV-11602,CUST-11602,1175.88,52649.56,0.1746,Fully Funded
SAV-11603,CUST-11603,1442.61,24866.46,0.1725,Partially Funded
SAV-11604,CUST-11604,808.1,59862.99,0.1229,Fully Funded
SAV-11605,CUST-11605,3085.65,231075.06,0.1958,Fully Funded
SAV-11606,CUST-11606,685.11,35158.31,0.1107,Fully Funded
SAV-11607,CUST-11607,2214.43,56079.83,0.2581,Fully Funded
SAV-11608,CUST-11608,1031.74,44367.31,0.2619,Fully Funded
SAV-11609,CUST-11609,1100.07,99882.32,0.2083,Fully Funded
SAV-11610,CUST-11610,510.59,52329.83,0.1298,Fully Funded
SAV-11611,CUST-11611,1113.23,122760.95,0.2046,Fully Funded
SAV-11612,CUST-11612,1539.5,160589.92,0.2232,Fully Funded
SAV-11613,CUST-11613,1502.46,123346.26,0.2059,Fully Funded
SAV-11614,CUST-11614,1228.71,21589.09,0.1806,Partially Funded
SAV-11615,CUST-11615,686.88,55976.54,0.0993,Fully Funded
SAV-11616,CUST-11616,251.73,6280.5,0.2034,Fully Funded
SAV-11617,CUST-11617,1273.74,49035.57,0.1396,Fully Funded
SAV-11618,CUST-11618,2409.01,94275.13,0.2001,Fully Funded
SAV-11619,CUST-11619,898.53,66190.25,0.1775,Fully Funded
SAV-11620,CUST-11620,2115.69,45791.16,0.1855,Partially Funded
SAV-11621,CUST-11621,929.28,42192.67,0.1289,Fully Funded
SAV-11622,CUST-11622,180.61,3726.85,0.1242,Partially Funded
SAV-11623,CUST-11623,1183.02,132771.74,0.1062,Fully Funded
SAV-11624,CUST-11624,312.27,23452.19,0.2109,Fully Funded
SAV-11625,CUST-11625,863.95,48528.5,0.175,Fully Funded
SAV-11626,CUST-11626,1530.26,121369.29,0.1639,Fully Funded
SAV-11627,CUST-11627,1012.19,24609.11,0.1959,Fully Funded
SAV-11628,CUST-11628,315.96,17130.78,0.1525,Fully Funded
SAV-11629,CUST-11629,825.82,93157.82,0.1531,Fully Funded
SAV-11630,CUST-11630,1569.93,134040.94,0.1333,Fully Funded
SAV-11631,CUST-11631,1073.89,77634.68,0.1232,Fully Funded
SAV-11632,CUST-11632,1713.24,157649.14,0.1738,Fully Funded
SAV-11633,CUST-11633,572.63,67154.81,0.1212,Fully Funded
SAV-11634,CUST-11634,617.4,9038.93,0.1213,Low
SAV-11635,CUST-11635,777.42,58449.53,0.204,Fully Funded
SAV-11636,CUST-11636,375.89,33479.26,0.1169,Fully Funded
SAV-11637,CUST-11637,1073.16,123016.04,0.1715,Fully Funded
SAV-11638,CUST-11638,1311.71,18566.82,0.1039,Low
SAV-11639,CUST-11639,556.92,37698.43,0.1024,Fully Funded
SAV-11640,CUST-11640,2050.34,128245.42,0.2432,Fully Funded
SAV-11641,CUST-11641,870.26,24358.25,0.1114,Partially Funded
SAV-11642,CUST-11642,1159.8,15464.85,0.1648,Partially Funded
SAV-11643,CUST-11643,2259.64,127070.81,0.2219,Fully Funded
SAV-11644,CUST-11644,1186.2,126268.21,0.1773,Fully Funded
SAV-11645,CUST-11645,1266.5,27996.89,0.1167,Partially Funded
SAV-11646,CUST-11646,569.58,22452.42,0.1543,Fully Funded
SAV-11647,CUST-11647,1654.55,134159.42,0.2121,Fully Funded
SAV-11648,CUST-11648,402.51,22149.73,0.0748,Partially Funded
SAV-11649,CUST-11649,2367.46,116763.29,0.1295,Fully Funded
SAV-11650,CUST-11650,336.84,9266.0,0.0765,Low
SAV-11651,CUST-11651,437.26,19127.72,0.1483,Fully Funded
SAV-11652,CUST-11652,297.39,14366.27,0.1329,Fully Funded
SAV-11653,CUST-11653,1660.12,108821.97,0.1745,Fully Funded
SAV-11654,CUST-11654,479.34,29570.99,0.133,Fully Funded
SAV-11655,CUST-11655,624.22,8116.99,0.1238,Low
SAV-11656,CUST-11656,1326.47,94981.03,0.1507,Fully Funded
SAV-11657,CUST-11657,306.83,16592.68,0.07,Partially Funded
SAV-11658,CUST-11658,886.06,59090.43,0.1438,Fully Funded
SAV-11659,CUST-11659,1654.93,114586.44,0.1967,Fully Funded
SAV-11660,CUST-11660,1254.34,30592.68,0.1801,Partially Funded
SAV-11661,CUST-11661,248.51,20539.81,0.1587,Fully Funded
SAV-11662,CUST-11662,1514.84,93693.58,0.2457,Fully Funded
SAV-11663,CUST-11663,800.81,30926.83,0.0923,Partially Funded
SAV-11664,CUST-11664,2122.12,230204.27,0.2413,Fully Funded
SAV-11665,CUST-11665,822.05,18783.74,0.0641,Low
SAV-11666,CUST-11666,2209.87,240996.15,0.1943,Fully Funded
SAV-11667,CUST-11667,228.47,5398.47,0.1663,Partially Funded
SAV-11668,CUST-11668,817.17,23233.17,0.1742,Fully Funded
SAV-11669,CUST-11669,1163.68,14484.67,0.2211,Partially Funded
SAV-11670,CUST-11670,438.13,13056.98,0.0591,Low
SAV-11671,CUST-11671,1686.88,55132.82,0.0933,Partially Funded
SAV-11672,CUST-11672,996.37,78242.68,0.1164,Fully Funded
SAV-11673,CUST-11673,1589.66,82536.96,0.2172,Fully Funded
SAV-11674,CUST-11674,920.57,80523.9,0.1084,Fully Funded
SAV-11675,CUST-11675,669.92,57345.74,0.1279,Fully Funded
SAV-11676,CUST-11676,249.85,10286.95,0.1752,Fully Funded
SAV-11677,CUST-11677,957.75,80990.09,0.1168,Fully Funded
SAV-11678,CUST-11678,721.95,73225.84,0.1449,Fully Funded
SAV-11679,CUST-11679,1069.2,14308.29,0.1751,Partially Funded
SAV-11680,CUST-11680,1268.24,90402.65,0.0881,Fully Funded
SAV-11681,CUST-11681,827.91,14669.56,0.3114,Fully Funded
SAV-11682,CUST-11682,415.05,24566.18,0.1215,Fully Funded
SAV-11683,CUST-11683,895.28,63072.05,0.1339,Fully Funded
SAV-11684,CUST-11684,157.82,8778.46,0.0986,Fully Funded
SAV-11685,CUST-11685,509.51,32801.02,0.1571,Fully Funded
SAV-11686,CUST-11686,932.28,50465.82,0.2359,Fully Funded
SAV-11687,CUST-11687,641.73,68986.84,0.1644,Fully Funded
SAV-11688,CUST-11688,237.19,11986.15,0.1814,Fully Funded
SAV-11689,CUST-11689,231.92,12973.86,0.1546,Fully Funded
SAV-11690,CUST-11690,1490.87,99028.41,0.1614,Fully Funded
SAV-11691,CUST-11691,596.49,55621.42,0.1348,Fully Funded
SAV-11692,CUST-11692,760.14,28403.7,0.1036,Partially Funded
SAV-11693,CUST-11693,1725.3,72754.99,0.2426,Fully Funded
SAV-11694,CUST-11694,1300.07,107881.98,0.2888,Fully Funded
SAV-11695,CUST-11695,542.22,28816.54,0.1417,Fully Funded
SAV-11696,CUST-11696,367.4,32651.38,0.0783,Fully Funded
SAV-11697,CUST-11697,421.06,31367.41,0.0955,Fully Funded
SAV-11698,CUST-11698,1356.72,47242.68,0.1514,Fully Funded
SAV-11699,CUST-11699,1577.98,29468.17,0.1442,Partially Funded
SAV-11700,CUST-11700,802.57,20942.43,0.0763,Low
SAV-11701,CUST-11701,1713.4,84990.1,0.2313,Fully Funded
SAV-11702,CUST-11702,824.74,31465.59,0.1369,Fully Funded
SAV-11703,CUST-11703,829.45,33045.05,0.1381,Fully Funded
SAV-11704,CUST-11704,435.73,44345.82,0.1222,Fully Funded
SAV-11705,CUST-11705,1318.47,32529.43,0.1275,Partially Funded
SAV-11706,CUST-11706,696.98,27525.83,0.1697,Fully Funded
SAV-11707,CUST-11707,1159.16,33675.46,0.0963,Partially Funded
SAV-11708,CUST-11708,280.0,23283.56,0.1489,Fully Funded
SAV-11709,CUST-11709,1450.19,112597.92,0.2226,Fully Funded
SAV-11710,CUST-11710,939.41,41484.04,0.1173,Fully Funded
SAV-11711,CUST-11711,1101.13,48620.79,0.236,Fully Funded
SAV-11712,CUST-11712,674.87,11256.75,0.2171,Partially Funded
SAV-11713,CUST-11713,2047.51,177019.42,0.1887,Fully Funded
SAV-11714,CUST-11714,3307.41,191138.69,0.2158,Fully Funded
SAV-11715,CUST-11715,768.09,60031.74,0.1267,Fully Funded
SAV-11716,CUST-11716,1035.62,71609.12,0.1428,Fully Funded
SAV-11717,CUST-11717,494.22,19730.88,0.2126,Fully Funded
SAV-11718,CUST-11718,907.08,18456.65,0.1597,Partially Funded
SAV-11719,CUST-11719,1865.12,125868.89,0.1454,Fully Funded
SAV-11720,CUST-11720,1445.84,27404.55,0.2434,Fully Funded
SAV-11721,CUST-11721,351.06,8484.26,0.0605,Low
SAV-11722,CUST-11722,933.03,32686.09,0.1003,Partially Funded
SAV-11723,CUST-11723,890.69,72621.61,0.144,Fully Funded
SAV-11724,CUST-11724,439.6,23002.15,0.1018,Fully Funded
SAV-11725,CUST-11725,265.94,4336.67,0.0461,No Fund
SAV-11726,CUST-11726,3315.11,306299.52,0.2904,Fully Funded
SAV-11727,CUST-11727,378.41,33600.25,0.109,Fully Funded
SAV-11728,CUST-11728,826.53,28486.89,0.1994,Fully Funded
SAV-11729,CUST-11729,1116.84,51567.97,0.1511,Fully Funded
SAV-11730,CUST-11730,2388.77,168145.26,0.2175,Fully Funded
SAV-11731,CUST-11731,2588.95,139135.59,0.2546,Fully Funded
SAV-11732,CUST-11732,660.23,17646.23,0.1701,Partially Funded
SAV-11733,CUST-11733,1017.55,76499.38,0.2029,Fully Funded
SAV-11734,CUST-11734,542.64,12388.18,0.1298,Partially Funded
SAV-11735,CUST-11735,1101.95,109277.36,0.1249,Fully Funded
SAV-11736,CUST-11736,1078.45,45991.57,0.1685,Fully Funded
SAV-11737,CUST-11737,652.63,55182.34,0.1888,Fully Funded
SAV-11738,CUST-11738,882.18,53311.54,0.1384,Fully Funded
SAV-11739,CUST-11739,667.64,31530.24,0.135,Fully Funded
SAV-11740,CUST-11740,571.63,18964.14,0.1263,Partially Funded
SAV-11741,CUST-11741,1941.34,80580.91,0.1768,Fully Funded
SAV-11742,CUST-11742,1294.19,72958.68,0.2043,Fully Funded
SAV-11743,CUST-11743,2319.13,93169.12,0.2381,Fully Funded
SAV-11744,CUST-11744,1183.98,38695.75,0.1929,Fully Funded
SAV-11745,CUST-11745,527.1,7621.55,0.1501,Low
SAV-11746,CUST-11746,770.18,38968.66,0.1826,Fully Funded
SAV-11747,CUST-11747,1044.62,87148.72,0.1746,Fully Funded
SAV-11748,CUST-11748,480.22,27458.6,0.1428,Fully Funded
SAV-11749,CUST-11749,818.03,80971.58,0.1623,Fully Funded
SAV-11750,CUST-11750,1284.12,114517.62,0.2368,Fully Funded
SAV-11751,CUST-11751,784.94,86498.49,0.0987,Fully Funded
SAV-11752,CUST-11752,1904.16,38433.04,0.1345,Partially Funded
SAV-11753,CUST-11753,334.65,25885.44,0.049,Partially Funded
SAV-11754,CUST-11754,468.78,28093.91,0.1213,Fully Funded
SAV-11755,CUST-11755,931.05,75968.46,0.2037,Fully Funded
SAV-11756,CUST-11756,703.04,61878.76,0.2263,Fully Funded
SAV-11757,CUST-11757,224.42,22853.35,0.0698,Fully Funded
SAV-11758,CUST-11758,412.13,6928.11,0.0778,Low
SAV-11759,CUST-11759,885.27,58747.7,0.1797,Fully Funded
SAV-11760,CUST-11760,1034.63,14015.9,0.1875,Partially Funded
SAV-11761,CUST-11761,833.1,44692.19,0.1613,Fully Funded
SAV-11762,CUST-11762,1054.49,23520.84,0.1555,Partially Funded
SAV-11763,CUST-11763,1238.65,18089.2,0.1765,Partially Funded
SAV-11764,CUST-11764,461.65,35551.19,0.0684,Fully Funded
SAV-11765,CUST-11765,389.47,29521.93,0.1547,Fully Funded
SAV-11766,CUST-11766,1691.11,50894.23,0.1768,Fully Funded
SAV-11767,CUST-11767,183.8,18998.61,0.1121,Fully Funded
SAV-11768,CUST-11768,428.17,32533.5,0.1295,Fully Funded
SAV-11769,CUST-11769,1093.88,37888.21,0.1595,Fully Funded
SAV-11770,CUST-11770,991.7,98132.66,0.1029,Fully Funded
SAV-11771,CUST-11771,467.14,16392.17,0.2908,Fully Funded
SAV-11772,CUST-11772,2304.57,89288.76,0.2139,Fully Funded
SAV-11773,CUST-11773,1692.73,164399.24,0.2111,Fully Funded
SAV-11774,CUST-11774,493.03,5767.19,0.0525,No Fund
SAV-11775,CUST-11775,815.56,47147.52,0.1136,Fully Funded
SAV-11776,CUST-11776,881.79,76014.92,0.1384,Fully Funded
SAV-11777,CUST-11777,755.44,42647.1,0.1279,Fully Funded
SAV-11778,CUST-11778,708.19,18729.13,0.1324,Partially Funded
SAV-11779,CUST-11779,1979.28,65045.47,0.1935,Fully Funded
SAV-11780,CUST-11780,776.71,26632.19,0.1512,Fully Funded
SAV-11781,CUST-11781,758.42,28484.03,0.1308,Fully Funded
SAV-11782,CUST-11782,936.44,91006.38,0.1406,Fully Funded
SAV-11783,CUST-11783,973.19,25336.83,0.0773,Low
SAV-11784,CUST-11784,456.87,35317.02,0.0807,Fully Funded
SAV-11785,CUST-11785,821.97,19278.08,0.1687,Fully Funded
SAV-11786,CUST-11786,133.57,10502.96,0.0337,Low
SAV-11787,CUST-11787,2062.42,217547.14,0.1761,Fully Funded
SAV-11788,CUST-11788,1066.02,46483.62,0.1241,Fully Funded
SAV-11789,CUST-11789,1173.25,36243.58,0.1543,Partially Funded
SAV-11790,CUST-11790,977.5,99146.04,0.2186,Fully Funded
SAV-11791,CUST-11791,953.01,115356.68,0.1501,Fully Funded
SAV-11792,CUST-11792,146.72,10138.43,0.1952,Fully Funded
SAV-11793,CUST-11793,598.94,26938.24,0.0686,Partially Funded
SAV-11794,CUST-11794,1259.62,96071.2,0.1468,Fully Funded
SAV-11795,CUST-11795,1048.93,19488.14,0.1935,Partially Funded
SAV-11796,CUST-11796,748.66,21894.72,0.0905,Partially Funded
SAV-11797,CUST-11797,618.1,10189.51,0.0874,Low
SAV-11798,CUST-11798,874.48,28863.62,0.1691,Fully Funded
SAV-11799,CUST-11799,116.07,5011.38,0.1028,Partially Funded
SAV-11800,CUST-11800,671.98,42472.38,0.183,Fully Funded
SAV-11801,CUST-11801,1705.52,109194.82,0.1509,Fully Funded
SAV-11802,CUST-11802,270.64,13427.26,0.2259,Fully Funded
SAV-11803,CUST-11803,376.98,17314.87,0.1889,Fully Funded
SAV-11804,CUST-11804,1286.06,35286.5,0.2895,Fully Funded
SAV-11805,CUST-11805,480.36,21111.84,0.0782,Partially Funded
SAV-11806,CUST-11806,1686.95,106577.41,0.1727,Fully Funded
SAV-11807,CUST-11807,1313.28,80440.01,0.1829,Fully Funded
SAV-11808,CUST-11808,281.41,25029.81,0.0866,Fully Funded
SAV-11809,CUST-11809,1182.25,29290.37,0.1031,Partially Funded
SAV-11810,CUST-11810,587.92,38079.4,0.1152,Fully Funded
SAV-11811,CUST-11811,698.08,48865.66,0.2266,Fully Funded
SAV-11812,CUST-11812,522.99,34175.63,0.1467,Fully Funded
SAV-11813,CUST-11813,1414.0,93588.8,0.2223,Fully Funded
SAV-11814,CUST-11814,913.72,24220.5,0.1828,Fully Funded
SAV-11815,CUST-11815,624.61,14139.62,0.1101,Partially Funded
SAV-11816,CUST-11816,185.14,13066.25,0.2299,Fully Funded
SAV-11817,CUST-11817,645.42,58164.3,0.1785,Fully Funded
SAV-11818,CUST-11818,539.61,33224.66,0.1125,Fully Funded
SAV-11819,CUST-11819,1707.35,77997.6,0.1831,Fully Funded
SAV-11820,CUST-11820,521.2,27275.92,0.1548,Fully Funded
SAV-11821,CUST-11821,819.11,92669.39,0.1428,Fully Funded
SAV-11822,CUST-11822,433.66,25162.06,0.0943,Fully Funded
SAV-11823,CUST-11823,3086.59,163663.28,0.2376,Fully Funded
SAV-11824,CUST-11824,1360.37,78520.58,0.155,Fully Funded
SAV-11825,CUST-11825,1182.19,64852.65,0.2267,Fully Funded
SAV-11826,CUST-11826,148.18,2865.68,0.1091,Low
SAV-11827,CUST-11827,1034.05,20972.34,0.1726,Partially Funded
SAV-11828,CUST-11828,1014.04,95141.56,0.182,Fully Funded
SAV-11829,CUST-11829,597.5,35168.66,0.0963,Fully Funded
SAV-11830,CUST-11830,1253.44,80914.58,0.2089,Fully Funded
SAV-11831,CUST-11831,209.9,9831.79,0.1706,Fully Funded
SAV-11832,CUST-11832,611.56,58392.25,0.1036,Fully Funded
SAV-11833,CUST-11833,1414.14,18997.42,0.2082,Partially Funded
SAV-11834,CUST-11834,1436.67,38796.13,0.125,Partially Funded
SAV-11835,CUST-11835,425.26,18039.41,0.1573,Fully Funded
SAV-11836,CUST-11836,740.01,34505.14,0.0959,Partially Funded
SAV-11837,CUST-11837,946.62,48866.74,0.1313,Fully Funded
SAV-11838,CUST-11838,363.57,15228.42,0.0803,Partially Funded
SAV-11839,CUST-11839,197.62,17068.26,0.1555,Fully Funded
SAV-11840,CUST-11840,1465.36,62876.83,0.2641,Fully Funded
SAV-11841,CUST-11841,279.17,17403.68,0.1604,Fully Funded
SAV-11842,CUST-11842,1889.66,47464.76,0.1442,Partially Funded
SAV-11843,CUST-11843,1377.24,93867.21,0.2647,Fully Funded
SAV-11844,CUST-11844,557.12,55233.03,0.1262,Fully Funded
SAV-11845,CUST-11845,70.37,4118.5,0.112,Fully Funded
SAV-11846,CUST-11846,534.06,60497.66,0.1601,Fully Funded
SAV-11847,CUST-11847,663.23,80086.28,0.1637,Fully Funded
SAV-11848,CUST-11848,2226.81,49629.41,0.2473,Fully Funded
SAV-11849,CUST-11849,188.57,10970.69,0.0733,Partially Funded
SAV-11850,CUST-11850,257.73,18235.5,0.0959,Fully Funded
SAV-11851,CUST-11851,418.38,32872.91,0.1212,Fully Funded
SAV-11852,CUST-11852,1986.74,99342.57,0.2039,Fully Funded
SAV-11853,CUST-11853,240.32,17107.49,0.2357,Fully Funded
SAV-11854,CUST-11854,724.19,59830.45,0.1809,Fully Funded
SAV-11855,CUST-11855,2002.44,90583.5,0.2824,Fully Funded
SAV-11856,CUST-11856,874.91,76168.27,0.1056,Fully Funded
SAV-11857,CUST-11857,164.31,3511.05,0.1153,Partially Funded
SAV-11858,CUST-11858,1543.72,96234.5,0.1288,Fully Funded
SAV-11859,CUST-11859,1239.77,34796.49,0.18,Fully Funded
SAV-11860,CUST-11860,635.77,42794.69,0.122,Fully Funded
SAV-11861,CUST-11861,2078.44,195983.66,0.1897,Fully Funded
SAV-11862,CUST-11862,815.92,45827.08,0.2201,Fully Funded
SAV-11863,CUST-11863,3821.4,102086.35,0.2379,Fully Funded
SAV-11864,CUST-11864,2550.1,271218.93,0.336,Fully Funded
SAV-11865,CUST-11865,1575.2,142864.13,0.2114,Fully Funded
SAV-11866,CUST-11866,973.63,95379.75,0.0988,Fully Funded
SAV-11867,CUST-11867,72.76,2403.91,0.0813,Partially Funded
SAV-11868,CUST-11868,420.56,15244.11,0.0656,Low
SAV-11869,CUST-11869,2170.82,210768.02,0.2362,Fully Funded
SAV-11870,CUST-11870,773.44,11404.98,0.086,Low
SAV-11871,CUST-11871,854.31,61387.58,0.1803,Fully Funded
SAV-11872,CUST-11872,747.59,45631.0,0.1825,Fully Funded
SAV-11873,CUST-11873,393.6,22370.73,0.183,Fully Funded
SAV-11874,CUST-11874,645.48,28391.45,0.1395,Fully Funded
SAV-11875,CUST-11875,1061.96,34684.75,0.2957,Fully Funded
SAV-11876,CUST-11876,646.21,15584.65,0.1345,Partially Funded
SAV-11877,CUST-11877,1554.32,90281.42,0.1409,Fully Funded
SAV-11878,CUST-11878,577.05,45774.5,0.232,Fully Funded
SAV-11879,CUST-11879,147.79,12653.08,0.0755,Fully Funded
SAV-11880,CUST-11880,234.67,5850.08,0.0962,Low
SAV-11881,CUST-11881,887.23,18430.68,0.246,Fully Funded
SAV-11882,CUST-11882,389.98,25121.64,0.1259,Fully Funded
SAV-11883,CUST-11883,1012.88,51238.4,0.1593,Fully Funded
SAV-11884,CUST-11884,825.66,55719.62,0.1035,Fully Funded
SAV-11885,CUST-11885,901.98,52533.34,0.1077,Fully Funded
SAV-11886,CUST-11886,1300.31,38383.63,0.1642,Fully Funded
SAV-11887,CUST-11887,463.94,27859.43,0.0806,Partially Funded
SAV-11888,CUST-11888,547.11,33725.16,0.0582,Partially Funded
SAV-11889,CUST-11889,1046.64,71543.93,0.1545,Fully Funded
SAV-11890,CUST-11890,957.45,41460.89,0.1673,Fully Funded
SAV-11891,CUST-11891,2146.26,86584.31,0.2322,Fully Funded
SAV-11892,CUST-11892,521.21,35183.17,0.0955,Fully Funded
SAV-11893,CUST-11893,402.92,11747.45,0.0875,Partially Funded
SAV-11894,CUST-11894,282.62,9687.88,0.0786,Partially Funded
SAV-11895,CUST-11895,212.62,13121.25,0.1096,Fully Funded
SAV-11896,CUST-11896,479.31,34911.65,0.1679,Fully Funded
SAV-11897,CUST-11897,1226.71,87383.13,0.1132,Fully Funded
SAV-11898,CUST-11898,925.92,12189.88,0.1945,Partially Funded
SAV-11899,CUST-11899,523.76,13051.15,0.1242,Partially Funded
SAV-11900,CUST-11900,397.08,26272.3,0.192,Fully Funded
SAV-11901,CUST-11901,1428.52,26643.76,0.1996,Partially Funded
SAV-11902,CUST-11902,1616.46,14993.55,0.1437,Low
SAV-11903,CUST-11903,561.61,15102.45,0.1879,Fully Funded
SAV-11904,CUST-11904,380.51,23103.49,0.1151,Fully Funded
SAV-11905,CUST-11905,276.94,17108.69,0.0927,Fully Funded
SAV-11906,CUST-11906,600.67,30184.54,0.1169,Fully Funded
SAV-11907,CUST-11907,1117.62,121681.65,0.2259,Fully Funded
SAV-11908,CUST-11908,991.48,89848.22,0.1669,Fully Funded
SAV-11909,CUST-11909,804.6,35249.06,0.1294,Fully Funded
SAV-11910,CUST-11910,224.79,13908.26,0.2145,Fully Funded
SAV-11911,CUST-11911,716.15,41444.21,0.1894,Fully Funded
SAV-11912,CUST-11912,859.04,14528.47,0.177,Partially Funded
SAV-11913,CUST-11913,936.73,65769.87,0.1568,Fully Funded
SAV-11914,CUST-11914,832.71,48496.34,0.2726,Fully Funded
SAV-11915,CUST-11915,306.72,33778.09,0.0878,Fully Funded
SAV-11916,CUST-11916,1594.0,116188.28,0.1736,Fully Funded
SAV-11917,CUST-11917,640.85,56066.36,0.1936,Fully Funded
SAV-11918,CUST-11918,1688.08,85358.89,0.195,Fully Funded
SAV-11919,CUST-11919,1075.89,54629.33,0.162,Fully Funded
SAV-11920,CUST-11920,2651.55,133247.56,0.2345,Fully Funded
SAV-11921,CUST-11921,1502.19,73687.59,0.1561,Fully Funded
SAV-11922,CUST-11922,1965.9,115799.63,0.2653,Fully Funded
SAV-11923,CUST-11923,1653.66,23928.58,0.2095,Partially Funded
SAV-11924,CUST-11924,636.63,66526.4,0.0766,Fully Funded
SAV-11925,CUST-11925,384.15,17104.25,0.1,Partially Funded
SAV-11926,CUST-11926,864.12,20226.89,0.2144,Fully Funded
SAV-11927,CUST-11927,1670.65,31432.72,0.2446,Fully Funded
SAV-11928,CUST-11928,1077.58,10735.15,0.1019,Low
SAV-11929,CUST-11929,465.15,15657.68,0.1108,Partially Funded
SAV-11930,CUST-11930,1101.52,11629.37,0.153,Low
SAV-11931,CUST-11931,1529.57,41892.69,0.1355,Partially Funded
SAV-11932,CUST-11932,82.88,1587.42,0.1314,Partially Funded
SAV-11933,CUST-11933,880.32,27901.67,0.1275,Partially Funded
SAV-11934,CUST-11934,892.31,27586.34,0.1837,Fully Funded
SAV-11935,CUST-11935,574.46,59021.32,0.2103,Fully Funded
SAV-11936,CUST-11936,1161.24,57734.81,0.1597,Fully Funded
SAV-11937,CUST-11937,773.32,54455.82,0.0963,Fully Funded
SAV-11938,CUST-11938,552.42,28008.21,0.2034,Fully Funded
SAV-11939,CUST-11939,770.9,33895.57,0.1586,Fully Funded
SAV-11940,CUST-11940,441.01,33526.26,0.1346,Fully Funded
SAV-11941,CUST-11941,1583.44,108292.75,0.2254,Fully Funded
SAV-11942,CUST-11942,784.62,11092.43,0.167,Partially Funded
SAV-11943,CUST-11943,960.77,71534.45,0.0898,Fully Funded
SAV-11944,CUST-11944,1025.61,51628.28,0.0961,Fully Funded
SAV-11945,CUST-11945,1235.23,123718.92,0.1513,Fully Funded
SAV-11946,CUST-11946,532.47,13517.72,0.0766,Low
SAV-11947,CUST-11947,653.22,38842.14,0.1251,Fully Funded
SAV-11948,CUST-11948,629.54,41939.92,0.1336,Fully Funded
SAV-11949,CUST-11949,1165.93,81934.99,0.1421,Fully Funded
SAV-11950,CUST-11950,638.46,7762.25,0.1065,Low
SAV-11951,CUST-11951,875.44,65043.21,0.1037,Fully Funded
SAV-11952,CUST-11952,514.13,10575.3,0.1642,Partially Funded
SAV-11953,CUST-11953,667.02,13501.06,0.1312,Partially Funded
SAV-11954,CUST-11954,860.07,47016.03,0.2085,Fully Funded
SAV-11955,CUST-11955,424.59,18106.52,0.0996,Partially Funded
SAV-11956,CUST-11956,365.1,16725.34,0.0986,Partially Funded
SAV-11957,CUST-11957,1014.57,25042.07,0.2153,Fully Funded
SAV-11958,CUST-11958,720.37,48158.97,0.1506,Fully Funded
SAV-11959,CUST-11959,240.75,13643.28,0.1121,Fully Funded
SAV-11960,CUST-11960,202.95,14625.61,0.1621,Fully Funded
SAV-11961,CUST-11961,567.19,43684.21,0.1565,Fully Funded
SAV-11962,CUST-11962,650.5,33103.58,0.1124,Fully Funded
SAV-11963,CUST-11963,1146.75,51581.94,0.1782,Fully Funded
SAV-11964,CUST-11964,1056.44,59868.55,0.1418,Fully Funded
SAV-11965,CUST-11965,1021.15,100033.19,0.1526,Fully Funded
SAV-11966,CUST-11966,1078.18,59485.35,0.2873,Fully Funded
SAV-11967,CUST-11967,1362.36,133199.72,0.1572,Fully Funded
SAV-11968,CUST-11968,763.84,52855.44,0.1404,Fully Funded
SAV-11969,CUST-11969,920.87,24075.35,0.0894,Low
SAV-11970,CUST-11970,1617.86,140182.47,0.1987,Fully Funded
SAV-11971,CUST-11971,322.83,26201.25,0.0784,Fully Funded
SAV-11972,CUST-11972,463.77,37539.9,0.1617,Fully Funded
SAV-11973,CUST-11973,313.39,31942.77,0.1215,Fully Funded
SAV-11974,CUST-11974,2792.91,152238.67,0.2362,Fully Funded
SAV-11975,CUST-11975,822.06,16964.61,0.1751,Partially Funded
SAV-11976,CUST-11976,474.32,39457.07,0.1154,Fully Funded
SAV-11977,CUST-11977,833.0,38345.37,0.2018,Fully Funded
SAV-11978,CUST-11978,1211.62,87781.55,0.1585,Fully Funded
SAV-11979,CUST-11979,550.39,39790.33,0.1223,Fully Funded
SAV-11980,CUST-11980,644.31,47262.65,0.1794,Fully Funded
SAV-11981,CUST-11981,457.8,10407.93,0.1493,Partially Funded
SAV-11982,CUST-11982,572.52,5503.28,0.0664,No Fund
SAV-11983,CUST-11983,1089.74,40212.46,0.1316,Fully Funded
SAV-11984,CUST-11984,4062.46,186608.19,0.2313,Fully Funded
SAV-11985,CUST-11985,2651.64,195185.66,0.2084,Fully Funded
SAV-11986,CUST-11986,833.76,84126.5,0.1281,Fully Funded
SAV-11987,CUST-11987,422.28,8605.6,0.1277,Partially Funded
SAV-11988,CUST-11988,1079.59,24746.04,0.1706,Partially Funded
SAV-11989,CUST-11989,723.32,15378.02,0.171,Partially Funded
SAV-11990,CUST-11990,120.61,2818.27,0.1128,Partially Funded
SAV-11991,CUST-11991,1152.66,87194.02,0.2059,Fully Funded
SAV-11992,CUST-11992,422.99,13945.66,0.201,Fully Funded
SAV-11993,CUST-11993,1878.48,145288.28,0.2518,Fully Funded
SAV-11994,CUST-11994,1174.48,14585.98,0.2203,Partially Funded
SAV-11995,CUST-11995,2016.46,132858.23,0.1418,Fully Funded
SAV-11996,CUST-11996,951.73,27347.51,0.117,Partially Funded
SAV-11997,CUST-11997,2098.26,73617.29,0.168,Fully Funded
SAV-11998,CUST-11998,1960.25,188343.87,0.141,Fully Funded
SAV-11999,CUST-11999,945.67,33837.68,0.203,Fully Funded
SAV-12000,CUST-12000,343.63,6432.07,0.0801,Low
SAV-12001,CUST-12001,189.78,4609.38,0.0668,Low
SAV-12002,CUST-12002,766.23,26940.14,0.1445,Fully Funded
SAV-12003,CUST-12003,466.6,49672.88,0.0883,Fully Funded
SAV-12004,CUST-12004,1671.66,41289.97,0.1988,Fully Funded
SAV-12005,CUST-12005,514.68,44166.24,0.1398,Fully Funded
SAV-12006,CUST-12006,1093.99,28167.74,0.2012,Fully Funded
SAV-12007,CUST-12007,2228.34,210055.45,0.163,Fully Funded
SAV-12008,CUST-12008,500.38,45567.73,0.1326,Fully Funded
SAV-12009,CUST-12009,438.49,36418.48,0.1113,Fully Funded
SAV-12010,CUST-12010,784.35,48801.09,0.163,Fully Funded
SAV-12011,CUST-12011,728.2,47999.27,0.1581,Fully Funded
SAV-12012,CUST-12012,502.89,26982.15,0.1474,Fully Funded
SAV-12013,CUST-12013,339.66,9573.36,0.1141,Partially Funded
SAV-12014,CUST-12014,1039.57,11989.2,0.1348,Low
SAV-12015,CUST-12015,1480.68,70289.95,0.1823,Fully Funded
SAV-12016,CUST-12016,751.67,38581.79,0.1713,Fully Funded
SAV-12017,CUST-12017,1124.45,55544.6,0.1649,Fully Funded
SAV-12018,CUST-12018,74.66,3651.57,0.1179,Fully Funded
SAV-12019,CUST-12019,425.41,13569.68,0.0998,Partially Funded
SAV-12020,CUST-12020,925.78,45091.35,0.2609,Fully Funded
SAV-12021,CUST-12021,60.9,3062.51,0.1197,Fully Funded
SAV-12022,CUST-12022,596.74,53776.3,0.1064,Fully Funded
SAV-12023,CUST-12023,1639.44,84314.85,0.2371,Fully Funded
SAV-12024,CUST-12024,1135.45,17907.54,0.1425,Partially Funded
SAV-12025,CUST-12025,1695.67,90173.11,0.2394,Fully Funded
SAV-12026,CUST-12026,475.8,30158.63,0.1525,Fully Funded
SAV-12027,CUST-12027,572.8,31397.62,0.1077,Fully Funded
SAV-12028,CUST-12028,1518.7,67954.05,0.1969,Fully Funded
SAV-12029,CUST-12029,759.47,23786.76,0.0613,Low
SAV-12030,CUST-12030,664.06,21386.71,0.1251,Partially Funded
SAV-12031,CUST-12031,503.69,17279.25,0.1529,Fully Funded
SAV-12032,CUST-12032,489.85,24063.99,0.1719,Fully Funded
SAV-12033,CUST-12033,525.91,32902.82,0.1274,Fully Funded
SAV-12034,CUST-12034,1197.76,79804.42,0.1993,Fully Funded
SAV-12035,CUST-12035,906.37,68800.62,0.2034,Fully Funded
SAV-12036,CUST-12036,725.09,55694.49,0.1152,Fully Funded
SAV-12037,CUST-12037,1633.39,39998.03,0.2438,Fully Funded
SAV-12038,CUST-12038,644.91,69339.96,0.1409,Fully Funded
SAV-12039,CUST-12039,357.77,4615.53,0.1536,Low
SAV-12040,CUST-12040,779.17,57694.46,0.1438,Fully Funded
SAV-12041,CUST-12041,1014.53,26110.49,0.1871,Fully Funded
SAV-12042,CUST-12042,1927.53,47236.38,0.2016,Fully Funded
SAV-12043,CUST-12043,129.07,10695.19,0.1644,Fully Funded
SAV-12044,CUST-12044,149.02,10896.65,0.1606,Fully Funded
SAV-12045,CUST-12045,173.89,5621.77,0.1394,Fully Funded
SAV-12046,CUST-12046,2498.32,115971.42,0.2197,Fully Funded
SAV-12047,CUST-12047,776.72,66465.87,0.1629,Fully Funded
SAV-12048,CUST-12048,1214.38,48109.98,0.2465,Fully Funded
SAV-12049,CUST-12049,1375.28,153166.74,0.2311,Fully Funded
SAV-12050,CUST-12050,766.94,64111.2,0.1898,Fully Funded
SAV-12051,CUST-12051,479.06,29993.44,0.119,Fully Funded
SAV-12052,CUST-12052,647.43,50769.67,0.196,Fully Funded
SAV-12053,CUST-12053,684.88,60662.08,0.1568,Fully Funded
SAV-12054,CUST-12054,564.51,19994.52,0.0917,Partially Funded
SAV-12055,CUST-12055,933.07,93058.74,0.1017,Fully Funded
SAV-12056,CUST-12056,377.55,13570.48,0.1345,Fully Funded
SAV-12057,CUST-12057,487.02,17992.0,0.0907,Partially Funded
SAV-12058,CUST-12058,1338.93,53336.34,0.1692,Fully Funded
SAV-12059,CUST-12059,1785.64,40152.09,0.2118,Fully Funded
SAV-12060,CUST-12060,413.77,19922.03,0.1359,Fully Funded
SAV-12061,CUST-12061,1304.92,33863.32,0.2547,Fully Funded
SAV-12062,CUST-12062,3049.83,140029.99,0.2096,Fully Funded
SAV-12063,CUST-12063,1524.47,55010.55,0.1227,Partially Funded
SAV-12064,CUST-12064,2620.82,218442.96,0.2371,Fully Funded
SAV-12065,CUST-12065,574.4,31631.27,0.0942,Fully Funded
SAV-12066,CUST-12066,239.46,18849.55,0.1663,Fully Funded
SAV-12067,CUST-12067,638.29,39338.91,0.1688,Fully Funded
SAV-12068,CUST-12068,73.0,8004.07,0.1059,Fully Funded
SAV-12069,CUST-12069,1018.9,38769.76,0.1792,Fully Funded
SAV-12070,CUST-12070,1827.63,44835.78,0.2228,Fully Funded
SAV-12071,CUST-12071,1001.92,59059.66,0.1599,Fully Funded
SAV-12072,CUST-12072,1623.96,116430.62,0.234,Fully Funded
SAV-12073,CUST-12073,861.71,67919.29,0.1681,Fully Funded
SAV-12074,CUST-12074,826.86,18856.74,0.1667,Partially Funded
SAV-12075,CUST-12075,1014.16,49216.05,0.1281,Fully Funded
SAV-12076,CUST-12076,902.95,47663.46,0.1295,Fully Funded
SAV-12077,CUST-12077,1246.79,42826.41,0.2667,Fully Funded
SAV-12078,CUST-12078,938.64,54412.09,0.125,Fully Funded
SAV-12079,CUST-12079,1108.7,18844.94,0.1699,Partially Funded
SAV-12080,CUST-12080,423.39,39050.91,0.0803,Fully Funded
SAV-12081,CUST-12081,1717.54,23022.73,0.1441,Low
SAV-12082,CUST-12082,2268.75,138923.32,0.1507,Fully Funded
SAV-12083,CUST-12083,752.15,22088.32,0.1292,Partially Funded
SAV-12084,CUST-12084,327.52,21555.6,0.2283,Fully Funded
SAV-12085,CUST-12085,1068.91,30592.25,0.1352,Partially Funded
SAV-12086,CUST-12086,911.97,40413.88,0.1935,Fully Funded
SAV-12087,CUST-12087,440.62,25232.87,0.1291,Fully Funded
SAV-12088,CUST-12088,1383.76,99429.49,0.2485,Fully Funded
SAV-12089,CUST-12089,1259.53,76308.56,0.1834,Fully Funded
SAV-12090,CUST-12090,1465.62,62448.48,0.1874,Fully Funded
SAV-12091,CUST-12091,120.7,9221.26,0.0753,Fully Funded
SAV-12092,CUST-12092,369.35,33602.77,0.0478,Partially Funded
SAV-12093,CUST-12093,963.84,62848.74,0.0886,Fully Funded
SAV-12094,CUST-12094,573.98,20465.45,0.1087,Partially Funded
SAV-12095,CUST-12095,232.31,14319.54,0.2327,Fully Funded
SAV-12096,CUST-12096,740.04,12209.19,0.1362,Partially Funded
SAV-12097,CUST-12097,260.02,27519.68,0.1641,Fully Funded
SAV-12098,CUST-12098,2744.55,37104.02,0.2017,Partially Funded
SAV-12099,CUST-12099,2007.62,27410.35,0.1811,Partially Funded
SAV-12100,CUST-12100,373.2,9323.25,0.136,Partially Funded
SAV-12101,CUST-12101,601.63,13079.18,0.1742,Partially Funded
SAV-12102,CUST-12102,2590.08,60381.39,0.2548,Fully Funded
SAV-12103,CUST-12103,455.56,29594.93,0.134,Fully Funded
SAV-12104,CUST-12104,494.43,6500.14,0.0972,Low
SAV-12105,CUST-12105,1349.97,19422.12,0.2237,Partially Funded
SAV-12106,CUST-12106,899.82,51770.55,0.1622,Fully Funded
SAV-12107,CUST-12107,934.31,78532.82,0.118,Fully Funded
SAV-12108,CUST-12108,1864.29,64131.35,0.1661,Fully Funded
SAV-12109,CUST-12109,1177.45,98348.31,0.1463,Fully Funded
SAV-12110,CUST-12110,1111.77,23981.86,0.1851,Partially Funded
SAV-12111,CUST-12111,72.64,3268.55,0.1031,Partially Funded
SAV-12112,CUST-12112,948.56,39904.94,0.1332,Fully Funded
SAV-12113,CUST-12113,1338.91,65472.52,0.2068,Fully Funded
SAV-12114,CUST-12114,1385.07,36477.86,0.1685,Partially Funded
SAV-12115,CUST-12115,1217.05,137905.86,0.2377,Fully Funded
SAV-12116,CUST-12116,1659.95,179555.61,0.2306,Fully Funded
SAV-12117,CUST-12117,838.84,22683.4,0.2017,Fully Funded
SAV-12118,CUST-12118,1951.8,94983.26,0.1855,Fully Funded
SAV-12119,CUST-12119,857.87,69439.2,0.0868,Fully Funded
SAV-12120,CUST-12120,724.9,51604.79,0.1264,Fully Funded
SAV-12121,CUST-12121,948.82,70878.53,0.1691,Fully Funded
SAV-12122,CUST-12122,2183.69,126715.35,0.2655,Fully Funded
SAV-12123,CUST-12123,481.85,36709.41,0.2232,Fully Funded
SAV-12124,CUST-12124,1344.69,29198.55,0.1603,Partially Funded
SAV-12125,CUST-12125,722.82,34490.34,0.0937,Partially Funded
SAV-12126,CUST-12126,317.9,11890.2,0.251,Fully Funded
SAV-12127,CUST-12127,593.7,6405.71,0.0862,Low
SAV-12128,CUST-12128,790.33,16547.09,0.2028,Partially Funded
SAV-12129,CUST-12129,286.74,25735.86,0.0842,Fully Funded
SAV-12130,CUST-12130,106.75,8054.82,0.1568,Fully Funded
SAV-12131,CUST-12131,790.03,11805.16,0.164,Partially Funded
SAV-12132,CUST-12132,1413.39,88660.59,0.157,Fully Funded
SAV-12133,CUST-12133,1271.61,86994.34,0.1155,Fully Funded
SAV-12134,CUST-12134,886.19,53072.76,0.1784,Fully Funded
SAV-12135,CUST-12135,803.4,26798.41,0.2105,Fully Funded
SAV-12136,CUST-12136,1761.93,172625.25,0.1536,Fully Funded
SAV-12137,CUST-12137,287.33,27930.97,0.1246,Fully Funded
SAV-12138,CUST-12138,802.7,56044.44,0.18,Fully Funded
SAV-12139,CUST-12139,1564.87,102140.58,0.1772,Fully Funded
SAV-12140,CUST-12140,1114.14,63715.85,0.1406,Fully Funded
SAV-12141,CUST-12141,1197.46,111991.49,0.1608,Fully Funded
SAV-12142,CUST-12142,725.22,12087.93,0.0475,No Fund
SAV-12143,CUST-12143,1202.69,70580.76,0.158,Fully Funded
SAV-12144,CUST-12144,62.37,6029.98,0.08,Fully Funded
SAV-12145,CUST-12145,1636.13,35640.69,0.2598,Fully Funded
SAV-12146,CUST-12146,2697.64,166407.41,0.1493,Fully Funded
SAV-12147,CUST-12147,1449.85,22010.7,0.237,Partially Funded
SAV-12148,CUST-12148,461.09,30096.88,0.0791,Fully Funded
SAV-12149,CUST-12149,185.94,10654.61,0.0919,Fully Funded
SAV-12150,CUST-12150,958.0,65682.83,0.1258,Fully Funded
SAV-12151,CUST-12151,784.05,61700.59,0.1708,Fully Funded
SAV-12152,CUST-12152,1187.75,66334.53,0.2157,Fully Funded
SAV-12153,CUST-12153,789.32,35822.74,0.1167,Fully Funded
SAV-12154,CUST-12154,1657.11,60365.94,0.161,Fully Funded
SAV-12155,CUST-12155,430.67,26322.35,0.172,Fully Funded
SAV-12156,CUST-12156,410.98,24843.71,0.1235,Fully Funded
SAV-12157,CUST-12157,1771.73,157005.28,0.2211,Fully Funded
SAV-12158,CUST-12158,887.65,38576.37,0.1139,Fully Funded
SAV-12159,CUST-12159,1470.99,41864.72,0.2289,Fully Funded
SAV-12160,CUST-12160,591.27,11072.46,0.1108,Low
SAV-12161,CUST-12161,617.84,34863.0,0.1311,Fully Funded
SAV-12162,CUST-12162,648.59,14800.2,0.2401,Fully Funded
SAV-12163,CUST-12163,1340.23,83871.63,0.1264,Fully Funded
SAV-12164,CUST-12164,887.42,32619.19,0.1298,Fully Funded
SAV-12165,CUST-12165,940.79,49374.36,0.1055,Fully Funded
SAV-12166,CUST-12166,872.42,28470.66,0.1387,Partially Funded
SAV-12167,CUST-12167,715.18,32263.43,0.1019,Partially Funded
SAV-12168,CUST-12168,454.11,13224.24,0.1275,Partially Funded
SAV-12169,CUST-12169,1277.26,66917.35,0.1662,Fully Funded
SAV-12170,CUST-12170,1142.5,113449.38,0.1816,Fully Funded
SAV-12171,CUST-12171,606.6,44668.74,0.1069,Fully Funded
SAV-12172,CUST-12172,1780.64,91241.57,0.2071,Fully Funded
SAV-12173,CUST-12173,482.21,18471.8,0.1828,Fully Funded
SAV-12174,CUST-12174,1011.29,90430.46,0.2521,Fully Funded
SAV-12175,CUST-12175,1807.94,103262.19,0.187,Fully Funded
SAV-12176,CUST-12176,673.19,8894.38,0.2036,Partially Funded
SAV-12177,CUST-12177,944.64,104611.05,0.139,Fully Funded
SAV-12178,CUST-12178,1620.87,37356.68,0.1878,Partially Funded
SAV-12179,CUST-12179,940.16,88134.02,0.1182,Fully Funded
SAV-12180,CUST-12180,482.19,23377.93,0.1473,Fully Funded
SAV-12181,CUST-12181,335.81,20809.68,0.1212,Fully Funded
SAV-12182,CUST-12182,173.73,11362.5,0.1447,Fully Funded
SAV-12183,CUST-12183,1112.28,77459.87,0.1526,Fully Funded
SAV-12184,CUST-12184,1175.93,67573.17,0.1946,Fully Funded
SAV-12185,CUST-12185,386.31,37542.11,0.1158,Fully Funded
SAV-12186,CUST-12186,1298.06,78357.92,0.162,Fully Funded
SAV-12187,CUST-12187,416.41,39838.11,0.1947,Fully Funded
SAV-12188,CUST-12188,763.34,17199.52,0.1453,Partially Funded
SAV-12189,CUST-12189,838.04,23079.5,0.0934,Partially Funded
SAV-12190,CUST-12190,611.27,16532.76,0.1274,Partially Funded
SAV-12191,CUST-12191,147.27,14151.71,0.088,Fully Funded
SAV-12192,CUST-12192,830.05,49709.21,0.084,Partially Funded
SAV-12193,CUST-12193,684.17,45975.45,0.164,Fully Funded
SAV-12194,CUST-12194,349.5,22913.34,0.0777,Fully Funded
SAV-12195,CUST-12195,542.23,31507.94,0.1432,Fully Funded
SAV-12196,CUST-12196,199.5,12098.59,0.0852,Partially Funded
SAV-12197,CUST-12197,962.52,91333.29,0.1403,Fully Funded
SAV-12198,CUST-12198,1376.36,81646.36,0.1275,Fully Funded
SAV-12199,CUST-12199,40.0,2731.69,0.08,Fully Funded
SAV-12200,CUST-12200,1624.88,142858.89,0.2253,Fully Funded
SAV-12201,CUST-12201,838.53,33701.5,0.2366,Fully Funded
SAV-12202,CUST-12202,576.5,47533.97,0.1391,Fully Funded
SAV-12203,CUST-12203,913.84,59916.93,0.1075,Fully Funded
SAV-12204,CUST-12204,665.34,35304.44,0.1191,Fully Funded
SAV-12205,CUST-12205,523.11,33084.06,0.1107,Fully Funded
SAV-12206,CUST-12206,1581.58,144546.47,0.1932,Fully Funded
SAV-12207,CUST-12207,814.19,69632.75,0.1221,Fully Funded
SAV-12208,CUST-12208,1039.25,107866.02,0.1899,Fully Funded
SAV-12209,CUST-12209,627.79,41651.06,0.1847,Fully Funded
SAV-12210,CUST-12210,332.94,18749.53,0.1404,Fully Funded
SAV-12211,CUST-12211,441.81,16213.02,0.1079,Partially Funded
SAV-12212,CUST-12212,1264.88,98431.2,0.1259,Fully Funded
SAV-12213,CUST-12213,979.37,84643.07,0.1633,Fully Funded
SAV-12214,CUST-12214,1444.58,130773.11,0.1966,Fully Funded
SAV-12215,CUST-12215,106.71,6014.9,0.0842,Partially Funded
SAV-12216,CUST-12216,1893.2,80386.07,0.194,Fully Funded
SAV-12217,CUST-12217,711.3,66463.63,0.1464,Fully Funded
SAV-12218,CUST-12218,1013.67,54096.66,0.1492,Fully Funded
SAV-12219,CUST-12219,1420.97,22773.89,0.206,Partially Funded
SAV-12220,CUST-12220,490.71,11764.87,0.0912,Low
SAV-12221,CUST-12221,1514.67,21261.65,0.1402,Low
SAV-12222,CUST-12222,468.29,24483.96,0.2352,Fully Funded
SAV-12223,CUST-12223,1091.56,68377.52,0.1735,Fully Funded
SAV-12224,CUST-12224,1214.88,23611.06,0.1663,Partially Funded
SAV-12225,CUST-12225,1446.92,45512.11,0.1482,Fully Funded
SAV-12226,CUST-12226,1076.84,105512.7,0.178,Fully Funded
SAV-12227,CUST-12227,590.71,16914.28,0.092,Partially Funded
SAV-12228,CUST-12228,608.53,6951.27,0.1185,Low
SAV-12229,CUST-12229,1522.48,144375.47,0.1991,Fully Funded
SAV-12230,CUST-12230,2699.37,246613.39,0.2569,Fully Funded
SAV-12231,CUST-12231,690.22,61529.76,0.1237,Fully Funded
SAV-12232,CUST-12232,356.92,20802.8,0.1153,Fully Funded
SAV-12233,CUST-12233,610.04,42212.71,0.0729,Partially Funded
SAV-12234,CUST-12234,600.27,24044.88,0.1937,Fully Funded
SAV-12235,CUST-12235,400.7,28515.12,0.0808,Fully Funded
SAV-12236,CUST-12236,1166.72,45255.13,0.1917,Fully Funded
SAV-12237,CUST-12237,450.6,30868.8,0.0888,Fully Funded
SAV-12238,CUST-12238,623.61,27546.27,0.2139,Fully Funded
SAV-12239,CUST-12239,645.18,54026.12,0.181,Fully Funded
SAV-12240,CUST-12240,598.85,24450.01,0.1493,Fully Funded
SAV-12241,CUST-12241,961.26,26406.14,0.2264,Fully Funded
SAV-12242,CUST-12242,611.35,29843.69,0.1673,Fully Funded
SAV-12243,CUST-12243,1427.79,104669.89,0.2339,Fully Funded
SAV-12244,CUST-12244,1820.3,117352.57,0.1615,Fully Funded
SAV-12245,CUST-12245,1261.02,102619.02,0.2064,Fully Funded
SAV-12246,CUST-12246,1136.84,28371.42,0.1649,Partially Funded
SAV-12247,CUST-12247,2184.46,192651.11,0.2185,Fully Funded
SAV-12248,CUST-12248,1335.35,133110.05,0.1887,Fully Funded
SAV-12249,CUST-12249,1992.98,103454.07,0.2698,Fully Funded
SAV-12250,CUST-12250,296.81,6831.16,0.2653,Fully Funded
SAV-12251,CUST-12251,2150.78,73313.24,0.2307,Fully Funded
SAV-12252,CUST-12252,669.96,41476.26,0.1387,Fully Funded
SAV-12253,CUST-12253,1320.7,70792.85,0.1627,Fully Funded
SAV-12254,CUST-12254,916.06,71679.86,0.1202,Fully Funded
SAV-12255,CUST-12255,602.5,53010.12,0.1048,Fully Funded
SAV-12256,CUST-12256,236.98,13251.1,0.0609,Partially Funded
SAV-12257,CUST-12257,817.53,94783.69,0.1699,Fully Funded
SAV-12258,CUST-12258,722.93,11008.27,0.1334,Low
SAV-12259,CUST-12259,499.61,52955.56,0.0799,Fully Funded
SAV-12260,CUST-12260,1448.96,20653.45,0.2174,Partially Funded
SAV-12261,CUST-12261,360.33,21445.22,0.0664,Partially Funded
SAV-12262,CUST-12262,664.34,67914.76,0.2023,Fully Funded
SAV-12263,CUST-12263,2153.39,197371.04,0.2188,Fully Funded
SAV-12264,CUST-12264,243.95,3952.37,0.0992,Low
SAV-12265,CUST-12265,929.92,98161.76,0.2046,Fully Funded
SAV-12266,CUST-12266,1914.63,168004.24,0.2574,Fully Funded
SAV-12267,CUST-12267,616.49,55539.23,0.1014,Fully Funded
SAV-12268,CUST-12268,2126.23,108542.32,0.2473,Fully Funded
SAV-12269,CUST-12269,701.55,30064.74,0.1631,Fully Funded
SAV-12270,CUST-12270,1385.33,73067.27,0.1395,Fully Funded
SAV-12271,CUST-12271,291.49,20734.76,0.1344,Fully Funded
SAV-12272,CUST-12272,307.19,16059.64,0.1161,Fully Funded
SAV-12273,CUST-12273,524.41,30485.4,0.1874,Fully Funded
SAV-12274,CUST-12274,1532.82,32604.34,0.2202,Fully Funded
SAV-12275,CUST-12275,204.95,12611.64,0.2434,Fully Funded
SAV-12276,CUST-12276,439.16,31264.94,0.0975,Fully Funded
SAV-12277,CUST-12277,858.87,57905.13,0.1486,Fully Funded
SAV-12278,CUST-12278,642.49,23283.31,0.1461,Fully Funded
SAV-12279,CUST-12279,850.24,58858.8,0.1392,Fully Funded
SAV-12280,CUST-12280,665.6,8374.22,0.1469,Low
SAV-12281,CUST-12281,1183.34,63074.81,0.1282,Fully Funded
SAV-12282,CUST-12282,421.54,33007.9,0.097,Fully Funded
SAV-12283,CUST-12283,1092.51,24928.28,0.1077,Partially Funded
SAV-12284,CUST-12284,1662.95,86455.22,0.2694,Fully Funded
SAV-12285,CUST-12285,2398.57,172531.09,0.2589,Fully Funded
SAV-12286,CUST-12286,1125.02,75770.8,0.1754,Fully Funded
SAV-12287,CUST-12287,832.52,20042.32,0.075,Low
SAV-12288,CUST-12288,700.85,29750.17,0.1261,Fully Funded
SAV-12289,CUST-12289,930.69,33525.82,0.1088,Partially Funded
SAV-12290,CUST-12290,162.77,4582.57,0.0467,Low
SAV-12291,CUST-12291,422.59,41290.5,0.1863,Fully Funded
SAV-12292,CUST-12292,413.4,9648.4,0.1139,Partially Funded
SAV-12293,CUST-12293,95.05,11879.63,0.0976,Fully Funded
SAV-12294,CUST-12294,419.62,4577.84,0.0827,Low
SAV-12295,CUST-12295,587.31,42256.24,0.1219,Fully Funded
SAV-12296,CUST-12296,1127.35,74296.54,0.2117,Fully Funded
SAV-12297,CUST-12297,677.02,10636.57,0.1389,Low
SAV-12298,CUST-12298,1355.88,90582.63,0.1761,Fully Funded
SAV-12299,CUST-12299,2148.57,117156.3,0.1927,Fully Funded
SAV-12300,CUST-12300,1141.76,34798.33,0.1366,Partially Funded
SAV-12301,CUST-12301,479.54,52830.09,0.1499,Fully Funded
SAV-12302,CUST-12302,2518.56,150824.09,0.2105,Fully Funded
SAV-12303,CUST-12303,2747.65,222408.63,0.2992,Fully Funded
SAV-12304,CUST-12304,349.95,32132.57,0.1296,Fully Funded
SAV-12305,CUST-12305,880.65,31187.93,0.1587,Fully Funded
SAV-12306,CUST-12306,1008.47,48661.13,0.1131,Fully Funded
SAV-12307,CUST-12307,234.1,18277.92,0.1619,Fully Funded
SAV-12308,CUST-12308,838.26,17048.82,0.134,Partially Funded
SAV-12309,CUST-12309,561.63,17569.68,0.1396,Partially Funded
SAV-12310,CUST-12310,911.54,80902.1,0.0702,Fully Funded
SAV-12311,CUST-12311,517.14,14563.39,0.0979,Partially Funded
SAV-12312,CUST-12312,799.96,64645.6,0.1234,Fully Funded
SAV-12313,CUST-12313,757.66,64287.04,0.1387,Fully Funded
SAV-12314,CUST-12314,812.91,48260.72,0.1498,Fully Funded
SAV-12315,CUST-12315,1370.07,130940.38,0.1268,Fully Funded
SAV-12316,CUST-12316,983.56,47863.34,0.1011,Fully Funded
SAV-12317,CUST-12317,1391.16,109673.76,0.296,Fully Funded
SAV-12318,CUST-12318,364.37,20151.52,0.1054,Fully Funded
SAV-12319,CUST-12319,1338.6,66655.79,0.2007,Fully Funded
SAV-12320,CUST-12320,827.84,70110.07,0.1685,Fully Funded
SAV-12321,CUST-12321,731.44,49990.56,0.1139,Fully Funded
SAV-12322,CUST-12322,1622.64,152610.34,0.1686,Fully Funded
SAV-12323,CUST-12323,687.72,29986.94,0.1773,Fully Funded
SAV-12324,CUST-12324,566.57,18784.89,0.1955,Fully Funded
SAV-12325,CUST-12325,464.63,33288.25,0.1265,Fully Funded
SAV-12326,CUST-12326,1617.26,34251.78,0.174,Partially Funded
SAV-12327,CUST-12327,266.63,26487.26,0.1699,Fully Funded
SAV-12328,CUST-12328,829.59,32652.48,0.2608,Fully Funded
SAV-12329,CUST-12329,749.15,68435.68,0.1404,Fully Funded
SAV-12330,CUST-12330,1909.53,171448.75,0.2415,Fully Funded
SAV-12331,CUST-12331,1151.1,34928.88,0.1569,Fully Funded
SAV-12332,CUST-12332,31.3,1277.69,0.054,Low
SAV-12333,CUST-12333,855.71,69014.22,0.1395,Fully Funded
SAV-12334,CUST-12334,172.66,6541.87,0.1462,Fully Funded
SAV-12335,CUST-12335,90.64,3998.07,0.1439,Fully Funded
SAV-12336,CUST-12336,1788.24,28409.26,0.2005,Partially Funded
SAV-12337,CUST-12337,886.2,19038.49,0.1651,Partially Funded
SAV-12338,CUST-12338,1136.69,87290.22,0.2168,Fully Funded
SAV-12339,CUST-12339,649.75,14748.05,0.0721,Low
SAV-12340,CUST-12340,204.57,21064.23,0.1964,Fully Funded
SAV-12341,CUST-12341,645.62,40362.13,0.1447,Fully Funded
SAV-12342,CUST-12342,2210.61,143208.52,0.2874,Fully Funded
SAV-12343,CUST-12343,886.88,46608.08,0.1223,Fully Funded
SAV-12344,CUST-12344,1106.49,113116.47,0.1472,Fully Funded
SAV-12345,CUST-12345,841.08,47416.78,0.1739,Fully Funded
SAV-12346,CUST-12346,1067.56,38090.45,0.3003,Fully Funded
SAV-12347,CUST-12347,695.8,49619.01,0.1143,Fully Funded
SAV-12348,CUST-12348,540.26,37011.63,0.1534,Fully Funded
SAV-12349,CUST-12349,648.2,18501.8,0.1759,Fully Funded
SAV-12350,CUST-12350,811.51,90121.92,0.1311,Fully Funded
SAV-12351,CUST-12351,409.49,26503.79,0.1019,Fully Funded
SAV-12352,CUST-12352,511.38,36055.2,0.1077,Fully Funded
SAV-12353,CUST-12353,156.84,10013.78,0.1194,Fully Funded
SAV-12354,CUST-12354,859.42,38840.49,0.0782,Partially Funded
SAV-12355,CUST-12355,164.64,3395.28,0.1524,Partially Funded
SAV-12356,CUST-12356,1456.65,67953.95,0.1302,Fully Funded
SAV-12357,CUST-12357,1154.57,32457.16,0.1646,Fully Funded
SAV-12358,CUST-12358,1774.1,51677.31,0.2289,Fully Funded
SAV-12359,CUST-12359,656.19,39489.86,0.1652,Fully Funded
SAV-12360,CUST-12360,289.42,7314.46,0.0518,Low
SAV-12361,CUST-12361,891.82,15770.49,0.1314,Partially Funded
SAV-12362,CUST-12362,684.23,15649.61,0.1449,Partially Funded
SAV-12363,CUST-12363,739.5,55517.1,0.1832,Fully Funded
SAV-12364,CUST-12364,502.43,17282.22,0.0854,Partially Funded
SAV-12365,CUST-12365,692.69,35278.44,0.2535,Fully Funded
SAV-12366,CUST-12366,1505.69,48808.45,0.2309,Fully Funded
SAV-12367,CUST-12367,574.38,10728.33,0.1896,Partially Funded
SAV-12368,CUST-12368,662.07,14974.88,0.163,Partially Funded
SAV-12369,CUST-12369,877.22,82652.8,0.2103,Fully Funded
SAV-12370,CUST-12370,537.31,12914.18,0.0967,Partially Funded
SAV-12371,CUST-12371,1328.98,28005.13,0.1418,Partially Funded
SAV-12372,CUST-12372,786.16,34878.58,0.1049,Fully Funded
SAV-12373,CUST-12373,694.66,49025.35,0.0688,Partially Funded
SAV-12374,CUST-12374,1297.54,55642.45,0.134,Fully Funded
SAV-12375,CUST-12375,259.2,14485.57,0.0675,Partially Funded
SAV-12376,CUST-12376,1112.53,25655.98,0.1286,Partially Funded
SAV-12377,CUST-12377,555.71,24350.72,0.1843,Fully Funded
SAV-12378,CUST-12378,174.06,8494.35,0.0681,Partially Funded
SAV-12379,CUST-12379,507.5,6801.42,0.1183,Low
SAV-12380,CUST-12380,550.61,42888.75,0.1716,Fully Funded
SAV-12381,CUST-12381,666.56,35398.08,0.0949,Partially Funded
SAV-12382,CUST-12382,1108.57,40919.35,0.1242,Fully Funded
SAV-12383,CUST-12383,679.2,80232.36,0.1407,Fully Funded
SAV-12384,CUST-12384,722.36,46783.86,0.0998,Fully Funded
SAV-12385,CUST-12385,906.65,25814.9,0.1054,Partially Funded
SAV-12386,CUST-12386,524.51,33265.22,0.1498,Fully Funded
SAV-12387,CUST-12387,2112.15,120266.51,0.2393,Fully Funded
SAV-12388,CUST-12388,480.18,24132.38,0.1219,Fully Funded
SAV-12389,CUST-12389,1534.53,130620.33,0.2179,Fully Funded
SAV-12390,CUST-12390,579.56,18546.73,0.119,Partially Funded
SAV-12391,CUST-12391,980.25,25680.66,0.1053,Partially Funded
SAV-12392,CUST-12392,1119.02,116254.96,0.1584,Fully Funded
SAV-12393,CUST-12393,235.98,16358.54,0.1089,Fully Funded
SAV-12394,CUST-12394,977.06,91745.66,0.1685,Fully Funded
SAV-12395,CUST-12395,935.94,38541.26,0.1423,Fully Funded
SAV-12396,CUST-12396,773.27,40015.82,0.298,Fully Funded
SAV-12397,CUST-12397,936.39,56495.12,0.1592,Fully Funded
SAV-12398,CUST-12398,2278.08,91572.44,0.2292,Fully Funded
SAV-12399,CUST-12399,231.3,6061.37,0.2198,Fully Funded
SAV-12400,CUST-12400,839.27,59527.21,0.081,Fully Funded
SAV-12401,CUST-12401,444.76,40319.13,0.1153,Fully Funded
SAV-12402,CUST-12402,618.18,19438.75,0.1087,Partially Funded
SAV-12403,CUST-12403,1549.3,61554.31,0.1207,Fully Funded
SAV-12404,CUST-12404,1206.17,115026.95,0.1749,Fully Funded
SAV-12405,CUST-12405,879.22,41652.89,0.1805,Fully Funded
SAV-12406,CUST-12406,987.38,86639.48,0.1616,Fully Funded
SAV-12407,CUST-12407,365.08,26323.23,0.0997,Fully Funded
SAV-12408,CUST-12408,664.54,73311.71,0.1664,Fully Funded
SAV-12409,CUST-12409,3152.3,212262.02,0.1908,Fully Funded
SAV-12410,CUST-12410,631.92,41238.41,0.1363,Fully Funded
SAV-12411,CUST-12411,528.33,17618.9,0.1421,Fully Funded
SAV-12412,CUST-12412,655.84,77808.82,0.2662,Fully Funded
SAV-12413,CUST-12413,1262.06,86270.03,0.188,Fully Funded
SAV-12414,CUST-12414,541.11,32534.67,0.1158,Fully Funded
SAV-12415,CUST-12415,737.19,17842.47,0.2178,Fully Funded
SAV-12416,CUST-12416,432.65,27348.11,0.1133,Fully Funded
SAV-12417,CUST-12417,625.57,56003.32,0.1333,Fully Funded
SAV-12418,CUST-12418,402.09,15834.51,0.1155,Partially Funded
SAV-12419,CUST-12419,799.43,23530.91,0.1219,Partially Funded
SAV-12420,CUST-12420,1071.38,74603.69,0.1631,Fully Funded
SAV-12421,CUST-12421,565.56,9350.11,0.1675,Partially Funded
SAV-12422,CUST-12422,1233.7,114843.11,0.1714,Fully Funded
SAV-12423,CUST-12423,895.5,57153.38,0.2055,Fully Funded
SAV-12424,CUST-12424,926.37,23396.0,0.1163,Partially Funded
SAV-12425,CUST-12425,531.52,63040.57,0.138,Fully Funded
SAV-12426,CUST-12426,2298.54,157979.12,0.1987,Fully Funded
SAV-12427,CUST-12427,1090.99,47557.89,0.1983,Fully Funded
SAV-12428,CUST-12428,722.76,62935.1,0.1239,Fully Funded
SAV-12429,CUST-12429,96.71,3567.77,0.1358,Fully Funded
SAV-12430,CUST-12430,2171.8,146065.86,0.1887,Fully Funded
SAV-12431,CUST-12431,99.51,7124.88,0.1075,Fully Funded
SAV-12432,CUST-12432,170.01,4920.28,0.0902,Partially Funded
SAV-12433,CUST-12433,1106.22,22441.29,0.2249,Fully Funded
SAV-12434,CUST-12434,626.94,68457.33,0.1739,Fully Funded
SAV-12435,CUST-12435,1025.18,72929.23,0.1387,Fully Funded
SAV-12436,CUST-12436,708.24,57394.18,0.1472,Fully Funded
SAV-12437,CUST-12437,938.86,16786.87,0.0847,Low
SAV-12438,CUST-12438,2509.03,269421.77,0.2602,Fully Funded
SAV-12439,CUST-12439,425.96,10061.68,0.1328,Partially Funded
SAV-12440,CUST-12440,833.39,99163.62,0.108,Fully Funded
SAV-12441,CUST-12441,1345.21,20573.26,0.2333,Partially Funded
SAV-12442,CUST-12442,228.58,9939.27,0.1449,Fully Funded
SAV-12443,CUST-12443,1598.8,33020.25,0.2163,Fully Funded
SAV-12444,CUST-12444,1137.77,108344.09,0.2264,Fully Funded
SAV-12445,CUST-12445,412.67,10291.45,0.1527,Partially Funded
SAV-12446,CUST-12446,2054.17,106706.75,0.168,Fully Funded
SAV-12447,CUST-12447,1655.51,33295.26,0.264,Fully Funded
SAV-12448,CUST-12448,1239.38,28635.28,0.2213,Fully Funded
SAV-12449,CUST-12449,721.41,64412.85,0.1679,Fully Funded
SAV-12450,CUST-12450,405.38,15984.26,0.0675,Partially Funded
SAV-12451,CUST-12451,2231.75,184712.32,0.1982,Fully Funded
SAV-12452,CUST-12452,1209.79,66161.84,0.109,Fully Funded
SAV-12453,CUST-12453,1089.12,29625.81,0.193,Fully Funded
SAV-12454,CUST-12454,1435.59,89942.1,0.1272,Fully Funded
SAV-12455,CUST-12455,155.01,13501.4,0.1539,Fully Funded
SAV-12456,CUST-12456,995.24,68094.95,0.1442,Fully Funded
SAV-12457,CUST-12457,213.89,7658.74,0.1718,Fully Funded
SAV-12458,CUST-12458,948.32,43734.75,0.1486,Fully Funded
SAV-12459,CUST-12459,1335.62,73381.29,0.172,Fully Funded
SAV-12460,CUST-12460,1179.34,34984.06,0.2537,Fully Funded
SAV-12461,CUST-12461,562.46,27416.35,0.1351,Fully Funded
SAV-12462,CUST-12462,802.62,38789.42,0.1348,Fully Funded
SAV-12463,CUST-12463,716.15,38234.91,0.1607,Fully Funded
SAV-12464,CUST-12464,1049.13,65390.03,0.2094,Fully Funded
SAV-12465,CUST-12465,651.87,23323.29,0.1576,Fully Funded
SAV-12466,CUST-12466,1523.21,108771.59,0.1378,Fully Funded
SAV-12467,CUST-12467,1373.4,94470.25,0.1252,Fully Funded
SAV-12468,CUST-12468,830.93,51795.68,0.1231,Fully Funded
SAV-12469,CUST-12469,792.14,33432.1,0.14,Fully Funded
SAV-12470,CUST-12470,822.33,76313.7,0.1222,Fully Funded
SAV-12471,CUST-12471,549.63,46884.96,0.0912,Fully Funded
SAV-12472,CUST-12472,3100.69,103717.59,0.2302,Fully Funded
SAV-12473,CUST-12473,133.85,5787.87,0.1848,Fully Funded
SAV-12474,CUST-12474,570.91,9965.84,0.1356,Low
SAV-12475,CUST-12475,1148.08,26957.07,0.1382,Partially Funded
SAV-12476,CUST-12476,638.33,35110.37,0.1509,Fully Funded
SAV-12477,CUST-12477,747.64,16325.83,0.0965,Low
SAV-12478,CUST-12478,286.38,18538.34,0.2968,Fully Funded
SAV-12479,CUST-12479,2172.64,88555.84,0.228,Fully Funded
SAV-12480,CUST-12480,937.88,38479.07,0.2257,Fully Funded
SAV-12481,CUST-12481,185.04,6175.51,0.1466,Fully Funded
SAV-12482,CUST-12482,728.56,47709.74,0.0898,Fully Funded
SAV-12483,CUST-12483,2186.76,143464.62,0.2805,Fully Funded
SAV-12484,CUST-12484,806.52,59757.6,0.2353,Fully Funded
SAV-12485,CUST-12485,203.31,13888.63,0.06,Partially Funded
SAV-12486,CUST-12486,340.51,31030.25,0.0866,Fully Funded
SAV-12487,CUST-12487,2142.49,84885.03,0.1105,Partially Funded
SAV-12488,CUST-12488,1088.73,15748.94,0.1097,Low
SAV-12489,CUST-12489,1311.16,114522.06,0.1271,Fully Funded
SAV-12490,CUST-12490,507.1,37461.88,0.1601,Fully Funded
SAV-12491,CUST-12491,856.25,16775.24,0.1163,Low
SAV-12492,CUST-12492,544.32,41794.76,0.1368,Fully Funded
SAV-12493,CUST-12493,773.16,47488.59,0.1776,Fully Funded
SAV-12494,CUST-12494,190.1,8663.98,0.1824,Fully Funded
SAV-12495,CUST-12495,993.81,67110.79,0.1794,Fully Funded
SAV-12496,CUST-12496,1121.98,58489.37,0.13,Fully Funded
SAV-12497,CUST-12497,943.1,22489.78,0.1389,Partially Funded
SAV-12498,CUST-12498,778.17,19869.02,0.1122,Partially Funded
SAV-12499,CUST-12499,225.4,11698.7,0.1124,Fully Funded
SAV-12500,CUST-12500,1860.76,73586.29,0.2562,Fully Funded
SAV-12501,CUST-12501,431.25,29340.53,0.2531,Fully Funded
SAV-12502,CUST-12502,839.64,36981.56,0.223,Fully Funded
SAV-12503,CUST-12503,218.5,5285.18,0.2294,Fully Funded
SAV-12504,CUST-12504,1050.88,39197.12,0.2177,Fully Funded
SAV-12505,CUST-12505,1091.76,110481.14,0.1671,Fully Funded
SAV-12506,CUST-12506,283.31,20201.45,0.0856,Fully Funded
SAV-12507,CUST-12507,326.59,4448.0,0.1195,Low
SAV-12508,CUST-12508,925.47,48172.8,0.1514,Fully Funded
SAV-12509,CUST-12509,510.29,9690.23,0.1686,Partially Funded
SAV-12510,CUST-12510,710.0,19368.98,0.1121,Partially Funded
SAV-12511,CUST-12511,1182.03,60632.14,0.1933,Fully Funded
SAV-12512,CUST-12512,1349.54,93296.35,0.1541,Fully Funded
SAV-12513,CUST-12513,222.81,10187.56,0.1859,Fully Funded
SAV-12514,CUST-12514,1515.28,128207.79,0.1993,Fully Funded
SAV-12515,CUST-12515,743.51,32927.31,0.1568,Fully Funded
SAV-12516,CUST-12516,671.19,15592.61,0.0928,Low
SAV-12517,CUST-12517,1002.44,64320.34,0.2138,Fully Funded
SAV-12518,CUST-12518,1005.53,70334.87,0.1075,Fully Funded
SAV-12519,CUST-12519,1088.74,82803.1,0.1992,Fully Funded
SAV-12520,CUST-12520,410.73,13960.57,0.188,Fully Funded
SAV-12521,CUST-12521,740.36,38869.9,0.133,Fully Funded
SAV-12522,CUST-12522,88.12,2248.11,0.128,Partially Funded
SAV-12523,CUST-12523,783.51,40219.58,0.1859,Fully Funded
SAV-12524,CUST-12524,2079.59,156534.12,0.2579,Fully Funded
SAV-12525,CUST-12525,224.47,16585.17,0.1659,Fully Funded
SAV-12526,CUST-12526,2661.25,313228.84,0.1996,Fully Funded
SAV-12527,CUST-12527,696.79,82057.94,0.1781,Fully Funded
SAV-12528,CUST-12528,467.64,29353.1,0.1309,Fully Funded
SAV-12529,CUST-12529,902.61,48766.71,0.1952,Fully Funded
SAV-12530,CUST-12530,423.72,6934.75,0.0977,Low
SAV-12531,CUST-12531,981.9,80955.8,0.184,Fully Funded
SAV-12532,CUST-12532,1641.78,113961.79,0.1486,Fully Funded
SAV-12533,CUST-12533,671.28,27971.24,0.1258,Fully Funded
SAV-12534,CUST-12534,602.72,16296.0,0.1676,Fully Funded
SAV-12535,CUST-12535,1358.25,42262.34,0.198,Fully Funded
SAV-12536,CUST-12536,167.7,13734.37,0.1618,Fully Funded
SAV-12537,CUST-12537,1187.21,139650.07,0.1629,Fully Funded
SAV-12538,CUST-12538,611.03,25694.28,0.1237,Fully Funded
SAV-12539,CUST-12539,328.75,29678.52,0.0775,Fully Funded
SAV-12540,CUST-12540,639.62,35561.51,0.1232,Fully Funded
SAV-12541,CUST-12541,624.73,28147.96,0.1378,Fully Funded
SAV-12542,CUST-12542,245.46,12704.03,0.0923,Fully Funded
SAV-12543,CUST-12543,382.12,16251.09,0.196,Fully Funded
SAV-12544,CUST-12544,911.46,37606.21,0.1718,Fully Funded
SAV-12545,CUST-12545,873.08,33299.45,0.1299,Fully Funded
SAV-12546,CUST-12546,473.23,37853.88,0.0837,Fully Funded
SAV-12547,CUST-12547,1663.21,47164.01,0.142,Partially Funded
SAV-12548,CUST-12548,789.4,26878.77,0.1371,Fully Funded
SAV-12549,CUST-12549,1820.08,92648.67,0.1686,Fully Funded
SAV-12550,CUST-12550,534.52,36056.95,0.0992,Fully Funded
SAV-12551,CUST-12551,315.73,21513.56,0.1099,Fully Funded
SAV-12552,CUST-12552,477.8,30900.96,0.1253,Fully Funded
SAV-12553,CUST-12553,548.86,51534.32,0.0813,Fully Funded
SAV-12554,CUST-12554,2593.8,146897.54,0.2127,Fully Funded
SAV-12555,CUST-12555,1628.3,51048.24,0.2322,Fully Funded
SAV-12556,CUST-12556,847.09,86835.27,0.1122,Fully Funded
SAV-12557,CUST-12557,1161.32,126873.97,0.1319,Fully Funded
SAV-12558,CUST-12558,581.64,14755.3,0.1307,Partially Funded
SAV-12559,CUST-12559,1170.36,65554.15,0.1165,Fully Funded
SAV-12560,CUST-12560,936.69,20359.88,0.1216,Partially Funded
SAV-12561,CUST-12561,54.61,4625.81,0.1092,Fully Funded
SAV-12562,CUST-12562,431.92,27035.07,0.1551,Fully Funded
SAV-12563,CUST-12563,844.77,43111.25,0.2466,Fully Funded
SAV-12564,CUST-12564,1009.2,36019.92,0.1473,Fully Funded
SAV-12565,CUST-12565,656.89,33262.17,0.1223,Fully Funded
SAV-12566,CUST-12566,1027.13,88371.58,0.1894,Fully Funded
SAV-12567,CUST-12567,540.67,20853.83,0.1032,Partially Funded
SAV-12568,CUST-12568,610.68,44940.75,0.1537,Fully Funded
SAV-12569,CUST-12569,1184.38,95984.06,0.1178,Fully Funded
SAV-12570,CUST-12570,707.38,26773.05,0.114,Partially Funded
SAV-12571,CUST-12571,759.82,59469.37,0.0883,Fully Funded
SAV-12572,CUST-12572,883.6,39896.31,0.1512,Fully Funded
SAV-12573,CUST-12573,1024.74,67325.48,0.1372,Fully Funded
SAV-12574,CUST-12574,894.04,65896.62,0.1575,Fully Funded
SAV-12575,CUST-12575,1073.84,22050.91,0.1996,Fully Funded
SAV-12576,CUST-12576,223.21,8637.36,0.1085,Partially Funded
SAV-12577,CUST-12577,584.48,62392.87,0.1409,Fully Funded
SAV-12578,CUST-12578,2223.24,131383.8,0.1732,Fully Funded
SAV-12579,CUST-12579,676.69,30752.95,0.09,Partially Funded
SAV-12580,CUST-12580,2021.58,24402.26,0.1816,Low
SAV-12581,CUST-12581,114.52,3627.73,0.093,Partially Funded
SAV-12582,CUST-12582,1086.68,123581.13,0.1758,Fully Funded
SAV-12583,CUST-12583,563.44,43023.67,0.0945,Fully Funded
SAV-12584,CUST-12584,2184.52,89319.65,0.1836,Fully Funded
SAV-12585,CUST-12585,685.73,60312.87,0.1021,Fully Funded
SAV-12586,CUST-12586,1070.91,86908.87,0.1465,Fully Funded
SAV-12587,CUST-12587,250.54,12837.71,0.1826,Fully Funded
SAV-12588,CUST-12588,1398.51,83018.09,0.2328,Fully Funded
SAV-12589,CUST-12589,692.12,33361.49,0.1581,Fully Funded
SAV-12590,CUST-12590,596.03,30094.59,0.1706,Fully Funded
SAV-12591,CUST-12591,704.77,49474.05,0.1019,Fully Funded
SAV-12592,CUST-12592,397.95,31764.67,0.0483,Partially Funded
SAV-12593,CUST-12593,1852.65,118067.49,0.2365,Fully Funded
SAV-12594,CUST-12594,1017.88,104153.55,0.2268,Fully Funded
SAV-12595,CUST-12595,775.18,22102.99,0.1317,Partially Funded
SAV-12596,CUST-12596,490.67,22674.29,0.1071,Fully Funded
SAV-12597,CUST-12597,1044.77,22640.2,0.1625,Partially Funded
SAV-12598,CUST-12598,932.99,29698.67,0.1842,Fully Funded
SAV-12599,CUST-12599,857.38,34486.83,0.1881,Fully Funded
SAV-12600,CUST-12600,740.96,56941.99,0.1222,Fully Funded
SAV-12601,CUST-12601,1044.23,77050.64,0.2155,Fully Funded
SAV-12602,CUST-12602,725.02,58084.28,0.179,Fully Funded
SAV-12603,CUST-12603,634.79,16503.8,0.1438,Partially Funded
SAV-12604,CUST-12604,968.7,32597.55,0.1848,Fully Funded
SAV-12605,CUST-12605,1371.59,68646.29,0.156,Fully Funded
SAV-12606,CUST-12606,635.45,30526.58,0.1384,Fully Funded
SAV-12607,CUST-12607,666.51,31625.01,0.19,Fully Funded
SAV-12608,CUST-12608,918.59,52241.12,0.1312,Fully Funded
SAV-12609,CUST-12609,1315.14,84482.51,0.1652,Fully Funded
SAV-12610,CUST-12610,939.13,35414.97,0.1057,Partially Funded
SAV-12611,CUST-12611,833.76,10380.64,0.1944,Partially Funded
SAV-12612,CUST-12612,186.68,7489.82,0.0946,Partially Funded
SAV-12613,CUST-12613,1385.85,29823.74,0.2105,Fully Funded
SAV-12614,CUST-12614,2663.96,179319.15,0.1916,Fully Funded
SAV-12615,CUST-12615,1111.12,80087.38,0.2313,Fully Funded
SAV-12616,CUST-12616,884.2,34878.02,0.1728,Fully Funded
SAV-12617,CUST-12617,678.69,41296.03,0.1492,Fully Funded
SAV-12618,CUST-12618,262.11,11165.84,0.0766,Partially Funded
SAV-12619,CUST-12619,506.22,12627.88,0.106,Partially Funded
SAV-12620,CUST-12620,642.18,35488.96,0.1673,Fully Funded
SAV-12621,CUST-12621,153.41,10201.58,0.15,Fully Funded
SAV-12622,CUST-12622,882.38,96847.52,0.1374,Fully Funded
SAV-12623,CUST-12623,388.91,41789.23,0.088,Fully Funded
SAV-12624,CUST-12624,386.24,7119.08,0.0905,Low
SAV-12625,CUST-12625,662.03,31177.23,0.1199,Fully Funded
SAV-12626,CUST-12626,1265.58,27659.25,0.1733,Partially Funded
SAV-12627,CUST-12627,765.59,71926.53,0.1686,Fully Funded
SAV-12628,CUST-12628,1359.29,135782.45,0.1711,Fully Funded
SAV-12629,CUST-12629,2546.3,137290.0,0.1984,Fully Funded
SAV-12630,CUST-12630,712.18,15820.87,0.1807,Partially Funded
SAV-12631,CUST-12631,63.79,1675.31,0.1013,Partially Funded
SAV-12632,CUST-12632,410.87,44600.12,0.1414,Fully Funded
SAV-12633,CUST-12633,895.47,39919.57,0.1453,Fully Funded
SAV-12634,CUST-12634,911.79,21029.63,0.1435,Partially Funded
SAV-12635,CUST-12635,376.98,27301.37,0.088,Fully Funded
SAV-12636,CUST-12636,895.49,18483.43,0.156,Partially Funded
SAV-12637,CUST-12637,1569.92,75499.35,0.2131,Fully Funded
SAV-12638,CUST-12638,1674.41,84041.07,0.2276,Fully Funded
SAV-12639,CUST-12639,135.77,7142.8,0.1186,Fully Funded
SAV-12640,CUST-12640,1091.12,61224.48,0.1713,Fully Funded
SAV-12641,CUST-12641,1025.03,91966.39,0.1308,Fully Funded
SAV-12642,CUST-12642,430.99,29119.63,0.156,Fully Funded
SAV-12643,CUST-12643,892.01,16188.46,0.156,Partially Funded
SAV-12644,CUST-12644,415.89,15013.95,0.1171,Partially Funded
SAV-12645,CUST-12645,327.54,23701.79,0.2675,Fully Funded
SAV-12646,CUST-12646,726.14,75400.46,0.1545,Fully Funded
SAV-12647,CUST-12647,883.3,45989.4,0.1127,Fully Funded
SAV-12648,CUST-12648,904.84,26768.24,0.1719,Fully Funded
SAV-12649,CUST-12649,889.64,46899.36,0.1612,Fully Funded
SAV-12650,CUST-12650,675.33,69063.16,0.1776,Fully Funded
SAV-12651,CUST-12651,1003.78,45444.24,0.2546,Fully Funded
SAV-12652,CUST-12652,296.23,23445.53,0.1859,Fully Funded
SAV-12653,CUST-12653,839.15,95287.24,0.0871,Fully Funded
SAV-12654,CUST-12654,204.1,11199.18,0.1673,Fully Funded
SAV-12655,CUST-12655,405.26,13854.76,0.1329,Fully Funded
SAV-12656,CUST-12656,904.99,34651.76,0.1492,Fully Funded
SAV-12657,CUST-12657,781.12,27735.84,0.1594,Fully Funded
SAV-12658,CUST-12658,1279.99,91301.42,0.1513,Fully Funded
SAV-12659,CUST-12659,1249.23,29538.46,0.1169,Partially Funded
SAV-12660,CUST-12660,409.31,30915.36,0.0549,Partially Funded
SAV-12661,CUST-12661,780.06,51866.08,0.2312,Fully Funded
SAV-12662,CUST-12662,1092.77,20759.9,0.2194,Partially Funded
SAV-12663,CUST-12663,211.89,4262.62,0.185,Partially Funded
SAV-12664,CUST-12664,1018.84,30094.14,0.1638,Fully Funded
SAV-12665,CUST-12665,1153.07,43986.26,0.192,Fully Funded
SAV-12666,CUST-12666,974.12,41784.99,0.1969,Fully Funded
SAV-12667,CUST-12667,1253.94,87510.8,0.2073,Fully Funded
SAV-12668,CUST-12668,808.11,52860.12,0.1706,Fully Funded
SAV-12669,CUST-12669,970.99,22777.3,0.1677,Partially Funded
SAV-12670,CUST-12670,934.75,76538.01,0.1087,Fully Funded
SAV-12671,CUST-12671,168.52,7349.01,0.1314,Fully Funded
SAV-12672,CUST-12672,1859.59,105715.48,0.1893,Fully Funded
SAV-12673,CUST-12673,455.68,25973.82,0.0882,Fully Funded
SAV-12674,CUST-12674,1321.07,47402.66,0.2061,Fully Funded
SAV-12675,CUST-12675,240.71,11931.77,0.1063,Fully Funded
SAV-12676,CUST-12676,1351.51,101547.84,0.2565,Fully Funded
SAV-12677,CUST-12677,734.88,68377.36,0.1428,Fully Funded
SAV-12678,CUST-12678,751.62,27510.43,0.215,Fully Funded
SAV-12679,CUST-12679,1958.25,68820.73,0.2693,Fully Funded
SAV-12680,CUST-12680,1373.33,55989.41,0.1991,Fully Funded
SAV-12681,CUST-12681,250.52,15769.78,0.216,Fully Funded
SAV-12682,CUST-12682,1125.28,70377.4,0.1493,Fully Funded
SAV-12683,CUST-12683,1682.38,70590.98,0.2042,Fully Funded
SAV-12684,CUST-12684,1449.69,66568.22,0.2766,Fully Funded
SAV-12685,CUST-12685,1009.11,23596.94,0.1546,Partially Funded
SAV-12686,CUST-12686,1027.44,27485.48,0.1653,Partially Funded
SAV-12687,CUST-12687,857.8,95989.73,0.0749,Fully Funded
SAV-12688,CUST-12688,2296.87,156282.4,0.1936,Fully Funded
SAV-12689,CUST-12689,541.12,42351.47,0.1556,Fully Funded
SAV-12690,CUST-12690,879.17,48591.56,0.1515,Fully Funded
SAV-12691,CUST-12691,728.85,7800.26,0.1039,Low
SAV-12692,CUST-12692,2391.89,53251.56,0.1722,Partially Funded
SAV-12693,CUST-12693,1683.99,37394.46,0.1963,Fully Funded
SAV-12694,CUST-12694,1329.11,84380.65,0.2339,Fully Funded
SAV-12695,CUST-12695,206.39,14901.61,0.2418,Fully Funded
SAV-12696,CUST-12696,632.17,25171.13,0.1924,Fully Funded
SAV-12697,CUST-12697,41.53,2379.17,0.0697,Partially Funded
SAV-12698,CUST-12698,1525.82,133050.88,0.2134,Fully Funded
SAV-12699,CUST-12699,905.33,26201.11,0.1579,Fully Funded
SAV-12700,CUST-12700,786.24,29493.03,0.1236,Fully Funded
SAV-12701,CUST-12701,1879.55,24326.47,0.1795,Partially Funded
SAV-12702,CUST-12702,4396.53,133617.55,0.3142,Fully Funded
SAV-12703,CUST-12703,538.76,39512.03,0.1347,Fully Funded
SAV-12704,CUST-12704,908.98,47314.11,0.1606,Fully Funded
SAV-12705,CUST-12705,1546.12,38984.92,0.149,Partially Funded
SAV-12706,CUST-12706,341.31,9640.41,0.1601,Fully Funded
SAV-12707,CUST-12707,1925.4,145483.02,0.159,Fully Funded
SAV-12708,CUST-12708,2112.81,98430.62,0.214,Fully Funded
SAV-12709,CUST-12709,616.74,58353.89,0.1139,Fully Funded
SAV-12710,CUST-12710,1256.1,77450.67,0.2755,Fully Funded
SAV-12711,CUST-12711,1606.47,179259.22,0.2318,Fully Funded
SAV-12712,CUST-12712,1148.48,76532.92,0.213,Fully Funded
SAV-12713,CUST-12713,744.43,29402.88,0.1576,Fully Funded
SAV-12714,CUST-12714,2159.31,42161.47,0.2569,Fully Funded
SAV-12715,CUST-12715,1866.29,136755.67,0.1539,Fully Funded
SAV-12716,CUST-12716,748.52,34646.97,0.1033,Fully Funded
SAV-12717,CUST-12717,1113.47,57219.04,0.1204,Fully Funded
SAV-12718,CUST-12718,623.19,46651.56,0.0979,Fully Funded
SAV-12719,CUST-12719,429.87,34706.09,0.0602,Partially Funded
SAV-12720,CUST-12720,819.48,64375.53,0.1152,Fully Funded
SAV-12721,CUST-12721,209.52,20256.82,0.1376,Fully Funded
SAV-12722,CUST-12722,385.1,38439.03,0.083,Fully Funded
SAV-12723,CUST-12723,661.41,41103.89,0.1171,Fully Funded
SAV-12724,CUST-12724,1823.09,58214.11,0.2332,Fully Funded
SAV-12725,CUST-12725,849.72,16859.17,0.1609,Partially Funded
SAV-12726,CUST-12726,1012.92,44704.4,0.1433,Fully Funded
SAV-12727,CUST-12727,1978.02,62643.76,0.1768,Fully Funded
SAV-12728,CUST-12728,1665.89,82546.34,0.182,Fully Funded
SAV-12729,CUST-12729,670.66,32642.1,0.2211,Fully Funded
SAV-12730,CUST-12730,905.25,21443.76,0.0876,Low
SAV-12731,CUST-12731,2060.65,124246.31,0.1696,Fully Funded
SAV-12732,CUST-12732,1099.27,95434.0,0.12,Fully Funded
SAV-12733,CUST-12733,328.69,32465.88,0.0968,Fully Funded
SAV-12734,CUST-12734,1632.1,44087.7,0.1171,Partially Funded
SAV-12735,CUST-12735,988.91,43469.28,0.2461,Fully Funded
SAV-12736,CUST-12736,904.28,88684.01,0.1579,Fully Funded
SAV-12737,CUST-12737,703.6,15045.97,0.1379,Partially Funded
SAV-12738,CUST-12738,892.99,60010.95,0.1724,Fully Funded
SAV-12739,CUST-12739,1535.1,84427.32,0.2128,Fully Funded
SAV-12740,CUST-12740,1035.51,103908.52,0.1714,Fully Funded
SAV-12741,CUST-12741,873.85,21881.65,0.1293,Partially Funded
SAV-12742,CUST-12742,847.89,70386.05,0.1798,Fully Funded
SAV-12743,CUST-12743,426.58,10766.37,0.1082,Partially Funded
SAV-12744,CUST-12744,424.83,7061.14,0.1024,Low
SAV-12745,CUST-12745,836.63,37416.8,0.2608,Fully Funded
SAV-12746,CUST-12746,204.59,8184.73,0.0925,Partially Funded
SAV-12747,CUST-12747,971.24,47981.01,0.2118,Fully Funded
SAV-12748,CUST-12748,1400.3,48447.55,0.201,Fully Funded
SAV-12749,CUST-12749,810.89,48657.19,0.0839,Fully Funded
SAV-12750,CUST-12750,967.51,59559.73,0.0868,Fully Funded
SAV-12751,CUST-12751,1224.59,26510.46,0.1082,Partially Funded
SAV-12752,CUST-12752,1174.04,43470.1,0.1541,Fully Funded
SAV-12753,CUST-12753,715.61,47400.31,0.0962,Fully Funded
SAV-12754,CUST-12754,879.93,83582.2,0.2589,Fully Funded
SAV-12755,CUST-12755,1076.91,70439.93,0.1891,Fully Funded
SAV-12756,CUST-12756,1159.45,115845.22,0.132,Fully Funded
SAV-12757,CUST-12757,883.14,35718.54,0.1852,Fully Funded
SAV-12758,CUST-12758,502.39,9556.48,0.1298,Partially Funded
SAV-12759,CUST-12759,616.76,19355.32,0.1194,Partially Funded
SAV-12760,CUST-12760,853.37,60557.12,0.1225,Fully Funded
SAV-12761,CUST-12761,342.78,23389.35,0.0456,Partially Funded
SAV-12762,CUST-12762,1342.11,21599.63,0.1749,Partially Funded
SAV-12763,CUST-12763,1283.5,56375.73,0.1884,Fully Funded
SAV-12764,CUST-12764,806.24,45929.74,0.236,Fully Funded
SAV-12765,CUST-12765,1046.48,38581.28,0.1665,Fully Funded
SAV-12766,CUST-12766,1952.29,108129.62,0.2667,Fully Funded
SAV-12767,CUST-12767,1225.6,46521.14,0.1872,Fully Funded
SAV-12768,CUST-12768,522.57,34956.86,0.1253,Fully Funded
SAV-12769,CUST-12769,1758.24,59602.39,0.2037,Fully Funded
SAV-12770,CUST-12770,77.29,6830.57,0.1359,Fully Funded
SAV-12771,CUST-12771,1027.3,22100.35,0.1666,Partially Funded
SAV-12772,CUST-12772,1368.85,54458.09,0.2235,Fully Funded
SAV-12773,CUST-12773,185.83,11969.48,0.1264,Fully Funded
SAV-12774,CUST-12774,749.47,20301.98,0.1941,Fully Funded
SAV-12775,CUST-12775,377.24,31331.28,0.0672,Fully Funded
SAV-12776,CUST-12776,678.55,53552.61,0.1697,Fully Funded
SAV-12777,CUST-12777,415.74,9376.38,0.0968,Low
SAV-12778,CUST-12778,1726.2,55615.09,0.2679,Fully Funded
SAV-12779,CUST-12779,678.44,67116.26,0.0931,Fully Funded
SAV-12780,CUST-12780,1986.48,180859.48,0.301,Fully Funded
SAV-12781,CUST-12781,1109.57,33312.52,0.2086,Fully Funded
SAV-12782,CUST-12782,858.83,75332.11,0.2176,Fully Funded
SAV-12783,CUST-12783,177.27,5179.95,0.1679,Fully Funded
SAV-12784,CUST-12784,1174.81,110179.93,0.2258,Fully Funded
SAV-12785,CUST-12785,423.68,21340.15,0.0873,Partially Funded
SAV-12786,CUST-12786,392.83,5604.87,0.1671,Partially Funded
SAV-12787,CUST-12787,466.42,26268.02,0.1376,Fully Funded
SAV-12788,CUST-12788,330.68,14904.74,0.1399,Fully Funded
SAV-12789,CUST-12789,595.51,39441.25,0.1209,Fully Funded
SAV-12790,CUST-12790,1280.49,46400.13,0.1477,Fully Funded
SAV-12791,CUST-12791,2303.97,122977.01,0.1749,Fully Funded
SAV-12792,CUST-12792,618.6,8150.18,0.1363,Low
SAV-12793,CUST-12793,563.73,29148.94,0.0996,Fully Funded
SAV-12794,CUST-12794,752.06,33961.85,0.2163,Fully Funded
SAV-12795,CUST-12795,1235.96,111055.35,0.2307,Fully Funded
SAV-12796,CUST-12796,1516.87,25506.28,0.1625,Partially Funded
SAV-12797,CUST-12797,668.83,14986.42,0.1654,Partially Funded
SAV-12798,CUST-12798,788.43,43374.92,0.1339,Fully Funded
SAV-12799,CUST-12799,823.52,26358.36,0.1568,Fully Funded
SAV-12800,CUST-12800,2198.66,139156.27,0.2821,Fully Funded
SAV-12801,CUST-12801,281.47,21593.91,0.1768,Fully Funded
SAV-12802,CUST-12802,869.39,60123.84,0.12,Fully Funded
SAV-12803,CUST-12803,2382.93,141520.35,0.2009,Fully Funded
SAV-12804,CUST-12804,2697.42,229793.49,0.2268,Fully Funded
SAV-12805,CUST-12805,463.6,38345.07,0.0988,Fully Funded
SAV-12806,CUST-12806,790.61,16196.56,0.1976,Partially Funded
SAV-12807,CUST-12807,208.26,6087.73,0.1265,Partially Funded
SAV-12808,CUST-12808,656.61,10834.09,0.123,Low
SAV-12809,CUST-12809,711.11,22503.05,0.17,Fully Funded
SAV-12810,CUST-12810,1755.09,146038.64,0.1591,Fully Funded
SAV-12811,CUST-12811,1450.92,142086.43,0.151,Fully Funded
SAV-12812,CUST-12812,1132.6,28766.34,0.1774,Partially Funded
SAV-12813,CUST-12813,1032.32,30635.13,0.1649,Fully Funded
SAV-12814,CUST-12814,406.78,13650.96,0.0683,Low
SAV-12815,CUST-12815,612.69,20592.7,0.1657,Fully Funded
SAV-12816,CUST-12816,1982.95,154398.32,0.2893,Fully Funded
SAV-12817,CUST-12817,465.89,10804.75,0.1103,Partially Funded
SAV-12818,CUST-12818,915.4,97199.29,0.1696,Fully Funded
SAV-12819,CUST-12819,579.39,36074.88,0.1804,Fully Funded
SAV-12820,CUST-12820,1767.34,17200.51,0.1861,Low
SAV-12821,CUST-12821,808.4,47027.97,0.2436,Fully Funded
SAV-12822,CUST-12822,1204.31,56192.29,0.1696,Fully Funded
SAV-12823,CUST-12823,1299.34,150193.96,0.1485,Fully Funded
SAV-12824,CUST-12824,226.58,5827.57,0.0586,Low
SAV-12825,CUST-12825,1384.68,61703.73,0.1892,Fully Funded
SAV-12826,CUST-12826,2836.92,80283.51,0.3209,Fully Funded
SAV-12827,CUST-12827,964.49,57770.53,0.1854,Fully Funded
SAV-12828,CUST-12828,877.88,8389.99,0.2003,Low
SAV-12829,CUST-12829,896.4,70309.01,0.1178,Fully Funded
SAV-12830,CUST-12830,572.07,8806.54,0.1541,Partially Funded
SAV-12831,CUST-12831,850.48,42589.63,0.096,Partially Funded
SAV-12832,CUST-12832,2289.89,60290.14,0.255,Fully Funded
SAV-12833,CUST-12833,238.45,28880.66,0.2204,Fully Funded
SAV-12834,CUST-12834,676.82,51417.14,0.1108,Fully Funded
SAV-12835,CUST-12835,872.62,71667.97,0.1726,Fully Funded
SAV-12836,CUST-12836,1009.56,64557.4,0.1312,Fully Funded
SAV-12837,CUST-12837,1001.26,60517.99,0.1019,Fully Funded
SAV-12838,CUST-12838,1057.77,59495.53,0.1443,Fully Funded
SAV-12839,CUST-12839,117.84,7340.24,0.1214,Fully Funded
SAV-12840,CUST-12840,456.14,5901.56,0.2218,Partially Funded
SAV-12841,CUST-12841,1228.26,62540.63,0.1335,Fully Funded
SAV-12842,CUST-12842,1295.19,102370.36,0.1172,Fully Funded
SAV-12843,CUST-12843,485.06,50666.38,0.081,Fully Funded
SAV-12844,CUST-12844,469.37,16810.65,0.1347,Fully Funded
SAV-12845,CUST-12845,1047.76,39682.13,0.2312,Fully Funded
SAV-12846,CUST-12846,1854.9,55304.44,0.1849,Fully Funded
SAV-12847,CUST-12847,633.32,26625.84,0.1183,Fully Funded
SAV-12848,CUST-12848,296.69,7416.11,0.0832,Low
SAV-12849,CUST-12849,974.77,32705.89,0.1812,Fully Funded
SAV-12850,CUST-12850,491.2,20398.64,0.1077,Partially Funded
SAV-12851,CUST-12851,1190.24,83163.45,0.1761,Fully Funded
SAV-12852,CUST-12852,599.96,23731.48,0.1592,Fully Funded
SAV-12853,CUST-12853,1074.62,49127.03,0.1298,Fully Funded
SAV-12854,CUST-12854,220.56,4841.55,0.1576,Partially Funded
SAV-12855,CUST-12855,474.56,22467.06,0.1392,Fully Funded
SAV-12856,CUST-12856,1064.39,74018.75,0.1352,Fully Funded
SAV-12857,CUST-12857,864.6,25017.41,0.2358,Fully Funded
SAV-12858,CUST-12858,1470.73,108508.41,0.1669,Fully Funded
SAV-12859,CUST-12859,1456.03,83173.33,0.1713,Fully Funded
SAV-12860,CUST-12860,580.46,37778.04,0.1739,Fully Funded
SAV-12861,CUST-12861,1095.94,73562.8,0.1719,Fully Funded
SAV-12862,CUST-12862,2051.5,60373.39,0.2196,Fully Funded
SAV-12863,CUST-12863,2609.58,142248.74,0.2532,Fully Funded
SAV-12864,CUST-12864,1039.83,40974.82,0.1459,Fully Funded
SAV-12865,CUST-12865,479.49,24277.94,0.149,Fully Funded
SAV-12866,CUST-12866,760.19,77483.14,0.1388,Fully Funded
SAV-12867,CUST-12867,1444.6,52358.56,0.1717,Fully Funded
SAV-12868,CUST-12868,186.35,7706.28,0.2331,Fully Funded
SAV-12869,CUST-12869,949.72,78564.74,0.1613,Fully Funded
SAV-12870,CUST-12870,1251.7,79380.34,0.211,Fully Funded
SAV-12871,CUST-12871,510.21,20765.29,0.1179,Fully Funded
SAV-12872,CUST-12872,252.14,11011.81,0.2076,Fully Funded
SAV-12873,CUST-12873,1702.52,74944.62,0.141,Fully Funded
SAV-12874,CUST-12874,1143.32,55318.57,0.1083,Fully Funded
SAV-12875,CUST-12875,234.97,10986.81,0.111,Fully Funded
SAV-12876,CUST-12876,909.38,94482.62,0.1438,Fully Funded
SAV-12877,CUST-12877,326.97,18700.23,0.1067,Fully Funded
SAV-12878,CUST-12878,733.91,14148.48,0.1189,Partially Funded
SAV-12879,CUST-12879,1279.1,48681.06,0.1504,Fully Funded
SAV-12880,CUST-12880,1100.1,110213.94,0.188,Fully Funded
SAV-12881,CUST-12881,876.19,79140.09,0.1009,Fully Funded
SAV-12882,CUST-12882,470.7,32261.83,0.1147,Fully Funded
SAV-12883,CUST-12883,1465.85,84424.49,0.2406,Fully Funded
SAV-12884,CUST-12884,2317.28,221020.05,0.3176,Fully Funded
SAV-12885,CUST-12885,1985.83,86683.81,0.1755,Fully Funded
SAV-12886,CUST-12886,854.92,40996.49,0.1108,Fully Funded
SAV-12887,CUST-12887,1039.33,24505.56,0.1143,Partially Funded
SAV-12888,CUST-12888,983.92,21764.4,0.1379,Partially Funded
SAV-12889,CUST-12889,1082.91,16688.94,0.1226,Low
SAV-12890,CUST-12890,732.65,22248.1,0.0638,Low
SAV-12891,CUST-12891,799.69,63806.96,0.1403,Fully Funded
SAV-12892,CUST-12892,740.39,35879.74,0.1249,Fully Funded
SAV-12893,CUST-12893,1176.66,53191.22,0.1671,Fully Funded
SAV-12894,CUST-12894,331.62,5052.99,0.0712,Low
SAV-12895,CUST-12895,1197.1,58397.03,0.136,Fully Funded
SAV-12896,CUST-12896,440.76,10678.11,0.199,Fully Funded
SAV-12897,CUST-12897,448.69,19001.42,0.1168,Fully Funded
SAV-12898,CUST-12898,1812.47,58665.01,0.1365,Partially Funded
SAV-12899,CUST-12899,1045.94,92392.65,0.0981,Fully Funded
SAV-12900,CUST-12900,1392.94,120112.74,0.2603,Fully Funded
SAV-12901,CUST-12901,1646.09,147057.34,0.2756,Fully Funded
SAV-12902,CUST-12902,936.28,44841.14,0.1871,Fully Funded
SAV-12903,CUST-12903,987.43,34873.75,0.2079,Fully Funded
SAV-12904,CUST-12904,1053.8,35949.47,0.1066,Partially Funded
SAV-12905,CUST-12905,240.04,12428.48,0.125,Fully Funded
SAV-12906,CUST-12906,1071.6,89788.71,0.1601,Fully Funded
SAV-12907,CUST-12907,1231.85,112961.3,0.2116,Fully Funded
SAV-12908,CUST-12908,928.33,19058.62,0.2154,Fully Funded
SAV-12909,CUST-12909,965.17,49070.65,0.2018,Fully Funded
SAV-12910,CUST-12910,352.99,9592.95,0.0806,Low
SAV-12911,CUST-12911,448.43,12273.2,0.1006,Partially Funded
SAV-12912,CUST-12912,680.95,73587.45,0.101,Fully Funded
SAV-12913,CUST-12913,1384.42,49478.48,0.242,Fully Funded
SAV-12914,CUST-12914,2797.77,26413.41,0.2716,Partially Funded
SAV-12915,CUST-12915,775.32,59638.03,0.1602,Fully Funded
SAV-12916,CUST-12916,1500.96,26952.03,0.1055,Low
SAV-12917,CUST-12917,1737.31,80800.01,0.1815,Fully Funded
SAV-12918,CUST-12918,426.48,9371.23,0.1023,Low
SAV-12919,CUST-12919,659.65,64791.24,0.1236,Fully Funded
SAV-12920,CUST-12920,905.28,39219.59,0.1142,Fully Funded
SAV-12921,CUST-12921,565.55,40449.67,0.1019,Fully Funded
SAV-12922,CUST-12922,1072.44,75390.67,0.1148,Fully Funded
SAV-12923,CUST-12923,701.76,43585.79,0.1436,Fully Funded
SAV-12924,CUST-12924,565.3,53975.61,0.1487,Fully Funded
SAV-12925,CUST-12925,2029.65,141146.54,0.2532,Fully Funded
SAV-12926,CUST-12926,1034.27,22055.36,0.1557,Partially Funded
SAV-12927,CUST-12927,1143.22,139428.52,0.1766,Fully Funded
SAV-12928,CUST-12928,1389.08,156817.52,0.1789,Fully Funded
SAV-12929,CUST-12929,1609.55,73104.53,0.2084,Fully Funded
SAV-12930,CUST-12930,1026.96,54906.77,0.1962,Fully Funded
SAV-12931,CUST-12931,1554.5,106866.41,0.1908,Fully Funded
SAV-12932,CUST-12932,2515.49,259814.44,0.1437,Fully Funded
SAV-12933,CUST-12933,865.43,82001.45,0.2111,Fully Funded
SAV-12934,CUST-12934,325.38,20846.99,0.1257,Fully Funded
SAV-12935,CUST-12935,1370.03,158556.98,0.0759,Fully Funded
SAV-12936,CUST-12936,1194.91,78530.25,0.182,Fully Funded
SAV-12937,CUST-12937,600.36,30772.4,0.1164,Fully Funded
SAV-12938,CUST-12938,834.52,34458.91,0.1649,Fully Funded
SAV-12939,CUST-12939,742.3,35088.54,0.1265,Fully Funded
SAV-12940,CUST-12940,144.23,17390.64,0.1958,Fully Funded
SAV-12941,CUST-12941,616.85,56644.58,0.0849,Fully Funded
SAV-12942,CUST-12942,2659.78,114059.77,0.2986,Fully Funded
SAV-12943,CUST-12943,2658.76,129047.92,0.2637,Fully Funded
SAV-12944,CUST-12944,931.83,77142.86,0.1162,Fully Funded
SAV-12945,CUST-12945,1067.58,83066.7,0.1143,Fully Funded
SAV-12946,CUST-12946,1198.73,50684.55,0.183,Fully Funded
SAV-12947,CUST-12947,704.99,22039.77,0.1261,Partially Funded
SAV-12948,CUST-12948,1265.62,135866.12,0.1999,Fully Funded
SAV-12949,CUST-12949,940.77,68708.12,0.2257,Fully Funded
SAV-12950,CUST-12950,99.71,3776.21,0.0804,Partially Funded
SAV-12951,CUST-12951,3445.68,42800.55,0.3011,Partially Funded
SAV-12952,CUST-12952,850.21,44302.94,0.1881,Fully Funded
SAV-12953,CUST-12953,2468.71,124601.57,0.2829,Fully Funded
SAV-12954,CUST-12954,528.04,11529.08,0.1494,Partially Funded
SAV-12955,CUST-12955,1486.69,99237.81,0.1217,Fully Funded
SAV-12956,CUST-12956,930.26,58012.67,0.0979,Fully Funded
SAV-12957,CUST-12957,624.11,31281.24,0.1827,Fully Funded
SAV-12958,CUST-12958,1017.51,15897.47,0.1393,Partially Funded
SAV-12959,CUST-12959,413.76,7922.01,0.0566,Low
SAV-12960,CUST-12960,526.96,16667.82,0.118,Partially Funded
SAV-12961,CUST-12961,972.16,67991.36,0.18,Fully Funded
SAV-12962,CUST-12962,2274.86,67555.35,0.254,Fully Funded
SAV-12963,CUST-12963,1007.46,63062.28,0.1224,Fully Funded
SAV-12964,CUST-12964,1669.5,95482.57,0.1571,Fully Funded
SAV-12965,CUST-12965,960.37,92674.8,0.1475,Fully Funded
SAV-12966,CUST-12966,526.36,43598.5,0.1231,Fully Funded
SAV-12967,CUST-12967,497.1,25688.94,0.1235,Fully Funded
SAV-12968,CUST-12968,990.86,112498.59,0.1387,Fully Funded
SAV-12969,CUST-12969,1013.27,55346.45,0.1625,Fully Funded
SAV-12970,CUST-12970,311.08,29962.32,0.067,Fully Funded
SAV-12971,CUST-12971,1379.81,37572.48,0.1629,Partially Funded
SAV-12972,CUST-12972,725.43,24300.06,0.1276,Partially Funded
SAV-12973,CUST-12973,908.36,38555.62,0.1596,Fully Funded
SAV-12974,CUST-12974,789.83,9616.55,0.1085,Low
SAV-12975,CUST-12975,621.78,27678.66,0.1092,Fully Funded
SAV-12976,CUST-12976,1596.32,37611.42,0.1595,Partially Funded
SAV-12977,CUST-12977,1292.56,55513.55,0.2017,Fully Funded
SAV-12978,CUST-12978,436.73,12543.03,0.12,Partially Funded
SAV-12979,CUST-12979,236.82,20269.16,0.2197,Fully Funded
SAV-12980,CUST-12980,1270.86,31299.73,0.1571,Partially Funded
SAV-12981,CUST-12981,2015.46,17154.84,0.2743,Partially Funded
SAV-12982,CUST-12982,852.8,56169.93,0.2378,Fully Funded
SAV-12983,CUST-12983,441.97,10358.13,0.1992,Fully Funded
SAV-12984,CUST-12984,376.7,13110.41,0.1269,Partially Funded
SAV-12985,CUST-12985,681.54,68778.2,0.0755,Fully Funded
SAV-12986,CUST-12986,1578.76,21257.98,0.2181,Partially Funded
SAV-12987,CUST-12987,690.07,14858.01,0.0956,Low
SAV-12988,CUST-12988,1268.69,28351.95,0.2198,Fully Funded
SAV-12989,CUST-12989,1181.86,21957.91,0.1572,Partially Funded
SAV-12990,CUST-12990,2799.86,94020.67,0.1958,Fully Funded
SAV-12991,CUST-12991,709.48,35960.38,0.1254,Fully Funded
SAV-12992,CUST-12992,2109.95,133711.83,0.1912,Fully Funded
SAV-12993,CUST-12993,1337.65,25852.08,0.3027,Fully Funded
SAV-12994,CUST-12994,138.21,11010.45,0.146,Fully Funded
SAV-12995,CUST-12995,339.59,4338.97,0.1721,Partially Funded
SAV-12996,CUST-12996,584.42,40879.9,0.0755,Fully Funded
SAV-12997,CUST-12997,510.02,21181.52,0.1386,Fully Funded
SAV-12998,CUST-12998,154.66,9307.16,0.1689,Fully Funded
SAV-12999,CUST-12999,925.86,20887.97,0.1619,Partially Funded
SAV-13000,CUST-13000,1547.57,53494.4,0.2888,Fully Funded
SAV-13001,CUST-13001,766.3,58482.33,0.155,Fully Funded
SAV-13002,CUST-13002,1183.55,126411.43,0.1536,Fully Funded
SAV-13003,CUST-13003,436.42,26557.59,0.141,Fully Funded
SAV-13004,CUST-13004,217.95,9041.6,0.1359,Fully Funded
SAV-13005,CUST-13005,1920.96,154679.89,0.1373,Fully Funded
SAV-13006,CUST-13006,824.75,28162.46,0.2273,Fully Funded
SAV-13007,CUST-13007,307.12,28586.38,0.0771,Fully Funded
SAV-13008,CUST-13008,325.33,30416.37,0.1792,Fully Funded
SAV-13009,CUST-13009,636.51,58655.43,0.1642,Fully Funded
SAV-13010,CUST-13010,887.42,58313.36,0.1693,Fully Funded
SAV-13011,CUST-13011,1781.65,186566.39,0.1724,Fully Funded
SAV-13012,CUST-13012,1221.89,83833.69,0.1514,Fully Funded
SAV-13013,CUST-13013,467.75,32680.4,0.2156,Fully Funded
SAV-13014,CUST-13014,818.87,90704.67,0.1109,Fully Funded
SAV-13015,CUST-13015,439.42,31578.75,0.1534,Fully Funded
SAV-13016,CUST-13016,1107.72,59879.8,0.297,Fully Funded
SAV-13017,CUST-13017,1757.38,81085.8,0.2186,Fully Funded
SAV-13018,CUST-13018,1049.69,22395.39,0.1753,Partially Funded
SAV-13019,CUST-13019,173.03,4523.39,0.1664,Partially Funded
SAV-13020,CUST-13020,1409.16,137950.8,0.2579,Fully Funded
SAV-13021,CUST-13021,129.69,12600.23,0.1082,Fully Funded
SAV-13022,CUST-13022,2787.43,275398.34,0.177,Fully Funded
SAV-13023,CUST-13023,731.23,48115.98,0.1786,Fully Funded
SAV-13024,CUST-13024,1040.27,78899.79,0.1643,Fully Funded
SAV-13025,CUST-13025,420.93,18083.03,0.1072,Fully Funded
SAV-13026,CUST-13026,646.73,9352.34,0.2198,Partially Funded
SAV-13027,CUST-13027,969.76,48920.96,0.1657,Fully Funded
SAV-13028,CUST-13028,983.65,55532.61,0.146,Fully Funded
SAV-13029,CUST-13029,1657.04,53297.34,0.2439,Fully Funded
SAV-13030,CUST-13030,1814.15,90115.22,0.2361,Fully Funded
SAV-13031,CUST-13031,2135.52,144568.51,0.1958,Fully Funded
SAV-13032,CUST-13032,691.36,21596.77,0.1032,Partially Funded
SAV-13033,CUST-13033,198.89,5159.71,0.2111,Fully Funded
SAV-13034,CUST-13034,1664.21,56785.93,0.1789,Fully Funded
SAV-13035,CUST-13035,557.08,37699.12,0.1435,Fully Funded
SAV-13036,CUST-13036,849.94,83540.57,0.2986,Fully Funded
SAV-13037,CUST-13037,535.54,44657.04,0.0957,Fully Funded
SAV-13038,CUST-13038,916.23,16211.35,0.1634,Partially Funded
SAV-13039,CUST-13039,923.96,55532.75,0.1394,Fully Funded
SAV-13040,CUST-13040,1400.55,54442.75,0.126,Fully Funded
SAV-13041,CUST-13041,388.16,30169.87,0.1136,Fully Funded
SAV-13042,CUST-13042,1279.03,96194.78,0.2008,Fully Funded
SAV-13043,CUST-13043,384.48,38252.28,0.1157,Fully Funded
SAV-13044,CUST-13044,385.73,15861.21,0.0834,Partially Funded
SAV-13045,CUST-13045,774.14,64825.42,0.2213,Fully Funded
SAV-13046,CUST-13046,415.16,13978.24,0.1043,Partially Funded
SAV-13047,CUST-13047,916.18,17904.12,0.136,Partially Funded
SAV-13048,CUST-13048,1225.15,30425.78,0.2474,Fully Funded
SAV-13049,CUST-13049,843.35,47894.43,0.1362,Fully Funded
SAV-13050,CUST-13050,1482.58,125631.6,0.1427,Fully Funded
SAV-13051,CUST-13051,594.12,39181.48,0.1613,Fully Funded
SAV-13052,CUST-13052,653.96,18573.57,0.1098,Partially Funded
SAV-13053,CUST-13053,811.72,67747.32,0.2156,Fully Funded
SAV-13054,CUST-13054,1292.89,19284.73,0.1547,Partially Funded
SAV-13055,CUST-13055,1281.64,58945.45,0.1457,Fully Funded
SAV-13056,CUST-13056,2281.83,74744.36,0.2341,Fully Funded
SAV-13057,CUST-13057,697.43,13278.24,0.1149,Low
SAV-13058,CUST-13058,923.1,17646.89,0.1027,Low
SAV-13059,CUST-13059,729.16,38960.3,0.1973,Fully Funded
SAV-13060,CUST-13060,565.61,23832.19,0.1576,Fully Funded
SAV-13061,CUST-13061,991.13,37276.08,0.1996,Fully Funded
SAV-13062,CUST-13062,296.23,14326.86,0.1792,Fully Funded
SAV-13063,CUST-13063,521.22,27945.22,0.1503,Fully Funded
SAV-13064,CUST-13064,948.25,95589.13,0.1586,Fully Funded
SAV-13065,CUST-13065,807.64,29717.1,0.1852,Fully Funded
SAV-13066,CUST-13066,1099.78,45304.33,0.1307,Fully Funded
SAV-13067,CUST-13067,1134.73,45808.76,0.131,Fully Funded
SAV-13068,CUST-13068,2495.1,178962.92,0.2306,Fully Funded
SAV-13069,CUST-13069,633.21,29047.06,0.141,Fully Funded
SAV-13070,CUST-13070,740.84,9370.94,0.2181,Partially Funded
SAV-13071,CUST-13071,439.26,38503.22,0.1855,Fully Funded
SAV-13072,CUST-13072,1049.44,91708.45,0.1424,Fully Funded
SAV-13073,CUST-13073,649.59,19446.54,0.0727,Low
SAV-13074,CUST-13074,874.35,62072.36,0.1247,Fully Funded
SAV-13075,CUST-13075,913.43,57338.15,0.1212,Fully Funded
SAV-13076,CUST-13076,1611.69,21392.52,0.1814,Partially Funded
SAV-13077,CUST-13077,537.8,6023.53,0.1168,Low
SAV-13078,CUST-13078,886.0,20541.5,0.1813,Partially Funded
SAV-13079,CUST-13079,405.81,6999.2,0.0734,Low
SAV-13080,CUST-13080,557.15,18040.89,0.0903,Partially Funded
SAV-13081,CUST-13081,513.04,48967.89,0.1727,Fully Funded
SAV-13082,CUST-13082,1474.08,147949.05,0.1419,Fully Funded
SAV-13083,CUST-13083,262.93,11681.76,0.1706,Fully Funded
SAV-13084,CUST-13084,272.4,18374.59,0.072,Partially Funded
SAV-13085,CUST-13085,951.73,23737.85,0.1884,Fully Funded
SAV-13086,CUST-13086,140.38,6717.81,0.1177,Fully Funded
SAV-13087,CUST-13087,488.56,46904.16,0.1094,Fully Funded
SAV-13088,CUST-13088,1528.49,51890.16,0.2014,Fully Funded
SAV-13089,CUST-13089,1328.14,83979.64,0.2431,Fully Funded
SAV-13090,CUST-13090,581.51,41013.51,0.1004,Fully Funded
SAV-13091,CUST-13091,741.97,33063.1,0.1415,Fully Funded
SAV-13092,CUST-13092,1280.28,102723.72,0.1557,Fully Funded
SAV-13093,CUST-13093,840.58,39541.48,0.1836,Fully Funded
SAV-13094,CUST-13094,1997.6,65614.73,0.231,Fully Funded
SAV-13095,CUST-13095,787.77,13626.51,0.0779,Low
SAV-13096,CUST-13096,1326.16,41907.35,0.2137,Fully Funded
SAV-13097,CUST-13097,906.42,73909.13,0.159,Fully Funded
SAV-13098,CUST-13098,119.02,3271.77,0.1786,Fully Funded
SAV-13099,CUST-13099,1040.52,99498.29,0.1282,Fully Funded
SAV-13100,CUST-13100,1105.6,88913.97,0.2133,Fully Funded
SAV-13101,CUST-13101,853.1,53617.82,0.1522,Fully Funded
SAV-13102,CUST-13102,822.18,85347.58,0.1468,Fully Funded
SAV-13103,CUST-13103,398.85,23413.64,0.1389,Fully Funded
SAV-13104,CUST-13104,1079.12,31372.59,0.2164,Fully Funded
SAV-13105,CUST-13105,136.8,10147.77,0.1202,Fully Funded
SAV-13106,CUST-13106,741.46,64612.3,0.1187,Fully Funded
SAV-13107,CUST-13107,493.44,30006.31,0.1624,Fully Funded
SAV-13108,CUST-13108,563.48,10239.93,0.0703,Low
SAV-13109,CUST-13109,605.37,16496.56,0.2335,Fully Funded
SAV-13110,CUST-13110,1939.89,123394.59,0.2273,Fully Funded
SAV-13111,CUST-13111,630.45,44734.41,0.1175,Fully Funded
SAV-13112,CUST-13112,1040.97,71373.88,0.2933,Fully Funded
SAV-13113,CUST-13113,1203.84,38532.65,0.1597,Fully Funded
SAV-13114,CUST-13114,1116.5,109568.84,0.1667,Fully Funded
SAV-13115,CUST-13115,717.43,72077.15,0.0967,Fully Funded
SAV-13116,CUST-13116,589.92,44399.38,0.1163,Fully Funded
SAV-13117,CUST-13117,1006.42,42503.14,0.2728,Fully Funded
SAV-13118,CUST-13118,920.29,51862.9,0.1285,Fully Funded
SAV-13119,CUST-13119,1014.75,43562.9,0.2222,Fully Funded
SAV-13120,CUST-13120,1139.0,70214.19,0.2026,Fully Funded
SAV-13121,CUST-13121,1858.55,106435.69,0.1906,Fully Funded
SAV-13122,CUST-13122,1056.39,48790.32,0.1133,Fully Funded
SAV-13123,CUST-13123,227.76,6107.53,0.1487,Partially Funded
SAV-13124,CUST-13124,626.39,43841.43,0.177,Fully Funded
SAV-13125,CUST-13125,1720.14,46454.53,0.1735,Fully Funded
SAV-13126,CUST-13126,82.41,2971.19,0.1341,Fully Funded
SAV-13127,CUST-13127,1459.68,102119.21,0.2142,Fully Funded
SAV-13128,CUST-13128,2281.9,179626.68,0.2143,Fully Funded
SAV-13129,CUST-13129,670.4,60858.01,0.1144,Fully Funded
SAV-13130,CUST-13130,705.16,57110.24,0.1473,Fully Funded
SAV-13131,CUST-13131,1931.94,108092.18,0.1602,Fully Funded
SAV-13132,CUST-13132,1636.35,144110.83,0.1998,Fully Funded
SAV-13133,CUST-13133,816.52,28421.05,0.1284,Partially Funded
SAV-13134,CUST-13134,622.5,49059.48,0.0668,Partially Funded
SAV-13135,CUST-13135,1842.28,206468.41,0.1304,Fully Funded
SAV-13136,CUST-13136,1691.5,83575.26,0.2434,Fully Funded
SAV-13137,CUST-13137,682.1,31931.06,0.0844,Partially Funded
SAV-13138,CUST-13138,638.3,36708.99,0.1595,Fully Funded
SAV-13139,CUST-13139,646.4,38322.95,0.1972,Fully Funded
SAV-13140,CUST-13140,498.59,38063.7,0.1649,Fully Funded
SAV-13141,CUST-13141,577.18,20054.65,0.1786,Fully Funded
SAV-13142,CUST-13142,863.46,95564.37,0.2565,Fully Funded
SAV-13143,CUST-13143,1179.53,43094.14,0.1686,Fully Funded
SAV-13144,CUST-13144,525.75,13557.15,0.1422,Partially Funded
SAV-13145,CUST-13145,266.63,8842.2,0.1755,Fully Funded
SAV-13146,CUST-13146,952.42,64470.27,0.1994,Fully Funded
SAV-13147,CUST-13147,1014.73,52654.7,0.165,Fully Funded
SAV-13148,CUST-13148,548.63,6933.95,0.1166,Low
SAV-13149,CUST-13149,515.41,21098.85,0.1027,Partially Funded
SAV-13150,CUST-13150,556.78,32071.61,0.089,Partially Funded
SAV-13151,CUST-13151,730.41,32725.89,0.1319,Fully Funded
SAV-13152,CUST-13152,2411.49,132509.8,0.2821,Fully Funded
SAV-13153,CUST-13153,527.73,44501.38,0.1298,Fully Funded
SAV-13154,CUST-13154,591.53,31195.62,0.1112,Fully Funded
SAV-13155,CUST-13155,476.54,38802.08,0.0788,Fully Funded
SAV-13156,CUST-13156,1777.72,120292.02,0.1689,Fully Funded
SAV-13157,CUST-13157,558.53,38349.84,0.2478,Fully Funded
SAV-13158,CUST-13158,830.2,55316.72,0.1276,Fully Funded
SAV-13159,CUST-13159,1108.18,45094.5,0.1478,Fully Funded
SAV-13160,CUST-13160,771.94,38736.7,0.1835,Fully Funded
SAV-13161,CUST-13161,707.33,33227.03,0.1737,Fully Funded
SAV-13162,CUST-13162,459.68,7763.49,0.1231,Low
SAV-13163,CUST-13163,561.89,23940.2,0.1377,Fully Funded
SAV-13164,CUST-13164,1002.5,28279.86,0.3026,Fully Funded
SAV-13165,CUST-13165,356.85,20578.04,0.122,Fully Funded
SAV-13166,CUST-13166,775.51,56007.03,0.1477,Fully Funded
SAV-13167,CUST-13167,910.83,71937.7,0.1317,Fully Funded
SAV-13168,CUST-13168,389.97,21802.29,0.1508,Fully Funded
SAV-13169,CUST-13169,1519.43,96815.43,0.2029,Fully Funded
SAV-13170,CUST-13170,1318.82,72865.92,0.1671,Fully Funded
SAV-13171,CUST-13171,951.25,24175.79,0.2189,Fully Funded
SAV-13172,CUST-13172,430.54,43302.42,0.1831,Fully Funded
SAV-13173,CUST-13173,596.43,17260.36,0.2244,Fully Funded
SAV-13174,CUST-13174,944.27,56535.0,0.1975,Fully Funded
SAV-13175,CUST-13175,250.67,11813.0,0.2972,Fully Funded
SAV-13176,CUST-13176,511.69,8989.53,0.0976,Low
SAV-13177,CUST-13177,1567.14,53171.1,0.2469,Fully Funded
SAV-13178,CUST-13178,170.21,5229.91,0.0792,Low
SAV-13179,CUST-13179,1990.02,47365.81,0.1125,Partially Funded
SAV-13180,CUST-13180,906.41,68126.99,0.1876,Fully Funded
SAV-13181,CUST-13181,1699.96,69857.92,0.1411,Fully Funded
SAV-13182,CUST-13182,1213.98,53889.19,0.1987,Fully Funded
SAV-13183,CUST-13183,191.88,13515.99,0.1175,Fully Funded
SAV-13184,CUST-13184,1967.41,67892.19,0.24,Fully Funded
SAV-13185,CUST-13185,1076.91,68307.21,0.1834,Fully Funded
SAV-13186,CUST-13186,684.45,49117.8,0.1294,Fully Funded
SAV-13187,CUST-13187,612.85,17837.72,0.1198,Partially Funded
SAV-13188,CUST-13188,1224.92,95324.53,0.2273,Fully Funded
SAV-13189,CUST-13189,1593.05,130215.74,0.2126,Fully Funded
SAV-13190,CUST-13190,647.84,42596.26,0.1633,Fully Funded
SAV-13191,CUST-13191,685.51,50597.53,0.1899,Fully Funded
SAV-13192,CUST-13192,2057.2,100056.43,0.2396,Fully Funded
SAV-13193,CUST-13193,3742.55,122611.33,0.2999,Fully Funded
SAV-13194,CUST-13194,1566.13,86826.35,0.1769,Fully Funded
SAV-13195,CUST-13195,1115.4,70502.97,0.1713,Fully Funded
SAV-13196,CUST-13196,364.93,30133.86,0.166,Fully Funded
SAV-13197,CUST-13197,833.72,55319.03,0.1909,Fully Funded
SAV-13198,CUST-13198,438.26,16440.14,0.0908,Partially Funded
SAV-13199,CUST-13199,892.56,62003.92,0.1481,Fully Funded
SAV-13200,CUST-13200,2040.47,169435.54,0.1362,Fully Funded
SAV-13201,CUST-13201,1437.81,72263.26,0.1826,Fully Funded
SAV-13202,CUST-13202,486.16,28154.96,0.1641,Fully Funded
SAV-13203,CUST-13203,966.8,99404.5,0.1638,Fully Funded
SAV-13204,CUST-13204,692.25,32251.83,0.1669,Fully Funded
SAV-13205,CUST-13205,77.79,6108.35,0.0928,Fully Funded
SAV-13206,CUST-13206,1262.34,91487.22,0.2034,Fully Funded
SAV-13207,CUST-13207,77.36,2902.8,0.128,Fully Funded
SAV-13208,CUST-13208,798.39,69003.66,0.2101,Fully Funded
SAV-13209,CUST-13209,1004.61,51573.81,0.245,Fully Funded
SAV-13210,CUST-13210,1763.49,23098.82,0.1606,Low
SAV-13211,CUST-13211,1193.75,89163.35,0.2412,Fully Funded
SAV-13212,CUST-13212,393.46,19832.14,0.0771,Partially Funded
SAV-13213,CUST-13213,653.7,59509.04,0.1406,Fully Funded
SAV-13214,CUST-13214,294.25,31126.81,0.1036,Fully Funded
SAV-13215,CUST-13215,2270.11,143928.22,0.1674,Fully Funded
SAV-13216,CUST-13216,1832.8,116888.83,0.2944,Fully Funded
SAV-13217,CUST-13217,1421.29,141663.32,0.1244,Fully Funded
SAV-13218,CUST-13218,563.83,13200.43,0.1603,Partially Funded
SAV-13219,CUST-13219,583.28,53214.81,0.1509,Fully Funded
SAV-13220,CUST-13220,853.11,52927.68,0.1868,Fully Funded
SAV-13221,CUST-13221,876.65,86213.4,0.1259,Fully Funded
SAV-13222,CUST-13222,877.68,97875.33,0.1868,Fully Funded
SAV-13223,CUST-13223,994.84,58210.51,0.0981,Fully Funded
SAV-13224,CUST-13224,1327.9,53381.62,0.176,Fully Funded
SAV-13225,CUST-13225,295.94,21540.7,0.0768,Fully Funded
SAV-13226,CUST-13226,578.49,33491.64,0.0976,Fully Funded
SAV-13227,CUST-13227,402.23,32451.36,0.11,Fully Funded
SAV-13228,CUST-13228,894.73,30952.29,0.2568,Fully Funded
SAV-13229,CUST-13229,442.31,42321.29,0.1077,Fully Funded
SAV-13230,CUST-13230,779.76,72300.16,0.1443,Fully Funded
SAV-13231,CUST-13231,1382.9,35519.46,0.2322,Fully Funded
SAV-13232,CUST-13232,672.41,48867.61,0.1535,Fully Funded
SAV-13233,CUST-13233,591.11,50361.11,0.1702,Fully Funded
SAV-13234,CUST-13234,1219.51,47785.31,0.2166,Fully Funded
SAV-13235,CUST-13235,1132.57,62488.93,0.1728,Fully Funded
SAV-13236,CUST-13236,539.74,19891.57,0.1379,Fully Funded
SAV-13237,CUST-13237,1478.11,95473.41,0.1989,Fully Funded
SAV-13238,CUST-13238,635.91,34924.38,0.0877,Partially Funded
SAV-13239,CUST-13239,120.36,11397.37,0.1024,Fully Funded
SAV-13240,CUST-13240,723.35,38428.61,0.2006,Fully Funded
SAV-13241,CUST-13241,215.54,7882.75,0.0624,Low
SAV-13242,CUST-13242,337.67,11230.93,0.1252,Partially Funded
SAV-13243,CUST-13243,285.7,14039.22,0.0903,Partially Funded
SAV-13244,CUST-13244,1075.53,116584.87,0.2071,Fully Funded
SAV-13245,CUST-13245,1552.28,42553.08,0.2462,Fully Funded
SAV-13246,CUST-13246,1451.62,29364.4,0.2726,Fully Funded
SAV-13247,CUST-13247,1236.05,53631.93,0.1645,Fully Funded
SAV-13248,CUST-13248,1353.61,44462.83,0.2152,Fully Funded
SAV-13249,CUST-13249,340.09,9819.76,0.1076,Partially Funded
SAV-13250,CUST-13250,2959.25,228852.61,0.298,Fully Funded
SAV-13251,CUST-13251,1455.83,102977.44,0.2351,Fully Funded
SAV-13252,CUST-13252,679.98,40993.5,0.095,Fully Funded
SAV-13253,CUST-13253,705.07,28301.44,0.0945,Partially Funded
SAV-13254,CUST-13254,150.87,12261.67,0.1454,Fully Funded
SAV-13255,CUST-13255,164.67,9803.67,0.1698,Fully Funded
SAV-13256,CUST-13256,899.94,40631.2,0.1481,Fully Funded
SAV-13257,CUST-13257,2407.31,272196.79,0.2634,Fully Funded
SAV-13258,CUST-13258,1212.03,72264.03,0.201,Fully Funded
SAV-13259,CUST-13259,327.66,25276.09,0.0687,Fully Funded
SAV-13260,CUST-13260,765.87,29688.73,0.1414,Fully Funded
SAV-13261,CUST-13261,1033.55,46526.18,0.2612,Fully Funded
SAV-13262,CUST-13262,1123.77,116937.32,0.1822,Fully Funded
SAV-13263,CUST-13263,941.16,13549.36,0.2506,Partially Funded
SAV-13264,CUST-13264,950.52,16037.07,0.1695,Partially Funded
SAV-13265,CUST-13265,490.93,15460.62,0.0909,Partially Funded
SAV-13266,CUST-13266,1366.87,26981.05,0.1701,Partially Funded
SAV-13267,CUST-13267,753.64,36575.0,0.097,Fully Funded
SAV-13268,CUST-13268,2036.21,40166.05,0.2095,Partially Funded
SAV-13269,CUST-13269,742.17,34360.14,0.0665,Partially Funded
SAV-13270,CUST-13270,945.8,22029.1,0.1173,Partially Funded
SAV-13271,CUST-13271,2472.91,145016.04,0.2113,Fully Funded
SAV-13272,CUST-13272,888.42,37772.92,0.133,Fully Funded
SAV-13273,CUST-13273,571.25,54305.56,0.0865,Fully Funded
SAV-13274,CUST-13274,1556.25,75409.06,0.1544,Fully Funded
SAV-13275,CUST-13275,289.02,3709.44,0.0792,Low
SAV-13276,CUST-13276,670.24,9879.28,0.1299,Low
SAV-13277,CUST-13277,353.19,22756.93,0.1141,Fully Funded
SAV-13278,CUST-13278,95.35,10368.08,0.1349,Fully Funded
SAV-13279,CUST-13279,1262.42,87857.67,0.1432,Fully Funded
SAV-13280,CUST-13280,974.62,59933.64,0.1221,Fully Funded
SAV-13281,CUST-13281,1478.32,23727.98,0.1964,Partially Funded
SAV-13282,CUST-13282,1564.01,139181.94,0.1831,Fully Funded
SAV-13283,CUST-13283,324.69,22583.97,0.12,Fully Funded
SAV-13284,CUST-13284,321.76,8130.49,0.0844,Low
SAV-13285,CUST-13285,1812.93,94391.92,0.2024,Fully Funded
SAV-13286,CUST-13286,498.54,23121.67,0.182,Fully Funded
SAV-13287,CUST-13287,1132.82,23255.24,0.0757,Low
SAV-13288,CUST-13288,580.07,59067.32,0.1181,Fully Funded
SAV-13289,CUST-13289,1005.0,69150.92,0.1213,Fully Funded
SAV-13290,CUST-13290,966.74,19532.04,0.1797,Partially Funded
SAV-13291,CUST-13291,892.43,27375.23,0.2213,Fully Funded
SAV-13292,CUST-13292,1406.79,65978.23,0.2087,Fully Funded
SAV-13293,CUST-13293,769.17,79903.26,0.1876,Fully Funded
SAV-13294,CUST-13294,640.76,10594.39,0.123,Low
SAV-13295,CUST-13295,3317.2,59916.11,0.1623,Partially Funded
SAV-13296,CUST-13296,412.18,15482.44,0.1002,Partially Funded
SAV-13297,CUST-13297,419.58,10246.06,0.2108,Fully Funded
SAV-13298,CUST-13298,296.28,11013.79,0.092,Partially Funded
SAV-13299,CUST-13299,1069.3,79149.84,0.2166,Fully Funded
SAV-13300,CUST-13300,734.03,12284.03,0.1311,Low
SAV-13301,CUST-13301,1660.29,92206.35,0.1675,Fully Funded
SAV-13302,CUST-13302,1990.1,67424.51,0.2951,Fully Funded
SAV-13303,CUST-13303,542.85,34483.65,0.1597,Fully Funded
SAV-13304,CUST-13304,494.83,18193.42,0.1076,Partially Funded
SAV-13305,CUST-13305,1556.93,75263.0,0.1896,Fully Funded
SAV-13306,CUST-13306,1087.42,34085.64,0.1716,Fully Funded
SAV-13307,CUST-13307,1971.83,125587.55,0.2965,Fully Funded
SAV-13308,CUST-13308,86.48,5450.68,0.1587,Fully Funded
SAV-13309,CUST-13309,772.87,39726.28,0.0902,Partially Funded
SAV-13310,CUST-13310,1486.99,19690.2,0.1941,Partially Funded
SAV-13311,CUST-13311,441.25,30698.79,0.1027,Fully Funded
SAV-13312,CUST-13312,602.49,49739.21,0.1388,Fully Funded
SAV-13313,CUST-13313,607.1,14188.47,0.0856,Low
SAV-13314,CUST-13314,973.49,33370.21,0.1134,Partially Funded
SAV-13315,CUST-13315,486.57,35939.08,0.0961,Fully Funded
SAV-13316,CUST-13316,2295.63,65187.63,0.2073,Fully Funded
SAV-13317,CUST-13317,1301.89,32832.14,0.1949,Fully Funded
SAV-13318,CUST-13318,2043.7,119247.59,0.1574,Fully Funded
SAV-13319,CUST-13319,700.73,73321.82,0.0806,Fully Funded
SAV-13320,CUST-13320,865.41,35028.74,0.1298,Fully Funded
SAV-13321,CUST-13321,809.46,48582.18,0.1417,Fully Funded
SAV-13322,CUST-13322,2498.61,163967.08,0.1684,Fully Funded
SAV-13323,CUST-13323,1203.15,22470.47,0.2293,Partially Funded
SAV-13324,CUST-13324,1025.98,56630.14,0.1233,Fully Funded
SAV-13325,CUST-13325,191.43,6292.0,0.1523,Fully Funded
SAV-13326,CUST-13326,694.76,33815.56,0.1463,Fully Funded
SAV-13327,CUST-13327,632.28,45645.66,0.1198,Fully Funded
SAV-13328,CUST-13328,799.26,14242.54,0.1417,Partially Funded
SAV-13329,CUST-13329,1711.27,100743.93,0.2283,Fully Funded
SAV-13330,CUST-13330,171.74,11459.89,0.2051,Fully Funded
SAV-13331,CUST-13331,820.69,50854.43,0.2493,Fully Funded
SAV-13332,CUST-13332,2109.53,131386.13,0.2043,Fully Funded
SAV-13333,CUST-13333,1234.2,54881.03,0.1493,Fully Funded
SAV-13334,CUST-13334,904.46,22532.48,0.0775,Low
SAV-13335,CUST-13335,899.28,18326.88,0.1116,Low
SAV-13336,CUST-13336,1416.19,97091.71,0.2307,Fully Funded
SAV-13337,CUST-13337,2278.48,124060.28,0.2668,Fully Funded
SAV-13338,CUST-13338,938.74,96278.4,0.1722,Fully Funded
SAV-13339,CUST-13339,973.05,34348.88,0.2037,Fully Funded
SAV-13340,CUST-13340,766.2,65651.57,0.1463,Fully Funded
SAV-13341,CUST-13341,3483.67,85969.72,0.1943,Fully Funded
SAV-13342,CUST-13342,1971.0,175595.43,0.1416,Fully Funded
SAV-13343,CUST-13343,712.91,23674.05,0.1774,Fully Funded
SAV-13344,CUST-13344,695.59,66477.16,0.1533,Fully Funded
SAV-13345,CUST-13345,356.74,25385.71,0.1197,Fully Funded
SAV-13346,CUST-13346,432.52,11848.55,0.1252,Partially Funded
SAV-13347,CUST-13347,424.79,34978.19,0.1379,Fully Funded
SAV-13348,CUST-13348,525.29,27822.86,0.1687,Fully Funded
SAV-13349,CUST-13349,1502.81,75383.31,0.2341,Fully Funded
SAV-13350,CUST-13350,499.61,41157.41,0.1533,Fully Funded
SAV-13351,CUST-13351,155.61,3907.1,0.1008,Partially Funded
SAV-13352,CUST-13352,1319.1,90619.61,0.1493,Fully Funded
SAV-13353,CUST-13353,2684.78,144351.05,0.3117,Fully Funded
SAV-13354,CUST-13354,2610.79,135569.87,0.2451,Fully Funded
SAV-13355,CUST-13355,714.34,20732.44,0.1486,Partially Funded
SAV-13356,CUST-13356,665.4,11470.85,0.2034,Partially Funded
SAV-13357,CUST-13357,432.34,9665.0,0.1166,Partially Funded
SAV-13358,CUST-13358,565.2,45528.83,0.1093,Fully Funded
SAV-13359,CUST-13359,2767.97,106135.91,0.2093,Fully Funded
SAV-13360,CUST-13360,920.87,66958.18,0.1695,Fully Funded
SAV-13361,CUST-13361,755.82,14291.28,0.1763,Partially Funded
SAV-13362,CUST-13362,1130.01,113812.33,0.1587,Fully Funded
SAV-13363,CUST-13363,1768.13,195804.0,0.2503,Fully Funded
SAV-13364,CUST-13364,1090.49,46260.59,0.1551,Fully Funded
SAV-13365,CUST-13365,1486.43,142611.1,0.306,Fully Funded
SAV-13366,CUST-13366,805.44,26670.19,0.0955,Partially Funded
SAV-13367,CUST-13367,1057.74,17973.74,0.3258,Fully Funded
SAV-13368,CUST-13368,1145.1,13351.83,0.1771,Low
SAV-13369,CUST-13369,1944.05,141170.39,0.179,Fully Funded
SAV-13370,CUST-13370,663.74,62401.93,0.1042,Fully Funded
SAV-13371,CUST-13371,836.85,60912.89,0.1872,Fully Funded
SAV-13372,CUST-13372,614.76,10491.52,0.1265,Low
SAV-13373,CUST-13373,189.72,10843.47,0.2364,Fully Funded
SAV-13374,CUST-13374,556.42,25501.66,0.0567,Low
SAV-13375,CUST-13375,784.39,30758.35,0.1644,Fully Funded
SAV-13376,CUST-13376,762.05,65386.73,0.167,Fully Funded
SAV-13377,CUST-13377,450.18,13760.47,0.142,Partially Funded
SAV-13378,CUST-13378,1137.61,50103.75,0.1788,Fully Funded
SAV-13379,CUST-13379,976.22,81540.34,0.1459,Fully Funded
SAV-13380,CUST-13380,2392.13,133130.49,0.3046,Fully Funded
SAV-13381,CUST-13381,1464.95,54046.16,0.1652,Fully Funded
SAV-13382,CUST-13382,895.01,50825.8,0.1763,Fully Funded
SAV-13383,CUST-13383,3090.73,212126.96,0.272,Fully Funded
SAV-13384,CUST-13384,856.61,27310.63,0.1319,Partially Funded
SAV-13385,CUST-13385,721.54,17268.45,0.1495,Partially Funded
SAV-13386,CUST-13386,841.77,34931.78,0.2684,Fully Funded
SAV-13387,CUST-13387,1646.84,103791.23,0.2034,Fully Funded
SAV-13388,CUST-13388,1155.74,20487.39,0.1486,Partially Funded
SAV-13389,CUST-13389,1128.69,81900.94,0.1378,Fully Funded
SAV-13390,CUST-13390,1803.14,215984.3,0.1973,Fully Funded
SAV-13391,CUST-13391,210.19,8980.11,0.1101,Partially Funded
SAV-13392,CUST-13392,703.79,29903.52,0.1061,Partially Funded
SAV-13393,CUST-13393,2008.4,199118.98,0.2945,Fully Funded
SAV-13394,CUST-13394,591.63,35473.15,0.1292,Fully Funded
SAV-13395,CUST-13395,212.75,6657.36,0.0738,Low
SAV-13396,CUST-13396,662.31,31525.55,0.2366,Fully Funded
SAV-13397,CUST-13397,781.66,31502.32,0.1181,Fully Funded
SAV-13398,CUST-13398,2758.96,205377.84,0.1895,Fully Funded
SAV-13399,CUST-13399,452.77,12468.33,0.1284,Partially Funded
SAV-13400,CUST-13400,490.16,51574.74,0.1125,Fully Funded
SAV-13401,CUST-13401,1199.27,108955.24,0.2485,Fully Funded
SAV-13402,CUST-13402,663.49,54174.56,0.1399,Fully Funded
SAV-13403,CUST-13403,133.67,10150.41,0.11,Fully Funded
SAV-13404,CUST-13404,384.14,13977.5,0.0615,Low
SAV-13405,CUST-13405,833.58,40464.21,0.1299,Fully Funded
SAV-13406,CUST-13406,1216.45,134390.09,0.2433,Fully Funded
SAV-13407,CUST-13407,894.05,31025.64,0.1612,Fully Funded
SAV-13408,CUST-13408,1041.2,16792.67,0.2518,Partially Funded
SAV-13409,CUST-13409,362.8,22551.33,0.0697,Partially Funded
SAV-13410,CUST-13410,1632.03,146803.97,0.2078,Fully Funded
SAV-13411,CUST-13411,298.44,11014.13,0.237,Fully Funded
SAV-13412,CUST-13412,394.16,11453.02,0.0789,Low
SAV-13413,CUST-13413,651.99,20353.49,0.1163,Partially Funded
SAV-13414,CUST-13414,824.53,11461.47,0.1725,Partially Funded
SAV-13415,CUST-13415,279.44,4597.12,0.2661,Fully Funded
SAV-13416,CUST-13416,755.12,14270.94,0.1127,Low
SAV-13417,CUST-13417,659.36,34869.04,0.1057,Fully Funded
SAV-13418,CUST-13418,2212.83,24077.05,0.1852,Low
SAV-13419,CUST-13419,1089.88,73758.14,0.2057,Fully Funded
SAV-13420,CUST-13420,647.24,76269.98,0.18,Fully Funded
SAV-13421,CUST-13421,1117.71,25845.56,0.1537,Partially Funded
SAV-13422,CUST-13422,1166.08,100763.57,0.1368,Fully Funded
SAV-13423,CUST-13423,134.56,15584.38,0.0988,Fully Funded
SAV-13424,CUST-13424,685.45,36262.22,0.1426,Fully Funded
SAV-13425,CUST-13425,442.37,5643.69,0.0957,Low
SAV-13426,CUST-13426,1036.39,98689.31,0.1823,Fully Funded
SAV-13427,CUST-13427,444.26,29102.97,0.1386,Fully Funded
SAV-13428,CUST-13428,1524.45,36285.58,0.1925,Fully Funded
SAV-13429,CUST-13429,360.08,4462.37,0.0923,Low
SAV-13430,CUST-13430,1977.28,25174.31,0.1646,Low
SAV-13431,CUST-13431,176.63,12261.97,0.1021,Fully Funded
SAV-13432,CUST-13432,651.17,41977.15,0.128,Fully Funded
SAV-13433,CUST-13433,1669.29,150857.44,0.188,Fully Funded
SAV-13434,CUST-13434,397.02,20983.46,0.0657,Partially Funded
SAV-13435,CUST-13435,1252.19,38379.71,0.1826,Fully Funded
SAV-13436,CUST-13436,321.37,5884.26,0.073,Low
SAV-13437,CUST-13437,588.4,29129.5,0.1465,Fully Funded
SAV-13438,CUST-13438,347.66,9788.4,0.0721,Low
SAV-13439,CUST-13439,1814.22,56929.97,0.2186,Fully Funded
SAV-13440,CUST-13440,1203.56,132107.38,0.123,Fully Funded
SAV-13441,CUST-13441,678.42,56592.55,0.0992,Fully Funded
SAV-13442,CUST-13442,283.56,10987.78,0.201,Fully Funded
SAV-13443,CUST-13443,500.02,18702.55,0.1279,Fully Funded
SAV-13444,CUST-13444,1156.76,95017.23,0.2205,Fully Funded
SAV-13445,CUST-13445,1281.83,51844.56,0.2287,Fully Funded
SAV-13446,CUST-13446,643.16,35545.41,0.173,Fully Funded
SAV-13447,CUST-13447,588.82,34725.07,0.1825,Fully Funded
SAV-13448,CUST-13448,1006.86,59148.07,0.1182,Fully Funded
SAV-13449,CUST-13449,114.59,6959.84,0.1222,Fully Funded
SAV-13450,CUST-13450,2167.5,119272.63,0.1875,Fully Funded
SAV-13451,CUST-13451,225.49,16753.24,0.0655,Partially Funded
SAV-13452,CUST-13452,633.77,9151.89,0.1331,Low
SAV-13453,CUST-13453,761.06,13835.2,0.1972,Partially Funded
SAV-13454,CUST-13454,290.85,14267.24,0.1315,Fully Funded
SAV-13455,CUST-13455,181.08,9021.38,0.2457,Fully Funded
SAV-13456,CUST-13456,178.33,5738.47,0.1915,Fully Funded
SAV-13457,CUST-13457,790.48,18044.99,0.1501,Partially Funded
SAV-13458,CUST-13458,1449.32,136926.36,0.1915,Fully Funded
SAV-13459,CUST-13459,1228.14,15962.65,0.2704,Partially Funded
SAV-13460,CUST-13460,518.46,57013.65,0.097,Fully Funded
SAV-13461,CUST-13461,598.66,10892.92,0.1056,Low
SAV-13462,CUST-13462,667.92,25874.52,0.1316,Fully Funded
SAV-13463,CUST-13463,563.88,11842.07,0.125,Partially Funded
SAV-13464,CUST-13464,462.77,33162.82,0.0911,Fully Funded
SAV-13465,CUST-13465,2332.11,41470.56,0.177,Partially Funded
SAV-13466,CUST-13466,1197.34,76696.3,0.2187,Fully Funded
SAV-13467,CUST-13467,108.91,5544.51,0.1119,Fully Funded
SAV-13468,CUST-13468,542.04,52132.33,0.1641,Fully Funded
SAV-13469,CUST-13469,1410.9,89346.0,0.1565,Fully Funded
SAV-13470,CUST-13470,579.88,13545.46,0.1669,Partially Funded
SAV-13471,CUST-13471,862.71,26057.42,0.1163,Partially Funded
SAV-13472,CUST-13472,1613.31,27267.48,0.131,Low
SAV-13473,CUST-13473,1092.62,49345.57,0.1906,Fully Funded
SAV-13474,CUST-13474,968.08,90241.52,0.2032,Fully Funded
SAV-13475,CUST-13475,1135.95,76236.25,0.2188,Fully Funded
SAV-13476,CUST-13476,1253.99,88334.96,0.1429,Fully Funded
SAV-13477,CUST-13477,940.18,18858.54,0.1166,Partially Funded
SAV-13478,CUST-13478,1973.68,153995.65,0.2226,Fully Funded
SAV-13479,CUST-13479,658.9,54318.46,0.1414,Fully Funded
SAV-13480,CUST-13480,215.41,10696.84,0.1513,Fully Funded
SAV-13481,CUST-13481,718.66,23427.99,0.2225,Fully Funded
SAV-13482,CUST-13482,450.02,41826.8,0.1468,Fully Funded
SAV-13483,CUST-13483,183.41,7067.21,0.0342,Low
SAV-13484,CUST-13484,255.76,15342.08,0.2394,Fully Funded
SAV-13485,CUST-13485,1145.76,57256.75,0.1938,Fully Funded
SAV-13486,CUST-13486,581.93,54075.46,0.143,Fully Funded
SAV-13487,CUST-13487,378.61,25257.46,0.2138,Fully Funded
SAV-13488,CUST-13488,925.87,43025.89,0.1262,Fully Funded
SAV-13489,CUST-13489,602.2,55240.08,0.1211,Fully Funded
SAV-13490,CUST-13490,1688.06,56123.67,0.2858,Fully Funded
SAV-13491,CUST-13491,499.04,13515.73,0.1361,Partially Funded
SAV-13492,CUST-13492,499.08,22666.12,0.1252,Fully Funded
SAV-13493,CUST-13493,859.53,10286.93,0.1957,Partially Funded
SAV-13494,CUST-13494,852.9,36569.42,0.1331,Fully Funded
SAV-13495,CUST-13495,604.13,35327.74,0.0981,Fully Funded
SAV-13496,CUST-13496,1593.04,34370.78,0.115,Partially Funded
SAV-13497,CUST-13497,91.22,1663.14,0.1398,Partially Funded
SAV-13498,CUST-13498,246.11,20179.32,0.2174,Fully Funded
SAV-13499,CUST-13499,650.29,30403.99,0.1565,Fully Funded
SAV-13500,CUST-13500,267.08,27633.22,0.0856,Fully Funded
SAV-13501,CUST-13501,363.75,15812.36,0.1052,Partially Funded
SAV-13502,CUST-13502,2078.16,109912.03,0.2715,Fully Funded
SAV-13503,CUST-13503,909.84,47074.46,0.1507,Fully Funded
SAV-13504,CUST-13504,253.26,5955.59,0.1005,Low
SAV-13505,CUST-13505,1556.26,62352.8,0.1912,Fully Funded
SAV-13506,CUST-13506,1424.72,36970.42,0.1874,Fully Funded
SAV-13507,CUST-13507,996.14,14572.22,0.2074,Partially Funded
SAV-13508,CUST-13508,205.97,12295.33,0.1718,Fully Funded
SAV-13509,CUST-13509,1932.95,68756.54,0.1732,Fully Funded
SAV-13510,CUST-13510,353.79,11971.01,0.091,Partially Funded
SAV-13511,CUST-13511,1057.49,16378.05,0.0812,Low
SAV-13512,CUST-13512,1333.83,42364.9,0.2669,Fully Funded
SAV-13513,CUST-13513,2270.21,57366.21,0.1695,Fully Funded
SAV-13514,CUST-13514,705.22,33300.89,0.0859,Partially Funded
SAV-13515,CUST-13515,728.49,32311.18,0.1179,Fully Funded
SAV-13516,CUST-13516,870.87,91862.46,0.222,Fully Funded
SAV-13517,CUST-13517,820.2,20384.02,0.174,Partially Funded
SAV-13518,CUST-13518,1077.94,50069.29,0.1174,Fully Funded
SAV-13519,CUST-13519,650.85,56101.56,0.1929,Fully Funded
SAV-13520,CUST-13520,1153.64,99100.57,0.2277,Fully Funded
SAV-13521,CUST-13521,538.06,19644.25,0.0838,Partially Funded
SAV-13522,CUST-13522,499.51,43088.0,0.2065,Fully Funded
SAV-13523,CUST-13523,1329.58,150905.0,0.176,Fully Funded
SAV-13524,CUST-13524,1063.76,35108.72,0.1827,Fully Funded
SAV-13525,CUST-13525,296.44,16871.81,0.1063,Fully Funded
SAV-13526,CUST-13526,1670.3,51101.82,0.2302,Fully Funded
SAV-13527,CUST-13527,3172.95,262651.44,0.1857,Fully Funded
SAV-13528,CUST-13528,517.02,7363.95,0.1552,Low
SAV-13529,CUST-13529,1276.23,44154.87,0.2531,Fully Funded
SAV-13530,CUST-13530,1784.53,131579.28,0.2342,Fully Funded
SAV-13531,CUST-13531,698.95,29990.34,0.1206,Fully Funded
SAV-13532,CUST-13532,319.17,19537.91,0.1002,Fully Funded
SAV-13533,CUST-13533,864.04,67253.28,0.2078,Fully Funded
SAV-13534,CUST-13534,349.43,32001.43,0.1341,Fully Funded
SAV-13535,CUST-13535,1803.08,23886.13,0.1548,Low
SAV-13536,CUST-13536,564.12,17347.94,0.1352,Partially Funded
SAV-13537,CUST-13537,2559.29,169481.18,0.1961,Fully Funded
SAV-13538,CUST-13538,881.7,38907.6,0.1049,Fully Funded
SAV-13539,CUST-13539,1765.88,157678.45,0.2168,Fully Funded
SAV-13540,CUST-13540,369.15,39762.72,0.23,Fully Funded
SAV-13541,CUST-13541,1159.4,37008.11,0.1216,Partially Funded
SAV-13542,CUST-13542,1010.8,75137.53,0.1768,Fully Funded
SAV-13543,CUST-13543,1351.12,101805.04,0.1159,Fully Funded
SAV-13544,CUST-13544,1030.33,114267.36,0.1431,Fully Funded
SAV-13545,CUST-13545,350.65,17836.53,0.0937,Partially Funded
SAV-13546,CUST-13546,960.69,43770.18,0.2057,Fully Funded
SAV-13547,CUST-13547,785.77,62630.88,0.1784,Fully Funded
SAV-13548,CUST-13548,941.45,86941.69,0.1191,Fully Funded
SAV-13549,CUST-13549,3014.39,56055.52,0.1839,Partially Funded
SAV-13550,CUST-13550,1153.03,15018.01,0.1441,Low
SAV-13551,CUST-13551,2125.68,62405.49,0.2616,Fully Funded
SAV-13552,CUST-13552,2323.85,133177.62,0.1486,Fully Funded
SAV-13553,CUST-13553,806.74,71519.48,0.1064,Fully Funded
SAV-13554,CUST-13554,1407.66,61262.38,0.2155,Fully Funded
SAV-13555,CUST-13555,400.99,17553.17,0.2007,Fully Funded
SAV-13556,CUST-13556,2622.33,217035.62,0.3141,Fully Funded
SAV-13557,CUST-13557,234.83,6723.81,0.1696,Fully Funded
SAV-13558,CUST-13558,1127.08,40262.67,0.1904,Fully Funded
SAV-13559,CUST-13559,528.91,16837.96,0.1114,Partially Funded
SAV-13560,CUST-13560,1301.66,113060.65,0.2354,Fully Funded
SAV-13561,CUST-13561,360.71,28133.35,0.1828,Fully Funded
SAV-13562,CUST-13562,760.66,23714.2,0.2035,Fully Funded
SAV-13563,CUST-13563,1784.4,66308.6,0.2579,Fully Funded
SAV-13564,CUST-13564,334.27,10112.18,0.1077,Partially Funded
SAV-13565,CUST-13565,564.23,29854.58,0.0809,Partially Funded
SAV-13566,CUST-13566,1274.82,50765.55,0.2067,Fully Funded
SAV-13567,CUST-13567,724.26,52489.21,0.1352,Fully Funded
SAV-13568,CUST-13568,415.32,31430.57,0.1163,Fully Funded
SAV-13569,CUST-13569,1114.41,47772.5,0.1605,Fully Funded
SAV-13570,CUST-13570,706.46,8958.63,0.1451,Low
SAV-13571,CUST-13571,804.68,66044.78,0.1237,Fully Funded
SAV-13572,CUST-13572,922.0,45411.17,0.1871,Fully Funded
SAV-13573,CUST-13573,441.45,33481.25,0.1495,Fully Funded
SAV-13574,CUST-13574,1431.93,47836.25,0.2119,Fully Funded
SAV-13575,CUST-13575,762.74,24728.18,0.2136,Fully Funded
SAV-13576,CUST-13576,74.59,3915.27,0.0932,Partially Funded
SAV-13577,CUST-13577,899.61,51698.13,0.1102,Fully Funded
SAV-13578,CUST-13578,281.15,25967.52,0.1328,Fully Funded
SAV-13579,CUST-13579,1505.9,30986.52,0.1416,Partially Funded
SAV-13580,CUST-13580,1622.82,113088.27,0.1478,Fully Funded
SAV-13581,CUST-13581,157.44,2471.28,0.1771,Partially Funded
SAV-13582,CUST-13582,343.64,12549.87,0.1694,Fully Funded
SAV-13583,CUST-13583,1074.96,66589.66,0.1406,Fully Funded
SAV-13584,CUST-13584,1182.85,40482.5,0.2022,Fully Funded
SAV-13585,CUST-13585,1626.08,39002.67,0.2114,Fully Funded
SAV-13586,CUST-13586,231.13,14769.19,0.1431,Fully Funded
SAV-13587,CUST-13587,154.23,6843.86,0.1766,Fully Funded
SAV-13588,CUST-13588,329.3,28357.94,0.0789,Fully Funded
SAV-13589,CUST-13589,1009.83,43954.3,0.1609,Fully Funded
SAV-13590,CUST-13590,283.67,17782.74,0.0848,Fully Funded
SAV-13591,CUST-13591,1587.86,153672.31,0.1765,Fully Funded
SAV-13592,CUST-13592,675.42,56908.16,0.1087,Fully Funded
SAV-13593,CUST-13593,560.72,41349.23,0.1038,Fully Funded
SAV-13594,CUST-13594,548.21,18302.65,0.1536,Fully Funded
SAV-13595,CUST-13595,2353.3,219652.0,0.2042,Fully Funded
SAV-13596,CUST-13596,988.74,43016.57,0.1681,Fully Funded
SAV-13597,CUST-13597,846.32,58208.98,0.0716,Partially Funded
SAV-13598,CUST-13598,546.33,25028.35,0.1339,Fully Funded
SAV-13599,CUST-13599,1417.66,151950.82,0.136,Fully Funded
SAV-13600,CUST-13600,1981.39,57829.3,0.2231,Fully Funded
SAV-13601,CUST-13601,811.06,89478.96,0.1145,Fully Funded
SAV-13602,CUST-13602,893.7,62818.31,0.1376,Fully Funded
SAV-13603,CUST-13603,559.05,8137.79,0.1,Low
SAV-13604,CUST-13604,1911.17,82897.68,0.2469,Fully Funded
SAV-13605,CUST-13605,3692.88,221520.19,0.1934,Fully Funded
SAV-13606,CUST-13606,670.55,22115.62,0.1414,Fully Funded
SAV-13607,CUST-13607,96.22,9252.77,0.0952,Fully Funded
SAV-13608,CUST-13608,545.09,53931.96,0.1471,Fully Funded
SAV-13609,CUST-13609,1001.09,24837.04,0.2007,Fully Funded
SAV-13610,CUST-13610,416.6,10009.45,0.2681,Fully Funded
SAV-13611,CUST-13611,1255.62,29766.53,0.201,Fully Funded
SAV-13612,CUST-13612,1612.14,24698.57,0.1513,Partially Funded
SAV-13613,CUST-13613,716.34,45311.42,0.1665,Fully Funded
SAV-13614,CUST-13614,1023.86,77532.92,0.1351,Fully Funded
SAV-13615,CUST-13615,842.67,40079.53,0.184,Fully Funded
SAV-13616,CUST-13616,467.4,29307.17,0.174,Fully Funded
SAV-13617,CUST-13617,749.22,21806.31,0.1643,Fully Funded
SAV-13618,CUST-13618,850.74,19114.89,0.201,Fully Funded
SAV-13619,CUST-13619,369.54,18209.11,0.1077,Fully Funded
SAV-13620,CUST-13620,216.09,25596.04,0.0982,Fully Funded
SAV-13621,CUST-13621,707.3,30556.48,0.0934,Partially Funded
SAV-13622,CUST-13622,639.26,35103.64,0.1414,Fully Funded
SAV-13623,CUST-13623,659.11,16760.92,0.1832,Fully Funded
SAV-13624,CUST-13624,1017.74,17124.81,0.1125,Low
SAV-13625,CUST-13625,773.14,19044.75,0.1959,Fully Funded
SAV-13626,CUST-13626,974.84,37286.25,0.1837,Fully Funded
SAV-13627,CUST-13627,2025.03,89028.58,0.2144,Fully Funded
SAV-13628,CUST-13628,575.96,34747.8,0.1368,Fully Funded
SAV-13629,CUST-13629,1306.87,39138.16,0.1418,Partially Funded
SAV-13630,CUST-13630,979.88,9891.45,0.1665,Low
SAV-13631,CUST-13631,776.15,44150.85,0.2139,Fully Funded
SAV-13632,CUST-13632,797.03,26438.04,0.101,Partially Funded
SAV-13633,CUST-13633,1681.91,63960.36,0.1347,Fully Funded
SAV-13634,CUST-13634,1329.18,113449.46,0.1665,Fully Funded
SAV-13635,CUST-13635,2077.89,95236.86,0.1996,Fully Funded
SAV-13636,CUST-13636,1428.29,111902.44,0.1896,Fully Funded
SAV-13637,CUST-13637,2855.42,39855.73,0.2932,Fully Funded
SAV-13638,CUST-13638,1044.69,16695.83,0.2057,Partially Funded
SAV-13639,CUST-13639,519.57,16999.71,0.1058,Partially Funded
SAV-13640,CUST-13640,983.02,16735.18,0.2301,Partially Funded
SAV-13641,CUST-13641,1475.91,23122.25,0.2326,Partially Funded
SAV-13642,CUST-13642,1531.61,112531.82,0.1592,Fully Funded
SAV-13643,CUST-13643,472.87,20678.28,0.13,Fully Funded
SAV-13644,CUST-13644,610.88,37693.91,0.1337,Fully Funded
SAV-13645,CUST-13645,149.97,5103.98,0.1719,Fully Funded
SAV-13646,CUST-13646,1476.83,176822.54,0.2372,Fully Funded
SAV-13647,CUST-13647,1707.99,77560.47,0.2097,Fully Funded
SAV-13648,CUST-13648,75.04,3114.45,0.0947,Partially Funded
SAV-13649,CUST-13649,1010.29,50496.13,0.1786,Fully Funded
SAV-13650,CUST-13650,1318.04,100471.48,0.1486,Fully Funded
SAV-13651,CUST-13651,1590.14,136401.85,0.2381,Fully Funded
SAV-13652,CUST-13652,4184.48,306636.57,0.2562,Fully Funded
SAV-13653,CUST-13653,927.47,59109.03,0.1134,Fully Funded
SAV-13654,CUST-13654,818.12,71905.94,0.1555,Fully Funded
SAV-13655,CUST-13655,633.84,19980.94,0.1119,Partially Funded
SAV-13656,CUST-13656,1319.12,50334.26,0.1827,Fully Funded
SAV-13657,CUST-13657,1008.1,75952.59,0.1657,Fully Funded
SAV-13658,CUST-13658,571.76,5749.31,0.1255,Low
SAV-13659,CUST-13659,811.09,11051.06,0.13,Low
SAV-13660,CUST-13660,417.04,25923.45,0.245,Fully Funded
SAV-13661,CUST-13661,1154.69,21789.22,0.1953,Partially Funded
SAV-13662,CUST-13662,718.65,17377.65,0.1441,Partially Funded
SAV-13663,CUST-13663,57.53,3644.13,0.0762,Partially Funded
SAV-13664,CUST-13664,688.81,11169.73,0.1459,Partially Funded
SAV-13665,CUST-13665,605.48,33249.71,0.0942,Fully Funded
SAV-13666,CUST-13666,221.52,4620.81,0.1236,Partially Funded
SAV-13667,CUST-13667,236.35,16804.53,0.1255,Fully Funded
SAV-13668,CUST-13668,696.5,28570.43,0.1351,Fully Funded
SAV-13669,CUST-13669,1614.37,70088.41,0.1611,Fully Funded
SAV-13670,CUST-13670,839.23,22751.39,0.1913,Fully Funded
SAV-13671,CUST-13671,329.6,23668.49,0.1439,Fully Funded
SAV-13672,CUST-13672,1361.12,159888.69,0.1335,Fully Funded
SAV-13673,CUST-13673,1065.66,44901.62,0.1066,Partially Funded
SAV-13674,CUST-13674,725.3,39448.87,0.1441,Fully Funded
SAV-13675,CUST-13675,1762.27,48795.37,0.1741,Fully Funded
SAV-13676,CUST-13676,1048.62,71963.78,0.1046,Fully Funded
SAV-13677,CUST-13677,1146.21,24875.85,0.1774,Partially Funded
SAV-13678,CUST-13678,1137.47,65031.3,0.2304,Fully Funded
SAV-13679,CUST-13679,119.19,7156.72,0.1269,Fully Funded
SAV-13680,CUST-13680,1324.72,64935.13,0.1944,Fully Funded
SAV-13681,CUST-13681,1313.48,46942.64,0.227,Fully Funded
SAV-13682,CUST-13682,2465.25,161426.16,0.2572,Fully Funded
SAV-13683,CUST-13683,615.5,18600.12,0.1535,Partially Funded
SAV-13684,CUST-13684,2561.33,198944.91,0.2234,Fully Funded
SAV-13685,CUST-13685,1753.56,83581.83,0.2261,Fully Funded
SAV-13686,CUST-13686,695.5,48925.61,0.151,Fully Funded
SAV-13687,CUST-13687,2030.55,75843.38,0.1323,Fully Funded
SAV-13688,CUST-13688,1020.28,78637.72,0.2266,Fully Funded
SAV-13689,CUST-13689,280.56,17077.37,0.0796,Partially Funded
SAV-13690,CUST-13690,1084.38,10300.47,0.1775,Low
SAV-13691,CUST-13691,1567.13,107867.46,0.2292,Fully Funded
SAV-13692,CUST-13692,960.66,36941.95,0.2029,Fully Funded
SAV-13693,CUST-13693,789.64,39852.16,0.1892,Fully Funded
SAV-13694,CUST-13694,682.05,61712.01,0.1212,Fully Funded
SAV-13695,CUST-13695,721.41,23551.68,0.1832,Fully Funded
SAV-13696,CUST-13696,477.74,29787.07,0.1395,Fully Funded
SAV-13697,CUST-13697,486.38,5226.34,0.1622,Low
SAV-13698,CUST-13698,567.9,45823.45,0.1203,Fully Funded
SAV-13699,CUST-13699,585.59,42495.88,0.0987,Fully Funded
SAV-13700,CUST-13700,768.2,8968.03,0.1692,Low
SAV-13701,CUST-13701,964.6,48923.38,0.2022,Fully Funded
SAV-13702,CUST-13702,1037.82,11627.14,0.1931,Low
SAV-13703,CUST-13703,414.19,18101.17,0.087,Partially Funded
SAV-13704,CUST-13704,1132.85,67245.7,0.1799,Fully Funded
SAV-13705,CUST-13705,532.94,53537.07,0.1024,Fully Funded
SAV-13706,CUST-13706,371.76,8650.19,0.146,Partially Funded
SAV-13707,CUST-13707,845.81,90359.78,0.1842,Fully Funded
SAV-13708,CUST-13708,1366.98,37360.38,0.1658,Partially Funded
SAV-13709,CUST-13709,1017.4,78016.3,0.1672,Fully Funded
SAV-13710,CUST-13710,682.3,33986.61,0.1014,Fully Funded
SAV-13711,CUST-13711,851.36,63031.34,0.1388,Fully Funded
SAV-13712,CUST-13712,482.28,34383.62,0.1388,Fully Funded
SAV-13713,CUST-13713,409.05,13227.95,0.1305,Partially Funded
SAV-13714,CUST-13714,891.84,57236.52,0.123,Fully Funded
SAV-13715,CUST-13715,672.46,33501.42,0.1025,Fully Funded
SAV-13716,CUST-13716,1027.43,79980.83,0.2286,Fully Funded
SAV-13717,CUST-13717,1115.75,95022.58,0.1728,Fully Funded
SAV-13718,CUST-13718,2932.52,129930.57,0.2272,Fully Funded
SAV-13719,CUST-13719,832.93,43447.36,0.147,Fully Funded
SAV-13720,CUST-13720,379.04,16801.36,0.1165,Fully Funded
SAV-13721,CUST-13721,1331.93,86323.01,0.1676,Fully Funded
SAV-13722,CUST-13722,1533.52,147642.89,0.1664,Fully Funded
SAV-13723,CUST-13723,119.58,3808.37,0.1485,Fully Funded
SAV-13724,CUST-13724,1866.1,158853.87,0.2147,Fully Funded
SAV-13725,CUST-13725,1105.11,47046.56,0.2015,Fully Funded
SAV-13726,CUST-13726,474.78,18033.5,0.1579,Fully Funded
SAV-13727,CUST-13727,1177.1,26555.74,0.1252,Partially Funded
SAV-13728,CUST-13728,356.54,14789.78,0.0909,Partially Funded
SAV-13729,CUST-13729,1866.43,126069.14,0.1141,Fully Funded
SAV-13730,CUST-13730,390.39,6204.68,0.1062,Low
SAV-13731,CUST-13731,937.47,53786.77,0.1591,Fully Funded
SAV-13732,CUST-13732,117.03,3902.7,0.1403,Fully Funded
SAV-13733,CUST-13733,1207.02,108174.46,0.1266,Fully Funded
SAV-13734,CUST-13734,807.86,46274.92,0.1374,Fully Funded
SAV-13735,CUST-13735,1805.56,60146.75,0.2571,Fully Funded
SAV-13736,CUST-13736,1250.03,65874.0,0.2317,Fully Funded
SAV-13737,CUST-13737,880.99,32931.09,0.1843,Fully Funded
SAV-13738,CUST-13738,1522.02,56669.95,0.2719,Fully Funded
SAV-13739,CUST-13739,608.18,41413.09,0.1508,Fully Funded
SAV-13740,CUST-13740,1538.42,136354.43,0.2524,Fully Funded
SAV-13741,CUST-13741,2555.88,48342.62,0.2494,Fully Funded
SAV-13742,CUST-13742,202.28,13930.55,0.1377,Fully Funded
SAV-13743,CUST-13743,902.85,39754.38,0.1121,Partially Funded
SAV-13744,CUST-13744,1086.73,56292.21,0.1295,Fully Funded
SAV-13745,CUST-13745,1052.71,93332.61,0.2659,Fully Funded
SAV-13746,CUST-13746,116.2,6834.78,0.1351,Fully Funded
SAV-13747,CUST-13747,917.62,49775.79,0.1019,Fully Funded
SAV-13748,CUST-13748,613.29,35557.37,0.159,Fully Funded
SAV-13749,CUST-13749,827.18,74524.48,0.1312,Fully Funded
SAV-13750,CUST-13750,886.98,45706.67,0.1779,Fully Funded
SAV-13751,CUST-13751,604.38,33893.26,0.1882,Fully Funded
SAV-13752,CUST-13752,361.33,6661.34,0.0706,Low
SAV-13753,CUST-13753,1068.79,57277.39,0.1894,Fully Funded
SAV-13754,CUST-13754,664.74,27951.84,0.1149,Partially Funded
SAV-13755,CUST-13755,2628.26,65059.83,0.3169,Fully Funded
SAV-13756,CUST-13756,486.98,12816.32,0.1092,Partially Funded
SAV-13757,CUST-13757,2297.9,113404.58,0.2273,Fully Funded
SAV-13758,CUST-13758,1504.85,148365.06,0.1368,Fully Funded
SAV-13759,CUST-13759,2669.14,315427.33,0.1338,Fully Funded
SAV-13760,CUST-13760,273.29,22850.95,0.0832,Fully Funded
SAV-13761,CUST-13761,1204.8,118049.11,0.1529,Fully Funded
SAV-13762,CUST-13762,727.49,39853.49,0.1071,Fully Funded
SAV-13763,CUST-13763,795.75,18800.98,0.1525,Partially Funded
SAV-13764,CUST-13764,314.27,22480.74,0.0624,Partially Funded
SAV-13765,CUST-13765,833.44,31278.62,0.054,Low
SAV-13766,CUST-13766,1847.15,76284.57,0.1711,Fully Funded
SAV-13767,CUST-13767,613.01,14287.49,0.1243,Partially Funded
SAV-13768,CUST-13768,775.72,16549.86,0.1527,Partially Funded
SAV-13769,CUST-13769,440.0,13649.18,0.1637,Fully Funded
SAV-13770,CUST-13770,798.13,66295.51,0.2223,Fully Funded
SAV-13771,CUST-13771,801.12,47419.7,0.1368,Fully Funded
SAV-13772,CUST-13772,379.75,20672.29,0.0709,Partially Funded
SAV-13773,CUST-13773,789.07,61914.93,0.1343,Fully Funded
SAV-13774,CUST-13774,1332.5,46850.37,0.15,Fully Funded
SAV-13775,CUST-13775,1335.58,42274.33,0.1411,Partially Funded
SAV-13776,CUST-13776,410.74,35772.44,0.0882,Fully Funded
SAV-13777,CUST-13777,652.91,29177.46,0.2031,Fully Funded
SAV-13778,CUST-13778,728.05,36524.88,0.0734,Partially Funded
SAV-13779,CUST-13779,1157.24,45664.57,0.1413,Fully Funded
SAV-13780,CUST-13780,276.61,26646.99,0.176,Fully Funded
SAV-13781,CUST-13781,509.14,53567.0,0.1653,Fully Funded
SAV-13782,CUST-13782,695.68,15180.7,0.1672,Partially Funded
SAV-13783,CUST-13783,2361.4,166232.5,0.1792,Fully Funded
SAV-13784,CUST-13784,1410.17,23601.33,0.1628,Partially Funded
SAV-13785,CUST-13785,1228.72,65153.56,0.1568,Fully Funded
SAV-13786,CUST-13786,425.54,9064.44,0.1617,Partially Funded
SAV-13787,CUST-13787,1700.61,44167.65,0.2594,Fully Funded
SAV-13788,CUST-13788,516.65,42105.81,0.0962,Fully Funded
SAV-13789,CUST-13789,527.89,53995.1,0.1396,Fully Funded
SAV-13790,CUST-13790,507.52,32476.6,0.1279,Fully Funded
SAV-13791,CUST-13791,607.7,38184.91,0.1526,Fully Funded
SAV-13792,CUST-13792,121.19,5964.64,0.1248,Fully Funded
SAV-13793,CUST-13793,1370.47,108152.22,0.133,Fully Funded
SAV-13794,CUST-13794,1656.85,72910.26,0.2136,Fully Funded
SAV-13795,CUST-13795,1340.68,131476.73,0.1475,Fully Funded
SAV-13796,CUST-13796,1281.95,97515.17,0.2323,Fully Funded
SAV-13797,CUST-13797,886.73,76877.16,0.1934,Fully Funded
SAV-13798,CUST-13798,726.94,28860.71,0.1741,Fully Funded
SAV-13799,CUST-13799,1437.23,145945.38,0.189,Fully Funded
SAV-13800,CUST-13800,596.51,33007.96,0.152,Fully Funded
SAV-13801,CUST-13801,682.22,12863.02,0.1813,Partially Funded
SAV-13802,CUST-13802,906.42,36121.59,0.1891,Fully Funded
SAV-13803,CUST-13803,1181.91,118155.18,0.1193,Fully Funded
SAV-13804,CUST-13804,2091.67,38904.44,0.2197,Partially Funded
SAV-13805,CUST-13805,450.34,20737.76,0.1387,Fully Funded
SAV-13806,CUST-13806,299.36,17087.75,0.0884,Partially Funded
SAV-13807,CUST-13807,2022.0,102833.31,0.1561,Fully Funded
SAV-13808,CUST-13808,397.49,31763.74,0.082,Fully Funded
SAV-13809,CUST-13809,1855.68,27396.86,0.1348,Low
SAV-13810,CUST-13810,945.21,57909.19,0.2589,Fully Funded
SAV-13811,CUST-13811,908.72,42306.69,0.0867,Partially Funded
SAV-13812,CUST-13812,305.46,22159.64,0.0698,Partially Funded
SAV-13813,CUST-13813,201.97,6403.85,0.2486,Fully Funded
SAV-13814,CUST-13814,1408.43,113264.98,0.2,Fully Funded
SAV-13815,CUST-13815,524.58,57378.09,0.1334,Fully Funded
SAV-13816,CUST-13816,567.92,17782.7,0.1521,Fully Funded
SAV-13817,CUST-13817,1986.03,89788.61,0.1619,Fully Funded
SAV-13818,CUST-13818,468.34,44623.8,0.0909,Fully Funded
SAV-13819,CUST-13819,1625.03,98646.88,0.2536,Fully Funded
SAV-13820,CUST-13820,1009.97,55179.0,0.2143,Fully Funded
SAV-13821,CUST-13821,362.62,21386.06,0.0798,Partially Funded
SAV-13822,CUST-13822,1572.64,77689.41,0.2149,Fully Funded
SAV-13823,CUST-13823,1811.11,28533.07,0.182,Partially Funded
SAV-13824,CUST-13824,1035.94,41549.56,0.1104,Partially Funded
SAV-13825,CUST-13825,255.74,8423.48,0.0651,Low
SAV-13826,CUST-13826,942.61,71660.07,0.193,Fully Funded
SAV-13827,CUST-13827,653.45,50706.33,0.0976,Fully Funded
SAV-13828,CUST-13828,500.2,19697.16,0.089,Partially Funded
SAV-13829,CUST-13829,570.72,38056.12,0.0899,Fully Funded
SAV-13830,CUST-13830,2249.64,42090.6,0.1298,Partially Funded
SAV-13831,CUST-13831,573.52,42412.5,0.115,Fully Funded
SAV-13832,CUST-13832,464.36,13854.68,0.0663,Low
SAV-13833,CUST-13833,941.05,38700.95,0.1734,Fully Funded
SAV-13834,CUST-13834,375.01,41248.8,0.1093,Fully Funded
SAV-13835,CUST-13835,451.4,38889.77,0.1426,Fully Funded
SAV-13836,CUST-13836,3404.63,76046.02,0.1773,Partially Funded
SAV-13837,CUST-13837,188.29,13908.86,0.1455,Fully Funded
SAV-13838,CUST-13838,1673.73,108518.73,0.3073,Fully Funded
SAV-13839,CUST-13839,865.4,94884.88,0.2145,Fully Funded
SAV-13840,CUST-13840,1097.56,61280.27,0.2839,Fully Funded
SAV-13841,CUST-13841,950.45,42685.89,0.181,Fully Funded
SAV-13842,CUST-13842,1479.01,68454.4,0.1828,Fully Funded
SAV-13843,CUST-13843,869.27,42227.9,0.1412,Fully Funded
SAV-13844,CUST-13844,2291.77,145559.59,0.2602,Fully Funded
SAV-13845,CUST-13845,619.37,17961.92,0.1525,Fully Funded
SAV-13846,CUST-13846,251.89,15347.14,0.1166,Fully Funded
SAV-13847,CUST-13847,624.53,55258.79,0.0938,Fully Funded
SAV-13848,CUST-13848,1000.45,61600.31,0.1365,Fully Funded
SAV-13849,CUST-13849,545.67,6517.13,0.1274,Low
SAV-13850,CUST-13850,151.45,2071.82,0.1361,Low
SAV-13851,CUST-13851,993.33,71110.33,0.1996,Fully Funded
SAV-13852,CUST-13852,720.15,36165.43,0.1975,Fully Funded
SAV-13853,CUST-13853,1278.92,122620.17,0.206,Fully Funded
SAV-13854,CUST-13854,1702.98,70696.4,0.1635,Fully Funded
SAV-13855,CUST-13855,1380.92,127322.13,0.179,Fully Funded
SAV-13856,CUST-13856,1024.55,107671.64,0.1627,Fully Funded
SAV-13857,CUST-13857,1572.71,60416.18,0.2499,Fully Funded
SAV-13858,CUST-13858,421.74,41104.46,0.1368,Fully Funded
SAV-13859,CUST-13859,683.15,50951.83,0.1321,Fully Funded
SAV-13860,CUST-13860,243.98,20208.66,0.0857,Fully Funded
SAV-13861,CUST-13861,310.92,14667.68,0.1116,Fully Funded
SAV-13862,CUST-13862,1227.9,45154.52,0.2276,Fully Funded
SAV-13863,CUST-13863,1410.1,20500.28,0.2972,Fully Funded
SAV-13864,CUST-13864,1013.16,23052.24,0.1444,Partially Funded
SAV-13865,CUST-13865,946.58,36539.82,0.2076,Fully Funded
SAV-13866,CUST-13866,194.96,15692.74,0.1452,Fully Funded
SAV-13867,CUST-13867,1019.44,44132.16,0.1287,Fully Funded
SAV-13868,CUST-13868,511.47,43371.42,0.0806,Fully Funded
SAV-13869,CUST-13869,1182.59,106346.73,0.1976,Fully Funded
SAV-13870,CUST-13870,1355.94,93809.03,0.3243,Fully Funded
SAV-13871,CUST-13871,1041.57,15785.08,0.2956,Fully Funded
SAV-13872,CUST-13872,707.33,15912.63,0.1995,Fully Funded
SAV-13873,CUST-13873,877.44,83407.59,0.1806,Fully Funded
SAV-13874,CUST-13874,1452.09,35638.52,0.1227,Partially Funded
SAV-13875,CUST-13875,1297.02,106385.8,0.1857,Fully Funded
SAV-13876,CUST-13876,582.95,19819.77,0.0935,Partially Funded
SAV-13877,CUST-13877,864.78,67335.03,0.0981,Fully Funded
SAV-13878,CUST-13878,1190.24,44292.25,0.1816,Fully Funded
SAV-13879,CUST-13879,1209.28,24222.07,0.2337,Fully Funded
SAV-13880,CUST-13880,998.28,23592.68,0.1271,Partially Funded
SAV-13881,CUST-13881,718.45,79582.1,0.1887,Fully Funded
SAV-13882,CUST-13882,77.94,2826.08,0.0855,Partially Funded
SAV-13883,CUST-13883,3931.77,119383.25,0.1994,Fully Funded
SAV-13884,CUST-13884,1440.22,100881.49,0.2549,Fully Funded
SAV-13885,CUST-13885,458.68,8893.29,0.1421,Partially Funded
SAV-13886,CUST-13886,630.38,42375.34,0.1417,Fully Funded
SAV-13887,CUST-13887,1214.41,94991.96,0.1465,Fully Funded
SAV-13888,CUST-13888,376.31,41463.75,0.1573,Fully Funded
SAV-13889,CUST-13889,462.47,38729.07,0.1019,Fully Funded
SAV-13890,CUST-13890,1154.37,29555.43,0.122,Partially Funded
SAV-13891,CUST-13891,747.32,40958.78,0.1713,Fully Funded
SAV-13892,CUST-13892,371.95,26178.92,0.1762,Fully Funded
SAV-13893,CUST-13893,657.82,51809.96,0.1307,Fully Funded
SAV-13894,CUST-13894,590.02,36355.58,0.1862,Fully Funded
SAV-13895,CUST-13895,427.48,31634.33,0.0913,Fully Funded
SAV-13896,CUST-13896,477.74,30395.05,0.1258,Fully Funded
SAV-13897,CUST-13897,985.19,11918.14,0.1727,Low
SAV-13898,CUST-13898,171.7,11334.81,0.1233,Fully Funded
SAV-13899,CUST-13899,811.89,20506.75,0.1772,Partially Funded
SAV-13900,CUST-13900,719.06,54778.22,0.1506,Fully Funded
SAV-13901,CUST-13901,382.88,26467.88,0.1183,Fully Funded
SAV-13902,CUST-13902,383.31,25697.3,0.1024,Fully Funded
SAV-13903,CUST-13903,1284.25,38765.67,0.0995,Partially Funded
SAV-13904,CUST-13904,457.86,5427.44,0.1916,Partially Funded
SAV-13905,CUST-13905,700.71,32976.3,0.1451,Fully Funded
SAV-13906,CUST-13906,1645.55,73508.94,0.1871,Fully Funded
SAV-13907,CUST-13907,506.89,29757.93,0.071,Partially Funded
SAV-13908,CUST-13908,443.77,34612.17,0.0999,Fully Funded
SAV-13909,CUST-13909,588.65,32273.18,0.155,Fully Funded
SAV-13910,CUST-13910,326.0,14162.5,0.0831,Partially Funded
SAV-13911,CUST-13911,1679.88,118114.68,0.1984,Fully Funded
SAV-13912,CUST-13912,4496.56,166173.13,0.2484,Fully Funded
SAV-13913,CUST-13913,525.2,13913.14,0.1716,Fully Funded
SAV-13914,CUST-13914,897.61,103530.18,0.1092,Fully Funded
SAV-13915,CUST-13915,1063.77,61131.13,0.257,Fully Funded
SAV-13916,CUST-13916,309.31,6141.92,0.0609,Low
SAV-13917,CUST-13917,666.51,44251.48,0.1371,Fully Funded
SAV-13918,CUST-13918,1024.1,65709.67,0.1535,Fully Funded
SAV-13919,CUST-13919,573.48,52972.38,0.107,Fully Funded
SAV-13920,CUST-13920,1289.01,23195.99,0.1782,Partially Funded
SAV-13921,CUST-13921,371.79,17179.9,0.144,Fully Funded
SAV-13922,CUST-13922,868.62,38822.86,0.1751,Fully Funded
SAV-13923,CUST-13923,1067.87,26699.57,0.0974,Partially Funded
SAV-13924,CUST-13924,694.42,39514.13,0.0968,Fully Funded
SAV-13925,CUST-13925,1036.61,64980.67,0.2085,Fully Funded
SAV-13926,CUST-13926,2726.27,46908.44,0.2007,Partially Funded
SAV-13927,CUST-13927,1703.66,66456.77,0.1803,Fully Funded
SAV-13928,CUST-13928,1622.14,146348.9,0.2411,Fully Funded
SAV-13929,CUST-13929,920.58,58072.36,0.1339,Fully Funded
SAV-13930,CUST-13930,1987.74,108922.13,0.1993,Fully Funded
SAV-13931,CUST-13931,996.7,84314.39,0.1249,Fully Funded
SAV-13932,CUST-13932,735.56,34712.8,0.0596,Partially Funded
SAV-13933,CUST-13933,846.59,56709.28,0.2123,Fully Funded
SAV-13934,CUST-13934,1720.06,126214.29,0.217,Fully Funded
SAV-13935,CUST-13935,1626.75,58577.12,0.2124,Fully Funded
SAV-13936,CUST-13936,837.32,76408.38,0.1712,Fully Funded
SAV-13937,CUST-13937,569.79,22666.42,0.1457,Fully Funded
SAV-13938,CUST-13938,801.91,71249.31,0.1096,Fully Funded
SAV-13939,CUST-13939,1197.02,14789.9,0.1366,Low
SAV-13940,CUST-13940,734.82,10546.62,0.1651,Low
SAV-13941,CUST-13941,1148.51,65182.3,0.1464,Fully Funded
SAV-13942,CUST-13942,368.56,13508.54,0.1274,Partially Funded
SAV-13943,CUST-13943,1573.66,54458.9,0.1409,Partially Funded
SAV-13944,CUST-13944,612.09,18292.44,0.1189,Partially Funded
SAV-13945,CUST-13945,638.39,31699.11,0.1378,Fully Funded
SAV-13946,CUST-13946,395.08,14139.94,0.094,Partially Funded
SAV-13947,CUST-13947,975.32,15805.49,0.1531,Partially Funded
SAV-13948,CUST-13948,1850.67,103191.81,0.1671,Fully Funded
SAV-13949,CUST-13949,2139.96,128387.23,0.1898,Fully Funded
SAV-13950,CUST-13950,738.56,62599.08,0.1229,Fully Funded
SAV-13951,CUST-13951,355.37,8876.82,0.0802,Low
SAV-13952,CUST-13952,1449.78,96172.47,0.1209,Fully Funded
SAV-13953,CUST-13953,1212.6,69330.82,0.1937,Fully Funded
SAV-13954,CUST-13954,1689.0,45907.73,0.2232,Fully Funded
SAV-13955,CUST-13955,557.33,11153.86,0.0785,Low
SAV-13956,CUST-13956,1996.04,52520.07,0.1632,Partially Funded
SAV-13957,CUST-13957,534.64,22063.74,0.2001,Fully Funded
SAV-13958,CUST-13958,602.1,13035.57,0.2344,Fully Funded
SAV-13959,CUST-13959,1465.64,96294.66,0.1134,Fully Funded
SAV-13960,CUST-13960,1292.67,42243.59,0.1146,Partially Funded
SAV-13961,CUST-13961,1014.31,30029.58,0.246,Fully Funded
SAV-13962,CUST-13962,1113.34,60430.45,0.1487,Fully Funded
SAV-13963,CUST-13963,475.68,21678.56,0.0984,Partially Funded
SAV-13964,CUST-13964,2297.54,23002.39,0.1753,Low
SAV-13965,CUST-13965,180.29,9542.03,0.1542,Fully Funded
SAV-13966,CUST-13966,597.26,26706.02,0.1842,Fully Funded
SAV-13967,CUST-13967,915.86,17643.91,0.2372,Fully Funded
SAV-13968,CUST-13968,357.82,19833.53,0.079,Partially Funded
SAV-13969,CUST-13969,866.42,51170.13,0.1656,Fully Funded
SAV-13970,CUST-13970,156.92,11070.18,0.1499,Fully Funded
SAV-13971,CUST-13971,2022.68,197567.59,0.2736,Fully Funded
SAV-13972,CUST-13972,325.29,23200.85,0.1064,Fully Funded
SAV-13973,CUST-13973,852.74,33965.23,0.0883,Partially Funded
SAV-13974,CUST-13974,388.43,31395.93,0.0556,Partially Funded
SAV-13975,CUST-13975,378.44,4849.78,0.1058,Low
SAV-13976,CUST-13976,274.3,25405.11,0.1967,Fully Funded
SAV-13977,CUST-13977,1124.84,83078.45,0.1313,Fully Funded
SAV-13978,CUST-13978,632.28,7952.49,0.173,Partially Funded
SAV-13979,CUST-13979,1520.08,49876.73,0.2544,Fully Funded
SAV-13980,CUST-13980,806.63,32437.4,0.1284,Fully Funded
SAV-13981,CUST-13981,2190.2,148387.94,0.2283,Fully Funded
SAV-13982,CUST-13982,1453.34,80054.36,0.1547,Fully Funded
SAV-13983,CUST-13983,1137.04,26734.37,0.1812,Fully Funded
SAV-13984,CUST-13984,163.51,16500.39,0.1074,Fully Funded
SAV-13985,CUST-13985,2113.87,62343.32,0.2074,Fully Funded
SAV-13986,CUST-13986,6056.48,393366.93,0.2884,Fully Funded
SAV-13987,CUST-13987,618.84,19610.6,0.0987,Partially Funded
SAV-13988,CUST-13988,671.1,9471.25,0.1013,Low
SAV-13989,CUST-13989,2104.5,60319.67,0.2212,Fully Funded
SAV-13990,CUST-13990,428.25,8874.48,0.1239,Partially Funded
SAV-13991,CUST-13991,1288.71,106981.91,0.1844,Fully Funded
SAV-13992,CUST-13992,605.51,24926.68,0.1671,Fully Funded
SAV-13993,CUST-13993,896.49,67687.11,0.1273,Fully Funded
SAV-13994,CUST-13994,461.28,19639.63,0.1139,Partially Funded
SAV-13995,CUST-13995,829.61,40342.01,0.1077,Fully Funded
SAV-13996,CUST-13996,1199.01,139989.29,0.2572,Fully Funded
SAV-13997,CUST-13997,818.93,19155.43,0.2657,Fully Funded
SAV-13998,CUST-13998,703.96,31514.75,0.1199,Fully Funded
SAV-13999,CUST-13999,1268.83,82353.18,0.2128,Fully Funded
SAV-14000,CUST-14000,207.33,11830.55,0.055,Partially Funded
SAV-14001,CUST-14001,1171.69,33941.17,0.1304,Partially Funded
SAV-14002,CUST-14002,974.36,85149.56,0.2683,Fully Funded
SAV-14003,CUST-14003,1187.64,21678.75,0.1683,Partially Funded
SAV-14004,CUST-14004,989.9,79118.55,0.1995,Fully Funded
SAV-14005,CUST-14005,463.05,30169.84,0.0786,Partially Funded
SAV-14006,CUST-14006,370.28,16314.87,0.1146,Fully Funded
SAV-14007,CUST-14007,775.37,40826.2,0.1577,Fully Funded
SAV-14008,CUST-14008,1592.33,65776.97,0.2117,Fully Funded
SAV-14009,CUST-14009,981.96,82089.83,0.1712,Fully Funded
SAV-14010,CUST-14010,661.68,64250.38,0.138,Fully Funded
SAV-14011,CUST-14011,930.5,49402.96,0.1081,Fully Funded
SAV-14012,CUST-14012,1276.28,37668.07,0.1938,Fully Funded
SAV-14013,CUST-14013,729.8,34309.15,0.1114,Fully Funded
SAV-14014,CUST-14014,1374.21,88478.46,0.2036,Fully Funded
SAV-14015,CUST-14015,1501.45,107230.11,0.1624,Fully Funded
SAV-14016,CUST-14016,373.15,7176.17,0.1568,Partially Funded
SAV-14017,CUST-14017,1179.77,31907.53,0.1897,Fully Funded
SAV-14018,CUST-14018,1090.96,20226.4,0.1732,Partially Funded
SAV-14019,CUST-14019,718.43,54469.02,0.1535,Fully Funded
SAV-14020,CUST-14020,1412.62,91909.37,0.1661,Fully Funded
SAV-14021,CUST-14021,509.99,8358.79,0.083,Low
SAV-14022,CUST-14022,1217.86,66033.11,0.2142,Fully Funded
SAV-14023,CUST-14023,667.39,58844.48,0.1371,Fully Funded
SAV-14024,CUST-14024,1257.57,86543.95,0.1537,Fully Funded
SAV-14025,CUST-14025,918.57,38247.82,0.1457,Fully Funded
SAV-14026,CUST-14026,388.23,10576.35,0.1247,Partially Funded
SAV-14027,CUST-14027,2295.79,165945.12,0.1389,Fully Funded
SAV-14028,CUST-14028,655.6,48596.62,0.1446,Fully Funded
SAV-14029,CUST-14029,1141.52,111917.83,0.1553,Fully Funded
SAV-14030,CUST-14030,2257.3,182275.81,0.2208,Fully Funded
SAV-14031,CUST-14031,827.45,51206.75,0.1317,Fully Funded
SAV-14032,CUST-14032,396.65,4814.64,0.1226,Low
SAV-14033,CUST-14033,1082.87,32394.15,0.2295,Fully Funded
SAV-14034,CUST-14034,1281.73,25046.15,0.2091,Partially Funded
SAV-14035,CUST-14035,875.29,88139.97,0.1862,Fully Funded
SAV-14036,CUST-14036,1260.78,82190.82,0.155,Fully Funded
SAV-14037,CUST-14037,628.42,57221.39,0.1199,Fully Funded
SAV-14038,CUST-14038,230.42,18041.52,0.1702,Fully Funded
SAV-14039,CUST-14039,1514.59,67245.9,0.172,Fully Funded
SAV-14040,CUST-14040,271.14,9506.2,0.2072,Fully Funded
SAV-14041,CUST-14041,783.72,62601.94,0.1708,Fully Funded
SAV-14042,CUST-14042,1088.32,63155.84,0.1031,Fully Funded
SAV-14043,CUST-14043,272.17,27484.36,0.0939,Fully Funded
SAV-14044,CUST-14044,966.24,87278.99,0.1314,Fully Funded
SAV-14045,CUST-14045,909.83,69353.35,0.1193,Fully Funded
SAV-14046,CUST-14046,872.8,43955.52,0.1347,Fully Funded
SAV-14047,CUST-14047,252.14,16742.74,0.2099,Fully Funded
SAV-14048,CUST-14048,1394.94,37452.96,0.1331,Partially Funded
SAV-14049,CUST-14049,692.48,63889.84,0.1226,Fully Funded
SAV-14050,CUST-14050,484.93,22797.05,0.1659,Fully Funded
SAV-14051,CUST-14051,670.38,17177.16,0.1437,Partially Funded
SAV-14052,CUST-14052,1392.85,115395.48,0.1222,Fully Funded
SAV-14053,CUST-14053,830.7,35637.47,0.0952,Partially Funded
SAV-14054,CUST-14054,1505.03,165003.48,0.1802,Fully Funded
SAV-14055,CUST-14055,1464.54,70343.39,0.2066,Fully Funded
SAV-14056,CUST-14056,1134.48,96103.8,0.1942,Fully Funded
SAV-14057,CUST-14057,3295.95,209655.65,0.3061,Fully Funded
SAV-14058,CUST-14058,792.61,41097.33,0.1294,Fully Funded
SAV-14059,CUST-14059,967.75,21178.37,0.218,Fully Funded
SAV-14060,CUST-14060,872.76,83927.21,0.1554,Fully Funded
SAV-14061,CUST-14061,988.08,58249.56,0.207,Fully Funded
SAV-14062,CUST-14062,427.86,24791.07,0.1293,Fully Funded
SAV-14063,CUST-14063,1368.41,24546.03,0.1354,Partially Funded
SAV-14064,CUST-14064,255.24,25779.48,0.0783,Fully Funded
SAV-14065,CUST-14065,2194.4,122509.72,0.2197,Fully Funded
SAV-14066,CUST-14066,921.28,54843.21,0.2267,Fully Funded
SAV-14067,CUST-14067,801.17,66349.27,0.0764,Fully Funded
SAV-14068,CUST-14068,629.57,23460.52,0.131,Fully Funded
SAV-14069,CUST-14069,1774.7,72907.11,0.2945,Fully Funded
SAV-14070,CUST-14070,528.69,43139.1,0.0726,Fully Funded
SAV-14071,CUST-14071,1079.29,90785.67,0.2157,Fully Funded
SAV-14072,CUST-14072,1388.01,89843.54,0.2263,Fully Funded
SAV-14073,CUST-14073,1578.6,117384.02,0.1934,Fully Funded
SAV-14074,CUST-14074,745.7,16487.73,0.0989,Low
SAV-14075,CUST-14075,299.27,27466.98,0.0847,Fully Funded
SAV-14076,CUST-14076,1353.24,25988.2,0.1008,Low
SAV-14077,CUST-14077,290.3,10183.37,0.1073,Partially Funded
SAV-14078,CUST-14078,1001.16,69708.54,0.1139,Fully Funded
SAV-14079,CUST-14079,849.14,10862.23,0.151,Low
SAV-14080,CUST-14080,867.85,53513.36,0.1576,Fully Funded
SAV-14081,CUST-14081,611.28,35400.49,0.1251,Fully Funded
SAV-14082,CUST-14082,610.48,8606.06,0.1544,Low
SAV-14083,CUST-14083,1148.7,20046.32,0.2071,Partially Funded
SAV-14084,CUST-14084,221.66,16629.55,0.1638,Fully Funded
SAV-14085,CUST-14085,606.25,11978.33,0.0903,Low
SAV-14086,CUST-14086,959.94,42374.62,0.1216,Fully Funded
SAV-14087,CUST-14087,2223.15,160377.14,0.2189,Fully Funded
SAV-14088,CUST-14088,841.45,40066.49,0.1234,Fully Funded
SAV-14089,CUST-14089,1839.25,152542.39,0.1944,Fully Funded
SAV-14090,CUST-14090,210.17,11082.37,0.2314,Fully Funded
SAV-14091,CUST-14091,1056.37,37904.08,0.1904,Fully Funded
SAV-14092,CUST-14092,369.77,28263.05,0.0973,Fully Funded
SAV-14093,CUST-14093,422.7,36343.08,0.0877,Fully Funded
SAV-14094,CUST-14094,695.37,50651.41,0.1229,Fully Funded
SAV-14095,CUST-14095,513.91,17962.38,0.0861,Partially Funded
SAV-14096,CUST-14096,483.4,19242.86,0.231,Fully Funded
SAV-14097,CUST-14097,1056.69,84012.58,0.1214,Fully Funded
SAV-14098,CUST-14098,627.67,50783.62,0.1381,Fully Funded
SAV-14099,CUST-14099,86.3,4110.94,0.1294,Fully Funded
SAV-14100,CUST-14100,223.46,7273.21,0.2348,Fully Funded
SAV-14101,CUST-14101,553.66,31571.25,0.1109,Fully Funded
SAV-14102,CUST-14102,540.75,55563.14,0.108,Fully Funded
SAV-14103,CUST-14103,76.76,6675.57,0.1065,Fully Funded
SAV-14104,CUST-14104,1267.9,30841.1,0.1578,Partially Funded
SAV-14105,CUST-14105,431.85,9390.37,0.1142,Low
SAV-14106,CUST-14106,1866.23,133683.69,0.2495,Fully Funded
SAV-14107,CUST-14107,3016.41,259734.31,0.2262,Fully Funded
SAV-14108,CUST-14108,1442.87,71698.76,0.149,Fully Funded
SAV-14109,CUST-14109,1236.53,102376.84,0.2136,Fully Funded
SAV-14110,CUST-14110,496.31,12395.17,0.1088,Partially Funded
SAV-14111,CUST-14111,1143.42,113207.26,0.1861,Fully Funded
SAV-14112,CUST-14112,851.25,35918.6,0.2452,Fully Funded
SAV-14113,CUST-14113,567.52,41315.52,0.0609,Partially Funded
SAV-14114,CUST-14114,1956.88,126978.29,0.1852,Fully Funded
SAV-14115,CUST-14115,1687.11,71044.18,0.2147,Fully Funded
SAV-14116,CUST-14116,581.25,6288.19,0.1283,Low
SAV-14117,CUST-14117,2373.84,122329.25,0.1913,Fully Funded
SAV-14118,CUST-14118,959.59,84963.92,0.1915,Fully Funded
SAV-14119,CUST-14119,2079.52,82453.55,0.2648,Fully Funded
SAV-14120,CUST-14120,1115.17,125485.73,0.2662,Fully Funded
SAV-14121,CUST-14121,1347.21,104302.14,0.1431,Fully Funded
SAV-14122,CUST-14122,2102.04,23352.89,0.1815,Low
SAV-14123,CUST-14123,1153.81,60472.12,0.2123,Fully Funded
SAV-14124,CUST-14124,1948.65,152554.44,0.1589,Fully Funded
SAV-14125,CUST-14125,1084.78,57836.44,0.2192,Fully Funded
SAV-14126,CUST-14126,868.54,70590.31,0.1242,Fully Funded
SAV-14127,CUST-14127,1015.95,54761.3,0.1477,Fully Funded
SAV-14128,CUST-14128,869.85,90156.85,0.1493,Fully Funded
SAV-14129,CUST-14129,1118.98,51262.38,0.239,Fully Funded
SAV-14130,CUST-14130,679.22,45969.46,0.0856,Fully Funded
SAV-14131,CUST-14131,323.8,17841.53,0.0849,Partially Funded
SAV-14132,CUST-14132,1321.57,28855.42,0.2649,Fully Funded
SAV-14133,CUST-14133,2278.89,72424.64,0.2286,Fully Funded
SAV-14134,CUST-14134,1177.21,109509.35,0.2823,Fully Funded
SAV-14135,CUST-14135,1578.24,32648.8,0.1721,Partially Funded
SAV-14136,CUST-14136,827.19,55597.27,0.1632,Fully Funded
SAV-14137,CUST-14137,1142.54,63321.26,0.1947,Fully Funded
SAV-14138,CUST-14138,1229.93,71450.32,0.131,Fully Funded
SAV-14139,CUST-14139,1612.76,28872.1,0.2564,Fully Funded
SAV-14140,CUST-14140,1063.25,16799.86,0.1683,Partially Funded
SAV-14141,CUST-14141,761.23,36074.57,0.1158,Fully Funded
SAV-14142,CUST-14142,624.84,16549.46,0.1544,Partially Funded
SAV-14143,CUST-14143,972.92,56616.72,0.21,Fully Funded
SAV-14144,CUST-14144,1204.16,43890.99,0.2386,Fully Funded
SAV-14145,CUST-14145,750.48,67758.86,0.1257,Fully Funded
SAV-14146,CUST-14146,1820.72,118636.17,0.1801,Fully Funded
SAV-14147,CUST-14147,934.18,11863.48,0.1912,Partially Funded
SAV-14148,CUST-14148,998.78,90351.96,0.2127,Fully Funded
SAV-14149,CUST-14149,702.64,28071.45,0.1475,Fully Funded
SAV-14150,CUST-14150,824.72,40745.22,0.143,Fully Funded
SAV-14151,CUST-14151,682.41,25731.2,0.0931,Partially Funded
SAV-14152,CUST-14152,987.22,59637.92,0.207,Fully Funded
SAV-14153,CUST-14153,971.91,61319.91,0.1997,Fully Funded
SAV-14154,CUST-14154,797.78,70028.02,0.1152,Fully Funded
SAV-14155,CUST-14155,1433.6,103431.06,0.1374,Fully Funded
SAV-14156,CUST-14156,1664.95,129129.53,0.1338,Fully Funded
SAV-14157,CUST-14157,714.14,31212.64,0.1449,Fully Funded
SAV-14158,CUST-14158,1048.57,125860.3,0.1371,Fully Funded
SAV-14159,CUST-14159,1650.61,119943.6,0.1213,Fully Funded
SAV-14160,CUST-14160,350.28,5426.81,0.1242,Low
SAV-14161,CUST-14161,1278.8,45118.05,0.1909,Fully Funded
SAV-14162,CUST-14162,596.71,26766.97,0.2202,Fully Funded
SAV-14163,CUST-14163,1252.06,118866.89,0.1786,Fully Funded
SAV-14164,CUST-14164,687.44,52406.94,0.1163,Fully Funded
SAV-14165,CUST-14165,432.09,8260.06,0.1533,Partially Funded
SAV-14166,CUST-14166,921.13,59254.17,0.1375,Fully Funded
SAV-14167,CUST-14167,372.79,6471.52,0.0701,Low
SAV-14168,CUST-14168,131.61,1743.41,0.1643,Low
SAV-14169,CUST-14169,916.85,68881.22,0.0855,Fully Funded
SAV-14170,CUST-14170,1014.99,67227.16,0.21,Fully Funded
SAV-14171,CUST-14171,1136.11,37158.02,0.1543,Fully Funded
SAV-14172,CUST-14172,1958.05,91412.44,0.123,Fully Funded
SAV-14173,CUST-14173,1900.92,32106.64,0.1991,Partially Funded
SAV-14174,CUST-14174,2006.96,121805.87,0.1747,Fully Funded
SAV-14175,CUST-14175,155.47,8752.87,0.097,Fully Funded
SAV-14176,CUST-14176,491.79,15874.07,0.0711,Low
SAV-14177,CUST-14177,1106.02,65113.38,0.1133,Fully Funded
SAV-14178,CUST-14178,973.26,49803.65,0.2044,Fully Funded
SAV-14179,CUST-14179,2058.9,144042.07,0.1883,Fully Funded
SAV-14180,CUST-14180,149.5,9161.66,0.1109,Fully Funded
SAV-14181,CUST-14181,380.47,23953.5,0.0622,Partially Funded
SAV-14182,CUST-14182,1034.32,96825.83,0.1582,Fully Funded
SAV-14183,CUST-14183,881.06,35366.7,0.1084,Partially Funded
SAV-14184,CUST-14184,663.11,8638.73,0.0827,Low
SAV-14185,CUST-14185,1281.48,70435.68,0.2051,Fully Funded
SAV-14186,CUST-14186,246.62,16539.12,0.0493,Partially Funded
SAV-14187,CUST-14187,177.74,4609.8,0.168,Fully Funded
SAV-14188,CUST-14188,362.07,23163.78,0.0656,Partially Funded
SAV-14189,CUST-14189,426.62,30069.1,0.1974,Fully Funded
SAV-14190,CUST-14190,1284.75,105964.95,0.117,Fully Funded
SAV-14191,CUST-14191,1209.76,85875.38,0.2356,Fully Funded
SAV-14192,CUST-14192,835.27,92344.82,0.1334,Fully Funded
SAV-14193,CUST-14193,854.2,75152.33,0.0692,Fully Funded
SAV-14194,CUST-14194,1223.73,114678.67,0.1374,Fully Funded
SAV-14195,CUST-14195,730.2,33388.44,0.1674,Fully Funded
SAV-14196,CUST-14196,778.98,89723.71,0.1227,Fully Funded
SAV-14197,CUST-14197,217.04,4050.39,0.0635,Low
SAV-14198,CUST-14198,543.71,25031.28,0.1137,Fully Funded
SAV-14199,CUST-14199,1630.92,18199.36,0.2802,Partially Funded
SAV-14200,CUST-14200,1122.72,30396.4,0.1917,Fully Funded
SAV-14201,CUST-14201,1416.09,94772.52,0.1647,Fully Funded
SAV-14202,CUST-14202,1414.99,31689.71,0.1623,Partially Funded
SAV-14203,CUST-14203,675.07,9580.76,0.1448,Low
SAV-14204,CUST-14204,940.5,67872.25,0.1509,Fully Funded
SAV-14205,CUST-14205,721.33,10817.63,0.1502,Partially Funded
SAV-14206,CUST-14206,944.13,72795.0,0.1455,Fully Funded
SAV-14207,CUST-14207,744.22,26531.24,0.1175,Partially Funded
SAV-14208,CUST-14208,460.47,16291.3,0.1192,Partially Funded
SAV-14209,CUST-14209,1000.18,108385.49,0.2197,Fully Funded
SAV-14210,CUST-14210,647.43,65937.87,0.2019,Fully Funded
SAV-14211,CUST-14211,886.81,96967.45,0.1104,Fully Funded
SAV-14212,CUST-14212,2478.72,106364.16,0.1402,Fully Funded
SAV-14213,CUST-14213,345.46,17054.42,0.1761,Fully Funded
SAV-14214,CUST-14214,1606.89,40945.47,0.1847,Fully Funded
SAV-14215,CUST-14215,719.37,44863.19,0.1377,Fully Funded
SAV-14216,CUST-14216,882.79,8727.27,0.1252,Low
SAV-14217,CUST-14217,799.9,28307.51,0.1964,Fully Funded
SAV-14218,CUST-14218,728.22,21333.28,0.0864,Partially Funded
SAV-14219,CUST-14219,1840.96,134023.38,0.2162,Fully Funded
SAV-14220,CUST-14220,1471.52,32911.9,0.261,Fully Funded
SAV-14221,CUST-14221,782.84,62173.57,0.1309,Fully Funded
SAV-14222,CUST-14222,1117.83,34336.7,0.1681,Fully Funded
SAV-14223,CUST-14223,962.91,60939.4,0.1545,Fully Funded
SAV-14224,CUST-14224,2061.03,116456.1,0.2071,Fully Funded
SAV-14225,CUST-14225,972.03,96746.04,0.2411,Fully Funded
SAV-14226,CUST-14226,1740.59,35985.03,0.1824,Partially Funded
SAV-14227,CUST-14227,777.75,25268.3,0.2409,Fully Funded
SAV-14228,CUST-14228,237.63,4830.06,0.1856,Partially Funded
SAV-14229,CUST-14229,781.13,20623.46,0.1678,Fully Funded
SAV-14230,CUST-14230,187.21,18606.79,0.1729,Fully Funded
SAV-14231,CUST-14231,1378.39,29346.51,0.1983,Partially Funded
SAV-14232,CUST-14232,2345.59,197811.57,0.2385,Fully Funded
SAV-14233,CUST-14233,485.94,15599.66,0.0627,Low
SAV-14234,CUST-14234,698.14,50249.8,0.107,Fully Funded
SAV-14235,CUST-14235,642.5,31316.39,0.1577,Fully Funded
SAV-14236,CUST-14236,315.31,30373.65,0.1461,Fully Funded
SAV-14237,CUST-14237,97.02,3467.83,0.1148,Partially Funded
SAV-14238,CUST-14238,1050.72,68713.42,0.1441,Fully Funded
SAV-14239,CUST-14239,658.16,30536.52,0.1419,Fully Funded
SAV-14240,CUST-14240,2537.62,199078.79,0.2821,Fully Funded
SAV-14241,CUST-14241,1536.16,146126.24,0.2168,Fully Funded
SAV-14242,CUST-14242,1049.4,40311.62,0.163,Fully Funded
SAV-14243,CUST-14243,563.34,8883.45,0.1327,Low
SAV-14244,CUST-14244,673.95,60499.55,0.1847,Fully Funded
SAV-14245,CUST-14245,816.02,10336.52,0.1835,Partially Funded
SAV-14246,CUST-14246,989.7,62900.0,0.1465,Fully Funded
SAV-14247,CUST-14247,463.97,54884.12,0.0922,Fully Funded
SAV-14248,CUST-14248,665.45,30395.83,0.1205,Fully Funded
SAV-14249,CUST-14249,1440.17,39529.2,0.1847,Fully Funded
SAV-14250,CUST-14250,2657.36,128484.18,0.2004,Fully Funded
SAV-14251,CUST-14251,1910.96,38134.25,0.2375,Fully Funded
SAV-14252,CUST-14252,1157.31,56942.61,0.1403,Fully Funded
SAV-14253,CUST-14253,1655.7,44384.66,0.2071,Fully Funded
SAV-14254,CUST-14254,1458.6,80099.61,0.2077,Fully Funded
SAV-14255,CUST-14255,567.82,18065.43,0.1382,Partially Funded
SAV-14256,CUST-14256,867.03,21343.31,0.1224,Partially Funded
SAV-14257,CUST-14257,130.73,14138.13,0.1231,Fully Funded
SAV-14258,CUST-14258,524.95,11313.76,0.2001,Partially Funded
SAV-14259,CUST-14259,1007.49,32825.48,0.1784,Fully Funded
SAV-14260,CUST-14260,1532.48,66973.92,0.21,Fully Funded
SAV-14261,CUST-14261,551.89,25637.24,0.1755,Fully Funded
SAV-14262,CUST-14262,730.41,55471.31,0.2242,Fully Funded
SAV-14263,CUST-14263,315.59,12476.77,0.067,Partially Funded
SAV-14264,CUST-14264,366.64,8598.02,0.0817,Low
SAV-14265,CUST-14265,2242.92,67692.71,0.2742,Fully Funded
SAV-14266,CUST-14266,600.88,21981.98,0.1274,Partially Funded
SAV-14267,CUST-14267,1253.0,26509.81,0.118,Low
SAV-14268,CUST-14268,2365.93,85038.67,0.1801,Fully Funded
SAV-14269,CUST-14269,621.71,39747.71,0.0907,Fully Funded
SAV-14270,CUST-14270,2091.29,61406.53,0.1986,Fully Funded
SAV-14271,CUST-14271,2359.37,152180.18,0.2853,Fully Funded
SAV-14272,CUST-14272,602.97,57376.05,0.1032,Fully Funded
SAV-14273,CUST-14273,1118.0,23163.45,0.1584,Partially Funded
SAV-14274,CUST-14274,1055.84,88003.91,0.1818,Fully Funded
SAV-14275,CUST-14275,1239.29,99175.43,0.1659,Fully Funded
SAV-14276,CUST-14276,1445.37,49982.77,0.143,Fully Funded
SAV-14277,CUST-14277,1765.56,22012.91,0.1767,Partially Funded
SAV-14278,CUST-14278,1012.28,30550.39,0.2435,Fully Funded
SAV-14279,CUST-14279,765.06,54721.76,0.1287,Fully Funded
SAV-14280,CUST-14280,1461.92,50579.47,0.1876,Fully Funded
SAV-14281,CUST-14281,1829.86,114573.16,0.2042,Fully Funded
SAV-14282,CUST-14282,727.19,26435.81,0.1035,Partially Funded
SAV-14283,CUST-14283,1315.79,132371.88,0.1767,Fully Funded
SAV-14284,CUST-14284,1807.82,30662.31,0.1551,Partially Funded
SAV-14285,CUST-14285,621.03,19282.31,0.1783,Fully Funded
SAV-14286,CUST-14286,803.42,50937.32,0.1399,Fully Funded
SAV-14287,CUST-14287,1660.11,120954.67,0.3583,Fully Funded
SAV-14288,CUST-14288,1842.25,120182.11,0.2108,Fully Funded
SAV-14289,CUST-14289,1486.14,32007.29,0.139,Partially Funded
SAV-14290,CUST-14290,739.9,54908.92,0.1332,Fully Funded
SAV-14291,CUST-14291,1854.9,60040.78,0.214,Fully Funded
SAV-14292,CUST-14292,828.21,13999.53,0.121,Low
SAV-14293,CUST-14293,771.73,36099.97,0.1295,Fully Funded
SAV-14294,CUST-14294,1670.96,43255.03,0.2204,Fully Funded
SAV-14295,CUST-14295,871.2,52118.61,0.1584,Fully Funded
SAV-14296,CUST-14296,438.6,17605.94,0.142,Fully Funded
SAV-14297,CUST-14297,838.9,33915.11,0.1355,Fully Funded
SAV-14298,CUST-14298,639.39,8387.3,0.1015,Low
SAV-14299,CUST-14299,713.27,56235.72,0.0856,Fully Funded
SAV-14300,CUST-14300,871.52,38734.81,0.1563,Fully Funded
SAV-14301,CUST-14301,640.75,7666.87,0.1615,Low
SAV-14302,CUST-14302,703.93,39835.51,0.172,Fully Funded
SAV-14303,CUST-14303,941.67,34370.39,0.1962,Fully Funded
SAV-14304,CUST-14304,1619.6,99922.62,0.2033,Fully Funded
SAV-14305,CUST-14305,1419.44,36642.46,0.3076,Fully Funded
SAV-14306,CUST-14306,171.24,13226.68,0.1219,Fully Funded
SAV-14307,CUST-14307,1918.74,103910.64,0.2221,Fully Funded
SAV-14308,CUST-14308,528.36,50361.32,0.1,Fully Funded
SAV-14309,CUST-14309,1154.28,24451.71,0.2746,Fully Funded
SAV-14310,CUST-14310,622.17,50972.14,0.0884,Fully Funded
SAV-14311,CUST-14311,801.11,76305.47,0.1444,Fully Funded
SAV-14312,CUST-14312,512.84,8939.75,0.0749,Low
SAV-14313,CUST-14313,1122.77,25865.65,0.1013,Low
SAV-14314,CUST-14314,662.08,12396.08,0.1228,Low
SAV-14315,CUST-14315,882.41,31447.25,0.1382,Fully Funded
SAV-14316,CUST-14316,1001.37,68594.41,0.1956,Fully Funded
SAV-14317,CUST-14317,835.61,34431.55,0.1245,Fully Funded
SAV-14318,CUST-14318,819.24,39664.1,0.1601,Fully Funded
SAV-14319,CUST-14319,1259.68,113830.63,0.1112,Fully Funded
SAV-14320,CUST-14320,1640.35,66686.05,0.2149,Fully Funded
SAV-14321,CUST-14321,136.3,2547.56,0.103,Low
SAV-14322,CUST-14322,525.42,8494.88,0.1286,Low
SAV-14323,CUST-14323,122.17,5337.84,0.1396,Fully Funded
SAV-14324,CUST-14324,2074.49,230978.57,0.2049,Fully Funded
SAV-14325,CUST-14325,208.95,16842.36,0.1861,Fully Funded
SAV-14326,CUST-14326,1816.22,112186.27,0.1549,Fully Funded
SAV-14327,CUST-14327,212.77,7387.45,0.0602,Low
SAV-14328,CUST-14328,458.9,30203.12,0.172,Fully Funded
SAV-14329,CUST-14329,624.76,27451.57,0.1531,Fully Funded
SAV-14330,CUST-14330,912.83,29635.45,0.1493,Fully Funded
SAV-14331,CUST-14331,540.43,13263.26,0.0868,Low
SAV-14332,CUST-14332,502.61,46511.62,0.0799,Fully Funded
SAV-14333,CUST-14333,1334.82,69092.37,0.158,Fully Funded
SAV-14334,CUST-14334,527.64,15477.95,0.1738,Fully Funded
SAV-14335,CUST-14335,318.66,22264.43,0.0878,Fully Funded
SAV-14336,CUST-14336,1155.04,44827.54,0.1825,Fully Funded
SAV-14337,CUST-14337,1177.35,52465.75,0.2079,Fully Funded
SAV-14338,CUST-14338,624.52,37132.85,0.1316,Fully Funded
SAV-14339,CUST-14339,500.47,11332.85,0.187,Fully Funded
SAV-14340,CUST-14340,368.1,23571.09,0.0589,Partially Funded
SAV-14341,CUST-14341,1081.75,81230.82,0.2383,Fully Funded
SAV-14342,CUST-14342,1804.67,74601.1,0.1696,Fully Funded
SAV-14343,CUST-14343,1727.72,37956.27,0.2153,Fully Funded
SAV-14344,CUST-14344,1102.31,47616.53,0.1737,Fully Funded
SAV-14345,CUST-14345,741.43,13855.35,0.1235,Low
SAV-14346,CUST-14346,817.72,14541.72,0.2193,Fully Funded
SAV-14347,CUST-14347,852.66,55651.18,0.1322,Fully Funded
SAV-14348,CUST-14348,316.69,35384.92,0.1462,Fully Funded
SAV-14349,CUST-14349,98.16,5112.0,0.0643,Partially Funded
SAV-14350,CUST-14350,392.75,17793.84,0.1149,Fully Funded
SAV-14351,CUST-14351,1713.39,68842.25,0.2603,Fully Funded
SAV-14352,CUST-14352,463.28,31297.04,0.121,Fully Funded
SAV-14353,CUST-14353,1293.87,49698.52,0.1313,Fully Funded
SAV-14354,CUST-14354,1279.51,130149.93,0.1619,Fully Funded
SAV-14355,CUST-14355,733.86,38085.55,0.1714,Fully Funded
SAV-14356,CUST-14356,152.09,9912.71,0.0907,Fully Funded
SAV-14357,CUST-14357,608.83,42500.38,0.2051,Fully Funded
SAV-14358,CUST-14358,118.13,6952.22,0.0752,Partially Funded
SAV-14359,CUST-14359,670.65,24852.67,0.1341,Fully Funded
SAV-14360,CUST-14360,392.71,17691.53,0.0993,Partially Funded
SAV-14361,CUST-14361,1493.29,110961.88,0.1137,Fully Funded
SAV-14362,CUST-14362,821.84,37803.82,0.1728,Fully Funded
SAV-14363,CUST-14363,434.0,24686.92,0.0883,Fully Funded
SAV-14364,CUST-14364,964.91,51686.48,0.1382,Fully Funded
SAV-14365,CUST-14365,1824.97,143710.14,0.2407,Fully Funded
SAV-14366,CUST-14366,1810.09,108775.79,0.195,Fully Funded
SAV-14367,CUST-14367,352.87,8682.48,0.0858,Low
SAV-14368,CUST-14368,373.97,14471.82,0.0917,Partially Funded
SAV-14369,CUST-14369,1339.87,70968.98,0.0746,Partially Funded
SAV-14370,CUST-14370,836.57,62763.18,0.165,Fully Funded
SAV-14371,CUST-14371,1902.23,145064.05,0.2356,Fully Funded
SAV-14372,CUST-14372,855.95,27855.89,0.2007,Fully Funded
SAV-14373,CUST-14373,1115.19,15794.26,0.2201,Partially Funded
SAV-14374,CUST-14374,987.61,44416.96,0.1473,Fully Funded
SAV-14375,CUST-14375,794.07,36464.13,0.1342,Fully Funded
SAV-14376,CUST-14376,592.39,38323.32,0.1893,Fully Funded
SAV-14377,CUST-14377,972.9,47668.88,0.1023,Fully Funded
SAV-14378,CUST-14378,347.06,26948.71,0.2151,Fully Funded
SAV-14379,CUST-14379,957.76,65121.66,0.0926,Fully Funded
SAV-14380,CUST-14380,2210.13,38689.7,0.1662,Partially Funded
SAV-14381,CUST-14381,1135.37,46419.52,0.1217,Fully Funded
SAV-14382,CUST-14382,951.44,84102.2,0.2179,Fully Funded
SAV-14383,CUST-14383,849.69,19307.66,0.1031,Low
SAV-14384,CUST-14384,1175.22,24302.1,0.1156,Low
SAV-14385,CUST-14385,612.12,39718.45,0.1888,Fully Funded
SAV-14386,CUST-14386,1032.41,20268.07,0.2225,Fully Funded
SAV-14387,CUST-14387,1398.08,156668.11,0.2035,Fully Funded
SAV-14388,CUST-14388,1944.39,169470.33,0.176,Fully Funded
SAV-14389,CUST-14389,405.89,7096.37,0.1098,Low
SAV-14390,CUST-14390,793.85,28855.61,0.1637,Fully Funded
SAV-14391,CUST-14391,1490.89,26299.27,0.1667,Partially Funded
SAV-14392,CUST-14392,1003.73,116328.71,0.1184,Fully Funded
SAV-14393,CUST-14393,279.65,19790.45,0.162,Fully Funded
SAV-14394,CUST-14394,2003.34,47657.12,0.194,Fully Funded
SAV-14395,CUST-14395,1801.37,159770.54,0.223,Fully Funded
SAV-14396,CUST-14396,904.38,47430.59,0.2736,Fully Funded
SAV-14397,CUST-14397,1036.91,15715.47,0.1602,Partially Funded
SAV-14398,CUST-14398,935.98,49786.12,0.089,Partially Funded
SAV-14399,CUST-14399,736.06,15639.78,0.1901,Partially Funded
SAV-14400,CUST-14400,1748.74,29611.99,0.1587,Partially Funded
SAV-14401,CUST-14401,513.18,18632.17,0.1479,Fully Funded
SAV-14402,CUST-14402,140.4,3637.22,0.1723,Fully Funded
SAV-14403,CUST-14403,752.1,35212.4,0.2111,Fully Funded
SAV-14404,CUST-14404,801.14,44716.85,0.1351,Fully Funded
SAV-14405,CUST-14405,114.42,7684.74,0.1258,Fully Funded
SAV-14406,CUST-14406,367.71,21628.19,0.1656,Fully Funded
SAV-14407,CUST-14407,629.55,10180.48,0.1092,Low
SAV-14408,CUST-14408,244.68,20993.4,0.1221,Fully Funded
SAV-14409,CUST-14409,309.89,26984.11,0.161,Fully Funded
SAV-14410,CUST-14410,547.36,64037.61,0.0939,Fully Funded
SAV-14411,CUST-14411,1119.74,91860.16,0.2081,Fully Funded
SAV-14412,CUST-14412,893.0,12756.63,0.213,Partially Funded
SAV-14413,CUST-14413,941.76,61115.13,0.1863,Fully Funded
SAV-14414,CUST-14414,512.14,13011.99,0.1209,Partially Funded
SAV-14415,CUST-14415,1065.49,22447.13,0.1564,Partially Funded
SAV-14416,CUST-14416,1049.47,68439.87,0.2459,Fully Funded
SAV-14417,CUST-14417,1595.22,37517.03,0.1415,Partially Funded
SAV-14418,CUST-14418,680.95,38754.02,0.1752,Fully Funded
SAV-14419,CUST-14419,578.14,19008.82,0.1297,Fully Funded
SAV-14420,CUST-14420,506.23,49375.36,0.1105,Fully Funded
SAV-14421,CUST-14421,544.24,19744.17,0.1039,Partially Funded
SAV-14422,CUST-14422,1212.89,75811.8,0.1937,Fully Funded
SAV-14423,CUST-14423,657.21,20619.13,0.1721,Fully Funded
SAV-14424,CUST-14424,1066.42,101480.21,0.1023,Fully Funded
SAV-14425,CUST-14425,894.94,16823.23,0.1816,Partially Funded
SAV-14426,CUST-14426,859.76,24491.55,0.1097,Partially Funded
SAV-14427,CUST-14427,584.45,44376.83,0.117,Fully Funded
SAV-14428,CUST-14428,1264.83,107166.17,0.2152,Fully Funded
SAV-14429,CUST-14429,241.72,19768.75,0.1047,Fully Funded
SAV-14430,CUST-14430,1223.12,81130.55,0.1014,Fully Funded
SAV-14431,CUST-14431,1145.62,55358.99,0.1842,Fully Funded
SAV-14432,CUST-14432,642.88,16125.06,0.1592,Partially Funded
SAV-14433,CUST-14433,1704.39,80038.82,0.1828,Fully Funded
SAV-14434,CUST-14434,1530.71,26681.53,0.1829,Partially Funded
SAV-14435,CUST-14435,713.37,27154.94,0.0847,Partially Funded
SAV-14436,CUST-14436,2047.94,59542.27,0.228,Fully Funded
SAV-14437,CUST-14437,1100.78,113207.13,0.2153,Fully Funded
SAV-14438,CUST-14438,461.92,10680.3,0.1018,Low
SAV-14439,CUST-14439,672.83,64878.76,0.197,Fully Funded
SAV-14440,CUST-14440,1557.91,70742.58,0.1049,Fully Funded
SAV-14441,CUST-14441,1008.39,67139.53,0.163,Fully Funded
SAV-14442,CUST-14442,2433.94,189284.09,0.248,Fully Funded
SAV-14443,CUST-14443,1610.84,21349.81,0.1567,Low
SAV-14444,CUST-14444,1366.39,36658.28,0.173,Fully Funded
SAV-14445,CUST-14445,537.43,25670.85,0.1584,Fully Funded
SAV-14446,CUST-14446,995.62,63055.72,0.1616,Fully Funded
SAV-14447,CUST-14447,770.09,57504.79,0.1455,Fully Funded
SAV-14448,CUST-14448,1781.71,29849.09,0.2124,Partially Funded
SAV-14449,CUST-14449,215.51,7208.58,0.0734,Low
SAV-14450,CUST-14450,726.21,41223.4,0.1895,Fully Funded
SAV-14451,CUST-14451,857.58,75979.5,0.1847,Fully Funded
SAV-14452,CUST-14452,951.05,87960.78,0.1664,Fully Funded
SAV-14453,CUST-14453,1047.13,69034.49,0.148,Fully Funded
SAV-14454,CUST-14454,1449.3,87996.18,0.1282,Fully Funded
SAV-14455,CUST-14455,513.07,17363.04,0.2414,Fully Funded
SAV-14456,CUST-14456,796.63,17973.92,0.1748,Partially Funded
SAV-14457,CUST-14457,328.19,27061.86,0.0725,Fully Funded
SAV-14458,CUST-14458,1395.94,67955.52,0.209,Fully Funded
SAV-14459,CUST-14459,932.98,63163.98,0.1236,Fully Funded
SAV-14460,CUST-14460,1748.03,144241.92,0.2476,Fully Funded
SAV-14461,CUST-14461,837.65,23833.46,0.21,Fully Funded
SAV-14462,CUST-14462,498.03,15292.2,0.1384,Partially Funded
SAV-14463,CUST-14463,1588.4,112361.67,0.1734,Fully Funded
SAV-14464,CUST-14464,1444.16,45542.87,0.2425,Fully Funded
SAV-14465,CUST-14465,691.3,49374.76,0.1198,Fully Funded
SAV-14466,CUST-14466,769.64,36003.04,0.1239,Fully Funded
SAV-14467,CUST-14467,860.7,37316.01,0.1149,Fully Funded
SAV-14468,CUST-14468,562.42,38861.97,0.1495,Fully Funded
SAV-14469,CUST-14469,1295.63,86512.71,0.1676,Fully Funded
SAV-14470,CUST-14470,863.43,79306.0,0.1639,Fully Funded
SAV-14471,CUST-14471,601.61,28854.36,0.1768,Fully Funded
SAV-14472,CUST-14472,1056.51,49137.72,0.173,Fully Funded
SAV-14473,CUST-14473,181.07,5801.76,0.1368,Partially Funded
SAV-14474,CUST-14474,1393.35,58796.3,0.2186,Fully Funded
SAV-14475,CUST-14475,147.1,10280.38,0.1297,Fully Funded
SAV-14476,CUST-14476,255.61,13596.8,0.159,Fully Funded
SAV-14477,CUST-14477,929.86,82649.87,0.1344,Fully Funded
SAV-14478,CUST-14478,252.62,17288.78,0.1328,Fully Funded
SAV-14479,CUST-14479,935.62,30790.28,0.17,Fully Funded
SAV-14480,CUST-14480,1157.89,108799.76,0.1364,Fully Funded
SAV-14481,CUST-14481,550.03,10883.09,0.1339,Partially Funded
SAV-14482,CUST-14482,964.18,52843.84,0.1068,Fully Funded
SAV-14483,CUST-14483,1279.61,31751.35,0.1408,Partially Funded
SAV-14484,CUST-14484,723.38,12427.59,0.1273,Low
SAV-14485,CUST-14485,1338.31,84333.35,0.2406,Fully Funded
SAV-14486,CUST-14486,60.5,1170.01,0.0844,Low
SAV-14487,CUST-14487,260.88,3592.76,0.0927,Low
SAV-14488,CUST-14488,549.75,16642.29,0.1345,Partially Funded
SAV-14489,CUST-14489,558.44,29495.77,0.1337,Fully Funded
SAV-14490,CUST-14490,957.09,24033.75,0.1706,Partially Funded
SAV-14491,CUST-14491,2775.52,189156.12,0.2538,Fully Funded
SAV-14492,CUST-14492,681.74,58964.14,0.096,Fully Funded
SAV-14493,CUST-14493,655.15,53360.55,0.1307,Fully Funded
SAV-14494,CUST-14494,1943.39,126109.86,0.1694,Fully Funded
SAV-14495,CUST-14495,2018.02,82889.52,0.216,Fully Funded
SAV-14496,CUST-14496,1581.47,141280.6,0.132,Fully Funded
SAV-14497,CUST-14497,867.59,23975.82,0.1696,Fully Funded
SAV-14498,CUST-14498,248.75,17292.15,0.2068,Fully Funded
SAV-14499,CUST-14499,80.25,6208.24,0.0714,Fully Funded
SAV-14500,CUST-14500,1618.93,38631.23,0.2436,Fully Funded
SAV-14501,CUST-14501,1068.21,47784.28,0.1766,Fully Funded
SAV-14502,CUST-14502,1132.9,27678.74,0.1646,Partially Funded
SAV-14503,CUST-14503,723.67,40948.85,0.1428,Fully Funded
SAV-14504,CUST-14504,1392.25,56272.76,0.2372,Fully Funded
SAV-14505,CUST-14505,638.52,62692.51,0.151,Fully Funded
SAV-14506,CUST-14506,102.87,1903.4,0.1624,Partially Funded
SAV-14507,CUST-14507,1575.99,177456.89,0.2173,Fully Funded
SAV-14508,CUST-14508,1126.48,88915.9,0.1274,Fully Funded
SAV-14509,CUST-14509,645.0,35500.71,0.1159,Fully Funded
SAV-14510,CUST-14510,722.29,24576.02,0.0842,Partially Funded
SAV-14511,CUST-14511,1083.56,62052.67,0.118,Fully Funded
SAV-14512,CUST-14512,1212.37,126921.52,0.1183,Fully Funded
SAV-14513,CUST-14513,1645.17,108072.44,0.12,Fully Funded
SAV-14514,CUST-14514,468.98,31169.01,0.1289,Fully Funded
SAV-14515,CUST-14515,263.58,20368.52,0.1992,Fully Funded
SAV-14516,CUST-14516,356.17,11556.96,0.1274,Partially Funded
SAV-14517,CUST-14517,712.3,60892.23,0.1655,Fully Funded
SAV-14518,CUST-14518,695.0,43949.71,0.1161,Fully Funded
SAV-14519,CUST-14519,554.98,17742.46,0.1386,Partially Funded
SAV-14520,CUST-14520,478.88,22486.02,0.0676,Partially Funded
SAV-14521,CUST-14521,725.86,28262.03,0.1952,Fully Funded
SAV-14522,CUST-14522,361.28,31845.72,0.1903,Fully Funded
SAV-14523,CUST-14523,103.52,7553.77,0.0887,Fully Funded
SAV-14524,CUST-14524,466.88,16636.41,0.0854,Partially Funded
SAV-14525,CUST-14525,338.29,25815.47,0.1236,Fully Funded
SAV-14526,CUST-14526,550.37,32004.39,0.1634,Fully Funded
SAV-14527,CUST-14527,890.16,25258.5,0.151,Partially Funded
SAV-14528,CUST-14528,1011.43,14381.11,0.1334,Low
SAV-14529,CUST-14529,361.66,10539.94,0.1036,Partially Funded
SAV-14530,CUST-14530,1619.32,151450.65,0.2721,Fully Funded
SAV-14531,CUST-14531,419.41,16259.77,0.0854,Partially Funded
SAV-14532,CUST-14532,536.21,53550.02,0.1061,Fully Funded
SAV-14533,CUST-14533,1519.94,57893.78,0.2427,Fully Funded
SAV-14534,CUST-14534,656.13,45943.51,0.1765,Fully Funded
SAV-14535,CUST-14535,817.65,15464.03,0.1051,Low
SAV-14536,CUST-14536,864.86,63964.24,0.1592,Fully Funded
SAV-14537,CUST-14537,740.21,85064.18,0.235,Fully Funded
SAV-14538,CUST-14538,568.29,32620.15,0.0744,Partially Funded
SAV-14539,CUST-14539,701.21,12226.86,0.1342,Partially Funded
SAV-14540,CUST-14540,443.3,6346.29,0.1014,Low
SAV-14541,CUST-14541,713.34,29786.54,0.1892,Fully Funded
SAV-14542,CUST-14542,3030.43,209681.56,0.2728,Fully Funded
SAV-14543,CUST-14543,897.83,45288.44,0.0797,Partially Funded
SAV-14544,CUST-14544,502.11,45189.18,0.2649,Fully Funded
SAV-14545,CUST-14545,791.05,74159.3,0.2156,Fully Funded
SAV-14546,CUST-14546,543.12,34214.07,0.1317,Fully Funded
SAV-14547,CUST-14547,397.06,38372.82,0.0971,Fully Funded
SAV-14548,CUST-14548,661.57,38003.06,0.2132,Fully Funded
SAV-14549,CUST-14549,742.06,24117.65,0.1201,Partially Funded
SAV-14550,CUST-14550,336.04,29655.49,0.0519,Partially Funded
SAV-14551,CUST-14551,2052.09,131033.55,0.1686,Fully Funded
SAV-14552,CUST-14552,1578.28,72783.86,0.2458,Fully Funded
SAV-14553,CUST-14553,1373.34,59985.88,0.2322,Fully Funded
SAV-14554,CUST-14554,704.86,33091.17,0.1142,Fully Funded
SAV-14555,CUST-14555,618.43,20082.86,0.1719,Fully Funded
SAV-14556,CUST-14556,1034.88,38698.3,0.1003,Partially Funded
SAV-14557,CUST-14557,514.59,27155.54,0.1396,Fully Funded
SAV-14558,CUST-14558,1586.05,21672.06,0.1869,Partially Funded
SAV-14559,CUST-14559,1358.16,101210.88,0.1413,Fully Funded
SAV-14560,CUST-14560,914.1,64097.92,0.1827,Fully Funded
SAV-14561,CUST-14561,502.94,29533.36,0.125,Fully Funded
SAV-14562,CUST-14562,697.53,40054.56,0.1437,Fully Funded
SAV-14563,CUST-14563,926.24,27088.89,0.0939,Partially Funded
SAV-14564,CUST-14564,1187.89,46222.27,0.2217,Fully Funded
SAV-14565,CUST-14565,536.88,47233.18,0.1612,Fully Funded
SAV-14566,CUST-14566,1000.23,52662.91,0.1238,Fully Funded
SAV-14567,CUST-14567,1636.7,77855.51,0.1717,Fully Funded
SAV-14568,CUST-14568,992.9,17170.47,0.1113,Low
SAV-14569,CUST-14569,2004.36,105112.74,0.2127,Fully Funded
SAV-14570,CUST-14570,1169.08,74818.73,0.1647,Fully Funded
SAV-14571,CUST-14571,1067.3,15087.58,0.1509,Partially Funded
SAV-14572,CUST-14572,563.93,16227.93,0.1707,Fully Funded
SAV-14573,CUST-14573,2607.06,195678.19,0.2579,Fully Funded
SAV-14574,CUST-14574,903.99,70558.17,0.1278,Fully Funded
SAV-14575,CUST-14575,993.63,11502.7,0.2258,Partially Funded
SAV-14576,CUST-14576,513.96,39347.83,0.1287,Fully Funded
SAV-14577,CUST-14577,670.65,28004.96,0.1389,Fully Funded
SAV-14578,CUST-14578,976.74,79926.24,0.1008,Fully Funded
SAV-14579,CUST-14579,1734.92,146793.24,0.2261,Fully Funded
SAV-14580,CUST-14580,2766.99,81000.22,0.2712,Fully Funded
SAV-14581,CUST-14581,583.95,24415.14,0.1669,Fully Funded
SAV-14582,CUST-14582,644.15,63712.68,0.1317,Fully Funded
SAV-14583,CUST-14583,643.88,67399.75,0.1635,Fully Funded
SAV-14584,CUST-14584,842.52,13295.61,0.1923,Partially Funded
SAV-14585,CUST-14585,425.69,35166.35,0.173,Fully Funded
SAV-14586,CUST-14586,606.62,7356.0,0.1731,Low
SAV-14587,CUST-14587,341.67,8088.98,0.2641,Fully Funded
SAV-14588,CUST-14588,602.97,44967.75,0.1511,Fully Funded
SAV-14589,CUST-14589,717.77,31634.9,0.1572,Fully Funded
SAV-14590,CUST-14590,688.39,60928.23,0.1096,Fully Funded
SAV-14591,CUST-14591,462.16,34049.4,0.1362,Fully Funded
SAV-14592,CUST-14592,353.59,38900.53,0.1212,Fully Funded
SAV-14593,CUST-14593,961.58,19354.97,0.1511,Partially Funded
SAV-14594,CUST-14594,294.5,25341.08,0.2113,Fully Funded
SAV-14595,CUST-14595,621.35,15339.57,0.1676,Partially Funded
SAV-14596,CUST-14596,64.57,2980.98,0.1025,Partially Funded
SAV-14597,CUST-14597,626.97,49465.7,0.0715,Fully Funded
SAV-14598,CUST-14598,829.18,54690.77,0.1396,Fully Funded
SAV-14599,CUST-14599,906.61,26423.66,0.1981,Fully Funded
SAV-14600,CUST-14600,639.82,27848.3,0.1501,Fully Funded
SAV-14601,CUST-14601,1048.14,59063.99,0.1788,Fully Funded
SAV-14602,CUST-14602,285.44,9733.04,0.2115,Fully Funded
SAV-14603,CUST-14603,1084.56,82135.98,0.2162,Fully Funded
SAV-14604,CUST-14604,512.81,31738.8,0.1468,Fully Funded
SAV-14605,CUST-14605,631.95,25260.23,0.1631,Fully Funded
SAV-14606,CUST-14606,1866.11,73844.41,0.2709,Fully Funded
SAV-14607,CUST-14607,1090.63,59412.12,0.1512,Fully Funded
SAV-14608,CUST-14608,1011.33,20949.17,0.2282,Fully Funded
SAV-14609,CUST-14609,1652.73,149450.2,0.1438,Fully Funded
SAV-14610,CUST-14610,1008.54,65164.51,0.195,Fully Funded
SAV-14611,CUST-14611,504.23,32517.05,0.0958,Fully Funded
SAV-14612,CUST-14612,563.54,56380.59,0.2295,Fully Funded
SAV-14613,CUST-14613,644.92,40368.59,0.1417,Fully Funded
SAV-14614,CUST-14614,1301.69,51221.78,0.1642,Fully Funded
SAV-14615,CUST-14615,187.14,5659.81,0.1399,Partially Funded
SAV-14616,CUST-14616,756.44,66413.94,0.1367,Fully Funded
SAV-14617,CUST-14617,362.12,12488.59,0.0685,Low
SAV-14618,CUST-14618,836.08,51784.43,0.096,Fully Funded
SAV-14619,CUST-14619,637.75,60036.58,0.1347,Fully Funded
SAV-14620,CUST-14620,1538.9,118619.65,0.2269,Fully Funded
SAV-14621,CUST-14621,395.23,11031.69,0.1239,Partially Funded
SAV-14622,CUST-14622,1787.48,107280.26,0.2907,Fully Funded
SAV-14623,CUST-14623,858.87,60081.88,0.0953,Fully Funded
SAV-14624,CUST-14624,582.25,18034.72,0.1624,Fully Funded
SAV-14625,CUST-14625,1684.24,96752.86,0.1577,Fully Funded
SAV-14626,CUST-14626,1698.92,104487.4,0.1544,Fully Funded
SAV-14627,CUST-14627,1078.69,32947.65,0.1187,Partially Funded
SAV-14628,CUST-14628,667.18,8488.94,0.1793,Low
SAV-14629,CUST-14629,393.04,19115.23,0.1124,Fully Funded
SAV-14630,CUST-14630,2547.74,41020.98,0.2274,Partially Funded
SAV-14631,CUST-14631,376.07,10457.71,0.0853,Low
SAV-14632,CUST-14632,862.38,41977.48,0.0773,Partially Funded
SAV-14633,CUST-14633,1665.87,114841.56,0.1525,Fully Funded
SAV-14634,CUST-14634,1416.4,157507.52,0.2842,Fully Funded
SAV-14635,CUST-14635,883.99,54433.93,0.1236,Fully Funded
SAV-14636,CUST-14636,934.5,28573.75,0.1864,Fully Funded
SAV-14637,CUST-14637,1952.12,103615.79,0.2034,Fully Funded
SAV-14638,CUST-14638,768.27,74539.64,0.2042,Fully Funded
SAV-14639,CUST-14639,124.46,2479.88,0.1005,Low
SAV-14640,CUST-14640,1113.34,40633.2,0.1697,Fully Funded
SAV-14641,CUST-14641,828.33,27683.02,0.1442,Fully Funded
SAV-14642,CUST-14642,565.47,17195.97,0.1247,Partially Funded
SAV-14643,CUST-14643,1241.15,61588.19,0.1944,Fully Funded
SAV-14644,CUST-14644,878.64,13724.95,0.248,Partially Funded
SAV-14645,CUST-14645,911.41,53908.15,0.1171,Fully Funded
SAV-14646,CUST-14646,700.29,71387.91,0.125,Fully Funded
SAV-14647,CUST-14647,161.13,5062.71,0.1834,Fully Funded
SAV-14648,CUST-14648,1422.07,45417.14,0.153,Fully Funded
SAV-14649,CUST-14649,1006.58,93694.65,0.1946,Fully Funded
SAV-14650,CUST-14650,1258.45,22399.12,0.1753,Partially Funded
SAV-14651,CUST-14651,414.28,43508.76,0.1019,Fully Funded
SAV-14652,CUST-14652,104.2,6848.96,0.0628,Partially Funded
SAV-14653,CUST-14653,311.47,8545.77,0.1839,Fully Funded
SAV-14654,CUST-14654,1608.15,74704.61,0.2901,Fully Funded
SAV-14655,CUST-14655,258.68,8155.19,0.2008,Fully Funded
SAV-14656,CUST-14656,1291.11,54509.25,0.2042,Fully Funded
SAV-14657,CUST-14657,248.48,17821.39,0.06,Partially Funded
SAV-14658,CUST-14658,341.66,6168.57,0.1157,Low
SAV-14659,CUST-14659,784.26,77053.31,0.1428,Fully Funded
SAV-14660,CUST-14660,571.2,20555.86,0.1941,Fully Funded
SAV-14661,CUST-14661,1437.57,26315.74,0.1703,Partially Funded
SAV-14662,CUST-14662,493.79,35296.19,0.132,Fully Funded
SAV-14663,CUST-14663,1349.63,99122.6,0.2491,Fully Funded
SAV-14664,CUST-14664,995.39,59940.94,0.1172,Fully Funded
SAV-14665,CUST-14665,879.81,50904.13,0.14,Fully Funded
SAV-14666,CUST-14666,1057.0,74428.67,0.2574,Fully Funded
SAV-14667,CUST-14667,2332.18,89239.58,0.2227,Fully Funded
SAV-14668,CUST-14668,264.77,18243.69,0.1345,Fully Funded
SAV-14669,CUST-14669,322.56,4660.46,0.1687,Partially Funded
SAV-14670,CUST-14670,514.39,34991.44,0.2132,Fully Funded
SAV-14671,CUST-14671,302.69,21124.99,0.1446,Fully Funded
SAV-14672,CUST-14672,498.95,18216.26,0.159,Fully Funded
SAV-14673,CUST-14673,1359.12,81331.06,0.1888,Fully Funded
SAV-14674,CUST-14674,1883.83,67308.95,0.1521,Fully Funded
SAV-14675,CUST-14675,1186.34,67260.98,0.256,Fully Funded
SAV-14676,CUST-14676,1429.72,105727.98,0.1478,Fully Funded
SAV-14677,CUST-14677,2092.81,87316.56,0.2367,Fully Funded
SAV-14678,CUST-14678,702.24,45986.45,0.0716,Partially Funded
SAV-14679,CUST-14679,1270.7,72854.54,0.135,Fully Funded
SAV-14680,CUST-14680,835.11,48779.58,0.1819,Fully Funded
SAV-14681,CUST-14681,1550.59,77028.68,0.1896,Fully Funded
SAV-14682,CUST-14682,788.25,44289.33,0.1092,Fully Funded
SAV-14683,CUST-14683,1451.25,68706.0,0.1738,Fully Funded
SAV-14684,CUST-14684,509.28,20530.71,0.1134,Partially Funded
SAV-14685,CUST-14685,343.62,11239.25,0.0962,Partially Funded
SAV-14686,CUST-14686,1329.12,119227.05,0.1666,Fully Funded
SAV-14687,CUST-14687,923.15,53071.67,0.1846,Fully Funded
SAV-14688,CUST-14688,288.76,18577.14,0.1227,Fully Funded
SAV-14689,CUST-14689,65.83,2524.96,0.0479,Low
SAV-14690,CUST-14690,1866.68,103700.95,0.2998,Fully Funded
SAV-14691,CUST-14691,212.94,6310.7,0.1583,Fully Funded
SAV-14692,CUST-14692,1202.81,114059.08,0.2667,Fully Funded
SAV-14693,CUST-14693,300.28,16382.85,0.1208,Fully Funded
SAV-14694,CUST-14694,2422.85,181133.24,0.2091,Fully Funded
SAV-14695,CUST-14695,579.47,38739.39,0.087,Fully Funded
SAV-14696,CUST-14696,681.15,41905.0,0.1589,Fully Funded
SAV-14697,CUST-14697,651.93,56360.71,0.114,Fully Funded
SAV-14698,CUST-14698,638.57,29076.78,0.1013,Partially Funded
SAV-14699,CUST-14699,1269.89,84748.21,0.208,Fully Funded
SAV-14700,CUST-14700,616.63,10091.81,0.1173,Low
SAV-14701,CUST-14701,1793.23,96936.62,0.2589,Fully Funded
SAV-14702,CUST-14702,818.57,85532.55,0.1784,Fully Funded
SAV-14703,CUST-14703,618.18,32250.32,0.1406,Fully Funded
SAV-14704,CUST-14704,675.05,56177.35,0.1649,Fully Funded
SAV-14705,CUST-14705,3824.08,173239.48,0.3519,Fully Funded
SAV-14706,CUST-14706,170.43,14161.93,0.131,Fully Funded
SAV-14707,CUST-14707,849.85,49662.09,0.1317,Fully Funded
SAV-14708,CUST-14708,1115.48,91622.33,0.1528,Fully Funded
SAV-14709,CUST-14709,1356.07,65925.87,0.1901,Fully Funded
SAV-14710,CUST-14710,3689.45,317756.3,0.143,Fully Funded
SAV-14711,CUST-14711,1329.96,59568.74,0.2102,Fully Funded
SAV-14712,CUST-14712,682.1,44271.09,0.1525,Fully Funded
SAV-14713,CUST-14713,131.62,3301.75,0.091,Low
SAV-14714,CUST-14714,713.34,15866.78,0.1963,Fully Funded
SAV-14715,CUST-14715,1740.71,150259.1,0.1275,Fully Funded
SAV-14716,CUST-14716,1028.26,39572.26,0.1317,Fully Funded
SAV-14717,CUST-14717,1002.6,58239.94,0.1608,Fully Funded
SAV-14718,CUST-14718,166.45,6222.5,0.0558,Low
SAV-14719,CUST-14719,1023.91,43333.81,0.1487,Fully Funded
SAV-14720,CUST-14720,1728.01,73490.4,0.2031,Fully Funded
SAV-14721,CUST-14721,1235.89,77285.21,0.2922,Fully Funded
SAV-14722,CUST-14722,266.27,9797.12,0.1831,Fully Funded
SAV-14723,CUST-14723,418.83,22028.03,0.1297,Fully Funded
SAV-14724,CUST-14724,784.38,43782.81,0.1614,Fully Funded
SAV-14725,CUST-14725,725.86,20727.21,0.1094,Partially Funded
SAV-14726,CUST-14726,884.23,54772.6,0.1561,Fully Funded
SAV-14727,CUST-14727,1346.71,32702.15,0.1829,Fully Funded
SAV-14728,CUST-14728,647.86,15962.02,0.1973,Fully Funded
SAV-14729,CUST-14729,380.98,19487.07,0.107,Fully Funded
SAV-14730,CUST-14730,690.74,40662.82,0.0739,Partially Funded
SAV-14731,CUST-14731,800.6,58606.69,0.1422,Fully Funded
SAV-14732,CUST-14732,1226.4,48540.78,0.1511,Fully Funded
SAV-14733,CUST-14733,554.29,37618.99,0.1716,Fully Funded
SAV-14734,CUST-14734,309.74,31667.31,0.1094,Fully Funded
SAV-14735,CUST-14735,789.02,85193.59,0.1349,Fully Funded
SAV-14736,CUST-14736,2122.32,161786.79,0.2245,Fully Funded
SAV-14737,CUST-14737,1030.54,9728.16,0.1137,Low
SAV-14738,CUST-14738,1142.16,24676.27,0.1897,Partially Funded
SAV-14739,CUST-14739,355.19,9780.77,0.1051,Partially Funded
SAV-14740,CUST-14740,660.88,55849.39,0.1136,Fully Funded
SAV-14741,CUST-14741,2295.13,145740.4,0.2448,Fully Funded
SAV-14742,CUST-14742,1338.22,107513.0,0.2714,Fully Funded
SAV-14743,CUST-14743,1010.05,42168.26,0.1027,Partially Funded
SAV-14744,CUST-14744,472.58,11067.36,0.0639,Low
SAV-14745,CUST-14745,309.0,4279.54,0.1038,Low
SAV-14746,CUST-14746,1042.51,73352.8,0.2292,Fully Funded
SAV-14747,CUST-14747,1607.93,34720.17,0.1526,Partially Funded
SAV-14748,CUST-14748,1646.49,114083.04,0.1694,Fully Funded
SAV-14749,CUST-14749,1287.25,42732.08,0.1632,Fully Funded
SAV-14750,CUST-14750,1165.68,83778.69,0.2351,Fully Funded
SAV-14751,CUST-14751,1516.83,51604.74,0.2124,Fully Funded
SAV-14752,CUST-14752,1255.0,32499.02,0.1511,Partially Funded
SAV-14753,CUST-14753,1082.99,74092.15,0.0962,Fully Funded
SAV-14754,CUST-14754,252.11,11655.0,0.166,Fully Funded
SAV-14755,CUST-14755,1475.74,161332.8,0.158,Fully Funded
SAV-14756,CUST-14756,171.81,15674.97,0.1037,Fully Funded
SAV-14757,CUST-14757,474.63,15648.21,0.0899,Partially Funded
SAV-14758,CUST-14758,1206.01,44901.5,0.1813,Fully Funded
SAV-14759,CUST-14759,2107.47,99511.96,0.1701,Fully Funded
SAV-14760,CUST-14760,985.66,45182.38,0.1668,Fully Funded
SAV-14761,CUST-14761,1712.84,81362.72,0.2204,Fully Funded
SAV-14762,CUST-14762,1959.39,81397.8,0.1409,Fully Funded
SAV-14763,CUST-14763,1031.7,22668.94,0.1377,Partially Funded
SAV-14764,CUST-14764,1183.68,27051.72,0.2526,Fully Funded
SAV-14765,CUST-14765,742.61,15995.9,0.1052,Low
SAV-14766,CUST-14766,567.96,46739.1,0.1516,Fully Funded
SAV-14767,CUST-14767,287.47,21832.08,0.0638,Partially Funded
SAV-14768,CUST-14768,894.07,30354.05,0.0934,Partially Funded
SAV-14769,CUST-14769,1490.97,93925.52,0.1953,Fully Funded
SAV-14770,CUST-14770,703.86,20417.2,0.1592,Fully Funded
SAV-14771,CUST-14771,519.63,28205.01,0.0937,Fully Funded
SAV-14772,CUST-14772,577.77,22059.04,0.0757,Partially Funded
SAV-14773,CUST-14773,612.84,13620.08,0.1452,Partially Funded
SAV-14774,CUST-14774,149.64,8779.8,0.1268,Fully Funded
SAV-14775,CUST-14775,1066.73,78050.16,0.1353,Fully Funded
SAV-14776,CUST-14776,2136.33,62592.47,0.2103,Fully Funded
SAV-14777,CUST-14777,672.02,10658.6,0.1268,Low
SAV-14778,CUST-14778,280.33,10218.73,0.1878,Fully Funded
SAV-14779,CUST-14779,144.51,11161.6,0.2243,Fully Funded
SAV-14780,CUST-14780,1107.33,91143.5,0.1472,Fully Funded
SAV-14781,CUST-14781,753.48,44027.5,0.1539,Fully Funded
SAV-14782,CUST-14782,1620.29,26988.72,0.1874,Partially Funded
SAV-14783,CUST-14783,2490.96,186253.1,0.2212,Fully Funded
SAV-14784,CUST-14784,2112.05,101038.33,0.2109,Fully Funded
SAV-14785,CUST-14785,1645.68,141333.17,0.1964,Fully Funded
SAV-14786,CUST-14786,163.3,13372.06,0.0453,Partially Funded
SAV-14787,CUST-14787,1383.93,60705.71,0.0988,Partially Funded
SAV-14788,CUST-14788,194.35,6810.87,0.1737,Fully Funded
SAV-14789,CUST-14789,801.64,32769.21,0.2074,Fully Funded
SAV-14790,CUST-14790,1750.02,80978.24,0.1959,Fully Funded
SAV-14791,CUST-14791,951.38,66156.18,0.1405,Fully Funded
SAV-14792,CUST-14792,1383.96,117107.26,0.1582,Fully Funded
SAV-14793,CUST-14793,1303.84,49973.8,0.167,Fully Funded
SAV-14794,CUST-14794,121.02,6633.76,0.1233,Fully Funded
SAV-14795,CUST-14795,1279.2,60859.52,0.1645,Fully Funded
SAV-14796,CUST-14796,180.69,11555.83,0.1646,Fully Funded
SAV-14797,CUST-14797,1134.44,71608.29,0.1263,Fully Funded
SAV-14798,CUST-14798,2296.58,146545.91,0.1764,Fully Funded
SAV-14799,CUST-14799,301.59,18389.58,0.056,Partially Funded
SAV-14800,CUST-14800,2117.25,137423.41,0.2142,Fully Funded
SAV-14801,CUST-14801,420.98,25791.54,0.0741,Partially Funded
SAV-14802,CUST-14802,571.37,27102.2,0.1382,Fully Funded
SAV-14803,CUST-14803,1738.37,64253.57,0.2328,Fully Funded
SAV-14804,CUST-14804,310.48,17837.28,0.1727,Fully Funded
SAV-14805,CUST-14805,361.22,31181.29,0.1125,Fully Funded
SAV-14806,CUST-14806,690.7,71541.1,0.1272,Fully Funded
SAV-14807,CUST-14807,2904.38,153439.59,0.2241,Fully Funded
SAV-14808,CUST-14808,1342.32,133092.65,0.1576,Fully Funded
SAV-14809,CUST-14809,467.03,36116.26,0.2044,Fully Funded
SAV-14810,CUST-14810,389.36,14562.82,0.0786,Partially Funded
SAV-14811,CUST-14811,1298.4,100871.5,0.1681,Fully Funded
SAV-14812,CUST-14812,853.29,33487.99,0.1453,Fully Funded
SAV-14813,CUST-14813,1044.34,76285.19,0.2029,Fully Funded
SAV-14814,CUST-14814,593.16,12478.54,0.1699,Partially Funded
SAV-14815,CUST-14815,2441.76,149212.93,0.2707,Fully Funded
SAV-14816,CUST-14816,367.95,16194.97,0.1101,Partially Funded
SAV-14817,CUST-14817,791.09,50866.07,0.1351,Fully Funded
SAV-14818,CUST-14818,2457.69,231164.78,0.2786,Fully Funded
SAV-14819,CUST-14819,563.35,46601.26,0.1052,Fully Funded
SAV-14820,CUST-14820,663.07,48251.18,0.0826,Fully Funded
SAV-14821,CUST-14821,853.62,34706.95,0.1255,Fully Funded
SAV-14822,CUST-14822,454.85,27465.72,0.0875,Fully Funded
SAV-14823,CUST-14823,557.53,17127.23,0.2403,Fully Funded
SAV-14824,CUST-14824,890.17,16006.75,0.171,Partially Funded
SAV-14825,CUST-14825,649.2,15792.18,0.1063,Partially Funded
SAV-14826,CUST-14826,886.02,50490.2,0.1563,Fully Funded
SAV-14827,CUST-14827,619.02,46276.08,0.1141,Fully Funded
SAV-14828,CUST-14828,271.35,16955.39,0.1021,Fully Funded
SAV-14829,CUST-14829,487.62,26166.71,0.0967,Fully Funded
SAV-14830,CUST-14830,974.81,45410.51,0.0876,Partially Funded
SAV-14831,CUST-14831,1491.86,79596.32,0.2234,Fully Funded
SAV-14832,CUST-14832,319.66,26069.79,0.0786,Fully Funded
SAV-14833,CUST-14833,1400.93,114051.83,0.0843,Fully Funded
SAV-14834,CUST-14834,961.77,49865.14,0.1407,Fully Funded
SAV-14835,CUST-14835,2584.78,36657.06,0.2752,Fully Funded
SAV-14836,CUST-14836,1229.56,81418.28,0.2707,Fully Funded
SAV-14837,CUST-14837,1207.52,22556.92,0.2015,Partially Funded
SAV-14838,CUST-14838,386.96,17132.47,0.0739,Partially Funded
SAV-14839,CUST-14839,595.62,42765.8,0.1474,Fully Funded
SAV-14840,CUST-14840,1373.04,120783.5,0.2454,Fully Funded
SAV-14841,CUST-14841,943.33,29952.21,0.1259,Partially Funded
SAV-14842,CUST-14842,638.55,13972.44,0.1885,Partially Funded
SAV-14843,CUST-14843,176.33,9179.46,0.1083,Fully Funded
SAV-14844,CUST-14844,1112.78,65754.81,0.198,Fully Funded
SAV-14845,CUST-14845,1307.34,87095.46,0.2335,Fully Funded
SAV-14846,CUST-14846,2456.95,162113.36,0.2924,Fully Funded
SAV-14847,CUST-14847,899.8,66590.1,0.1204,Fully Funded
SAV-14848,CUST-14848,878.61,63945.56,0.1186,Fully Funded
SAV-14849,CUST-14849,1362.62,53417.03,0.2352,Fully Funded
SAV-14850,CUST-14850,1145.04,61037.95,0.1534,Fully Funded
SAV-14851,CUST-14851,737.64,23699.44,0.1659,Fully Funded
SAV-14852,CUST-14852,615.62,59325.77,0.1251,Fully Funded
SAV-14853,CUST-14853,708.65,30350.29,0.159,Fully Funded
SAV-14854,CUST-14854,1273.62,74578.29,0.2083,Fully Funded
SAV-14855,CUST-14855,743.1,26744.74,0.2706,Fully Funded
SAV-14856,CUST-14856,1930.94,49991.88,0.1758,Partially Funded
SAV-14857,CUST-14857,457.22,12934.65,0.0919,Partially Funded
SAV-14858,CUST-14858,1014.29,60133.12,0.2022,Fully Funded
SAV-14859,CUST-14859,1089.18,49173.79,0.198,Fully Funded
SAV-14860,CUST-14860,1871.17,73363.3,0.221,Fully Funded
SAV-14861,CUST-14861,1364.8,93953.66,0.1894,Fully Funded
SAV-14862,CUST-14862,971.85,63327.57,0.1588,Fully Funded
SAV-14863,CUST-14863,497.25,14303.23,0.1104,Partially Funded
SAV-14864,CUST-14864,697.53,67487.63,0.1367,Fully Funded
SAV-14865,CUST-14865,877.64,56126.98,0.1395,Fully Funded
SAV-14866,CUST-14866,1043.12,70858.16,0.1436,Fully Funded
SAV-14867,CUST-14867,985.33,12973.14,0.2357,Partially Funded
SAV-14868,CUST-14868,1370.32,99011.72,0.2424,Fully Funded
SAV-14869,CUST-14869,905.0,15179.41,0.1278,Low
SAV-14870,CUST-14870,666.39,27948.89,0.1426,Fully Funded
SAV-14871,CUST-14871,649.36,50302.07,0.0853,Fully Funded
SAV-14872,CUST-14872,521.23,56532.59,0.1151,Fully Funded
SAV-14873,CUST-14873,1256.71,19593.77,0.1962,Partially Funded
SAV-14874,CUST-14874,325.04,11770.83,0.18,Fully Funded
SAV-14875,CUST-14875,240.11,6012.05,0.0457,Low
SAV-14876,CUST-14876,1954.04,67217.73,0.2308,Fully Funded
SAV-14877,CUST-14877,1411.24,37344.98,0.1733,Fully Funded
SAV-14878,CUST-14878,1509.59,185868.43,0.2738,Fully Funded
SAV-14879,CUST-14879,1598.34,23707.28,0.2039,Partially Funded
SAV-14880,CUST-14880,607.72,27896.76,0.1905,Fully Funded
SAV-14881,CUST-14881,1450.04,138557.47,0.213,Fully Funded
SAV-14882,CUST-14882,699.72,37032.38,0.2215,Fully Funded
SAV-14883,CUST-14883,772.05,12105.41,0.1037,Low
SAV-14884,CUST-14884,756.92,46543.5,0.2281,Fully Funded
SAV-14885,CUST-14885,606.49,57819.1,0.1631,Fully Funded
SAV-14886,CUST-14886,2100.41,216926.2,0.1953,Fully Funded
SAV-14887,CUST-14887,827.22,17170.13,0.1619,Partially Funded
SAV-14888,CUST-14888,1314.27,147361.7,0.2225,Fully Funded
SAV-14889,CUST-14889,3818.0,309566.87,0.2574,Fully Funded
SAV-14890,CUST-14890,750.59,14778.45,0.1669,Partially Funded
SAV-14891,CUST-14891,1220.14,72879.43,0.1635,Fully Funded
SAV-14892,CUST-14892,1181.05,22137.9,0.2555,Fully Funded
SAV-14893,CUST-14893,1226.81,108644.47,0.1658,Fully Funded
SAV-14894,CUST-14894,1959.21,91206.17,0.2041,Fully Funded
SAV-14895,CUST-14895,648.68,48637.61,0.149,Fully Funded
SAV-14896,CUST-14896,754.75,19296.35,0.2414,Fully Funded
SAV-14897,CUST-14897,535.99,15178.29,0.1127,Partially Funded
SAV-14898,CUST-14898,1530.81,19345.32,0.1831,Partially Funded
SAV-14899,CUST-14899,1846.54,76624.85,0.2437,Fully Funded
SAV-14900,CUST-14900,1303.54,115769.94,0.1922,Fully Funded
SAV-14901,CUST-14901,311.48,22246.4,0.1723,Fully Funded
SAV-14902,CUST-14902,905.67,92216.85,0.207,Fully Funded
SAV-14903,CUST-14903,1170.91,50440.82,0.1205,Fully Funded
SAV-14904,CUST-14904,934.73,17961.49,0.169,Partially Funded
SAV-14905,CUST-14905,1249.9,47822.76,0.1625,Fully Funded
SAV-14906,CUST-14906,418.15,8705.57,0.1017,Low
SAV-14907,CUST-14907,1359.84,91273.78,0.2065,Fully Funded
SAV-14908,CUST-14908,1068.36,78289.41,0.1624,Fully Funded
SAV-14909,CUST-14909,606.78,14088.52,0.1042,Partially Funded
SAV-14910,CUST-14910,209.75,15507.47,0.2966,Fully Funded
SAV-14911,CUST-14911,1969.52,80106.45,0.2526,Fully Funded
SAV-14912,CUST-14912,1505.67,167338.11,0.1523,Fully Funded
SAV-14913,CUST-14913,1037.21,20618.83,0.2096,Fully Funded
SAV-14914,CUST-14914,850.46,41583.05,0.1681,Fully Funded
SAV-14915,CUST-14915,819.78,67256.65,0.1391,Fully Funded
SAV-14916,CUST-14916,347.06,10180.14,0.1138,Partially Funded
SAV-14917,CUST-14917,2471.87,26312.25,0.2182,Partially Funded
SAV-14918,CUST-14918,1372.29,49908.52,0.1841,Fully Funded
SAV-14919,CUST-14919,1265.49,74209.55,0.1187,Fully Funded
SAV-14920,CUST-14920,1456.26,53503.2,0.172,Fully Funded
SAV-14921,CUST-14921,522.66,25923.9,0.0905,Partially Funded
SAV-14922,CUST-14922,567.41,30537.9,0.0961,Fully Funded
SAV-14923,CUST-14923,942.53,15022.1,0.1138,Low
SAV-14924,CUST-14924,878.14,29283.25,0.2051,Fully Funded
SAV-14925,CUST-14925,637.68,15394.72,0.0384,No Fund
SAV-14926,CUST-14926,296.29,15643.74,0.1166,Fully Funded
SAV-14927,CUST-14927,1724.35,42728.1,0.1762,Fully Funded
SAV-14928,CUST-14928,660.3,44503.6,0.1603,Fully Funded
SAV-14929,CUST-14929,1256.4,46241.93,0.1887,Fully Funded
SAV-14930,CUST-14930,1122.81,62140.07,0.2212,Fully Funded
SAV-14931,CUST-14931,707.6,36202.78,0.1195,Fully Funded
SAV-14932,CUST-14932,664.51,30242.12,0.1329,Fully Funded
SAV-14933,CUST-14933,1384.54,100631.79,0.2019,Fully Funded
SAV-14934,CUST-14934,896.67,46182.66,0.0851,Partially Funded
SAV-14935,CUST-14935,614.84,28106.72,0.1835,Fully Funded
SAV-14936,CUST-14936,470.77,24963.79,0.1078,Fully Funded
SAV-14937,CUST-14937,1224.96,50699.79,0.185,Fully Funded
SAV-14938,CUST-14938,782.11,61309.01,0.1643,Fully Funded
SAV-14939,CUST-14939,1291.8,37355.33,0.1592,Fully Funded
SAV-14940,CUST-14940,1206.81,82704.1,0.1728,Fully Funded
SAV-14941,CUST-14941,817.61,70345.83,0.1455,Fully Funded
SAV-14942,CUST-14942,183.99,20312.66,0.144,Fully Funded
SAV-14943,CUST-14943,146.19,9370.65,0.0473,Partially Funded
SAV-14944,CUST-14944,845.18,44834.14,0.2311,Fully Funded
SAV-14945,CUST-14945,1191.5,18835.55,0.193,Partially Funded
SAV-14946,CUST-14946,789.42,44630.07,0.1175,Fully Funded
SAV-14947,CUST-14947,500.81,7725.79,0.098,Low
SAV-14948,CUST-14948,1519.04,76870.78,0.1264,Fully Funded
SAV-14949,CUST-14949,2063.81,41863.74,0.2103,Fully Funded
SAV-14950,CUST-14950,597.16,34893.86,0.1073,Fully Funded
SAV-14951,CUST-14951,191.29,21885.18,0.1432,Fully Funded
SAV-14952,CUST-14952,2213.41,113989.78,0.2791,Fully Funded
SAV-14953,CUST-14953,543.91,27878.64,0.0921,Partially Funded
SAV-14954,CUST-14954,691.42,28226.65,0.1307,Fully Funded
SAV-14955,CUST-14955,1666.09,25926.65,0.2166,Partially Funded
SAV-14956,CUST-14956,839.56,26414.01,0.2133,Fully Funded
SAV-14957,CUST-14957,2233.54,71114.29,0.2305,Fully Funded
SAV-14958,CUST-14958,268.79,16006.62,0.1093,Fully Funded
SAV-14959,CUST-14959,3795.6,140100.03,0.3124,Fully Funded
SAV-14960,CUST-14960,2222.73,213880.06,0.189,Fully Funded
SAV-14961,CUST-14961,474.75,31513.97,0.1905,Fully Funded
SAV-14962,CUST-14962,2106.55,83701.68,0.155,Fully Funded
SAV-14963,CUST-14963,1150.64,41460.33,0.2091,Fully Funded
SAV-14964,CUST-14964,687.32,53318.69,0.1898,Fully Funded
SAV-14965,CUST-14965,1814.55,106586.99,0.2115,Fully Funded
SAV-14966,CUST-14966,1483.05,58171.88,0.2594,Fully Funded
SAV-14967,CUST-14967,1226.07,45762.22,0.1775,Fully Funded
SAV-14968,CUST-14968,1124.51,17376.15,0.1615,Partially Funded
SAV-14969,CUST-14969,1390.66,124451.41,0.1616,Fully Funded
SAV-14970,CUST-14970,652.44,25678.96,0.1734,Fully Funded
SAV-14971,CUST-14971,844.32,74015.21,0.1896,Fully Funded
SAV-14972,CUST-14972,903.88,110873.54,0.0859,Fully Funded
SAV-14973,CUST-14973,663.05,30008.43,0.169,Fully Funded
SAV-14974,CUST-14974,1682.14,98823.9,0.2192,Fully Funded
SAV-14975,CUST-14975,1236.3,37704.6,0.2663,Fully Funded
SAV-14976,CUST-14976,647.04,51334.45,0.1345,Fully Funded
SAV-14977,CUST-14977,2019.78,43555.82,0.2734,Fully Funded
SAV-14978,CUST-14978,816.03,18663.4,0.1185,Partially Funded
SAV-14979,CUST-14979,881.91,43838.35,0.1209,Fully Funded
SAV-14980,CUST-14980,337.65,13865.95,0.0596,Low
SAV-14981,CUST-14981,700.49,45216.03,0.1708,Fully Funded
SAV-14982,CUST-14982,1545.56,44287.05,0.1773,Fully Funded
SAV-14983,CUST-14983,273.0,7806.66,0.1857,Fully Funded
SAV-14984,CUST-14984,851.12,79032.28,0.2468,Fully Funded
SAV-14985,CUST-14985,1661.54,87173.27,0.1406,Fully Funded
SAV-14986,CUST-14986,1056.8,81761.35,0.1443,Fully Funded
SAV-14987,CUST-14987,1562.54,153014.36,0.1922,Fully Funded
SAV-14988,CUST-14988,631.96,30758.92,0.1179,Fully Funded
SAV-14989,CUST-14989,1610.39,61129.4,0.1508,Fully Funded
SAV-14990,CUST-14990,1238.52,116313.55,0.113,Fully Funded
SAV-14991,CUST-14991,721.65,54264.66,0.1147,Fully Funded
SAV-14992,CUST-14992,1374.79,29178.24,0.2095,Fully Funded
SAV-14993,CUST-14993,1703.07,85273.33,0.2423,Fully Funded
SAV-14994,CUST-14994,2150.47,196971.61,0.2587,Fully Funded
SAV-14995,CUST-14995,1226.55,66596.76,0.1613,Fully Funded
SAV-14996,CUST-14996,2216.87,138433.11,0.2083,Fully Funded
SAV-14997,CUST-14997,214.12,14324.78,0.1517,Fully Funded
SAV-14998,CUST-14998,668.16,23218.37,0.1559,Fully Funded
SAV-14999,CUST-14999,1346.27,126629.97,0.1262,Fully Funded
SAV-15000,CUST-15000,1662.74,105145.09,0.1672,Fully Funded
