date,year,quarter,quarter_name,month_num,month_name,year_month,week_num,day_of_month,day_of_week,day_name,is_weekend,month_start_date,month_end_date
2018-01-01,2018,1,Q1,1,January,2018-01,0,1,1,Monday,0,2018-01-01,2018-01-31
2018-01-02,2018,1,Q1,1,January,2018-01,0,2,2,Tuesday,0,2018-01-01,2018-01-31
2018-01-03,2018,1,Q1,1,January,2018-01,0,3,3,Wednesday,0,2018-01-01,2018-01-31
2018-01-04,2018,1,Q1,1,January,2018-01,0,4,4,Thursday,0,2018-01-01,2018-01-31
2018-01-05,2018,1,Q1,1,January,2018-01,0,5,5,Friday,0,2018-01-01,2018-01-31
2018-01-06,2018,1,Q1,1,January,2018-01,0,6,6,Saturday,1,2018-01-01,2018-01-31
2018-01-07,2018,1,Q1,1,January,2018-01,1,7,7,Sunday,1,2018-01-01,2018-01-31
2018-01-08,2018,1,Q1,1,January,2018-01,1,8,1,Monday,0,2018-01-01,2018-01-31
2018-01-09,2018,1,Q1,1,January,2018-01,1,9,2,Tuesday,0,2018-01-01,2018-01-31
2018-01-10,2018,1,Q1,1,January,2018-01,1,10,3,Wednesday,0,2018-01-01,2018-01-31
2018-01-11,2018,1,Q1,1,January,2018-01,1,11,4,Thursday,0,2018-01-01,2018-01-31
2018-01-12,2018,1,Q1,1,January,2018-01,1,12,5,Friday,0,2018-01-01,2018-01-31
2018-01-13,2018,1,Q1,1,January,2018-01,1,13,6,Saturday,1,2018-01-01,2018-01-31
2018-01-14,2018,1,Q1,1,January,2018-01,2,14,7,Sunday,1,2018-01-01,2018-01-31
2018-01-15,2018,1,Q1,1,January,2018-01,2,15,1,Monday,0,2018-01-01,2018-01-31
2018-01-16,2018,1,Q1,1,January,2018-01,2,16,2,Tuesday,0,2018-01-01,2018-01-31
2018-01-17,2018,1,Q1,1,January,2018-01,2,17,3,Wednesday,0,2018-01-01,2018-01-31
2018-01-18,2018,1,Q1,1,January,2018-01,2,18,4,Thursday,0,2018-01-01,2018-01-31
2018-01-19,2018,1,Q1,1,January,2018-01,2,19,5,Friday,0,2018-01-01,2018-01-31
2018-01-20,2018,1,Q1,1,January,2018-01,2,20,6,Saturday,1,2018-01-01,2018-01-31
2018-01-21,2018,1,Q1,1,January,2018-01,3,21,7,Sunday,1,2018-01-01,2018-01-31
2018-01-22,2018,1,Q1,1,January,2018-01,3,22,1,Monday,0,2018-01-01,2018-01-31
2018-01-23,2018,1,Q1,1,January,2018-01,3,23,2,Tuesday,0,2018-01-01,2018-01-31
2018-01-24,2018,1,Q1,1,January,2018-01,3,24,3,Wednesday,0,2018-01-01,2018-01-31
2018-01-25,2018,1,Q1,1,January,2018-01,3,25,4,Thursday,0,2018-01-01,2018-01-31
2018-01-26,2018,1,Q1,1,January,2018-01,3,26,5,Friday,0,2018-01-01,2018-01-31
2018-01-27,2018,1,Q1,1,January,2018-01,3,27,6,Saturday,1,2018-01-01,2018-01-31
2018-01-28,2018,1,Q1,1,January,2018-01,4,28,7,Sunday,1,2018-01-01,2018-01-31
2018-01-29,2018,1,Q1,1,January,2018-01,4,29,1,Monday,0,2018-01-01,2018-01-31
2018-01-30,2018,1,Q1,1,January,2018-01,4,30,2,Tuesday,0,2018-01-01,2018-01-31
2018-01-31,2018,1,Q1,1,January,2018-01,4,31,3,Wednesday,0,2018-01-01,2018-01-31
2018-02-01,2018,1,Q1,2,February,2018-02,4,1,4,Thursday,0,2018-02-01,2018-02-28
2018-02-02,2018,1,Q1,2,February,2018-02,4,2,5,Friday,0,2018-02-01,2018-02-28
2018-02-03,2018,1,Q1,2,February,2018-02,4,3,6,Saturday,1,2018-02-01,2018-02-28
2018-02-04,2018,1,Q1,2,February,2018-02,5,4,7,Sunday,1,2018-02-01,2018-02-28
2018-02-05,2018,1,Q1,2,February,2018-02,5,5,1,Monday,0,2018-02-01,2018-02-28
2018-02-06,2018,1,Q1,2,February,2018-02,5,6,2,Tuesday,0,2018-02-01,2018-02-28
2018-02-07,2018,1,Q1,2,February,2018-02,5,7,3,Wednesday,0,2018-02-01,2018-02-28
2018-02-08,2018,1,Q1,2,February,2018-02,5,8,4,Thursday,0,2018-02-01,2018-02-28
2018-02-09,2018,1,Q1,2,February,2018-02,5,9,5,Friday,0,2018-02-01,2018-02-28
2018-02-10,2018,1,Q1,2,February,2018-02,5,10,6,Saturday,1,2018-02-01,2018-02-28
2018-02-11,2018,1,Q1,2,February,2018-02,6,11,7,Sunday,1,2018-02-01,2018-02-28
2018-02-12,2018,1,Q1,2,February,2018-02,6,12,1,Monday,0,2018-02-01,2018-02-28
2018-02-13,2018,1,Q1,2,February,2018-02,6,13,2,Tuesday,0,2018-02-01,2018-02-28
2018-02-14,2018,1,Q1,2,February,2018-02,6,14,3,Wednesday,0,2018-02-01,2018-02-28
2018-02-15,2018,1,Q1,2,February,2018-02,6,15,4,Thursday,0,2018-02-01,2018-02-28
2018-02-16,2018,1,Q1,2,February,2018-02,6,16,5,Friday,0,2018-02-01,2018-02-28
2018-02-17,2018,1,Q1,2,February,2018-02,6,17,6,Saturday,1,2018-02-01,2018-02-28
2018-02-18,2018,1,Q1,2,February,2018-02,7,18,7,Sunday,1,2018-02-01,2018-02-28
2018-02-19,2018,1,Q1,2,February,2018-02,7,19,1,Monday,0,2018-02-01,2018-02-28
2018-02-20,2018,1,Q1,2,February,2018-02,7,20,2,Tuesday,0,2018-02-01,2018-02-28
2018-02-21,2018,1,Q1,2,February,2018-02,7,21,3,Wednesday,0,2018-02-01,2018-02-28
2018-02-22,2018,1,Q1,2,February,2018-02,7,22,4,Thursday,0,2018-02-01,2018-02-28
2018-02-23,2018,1,Q1,2,February,2018-02,7,23,5,Friday,0,2018-02-01,2018-02-28
2018-02-24,2018,1,Q1,2,February,2018-02,7,24,6,Saturday,1,2018-02-01,2018-02-28
2018-02-25,2018,1,Q1,2,February,2018-02,8,25,7,Sunday,1,2018-02-01,2018-02-28
2018-02-26,2018,1,Q1,2,February,2018-02,8,26,1,Monday,0,2018-02-01,2018-02-28
2018-02-27,2018,1,Q1,2,February,2018-02,8,27,2,Tuesday,0,2018-02-01,2018-02-28
2018-02-28,2018,1,Q1,2,February,2018-02,8,28,3,Wednesday,0,2018-02-01,2018-02-28
2018-03-01,2018,1,Q1,3,March,2018-03,8,1,4,Thursday,0,2018-03-01,2018-03-31
2018-03-02,2018,1,Q1,3,March,2018-03,8,2,5,Friday,0,2018-03-01,2018-03-31
2018-03-03,2018,1,Q1,3,March,2018-03,8,3,6,Saturday,1,2018-03-01,2018-03-31
2018-03-04,2018,1,Q1,3,March,2018-03,9,4,7,Sunday,1,2018-03-01,2018-03-31
2018-03-05,2018,1,Q1,3,March,2018-03,9,5,1,Monday,0,2018-03-01,2018-03-31
2018-03-06,2018,1,Q1,3,March,2018-03,9,6,2,Tuesday,0,2018-03-01,2018-03-31
2018-03-07,2018,1,Q1,3,March,2018-03,9,7,3,Wednesday,0,2018-03-01,2018-03-31
2018-03-08,2018,1,Q1,3,March,2018-03,9,8,4,Thursday,0,2018-03-01,2018-03-31
2018-03-09,2018,1,Q1,3,March,2018-03,9,9,5,Friday,0,2018-03-01,2018-03-31
2018-03-10,2018,1,Q1,3,March,2018-03,9,10,6,Saturday,1,2018-03-01,2018-03-31
2018-03-11,2018,1,Q1,3,March,2018-03,10,11,7,Sunday,1,2018-03-01,2018-03-31
2018-03-12,2018,1,Q1,3,March,2018-03,10,12,1,Monday,0,2018-03-01,2018-03-31
2018-03-13,2018,1,Q1,3,March,2018-03,10,13,2,Tuesday,0,2018-03-01,2018-03-31
2018-03-14,2018,1,Q1,3,March,2018-03,10,14,3,Wednesday,0,2018-03-01,2018-03-31
2018-03-15,2018,1,Q1,3,March,2018-03,10,15,4,Thursday,0,2018-03-01,2018-03-31
2018-03-16,2018,1,Q1,3,March,2018-03,10,16,5,Friday,0,2018-03-01,2018-03-31
2018-03-17,2018,1,Q1,3,March,2018-03,10,17,6,Saturday,1,2018-03-01,2018-03-31
2018-03-18,2018,1,Q1,3,March,2018-03,11,18,7,Sunday,1,2018-03-01,2018-03-31
2018-03-19,2018,1,Q1,3,March,2018-03,11,19,1,Monday,0,2018-03-01,2018-03-31
2018-03-20,2018,1,Q1,3,March,2018-03,11,20,2,Tuesday,0,2018-03-01,2018-03-31
2018-03-21,2018,1,Q1,3,March,2018-03,11,21,3,Wednesday,0,2018-03-01,2018-03-31
2018-03-22,2018,1,Q1,3,March,2018-03,11,22,4,Thursday,0,2018-03-01,2018-03-31
2018-03-23,2018,1,Q1,3,March,2018-03,11,23,5,Friday,0,2018-03-01,2018-03-31
2018-03-24,2018,1,Q1,3,March,2018-03,11,24,6,Saturday,1,2018-03-01,2018-03-31
2018-03-25,2018,1,Q1,3,March,2018-03,12,25,7,Sunday,1,2018-03-01,2018-03-31
2018-03-26,2018,1,Q1,3,March,2018-03,12,26,1,Monday,0,2018-03-01,2018-03-31
2018-03-27,2018,1,Q1,3,March,2018-03,12,27,2,Tuesday,0,2018-03-01,2018-03-31
2018-03-28,2018,1,Q1,3,March,2018-03,12,28,3,Wednesday,0,2018-03-01,2018-03-31
2018-03-29,2018,1,Q1,3,March,2018-03,12,29,4,Thursday,0,2018-03-01,2018-03-31
2018-03-30,2018,1,Q1,3,March,2018-03,12,30,5,Friday,0,2018-03-01,2018-03-31
2018-03-31,2018,1,Q1,3,March,2018-03,12,31,6,Saturday,1,2018-03-01,2018-03-31
2018-04-01,2018,2,Q2,4,April,2018-04,13,1,7,Sunday,1,2018-04-01,2018-04-30
2018-04-02,2018,2,Q2,4,April,2018-04,13,2,1,Monday,0,2018-04-01,2018-04-30
2018-04-03,2018,2,Q2,4,April,2018-04,13,3,2,Tuesday,0,2018-04-01,2018-04-30
2018-04-04,2018,2,Q2,4,April,2018-04,13,4,3,Wednesday,0,2018-04-01,2018-04-30
2018-04-05,2018,2,Q2,4,April,2018-04,13,5,4,Thursday,0,2018-04-01,2018-04-30
2018-04-06,2018,2,Q2,4,April,2018-04,13,6,5,Friday,0,2018-04-01,2018-04-30
2018-04-07,2018,2,Q2,4,April,2018-04,13,7,6,Saturday,1,2018-04-01,2018-04-30
2018-04-08,2018,2,Q2,4,April,2018-04,14,8,7,Sunday,1,2018-04-01,2018-04-30
2018-04-09,2018,2,Q2,4,April,2018-04,14,9,1,Monday,0,2018-04-01,2018-04-30
2018-04-10,2018,2,Q2,4,April,2018-04,14,10,2,Tuesday,0,2018-04-01,2018-04-30
2018-04-11,2018,2,Q2,4,April,2018-04,14,11,3,Wednesday,0,2018-04-01,2018-04-30
2018-04-12,2018,2,Q2,4,April,2018-04,14,12,4,Thursday,0,2018-04-01,2018-04-30
2018-04-13,2018,2,Q2,4,April,2018-04,14,13,5,Friday,0,2018-04-01,2018-04-30
2018-04-14,2018,2,Q2,4,April,2018-04,14,14,6,Saturday,1,2018-04-01,2018-04-30
2018-04-15,2018,2,Q2,4,April,2018-04,15,15,7,Sunday,1,2018-04-01,2018-04-30
2018-04-16,2018,2,Q2,4,April,2018-04,15,16,1,Monday,0,2018-04-01,2018-04-30
2018-04-17,2018,2,Q2,4,April,2018-04,15,17,2,Tuesday,0,2018-04-01,2018-04-30
2018-04-18,2018,2,Q2,4,April,2018-04,15,18,3,Wednesday,0,2018-04-01,2018-04-30
2018-04-19,2018,2,Q2,4,April,2018-04,15,19,4,Thursday,0,2018-04-01,2018-04-30
2018-04-20,2018,2,Q2,4,April,2018-04,15,20,5,Friday,0,2018-04-01,2018-04-30
2018-04-21,2018,2,Q2,4,April,2018-04,15,21,6,Saturday,1,2018-04-01,2018-04-30
2018-04-22,2018,2,Q2,4,April,2018-04,16,22,7,Sunday,1,2018-04-01,2018-04-30
2018-04-23,2018,2,Q2,4,April,2018-04,16,23,1,Monday,0,2018-04-01,2018-04-30
2018-04-24,2018,2,Q2,4,April,2018-04,16,24,2,Tuesday,0,2018-04-01,2018-04-30
2018-04-25,2018,2,Q2,4,April,2018-04,16,25,3,Wednesday,0,2018-04-01,2018-04-30
2018-04-26,2018,2,Q2,4,April,2018-04,16,26,4,Thursday,0,2018-04-01,2018-04-30
2018-04-27,2018,2,Q2,4,April,2018-04,16,27,5,Friday,0,2018-04-01,2018-04-30
2018-04-28,2018,2,Q2,4,April,2018-04,16,28,6,Saturday,1,2018-04-01,2018-04-30
2018-04-29,2018,2,Q2,4,April,2018-04,17,29,7,Sunday,1,2018-04-01,2018-04-30
2018-04-30,2018,2,Q2,4,April,2018-04,17,30,1,Monday,0,2018-04-01,2018-04-30
2018-05-01,2018,2,Q2,5,May,2018-05,17,1,2,Tuesday,0,2018-05-01,2018-05-31
2018-05-02,2018,2,Q2,5,May,2018-05,17,2,3,Wednesday,0,2018-05-01,2018-05-31
2018-05-03,2018,2,Q2,5,May,2018-05,17,3,4,Thursday,0,2018-05-01,2018-05-31
2018-05-04,2018,2,Q2,5,May,2018-05,17,4,5,Friday,0,2018-05-01,2018-05-31
2018-05-05,2018,2,Q2,5,May,2018-05,17,5,6,Saturday,1,2018-05-01,2018-05-31
2018-05-06,2018,2,Q2,5,May,2018-05,18,6,7,Sunday,1,2018-05-01,2018-05-31
2018-05-07,2018,2,Q2,5,May,2018-05,18,7,1,Monday,0,2018-05-01,2018-05-31
2018-05-08,2018,2,Q2,5,May,2018-05,18,8,2,Tuesday,0,2018-05-01,2018-05-31
2018-05-09,2018,2,Q2,5,May,2018-05,18,9,3,Wednesday,0,2018-05-01,2018-05-31
2018-05-10,2018,2,Q2,5,May,2018-05,18,10,4,Thursday,0,2018-05-01,2018-05-31
2018-05-11,2018,2,Q2,5,May,2018-05,18,11,5,Friday,0,2018-05-01,2018-05-31
2018-05-12,2018,2,Q2,5,May,2018-05,18,12,6,Saturday,1,2018-05-01,2018-05-31
2018-05-13,2018,2,Q2,5,May,2018-05,19,13,7,Sunday,1,2018-05-01,2018-05-31
2018-05-14,2018,2,Q2,5,May,2018-05,19,14,1,Monday,0,2018-05-01,2018-05-31
2018-05-15,2018,2,Q2,5,May,2018-05,19,15,2,Tuesday,0,2018-05-01,2018-05-31
2018-05-16,2018,2,Q2,5,May,2018-05,19,16,3,Wednesday,0,2018-05-01,2018-05-31
2018-05-17,2018,2,Q2,5,May,2018-05,19,17,4,Thursday,0,2018-05-01,2018-05-31
2018-05-18,2018,2,Q2,5,May,2018-05,19,18,5,Friday,0,2018-05-01,2018-05-31
2018-05-19,2018,2,Q2,5,May,2018-05,19,19,6,Saturday,1,2018-05-01,2018-05-31
2018-05-20,2018,2,Q2,5,May,2018-05,20,20,7,Sunday,1,2018-05-01,2018-05-31
2018-05-21,2018,2,Q2,5,May,2018-05,20,21,1,Monday,0,2018-05-01,2018-05-31
2018-05-22,2018,2,Q2,5,May,2018-05,20,22,2,Tuesday,0,2018-05-01,2018-05-31
2018-05-23,2018,2,Q2,5,May,2018-05,20,23,3,Wednesday,0,2018-05-01,2018-05-31
2018-05-24,2018,2,Q2,5,May,2018-05,20,24,4,Thursday,0,2018-05-01,2018-05-31
2018-05-25,2018,2,Q2,5,May,2018-05,20,25,5,Friday,0,2018-05-01,2018-05-31
2018-05-26,2018,2,Q2,5,May,2018-05,20,26,6,Saturday,1,2018-05-01,2018-05-31
2018-05-27,2018,2,Q2,5,May,2018-05,21,27,7,Sunday,1,2018-05-01,2018-05-31
2018-05-28,2018,2,Q2,5,May,2018-05,21,28,1,Monday,0,2018-05-01,2018-05-31
2018-05-29,2018,2,Q2,5,May,2018-05,21,29,2,Tuesday,0,2018-05-01,2018-05-31
2018-05-30,2018,2,Q2,5,May,2018-05,21,30,3,Wednesday,0,2018-05-01,2018-05-31
2018-05-31,2018,2,Q2,5,May,2018-05,21,31,4,Thursday,0,2018-05-01,2018-05-31
2018-06-01,2018,2,Q2,6,June,2018-06,21,1,5,Friday,0,2018-06-01,2018-06-30
2018-06-02,2018,2,Q2,6,June,2018-06,21,2,6,Saturday,1,2018-06-01,2018-06-30
2018-06-03,2018,2,Q2,6,June,2018-06,22,3,7,Sunday,1,2018-06-01,2018-06-30
2018-06-04,2018,2,Q2,6,June,2018-06,22,4,1,Monday,0,2018-06-01,2018-06-30
2018-06-05,2018,2,Q2,6,June,2018-06,22,5,2,Tuesday,0,2018-06-01,2018-06-30
2018-06-06,2018,2,Q2,6,June,2018-06,22,6,3,Wednesday,0,2018-06-01,2018-06-30
2018-06-07,2018,2,Q2,6,June,2018-06,22,7,4,Thursday,0,2018-06-01,2018-06-30
2018-06-08,2018,2,Q2,6,June,2018-06,22,8,5,Friday,0,2018-06-01,2018-06-30
2018-06-09,2018,2,Q2,6,June,2018-06,22,9,6,Saturday,1,2018-06-01,2018-06-30
2018-06-10,2018,2,Q2,6,June,2018-06,23,10,7,Sunday,1,2018-06-01,2018-06-30
2018-06-11,2018,2,Q2,6,June,2018-06,23,11,1,Monday,0,2018-06-01,2018-06-30
2018-06-12,2018,2,Q2,6,June,2018-06,23,12,2,Tuesday,0,2018-06-01,2018-06-30
2018-06-13,2018,2,Q2,6,June,2018-06,23,13,3,Wednesday,0,2018-06-01,2018-06-30
2018-06-14,2018,2,Q2,6,June,2018-06,23,14,4,Thursday,0,2018-06-01,2018-06-30
2018-06-15,2018,2,Q2,6,June,2018-06,23,15,5,Friday,0,2018-06-01,2018-06-30
2018-06-16,2018,2,Q2,6,June,2018-06,23,16,6,Saturday,1,2018-06-01,2018-06-30
2018-06-17,2018,2,Q2,6,June,2018-06,24,17,7,Sunday,1,2018-06-01,2018-06-30
2018-06-18,2018,2,Q2,6,June,2018-06,24,18,1,Monday,0,2018-06-01,2018-06-30
2018-06-19,2018,2,Q2,6,June,2018-06,24,19,2,Tuesday,0,2018-06-01,2018-06-30
2018-06-20,2018,2,Q2,6,June,2018-06,24,20,3,Wednesday,0,2018-06-01,2018-06-30
2018-06-21,2018,2,Q2,6,June,2018-06,24,21,4,Thursday,0,2018-06-01,2018-06-30
2018-06-22,2018,2,Q2,6,June,2018-06,24,22,5,Friday,0,2018-06-01,2018-06-30
2018-06-23,2018,2,Q2,6,June,2018-06,24,23,6,Saturday,1,2018-06-01,2018-06-30
2018-06-24,2018,2,Q2,6,June,2018-06,25,24,7,Sunday,1,2018-06-01,2018-06-30
2018-06-25,2018,2,Q2,6,June,2018-06,25,25,1,Monday,0,2018-06-01,2018-06-30
2018-06-26,2018,2,Q2,6,June,2018-06,25,26,2,Tuesday,0,2018-06-01,2018-06-30
2018-06-27,2018,2,Q2,6,June,2018-06,25,27,3,Wednesday,0,2018-06-01,2018-06-30
2018-06-28,2018,2,Q2,6,June,2018-06,25,28,4,Thursday,0,2018-06-01,2018-06-30
2018-06-29,2018,2,Q2,6,June,2018-06,25,29,5,Friday,0,2018-06-01,2018-06-30
2018-06-30,2018,2,Q2,6,June,2018-06,25,30,6,Saturday,1,2018-06-01,2018-06-30
2018-07-01,2018,3,Q3,7,July,2018-07,26,1,7,Sunday,1,2018-07-01,2018-07-31
2018-07-02,2018,3,Q3,7,July,2018-07,26,2,1,Monday,0,2018-07-01,2018-07-31
2018-07-03,2018,3,Q3,7,July,2018-07,26,3,2,Tuesday,0,2018-07-01,2018-07-31
2018-07-04,2018,3,Q3,7,July,2018-07,26,4,3,Wednesday,0,2018-07-01,2018-07-31
2018-07-05,2018,3,Q3,7,July,2018-07,26,5,4,Thursday,0,2018-07-01,2018-07-31
2018-07-06,2018,3,Q3,7,July,2018-07,26,6,5,Friday,0,2018-07-01,2018-07-31
2018-07-07,2018,3,Q3,7,July,2018-07,26,7,6,Saturday,1,2018-07-01,2018-07-31
2018-07-08,2018,3,Q3,7,July,2018-07,27,8,7,Sunday,1,2018-07-01,2018-07-31
2018-07-09,2018,3,Q3,7,July,2018-07,27,9,1,Monday,0,2018-07-01,2018-07-31
2018-07-10,2018,3,Q3,7,July,2018-07,27,10,2,Tuesday,0,2018-07-01,2018-07-31
2018-07-11,2018,3,Q3,7,July,2018-07,27,11,3,Wednesday,0,2018-07-01,2018-07-31
2018-07-12,2018,3,Q3,7,July,2018-07,27,12,4,Thursday,0,2018-07-01,2018-07-31
2018-07-13,2018,3,Q3,7,July,2018-07,27,13,5,Friday,0,2018-07-01,2018-07-31
2018-07-14,2018,3,Q3,7,July,2018-07,27,14,6,Saturday,1,2018-07-01,2018-07-31
2018-07-15,2018,3,Q3,7,July,2018-07,28,15,7,Sunday,1,2018-07-01,2018-07-31
2018-07-16,2018,3,Q3,7,July,2018-07,28,16,1,Monday,0,2018-07-01,2018-07-31
2018-07-17,2018,3,Q3,7,July,2018-07,28,17,2,Tuesday,0,2018-07-01,2018-07-31
2018-07-18,2018,3,Q3,7,July,2018-07,28,18,3,Wednesday,0,2018-07-01,2018-07-31
2018-07-19,2018,3,Q3,7,July,2018-07,28,19,4,Thursday,0,2018-07-01,2018-07-31
2018-07-20,2018,3,Q3,7,July,2018-07,28,20,5,Friday,0,2018-07-01,2018-07-31
2018-07-21,2018,3,Q3,7,July,2018-07,28,21,6,Saturday,1,2018-07-01,2018-07-31
2018-07-22,2018,3,Q3,7,July,2018-07,29,22,7,Sunday,1,2018-07-01,2018-07-31
2018-07-23,2018,3,Q3,7,July,2018-07,29,23,1,Monday,0,2018-07-01,2018-07-31
2018-07-24,2018,3,Q3,7,July,2018-07,29,24,2,Tuesday,0,2018-07-01,2018-07-31
2018-07-25,2018,3,Q3,7,July,2018-07,29,25,3,Wednesday,0,2018-07-01,2018-07-31
2018-07-26,2018,3,Q3,7,July,2018-07,29,26,4,Thursday,0,2018-07-01,2018-07-31
2018-07-27,2018,3,Q3,7,July,2018-07,29,27,5,Friday,0,2018-07-01,2018-07-31
2018-07-28,2018,3,Q3,7,July,2018-07,29,28,6,Saturday,1,2018-07-01,2018-07-31
2018-07-29,2018,3,Q3,7,July,2018-07,30,29,7,Sunday,1,2018-07-01,2018-07-31
2018-07-30,2018,3,Q3,7,July,2018-07,30,30,1,Monday,0,2018-07-01,2018-07-31
2018-07-31,2018,3,Q3,7,July,2018-07,30,31,2,Tuesday,0,2018-07-01,2018-07-31
2018-08-01,2018,3,Q3,8,August,2018-08,30,1,3,Wednesday,0,2018-08-01,2018-08-31
2018-08-02,2018,3,Q3,8,August,2018-08,30,2,4,Thursday,0,2018-08-01,2018-08-31
2018-08-03,2018,3,Q3,8,August,2018-08,30,3,5,Friday,0,2018-08-01,2018-08-31
2018-08-04,2018,3,Q3,8,August,2018-08,30,4,6,Saturday,1,2018-08-01,2018-08-31
2018-08-05,2018,3,Q3,8,August,2018-08,31,5,7,Sunday,1,2018-08-01,2018-08-31
2018-08-06,2018,3,Q3,8,August,2018-08,31,6,1,Monday,0,2018-08-01,2018-08-31
2018-08-07,2018,3,Q3,8,August,2018-08,31,7,2,Tuesday,0,2018-08-01,2018-08-31
2018-08-08,2018,3,Q3,8,August,2018-08,31,8,3,Wednesday,0,2018-08-01,2018-08-31
2018-08-09,2018,3,Q3,8,August,2018-08,31,9,4,Thursday,0,2018-08-01,2018-08-31
2018-08-10,2018,3,Q3,8,August,2018-08,31,10,5,Friday,0,2018-08-01,2018-08-31
2018-08-11,2018,3,Q3,8,August,2018-08,31,11,6,Saturday,1,2018-08-01,2018-08-31
2018-08-12,2018,3,Q3,8,August,2018-08,32,12,7,Sunday,1,2018-08-01,2018-08-31
2018-08-13,2018,3,Q3,8,August,2018-08,32,13,1,Monday,0,2018-08-01,2018-08-31
2018-08-14,2018,3,Q3,8,August,2018-08,32,14,2,Tuesday,0,2018-08-01,2018-08-31
2018-08-15,2018,3,Q3,8,August,2018-08,32,15,3,Wednesday,0,2018-08-01,2018-08-31
2018-08-16,2018,3,Q3,8,August,2018-08,32,16,4,Thursday,0,2018-08-01,2018-08-31
2018-08-17,2018,3,Q3,8,August,2018-08,32,17,5,Friday,0,2018-08-01,2018-08-31
2018-08-18,2018,3,Q3,8,August,2018-08,32,18,6,Saturday,1,2018-08-01,2018-08-31
2018-08-19,2018,3,Q3,8,August,2018-08,33,19,7,Sunday,1,2018-08-01,2018-08-31
2018-08-20,2018,3,Q3,8,August,2018-08,33,20,1,Monday,0,2018-08-01,2018-08-31
2018-08-21,2018,3,Q3,8,August,2018-08,33,21,2,Tuesday,0,2018-08-01,2018-08-31
2018-08-22,2018,3,Q3,8,August,2018-08,33,22,3,Wednesday,0,2018-08-01,2018-08-31
2018-08-23,2018,3,Q3,8,August,2018-08,33,23,4,Thursday,0,2018-08-01,2018-08-31
2018-08-24,2018,3,Q3,8,August,2018-08,33,24,5,Friday,0,2018-08-01,2018-08-31
2018-08-25,2018,3,Q3,8,August,2018-08,33,25,6,Saturday,1,2018-08-01,2018-08-31
2018-08-26,2018,3,Q3,8,August,2018-08,34,26,7,Sunday,1,2018-08-01,2018-08-31
2018-08-27,2018,3,Q3,8,August,2018-08,34,27,1,Monday,0,2018-08-01,2018-08-31
2018-08-28,2018,3,Q3,8,August,2018-08,34,28,2,Tuesday,0,2018-08-01,2018-08-31
2018-08-29,2018,3,Q3,8,August,2018-08,34,29,3,Wednesday,0,2018-08-01,2018-08-31
2018-08-30,2018,3,Q3,8,August,2018-08,34,30,4,Thursday,0,2018-08-01,2018-08-31
2018-08-31,2018,3,Q3,8,August,2018-08,34,31,5,Friday,0,2018-08-01,2018-08-31
2018-09-01,2018,3,Q3,9,September,2018-09,34,1,6,Saturday,1,2018-09-01,2018-09-30
2018-09-02,2018,3,Q3,9,September,2018-09,35,2,7,Sunday,1,2018-09-01,2018-09-30
2018-09-03,2018,3,Q3,9,September,2018-09,35,3,1,Monday,0,2018-09-01,2018-09-30
2018-09-04,2018,3,Q3,9,September,2018-09,35,4,2,Tuesday,0,2018-09-01,2018-09-30
2018-09-05,2018,3,Q3,9,September,2018-09,35,5,3,Wednesday,0,2018-09-01,2018-09-30
2018-09-06,2018,3,Q3,9,September,2018-09,35,6,4,Thursday,0,2018-09-01,2018-09-30
2018-09-07,2018,3,Q3,9,September,2018-09,35,7,5,Friday,0,2018-09-01,2018-09-30
2018-09-08,2018,3,Q3,9,September,2018-09,35,8,6,Saturday,1,2018-09-01,2018-09-30
2018-09-09,2018,3,Q3,9,September,2018-09,36,9,7,Sunday,1,2018-09-01,2018-09-30
2018-09-10,2018,3,Q3,9,September,2018-09,36,10,1,Monday,0,2018-09-01,2018-09-30
2018-09-11,2018,3,Q3,9,September,2018-09,36,11,2,Tuesday,0,2018-09-01,2018-09-30
2018-09-12,2018,3,Q3,9,September,2018-09,36,12,3,Wednesday,0,2018-09-01,2018-09-30
2018-09-13,2018,3,Q3,9,September,2018-09,36,13,4,Thursday,0,2018-09-01,2018-09-30
2018-09-14,2018,3,Q3,9,September,2018-09,36,14,5,Friday,0,2018-09-01,2018-09-30
2018-09-15,2018,3,Q3,9,September,2018-09,36,15,6,Saturday,1,2018-09-01,2018-09-30
2018-09-16,2018,3,Q3,9,September,2018-09,37,16,7,Sunday,1,2018-09-01,2018-09-30
2018-09-17,2018,3,Q3,9,September,2018-09,37,17,1,Monday,0,2018-09-01,2018-09-30
2018-09-18,2018,3,Q3,9,September,2018-09,37,18,2,Tuesday,0,2018-09-01,2018-09-30
2018-09-19,2018,3,Q3,9,September,2018-09,37,19,3,Wednesday,0,2018-09-01,2018-09-30
2018-09-20,2018,3,Q3,9,September,2018-09,37,20,4,Thursday,0,2018-09-01,2018-09-30
2018-09-21,2018,3,Q3,9,September,2018-09,37,21,5,Friday,0,2018-09-01,2018-09-30
2018-09-22,2018,3,Q3,9,September,2018-09,37,22,6,Saturday,1,2018-09-01,2018-09-30
2018-09-23,2018,3,Q3,9,September,2018-09,38,23,7,Sunday,1,2018-09-01,2018-09-30
2018-09-24,2018,3,Q3,9,September,2018-09,38,24,1,Monday,0,2018-09-01,2018-09-30
2018-09-25,2018,3,Q3,9,September,2018-09,38,25,2,Tuesday,0,2018-09-01,2018-09-30
2018-09-26,2018,3,Q3,9,September,2018-09,38,26,3,Wednesday,0,2018-09-01,2018-09-30
2018-09-27,2018,3,Q3,9,September,2018-09,38,27,4,Thursday,0,2018-09-01,2018-09-30
2018-09-28,2018,3,Q3,9,September,2018-09,38,28,5,Friday,0,2018-09-01,2018-09-30
2018-09-29,2018,3,Q3,9,September,2018-09,38,29,6,Saturday,1,2018-09-01,2018-09-30
2018-09-30,2018,3,Q3,9,September,2018-09,39,30,7,Sunday,1,2018-09-01,2018-09-30
2018-10-01,2018,4,Q4,10,October,2018-10,39,1,1,Monday,0,2018-10-01,2018-10-31
2018-10-02,2018,4,Q4,10,October,2018-10,39,2,2,Tuesday,0,2018-10-01,2018-10-31
2018-10-03,2018,4,Q4,10,October,2018-10,39,3,3,Wednesday,0,2018-10-01,2018-10-31
2018-10-04,2018,4,Q4,10,October,2018-10,39,4,4,Thursday,0,2018-10-01,2018-10-31
2018-10-05,2018,4,Q4,10,October,2018-10,39,5,5,Friday,0,2018-10-01,2018-10-31
2018-10-06,2018,4,Q4,10,October,2018-10,39,6,6,Saturday,1,2018-10-01,2018-10-31
2018-10-07,2018,4,Q4,10,October,2018-10,40,7,7,Sunday,1,2018-10-01,2018-10-31
2018-10-08,2018,4,Q4,10,October,2018-10,40,8,1,Monday,0,2018-10-01,2018-10-31
2018-10-09,2018,4,Q4,10,October,2018-10,40,9,2,Tuesday,0,2018-10-01,2018-10-31
2018-10-10,2018,4,Q4,10,October,2018-10,40,10,3,Wednesday,0,2018-10-01,2018-10-31
2018-10-11,2018,4,Q4,10,October,2018-10,40,11,4,Thursday,0,2018-10-01,2018-10-31
2018-10-12,2018,4,Q4,10,October,2018-10,40,12,5,Friday,0,2018-10-01,2018-10-31
2018-10-13,2018,4,Q4,10,October,2018-10,40,13,6,Saturday,1,2018-10-01,2018-10-31
2018-10-14,2018,4,Q4,10,October,2018-10,41,14,7,Sunday,1,2018-10-01,2018-10-31
2018-10-15,2018,4,Q4,10,October,2018-10,41,15,1,Monday,0,2018-10-01,2018-10-31
2018-10-16,2018,4,Q4,10,October,2018-10,41,16,2,Tuesday,0,2018-10-01,2018-10-31
2018-10-17,2018,4,Q4,10,October,2018-10,41,17,3,Wednesday,0,2018-10-01,2018-10-31
2018-10-18,2018,4,Q4,10,October,2018-10,41,18,4,Thursday,0,2018-10-01,2018-10-31
2018-10-19,2018,4,Q4,10,October,2018-10,41,19,5,Friday,0,2018-10-01,2018-10-31
2018-10-20,2018,4,Q4,10,October,2018-10,41,20,6,Saturday,1,2018-10-01,2018-10-31
2018-10-21,2018,4,Q4,10,October,2018-10,42,21,7,Sunday,1,2018-10-01,2018-10-31
2018-10-22,2018,4,Q4,10,October,2018-10,42,22,1,Monday,0,2018-10-01,2018-10-31
2018-10-23,2018,4,Q4,10,October,2018-10,42,23,2,Tuesday,0,2018-10-01,2018-10-31
2018-10-24,2018,4,Q4,10,October,2018-10,42,24,3,Wednesday,0,2018-10-01,2018-10-31
2018-10-25,2018,4,Q4,10,October,2018-10,42,25,4,Thursday,0,2018-10-01,2018-10-31
2018-10-26,2018,4,Q4,10,October,2018-10,42,26,5,Friday,0,2018-10-01,2018-10-31
2018-10-27,2018,4,Q4,10,October,2018-10,42,27,6,Saturday,1,2018-10-01,2018-10-31
2018-10-28,2018,4,Q4,10,October,2018-10,43,28,7,Sunday,1,2018-10-01,2018-10-31
2018-10-29,2018,4,Q4,10,October,2018-10,43,29,1,Monday,0,2018-10-01,2018-10-31
2018-10-30,2018,4,Q4,10,October,2018-10,43,30,2,Tuesday,0,2018-10-01,2018-10-31
2018-10-31,2018,4,Q4,10,October,2018-10,43,31,3,Wednesday,0,2018-10-01,2018-10-31
2018-11-01,2018,4,Q4,11,November,2018-11,43,1,4,Thursday,0,2018-11-01,2018-11-30
2018-11-02,2018,4,Q4,11,November,2018-11,43,2,5,Friday,0,2018-11-01,2018-11-30
2018-11-03,2018,4,Q4,11,November,2018-11,43,3,6,Saturday,1,2018-11-01,2018-11-30
2018-11-04,2018,4,Q4,11,November,2018-11,44,4,7,Sunday,1,2018-11-01,2018-11-30
2018-11-05,2018,4,Q4,11,November,2018-11,44,5,1,Monday,0,2018-11-01,2018-11-30
2018-11-06,2018,4,Q4,11,November,2018-11,44,6,2,Tuesday,0,2018-11-01,2018-11-30
2018-11-07,2018,4,Q4,11,November,2018-11,44,7,3,Wednesday,0,2018-11-01,2018-11-30
2018-11-08,2018,4,Q4,11,November,2018-11,44,8,4,Thursday,0,2018-11-01,2018-11-30
2018-11-09,2018,4,Q4,11,November,2018-11,44,9,5,Friday,0,2018-11-01,2018-11-30
2018-11-10,2018,4,Q4,11,November,2018-11,44,10,6,Saturday,1,2018-11-01,2018-11-30
2018-11-11,2018,4,Q4,11,November,2018-11,45,11,7,Sunday,1,2018-11-01,2018-11-30
2018-11-12,2018,4,Q4,11,November,2018-11,45,12,1,Monday,0,2018-11-01,2018-11-30
2018-11-13,2018,4,Q4,11,November,2018-11,45,13,2,Tuesday,0,2018-11-01,2018-11-30
2018-11-14,2018,4,Q4,11,November,2018-11,45,14,3,Wednesday,0,2018-11-01,2018-11-30
2018-11-15,2018,4,Q4,11,November,2018-11,45,15,4,Thursday,0,2018-11-01,2018-11-30
2018-11-16,2018,4,Q4,11,November,2018-11,45,16,5,Friday,0,2018-11-01,2018-11-30
2018-11-17,2018,4,Q4,11,November,2018-11,45,17,6,Saturday,1,2018-11-01,2018-11-30
2018-11-18,2018,4,Q4,11,November,2018-11,46,18,7,Sunday,1,2018-11-01,2018-11-30
2018-11-19,2018,4,Q4,11,November,2018-11,46,19,1,Monday,0,2018-11-01,2018-11-30
2018-11-20,2018,4,Q4,11,November,2018-11,46,20,2,Tuesday,0,2018-11-01,2018-11-30
2018-11-21,2018,4,Q4,11,November,2018-11,46,21,3,Wednesday,0,2018-11-01,2018-11-30
2018-11-22,2018,4,Q4,11,November,2018-11,46,22,4,Thursday,0,2018-11-01,2018-11-30
2018-11-23,2018,4,Q4,11,November,2018-11,46,23,5,Friday,0,2018-11-01,2018-11-30
2018-11-24,2018,4,Q4,11,November,2018-11,46,24,6,Saturday,1,2018-11-01,2018-11-30
2018-11-25,2018,4,Q4,11,November,2018-11,47,25,7,Sunday,1,2018-11-01,2018-11-30
2018-11-26,2018,4,Q4,11,November,2018-11,47,26,1,Monday,0,2018-11-01,2018-11-30
2018-11-27,2018,4,Q4,11,November,2018-11,47,27,2,Tuesday,0,2018-11-01,2018-11-30
2018-11-28,2018,4,Q4,11,November,2018-11,47,28,3,Wednesday,0,2018-11-01,2018-11-30
2018-11-29,2018,4,Q4,11,November,2018-11,47,29,4,Thursday,0,2018-11-01,2018-11-30
2018-11-30,2018,4,Q4,11,November,2018-11,47,30,5,Friday,0,2018-11-01,2018-11-30
2018-12-01,2018,4,Q4,12,December,2018-12,47,1,6,Saturday,1,2018-12-01,2018-12-31
2018-12-02,2018,4,Q4,12,December,2018-12,48,2,7,Sunday,1,2018-12-01,2018-12-31
2018-12-03,2018,4,Q4,12,December,2018-12,48,3,1,Monday,0,2018-12-01,2018-12-31
2018-12-04,2018,4,Q4,12,December,2018-12,48,4,2,Tuesday,0,2018-12-01,2018-12-31
2018-12-05,2018,4,Q4,12,December,2018-12,48,5,3,Wednesday,0,2018-12-01,2018-12-31
2018-12-06,2018,4,Q4,12,December,2018-12,48,6,4,Thursday,0,2018-12-01,2018-12-31
2018-12-07,2018,4,Q4,12,December,2018-12,48,7,5,Friday,0,2018-12-01,2018-12-31
2018-12-08,2018,4,Q4,12,December,2018-12,48,8,6,Saturday,1,2018-12-01,2018-12-31
2018-12-09,2018,4,Q4,12,December,2018-12,49,9,7,Sunday,1,2018-12-01,2018-12-31
2018-12-10,2018,4,Q4,12,December,2018-12,49,10,1,Monday,0,2018-12-01,2018-12-31
2018-12-11,2018,4,Q4,12,December,2018-12,49,11,2,Tuesday,0,2018-12-01,2018-12-31
2018-12-12,2018,4,Q4,12,December,2018-12,49,12,3,Wednesday,0,2018-12-01,2018-12-31
2018-12-13,2018,4,Q4,12,December,2018-12,49,13,4,Thursday,0,2018-12-01,2018-12-31
2018-12-14,2018,4,Q4,12,December,2018-12,49,14,5,Friday,0,2018-12-01,2018-12-31
2018-12-15,2018,4,Q4,12,December,2018-12,49,15,6,Saturday,1,2018-12-01,2018-12-31
2018-12-16,2018,4,Q4,12,December,2018-12,50,16,7,Sunday,1,2018-12-01,2018-12-31
2018-12-17,2018,4,Q4,12,December,2018-12,50,17,1,Monday,0,2018-12-01,2018-12-31
2018-12-18,2018,4,Q4,12,December,2018-12,50,18,2,Tuesday,0,2018-12-01,2018-12-31
2018-12-19,2018,4,Q4,12,December,2018-12,50,19,3,Wednesday,0,2018-12-01,2018-12-31
2018-12-20,2018,4,Q4,12,December,2018-12,50,20,4,Thursday,0,2018-12-01,2018-12-31
2018-12-21,2018,4,Q4,12,December,2018-12,50,21,5,Friday,0,2018-12-01,2018-12-31
2018-12-22,2018,4,Q4,12,December,2018-12,50,22,6,Saturday,1,2018-12-01,2018-12-31
2018-12-23,2018,4,Q4,12,December,2018-12,51,23,7,Sunday,1,2018-12-01,2018-12-31
2018-12-24,2018,4,Q4,12,December,2018-12,51,24,1,Monday,0,2018-12-01,2018-12-31
2018-12-25,2018,4,Q4,12,December,2018-12,51,25,2,Tuesday,0,2018-12-01,2018-12-31
2018-12-26,2018,4,Q4,12,December,2018-12,51,26,3,Wednesday,0,2018-12-01,2018-12-31
2018-12-27,2018,4,Q4,12,December,2018-12,51,27,4,Thursday,0,2018-12-01,2018-12-31
2018-12-28,2018,4,Q4,12,December,2018-12,51,28,5,Friday,0,2018-12-01,2018-12-31
2018-12-29,2018,4,Q4,12,December,2018-12,51,29,6,Saturday,1,2018-12-01,2018-12-31
2018-12-30,2018,4,Q4,12,December,2018-12,52,30,7,Sunday,1,2018-12-01,2018-12-31
2018-12-31,2018,4,Q4,12,December,2018-12,52,31,1,Monday,0,2018-12-01,2018-12-31
2019-01-01,2019,1,Q1,1,January,2019-01,0,1,2,Tuesday,0,2019-01-01,2019-01-31
2019-01-02,2019,1,Q1,1,January,2019-01,0,2,3,Wednesday,0,2019-01-01,2019-01-31
2019-01-03,2019,1,Q1,1,January,2019-01,0,3,4,Thursday,0,2019-01-01,2019-01-31
2019-01-04,2019,1,Q1,1,January,2019-01,0,4,5,Friday,0,2019-01-01,2019-01-31
2019-01-05,2019,1,Q1,1,January,2019-01,0,5,6,Saturday,1,2019-01-01,2019-01-31
2019-01-06,2019,1,Q1,1,January,2019-01,1,6,7,Sunday,1,2019-01-01,2019-01-31
2019-01-07,2019,1,Q1,1,January,2019-01,1,7,1,Monday,0,2019-01-01,2019-01-31
2019-01-08,2019,1,Q1,1,January,2019-01,1,8,2,Tuesday,0,2019-01-01,2019-01-31
2019-01-09,2019,1,Q1,1,January,2019-01,1,9,3,Wednesday,0,2019-01-01,2019-01-31
2019-01-10,2019,1,Q1,1,January,2019-01,1,10,4,Thursday,0,2019-01-01,2019-01-31
2019-01-11,2019,1,Q1,1,January,2019-01,1,11,5,Friday,0,2019-01-01,2019-01-31
2019-01-12,2019,1,Q1,1,January,2019-01,1,12,6,Saturday,1,2019-01-01,2019-01-31
2019-01-13,2019,1,Q1,1,January,2019-01,2,13,7,Sunday,1,2019-01-01,2019-01-31
2019-01-14,2019,1,Q1,1,January,2019-01,2,14,1,Monday,0,2019-01-01,2019-01-31
2019-01-15,2019,1,Q1,1,January,2019-01,2,15,2,Tuesday,0,2019-01-01,2019-01-31
2019-01-16,2019,1,Q1,1,January,2019-01,2,16,3,Wednesday,0,2019-01-01,2019-01-31
2019-01-17,2019,1,Q1,1,January,2019-01,2,17,4,Thursday,0,2019-01-01,2019-01-31
2019-01-18,2019,1,Q1,1,January,2019-01,2,18,5,Friday,0,2019-01-01,2019-01-31
2019-01-19,2019,1,Q1,1,January,2019-01,2,19,6,Saturday,1,2019-01-01,2019-01-31
2019-01-20,2019,1,Q1,1,January,2019-01,3,20,7,Sunday,1,2019-01-01,2019-01-31
2019-01-21,2019,1,Q1,1,January,2019-01,3,21,1,Monday,0,2019-01-01,2019-01-31
2019-01-22,2019,1,Q1,1,January,2019-01,3,22,2,Tuesday,0,2019-01-01,2019-01-31
2019-01-23,2019,1,Q1,1,January,2019-01,3,23,3,Wednesday,0,2019-01-01,2019-01-31
2019-01-24,2019,1,Q1,1,January,2019-01,3,24,4,Thursday,0,2019-01-01,2019-01-31
2019-01-25,2019,1,Q1,1,January,2019-01,3,25,5,Friday,0,2019-01-01,2019-01-31
2019-01-26,2019,1,Q1,1,January,2019-01,3,26,6,Saturday,1,2019-01-01,2019-01-31
2019-01-27,2019,1,Q1,1,January,2019-01,4,27,7,Sunday,1,2019-01-01,2019-01-31
2019-01-28,2019,1,Q1,1,January,2019-01,4,28,1,Monday,0,2019-01-01,2019-01-31
2019-01-29,2019,1,Q1,1,January,2019-01,4,29,2,Tuesday,0,2019-01-01,2019-01-31
2019-01-30,2019,1,Q1,1,January,2019-01,4,30,3,Wednesday,0,2019-01-01,2019-01-31
2019-01-31,2019,1,Q1,1,January,2019-01,4,31,4,Thursday,0,2019-01-01,2019-01-31
2019-02-01,2019,1,Q1,2,February,2019-02,4,1,5,Friday,0,2019-02-01,2019-02-28
2019-02-02,2019,1,Q1,2,February,2019-02,4,2,6,Saturday,1,2019-02-01,2019-02-28
2019-02-03,2019,1,Q1,2,February,2019-02,5,3,7,Sunday,1,2019-02-01,2019-02-28
2019-02-04,2019,1,Q1,2,February,2019-02,5,4,1,Monday,0,2019-02-01,2019-02-28
2019-02-05,2019,1,Q1,2,February,2019-02,5,5,2,Tuesday,0,2019-02-01,2019-02-28
2019-02-06,2019,1,Q1,2,February,2019-02,5,6,3,Wednesday,0,2019-02-01,2019-02-28
2019-02-07,2019,1,Q1,2,February,2019-02,5,7,4,Thursday,0,2019-02-01,2019-02-28
2019-02-08,2019,1,Q1,2,February,2019-02,5,8,5,Friday,0,2019-02-01,2019-02-28
2019-02-09,2019,1,Q1,2,February,2019-02,5,9,6,Saturday,1,2019-02-01,2019-02-28
2019-02-10,2019,1,Q1,2,February,2019-02,6,10,7,Sunday,1,2019-02-01,2019-02-28
2019-02-11,2019,1,Q1,2,February,2019-02,6,11,1,Monday,0,2019-02-01,2019-02-28
2019-02-12,2019,1,Q1,2,February,2019-02,6,12,2,Tuesday,0,2019-02-01,2019-02-28
2019-02-13,2019,1,Q1,2,February,2019-02,6,13,3,Wednesday,0,2019-02-01,2019-02-28
2019-02-14,2019,1,Q1,2,February,2019-02,6,14,4,Thursday,0,2019-02-01,2019-02-28
2019-02-15,2019,1,Q1,2,February,2019-02,6,15,5,Friday,0,2019-02-01,2019-02-28
2019-02-16,2019,1,Q1,2,February,2019-02,6,16,6,Saturday,1,2019-02-01,2019-02-28
2019-02-17,2019,1,Q1,2,February,2019-02,7,17,7,Sunday,1,2019-02-01,2019-02-28
2019-02-18,2019,1,Q1,2,February,2019-02,7,18,1,Monday,0,2019-02-01,2019-02-28
2019-02-19,2019,1,Q1,2,February,2019-02,7,19,2,Tuesday,0,2019-02-01,2019-02-28
2019-02-20,2019,1,Q1,2,February,2019-02,7,20,3,Wednesday,0,2019-02-01,2019-02-28
2019-02-21,2019,1,Q1,2,February,2019-02,7,21,4,Thursday,0,2019-02-01,2019-02-28
2019-02-22,2019,1,Q1,2,February,2019-02,7,22,5,Friday,0,2019-02-01,2019-02-28
2019-02-23,2019,1,Q1,2,February,2019-02,7,23,6,Saturday,1,2019-02-01,2019-02-28
2019-02-24,2019,1,Q1,2,February,2019-02,8,24,7,Sunday,1,2019-02-01,2019-02-28
2019-02-25,2019,1,Q1,2,February,2019-02,8,25,1,Monday,0,2019-02-01,2019-02-28
2019-02-26,2019,1,Q1,2,February,2019-02,8,26,2,Tuesday,0,2019-02-01,2019-02-28
2019-02-27,2019,1,Q1,2,February,2019-02,8,27,3,Wednesday,0,2019-02-01,2019-02-28
2019-02-28,2019,1,Q1,2,February,2019-02,8,28,4,Thursday,0,2019-02-01,2019-02-28
2019-03-01,2019,1,Q1,3,March,2019-03,8,1,5,Friday,0,2019-03-01,2019-03-31
2019-03-02,2019,1,Q1,3,March,2019-03,8,2,6,Saturday,1,2019-03-01,2019-03-31
2019-03-03,2019,1,Q1,3,March,2019-03,9,3,7,Sunday,1,2019-03-01,2019-03-31
2019-03-04,2019,1,Q1,3,March,2019-03,9,4,1,Monday,0,2019-03-01,2019-03-31
2019-03-05,2019,1,Q1,3,March,2019-03,9,5,2,Tuesday,0,2019-03-01,2019-03-31
2019-03-06,2019,1,Q1,3,March,2019-03,9,6,3,Wednesday,0,2019-03-01,2019-03-31
2019-03-07,2019,1,Q1,3,March,2019-03,9,7,4,Thursday,0,2019-03-01,2019-03-31
2019-03-08,2019,1,Q1,3,March,2019-03,9,8,5,Friday,0,2019-03-01,2019-03-31
2019-03-09,2019,1,Q1,3,March,2019-03,9,9,6,Saturday,1,2019-03-01,2019-03-31
2019-03-10,2019,1,Q1,3,March,2019-03,10,10,7,Sunday,1,2019-03-01,2019-03-31
2019-03-11,2019,1,Q1,3,March,2019-03,10,11,1,Monday,0,2019-03-01,2019-03-31
2019-03-12,2019,1,Q1,3,March,2019-03,10,12,2,Tuesday,0,2019-03-01,2019-03-31
2019-03-13,2019,1,Q1,3,March,2019-03,10,13,3,Wednesday,0,2019-03-01,2019-03-31
2019-03-14,2019,1,Q1,3,March,2019-03,10,14,4,Thursday,0,2019-03-01,2019-03-31
2019-03-15,2019,1,Q1,3,March,2019-03,10,15,5,Friday,0,2019-03-01,2019-03-31
2019-03-16,2019,1,Q1,3,March,2019-03,10,16,6,Saturday,1,2019-03-01,2019-03-31
2019-03-17,2019,1,Q1,3,March,2019-03,11,17,7,Sunday,1,2019-03-01,2019-03-31
2019-03-18,2019,1,Q1,3,March,2019-03,11,18,1,Monday,0,2019-03-01,2019-03-31
2019-03-19,2019,1,Q1,3,March,2019-03,11,19,2,Tuesday,0,2019-03-01,2019-03-31
2019-03-20,2019,1,Q1,3,March,2019-03,11,20,3,Wednesday,0,2019-03-01,2019-03-31
2019-03-21,2019,1,Q1,3,March,2019-03,11,21,4,Thursday,0,2019-03-01,2019-03-31
2019-03-22,2019,1,Q1,3,March,2019-03,11,22,5,Friday,0,2019-03-01,2019-03-31
2019-03-23,2019,1,Q1,3,March,2019-03,11,23,6,Saturday,1,2019-03-01,2019-03-31
2019-03-24,2019,1,Q1,3,March,2019-03,12,24,7,Sunday,1,2019-03-01,2019-03-31
2019-03-25,2019,1,Q1,3,March,2019-03,12,25,1,Monday,0,2019-03-01,2019-03-31
2019-03-26,2019,1,Q1,3,March,2019-03,12,26,2,Tuesday,0,2019-03-01,2019-03-31
2019-03-27,2019,1,Q1,3,March,2019-03,12,27,3,Wednesday,0,2019-03-01,2019-03-31
2019-03-28,2019,1,Q1,3,March,2019-03,12,28,4,Thursday,0,2019-03-01,2019-03-31
2019-03-29,2019,1,Q1,3,March,2019-03,12,29,5,Friday,0,2019-03-01,2019-03-31
2019-03-30,2019,1,Q1,3,March,2019-03,12,30,6,Saturday,1,2019-03-01,2019-03-31
2019-03-31,2019,1,Q1,3,March,2019-03,13,31,7,Sunday,1,2019-03-01,2019-03-31
2019-04-01,2019,2,Q2,4,April,2019-04,13,1,1,Monday,0,2019-04-01,2019-04-30
2019-04-02,2019,2,Q2,4,April,2019-04,13,2,2,Tuesday,0,2019-04-01,2019-04-30
2019-04-03,2019,2,Q2,4,April,2019-04,13,3,3,Wednesday,0,2019-04-01,2019-04-30
2019-04-04,2019,2,Q2,4,April,2019-04,13,4,4,Thursday,0,2019-04-01,2019-04-30
2019-04-05,2019,2,Q2,4,April,2019-04,13,5,5,Friday,0,2019-04-01,2019-04-30
2019-04-06,2019,2,Q2,4,April,2019-04,13,6,6,Saturday,1,2019-04-01,2019-04-30
2019-04-07,2019,2,Q2,4,April,2019-04,14,7,7,Sunday,1,2019-04-01,2019-04-30
2019-04-08,2019,2,Q2,4,April,2019-04,14,8,1,Monday,0,2019-04-01,2019-04-30
2019-04-09,2019,2,Q2,4,April,2019-04,14,9,2,Tuesday,0,2019-04-01,2019-04-30
2019-04-10,2019,2,Q2,4,April,2019-04,14,10,3,Wednesday,0,2019-04-01,2019-04-30
2019-04-11,2019,2,Q2,4,April,2019-04,14,11,4,Thursday,0,2019-04-01,2019-04-30
2019-04-12,2019,2,Q2,4,April,2019-04,14,12,5,Friday,0,2019-04-01,2019-04-30
2019-04-13,2019,2,Q2,4,April,2019-04,14,13,6,Saturday,1,2019-04-01,2019-04-30
2019-04-14,2019,2,Q2,4,April,2019-04,15,14,7,Sunday,1,2019-04-01,2019-04-30
2019-04-15,2019,2,Q2,4,April,2019-04,15,15,1,Monday,0,2019-04-01,2019-04-30
2019-04-16,2019,2,Q2,4,April,2019-04,15,16,2,Tuesday,0,2019-04-01,2019-04-30
2019-04-17,2019,2,Q2,4,April,2019-04,15,17,3,Wednesday,0,2019-04-01,2019-04-30
2019-04-18,2019,2,Q2,4,April,2019-04,15,18,4,Thursday,0,2019-04-01,2019-04-30
2019-04-19,2019,2,Q2,4,April,2019-04,15,19,5,Friday,0,2019-04-01,2019-04-30
2019-04-20,2019,2,Q2,4,April,2019-04,15,20,6,Saturday,1,2019-04-01,2019-04-30
2019-04-21,2019,2,Q2,4,April,2019-04,16,21,7,Sunday,1,2019-04-01,2019-04-30
2019-04-22,2019,2,Q2,4,April,2019-04,16,22,1,Monday,0,2019-04-01,2019-04-30
2019-04-23,2019,2,Q2,4,April,2019-04,16,23,2,Tuesday,0,2019-04-01,2019-04-30
2019-04-24,2019,2,Q2,4,April,2019-04,16,24,3,Wednesday,0,2019-04-01,2019-04-30
2019-04-25,2019,2,Q2,4,April,2019-04,16,25,4,Thursday,0,2019-04-01,2019-04-30
2019-04-26,2019,2,Q2,4,April,2019-04,16,26,5,Friday,0,2019-04-01,2019-04-30
2019-04-27,2019,2,Q2,4,April,2019-04,16,27,6,Saturday,1,2019-04-01,2019-04-30
2019-04-28,2019,2,Q2,4,April,2019-04,17,28,7,Sunday,1,2019-04-01,2019-04-30
2019-04-29,2019,2,Q2,4,April,2019-04,17,29,1,Monday,0,2019-04-01,2019-04-30
2019-04-30,2019,2,Q2,4,April,2019-04,17,30,2,Tuesday,0,2019-04-01,2019-04-30
2019-05-01,2019,2,Q2,5,May,2019-05,17,1,3,Wednesday,0,2019-05-01,2019-05-31
2019-05-02,2019,2,Q2,5,May,2019-05,17,2,4,Thursday,0,2019-05-01,2019-05-31
2019-05-03,2019,2,Q2,5,May,2019-05,17,3,5,Friday,0,2019-05-01,2019-05-31
2019-05-04,2019,2,Q2,5,May,2019-05,17,4,6,Saturday,1,2019-05-01,2019-05-31
2019-05-05,2019,2,Q2,5,May,2019-05,18,5,7,Sunday,1,2019-05-01,2019-05-31
2019-05-06,2019,2,Q2,5,May,2019-05,18,6,1,Monday,0,2019-05-01,2019-05-31
2019-05-07,2019,2,Q2,5,May,2019-05,18,7,2,Tuesday,0,2019-05-01,2019-05-31
2019-05-08,2019,2,Q2,5,May,2019-05,18,8,3,Wednesday,0,2019-05-01,2019-05-31
2019-05-09,2019,2,Q2,5,May,2019-05,18,9,4,Thursday,0,2019-05-01,2019-05-31
2019-05-10,2019,2,Q2,5,May,2019-05,18,10,5,Friday,0,2019-05-01,2019-05-31
2019-05-11,2019,2,Q2,5,May,2019-05,18,11,6,Saturday,1,2019-05-01,2019-05-31
2019-05-12,2019,2,Q2,5,May,2019-05,19,12,7,Sunday,1,2019-05-01,2019-05-31
2019-05-13,2019,2,Q2,5,May,2019-05,19,13,1,Monday,0,2019-05-01,2019-05-31
2019-05-14,2019,2,Q2,5,May,2019-05,19,14,2,Tuesday,0,2019-05-01,2019-05-31
2019-05-15,2019,2,Q2,5,May,2019-05,19,15,3,Wednesday,0,2019-05-01,2019-05-31
2019-05-16,2019,2,Q2,5,May,2019-05,19,16,4,Thursday,0,2019-05-01,2019-05-31
2019-05-17,2019,2,Q2,5,May,2019-05,19,17,5,Friday,0,2019-05-01,2019-05-31
2019-05-18,2019,2,Q2,5,May,2019-05,19,18,6,Saturday,1,2019-05-01,2019-05-31
2019-05-19,2019,2,Q2,5,May,2019-05,20,19,7,Sunday,1,2019-05-01,2019-05-31
2019-05-20,2019,2,Q2,5,May,2019-05,20,20,1,Monday,0,2019-05-01,2019-05-31
2019-05-21,2019,2,Q2,5,May,2019-05,20,21,2,Tuesday,0,2019-05-01,2019-05-31
2019-05-22,2019,2,Q2,5,May,2019-05,20,22,3,Wednesday,0,2019-05-01,2019-05-31
2019-05-23,2019,2,Q2,5,May,2019-05,20,23,4,Thursday,0,2019-05-01,2019-05-31
2019-05-24,2019,2,Q2,5,May,2019-05,20,24,5,Friday,0,2019-05-01,2019-05-31
2019-05-25,2019,2,Q2,5,May,2019-05,20,25,6,Saturday,1,2019-05-01,2019-05-31
2019-05-26,2019,2,Q2,5,May,2019-05,21,26,7,Sunday,1,2019-05-01,2019-05-31
2019-05-27,2019,2,Q2,5,May,2019-05,21,27,1,Monday,0,2019-05-01,2019-05-31
2019-05-28,2019,2,Q2,5,May,2019-05,21,28,2,Tuesday,0,2019-05-01,2019-05-31
2019-05-29,2019,2,Q2,5,May,2019-05,21,29,3,Wednesday,0,2019-05-01,2019-05-31
2019-05-30,2019,2,Q2,5,May,2019-05,21,30,4,Thursday,0,2019-05-01,2019-05-31
2019-05-31,2019,2,Q2,5,May,2019-05,21,31,5,Friday,0,2019-05-01,2019-05-31
2019-06-01,2019,2,Q2,6,June,2019-06,21,1,6,Saturday,1,2019-06-01,2019-06-30
2019-06-02,2019,2,Q2,6,June,2019-06,22,2,7,Sunday,1,2019-06-01,2019-06-30
2019-06-03,2019,2,Q2,6,June,2019-06,22,3,1,Monday,0,2019-06-01,2019-06-30
2019-06-04,2019,2,Q2,6,June,2019-06,22,4,2,Tuesday,0,2019-06-01,2019-06-30
2019-06-05,2019,2,Q2,6,June,2019-06,22,5,3,Wednesday,0,2019-06-01,2019-06-30
2019-06-06,2019,2,Q2,6,June,2019-06,22,6,4,Thursday,0,2019-06-01,2019-06-30
2019-06-07,2019,2,Q2,6,June,2019-06,22,7,5,Friday,0,2019-06-01,2019-06-30
2019-06-08,2019,2,Q2,6,June,2019-06,22,8,6,Saturday,1,2019-06-01,2019-06-30
2019-06-09,2019,2,Q2,6,June,2019-06,23,9,7,Sunday,1,2019-06-01,2019-06-30
2019-06-10,2019,2,Q2,6,June,2019-06,23,10,1,Monday,0,2019-06-01,2019-06-30
2019-06-11,2019,2,Q2,6,June,2019-06,23,11,2,Tuesday,0,2019-06-01,2019-06-30
2019-06-12,2019,2,Q2,6,June,2019-06,23,12,3,Wednesday,0,2019-06-01,2019-06-30
2019-06-13,2019,2,Q2,6,June,2019-06,23,13,4,Thursday,0,2019-06-01,2019-06-30
2019-06-14,2019,2,Q2,6,June,2019-06,23,14,5,Friday,0,2019-06-01,2019-06-30
2019-06-15,2019,2,Q2,6,June,2019-06,23,15,6,Saturday,1,2019-06-01,2019-06-30
2019-06-16,2019,2,Q2,6,June,2019-06,24,16,7,Sunday,1,2019-06-01,2019-06-30
2019-06-17,2019,2,Q2,6,June,2019-06,24,17,1,Monday,0,2019-06-01,2019-06-30
2019-06-18,2019,2,Q2,6,June,2019-06,24,18,2,Tuesday,0,2019-06-01,2019-06-30
2019-06-19,2019,2,Q2,6,June,2019-06,24,19,3,Wednesday,0,2019-06-01,2019-06-30
2019-06-20,2019,2,Q2,6,June,2019-06,24,20,4,Thursday,0,2019-06-01,2019-06-30
2019-06-21,2019,2,Q2,6,June,2019-06,24,21,5,Friday,0,2019-06-01,2019-06-30
2019-06-22,2019,2,Q2,6,June,2019-06,24,22,6,Saturday,1,2019-06-01,2019-06-30
2019-06-23,2019,2,Q2,6,June,2019-06,25,23,7,Sunday,1,2019-06-01,2019-06-30
2019-06-24,2019,2,Q2,6,June,2019-06,25,24,1,Monday,0,2019-06-01,2019-06-30
2019-06-25,2019,2,Q2,6,June,2019-06,25,25,2,Tuesday,0,2019-06-01,2019-06-30
2019-06-26,2019,2,Q2,6,June,2019-06,25,26,3,Wednesday,0,2019-06-01,2019-06-30
2019-06-27,2019,2,Q2,6,June,2019-06,25,27,4,Thursday,0,2019-06-01,2019-06-30
2019-06-28,2019,2,Q2,6,June,2019-06,25,28,5,Friday,0,2019-06-01,2019-06-30
2019-06-29,2019,2,Q2,6,June,2019-06,25,29,6,Saturday,1,2019-06-01,2019-06-30
2019-06-30,2019,2,Q2,6,June,2019-06,26,30,7,Sunday,1,2019-06-01,2019-06-30
2019-07-01,2019,3,Q3,7,July,2019-07,26,1,1,Monday,0,2019-07-01,2019-07-31
2019-07-02,2019,3,Q3,7,July,2019-07,26,2,2,Tuesday,0,2019-07-01,2019-07-31
2019-07-03,2019,3,Q3,7,July,2019-07,26,3,3,Wednesday,0,2019-07-01,2019-07-31
2019-07-04,2019,3,Q3,7,July,2019-07,26,4,4,Thursday,0,2019-07-01,2019-07-31
2019-07-05,2019,3,Q3,7,July,2019-07,26,5,5,Friday,0,2019-07-01,2019-07-31
2019-07-06,2019,3,Q3,7,July,2019-07,26,6,6,Saturday,1,2019-07-01,2019-07-31
2019-07-07,2019,3,Q3,7,July,2019-07,27,7,7,Sunday,1,2019-07-01,2019-07-31
2019-07-08,2019,3,Q3,7,July,2019-07,27,8,1,Monday,0,2019-07-01,2019-07-31
2019-07-09,2019,3,Q3,7,July,2019-07,27,9,2,Tuesday,0,2019-07-01,2019-07-31
2019-07-10,2019,3,Q3,7,July,2019-07,27,10,3,Wednesday,0,2019-07-01,2019-07-31
2019-07-11,2019,3,Q3,7,July,2019-07,27,11,4,Thursday,0,2019-07-01,2019-07-31
2019-07-12,2019,3,Q3,7,July,2019-07,27,12,5,Friday,0,2019-07-01,2019-07-31
2019-07-13,2019,3,Q3,7,July,2019-07,27,13,6,Saturday,1,2019-07-01,2019-07-31
2019-07-14,2019,3,Q3,7,July,2019-07,28,14,7,Sunday,1,2019-07-01,2019-07-31
2019-07-15,2019,3,Q3,7,July,2019-07,28,15,1,Monday,0,2019-07-01,2019-07-31
2019-07-16,2019,3,Q3,7,July,2019-07,28,16,2,Tuesday,0,2019-07-01,2019-07-31
2019-07-17,2019,3,Q3,7,July,2019-07,28,17,3,Wednesday,0,2019-07-01,2019-07-31
2019-07-18,2019,3,Q3,7,July,2019-07,28,18,4,Thursday,0,2019-07-01,2019-07-31
2019-07-19,2019,3,Q3,7,July,2019-07,28,19,5,Friday,0,2019-07-01,2019-07-31
2019-07-20,2019,3,Q3,7,July,2019-07,28,20,6,Saturday,1,2019-07-01,2019-07-31
2019-07-21,2019,3,Q3,7,July,2019-07,29,21,7,Sunday,1,2019-07-01,2019-07-31
2019-07-22,2019,3,Q3,7,July,2019-07,29,22,1,Monday,0,2019-07-01,2019-07-31
2019-07-23,2019,3,Q3,7,July,2019-07,29,23,2,Tuesday,0,2019-07-01,2019-07-31
2019-07-24,2019,3,Q3,7,July,2019-07,29,24,3,Wednesday,0,2019-07-01,2019-07-31
2019-07-25,2019,3,Q3,7,July,2019-07,29,25,4,Thursday,0,2019-07-01,2019-07-31
2019-07-26,2019,3,Q3,7,July,2019-07,29,26,5,Friday,0,2019-07-01,2019-07-31
2019-07-27,2019,3,Q3,7,July,2019-07,29,27,6,Saturday,1,2019-07-01,2019-07-31
2019-07-28,2019,3,Q3,7,July,2019-07,30,28,7,Sunday,1,2019-07-01,2019-07-31
2019-07-29,2019,3,Q3,7,July,2019-07,30,29,1,Monday,0,2019-07-01,2019-07-31
2019-07-30,2019,3,Q3,7,July,2019-07,30,30,2,Tuesday,0,2019-07-01,2019-07-31
2019-07-31,2019,3,Q3,7,July,2019-07,30,31,3,Wednesday,0,2019-07-01,2019-07-31
2019-08-01,2019,3,Q3,8,August,2019-08,30,1,4,Thursday,0,2019-08-01,2019-08-31
2019-08-02,2019,3,Q3,8,August,2019-08,30,2,5,Friday,0,2019-08-01,2019-08-31
2019-08-03,2019,3,Q3,8,August,2019-08,30,3,6,Saturday,1,2019-08-01,2019-08-31
2019-08-04,2019,3,Q3,8,August,2019-08,31,4,7,Sunday,1,2019-08-01,2019-08-31
2019-08-05,2019,3,Q3,8,August,2019-08,31,5,1,Monday,0,2019-08-01,2019-08-31
2019-08-06,2019,3,Q3,8,August,2019-08,31,6,2,Tuesday,0,2019-08-01,2019-08-31
2019-08-07,2019,3,Q3,8,August,2019-08,31,7,3,Wednesday,0,2019-08-01,2019-08-31
2019-08-08,2019,3,Q3,8,August,2019-08,31,8,4,Thursday,0,2019-08-01,2019-08-31
2019-08-09,2019,3,Q3,8,August,2019-08,31,9,5,Friday,0,2019-08-01,2019-08-31
2019-08-10,2019,3,Q3,8,August,2019-08,31,10,6,Saturday,1,2019-08-01,2019-08-31
2019-08-11,2019,3,Q3,8,August,2019-08,32,11,7,Sunday,1,2019-08-01,2019-08-31
2019-08-12,2019,3,Q3,8,August,2019-08,32,12,1,Monday,0,2019-08-01,2019-08-31
2019-08-13,2019,3,Q3,8,August,2019-08,32,13,2,Tuesday,0,2019-08-01,2019-08-31
2019-08-14,2019,3,Q3,8,August,2019-08,32,14,3,Wednesday,0,2019-08-01,2019-08-31
2019-08-15,2019,3,Q3,8,August,2019-08,32,15,4,Thursday,0,2019-08-01,2019-08-31
2019-08-16,2019,3,Q3,8,August,2019-08,32,16,5,Friday,0,2019-08-01,2019-08-31
2019-08-17,2019,3,Q3,8,August,2019-08,32,17,6,Saturday,1,2019-08-01,2019-08-31
2019-08-18,2019,3,Q3,8,August,2019-08,33,18,7,Sunday,1,2019-08-01,2019-08-31
2019-08-19,2019,3,Q3,8,August,2019-08,33,19,1,Monday,0,2019-08-01,2019-08-31
2019-08-20,2019,3,Q3,8,August,2019-08,33,20,2,Tuesday,0,2019-08-01,2019-08-31
2019-08-21,2019,3,Q3,8,August,2019-08,33,21,3,Wednesday,0,2019-08-01,2019-08-31
2019-08-22,2019,3,Q3,8,August,2019-08,33,22,4,Thursday,0,2019-08-01,2019-08-31
2019-08-23,2019,3,Q3,8,August,2019-08,33,23,5,Friday,0,2019-08-01,2019-08-31
2019-08-24,2019,3,Q3,8,August,2019-08,33,24,6,Saturday,1,2019-08-01,2019-08-31
2019-08-25,2019,3,Q3,8,August,2019-08,34,25,7,Sunday,1,2019-08-01,2019-08-31
2019-08-26,2019,3,Q3,8,August,2019-08,34,26,1,Monday,0,2019-08-01,2019-08-31
2019-08-27,2019,3,Q3,8,August,2019-08,34,27,2,Tuesday,0,2019-08-01,2019-08-31
2019-08-28,2019,3,Q3,8,August,2019-08,34,28,3,Wednesday,0,2019-08-01,2019-08-31
2019-08-29,2019,3,Q3,8,August,2019-08,34,29,4,Thursday,0,2019-08-01,2019-08-31
2019-08-30,2019,3,Q3,8,August,2019-08,34,30,5,Friday,0,2019-08-01,2019-08-31
2019-08-31,2019,3,Q3,8,August,2019-08,34,31,6,Saturday,1,2019-08-01,2019-08-31
2019-09-01,2019,3,Q3,9,September,2019-09,35,1,7,Sunday,1,2019-09-01,2019-09-30
2019-09-02,2019,3,Q3,9,September,2019-09,35,2,1,Monday,0,2019-09-01,2019-09-30
2019-09-03,2019,3,Q3,9,September,2019-09,35,3,2,Tuesday,0,2019-09-01,2019-09-30
2019-09-04,2019,3,Q3,9,September,2019-09,35,4,3,Wednesday,0,2019-09-01,2019-09-30
2019-09-05,2019,3,Q3,9,September,2019-09,35,5,4,Thursday,0,2019-09-01,2019-09-30
2019-09-06,2019,3,Q3,9,September,2019-09,35,6,5,Friday,0,2019-09-01,2019-09-30
2019-09-07,2019,3,Q3,9,September,2019-09,35,7,6,Saturday,1,2019-09-01,2019-09-30
2019-09-08,2019,3,Q3,9,September,2019-09,36,8,7,Sunday,1,2019-09-01,2019-09-30
2019-09-09,2019,3,Q3,9,September,2019-09,36,9,1,Monday,0,2019-09-01,2019-09-30
2019-09-10,2019,3,Q3,9,September,2019-09,36,10,2,Tuesday,0,2019-09-01,2019-09-30
2019-09-11,2019,3,Q3,9,September,2019-09,36,11,3,Wednesday,0,2019-09-01,2019-09-30
2019-09-12,2019,3,Q3,9,September,2019-09,36,12,4,Thursday,0,2019-09-01,2019-09-30
2019-09-13,2019,3,Q3,9,September,2019-09,36,13,5,Friday,0,2019-09-01,2019-09-30
2019-09-14,2019,3,Q3,9,September,2019-09,36,14,6,Saturday,1,2019-09-01,2019-09-30
2019-09-15,2019,3,Q3,9,September,2019-09,37,15,7,Sunday,1,2019-09-01,2019-09-30
2019-09-16,2019,3,Q3,9,September,2019-09,37,16,1,Monday,0,2019-09-01,2019-09-30
2019-09-17,2019,3,Q3,9,September,2019-09,37,17,2,Tuesday,0,2019-09-01,2019-09-30
2019-09-18,2019,3,Q3,9,September,2019-09,37,18,3,Wednesday,0,2019-09-01,2019-09-30
2019-09-19,2019,3,Q3,9,September,2019-09,37,19,4,Thursday,0,2019-09-01,2019-09-30
2019-09-20,2019,3,Q3,9,September,2019-09,37,20,5,Friday,0,2019-09-01,2019-09-30
2019-09-21,2019,3,Q3,9,September,2019-09,37,21,6,Saturday,1,2019-09-01,2019-09-30
2019-09-22,2019,3,Q3,9,September,2019-09,38,22,7,Sunday,1,2019-09-01,2019-09-30
2019-09-23,2019,3,Q3,9,September,2019-09,38,23,1,Monday,0,2019-09-01,2019-09-30
2019-09-24,2019,3,Q3,9,September,2019-09,38,24,2,Tuesday,0,2019-09-01,2019-09-30
2019-09-25,2019,3,Q3,9,September,2019-09,38,25,3,Wednesday,0,2019-09-01,2019-09-30
2019-09-26,2019,3,Q3,9,September,2019-09,38,26,4,Thursday,0,2019-09-01,2019-09-30
2019-09-27,2019,3,Q3,9,September,2019-09,38,27,5,Friday,0,2019-09-01,2019-09-30
2019-09-28,2019,3,Q3,9,September,2019-09,38,28,6,Saturday,1,2019-09-01,2019-09-30
2019-09-29,2019,3,Q3,9,September,2019-09,39,29,7,Sunday,1,2019-09-01,2019-09-30
2019-09-30,2019,3,Q3,9,September,2019-09,39,30,1,Monday,0,2019-09-01,2019-09-30
2019-10-01,2019,4,Q4,10,October,2019-10,39,1,2,Tuesday,0,2019-10-01,2019-10-31
2019-10-02,2019,4,Q4,10,October,2019-10,39,2,3,Wednesday,0,2019-10-01,2019-10-31
2019-10-03,2019,4,Q4,10,October,2019-10,39,3,4,Thursday,0,2019-10-01,2019-10-31
2019-10-04,2019,4,Q4,10,October,2019-10,39,4,5,Friday,0,2019-10-01,2019-10-31
2019-10-05,2019,4,Q4,10,October,2019-10,39,5,6,Saturday,1,2019-10-01,2019-10-31
2019-10-06,2019,4,Q4,10,October,2019-10,40,6,7,Sunday,1,2019-10-01,2019-10-31
2019-10-07,2019,4,Q4,10,October,2019-10,40,7,1,Monday,0,2019-10-01,2019-10-31
2019-10-08,2019,4,Q4,10,October,2019-10,40,8,2,Tuesday,0,2019-10-01,2019-10-31
2019-10-09,2019,4,Q4,10,October,2019-10,40,9,3,Wednesday,0,2019-10-01,2019-10-31
2019-10-10,2019,4,Q4,10,October,2019-10,40,10,4,Thursday,0,2019-10-01,2019-10-31
2019-10-11,2019,4,Q4,10,October,2019-10,40,11,5,Friday,0,2019-10-01,2019-10-31
2019-10-12,2019,4,Q4,10,October,2019-10,40,12,6,Saturday,1,2019-10-01,2019-10-31
2019-10-13,2019,4,Q4,10,October,2019-10,41,13,7,Sunday,1,2019-10-01,2019-10-31
2019-10-14,2019,4,Q4,10,October,2019-10,41,14,1,Monday,0,2019-10-01,2019-10-31
2019-10-15,2019,4,Q4,10,October,2019-10,41,15,2,Tuesday,0,2019-10-01,2019-10-31
2019-10-16,2019,4,Q4,10,October,2019-10,41,16,3,Wednesday,0,2019-10-01,2019-10-31
2019-10-17,2019,4,Q4,10,October,2019-10,41,17,4,Thursday,0,2019-10-01,2019-10-31
2019-10-18,2019,4,Q4,10,October,2019-10,41,18,5,Friday,0,2019-10-01,2019-10-31
2019-10-19,2019,4,Q4,10,October,2019-10,41,19,6,Saturday,1,2019-10-01,2019-10-31
2019-10-20,2019,4,Q4,10,October,2019-10,42,20,7,Sunday,1,2019-10-01,2019-10-31
2019-10-21,2019,4,Q4,10,October,2019-10,42,21,1,Monday,0,2019-10-01,2019-10-31
2019-10-22,2019,4,Q4,10,October,2019-10,42,22,2,Tuesday,0,2019-10-01,2019-10-31
2019-10-23,2019,4,Q4,10,October,2019-10,42,23,3,Wednesday,0,2019-10-01,2019-10-31
2019-10-24,2019,4,Q4,10,October,2019-10,42,24,4,Thursday,0,2019-10-01,2019-10-31
2019-10-25,2019,4,Q4,10,October,2019-10,42,25,5,Friday,0,2019-10-01,2019-10-31
2019-10-26,2019,4,Q4,10,October,2019-10,42,26,6,Saturday,1,2019-10-01,2019-10-31
2019-10-27,2019,4,Q4,10,October,2019-10,43,27,7,Sunday,1,2019-10-01,2019-10-31
2019-10-28,2019,4,Q4,10,October,2019-10,43,28,1,Monday,0,2019-10-01,2019-10-31
2019-10-29,2019,4,Q4,10,October,2019-10,43,29,2,Tuesday,0,2019-10-01,2019-10-31
2019-10-30,2019,4,Q4,10,October,2019-10,43,30,3,Wednesday,0,2019-10-01,2019-10-31
2019-10-31,2019,4,Q4,10,October,2019-10,43,31,4,Thursday,0,2019-10-01,2019-10-31
2019-11-01,2019,4,Q4,11,November,2019-11,43,1,5,Friday,0,2019-11-01,2019-11-30
2019-11-02,2019,4,Q4,11,November,2019-11,43,2,6,Saturday,1,2019-11-01,2019-11-30
2019-11-03,2019,4,Q4,11,November,2019-11,44,3,7,Sunday,1,2019-11-01,2019-11-30
2019-11-04,2019,4,Q4,11,November,2019-11,44,4,1,Monday,0,2019-11-01,2019-11-30
2019-11-05,2019,4,Q4,11,November,2019-11,44,5,2,Tuesday,0,2019-11-01,2019-11-30
2019-11-06,2019,4,Q4,11,November,2019-11,44,6,3,Wednesday,0,2019-11-01,2019-11-30
2019-11-07,2019,4,Q4,11,November,2019-11,44,7,4,Thursday,0,2019-11-01,2019-11-30
2019-11-08,2019,4,Q4,11,November,2019-11,44,8,5,Friday,0,2019-11-01,2019-11-30
2019-11-09,2019,4,Q4,11,November,2019-11,44,9,6,Saturday,1,2019-11-01,2019-11-30
2019-11-10,2019,4,Q4,11,November,2019-11,45,10,7,Sunday,1,2019-11-01,2019-11-30
2019-11-11,2019,4,Q4,11,November,2019-11,45,11,1,Monday,0,2019-11-01,2019-11-30
2019-11-12,2019,4,Q4,11,November,2019-11,45,12,2,Tuesday,0,2019-11-01,2019-11-30
2019-11-13,2019,4,Q4,11,November,2019-11,45,13,3,Wednesday,0,2019-11-01,2019-11-30
2019-11-14,2019,4,Q4,11,November,2019-11,45,14,4,Thursday,0,2019-11-01,2019-11-30
2019-11-15,2019,4,Q4,11,November,2019-11,45,15,5,Friday,0,2019-11-01,2019-11-30
2019-11-16,2019,4,Q4,11,November,2019-11,45,16,6,Saturday,1,2019-11-01,2019-11-30
2019-11-17,2019,4,Q4,11,November,2019-11,46,17,7,Sunday,1,2019-11-01,2019-11-30
2019-11-18,2019,4,Q4,11,November,2019-11,46,18,1,Monday,0,2019-11-01,2019-11-30
2019-11-19,2019,4,Q4,11,November,2019-11,46,19,2,Tuesday,0,2019-11-01,2019-11-30
2019-11-20,2019,4,Q4,11,November,2019-11,46,20,3,Wednesday,0,2019-11-01,2019-11-30
2019-11-21,2019,4,Q4,11,November,2019-11,46,21,4,Thursday,0,2019-11-01,2019-11-30
2019-11-22,2019,4,Q4,11,November,2019-11,46,22,5,Friday,0,2019-11-01,2019-11-30
2019-11-23,2019,4,Q4,11,November,2019-11,46,23,6,Saturday,1,2019-11-01,2019-11-30
2019-11-24,2019,4,Q4,11,November,2019-11,47,24,7,Sunday,1,2019-11-01,2019-11-30
2019-11-25,2019,4,Q4,11,November,2019-11,47,25,1,Monday,0,2019-11-01,2019-11-30
2019-11-26,2019,4,Q4,11,November,2019-11,47,26,2,Tuesday,0,2019-11-01,2019-11-30
2019-11-27,2019,4,Q4,11,November,2019-11,47,27,3,Wednesday,0,2019-11-01,2019-11-30
2019-11-28,2019,4,Q4,11,November,2019-11,47,28,4,Thursday,0,2019-11-01,2019-11-30
2019-11-29,2019,4,Q4,11,November,2019-11,47,29,5,Friday,0,2019-11-01,2019-11-30
2019-11-30,2019,4,Q4,11,November,2019-11,47,30,6,Saturday,1,2019-11-01,2019-11-30
2019-12-01,2019,4,Q4,12,December,2019-12,48,1,7,Sunday,1,2019-12-01,2019-12-31
2019-12-02,2019,4,Q4,12,December,2019-12,48,2,1,Monday,0,2019-12-01,2019-12-31
2019-12-03,2019,4,Q4,12,December,2019-12,48,3,2,Tuesday,0,2019-12-01,2019-12-31
2019-12-04,2019,4,Q4,12,December,2019-12,48,4,3,Wednesday,0,2019-12-01,2019-12-31
2019-12-05,2019,4,Q4,12,December,2019-12,48,5,4,Thursday,0,2019-12-01,2019-12-31
2019-12-06,2019,4,Q4,12,December,2019-12,48,6,5,Friday,0,2019-12-01,2019-12-31
2019-12-07,2019,4,Q4,12,December,2019-12,48,7,6,Saturday,1,2019-12-01,2019-12-31
2019-12-08,2019,4,Q4,12,December,2019-12,49,8,7,Sunday,1,2019-12-01,2019-12-31
2019-12-09,2019,4,Q4,12,December,2019-12,49,9,1,Monday,0,2019-12-01,2019-12-31
2019-12-10,2019,4,Q4,12,December,2019-12,49,10,2,Tuesday,0,2019-12-01,2019-12-31
2019-12-11,2019,4,Q4,12,December,2019-12,49,11,3,Wednesday,0,2019-12-01,2019-12-31
2019-12-12,2019,4,Q4,12,December,2019-12,49,12,4,Thursday,0,2019-12-01,2019-12-31
2019-12-13,2019,4,Q4,12,December,2019-12,49,13,5,Friday,0,2019-12-01,2019-12-31
2019-12-14,2019,4,Q4,12,December,2019-12,49,14,6,Saturday,1,2019-12-01,2019-12-31
2019-12-15,2019,4,Q4,12,December,2019-12,50,15,7,Sunday,1,2019-12-01,2019-12-31
2019-12-16,2019,4,Q4,12,December,2019-12,50,16,1,Monday,0,2019-12-01,2019-12-31
2019-12-17,2019,4,Q4,12,December,2019-12,50,17,2,Tuesday,0,2019-12-01,2019-12-31
2019-12-18,2019,4,Q4,12,December,2019-12,50,18,3,Wednesday,0,2019-12-01,2019-12-31
2019-12-19,2019,4,Q4,12,December,2019-12,50,19,4,Thursday,0,2019-12-01,2019-12-31
2019-12-20,2019,4,Q4,12,December,2019-12,50,20,5,Friday,0,2019-12-01,2019-12-31
2019-12-21,2019,4,Q4,12,December,2019-12,50,21,6,Saturday,1,2019-12-01,2019-12-31
2019-12-22,2019,4,Q4,12,December,2019-12,51,22,7,Sunday,1,2019-12-01,2019-12-31
2019-12-23,2019,4,Q4,12,December,2019-12,51,23,1,Monday,0,2019-12-01,2019-12-31
2019-12-24,2019,4,Q4,12,December,2019-12,51,24,2,Tuesday,0,2019-12-01,2019-12-31
2019-12-25,2019,4,Q4,12,December,2019-12,51,25,3,Wednesday,0,2019-12-01,2019-12-31
2019-12-26,2019,4,Q4,12,December,2019-12,51,26,4,Thursday,0,2019-12-01,2019-12-31
2019-12-27,2019,4,Q4,12,December,2019-12,51,27,5,Friday,0,2019-12-01,2019-12-31
2019-12-28,2019,4,Q4,12,December,2019-12,51,28,6,Saturday,1,2019-12-01,2019-12-31
2019-12-29,2019,4,Q4,12,December,2019-12,52,29,7,Sunday,1,2019-12-01,2019-12-31
2019-12-30,2019,4,Q4,12,December,2019-12,52,30,1,Monday,0,2019-12-01,2019-12-31
2019-12-31,2019,4,Q4,12,December,2019-12,52,31,2,Tuesday,0,2019-12-01,2019-12-31
2020-01-01,2020,1,Q1,1,January,2020-01,0,1,3,Wednesday,0,2020-01-01,2020-01-31
2020-01-02,2020,1,Q1,1,January,2020-01,0,2,4,Thursday,0,2020-01-01,2020-01-31
2020-01-03,2020,1,Q1,1,January,2020-01,0,3,5,Friday,0,2020-01-01,2020-01-31
2020-01-04,2020,1,Q1,1,January,2020-01,0,4,6,Saturday,1,2020-01-01,2020-01-31
2020-01-05,2020,1,Q1,1,January,2020-01,1,5,7,Sunday,1,2020-01-01,2020-01-31
2020-01-06,2020,1,Q1,1,January,2020-01,1,6,1,Monday,0,2020-01-01,2020-01-31
2020-01-07,2020,1,Q1,1,January,2020-01,1,7,2,Tuesday,0,2020-01-01,2020-01-31
2020-01-08,2020,1,Q1,1,January,2020-01,1,8,3,Wednesday,0,2020-01-01,2020-01-31
2020-01-09,2020,1,Q1,1,January,2020-01,1,9,4,Thursday,0,2020-01-01,2020-01-31
2020-01-10,2020,1,Q1,1,January,2020-01,1,10,5,Friday,0,2020-01-01,2020-01-31
2020-01-11,2020,1,Q1,1,January,2020-01,1,11,6,Saturday,1,2020-01-01,2020-01-31
2020-01-12,2020,1,Q1,1,January,2020-01,2,12,7,Sunday,1,2020-01-01,2020-01-31
2020-01-13,2020,1,Q1,1,January,2020-01,2,13,1,Monday,0,2020-01-01,2020-01-31
2020-01-14,2020,1,Q1,1,January,2020-01,2,14,2,Tuesday,0,2020-01-01,2020-01-31
2020-01-15,2020,1,Q1,1,January,2020-01,2,15,3,Wednesday,0,2020-01-01,2020-01-31
2020-01-16,2020,1,Q1,1,January,2020-01,2,16,4,Thursday,0,2020-01-01,2020-01-31
2020-01-17,2020,1,Q1,1,January,2020-01,2,17,5,Friday,0,2020-01-01,2020-01-31
2020-01-18,2020,1,Q1,1,January,2020-01,2,18,6,Saturday,1,2020-01-01,2020-01-31
2020-01-19,2020,1,Q1,1,January,2020-01,3,19,7,Sunday,1,2020-01-01,2020-01-31
2020-01-20,2020,1,Q1,1,January,2020-01,3,20,1,Monday,0,2020-01-01,2020-01-31
2020-01-21,2020,1,Q1,1,January,2020-01,3,21,2,Tuesday,0,2020-01-01,2020-01-31
2020-01-22,2020,1,Q1,1,January,2020-01,3,22,3,Wednesday,0,2020-01-01,2020-01-31
2020-01-23,2020,1,Q1,1,January,2020-01,3,23,4,Thursday,0,2020-01-01,2020-01-31
2020-01-24,2020,1,Q1,1,January,2020-01,3,24,5,Friday,0,2020-01-01,2020-01-31
2020-01-25,2020,1,Q1,1,January,2020-01,3,25,6,Saturday,1,2020-01-01,2020-01-31
2020-01-26,2020,1,Q1,1,January,2020-01,4,26,7,Sunday,1,2020-01-01,2020-01-31
2020-01-27,2020,1,Q1,1,January,2020-01,4,27,1,Monday,0,2020-01-01,2020-01-31
2020-01-28,2020,1,Q1,1,January,2020-01,4,28,2,Tuesday,0,2020-01-01,2020-01-31
2020-01-29,2020,1,Q1,1,January,2020-01,4,29,3,Wednesday,0,2020-01-01,2020-01-31
2020-01-30,2020,1,Q1,1,January,2020-01,4,30,4,Thursday,0,2020-01-01,2020-01-31
2020-01-31,2020,1,Q1,1,January,2020-01,4,31,5,Friday,0,2020-01-01,2020-01-31
2020-02-01,2020,1,Q1,2,February,2020-02,4,1,6,Saturday,1,2020-02-01,2020-02-29
2020-02-02,2020,1,Q1,2,February,2020-02,5,2,7,Sunday,1,2020-02-01,2020-02-29
2020-02-03,2020,1,Q1,2,February,2020-02,5,3,1,Monday,0,2020-02-01,2020-02-29
2020-02-04,2020,1,Q1,2,February,2020-02,5,4,2,Tuesday,0,2020-02-01,2020-02-29
2020-02-05,2020,1,Q1,2,February,2020-02,5,5,3,Wednesday,0,2020-02-01,2020-02-29
2020-02-06,2020,1,Q1,2,February,2020-02,5,6,4,Thursday,0,2020-02-01,2020-02-29
2020-02-07,2020,1,Q1,2,February,2020-02,5,7,5,Friday,0,2020-02-01,2020-02-29
2020-02-08,2020,1,Q1,2,February,2020-02,5,8,6,Saturday,1,2020-02-01,2020-02-29
2020-02-09,2020,1,Q1,2,February,2020-02,6,9,7,Sunday,1,2020-02-01,2020-02-29
2020-02-10,2020,1,Q1,2,February,2020-02,6,10,1,Monday,0,2020-02-01,2020-02-29
2020-02-11,2020,1,Q1,2,February,2020-02,6,11,2,Tuesday,0,2020-02-01,2020-02-29
2020-02-12,2020,1,Q1,2,February,2020-02,6,12,3,Wednesday,0,2020-02-01,2020-02-29
2020-02-13,2020,1,Q1,2,February,2020-02,6,13,4,Thursday,0,2020-02-01,2020-02-29
2020-02-14,2020,1,Q1,2,February,2020-02,6,14,5,Friday,0,2020-02-01,2020-02-29
2020-02-15,2020,1,Q1,2,February,2020-02,6,15,6,Saturday,1,2020-02-01,2020-02-29
2020-02-16,2020,1,Q1,2,February,2020-02,7,16,7,Sunday,1,2020-02-01,2020-02-29
2020-02-17,2020,1,Q1,2,February,2020-02,7,17,1,Monday,0,2020-02-01,2020-02-29
2020-02-18,2020,1,Q1,2,February,2020-02,7,18,2,Tuesday,0,2020-02-01,2020-02-29
2020-02-19,2020,1,Q1,2,February,2020-02,7,19,3,Wednesday,0,2020-02-01,2020-02-29
2020-02-20,2020,1,Q1,2,February,2020-02,7,20,4,Thursday,0,2020-02-01,2020-02-29
2020-02-21,2020,1,Q1,2,February,2020-02,7,21,5,Friday,0,2020-02-01,2020-02-29
2020-02-22,2020,1,Q1,2,February,2020-02,7,22,6,Saturday,1,2020-02-01,2020-02-29
2020-02-23,2020,1,Q1,2,February,2020-02,8,23,7,Sunday,1,2020-02-01,2020-02-29
2020-02-24,2020,1,Q1,2,February,2020-02,8,24,1,Monday,0,2020-02-01,2020-02-29
2020-02-25,2020,1,Q1,2,February,2020-02,8,25,2,Tuesday,0,2020-02-01,2020-02-29
2020-02-26,2020,1,Q1,2,February,2020-02,8,26,3,Wednesday,0,2020-02-01,2020-02-29
2020-02-27,2020,1,Q1,2,February,2020-02,8,27,4,Thursday,0,2020-02-01,2020-02-29
2020-02-28,2020,1,Q1,2,February,2020-02,8,28,5,Friday,0,2020-02-01,2020-02-29
2020-02-29,2020,1,Q1,2,February,2020-02,8,29,6,Saturday,1,2020-02-01,2020-02-29
2020-03-01,2020,1,Q1,3,March,2020-03,9,1,7,Sunday,1,2020-03-01,2020-03-31
2020-03-02,2020,1,Q1,3,March,2020-03,9,2,1,Monday,0,2020-03-01,2020-03-31
2020-03-03,2020,1,Q1,3,March,2020-03,9,3,2,Tuesday,0,2020-03-01,2020-03-31
2020-03-04,2020,1,Q1,3,March,2020-03,9,4,3,Wednesday,0,2020-03-01,2020-03-31
2020-03-05,2020,1,Q1,3,March,2020-03,9,5,4,Thursday,0,2020-03-01,2020-03-31
2020-03-06,2020,1,Q1,3,March,2020-03,9,6,5,Friday,0,2020-03-01,2020-03-31
2020-03-07,2020,1,Q1,3,March,2020-03,9,7,6,Saturday,1,2020-03-01,2020-03-31
2020-03-08,2020,1,Q1,3,March,2020-03,10,8,7,Sunday,1,2020-03-01,2020-03-31
2020-03-09,2020,1,Q1,3,March,2020-03,10,9,1,Monday,0,2020-03-01,2020-03-31
2020-03-10,2020,1,Q1,3,March,2020-03,10,10,2,Tuesday,0,2020-03-01,2020-03-31
2020-03-11,2020,1,Q1,3,March,2020-03,10,11,3,Wednesday,0,2020-03-01,2020-03-31
2020-03-12,2020,1,Q1,3,March,2020-03,10,12,4,Thursday,0,2020-03-01,2020-03-31
2020-03-13,2020,1,Q1,3,March,2020-03,10,13,5,Friday,0,2020-03-01,2020-03-31
2020-03-14,2020,1,Q1,3,March,2020-03,10,14,6,Saturday,1,2020-03-01,2020-03-31
2020-03-15,2020,1,Q1,3,March,2020-03,11,15,7,Sunday,1,2020-03-01,2020-03-31
2020-03-16,2020,1,Q1,3,March,2020-03,11,16,1,Monday,0,2020-03-01,2020-03-31
2020-03-17,2020,1,Q1,3,March,2020-03,11,17,2,Tuesday,0,2020-03-01,2020-03-31
2020-03-18,2020,1,Q1,3,March,2020-03,11,18,3,Wednesday,0,2020-03-01,2020-03-31
2020-03-19,2020,1,Q1,3,March,2020-03,11,19,4,Thursday,0,2020-03-01,2020-03-31
2020-03-20,2020,1,Q1,3,March,2020-03,11,20,5,Friday,0,2020-03-01,2020-03-31
2020-03-21,2020,1,Q1,3,March,2020-03,11,21,6,Saturday,1,2020-03-01,2020-03-31
2020-03-22,2020,1,Q1,3,March,2020-03,12,22,7,Sunday,1,2020-03-01,2020-03-31
2020-03-23,2020,1,Q1,3,March,2020-03,12,23,1,Monday,0,2020-03-01,2020-03-31
2020-03-24,2020,1,Q1,3,March,2020-03,12,24,2,Tuesday,0,2020-03-01,2020-03-31
2020-03-25,2020,1,Q1,3,March,2020-03,12,25,3,Wednesday,0,2020-03-01,2020-03-31
2020-03-26,2020,1,Q1,3,March,2020-03,12,26,4,Thursday,0,2020-03-01,2020-03-31
2020-03-27,2020,1,Q1,3,March,2020-03,12,27,5,Friday,0,2020-03-01,2020-03-31
2020-03-28,2020,1,Q1,3,March,2020-03,12,28,6,Saturday,1,2020-03-01,2020-03-31
2020-03-29,2020,1,Q1,3,March,2020-03,13,29,7,Sunday,1,2020-03-01,2020-03-31
2020-03-30,2020,1,Q1,3,March,2020-03,13,30,1,Monday,0,2020-03-01,2020-03-31
2020-03-31,2020,1,Q1,3,March,2020-03,13,31,2,Tuesday,0,2020-03-01,2020-03-31
2020-04-01,2020,2,Q2,4,April,2020-04,13,1,3,Wednesday,0,2020-04-01,2020-04-30
2020-04-02,2020,2,Q2,4,April,2020-04,13,2,4,Thursday,0,2020-04-01,2020-04-30
2020-04-03,2020,2,Q2,4,April,2020-04,13,3,5,Friday,0,2020-04-01,2020-04-30
2020-04-04,2020,2,Q2,4,April,2020-04,13,4,6,Saturday,1,2020-04-01,2020-04-30
2020-04-05,2020,2,Q2,4,April,2020-04,14,5,7,Sunday,1,2020-04-01,2020-04-30
2020-04-06,2020,2,Q2,4,April,2020-04,14,6,1,Monday,0,2020-04-01,2020-04-30
2020-04-07,2020,2,Q2,4,April,2020-04,14,7,2,Tuesday,0,2020-04-01,2020-04-30
2020-04-08,2020,2,Q2,4,April,2020-04,14,8,3,Wednesday,0,2020-04-01,2020-04-30
2020-04-09,2020,2,Q2,4,April,2020-04,14,9,4,Thursday,0,2020-04-01,2020-04-30
2020-04-10,2020,2,Q2,4,April,2020-04,14,10,5,Friday,0,2020-04-01,2020-04-30
2020-04-11,2020,2,Q2,4,April,2020-04,14,11,6,Saturday,1,2020-04-01,2020-04-30
2020-04-12,2020,2,Q2,4,April,2020-04,15,12,7,Sunday,1,2020-04-01,2020-04-30
2020-04-13,2020,2,Q2,4,April,2020-04,15,13,1,Monday,0,2020-04-01,2020-04-30
2020-04-14,2020,2,Q2,4,April,2020-04,15,14,2,Tuesday,0,2020-04-01,2020-04-30
2020-04-15,2020,2,Q2,4,April,2020-04,15,15,3,Wednesday,0,2020-04-01,2020-04-30
2020-04-16,2020,2,Q2,4,April,2020-04,15,16,4,Thursday,0,2020-04-01,2020-04-30
2020-04-17,2020,2,Q2,4,April,2020-04,15,17,5,Friday,0,2020-04-01,2020-04-30
2020-04-18,2020,2,Q2,4,April,2020-04,15,18,6,Saturday,1,2020-04-01,2020-04-30
2020-04-19,2020,2,Q2,4,April,2020-04,16,19,7,Sunday,1,2020-04-01,2020-04-30
2020-04-20,2020,2,Q2,4,April,2020-04,16,20,1,Monday,0,2020-04-01,2020-04-30
2020-04-21,2020,2,Q2,4,April,2020-04,16,21,2,Tuesday,0,2020-04-01,2020-04-30
2020-04-22,2020,2,Q2,4,April,2020-04,16,22,3,Wednesday,0,2020-04-01,2020-04-30
2020-04-23,2020,2,Q2,4,April,2020-04,16,23,4,Thursday,0,2020-04-01,2020-04-30
2020-04-24,2020,2,Q2,4,April,2020-04,16,24,5,Friday,0,2020-04-01,2020-04-30
2020-04-25,2020,2,Q2,4,April,2020-04,16,25,6,Saturday,1,2020-04-01,2020-04-30
2020-04-26,2020,2,Q2,4,April,2020-04,17,26,7,Sunday,1,2020-04-01,2020-04-30
2020-04-27,2020,2,Q2,4,April,2020-04,17,27,1,Monday,0,2020-04-01,2020-04-30
2020-04-28,2020,2,Q2,4,April,2020-04,17,28,2,Tuesday,0,2020-04-01,2020-04-30
2020-04-29,2020,2,Q2,4,April,2020-04,17,29,3,Wednesday,0,2020-04-01,2020-04-30
2020-04-30,2020,2,Q2,4,April,2020-04,17,30,4,Thursday,0,2020-04-01,2020-04-30
2020-05-01,2020,2,Q2,5,May,2020-05,17,1,5,Friday,0,2020-05-01,2020-05-31
2020-05-02,2020,2,Q2,5,May,2020-05,17,2,6,Saturday,1,2020-05-01,2020-05-31
2020-05-03,2020,2,Q2,5,May,2020-05,18,3,7,Sunday,1,2020-05-01,2020-05-31
2020-05-04,2020,2,Q2,5,May,2020-05,18,4,1,Monday,0,2020-05-01,2020-05-31
2020-05-05,2020,2,Q2,5,May,2020-05,18,5,2,Tuesday,0,2020-05-01,2020-05-31
2020-05-06,2020,2,Q2,5,May,2020-05,18,6,3,Wednesday,0,2020-05-01,2020-05-31
2020-05-07,2020,2,Q2,5,May,2020-05,18,7,4,Thursday,0,2020-05-01,2020-05-31
2020-05-08,2020,2,Q2,5,May,2020-05,18,8,5,Friday,0,2020-05-01,2020-05-31
2020-05-09,2020,2,Q2,5,May,2020-05,18,9,6,Saturday,1,2020-05-01,2020-05-31
2020-05-10,2020,2,Q2,5,May,2020-05,19,10,7,Sunday,1,2020-05-01,2020-05-31
2020-05-11,2020,2,Q2,5,May,2020-05,19,11,1,Monday,0,2020-05-01,2020-05-31
2020-05-12,2020,2,Q2,5,May,2020-05,19,12,2,Tuesday,0,2020-05-01,2020-05-31
2020-05-13,2020,2,Q2,5,May,2020-05,19,13,3,Wednesday,0,2020-05-01,2020-05-31
2020-05-14,2020,2,Q2,5,May,2020-05,19,14,4,Thursday,0,2020-05-01,2020-05-31
2020-05-15,2020,2,Q2,5,May,2020-05,19,15,5,Friday,0,2020-05-01,2020-05-31
2020-05-16,2020,2,Q2,5,May,2020-05,19,16,6,Saturday,1,2020-05-01,2020-05-31
2020-05-17,2020,2,Q2,5,May,2020-05,20,17,7,Sunday,1,2020-05-01,2020-05-31
2020-05-18,2020,2,Q2,5,May,2020-05,20,18,1,Monday,0,2020-05-01,2020-05-31
2020-05-19,2020,2,Q2,5,May,2020-05,20,19,2,Tuesday,0,2020-05-01,2020-05-31
2020-05-20,2020,2,Q2,5,May,2020-05,20,20,3,Wednesday,0,2020-05-01,2020-05-31
2020-05-21,2020,2,Q2,5,May,2020-05,20,21,4,Thursday,0,2020-05-01,2020-05-31
2020-05-22,2020,2,Q2,5,May,2020-05,20,22,5,Friday,0,2020-05-01,2020-05-31
2020-05-23,2020,2,Q2,5,May,2020-05,20,23,6,Saturday,1,2020-05-01,2020-05-31
2020-05-24,2020,2,Q2,5,May,2020-05,21,24,7,Sunday,1,2020-05-01,2020-05-31
2020-05-25,2020,2,Q2,5,May,2020-05,21,25,1,Monday,0,2020-05-01,2020-05-31
2020-05-26,2020,2,Q2,5,May,2020-05,21,26,2,Tuesday,0,2020-05-01,2020-05-31
2020-05-27,2020,2,Q2,5,May,2020-05,21,27,3,Wednesday,0,2020-05-01,2020-05-31
2020-05-28,2020,2,Q2,5,May,2020-05,21,28,4,Thursday,0,2020-05-01,2020-05-31
2020-05-29,2020,2,Q2,5,May,2020-05,21,29,5,Friday,0,2020-05-01,2020-05-31
2020-05-30,2020,2,Q2,5,May,2020-05,21,30,6,Saturday,1,2020-05-01,2020-05-31
2020-05-31,2020,2,Q2,5,May,2020-05,22,31,7,Sunday,1,2020-05-01,2020-05-31
2020-06-01,2020,2,Q2,6,June,2020-06,22,1,1,Monday,0,2020-06-01,2020-06-30
2020-06-02,2020,2,Q2,6,June,2020-06,22,2,2,Tuesday,0,2020-06-01,2020-06-30
2020-06-03,2020,2,Q2,6,June,2020-06,22,3,3,Wednesday,0,2020-06-01,2020-06-30
2020-06-04,2020,2,Q2,6,June,2020-06,22,4,4,Thursday,0,2020-06-01,2020-06-30
2020-06-05,2020,2,Q2,6,June,2020-06,22,5,5,Friday,0,2020-06-01,2020-06-30
2020-06-06,2020,2,Q2,6,June,2020-06,22,6,6,Saturday,1,2020-06-01,2020-06-30
2020-06-07,2020,2,Q2,6,June,2020-06,23,7,7,Sunday,1,2020-06-01,2020-06-30
2020-06-08,2020,2,Q2,6,June,2020-06,23,8,1,Monday,0,2020-06-01,2020-06-30
2020-06-09,2020,2,Q2,6,June,2020-06,23,9,2,Tuesday,0,2020-06-01,2020-06-30
2020-06-10,2020,2,Q2,6,June,2020-06,23,10,3,Wednesday,0,2020-06-01,2020-06-30
2020-06-11,2020,2,Q2,6,June,2020-06,23,11,4,Thursday,0,2020-06-01,2020-06-30
2020-06-12,2020,2,Q2,6,June,2020-06,23,12,5,Friday,0,2020-06-01,2020-06-30
2020-06-13,2020,2,Q2,6,June,2020-06,23,13,6,Saturday,1,2020-06-01,2020-06-30
2020-06-14,2020,2,Q2,6,June,2020-06,24,14,7,Sunday,1,2020-06-01,2020-06-30
2020-06-15,2020,2,Q2,6,June,2020-06,24,15,1,Monday,0,2020-06-01,2020-06-30
2020-06-16,2020,2,Q2,6,June,2020-06,24,16,2,Tuesday,0,2020-06-01,2020-06-30
2020-06-17,2020,2,Q2,6,June,2020-06,24,17,3,Wednesday,0,2020-06-01,2020-06-30
2020-06-18,2020,2,Q2,6,June,2020-06,24,18,4,Thursday,0,2020-06-01,2020-06-30
2020-06-19,2020,2,Q2,6,June,2020-06,24,19,5,Friday,0,2020-06-01,2020-06-30
2020-06-20,2020,2,Q2,6,June,2020-06,24,20,6,Saturday,1,2020-06-01,2020-06-30
2020-06-21,2020,2,Q2,6,June,2020-06,25,21,7,Sunday,1,2020-06-01,2020-06-30
2020-06-22,2020,2,Q2,6,June,2020-06,25,22,1,Monday,0,2020-06-01,2020-06-30
2020-06-23,2020,2,Q2,6,June,2020-06,25,23,2,Tuesday,0,2020-06-01,2020-06-30
2020-06-24,2020,2,Q2,6,June,2020-06,25,24,3,Wednesday,0,2020-06-01,2020-06-30
2020-06-25,2020,2,Q2,6,June,2020-06,25,25,4,Thursday,0,2020-06-01,2020-06-30
2020-06-26,2020,2,Q2,6,June,2020-06,25,26,5,Friday,0,2020-06-01,2020-06-30
2020-06-27,2020,2,Q2,6,June,2020-06,25,27,6,Saturday,1,2020-06-01,2020-06-30
2020-06-28,2020,2,Q2,6,June,2020-06,26,28,7,Sunday,1,2020-06-01,2020-06-30
2020-06-29,2020,2,Q2,6,June,2020-06,26,29,1,Monday,0,2020-06-01,2020-06-30
2020-06-30,2020,2,Q2,6,June,2020-06,26,30,2,Tuesday,0,2020-06-01,2020-06-30
2020-07-01,2020,3,Q3,7,July,2020-07,26,1,3,Wednesday,0,2020-07-01,2020-07-31
2020-07-02,2020,3,Q3,7,July,2020-07,26,2,4,Thursday,0,2020-07-01,2020-07-31
2020-07-03,2020,3,Q3,7,July,2020-07,26,3,5,Friday,0,2020-07-01,2020-07-31
2020-07-04,2020,3,Q3,7,July,2020-07,26,4,6,Saturday,1,2020-07-01,2020-07-31
2020-07-05,2020,3,Q3,7,July,2020-07,27,5,7,Sunday,1,2020-07-01,2020-07-31
2020-07-06,2020,3,Q3,7,July,2020-07,27,6,1,Monday,0,2020-07-01,2020-07-31
2020-07-07,2020,3,Q3,7,July,2020-07,27,7,2,Tuesday,0,2020-07-01,2020-07-31
2020-07-08,2020,3,Q3,7,July,2020-07,27,8,3,Wednesday,0,2020-07-01,2020-07-31
2020-07-09,2020,3,Q3,7,July,2020-07,27,9,4,Thursday,0,2020-07-01,2020-07-31
2020-07-10,2020,3,Q3,7,July,2020-07,27,10,5,Friday,0,2020-07-01,2020-07-31
2020-07-11,2020,3,Q3,7,July,2020-07,27,11,6,Saturday,1,2020-07-01,2020-07-31
2020-07-12,2020,3,Q3,7,July,2020-07,28,12,7,Sunday,1,2020-07-01,2020-07-31
2020-07-13,2020,3,Q3,7,July,2020-07,28,13,1,Monday,0,2020-07-01,2020-07-31
2020-07-14,2020,3,Q3,7,July,2020-07,28,14,2,Tuesday,0,2020-07-01,2020-07-31
2020-07-15,2020,3,Q3,7,July,2020-07,28,15,3,Wednesday,0,2020-07-01,2020-07-31
2020-07-16,2020,3,Q3,7,July,2020-07,28,16,4,Thursday,0,2020-07-01,2020-07-31
2020-07-17,2020,3,Q3,7,July,2020-07,28,17,5,Friday,0,2020-07-01,2020-07-31
2020-07-18,2020,3,Q3,7,July,2020-07,28,18,6,Saturday,1,2020-07-01,2020-07-31
2020-07-19,2020,3,Q3,7,July,2020-07,29,19,7,Sunday,1,2020-07-01,2020-07-31
2020-07-20,2020,3,Q3,7,July,2020-07,29,20,1,Monday,0,2020-07-01,2020-07-31
2020-07-21,2020,3,Q3,7,July,2020-07,29,21,2,Tuesday,0,2020-07-01,2020-07-31
2020-07-22,2020,3,Q3,7,July,2020-07,29,22,3,Wednesday,0,2020-07-01,2020-07-31
2020-07-23,2020,3,Q3,7,July,2020-07,29,23,4,Thursday,0,2020-07-01,2020-07-31
2020-07-24,2020,3,Q3,7,July,2020-07,29,24,5,Friday,0,2020-07-01,2020-07-31
2020-07-25,2020,3,Q3,7,July,2020-07,29,25,6,Saturday,1,2020-07-01,2020-07-31
2020-07-26,2020,3,Q3,7,July,2020-07,30,26,7,Sunday,1,2020-07-01,2020-07-31
2020-07-27,2020,3,Q3,7,July,2020-07,30,27,1,Monday,0,2020-07-01,2020-07-31
2020-07-28,2020,3,Q3,7,July,2020-07,30,28,2,Tuesday,0,2020-07-01,2020-07-31
2020-07-29,2020,3,Q3,7,July,2020-07,30,29,3,Wednesday,0,2020-07-01,2020-07-31
2020-07-30,2020,3,Q3,7,July,2020-07,30,30,4,Thursday,0,2020-07-01,2020-07-31
2020-07-31,2020,3,Q3,7,July,2020-07,30,31,5,Friday,0,2020-07-01,2020-07-31
2020-08-01,2020,3,Q3,8,August,2020-08,30,1,6,Saturday,1,2020-08-01,2020-08-31
2020-08-02,2020,3,Q3,8,August,2020-08,31,2,7,Sunday,1,2020-08-01,2020-08-31
2020-08-03,2020,3,Q3,8,August,2020-08,31,3,1,Monday,0,2020-08-01,2020-08-31
2020-08-04,2020,3,Q3,8,August,2020-08,31,4,2,Tuesday,0,2020-08-01,2020-08-31
2020-08-05,2020,3,Q3,8,August,2020-08,31,5,3,Wednesday,0,2020-08-01,2020-08-31
2020-08-06,2020,3,Q3,8,August,2020-08,31,6,4,Thursday,0,2020-08-01,2020-08-31
2020-08-07,2020,3,Q3,8,August,2020-08,31,7,5,Friday,0,2020-08-01,2020-08-31
2020-08-08,2020,3,Q3,8,August,2020-08,31,8,6,Saturday,1,2020-08-01,2020-08-31
2020-08-09,2020,3,Q3,8,August,2020-08,32,9,7,Sunday,1,2020-08-01,2020-08-31
2020-08-10,2020,3,Q3,8,August,2020-08,32,10,1,Monday,0,2020-08-01,2020-08-31
2020-08-11,2020,3,Q3,8,August,2020-08,32,11,2,Tuesday,0,2020-08-01,2020-08-31
2020-08-12,2020,3,Q3,8,August,2020-08,32,12,3,Wednesday,0,2020-08-01,2020-08-31
2020-08-13,2020,3,Q3,8,August,2020-08,32,13,4,Thursday,0,2020-08-01,2020-08-31
2020-08-14,2020,3,Q3,8,August,2020-08,32,14,5,Friday,0,2020-08-01,2020-08-31
2020-08-15,2020,3,Q3,8,August,2020-08,32,15,6,Saturday,1,2020-08-01,2020-08-31
2020-08-16,2020,3,Q3,8,August,2020-08,33,16,7,Sunday,1,2020-08-01,2020-08-31
2020-08-17,2020,3,Q3,8,August,2020-08,33,17,1,Monday,0,2020-08-01,2020-08-31
2020-08-18,2020,3,Q3,8,August,2020-08,33,18,2,Tuesday,0,2020-08-01,2020-08-31
2020-08-19,2020,3,Q3,8,August,2020-08,33,19,3,Wednesday,0,2020-08-01,2020-08-31
2020-08-20,2020,3,Q3,8,August,2020-08,33,20,4,Thursday,0,2020-08-01,2020-08-31
2020-08-21,2020,3,Q3,8,August,2020-08,33,21,5,Friday,0,2020-08-01,2020-08-31
2020-08-22,2020,3,Q3,8,August,2020-08,33,22,6,Saturday,1,2020-08-01,2020-08-31
2020-08-23,2020,3,Q3,8,August,2020-08,34,23,7,Sunday,1,2020-08-01,2020-08-31
2020-08-24,2020,3,Q3,8,August,2020-08,34,24,1,Monday,0,2020-08-01,2020-08-31
2020-08-25,2020,3,Q3,8,August,2020-08,34,25,2,Tuesday,0,2020-08-01,2020-08-31
2020-08-26,2020,3,Q3,8,August,2020-08,34,26,3,Wednesday,0,2020-08-01,2020-08-31
2020-08-27,2020,3,Q3,8,August,2020-08,34,27,4,Thursday,0,2020-08-01,2020-08-31
2020-08-28,2020,3,Q3,8,August,2020-08,34,28,5,Friday,0,2020-08-01,2020-08-31
2020-08-29,2020,3,Q3,8,August,2020-08,34,29,6,Saturday,1,2020-08-01,2020-08-31
2020-08-30,2020,3,Q3,8,August,2020-08,35,30,7,Sunday,1,2020-08-01,2020-08-31
2020-08-31,2020,3,Q3,8,August,2020-08,35,31,1,Monday,0,2020-08-01,2020-08-31
2020-09-01,2020,3,Q3,9,September,2020-09,35,1,2,Tuesday,0,2020-09-01,2020-09-30
2020-09-02,2020,3,Q3,9,September,2020-09,35,2,3,Wednesday,0,2020-09-01,2020-09-30
2020-09-03,2020,3,Q3,9,September,2020-09,35,3,4,Thursday,0,2020-09-01,2020-09-30
2020-09-04,2020,3,Q3,9,September,2020-09,35,4,5,Friday,0,2020-09-01,2020-09-30
2020-09-05,2020,3,Q3,9,September,2020-09,35,5,6,Saturday,1,2020-09-01,2020-09-30
2020-09-06,2020,3,Q3,9,September,2020-09,36,6,7,Sunday,1,2020-09-01,2020-09-30
2020-09-07,2020,3,Q3,9,September,2020-09,36,7,1,Monday,0,2020-09-01,2020-09-30
2020-09-08,2020,3,Q3,9,September,2020-09,36,8,2,Tuesday,0,2020-09-01,2020-09-30
2020-09-09,2020,3,Q3,9,September,2020-09,36,9,3,Wednesday,0,2020-09-01,2020-09-30
2020-09-10,2020,3,Q3,9,September,2020-09,36,10,4,Thursday,0,2020-09-01,2020-09-30
2020-09-11,2020,3,Q3,9,September,2020-09,36,11,5,Friday,0,2020-09-01,2020-09-30
2020-09-12,2020,3,Q3,9,September,2020-09,36,12,6,Saturday,1,2020-09-01,2020-09-30
2020-09-13,2020,3,Q3,9,September,2020-09,37,13,7,Sunday,1,2020-09-01,2020-09-30
2020-09-14,2020,3,Q3,9,September,2020-09,37,14,1,Monday,0,2020-09-01,2020-09-30
2020-09-15,2020,3,Q3,9,September,2020-09,37,15,2,Tuesday,0,2020-09-01,2020-09-30
2020-09-16,2020,3,Q3,9,September,2020-09,37,16,3,Wednesday,0,2020-09-01,2020-09-30
2020-09-17,2020,3,Q3,9,September,2020-09,37,17,4,Thursday,0,2020-09-01,2020-09-30
2020-09-18,2020,3,Q3,9,September,2020-09,37,18,5,Friday,0,2020-09-01,2020-09-30
2020-09-19,2020,3,Q3,9,September,2020-09,37,19,6,Saturday,1,2020-09-01,2020-09-30
2020-09-20,2020,3,Q3,9,September,2020-09,38,20,7,Sunday,1,2020-09-01,2020-09-30
2020-09-21,2020,3,Q3,9,September,2020-09,38,21,1,Monday,0,2020-09-01,2020-09-30
2020-09-22,2020,3,Q3,9,September,2020-09,38,22,2,Tuesday,0,2020-09-01,2020-09-30
2020-09-23,2020,3,Q3,9,September,2020-09,38,23,3,Wednesday,0,2020-09-01,2020-09-30
2020-09-24,2020,3,Q3,9,September,2020-09,38,24,4,Thursday,0,2020-09-01,2020-09-30
2020-09-25,2020,3,Q3,9,September,2020-09,38,25,5,Friday,0,2020-09-01,2020-09-30
2020-09-26,2020,3,Q3,9,September,2020-09,38,26,6,Saturday,1,2020-09-01,2020-09-30
2020-09-27,2020,3,Q3,9,September,2020-09,39,27,7,Sunday,1,2020-09-01,2020-09-30
2020-09-28,2020,3,Q3,9,September,2020-09,39,28,1,Monday,0,2020-09-01,2020-09-30
2020-09-29,2020,3,Q3,9,September,2020-09,39,29,2,Tuesday,0,2020-09-01,2020-09-30
2020-09-30,2020,3,Q3,9,September,2020-09,39,30,3,Wednesday,0,2020-09-01,2020-09-30
2020-10-01,2020,4,Q4,10,October,2020-10,39,1,4,Thursday,0,2020-10-01,2020-10-31
2020-10-02,2020,4,Q4,10,October,2020-10,39,2,5,Friday,0,2020-10-01,2020-10-31
2020-10-03,2020,4,Q4,10,October,2020-10,39,3,6,Saturday,1,2020-10-01,2020-10-31
2020-10-04,2020,4,Q4,10,October,2020-10,40,4,7,Sunday,1,2020-10-01,2020-10-31
2020-10-05,2020,4,Q4,10,October,2020-10,40,5,1,Monday,0,2020-10-01,2020-10-31
2020-10-06,2020,4,Q4,10,October,2020-10,40,6,2,Tuesday,0,2020-10-01,2020-10-31
2020-10-07,2020,4,Q4,10,October,2020-10,40,7,3,Wednesday,0,2020-10-01,2020-10-31
2020-10-08,2020,4,Q4,10,October,2020-10,40,8,4,Thursday,0,2020-10-01,2020-10-31
2020-10-09,2020,4,Q4,10,October,2020-10,40,9,5,Friday,0,2020-10-01,2020-10-31
2020-10-10,2020,4,Q4,10,October,2020-10,40,10,6,Saturday,1,2020-10-01,2020-10-31
2020-10-11,2020,4,Q4,10,October,2020-10,41,11,7,Sunday,1,2020-10-01,2020-10-31
2020-10-12,2020,4,Q4,10,October,2020-10,41,12,1,Monday,0,2020-10-01,2020-10-31
2020-10-13,2020,4,Q4,10,October,2020-10,41,13,2,Tuesday,0,2020-10-01,2020-10-31
2020-10-14,2020,4,Q4,10,October,2020-10,41,14,3,Wednesday,0,2020-10-01,2020-10-31
2020-10-15,2020,4,Q4,10,October,2020-10,41,15,4,Thursday,0,2020-10-01,2020-10-31
2020-10-16,2020,4,Q4,10,October,2020-10,41,16,5,Friday,0,2020-10-01,2020-10-31
2020-10-17,2020,4,Q4,10,October,2020-10,41,17,6,Saturday,1,2020-10-01,2020-10-31
2020-10-18,2020,4,Q4,10,October,2020-10,42,18,7,Sunday,1,2020-10-01,2020-10-31
2020-10-19,2020,4,Q4,10,October,2020-10,42,19,1,Monday,0,2020-10-01,2020-10-31
2020-10-20,2020,4,Q4,10,October,2020-10,42,20,2,Tuesday,0,2020-10-01,2020-10-31
2020-10-21,2020,4,Q4,10,October,2020-10,42,21,3,Wednesday,0,2020-10-01,2020-10-31
2020-10-22,2020,4,Q4,10,October,2020-10,42,22,4,Thursday,0,2020-10-01,2020-10-31
2020-10-23,2020,4,Q4,10,October,2020-10,42,23,5,Friday,0,2020-10-01,2020-10-31
2020-10-24,2020,4,Q4,10,October,2020-10,42,24,6,Saturday,1,2020-10-01,2020-10-31
2020-10-25,2020,4,Q4,10,October,2020-10,43,25,7,Sunday,1,2020-10-01,2020-10-31
2020-10-26,2020,4,Q4,10,October,2020-10,43,26,1,Monday,0,2020-10-01,2020-10-31
2020-10-27,2020,4,Q4,10,October,2020-10,43,27,2,Tuesday,0,2020-10-01,2020-10-31
2020-10-28,2020,4,Q4,10,October,2020-10,43,28,3,Wednesday,0,2020-10-01,2020-10-31
2020-10-29,2020,4,Q4,10,October,2020-10,43,29,4,Thursday,0,2020-10-01,2020-10-31
2020-10-30,2020,4,Q4,10,October,2020-10,43,30,5,Friday,0,2020-10-01,2020-10-31
2020-10-31,2020,4,Q4,10,October,2020-10,43,31,6,Saturday,1,2020-10-01,2020-10-31
2020-11-01,2020,4,Q4,11,November,2020-11,44,1,7,Sunday,1,2020-11-01,2020-11-30
2020-11-02,2020,4,Q4,11,November,2020-11,44,2,1,Monday,0,2020-11-01,2020-11-30
2020-11-03,2020,4,Q4,11,November,2020-11,44,3,2,Tuesday,0,2020-11-01,2020-11-30
2020-11-04,2020,4,Q4,11,November,2020-11,44,4,3,Wednesday,0,2020-11-01,2020-11-30
2020-11-05,2020,4,Q4,11,November,2020-11,44,5,4,Thursday,0,2020-11-01,2020-11-30
2020-11-06,2020,4,Q4,11,November,2020-11,44,6,5,Friday,0,2020-11-01,2020-11-30
2020-11-07,2020,4,Q4,11,November,2020-11,44,7,6,Saturday,1,2020-11-01,2020-11-30
2020-11-08,2020,4,Q4,11,November,2020-11,45,8,7,Sunday,1,2020-11-01,2020-11-30
2020-11-09,2020,4,Q4,11,November,2020-11,45,9,1,Monday,0,2020-11-01,2020-11-30
2020-11-10,2020,4,Q4,11,November,2020-11,45,10,2,Tuesday,0,2020-11-01,2020-11-30
2020-11-11,2020,4,Q4,11,November,2020-11,45,11,3,Wednesday,0,2020-11-01,2020-11-30
2020-11-12,2020,4,Q4,11,November,2020-11,45,12,4,Thursday,0,2020-11-01,2020-11-30
2020-11-13,2020,4,Q4,11,November,2020-11,45,13,5,Friday,0,2020-11-01,2020-11-30
2020-11-14,2020,4,Q4,11,November,2020-11,45,14,6,Saturday,1,2020-11-01,2020-11-30
2020-11-15,2020,4,Q4,11,November,2020-11,46,15,7,Sunday,1,2020-11-01,2020-11-30
2020-11-16,2020,4,Q4,11,November,2020-11,46,16,1,Monday,0,2020-11-01,2020-11-30
2020-11-17,2020,4,Q4,11,November,2020-11,46,17,2,Tuesday,0,2020-11-01,2020-11-30
2020-11-18,2020,4,Q4,11,November,2020-11,46,18,3,Wednesday,0,2020-11-01,2020-11-30
2020-11-19,2020,4,Q4,11,November,2020-11,46,19,4,Thursday,0,2020-11-01,2020-11-30
2020-11-20,2020,4,Q4,11,November,2020-11,46,20,5,Friday,0,2020-11-01,2020-11-30
2020-11-21,2020,4,Q4,11,November,2020-11,46,21,6,Saturday,1,2020-11-01,2020-11-30
2020-11-22,2020,4,Q4,11,November,2020-11,47,22,7,Sunday,1,2020-11-01,2020-11-30
2020-11-23,2020,4,Q4,11,November,2020-11,47,23,1,Monday,0,2020-11-01,2020-11-30
2020-11-24,2020,4,Q4,11,November,2020-11,47,24,2,Tuesday,0,2020-11-01,2020-11-30
2020-11-25,2020,4,Q4,11,November,2020-11,47,25,3,Wednesday,0,2020-11-01,2020-11-30
2020-11-26,2020,4,Q4,11,November,2020-11,47,26,4,Thursday,0,2020-11-01,2020-11-30
2020-11-27,2020,4,Q4,11,November,2020-11,47,27,5,Friday,0,2020-11-01,2020-11-30
2020-11-28,2020,4,Q4,11,November,2020-11,47,28,6,Saturday,1,2020-11-01,2020-11-30
2020-11-29,2020,4,Q4,11,November,2020-11,48,29,7,Sunday,1,2020-11-01,2020-11-30
2020-11-30,2020,4,Q4,11,November,2020-11,48,30,1,Monday,0,2020-11-01,2020-11-30
2020-12-01,2020,4,Q4,12,December,2020-12,48,1,2,Tuesday,0,2020-12-01,2020-12-31
2020-12-02,2020,4,Q4,12,December,2020-12,48,2,3,Wednesday,0,2020-12-01,2020-12-31
2020-12-03,2020,4,Q4,12,December,2020-12,48,3,4,Thursday,0,2020-12-01,2020-12-31
2020-12-04,2020,4,Q4,12,December,2020-12,48,4,5,Friday,0,2020-12-01,2020-12-31
2020-12-05,2020,4,Q4,12,December,2020-12,48,5,6,Saturday,1,2020-12-01,2020-12-31
2020-12-06,2020,4,Q4,12,December,2020-12,49,6,7,Sunday,1,2020-12-01,2020-12-31
2020-12-07,2020,4,Q4,12,December,2020-12,49,7,1,Monday,0,2020-12-01,2020-12-31
2020-12-08,2020,4,Q4,12,December,2020-12,49,8,2,Tuesday,0,2020-12-01,2020-12-31
2020-12-09,2020,4,Q4,12,December,2020-12,49,9,3,Wednesday,0,2020-12-01,2020-12-31
2020-12-10,2020,4,Q4,12,December,2020-12,49,10,4,Thursday,0,2020-12-01,2020-12-31
2020-12-11,2020,4,Q4,12,December,2020-12,49,11,5,Friday,0,2020-12-01,2020-12-31
2020-12-12,2020,4,Q4,12,December,2020-12,49,12,6,Saturday,1,2020-12-01,2020-12-31
2020-12-13,2020,4,Q4,12,December,2020-12,50,13,7,Sunday,1,2020-12-01,2020-12-31
2020-12-14,2020,4,Q4,12,December,2020-12,50,14,1,Monday,0,2020-12-01,2020-12-31
2020-12-15,2020,4,Q4,12,December,2020-12,50,15,2,Tuesday,0,2020-12-01,2020-12-31
2020-12-16,2020,4,Q4,12,December,2020-12,50,16,3,Wednesday,0,2020-12-01,2020-12-31
2020-12-17,2020,4,Q4,12,December,2020-12,50,17,4,Thursday,0,2020-12-01,2020-12-31
2020-12-18,2020,4,Q4,12,December,2020-12,50,18,5,Friday,0,2020-12-01,2020-12-31
2020-12-19,2020,4,Q4,12,December,2020-12,50,19,6,Saturday,1,2020-12-01,2020-12-31
2020-12-20,2020,4,Q4,12,December,2020-12,51,20,7,Sunday,1,2020-12-01,2020-12-31
2020-12-21,2020,4,Q4,12,December,2020-12,51,21,1,Monday,0,2020-12-01,2020-12-31
2020-12-22,2020,4,Q4,12,December,2020-12,51,22,2,Tuesday,0,2020-12-01,2020-12-31
2020-12-23,2020,4,Q4,12,December,2020-12,51,23,3,Wednesday,0,2020-12-01,2020-12-31
2020-12-24,2020,4,Q4,12,December,2020-12,51,24,4,Thursday,0,2020-12-01,2020-12-31
2020-12-25,2020,4,Q4,12,December,2020-12,51,25,5,Friday,0,2020-12-01,2020-12-31
2020-12-26,2020,4,Q4,12,December,2020-12,51,26,6,Saturday,1,2020-12-01,2020-12-31
2020-12-27,2020,4,Q4,12,December,2020-12,52,27,7,Sunday,1,2020-12-01,2020-12-31
2020-12-28,2020,4,Q4,12,December,2020-12,52,28,1,Monday,0,2020-12-01,2020-12-31
2020-12-29,2020,4,Q4,12,December,2020-12,52,29,2,Tuesday,0,2020-12-01,2020-12-31
2020-12-30,2020,4,Q4,12,December,2020-12,52,30,3,Wednesday,0,2020-12-01,2020-12-31
2020-12-31,2020,4,Q4,12,December,2020-12,52,31,4,Thursday,0,2020-12-01,2020-12-31
2021-01-01,2021,1,Q1,1,January,2021-01,0,1,5,Friday,0,2021-01-01,2021-01-31
2021-01-02,2021,1,Q1,1,January,2021-01,0,2,6,Saturday,1,2021-01-01,2021-01-31
2021-01-03,2021,1,Q1,1,January,2021-01,1,3,7,Sunday,1,2021-01-01,2021-01-31
2021-01-04,2021,1,Q1,1,January,2021-01,1,4,1,Monday,0,2021-01-01,2021-01-31
2021-01-05,2021,1,Q1,1,January,2021-01,1,5,2,Tuesday,0,2021-01-01,2021-01-31
2021-01-06,2021,1,Q1,1,January,2021-01,1,6,3,Wednesday,0,2021-01-01,2021-01-31
2021-01-07,2021,1,Q1,1,January,2021-01,1,7,4,Thursday,0,2021-01-01,2021-01-31
2021-01-08,2021,1,Q1,1,January,2021-01,1,8,5,Friday,0,2021-01-01,2021-01-31
2021-01-09,2021,1,Q1,1,January,2021-01,1,9,6,Saturday,1,2021-01-01,2021-01-31
2021-01-10,2021,1,Q1,1,January,2021-01,2,10,7,Sunday,1,2021-01-01,2021-01-31
2021-01-11,2021,1,Q1,1,January,2021-01,2,11,1,Monday,0,2021-01-01,2021-01-31
2021-01-12,2021,1,Q1,1,January,2021-01,2,12,2,Tuesday,0,2021-01-01,2021-01-31
2021-01-13,2021,1,Q1,1,January,2021-01,2,13,3,Wednesday,0,2021-01-01,2021-01-31
2021-01-14,2021,1,Q1,1,January,2021-01,2,14,4,Thursday,0,2021-01-01,2021-01-31
2021-01-15,2021,1,Q1,1,January,2021-01,2,15,5,Friday,0,2021-01-01,2021-01-31
2021-01-16,2021,1,Q1,1,January,2021-01,2,16,6,Saturday,1,2021-01-01,2021-01-31
2021-01-17,2021,1,Q1,1,January,2021-01,3,17,7,Sunday,1,2021-01-01,2021-01-31
2021-01-18,2021,1,Q1,1,January,2021-01,3,18,1,Monday,0,2021-01-01,2021-01-31
2021-01-19,2021,1,Q1,1,January,2021-01,3,19,2,Tuesday,0,2021-01-01,2021-01-31
2021-01-20,2021,1,Q1,1,January,2021-01,3,20,3,Wednesday,0,2021-01-01,2021-01-31
2021-01-21,2021,1,Q1,1,January,2021-01,3,21,4,Thursday,0,2021-01-01,2021-01-31
2021-01-22,2021,1,Q1,1,January,2021-01,3,22,5,Friday,0,2021-01-01,2021-01-31
2021-01-23,2021,1,Q1,1,January,2021-01,3,23,6,Saturday,1,2021-01-01,2021-01-31
2021-01-24,2021,1,Q1,1,January,2021-01,4,24,7,Sunday,1,2021-01-01,2021-01-31
2021-01-25,2021,1,Q1,1,January,2021-01,4,25,1,Monday,0,2021-01-01,2021-01-31
2021-01-26,2021,1,Q1,1,January,2021-01,4,26,2,Tuesday,0,2021-01-01,2021-01-31
2021-01-27,2021,1,Q1,1,January,2021-01,4,27,3,Wednesday,0,2021-01-01,2021-01-31
2021-01-28,2021,1,Q1,1,January,2021-01,4,28,4,Thursday,0,2021-01-01,2021-01-31
2021-01-29,2021,1,Q1,1,January,2021-01,4,29,5,Friday,0,2021-01-01,2021-01-31
2021-01-30,2021,1,Q1,1,January,2021-01,4,30,6,Saturday,1,2021-01-01,2021-01-31
2021-01-31,2021,1,Q1,1,January,2021-01,5,31,7,Sunday,1,2021-01-01,2021-01-31
2021-02-01,2021,1,Q1,2,February,2021-02,5,1,1,Monday,0,2021-02-01,2021-02-28
2021-02-02,2021,1,Q1,2,February,2021-02,5,2,2,Tuesday,0,2021-02-01,2021-02-28
2021-02-03,2021,1,Q1,2,February,2021-02,5,3,3,Wednesday,0,2021-02-01,2021-02-28
2021-02-04,2021,1,Q1,2,February,2021-02,5,4,4,Thursday,0,2021-02-01,2021-02-28
2021-02-05,2021,1,Q1,2,February,2021-02,5,5,5,Friday,0,2021-02-01,2021-02-28
2021-02-06,2021,1,Q1,2,February,2021-02,5,6,6,Saturday,1,2021-02-01,2021-02-28
2021-02-07,2021,1,Q1,2,February,2021-02,6,7,7,Sunday,1,2021-02-01,2021-02-28
2021-02-08,2021,1,Q1,2,February,2021-02,6,8,1,Monday,0,2021-02-01,2021-02-28
2021-02-09,2021,1,Q1,2,February,2021-02,6,9,2,Tuesday,0,2021-02-01,2021-02-28
2021-02-10,2021,1,Q1,2,February,2021-02,6,10,3,Wednesday,0,2021-02-01,2021-02-28
2021-02-11,2021,1,Q1,2,February,2021-02,6,11,4,Thursday,0,2021-02-01,2021-02-28
2021-02-12,2021,1,Q1,2,February,2021-02,6,12,5,Friday,0,2021-02-01,2021-02-28
2021-02-13,2021,1,Q1,2,February,2021-02,6,13,6,Saturday,1,2021-02-01,2021-02-28
2021-02-14,2021,1,Q1,2,February,2021-02,7,14,7,Sunday,1,2021-02-01,2021-02-28
2021-02-15,2021,1,Q1,2,February,2021-02,7,15,1,Monday,0,2021-02-01,2021-02-28
2021-02-16,2021,1,Q1,2,February,2021-02,7,16,2,Tuesday,0,2021-02-01,2021-02-28
2021-02-17,2021,1,Q1,2,February,2021-02,7,17,3,Wednesday,0,2021-02-01,2021-02-28
2021-02-18,2021,1,Q1,2,February,2021-02,7,18,4,Thursday,0,2021-02-01,2021-02-28
2021-02-19,2021,1,Q1,2,February,2021-02,7,19,5,Friday,0,2021-02-01,2021-02-28
2021-02-20,2021,1,Q1,2,February,2021-02,7,20,6,Saturday,1,2021-02-01,2021-02-28
2021-02-21,2021,1,Q1,2,February,2021-02,8,21,7,Sunday,1,2021-02-01,2021-02-28
2021-02-22,2021,1,Q1,2,February,2021-02,8,22,1,Monday,0,2021-02-01,2021-02-28
2021-02-23,2021,1,Q1,2,February,2021-02,8,23,2,Tuesday,0,2021-02-01,2021-02-28
2021-02-24,2021,1,Q1,2,February,2021-02,8,24,3,Wednesday,0,2021-02-01,2021-02-28
2021-02-25,2021,1,Q1,2,February,2021-02,8,25,4,Thursday,0,2021-02-01,2021-02-28
2021-02-26,2021,1,Q1,2,February,2021-02,8,26,5,Friday,0,2021-02-01,2021-02-28
2021-02-27,2021,1,Q1,2,February,2021-02,8,27,6,Saturday,1,2021-02-01,2021-02-28
2021-02-28,2021,1,Q1,2,February,2021-02,9,28,7,Sunday,1,2021-02-01,2021-02-28
2021-03-01,2021,1,Q1,3,March,2021-03,9,1,1,Monday,0,2021-03-01,2021-03-31
2021-03-02,2021,1,Q1,3,March,2021-03,9,2,2,Tuesday,0,2021-03-01,2021-03-31
2021-03-03,2021,1,Q1,3,March,2021-03,9,3,3,Wednesday,0,2021-03-01,2021-03-31
2021-03-04,2021,1,Q1,3,March,2021-03,9,4,4,Thursday,0,2021-03-01,2021-03-31
2021-03-05,2021,1,Q1,3,March,2021-03,9,5,5,Friday,0,2021-03-01,2021-03-31
2021-03-06,2021,1,Q1,3,March,2021-03,9,6,6,Saturday,1,2021-03-01,2021-03-31
2021-03-07,2021,1,Q1,3,March,2021-03,10,7,7,Sunday,1,2021-03-01,2021-03-31
2021-03-08,2021,1,Q1,3,March,2021-03,10,8,1,Monday,0,2021-03-01,2021-03-31
2021-03-09,2021,1,Q1,3,March,2021-03,10,9,2,Tuesday,0,2021-03-01,2021-03-31
2021-03-10,2021,1,Q1,3,March,2021-03,10,10,3,Wednesday,0,2021-03-01,2021-03-31
2021-03-11,2021,1,Q1,3,March,2021-03,10,11,4,Thursday,0,2021-03-01,2021-03-31
2021-03-12,2021,1,Q1,3,March,2021-03,10,12,5,Friday,0,2021-03-01,2021-03-31
2021-03-13,2021,1,Q1,3,March,2021-03,10,13,6,Saturday,1,2021-03-01,2021-03-31
2021-03-14,2021,1,Q1,3,March,2021-03,11,14,7,Sunday,1,2021-03-01,2021-03-31
2021-03-15,2021,1,Q1,3,March,2021-03,11,15,1,Monday,0,2021-03-01,2021-03-31
2021-03-16,2021,1,Q1,3,March,2021-03,11,16,2,Tuesday,0,2021-03-01,2021-03-31
2021-03-17,2021,1,Q1,3,March,2021-03,11,17,3,Wednesday,0,2021-03-01,2021-03-31
2021-03-18,2021,1,Q1,3,March,2021-03,11,18,4,Thursday,0,2021-03-01,2021-03-31
2021-03-19,2021,1,Q1,3,March,2021-03,11,19,5,Friday,0,2021-03-01,2021-03-31
2021-03-20,2021,1,Q1,3,March,2021-03,11,20,6,Saturday,1,2021-03-01,2021-03-31
2021-03-21,2021,1,Q1,3,March,2021-03,12,21,7,Sunday,1,2021-03-01,2021-03-31
2021-03-22,2021,1,Q1,3,March,2021-03,12,22,1,Monday,0,2021-03-01,2021-03-31
2021-03-23,2021,1,Q1,3,March,2021-03,12,23,2,Tuesday,0,2021-03-01,2021-03-31
2021-03-24,2021,1,Q1,3,March,2021-03,12,24,3,Wednesday,0,2021-03-01,2021-03-31
2021-03-25,2021,1,Q1,3,March,2021-03,12,25,4,Thursday,0,2021-03-01,2021-03-31
2021-03-26,2021,1,Q1,3,March,2021-03,12,26,5,Friday,0,2021-03-01,2021-03-31
2021-03-27,2021,1,Q1,3,March,2021-03,12,27,6,Saturday,1,2021-03-01,2021-03-31
2021-03-28,2021,1,Q1,3,March,2021-03,13,28,7,Sunday,1,2021-03-01,2021-03-31
2021-03-29,2021,1,Q1,3,March,2021-03,13,29,1,Monday,0,2021-03-01,2021-03-31
2021-03-30,2021,1,Q1,3,March,2021-03,13,30,2,Tuesday,0,2021-03-01,2021-03-31
2021-03-31,2021,1,Q1,3,March,2021-03,13,31,3,Wednesday,0,2021-03-01,2021-03-31
2021-04-01,2021,2,Q2,4,April,2021-04,13,1,4,Thursday,0,2021-04-01,2021-04-30
2021-04-02,2021,2,Q2,4,April,2021-04,13,2,5,Friday,0,2021-04-01,2021-04-30
2021-04-03,2021,2,Q2,4,April,2021-04,13,3,6,Saturday,1,2021-04-01,2021-04-30
2021-04-04,2021,2,Q2,4,April,2021-04,14,4,7,Sunday,1,2021-04-01,2021-04-30
2021-04-05,2021,2,Q2,4,April,2021-04,14,5,1,Monday,0,2021-04-01,2021-04-30
2021-04-06,2021,2,Q2,4,April,2021-04,14,6,2,Tuesday,0,2021-04-01,2021-04-30
2021-04-07,2021,2,Q2,4,April,2021-04,14,7,3,Wednesday,0,2021-04-01,2021-04-30
2021-04-08,2021,2,Q2,4,April,2021-04,14,8,4,Thursday,0,2021-04-01,2021-04-30
2021-04-09,2021,2,Q2,4,April,2021-04,14,9,5,Friday,0,2021-04-01,2021-04-30
2021-04-10,2021,2,Q2,4,April,2021-04,14,10,6,Saturday,1,2021-04-01,2021-04-30
2021-04-11,2021,2,Q2,4,April,2021-04,15,11,7,Sunday,1,2021-04-01,2021-04-30
2021-04-12,2021,2,Q2,4,April,2021-04,15,12,1,Monday,0,2021-04-01,2021-04-30
2021-04-13,2021,2,Q2,4,April,2021-04,15,13,2,Tuesday,0,2021-04-01,2021-04-30
2021-04-14,2021,2,Q2,4,April,2021-04,15,14,3,Wednesday,0,2021-04-01,2021-04-30
2021-04-15,2021,2,Q2,4,April,2021-04,15,15,4,Thursday,0,2021-04-01,2021-04-30
2021-04-16,2021,2,Q2,4,April,2021-04,15,16,5,Friday,0,2021-04-01,2021-04-30
2021-04-17,2021,2,Q2,4,April,2021-04,15,17,6,Saturday,1,2021-04-01,2021-04-30
2021-04-18,2021,2,Q2,4,April,2021-04,16,18,7,Sunday,1,2021-04-01,2021-04-30
2021-04-19,2021,2,Q2,4,April,2021-04,16,19,1,Monday,0,2021-04-01,2021-04-30
2021-04-20,2021,2,Q2,4,April,2021-04,16,20,2,Tuesday,0,2021-04-01,2021-04-30
2021-04-21,2021,2,Q2,4,April,2021-04,16,21,3,Wednesday,0,2021-04-01,2021-04-30
2021-04-22,2021,2,Q2,4,April,2021-04,16,22,4,Thursday,0,2021-04-01,2021-04-30
2021-04-23,2021,2,Q2,4,April,2021-04,16,23,5,Friday,0,2021-04-01,2021-04-30
2021-04-24,2021,2,Q2,4,April,2021-04,16,24,6,Saturday,1,2021-04-01,2021-04-30
2021-04-25,2021,2,Q2,4,April,2021-04,17,25,7,Sunday,1,2021-04-01,2021-04-30
2021-04-26,2021,2,Q2,4,April,2021-04,17,26,1,Monday,0,2021-04-01,2021-04-30
2021-04-27,2021,2,Q2,4,April,2021-04,17,27,2,Tuesday,0,2021-04-01,2021-04-30
2021-04-28,2021,2,Q2,4,April,2021-04,17,28,3,Wednesday,0,2021-04-01,2021-04-30
2021-04-29,2021,2,Q2,4,April,2021-04,17,29,4,Thursday,0,2021-04-01,2021-04-30
2021-04-30,2021,2,Q2,4,April,2021-04,17,30,5,Friday,0,2021-04-01,2021-04-30
2021-05-01,2021,2,Q2,5,May,2021-05,17,1,6,Saturday,1,2021-05-01,2021-05-31
2021-05-02,2021,2,Q2,5,May,2021-05,18,2,7,Sunday,1,2021-05-01,2021-05-31
2021-05-03,2021,2,Q2,5,May,2021-05,18,3,1,Monday,0,2021-05-01,2021-05-31
2021-05-04,2021,2,Q2,5,May,2021-05,18,4,2,Tuesday,0,2021-05-01,2021-05-31
2021-05-05,2021,2,Q2,5,May,2021-05,18,5,3,Wednesday,0,2021-05-01,2021-05-31
2021-05-06,2021,2,Q2,5,May,2021-05,18,6,4,Thursday,0,2021-05-01,2021-05-31
2021-05-07,2021,2,Q2,5,May,2021-05,18,7,5,Friday,0,2021-05-01,2021-05-31
2021-05-08,2021,2,Q2,5,May,2021-05,18,8,6,Saturday,1,2021-05-01,2021-05-31
2021-05-09,2021,2,Q2,5,May,2021-05,19,9,7,Sunday,1,2021-05-01,2021-05-31
2021-05-10,2021,2,Q2,5,May,2021-05,19,10,1,Monday,0,2021-05-01,2021-05-31
2021-05-11,2021,2,Q2,5,May,2021-05,19,11,2,Tuesday,0,2021-05-01,2021-05-31
2021-05-12,2021,2,Q2,5,May,2021-05,19,12,3,Wednesday,0,2021-05-01,2021-05-31
2021-05-13,2021,2,Q2,5,May,2021-05,19,13,4,Thursday,0,2021-05-01,2021-05-31
2021-05-14,2021,2,Q2,5,May,2021-05,19,14,5,Friday,0,2021-05-01,2021-05-31
2021-05-15,2021,2,Q2,5,May,2021-05,19,15,6,Saturday,1,2021-05-01,2021-05-31
2021-05-16,2021,2,Q2,5,May,2021-05,20,16,7,Sunday,1,2021-05-01,2021-05-31
2021-05-17,2021,2,Q2,5,May,2021-05,20,17,1,Monday,0,2021-05-01,2021-05-31
2021-05-18,2021,2,Q2,5,May,2021-05,20,18,2,Tuesday,0,2021-05-01,2021-05-31
2021-05-19,2021,2,Q2,5,May,2021-05,20,19,3,Wednesday,0,2021-05-01,2021-05-31
2021-05-20,2021,2,Q2,5,May,2021-05,20,20,4,Thursday,0,2021-05-01,2021-05-31
2021-05-21,2021,2,Q2,5,May,2021-05,20,21,5,Friday,0,2021-05-01,2021-05-31
2021-05-22,2021,2,Q2,5,May,2021-05,20,22,6,Saturday,1,2021-05-01,2021-05-31
2021-05-23,2021,2,Q2,5,May,2021-05,21,23,7,Sunday,1,2021-05-01,2021-05-31
2021-05-24,2021,2,Q2,5,May,2021-05,21,24,1,Monday,0,2021-05-01,2021-05-31
2021-05-25,2021,2,Q2,5,May,2021-05,21,25,2,Tuesday,0,2021-05-01,2021-05-31
2021-05-26,2021,2,Q2,5,May,2021-05,21,26,3,Wednesday,0,2021-05-01,2021-05-31
2021-05-27,2021,2,Q2,5,May,2021-05,21,27,4,Thursday,0,2021-05-01,2021-05-31
2021-05-28,2021,2,Q2,5,May,2021-05,21,28,5,Friday,0,2021-05-01,2021-05-31
2021-05-29,2021,2,Q2,5,May,2021-05,21,29,6,Saturday,1,2021-05-01,2021-05-31
2021-05-30,2021,2,Q2,5,May,2021-05,22,30,7,Sunday,1,2021-05-01,2021-05-31
2021-05-31,2021,2,Q2,5,May,2021-05,22,31,1,Monday,0,2021-05-01,2021-05-31
2021-06-01,2021,2,Q2,6,June,2021-06,22,1,2,Tuesday,0,2021-06-01,2021-06-30
2021-06-02,2021,2,Q2,6,June,2021-06,22,2,3,Wednesday,0,2021-06-01,2021-06-30
2021-06-03,2021,2,Q2,6,June,2021-06,22,3,4,Thursday,0,2021-06-01,2021-06-30
2021-06-04,2021,2,Q2,6,June,2021-06,22,4,5,Friday,0,2021-06-01,2021-06-30
2021-06-05,2021,2,Q2,6,June,2021-06,22,5,6,Saturday,1,2021-06-01,2021-06-30
2021-06-06,2021,2,Q2,6,June,2021-06,23,6,7,Sunday,1,2021-06-01,2021-06-30
2021-06-07,2021,2,Q2,6,June,2021-06,23,7,1,Monday,0,2021-06-01,2021-06-30
2021-06-08,2021,2,Q2,6,June,2021-06,23,8,2,Tuesday,0,2021-06-01,2021-06-30
2021-06-09,2021,2,Q2,6,June,2021-06,23,9,3,Wednesday,0,2021-06-01,2021-06-30
2021-06-10,2021,2,Q2,6,June,2021-06,23,10,4,Thursday,0,2021-06-01,2021-06-30
2021-06-11,2021,2,Q2,6,June,2021-06,23,11,5,Friday,0,2021-06-01,2021-06-30
2021-06-12,2021,2,Q2,6,June,2021-06,23,12,6,Saturday,1,2021-06-01,2021-06-30
2021-06-13,2021,2,Q2,6,June,2021-06,24,13,7,Sunday,1,2021-06-01,2021-06-30
2021-06-14,2021,2,Q2,6,June,2021-06,24,14,1,Monday,0,2021-06-01,2021-06-30
2021-06-15,2021,2,Q2,6,June,2021-06,24,15,2,Tuesday,0,2021-06-01,2021-06-30
2021-06-16,2021,2,Q2,6,June,2021-06,24,16,3,Wednesday,0,2021-06-01,2021-06-30
2021-06-17,2021,2,Q2,6,June,2021-06,24,17,4,Thursday,0,2021-06-01,2021-06-30
2021-06-18,2021,2,Q2,6,June,2021-06,24,18,5,Friday,0,2021-06-01,2021-06-30
2021-06-19,2021,2,Q2,6,June,2021-06,24,19,6,Saturday,1,2021-06-01,2021-06-30
2021-06-20,2021,2,Q2,6,June,2021-06,25,20,7,Sunday,1,2021-06-01,2021-06-30
2021-06-21,2021,2,Q2,6,June,2021-06,25,21,1,Monday,0,2021-06-01,2021-06-30
2021-06-22,2021,2,Q2,6,June,2021-06,25,22,2,Tuesday,0,2021-06-01,2021-06-30
2021-06-23,2021,2,Q2,6,June,2021-06,25,23,3,Wednesday,0,2021-06-01,2021-06-30
2021-06-24,2021,2,Q2,6,June,2021-06,25,24,4,Thursday,0,2021-06-01,2021-06-30
2021-06-25,2021,2,Q2,6,June,2021-06,25,25,5,Friday,0,2021-06-01,2021-06-30
2021-06-26,2021,2,Q2,6,June,2021-06,25,26,6,Saturday,1,2021-06-01,2021-06-30
2021-06-27,2021,2,Q2,6,June,2021-06,26,27,7,Sunday,1,2021-06-01,2021-06-30
2021-06-28,2021,2,Q2,6,June,2021-06,26,28,1,Monday,0,2021-06-01,2021-06-30
2021-06-29,2021,2,Q2,6,June,2021-06,26,29,2,Tuesday,0,2021-06-01,2021-06-30
2021-06-30,2021,2,Q2,6,June,2021-06,26,30,3,Wednesday,0,2021-06-01,2021-06-30
2021-07-01,2021,3,Q3,7,July,2021-07,26,1,4,Thursday,0,2021-07-01,2021-07-31
2021-07-02,2021,3,Q3,7,July,2021-07,26,2,5,Friday,0,2021-07-01,2021-07-31
2021-07-03,2021,3,Q3,7,July,2021-07,26,3,6,Saturday,1,2021-07-01,2021-07-31
2021-07-04,2021,3,Q3,7,July,2021-07,27,4,7,Sunday,1,2021-07-01,2021-07-31
2021-07-05,2021,3,Q3,7,July,2021-07,27,5,1,Monday,0,2021-07-01,2021-07-31
2021-07-06,2021,3,Q3,7,July,2021-07,27,6,2,Tuesday,0,2021-07-01,2021-07-31
2021-07-07,2021,3,Q3,7,July,2021-07,27,7,3,Wednesday,0,2021-07-01,2021-07-31
2021-07-08,2021,3,Q3,7,July,2021-07,27,8,4,Thursday,0,2021-07-01,2021-07-31
2021-07-09,2021,3,Q3,7,July,2021-07,27,9,5,Friday,0,2021-07-01,2021-07-31
2021-07-10,2021,3,Q3,7,July,2021-07,27,10,6,Saturday,1,2021-07-01,2021-07-31
2021-07-11,2021,3,Q3,7,July,2021-07,28,11,7,Sunday,1,2021-07-01,2021-07-31
2021-07-12,2021,3,Q3,7,July,2021-07,28,12,1,Monday,0,2021-07-01,2021-07-31
2021-07-13,2021,3,Q3,7,July,2021-07,28,13,2,Tuesday,0,2021-07-01,2021-07-31
2021-07-14,2021,3,Q3,7,July,2021-07,28,14,3,Wednesday,0,2021-07-01,2021-07-31
2021-07-15,2021,3,Q3,7,July,2021-07,28,15,4,Thursday,0,2021-07-01,2021-07-31
2021-07-16,2021,3,Q3,7,July,2021-07,28,16,5,Friday,0,2021-07-01,2021-07-31
2021-07-17,2021,3,Q3,7,July,2021-07,28,17,6,Saturday,1,2021-07-01,2021-07-31
2021-07-18,2021,3,Q3,7,July,2021-07,29,18,7,Sunday,1,2021-07-01,2021-07-31
2021-07-19,2021,3,Q3,7,July,2021-07,29,19,1,Monday,0,2021-07-01,2021-07-31
2021-07-20,2021,3,Q3,7,July,2021-07,29,20,2,Tuesday,0,2021-07-01,2021-07-31
2021-07-21,2021,3,Q3,7,July,2021-07,29,21,3,Wednesday,0,2021-07-01,2021-07-31
2021-07-22,2021,3,Q3,7,July,2021-07,29,22,4,Thursday,0,2021-07-01,2021-07-31
2021-07-23,2021,3,Q3,7,July,2021-07,29,23,5,Friday,0,2021-07-01,2021-07-31
2021-07-24,2021,3,Q3,7,July,2021-07,29,24,6,Saturday,1,2021-07-01,2021-07-31
2021-07-25,2021,3,Q3,7,July,2021-07,30,25,7,Sunday,1,2021-07-01,2021-07-31
2021-07-26,2021,3,Q3,7,July,2021-07,30,26,1,Monday,0,2021-07-01,2021-07-31
2021-07-27,2021,3,Q3,7,July,2021-07,30,27,2,Tuesday,0,2021-07-01,2021-07-31
2021-07-28,2021,3,Q3,7,July,2021-07,30,28,3,Wednesday,0,2021-07-01,2021-07-31
2021-07-29,2021,3,Q3,7,July,2021-07,30,29,4,Thursday,0,2021-07-01,2021-07-31
2021-07-30,2021,3,Q3,7,July,2021-07,30,30,5,Friday,0,2021-07-01,2021-07-31
2021-07-31,2021,3,Q3,7,July,2021-07,30,31,6,Saturday,1,2021-07-01,2021-07-31
2021-08-01,2021,3,Q3,8,August,2021-08,31,1,7,Sunday,1,2021-08-01,2021-08-31
2021-08-02,2021,3,Q3,8,August,2021-08,31,2,1,Monday,0,2021-08-01,2021-08-31
2021-08-03,2021,3,Q3,8,August,2021-08,31,3,2,Tuesday,0,2021-08-01,2021-08-31
2021-08-04,2021,3,Q3,8,August,2021-08,31,4,3,Wednesday,0,2021-08-01,2021-08-31
2021-08-05,2021,3,Q3,8,August,2021-08,31,5,4,Thursday,0,2021-08-01,2021-08-31
2021-08-06,2021,3,Q3,8,August,2021-08,31,6,5,Friday,0,2021-08-01,2021-08-31
2021-08-07,2021,3,Q3,8,August,2021-08,31,7,6,Saturday,1,2021-08-01,2021-08-31
2021-08-08,2021,3,Q3,8,August,2021-08,32,8,7,Sunday,1,2021-08-01,2021-08-31
2021-08-09,2021,3,Q3,8,August,2021-08,32,9,1,Monday,0,2021-08-01,2021-08-31
2021-08-10,2021,3,Q3,8,August,2021-08,32,10,2,Tuesday,0,2021-08-01,2021-08-31
2021-08-11,2021,3,Q3,8,August,2021-08,32,11,3,Wednesday,0,2021-08-01,2021-08-31
2021-08-12,2021,3,Q3,8,August,2021-08,32,12,4,Thursday,0,2021-08-01,2021-08-31
2021-08-13,2021,3,Q3,8,August,2021-08,32,13,5,Friday,0,2021-08-01,2021-08-31
2021-08-14,2021,3,Q3,8,August,2021-08,32,14,6,Saturday,1,2021-08-01,2021-08-31
2021-08-15,2021,3,Q3,8,August,2021-08,33,15,7,Sunday,1,2021-08-01,2021-08-31
2021-08-16,2021,3,Q3,8,August,2021-08,33,16,1,Monday,0,2021-08-01,2021-08-31
2021-08-17,2021,3,Q3,8,August,2021-08,33,17,2,Tuesday,0,2021-08-01,2021-08-31
2021-08-18,2021,3,Q3,8,August,2021-08,33,18,3,Wednesday,0,2021-08-01,2021-08-31
2021-08-19,2021,3,Q3,8,August,2021-08,33,19,4,Thursday,0,2021-08-01,2021-08-31
2021-08-20,2021,3,Q3,8,August,2021-08,33,20,5,Friday,0,2021-08-01,2021-08-31
2021-08-21,2021,3,Q3,8,August,2021-08,33,21,6,Saturday,1,2021-08-01,2021-08-31
2021-08-22,2021,3,Q3,8,August,2021-08,34,22,7,Sunday,1,2021-08-01,2021-08-31
2021-08-23,2021,3,Q3,8,August,2021-08,34,23,1,Monday,0,2021-08-01,2021-08-31
2021-08-24,2021,3,Q3,8,August,2021-08,34,24,2,Tuesday,0,2021-08-01,2021-08-31
2021-08-25,2021,3,Q3,8,August,2021-08,34,25,3,Wednesday,0,2021-08-01,2021-08-31
2021-08-26,2021,3,Q3,8,August,2021-08,34,26,4,Thursday,0,2021-08-01,2021-08-31
2021-08-27,2021,3,Q3,8,August,2021-08,34,27,5,Friday,0,2021-08-01,2021-08-31
2021-08-28,2021,3,Q3,8,August,2021-08,34,28,6,Saturday,1,2021-08-01,2021-08-31
2021-08-29,2021,3,Q3,8,August,2021-08,35,29,7,Sunday,1,2021-08-01,2021-08-31
2021-08-30,2021,3,Q3,8,August,2021-08,35,30,1,Monday,0,2021-08-01,2021-08-31
2021-08-31,2021,3,Q3,8,August,2021-08,35,31,2,Tuesday,0,2021-08-01,2021-08-31
2021-09-01,2021,3,Q3,9,September,2021-09,35,1,3,Wednesday,0,2021-09-01,2021-09-30
2021-09-02,2021,3,Q3,9,September,2021-09,35,2,4,Thursday,0,2021-09-01,2021-09-30
2021-09-03,2021,3,Q3,9,September,2021-09,35,3,5,Friday,0,2021-09-01,2021-09-30
2021-09-04,2021,3,Q3,9,September,2021-09,35,4,6,Saturday,1,2021-09-01,2021-09-30
2021-09-05,2021,3,Q3,9,September,2021-09,36,5,7,Sunday,1,2021-09-01,2021-09-30
2021-09-06,2021,3,Q3,9,September,2021-09,36,6,1,Monday,0,2021-09-01,2021-09-30
2021-09-07,2021,3,Q3,9,September,2021-09,36,7,2,Tuesday,0,2021-09-01,2021-09-30
2021-09-08,2021,3,Q3,9,September,2021-09,36,8,3,Wednesday,0,2021-09-01,2021-09-30
2021-09-09,2021,3,Q3,9,September,2021-09,36,9,4,Thursday,0,2021-09-01,2021-09-30
2021-09-10,2021,3,Q3,9,September,2021-09,36,10,5,Friday,0,2021-09-01,2021-09-30
2021-09-11,2021,3,Q3,9,September,2021-09,36,11,6,Saturday,1,2021-09-01,2021-09-30
2021-09-12,2021,3,Q3,9,September,2021-09,37,12,7,Sunday,1,2021-09-01,2021-09-30
2021-09-13,2021,3,Q3,9,September,2021-09,37,13,1,Monday,0,2021-09-01,2021-09-30
2021-09-14,2021,3,Q3,9,September,2021-09,37,14,2,Tuesday,0,2021-09-01,2021-09-30
2021-09-15,2021,3,Q3,9,September,2021-09,37,15,3,Wednesday,0,2021-09-01,2021-09-30
2021-09-16,2021,3,Q3,9,September,2021-09,37,16,4,Thursday,0,2021-09-01,2021-09-30
2021-09-17,2021,3,Q3,9,September,2021-09,37,17,5,Friday,0,2021-09-01,2021-09-30
2021-09-18,2021,3,Q3,9,September,2021-09,37,18,6,Saturday,1,2021-09-01,2021-09-30
2021-09-19,2021,3,Q3,9,September,2021-09,38,19,7,Sunday,1,2021-09-01,2021-09-30
2021-09-20,2021,3,Q3,9,September,2021-09,38,20,1,Monday,0,2021-09-01,2021-09-30
2021-09-21,2021,3,Q3,9,September,2021-09,38,21,2,Tuesday,0,2021-09-01,2021-09-30
2021-09-22,2021,3,Q3,9,September,2021-09,38,22,3,Wednesday,0,2021-09-01,2021-09-30
2021-09-23,2021,3,Q3,9,September,2021-09,38,23,4,Thursday,0,2021-09-01,2021-09-30
2021-09-24,2021,3,Q3,9,September,2021-09,38,24,5,Friday,0,2021-09-01,2021-09-30
2021-09-25,2021,3,Q3,9,September,2021-09,38,25,6,Saturday,1,2021-09-01,2021-09-30
2021-09-26,2021,3,Q3,9,September,2021-09,39,26,7,Sunday,1,2021-09-01,2021-09-30
2021-09-27,2021,3,Q3,9,September,2021-09,39,27,1,Monday,0,2021-09-01,2021-09-30
2021-09-28,2021,3,Q3,9,September,2021-09,39,28,2,Tuesday,0,2021-09-01,2021-09-30
2021-09-29,2021,3,Q3,9,September,2021-09,39,29,3,Wednesday,0,2021-09-01,2021-09-30
2021-09-30,2021,3,Q3,9,September,2021-09,39,30,4,Thursday,0,2021-09-01,2021-09-30
2021-10-01,2021,4,Q4,10,October,2021-10,39,1,5,Friday,0,2021-10-01,2021-10-31
2021-10-02,2021,4,Q4,10,October,2021-10,39,2,6,Saturday,1,2021-10-01,2021-10-31
2021-10-03,2021,4,Q4,10,October,2021-10,40,3,7,Sunday,1,2021-10-01,2021-10-31
2021-10-04,2021,4,Q4,10,October,2021-10,40,4,1,Monday,0,2021-10-01,2021-10-31
2021-10-05,2021,4,Q4,10,October,2021-10,40,5,2,Tuesday,0,2021-10-01,2021-10-31
2021-10-06,2021,4,Q4,10,October,2021-10,40,6,3,Wednesday,0,2021-10-01,2021-10-31
2021-10-07,2021,4,Q4,10,October,2021-10,40,7,4,Thursday,0,2021-10-01,2021-10-31
2021-10-08,2021,4,Q4,10,October,2021-10,40,8,5,Friday,0,2021-10-01,2021-10-31
2021-10-09,2021,4,Q4,10,October,2021-10,40,9,6,Saturday,1,2021-10-01,2021-10-31
2021-10-10,2021,4,Q4,10,October,2021-10,41,10,7,Sunday,1,2021-10-01,2021-10-31
2021-10-11,2021,4,Q4,10,October,2021-10,41,11,1,Monday,0,2021-10-01,2021-10-31
2021-10-12,2021,4,Q4,10,October,2021-10,41,12,2,Tuesday,0,2021-10-01,2021-10-31
2021-10-13,2021,4,Q4,10,October,2021-10,41,13,3,Wednesday,0,2021-10-01,2021-10-31
2021-10-14,2021,4,Q4,10,October,2021-10,41,14,4,Thursday,0,2021-10-01,2021-10-31
2021-10-15,2021,4,Q4,10,October,2021-10,41,15,5,Friday,0,2021-10-01,2021-10-31
2021-10-16,2021,4,Q4,10,October,2021-10,41,16,6,Saturday,1,2021-10-01,2021-10-31
2021-10-17,2021,4,Q4,10,October,2021-10,42,17,7,Sunday,1,2021-10-01,2021-10-31
2021-10-18,2021,4,Q4,10,October,2021-10,42,18,1,Monday,0,2021-10-01,2021-10-31
2021-10-19,2021,4,Q4,10,October,2021-10,42,19,2,Tuesday,0,2021-10-01,2021-10-31
2021-10-20,2021,4,Q4,10,October,2021-10,42,20,3,Wednesday,0,2021-10-01,2021-10-31
2021-10-21,2021,4,Q4,10,October,2021-10,42,21,4,Thursday,0,2021-10-01,2021-10-31
2021-10-22,2021,4,Q4,10,October,2021-10,42,22,5,Friday,0,2021-10-01,2021-10-31
2021-10-23,2021,4,Q4,10,October,2021-10,42,23,6,Saturday,1,2021-10-01,2021-10-31
2021-10-24,2021,4,Q4,10,October,2021-10,43,24,7,Sunday,1,2021-10-01,2021-10-31
2021-10-25,2021,4,Q4,10,October,2021-10,43,25,1,Monday,0,2021-10-01,2021-10-31
2021-10-26,2021,4,Q4,10,October,2021-10,43,26,2,Tuesday,0,2021-10-01,2021-10-31
2021-10-27,2021,4,Q4,10,October,2021-10,43,27,3,Wednesday,0,2021-10-01,2021-10-31
2021-10-28,2021,4,Q4,10,October,2021-10,43,28,4,Thursday,0,2021-10-01,2021-10-31
2021-10-29,2021,4,Q4,10,October,2021-10,43,29,5,Friday,0,2021-10-01,2021-10-31
2021-10-30,2021,4,Q4,10,October,2021-10,43,30,6,Saturday,1,2021-10-01,2021-10-31
2021-10-31,2021,4,Q4,10,October,2021-10,44,31,7,Sunday,1,2021-10-01,2021-10-31
2021-11-01,2021,4,Q4,11,November,2021-11,44,1,1,Monday,0,2021-11-01,2021-11-30
2021-11-02,2021,4,Q4,11,November,2021-11,44,2,2,Tuesday,0,2021-11-01,2021-11-30
2021-11-03,2021,4,Q4,11,November,2021-11,44,3,3,Wednesday,0,2021-11-01,2021-11-30
2021-11-04,2021,4,Q4,11,November,2021-11,44,4,4,Thursday,0,2021-11-01,2021-11-30
2021-11-05,2021,4,Q4,11,November,2021-11,44,5,5,Friday,0,2021-11-01,2021-11-30
2021-11-06,2021,4,Q4,11,November,2021-11,44,6,6,Saturday,1,2021-11-01,2021-11-30
2021-11-07,2021,4,Q4,11,November,2021-11,45,7,7,Sunday,1,2021-11-01,2021-11-30
2021-11-08,2021,4,Q4,11,November,2021-11,45,8,1,Monday,0,2021-11-01,2021-11-30
2021-11-09,2021,4,Q4,11,November,2021-11,45,9,2,Tuesday,0,2021-11-01,2021-11-30
2021-11-10,2021,4,Q4,11,November,2021-11,45,10,3,Wednesday,0,2021-11-01,2021-11-30
2021-11-11,2021,4,Q4,11,November,2021-11,45,11,4,Thursday,0,2021-11-01,2021-11-30
2021-11-12,2021,4,Q4,11,November,2021-11,45,12,5,Friday,0,2021-11-01,2021-11-30
2021-11-13,2021,4,Q4,11,November,2021-11,45,13,6,Saturday,1,2021-11-01,2021-11-30
2021-11-14,2021,4,Q4,11,November,2021-11,46,14,7,Sunday,1,2021-11-01,2021-11-30
2021-11-15,2021,4,Q4,11,November,2021-11,46,15,1,Monday,0,2021-11-01,2021-11-30
2021-11-16,2021,4,Q4,11,November,2021-11,46,16,2,Tuesday,0,2021-11-01,2021-11-30
2021-11-17,2021,4,Q4,11,November,2021-11,46,17,3,Wednesday,0,2021-11-01,2021-11-30
2021-11-18,2021,4,Q4,11,November,2021-11,46,18,4,Thursday,0,2021-11-01,2021-11-30
2021-11-19,2021,4,Q4,11,November,2021-11,46,19,5,Friday,0,2021-11-01,2021-11-30
2021-11-20,2021,4,Q4,11,November,2021-11,46,20,6,Saturday,1,2021-11-01,2021-11-30
2021-11-21,2021,4,Q4,11,November,2021-11,47,21,7,Sunday,1,2021-11-01,2021-11-30
2021-11-22,2021,4,Q4,11,November,2021-11,47,22,1,Monday,0,2021-11-01,2021-11-30
2021-11-23,2021,4,Q4,11,November,2021-11,47,23,2,Tuesday,0,2021-11-01,2021-11-30
2021-11-24,2021,4,Q4,11,November,2021-11,47,24,3,Wednesday,0,2021-11-01,2021-11-30
2021-11-25,2021,4,Q4,11,November,2021-11,47,25,4,Thursday,0,2021-11-01,2021-11-30
2021-11-26,2021,4,Q4,11,November,2021-11,47,26,5,Friday,0,2021-11-01,2021-11-30
2021-11-27,2021,4,Q4,11,November,2021-11,47,27,6,Saturday,1,2021-11-01,2021-11-30
2021-11-28,2021,4,Q4,11,November,2021-11,48,28,7,Sunday,1,2021-11-01,2021-11-30
2021-11-29,2021,4,Q4,11,November,2021-11,48,29,1,Monday,0,2021-11-01,2021-11-30
2021-11-30,2021,4,Q4,11,November,2021-11,48,30,2,Tuesday,0,2021-11-01,2021-11-30
2021-12-01,2021,4,Q4,12,December,2021-12,48,1,3,Wednesday,0,2021-12-01,2021-12-31
2021-12-02,2021,4,Q4,12,December,2021-12,48,2,4,Thursday,0,2021-12-01,2021-12-31
2021-12-03,2021,4,Q4,12,December,2021-12,48,3,5,Friday,0,2021-12-01,2021-12-31
2021-12-04,2021,4,Q4,12,December,2021-12,48,4,6,Saturday,1,2021-12-01,2021-12-31
2021-12-05,2021,4,Q4,12,December,2021-12,49,5,7,Sunday,1,2021-12-01,2021-12-31
2021-12-06,2021,4,Q4,12,December,2021-12,49,6,1,Monday,0,2021-12-01,2021-12-31
2021-12-07,2021,4,Q4,12,December,2021-12,49,7,2,Tuesday,0,2021-12-01,2021-12-31
2021-12-08,2021,4,Q4,12,December,2021-12,49,8,3,Wednesday,0,2021-12-01,2021-12-31
2021-12-09,2021,4,Q4,12,December,2021-12,49,9,4,Thursday,0,2021-12-01,2021-12-31
2021-12-10,2021,4,Q4,12,December,2021-12,49,10,5,Friday,0,2021-12-01,2021-12-31
2021-12-11,2021,4,Q4,12,December,2021-12,49,11,6,Saturday,1,2021-12-01,2021-12-31
2021-12-12,2021,4,Q4,12,December,2021-12,50,12,7,Sunday,1,2021-12-01,2021-12-31
2021-12-13,2021,4,Q4,12,December,2021-12,50,13,1,Monday,0,2021-12-01,2021-12-31
2021-12-14,2021,4,Q4,12,December,2021-12,50,14,2,Tuesday,0,2021-12-01,2021-12-31
2021-12-15,2021,4,Q4,12,December,2021-12,50,15,3,Wednesday,0,2021-12-01,2021-12-31
2021-12-16,2021,4,Q4,12,December,2021-12,50,16,4,Thursday,0,2021-12-01,2021-12-31
2021-12-17,2021,4,Q4,12,December,2021-12,50,17,5,Friday,0,2021-12-01,2021-12-31
2021-12-18,2021,4,Q4,12,December,2021-12,50,18,6,Saturday,1,2021-12-01,2021-12-31
2021-12-19,2021,4,Q4,12,December,2021-12,51,19,7,Sunday,1,2021-12-01,2021-12-31
2021-12-20,2021,4,Q4,12,December,2021-12,51,20,1,Monday,0,2021-12-01,2021-12-31
2021-12-21,2021,4,Q4,12,December,2021-12,51,21,2,Tuesday,0,2021-12-01,2021-12-31
2021-12-22,2021,4,Q4,12,December,2021-12,51,22,3,Wednesday,0,2021-12-01,2021-12-31
2021-12-23,2021,4,Q4,12,December,2021-12,51,23,4,Thursday,0,2021-12-01,2021-12-31
2021-12-24,2021,4,Q4,12,December,2021-12,51,24,5,Friday,0,2021-12-01,2021-12-31
2021-12-25,2021,4,Q4,12,December,2021-12,51,25,6,Saturday,1,2021-12-01,2021-12-31
2021-12-26,2021,4,Q4,12,December,2021-12,52,26,7,Sunday,1,2021-12-01,2021-12-31
2021-12-27,2021,4,Q4,12,December,2021-12,52,27,1,Monday,0,2021-12-01,2021-12-31
2021-12-28,2021,4,Q4,12,December,2021-12,52,28,2,Tuesday,0,2021-12-01,2021-12-31
2021-12-29,2021,4,Q4,12,December,2021-12,52,29,3,Wednesday,0,2021-12-01,2021-12-31
2021-12-30,2021,4,Q4,12,December,2021-12,52,30,4,Thursday,0,2021-12-01,2021-12-31
2021-12-31,2021,4,Q4,12,December,2021-12,52,31,5,Friday,0,2021-12-01,2021-12-31
2022-01-01,2022,1,Q1,1,January,2022-01,0,1,6,Saturday,1,2022-01-01,2022-01-31
2022-01-02,2022,1,Q1,1,January,2022-01,1,2,7,Sunday,1,2022-01-01,2022-01-31
2022-01-03,2022,1,Q1,1,January,2022-01,1,3,1,Monday,0,2022-01-01,2022-01-31
2022-01-04,2022,1,Q1,1,January,2022-01,1,4,2,Tuesday,0,2022-01-01,2022-01-31
2022-01-05,2022,1,Q1,1,January,2022-01,1,5,3,Wednesday,0,2022-01-01,2022-01-31
2022-01-06,2022,1,Q1,1,January,2022-01,1,6,4,Thursday,0,2022-01-01,2022-01-31
2022-01-07,2022,1,Q1,1,January,2022-01,1,7,5,Friday,0,2022-01-01,2022-01-31
2022-01-08,2022,1,Q1,1,January,2022-01,1,8,6,Saturday,1,2022-01-01,2022-01-31
2022-01-09,2022,1,Q1,1,January,2022-01,2,9,7,Sunday,1,2022-01-01,2022-01-31
2022-01-10,2022,1,Q1,1,January,2022-01,2,10,1,Monday,0,2022-01-01,2022-01-31
2022-01-11,2022,1,Q1,1,January,2022-01,2,11,2,Tuesday,0,2022-01-01,2022-01-31
2022-01-12,2022,1,Q1,1,January,2022-01,2,12,3,Wednesday,0,2022-01-01,2022-01-31
2022-01-13,2022,1,Q1,1,January,2022-01,2,13,4,Thursday,0,2022-01-01,2022-01-31
2022-01-14,2022,1,Q1,1,January,2022-01,2,14,5,Friday,0,2022-01-01,2022-01-31
2022-01-15,2022,1,Q1,1,January,2022-01,2,15,6,Saturday,1,2022-01-01,2022-01-31
2022-01-16,2022,1,Q1,1,January,2022-01,3,16,7,Sunday,1,2022-01-01,2022-01-31
2022-01-17,2022,1,Q1,1,January,2022-01,3,17,1,Monday,0,2022-01-01,2022-01-31
2022-01-18,2022,1,Q1,1,January,2022-01,3,18,2,Tuesday,0,2022-01-01,2022-01-31
2022-01-19,2022,1,Q1,1,January,2022-01,3,19,3,Wednesday,0,2022-01-01,2022-01-31
2022-01-20,2022,1,Q1,1,January,2022-01,3,20,4,Thursday,0,2022-01-01,2022-01-31
2022-01-21,2022,1,Q1,1,January,2022-01,3,21,5,Friday,0,2022-01-01,2022-01-31
2022-01-22,2022,1,Q1,1,January,2022-01,3,22,6,Saturday,1,2022-01-01,2022-01-31
2022-01-23,2022,1,Q1,1,January,2022-01,4,23,7,Sunday,1,2022-01-01,2022-01-31
2022-01-24,2022,1,Q1,1,January,2022-01,4,24,1,Monday,0,2022-01-01,2022-01-31
2022-01-25,2022,1,Q1,1,January,2022-01,4,25,2,Tuesday,0,2022-01-01,2022-01-31
2022-01-26,2022,1,Q1,1,January,2022-01,4,26,3,Wednesday,0,2022-01-01,2022-01-31
2022-01-27,2022,1,Q1,1,January,2022-01,4,27,4,Thursday,0,2022-01-01,2022-01-31
2022-01-28,2022,1,Q1,1,January,2022-01,4,28,5,Friday,0,2022-01-01,2022-01-31
2022-01-29,2022,1,Q1,1,January,2022-01,4,29,6,Saturday,1,2022-01-01,2022-01-31
2022-01-30,2022,1,Q1,1,January,2022-01,5,30,7,Sunday,1,2022-01-01,2022-01-31
2022-01-31,2022,1,Q1,1,January,2022-01,5,31,1,Monday,0,2022-01-01,2022-01-31
2022-02-01,2022,1,Q1,2,February,2022-02,5,1,2,Tuesday,0,2022-02-01,2022-02-28
2022-02-02,2022,1,Q1,2,February,2022-02,5,2,3,Wednesday,0,2022-02-01,2022-02-28
2022-02-03,2022,1,Q1,2,February,2022-02,5,3,4,Thursday,0,2022-02-01,2022-02-28
2022-02-04,2022,1,Q1,2,February,2022-02,5,4,5,Friday,0,2022-02-01,2022-02-28
2022-02-05,2022,1,Q1,2,February,2022-02,5,5,6,Saturday,1,2022-02-01,2022-02-28
2022-02-06,2022,1,Q1,2,February,2022-02,6,6,7,Sunday,1,2022-02-01,2022-02-28
2022-02-07,2022,1,Q1,2,February,2022-02,6,7,1,Monday,0,2022-02-01,2022-02-28
2022-02-08,2022,1,Q1,2,February,2022-02,6,8,2,Tuesday,0,2022-02-01,2022-02-28
2022-02-09,2022,1,Q1,2,February,2022-02,6,9,3,Wednesday,0,2022-02-01,2022-02-28
2022-02-10,2022,1,Q1,2,February,2022-02,6,10,4,Thursday,0,2022-02-01,2022-02-28
2022-02-11,2022,1,Q1,2,February,2022-02,6,11,5,Friday,0,2022-02-01,2022-02-28
2022-02-12,2022,1,Q1,2,February,2022-02,6,12,6,Saturday,1,2022-02-01,2022-02-28
2022-02-13,2022,1,Q1,2,February,2022-02,7,13,7,Sunday,1,2022-02-01,2022-02-28
2022-02-14,2022,1,Q1,2,February,2022-02,7,14,1,Monday,0,2022-02-01,2022-02-28
2022-02-15,2022,1,Q1,2,February,2022-02,7,15,2,Tuesday,0,2022-02-01,2022-02-28
2022-02-16,2022,1,Q1,2,February,2022-02,7,16,3,Wednesday,0,2022-02-01,2022-02-28
2022-02-17,2022,1,Q1,2,February,2022-02,7,17,4,Thursday,0,2022-02-01,2022-02-28
2022-02-18,2022,1,Q1,2,February,2022-02,7,18,5,Friday,0,2022-02-01,2022-02-28
2022-02-19,2022,1,Q1,2,February,2022-02,7,19,6,Saturday,1,2022-02-01,2022-02-28
2022-02-20,2022,1,Q1,2,February,2022-02,8,20,7,Sunday,1,2022-02-01,2022-02-28
2022-02-21,2022,1,Q1,2,February,2022-02,8,21,1,Monday,0,2022-02-01,2022-02-28
2022-02-22,2022,1,Q1,2,February,2022-02,8,22,2,Tuesday,0,2022-02-01,2022-02-28
2022-02-23,2022,1,Q1,2,February,2022-02,8,23,3,Wednesday,0,2022-02-01,2022-02-28
2022-02-24,2022,1,Q1,2,February,2022-02,8,24,4,Thursday,0,2022-02-01,2022-02-28
2022-02-25,2022,1,Q1,2,February,2022-02,8,25,5,Friday,0,2022-02-01,2022-02-28
2022-02-26,2022,1,Q1,2,February,2022-02,8,26,6,Saturday,1,2022-02-01,2022-02-28
2022-02-27,2022,1,Q1,2,February,2022-02,9,27,7,Sunday,1,2022-02-01,2022-02-28
2022-02-28,2022,1,Q1,2,February,2022-02,9,28,1,Monday,0,2022-02-01,2022-02-28
2022-03-01,2022,1,Q1,3,March,2022-03,9,1,2,Tuesday,0,2022-03-01,2022-03-31
2022-03-02,2022,1,Q1,3,March,2022-03,9,2,3,Wednesday,0,2022-03-01,2022-03-31
2022-03-03,2022,1,Q1,3,March,2022-03,9,3,4,Thursday,0,2022-03-01,2022-03-31
2022-03-04,2022,1,Q1,3,March,2022-03,9,4,5,Friday,0,2022-03-01,2022-03-31
2022-03-05,2022,1,Q1,3,March,2022-03,9,5,6,Saturday,1,2022-03-01,2022-03-31
2022-03-06,2022,1,Q1,3,March,2022-03,10,6,7,Sunday,1,2022-03-01,2022-03-31
2022-03-07,2022,1,Q1,3,March,2022-03,10,7,1,Monday,0,2022-03-01,2022-03-31
2022-03-08,2022,1,Q1,3,March,2022-03,10,8,2,Tuesday,0,2022-03-01,2022-03-31
2022-03-09,2022,1,Q1,3,March,2022-03,10,9,3,Wednesday,0,2022-03-01,2022-03-31
2022-03-10,2022,1,Q1,3,March,2022-03,10,10,4,Thursday,0,2022-03-01,2022-03-31
2022-03-11,2022,1,Q1,3,March,2022-03,10,11,5,Friday,0,2022-03-01,2022-03-31
2022-03-12,2022,1,Q1,3,March,2022-03,10,12,6,Saturday,1,2022-03-01,2022-03-31
2022-03-13,2022,1,Q1,3,March,2022-03,11,13,7,Sunday,1,2022-03-01,2022-03-31
2022-03-14,2022,1,Q1,3,March,2022-03,11,14,1,Monday,0,2022-03-01,2022-03-31
2022-03-15,2022,1,Q1,3,March,2022-03,11,15,2,Tuesday,0,2022-03-01,2022-03-31
2022-03-16,2022,1,Q1,3,March,2022-03,11,16,3,Wednesday,0,2022-03-01,2022-03-31
2022-03-17,2022,1,Q1,3,March,2022-03,11,17,4,Thursday,0,2022-03-01,2022-03-31
2022-03-18,2022,1,Q1,3,March,2022-03,11,18,5,Friday,0,2022-03-01,2022-03-31
2022-03-19,2022,1,Q1,3,March,2022-03,11,19,6,Saturday,1,2022-03-01,2022-03-31
2022-03-20,2022,1,Q1,3,March,2022-03,12,20,7,Sunday,1,2022-03-01,2022-03-31
2022-03-21,2022,1,Q1,3,March,2022-03,12,21,1,Monday,0,2022-03-01,2022-03-31
2022-03-22,2022,1,Q1,3,March,2022-03,12,22,2,Tuesday,0,2022-03-01,2022-03-31
2022-03-23,2022,1,Q1,3,March,2022-03,12,23,3,Wednesday,0,2022-03-01,2022-03-31
2022-03-24,2022,1,Q1,3,March,2022-03,12,24,4,Thursday,0,2022-03-01,2022-03-31
2022-03-25,2022,1,Q1,3,March,2022-03,12,25,5,Friday,0,2022-03-01,2022-03-31
2022-03-26,2022,1,Q1,3,March,2022-03,12,26,6,Saturday,1,2022-03-01,2022-03-31
2022-03-27,2022,1,Q1,3,March,2022-03,13,27,7,Sunday,1,2022-03-01,2022-03-31
2022-03-28,2022,1,Q1,3,March,2022-03,13,28,1,Monday,0,2022-03-01,2022-03-31
2022-03-29,2022,1,Q1,3,March,2022-03,13,29,2,Tuesday,0,2022-03-01,2022-03-31
2022-03-30,2022,1,Q1,3,March,2022-03,13,30,3,Wednesday,0,2022-03-01,2022-03-31
2022-03-31,2022,1,Q1,3,March,2022-03,13,31,4,Thursday,0,2022-03-01,2022-03-31
2022-04-01,2022,2,Q2,4,April,2022-04,13,1,5,Friday,0,2022-04-01,2022-04-30
2022-04-02,2022,2,Q2,4,April,2022-04,13,2,6,Saturday,1,2022-04-01,2022-04-30
2022-04-03,2022,2,Q2,4,April,2022-04,14,3,7,Sunday,1,2022-04-01,2022-04-30
2022-04-04,2022,2,Q2,4,April,2022-04,14,4,1,Monday,0,2022-04-01,2022-04-30
2022-04-05,2022,2,Q2,4,April,2022-04,14,5,2,Tuesday,0,2022-04-01,2022-04-30
2022-04-06,2022,2,Q2,4,April,2022-04,14,6,3,Wednesday,0,2022-04-01,2022-04-30
2022-04-07,2022,2,Q2,4,April,2022-04,14,7,4,Thursday,0,2022-04-01,2022-04-30
2022-04-08,2022,2,Q2,4,April,2022-04,14,8,5,Friday,0,2022-04-01,2022-04-30
2022-04-09,2022,2,Q2,4,April,2022-04,14,9,6,Saturday,1,2022-04-01,2022-04-30
2022-04-10,2022,2,Q2,4,April,2022-04,15,10,7,Sunday,1,2022-04-01,2022-04-30
2022-04-11,2022,2,Q2,4,April,2022-04,15,11,1,Monday,0,2022-04-01,2022-04-30
2022-04-12,2022,2,Q2,4,April,2022-04,15,12,2,Tuesday,0,2022-04-01,2022-04-30
2022-04-13,2022,2,Q2,4,April,2022-04,15,13,3,Wednesday,0,2022-04-01,2022-04-30
2022-04-14,2022,2,Q2,4,April,2022-04,15,14,4,Thursday,0,2022-04-01,2022-04-30
2022-04-15,2022,2,Q2,4,April,2022-04,15,15,5,Friday,0,2022-04-01,2022-04-30
2022-04-16,2022,2,Q2,4,April,2022-04,15,16,6,Saturday,1,2022-04-01,2022-04-30
2022-04-17,2022,2,Q2,4,April,2022-04,16,17,7,Sunday,1,2022-04-01,2022-04-30
2022-04-18,2022,2,Q2,4,April,2022-04,16,18,1,Monday,0,2022-04-01,2022-04-30
2022-04-19,2022,2,Q2,4,April,2022-04,16,19,2,Tuesday,0,2022-04-01,2022-04-30
2022-04-20,2022,2,Q2,4,April,2022-04,16,20,3,Wednesday,0,2022-04-01,2022-04-30
2022-04-21,2022,2,Q2,4,April,2022-04,16,21,4,Thursday,0,2022-04-01,2022-04-30
2022-04-22,2022,2,Q2,4,April,2022-04,16,22,5,Friday,0,2022-04-01,2022-04-30
2022-04-23,2022,2,Q2,4,April,2022-04,16,23,6,Saturday,1,2022-04-01,2022-04-30
2022-04-24,2022,2,Q2,4,April,2022-04,17,24,7,Sunday,1,2022-04-01,2022-04-30
2022-04-25,2022,2,Q2,4,April,2022-04,17,25,1,Monday,0,2022-04-01,2022-04-30
2022-04-26,2022,2,Q2,4,April,2022-04,17,26,2,Tuesday,0,2022-04-01,2022-04-30
2022-04-27,2022,2,Q2,4,April,2022-04,17,27,3,Wednesday,0,2022-04-01,2022-04-30
2022-04-28,2022,2,Q2,4,April,2022-04,17,28,4,Thursday,0,2022-04-01,2022-04-30
2022-04-29,2022,2,Q2,4,April,2022-04,17,29,5,Friday,0,2022-04-01,2022-04-30
2022-04-30,2022,2,Q2,4,April,2022-04,17,30,6,Saturday,1,2022-04-01,2022-04-30
2022-05-01,2022,2,Q2,5,May,2022-05,18,1,7,Sunday,1,2022-05-01,2022-05-31
2022-05-02,2022,2,Q2,5,May,2022-05,18,2,1,Monday,0,2022-05-01,2022-05-31
2022-05-03,2022,2,Q2,5,May,2022-05,18,3,2,Tuesday,0,2022-05-01,2022-05-31
2022-05-04,2022,2,Q2,5,May,2022-05,18,4,3,Wednesday,0,2022-05-01,2022-05-31
2022-05-05,2022,2,Q2,5,May,2022-05,18,5,4,Thursday,0,2022-05-01,2022-05-31
2022-05-06,2022,2,Q2,5,May,2022-05,18,6,5,Friday,0,2022-05-01,2022-05-31
2022-05-07,2022,2,Q2,5,May,2022-05,18,7,6,Saturday,1,2022-05-01,2022-05-31
2022-05-08,2022,2,Q2,5,May,2022-05,19,8,7,Sunday,1,2022-05-01,2022-05-31
2022-05-09,2022,2,Q2,5,May,2022-05,19,9,1,Monday,0,2022-05-01,2022-05-31
2022-05-10,2022,2,Q2,5,May,2022-05,19,10,2,Tuesday,0,2022-05-01,2022-05-31
2022-05-11,2022,2,Q2,5,May,2022-05,19,11,3,Wednesday,0,2022-05-01,2022-05-31
2022-05-12,2022,2,Q2,5,May,2022-05,19,12,4,Thursday,0,2022-05-01,2022-05-31
2022-05-13,2022,2,Q2,5,May,2022-05,19,13,5,Friday,0,2022-05-01,2022-05-31
2022-05-14,2022,2,Q2,5,May,2022-05,19,14,6,Saturday,1,2022-05-01,2022-05-31
2022-05-15,2022,2,Q2,5,May,2022-05,20,15,7,Sunday,1,2022-05-01,2022-05-31
2022-05-16,2022,2,Q2,5,May,2022-05,20,16,1,Monday,0,2022-05-01,2022-05-31
2022-05-17,2022,2,Q2,5,May,2022-05,20,17,2,Tuesday,0,2022-05-01,2022-05-31
2022-05-18,2022,2,Q2,5,May,2022-05,20,18,3,Wednesday,0,2022-05-01,2022-05-31
2022-05-19,2022,2,Q2,5,May,2022-05,20,19,4,Thursday,0,2022-05-01,2022-05-31
2022-05-20,2022,2,Q2,5,May,2022-05,20,20,5,Friday,0,2022-05-01,2022-05-31
2022-05-21,2022,2,Q2,5,May,2022-05,20,21,6,Saturday,1,2022-05-01,2022-05-31
2022-05-22,2022,2,Q2,5,May,2022-05,21,22,7,Sunday,1,2022-05-01,2022-05-31
2022-05-23,2022,2,Q2,5,May,2022-05,21,23,1,Monday,0,2022-05-01,2022-05-31
2022-05-24,2022,2,Q2,5,May,2022-05,21,24,2,Tuesday,0,2022-05-01,2022-05-31
2022-05-25,2022,2,Q2,5,May,2022-05,21,25,3,Wednesday,0,2022-05-01,2022-05-31
2022-05-26,2022,2,Q2,5,May,2022-05,21,26,4,Thursday,0,2022-05-01,2022-05-31
2022-05-27,2022,2,Q2,5,May,2022-05,21,27,5,Friday,0,2022-05-01,2022-05-31
2022-05-28,2022,2,Q2,5,May,2022-05,21,28,6,Saturday,1,2022-05-01,2022-05-31
2022-05-29,2022,2,Q2,5,May,2022-05,22,29,7,Sunday,1,2022-05-01,2022-05-31
2022-05-30,2022,2,Q2,5,May,2022-05,22,30,1,Monday,0,2022-05-01,2022-05-31
2022-05-31,2022,2,Q2,5,May,2022-05,22,31,2,Tuesday,0,2022-05-01,2022-05-31
2022-06-01,2022,2,Q2,6,June,2022-06,22,1,3,Wednesday,0,2022-06-01,2022-06-30
2022-06-02,2022,2,Q2,6,June,2022-06,22,2,4,Thursday,0,2022-06-01,2022-06-30
2022-06-03,2022,2,Q2,6,June,2022-06,22,3,5,Friday,0,2022-06-01,2022-06-30
2022-06-04,2022,2,Q2,6,June,2022-06,22,4,6,Saturday,1,2022-06-01,2022-06-30
2022-06-05,2022,2,Q2,6,June,2022-06,23,5,7,Sunday,1,2022-06-01,2022-06-30
2022-06-06,2022,2,Q2,6,June,2022-06,23,6,1,Monday,0,2022-06-01,2022-06-30
2022-06-07,2022,2,Q2,6,June,2022-06,23,7,2,Tuesday,0,2022-06-01,2022-06-30
2022-06-08,2022,2,Q2,6,June,2022-06,23,8,3,Wednesday,0,2022-06-01,2022-06-30
2022-06-09,2022,2,Q2,6,June,2022-06,23,9,4,Thursday,0,2022-06-01,2022-06-30
2022-06-10,2022,2,Q2,6,June,2022-06,23,10,5,Friday,0,2022-06-01,2022-06-30
2022-06-11,2022,2,Q2,6,June,2022-06,23,11,6,Saturday,1,2022-06-01,2022-06-30
2022-06-12,2022,2,Q2,6,June,2022-06,24,12,7,Sunday,1,2022-06-01,2022-06-30
2022-06-13,2022,2,Q2,6,June,2022-06,24,13,1,Monday,0,2022-06-01,2022-06-30
2022-06-14,2022,2,Q2,6,June,2022-06,24,14,2,Tuesday,0,2022-06-01,2022-06-30
2022-06-15,2022,2,Q2,6,June,2022-06,24,15,3,Wednesday,0,2022-06-01,2022-06-30
2022-06-16,2022,2,Q2,6,June,2022-06,24,16,4,Thursday,0,2022-06-01,2022-06-30
2022-06-17,2022,2,Q2,6,June,2022-06,24,17,5,Friday,0,2022-06-01,2022-06-30
2022-06-18,2022,2,Q2,6,June,2022-06,24,18,6,Saturday,1,2022-06-01,2022-06-30
2022-06-19,2022,2,Q2,6,June,2022-06,25,19,7,Sunday,1,2022-06-01,2022-06-30
2022-06-20,2022,2,Q2,6,June,2022-06,25,20,1,Monday,0,2022-06-01,2022-06-30
2022-06-21,2022,2,Q2,6,June,2022-06,25,21,2,Tuesday,0,2022-06-01,2022-06-30
2022-06-22,2022,2,Q2,6,June,2022-06,25,22,3,Wednesday,0,2022-06-01,2022-06-30
2022-06-23,2022,2,Q2,6,June,2022-06,25,23,4,Thursday,0,2022-06-01,2022-06-30
2022-06-24,2022,2,Q2,6,June,2022-06,25,24,5,Friday,0,2022-06-01,2022-06-30
2022-06-25,2022,2,Q2,6,June,2022-06,25,25,6,Saturday,1,2022-06-01,2022-06-30
2022-06-26,2022,2,Q2,6,June,2022-06,26,26,7,Sunday,1,2022-06-01,2022-06-30
2022-06-27,2022,2,Q2,6,June,2022-06,26,27,1,Monday,0,2022-06-01,2022-06-30
2022-06-28,2022,2,Q2,6,June,2022-06,26,28,2,Tuesday,0,2022-06-01,2022-06-30
2022-06-29,2022,2,Q2,6,June,2022-06,26,29,3,Wednesday,0,2022-06-01,2022-06-30
2022-06-30,2022,2,Q2,6,June,2022-06,26,30,4,Thursday,0,2022-06-01,2022-06-30
2022-07-01,2022,3,Q3,7,July,2022-07,26,1,5,Friday,0,2022-07-01,2022-07-31
2022-07-02,2022,3,Q3,7,July,2022-07,26,2,6,Saturday,1,2022-07-01,2022-07-31
2022-07-03,2022,3,Q3,7,July,2022-07,27,3,7,Sunday,1,2022-07-01,2022-07-31
2022-07-04,2022,3,Q3,7,July,2022-07,27,4,1,Monday,0,2022-07-01,2022-07-31
2022-07-05,2022,3,Q3,7,July,2022-07,27,5,2,Tuesday,0,2022-07-01,2022-07-31
2022-07-06,2022,3,Q3,7,July,2022-07,27,6,3,Wednesday,0,2022-07-01,2022-07-31
2022-07-07,2022,3,Q3,7,July,2022-07,27,7,4,Thursday,0,2022-07-01,2022-07-31
2022-07-08,2022,3,Q3,7,July,2022-07,27,8,5,Friday,0,2022-07-01,2022-07-31
2022-07-09,2022,3,Q3,7,July,2022-07,27,9,6,Saturday,1,2022-07-01,2022-07-31
2022-07-10,2022,3,Q3,7,July,2022-07,28,10,7,Sunday,1,2022-07-01,2022-07-31
2022-07-11,2022,3,Q3,7,July,2022-07,28,11,1,Monday,0,2022-07-01,2022-07-31
2022-07-12,2022,3,Q3,7,July,2022-07,28,12,2,Tuesday,0,2022-07-01,2022-07-31
2022-07-13,2022,3,Q3,7,July,2022-07,28,13,3,Wednesday,0,2022-07-01,2022-07-31
2022-07-14,2022,3,Q3,7,July,2022-07,28,14,4,Thursday,0,2022-07-01,2022-07-31
2022-07-15,2022,3,Q3,7,July,2022-07,28,15,5,Friday,0,2022-07-01,2022-07-31
2022-07-16,2022,3,Q3,7,July,2022-07,28,16,6,Saturday,1,2022-07-01,2022-07-31
2022-07-17,2022,3,Q3,7,July,2022-07,29,17,7,Sunday,1,2022-07-01,2022-07-31
2022-07-18,2022,3,Q3,7,July,2022-07,29,18,1,Monday,0,2022-07-01,2022-07-31
2022-07-19,2022,3,Q3,7,July,2022-07,29,19,2,Tuesday,0,2022-07-01,2022-07-31
2022-07-20,2022,3,Q3,7,July,2022-07,29,20,3,Wednesday,0,2022-07-01,2022-07-31
2022-07-21,2022,3,Q3,7,July,2022-07,29,21,4,Thursday,0,2022-07-01,2022-07-31
2022-07-22,2022,3,Q3,7,July,2022-07,29,22,5,Friday,0,2022-07-01,2022-07-31
2022-07-23,2022,3,Q3,7,July,2022-07,29,23,6,Saturday,1,2022-07-01,2022-07-31
2022-07-24,2022,3,Q3,7,July,2022-07,30,24,7,Sunday,1,2022-07-01,2022-07-31
2022-07-25,2022,3,Q3,7,July,2022-07,30,25,1,Monday,0,2022-07-01,2022-07-31
2022-07-26,2022,3,Q3,7,July,2022-07,30,26,2,Tuesday,0,2022-07-01,2022-07-31
2022-07-27,2022,3,Q3,7,July,2022-07,30,27,3,Wednesday,0,2022-07-01,2022-07-31
2022-07-28,2022,3,Q3,7,July,2022-07,30,28,4,Thursday,0,2022-07-01,2022-07-31
2022-07-29,2022,3,Q3,7,July,2022-07,30,29,5,Friday,0,2022-07-01,2022-07-31
2022-07-30,2022,3,Q3,7,July,2022-07,30,30,6,Saturday,1,2022-07-01,2022-07-31
2022-07-31,2022,3,Q3,7,July,2022-07,31,31,7,Sunday,1,2022-07-01,2022-07-31
2022-08-01,2022,3,Q3,8,August,2022-08,31,1,1,Monday,0,2022-08-01,2022-08-31
2022-08-02,2022,3,Q3,8,August,2022-08,31,2,2,Tuesday,0,2022-08-01,2022-08-31
2022-08-03,2022,3,Q3,8,August,2022-08,31,3,3,Wednesday,0,2022-08-01,2022-08-31
2022-08-04,2022,3,Q3,8,August,2022-08,31,4,4,Thursday,0,2022-08-01,2022-08-31
2022-08-05,2022,3,Q3,8,August,2022-08,31,5,5,Friday,0,2022-08-01,2022-08-31
2022-08-06,2022,3,Q3,8,August,2022-08,31,6,6,Saturday,1,2022-08-01,2022-08-31
2022-08-07,2022,3,Q3,8,August,2022-08,32,7,7,Sunday,1,2022-08-01,2022-08-31
2022-08-08,2022,3,Q3,8,August,2022-08,32,8,1,Monday,0,2022-08-01,2022-08-31
2022-08-09,2022,3,Q3,8,August,2022-08,32,9,2,Tuesday,0,2022-08-01,2022-08-31
2022-08-10,2022,3,Q3,8,August,2022-08,32,10,3,Wednesday,0,2022-08-01,2022-08-31
2022-08-11,2022,3,Q3,8,August,2022-08,32,11,4,Thursday,0,2022-08-01,2022-08-31
2022-08-12,2022,3,Q3,8,August,2022-08,32,12,5,Friday,0,2022-08-01,2022-08-31
2022-08-13,2022,3,Q3,8,August,2022-08,32,13,6,Saturday,1,2022-08-01,2022-08-31
2022-08-14,2022,3,Q3,8,August,2022-08,33,14,7,Sunday,1,2022-08-01,2022-08-31
2022-08-15,2022,3,Q3,8,August,2022-08,33,15,1,Monday,0,2022-08-01,2022-08-31
2022-08-16,2022,3,Q3,8,August,2022-08,33,16,2,Tuesday,0,2022-08-01,2022-08-31
2022-08-17,2022,3,Q3,8,August,2022-08,33,17,3,Wednesday,0,2022-08-01,2022-08-31
2022-08-18,2022,3,Q3,8,August,2022-08,33,18,4,Thursday,0,2022-08-01,2022-08-31
2022-08-19,2022,3,Q3,8,August,2022-08,33,19,5,Friday,0,2022-08-01,2022-08-31
2022-08-20,2022,3,Q3,8,August,2022-08,33,20,6,Saturday,1,2022-08-01,2022-08-31
2022-08-21,2022,3,Q3,8,August,2022-08,34,21,7,Sunday,1,2022-08-01,2022-08-31
2022-08-22,2022,3,Q3,8,August,2022-08,34,22,1,Monday,0,2022-08-01,2022-08-31
2022-08-23,2022,3,Q3,8,August,2022-08,34,23,2,Tuesday,0,2022-08-01,2022-08-31
2022-08-24,2022,3,Q3,8,August,2022-08,34,24,3,Wednesday,0,2022-08-01,2022-08-31
2022-08-25,2022,3,Q3,8,August,2022-08,34,25,4,Thursday,0,2022-08-01,2022-08-31
2022-08-26,2022,3,Q3,8,August,2022-08,34,26,5,Friday,0,2022-08-01,2022-08-31
2022-08-27,2022,3,Q3,8,August,2022-08,34,27,6,Saturday,1,2022-08-01,2022-08-31
2022-08-28,2022,3,Q3,8,August,2022-08,35,28,7,Sunday,1,2022-08-01,2022-08-31
2022-08-29,2022,3,Q3,8,August,2022-08,35,29,1,Monday,0,2022-08-01,2022-08-31
2022-08-30,2022,3,Q3,8,August,2022-08,35,30,2,Tuesday,0,2022-08-01,2022-08-31
2022-08-31,2022,3,Q3,8,August,2022-08,35,31,3,Wednesday,0,2022-08-01,2022-08-31
2022-09-01,2022,3,Q3,9,September,2022-09,35,1,4,Thursday,0,2022-09-01,2022-09-30
2022-09-02,2022,3,Q3,9,September,2022-09,35,2,5,Friday,0,2022-09-01,2022-09-30
2022-09-03,2022,3,Q3,9,September,2022-09,35,3,6,Saturday,1,2022-09-01,2022-09-30
2022-09-04,2022,3,Q3,9,September,2022-09,36,4,7,Sunday,1,2022-09-01,2022-09-30
2022-09-05,2022,3,Q3,9,September,2022-09,36,5,1,Monday,0,2022-09-01,2022-09-30
2022-09-06,2022,3,Q3,9,September,2022-09,36,6,2,Tuesday,0,2022-09-01,2022-09-30
2022-09-07,2022,3,Q3,9,September,2022-09,36,7,3,Wednesday,0,2022-09-01,2022-09-30
2022-09-08,2022,3,Q3,9,September,2022-09,36,8,4,Thursday,0,2022-09-01,2022-09-30
2022-09-09,2022,3,Q3,9,September,2022-09,36,9,5,Friday,0,2022-09-01,2022-09-30
2022-09-10,2022,3,Q3,9,September,2022-09,36,10,6,Saturday,1,2022-09-01,2022-09-30
2022-09-11,2022,3,Q3,9,September,2022-09,37,11,7,Sunday,1,2022-09-01,2022-09-30
2022-09-12,2022,3,Q3,9,September,2022-09,37,12,1,Monday,0,2022-09-01,2022-09-30
2022-09-13,2022,3,Q3,9,September,2022-09,37,13,2,Tuesday,0,2022-09-01,2022-09-30
2022-09-14,2022,3,Q3,9,September,2022-09,37,14,3,Wednesday,0,2022-09-01,2022-09-30
2022-09-15,2022,3,Q3,9,September,2022-09,37,15,4,Thursday,0,2022-09-01,2022-09-30
2022-09-16,2022,3,Q3,9,September,2022-09,37,16,5,Friday,0,2022-09-01,2022-09-30
2022-09-17,2022,3,Q3,9,September,2022-09,37,17,6,Saturday,1,2022-09-01,2022-09-30
2022-09-18,2022,3,Q3,9,September,2022-09,38,18,7,Sunday,1,2022-09-01,2022-09-30
2022-09-19,2022,3,Q3,9,September,2022-09,38,19,1,Monday,0,2022-09-01,2022-09-30
2022-09-20,2022,3,Q3,9,September,2022-09,38,20,2,Tuesday,0,2022-09-01,2022-09-30
2022-09-21,2022,3,Q3,9,September,2022-09,38,21,3,Wednesday,0,2022-09-01,2022-09-30
2022-09-22,2022,3,Q3,9,September,2022-09,38,22,4,Thursday,0,2022-09-01,2022-09-30
2022-09-23,2022,3,Q3,9,September,2022-09,38,23,5,Friday,0,2022-09-01,2022-09-30
2022-09-24,2022,3,Q3,9,September,2022-09,38,24,6,Saturday,1,2022-09-01,2022-09-30
2022-09-25,2022,3,Q3,9,September,2022-09,39,25,7,Sunday,1,2022-09-01,2022-09-30
2022-09-26,2022,3,Q3,9,September,2022-09,39,26,1,Monday,0,2022-09-01,2022-09-30
2022-09-27,2022,3,Q3,9,September,2022-09,39,27,2,Tuesday,0,2022-09-01,2022-09-30
2022-09-28,2022,3,Q3,9,September,2022-09,39,28,3,Wednesday,0,2022-09-01,2022-09-30
2022-09-29,2022,3,Q3,9,September,2022-09,39,29,4,Thursday,0,2022-09-01,2022-09-30
2022-09-30,2022,3,Q3,9,September,2022-09,39,30,5,Friday,0,2022-09-01,2022-09-30
2022-10-01,2022,4,Q4,10,October,2022-10,39,1,6,Saturday,1,2022-10-01,2022-10-31
2022-10-02,2022,4,Q4,10,October,2022-10,40,2,7,Sunday,1,2022-10-01,2022-10-31
2022-10-03,2022,4,Q4,10,October,2022-10,40,3,1,Monday,0,2022-10-01,2022-10-31
2022-10-04,2022,4,Q4,10,October,2022-10,40,4,2,Tuesday,0,2022-10-01,2022-10-31
2022-10-05,2022,4,Q4,10,October,2022-10,40,5,3,Wednesday,0,2022-10-01,2022-10-31
2022-10-06,2022,4,Q4,10,October,2022-10,40,6,4,Thursday,0,2022-10-01,2022-10-31
2022-10-07,2022,4,Q4,10,October,2022-10,40,7,5,Friday,0,2022-10-01,2022-10-31
2022-10-08,2022,4,Q4,10,October,2022-10,40,8,6,Saturday,1,2022-10-01,2022-10-31
2022-10-09,2022,4,Q4,10,October,2022-10,41,9,7,Sunday,1,2022-10-01,2022-10-31
2022-10-10,2022,4,Q4,10,October,2022-10,41,10,1,Monday,0,2022-10-01,2022-10-31
2022-10-11,2022,4,Q4,10,October,2022-10,41,11,2,Tuesday,0,2022-10-01,2022-10-31
2022-10-12,2022,4,Q4,10,October,2022-10,41,12,3,Wednesday,0,2022-10-01,2022-10-31
2022-10-13,2022,4,Q4,10,October,2022-10,41,13,4,Thursday,0,2022-10-01,2022-10-31
2022-10-14,2022,4,Q4,10,October,2022-10,41,14,5,Friday,0,2022-10-01,2022-10-31
2022-10-15,2022,4,Q4,10,October,2022-10,41,15,6,Saturday,1,2022-10-01,2022-10-31
2022-10-16,2022,4,Q4,10,October,2022-10,42,16,7,Sunday,1,2022-10-01,2022-10-31
2022-10-17,2022,4,Q4,10,October,2022-10,42,17,1,Monday,0,2022-10-01,2022-10-31
2022-10-18,2022,4,Q4,10,October,2022-10,42,18,2,Tuesday,0,2022-10-01,2022-10-31
2022-10-19,2022,4,Q4,10,October,2022-10,42,19,3,Wednesday,0,2022-10-01,2022-10-31
2022-10-20,2022,4,Q4,10,October,2022-10,42,20,4,Thursday,0,2022-10-01,2022-10-31
2022-10-21,2022,4,Q4,10,October,2022-10,42,21,5,Friday,0,2022-10-01,2022-10-31
2022-10-22,2022,4,Q4,10,October,2022-10,42,22,6,Saturday,1,2022-10-01,2022-10-31
2022-10-23,2022,4,Q4,10,October,2022-10,43,23,7,Sunday,1,2022-10-01,2022-10-31
2022-10-24,2022,4,Q4,10,October,2022-10,43,24,1,Monday,0,2022-10-01,2022-10-31
2022-10-25,2022,4,Q4,10,October,2022-10,43,25,2,Tuesday,0,2022-10-01,2022-10-31
2022-10-26,2022,4,Q4,10,October,2022-10,43,26,3,Wednesday,0,2022-10-01,2022-10-31
2022-10-27,2022,4,Q4,10,October,2022-10,43,27,4,Thursday,0,2022-10-01,2022-10-31
2022-10-28,2022,4,Q4,10,October,2022-10,43,28,5,Friday,0,2022-10-01,2022-10-31
2022-10-29,2022,4,Q4,10,October,2022-10,43,29,6,Saturday,1,2022-10-01,2022-10-31
2022-10-30,2022,4,Q4,10,October,2022-10,44,30,7,Sunday,1,2022-10-01,2022-10-31
2022-10-31,2022,4,Q4,10,October,2022-10,44,31,1,Monday,0,2022-10-01,2022-10-31
2022-11-01,2022,4,Q4,11,November,2022-11,44,1,2,Tuesday,0,2022-11-01,2022-11-30
2022-11-02,2022,4,Q4,11,November,2022-11,44,2,3,Wednesday,0,2022-11-01,2022-11-30
2022-11-03,2022,4,Q4,11,November,2022-11,44,3,4,Thursday,0,2022-11-01,2022-11-30
2022-11-04,2022,4,Q4,11,November,2022-11,44,4,5,Friday,0,2022-11-01,2022-11-30
2022-11-05,2022,4,Q4,11,November,2022-11,44,5,6,Saturday,1,2022-11-01,2022-11-30
2022-11-06,2022,4,Q4,11,November,2022-11,45,6,7,Sunday,1,2022-11-01,2022-11-30
2022-11-07,2022,4,Q4,11,November,2022-11,45,7,1,Monday,0,2022-11-01,2022-11-30
2022-11-08,2022,4,Q4,11,November,2022-11,45,8,2,Tuesday,0,2022-11-01,2022-11-30
2022-11-09,2022,4,Q4,11,November,2022-11,45,9,3,Wednesday,0,2022-11-01,2022-11-30
2022-11-10,2022,4,Q4,11,November,2022-11,45,10,4,Thursday,0,2022-11-01,2022-11-30
2022-11-11,2022,4,Q4,11,November,2022-11,45,11,5,Friday,0,2022-11-01,2022-11-30
2022-11-12,2022,4,Q4,11,November,2022-11,45,12,6,Saturday,1,2022-11-01,2022-11-30
2022-11-13,2022,4,Q4,11,November,2022-11,46,13,7,Sunday,1,2022-11-01,2022-11-30
2022-11-14,2022,4,Q4,11,November,2022-11,46,14,1,Monday,0,2022-11-01,2022-11-30
2022-11-15,2022,4,Q4,11,November,2022-11,46,15,2,Tuesday,0,2022-11-01,2022-11-30
2022-11-16,2022,4,Q4,11,November,2022-11,46,16,3,Wednesday,0,2022-11-01,2022-11-30
2022-11-17,2022,4,Q4,11,November,2022-11,46,17,4,Thursday,0,2022-11-01,2022-11-30
2022-11-18,2022,4,Q4,11,November,2022-11,46,18,5,Friday,0,2022-11-01,2022-11-30
2022-11-19,2022,4,Q4,11,November,2022-11,46,19,6,Saturday,1,2022-11-01,2022-11-30
2022-11-20,2022,4,Q4,11,November,2022-11,47,20,7,Sunday,1,2022-11-01,2022-11-30
2022-11-21,2022,4,Q4,11,November,2022-11,47,21,1,Monday,0,2022-11-01,2022-11-30
2022-11-22,2022,4,Q4,11,November,2022-11,47,22,2,Tuesday,0,2022-11-01,2022-11-30
2022-11-23,2022,4,Q4,11,November,2022-11,47,23,3,Wednesday,0,2022-11-01,2022-11-30
2022-11-24,2022,4,Q4,11,November,2022-11,47,24,4,Thursday,0,2022-11-01,2022-11-30
2022-11-25,2022,4,Q4,11,November,2022-11,47,25,5,Friday,0,2022-11-01,2022-11-30
2022-11-26,2022,4,Q4,11,November,2022-11,47,26,6,Saturday,1,2022-11-01,2022-11-30
2022-11-27,2022,4,Q4,11,November,2022-11,48,27,7,Sunday,1,2022-11-01,2022-11-30
2022-11-28,2022,4,Q4,11,November,2022-11,48,28,1,Monday,0,2022-11-01,2022-11-30
2022-11-29,2022,4,Q4,11,November,2022-11,48,29,2,Tuesday,0,2022-11-01,2022-11-30
2022-11-30,2022,4,Q4,11,November,2022-11,48,30,3,Wednesday,0,2022-11-01,2022-11-30
2022-12-01,2022,4,Q4,12,December,2022-12,48,1,4,Thursday,0,2022-12-01,2022-12-31
2022-12-02,2022,4,Q4,12,December,2022-12,48,2,5,Friday,0,2022-12-01,2022-12-31
2022-12-03,2022,4,Q4,12,December,2022-12,48,3,6,Saturday,1,2022-12-01,2022-12-31
2022-12-04,2022,4,Q4,12,December,2022-12,49,4,7,Sunday,1,2022-12-01,2022-12-31
2022-12-05,2022,4,Q4,12,December,2022-12,49,5,1,Monday,0,2022-12-01,2022-12-31
2022-12-06,2022,4,Q4,12,December,2022-12,49,6,2,Tuesday,0,2022-12-01,2022-12-31
2022-12-07,2022,4,Q4,12,December,2022-12,49,7,3,Wednesday,0,2022-12-01,2022-12-31
2022-12-08,2022,4,Q4,12,December,2022-12,49,8,4,Thursday,0,2022-12-01,2022-12-31
2022-12-09,2022,4,Q4,12,December,2022-12,49,9,5,Friday,0,2022-12-01,2022-12-31
2022-12-10,2022,4,Q4,12,December,2022-12,49,10,6,Saturday,1,2022-12-01,2022-12-31
2022-12-11,2022,4,Q4,12,December,2022-12,50,11,7,Sunday,1,2022-12-01,2022-12-31
2022-12-12,2022,4,Q4,12,December,2022-12,50,12,1,Monday,0,2022-12-01,2022-12-31
2022-12-13,2022,4,Q4,12,December,2022-12,50,13,2,Tuesday,0,2022-12-01,2022-12-31
2022-12-14,2022,4,Q4,12,December,2022-12,50,14,3,Wednesday,0,2022-12-01,2022-12-31
2022-12-15,2022,4,Q4,12,December,2022-12,50,15,4,Thursday,0,2022-12-01,2022-12-31
2022-12-16,2022,4,Q4,12,December,2022-12,50,16,5,Friday,0,2022-12-01,2022-12-31
2022-12-17,2022,4,Q4,12,December,2022-12,50,17,6,Saturday,1,2022-12-01,2022-12-31
2022-12-18,2022,4,Q4,12,December,2022-12,51,18,7,Sunday,1,2022-12-01,2022-12-31
2022-12-19,2022,4,Q4,12,December,2022-12,51,19,1,Monday,0,2022-12-01,2022-12-31
2022-12-20,2022,4,Q4,12,December,2022-12,51,20,2,Tuesday,0,2022-12-01,2022-12-31
2022-12-21,2022,4,Q4,12,December,2022-12,51,21,3,Wednesday,0,2022-12-01,2022-12-31
2022-12-22,2022,4,Q4,12,December,2022-12,51,22,4,Thursday,0,2022-12-01,2022-12-31
2022-12-23,2022,4,Q4,12,December,2022-12,51,23,5,Friday,0,2022-12-01,2022-12-31
2022-12-24,2022,4,Q4,12,December,2022-12,51,24,6,Saturday,1,2022-12-01,2022-12-31
2022-12-25,2022,4,Q4,12,December,2022-12,52,25,7,Sunday,1,2022-12-01,2022-12-31
2022-12-26,2022,4,Q4,12,December,2022-12,52,26,1,Monday,0,2022-12-01,2022-12-31
2022-12-27,2022,4,Q4,12,December,2022-12,52,27,2,Tuesday,0,2022-12-01,2022-12-31
2022-12-28,2022,4,Q4,12,December,2022-12,52,28,3,Wednesday,0,2022-12-01,2022-12-31
2022-12-29,2022,4,Q4,12,December,2022-12,52,29,4,Thursday,0,2022-12-01,2022-12-31
2022-12-30,2022,4,Q4,12,December,2022-12,52,30,5,Friday,0,2022-12-01,2022-12-31
2022-12-31,2022,4,Q4,12,December,2022-12,52,31,6,Saturday,1,2022-12-01,2022-12-31
2023-01-01,2023,1,Q1,1,January,2023-01,1,1,7,Sunday,1,2023-01-01,2023-01-31
2023-01-02,2023,1,Q1,1,January,2023-01,1,2,1,Monday,0,2023-01-01,2023-01-31
2023-01-03,2023,1,Q1,1,January,2023-01,1,3,2,Tuesday,0,2023-01-01,2023-01-31
2023-01-04,2023,1,Q1,1,January,2023-01,1,4,3,Wednesday,0,2023-01-01,2023-01-31
2023-01-05,2023,1,Q1,1,January,2023-01,1,5,4,Thursday,0,2023-01-01,2023-01-31
2023-01-06,2023,1,Q1,1,January,2023-01,1,6,5,Friday,0,2023-01-01,2023-01-31
2023-01-07,2023,1,Q1,1,January,2023-01,1,7,6,Saturday,1,2023-01-01,2023-01-31
2023-01-08,2023,1,Q1,1,January,2023-01,2,8,7,Sunday,1,2023-01-01,2023-01-31
2023-01-09,2023,1,Q1,1,January,2023-01,2,9,1,Monday,0,2023-01-01,2023-01-31
2023-01-10,2023,1,Q1,1,January,2023-01,2,10,2,Tuesday,0,2023-01-01,2023-01-31
2023-01-11,2023,1,Q1,1,January,2023-01,2,11,3,Wednesday,0,2023-01-01,2023-01-31
2023-01-12,2023,1,Q1,1,January,2023-01,2,12,4,Thursday,0,2023-01-01,2023-01-31
2023-01-13,2023,1,Q1,1,January,2023-01,2,13,5,Friday,0,2023-01-01,2023-01-31
2023-01-14,2023,1,Q1,1,January,2023-01,2,14,6,Saturday,1,2023-01-01,2023-01-31
2023-01-15,2023,1,Q1,1,January,2023-01,3,15,7,Sunday,1,2023-01-01,2023-01-31
2023-01-16,2023,1,Q1,1,January,2023-01,3,16,1,Monday,0,2023-01-01,2023-01-31
2023-01-17,2023,1,Q1,1,January,2023-01,3,17,2,Tuesday,0,2023-01-01,2023-01-31
2023-01-18,2023,1,Q1,1,January,2023-01,3,18,3,Wednesday,0,2023-01-01,2023-01-31
2023-01-19,2023,1,Q1,1,January,2023-01,3,19,4,Thursday,0,2023-01-01,2023-01-31
2023-01-20,2023,1,Q1,1,January,2023-01,3,20,5,Friday,0,2023-01-01,2023-01-31
2023-01-21,2023,1,Q1,1,January,2023-01,3,21,6,Saturday,1,2023-01-01,2023-01-31
2023-01-22,2023,1,Q1,1,January,2023-01,4,22,7,Sunday,1,2023-01-01,2023-01-31
2023-01-23,2023,1,Q1,1,January,2023-01,4,23,1,Monday,0,2023-01-01,2023-01-31
2023-01-24,2023,1,Q1,1,January,2023-01,4,24,2,Tuesday,0,2023-01-01,2023-01-31
2023-01-25,2023,1,Q1,1,January,2023-01,4,25,3,Wednesday,0,2023-01-01,2023-01-31
2023-01-26,2023,1,Q1,1,January,2023-01,4,26,4,Thursday,0,2023-01-01,2023-01-31
2023-01-27,2023,1,Q1,1,January,2023-01,4,27,5,Friday,0,2023-01-01,2023-01-31
2023-01-28,2023,1,Q1,1,January,2023-01,4,28,6,Saturday,1,2023-01-01,2023-01-31
2023-01-29,2023,1,Q1,1,January,2023-01,5,29,7,Sunday,1,2023-01-01,2023-01-31
2023-01-30,2023,1,Q1,1,January,2023-01,5,30,1,Monday,0,2023-01-01,2023-01-31
2023-01-31,2023,1,Q1,1,January,2023-01,5,31,2,Tuesday,0,2023-01-01,2023-01-31
2023-02-01,2023,1,Q1,2,February,2023-02,5,1,3,Wednesday,0,2023-02-01,2023-02-28
2023-02-02,2023,1,Q1,2,February,2023-02,5,2,4,Thursday,0,2023-02-01,2023-02-28
2023-02-03,2023,1,Q1,2,February,2023-02,5,3,5,Friday,0,2023-02-01,2023-02-28
2023-02-04,2023,1,Q1,2,February,2023-02,5,4,6,Saturday,1,2023-02-01,2023-02-28
2023-02-05,2023,1,Q1,2,February,2023-02,6,5,7,Sunday,1,2023-02-01,2023-02-28
2023-02-06,2023,1,Q1,2,February,2023-02,6,6,1,Monday,0,2023-02-01,2023-02-28
2023-02-07,2023,1,Q1,2,February,2023-02,6,7,2,Tuesday,0,2023-02-01,2023-02-28
2023-02-08,2023,1,Q1,2,February,2023-02,6,8,3,Wednesday,0,2023-02-01,2023-02-28
2023-02-09,2023,1,Q1,2,February,2023-02,6,9,4,Thursday,0,2023-02-01,2023-02-28
2023-02-10,2023,1,Q1,2,February,2023-02,6,10,5,Friday,0,2023-02-01,2023-02-28
2023-02-11,2023,1,Q1,2,February,2023-02,6,11,6,Saturday,1,2023-02-01,2023-02-28
2023-02-12,2023,1,Q1,2,February,2023-02,7,12,7,Sunday,1,2023-02-01,2023-02-28
2023-02-13,2023,1,Q1,2,February,2023-02,7,13,1,Monday,0,2023-02-01,2023-02-28
2023-02-14,2023,1,Q1,2,February,2023-02,7,14,2,Tuesday,0,2023-02-01,2023-02-28
2023-02-15,2023,1,Q1,2,February,2023-02,7,15,3,Wednesday,0,2023-02-01,2023-02-28
2023-02-16,2023,1,Q1,2,February,2023-02,7,16,4,Thursday,0,2023-02-01,2023-02-28
2023-02-17,2023,1,Q1,2,February,2023-02,7,17,5,Friday,0,2023-02-01,2023-02-28
2023-02-18,2023,1,Q1,2,February,2023-02,7,18,6,Saturday,1,2023-02-01,2023-02-28
2023-02-19,2023,1,Q1,2,February,2023-02,8,19,7,Sunday,1,2023-02-01,2023-02-28
2023-02-20,2023,1,Q1,2,February,2023-02,8,20,1,Monday,0,2023-02-01,2023-02-28
2023-02-21,2023,1,Q1,2,February,2023-02,8,21,2,Tuesday,0,2023-02-01,2023-02-28
2023-02-22,2023,1,Q1,2,February,2023-02,8,22,3,Wednesday,0,2023-02-01,2023-02-28
2023-02-23,2023,1,Q1,2,February,2023-02,8,23,4,Thursday,0,2023-02-01,2023-02-28
2023-02-24,2023,1,Q1,2,February,2023-02,8,24,5,Friday,0,2023-02-01,2023-02-28
2023-02-25,2023,1,Q1,2,February,2023-02,8,25,6,Saturday,1,2023-02-01,2023-02-28
2023-02-26,2023,1,Q1,2,February,2023-02,9,26,7,Sunday,1,2023-02-01,2023-02-28
2023-02-27,2023,1,Q1,2,February,2023-02,9,27,1,Monday,0,2023-02-01,2023-02-28
2023-02-28,2023,1,Q1,2,February,2023-02,9,28,2,Tuesday,0,2023-02-01,2023-02-28
2023-03-01,2023,1,Q1,3,March,2023-03,9,1,3,Wednesday,0,2023-03-01,2023-03-31
2023-03-02,2023,1,Q1,3,March,2023-03,9,2,4,Thursday,0,2023-03-01,2023-03-31
2023-03-03,2023,1,Q1,3,March,2023-03,9,3,5,Friday,0,2023-03-01,2023-03-31
2023-03-04,2023,1,Q1,3,March,2023-03,9,4,6,Saturday,1,2023-03-01,2023-03-31
2023-03-05,2023,1,Q1,3,March,2023-03,10,5,7,Sunday,1,2023-03-01,2023-03-31
2023-03-06,2023,1,Q1,3,March,2023-03,10,6,1,Monday,0,2023-03-01,2023-03-31
2023-03-07,2023,1,Q1,3,March,2023-03,10,7,2,Tuesday,0,2023-03-01,2023-03-31
2023-03-08,2023,1,Q1,3,March,2023-03,10,8,3,Wednesday,0,2023-03-01,2023-03-31
2023-03-09,2023,1,Q1,3,March,2023-03,10,9,4,Thursday,0,2023-03-01,2023-03-31
2023-03-10,2023,1,Q1,3,March,2023-03,10,10,5,Friday,0,2023-03-01,2023-03-31
2023-03-11,2023,1,Q1,3,March,2023-03,10,11,6,Saturday,1,2023-03-01,2023-03-31
2023-03-12,2023,1,Q1,3,March,2023-03,11,12,7,Sunday,1,2023-03-01,2023-03-31
2023-03-13,2023,1,Q1,3,March,2023-03,11,13,1,Monday,0,2023-03-01,2023-03-31
2023-03-14,2023,1,Q1,3,March,2023-03,11,14,2,Tuesday,0,2023-03-01,2023-03-31
2023-03-15,2023,1,Q1,3,March,2023-03,11,15,3,Wednesday,0,2023-03-01,2023-03-31
2023-03-16,2023,1,Q1,3,March,2023-03,11,16,4,Thursday,0,2023-03-01,2023-03-31
2023-03-17,2023,1,Q1,3,March,2023-03,11,17,5,Friday,0,2023-03-01,2023-03-31
2023-03-18,2023,1,Q1,3,March,2023-03,11,18,6,Saturday,1,2023-03-01,2023-03-31
2023-03-19,2023,1,Q1,3,March,2023-03,12,19,7,Sunday,1,2023-03-01,2023-03-31
2023-03-20,2023,1,Q1,3,March,2023-03,12,20,1,Monday,0,2023-03-01,2023-03-31
2023-03-21,2023,1,Q1,3,March,2023-03,12,21,2,Tuesday,0,2023-03-01,2023-03-31
2023-03-22,2023,1,Q1,3,March,2023-03,12,22,3,Wednesday,0,2023-03-01,2023-03-31
2023-03-23,2023,1,Q1,3,March,2023-03,12,23,4,Thursday,0,2023-03-01,2023-03-31
2023-03-24,2023,1,Q1,3,March,2023-03,12,24,5,Friday,0,2023-03-01,2023-03-31
2023-03-25,2023,1,Q1,3,March,2023-03,12,25,6,Saturday,1,2023-03-01,2023-03-31
2023-03-26,2023,1,Q1,3,March,2023-03,13,26,7,Sunday,1,2023-03-01,2023-03-31
2023-03-27,2023,1,Q1,3,March,2023-03,13,27,1,Monday,0,2023-03-01,2023-03-31
2023-03-28,2023,1,Q1,3,March,2023-03,13,28,2,Tuesday,0,2023-03-01,2023-03-31
2023-03-29,2023,1,Q1,3,March,2023-03,13,29,3,Wednesday,0,2023-03-01,2023-03-31
2023-03-30,2023,1,Q1,3,March,2023-03,13,30,4,Thursday,0,2023-03-01,2023-03-31
2023-03-31,2023,1,Q1,3,March,2023-03,13,31,5,Friday,0,2023-03-01,2023-03-31
2023-04-01,2023,2,Q2,4,April,2023-04,13,1,6,Saturday,1,2023-04-01,2023-04-30
2023-04-02,2023,2,Q2,4,April,2023-04,14,2,7,Sunday,1,2023-04-01,2023-04-30
2023-04-03,2023,2,Q2,4,April,2023-04,14,3,1,Monday,0,2023-04-01,2023-04-30
2023-04-04,2023,2,Q2,4,April,2023-04,14,4,2,Tuesday,0,2023-04-01,2023-04-30
2023-04-05,2023,2,Q2,4,April,2023-04,14,5,3,Wednesday,0,2023-04-01,2023-04-30
2023-04-06,2023,2,Q2,4,April,2023-04,14,6,4,Thursday,0,2023-04-01,2023-04-30
2023-04-07,2023,2,Q2,4,April,2023-04,14,7,5,Friday,0,2023-04-01,2023-04-30
2023-04-08,2023,2,Q2,4,April,2023-04,14,8,6,Saturday,1,2023-04-01,2023-04-30
2023-04-09,2023,2,Q2,4,April,2023-04,15,9,7,Sunday,1,2023-04-01,2023-04-30
2023-04-10,2023,2,Q2,4,April,2023-04,15,10,1,Monday,0,2023-04-01,2023-04-30
2023-04-11,2023,2,Q2,4,April,2023-04,15,11,2,Tuesday,0,2023-04-01,2023-04-30
2023-04-12,2023,2,Q2,4,April,2023-04,15,12,3,Wednesday,0,2023-04-01,2023-04-30
2023-04-13,2023,2,Q2,4,April,2023-04,15,13,4,Thursday,0,2023-04-01,2023-04-30
2023-04-14,2023,2,Q2,4,April,2023-04,15,14,5,Friday,0,2023-04-01,2023-04-30
2023-04-15,2023,2,Q2,4,April,2023-04,15,15,6,Saturday,1,2023-04-01,2023-04-30
2023-04-16,2023,2,Q2,4,April,2023-04,16,16,7,Sunday,1,2023-04-01,2023-04-30
2023-04-17,2023,2,Q2,4,April,2023-04,16,17,1,Monday,0,2023-04-01,2023-04-30
2023-04-18,2023,2,Q2,4,April,2023-04,16,18,2,Tuesday,0,2023-04-01,2023-04-30
2023-04-19,2023,2,Q2,4,April,2023-04,16,19,3,Wednesday,0,2023-04-01,2023-04-30
2023-04-20,2023,2,Q2,4,April,2023-04,16,20,4,Thursday,0,2023-04-01,2023-04-30
2023-04-21,2023,2,Q2,4,April,2023-04,16,21,5,Friday,0,2023-04-01,2023-04-30
2023-04-22,2023,2,Q2,4,April,2023-04,16,22,6,Saturday,1,2023-04-01,2023-04-30
2023-04-23,2023,2,Q2,4,April,2023-04,17,23,7,Sunday,1,2023-04-01,2023-04-30
2023-04-24,2023,2,Q2,4,April,2023-04,17,24,1,Monday,0,2023-04-01,2023-04-30
2023-04-25,2023,2,Q2,4,April,2023-04,17,25,2,Tuesday,0,2023-04-01,2023-04-30
2023-04-26,2023,2,Q2,4,April,2023-04,17,26,3,Wednesday,0,2023-04-01,2023-04-30
2023-04-27,2023,2,Q2,4,April,2023-04,17,27,4,Thursday,0,2023-04-01,2023-04-30
2023-04-28,2023,2,Q2,4,April,2023-04,17,28,5,Friday,0,2023-04-01,2023-04-30
2023-04-29,2023,2,Q2,4,April,2023-04,17,29,6,Saturday,1,2023-04-01,2023-04-30
2023-04-30,2023,2,Q2,4,April,2023-04,18,30,7,Sunday,1,2023-04-01,2023-04-30
2023-05-01,2023,2,Q2,5,May,2023-05,18,1,1,Monday,0,2023-05-01,2023-05-31
2023-05-02,2023,2,Q2,5,May,2023-05,18,2,2,Tuesday,0,2023-05-01,2023-05-31
2023-05-03,2023,2,Q2,5,May,2023-05,18,3,3,Wednesday,0,2023-05-01,2023-05-31
2023-05-04,2023,2,Q2,5,May,2023-05,18,4,4,Thursday,0,2023-05-01,2023-05-31
2023-05-05,2023,2,Q2,5,May,2023-05,18,5,5,Friday,0,2023-05-01,2023-05-31
2023-05-06,2023,2,Q2,5,May,2023-05,18,6,6,Saturday,1,2023-05-01,2023-05-31
2023-05-07,2023,2,Q2,5,May,2023-05,19,7,7,Sunday,1,2023-05-01,2023-05-31
2023-05-08,2023,2,Q2,5,May,2023-05,19,8,1,Monday,0,2023-05-01,2023-05-31
2023-05-09,2023,2,Q2,5,May,2023-05,19,9,2,Tuesday,0,2023-05-01,2023-05-31
2023-05-10,2023,2,Q2,5,May,2023-05,19,10,3,Wednesday,0,2023-05-01,2023-05-31
2023-05-11,2023,2,Q2,5,May,2023-05,19,11,4,Thursday,0,2023-05-01,2023-05-31
2023-05-12,2023,2,Q2,5,May,2023-05,19,12,5,Friday,0,2023-05-01,2023-05-31
2023-05-13,2023,2,Q2,5,May,2023-05,19,13,6,Saturday,1,2023-05-01,2023-05-31
2023-05-14,2023,2,Q2,5,May,2023-05,20,14,7,Sunday,1,2023-05-01,2023-05-31
2023-05-15,2023,2,Q2,5,May,2023-05,20,15,1,Monday,0,2023-05-01,2023-05-31
2023-05-16,2023,2,Q2,5,May,2023-05,20,16,2,Tuesday,0,2023-05-01,2023-05-31
2023-05-17,2023,2,Q2,5,May,2023-05,20,17,3,Wednesday,0,2023-05-01,2023-05-31
2023-05-18,2023,2,Q2,5,May,2023-05,20,18,4,Thursday,0,2023-05-01,2023-05-31
2023-05-19,2023,2,Q2,5,May,2023-05,20,19,5,Friday,0,2023-05-01,2023-05-31
2023-05-20,2023,2,Q2,5,May,2023-05,20,20,6,Saturday,1,2023-05-01,2023-05-31
2023-05-21,2023,2,Q2,5,May,2023-05,21,21,7,Sunday,1,2023-05-01,2023-05-31
2023-05-22,2023,2,Q2,5,May,2023-05,21,22,1,Monday,0,2023-05-01,2023-05-31
2023-05-23,2023,2,Q2,5,May,2023-05,21,23,2,Tuesday,0,2023-05-01,2023-05-31
2023-05-24,2023,2,Q2,5,May,2023-05,21,24,3,Wednesday,0,2023-05-01,2023-05-31
2023-05-25,2023,2,Q2,5,May,2023-05,21,25,4,Thursday,0,2023-05-01,2023-05-31
2023-05-26,2023,2,Q2,5,May,2023-05,21,26,5,Friday,0,2023-05-01,2023-05-31
2023-05-27,2023,2,Q2,5,May,2023-05,21,27,6,Saturday,1,2023-05-01,2023-05-31
2023-05-28,2023,2,Q2,5,May,2023-05,22,28,7,Sunday,1,2023-05-01,2023-05-31
2023-05-29,2023,2,Q2,5,May,2023-05,22,29,1,Monday,0,2023-05-01,2023-05-31
2023-05-30,2023,2,Q2,5,May,2023-05,22,30,2,Tuesday,0,2023-05-01,2023-05-31
2023-05-31,2023,2,Q2,5,May,2023-05,22,31,3,Wednesday,0,2023-05-01,2023-05-31
2023-06-01,2023,2,Q2,6,June,2023-06,22,1,4,Thursday,0,2023-06-01,2023-06-30
2023-06-02,2023,2,Q2,6,June,2023-06,22,2,5,Friday,0,2023-06-01,2023-06-30
2023-06-03,2023,2,Q2,6,June,2023-06,22,3,6,Saturday,1,2023-06-01,2023-06-30
2023-06-04,2023,2,Q2,6,June,2023-06,23,4,7,Sunday,1,2023-06-01,2023-06-30
2023-06-05,2023,2,Q2,6,June,2023-06,23,5,1,Monday,0,2023-06-01,2023-06-30
2023-06-06,2023,2,Q2,6,June,2023-06,23,6,2,Tuesday,0,2023-06-01,2023-06-30
2023-06-07,2023,2,Q2,6,June,2023-06,23,7,3,Wednesday,0,2023-06-01,2023-06-30
2023-06-08,2023,2,Q2,6,June,2023-06,23,8,4,Thursday,0,2023-06-01,2023-06-30
2023-06-09,2023,2,Q2,6,June,2023-06,23,9,5,Friday,0,2023-06-01,2023-06-30
2023-06-10,2023,2,Q2,6,June,2023-06,23,10,6,Saturday,1,2023-06-01,2023-06-30
2023-06-11,2023,2,Q2,6,June,2023-06,24,11,7,Sunday,1,2023-06-01,2023-06-30
2023-06-12,2023,2,Q2,6,June,2023-06,24,12,1,Monday,0,2023-06-01,2023-06-30
2023-06-13,2023,2,Q2,6,June,2023-06,24,13,2,Tuesday,0,2023-06-01,2023-06-30
2023-06-14,2023,2,Q2,6,June,2023-06,24,14,3,Wednesday,0,2023-06-01,2023-06-30
2023-06-15,2023,2,Q2,6,June,2023-06,24,15,4,Thursday,0,2023-06-01,2023-06-30
2023-06-16,2023,2,Q2,6,June,2023-06,24,16,5,Friday,0,2023-06-01,2023-06-30
2023-06-17,2023,2,Q2,6,June,2023-06,24,17,6,Saturday,1,2023-06-01,2023-06-30
2023-06-18,2023,2,Q2,6,June,2023-06,25,18,7,Sunday,1,2023-06-01,2023-06-30
2023-06-19,2023,2,Q2,6,June,2023-06,25,19,1,Monday,0,2023-06-01,2023-06-30
2023-06-20,2023,2,Q2,6,June,2023-06,25,20,2,Tuesday,0,2023-06-01,2023-06-30
2023-06-21,2023,2,Q2,6,June,2023-06,25,21,3,Wednesday,0,2023-06-01,2023-06-30
2023-06-22,2023,2,Q2,6,June,2023-06,25,22,4,Thursday,0,2023-06-01,2023-06-30
2023-06-23,2023,2,Q2,6,June,2023-06,25,23,5,Friday,0,2023-06-01,2023-06-30
2023-06-24,2023,2,Q2,6,June,2023-06,25,24,6,Saturday,1,2023-06-01,2023-06-30
2023-06-25,2023,2,Q2,6,June,2023-06,26,25,7,Sunday,1,2023-06-01,2023-06-30
2023-06-26,2023,2,Q2,6,June,2023-06,26,26,1,Monday,0,2023-06-01,2023-06-30
2023-06-27,2023,2,Q2,6,June,2023-06,26,27,2,Tuesday,0,2023-06-01,2023-06-30
2023-06-28,2023,2,Q2,6,June,2023-06,26,28,3,Wednesday,0,2023-06-01,2023-06-30
2023-06-29,2023,2,Q2,6,June,2023-06,26,29,4,Thursday,0,2023-06-01,2023-06-30
2023-06-30,2023,2,Q2,6,June,2023-06,26,30,5,Friday,0,2023-06-01,2023-06-30
2023-07-01,2023,3,Q3,7,July,2023-07,26,1,6,Saturday,1,2023-07-01,2023-07-31
2023-07-02,2023,3,Q3,7,July,2023-07,27,2,7,Sunday,1,2023-07-01,2023-07-31
2023-07-03,2023,3,Q3,7,July,2023-07,27,3,1,Monday,0,2023-07-01,2023-07-31
2023-07-04,2023,3,Q3,7,July,2023-07,27,4,2,Tuesday,0,2023-07-01,2023-07-31
2023-07-05,2023,3,Q3,7,July,2023-07,27,5,3,Wednesday,0,2023-07-01,2023-07-31
2023-07-06,2023,3,Q3,7,July,2023-07,27,6,4,Thursday,0,2023-07-01,2023-07-31
2023-07-07,2023,3,Q3,7,July,2023-07,27,7,5,Friday,0,2023-07-01,2023-07-31
2023-07-08,2023,3,Q3,7,July,2023-07,27,8,6,Saturday,1,2023-07-01,2023-07-31
2023-07-09,2023,3,Q3,7,July,2023-07,28,9,7,Sunday,1,2023-07-01,2023-07-31
2023-07-10,2023,3,Q3,7,July,2023-07,28,10,1,Monday,0,2023-07-01,2023-07-31
2023-07-11,2023,3,Q3,7,July,2023-07,28,11,2,Tuesday,0,2023-07-01,2023-07-31
2023-07-12,2023,3,Q3,7,July,2023-07,28,12,3,Wednesday,0,2023-07-01,2023-07-31
2023-07-13,2023,3,Q3,7,July,2023-07,28,13,4,Thursday,0,2023-07-01,2023-07-31
2023-07-14,2023,3,Q3,7,July,2023-07,28,14,5,Friday,0,2023-07-01,2023-07-31
2023-07-15,2023,3,Q3,7,July,2023-07,28,15,6,Saturday,1,2023-07-01,2023-07-31
2023-07-16,2023,3,Q3,7,July,2023-07,29,16,7,Sunday,1,2023-07-01,2023-07-31
2023-07-17,2023,3,Q3,7,July,2023-07,29,17,1,Monday,0,2023-07-01,2023-07-31
2023-07-18,2023,3,Q3,7,July,2023-07,29,18,2,Tuesday,0,2023-07-01,2023-07-31
2023-07-19,2023,3,Q3,7,July,2023-07,29,19,3,Wednesday,0,2023-07-01,2023-07-31
2023-07-20,2023,3,Q3,7,July,2023-07,29,20,4,Thursday,0,2023-07-01,2023-07-31
2023-07-21,2023,3,Q3,7,July,2023-07,29,21,5,Friday,0,2023-07-01,2023-07-31
2023-07-22,2023,3,Q3,7,July,2023-07,29,22,6,Saturday,1,2023-07-01,2023-07-31
2023-07-23,2023,3,Q3,7,July,2023-07,30,23,7,Sunday,1,2023-07-01,2023-07-31
2023-07-24,2023,3,Q3,7,July,2023-07,30,24,1,Monday,0,2023-07-01,2023-07-31
2023-07-25,2023,3,Q3,7,July,2023-07,30,25,2,Tuesday,0,2023-07-01,2023-07-31
2023-07-26,2023,3,Q3,7,July,2023-07,30,26,3,Wednesday,0,2023-07-01,2023-07-31
2023-07-27,2023,3,Q3,7,July,2023-07,30,27,4,Thursday,0,2023-07-01,2023-07-31
2023-07-28,2023,3,Q3,7,July,2023-07,30,28,5,Friday,0,2023-07-01,2023-07-31
2023-07-29,2023,3,Q3,7,July,2023-07,30,29,6,Saturday,1,2023-07-01,2023-07-31
2023-07-30,2023,3,Q3,7,July,2023-07,31,30,7,Sunday,1,2023-07-01,2023-07-31
2023-07-31,2023,3,Q3,7,July,2023-07,31,31,1,Monday,0,2023-07-01,2023-07-31
2023-08-01,2023,3,Q3,8,August,2023-08,31,1,2,Tuesday,0,2023-08-01,2023-08-31
2023-08-02,2023,3,Q3,8,August,2023-08,31,2,3,Wednesday,0,2023-08-01,2023-08-31
2023-08-03,2023,3,Q3,8,August,2023-08,31,3,4,Thursday,0,2023-08-01,2023-08-31
2023-08-04,2023,3,Q3,8,August,2023-08,31,4,5,Friday,0,2023-08-01,2023-08-31
2023-08-05,2023,3,Q3,8,August,2023-08,31,5,6,Saturday,1,2023-08-01,2023-08-31
2023-08-06,2023,3,Q3,8,August,2023-08,32,6,7,Sunday,1,2023-08-01,2023-08-31
2023-08-07,2023,3,Q3,8,August,2023-08,32,7,1,Monday,0,2023-08-01,2023-08-31
2023-08-08,2023,3,Q3,8,August,2023-08,32,8,2,Tuesday,0,2023-08-01,2023-08-31
2023-08-09,2023,3,Q3,8,August,2023-08,32,9,3,Wednesday,0,2023-08-01,2023-08-31
2023-08-10,2023,3,Q3,8,August,2023-08,32,10,4,Thursday,0,2023-08-01,2023-08-31
2023-08-11,2023,3,Q3,8,August,2023-08,32,11,5,Friday,0,2023-08-01,2023-08-31
2023-08-12,2023,3,Q3,8,August,2023-08,32,12,6,Saturday,1,2023-08-01,2023-08-31
2023-08-13,2023,3,Q3,8,August,2023-08,33,13,7,Sunday,1,2023-08-01,2023-08-31
2023-08-14,2023,3,Q3,8,August,2023-08,33,14,1,Monday,0,2023-08-01,2023-08-31
2023-08-15,2023,3,Q3,8,August,2023-08,33,15,2,Tuesday,0,2023-08-01,2023-08-31
2023-08-16,2023,3,Q3,8,August,2023-08,33,16,3,Wednesday,0,2023-08-01,2023-08-31
2023-08-17,2023,3,Q3,8,August,2023-08,33,17,4,Thursday,0,2023-08-01,2023-08-31
2023-08-18,2023,3,Q3,8,August,2023-08,33,18,5,Friday,0,2023-08-01,2023-08-31
2023-08-19,2023,3,Q3,8,August,2023-08,33,19,6,Saturday,1,2023-08-01,2023-08-31
2023-08-20,2023,3,Q3,8,August,2023-08,34,20,7,Sunday,1,2023-08-01,2023-08-31
2023-08-21,2023,3,Q3,8,August,2023-08,34,21,1,Monday,0,2023-08-01,2023-08-31
2023-08-22,2023,3,Q3,8,August,2023-08,34,22,2,Tuesday,0,2023-08-01,2023-08-31
2023-08-23,2023,3,Q3,8,August,2023-08,34,23,3,Wednesday,0,2023-08-01,2023-08-31
2023-08-24,2023,3,Q3,8,August,2023-08,34,24,4,Thursday,0,2023-08-01,2023-08-31
2023-08-25,2023,3,Q3,8,August,2023-08,34,25,5,Friday,0,2023-08-01,2023-08-31
2023-08-26,2023,3,Q3,8,August,2023-08,34,26,6,Saturday,1,2023-08-01,2023-08-31
2023-08-27,2023,3,Q3,8,August,2023-08,35,27,7,Sunday,1,2023-08-01,2023-08-31
2023-08-28,2023,3,Q3,8,August,2023-08,35,28,1,Monday,0,2023-08-01,2023-08-31
2023-08-29,2023,3,Q3,8,August,2023-08,35,29,2,Tuesday,0,2023-08-01,2023-08-31
2023-08-30,2023,3,Q3,8,August,2023-08,35,30,3,Wednesday,0,2023-08-01,2023-08-31
2023-08-31,2023,3,Q3,8,August,2023-08,35,31,4,Thursday,0,2023-08-01,2023-08-31
2023-09-01,2023,3,Q3,9,September,2023-09,35,1,5,Friday,0,2023-09-01,2023-09-30
2023-09-02,2023,3,Q3,9,September,2023-09,35,2,6,Saturday,1,2023-09-01,2023-09-30
2023-09-03,2023,3,Q3,9,September,2023-09,36,3,7,Sunday,1,2023-09-01,2023-09-30
2023-09-04,2023,3,Q3,9,September,2023-09,36,4,1,Monday,0,2023-09-01,2023-09-30
2023-09-05,2023,3,Q3,9,September,2023-09,36,5,2,Tuesday,0,2023-09-01,2023-09-30
2023-09-06,2023,3,Q3,9,September,2023-09,36,6,3,Wednesday,0,2023-09-01,2023-09-30
2023-09-07,2023,3,Q3,9,September,2023-09,36,7,4,Thursday,0,2023-09-01,2023-09-30
2023-09-08,2023,3,Q3,9,September,2023-09,36,8,5,Friday,0,2023-09-01,2023-09-30
2023-09-09,2023,3,Q3,9,September,2023-09,36,9,6,Saturday,1,2023-09-01,2023-09-30
2023-09-10,2023,3,Q3,9,September,2023-09,37,10,7,Sunday,1,2023-09-01,2023-09-30
2023-09-11,2023,3,Q3,9,September,2023-09,37,11,1,Monday,0,2023-09-01,2023-09-30
2023-09-12,2023,3,Q3,9,September,2023-09,37,12,2,Tuesday,0,2023-09-01,2023-09-30
2023-09-13,2023,3,Q3,9,September,2023-09,37,13,3,Wednesday,0,2023-09-01,2023-09-30
2023-09-14,2023,3,Q3,9,September,2023-09,37,14,4,Thursday,0,2023-09-01,2023-09-30
2023-09-15,2023,3,Q3,9,September,2023-09,37,15,5,Friday,0,2023-09-01,2023-09-30
2023-09-16,2023,3,Q3,9,September,2023-09,37,16,6,Saturday,1,2023-09-01,2023-09-30
2023-09-17,2023,3,Q3,9,September,2023-09,38,17,7,Sunday,1,2023-09-01,2023-09-30
2023-09-18,2023,3,Q3,9,September,2023-09,38,18,1,Monday,0,2023-09-01,2023-09-30
2023-09-19,2023,3,Q3,9,September,2023-09,38,19,2,Tuesday,0,2023-09-01,2023-09-30
2023-09-20,2023,3,Q3,9,September,2023-09,38,20,3,Wednesday,0,2023-09-01,2023-09-30
2023-09-21,2023,3,Q3,9,September,2023-09,38,21,4,Thursday,0,2023-09-01,2023-09-30
2023-09-22,2023,3,Q3,9,September,2023-09,38,22,5,Friday,0,2023-09-01,2023-09-30
2023-09-23,2023,3,Q3,9,September,2023-09,38,23,6,Saturday,1,2023-09-01,2023-09-30
2023-09-24,2023,3,Q3,9,September,2023-09,39,24,7,Sunday,1,2023-09-01,2023-09-30
2023-09-25,2023,3,Q3,9,September,2023-09,39,25,1,Monday,0,2023-09-01,2023-09-30
2023-09-26,2023,3,Q3,9,September,2023-09,39,26,2,Tuesday,0,2023-09-01,2023-09-30
2023-09-27,2023,3,Q3,9,September,2023-09,39,27,3,Wednesday,0,2023-09-01,2023-09-30
2023-09-28,2023,3,Q3,9,September,2023-09,39,28,4,Thursday,0,2023-09-01,2023-09-30
2023-09-29,2023,3,Q3,9,September,2023-09,39,29,5,Friday,0,2023-09-01,2023-09-30
2023-09-30,2023,3,Q3,9,September,2023-09,39,30,6,Saturday,1,2023-09-01,2023-09-30
2023-10-01,2023,4,Q4,10,October,2023-10,40,1,7,Sunday,1,2023-10-01,2023-10-31
2023-10-02,2023,4,Q4,10,October,2023-10,40,2,1,Monday,0,2023-10-01,2023-10-31
2023-10-03,2023,4,Q4,10,October,2023-10,40,3,2,Tuesday,0,2023-10-01,2023-10-31
2023-10-04,2023,4,Q4,10,October,2023-10,40,4,3,Wednesday,0,2023-10-01,2023-10-31
2023-10-05,2023,4,Q4,10,October,2023-10,40,5,4,Thursday,0,2023-10-01,2023-10-31
2023-10-06,2023,4,Q4,10,October,2023-10,40,6,5,Friday,0,2023-10-01,2023-10-31
2023-10-07,2023,4,Q4,10,October,2023-10,40,7,6,Saturday,1,2023-10-01,2023-10-31
2023-10-08,2023,4,Q4,10,October,2023-10,41,8,7,Sunday,1,2023-10-01,2023-10-31
2023-10-09,2023,4,Q4,10,October,2023-10,41,9,1,Monday,0,2023-10-01,2023-10-31
2023-10-10,2023,4,Q4,10,October,2023-10,41,10,2,Tuesday,0,2023-10-01,2023-10-31
2023-10-11,2023,4,Q4,10,October,2023-10,41,11,3,Wednesday,0,2023-10-01,2023-10-31
2023-10-12,2023,4,Q4,10,October,2023-10,41,12,4,Thursday,0,2023-10-01,2023-10-31
2023-10-13,2023,4,Q4,10,October,2023-10,41,13,5,Friday,0,2023-10-01,2023-10-31
2023-10-14,2023,4,Q4,10,October,2023-10,41,14,6,Saturday,1,2023-10-01,2023-10-31
2023-10-15,2023,4,Q4,10,October,2023-10,42,15,7,Sunday,1,2023-10-01,2023-10-31
2023-10-16,2023,4,Q4,10,October,2023-10,42,16,1,Monday,0,2023-10-01,2023-10-31
2023-10-17,2023,4,Q4,10,October,2023-10,42,17,2,Tuesday,0,2023-10-01,2023-10-31
2023-10-18,2023,4,Q4,10,October,2023-10,42,18,3,Wednesday,0,2023-10-01,2023-10-31
2023-10-19,2023,4,Q4,10,October,2023-10,42,19,4,Thursday,0,2023-10-01,2023-10-31
2023-10-20,2023,4,Q4,10,October,2023-10,42,20,5,Friday,0,2023-10-01,2023-10-31
2023-10-21,2023,4,Q4,10,October,2023-10,42,21,6,Saturday,1,2023-10-01,2023-10-31
2023-10-22,2023,4,Q4,10,October,2023-10,43,22,7,Sunday,1,2023-10-01,2023-10-31
2023-10-23,2023,4,Q4,10,October,2023-10,43,23,1,Monday,0,2023-10-01,2023-10-31
2023-10-24,2023,4,Q4,10,October,2023-10,43,24,2,Tuesday,0,2023-10-01,2023-10-31
2023-10-25,2023,4,Q4,10,October,2023-10,43,25,3,Wednesday,0,2023-10-01,2023-10-31
2023-10-26,2023,4,Q4,10,October,2023-10,43,26,4,Thursday,0,2023-10-01,2023-10-31
2023-10-27,2023,4,Q4,10,October,2023-10,43,27,5,Friday,0,2023-10-01,2023-10-31
2023-10-28,2023,4,Q4,10,October,2023-10,43,28,6,Saturday,1,2023-10-01,2023-10-31
2023-10-29,2023,4,Q4,10,October,2023-10,44,29,7,Sunday,1,2023-10-01,2023-10-31
2023-10-30,2023,4,Q4,10,October,2023-10,44,30,1,Monday,0,2023-10-01,2023-10-31
2023-10-31,2023,4,Q4,10,October,2023-10,44,31,2,Tuesday,0,2023-10-01,2023-10-31
2023-11-01,2023,4,Q4,11,November,2023-11,44,1,3,Wednesday,0,2023-11-01,2023-11-30
2023-11-02,2023,4,Q4,11,November,2023-11,44,2,4,Thursday,0,2023-11-01,2023-11-30
2023-11-03,2023,4,Q4,11,November,2023-11,44,3,5,Friday,0,2023-11-01,2023-11-30
2023-11-04,2023,4,Q4,11,November,2023-11,44,4,6,Saturday,1,2023-11-01,2023-11-30
2023-11-05,2023,4,Q4,11,November,2023-11,45,5,7,Sunday,1,2023-11-01,2023-11-30
2023-11-06,2023,4,Q4,11,November,2023-11,45,6,1,Monday,0,2023-11-01,2023-11-30
2023-11-07,2023,4,Q4,11,November,2023-11,45,7,2,Tuesday,0,2023-11-01,2023-11-30
2023-11-08,2023,4,Q4,11,November,2023-11,45,8,3,Wednesday,0,2023-11-01,2023-11-30
2023-11-09,2023,4,Q4,11,November,2023-11,45,9,4,Thursday,0,2023-11-01,2023-11-30
2023-11-10,2023,4,Q4,11,November,2023-11,45,10,5,Friday,0,2023-11-01,2023-11-30
2023-11-11,2023,4,Q4,11,November,2023-11,45,11,6,Saturday,1,2023-11-01,2023-11-30
2023-11-12,2023,4,Q4,11,November,2023-11,46,12,7,Sunday,1,2023-11-01,2023-11-30
2023-11-13,2023,4,Q4,11,November,2023-11,46,13,1,Monday,0,2023-11-01,2023-11-30
2023-11-14,2023,4,Q4,11,November,2023-11,46,14,2,Tuesday,0,2023-11-01,2023-11-30
2023-11-15,2023,4,Q4,11,November,2023-11,46,15,3,Wednesday,0,2023-11-01,2023-11-30
2023-11-16,2023,4,Q4,11,November,2023-11,46,16,4,Thursday,0,2023-11-01,2023-11-30
2023-11-17,2023,4,Q4,11,November,2023-11,46,17,5,Friday,0,2023-11-01,2023-11-30
2023-11-18,2023,4,Q4,11,November,2023-11,46,18,6,Saturday,1,2023-11-01,2023-11-30
2023-11-19,2023,4,Q4,11,November,2023-11,47,19,7,Sunday,1,2023-11-01,2023-11-30
2023-11-20,2023,4,Q4,11,November,2023-11,47,20,1,Monday,0,2023-11-01,2023-11-30
2023-11-21,2023,4,Q4,11,November,2023-11,47,21,2,Tuesday,0,2023-11-01,2023-11-30
2023-11-22,2023,4,Q4,11,November,2023-11,47,22,3,Wednesday,0,2023-11-01,2023-11-30
2023-11-23,2023,4,Q4,11,November,2023-11,47,23,4,Thursday,0,2023-11-01,2023-11-30
2023-11-24,2023,4,Q4,11,November,2023-11,47,24,5,Friday,0,2023-11-01,2023-11-30
2023-11-25,2023,4,Q4,11,November,2023-11,47,25,6,Saturday,1,2023-11-01,2023-11-30
2023-11-26,2023,4,Q4,11,November,2023-11,48,26,7,Sunday,1,2023-11-01,2023-11-30
2023-11-27,2023,4,Q4,11,November,2023-11,48,27,1,Monday,0,2023-11-01,2023-11-30
2023-11-28,2023,4,Q4,11,November,2023-11,48,28,2,Tuesday,0,2023-11-01,2023-11-30
2023-11-29,2023,4,Q4,11,November,2023-11,48,29,3,Wednesday,0,2023-11-01,2023-11-30
2023-11-30,2023,4,Q4,11,November,2023-11,48,30,4,Thursday,0,2023-11-01,2023-11-30
2023-12-01,2023,4,Q4,12,December,2023-12,48,1,5,Friday,0,2023-12-01,2023-12-31
2023-12-02,2023,4,Q4,12,December,2023-12,48,2,6,Saturday,1,2023-12-01,2023-12-31
2023-12-03,2023,4,Q4,12,December,2023-12,49,3,7,Sunday,1,2023-12-01,2023-12-31
2023-12-04,2023,4,Q4,12,December,2023-12,49,4,1,Monday,0,2023-12-01,2023-12-31
2023-12-05,2023,4,Q4,12,December,2023-12,49,5,2,Tuesday,0,2023-12-01,2023-12-31
2023-12-06,2023,4,Q4,12,December,2023-12,49,6,3,Wednesday,0,2023-12-01,2023-12-31
2023-12-07,2023,4,Q4,12,December,2023-12,49,7,4,Thursday,0,2023-12-01,2023-12-31
2023-12-08,2023,4,Q4,12,December,2023-12,49,8,5,Friday,0,2023-12-01,2023-12-31
2023-12-09,2023,4,Q4,12,December,2023-12,49,9,6,Saturday,1,2023-12-01,2023-12-31
2023-12-10,2023,4,Q4,12,December,2023-12,50,10,7,Sunday,1,2023-12-01,2023-12-31
2023-12-11,2023,4,Q4,12,December,2023-12,50,11,1,Monday,0,2023-12-01,2023-12-31
2023-12-12,2023,4,Q4,12,December,2023-12,50,12,2,Tuesday,0,2023-12-01,2023-12-31
2023-12-13,2023,4,Q4,12,December,2023-12,50,13,3,Wednesday,0,2023-12-01,2023-12-31
2023-12-14,2023,4,Q4,12,December,2023-12,50,14,4,Thursday,0,2023-12-01,2023-12-31
2023-12-15,2023,4,Q4,12,December,2023-12,50,15,5,Friday,0,2023-12-01,2023-12-31
2023-12-16,2023,4,Q4,12,December,2023-12,50,16,6,Saturday,1,2023-12-01,2023-12-31
2023-12-17,2023,4,Q4,12,December,2023-12,51,17,7,Sunday,1,2023-12-01,2023-12-31
2023-12-18,2023,4,Q4,12,December,2023-12,51,18,1,Monday,0,2023-12-01,2023-12-31
2023-12-19,2023,4,Q4,12,December,2023-12,51,19,2,Tuesday,0,2023-12-01,2023-12-31
2023-12-20,2023,4,Q4,12,December,2023-12,51,20,3,Wednesday,0,2023-12-01,2023-12-31
2023-12-21,2023,4,Q4,12,December,2023-12,51,21,4,Thursday,0,2023-12-01,2023-12-31
2023-12-22,2023,4,Q4,12,December,2023-12,51,22,5,Friday,0,2023-12-01,2023-12-31
2023-12-23,2023,4,Q4,12,December,2023-12,51,23,6,Saturday,1,2023-12-01,2023-12-31
2023-12-24,2023,4,Q4,12,December,2023-12,52,24,7,Sunday,1,2023-12-01,2023-12-31
2023-12-25,2023,4,Q4,12,December,2023-12,52,25,1,Monday,0,2023-12-01,2023-12-31
2023-12-26,2023,4,Q4,12,December,2023-12,52,26,2,Tuesday,0,2023-12-01,2023-12-31
2023-12-27,2023,4,Q4,12,December,2023-12,52,27,3,Wednesday,0,2023-12-01,2023-12-31
2023-12-28,2023,4,Q4,12,December,2023-12,52,28,4,Thursday,0,2023-12-01,2023-12-31
2023-12-29,2023,4,Q4,12,December,2023-12,52,29,5,Friday,0,2023-12-01,2023-12-31
2023-12-30,2023,4,Q4,12,December,2023-12,52,30,6,Saturday,1,2023-12-01,2023-12-31
2023-12-31,2023,4,Q4,12,December,2023-12,53,31,7,Sunday,1,2023-12-01,2023-12-31
2024-01-01,2024,1,Q1,1,January,2024-01,0,1,1,Monday,0,2024-01-01,2024-01-31
2024-01-02,2024,1,Q1,1,January,2024-01,0,2,2,Tuesday,0,2024-01-01,2024-01-31
2024-01-03,2024,1,Q1,1,January,2024-01,0,3,3,Wednesday,0,2024-01-01,2024-01-31
2024-01-04,2024,1,Q1,1,January,2024-01,0,4,4,Thursday,0,2024-01-01,2024-01-31
2024-01-05,2024,1,Q1,1,January,2024-01,0,5,5,Friday,0,2024-01-01,2024-01-31
2024-01-06,2024,1,Q1,1,January,2024-01,0,6,6,Saturday,1,2024-01-01,2024-01-31
2024-01-07,2024,1,Q1,1,January,2024-01,1,7,7,Sunday,1,2024-01-01,2024-01-31
2024-01-08,2024,1,Q1,1,January,2024-01,1,8,1,Monday,0,2024-01-01,2024-01-31
2024-01-09,2024,1,Q1,1,January,2024-01,1,9,2,Tuesday,0,2024-01-01,2024-01-31
2024-01-10,2024,1,Q1,1,January,2024-01,1,10,3,Wednesday,0,2024-01-01,2024-01-31
2024-01-11,2024,1,Q1,1,January,2024-01,1,11,4,Thursday,0,2024-01-01,2024-01-31
2024-01-12,2024,1,Q1,1,January,2024-01,1,12,5,Friday,0,2024-01-01,2024-01-31
2024-01-13,2024,1,Q1,1,January,2024-01,1,13,6,Saturday,1,2024-01-01,2024-01-31
2024-01-14,2024,1,Q1,1,January,2024-01,2,14,7,Sunday,1,2024-01-01,2024-01-31
2024-01-15,2024,1,Q1,1,January,2024-01,2,15,1,Monday,0,2024-01-01,2024-01-31
2024-01-16,2024,1,Q1,1,January,2024-01,2,16,2,Tuesday,0,2024-01-01,2024-01-31
2024-01-17,2024,1,Q1,1,January,2024-01,2,17,3,Wednesday,0,2024-01-01,2024-01-31
2024-01-18,2024,1,Q1,1,January,2024-01,2,18,4,Thursday,0,2024-01-01,2024-01-31
2024-01-19,2024,1,Q1,1,January,2024-01,2,19,5,Friday,0,2024-01-01,2024-01-31
2024-01-20,2024,1,Q1,1,January,2024-01,2,20,6,Saturday,1,2024-01-01,2024-01-31
2024-01-21,2024,1,Q1,1,January,2024-01,3,21,7,Sunday,1,2024-01-01,2024-01-31
2024-01-22,2024,1,Q1,1,January,2024-01,3,22,1,Monday,0,2024-01-01,2024-01-31
2024-01-23,2024,1,Q1,1,January,2024-01,3,23,2,Tuesday,0,2024-01-01,2024-01-31
2024-01-24,2024,1,Q1,1,January,2024-01,3,24,3,Wednesday,0,2024-01-01,2024-01-31
2024-01-25,2024,1,Q1,1,January,2024-01,3,25,4,Thursday,0,2024-01-01,2024-01-31
2024-01-26,2024,1,Q1,1,January,2024-01,3,26,5,Friday,0,2024-01-01,2024-01-31
2024-01-27,2024,1,Q1,1,January,2024-01,3,27,6,Saturday,1,2024-01-01,2024-01-31
2024-01-28,2024,1,Q1,1,January,2024-01,4,28,7,Sunday,1,2024-01-01,2024-01-31
2024-01-29,2024,1,Q1,1,January,2024-01,4,29,1,Monday,0,2024-01-01,2024-01-31
2024-01-30,2024,1,Q1,1,January,2024-01,4,30,2,Tuesday,0,2024-01-01,2024-01-31
2024-01-31,2024,1,Q1,1,January,2024-01,4,31,3,Wednesday,0,2024-01-01,2024-01-31
2024-02-01,2024,1,Q1,2,February,2024-02,4,1,4,Thursday,0,2024-02-01,2024-02-29
2024-02-02,2024,1,Q1,2,February,2024-02,4,2,5,Friday,0,2024-02-01,2024-02-29
2024-02-03,2024,1,Q1,2,February,2024-02,4,3,6,Saturday,1,2024-02-01,2024-02-29
2024-02-04,2024,1,Q1,2,February,2024-02,5,4,7,Sunday,1,2024-02-01,2024-02-29
2024-02-05,2024,1,Q1,2,February,2024-02,5,5,1,Monday,0,2024-02-01,2024-02-29
2024-02-06,2024,1,Q1,2,February,2024-02,5,6,2,Tuesday,0,2024-02-01,2024-02-29
2024-02-07,2024,1,Q1,2,February,2024-02,5,7,3,Wednesday,0,2024-02-01,2024-02-29
2024-02-08,2024,1,Q1,2,February,2024-02,5,8,4,Thursday,0,2024-02-01,2024-02-29
2024-02-09,2024,1,Q1,2,February,2024-02,5,9,5,Friday,0,2024-02-01,2024-02-29
2024-02-10,2024,1,Q1,2,February,2024-02,5,10,6,Saturday,1,2024-02-01,2024-02-29
2024-02-11,2024,1,Q1,2,February,2024-02,6,11,7,Sunday,1,2024-02-01,2024-02-29
2024-02-12,2024,1,Q1,2,February,2024-02,6,12,1,Monday,0,2024-02-01,2024-02-29
2024-02-13,2024,1,Q1,2,February,2024-02,6,13,2,Tuesday,0,2024-02-01,2024-02-29
2024-02-14,2024,1,Q1,2,February,2024-02,6,14,3,Wednesday,0,2024-02-01,2024-02-29
2024-02-15,2024,1,Q1,2,February,2024-02,6,15,4,Thursday,0,2024-02-01,2024-02-29
2024-02-16,2024,1,Q1,2,February,2024-02,6,16,5,Friday,0,2024-02-01,2024-02-29
2024-02-17,2024,1,Q1,2,February,2024-02,6,17,6,Saturday,1,2024-02-01,2024-02-29
2024-02-18,2024,1,Q1,2,February,2024-02,7,18,7,Sunday,1,2024-02-01,2024-02-29
2024-02-19,2024,1,Q1,2,February,2024-02,7,19,1,Monday,0,2024-02-01,2024-02-29
2024-02-20,2024,1,Q1,2,February,2024-02,7,20,2,Tuesday,0,2024-02-01,2024-02-29
2024-02-21,2024,1,Q1,2,February,2024-02,7,21,3,Wednesday,0,2024-02-01,2024-02-29
2024-02-22,2024,1,Q1,2,February,2024-02,7,22,4,Thursday,0,2024-02-01,2024-02-29
2024-02-23,2024,1,Q1,2,February,2024-02,7,23,5,Friday,0,2024-02-01,2024-02-29
2024-02-24,2024,1,Q1,2,February,2024-02,7,24,6,Saturday,1,2024-02-01,2024-02-29
2024-02-25,2024,1,Q1,2,February,2024-02,8,25,7,Sunday,1,2024-02-01,2024-02-29
2024-02-26,2024,1,Q1,2,February,2024-02,8,26,1,Monday,0,2024-02-01,2024-02-29
2024-02-27,2024,1,Q1,2,February,2024-02,8,27,2,Tuesday,0,2024-02-01,2024-02-29
2024-02-28,2024,1,Q1,2,February,2024-02,8,28,3,Wednesday,0,2024-02-01,2024-02-29
2024-02-29,2024,1,Q1,2,February,2024-02,8,29,4,Thursday,0,2024-02-01,2024-02-29
2024-03-01,2024,1,Q1,3,March,2024-03,8,1,5,Friday,0,2024-03-01,2024-03-31
2024-03-02,2024,1,Q1,3,March,2024-03,8,2,6,Saturday,1,2024-03-01,2024-03-31
2024-03-03,2024,1,Q1,3,March,2024-03,9,3,7,Sunday,1,2024-03-01,2024-03-31
2024-03-04,2024,1,Q1,3,March,2024-03,9,4,1,Monday,0,2024-03-01,2024-03-31
2024-03-05,2024,1,Q1,3,March,2024-03,9,5,2,Tuesday,0,2024-03-01,2024-03-31
2024-03-06,2024,1,Q1,3,March,2024-03,9,6,3,Wednesday,0,2024-03-01,2024-03-31
2024-03-07,2024,1,Q1,3,March,2024-03,9,7,4,Thursday,0,2024-03-01,2024-03-31
2024-03-08,2024,1,Q1,3,March,2024-03,9,8,5,Friday,0,2024-03-01,2024-03-31
2024-03-09,2024,1,Q1,3,March,2024-03,9,9,6,Saturday,1,2024-03-01,2024-03-31
2024-03-10,2024,1,Q1,3,March,2024-03,10,10,7,Sunday,1,2024-03-01,2024-03-31
2024-03-11,2024,1,Q1,3,March,2024-03,10,11,1,Monday,0,2024-03-01,2024-03-31
2024-03-12,2024,1,Q1,3,March,2024-03,10,12,2,Tuesday,0,2024-03-01,2024-03-31
2024-03-13,2024,1,Q1,3,March,2024-03,10,13,3,Wednesday,0,2024-03-01,2024-03-31
2024-03-14,2024,1,Q1,3,March,2024-03,10,14,4,Thursday,0,2024-03-01,2024-03-31
2024-03-15,2024,1,Q1,3,March,2024-03,10,15,5,Friday,0,2024-03-01,2024-03-31
2024-03-16,2024,1,Q1,3,March,2024-03,10,16,6,Saturday,1,2024-03-01,2024-03-31
2024-03-17,2024,1,Q1,3,March,2024-03,11,17,7,Sunday,1,2024-03-01,2024-03-31
2024-03-18,2024,1,Q1,3,March,2024-03,11,18,1,Monday,0,2024-03-01,2024-03-31
2024-03-19,2024,1,Q1,3,March,2024-03,11,19,2,Tuesday,0,2024-03-01,2024-03-31
2024-03-20,2024,1,Q1,3,March,2024-03,11,20,3,Wednesday,0,2024-03-01,2024-03-31
2024-03-21,2024,1,Q1,3,March,2024-03,11,21,4,Thursday,0,2024-03-01,2024-03-31
2024-03-22,2024,1,Q1,3,March,2024-03,11,22,5,Friday,0,2024-03-01,2024-03-31
2024-03-23,2024,1,Q1,3,March,2024-03,11,23,6,Saturday,1,2024-03-01,2024-03-31
2024-03-24,2024,1,Q1,3,March,2024-03,12,24,7,Sunday,1,2024-03-01,2024-03-31
2024-03-25,2024,1,Q1,3,March,2024-03,12,25,1,Monday,0,2024-03-01,2024-03-31
2024-03-26,2024,1,Q1,3,March,2024-03,12,26,2,Tuesday,0,2024-03-01,2024-03-31
2024-03-27,2024,1,Q1,3,March,2024-03,12,27,3,Wednesday,0,2024-03-01,2024-03-31
2024-03-28,2024,1,Q1,3,March,2024-03,12,28,4,Thursday,0,2024-03-01,2024-03-31
2024-03-29,2024,1,Q1,3,March,2024-03,12,29,5,Friday,0,2024-03-01,2024-03-31
2024-03-30,2024,1,Q1,3,March,2024-03,12,30,6,Saturday,1,2024-03-01,2024-03-31
2024-03-31,2024,1,Q1,3,March,2024-03,13,31,7,Sunday,1,2024-03-01,2024-03-31
2024-04-01,2024,2,Q2,4,April,2024-04,13,1,1,Monday,0,2024-04-01,2024-04-30
2024-04-02,2024,2,Q2,4,April,2024-04,13,2,2,Tuesday,0,2024-04-01,2024-04-30
2024-04-03,2024,2,Q2,4,April,2024-04,13,3,3,Wednesday,0,2024-04-01,2024-04-30
2024-04-04,2024,2,Q2,4,April,2024-04,13,4,4,Thursday,0,2024-04-01,2024-04-30
2024-04-05,2024,2,Q2,4,April,2024-04,13,5,5,Friday,0,2024-04-01,2024-04-30
2024-04-06,2024,2,Q2,4,April,2024-04,13,6,6,Saturday,1,2024-04-01,2024-04-30
2024-04-07,2024,2,Q2,4,April,2024-04,14,7,7,Sunday,1,2024-04-01,2024-04-30
2024-04-08,2024,2,Q2,4,April,2024-04,14,8,1,Monday,0,2024-04-01,2024-04-30
2024-04-09,2024,2,Q2,4,April,2024-04,14,9,2,Tuesday,0,2024-04-01,2024-04-30
2024-04-10,2024,2,Q2,4,April,2024-04,14,10,3,Wednesday,0,2024-04-01,2024-04-30
2024-04-11,2024,2,Q2,4,April,2024-04,14,11,4,Thursday,0,2024-04-01,2024-04-30
2024-04-12,2024,2,Q2,4,April,2024-04,14,12,5,Friday,0,2024-04-01,2024-04-30
2024-04-13,2024,2,Q2,4,April,2024-04,14,13,6,Saturday,1,2024-04-01,2024-04-30
2024-04-14,2024,2,Q2,4,April,2024-04,15,14,7,Sunday,1,2024-04-01,2024-04-30
2024-04-15,2024,2,Q2,4,April,2024-04,15,15,1,Monday,0,2024-04-01,2024-04-30
2024-04-16,2024,2,Q2,4,April,2024-04,15,16,2,Tuesday,0,2024-04-01,2024-04-30
2024-04-17,2024,2,Q2,4,April,2024-04,15,17,3,Wednesday,0,2024-04-01,2024-04-30
2024-04-18,2024,2,Q2,4,April,2024-04,15,18,4,Thursday,0,2024-04-01,2024-04-30
2024-04-19,2024,2,Q2,4,April,2024-04,15,19,5,Friday,0,2024-04-01,2024-04-30
2024-04-20,2024,2,Q2,4,April,2024-04,15,20,6,Saturday,1,2024-04-01,2024-04-30
2024-04-21,2024,2,Q2,4,April,2024-04,16,21,7,Sunday,1,2024-04-01,2024-04-30
2024-04-22,2024,2,Q2,4,April,2024-04,16,22,1,Monday,0,2024-04-01,2024-04-30
2024-04-23,2024,2,Q2,4,April,2024-04,16,23,2,Tuesday,0,2024-04-01,2024-04-30
2024-04-24,2024,2,Q2,4,April,2024-04,16,24,3,Wednesday,0,2024-04-01,2024-04-30
2024-04-25,2024,2,Q2,4,April,2024-04,16,25,4,Thursday,0,2024-04-01,2024-04-30
2024-04-26,2024,2,Q2,4,April,2024-04,16,26,5,Friday,0,2024-04-01,2024-04-30
2024-04-27,2024,2,Q2,4,April,2024-04,16,27,6,Saturday,1,2024-04-01,2024-04-30
2024-04-28,2024,2,Q2,4,April,2024-04,17,28,7,Sunday,1,2024-04-01,2024-04-30
2024-04-29,2024,2,Q2,4,April,2024-04,17,29,1,Monday,0,2024-04-01,2024-04-30
2024-04-30,2024,2,Q2,4,April,2024-04,17,30,2,Tuesday,0,2024-04-01,2024-04-30
2024-05-01,2024,2,Q2,5,May,2024-05,17,1,3,Wednesday,0,2024-05-01,2024-05-31
2024-05-02,2024,2,Q2,5,May,2024-05,17,2,4,Thursday,0,2024-05-01,2024-05-31
2024-05-03,2024,2,Q2,5,May,2024-05,17,3,5,Friday,0,2024-05-01,2024-05-31
2024-05-04,2024,2,Q2,5,May,2024-05,17,4,6,Saturday,1,2024-05-01,2024-05-31
2024-05-05,2024,2,Q2,5,May,2024-05,18,5,7,Sunday,1,2024-05-01,2024-05-31
2024-05-06,2024,2,Q2,5,May,2024-05,18,6,1,Monday,0,2024-05-01,2024-05-31
2024-05-07,2024,2,Q2,5,May,2024-05,18,7,2,Tuesday,0,2024-05-01,2024-05-31
2024-05-08,2024,2,Q2,5,May,2024-05,18,8,3,Wednesday,0,2024-05-01,2024-05-31
2024-05-09,2024,2,Q2,5,May,2024-05,18,9,4,Thursday,0,2024-05-01,2024-05-31
2024-05-10,2024,2,Q2,5,May,2024-05,18,10,5,Friday,0,2024-05-01,2024-05-31
2024-05-11,2024,2,Q2,5,May,2024-05,18,11,6,Saturday,1,2024-05-01,2024-05-31
2024-05-12,2024,2,Q2,5,May,2024-05,19,12,7,Sunday,1,2024-05-01,2024-05-31
2024-05-13,2024,2,Q2,5,May,2024-05,19,13,1,Monday,0,2024-05-01,2024-05-31
2024-05-14,2024,2,Q2,5,May,2024-05,19,14,2,Tuesday,0,2024-05-01,2024-05-31
2024-05-15,2024,2,Q2,5,May,2024-05,19,15,3,Wednesday,0,2024-05-01,2024-05-31
2024-05-16,2024,2,Q2,5,May,2024-05,19,16,4,Thursday,0,2024-05-01,2024-05-31
2024-05-17,2024,2,Q2,5,May,2024-05,19,17,5,Friday,0,2024-05-01,2024-05-31
2024-05-18,2024,2,Q2,5,May,2024-05,19,18,6,Saturday,1,2024-05-01,2024-05-31
2024-05-19,2024,2,Q2,5,May,2024-05,20,19,7,Sunday,1,2024-05-01,2024-05-31
2024-05-20,2024,2,Q2,5,May,2024-05,20,20,1,Monday,0,2024-05-01,2024-05-31
2024-05-21,2024,2,Q2,5,May,2024-05,20,21,2,Tuesday,0,2024-05-01,2024-05-31
2024-05-22,2024,2,Q2,5,May,2024-05,20,22,3,Wednesday,0,2024-05-01,2024-05-31
2024-05-23,2024,2,Q2,5,May,2024-05,20,23,4,Thursday,0,2024-05-01,2024-05-31
2024-05-24,2024,2,Q2,5,May,2024-05,20,24,5,Friday,0,2024-05-01,2024-05-31
2024-05-25,2024,2,Q2,5,May,2024-05,20,25,6,Saturday,1,2024-05-01,2024-05-31
2024-05-26,2024,2,Q2,5,May,2024-05,21,26,7,Sunday,1,2024-05-01,2024-05-31
2024-05-27,2024,2,Q2,5,May,2024-05,21,27,1,Monday,0,2024-05-01,2024-05-31
2024-05-28,2024,2,Q2,5,May,2024-05,21,28,2,Tuesday,0,2024-05-01,2024-05-31
2024-05-29,2024,2,Q2,5,May,2024-05,21,29,3,Wednesday,0,2024-05-01,2024-05-31
2024-05-30,2024,2,Q2,5,May,2024-05,21,30,4,Thursday,0,2024-05-01,2024-05-31
2024-05-31,2024,2,Q2,5,May,2024-05,21,31,5,Friday,0,2024-05-01,2024-05-31
2024-06-01,2024,2,Q2,6,June,2024-06,21,1,6,Saturday,1,2024-06-01,2024-06-30
2024-06-02,2024,2,Q2,6,June,2024-06,22,2,7,Sunday,1,2024-06-01,2024-06-30
2024-06-03,2024,2,Q2,6,June,2024-06,22,3,1,Monday,0,2024-06-01,2024-06-30
2024-06-04,2024,2,Q2,6,June,2024-06,22,4,2,Tuesday,0,2024-06-01,2024-06-30
2024-06-05,2024,2,Q2,6,June,2024-06,22,5,3,Wednesday,0,2024-06-01,2024-06-30
2024-06-06,2024,2,Q2,6,June,2024-06,22,6,4,Thursday,0,2024-06-01,2024-06-30
2024-06-07,2024,2,Q2,6,June,2024-06,22,7,5,Friday,0,2024-06-01,2024-06-30
2024-06-08,2024,2,Q2,6,June,2024-06,22,8,6,Saturday,1,2024-06-01,2024-06-30
2024-06-09,2024,2,Q2,6,June,2024-06,23,9,7,Sunday,1,2024-06-01,2024-06-30
2024-06-10,2024,2,Q2,6,June,2024-06,23,10,1,Monday,0,2024-06-01,2024-06-30
2024-06-11,2024,2,Q2,6,June,2024-06,23,11,2,Tuesday,0,2024-06-01,2024-06-30
2024-06-12,2024,2,Q2,6,June,2024-06,23,12,3,Wednesday,0,2024-06-01,2024-06-30
2024-06-13,2024,2,Q2,6,June,2024-06,23,13,4,Thursday,0,2024-06-01,2024-06-30
2024-06-14,2024,2,Q2,6,June,2024-06,23,14,5,Friday,0,2024-06-01,2024-06-30
2024-06-15,2024,2,Q2,6,June,2024-06,23,15,6,Saturday,1,2024-06-01,2024-06-30
2024-06-16,2024,2,Q2,6,June,2024-06,24,16,7,Sunday,1,2024-06-01,2024-06-30
2024-06-17,2024,2,Q2,6,June,2024-06,24,17,1,Monday,0,2024-06-01,2024-06-30
2024-06-18,2024,2,Q2,6,June,2024-06,24,18,2,Tuesday,0,2024-06-01,2024-06-30
2024-06-19,2024,2,Q2,6,June,2024-06,24,19,3,Wednesday,0,2024-06-01,2024-06-30
2024-06-20,2024,2,Q2,6,June,2024-06,24,20,4,Thursday,0,2024-06-01,2024-06-30
2024-06-21,2024,2,Q2,6,June,2024-06,24,21,5,Friday,0,2024-06-01,2024-06-30
2024-06-22,2024,2,Q2,6,June,2024-06,24,22,6,Saturday,1,2024-06-01,2024-06-30
2024-06-23,2024,2,Q2,6,June,2024-06,25,23,7,Sunday,1,2024-06-01,2024-06-30
2024-06-24,2024,2,Q2,6,June,2024-06,25,24,1,Monday,0,2024-06-01,2024-06-30
2024-06-25,2024,2,Q2,6,June,2024-06,25,25,2,Tuesday,0,2024-06-01,2024-06-30
2024-06-26,2024,2,Q2,6,June,2024-06,25,26,3,Wednesday,0,2024-06-01,2024-06-30
2024-06-27,2024,2,Q2,6,June,2024-06,25,27,4,Thursday,0,2024-06-01,2024-06-30
2024-06-28,2024,2,Q2,6,June,2024-06,25,28,5,Friday,0,2024-06-01,2024-06-30
2024-06-29,2024,2,Q2,6,June,2024-06,25,29,6,Saturday,1,2024-06-01,2024-06-30
2024-06-30,2024,2,Q2,6,June,2024-06,26,30,7,Sunday,1,2024-06-01,2024-06-30
2024-07-01,2024,3,Q3,7,July,2024-07,26,1,1,Monday,0,2024-07-01,2024-07-31
2024-07-02,2024,3,Q3,7,July,2024-07,26,2,2,Tuesday,0,2024-07-01,2024-07-31
2024-07-03,2024,3,Q3,7,July,2024-07,26,3,3,Wednesday,0,2024-07-01,2024-07-31
2024-07-04,2024,3,Q3,7,July,2024-07,26,4,4,Thursday,0,2024-07-01,2024-07-31
2024-07-05,2024,3,Q3,7,July,2024-07,26,5,5,Friday,0,2024-07-01,2024-07-31
2024-07-06,2024,3,Q3,7,July,2024-07,26,6,6,Saturday,1,2024-07-01,2024-07-31
2024-07-07,2024,3,Q3,7,July,2024-07,27,7,7,Sunday,1,2024-07-01,2024-07-31
2024-07-08,2024,3,Q3,7,July,2024-07,27,8,1,Monday,0,2024-07-01,2024-07-31
2024-07-09,2024,3,Q3,7,July,2024-07,27,9,2,Tuesday,0,2024-07-01,2024-07-31
2024-07-10,2024,3,Q3,7,July,2024-07,27,10,3,Wednesday,0,2024-07-01,2024-07-31
2024-07-11,2024,3,Q3,7,July,2024-07,27,11,4,Thursday,0,2024-07-01,2024-07-31
2024-07-12,2024,3,Q3,7,July,2024-07,27,12,5,Friday,0,2024-07-01,2024-07-31
2024-07-13,2024,3,Q3,7,July,2024-07,27,13,6,Saturday,1,2024-07-01,2024-07-31
2024-07-14,2024,3,Q3,7,July,2024-07,28,14,7,Sunday,1,2024-07-01,2024-07-31
2024-07-15,2024,3,Q3,7,July,2024-07,28,15,1,Monday,0,2024-07-01,2024-07-31
2024-07-16,2024,3,Q3,7,July,2024-07,28,16,2,Tuesday,0,2024-07-01,2024-07-31
2024-07-17,2024,3,Q3,7,July,2024-07,28,17,3,Wednesday,0,2024-07-01,2024-07-31
2024-07-18,2024,3,Q3,7,July,2024-07,28,18,4,Thursday,0,2024-07-01,2024-07-31
2024-07-19,2024,3,Q3,7,July,2024-07,28,19,5,Friday,0,2024-07-01,2024-07-31
2024-07-20,2024,3,Q3,7,July,2024-07,28,20,6,Saturday,1,2024-07-01,2024-07-31
2024-07-21,2024,3,Q3,7,July,2024-07,29,21,7,Sunday,1,2024-07-01,2024-07-31
2024-07-22,2024,3,Q3,7,July,2024-07,29,22,1,Monday,0,2024-07-01,2024-07-31
2024-07-23,2024,3,Q3,7,July,2024-07,29,23,2,Tuesday,0,2024-07-01,2024-07-31
2024-07-24,2024,3,Q3,7,July,2024-07,29,24,3,Wednesday,0,2024-07-01,2024-07-31
2024-07-25,2024,3,Q3,7,July,2024-07,29,25,4,Thursday,0,2024-07-01,2024-07-31
2024-07-26,2024,3,Q3,7,July,2024-07,29,26,5,Friday,0,2024-07-01,2024-07-31
2024-07-27,2024,3,Q3,7,July,2024-07,29,27,6,Saturday,1,2024-07-01,2024-07-31
2024-07-28,2024,3,Q3,7,July,2024-07,30,28,7,Sunday,1,2024-07-01,2024-07-31
2024-07-29,2024,3,Q3,7,July,2024-07,30,29,1,Monday,0,2024-07-01,2024-07-31
2024-07-30,2024,3,Q3,7,July,2024-07,30,30,2,Tuesday,0,2024-07-01,2024-07-31
2024-07-31,2024,3,Q3,7,July,2024-07,30,31,3,Wednesday,0,2024-07-01,2024-07-31
2024-08-01,2024,3,Q3,8,August,2024-08,30,1,4,Thursday,0,2024-08-01,2024-08-31
2024-08-02,2024,3,Q3,8,August,2024-08,30,2,5,Friday,0,2024-08-01,2024-08-31
2024-08-03,2024,3,Q3,8,August,2024-08,30,3,6,Saturday,1,2024-08-01,2024-08-31
2024-08-04,2024,3,Q3,8,August,2024-08,31,4,7,Sunday,1,2024-08-01,2024-08-31
2024-08-05,2024,3,Q3,8,August,2024-08,31,5,1,Monday,0,2024-08-01,2024-08-31
2024-08-06,2024,3,Q3,8,August,2024-08,31,6,2,Tuesday,0,2024-08-01,2024-08-31
2024-08-07,2024,3,Q3,8,August,2024-08,31,7,3,Wednesday,0,2024-08-01,2024-08-31
2024-08-08,2024,3,Q3,8,August,2024-08,31,8,4,Thursday,0,2024-08-01,2024-08-31
2024-08-09,2024,3,Q3,8,August,2024-08,31,9,5,Friday,0,2024-08-01,2024-08-31
2024-08-10,2024,3,Q3,8,August,2024-08,31,10,6,Saturday,1,2024-08-01,2024-08-31
2024-08-11,2024,3,Q3,8,August,2024-08,32,11,7,Sunday,1,2024-08-01,2024-08-31
2024-08-12,2024,3,Q3,8,August,2024-08,32,12,1,Monday,0,2024-08-01,2024-08-31
2024-08-13,2024,3,Q3,8,August,2024-08,32,13,2,Tuesday,0,2024-08-01,2024-08-31
2024-08-14,2024,3,Q3,8,August,2024-08,32,14,3,Wednesday,0,2024-08-01,2024-08-31
2024-08-15,2024,3,Q3,8,August,2024-08,32,15,4,Thursday,0,2024-08-01,2024-08-31
2024-08-16,2024,3,Q3,8,August,2024-08,32,16,5,Friday,0,2024-08-01,2024-08-31
2024-08-17,2024,3,Q3,8,August,2024-08,32,17,6,Saturday,1,2024-08-01,2024-08-31
2024-08-18,2024,3,Q3,8,August,2024-08,33,18,7,Sunday,1,2024-08-01,2024-08-31
2024-08-19,2024,3,Q3,8,August,2024-08,33,19,1,Monday,0,2024-08-01,2024-08-31
2024-08-20,2024,3,Q3,8,August,2024-08,33,20,2,Tuesday,0,2024-08-01,2024-08-31
2024-08-21,2024,3,Q3,8,August,2024-08,33,21,3,Wednesday,0,2024-08-01,2024-08-31
2024-08-22,2024,3,Q3,8,August,2024-08,33,22,4,Thursday,0,2024-08-01,2024-08-31
2024-08-23,2024,3,Q3,8,August,2024-08,33,23,5,Friday,0,2024-08-01,2024-08-31
2024-08-24,2024,3,Q3,8,August,2024-08,33,24,6,Saturday,1,2024-08-01,2024-08-31
2024-08-25,2024,3,Q3,8,August,2024-08,34,25,7,Sunday,1,2024-08-01,2024-08-31
2024-08-26,2024,3,Q3,8,August,2024-08,34,26,1,Monday,0,2024-08-01,2024-08-31
2024-08-27,2024,3,Q3,8,August,2024-08,34,27,2,Tuesday,0,2024-08-01,2024-08-31
2024-08-28,2024,3,Q3,8,August,2024-08,34,28,3,Wednesday,0,2024-08-01,2024-08-31
2024-08-29,2024,3,Q3,8,August,2024-08,34,29,4,Thursday,0,2024-08-01,2024-08-31
2024-08-30,2024,3,Q3,8,August,2024-08,34,30,5,Friday,0,2024-08-01,2024-08-31
2024-08-31,2024,3,Q3,8,August,2024-08,34,31,6,Saturday,1,2024-08-01,2024-08-31
2024-09-01,2024,3,Q3,9,September,2024-09,35,1,7,Sunday,1,2024-09-01,2024-09-30
2024-09-02,2024,3,Q3,9,September,2024-09,35,2,1,Monday,0,2024-09-01,2024-09-30
2024-09-03,2024,3,Q3,9,September,2024-09,35,3,2,Tuesday,0,2024-09-01,2024-09-30
2024-09-04,2024,3,Q3,9,September,2024-09,35,4,3,Wednesday,0,2024-09-01,2024-09-30
2024-09-05,2024,3,Q3,9,September,2024-09,35,5,4,Thursday,0,2024-09-01,2024-09-30
2024-09-06,2024,3,Q3,9,September,2024-09,35,6,5,Friday,0,2024-09-01,2024-09-30
2024-09-07,2024,3,Q3,9,September,2024-09,35,7,6,Saturday,1,2024-09-01,2024-09-30
2024-09-08,2024,3,Q3,9,September,2024-09,36,8,7,Sunday,1,2024-09-01,2024-09-30
2024-09-09,2024,3,Q3,9,September,2024-09,36,9,1,Monday,0,2024-09-01,2024-09-30
2024-09-10,2024,3,Q3,9,September,2024-09,36,10,2,Tuesday,0,2024-09-01,2024-09-30
2024-09-11,2024,3,Q3,9,September,2024-09,36,11,3,Wednesday,0,2024-09-01,2024-09-30
2024-09-12,2024,3,Q3,9,September,2024-09,36,12,4,Thursday,0,2024-09-01,2024-09-30
2024-09-13,2024,3,Q3,9,September,2024-09,36,13,5,Friday,0,2024-09-01,2024-09-30
2024-09-14,2024,3,Q3,9,September,2024-09,36,14,6,Saturday,1,2024-09-01,2024-09-30
2024-09-15,2024,3,Q3,9,September,2024-09,37,15,7,Sunday,1,2024-09-01,2024-09-30
2024-09-16,2024,3,Q3,9,September,2024-09,37,16,1,Monday,0,2024-09-01,2024-09-30
2024-09-17,2024,3,Q3,9,September,2024-09,37,17,2,Tuesday,0,2024-09-01,2024-09-30
2024-09-18,2024,3,Q3,9,September,2024-09,37,18,3,Wednesday,0,2024-09-01,2024-09-30
2024-09-19,2024,3,Q3,9,September,2024-09,37,19,4,Thursday,0,2024-09-01,2024-09-30
2024-09-20,2024,3,Q3,9,September,2024-09,37,20,5,Friday,0,2024-09-01,2024-09-30
2024-09-21,2024,3,Q3,9,September,2024-09,37,21,6,Saturday,1,2024-09-01,2024-09-30
2024-09-22,2024,3,Q3,9,September,2024-09,38,22,7,Sunday,1,2024-09-01,2024-09-30
2024-09-23,2024,3,Q3,9,September,2024-09,38,23,1,Monday,0,2024-09-01,2024-09-30
2024-09-24,2024,3,Q3,9,September,2024-09,38,24,2,Tuesday,0,2024-09-01,2024-09-30
2024-09-25,2024,3,Q3,9,September,2024-09,38,25,3,Wednesday,0,2024-09-01,2024-09-30
2024-09-26,2024,3,Q3,9,September,2024-09,38,26,4,Thursday,0,2024-09-01,2024-09-30
2024-09-27,2024,3,Q3,9,September,2024-09,38,27,5,Friday,0,2024-09-01,2024-09-30
2024-09-28,2024,3,Q3,9,September,2024-09,38,28,6,Saturday,1,2024-09-01,2024-09-30
2024-09-29,2024,3,Q3,9,September,2024-09,39,29,7,Sunday,1,2024-09-01,2024-09-30
2024-09-30,2024,3,Q3,9,September,2024-09,39,30,1,Monday,0,2024-09-01,2024-09-30
2024-10-01,2024,4,Q4,10,October,2024-10,39,1,2,Tuesday,0,2024-10-01,2024-10-31
2024-10-02,2024,4,Q4,10,October,2024-10,39,2,3,Wednesday,0,2024-10-01,2024-10-31
2024-10-03,2024,4,Q4,10,October,2024-10,39,3,4,Thursday,0,2024-10-01,2024-10-31
2024-10-04,2024,4,Q4,10,October,2024-10,39,4,5,Friday,0,2024-10-01,2024-10-31
2024-10-05,2024,4,Q4,10,October,2024-10,39,5,6,Saturday,1,2024-10-01,2024-10-31
2024-10-06,2024,4,Q4,10,October,2024-10,40,6,7,Sunday,1,2024-10-01,2024-10-31
2024-10-07,2024,4,Q4,10,October,2024-10,40,7,1,Monday,0,2024-10-01,2024-10-31
2024-10-08,2024,4,Q4,10,October,2024-10,40,8,2,Tuesday,0,2024-10-01,2024-10-31
2024-10-09,2024,4,Q4,10,October,2024-10,40,9,3,Wednesday,0,2024-10-01,2024-10-31
2024-10-10,2024,4,Q4,10,October,2024-10,40,10,4,Thursday,0,2024-10-01,2024-10-31
2024-10-11,2024,4,Q4,10,October,2024-10,40,11,5,Friday,0,2024-10-01,2024-10-31
2024-10-12,2024,4,Q4,10,October,2024-10,40,12,6,Saturday,1,2024-10-01,2024-10-31
2024-10-13,2024,4,Q4,10,October,2024-10,41,13,7,Sunday,1,2024-10-01,2024-10-31
2024-10-14,2024,4,Q4,10,October,2024-10,41,14,1,Monday,0,2024-10-01,2024-10-31
2024-10-15,2024,4,Q4,10,October,2024-10,41,15,2,Tuesday,0,2024-10-01,2024-10-31
2024-10-16,2024,4,Q4,10,October,2024-10,41,16,3,Wednesday,0,2024-10-01,2024-10-31
2024-10-17,2024,4,Q4,10,October,2024-10,41,17,4,Thursday,0,2024-10-01,2024-10-31
2024-10-18,2024,4,Q4,10,October,2024-10,41,18,5,Friday,0,2024-10-01,2024-10-31
2024-10-19,2024,4,Q4,10,October,2024-10,41,19,6,Saturday,1,2024-10-01,2024-10-31
2024-10-20,2024,4,Q4,10,October,2024-10,42,20,7,Sunday,1,2024-10-01,2024-10-31
2024-10-21,2024,4,Q4,10,October,2024-10,42,21,1,Monday,0,2024-10-01,2024-10-31
2024-10-22,2024,4,Q4,10,October,2024-10,42,22,2,Tuesday,0,2024-10-01,2024-10-31
2024-10-23,2024,4,Q4,10,October,2024-10,42,23,3,Wednesday,0,2024-10-01,2024-10-31
2024-10-24,2024,4,Q4,10,October,2024-10,42,24,4,Thursday,0,2024-10-01,2024-10-31
2024-10-25,2024,4,Q4,10,October,2024-10,42,25,5,Friday,0,2024-10-01,2024-10-31
2024-10-26,2024,4,Q4,10,October,2024-10,42,26,6,Saturday,1,2024-10-01,2024-10-31
2024-10-27,2024,4,Q4,10,October,2024-10,43,27,7,Sunday,1,2024-10-01,2024-10-31
2024-10-28,2024,4,Q4,10,October,2024-10,43,28,1,Monday,0,2024-10-01,2024-10-31
2024-10-29,2024,4,Q4,10,October,2024-10,43,29,2,Tuesday,0,2024-10-01,2024-10-31
2024-10-30,2024,4,Q4,10,October,2024-10,43,30,3,Wednesday,0,2024-10-01,2024-10-31
2024-10-31,2024,4,Q4,10,October,2024-10,43,31,4,Thursday,0,2024-10-01,2024-10-31
2024-11-01,2024,4,Q4,11,November,2024-11,43,1,5,Friday,0,2024-11-01,2024-11-30
2024-11-02,2024,4,Q4,11,November,2024-11,43,2,6,Saturday,1,2024-11-01,2024-11-30
2024-11-03,2024,4,Q4,11,November,2024-11,44,3,7,Sunday,1,2024-11-01,2024-11-30
2024-11-04,2024,4,Q4,11,November,2024-11,44,4,1,Monday,0,2024-11-01,2024-11-30
2024-11-05,2024,4,Q4,11,November,2024-11,44,5,2,Tuesday,0,2024-11-01,2024-11-30
2024-11-06,2024,4,Q4,11,November,2024-11,44,6,3,Wednesday,0,2024-11-01,2024-11-30
2024-11-07,2024,4,Q4,11,November,2024-11,44,7,4,Thursday,0,2024-11-01,2024-11-30
2024-11-08,2024,4,Q4,11,November,2024-11,44,8,5,Friday,0,2024-11-01,2024-11-30
2024-11-09,2024,4,Q4,11,November,2024-11,44,9,6,Saturday,1,2024-11-01,2024-11-30
2024-11-10,2024,4,Q4,11,November,2024-11,45,10,7,Sunday,1,2024-11-01,2024-11-30
2024-11-11,2024,4,Q4,11,November,2024-11,45,11,1,Monday,0,2024-11-01,2024-11-30
2024-11-12,2024,4,Q4,11,November,2024-11,45,12,2,Tuesday,0,2024-11-01,2024-11-30
2024-11-13,2024,4,Q4,11,November,2024-11,45,13,3,Wednesday,0,2024-11-01,2024-11-30
2024-11-14,2024,4,Q4,11,November,2024-11,45,14,4,Thursday,0,2024-11-01,2024-11-30
2024-11-15,2024,4,Q4,11,November,2024-11,45,15,5,Friday,0,2024-11-01,2024-11-30
2024-11-16,2024,4,Q4,11,November,2024-11,45,16,6,Saturday,1,2024-11-01,2024-11-30
2024-11-17,2024,4,Q4,11,November,2024-11,46,17,7,Sunday,1,2024-11-01,2024-11-30
2024-11-18,2024,4,Q4,11,November,2024-11,46,18,1,Monday,0,2024-11-01,2024-11-30
2024-11-19,2024,4,Q4,11,November,2024-11,46,19,2,Tuesday,0,2024-11-01,2024-11-30
2024-11-20,2024,4,Q4,11,November,2024-11,46,20,3,Wednesday,0,2024-11-01,2024-11-30
2024-11-21,2024,4,Q4,11,November,2024-11,46,21,4,Thursday,0,2024-11-01,2024-11-30
2024-11-22,2024,4,Q4,11,November,2024-11,46,22,5,Friday,0,2024-11-01,2024-11-30
2024-11-23,2024,4,Q4,11,November,2024-11,46,23,6,Saturday,1,2024-11-01,2024-11-30
2024-11-24,2024,4,Q4,11,November,2024-11,47,24,7,Sunday,1,2024-11-01,2024-11-30
2024-11-25,2024,4,Q4,11,November,2024-11,47,25,1,Monday,0,2024-11-01,2024-11-30
2024-11-26,2024,4,Q4,11,November,2024-11,47,26,2,Tuesday,0,2024-11-01,2024-11-30
2024-11-27,2024,4,Q4,11,November,2024-11,47,27,3,Wednesday,0,2024-11-01,2024-11-30
2024-11-28,2024,4,Q4,11,November,2024-11,47,28,4,Thursday,0,2024-11-01,2024-11-30
2024-11-29,2024,4,Q4,11,November,2024-11,47,29,5,Friday,0,2024-11-01,2024-11-30
2024-11-30,2024,4,Q4,11,November,2024-11,47,30,6,Saturday,1,2024-11-01,2024-11-30
2024-12-01,2024,4,Q4,12,December,2024-12,48,1,7,Sunday,1,2024-12-01,2024-12-31
2024-12-02,2024,4,Q4,12,December,2024-12,48,2,1,Monday,0,2024-12-01,2024-12-31
2024-12-03,2024,4,Q4,12,December,2024-12,48,3,2,Tuesday,0,2024-12-01,2024-12-31
2024-12-04,2024,4,Q4,12,December,2024-12,48,4,3,Wednesday,0,2024-12-01,2024-12-31
2024-12-05,2024,4,Q4,12,December,2024-12,48,5,4,Thursday,0,2024-12-01,2024-12-31
2024-12-06,2024,4,Q4,12,December,2024-12,48,6,5,Friday,0,2024-12-01,2024-12-31
2024-12-07,2024,4,Q4,12,December,2024-12,48,7,6,Saturday,1,2024-12-01,2024-12-31
2024-12-08,2024,4,Q4,12,December,2024-12,49,8,7,Sunday,1,2024-12-01,2024-12-31
2024-12-09,2024,4,Q4,12,December,2024-12,49,9,1,Monday,0,2024-12-01,2024-12-31
2024-12-10,2024,4,Q4,12,December,2024-12,49,10,2,Tuesday,0,2024-12-01,2024-12-31
2024-12-11,2024,4,Q4,12,December,2024-12,49,11,3,Wednesday,0,2024-12-01,2024-12-31
2024-12-12,2024,4,Q4,12,December,2024-12,49,12,4,Thursday,0,2024-12-01,2024-12-31
2024-12-13,2024,4,Q4,12,December,2024-12,49,13,5,Friday,0,2024-12-01,2024-12-31
2024-12-14,2024,4,Q4,12,December,2024-12,49,14,6,Saturday,1,2024-12-01,2024-12-31
2024-12-15,2024,4,Q4,12,December,2024-12,50,15,7,Sunday,1,2024-12-01,2024-12-31
2024-12-16,2024,4,Q4,12,December,2024-12,50,16,1,Monday,0,2024-12-01,2024-12-31
2024-12-17,2024,4,Q4,12,December,2024-12,50,17,2,Tuesday,0,2024-12-01,2024-12-31
2024-12-18,2024,4,Q4,12,December,2024-12,50,18,3,Wednesday,0,2024-12-01,2024-12-31
2024-12-19,2024,4,Q4,12,December,2024-12,50,19,4,Thursday,0,2024-12-01,2024-12-31
2024-12-20,2024,4,Q4,12,December,2024-12,50,20,5,Friday,0,2024-12-01,2024-12-31
2024-12-21,2024,4,Q4,12,December,2024-12,50,21,6,Saturday,1,2024-12-01,2024-12-31
2024-12-22,2024,4,Q4,12,December,2024-12,51,22,7,Sunday,1,2024-12-01,2024-12-31
2024-12-23,2024,4,Q4,12,December,2024-12,51,23,1,Monday,0,2024-12-01,2024-12-31
2024-12-24,2024,4,Q4,12,December,2024-12,51,24,2,Tuesday,0,2024-12-01,2024-12-31
2024-12-25,2024,4,Q4,12,December,2024-12,51,25,3,Wednesday,0,2024-12-01,2024-12-31
2024-12-26,2024,4,Q4,12,December,2024-12,51,26,4,Thursday,0,2024-12-01,2024-12-31
2024-12-27,2024,4,Q4,12,December,2024-12,51,27,5,Friday,0,2024-12-01,2024-12-31
2024-12-28,2024,4,Q4,12,December,2024-12,51,28,6,Saturday,1,2024-12-01,2024-12-31
2024-12-29,2024,4,Q4,12,December,2024-12,52,29,7,Sunday,1,2024-12-01,2024-12-31
2024-12-30,2024,4,Q4,12,December,2024-12,52,30,1,Monday,0,2024-12-01,2024-12-31
2024-12-31,2024,4,Q4,12,December,2024-12,52,31,2,Tuesday,0,2024-12-01,2024-12-31
2025-01-01,2025,1,Q1,1,January,2025-01,0,1,3,Wednesday,0,2025-01-01,2025-01-31
2025-01-02,2025,1,Q1,1,January,2025-01,0,2,4,Thursday,0,2025-01-01,2025-01-31
2025-01-03,2025,1,Q1,1,January,2025-01,0,3,5,Friday,0,2025-01-01,2025-01-31
2025-01-04,2025,1,Q1,1,January,2025-01,0,4,6,Saturday,1,2025-01-01,2025-01-31
2025-01-05,2025,1,Q1,1,January,2025-01,1,5,7,Sunday,1,2025-01-01,2025-01-31
2025-01-06,2025,1,Q1,1,January,2025-01,1,6,1,Monday,0,2025-01-01,2025-01-31
2025-01-07,2025,1,Q1,1,January,2025-01,1,7,2,Tuesday,0,2025-01-01,2025-01-31
2025-01-08,2025,1,Q1,1,January,2025-01,1,8,3,Wednesday,0,2025-01-01,2025-01-31
2025-01-09,2025,1,Q1,1,January,2025-01,1,9,4,Thursday,0,2025-01-01,2025-01-31
2025-01-10,2025,1,Q1,1,January,2025-01,1,10,5,Friday,0,2025-01-01,2025-01-31
2025-01-11,2025,1,Q1,1,January,2025-01,1,11,6,Saturday,1,2025-01-01,2025-01-31
2025-01-12,2025,1,Q1,1,January,2025-01,2,12,7,Sunday,1,2025-01-01,2025-01-31
2025-01-13,2025,1,Q1,1,January,2025-01,2,13,1,Monday,0,2025-01-01,2025-01-31
2025-01-14,2025,1,Q1,1,January,2025-01,2,14,2,Tuesday,0,2025-01-01,2025-01-31
2025-01-15,2025,1,Q1,1,January,2025-01,2,15,3,Wednesday,0,2025-01-01,2025-01-31
2025-01-16,2025,1,Q1,1,January,2025-01,2,16,4,Thursday,0,2025-01-01,2025-01-31
2025-01-17,2025,1,Q1,1,January,2025-01,2,17,5,Friday,0,2025-01-01,2025-01-31
2025-01-18,2025,1,Q1,1,January,2025-01,2,18,6,Saturday,1,2025-01-01,2025-01-31
2025-01-19,2025,1,Q1,1,January,2025-01,3,19,7,Sunday,1,2025-01-01,2025-01-31
2025-01-20,2025,1,Q1,1,January,2025-01,3,20,1,Monday,0,2025-01-01,2025-01-31
2025-01-21,2025,1,Q1,1,January,2025-01,3,21,2,Tuesday,0,2025-01-01,2025-01-31
2025-01-22,2025,1,Q1,1,January,2025-01,3,22,3,Wednesday,0,2025-01-01,2025-01-31
2025-01-23,2025,1,Q1,1,January,2025-01,3,23,4,Thursday,0,2025-01-01,2025-01-31
2025-01-24,2025,1,Q1,1,January,2025-01,3,24,5,Friday,0,2025-01-01,2025-01-31
2025-01-25,2025,1,Q1,1,January,2025-01,3,25,6,Saturday,1,2025-01-01,2025-01-31
2025-01-26,2025,1,Q1,1,January,2025-01,4,26,7,Sunday,1,2025-01-01,2025-01-31
2025-01-27,2025,1,Q1,1,January,2025-01,4,27,1,Monday,0,2025-01-01,2025-01-31
2025-01-28,2025,1,Q1,1,January,2025-01,4,28,2,Tuesday,0,2025-01-01,2025-01-31
2025-01-29,2025,1,Q1,1,January,2025-01,4,29,3,Wednesday,0,2025-01-01,2025-01-31
2025-01-30,2025,1,Q1,1,January,2025-01,4,30,4,Thursday,0,2025-01-01,2025-01-31
2025-01-31,2025,1,Q1,1,January,2025-01,4,31,5,Friday,0,2025-01-01,2025-01-31
2025-02-01,2025,1,Q1,2,February,2025-02,4,1,6,Saturday,1,2025-02-01,2025-02-28
2025-02-02,2025,1,Q1,2,February,2025-02,5,2,7,Sunday,1,2025-02-01,2025-02-28
2025-02-03,2025,1,Q1,2,February,2025-02,5,3,1,Monday,0,2025-02-01,2025-02-28
2025-02-04,2025,1,Q1,2,February,2025-02,5,4,2,Tuesday,0,2025-02-01,2025-02-28
2025-02-05,2025,1,Q1,2,February,2025-02,5,5,3,Wednesday,0,2025-02-01,2025-02-28
2025-02-06,2025,1,Q1,2,February,2025-02,5,6,4,Thursday,0,2025-02-01,2025-02-28
2025-02-07,2025,1,Q1,2,February,2025-02,5,7,5,Friday,0,2025-02-01,2025-02-28
2025-02-08,2025,1,Q1,2,February,2025-02,5,8,6,Saturday,1,2025-02-01,2025-02-28
2025-02-09,2025,1,Q1,2,February,2025-02,6,9,7,Sunday,1,2025-02-01,2025-02-28
2025-02-10,2025,1,Q1,2,February,2025-02,6,10,1,Monday,0,2025-02-01,2025-02-28
2025-02-11,2025,1,Q1,2,February,2025-02,6,11,2,Tuesday,0,2025-02-01,2025-02-28
2025-02-12,2025,1,Q1,2,February,2025-02,6,12,3,Wednesday,0,2025-02-01,2025-02-28
2025-02-13,2025,1,Q1,2,February,2025-02,6,13,4,Thursday,0,2025-02-01,2025-02-28
2025-02-14,2025,1,Q1,2,February,2025-02,6,14,5,Friday,0,2025-02-01,2025-02-28
2025-02-15,2025,1,Q1,2,February,2025-02,6,15,6,Saturday,1,2025-02-01,2025-02-28
2025-02-16,2025,1,Q1,2,February,2025-02,7,16,7,Sunday,1,2025-02-01,2025-02-28
2025-02-17,2025,1,Q1,2,February,2025-02,7,17,1,Monday,0,2025-02-01,2025-02-28
2025-02-18,2025,1,Q1,2,February,2025-02,7,18,2,Tuesday,0,2025-02-01,2025-02-28
2025-02-19,2025,1,Q1,2,February,2025-02,7,19,3,Wednesday,0,2025-02-01,2025-02-28
2025-02-20,2025,1,Q1,2,February,2025-02,7,20,4,Thursday,0,2025-02-01,2025-02-28
2025-02-21,2025,1,Q1,2,February,2025-02,7,21,5,Friday,0,2025-02-01,2025-02-28
2025-02-22,2025,1,Q1,2,February,2025-02,7,22,6,Saturday,1,2025-02-01,2025-02-28
2025-02-23,2025,1,Q1,2,February,2025-02,8,23,7,Sunday,1,2025-02-01,2025-02-28
2025-02-24,2025,1,Q1,2,February,2025-02,8,24,1,Monday,0,2025-02-01,2025-02-28
2025-02-25,2025,1,Q1,2,February,2025-02,8,25,2,Tuesday,0,2025-02-01,2025-02-28
2025-02-26,2025,1,Q1,2,February,2025-02,8,26,3,Wednesday,0,2025-02-01,2025-02-28
2025-02-27,2025,1,Q1,2,February,2025-02,8,27,4,Thursday,0,2025-02-01,2025-02-28
2025-02-28,2025,1,Q1,2,February,2025-02,8,28,5,Friday,0,2025-02-01,2025-02-28
2025-03-01,2025,1,Q1,3,March,2025-03,8,1,6,Saturday,1,2025-03-01,2025-03-31
2025-03-02,2025,1,Q1,3,March,2025-03,9,2,7,Sunday,1,2025-03-01,2025-03-31
2025-03-03,2025,1,Q1,3,March,2025-03,9,3,1,Monday,0,2025-03-01,2025-03-31
2025-03-04,2025,1,Q1,3,March,2025-03,9,4,2,Tuesday,0,2025-03-01,2025-03-31
2025-03-05,2025,1,Q1,3,March,2025-03,9,5,3,Wednesday,0,2025-03-01,2025-03-31
2025-03-06,2025,1,Q1,3,March,2025-03,9,6,4,Thursday,0,2025-03-01,2025-03-31
2025-03-07,2025,1,Q1,3,March,2025-03,9,7,5,Friday,0,2025-03-01,2025-03-31
2025-03-08,2025,1,Q1,3,March,2025-03,9,8,6,Saturday,1,2025-03-01,2025-03-31
2025-03-09,2025,1,Q1,3,March,2025-03,10,9,7,Sunday,1,2025-03-01,2025-03-31
2025-03-10,2025,1,Q1,3,March,2025-03,10,10,1,Monday,0,2025-03-01,2025-03-31
2025-03-11,2025,1,Q1,3,March,2025-03,10,11,2,Tuesday,0,2025-03-01,2025-03-31
2025-03-12,2025,1,Q1,3,March,2025-03,10,12,3,Wednesday,0,2025-03-01,2025-03-31
2025-03-13,2025,1,Q1,3,March,2025-03,10,13,4,Thursday,0,2025-03-01,2025-03-31
2025-03-14,2025,1,Q1,3,March,2025-03,10,14,5,Friday,0,2025-03-01,2025-03-31
2025-03-15,2025,1,Q1,3,March,2025-03,10,15,6,Saturday,1,2025-03-01,2025-03-31
2025-03-16,2025,1,Q1,3,March,2025-03,11,16,7,Sunday,1,2025-03-01,2025-03-31
2025-03-17,2025,1,Q1,3,March,2025-03,11,17,1,Monday,0,2025-03-01,2025-03-31
2025-03-18,2025,1,Q1,3,March,2025-03,11,18,2,Tuesday,0,2025-03-01,2025-03-31
2025-03-19,2025,1,Q1,3,March,2025-03,11,19,3,Wednesday,0,2025-03-01,2025-03-31
2025-03-20,2025,1,Q1,3,March,2025-03,11,20,4,Thursday,0,2025-03-01,2025-03-31
2025-03-21,2025,1,Q1,3,March,2025-03,11,21,5,Friday,0,2025-03-01,2025-03-31
2025-03-22,2025,1,Q1,3,March,2025-03,11,22,6,Saturday,1,2025-03-01,2025-03-31
2025-03-23,2025,1,Q1,3,March,2025-03,12,23,7,Sunday,1,2025-03-01,2025-03-31
2025-03-24,2025,1,Q1,3,March,2025-03,12,24,1,Monday,0,2025-03-01,2025-03-31
2025-03-25,2025,1,Q1,3,March,2025-03,12,25,2,Tuesday,0,2025-03-01,2025-03-31
2025-03-26,2025,1,Q1,3,March,2025-03,12,26,3,Wednesday,0,2025-03-01,2025-03-31
2025-03-27,2025,1,Q1,3,March,2025-03,12,27,4,Thursday,0,2025-03-01,2025-03-31
2025-03-28,2025,1,Q1,3,March,2025-03,12,28,5,Friday,0,2025-03-01,2025-03-31
2025-03-29,2025,1,Q1,3,March,2025-03,12,29,6,Saturday,1,2025-03-01,2025-03-31
2025-03-30,2025,1,Q1,3,March,2025-03,13,30,7,Sunday,1,2025-03-01,2025-03-31
2025-03-31,2025,1,Q1,3,March,2025-03,13,31,1,Monday,0,2025-03-01,2025-03-31
2025-04-01,2025,2,Q2,4,April,2025-04,13,1,2,Tuesday,0,2025-04-01,2025-04-30
2025-04-02,2025,2,Q2,4,April,2025-04,13,2,3,Wednesday,0,2025-04-01,2025-04-30
2025-04-03,2025,2,Q2,4,April,2025-04,13,3,4,Thursday,0,2025-04-01,2025-04-30
2025-04-04,2025,2,Q2,4,April,2025-04,13,4,5,Friday,0,2025-04-01,2025-04-30
2025-04-05,2025,2,Q2,4,April,2025-04,13,5,6,Saturday,1,2025-04-01,2025-04-30
2025-04-06,2025,2,Q2,4,April,2025-04,14,6,7,Sunday,1,2025-04-01,2025-04-30
2025-04-07,2025,2,Q2,4,April,2025-04,14,7,1,Monday,0,2025-04-01,2025-04-30
2025-04-08,2025,2,Q2,4,April,2025-04,14,8,2,Tuesday,0,2025-04-01,2025-04-30
2025-04-09,2025,2,Q2,4,April,2025-04,14,9,3,Wednesday,0,2025-04-01,2025-04-30
2025-04-10,2025,2,Q2,4,April,2025-04,14,10,4,Thursday,0,2025-04-01,2025-04-30
2025-04-11,2025,2,Q2,4,April,2025-04,14,11,5,Friday,0,2025-04-01,2025-04-30
2025-04-12,2025,2,Q2,4,April,2025-04,14,12,6,Saturday,1,2025-04-01,2025-04-30
2025-04-13,2025,2,Q2,4,April,2025-04,15,13,7,Sunday,1,2025-04-01,2025-04-30
2025-04-14,2025,2,Q2,4,April,2025-04,15,14,1,Monday,0,2025-04-01,2025-04-30
2025-04-15,2025,2,Q2,4,April,2025-04,15,15,2,Tuesday,0,2025-04-01,2025-04-30
2025-04-16,2025,2,Q2,4,April,2025-04,15,16,3,Wednesday,0,2025-04-01,2025-04-30
2025-04-17,2025,2,Q2,4,April,2025-04,15,17,4,Thursday,0,2025-04-01,2025-04-30
2025-04-18,2025,2,Q2,4,April,2025-04,15,18,5,Friday,0,2025-04-01,2025-04-30
2025-04-19,2025,2,Q2,4,April,2025-04,15,19,6,Saturday,1,2025-04-01,2025-04-30
2025-04-20,2025,2,Q2,4,April,2025-04,16,20,7,Sunday,1,2025-04-01,2025-04-30
2025-04-21,2025,2,Q2,4,April,2025-04,16,21,1,Monday,0,2025-04-01,2025-04-30
2025-04-22,2025,2,Q2,4,April,2025-04,16,22,2,Tuesday,0,2025-04-01,2025-04-30
2025-04-23,2025,2,Q2,4,April,2025-04,16,23,3,Wednesday,0,2025-04-01,2025-04-30
2025-04-24,2025,2,Q2,4,April,2025-04,16,24,4,Thursday,0,2025-04-01,2025-04-30
2025-04-25,2025,2,Q2,4,April,2025-04,16,25,5,Friday,0,2025-04-01,2025-04-30
2025-04-26,2025,2,Q2,4,April,2025-04,16,26,6,Saturday,1,2025-04-01,2025-04-30
2025-04-27,2025,2,Q2,4,April,2025-04,17,27,7,Sunday,1,2025-04-01,2025-04-30
2025-04-28,2025,2,Q2,4,April,2025-04,17,28,1,Monday,0,2025-04-01,2025-04-30
2025-04-29,2025,2,Q2,4,April,2025-04,17,29,2,Tuesday,0,2025-04-01,2025-04-30
2025-04-30,2025,2,Q2,4,April,2025-04,17,30,3,Wednesday,0,2025-04-01,2025-04-30
2025-05-01,2025,2,Q2,5,May,2025-05,17,1,4,Thursday,0,2025-05-01,2025-05-31
2025-05-02,2025,2,Q2,5,May,2025-05,17,2,5,Friday,0,2025-05-01,2025-05-31
2025-05-03,2025,2,Q2,5,May,2025-05,17,3,6,Saturday,1,2025-05-01,2025-05-31
2025-05-04,2025,2,Q2,5,May,2025-05,18,4,7,Sunday,1,2025-05-01,2025-05-31
2025-05-05,2025,2,Q2,5,May,2025-05,18,5,1,Monday,0,2025-05-01,2025-05-31
2025-05-06,2025,2,Q2,5,May,2025-05,18,6,2,Tuesday,0,2025-05-01,2025-05-31
2025-05-07,2025,2,Q2,5,May,2025-05,18,7,3,Wednesday,0,2025-05-01,2025-05-31
2025-05-08,2025,2,Q2,5,May,2025-05,18,8,4,Thursday,0,2025-05-01,2025-05-31
2025-05-09,2025,2,Q2,5,May,2025-05,18,9,5,Friday,0,2025-05-01,2025-05-31
2025-05-10,2025,2,Q2,5,May,2025-05,18,10,6,Saturday,1,2025-05-01,2025-05-31
2025-05-11,2025,2,Q2,5,May,2025-05,19,11,7,Sunday,1,2025-05-01,2025-05-31
2025-05-12,2025,2,Q2,5,May,2025-05,19,12,1,Monday,0,2025-05-01,2025-05-31
2025-05-13,2025,2,Q2,5,May,2025-05,19,13,2,Tuesday,0,2025-05-01,2025-05-31
2025-05-14,2025,2,Q2,5,May,2025-05,19,14,3,Wednesday,0,2025-05-01,2025-05-31
2025-05-15,2025,2,Q2,5,May,2025-05,19,15,4,Thursday,0,2025-05-01,2025-05-31
2025-05-16,2025,2,Q2,5,May,2025-05,19,16,5,Friday,0,2025-05-01,2025-05-31
2025-05-17,2025,2,Q2,5,May,2025-05,19,17,6,Saturday,1,2025-05-01,2025-05-31
2025-05-18,2025,2,Q2,5,May,2025-05,20,18,7,Sunday,1,2025-05-01,2025-05-31
2025-05-19,2025,2,Q2,5,May,2025-05,20,19,1,Monday,0,2025-05-01,2025-05-31
2025-05-20,2025,2,Q2,5,May,2025-05,20,20,2,Tuesday,0,2025-05-01,2025-05-31
2025-05-21,2025,2,Q2,5,May,2025-05,20,21,3,Wednesday,0,2025-05-01,2025-05-31
2025-05-22,2025,2,Q2,5,May,2025-05,20,22,4,Thursday,0,2025-05-01,2025-05-31
2025-05-23,2025,2,Q2,5,May,2025-05,20,23,5,Friday,0,2025-05-01,2025-05-31
2025-05-24,2025,2,Q2,5,May,2025-05,20,24,6,Saturday,1,2025-05-01,2025-05-31
2025-05-25,2025,2,Q2,5,May,2025-05,21,25,7,Sunday,1,2025-05-01,2025-05-31
2025-05-26,2025,2,Q2,5,May,2025-05,21,26,1,Monday,0,2025-05-01,2025-05-31
2025-05-27,2025,2,Q2,5,May,2025-05,21,27,2,Tuesday,0,2025-05-01,2025-05-31
2025-05-28,2025,2,Q2,5,May,2025-05,21,28,3,Wednesday,0,2025-05-01,2025-05-31
2025-05-29,2025,2,Q2,5,May,2025-05,21,29,4,Thursday,0,2025-05-01,2025-05-31
2025-05-30,2025,2,Q2,5,May,2025-05,21,30,5,Friday,0,2025-05-01,2025-05-31
2025-05-31,2025,2,Q2,5,May,2025-05,21,31,6,Saturday,1,2025-05-01,2025-05-31
2025-06-01,2025,2,Q2,6,June,2025-06,22,1,7,Sunday,1,2025-06-01,2025-06-30
2025-06-02,2025,2,Q2,6,June,2025-06,22,2,1,Monday,0,2025-06-01,2025-06-30
2025-06-03,2025,2,Q2,6,June,2025-06,22,3,2,Tuesday,0,2025-06-01,2025-06-30
2025-06-04,2025,2,Q2,6,June,2025-06,22,4,3,Wednesday,0,2025-06-01,2025-06-30
2025-06-05,2025,2,Q2,6,June,2025-06,22,5,4,Thursday,0,2025-06-01,2025-06-30
2025-06-06,2025,2,Q2,6,June,2025-06,22,6,5,Friday,0,2025-06-01,2025-06-30
2025-06-07,2025,2,Q2,6,June,2025-06,22,7,6,Saturday,1,2025-06-01,2025-06-30
2025-06-08,2025,2,Q2,6,June,2025-06,23,8,7,Sunday,1,2025-06-01,2025-06-30
2025-06-09,2025,2,Q2,6,June,2025-06,23,9,1,Monday,0,2025-06-01,2025-06-30
2025-06-10,2025,2,Q2,6,June,2025-06,23,10,2,Tuesday,0,2025-06-01,2025-06-30
2025-06-11,2025,2,Q2,6,June,2025-06,23,11,3,Wednesday,0,2025-06-01,2025-06-30
2025-06-12,2025,2,Q2,6,June,2025-06,23,12,4,Thursday,0,2025-06-01,2025-06-30
2025-06-13,2025,2,Q2,6,June,2025-06,23,13,5,Friday,0,2025-06-01,2025-06-30
2025-06-14,2025,2,Q2,6,June,2025-06,23,14,6,Saturday,1,2025-06-01,2025-06-30
2025-06-15,2025,2,Q2,6,June,2025-06,24,15,7,Sunday,1,2025-06-01,2025-06-30
2025-06-16,2025,2,Q2,6,June,2025-06,24,16,1,Monday,0,2025-06-01,2025-06-30
2025-06-17,2025,2,Q2,6,June,2025-06,24,17,2,Tuesday,0,2025-06-01,2025-06-30
2025-06-18,2025,2,Q2,6,June,2025-06,24,18,3,Wednesday,0,2025-06-01,2025-06-30
2025-06-19,2025,2,Q2,6,June,2025-06,24,19,4,Thursday,0,2025-06-01,2025-06-30
2025-06-20,2025,2,Q2,6,June,2025-06,24,20,5,Friday,0,2025-06-01,2025-06-30
2025-06-21,2025,2,Q2,6,June,2025-06,24,21,6,Saturday,1,2025-06-01,2025-06-30
2025-06-22,2025,2,Q2,6,June,2025-06,25,22,7,Sunday,1,2025-06-01,2025-06-30
2025-06-23,2025,2,Q2,6,June,2025-06,25,23,1,Monday,0,2025-06-01,2025-06-30
2025-06-24,2025,2,Q2,6,June,2025-06,25,24,2,Tuesday,0,2025-06-01,2025-06-30
2025-06-25,2025,2,Q2,6,June,2025-06,25,25,3,Wednesday,0,2025-06-01,2025-06-30
2025-06-26,2025,2,Q2,6,June,2025-06,25,26,4,Thursday,0,2025-06-01,2025-06-30
2025-06-27,2025,2,Q2,6,June,2025-06,25,27,5,Friday,0,2025-06-01,2025-06-30
2025-06-28,2025,2,Q2,6,June,2025-06,25,28,6,Saturday,1,2025-06-01,2025-06-30
2025-06-29,2025,2,Q2,6,June,2025-06,26,29,7,Sunday,1,2025-06-01,2025-06-30
2025-06-30,2025,2,Q2,6,June,2025-06,26,30,1,Monday,0,2025-06-01,2025-06-30
2025-07-01,2025,3,Q3,7,July,2025-07,26,1,2,Tuesday,0,2025-07-01,2025-07-31
2025-07-02,2025,3,Q3,7,July,2025-07,26,2,3,Wednesday,0,2025-07-01,2025-07-31
2025-07-03,2025,3,Q3,7,July,2025-07,26,3,4,Thursday,0,2025-07-01,2025-07-31
2025-07-04,2025,3,Q3,7,July,2025-07,26,4,5,Friday,0,2025-07-01,2025-07-31
2025-07-05,2025,3,Q3,7,July,2025-07,26,5,6,Saturday,1,2025-07-01,2025-07-31
2025-07-06,2025,3,Q3,7,July,2025-07,27,6,7,Sunday,1,2025-07-01,2025-07-31
2025-07-07,2025,3,Q3,7,July,2025-07,27,7,1,Monday,0,2025-07-01,2025-07-31
2025-07-08,2025,3,Q3,7,July,2025-07,27,8,2,Tuesday,0,2025-07-01,2025-07-31
2025-07-09,2025,3,Q3,7,July,2025-07,27,9,3,Wednesday,0,2025-07-01,2025-07-31
2025-07-10,2025,3,Q3,7,July,2025-07,27,10,4,Thursday,0,2025-07-01,2025-07-31
2025-07-11,2025,3,Q3,7,July,2025-07,27,11,5,Friday,0,2025-07-01,2025-07-31
2025-07-12,2025,3,Q3,7,July,2025-07,27,12,6,Saturday,1,2025-07-01,2025-07-31
2025-07-13,2025,3,Q3,7,July,2025-07,28,13,7,Sunday,1,2025-07-01,2025-07-31
2025-07-14,2025,3,Q3,7,July,2025-07,28,14,1,Monday,0,2025-07-01,2025-07-31
2025-07-15,2025,3,Q3,7,July,2025-07,28,15,2,Tuesday,0,2025-07-01,2025-07-31
2025-07-16,2025,3,Q3,7,July,2025-07,28,16,3,Wednesday,0,2025-07-01,2025-07-31
2025-07-17,2025,3,Q3,7,July,2025-07,28,17,4,Thursday,0,2025-07-01,2025-07-31
2025-07-18,2025,3,Q3,7,July,2025-07,28,18,5,Friday,0,2025-07-01,2025-07-31
2025-07-19,2025,3,Q3,7,July,2025-07,28,19,6,Saturday,1,2025-07-01,2025-07-31
2025-07-20,2025,3,Q3,7,July,2025-07,29,20,7,Sunday,1,2025-07-01,2025-07-31
2025-07-21,2025,3,Q3,7,July,2025-07,29,21,1,Monday,0,2025-07-01,2025-07-31
2025-07-22,2025,3,Q3,7,July,2025-07,29,22,2,Tuesday,0,2025-07-01,2025-07-31
2025-07-23,2025,3,Q3,7,July,2025-07,29,23,3,Wednesday,0,2025-07-01,2025-07-31
2025-07-24,2025,3,Q3,7,July,2025-07,29,24,4,Thursday,0,2025-07-01,2025-07-31
2025-07-25,2025,3,Q3,7,July,2025-07,29,25,5,Friday,0,2025-07-01,2025-07-31
2025-07-26,2025,3,Q3,7,July,2025-07,29,26,6,Saturday,1,2025-07-01,2025-07-31
2025-07-27,2025,3,Q3,7,July,2025-07,30,27,7,Sunday,1,2025-07-01,2025-07-31
2025-07-28,2025,3,Q3,7,July,2025-07,30,28,1,Monday,0,2025-07-01,2025-07-31
2025-07-29,2025,3,Q3,7,July,2025-07,30,29,2,Tuesday,0,2025-07-01,2025-07-31
2025-07-30,2025,3,Q3,7,July,2025-07,30,30,3,Wednesday,0,2025-07-01,2025-07-31
2025-07-31,2025,3,Q3,7,July,2025-07,30,31,4,Thursday,0,2025-07-01,2025-07-31
2025-08-01,2025,3,Q3,8,August,2025-08,30,1,5,Friday,0,2025-08-01,2025-08-31
2025-08-02,2025,3,Q3,8,August,2025-08,30,2,6,Saturday,1,2025-08-01,2025-08-31
2025-08-03,2025,3,Q3,8,August,2025-08,31,3,7,Sunday,1,2025-08-01,2025-08-31
2025-08-04,2025,3,Q3,8,August,2025-08,31,4,1,Monday,0,2025-08-01,2025-08-31
2025-08-05,2025,3,Q3,8,August,2025-08,31,5,2,Tuesday,0,2025-08-01,2025-08-31
2025-08-06,2025,3,Q3,8,August,2025-08,31,6,3,Wednesday,0,2025-08-01,2025-08-31
2025-08-07,2025,3,Q3,8,August,2025-08,31,7,4,Thursday,0,2025-08-01,2025-08-31
2025-08-08,2025,3,Q3,8,August,2025-08,31,8,5,Friday,0,2025-08-01,2025-08-31
2025-08-09,2025,3,Q3,8,August,2025-08,31,9,6,Saturday,1,2025-08-01,2025-08-31
2025-08-10,2025,3,Q3,8,August,2025-08,32,10,7,Sunday,1,2025-08-01,2025-08-31
2025-08-11,2025,3,Q3,8,August,2025-08,32,11,1,Monday,0,2025-08-01,2025-08-31
2025-08-12,2025,3,Q3,8,August,2025-08,32,12,2,Tuesday,0,2025-08-01,2025-08-31
2025-08-13,2025,3,Q3,8,August,2025-08,32,13,3,Wednesday,0,2025-08-01,2025-08-31
2025-08-14,2025,3,Q3,8,August,2025-08,32,14,4,Thursday,0,2025-08-01,2025-08-31
2025-08-15,2025,3,Q3,8,August,2025-08,32,15,5,Friday,0,2025-08-01,2025-08-31
2025-08-16,2025,3,Q3,8,August,2025-08,32,16,6,Saturday,1,2025-08-01,2025-08-31
2025-08-17,2025,3,Q3,8,August,2025-08,33,17,7,Sunday,1,2025-08-01,2025-08-31
2025-08-18,2025,3,Q3,8,August,2025-08,33,18,1,Monday,0,2025-08-01,2025-08-31
2025-08-19,2025,3,Q3,8,August,2025-08,33,19,2,Tuesday,0,2025-08-01,2025-08-31
2025-08-20,2025,3,Q3,8,August,2025-08,33,20,3,Wednesday,0,2025-08-01,2025-08-31
2025-08-21,2025,3,Q3,8,August,2025-08,33,21,4,Thursday,0,2025-08-01,2025-08-31
2025-08-22,2025,3,Q3,8,August,2025-08,33,22,5,Friday,0,2025-08-01,2025-08-31
2025-08-23,2025,3,Q3,8,August,2025-08,33,23,6,Saturday,1,2025-08-01,2025-08-31
2025-08-24,2025,3,Q3,8,August,2025-08,34,24,7,Sunday,1,2025-08-01,2025-08-31
2025-08-25,2025,3,Q3,8,August,2025-08,34,25,1,Monday,0,2025-08-01,2025-08-31
2025-08-26,2025,3,Q3,8,August,2025-08,34,26,2,Tuesday,0,2025-08-01,2025-08-31
2025-08-27,2025,3,Q3,8,August,2025-08,34,27,3,Wednesday,0,2025-08-01,2025-08-31
2025-08-28,2025,3,Q3,8,August,2025-08,34,28,4,Thursday,0,2025-08-01,2025-08-31
2025-08-29,2025,3,Q3,8,August,2025-08,34,29,5,Friday,0,2025-08-01,2025-08-31
2025-08-30,2025,3,Q3,8,August,2025-08,34,30,6,Saturday,1,2025-08-01,2025-08-31
2025-08-31,2025,3,Q3,8,August,2025-08,35,31,7,Sunday,1,2025-08-01,2025-08-31
2025-09-01,2025,3,Q3,9,September,2025-09,35,1,1,Monday,0,2025-09-01,2025-09-30
2025-09-02,2025,3,Q3,9,September,2025-09,35,2,2,Tuesday,0,2025-09-01,2025-09-30
2025-09-03,2025,3,Q3,9,September,2025-09,35,3,3,Wednesday,0,2025-09-01,2025-09-30
2025-09-04,2025,3,Q3,9,September,2025-09,35,4,4,Thursday,0,2025-09-01,2025-09-30
2025-09-05,2025,3,Q3,9,September,2025-09,35,5,5,Friday,0,2025-09-01,2025-09-30
2025-09-06,2025,3,Q3,9,September,2025-09,35,6,6,Saturday,1,2025-09-01,2025-09-30
2025-09-07,2025,3,Q3,9,September,2025-09,36,7,7,Sunday,1,2025-09-01,2025-09-30
2025-09-08,2025,3,Q3,9,September,2025-09,36,8,1,Monday,0,2025-09-01,2025-09-30
2025-09-09,2025,3,Q3,9,September,2025-09,36,9,2,Tuesday,0,2025-09-01,2025-09-30
2025-09-10,2025,3,Q3,9,September,2025-09,36,10,3,Wednesday,0,2025-09-01,2025-09-30
2025-09-11,2025,3,Q3,9,September,2025-09,36,11,4,Thursday,0,2025-09-01,2025-09-30
2025-09-12,2025,3,Q3,9,September,2025-09,36,12,5,Friday,0,2025-09-01,2025-09-30
2025-09-13,2025,3,Q3,9,September,2025-09,36,13,6,Saturday,1,2025-09-01,2025-09-30
2025-09-14,2025,3,Q3,9,September,2025-09,37,14,7,Sunday,1,2025-09-01,2025-09-30
2025-09-15,2025,3,Q3,9,September,2025-09,37,15,1,Monday,0,2025-09-01,2025-09-30
2025-09-16,2025,3,Q3,9,September,2025-09,37,16,2,Tuesday,0,2025-09-01,2025-09-30
2025-09-17,2025,3,Q3,9,September,2025-09,37,17,3,Wednesday,0,2025-09-01,2025-09-30
2025-09-18,2025,3,Q3,9,September,2025-09,37,18,4,Thursday,0,2025-09-01,2025-09-30
2025-09-19,2025,3,Q3,9,September,2025-09,37,19,5,Friday,0,2025-09-01,2025-09-30
2025-09-20,2025,3,Q3,9,September,2025-09,37,20,6,Saturday,1,2025-09-01,2025-09-30
2025-09-21,2025,3,Q3,9,September,2025-09,38,21,7,Sunday,1,2025-09-01,2025-09-30
2025-09-22,2025,3,Q3,9,September,2025-09,38,22,1,Monday,0,2025-09-01,2025-09-30
2025-09-23,2025,3,Q3,9,September,2025-09,38,23,2,Tuesday,0,2025-09-01,2025-09-30
2025-09-24,2025,3,Q3,9,September,2025-09,38,24,3,Wednesday,0,2025-09-01,2025-09-30
2025-09-25,2025,3,Q3,9,September,2025-09,38,25,4,Thursday,0,2025-09-01,2025-09-30
2025-09-26,2025,3,Q3,9,September,2025-09,38,26,5,Friday,0,2025-09-01,2025-09-30
2025-09-27,2025,3,Q3,9,September,2025-09,38,27,6,Saturday,1,2025-09-01,2025-09-30
2025-09-28,2025,3,Q3,9,September,2025-09,39,28,7,Sunday,1,2025-09-01,2025-09-30
2025-09-29,2025,3,Q3,9,September,2025-09,39,29,1,Monday,0,2025-09-01,2025-09-30
2025-09-30,2025,3,Q3,9,September,2025-09,39,30,2,Tuesday,0,2025-09-01,2025-09-30
2025-10-01,2025,4,Q4,10,October,2025-10,39,1,3,Wednesday,0,2025-10-01,2025-10-31
2025-10-02,2025,4,Q4,10,October,2025-10,39,2,4,Thursday,0,2025-10-01,2025-10-31
2025-10-03,2025,4,Q4,10,October,2025-10,39,3,5,Friday,0,2025-10-01,2025-10-31
2025-10-04,2025,4,Q4,10,October,2025-10,39,4,6,Saturday,1,2025-10-01,2025-10-31
2025-10-05,2025,4,Q4,10,October,2025-10,40,5,7,Sunday,1,2025-10-01,2025-10-31
2025-10-06,2025,4,Q4,10,October,2025-10,40,6,1,Monday,0,2025-10-01,2025-10-31
2025-10-07,2025,4,Q4,10,October,2025-10,40,7,2,Tuesday,0,2025-10-01,2025-10-31
2025-10-08,2025,4,Q4,10,October,2025-10,40,8,3,Wednesday,0,2025-10-01,2025-10-31
2025-10-09,2025,4,Q4,10,October,2025-10,40,9,4,Thursday,0,2025-10-01,2025-10-31
2025-10-10,2025,4,Q4,10,October,2025-10,40,10,5,Friday,0,2025-10-01,2025-10-31
2025-10-11,2025,4,Q4,10,October,2025-10,40,11,6,Saturday,1,2025-10-01,2025-10-31
2025-10-12,2025,4,Q4,10,October,2025-10,41,12,7,Sunday,1,2025-10-01,2025-10-31
2025-10-13,2025,4,Q4,10,October,2025-10,41,13,1,Monday,0,2025-10-01,2025-10-31
2025-10-14,2025,4,Q4,10,October,2025-10,41,14,2,Tuesday,0,2025-10-01,2025-10-31
2025-10-15,2025,4,Q4,10,October,2025-10,41,15,3,Wednesday,0,2025-10-01,2025-10-31
2025-10-16,2025,4,Q4,10,October,2025-10,41,16,4,Thursday,0,2025-10-01,2025-10-31
2025-10-17,2025,4,Q4,10,October,2025-10,41,17,5,Friday,0,2025-10-01,2025-10-31
2025-10-18,2025,4,Q4,10,October,2025-10,41,18,6,Saturday,1,2025-10-01,2025-10-31
2025-10-19,2025,4,Q4,10,October,2025-10,42,19,7,Sunday,1,2025-10-01,2025-10-31
2025-10-20,2025,4,Q4,10,October,2025-10,42,20,1,Monday,0,2025-10-01,2025-10-31
2025-10-21,2025,4,Q4,10,October,2025-10,42,21,2,Tuesday,0,2025-10-01,2025-10-31
2025-10-22,2025,4,Q4,10,October,2025-10,42,22,3,Wednesday,0,2025-10-01,2025-10-31
2025-10-23,2025,4,Q4,10,October,2025-10,42,23,4,Thursday,0,2025-10-01,2025-10-31
2025-10-24,2025,4,Q4,10,October,2025-10,42,24,5,Friday,0,2025-10-01,2025-10-31
2025-10-25,2025,4,Q4,10,October,2025-10,42,25,6,Saturday,1,2025-10-01,2025-10-31
2025-10-26,2025,4,Q4,10,October,2025-10,43,26,7,Sunday,1,2025-10-01,2025-10-31
2025-10-27,2025,4,Q4,10,October,2025-10,43,27,1,Monday,0,2025-10-01,2025-10-31
2025-10-28,2025,4,Q4,10,October,2025-10,43,28,2,Tuesday,0,2025-10-01,2025-10-31
2025-10-29,2025,4,Q4,10,October,2025-10,43,29,3,Wednesday,0,2025-10-01,2025-10-31
2025-10-30,2025,4,Q4,10,October,2025-10,43,30,4,Thursday,0,2025-10-01,2025-10-31
2025-10-31,2025,4,Q4,10,October,2025-10,43,31,5,Friday,0,2025-10-01,2025-10-31
2025-11-01,2025,4,Q4,11,November,2025-11,43,1,6,Saturday,1,2025-11-01,2025-11-30
2025-11-02,2025,4,Q4,11,November,2025-11,44,2,7,Sunday,1,2025-11-01,2025-11-30
2025-11-03,2025,4,Q4,11,November,2025-11,44,3,1,Monday,0,2025-11-01,2025-11-30
2025-11-04,2025,4,Q4,11,November,2025-11,44,4,2,Tuesday,0,2025-11-01,2025-11-30
2025-11-05,2025,4,Q4,11,November,2025-11,44,5,3,Wednesday,0,2025-11-01,2025-11-30
2025-11-06,2025,4,Q4,11,November,2025-11,44,6,4,Thursday,0,2025-11-01,2025-11-30
2025-11-07,2025,4,Q4,11,November,2025-11,44,7,5,Friday,0,2025-11-01,2025-11-30
2025-11-08,2025,4,Q4,11,November,2025-11,44,8,6,Saturday,1,2025-11-01,2025-11-30
2025-11-09,2025,4,Q4,11,November,2025-11,45,9,7,Sunday,1,2025-11-01,2025-11-30
2025-11-10,2025,4,Q4,11,November,2025-11,45,10,1,Monday,0,2025-11-01,2025-11-30
2025-11-11,2025,4,Q4,11,November,2025-11,45,11,2,Tuesday,0,2025-11-01,2025-11-30
2025-11-12,2025,4,Q4,11,November,2025-11,45,12,3,Wednesday,0,2025-11-01,2025-11-30
2025-11-13,2025,4,Q4,11,November,2025-11,45,13,4,Thursday,0,2025-11-01,2025-11-30
2025-11-14,2025,4,Q4,11,November,2025-11,45,14,5,Friday,0,2025-11-01,2025-11-30
2025-11-15,2025,4,Q4,11,November,2025-11,45,15,6,Saturday,1,2025-11-01,2025-11-30
2025-11-16,2025,4,Q4,11,November,2025-11,46,16,7,Sunday,1,2025-11-01,2025-11-30
2025-11-17,2025,4,Q4,11,November,2025-11,46,17,1,Monday,0,2025-11-01,2025-11-30
2025-11-18,2025,4,Q4,11,November,2025-11,46,18,2,Tuesday,0,2025-11-01,2025-11-30
2025-11-19,2025,4,Q4,11,November,2025-11,46,19,3,Wednesday,0,2025-11-01,2025-11-30
2025-11-20,2025,4,Q4,11,November,2025-11,46,20,4,Thursday,0,2025-11-01,2025-11-30
2025-11-21,2025,4,Q4,11,November,2025-11,46,21,5,Friday,0,2025-11-01,2025-11-30
2025-11-22,2025,4,Q4,11,November,2025-11,46,22,6,Saturday,1,2025-11-01,2025-11-30
2025-11-23,2025,4,Q4,11,November,2025-11,47,23,7,Sunday,1,2025-11-01,2025-11-30
2025-11-24,2025,4,Q4,11,November,2025-11,47,24,1,Monday,0,2025-11-01,2025-11-30
2025-11-25,2025,4,Q4,11,November,2025-11,47,25,2,Tuesday,0,2025-11-01,2025-11-30
2025-11-26,2025,4,Q4,11,November,2025-11,47,26,3,Wednesday,0,2025-11-01,2025-11-30
2025-11-27,2025,4,Q4,11,November,2025-11,47,27,4,Thursday,0,2025-11-01,2025-11-30
2025-11-28,2025,4,Q4,11,November,2025-11,47,28,5,Friday,0,2025-11-01,2025-11-30
2025-11-29,2025,4,Q4,11,November,2025-11,47,29,6,Saturday,1,2025-11-01,2025-11-30
2025-11-30,2025,4,Q4,11,November,2025-11,48,30,7,Sunday,1,2025-11-01,2025-11-30
2025-12-01,2025,4,Q4,12,December,2025-12,48,1,1,Monday,0,2025-12-01,2025-12-31
2025-12-02,2025,4,Q4,12,December,2025-12,48,2,2,Tuesday,0,2025-12-01,2025-12-31
2025-12-03,2025,4,Q4,12,December,2025-12,48,3,3,Wednesday,0,2025-12-01,2025-12-31
2025-12-04,2025,4,Q4,12,December,2025-12,48,4,4,Thursday,0,2025-12-01,2025-12-31
2025-12-05,2025,4,Q4,12,December,2025-12,48,5,5,Friday,0,2025-12-01,2025-12-31
2025-12-06,2025,4,Q4,12,December,2025-12,48,6,6,Saturday,1,2025-12-01,2025-12-31
2025-12-07,2025,4,Q4,12,December,2025-12,49,7,7,Sunday,1,2025-12-01,2025-12-31
2025-12-08,2025,4,Q4,12,December,2025-12,49,8,1,Monday,0,2025-12-01,2025-12-31
2025-12-09,2025,4,Q4,12,December,2025-12,49,9,2,Tuesday,0,2025-12-01,2025-12-31
2025-12-10,2025,4,Q4,12,December,2025-12,49,10,3,Wednesday,0,2025-12-01,2025-12-31
2025-12-11,2025,4,Q4,12,December,2025-12,49,11,4,Thursday,0,2025-12-01,2025-12-31
2025-12-12,2025,4,Q4,12,December,2025-12,49,12,5,Friday,0,2025-12-01,2025-12-31
2025-12-13,2025,4,Q4,12,December,2025-12,49,13,6,Saturday,1,2025-12-01,2025-12-31
2025-12-14,2025,4,Q4,12,December,2025-12,50,14,7,Sunday,1,2025-12-01,2025-12-31
2025-12-15,2025,4,Q4,12,December,2025-12,50,15,1,Monday,0,2025-12-01,2025-12-31
2025-12-16,2025,4,Q4,12,December,2025-12,50,16,2,Tuesday,0,2025-12-01,2025-12-31
2025-12-17,2025,4,Q4,12,December,2025-12,50,17,3,Wednesday,0,2025-12-01,2025-12-31
2025-12-18,2025,4,Q4,12,December,2025-12,50,18,4,Thursday,0,2025-12-01,2025-12-31
2025-12-19,2025,4,Q4,12,December,2025-12,50,19,5,Friday,0,2025-12-01,2025-12-31
2025-12-20,2025,4,Q4,12,December,2025-12,50,20,6,Saturday,1,2025-12-01,2025-12-31
2025-12-21,2025,4,Q4,12,December,2025-12,51,21,7,Sunday,1,2025-12-01,2025-12-31
2025-12-22,2025,4,Q4,12,December,2025-12,51,22,1,Monday,0,2025-12-01,2025-12-31
2025-12-23,2025,4,Q4,12,December,2025-12,51,23,2,Tuesday,0,2025-12-01,2025-12-31
2025-12-24,2025,4,Q4,12,December,2025-12,51,24,3,Wednesday,0,2025-12-01,2025-12-31
2025-12-25,2025,4,Q4,12,December,2025-12,51,25,4,Thursday,0,2025-12-01,2025-12-31
2025-12-26,2025,4,Q4,12,December,2025-12,51,26,5,Friday,0,2025-12-01,2025-12-31
2025-12-27,2025,4,Q4,12,December,2025-12,51,27,6,Saturday,1,2025-12-01,2025-12-31
2025-12-28,2025,4,Q4,12,December,2025-12,52,28,7,Sunday,1,2025-12-01,2025-12-31
2025-12-29,2025,4,Q4,12,December,2025-12,52,29,1,Monday,0,2025-12-01,2025-12-31
2025-12-30,2025,4,Q4,12,December,2025-12,52,30,2,Tuesday,0,2025-12-01,2025-12-31
2025-12-31,2025,4,Q4,12,December,2025-12,52,31,3,Wednesday,0,2025-12-01,2025-12-31
