customer_id,recency_days,frequency,monetary_value,r_score,f_score,m_score,rfm_score_code,rfm_composite_score,rfm_segment
CUST-00821,2545,2,1451.28,1,1,3,113,1.67,Lost
CUST-02660,2497,2,1328.91,1,1,2,112,1.33,Lost
CUST-05363,2439,2,111.21,1,1,1,111,1.0,Lost
CUST-13803,2369,2,668.36,1,1,1,111,1.0,Lost
CUST-13390,2359,3,2415.5,1,2,4,124,2.33,Lost
CUST-11021,2357,2,418.26,1,1,1,111,1.0,Lost
CUST-14084,2324,2,289.54,1,1,1,111,1.0,Lost
CUST-08968,2307,2,329.41,1,1,1,111,1.0,Lost
CUST-06608,2284,2,1561.04,1,1,3,113,1.67,Lost
CUST-00722,2284,2,1652.3,1,1,3,113,1.67,Lost
CUST-01634,2272,4,1866.26,1,2,3,123,2.0,Lost
CUST-07643,2269,4,977.74,1,2,2,122,1.67,Lost
CUST-10025,2262,2,1493.32,1,1,3,113,1.67,Lost
CUST-09247,2247,4,2293.95,1,2,4,124,2.33,Lost
CUST-10924,2246,3,513.44,1,1,1,111,1.0,Lost
CUST-07016,2238,2,1771.83,1,1,3,113,1.67,Lost
CUST-06889,2232,2,1659.96,1,1,3,113,1.67,Lost
CUST-10878,2231,2,349.1,1,1,1,111,1.0,Lost
CUST-07475,2223,3,708.94,1,1,1,111,1.0,Lost
CUST-00739,2200,3,1608.6,1,2,3,123,2.0,Lost
CUST-09498,2200,5,4028.89,1,4,5,145,3.33,Loyal Customers
CUST-08068,2192,2,904.53,1,1,2,112,1.33,Lost
CUST-05005,2191,3,1273.05,1,2,2,122,1.67,Lost
CUST-13257,2178,2,1165.49,1,1,2,112,1.33,Lost
CUST-13789,2170,3,162.56,1,1,1,111,1.0,Lost
CUST-14721,2160,3,1155.82,1,2,2,122,1.67,Lost
CUST-12687,2149,2,483.92,1,1,1,111,1.0,Lost
CUST-13478,2143,2,1334.33,1,1,2,112,1.33,Lost
CUST-12109,2138,2,277.41,1,1,1,111,1.0,Lost
CUST-14182,2134,2,755.1,1,1,2,112,1.33,Lost
CUST-02399,2128,2,786.82,1,1,2,112,1.33,Lost
CUST-03541,2104,3,1589.55,1,2,3,123,2.0,Lost
CUST-02796,2100,2,240.75,1,1,1,111,1.0,Lost
CUST-09058,2086,4,1736.0,1,2,3,123,2.0,Lost
CUST-14941,2083,3,639.12,1,1,1,111,1.0,Lost
CUST-10851,2054,2,971.87,1,1,2,112,1.33,Lost
CUST-05172,2054,3,2765.77,1,2,4,124,2.33,Lost
CUST-02171,2041,2,347.73,1,1,1,111,1.0,Lost
CUST-11243,2037,2,676.86,1,1,1,111,1.0,Lost
CUST-06393,2018,3,325.42,1,1,1,111,1.0,Lost
CUST-14507,2015,3,570.93,1,1,1,111,1.0,Lost
CUST-03361,2008,2,462.07,1,1,1,111,1.0,Lost
CUST-05230,2008,5,1350.07,1,3,2,132,2.0,Needs Attention
CUST-01727,2006,3,3480.17,1,2,5,125,2.67,Lost
CUST-06759,2004,2,298.22,1,1,1,111,1.0,Lost
CUST-06961,2000,3,1514.26,1,2,3,123,2.0,Lost
CUST-04455,1990,3,1758.89,1,2,3,123,2.0,Lost
CUST-09879,1977,3,1546.93,1,2,3,123,2.0,Lost
CUST-10658,1971,3,1051.95,1,1,2,112,1.33,Lost
CUST-04322,1970,2,1185.0,1,1,2,112,1.33,Lost
CUST-01665,1967,2,104.2,1,1,1,111,1.0,Lost
CUST-05332,1963,2,1322.73,1,1,2,112,1.33,Lost
CUST-03706,1959,3,506.23,1,1,1,111,1.0,Lost
CUST-13818,1947,3,2012.2,1,2,3,123,2.0,Lost
CUST-04482,1937,2,339.76,1,1,1,111,1.0,Lost
CUST-05866,1936,5,2440.16,1,3,4,134,2.67,At Risk
CUST-02729,1935,2,564.39,1,1,1,111,1.0,Lost
CUST-13812,1932,2,1606.84,1,1,3,113,1.67,Lost
CUST-05914,1931,2,569.85,1,1,1,111,1.0,Lost
CUST-09900,1929,3,618.49,1,1,1,111,1.0,Lost
CUST-00124,1923,2,732.76,1,1,1,111,1.0,Lost
CUST-13537,1920,4,2177.28,1,2,4,124,2.33,Lost
CUST-07777,1913,3,601.76,1,1,1,111,1.0,Lost
CUST-12239,1885,2,1078.33,1,1,2,112,1.33,Lost
CUST-13180,1882,3,1665.12,1,2,3,123,2.0,Lost
CUST-05464,1881,3,2436.18,1,2,4,124,2.33,Lost
CUST-07880,1876,3,275.72,1,1,1,111,1.0,Lost
CUST-12861,1869,2,2219.05,1,1,4,114,2.0,Lost
CUST-12425,1867,3,884.47,1,1,2,112,1.33,Lost
CUST-10269,1865,2,689.71,1,1,1,111,1.0,Lost
CUST-13646,1862,5,3116.45,1,3,5,135,3.0,At Risk
CUST-12866,1859,4,2665.99,1,3,4,134,2.67,At Risk
CUST-03285,1857,2,425.8,1,1,1,111,1.0,Lost
CUST-07779,1848,2,594.92,1,1,1,111,1.0,Lost
CUST-13371,1842,2,1496.07,1,1,3,113,1.67,Lost
CUST-08544,1837,4,639.74,1,2,1,121,1.33,Lost
CUST-04600,1834,2,465.59,1,1,1,111,1.0,Lost
CUST-09378,1833,3,598.8,1,1,1,111,1.0,Lost
CUST-12330,1830,2,435.53,1,1,1,111,1.0,Lost
CUST-07162,1827,3,1402.63,1,2,3,123,2.0,Lost
CUST-05986,1825,3,429.68,1,1,1,111,1.0,Lost
CUST-06732,1825,5,928.21,1,3,2,132,2.0,Needs Attention
CUST-02298,1819,4,2654.91,1,3,4,134,2.67,At Risk
CUST-14097,1811,2,421.88,1,1,1,111,1.0,Lost
CUST-04666,1808,4,2088.77,1,2,4,124,2.33,Lost
CUST-05160,1806,4,2169.29,1,2,4,124,2.33,Lost
CUST-08113,1806,4,2792.48,1,3,4,134,2.67,At Risk
CUST-01881,1803,2,1478.38,1,1,3,113,1.67,Lost
CUST-04243,1803,2,2894.2,1,1,4,114,2.0,Lost
CUST-07450,1798,4,2303.45,1,2,4,124,2.33,Lost
CUST-05978,1797,2,463.56,1,1,1,111,1.0,Lost
CUST-08681,1787,2,836.22,1,1,2,112,1.33,Lost
CUST-02174,1787,3,1899.61,1,2,3,123,2.0,Lost
CUST-11232,1785,2,1928.35,1,1,3,113,1.67,Lost
CUST-05755,1783,2,604.44,1,1,1,111,1.0,Lost
CUST-06200,1783,4,840.5,1,2,2,122,1.67,Lost
CUST-06014,1772,2,409.11,1,1,1,111,1.0,Lost
CUST-04127,1772,2,1868.09,1,1,3,113,1.67,Lost
CUST-11747,1771,3,867.83,1,1,2,112,1.33,Lost
CUST-06122,1762,2,84.19,1,1,1,111,1.0,Lost
CUST-03501,1756,2,359.52,1,1,1,111,1.0,Lost
CUST-11688,1755,2,1954.73,1,1,3,113,1.67,Lost
CUST-10252,1752,2,1019.06,1,1,2,112,1.33,Lost
CUST-04990,1747,5,641.71,1,3,1,131,1.67,Needs Attention
CUST-05747,1743,2,652.5,1,1,1,111,1.0,Lost
CUST-06523,1739,2,1108.28,1,1,2,112,1.33,Lost
CUST-06155,1728,2,1643.37,1,1,3,113,1.67,Lost
CUST-05456,1728,3,4080.22,1,2,5,125,2.67,Lost
CUST-11915,1724,2,164.15,1,1,1,111,1.0,Lost
CUST-05031,1724,4,2667.14,1,3,4,134,2.67,At Risk
CUST-04366,1717,7,1482.38,1,4,3,143,2.67,Loyal Customers
CUST-10468,1715,3,1535.51,1,2,3,123,2.0,Lost
CUST-09501,1714,2,457.17,1,1,1,111,1.0,Lost
CUST-03723,1712,3,416.5,1,1,1,111,1.0,Lost
CUST-05876,1711,3,2003.92,1,2,3,123,2.0,Lost
CUST-09913,1709,3,311.12,1,1,1,111,1.0,Lost
CUST-02932,1699,2,359.97,1,1,1,111,1.0,Lost
CUST-07172,1699,7,2584.82,1,5,4,154,3.33,Loyal Customers
CUST-12383,1697,2,709.09,1,1,1,111,1.0,Lost
CUST-13466,1697,3,381.92,1,1,1,111,1.0,Lost
CUST-06256,1696,3,287.53,1,1,1,111,1.0,Lost
CUST-04828,1694,4,500.76,1,2,1,121,1.33,Lost
CUST-00927,1693,2,381.71,1,1,1,111,1.0,Lost
CUST-08816,1688,4,845.74,1,2,2,122,1.67,Lost
CUST-06727,1684,3,576.42,1,1,1,111,1.0,Lost
CUST-01279,1682,3,323.25,1,1,1,111,1.0,Lost
CUST-01164,1680,2,470.62,1,1,1,111,1.0,Lost
CUST-13011,1680,3,1593.57,1,2,3,123,2.0,Lost
CUST-14561,1679,2,874.71,1,1,2,112,1.33,Lost
CUST-14164,1678,2,427.26,1,1,1,111,1.0,Lost
CUST-09495,1677,6,2150.9,1,4,4,144,3.0,Loyal Customers
CUST-01190,1676,2,1962.64,1,1,3,113,1.67,Lost
CUST-10761,1676,3,826.64,1,1,2,112,1.33,Lost
CUST-07998,1674,2,1623.46,1,1,3,113,1.67,Lost
CUST-09311,1670,2,1335.35,1,1,2,112,1.33,Lost
CUST-12715,1670,2,1471.29,1,1,3,113,1.67,Lost
CUST-01899,1670,2,2585.49,1,1,4,114,2.0,Lost
CUST-05107,1670,3,560.51,1,1,1,111,1.0,Lost
CUST-08229,1670,3,789.5,1,1,2,112,1.33,Lost
CUST-14111,1668,2,95.34,1,1,1,111,1.0,Lost
CUST-02047,1667,3,1142.9,1,2,2,122,1.67,Lost
CUST-09478,1664,2,2413.76,1,1,4,114,2.0,Lost
CUST-11049,1662,4,600.99,1,2,1,121,1.33,Lost
CUST-05024,1656,2,336.95,1,1,1,111,1.0,Lost
CUST-02711,1654,3,1903.09,1,2,3,123,2.0,Lost
CUST-09367,1650,2,266.07,1,1,1,111,1.0,Lost
CUST-03106,1648,6,3918.13,1,4,5,145,3.33,Loyal Customers
CUST-08473,1641,2,292.27,1,1,1,111,1.0,Lost
CUST-06958,1641,4,2302.97,1,2,4,124,2.33,Lost
CUST-08517,1639,2,1199.45,1,1,2,112,1.33,Lost
CUST-11908,1633,2,108.28,1,1,1,111,1.0,Lost
CUST-05761,1626,2,950.23,1,1,2,112,1.33,Lost
CUST-04375,1621,7,3211.49,1,5,5,155,3.67,Loyal Customers
CUST-00084,1612,2,699.19,1,1,1,111,1.0,Lost
CUST-06515,1611,2,268.44,1,1,1,111,1.0,Lost
CUST-00728,1610,3,735.04,1,1,1,111,1.0,Lost
CUST-01658,1608,5,3419.91,1,3,5,135,3.0,At Risk
CUST-01824,1604,2,980.32,1,1,2,112,1.33,Lost
CUST-08352,1604,4,631.18,1,2,1,121,1.33,Lost
CUST-10785,1602,4,1299.22,1,2,2,122,1.67,Lost
CUST-09961,1601,2,1537.9,1,1,3,113,1.67,Lost
CUST-00929,1600,2,1790.8,1,1,3,113,1.67,Lost
CUST-00886,1600,3,637.53,1,1,1,111,1.0,Lost
CUST-10223,1599,3,375.02,1,1,1,111,1.0,Lost
CUST-06729,1596,2,192.05,1,1,1,111,1.0,Lost
CUST-14736,1591,3,1589.75,1,2,3,123,2.0,Lost
CUST-14044,1586,4,1926.86,1,2,3,123,2.0,Lost
CUST-12243,1585,4,748.22,1,2,1,121,1.33,Lost
CUST-13487,1583,5,3190.54,1,3,5,135,3.0,At Risk
CUST-01076,1581,2,141.49,1,1,1,111,1.0,Lost
CUST-11479,1579,6,2212.3,1,4,4,144,3.0,Loyal Customers
CUST-04382,1577,3,414.26,1,1,1,111,1.0,Lost
CUST-06183,1576,2,516.29,1,1,1,111,1.0,Lost
CUST-12526,1574,3,2302.2,1,2,4,124,2.33,Lost
CUST-02582,1574,4,458.38,1,2,1,121,1.33,Lost
CUST-03238,1572,3,1732.3,1,2,3,123,2.0,Lost
CUST-02551,1572,3,1815.69,1,2,3,123,2.0,Lost
CUST-12909,1570,2,152.26,1,1,1,111,1.0,Lost
CUST-14067,1569,2,198.52,1,1,1,111,1.0,Lost
CUST-10894,1563,2,583.61,1,1,1,111,1.0,Lost
CUST-02758,1563,3,2050.43,1,2,3,123,2.0,Lost
CUST-09512,1551,2,992.2,1,1,2,112,1.33,Lost
CUST-08051,1550,2,357.33,1,1,1,111,1.0,Lost
CUST-03850,1548,2,874.4,1,1,2,112,1.33,Lost
CUST-03244,1546,2,193.44,1,1,1,111,1.0,Lost
CUST-09457,1544,3,449.59,1,1,1,111,1.0,Lost
CUST-09573,1541,2,1226.56,1,1,2,112,1.33,Lost
CUST-14192,1540,2,478.82,1,1,1,111,1.0,Lost
CUST-13347,1536,5,1716.76,1,3,3,133,2.33,At Risk
CUST-07647,1535,2,356.05,1,1,1,111,1.0,Lost
CUST-11794,1534,2,182.72,1,1,1,111,1.0,Lost
CUST-13370,1534,2,518.7,1,1,1,111,1.0,Lost
CUST-04034,1534,3,334.19,1,1,1,111,1.0,Lost
CUST-08357,1533,6,3980.75,1,4,5,145,3.33,Loyal Customers
CUST-02185,1528,3,226.28,1,1,1,111,1.0,Lost
CUST-13102,1526,7,2800.09,1,5,4,154,3.33,Loyal Customers
CUST-05466,1525,2,2546.71,1,1,4,114,2.0,Lost
CUST-02810,1524,2,2130.96,1,1,4,114,2.0,Lost
CUST-10598,1521,2,1588.72,1,1,3,113,1.67,Lost
CUST-08058,1520,6,2294.08,1,4,4,144,3.0,Loyal Customers
CUST-05516,1515,2,176.99,1,1,1,111,1.0,Lost
CUST-11626,1515,2,597.2,1,1,1,111,1.0,Lost
CUST-00730,1511,2,516.01,1,1,1,111,1.0,Lost
CUST-04435,1510,2,684.64,1,1,1,111,1.0,Lost
CUST-00117,1505,2,618.48,1,1,1,111,1.0,Lost
CUST-08588,1505,3,1808.79,1,2,3,123,2.0,Lost
CUST-13796,1502,2,255.4,1,1,1,111,1.0,Lost
CUST-11821,1501,2,308.7,1,1,1,111,1.0,Lost
CUST-09492,1499,2,220.63,1,1,1,111,1.0,Lost
CUST-00686,1499,2,2011.59,1,1,3,113,1.67,Lost
CUST-13405,1499,3,2877.46,1,2,4,124,2.33,Lost
CUST-01987,1498,3,3563.07,1,2,5,125,2.67,Lost
CUST-10892,1496,2,322.86,1,1,1,111,1.0,Lost
CUST-10656,1493,2,663.56,1,1,1,111,1.0,Lost
CUST-02474,1491,2,297.06,1,1,1,111,1.0,Lost
CUST-10335,1489,2,139.63,1,1,1,111,1.0,Lost
CUST-05533,1488,2,334.84,1,1,1,111,1.0,Lost
CUST-11433,1486,2,1001.66,1,1,2,112,1.33,Lost
CUST-09830,1486,5,1048.68,1,3,2,132,2.0,Needs Attention
CUST-10066,1484,4,953.74,1,2,2,122,1.67,Lost
CUST-10382,1482,2,227.08,1,1,1,111,1.0,Lost
CUST-00834,1482,4,3004.9,1,3,5,135,3.0,At Risk
CUST-02254,1481,2,208.38,1,1,1,111,1.0,Lost
CUST-01889,1480,3,1897.11,1,2,3,123,2.0,Lost
CUST-00227,1477,3,939.54,1,1,2,112,1.33,Lost
CUST-01656,1475,2,521.29,1,1,1,111,1.0,Lost
CUST-11335,1475,3,1020.25,1,1,2,112,1.33,Lost
CUST-10533,1471,3,1450.26,1,2,3,123,2.0,Lost
CUST-12831,1470,2,449.75,1,1,1,111,1.0,Lost
CUST-09357,1468,5,428.51,1,3,1,131,1.67,Needs Attention
CUST-14246,1468,5,3001.17,1,3,4,134,2.67,At Risk
CUST-08260,1466,2,40.61,1,1,1,111,1.0,Lost
CUST-08136,1466,4,1271.61,1,2,2,122,1.67,Lost
CUST-07154,1465,2,199.43,1,1,1,111,1.0,Lost
CUST-10337,1465,2,1466.61,1,1,3,113,1.67,Lost
CUST-14451,1464,3,241.36,1,1,1,111,1.0,Lost
CUST-00535,1460,4,860.16,1,2,2,122,1.67,Lost
CUST-08500,1458,3,1850.88,1,2,3,123,2.0,Lost
CUST-04100,1457,3,690.87,1,1,1,111,1.0,Lost
CUST-02265,1457,3,1417.41,1,2,3,123,2.0,Lost
CUST-07250,1457,7,1068.82,1,4,2,142,2.33,Needs Attention
CUST-04737,1456,2,470.91,1,1,1,111,1.0,Lost
CUST-14579,1451,4,2912.73,1,3,4,134,2.67,At Risk
CUST-13426,1450,2,344.64,1,1,1,111,1.0,Lost
CUST-13928,1449,4,2123.75,1,2,4,124,2.33,Lost
CUST-04966,1447,3,1769.45,1,2,3,123,2.0,Lost
CUST-14866,1446,3,2024.19,1,2,3,123,2.0,Lost
CUST-03297,1445,2,228.22,1,1,1,111,1.0,Lost
CUST-06792,1445,3,662.61,1,1,1,111,1.0,Lost
CUST-02230,1445,3,681.77,1,1,1,111,1.0,Lost
CUST-02478,1444,2,120.84,1,1,1,111,1.0,Lost
CUST-11452,1443,3,556.84,1,1,1,111,1.0,Lost
CUST-08687,1441,4,1771.54,1,2,3,123,2.0,Lost
CUST-05286,1440,2,251.62,1,1,1,111,1.0,Lost
CUST-13657,1435,4,1806.67,1,2,3,123,2.0,Lost
CUST-00805,1434,2,196.79,1,1,1,111,1.0,Lost
CUST-14815,1433,2,1285.47,1,1,2,112,1.33,Lost
CUST-07627,1433,5,3417.95,1,3,5,135,3.0,At Risk
CUST-02260,1432,2,410.13,1,1,1,111,1.0,Lost
CUST-03314,1432,3,336.08,1,1,1,111,1.0,Lost
CUST-06945,1431,3,843.89,1,1,2,112,1.33,Lost
CUST-04668,1429,3,351.36,1,1,1,111,1.0,Lost
CUST-06888,1429,3,1630.94,1,2,3,123,2.0,Lost
CUST-03628,1428,2,241.26,1,1,1,111,1.0,Lost
CUST-09453,1427,2,230.56,1,1,1,111,1.0,Lost
CUST-00610,1426,3,619.65,1,1,1,111,1.0,Lost
CUST-04095,1426,4,1497.12,1,2,3,123,2.0,Lost
CUST-11733,1423,2,722.85,1,1,1,111,1.0,Lost
CUST-08662,1422,3,1331.94,1,2,2,122,1.67,Lost
CUST-11633,1421,5,780.85,1,3,2,132,2.0,Needs Attention
CUST-07675,1420,6,957.89,1,4,2,142,2.33,Needs Attention
CUST-11954,1419,2,489.83,1,1,1,111,1.0,Lost
CUST-00225,1416,3,353.78,1,1,1,111,1.0,Lost
CUST-02013,1416,3,428.09,1,1,1,111,1.0,Lost
CUST-11904,1415,3,2712.43,1,2,4,124,2.33,Lost
CUST-07878,1415,5,1554.36,1,3,3,133,2.33,At Risk
CUST-07452,1415,7,5185.34,1,5,5,155,3.67,Loyal Customers
CUST-06280,1413,5,1677.64,1,3,3,133,2.33,At Risk
CUST-01759,1411,2,106.44,1,1,1,111,1.0,Lost
CUST-04054,1411,3,603.65,1,1,1,111,1.0,Lost
CUST-08948,1406,2,275.99,1,1,1,111,1.0,Lost
CUST-14420,1406,2,1678.97,1,1,3,113,1.67,Lost
CUST-00328,1404,2,335.3,1,1,1,111,1.0,Lost
CUST-00716,1403,2,221.52,1,1,1,111,1.0,Lost
CUST-07005,1403,2,364.77,1,1,1,111,1.0,Lost
CUST-12428,1402,3,2677.46,1,2,4,124,2.33,Lost
CUST-04442,1396,3,2708.97,1,2,4,124,2.33,Lost
CUST-13053,1392,4,2145.46,1,2,4,124,2.33,Lost
CUST-03524,1389,4,2572.53,1,3,4,134,2.67,At Risk
CUST-07080,1388,2,887.38,1,1,2,112,1.33,Lost
CUST-08292,1388,2,1641.62,1,1,3,113,1.67,Lost
CUST-13097,1387,2,211.67,1,1,1,111,1.0,Lost
CUST-07920,1386,2,323.51,1,1,1,111,1.0,Lost
CUST-03307,1385,2,2147.05,1,1,4,114,2.0,Lost
CUST-08011,1383,3,299.29,1,1,1,111,1.0,Lost
CUST-05848,1380,3,1253.15,1,2,2,122,1.67,Lost
CUST-09807,1379,5,1080.95,1,3,2,132,2.0,Needs Attention
CUST-13273,1376,6,672.89,1,4,1,141,2.0,Needs Attention
CUST-03263,1372,3,633.51,1,1,1,111,1.0,Lost
CUST-11245,1372,4,1263.36,1,2,2,122,1.67,Lost
CUST-08707,1370,2,242.33,1,1,1,111,1.0,Lost
CUST-11207,1369,2,391.39,1,1,1,111,1.0,Lost
CUST-02936,1369,3,996.74,1,1,2,112,1.33,Lost
CUST-08337,1368,2,1143.83,1,1,2,112,1.33,Lost
CUST-05844,1366,2,252.35,1,1,1,111,1.0,Lost
CUST-10131,1364,6,1536.57,1,4,3,143,2.67,Loyal Customers
CUST-11648,1363,2,2251.83,1,1,4,114,2.0,Lost
CUST-02851,1362,3,835.21,1,1,2,112,1.33,Lost
CUST-05481,1360,2,70.4,1,1,1,111,1.0,Lost
CUST-13771,1356,3,2985.38,1,2,4,124,2.33,Lost
CUST-13553,1356,5,730.62,1,3,1,131,1.67,Needs Attention
CUST-04277,1353,3,347.06,1,1,1,111,1.0,Lost
CUST-10981,1351,2,414.43,1,1,1,111,1.0,Lost
CUST-03659,1350,2,481.35,1,1,1,111,1.0,Lost
CUST-02813,1349,2,175.12,1,1,1,111,1.0,Lost
CUST-03168,1349,2,264.67,1,1,1,111,1.0,Lost
CUST-07396,1348,2,169.22,1,1,1,111,1.0,Lost
CUST-14542,1347,2,312.96,1,1,1,111,1.0,Lost
CUST-04967,1347,4,1906.02,1,2,3,123,2.0,Lost
CUST-12955,1346,4,1043.49,1,2,2,122,1.67,Lost
CUST-00258,1345,2,1481.58,1,1,3,113,1.67,Lost
CUST-12265,1345,8,3246.45,1,5,5,155,3.67,Loyal Customers
CUST-04451,1344,2,409.06,1,1,1,111,1.0,Lost
CUST-07164,1343,3,577.54,1,1,1,111,1.0,Lost
CUST-14612,1343,3,716.47,1,1,1,111,1.0,Lost
CUST-08990,1343,6,3297.29,1,4,5,145,3.33,Loyal Customers
CUST-09243,1340,2,104.22,1,1,1,111,1.0,Lost
CUST-07623,1340,2,265.61,1,1,1,111,1.0,Lost
CUST-06323,1337,2,264.71,1,1,1,111,1.0,Lost
CUST-03424,1337,3,254.04,1,1,1,111,1.0,Lost
CUST-09877,1334,2,2204.87,1,1,4,114,2.0,Lost
CUST-07487,1334,3,1379.69,1,2,2,122,1.67,Lost
CUST-03658,1333,2,475.68,1,1,1,111,1.0,Lost
CUST-03650,1333,3,814.2,1,1,2,112,1.33,Lost
CUST-02897,1333,4,2376.89,1,2,4,124,2.33,Lost
CUST-13919,1332,3,1421.79,1,2,3,123,2.0,Lost
CUST-00029,1331,3,3200.75,1,2,5,125,2.67,Lost
CUST-14369,1331,3,3499.24,1,2,5,125,2.67,Lost
CUST-00991,1330,2,718.71,1,1,1,111,1.0,Lost
CUST-04200,1330,2,1715.51,1,1,3,113,1.67,Lost
CUST-06772,1329,2,663.13,1,1,1,111,1.0,Lost
CUST-04806,1328,3,225.44,1,1,1,111,1.0,Lost
CUST-13827,1327,3,2212.44,1,2,4,124,2.33,Lost
CUST-05144,1326,3,1155.08,1,2,2,122,1.67,Lost
CUST-13259,1325,3,1652.65,1,2,3,123,2.0,Lost
CUST-02934,1323,2,1997.6,1,1,3,113,1.67,Lost
CUST-06826,1322,4,1728.94,1,2,3,123,2.0,Lost
CUST-03691,1321,2,802.94,1,1,2,112,1.33,Lost
CUST-04111,1320,4,1821.4,1,2,3,123,2.0,Lost
CUST-03793,1318,5,2253.8,1,3,4,134,2.67,At Risk
CUST-01291,1317,2,310.92,1,1,1,111,1.0,Lost
CUST-14452,1317,4,1703.35,1,2,3,123,2.0,Lost
CUST-12103,1315,3,290.91,1,1,1,111,1.0,Lost
CUST-00333,1315,3,328.47,1,1,1,111,1.0,Lost
CUST-02563,1314,2,2374.97,1,1,4,114,2.0,Lost
CUST-04097,1313,5,935.59,1,3,2,132,2.0,Needs Attention
CUST-10936,1312,3,194.27,1,1,1,111,1.0,Lost
CUST-12352,1310,2,415.04,1,1,1,111,1.0,Lost
CUST-12966,1309,2,1603.71,1,1,3,113,1.67,Lost
CUST-09943,1309,4,2554.21,1,3,4,134,2.67,At Risk
CUST-00551,1307,3,1664.01,1,2,3,123,2.0,Lost
CUST-00153,1306,5,2591.89,1,3,4,134,2.67,At Risk
CUST-09707,1305,3,717.58,1,1,1,111,1.0,Lost
CUST-09522,1305,5,1216.63,1,3,2,132,2.0,Needs Attention
CUST-05973,1304,3,500.71,1,1,1,111,1.0,Lost
CUST-06735,1304,3,1142.94,1,2,2,122,1.67,Lost
CUST-09176,1302,11,4233.79,1,5,5,155,3.67,Loyal Customers
CUST-02533,1299,3,747.83,1,1,1,111,1.0,Lost
CUST-06581,1299,3,2110.25,1,2,4,124,2.33,Lost
CUST-10991,1299,5,2633.96,1,3,4,134,2.67,At Risk
CUST-03604,1298,2,787.47,1,1,2,112,1.33,Lost
CUST-03368,1298,4,4985.57,1,3,5,135,3.0,At Risk
CUST-11756,1297,3,1221.73,1,2,2,122,1.67,Lost
CUST-03578,1297,6,786.66,1,4,2,142,2.33,Needs Attention
CUST-00464,1295,2,796.79,1,1,2,112,1.33,Lost
CUST-12412,1292,4,3126.86,1,3,5,135,3.0,At Risk
CUST-01770,1290,3,1990.69,1,2,3,123,2.0,Lost
CUST-01176,1289,2,382.98,1,1,1,111,1.0,Lost
CUST-03047,1289,2,1275.36,1,1,2,112,1.33,Lost
CUST-13451,1289,3,447.97,1,1,1,111,1.0,Lost
CUST-01990,1289,3,721.58,1,1,1,111,1.0,Lost
CUST-13153,1287,2,167.65,1,1,1,111,1.0,Lost
CUST-06378,1286,2,574.15,1,1,1,111,1.0,Lost
CUST-03977,1285,2,361.89,1,1,1,111,1.0,Lost
CUST-08639,1285,2,427.06,1,1,1,111,1.0,Lost
CUST-09373,1284,2,222.56,1,1,1,111,1.0,Lost
CUST-13908,1284,2,286.23,1,1,1,111,1.0,Lost
CUST-12780,1284,3,516.33,1,1,1,111,1.0,Lost
CUST-10168,1284,4,824.93,1,2,2,122,1.67,Lost
CUST-14120,1283,4,497.79,1,2,1,121,1.33,Lost
CUST-09822,1282,2,444.47,1,1,1,111,1.0,Lost
CUST-04898,1282,3,820.52,1,1,2,112,1.33,Lost
CUST-04775,1282,3,1695.8,1,2,3,123,2.0,Lost
CUST-06527,1281,7,1501.37,1,4,3,143,2.67,Loyal Customers
CUST-05492,1280,3,674.25,1,1,1,111,1.0,Lost
CUST-00389,1278,2,399.99,1,1,1,111,1.0,Lost
CUST-12632,1277,2,441.85,1,1,1,111,1.0,Lost
CUST-10128,1275,5,2268.72,1,3,4,134,2.67,At Risk
CUST-06520,1274,2,145.47,1,1,1,111,1.0,Lost
CUST-04682,1274,2,414.25,1,1,1,111,1.0,Lost
CUST-03853,1274,3,168.94,1,1,1,111,1.0,Lost
CUST-00495,1272,4,536.3,1,2,1,121,1.33,Lost
CUST-13251,1271,2,701.2,1,1,1,111,1.0,Lost
CUST-00116,1270,4,984.38,1,2,2,122,1.67,Lost
CUST-12196,1268,4,855.11,1,2,2,122,1.67,Lost
CUST-12837,1267,2,1813.55,1,1,3,113,1.67,Lost
CUST-08625,1267,3,1020.04,1,1,2,112,1.33,Lost
CUST-10732,1266,2,332.87,1,1,1,111,1.0,Lost
CUST-04826,1266,3,1422.43,1,2,3,123,2.0,Lost
CUST-13846,1265,2,205.8,1,1,1,111,1.0,Lost
CUST-04512,1265,6,894.36,1,4,2,142,2.33,Needs Attention
CUST-08586,1264,3,1915.68,1,2,3,123,2.0,Lost
CUST-02236,1262,2,163.26,1,1,1,111,1.0,Lost
CUST-11424,1262,5,886.78,1,3,2,132,2.0,Needs Attention
CUST-06604,1261,3,424.98,1,1,1,111,1.0,Lost
CUST-08074,1259,4,1976.23,1,2,3,123,2.0,Lost
CUST-03437,1258,2,468.01,1,1,1,111,1.0,Lost
CUST-14166,1258,3,652.05,1,1,1,111,1.0,Lost
CUST-11185,1258,7,3723.03,1,5,5,155,3.67,Loyal Customers
CUST-06251,1256,2,1330.13,1,1,2,112,1.33,Lost
CUST-04492,1255,3,1015.01,1,1,2,112,1.33,Lost
CUST-08526,1255,5,3032.72,1,3,5,135,3.0,At Risk
CUST-03518,1254,3,1443.37,1,2,3,123,2.0,Lost
CUST-07371,1253,3,2714.12,1,2,4,124,2.33,Lost
CUST-01617,1249,3,896.69,1,1,2,112,1.33,Lost
CUST-12356,1247,4,449.03,1,2,1,121,1.33,Lost
CUST-00271,1246,3,789.35,1,1,2,112,1.33,Lost
CUST-05137,1244,3,663.93,1,1,1,111,1.0,Lost
CUST-04726,1244,4,3181.1,1,3,5,135,3.0,At Risk
CUST-05416,1244,5,1092.01,1,3,2,132,2.0,Needs Attention
CUST-11974,1243,5,837.59,1,3,2,132,2.0,Needs Attention
CUST-09372,1242,2,1719.24,1,1,3,113,1.67,Lost
CUST-13925,1242,4,1923.69,1,2,3,123,2.0,Lost
CUST-04667,1242,4,1926.28,1,2,3,123,2.0,Lost
CUST-02786,1241,2,1513.6,1,1,3,113,1.67,Lost
CUST-02197,1241,5,4441.77,1,4,5,145,3.33,Loyal Customers
CUST-03058,1240,8,1975.33,1,5,3,153,3.0,Loyal Customers
CUST-04994,1239,5,1536.9,1,3,3,133,2.33,At Risk
CUST-09529,1236,3,534.84,1,1,1,111,1.0,Lost
CUST-02839,1235,3,418.89,1,1,1,111,1.0,Lost
CUST-00793,1234,2,209.59,1,1,1,111,1.0,Lost
CUST-06413,1233,4,1533.06,1,2,3,123,2.0,Lost
CUST-05050,1232,5,1091.87,1,3,2,132,2.0,Needs Attention
CUST-10970,1231,4,371.07,1,2,1,121,1.33,Lost
CUST-07310,1230,2,365.58,1,1,1,111,1.0,Lost
CUST-10274,1230,3,360.36,1,1,1,111,1.0,Lost
CUST-10902,1230,3,1463.15,1,2,3,123,2.0,Lost
CUST-11450,1230,8,3296.05,1,5,5,155,3.67,Loyal Customers
CUST-12003,1229,3,3211.2,1,2,5,125,2.67,Lost
CUST-03499,1228,3,2807.87,1,2,4,124,2.33,Lost
CUST-12115,1228,5,1712.63,1,3,3,133,2.33,At Risk
CUST-14987,1226,2,761.53,1,1,2,112,1.33,Lost
CUST-13888,1225,2,1199.53,1,1,2,112,1.33,Lost
CUST-00845,1225,5,684.25,1,3,1,131,1.67,Needs Attention
CUST-06165,1221,2,756.53,1,1,2,112,1.33,Lost
CUST-12025,1221,2,1524.45,1,1,3,113,1.67,Lost
CUST-11188,1221,3,2449.15,1,2,4,124,2.33,Lost
CUST-09199,1221,7,4096.03,1,5,5,155,3.67,Loyal Customers
CUST-02350,1219,3,356.23,1,1,1,111,1.0,Lost
CUST-14805,1218,2,730.31,1,1,1,111,1.0,Lost
CUST-03930,1217,5,810.2,1,3,2,132,2.0,Needs Attention
CUST-13289,1214,3,2705.11,1,2,4,124,2.33,Lost
CUST-00208,1212,2,1985.99,1,1,3,113,1.67,Lost
CUST-08159,1211,2,97.89,1,1,1,111,1.0,Lost
CUST-10365,1208,2,227.1,1,1,1,111,1.0,Lost
CUST-03989,1208,3,299.18,1,1,1,111,1.0,Lost
CUST-08423,1208,10,7149.05,1,5,5,155,3.67,Loyal Customers
CUST-10500,1206,3,2720.21,1,2,4,124,2.33,Lost
CUST-03588,1206,5,1198.07,1,3,2,132,2.0,Needs Attention
CUST-12934,1206,7,3510.37,1,5,5,155,3.67,Loyal Customers
CUST-06578,1205,2,677.78,1,1,1,111,1.0,Lost
CUST-14928,1203,2,217.17,1,1,1,111,1.0,Lost
CUST-09771,1203,2,370.0,1,1,1,111,1.0,Lost
CUST-01107,1203,6,1774.89,1,4,3,143,2.67,Loyal Customers
CUST-08552,1201,2,273.8,1,1,1,111,1.0,Lost
CUST-02315,1201,3,340.2,1,1,1,111,1.0,Lost
CUST-13783,1201,4,374.63,1,2,1,121,1.33,Lost
CUST-08177,1201,6,2026.47,1,4,3,143,2.67,Loyal Customers
CUST-13933,1200,3,862.46,1,1,2,112,1.33,Lost
CUST-01383,1199,2,431.6,1,1,1,111,1.0,Lost
CUST-08266,1194,2,949.1,1,1,2,112,1.33,Lost
CUST-06230,1193,3,703.68,1,1,1,111,1.0,Lost
CUST-02331,1193,3,844.8,1,1,2,112,1.33,Lost
CUST-02218,1193,3,947.26,1,1,2,112,1.33,Lost
CUST-04078,1193,3,2103.48,1,2,4,124,2.33,Lost
CUST-04493,1193,5,968.37,1,3,2,132,2.0,Needs Attention
CUST-14822,1193,5,3746.95,1,4,5,145,3.33,Loyal Customers
CUST-03357,1192,3,1180.08,1,2,2,122,1.67,Lost
CUST-09602,1191,5,1575.35,1,3,3,133,2.33,At Risk
CUST-00717,1190,2,641.41,1,1,1,111,1.0,Lost
CUST-12711,1190,2,1234.86,1,1,2,112,1.33,Lost
CUST-08269,1190,4,388.18,1,2,1,121,1.33,Lost
CUST-04717,1189,6,1541.83,1,4,3,143,2.67,Loyal Customers
CUST-00035,1188,7,3567.41,1,5,5,155,3.67,Loyal Customers
CUST-01757,1187,2,389.05,1,1,1,111,1.0,Lost
CUST-00750,1187,4,1833.04,1,2,3,123,2.0,Lost
CUST-00090,1186,2,479.04,1,1,1,111,1.0,Lost
CUST-07865,1186,2,785.52,1,1,2,112,1.33,Lost
CUST-07471,1185,2,457.53,1,1,1,111,1.0,Lost
CUST-04612,1185,2,894.28,1,1,2,112,1.33,Lost
CUST-02194,1183,2,2537.27,1,1,4,114,2.0,Lost
CUST-11666,1183,4,674.11,1,2,1,121,1.33,Lost
CUST-01019,1183,4,1463.62,1,2,3,123,2.0,Lost
CUST-11777,1181,2,689.95,1,1,1,111,1.0,Lost
CUST-07967,1181,3,257.73,1,1,1,111,1.0,Lost
CUST-07077,1181,4,1739.66,1,2,3,123,2.0,Lost
CUST-12527,1180,3,466.85,1,1,1,111,1.0,Lost
CUST-01734,1178,4,4845.11,1,3,5,135,3.0,At Risk
CUST-08513,1177,4,756.96,1,2,2,122,1.67,Lost
CUST-06905,1176,5,575.84,1,3,1,131,1.67,Needs Attention
CUST-04836,1175,2,339.26,1,1,1,111,1.0,Lost
CUST-09908,1174,2,482.32,1,1,1,111,1.0,Lost
CUST-06811,1174,3,2800.53,1,2,4,124,2.33,Lost
CUST-09444,1172,4,3432.56,1,3,5,135,3.0,At Risk
CUST-09149,1171,3,487.46,1,1,1,111,1.0,Lost
CUST-07644,1170,2,215.13,1,1,1,111,1.0,Lost
CUST-01808,1170,2,1088.63,1,1,2,112,1.33,Lost
CUST-05204,1169,4,1682.73,1,2,3,123,2.0,Lost
CUST-05017,1168,4,2232.06,1,2,4,124,2.33,Lost
CUST-10744,1168,5,3471.11,1,3,5,135,3.0,At Risk
CUST-04336,1167,2,846.34,1,1,2,112,1.33,Lost
CUST-07677,1165,2,258.88,1,1,1,111,1.0,Lost
CUST-03406,1165,2,561.28,1,1,1,111,1.0,Lost
CUST-00480,1165,4,2113.5,1,2,4,124,2.33,Lost
CUST-04772,1165,5,1314.98,1,3,2,132,2.0,Needs Attention
CUST-12500,1164,3,2842.96,1,2,4,124,2.33,Lost
CUST-09948,1164,5,3049.77,1,3,5,135,3.0,At Risk
CUST-03782,1163,7,3758.89,1,5,5,155,3.67,Loyal Customers
CUST-07089,1162,6,3678.09,1,4,5,145,3.33,Loyal Customers
CUST-02653,1161,2,1168.0,1,1,2,112,1.33,Lost
CUST-07705,1161,4,1138.48,1,2,2,122,1.67,Lost
CUST-08657,1158,3,216.17,1,1,1,111,1.0,Lost
CUST-06793,1157,2,166.59,1,1,1,111,1.0,Lost
CUST-09338,1157,3,1209.27,1,2,2,122,1.67,Lost
CUST-10826,1157,4,3075.3,1,3,5,135,3.0,At Risk
CUST-11114,1156,2,628.71,1,1,1,111,1.0,Lost
CUST-02792,1156,4,1142.98,1,2,2,122,1.67,Lost
CUST-14543,1155,3,1604.82,1,2,3,123,2.0,Lost
CUST-14485,1154,4,652.57,1,2,1,121,1.33,Lost
CUST-00424,1152,2,1464.27,1,1,3,113,1.67,Lost
CUST-07858,1152,3,964.39,1,1,2,112,1.33,Lost
CUST-01868,1152,4,928.23,1,2,2,122,1.67,Lost
CUST-13834,1151,2,609.55,1,1,1,111,1.0,Lost
CUST-11709,1151,4,736.32,1,2,1,121,1.33,Lost
CUST-12348,1151,5,2749.09,1,3,4,134,2.67,At Risk
CUST-13837,1150,6,3969.71,1,4,5,145,3.33,Loyal Customers
CUST-03320,1149,2,134.29,1,1,1,111,1.0,Lost
CUST-08091,1149,5,1699.09,1,3,3,133,2.33,At Risk
CUST-10528,1148,3,1125.99,1,2,2,122,1.67,Lost
CUST-14477,1148,4,995.83,1,2,2,122,1.67,Lost
CUST-05733,1147,2,103.24,1,1,1,111,1.0,Lost
CUST-09077,1147,2,433.41,1,1,1,111,1.0,Lost
CUST-01196,1147,6,2202.07,1,4,4,144,3.0,Loyal Customers
CUST-09009,1145,6,1519.94,1,4,3,143,2.67,Loyal Customers
CUST-05383,1144,4,1475.41,1,2,3,123,2.0,Lost
CUST-00101,1144,7,3004.32,1,5,5,155,3.67,Loyal Customers
CUST-04464,1143,2,511.57,1,1,1,111,1.0,Lost
CUST-08713,1143,3,2494.13,1,2,4,124,2.33,Lost
CUST-04037,1142,7,1937.08,1,4,3,143,2.67,Loyal Customers
CUST-13045,1141,2,673.53,1,1,1,111,1.0,Lost
CUST-13716,1141,4,502.16,1,2,1,121,1.33,Lost
CUST-08088,1141,5,1328.63,1,3,2,132,2.0,Needs Attention
CUST-03308,1140,2,1314.2,1,1,2,112,1.33,Lost
CUST-11935,1140,6,1578.94,1,4,3,143,2.67,Loyal Customers
CUST-07910,1139,3,253.44,1,1,1,111,1.0,Lost
CUST-14288,1139,4,2605.01,1,3,4,134,2.67,At Risk
CUST-14900,1139,5,1366.33,1,3,2,132,2.0,Needs Attention
CUST-02849,1138,5,868.41,1,3,2,132,2.0,Needs Attention
CUST-01053,1137,2,1009.08,1,1,2,112,1.33,Lost
CUST-01083,1136,7,4361.34,1,5,5,155,3.67,Loyal Customers
CUST-08075,1135,2,108.83,1,1,1,111,1.0,Lost
CUST-01550,1133,2,514.29,1,1,1,111,1.0,Lost
CUST-12703,1133,2,1924.34,1,1,3,113,1.67,Lost
CUST-08794,1133,3,302.25,1,1,1,111,1.0,Lost
CUST-05019,1132,2,205.54,1,1,1,111,1.0,Lost
CUST-08353,1131,4,1408.33,1,2,3,123,2.0,Lost
CUST-07822,1131,5,2303.44,1,3,4,134,2.67,At Risk
CUST-11568,1130,3,1106.82,1,2,2,122,1.67,Lost
CUST-09304,1130,5,2349.3,1,3,4,134,2.67,At Risk
CUST-10446,1130,8,2868.03,1,5,4,154,3.33,Loyal Customers
CUST-03319,1129,2,555.04,1,1,1,111,1.0,Lost
CUST-04618,1128,3,954.54,1,1,2,112,1.33,Lost
CUST-03728,1127,3,3402.8,1,2,5,125,2.67,Lost
CUST-05132,1126,2,1225.97,1,1,2,112,1.33,Lost
CUST-09181,1126,4,2800.55,1,3,4,134,2.67,At Risk
CUST-05774,1125,4,1284.05,1,2,2,122,1.67,Lost
CUST-03265,1125,5,994.38,1,3,2,132,2.0,Needs Attention
CUST-01464,1124,2,95.66,1,1,1,111,1.0,Lost
CUST-14098,1124,2,290.69,1,1,1,111,1.0,Lost
CUST-03593,1124,2,772.8,1,1,2,112,1.33,Lost
CUST-06948,1124,6,2137.22,1,4,4,144,3.0,Loyal Customers
CUST-11461,1123,4,958.82,1,2,2,122,1.67,Lost
CUST-06622,1122,4,632.9,1,2,1,121,1.33,Lost
CUST-12032,1121,3,481.55,1,1,1,111,1.0,Lost
CUST-13199,1120,4,2277.8,1,2,4,124,2.33,Lost
CUST-13330,1118,2,231.28,1,1,1,111,1.0,Lost
CUST-06240,1118,3,1230.59,1,2,2,122,1.67,Lost
CUST-10149,1117,6,4572.14,1,4,5,145,3.33,Loyal Customers
CUST-07211,1115,5,479.03,1,3,1,131,1.67,Needs Attention
CUST-12625,1115,5,780.76,1,3,2,132,2.0,Needs Attention
CUST-11905,1115,5,1071.36,1,3,2,132,2.0,Needs Attention
CUST-10889,1114,2,2117.39,1,1,4,114,2.0,Lost
CUST-13616,1114,3,723.55,1,1,1,111,1.0,Lost
CUST-03338,1114,5,1566.2,1,3,3,133,2.33,At Risk
CUST-14886,1113,6,1479.8,1,4,3,143,2.67,Loyal Customers
CUST-09554,1112,2,440.83,1,1,1,111,1.0,Lost
CUST-01186,1111,3,555.18,1,1,1,111,1.0,Lost
CUST-01662,1111,3,1602.54,1,2,3,123,2.0,Lost
CUST-14591,1111,4,1148.88,1,2,2,122,1.67,Lost
CUST-09171,1111,6,1847.75,1,4,3,143,2.67,Loyal Customers
CUST-11896,1108,2,370.33,1,1,1,111,1.0,Lost
CUST-04361,1107,2,252.9,1,1,1,111,1.0,Lost
CUST-11325,1107,2,451.74,1,1,1,111,1.0,Lost
CUST-06055,1107,3,482.2,1,1,1,111,1.0,Lost
CUST-09784,1107,4,490.9,1,2,1,121,1.33,Lost
CUST-00172,1106,2,873.44,1,1,2,112,1.33,Lost
CUST-12201,1104,2,1569.31,1,1,3,113,1.67,Lost
CUST-10554,1104,5,3997.61,1,4,5,145,3.33,Loyal Customers
CUST-07875,1103,4,834.35,1,2,2,122,1.67,Lost
CUST-07231,1103,5,825.01,1,3,2,132,2.0,Needs Attention
CUST-07506,1103,7,1143.45,1,4,2,142,2.33,Needs Attention
CUST-02701,1102,5,2412.1,1,3,4,134,2.67,At Risk
CUST-00178,1102,6,2280.34,1,4,4,144,3.0,Loyal Customers
CUST-05619,1101,3,1631.68,1,2,3,123,2.0,Lost
CUST-01316,1100,4,799.25,1,2,2,122,1.67,Lost
CUST-05870,1100,5,1806.6,1,3,3,133,2.33,At Risk
CUST-14029,1099,3,271.15,1,1,1,111,1.0,Lost
CUST-05185,1098,3,196.37,1,1,1,111,1.0,Lost
CUST-14583,1098,5,1198.65,1,3,2,132,2.0,Needs Attention
CUST-02575,1098,5,1702.88,1,3,3,133,2.33,At Risk
CUST-13950,1098,9,2408.18,1,5,4,154,3.33,Loyal Customers
CUST-05560,1097,2,361.26,1,1,1,111,1.0,Lost
CUST-12517,1097,2,386.19,1,1,1,111,1.0,Lost
CUST-07662,1097,3,1028.28,1,1,2,112,1.33,Lost
CUST-12992,1097,4,2025.63,1,2,3,123,2.0,Lost
CUST-04609,1097,8,4983.1,1,5,5,155,3.67,Loyal Customers
CUST-11217,1096,2,387.34,1,1,1,111,1.0,Lost
CUST-14181,1096,3,1726.51,1,2,3,123,2.0,Lost
CUST-13163,1095,2,898.57,1,1,2,112,1.33,Lost
CUST-05520,1095,6,876.13,1,4,2,142,2.33,Needs Attention
CUST-14676,1094,3,913.5,1,1,2,112,1.33,Lost
CUST-10852,1093,2,988.01,1,1,2,112,1.33,Lost
CUST-07720,1093,4,1559.3,1,2,3,123,2.0,Lost
CUST-01450,1092,2,668.95,1,1,1,111,1.0,Lost
CUST-04351,1092,4,640.24,1,2,1,121,1.33,Lost
CUST-14466,1091,3,982.02,1,1,2,112,1.33,Lost
CUST-06773,1090,2,1473.29,1,1,3,113,1.67,Lost
CUST-06652,1090,5,1537.82,1,3,3,133,2.33,At Risk
CUST-13523,1090,6,5274.93,1,4,5,145,3.33,Loyal Customers
CUST-13331,1089,3,745.37,1,1,1,111,1.0,Lost
CUST-00673,1088,2,622.12,1,1,1,111,1.0,Lost
CUST-04080,1088,6,1226.57,1,4,2,142,2.33,Needs Attention
CUST-03617,1087,4,577.22,1,2,1,121,1.33,Lost
CUST-07123,1086,4,1546.75,1,2,3,123,2.0,Lost
CUST-07826,1085,4,943.53,1,2,2,122,1.67,Lost
CUST-13049,1085,4,1309.12,1,2,2,122,1.67,Lost
CUST-05252,1085,5,3211.88,1,3,5,135,3.0,At Risk
CUST-01290,1084,4,865.95,1,2,2,122,1.67,Lost
CUST-12483,1084,6,2359.16,1,4,4,144,3.0,Loyal Customers
CUST-13486,1083,5,4587.86,1,4,5,145,3.33,Loyal Customers
CUST-00890,1082,3,367.52,1,1,1,111,1.0,Lost
CUST-05350,1080,2,859.43,1,1,2,112,1.33,Lost
CUST-11916,1080,7,2676.09,1,5,4,154,3.33,Loyal Customers
CUST-11841,1078,2,57.05,1,1,1,111,1.0,Lost
CUST-14254,1078,2,229.35,1,1,1,111,1.0,Lost
CUST-11056,1078,2,488.04,1,1,1,111,1.0,Lost
CUST-11693,1078,2,559.8,1,1,1,111,1.0,Lost
CUST-04168,1078,2,881.55,1,1,2,112,1.33,Lost
CUST-09562,1077,4,1102.49,1,2,2,122,1.67,Lost
CUST-10088,1076,2,1349.91,1,1,2,112,1.33,Lost
CUST-11123,1076,3,540.43,1,1,1,111,1.0,Lost
CUST-01852,1075,2,698.74,1,1,1,111,1.0,Lost
CUST-00609,1075,3,497.94,1,1,1,111,1.0,Lost
CUST-09415,1075,3,1131.13,1,2,2,122,1.67,Lost
CUST-05521,1075,4,650.0,1,2,1,121,1.33,Lost
CUST-11961,1075,5,2140.5,1,3,4,134,2.67,At Risk
CUST-02107,1074,2,433.58,1,1,1,111,1.0,Lost
CUST-09967,1074,3,3885.26,1,2,5,125,2.67,Lost
CUST-08220,1074,10,2538.68,1,5,4,154,3.33,Loyal Customers
CUST-09919,1072,6,2456.74,1,4,4,144,3.0,Loyal Customers
CUST-08699,1070,2,607.66,1,1,1,111,1.0,Lost
CUST-00217,1070,2,864.35,1,1,2,112,1.33,Lost
CUST-07299,1070,3,2706.72,1,2,4,124,2.33,Lost
CUST-04617,1070,4,822.46,1,2,2,122,1.67,Lost
CUST-12456,1068,2,254.92,1,1,1,111,1.0,Lost
CUST-08757,1068,4,1610.26,1,2,3,123,2.0,Lost
CUST-12891,1067,2,1713.32,1,1,3,113,1.67,Lost
CUST-08725,1067,3,1570.96,1,2,3,123,2.0,Lost
CUST-12834,1066,2,1299.42,1,1,2,112,1.33,Lost
CUST-00779,1066,3,2069.47,1,2,3,123,2.0,Lost
CUST-08171,1066,6,2119.84,1,4,4,144,3.0,Loyal Customers
CUST-09691,1064,2,360.98,1,1,1,111,1.0,Lost
CUST-04890,1063,4,600.68,1,2,1,121,1.33,Lost
CUST-14283,1062,2,492.51,1,1,1,111,1.0,Lost
CUST-01500,1062,4,3269.19,1,3,5,135,3.0,At Risk
CUST-01945,1060,2,577.16,1,1,1,111,1.0,Lost
CUST-01007,1060,5,2288.38,1,3,4,134,2.67,At Risk
CUST-12023,1059,4,3057.81,1,3,5,135,3.0,At Risk
CUST-04729,1057,2,425.81,1,1,1,111,1.0,Lost
CUST-03515,1057,3,1592.16,1,2,3,123,2.0,Lost
CUST-11858,1056,2,553.78,1,1,1,111,1.0,Lost
CUST-01259,1055,5,2447.56,1,3,4,134,2.67,At Risk
CUST-11368,1054,2,305.91,1,1,1,111,1.0,Lost
CUST-02473,1054,2,1491.76,1,1,3,113,1.67,Lost
CUST-12880,1054,5,2342.09,1,3,4,134,2.67,At Risk
CUST-11501,1054,8,2100.53,1,5,4,154,3.33,Loyal Customers
CUST-00829,1053,4,2907.95,1,3,4,134,2.67,At Risk
CUST-09419,1052,2,1275.78,1,1,2,112,1.33,Lost
CUST-01011,1052,4,1056.82,1,2,2,122,1.67,Lost
CUST-02979,1052,5,3497.29,1,3,5,135,3.0,At Risk
CUST-04635,1051,2,358.81,1,1,1,111,1.0,Lost
CUST-11674,1051,3,501.58,1,1,1,111,1.0,Lost
CUST-01514,1049,2,331.81,1,1,1,111,1.0,Lost
CUST-13499,1049,2,964.23,1,1,2,112,1.33,Lost
CUST-11027,1049,2,1616.14,1,1,3,113,1.67,Lost
CUST-12900,1049,3,273.66,1,1,1,111,1.0,Lost
CUST-08523,1049,6,2492.84,1,4,4,144,3.0,Loyal Customers
CUST-06447,1048,2,538.32,1,1,1,111,1.0,Lost
CUST-06285,1048,2,561.31,1,1,1,111,1.0,Lost
CUST-07659,1048,3,653.27,1,1,1,111,1.0,Lost
CUST-10272,1046,2,64.3,1,1,1,111,1.0,Lost
CUST-11682,1046,6,813.07,1,4,2,142,2.33,Needs Attention
CUST-11306,1045,5,1105.52,1,3,2,132,2.0,Needs Attention
CUST-11480,1044,2,237.3,1,1,1,111,1.0,Lost
CUST-09903,1043,5,2534.69,1,3,4,134,2.67,At Risk
CUST-01702,1042,2,159.71,1,1,1,111,1.0,Lost
CUST-11836,1042,2,1271.11,1,1,2,112,1.33,Lost
CUST-02388,1041,3,413.1,1,1,1,111,1.0,Lost
CUST-08521,1040,8,1433.94,1,5,3,153,3.0,Loyal Customers
CUST-11635,1039,5,1380.55,1,3,2,132,2.0,Needs Attention
CUST-07804,1039,6,4327.42,1,4,5,145,3.33,Loyal Customers
CUST-00067,1038,3,1051.3,1,1,2,112,1.33,Lost
CUST-05960,1037,2,290.49,1,1,1,111,1.0,Lost
CUST-14190,1037,2,356.3,1,1,1,111,1.0,Lost
CUST-05934,1037,2,913.94,1,1,2,112,1.33,Lost
CUST-11214,1037,2,1172.68,1,1,2,112,1.33,Lost
CUST-06848,1037,4,660.14,1,2,1,121,1.33,Lost
CUST-09727,1036,4,1707.05,1,2,3,123,2.0,Lost
CUST-04574,1035,2,93.03,1,1,1,111,1.0,Lost
CUST-10477,1035,2,1591.81,1,1,3,113,1.67,Lost
CUST-10742,1034,2,904.39,1,1,2,112,1.33,Lost
CUST-08282,1033,3,1441.91,1,2,3,123,2.0,Lost
CUST-13074,1032,2,363.28,1,1,1,111,1.0,Lost
CUST-13498,1031,2,386.28,1,1,1,111,1.0,Lost
CUST-11464,1030,2,417.54,1,1,1,111,1.0,Lost
CUST-12170,1030,4,698.62,1,2,1,121,1.33,Lost
CUST-05980,1029,3,2059.05,1,2,3,123,2.0,Lost
CUST-02821,1029,6,2611.28,1,4,4,144,3.0,Loyal Customers
CUST-14480,1028,2,2259.42,1,1,4,114,2.0,Lost
CUST-10216,1028,5,1347.37,1,3,2,132,2.0,Needs Attention
CUST-12800,1028,7,3964.61,1,5,5,155,3.67,Loyal Customers
CUST-09736,1027,2,136.62,1,1,1,111,1.0,Lost
CUST-00582,1027,4,362.64,1,2,1,121,1.33,Lost
CUST-08804,1026,4,1726.61,1,2,3,123,2.0,Lost
CUST-00894,1026,6,2760.93,1,4,4,144,3.0,Loyal Customers
CUST-14364,1025,2,451.77,1,1,1,111,1.0,Lost
CUST-06498,1024,2,152.2,1,1,1,111,1.0,Lost
CUST-01957,1024,2,457.2,1,1,1,111,1.0,Lost
CUST-06370,1023,3,1109.66,1,2,2,122,1.67,Lost
CUST-12150,1023,3,1682.99,1,2,3,123,2.0,Lost
CUST-00891,1022,2,315.88,1,1,1,111,1.0,Lost
CUST-06396,1022,3,2307.46,1,2,4,124,2.33,Lost
CUST-02366,1022,6,1798.31,1,4,3,143,2.67,Loyal Customers
CUST-05576,1021,4,174.15,1,2,1,121,1.33,Lost
CUST-14146,1021,5,2296.41,1,3,4,134,2.67,At Risk
CUST-05156,1021,6,1362.8,1,4,2,142,2.33,Needs Attention
CUST-07207,1020,3,584.24,1,1,1,111,1.0,Lost
CUST-06726,1020,4,1760.81,1,2,3,123,2.0,Lost
CUST-09461,1019,2,2347.07,1,1,4,114,2.0,Lost
CUST-10741,1019,3,520.81,1,1,1,111,1.0,Lost
CUST-06235,1019,7,2301.91,1,5,4,154,3.33,Loyal Customers
CUST-06687,1018,2,196.41,1,1,1,111,1.0,Lost
CUST-10604,1017,3,1172.95,1,2,2,122,1.67,Lost
CUST-04801,1015,2,330.09,1,1,1,111,1.0,Lost
CUST-00607,1015,5,1411.41,1,3,3,133,2.33,At Risk
CUST-07102,1015,5,2876.11,1,3,4,134,2.67,At Risk
CUST-14703,1014,3,690.68,1,1,1,111,1.0,Lost
CUST-07106,1014,4,2861.9,1,3,4,134,2.67,At Risk
CUST-05077,1014,6,1454.72,1,4,3,143,2.67,Loyal Customers
CUST-12770,1013,2,1224.72,1,1,2,112,1.33,Lost
CUST-14145,1013,2,2166.46,1,1,4,114,2.0,Lost
CUST-14310,1013,4,1962.41,1,2,3,123,2.0,Lost
CUST-00015,1012,3,709.4,1,1,1,111,1.0,Lost
CUST-08715,1012,5,1152.02,1,3,2,132,2.0,Needs Attention
CUST-10302,1011,3,1065.0,1,1,2,112,1.33,Lost
CUST-13931,1011,4,747.56,1,2,1,121,1.33,Lost
CUST-00651,1010,3,418.39,1,1,1,111,1.0,Lost
CUST-00143,1010,4,1503.65,1,2,3,123,2.0,Lost
CUST-07208,1010,6,1380.52,1,4,2,142,2.33,Needs Attention
CUST-03928,1010,7,1897.21,1,4,3,143,2.67,Loyal Customers
CUST-03164,1009,2,229.92,1,1,1,111,1.0,Lost
CUST-07887,1009,2,570.79,1,1,1,111,1.0,Lost
CUST-03531,1009,4,662.41,1,2,1,121,1.33,Lost
CUST-03569,1008,2,477.95,1,1,1,111,1.0,Lost
CUST-01014,1007,2,2313.72,1,1,4,114,2.0,Lost
CUST-11443,1006,2,1789.92,1,1,3,113,1.67,Lost
CUST-07051,1006,4,3972.52,1,3,5,135,3.0,At Risk
CUST-03649,1005,2,183.35,1,1,1,111,1.0,Lost
CUST-14681,1005,2,1260.23,1,1,2,112,1.33,Lost
CUST-02680,1005,5,2712.22,1,3,4,134,2.67,At Risk
CUST-07316,1004,3,2199.71,1,2,4,124,2.33,Lost
CUST-04371,1004,4,1842.47,1,2,3,123,2.0,Lost
CUST-03344,1004,5,3223.12,1,3,5,135,3.0,At Risk
CUST-07696,1004,7,1648.45,1,4,3,143,2.67,Loyal Customers
CUST-10853,1003,3,1520.89,1,2,3,123,2.0,Lost
CUST-02228,1003,4,572.52,1,2,1,121,1.33,Lost
CUST-00932,1003,4,1560.84,1,2,3,123,2.0,Lost
CUST-13214,1003,4,2811.91,1,3,4,134,2.67,At Risk
CUST-10508,1002,2,190.51,1,1,1,111,1.0,Lost
CUST-08141,1002,4,621.36,1,2,1,121,1.33,Lost
CUST-13116,1000,7,1933.89,1,4,3,143,2.67,Loyal Customers
CUST-04992,999,2,775.68,1,1,2,112,1.33,Lost
CUST-12670,999,3,268.7,1,1,1,111,1.0,Lost
CUST-14439,998,4,725.86,1,2,1,121,1.33,Lost
CUST-11087,996,2,608.85,1,1,1,111,1.0,Lost
CUST-01355,996,4,590.8,1,2,1,121,1.33,Lost
CUST-11139,995,4,1676.09,1,2,3,123,2.0,Lost
CUST-02970,994,4,618.4,1,2,1,121,1.33,Lost
CUST-00021,993,2,374.72,1,1,1,111,1.0,Lost
CUST-04280,992,3,1025.6,1,1,2,112,1.33,Lost
CUST-11104,991,2,347.33,1,1,1,111,1.0,Lost
CUST-14598,991,4,1012.6,1,2,2,122,1.67,Lost
CUST-00009,991,5,359.85,1,3,1,131,1.67,Needs Attention
CUST-03618,990,2,1666.65,1,1,3,113,1.67,Lost
CUST-07115,989,5,1951.01,1,3,3,133,2.33,At Risk
CUST-10974,987,2,547.43,1,1,1,111,1.0,Lost
CUST-01502,987,2,2355.54,1,1,4,114,2.0,Lost
CUST-08402,986,3,1907.66,1,2,3,123,2.0,Lost
CUST-00733,986,4,2741.1,1,3,4,134,2.67,At Risk
CUST-10630,986,6,2641.66,1,4,4,144,3.0,Loyal Customers
CUST-02537,985,2,129.44,1,1,1,111,1.0,Lost
CUST-11473,985,2,485.73,1,1,1,111,1.0,Lost
CUST-12471,985,6,2309.14,1,4,4,144,3.0,Loyal Customers
CUST-01430,984,2,310.63,1,1,1,111,1.0,Lost
CUST-08339,984,2,413.44,1,1,1,111,1.0,Lost
CUST-07548,983,2,294.73,1,1,1,111,1.0,Lost
CUST-00851,982,2,974.58,1,1,2,112,1.33,Lost
CUST-05001,981,4,674.48,1,2,1,121,1.33,Lost
CUST-11595,980,5,2420.05,1,3,4,134,2.67,At Risk
CUST-02624,979,7,1968.04,1,4,3,143,2.67,Loyal Customers
CUST-05433,977,2,415.02,1,1,1,111,1.0,Lost
CUST-08467,977,2,766.09,1,1,2,112,1.33,Lost
CUST-04450,977,3,1169.53,1,2,2,122,1.67,Lost
CUST-12731,977,3,1879.02,1,2,3,123,2.0,Lost
CUST-12588,977,7,3144.71,1,5,5,155,3.67,Loyal Customers
CUST-06714,975,6,1792.66,1,4,3,143,2.67,Loyal Customers
CUST-06308,974,4,1323.06,1,2,2,122,1.67,Lost
CUST-11148,973,3,2737.41,1,2,4,124,2.33,Lost
CUST-01966,972,3,723.27,1,1,1,111,1.0,Lost
CUST-08377,971,2,274.61,1,1,1,111,1.0,Lost
CUST-12712,971,6,2712.16,1,4,4,144,3.0,Loyal Customers
CUST-11965,970,5,2476.74,1,3,4,134,2.67,At Risk
CUST-04701,970,5,4370.01,1,4,5,145,3.33,Loyal Customers
CUST-09356,969,4,1074.55,1,2,2,122,1.67,Lost
CUST-09086,968,2,730.49,1,1,1,111,1.0,Lost
CUST-06197,968,3,442.01,1,1,1,111,1.0,Lost
CUST-13092,967,4,1967.44,1,2,3,123,2.0,Lost
CUST-10645,967,5,1803.57,1,3,3,133,2.33,At Risk
CUST-14632,966,2,362.88,1,1,1,111,1.0,Lost
CUST-03233,966,5,1311.55,1,3,2,132,2.0,Needs Attention
CUST-05674,965,2,2149.64,1,1,4,114,2.0,Lost
CUST-07304,964,2,360.97,1,1,1,111,1.0,Lost
CUST-04794,964,2,1253.28,1,1,2,112,1.33,Lost
CUST-08207,964,3,626.43,1,1,1,111,1.0,Lost
CUST-03275,963,2,632.42,1,1,1,111,1.0,Lost
CUST-00968,963,3,302.97,1,1,1,111,1.0,Lost
CUST-00524,963,4,387.13,1,2,1,121,1.33,Lost
CUST-13482,960,2,498.44,1,1,1,111,1.0,Lost
CUST-06795,960,4,1796.29,1,2,3,123,2.0,Lost
CUST-00619,959,2,211.89,1,1,1,111,1.0,Lost
CUST-00163,959,4,4018.71,1,3,5,135,3.0,At Risk
CUST-13338,958,3,2729.99,1,2,4,124,2.33,Lost
CUST-13613,958,3,3156.34,1,2,5,125,2.67,Lost
CUST-03873,958,4,1942.53,1,2,3,123,2.0,Lost
CUST-05305,957,4,1732.2,1,2,3,123,2.0,Lost
CUST-12234,956,2,340.52,1,1,1,111,1.0,Lost
CUST-12532,955,2,1394.32,1,1,3,113,1.67,Lost
CUST-10352,955,3,774.39,1,1,2,112,1.33,Lost
CUST-01593,955,5,1532.5,1,3,3,133,2.33,At Risk
CUST-01516,954,2,169.92,1,1,1,111,1.0,Lost
CUST-06361,954,2,288.79,1,1,1,111,1.0,Lost
CUST-05896,954,5,2532.24,1,3,4,134,2.67,At Risk
CUST-07755,953,4,574.97,1,2,1,121,1.33,Lost
CUST-08903,952,3,226.85,1,1,1,111,1.0,Lost
CUST-07406,952,3,597.65,1,1,1,111,1.0,Lost
CUST-09548,952,4,2850.86,1,3,4,134,2.67,At Risk
CUST-06902,951,3,136.5,1,1,1,111,1.0,Lost
CUST-09849,951,3,1753.64,1,2,3,123,2.0,Lost
CUST-06247,950,3,1582.16,1,2,3,123,2.0,Lost
CUST-10327,950,5,556.58,1,3,1,131,1.67,Needs Attention
CUST-02723,949,3,411.56,1,1,1,111,1.0,Lost
CUST-04245,949,6,1058.2,1,4,2,142,2.33,Needs Attention
CUST-12839,948,2,276.05,1,1,1,111,1.0,Lost
CUST-08569,948,3,746.25,1,1,1,111,1.0,Lost
CUST-08783,948,3,825.01,1,1,2,112,1.33,Lost
CUST-01676,948,6,1857.04,1,4,3,143,2.67,Loyal Customers
CUST-09980,948,6,5979.7,1,4,5,145,3.33,Loyal Customers
CUST-11319,948,8,3723.77,1,5,5,155,3.67,Loyal Customers
CUST-13805,947,2,414.21,1,1,1,111,1.0,Lost
CUST-06074,947,2,1818.31,1,1,3,113,1.67,Lost
CUST-11519,947,5,4496.18,1,4,5,145,3.33,Loyal Customers
CUST-07289,946,3,759.29,1,1,2,112,1.33,Lost
CUST-04075,946,3,1015.19,1,1,2,112,1.33,Lost
CUST-05605,945,2,290.46,1,1,1,111,1.0,Lost
CUST-14458,945,2,913.28,1,1,2,112,1.33,Lost
CUST-11611,945,6,3511.83,1,4,5,145,3.33,Loyal Customers
CUST-12244,944,3,3343.39,1,2,5,125,2.67,Lost
CUST-14511,944,5,1265.49,1,3,2,132,2.0,Needs Attention
CUST-08630,944,5,3410.95,1,3,5,135,3.0,At Risk
CUST-02021,943,3,804.24,1,1,2,112,1.33,Lost
CUST-07969,943,4,1171.26,1,2,2,122,1.67,Lost
CUST-06095,941,2,229.69,1,1,1,111,1.0,Lost
CUST-08063,941,4,1964.35,1,2,3,123,2.0,Lost
CUST-11563,940,3,1587.76,1,2,3,123,2.0,Lost
CUST-08651,940,4,1824.43,1,2,3,123,2.0,Lost
CUST-06743,940,4,2302.25,1,2,4,124,2.33,Lost
CUST-10338,937,2,257.29,1,1,1,111,1.0,Lost
CUST-04150,937,2,549.68,1,1,1,111,1.0,Lost
CUST-09520,937,5,3224.13,1,3,5,135,3.0,At Risk
CUST-14156,936,2,860.86,1,1,2,112,1.33,Lost
CUST-08607,935,2,784.51,1,1,2,112,1.33,Lost
CUST-04551,935,4,2040.62,1,2,3,123,2.0,Lost
CUST-06026,935,5,2167.1,1,3,4,134,2.67,At Risk
CUST-02040,934,2,1198.2,1,1,2,112,1.33,Lost
CUST-12026,934,6,1688.39,1,4,3,143,2.67,Loyal Customers
CUST-00643,933,4,627.34,1,2,1,121,1.33,Lost
CUST-11659,933,4,742.0,1,2,1,121,1.33,Lost
CUST-01237,932,4,1151.28,1,2,2,122,1.67,Lost
CUST-08496,932,5,2022.97,1,3,3,133,2.33,At Risk
CUST-10415,932,5,4039.2,1,4,5,145,3.33,Loyal Customers
CUST-14390,931,2,308.27,1,1,1,111,1.0,Lost
CUST-00616,931,3,1220.83,1,2,2,122,1.67,Lost
CUST-11221,931,3,1406.44,1,2,3,123,2.0,Lost
CUST-05809,931,7,3334.07,1,5,5,155,3.67,Loyal Customers
CUST-08821,930,2,708.26,1,1,1,111,1.0,Lost
CUST-04999,930,3,1727.46,1,2,3,123,2.0,Lost
CUST-11839,930,4,540.4,1,2,1,121,1.33,Lost
CUST-05187,930,6,1866.3,1,4,3,143,2.67,Loyal Customers
CUST-13959,929,2,291.07,1,1,1,111,1.0,Lost
CUST-04877,928,2,2409.64,1,1,4,114,2.0,Lost
CUST-10376,927,2,344.39,1,1,1,111,1.0,Lost
CUST-10935,927,4,461.54,1,2,1,121,1.33,Lost
CUST-00631,926,2,784.09,1,1,2,112,1.33,Lost
CUST-08105,926,2,1637.99,1,1,3,113,1.67,Lost
CUST-02860,926,4,678.17,1,2,1,121,1.33,Lost
CUST-10665,926,4,1195.64,1,2,2,122,1.67,Lost
CUST-01182,926,5,1438.32,1,3,3,133,2.33,At Risk
CUST-11507,926,6,1137.5,1,4,2,142,2.33,Needs Attention
CUST-13993,925,4,862.96,1,2,2,122,1.67,Lost
CUST-12008,925,4,1121.8,1,2,2,122,1.67,Lost
CUST-10834,925,5,1900.73,1,3,3,133,2.33,At Risk
CUST-12755,924,2,103.56,1,1,1,111,1.0,Lost
CUST-08094,924,2,133.1,1,1,1,111,1.0,Lost
CUST-10488,924,2,546.34,1,1,1,111,1.0,Lost
CUST-13059,924,3,290.87,1,1,1,111,1.0,Lost
CUST-04260,924,3,683.28,1,1,1,111,1.0,Lost
CUST-00747,923,2,1400.61,1,1,3,113,1.67,Lost
CUST-10692,923,4,690.32,1,2,1,121,1.33,Lost
CUST-00284,922,3,1640.52,1,2,3,123,2.0,Lost
CUST-04230,922,4,3021.56,1,3,5,135,3.0,At Risk
CUST-08368,922,6,1260.49,1,4,2,142,2.33,Needs Attention
CUST-02703,921,3,1281.77,1,2,2,122,1.67,Lost
CUST-11546,921,8,1493.51,1,5,3,153,3.0,Loyal Customers
CUST-04504,920,3,560.09,1,1,1,111,1.0,Lost
CUST-04324,920,3,713.25,1,1,1,111,1.0,Lost
CUST-09864,920,3,1484.77,1,2,3,123,2.0,Lost
CUST-10674,920,4,1556.35,1,2,3,123,2.0,Lost
CUST-03861,919,3,308.59,1,1,1,111,1.0,Lost
CUST-02996,919,3,498.42,1,1,1,111,1.0,Lost
CUST-00377,919,3,589.29,1,1,1,111,1.0,Lost
CUST-08762,919,5,662.77,1,3,1,131,1.67,Needs Attention
CUST-06360,918,8,1413.91,1,5,3,153,3.0,Loyal Customers
CUST-08007,917,3,917.04,1,1,2,112,1.33,Lost
CUST-01659,917,3,2167.44,1,2,4,124,2.33,Lost
CUST-09912,917,5,2526.7,1,3,4,134,2.67,At Risk
CUST-11129,916,6,1672.28,1,4,3,143,2.67,Loyal Customers
CUST-10039,915,2,236.39,1,1,1,111,1.0,Lost
CUST-08148,915,2,852.62,1,1,2,112,1.33,Lost
CUST-02856,915,7,3662.74,1,5,5,155,3.67,Loyal Customers
CUST-02227,914,2,340.5,1,1,1,111,1.0,Lost
CUST-06429,914,3,1585.98,1,2,3,123,2.0,Lost
CUST-05638,914,3,2552.06,1,2,4,124,2.33,Lost
CUST-01562,913,3,756.22,1,1,2,112,1.33,Lost
CUST-14702,913,5,2377.99,1,3,4,134,2.67,At Risk
CUST-03072,913,7,2565.95,1,5,4,154,3.33,Loyal Customers
CUST-01256,912,2,1816.29,1,1,3,113,1.67,Lost
CUST-08189,912,3,640.84,1,1,1,111,1.0,Lost
CUST-02601,912,6,1634.85,1,4,3,143,2.67,Loyal Customers
CUST-10865,911,2,747.43,1,1,1,111,1.0,Lost
CUST-13835,911,3,425.19,1,1,1,111,1.0,Lost
CUST-00534,911,3,1711.26,1,2,3,123,2.0,Lost
CUST-01365,911,4,2610.19,1,3,4,134,2.67,At Risk
CUST-10854,910,3,772.34,1,1,2,112,1.33,Lost
CUST-09024,910,4,631.61,1,2,1,121,1.33,Lost
CUST-07814,910,4,813.74,1,2,2,122,1.67,Lost
CUST-02113,910,5,2858.49,1,3,4,134,2.67,At Risk
CUST-14795,909,2,196.48,1,1,1,111,1.0,Lost
CUST-10925,909,2,452.98,1,1,1,111,1.0,Lost
CUST-13344,909,4,2021.08,1,2,3,123,2.0,Lost
CUST-12538,908,3,767.06,1,1,2,112,1.33,Lost
CUST-05677,908,4,2775.1,1,3,4,134,2.67,At Risk
CUST-14064,907,3,497.71,1,1,1,111,1.0,Lost
CUST-06053,907,3,578.53,1,1,1,111,1.0,Lost
CUST-01900,907,4,812.86,1,2,2,122,1.67,Lost
CUST-11978,906,3,850.54,1,1,2,112,1.33,Lost
CUST-07882,906,4,1444.3,1,2,3,123,2.0,Lost
CUST-02614,905,2,383.59,1,1,1,111,1.0,Lost
CUST-02292,905,5,1113.77,1,3,2,132,2.0,Needs Attention
CUST-13521,903,2,208.68,1,1,1,111,1.0,Lost
CUST-07665,902,2,285.57,1,1,1,111,1.0,Lost
CUST-04888,902,2,973.26,1,1,2,112,1.33,Lost
CUST-09842,902,2,1554.52,1,1,3,113,1.67,Lost
CUST-05272,902,3,344.91,1,1,1,111,1.0,Lost
CUST-04783,902,3,373.66,1,1,1,111,1.0,Lost
CUST-06237,901,3,545.94,1,1,1,111,1.0,Lost
CUST-05312,900,2,1495.92,1,1,3,113,1.67,Lost
CUST-03046,900,3,507.76,1,1,1,111,1.0,Lost
CUST-04916,900,3,602.47,1,1,1,111,1.0,Lost
CUST-11327,899,3,893.86,1,1,2,112,1.33,Lost
CUST-04143,899,5,2863.27,1,3,4,134,2.67,At Risk
CUST-08348,899,6,2121.58,1,4,4,144,3.0,Loyal Customers
CUST-02883,898,2,124.09,1,1,1,111,1.0,Lost
CUST-08736,898,5,2701.08,1,3,4,134,2.67,At Risk
CUST-04815,897,2,2026.1,1,1,3,113,1.67,Lost
CUST-00756,897,4,1769.01,1,2,3,123,2.0,Lost
CUST-04662,897,4,1961.38,1,2,3,123,2.0,Lost
CUST-12237,896,3,2381.33,1,2,4,124,2.33,Lost
CUST-01767,895,2,385.18,1,1,1,111,1.0,Lost
CUST-10401,895,5,778.5,1,3,2,132,2.0,Needs Attention
CUST-12282,895,7,2500.27,1,5,4,154,3.33,Loyal Customers
CUST-00421,894,4,1783.96,1,2,3,123,2.0,Lost
CUST-05917,893,7,2621.42,1,5,4,154,3.33,Loyal Customers
CUST-00757,892,2,180.85,1,1,1,111,1.0,Lost
CUST-06009,892,2,269.6,1,1,1,111,1.0,Lost
CUST-09182,892,3,1370.41,1,2,2,122,1.67,Lost
CUST-12186,892,3,2310.61,1,2,4,124,2.33,Lost
CUST-10370,891,2,437.57,1,1,1,111,1.0,Lost
CUST-08829,891,3,546.82,1,1,1,111,1.0,Lost
CUST-13062,891,4,709.06,1,2,1,121,1.33,Lost
CUST-09244,890,2,81.74,1,1,1,111,1.0,Lost
CUST-04997,890,5,2876.22,1,3,4,134,2.67,At Risk
CUST-08256,889,4,798.14,1,2,2,122,1.67,Lost
CUST-12579,889,4,1324.6,1,2,2,122,1.67,Lost
CUST-02445,889,6,1135.34,1,4,2,142,2.33,Needs Attention
CUST-14592,888,2,2175.39,1,1,4,114,2.0,Lost
CUST-05697,888,3,630.59,1,1,1,111,1.0,Lost
CUST-12120,888,4,930.57,1,2,2,122,1.67,Lost
CUST-08128,888,5,1023.73,1,3,2,132,2.0,Needs Attention
CUST-12641,888,5,2627.21,1,3,4,134,2.67,At Risk
CUST-01811,888,6,828.89,1,4,2,142,2.33,Needs Attention
CUST-08413,886,3,399.17,1,1,1,111,1.0,Lost
CUST-06852,886,3,1449.67,1,2,3,123,2.0,Lost
CUST-14871,886,3,2426.66,1,2,4,124,2.33,Lost
CUST-04791,886,5,792.7,1,3,2,132,2.0,Needs Attention
CUST-10944,885,2,638.23,1,1,1,111,1.0,Lost
CUST-06365,885,5,671.69,1,3,1,131,1.67,Needs Attention
CUST-07525,885,7,1963.27,1,4,3,143,2.67,Loyal Customers
CUST-04399,885,7,2723.7,1,5,4,154,3.33,Loyal Customers
CUST-12267,885,7,4978.34,1,5,5,155,3.67,Loyal Customers
CUST-10593,885,8,2945.67,1,5,4,154,3.33,Loyal Customers
CUST-08627,884,6,1732.15,1,4,3,143,2.67,Loyal Customers
CUST-08722,884,7,1541.89,1,4,3,143,2.67,Loyal Customers
CUST-12034,883,2,1753.4,1,1,3,113,1.67,Lost
CUST-01673,883,6,1969.59,1,4,3,143,2.67,Loyal Customers
CUST-13121,882,2,213.13,1,1,1,111,1.0,Lost
CUST-03657,882,4,1427.29,1,2,3,123,2.0,Lost
CUST-10824,881,2,774.84,1,1,2,112,1.33,Lost
CUST-01613,881,3,1064.76,1,1,2,112,1.33,Lost
CUST-04327,881,5,802.23,1,3,2,132,2.0,Needs Attention
CUST-03425,881,5,5319.78,1,4,5,145,3.33,Loyal Customers
CUST-13321,880,2,480.78,1,1,1,111,1.0,Lost
CUST-02475,880,3,1268.08,1,2,2,122,1.67,Lost
CUST-04851,880,4,1488.91,1,2,3,123,2.0,Lost
CUST-06718,880,6,2353.66,1,4,4,144,3.0,Loyal Customers
CUST-13699,878,7,1576.46,1,4,3,143,2.67,Loyal Customers
CUST-09761,876,2,172.92,1,1,1,111,1.0,Lost
CUST-04670,876,3,2322.12,1,2,4,124,2.33,Lost
CUST-03152,875,2,87.69,1,1,1,111,1.0,Lost
CUST-07305,875,2,266.96,1,1,1,111,1.0,Lost
CUST-01321,875,3,278.8,1,1,1,111,1.0,Lost
CUST-02119,875,3,845.15,1,1,2,112,1.33,Lost
CUST-04413,875,4,894.38,1,2,2,122,1.67,Lost
CUST-10455,875,8,2582.18,1,5,4,154,3.33,Loyal Customers
CUST-11231,874,2,348.15,1,1,1,111,1.0,Lost
CUST-03534,874,3,737.8,1,1,1,111,1.0,Lost
CUST-14365,874,3,3815.7,1,2,5,125,2.67,Lost
CUST-07634,874,4,779.0,1,2,2,122,1.67,Lost
CUST-09834,874,5,879.27,1,3,2,132,2.0,Needs Attention
CUST-01193,873,2,1932.22,1,1,3,113,1.67,Lost
CUST-12700,873,2,2189.04,1,1,4,114,2.0,Lost
CUST-10898,873,4,1113.29,1,2,2,122,1.67,Lost
CUST-12720,873,5,1784.53,1,3,3,133,2.33,At Risk
CUST-04016,872,2,401.7,1,1,1,111,1.0,Lost
CUST-10135,872,2,2067.71,1,1,3,113,1.67,Lost
CUST-10603,872,4,255.6,1,2,1,121,1.33,Lost
CUST-08752,872,5,472.92,1,3,1,131,1.67,Needs Attention
CUST-11753,872,5,3145.07,1,3,5,135,3.0,At Risk
CUST-03591,871,2,284.75,1,1,1,111,1.0,Lost
CUST-08937,871,3,1200.59,1,2,2,122,1.67,Lost
CUST-14232,871,4,1093.51,1,2,2,122,1.67,Lost
CUST-12521,870,3,1426.86,1,2,3,123,2.0,Lost
CUST-07408,870,9,2557.88,1,5,4,154,3.33,Loyal Customers
CUST-08636,869,3,1484.48,1,2,3,123,2.0,Lost
CUST-04529,869,6,1795.64,1,4,3,143,2.67,Loyal Customers
CUST-13444,868,2,104.27,1,1,1,111,1.0,Lost
CUST-01079,868,4,612.43,1,2,1,121,1.33,Lost
CUST-09285,868,8,1180.11,1,5,2,152,2.67,Needs Attention
CUST-10241,867,2,2129.03,1,1,4,114,2.0,Lost
CUST-02304,867,7,4706.89,1,5,5,155,3.67,Loyal Customers
CUST-12072,866,3,1012.94,1,1,2,112,1.33,Lost
CUST-03363,866,6,1018.28,1,4,2,142,2.33,Needs Attention
CUST-10621,865,2,287.03,1,1,1,111,1.0,Lost
CUST-09825,865,2,438.5,1,1,1,111,1.0,Lost
CUST-13607,865,3,288.77,1,1,1,111,1.0,Lost
CUST-00210,865,5,1102.82,1,3,2,132,2.0,Needs Attention
CUST-03749,865,5,5465.08,1,4,5,145,3.33,Loyal Customers
CUST-04441,865,8,1876.5,1,5,3,153,3.0,Loyal Customers
CUST-10325,864,2,197.4,1,1,1,111,1.0,Lost
CUST-14449,864,2,993.27,1,1,2,112,1.33,Lost
CUST-14459,864,2,2196.48,1,1,4,114,2.0,Lost
CUST-11375,864,3,1151.08,1,2,2,122,1.67,Lost
CUST-02543,864,4,500.75,1,2,1,121,1.33,Lost
CUST-09161,864,5,528.52,1,3,1,131,1.67,Needs Attention
CUST-04734,864,5,1420.32,1,3,3,133,2.33,At Risk
CUST-07216,864,5,2020.0,1,3,3,133,2.33,At Risk
CUST-01604,863,7,2818.11,1,5,4,154,3.33,Loyal Customers
CUST-07723,862,2,1635.57,1,1,3,113,1.67,Lost
CUST-03198,862,4,650.02,1,2,1,121,1.33,Lost
CUST-06922,862,4,979.18,1,2,2,122,1.67,Lost
CUST-13533,862,5,2319.53,1,3,4,134,2.67,At Risk
CUST-02139,862,6,1152.17,1,4,2,142,2.33,Needs Attention
CUST-12406,861,5,296.42,1,3,1,131,1.67,Needs Attention
CUST-01836,861,5,2772.74,1,3,4,134,2.67,At Risk
CUST-04207,860,2,1768.12,1,1,3,113,1.67,Lost
CUST-05056,860,5,1891.78,1,3,3,133,2.33,At Risk
CUST-01590,860,6,1034.99,1,4,2,142,2.33,Needs Attention
CUST-04710,858,2,785.12,1,1,2,112,1.33,Lost
CUST-03105,858,3,714.66,1,1,1,111,1.0,Lost
CUST-13518,858,4,732.76,1,2,1,121,1.33,Lost
CUST-14159,858,5,5767.65,1,4,5,145,3.33,Loyal Customers
CUST-13780,858,11,4715.3,1,5,5,155,3.67,Loyal Customers
CUST-05700,857,2,169.57,1,1,1,111,1.0,Lost
CUST-01163,857,2,410.39,1,1,1,111,1.0,Lost
CUST-00341,857,3,1247.78,1,2,2,122,1.67,Lost
CUST-00510,857,5,3328.23,1,3,5,135,3.0,At Risk
CUST-01528,856,2,279.1,1,1,1,111,1.0,Lost
CUST-13819,856,3,636.48,1,1,1,111,1.0,Lost
CUST-08744,856,7,5000.41,1,5,5,155,3.67,Loyal Customers
CUST-05427,855,2,506.51,1,1,1,111,1.0,Lost
CUST-14194,855,2,1775.73,1,1,3,113,1.67,Lost
CUST-04199,855,7,3996.47,1,5,5,155,3.67,Loyal Customers
CUST-11138,854,2,2469.79,1,1,4,114,2.0,Lost
CUST-11895,854,4,560.87,1,2,1,121,1.33,Lost
CUST-12628,853,2,294.94,1,1,1,111,1.0,Lost
CUST-08059,853,2,390.36,1,1,1,111,1.0,Lost
CUST-12464,853,4,2093.26,1,2,4,124,2.33,Lost
CUST-03643,853,5,873.81,1,3,2,132,2.0,Needs Attention
CUST-07168,852,5,3683.72,1,3,5,135,3.0,At Risk
CUST-01090,852,6,2947.51,1,4,4,144,3.0,Loyal Customers
CUST-14813,851,2,210.02,1,1,1,111,1.0,Lost
CUST-03493,851,3,461.24,1,1,1,111,1.0,Lost
CUST-11103,851,4,1175.34,1,2,2,122,1.67,Lost
CUST-09385,851,5,870.86,1,3,2,132,2.0,Needs Attention
CUST-09799,851,6,3506.46,1,4,5,145,3.33,Loyal Customers
CUST-06796,850,2,572.48,1,1,1,111,1.0,Lost
CUST-12307,850,2,1165.69,1,1,2,112,1.33,Lost
CUST-02225,850,4,3475.09,1,3,5,135,3.0,At Risk
CUST-05865,849,5,918.15,1,3,2,132,2.0,Needs Attention
CUST-14668,848,4,2464.48,1,3,4,134,2.67,At Risk
CUST-00001,848,5,626.06,1,3,1,131,1.67,Needs Attention
CUST-09971,848,7,3103.44,1,5,5,155,3.67,Loyal Customers
CUST-05762,847,2,337.51,1,1,1,111,1.0,Lost
CUST-11869,847,3,341.45,1,1,1,111,1.0,Lost
CUST-02258,847,3,2212.94,1,2,4,124,2.33,Lost
CUST-10900,847,5,2741.7,1,3,4,134,2.67,At Risk
CUST-10361,847,6,548.66,1,4,1,141,2.0,Needs Attention
CUST-11083,847,8,4019.06,1,5,5,155,3.67,Loyal Customers
CUST-04672,846,3,881.61,1,1,2,112,1.33,Lost
CUST-02508,846,3,1093.8,1,2,2,122,1.67,Lost
CUST-12442,846,3,1416.58,1,2,3,123,2.0,Lost
CUST-04183,846,5,1854.44,1,3,3,133,2.33,At Risk
CUST-11991,846,7,1809.61,1,4,3,143,2.67,Loyal Customers
CUST-05275,845,3,1062.16,1,1,2,112,1.33,Lost
CUST-13543,845,4,691.61,1,2,1,121,1.33,Lost
CUST-03151,845,5,1223.43,1,3,2,132,2.0,Needs Attention
CUST-05210,844,2,641.12,1,1,1,111,1.0,Lost
CUST-13894,844,2,758.03,1,1,2,112,1.33,Lost
CUST-02195,844,3,1163.25,1,2,2,122,1.67,Lost
CUST-00334,844,5,1682.49,1,3,3,133,2.33,At Risk
CUST-06506,843,2,674.56,1,1,1,111,1.0,Lost
CUST-06195,843,4,1155.97,1,2,2,122,1.67,Lost
CUST-05855,843,6,2268.12,1,4,4,144,3.0,Loyal Customers
CUST-03298,843,6,3143.16,1,4,5,145,3.33,Loyal Customers
CUST-10641,842,2,611.58,1,1,1,111,1.0,Lost
CUST-11806,842,5,1937.69,1,3,3,133,2.33,At Risk
CUST-12605,842,8,653.15,1,5,1,151,2.33,Needs Attention
CUST-14000,841,3,743.21,1,1,1,111,1.0,Lost
CUST-12381,841,3,1079.99,1,2,2,122,1.67,Lost
CUST-10420,841,3,2154.79,1,2,4,124,2.33,Lost
CUST-04732,841,6,3000.47,1,4,4,144,3.0,Loyal Customers
CUST-00120,841,8,4954.59,1,5,5,155,3.67,Loyal Customers
CUST-08176,840,3,1949.3,1,2,3,123,2.0,Lost
CUST-10291,840,4,2183.47,1,2,4,124,2.33,Lost
CUST-01890,840,5,1241.89,1,3,2,132,2.0,Needs Attention
CUST-14515,840,5,2099.25,1,3,4,134,2.67,At Risk
CUST-01695,839,2,459.85,1,1,1,111,1.0,Lost
CUST-00940,839,3,352.63,1,1,1,111,1.0,Lost
CUST-08782,839,4,3281.11,1,3,5,135,3.0,At Risk
CUST-05741,839,5,1040.75,1,3,2,132,2.0,Needs Attention
CUST-13938,838,4,723.79,1,2,1,121,1.33,Lost
CUST-11602,838,4,864.74,1,2,2,122,1.67,Lost
CUST-00027,838,6,1436.95,1,4,3,143,2.67,Loyal Customers
CUST-13111,838,7,6227.26,1,5,5,155,3.67,Loyal Customers
CUST-09545,837,2,165.78,1,1,1,111,1.0,Lost
CUST-08955,837,4,588.56,1,2,1,121,1.33,Lost
CUST-09134,837,4,4234.55,1,3,5,135,3.0,At Risk
CUST-08904,836,4,1763.5,1,2,3,123,2.0,Lost
CUST-01546,836,5,1781.57,1,3,3,133,2.33,At Risk
CUST-04390,835,4,2424.97,1,3,4,134,2.67,At Risk
CUST-05241,835,5,3410.03,1,3,5,135,3.0,At Risk
CUST-09110,835,6,2080.85,1,4,4,144,3.0,Loyal Customers
CUST-07364,834,4,957.81,1,2,2,122,1.67,Lost
CUST-04156,833,4,1367.09,1,2,2,122,1.67,Lost
CUST-00671,832,5,400.51,1,3,1,131,1.67,Needs Attention
CUST-13146,831,2,617.86,1,1,1,111,1.0,Lost
CUST-08101,831,4,784.55,1,2,2,122,1.67,Lost
CUST-05478,831,4,825.63,1,2,2,122,1.67,Lost
CUST-08951,831,5,1699.12,1,3,3,133,2.33,At Risk
CUST-02323,831,6,3899.39,1,4,5,145,3.33,Loyal Customers
CUST-02657,831,9,3688.69,1,5,5,155,3.67,Loyal Customers
CUST-13403,830,2,403.4,1,1,1,111,1.0,Lost
CUST-00081,830,2,905.64,1,1,2,112,1.33,Lost
CUST-14564,830,3,1058.05,1,1,2,112,1.33,Lost
CUST-05087,829,2,1070.12,1,1,2,112,1.33,Lost
CUST-05392,829,4,674.45,1,2,1,121,1.33,Lost
CUST-12394,829,4,2147.51,1,2,4,124,2.33,Lost
CUST-10823,829,5,495.12,1,3,1,131,1.67,Needs Attention
CUST-07821,829,5,1598.85,1,3,3,133,2.33,At Risk
CUST-12583,828,2,208.92,1,1,1,111,1.0,Lost
CUST-08196,828,2,814.81,1,1,2,112,1.33,Lost
CUST-13195,828,2,1580.13,1,1,3,113,1.67,Lost
CUST-10421,828,4,1494.08,1,2,3,123,2.0,Lost
CUST-07223,828,4,3259.51,1,3,5,135,3.0,At Risk
CUST-05990,828,5,2905.37,1,3,4,134,2.67,At Risk
CUST-04008,827,3,1432.94,1,2,3,123,2.0,Lost
CUST-10690,827,4,2732.95,1,3,4,134,2.67,At Risk
CUST-10825,827,8,3262.44,1,5,5,155,3.67,Loyal Customers
CUST-13895,826,3,325.42,1,1,1,111,1.0,Lost
CUST-06253,826,3,592.98,1,1,1,111,1.0,Lost
CUST-13972,826,4,604.91,1,2,1,121,1.33,Lost
CUST-09441,825,2,1536.17,1,1,3,113,1.67,Lost
CUST-03372,825,3,346.79,1,1,1,111,1.0,Lost
CUST-05410,825,3,776.56,1,1,2,112,1.33,Lost
CUST-13998,825,3,904.95,1,1,2,112,1.33,Lost
CUST-09078,825,6,2640.37,1,4,4,144,3.0,Loyal Customers
CUST-10609,824,3,603.77,1,1,1,111,1.0,Lost
CUST-11247,824,5,789.41,1,3,2,132,2.0,Needs Attention
CUST-08579,824,5,1249.72,1,3,2,132,2.0,Needs Attention
CUST-00342,823,2,172.62,1,1,1,111,1.0,Lost
CUST-12261,823,2,561.95,1,1,1,111,1.0,Lost
CUST-03602,823,2,588.06,1,1,1,111,1.0,Lost
CUST-02668,823,3,386.46,1,1,1,111,1.0,Lost
CUST-04417,823,4,795.99,1,2,2,122,1.67,Lost
CUST-07971,823,4,1119.43,1,2,2,122,1.67,Lost
CUST-01384,823,4,1319.74,1,2,2,122,1.67,Lost
CUST-07381,823,4,1655.47,1,2,3,123,2.0,Lost
CUST-11066,823,4,1728.26,1,2,3,123,2.0,Lost
CUST-04466,823,6,1666.66,1,4,3,143,2.67,Loyal Customers
CUST-05098,822,2,208.22,1,1,1,111,1.0,Lost
CUST-14019,822,2,2249.53,1,1,4,114,2.0,Lost
CUST-00632,822,4,1780.8,1,2,3,123,2.0,Lost
CUST-12012,822,5,1353.51,1,3,2,132,2.0,Needs Attention
CUST-12317,821,2,353.21,1,1,1,111,1.0,Lost
CUST-04408,821,2,390.88,1,1,1,111,1.0,Lost
CUST-11553,821,2,2166.85,1,1,4,114,2.0,Lost
CUST-07900,821,5,1794.77,1,3,3,133,2.33,At Risk
CUST-08993,820,3,2267.67,1,2,4,124,2.33,Lost
CUST-10580,820,6,4020.04,1,4,5,145,3.33,Loyal Customers
CUST-02602,819,2,115.9,1,1,1,111,1.0,Lost
CUST-11265,819,2,513.23,1,1,1,111,1.0,Lost
CUST-09194,819,4,758.79,1,2,2,122,1.67,Lost
CUST-12208,819,5,1079.66,1,3,2,132,2.0,Needs Attention
CUST-14306,819,6,2269.25,1,4,4,144,3.0,Loyal Customers
CUST-11380,819,8,2178.21,1,5,4,154,3.33,Loyal Customers
CUST-05061,818,2,680.37,1,1,1,111,1.0,Lost
CUST-00592,818,3,304.33,1,1,1,111,1.0,Lost
CUST-04915,818,3,1858.7,1,2,3,123,2.0,Lost
CUST-02490,818,4,676.73,1,2,1,121,1.33,Lost
CUST-04969,818,4,1218.93,1,2,2,122,1.67,Lost
CUST-07928,817,2,313.82,1,1,1,111,1.0,Lost
CUST-12513,817,4,754.02,1,2,1,121,1.33,Lost
CUST-13167,817,5,1916.24,1,3,3,133,2.33,At Risk
CUST-02070,816,3,2481.48,1,2,4,124,2.33,Lost
CUST-14969,816,4,1955.71,1,2,3,123,2.0,Lost
CUST-06218,816,4,2533.94,1,3,4,134,2.67,At Risk
CUST-08644,815,2,214.48,1,1,1,111,1.0,Lost
CUST-09585,815,5,3737.92,1,3,5,135,3.0,At Risk
CUST-07970,814,2,253.76,1,1,1,111,1.0,Lost
CUST-11370,814,2,1581.4,1,1,3,113,1.67,Lost
CUST-13825,814,6,701.03,1,4,1,141,2.0,Needs Attention
CUST-09959,813,5,1651.45,1,3,3,133,2.33,At Risk
CUST-10315,813,7,2411.83,1,5,4,154,3.33,Loyal Customers
CUST-13685,812,2,140.95,1,1,1,111,1.0,Lost
CUST-11016,812,2,428.01,1,1,1,111,1.0,Lost
CUST-06643,812,2,1371.0,1,1,2,112,1.33,Lost
CUST-12010,812,4,1924.2,1,2,3,123,2.0,Lost
CUST-02177,812,4,4275.66,1,3,5,135,3.0,At Risk
CUST-06744,812,5,742.46,1,3,1,131,1.67,Needs Attention
CUST-04179,812,5,883.77,1,3,2,132,2.0,Needs Attention
CUST-03566,811,2,102.78,1,1,1,111,1.0,Lost
CUST-00699,811,4,1618.11,1,2,3,123,2.0,Lost
CUST-09200,811,5,683.84,1,3,1,131,1.67,Needs Attention
CUST-14377,810,3,877.55,1,1,2,112,1.33,Lost
CUST-09105,810,4,1536.12,1,2,3,123,2.0,Lost
CUST-02675,810,5,2394.97,1,3,4,134,2.67,At Risk
CUST-09569,810,6,2454.43,1,4,4,144,3.0,Loyal Customers
CUST-04575,810,6,2859.6,1,4,4,144,3.0,Loyal Customers
CUST-04173,809,2,1333.49,1,1,2,112,1.33,Lost
CUST-07218,808,2,112.74,1,1,1,111,1.0,Lost
CUST-10615,808,2,1133.33,1,1,2,112,1.33,Lost
CUST-07237,808,3,443.35,1,1,1,111,1.0,Lost
CUST-10797,808,4,1333.37,1,2,2,122,1.67,Lost
CUST-09393,808,8,3994.72,1,5,5,155,3.67,Loyal Customers
CUST-01699,807,2,54.16,1,1,1,111,1.0,Lost
CUST-11091,807,2,561.14,1,1,1,111,1.0,Lost
CUST-05342,807,2,722.72,1,1,1,111,1.0,Lost
CUST-13649,807,4,2919.83,1,3,4,134,2.67,At Risk
CUST-07958,807,5,1484.24,1,3,3,133,2.33,At Risk
CUST-04823,807,5,1672.17,1,3,3,133,2.33,At Risk
CUST-02826,806,2,62.31,1,1,1,111,1.0,Lost
CUST-13914,806,2,1882.01,1,1,3,113,1.67,Lost
CUST-07521,806,3,659.14,1,1,1,111,1.0,Lost
CUST-06919,806,4,536.24,1,2,1,121,1.33,Lost
CUST-04203,806,5,822.98,1,3,2,132,2.0,Needs Attention
CUST-11268,805,2,1253.21,1,1,2,112,1.33,Lost
CUST-08986,805,3,1972.6,1,2,3,123,2.0,Lost
CUST-14087,805,4,2700.84,1,3,4,134,2.67,At Risk
CUST-12563,805,5,1197.18,1,3,2,132,2.0,Needs Attention
CUST-10021,805,5,1395.96,1,3,3,133,2.33,At Risk
CUST-07028,804,2,532.69,1,1,1,111,1.0,Lost
CUST-10653,804,2,2063.0,1,1,3,113,1.67,Lost
CUST-01324,804,3,236.01,1,1,1,111,1.0,Lost
CUST-04754,804,4,861.17,1,2,2,122,1.67,Lost
CUST-03750,804,4,1278.37,1,2,2,122,1.67,Lost
CUST-03088,803,3,612.06,1,1,1,111,1.0,Lost
CUST-04779,803,3,661.51,1,1,1,111,1.0,Lost
CUST-00451,803,3,2563.46,1,2,4,124,2.33,Lost
CUST-14385,803,4,905.89,1,2,2,122,1.67,Lost
CUST-05939,803,6,2897.23,1,4,4,144,3.0,Loyal Customers
CUST-06949,802,2,496.4,1,1,1,111,1.0,Lost
CUST-02299,802,3,578.21,1,1,1,111,1.0,Lost
CUST-08443,802,3,933.22,1,1,2,112,1.33,Lost
CUST-07021,801,2,3218.28,1,1,5,115,2.33,Lost
CUST-13088,801,3,591.62,1,1,1,111,1.0,Lost
CUST-08190,801,5,3255.11,1,3,5,135,3.0,At Risk
CUST-14092,801,7,2179.03,1,5,4,154,3.33,Loyal Customers
CUST-09872,801,8,2769.45,1,5,4,154,3.33,Loyal Customers
CUST-07709,800,3,2539.14,1,2,4,124,2.33,Lost
CUST-00039,800,4,669.31,1,2,1,121,1.33,Lost
CUST-02264,800,5,1661.85,1,3,3,133,2.33,At Risk
CUST-08824,800,9,3729.99,1,5,5,155,3.67,Loyal Customers
CUST-05353,799,2,741.13,1,1,1,111,1.0,Lost
CUST-11555,799,6,734.19,1,4,1,141,2.0,Needs Attention
CUST-04570,798,4,1843.26,1,2,3,123,2.0,Lost
CUST-01328,798,5,674.45,1,3,1,131,1.67,Needs Attention
CUST-13800,797,2,699.97,1,1,1,111,1.0,Lost
CUST-07205,797,3,382.14,1,1,1,111,1.0,Lost
CUST-04865,797,3,3763.14,1,2,5,125,2.67,Lost
CUST-04983,797,5,1452.27,1,3,3,133,2.33,At Risk
CUST-12591,796,2,281.72,1,1,1,111,1.0,Lost
CUST-13687,796,4,1802.27,1,2,3,123,2.0,Lost
CUST-10555,795,5,1105.82,1,3,2,132,2.0,Needs Attention
CUST-02608,794,2,55.93,1,1,1,111,1.0,Lost
CUST-03240,794,2,1609.93,1,1,3,113,1.67,Lost
CUST-09289,794,3,388.96,1,1,1,111,1.0,Lost
CUST-13806,794,3,835.93,1,1,2,112,1.33,Lost
CUST-02481,794,4,2461.32,1,3,4,134,2.67,At Risk
CUST-07234,794,4,3324.51,1,3,5,135,3.0,At Risk
CUST-00304,794,5,2396.45,1,3,4,134,2.67,At Risk
CUST-03887,794,6,3871.96,1,4,5,145,3.33,Loyal Customers
CUST-12487,793,2,43.15,1,1,1,111,1.0,Lost
CUST-00087,793,3,489.88,1,1,1,111,1.0,Lost
CUST-03287,792,6,2100.24,1,4,4,144,3.0,Loyal Customers
CUST-06674,792,8,1308.72,1,5,2,152,2.67,Needs Attention
CUST-08989,791,4,994.1,1,2,2,122,1.67,Lost
CUST-07735,791,6,2067.69,1,4,3,143,2.67,Loyal Customers
CUST-03335,791,8,2470.05,1,5,4,154,3.33,Loyal Customers
CUST-10366,790,2,1361.59,1,1,2,112,1.33,Lost
CUST-13031,790,2,2525.64,1,1,4,114,2.0,Lost
CUST-07363,789,3,1037.42,1,1,2,112,1.33,Lost
CUST-07473,789,4,1112.56,1,2,2,122,1.67,Lost
CUST-07366,789,4,1183.76,1,2,2,122,1.67,Lost
CUST-03274,789,4,3359.39,1,3,5,135,3.0,At Risk
CUST-02447,789,7,1844.63,1,4,3,143,2.67,Loyal Customers
CUST-10643,788,3,761.76,1,1,2,112,1.33,Lost
CUST-10786,788,3,1687.25,1,2,3,123,2.0,Lost
CUST-03952,788,3,2477.59,1,2,4,124,2.33,Lost
CUST-07286,788,4,2583.19,1,3,4,134,2.67,At Risk
CUST-05164,788,5,2032.02,1,3,3,133,2.33,At Risk
CUST-05645,788,5,2275.54,1,3,4,134,2.67,At Risk
CUST-13924,788,6,1798.0,1,4,3,143,2.67,Loyal Customers
CUST-05919,788,9,3576.34,1,5,5,155,3.67,Loyal Customers
CUST-11690,787,2,3563.01,1,1,5,115,2.33,Lost
CUST-04789,787,3,142.87,1,1,1,111,1.0,Lost
CUST-06322,786,2,1591.18,1,1,3,113,1.67,Lost
CUST-07400,786,5,1449.38,1,3,3,133,2.33,At Risk
CUST-09828,786,8,2515.02,1,5,4,154,3.33,Loyal Customers
CUST-04870,785,2,164.92,1,1,1,111,1.0,Lost
CUST-13014,785,3,1359.27,1,2,2,122,1.67,Lost
CUST-12136,785,8,2066.38,1,5,3,153,3.0,Loyal Customers
CUST-02207,784,2,111.89,1,1,1,111,1.0,Lost
CUST-05654,784,2,877.56,1,1,2,112,1.33,Lost
CUST-08133,784,2,1014.68,1,1,2,112,1.33,Lost
CUST-09500,783,2,548.33,1,1,1,111,1.0,Lost
CUST-09587,782,2,672.58,1,1,1,111,1.0,Lost
CUST-14880,782,5,1181.23,1,3,2,132,2.0,Needs Attention
CUST-00412,782,5,2017.04,1,3,3,133,2.33,At Risk
CUST-12310,782,6,905.13,1,4,2,142,2.33,Needs Attention
CUST-12117,781,2,919.79,1,1,2,112,1.33,Lost
CUST-09437,781,3,687.51,1,1,1,111,1.0,Lost
CUST-06111,781,6,2129.53,1,4,4,144,3.0,Loyal Customers
CUST-11090,780,2,268.42,1,1,1,111,1.0,Lost
CUST-08666,780,2,320.15,1,1,1,111,1.0,Lost
CUST-02892,780,2,1192.67,1,1,2,112,1.33,Lost
CUST-08312,780,4,1123.12,1,2,2,122,1.67,Lost
CUST-08842,780,4,1872.05,1,2,3,123,2.0,Lost
CUST-14129,779,2,367.75,1,1,1,111,1.0,Lost
CUST-13239,779,3,392.23,1,1,1,111,1.0,Lost
CUST-12945,779,7,4468.93,1,5,5,155,3.67,Loyal Customers
CUST-08461,778,2,270.91,1,1,1,111,1.0,Lost
CUST-05942,778,2,1246.55,1,1,2,112,1.33,Lost
CUST-07685,778,3,2190.85,1,2,4,124,2.33,Lost
CUST-01730,778,5,993.6,1,3,2,132,2.0,Needs Attention
CUST-10467,778,7,2958.31,1,5,4,154,3.33,Loyal Customers
CUST-05404,777,4,561.15,1,2,1,121,1.33,Lost
CUST-01101,776,2,1520.48,1,1,3,113,1.67,Lost
CUST-07277,776,4,409.42,1,2,1,121,1.33,Lost
CUST-06220,776,5,881.73,1,3,2,132,2.0,Needs Attention
CUST-00549,776,7,1467.17,1,4,3,143,2.67,Loyal Customers
CUST-05872,775,2,65.5,1,1,1,111,1.0,Lost
CUST-13583,775,3,135.42,1,1,1,111,1.0,Lost
CUST-13942,775,3,1536.73,1,2,3,123,2.0,Lost
CUST-01360,775,4,972.27,1,2,2,122,1.67,Lost
CUST-13555,775,5,1300.61,1,3,2,132,2.0,Needs Attention
CUST-05575,775,5,5058.17,1,4,5,145,3.33,Loyal Customers
CUST-00335,773,3,1345.59,1,2,2,122,1.67,Lost
CUST-07279,772,2,162.16,1,1,1,111,1.0,Lost
CUST-01744,772,2,1302.84,1,1,2,112,1.33,Lost
CUST-11310,772,5,937.83,1,3,2,132,2.0,Needs Attention
CUST-06310,772,6,906.45,1,4,2,142,2.33,Needs Attention
CUST-03582,772,6,2604.43,1,4,4,144,3.0,Loyal Customers
CUST-02798,772,7,1964.54,1,4,3,143,2.67,Loyal Customers
CUST-08806,771,4,1124.96,1,2,2,122,1.67,Lost
CUST-12884,771,4,2075.42,1,2,4,124,2.33,Lost
CUST-00553,771,4,2152.26,1,2,4,124,2.33,Lost
CUST-03645,770,4,546.87,1,2,1,121,1.33,Lost
CUST-08653,770,5,404.26,1,3,1,131,1.67,Needs Attention
CUST-12505,770,5,1808.26,1,3,3,133,2.33,At Risk
CUST-03488,768,2,361.17,1,1,1,111,1.0,Lost
CUST-07479,768,5,796.34,1,3,2,132,2.0,Needs Attention
CUST-02688,767,3,232.28,1,1,1,111,1.0,Lost
CUST-09459,766,2,129.2,1,1,1,111,1.0,Lost
CUST-13788,766,3,328.17,1,1,1,111,1.0,Lost
CUST-14933,766,5,1455.37,1,3,3,133,2.33,At Risk
CUST-00279,764,2,88.18,1,1,1,111,1.0,Lost
CUST-14027,764,6,1461.31,1,4,3,143,2.67,Loyal Customers
CUST-10860,763,2,691.85,1,1,1,111,1.0,Lost
CUST-11000,763,3,317.19,1,1,1,111,1.0,Lost
CUST-08926,763,4,538.5,1,2,1,121,1.33,Lost
CUST-12173,763,5,1589.6,1,3,3,133,2.33,At Risk
CUST-14201,763,5,4199.11,1,4,5,145,3.33,Loyal Customers
CUST-01357,763,6,1220.32,1,4,2,142,2.33,Needs Attention
CUST-11749,762,2,150.54,1,1,1,111,1.0,Lost
CUST-11768,762,2,330.29,1,1,1,111,1.0,Lost
CUST-09574,762,2,2333.36,1,1,4,114,2.0,Lost
CUST-10399,762,5,2778.56,1,3,4,134,2.67,At Risk
CUST-09671,762,7,1581.01,1,4,3,143,2.67,Loyal Customers
CUST-03912,761,2,1569.96,1,1,3,113,1.67,Lost
CUST-13094,761,4,2239.84,1,2,4,124,2.33,Lost
CUST-02263,761,5,917.54,1,3,2,132,2.0,Needs Attention
CUST-04705,760,2,281.72,1,1,1,111,1.0,Lost
CUST-11295,760,4,941.59,1,2,2,122,1.67,Lost
CUST-08002,760,5,1374.13,1,3,2,132,2.0,Needs Attention
CUST-07962,760,6,952.46,1,4,2,142,2.33,Needs Attention
CUST-00449,759,3,503.25,1,1,1,111,1.0,Lost
CUST-01682,759,3,762.8,1,1,2,112,1.33,Lost
CUST-00473,759,6,969.02,1,4,2,142,2.33,Needs Attention
CUST-05777,758,3,326.31,1,1,1,111,1.0,Lost
CUST-07500,758,5,952.25,1,3,2,132,2.0,Needs Attention
CUST-11253,758,8,3833.91,1,5,5,155,3.67,Loyal Customers
CUST-13705,757,2,195.5,1,1,1,111,1.0,Lost
CUST-04782,757,2,317.22,1,1,1,111,1.0,Lost
CUST-04753,757,2,346.67,1,1,1,111,1.0,Lost
CUST-14816,757,3,580.4,1,1,1,111,1.0,Lost
CUST-04883,757,4,1809.83,1,2,3,123,2.0,Lost
CUST-00238,756,5,1680.94,1,3,3,133,2.33,At Risk
CUST-12271,756,5,2764.16,1,3,4,134,2.67,At Risk
CUST-12313,756,6,3609.72,1,4,5,145,3.33,Loyal Customers
CUST-12646,755,3,243.83,1,1,1,111,1.0,Lost
CUST-14753,755,4,543.41,1,2,1,121,1.33,Lost
CUST-12592,755,7,5156.77,1,5,5,155,3.67,Loyal Customers
CUST-02242,754,2,540.0,1,1,1,111,1.0,Lost
CUST-07031,754,4,846.71,1,2,2,122,1.67,Lost
CUST-02672,754,4,1104.22,1,2,2,122,1.67,Lost
CUST-00162,753,3,318.69,1,1,1,111,1.0,Lost
CUST-09651,753,3,363.54,1,1,1,111,1.0,Lost
CUST-00267,753,3,1276.02,1,2,2,122,1.67,Lost
CUST-08097,753,4,5170.56,1,3,5,135,3.0,At Risk
CUST-11792,753,7,866.43,1,4,2,142,2.33,Needs Attention
CUST-01208,752,2,479.29,1,1,1,111,1.0,Lost
CUST-04344,752,6,924.69,1,4,2,142,2.33,Needs Attention
CUST-09126,751,2,142.61,1,1,1,111,1.0,Lost
CUST-10011,751,3,1229.88,1,2,2,122,1.67,Lost
CUST-11861,751,5,1004.94,1,3,2,132,2.0,Needs Attention
CUST-10623,751,7,2170.76,1,5,4,154,3.33,Loyal Customers
CUST-09604,750,2,176.19,1,1,1,111,1.0,Lost
CUST-01886,750,3,480.83,1,1,1,111,1.0,Lost
CUST-06261,750,4,883.95,1,2,2,122,1.67,Lost
CUST-08240,750,4,1041.46,1,2,2,122,1.67,Lost
CUST-10957,750,6,785.92,1,4,2,142,2.33,Needs Attention
CUST-11813,750,6,2924.48,1,4,4,144,3.0,Loyal Customers
CUST-10259,749,2,2722.77,1,1,4,114,2.0,Lost
CUST-05944,749,3,1130.6,1,2,2,122,1.67,Lost
CUST-01961,749,3,1429.6,1,2,3,123,2.0,Lost
CUST-11998,749,5,4519.64,1,4,5,145,3.33,Loyal Customers
CUST-02056,749,6,782.95,1,4,2,142,2.33,Needs Attention
CUST-11686,749,7,1862.39,1,4,3,143,2.67,Loyal Customers
CUST-00371,748,2,93.56,1,1,1,111,1.0,Lost
CUST-06821,748,2,229.55,1,1,1,111,1.0,Lost
CUST-10840,748,2,345.05,1,1,1,111,1.0,Lost
CUST-11738,748,2,717.1,1,1,1,111,1.0,Lost
CUST-07291,748,4,1314.66,1,2,2,122,1.67,Lost
CUST-07455,747,3,560.59,1,1,1,111,1.0,Lost
CUST-01352,746,5,1149.49,1,3,2,132,2.0,Needs Attention
CUST-07209,746,10,4256.19,1,5,5,155,3.67,Loyal Customers
CUST-12484,745,2,1360.89,1,1,2,112,1.33,Lost
CUST-09811,745,2,1407.85,1,1,3,113,1.67,Lost
CUST-13590,745,3,645.32,1,1,1,111,1.0,Lost
CUST-02968,745,5,2489.04,1,3,4,134,2.67,At Risk
CUST-14697,744,3,1162.72,1,2,2,122,1.67,Lost
CUST-14902,744,7,3004.86,1,5,5,155,3.67,Loyal Customers
CUST-14141,743,2,260.54,1,1,1,111,1.0,Lost
CUST-12726,743,2,429.37,1,1,1,111,1.0,Lost
CUST-02411,743,3,405.29,1,1,1,111,1.0,Lost
CUST-02880,743,3,1171.6,1,2,2,122,1.67,Lost
CUST-09902,743,4,1070.65,1,2,2,122,1.67,Lost
CUST-01761,743,4,1137.21,1,2,2,122,1.67,Lost
CUST-03933,743,4,1537.94,1,2,3,123,2.0,Lost
CUST-05309,743,4,2635.42,1,3,4,134,2.67,At Risk
CUST-00986,743,5,510.69,1,3,1,131,1.67,Needs Attention
CUST-05885,743,6,2726.01,1,4,4,144,3.0,Loyal Customers
CUST-04985,743,8,2837.72,1,5,4,154,3.33,Loyal Customers
CUST-13336,743,9,2515.2,1,5,4,154,3.33,Loyal Customers
CUST-09729,742,2,1549.63,1,1,3,113,1.67,Lost
CUST-11369,742,3,333.15,1,1,1,111,1.0,Lost
CUST-01526,742,6,1427.13,1,4,3,143,2.67,Loyal Customers
CUST-00994,742,11,2928.82,1,5,4,154,3.33,Loyal Customers
CUST-10188,741,8,2742.21,1,5,4,154,3.33,Loyal Customers
CUST-02337,740,2,96.84,1,1,1,111,1.0,Lost
CUST-01185,740,5,2859.5,1,3,4,134,2.67,At Risk
CUST-10015,740,5,4389.85,1,4,5,145,3.33,Loyal Customers
CUST-08832,739,3,553.87,1,1,1,111,1.0,Lost
CUST-10349,739,5,1782.61,1,3,3,133,2.33,At Risk
CUST-08457,739,7,658.48,1,4,1,141,2.0,Needs Attention
CUST-03917,739,7,4063.67,1,5,5,155,3.67,Loyal Customers
CUST-07544,738,2,319.43,1,1,1,111,1.0,Lost
CUST-13085,738,2,3636.5,1,1,5,115,2.33,Lost
CUST-13496,738,3,512.73,1,1,1,111,1.0,Lost
CUST-14043,738,8,4659.91,1,5,5,155,3.67,Loyal Customers
CUST-03537,738,10,2638.76,1,5,4,154,3.33,Loyal Customers
CUST-07824,737,2,1238.34,1,1,2,112,1.33,Lost
CUST-04346,737,3,441.43,1,1,1,111,1.0,Lost
CUST-06476,737,3,1263.17,1,2,2,122,1.67,Lost
CUST-10596,737,3,1431.72,1,2,3,123,2.0,Lost
CUST-03985,736,3,619.59,1,1,1,111,1.0,Lost
CUST-12404,736,3,865.61,1,1,2,112,1.33,Lost
CUST-14093,736,5,623.41,1,3,1,131,1.67,Needs Attention
CUST-10718,736,5,1432.03,1,3,3,133,2.33,At Risk
CUST-11850,736,5,1822.49,1,3,3,133,2.33,At Risk
CUST-04950,735,2,206.03,1,1,1,111,1.0,Lost
CUST-07485,735,2,1040.04,1,1,2,112,1.33,Lost
CUST-04029,735,3,473.8,1,1,1,111,1.0,Lost
CUST-01139,735,4,768.72,1,2,2,122,1.67,Lost
CUST-05194,734,2,104.03,1,1,1,111,1.0,Lost
CUST-08084,734,2,577.55,1,1,1,111,1.0,Lost
CUST-11484,734,3,1726.68,1,2,3,123,2.0,Lost
CUST-11604,734,5,881.81,1,3,2,132,2.0,Needs Attention
CUST-07954,734,6,3173.12,1,4,5,145,3.33,Loyal Customers
CUST-05264,733,2,836.96,1,1,2,112,1.33,Lost
CUST-11831,733,3,236.9,1,1,1,111,1.0,Lost
CUST-12678,733,3,700.08,1,1,1,111,1.0,Lost
CUST-00229,733,4,839.87,1,2,2,122,1.67,Lost
CUST-13865,733,4,1261.84,1,2,2,122,1.67,Lost
CUST-12623,733,7,2182.17,1,5,4,154,3.33,Loyal Customers
CUST-10308,733,8,4206.3,1,5,5,155,3.67,Loyal Customers
CUST-14514,732,2,66.74,1,1,1,111,1.0,Lost
CUST-10822,732,2,726.43,1,1,1,111,1.0,Lost
CUST-10163,732,2,1275.15,1,1,2,112,1.33,Lost
CUST-03491,732,5,841.4,1,3,2,132,2.0,Needs Attention
CUST-06967,732,5,2960.15,1,3,4,134,2.67,At Risk
CUST-12739,731,2,850.39,1,1,2,112,1.33,Lost
CUST-14526,731,3,442.06,1,1,1,111,1.0,Lost
CUST-06104,731,3,3098.46,1,2,5,125,2.67,Lost
CUST-12222,731,5,2480.26,1,3,4,134,2.67,At Risk
CUST-12621,730,5,2000.89,1,3,3,133,2.33,At Risk
CUST-07797,729,2,825.75,1,1,2,112,1.33,Lost
CUST-05111,729,2,1560.71,1,1,3,113,1.67,Lost
CUST-02053,729,3,2135.56,1,2,4,124,2.33,Lost
CUST-08988,729,5,1196.68,1,3,2,132,2.0,Needs Attention
CUST-02504,729,5,2702.6,1,3,4,134,2.67,At Risk
CUST-00044,729,7,2696.1,1,5,4,154,3.33,Loyal Customers
CUST-07693,727,2,854.66,1,1,2,112,1.33,Lost
CUST-09778,727,3,425.3,1,1,1,111,1.0,Lost
CUST-07572,727,5,735.72,1,3,1,131,1.67,Needs Attention
CUST-03472,727,8,1422.15,1,5,3,153,3.0,Loyal Customers
CUST-13556,727,11,2375.98,1,5,4,154,3.33,Loyal Customers
CUST-00808,726,2,659.4,1,1,1,111,1.0,Lost
CUST-04556,726,2,1722.72,1,1,3,113,1.67,Lost
CUST-01100,726,3,1395.86,1,2,3,123,2.0,Lost
CUST-07604,725,2,199.25,1,1,1,111,1.0,Lost
CUST-00004,725,3,2342.09,1,2,4,124,2.33,Lost
CUST-07772,725,5,3125.78,1,3,5,135,3.0,At Risk
CUST-05967,724,2,1449.03,1,1,3,113,1.67,Lost
CUST-06075,724,3,572.58,1,1,1,111,1.0,Lost
CUST-03094,724,3,579.27,1,1,1,111,1.0,Lost
CUST-12223,724,4,336.04,1,2,1,121,1.33,Lost
CUST-07683,724,4,1569.46,1,2,3,123,2.0,Lost
CUST-14853,724,4,1703.79,1,2,3,123,2.0,Lost
CUST-13010,723,2,452.72,1,1,1,111,1.0,Lost
CUST-08149,723,3,258.31,1,1,1,111,1.0,Lost
CUST-05500,723,3,1465.75,1,2,3,123,2.0,Lost
CUST-05174,723,4,1691.93,1,2,3,123,2.0,Lost
CUST-02096,723,4,1700.98,1,2,3,123,2.0,Lost
CUST-04374,723,4,1838.11,1,2,3,123,2.0,Lost
CUST-00888,723,4,2173.03,1,2,4,124,2.33,Lost
CUST-13132,723,6,3079.54,1,4,5,145,3.33,Loyal Customers
CUST-03282,723,7,3154.79,1,5,5,155,3.67,Loyal Customers
CUST-00458,722,4,423.8,1,2,1,121,1.33,Lost
CUST-14767,722,5,2562.7,1,3,4,134,2.67,At Risk
CUST-03170,722,7,3022.97,1,5,5,155,3.67,Loyal Customers
CUST-01022,721,2,167.36,1,1,1,111,1.0,Lost
CUST-01483,721,2,503.32,1,1,1,111,1.0,Lost
CUST-10312,721,2,617.9,1,1,1,111,1.0,Lost
CUST-00775,721,4,1843.88,1,2,3,123,2.0,Lost
CUST-14014,720,5,3681.92,1,3,5,135,3.0,At Risk
CUST-10838,720,8,1448.95,1,5,3,153,3.0,Loyal Customers
CUST-06676,719,2,3206.32,1,1,5,115,2.33,Lost
CUST-12502,719,4,679.85,1,2,1,121,1.33,Lost
CUST-04089,719,4,871.84,1,2,2,122,1.67,Lost
CUST-01214,719,4,936.14,1,2,2,122,1.67,Lost
CUST-04748,719,5,1754.36,1,3,3,133,2.33,At Risk
CUST-12049,719,6,1153.46,1,4,2,142,2.33,Needs Attention
CUST-06133,719,6,1912.73,1,4,3,143,2.67,Loyal Customers
CUST-03354,719,6,3954.23,1,4,5,145,3.33,Loyal Customers
CUST-08577,718,3,626.7,1,1,1,111,1.0,Lost
CUST-08446,718,5,1634.48,1,3,3,133,2.33,At Risk
CUST-12407,718,6,407.46,1,4,1,141,2.0,Needs Attention
CUST-06966,718,7,2738.71,1,5,4,154,3.33,Loyal Customers
CUST-07301,718,7,3592.66,1,5,5,155,3.67,Loyal Customers
CUST-02538,717,4,2266.93,1,2,4,124,2.33,Lost
CUST-00598,717,6,2974.47,1,4,4,144,3.0,Loyal Customers
CUST-05116,717,7,2236.17,1,5,4,154,3.33,Loyal Customers
CUST-04724,716,2,3449.31,1,1,5,115,2.33,Lost
CUST-07944,716,3,403.65,1,1,1,111,1.0,Lost
CUST-13516,716,7,1806.57,1,4,3,143,2.67,Loyal Customers
CUST-10705,715,3,227.32,1,1,1,111,1.0,Lost
CUST-05940,715,3,537.16,1,1,1,111,1.0,Lost
CUST-01487,715,4,808.07,1,2,2,122,1.67,Lost
CUST-06040,715,5,729.75,1,3,1,131,1.67,Needs Attention
CUST-00380,715,5,1616.47,1,3,3,133,2.33,At Risk
CUST-00644,715,6,1628.05,1,4,3,143,2.67,Loyal Customers
CUST-03139,714,3,844.95,1,1,2,112,1.33,Lost
CUST-06471,714,3,2298.83,1,2,4,124,2.33,Lost
CUST-11065,714,4,731.33,1,2,1,121,1.33,Lost
CUST-02368,714,4,2919.87,1,3,4,134,2.67,At Risk
CUST-06855,714,5,4130.72,1,4,5,145,3.33,Loyal Customers
CUST-04120,714,6,1372.81,1,4,2,142,2.33,Needs Attention
CUST-11557,713,4,1659.48,1,2,3,123,2.0,Lost
CUST-08199,713,4,4227.59,1,3,5,135,3.0,At Risk
CUST-07624,713,6,1283.01,1,4,2,142,2.33,Needs Attention
CUST-02414,711,2,297.36,1,1,1,111,1.0,Lost
CUST-11199,711,2,445.19,1,1,1,111,1.0,Lost
CUST-06624,711,6,3483.67,1,4,5,145,3.33,Loyal Customers
CUST-14976,710,2,38.46,1,1,1,111,1.0,Lost
CUST-00545,710,2,66.99,1,1,1,111,1.0,Lost
CUST-08565,710,2,603.68,1,1,1,111,1.0,Lost
CUST-08118,710,2,2049.53,1,1,3,113,1.67,Lost
CUST-08647,710,3,136.08,1,1,1,111,1.0,Lost
CUST-11671,710,3,305.73,1,1,1,111,1.0,Lost
CUST-14749,710,3,1688.26,1,2,3,123,2.0,Lost
CUST-09737,710,4,628.69,1,2,1,121,1.33,Lost
CUST-04193,710,5,1802.08,1,3,3,133,2.33,At Risk
CUST-06857,710,6,3705.01,1,4,5,145,3.33,Loyal Customers
CUST-05051,709,2,543.89,1,1,1,111,1.0,Lost
CUST-06551,709,5,2416.64,1,3,4,134,2.67,At Risk
CUST-08826,709,6,2913.47,1,4,4,144,3.0,Loyal Customers
CUST-10386,709,6,3178.78,1,4,5,145,3.33,Loyal Customers
CUST-12050,709,8,4577.66,1,5,5,155,3.67,Loyal Customers
CUST-05484,708,2,65.72,1,1,1,111,1.0,Lost
CUST-10200,708,2,1771.13,1,1,3,113,1.67,Lost
CUST-03172,708,3,666.95,1,1,1,111,1.0,Lost
CUST-10334,708,3,1070.53,1,1,2,112,1.33,Lost
CUST-04744,708,3,1101.64,1,2,2,122,1.67,Lost
CUST-01067,708,4,1012.95,1,2,2,122,1.67,Lost
CUST-04485,708,7,4586.07,1,5,5,155,3.67,Loyal Customers
CUST-04665,707,2,828.52,1,1,2,112,1.33,Lost
CUST-01134,707,3,367.76,1,1,1,111,1.0,Lost
CUST-03042,707,3,606.23,1,1,1,111,1.0,Lost
CUST-07764,707,4,615.17,1,2,1,121,1.33,Lost
CUST-02482,706,4,1551.46,1,2,3,123,2.0,Lost
CUST-12650,706,7,899.22,1,4,2,142,2.33,Needs Attention
CUST-13808,705,3,930.9,1,1,2,112,1.33,Lost
CUST-09868,705,4,1375.0,1,2,2,122,1.67,Lost
CUST-14261,704,3,502.46,1,1,1,111,1.0,Lost
CUST-08648,704,3,543.21,1,1,1,111,1.0,Lost
CUST-06243,704,3,690.89,1,1,1,111,1.0,Lost
CUST-05100,704,4,473.32,1,2,1,121,1.33,Lost
CUST-00807,704,4,2160.45,1,2,4,124,2.33,Lost
CUST-14649,704,4,2637.45,1,3,4,134,2.67,At Risk
CUST-00024,704,4,3069.36,1,3,5,135,3.0,At Risk
CUST-08770,704,5,1187.97,1,3,2,132,2.0,Needs Attention
CUST-10173,704,6,1882.71,1,4,3,143,2.67,Loyal Customers
CUST-12559,704,6,2462.23,1,4,4,144,3.0,Loyal Customers
CUST-00843,703,3,1282.57,1,2,2,122,1.67,Lost
CUST-10801,703,4,641.89,1,2,1,121,1.33,Lost
CUST-12482,703,4,856.76,1,2,2,122,1.67,Lost
CUST-02123,703,4,1814.72,1,2,3,123,2.0,Lost
CUST-12245,703,4,2664.36,1,3,4,134,2.67,At Risk
CUST-07278,703,5,2248.85,1,3,4,134,2.67,At Risk
CUST-05012,703,6,2445.21,1,4,4,144,3.0,Loyal Customers
CUST-07121,703,6,5819.18,1,4,5,145,3.33,Loyal Customers
CUST-09641,702,4,817.47,1,2,2,122,1.67,Lost
CUST-03967,702,4,823.05,1,2,2,122,1.67,Lost
CUST-02200,702,4,2195.78,1,2,4,124,2.33,Lost
CUST-12874,701,4,419.68,1,2,1,121,1.33,Lost
CUST-01648,701,4,3381.18,1,3,5,135,3.0,At Risk
CUST-09265,701,5,1774.38,1,3,3,133,2.33,At Risk
CUST-12434,701,6,2080.67,1,4,4,144,3.0,Loyal Customers
CUST-03089,701,9,3982.89,1,5,5,155,3.67,Loyal Customers
CUST-13601,700,5,1732.45,1,3,3,133,2.33,At Risk
CUST-05600,699,2,1288.31,1,1,2,112,1.33,Lost
CUST-04653,699,3,783.83,1,1,2,112,1.33,Lost
CUST-10471,699,3,1618.1,1,2,3,123,2.0,Lost
CUST-04832,699,3,1692.78,1,2,3,123,2.0,Lost
CUST-04149,699,3,2193.67,1,2,4,124,2.33,Lost
CUST-11949,699,4,2667.26,1,3,4,134,2.67,At Risk
CUST-04228,699,4,3938.57,1,3,5,135,3.0,At Risk
CUST-12985,699,5,3964.12,1,4,5,145,3.33,Loyal Customers
CUST-07497,699,6,2379.47,1,4,4,144,3.0,Loyal Customers
CUST-06324,699,7,1291.59,1,4,2,142,2.33,Needs Attention
CUST-07517,699,7,2076.37,1,5,4,154,3.33,Loyal Customers
CUST-04677,699,9,4284.12,1,5,5,155,3.67,Loyal Customers
CUST-06210,698,2,1477.71,1,1,3,113,1.67,Lost
CUST-12803,698,3,2290.92,1,2,4,124,2.33,Lost
CUST-12046,698,4,708.84,1,2,1,121,1.33,Lost
CUST-14131,698,4,2006.94,1,2,3,123,2.0,Lost
CUST-08364,698,5,1110.49,1,3,2,132,2.0,Needs Attention
CUST-12738,698,5,1138.35,1,3,2,132,2.0,Needs Attention
CUST-04081,698,7,2459.39,1,5,4,154,3.33,Loyal Customers
CUST-00403,697,2,104.12,1,1,1,111,1.0,Lost
CUST-12413,697,2,157.45,1,1,1,111,1.0,Lost
CUST-14478,697,4,1323.91,1,2,2,122,1.67,Lost
CUST-03970,697,4,1941.68,1,2,3,123,2.0,Lost
CUST-13329,697,5,780.4,1,3,2,132,2.0,Needs Attention
CUST-12182,697,6,2348.76,1,4,4,144,3.0,Loyal Customers
CUST-05882,696,2,1404.13,1,1,3,113,1.67,Lost
CUST-03092,696,2,2459.42,1,1,4,114,2.0,Lost
CUST-04138,696,3,415.64,1,1,1,111,1.0,Lost
CUST-14794,696,3,673.76,1,1,1,111,1.0,Lost
CUST-07088,696,4,1007.92,1,2,2,122,1.67,Lost
CUST-05517,696,5,959.79,1,3,2,132,2.0,Needs Attention
CUST-00418,696,5,3694.48,1,3,5,135,3.0,At Risk
CUST-09205,696,8,2905.7,1,5,4,154,3.33,Loyal Customers
CUST-06722,695,2,295.08,1,1,1,111,1.0,Lost
CUST-13732,695,3,2316.09,1,2,4,124,2.33,Lost
CUST-10984,695,5,2330.33,1,3,4,134,2.67,At Risk
CUST-00128,695,5,5243.84,1,4,5,145,3.33,Loyal Customers
CUST-05715,694,3,640.37,1,1,1,111,1.0,Lost
CUST-11872,694,3,702.29,1,1,1,111,1.0,Lost
CUST-09745,694,4,610.62,1,2,1,121,1.33,Lost
CUST-10790,694,4,2271.61,1,2,4,124,2.33,Lost
CUST-11945,694,5,690.76,1,3,1,131,1.67,Needs Attention
CUST-13852,694,6,933.17,1,4,2,142,2.33,Needs Attention
CUST-06052,694,6,1030.89,1,4,2,142,2.33,Needs Attention
CUST-01660,693,2,1464.95,1,1,3,113,1.67,Lost
CUST-14807,693,3,875.79,1,1,2,112,1.33,Lost
CUST-02797,693,7,3575.02,1,5,5,155,3.67,Loyal Customers
CUST-14760,693,9,1911.51,1,5,3,153,3.0,Loyal Customers
CUST-08203,692,6,757.83,1,4,2,142,2.33,Needs Attention
CUST-00570,691,2,217.95,1,1,1,111,1.0,Lost
CUST-10350,691,2,1077.24,1,1,2,112,1.33,Lost
CUST-00679,691,3,486.54,1,1,1,111,1.0,Lost
CUST-09571,691,6,1401.49,1,4,3,143,2.67,Loyal Customers
CUST-09851,691,6,4511.55,1,4,5,145,3.33,Loyal Customers
CUST-03405,690,4,1758.16,1,2,3,123,2.0,Lost
CUST-00170,690,4,3801.76,1,3,5,135,3.0,At Risk
CUST-02354,690,10,4807.89,1,5,5,155,3.67,Loyal Customers
CUST-13051,689,5,1864.1,1,3,3,133,2.33,At Risk
CUST-06789,689,7,2728.22,1,5,4,154,3.33,Loyal Customers
CUST-04302,688,5,800.6,1,3,2,132,2.0,Needs Attention
CUST-01474,688,5,1425.05,1,3,3,133,2.33,At Risk
CUST-14422,688,6,4819.5,1,4,5,145,3.33,Loyal Customers
CUST-03584,687,4,2292.79,1,2,4,124,2.33,Lost
CUST-13393,686,4,2589.92,1,3,4,134,2.67,At Risk
CUST-08376,686,5,1285.91,1,3,2,132,2.0,Needs Attention
CUST-03355,685,2,265.98,1,1,1,111,1.0,Lost
CUST-14317,685,3,348.39,1,1,1,111,1.0,Lost
CUST-08178,685,4,548.7,1,2,1,121,1.33,Lost
CUST-04125,685,4,1654.64,1,2,3,123,2.0,Lost
CUST-08184,685,8,3313.65,1,5,5,155,3.67,Loyal Customers
CUST-09049,684,2,533.79,1,1,1,111,1.0,Lost
CUST-10022,684,2,1009.34,1,1,2,112,1.33,Lost
CUST-12138,684,4,614.73,1,2,1,121,1.33,Lost
CUST-09113,684,6,2188.65,1,4,4,144,3.0,Loyal Customers
CUST-08542,683,2,1120.07,1,1,2,112,1.33,Lost
CUST-03735,683,3,835.13,1,1,2,112,1.33,Lost
CUST-12638,683,4,1918.33,1,2,3,123,2.0,Lost
CUST-12810,683,5,1211.83,1,3,2,132,2.0,Needs Attention
CUST-09345,683,5,2664.22,1,3,4,134,2.67,At Risk
CUST-13222,683,5,4118.56,1,4,5,145,3.33,Loyal Customers
CUST-14724,683,6,4487.73,1,4,5,145,3.33,Loyal Customers
CUST-07567,683,9,3328.72,1,5,5,155,3.67,Loyal Customers
CUST-01818,682,3,1150.09,1,2,2,122,1.67,Lost
CUST-09087,682,4,288.77,1,2,1,121,1.33,Lost
CUST-07490,682,5,3872.8,1,4,5,145,3.33,Loyal Customers
CUST-01641,682,8,3603.07,1,5,5,155,3.67,Loyal Customers
CUST-12779,682,8,6692.8,1,5,5,155,3.67,Loyal Customers
CUST-03124,681,2,256.13,1,1,1,111,1.0,Lost
CUST-11829,681,2,335.94,1,1,1,111,1.0,Lost
CUST-06244,681,2,457.37,1,1,1,111,1.0,Lost
CUST-00092,681,3,1077.33,1,2,2,122,1.67,Lost
CUST-12968,681,4,1228.05,1,2,2,122,1.67,Lost
CUST-09452,681,6,2337.93,1,4,4,144,3.0,Loyal Customers
CUST-03544,680,3,396.66,1,1,1,111,1.0,Lost
CUST-10800,680,4,867.02,1,2,2,122,1.67,Lost
CUST-10585,680,4,1785.73,1,2,3,123,2.0,Lost
CUST-05833,680,5,499.61,1,3,1,131,1.67,Needs Attention
CUST-06444,680,5,1993.87,1,3,3,133,2.33,At Risk
CUST-04640,680,7,3402.86,1,5,5,155,3.67,Loyal Customers
CUST-04650,679,2,405.39,1,1,1,111,1.0,Lost
CUST-14154,679,2,476.81,1,1,1,111,1.0,Lost
CUST-00051,679,3,1133.2,1,2,2,122,1.67,Lost
CUST-12922,679,5,1438.55,1,3,3,133,2.33,At Risk
CUST-07294,679,5,2208.21,1,3,4,134,2.67,At Risk
CUST-01404,678,3,2458.97,1,2,4,124,2.33,Lost
CUST-07686,678,4,585.76,1,2,1,121,1.33,Lost
CUST-01480,678,5,2591.85,1,3,4,134,2.67,At Risk
CUST-00300,678,6,6577.07,1,4,5,145,3.33,Loyal Customers
CUST-02662,677,2,346.3,1,1,1,111,1.0,Lost
CUST-02989,677,2,510.31,1,1,1,111,1.0,Lost
CUST-00708,677,2,3033.96,1,1,5,115,2.33,Lost
CUST-14599,677,3,1620.03,1,2,3,123,2.0,Lost
CUST-00148,677,5,939.44,1,3,2,132,2.0,Needs Attention
CUST-13758,676,4,1093.44,1,2,2,122,1.67,Lost
CUST-08065,676,4,1110.64,1,2,2,122,1.67,Lost
CUST-09260,676,4,2668.87,1,3,4,134,2.67,At Risk
CUST-06656,676,8,2812.98,1,5,4,154,3.33,Loyal Customers
CUST-09817,675,3,1490.14,1,2,3,123,2.0,Lost
CUST-12745,675,3,2145.23,1,2,4,124,2.33,Lost
CUST-02100,675,4,1698.59,1,2,3,123,2.0,Lost
CUST-11566,675,4,1968.18,1,2,3,123,2.0,Lost
CUST-04221,675,5,1976.69,1,3,3,133,2.33,At Risk
CUST-02988,675,5,2665.39,1,3,4,134,2.67,At Risk
CUST-12996,675,7,1215.31,1,4,2,142,2.33,Needs Attention
CUST-12092,675,9,4513.89,1,5,5,155,3.67,Loyal Customers
CUST-10895,674,3,2162.15,1,2,4,124,2.33,Lost
CUST-08186,674,4,504.64,1,2,1,121,1.33,Lost
CUST-05706,673,2,326.52,1,1,1,111,1.0,Lost
CUST-01666,673,2,431.82,1,1,1,111,1.0,Lost
CUST-07238,673,2,535.04,1,1,1,111,1.0,Lost
CUST-04073,673,3,467.64,1,1,1,111,1.0,Lost
CUST-07883,673,3,913.41,1,1,2,112,1.33,Lost
CUST-03104,673,4,296.17,1,2,1,121,1.33,Lost
CUST-14572,673,4,1175.94,1,2,2,122,1.67,Lost
CUST-07076,673,4,1456.93,1,2,3,123,2.0,Lost
CUST-01953,673,4,1984.99,1,2,3,123,2.0,Lost
CUST-13722,673,4,2101.34,1,2,4,124,2.33,Lost
CUST-01972,673,5,866.35,1,3,2,132,2.0,Needs Attention
CUST-02629,673,5,1713.07,1,3,3,133,2.33,At Risk
CUST-09792,673,6,874.86,1,4,2,142,2.33,Needs Attention
CUST-05480,673,6,3358.2,1,4,5,145,3.33,Loyal Customers
CUST-13196,673,7,1365.15,1,4,2,142,2.33,Needs Attention
CUST-14735,672,2,560.16,1,1,1,111,1.0,Lost
CUST-13563,672,3,1363.8,1,2,2,122,1.67,Lost
CUST-06262,672,3,1455.49,1,2,3,123,2.0,Lost
CUST-09426,672,4,1992.55,1,2,3,123,2.0,Lost
CUST-02799,672,4,3028.86,1,3,5,135,3.0,At Risk
CUST-13488,672,5,1237.97,1,3,2,132,2.0,Needs Attention
CUST-00967,672,5,3243.35,1,3,5,135,3.0,At Risk
CUST-01802,672,6,1339.81,1,4,2,142,2.33,Needs Attention
CUST-14179,672,7,3674.24,1,5,5,155,3.67,Loyal Customers
CUST-01374,671,2,783.75,1,1,2,112,1.33,Lost
CUST-08600,671,3,207.44,1,1,1,111,1.0,Lost
CUST-09847,671,3,504.04,1,1,1,111,1.0,Lost
CUST-05785,671,3,918.61,1,1,2,112,1.33,Lost
CUST-01422,671,3,930.75,1,1,2,112,1.33,Lost
CUST-04130,671,7,3833.85,1,5,5,155,3.67,Loyal Customers
CUST-08294,670,2,203.76,1,1,1,111,1.0,Lost
CUST-05879,670,3,1845.47,1,2,3,123,2.0,Lost
CUST-00214,670,3,2014.53,1,2,3,123,2.0,Lost
CUST-11643,670,6,1047.45,1,4,2,142,2.33,Needs Attention
CUST-04064,669,4,805.12,1,2,2,122,1.67,Lost
CUST-13870,669,4,1257.77,1,2,2,122,1.67,Lost
CUST-07297,669,5,748.93,1,3,1,131,1.67,Needs Attention
CUST-02511,668,2,417.29,1,1,1,111,1.0,Lost
CUST-11502,668,3,1400.12,1,2,3,123,2.0,Lost
CUST-13974,668,4,1120.09,1,2,2,122,1.67,Lost
CUST-11278,668,6,3766.01,1,4,5,145,3.33,Loyal Customers
CUST-14395,667,2,1013.68,1,1,2,112,1.33,Lost
CUST-03605,667,2,1382.08,1,1,2,112,1.33,Lost
CUST-11824,667,3,827.43,1,1,2,112,1.33,Lost
CUST-02434,667,3,1312.86,1,2,2,122,1.67,Lost
CUST-12921,667,5,2008.83,1,3,3,133,2.33,At Risk
CUST-00638,667,6,1429.44,1,4,3,143,2.67,Loyal Customers
CUST-11146,666,2,2103.35,1,1,4,114,2.0,Lost
CUST-01397,666,3,878.7,1,1,2,112,1.33,Lost
CUST-02522,666,9,3655.6,1,5,5,155,3.67,Loyal Customers
CUST-02909,665,4,566.45,1,2,1,121,1.33,Lost
CUST-11196,665,5,1216.06,1,3,2,132,2.0,Needs Attention
CUST-05820,665,5,3813.83,1,4,5,145,3.33,Loyal Customers
CUST-11182,665,7,2183.82,1,5,4,154,3.33,Loyal Customers
CUST-04146,665,8,4159.03,1,5,5,155,3.67,Loyal Customers
CUST-07334,664,2,117.15,1,1,1,111,1.0,Lost
CUST-08692,664,2,463.72,1,1,1,111,1.0,Lost
CUST-09758,664,2,956.96,1,1,2,112,1.33,Lost
CUST-13986,664,3,1427.78,1,2,3,123,2.0,Lost
CUST-13235,664,4,684.95,1,2,1,121,1.33,Lost
CUST-13138,664,4,2508.83,1,3,4,134,2.67,At Risk
CUST-04121,664,9,2665.36,1,5,4,154,3.33,Loyal Customers
CUST-10462,663,2,1203.6,1,1,2,112,1.33,Lost
CUST-14078,663,6,1596.34,1,4,3,143,2.67,Loyal Customers
CUST-08946,663,6,2773.11,1,4,4,144,3.0,Loyal Customers
CUST-07581,662,2,1778.8,1,1,3,113,1.67,Lost
CUST-04255,662,4,2099.8,1,2,4,124,2.33,Lost
CUST-13891,662,4,2423.1,1,3,4,134,2.67,At Risk
CUST-00337,662,5,2550.77,1,3,4,134,2.67,At Risk
CUST-11252,661,2,1868.6,1,1,3,113,1.67,Lost
CUST-12696,661,6,875.72,1,4,2,142,2.33,Needs Attention
CUST-04460,661,6,2740.28,1,4,4,144,3.0,Loyal Customers
CUST-14505,661,7,883.51,1,4,2,142,2.33,Needs Attention
CUST-07952,660,2,528.52,1,1,1,111,1.0,Lost
CUST-03923,660,3,904.7,1,1,2,112,1.33,Lost
CUST-11340,660,3,2220.7,1,2,4,124,2.33,Lost
CUST-01037,660,3,2229.62,1,2,4,124,2.33,Lost
CUST-03210,660,4,1729.37,1,2,3,123,2.0,Lost
CUST-10833,660,4,1795.27,1,2,3,123,2.0,Lost
CUST-09536,659,3,245.3,1,1,1,111,1.0,Lost
CUST-14036,659,4,827.67,1,2,2,122,1.67,Lost
CUST-09213,659,5,4075.38,1,4,5,145,3.33,Loyal Customers
CUST-12609,659,6,1452.9,1,4,3,143,2.67,Loyal Customers
CUST-11735,659,6,2097.75,1,4,4,144,3.0,Loyal Customers
CUST-13468,658,2,597.9,1,1,1,111,1.0,Lost
CUST-00062,658,4,355.11,1,2,1,121,1.33,Lost
CUST-10249,658,5,2276.52,1,3,4,134,2.67,At Risk
CUST-11562,658,5,3483.21,1,3,5,135,3.0,At Risk
CUST-14919,658,5,5442.56,1,4,5,145,3.33,Loyal Customers
CUST-06076,657,2,154.41,1,1,1,111,1.0,Lost
CUST-02773,657,3,1807.82,1,2,3,123,2.0,Lost
CUST-02767,657,4,215.97,1,2,1,121,1.33,Lost
CUST-13851,657,5,2259.68,1,3,4,134,2.67,At Risk
CUST-07446,656,2,1172.95,1,1,2,112,1.33,Lost
CUST-10225,656,2,1596.58,1,1,3,113,1.67,Lost
CUST-07043,656,4,433.63,1,2,1,121,1.33,Lost
CUST-10687,656,4,494.8,1,2,1,121,1.33,Lost
CUST-05432,656,4,535.63,1,2,1,121,1.33,Lost
CUST-10118,656,4,3184.6,1,3,5,135,3.0,At Risk
CUST-04584,656,6,1086.48,1,4,2,142,2.33,Needs Attention
CUST-04947,656,8,2464.61,1,5,4,154,3.33,Loyal Customers
CUST-09779,655,2,270.11,1,1,1,111,1.0,Lost
CUST-00141,655,4,519.74,1,2,1,121,1.33,Lost
CUST-10266,655,5,1164.39,1,3,2,132,2.0,Needs Attention
CUST-02367,655,5,4282.89,1,4,5,145,3.33,Loyal Customers
CUST-09838,655,8,4078.96,1,5,5,155,3.67,Loyal Customers
CUST-06880,654,2,153.6,1,1,1,111,1.0,Lost
CUST-07603,654,2,375.38,1,1,1,111,1.0,Lost
CUST-02647,654,3,221.0,1,1,1,111,1.0,Lost
CUST-12577,654,3,409.07,1,1,1,111,1.0,Lost
CUST-11662,654,3,1589.76,1,2,3,123,2.0,Lost
CUST-00919,654,3,1996.46,1,2,3,123,2.0,Lost
CUST-06791,654,4,486.85,1,2,1,121,1.33,Lost
CUST-07830,654,4,651.67,1,2,1,121,1.33,Lost
CUST-11504,654,5,2075.3,1,3,4,134,2.67,At Risk
CUST-06384,654,6,4902.07,1,4,5,145,3.33,Loyal Customers
CUST-06841,654,8,1588.6,1,5,3,153,3.0,Loyal Customers
CUST-07421,653,2,207.45,1,1,1,111,1.0,Lost
CUST-02745,653,2,555.8,1,1,1,111,1.0,Lost
CUST-12707,653,5,869.54,1,3,2,132,2.0,Needs Attention
CUST-02501,653,7,3000.11,1,5,4,154,3.33,Loyal Customers
CUST-14690,653,9,4164.1,1,5,5,155,3.67,Loyal Customers
CUST-04393,652,6,1575.34,1,4,3,143,2.67,Loyal Customers
CUST-07552,652,8,2501.89,1,5,4,154,3.33,Loyal Customers
CUST-07728,651,2,1206.75,1,1,2,112,1.33,Lost
CUST-00071,651,2,1425.22,1,1,3,113,1.67,Lost
CUST-14551,651,3,510.91,1,1,1,111,1.0,Lost
CUST-04148,650,2,183.94,1,1,1,111,1.0,Lost
CUST-14015,650,3,770.9,1,1,2,112,1.33,Lost
CUST-13379,650,8,1455.85,1,5,3,153,3.0,Loyal Customers
CUST-12825,649,2,947.77,1,1,2,112,1.33,Lost
CUST-12852,649,3,1331.92,1,2,2,122,1.67,Lost
CUST-07260,649,4,788.67,1,2,2,122,1.67,Lost
CUST-01180,649,6,2398.47,1,4,4,144,3.0,Loyal Customers
CUST-06830,649,7,2269.9,1,5,4,154,3.33,Loyal Customers
CUST-14421,648,3,438.42,1,1,1,111,1.0,Lost
CUST-03687,648,3,3606.42,1,2,5,125,2.67,Lost
CUST-07272,648,4,881.13,1,2,2,122,1.67,Lost
CUST-08447,648,4,2096.07,1,2,4,124,2.33,Lost
CUST-11726,648,4,4525.28,1,3,5,135,3.0,At Risk
CUST-04383,648,5,3011.11,1,3,5,135,3.0,At Risk
CUST-10435,648,6,1782.16,1,4,3,143,2.67,Loyal Customers
CUST-13698,648,6,3903.85,1,4,5,145,3.33,Loyal Customers
CUST-08677,648,8,1020.13,1,5,2,152,2.67,Needs Attention
CUST-08308,647,2,439.04,1,1,1,111,1.0,Lost
CUST-04459,647,3,776.78,1,1,2,112,1.33,Lost
CUST-01887,647,3,2212.84,1,2,4,124,2.33,Lost
CUST-10752,647,4,538.53,1,2,1,121,1.33,Lost
CUST-03867,647,4,3214.27,1,3,5,135,3.0,At Risk
CUST-11267,646,2,810.99,1,1,2,112,1.33,Lost
CUST-12275,646,4,632.79,1,2,1,121,1.33,Lost
CUST-08369,645,2,1464.19,1,1,3,113,1.67,Lost
CUST-10414,645,2,2052.47,1,1,3,113,1.67,Lost
CUST-11328,645,3,373.61,1,1,1,111,1.0,Lost
CUST-05681,645,3,576.02,1,1,1,111,1.0,Lost
CUST-11549,645,4,1070.86,1,2,2,122,1.67,Lost
CUST-09616,644,2,1124.27,1,1,2,112,1.33,Lost
CUST-03663,644,3,1129.55,1,2,2,122,1.67,Lost
CUST-13433,644,4,380.37,1,2,1,121,1.33,Lost
CUST-05266,644,5,1410.55,1,3,3,133,2.33,At Risk
CUST-00469,644,5,1842.93,1,3,3,133,2.33,At Risk
CUST-05954,644,6,1251.79,1,4,2,142,2.33,Needs Attention
CUST-09802,644,6,4022.21,1,4,5,145,3.33,Loyal Customers
CUST-07706,643,3,341.47,1,1,1,111,1.0,Lost
CUST-02402,643,3,1515.06,1,2,3,123,2.0,Lost
CUST-05581,643,4,992.94,1,2,2,122,1.67,Lost
CUST-14743,643,5,4621.74,1,4,5,145,3.33,Loyal Customers
CUST-13093,642,2,150.45,1,1,1,111,1.0,Lost
CUST-05240,642,2,610.07,1,1,1,111,1.0,Lost
CUST-00898,642,3,1318.17,1,2,2,122,1.67,Lost
CUST-01628,642,4,548.13,1,2,1,121,1.33,Lost
CUST-11186,642,5,690.22,1,3,1,131,1.67,Needs Attention
CUST-08551,642,6,2955.7,1,4,4,144,3.0,Loyal Customers
CUST-01587,641,4,3059.56,1,3,5,135,3.0,At Risk
CUST-06391,641,7,1598.15,1,4,3,143,2.67,Loyal Customers
CUST-04044,641,7,2304.8,1,5,4,154,3.33,Loyal Customers
CUST-12622,641,7,2545.82,1,5,4,154,3.33,Loyal Customers
CUST-04486,640,4,435.77,1,2,1,121,1.33,Lost
CUST-00746,640,5,4753.32,1,4,5,145,3.33,Loyal Customers
CUST-14308,640,6,2295.68,1,4,4,144,3.0,Loyal Customers
CUST-08231,640,7,1419.8,1,4,3,143,2.67,Loyal Customers
CUST-11367,639,2,363.19,1,1,1,111,1.0,Lost
CUST-08622,639,2,508.69,1,1,1,111,1.0,Lost
CUST-08291,639,3,1018.04,1,1,2,112,1.33,Lost
CUST-12084,639,4,2380.14,1,2,4,124,2.33,Lost
CUST-05813,639,7,1157.68,1,4,2,142,2.33,Needs Attention
CUST-05799,639,7,2170.85,1,5,4,154,3.33,Loyal Customers
CUST-03980,639,7,3012.86,1,5,5,155,3.67,Loyal Customers
CUST-05440,638,2,404.93,1,1,1,111,1.0,Lost
CUST-13186,638,4,966.7,1,2,2,122,1.67,Lost
CUST-04470,638,4,2088.13,1,2,4,124,2.33,Lost
CUST-14042,638,4,3386.56,1,3,5,135,3.0,At Risk
CUST-07194,638,5,2340.82,1,3,4,134,2.67,At Risk
CUST-10544,637,3,380.92,1,1,1,111,1.0,Lost
CUST-13644,637,3,532.56,1,1,1,111,1.0,Lost
CUST-13206,637,3,535.31,1,1,1,111,1.0,Lost
CUST-06874,637,4,1983.61,1,2,3,123,2.0,Lost
CUST-14005,637,4,2290.76,1,2,4,124,2.33,Lost
CUST-13900,637,8,1077.75,1,5,2,152,2.67,Needs Attention
CUST-11909,636,2,892.58,1,1,2,112,1.33,Lost
CUST-07724,636,3,1513.24,1,2,3,123,2.0,Lost
CUST-03071,636,4,698.68,1,2,1,121,1.33,Lost
CUST-14290,636,5,822.74,1,3,2,132,2.0,Needs Attention
CUST-00979,635,2,197.78,1,1,1,111,1.0,Lost
CUST-07503,635,2,265.87,1,1,1,111,1.0,Lost
CUST-11812,635,2,343.68,1,1,1,111,1.0,Lost
CUST-10788,635,5,2006.59,1,3,3,133,2.33,At Risk
CUST-06572,634,2,941.17,1,1,2,112,1.33,Lost
CUST-00270,634,2,2643.0,1,1,4,114,2.0,Lost
CUST-07781,634,3,1754.91,1,2,3,123,2.0,Lost
CUST-12398,634,4,1138.69,1,2,2,122,1.67,Lost
CUST-10081,633,2,549.2,1,1,1,111,1.0,Lost
CUST-13869,633,4,1961.27,1,2,3,123,2.0,Lost
CUST-13779,633,5,1376.85,1,3,2,132,2.0,Needs Attention
CUST-14781,632,2,206.67,1,1,1,111,1.0,Lost
CUST-00907,632,2,295.94,1,1,1,111,1.0,Lost
CUST-06181,632,3,696.92,1,1,1,111,1.0,Lost
CUST-09117,632,3,1007.18,1,1,2,112,1.33,Lost
CUST-01350,632,3,1127.83,1,2,2,122,1.67,Lost
CUST-12991,631,2,259.63,1,1,1,111,1.0,Lost
CUST-10144,631,3,1045.97,1,1,2,112,1.33,Lost
CUST-09044,631,6,625.05,1,4,1,141,2.0,Needs Attention
CUST-06044,631,6,2667.08,1,4,4,144,3.0,Loyal Customers
CUST-00383,631,6,3309.66,1,4,5,145,3.33,Loyal Customers
CUST-10499,631,8,4003.79,1,5,5,155,3.67,Loyal Customers
CUST-09675,630,2,710.11,1,1,1,111,1.0,Lost
CUST-07788,630,3,390.69,1,1,1,111,1.0,Lost
CUST-08395,630,4,901.99,1,2,2,122,1.67,Lost
CUST-13022,630,5,990.37,1,3,2,132,2.0,Needs Attention
CUST-13503,630,5,1281.54,1,3,2,132,2.0,Needs Attention
CUST-12695,630,5,1844.43,1,3,3,133,2.33,At Risk
CUST-10235,630,6,1553.4,1,4,3,143,2.67,Loyal Customers
CUST-11564,629,2,141.23,1,1,1,111,1.0,Lost
CUST-12804,629,5,2497.78,1,3,4,134,2.67,At Risk
CUST-08384,629,7,4289.17,1,5,5,155,3.67,Loyal Customers
CUST-07230,629,8,4122.67,1,5,5,155,3.67,Loyal Customers
CUST-13056,628,4,1174.22,1,2,2,122,1.67,Lost
CUST-10251,628,5,820.67,1,3,2,132,2.0,Needs Attention
CUST-09043,628,7,1269.66,1,4,2,142,2.33,Needs Attention
CUST-03183,628,7,1464.77,1,4,3,143,2.67,Loyal Customers
CUST-00922,628,7,2810.72,1,5,4,154,3.33,Loyal Customers
CUST-14803,627,2,669.61,1,1,1,111,1.0,Lost
CUST-14393,627,3,1883.49,1,2,3,123,2.0,Lost
CUST-11694,627,4,659.11,1,2,1,121,1.33,Lost
CUST-14318,627,5,1649.51,1,3,3,133,2.33,At Risk
CUST-04310,627,5,4067.68,1,4,5,145,3.33,Loyal Customers
CUST-13184,627,6,485.21,1,4,1,141,2.0,Needs Attention
CUST-02235,627,7,3029.92,1,5,5,155,3.67,Loyal Customers
CUST-05558,626,3,372.71,1,1,1,111,1.0,Lost
CUST-11993,626,3,2179.35,1,2,4,124,2.33,Lost
CUST-06660,626,4,823.0,1,2,2,122,1.67,Lost
CUST-12531,625,2,674.51,1,1,1,111,1.0,Lost
CUST-08107,625,2,1360.51,1,1,2,112,1.33,Lost
CUST-01819,625,4,697.92,1,2,1,121,1.33,Lost
CUST-05058,625,4,1842.8,1,2,3,123,2.0,Lost
CUST-06992,625,5,989.21,1,3,2,132,2.0,Needs Attention
CUST-08922,624,3,1268.77,1,2,2,122,1.67,Lost
CUST-05251,624,4,1546.91,1,2,3,123,2.0,Lost
CUST-04489,624,5,1353.72,1,3,2,132,2.0,Needs Attention
CUST-01926,624,6,1566.92,1,4,3,143,2.67,Loyal Customers
CUST-06757,624,7,869.77,1,4,2,142,2.33,Needs Attention
CUST-12254,623,4,3184.38,1,3,5,135,3.0,At Risk
CUST-14023,623,5,2277.94,1,3,4,134,2.67,At Risk
CUST-11098,623,5,3598.47,1,3,5,135,3.0,At Risk
CUST-09201,623,6,2072.45,1,4,4,144,3.0,Loyal Customers
CUST-02449,622,2,1879.56,1,1,3,113,1.67,Lost
CUST-06083,622,2,2190.98,1,1,4,114,2.0,Lost
CUST-01308,622,4,1608.06,1,2,3,123,2.0,Lost
CUST-11936,622,5,2052.35,1,3,3,133,2.33,At Risk
CUST-10803,622,6,1276.06,1,4,2,142,2.33,Needs Attention
CUST-14620,622,6,2410.66,1,4,4,144,3.0,Loyal Customers
CUST-11047,622,7,728.33,1,4,1,141,2.0,Needs Attention
CUST-10481,622,7,4602.23,1,5,5,155,3.67,Loyal Customers
CUST-13995,621,4,618.09,1,2,1,121,1.33,Lost
CUST-11371,620,3,253.25,1,1,1,111,1.0,Lost
CUST-08001,620,6,1769.66,1,4,3,143,2.67,Loyal Customers
CUST-11050,620,7,3362.11,1,5,5,155,3.67,Loyal Customers
CUST-12503,619,2,233.79,1,1,1,111,1.0,Lost
CUST-09915,619,2,387.61,1,1,1,111,1.0,Lost
CUST-03062,619,3,481.88,1,1,1,111,1.0,Lost
CUST-03627,619,3,812.5,1,1,2,112,1.33,Lost
CUST-05878,619,3,1863.07,1,2,3,123,2.0,Lost
CUST-00573,619,4,1480.04,1,2,3,123,2.0,Lost
CUST-14030,619,5,2581.47,1,3,4,134,2.67,At Risk
CUST-09970,619,8,1626.43,1,5,3,153,3.0,Loyal Customers
CUST-07220,618,4,775.6,1,2,2,122,1.67,Lost
CUST-13040,618,4,3034.38,1,3,5,135,3.0,At Risk
CUST-14787,618,5,1193.38,1,3,2,132,2.0,Needs Attention
CUST-04169,617,3,1318.29,1,2,2,122,1.67,Lost
CUST-06463,617,3,1671.26,1,2,3,123,2.0,Lost
CUST-05769,617,3,1676.64,1,2,3,123,2.0,Lost
CUST-14150,617,4,416.2,1,2,1,121,1.33,Lost
CUST-02241,617,5,1346.28,1,3,2,132,2.0,Needs Attention
CUST-07717,617,7,2033.31,1,4,3,143,2.67,Loyal Customers
CUST-03483,617,8,2948.54,1,5,4,154,3.33,Loyal Customers
CUST-04117,617,9,4668.46,1,5,5,155,3.67,Loyal Customers
CUST-02621,616,2,306.41,1,1,1,111,1.0,Lost
CUST-05756,615,2,226.76,1,1,1,111,1.0,Lost
CUST-08866,615,3,1097.8,1,2,2,122,1.67,Lost
CUST-04945,615,4,1095.39,1,2,2,122,1.67,Lost
CUST-14594,614,2,208.67,1,1,1,111,1.0,Lost
CUST-00291,614,2,544.62,1,1,1,111,1.0,Lost
CUST-09060,614,4,697.9,1,2,1,121,1.33,Lost
CUST-06196,614,4,918.26,1,2,2,122,1.67,Lost
CUST-14762,614,4,1671.33,1,2,3,123,2.0,Lost
CUST-10119,614,5,993.63,1,3,2,132,2.0,Needs Attention
CUST-00105,614,5,1857.71,1,3,3,133,2.33,At Risk
CUST-03261,614,5,2753.56,1,3,4,134,2.67,At Risk
CUST-14985,614,5,7022.84,1,4,5,145,3.33,Loyal Customers
CUST-06318,614,6,2026.97,1,4,3,143,2.67,Loyal Customers
CUST-06891,614,7,1581.88,1,4,3,143,2.67,Loyal Customers
CUST-02728,613,2,66.11,1,1,1,111,1.0,Lost
CUST-09875,613,2,323.36,1,1,1,111,1.0,Lost
CUST-06211,613,2,389.71,1,1,1,111,1.0,Lost
CUST-07002,613,3,811.21,1,1,2,112,1.33,Lost
CUST-13775,613,4,3401.96,1,3,5,135,3.0,At Risk
CUST-11431,613,6,1597.99,1,4,3,143,2.67,Loyal Customers
CUST-04309,613,6,1598.19,1,4,3,143,2.67,Loyal Customers
CUST-08748,613,6,2593.98,1,4,4,144,3.0,Loyal Customers
CUST-10639,613,6,3765.28,1,4,5,145,3.33,Loyal Customers
CUST-14829,612,2,833.62,1,1,2,112,1.33,Lost
CUST-01248,612,2,1914.08,1,1,3,113,1.67,Lost
CUST-01289,612,4,1296.91,1,2,2,122,1.67,Lost
CUST-08520,612,4,1750.13,1,2,3,123,2.0,Lost
CUST-05931,612,5,1514.89,1,3,3,133,2.33,At Risk
CUST-09835,611,2,199.91,1,1,1,111,1.0,Lost
CUST-10806,611,2,1002.72,1,1,2,112,1.33,Lost
CUST-01577,611,2,1793.43,1,1,3,113,1.67,Lost
CUST-01223,611,3,575.76,1,1,1,111,1.0,Lost
CUST-14004,611,3,1550.33,1,2,3,123,2.0,Lost
CUST-08855,611,4,170.51,1,2,1,121,1.33,Lost
CUST-05690,611,5,938.58,1,3,2,132,2.0,Needs Attention
CUST-04051,611,5,1096.17,1,3,2,132,2.0,Needs Attention
CUST-13578,611,5,1816.54,1,3,3,133,2.33,At Risk
CUST-00073,611,5,1883.8,1,3,3,133,2.33,At Risk
CUST-05952,611,6,3126.97,1,4,5,145,3.33,Loyal Customers
CUST-04765,610,3,886.44,1,1,2,112,1.33,Lost
CUST-06085,610,6,5183.9,1,4,5,145,3.33,Loyal Customers
CUST-13242,609,3,1522.09,1,2,3,123,2.0,Lost
CUST-02322,609,4,636.15,1,2,1,121,1.33,Lost
CUST-07333,609,4,3265.24,1,3,5,135,3.0,At Risk
CUST-07850,609,6,3984.27,1,4,5,145,3.33,Loyal Customers
CUST-10649,609,8,1425.12,1,5,3,153,3.0,Loyal Customers
CUST-03051,609,9,4681.43,1,5,5,155,3.67,Loyal Customers
CUST-06825,608,3,483.96,1,1,1,111,1.0,Lost
CUST-03612,608,3,1750.29,1,2,3,123,2.0,Lost
CUST-14163,608,3,2179.79,1,2,4,124,2.33,Lost
CUST-10270,608,4,1816.26,1,2,3,123,2.0,Lost
CUST-03919,608,5,5692.75,1,4,5,145,3.33,Loyal Customers
CUST-13840,608,10,7790.38,1,5,5,155,3.67,Loyal Customers
CUST-05731,607,2,507.51,1,1,1,111,1.0,Lost
CUST-08170,607,4,939.97,1,2,2,122,1.67,Lost
CUST-00567,607,4,1419.42,1,2,3,123,2.0,Lost
CUST-12386,607,5,1452.28,1,3,3,133,2.33,At Risk
CUST-02999,607,5,1490.17,1,3,3,133,2.33,At Risk
CUST-00415,606,2,1667.26,1,1,3,113,1.67,Lost
CUST-14864,606,3,1424.03,1,2,3,123,2.0,Lost
CUST-02495,606,3,2075.56,1,2,4,124,2.33,Lost
CUST-06606,606,4,350.53,1,2,1,121,1.33,Lost
CUST-14513,606,5,1392.69,1,3,3,133,2.33,At Risk
CUST-00787,606,5,2258.1,1,3,4,134,2.67,At Risk
CUST-02509,606,5,2359.47,1,3,4,134,2.67,At Risk
CUST-10753,605,2,542.39,1,1,1,111,1.0,Lost
CUST-00303,605,2,799.25,1,1,2,112,1.33,Lost
CUST-00633,605,3,1955.58,1,2,3,123,2.0,Lost
CUST-09820,605,6,1658.7,1,4,3,143,2.67,Loyal Customers
CUST-14851,605,6,2250.89,1,4,4,144,3.0,Loyal Customers
CUST-09365,604,2,241.89,1,1,1,111,1.0,Lost
CUST-02371,604,2,1058.96,1,1,2,112,1.33,Lost
CUST-11918,604,2,2590.43,1,1,4,114,2.0,Lost
CUST-11357,604,3,1347.52,1,2,2,122,1.67,Lost
CUST-09947,604,4,1233.89,1,2,2,122,1.67,Lost
CUST-11811,604,6,1745.93,1,4,3,143,2.67,Loyal Customers
CUST-13522,604,6,2324.91,1,4,4,144,3.0,Loyal Customers
CUST-10651,603,3,360.72,1,1,1,111,1.0,Lost
CUST-06778,603,3,924.35,1,1,2,112,1.33,Lost
CUST-11465,603,3,1020.54,1,1,2,112,1.33,Lost
CUST-04810,603,4,465.68,1,2,1,121,1.33,Lost
CUST-07630,603,4,836.76,1,2,2,122,1.67,Lost
CUST-14240,603,4,1050.6,1,2,2,122,1.67,Lost
CUST-13299,602,3,160.98,1,1,1,111,1.0,Lost
CUST-09131,602,3,312.61,1,1,1,111,1.0,Lost
CUST-02309,602,3,1949.47,1,2,3,123,2.0,Lost
CUST-12935,602,4,2453.65,1,3,4,134,2.67,At Risk
CUST-03148,602,5,735.39,1,3,1,131,1.67,Needs Attention
CUST-11269,602,5,1827.61,1,3,3,133,2.33,At Risk
CUST-05783,602,5,2476.82,1,3,4,134,2.67,At Risk
CUST-12414,602,6,1480.3,1,4,3,143,2.67,Loyal Customers
CUST-01136,601,3,1025.73,1,1,2,112,1.33,Lost
CUST-07885,601,4,354.54,1,2,1,121,1.33,Lost
CUST-06777,601,4,1107.23,1,2,2,122,1.67,Lost
CUST-02440,601,5,919.59,1,3,2,132,2.0,Needs Attention
CUST-07342,601,6,2324.15,1,4,4,144,3.0,Loyal Customers
CUST-05207,601,6,2595.79,1,4,4,144,3.0,Loyal Customers
CUST-05462,601,9,2497.56,1,5,4,154,3.33,Loyal Customers
CUST-02800,600,2,408.62,1,1,1,111,1.0,Lost
CUST-01600,600,2,642.11,1,1,1,111,1.0,Lost
CUST-08932,600,5,1907.67,1,3,3,133,2.33,At Risk
CUST-10530,600,5,1944.07,1,3,3,133,2.33,At Risk
CUST-01110,599,3,518.73,1,1,1,111,1.0,Lost
CUST-14847,599,3,889.94,1,1,2,112,1.33,Lost
CUST-03509,599,3,1109.53,1,2,2,122,1.67,Lost
CUST-11409,599,4,1918.36,1,2,3,123,2.0,Lost
CUST-01061,599,5,636.55,1,3,1,131,1.67,Needs Attention
CUST-08192,598,2,471.41,1,1,1,111,1.0,Lost
CUST-01411,598,2,630.08,1,1,1,111,1.0,Lost
CUST-12145,598,2,1842.7,1,1,3,113,1.67,Lost
CUST-14035,598,3,2652.72,1,2,4,124,2.33,Lost
CUST-04900,598,5,828.75,1,3,2,132,2.0,Needs Attention
CUST-09054,597,3,600.81,1,1,1,111,1.0,Lost
CUST-00884,597,3,1336.19,1,2,2,122,1.67,Lost
CUST-08518,597,3,2932.03,1,2,4,124,2.33,Lost
CUST-09315,597,4,4203.55,1,3,5,135,3.0,At Risk
CUST-09732,596,2,1999.52,1,1,3,113,1.67,Lost
CUST-07966,596,3,1663.84,1,2,3,123,2.0,Lost
CUST-02889,596,5,3096.11,1,3,5,135,3.0,At Risk
CUST-08363,596,6,1403.49,1,4,3,143,2.67,Loyal Customers
CUST-02577,596,6,2635.0,1,4,4,144,3.0,Loyal Customers
CUST-13422,595,2,1513.43,1,1,3,113,1.67,Lost
CUST-09179,595,2,1650.76,1,1,3,113,1.67,Lost
CUST-13930,595,2,1913.65,1,1,3,113,1.67,Lost
CUST-07161,595,3,1710.85,1,2,3,123,2.0,Lost
CUST-11394,595,3,1953.13,1,2,3,123,2.0,Lost
CUST-04639,595,5,1946.92,1,3,3,133,2.33,At Risk
CUST-07058,595,5,2239.75,1,3,4,134,2.67,At Risk
CUST-11691,595,5,2647.07,1,3,4,134,2.67,At Risk
CUST-00744,595,6,3106.69,1,4,5,145,3.33,Loyal Customers
CUST-13907,594,2,124.19,1,1,1,111,1.0,Lost
CUST-10782,594,2,518.88,1,1,1,111,1.0,Lost
CUST-11227,594,2,1402.36,1,1,3,113,1.67,Lost
CUST-04591,594,3,146.15,1,1,1,111,1.0,Lost
CUST-10206,594,3,1779.15,1,2,3,123,2.0,Lost
CUST-13714,594,4,2581.77,1,3,4,134,2.67,At Risk
CUST-12276,594,5,1582.2,1,3,3,133,2.33,At Risk
CUST-06420,594,5,4010.61,1,4,5,145,3.33,Loyal Customers
CUST-07577,594,6,1386.39,1,4,2,142,2.33,Needs Attention
CUST-05486,594,6,1627.04,1,4,3,143,2.67,Loyal Customers
CUST-12569,594,8,3147.25,1,5,5,155,3.67,Loyal Customers
CUST-02805,593,2,325.75,1,1,1,111,1.0,Lost
CUST-06125,593,2,2182.89,1,1,4,114,2.0,Lost
CUST-01251,593,3,430.71,1,1,1,111,1.0,Lost
CUST-10780,593,5,618.68,1,3,1,131,1.67,Needs Attention
CUST-04468,593,5,1586.09,1,3,3,133,2.33,At Risk
CUST-03023,592,3,1847.32,1,2,3,123,2.0,Lost
CUST-13701,592,3,2043.11,1,2,3,123,2.0,Lost
CUST-02259,592,3,2427.94,1,2,4,124,2.33,Lost
CUST-06421,592,4,566.24,1,2,1,121,1.33,Lost
CUST-01131,592,5,1022.49,1,3,2,132,2.0,Needs Attention
CUST-09957,591,2,867.91,1,1,2,112,1.33,Lost
CUST-02561,591,3,780.13,1,1,2,112,1.33,Lost
CUST-13448,591,3,2063.05,1,2,3,123,2.0,Lost
CUST-00797,591,5,3167.36,1,3,5,135,3.0,At Risk
CUST-11156,591,7,2581.48,1,5,4,154,3.33,Loyal Customers
CUST-01697,591,8,2652.96,1,5,4,154,3.33,Loyal Customers
CUST-11393,590,2,1374.76,1,1,2,112,1.33,Lost
CUST-10747,590,3,521.1,1,1,1,111,1.0,Lost
CUST-00372,590,3,1375.84,1,2,2,122,1.67,Lost
CUST-00546,590,4,374.42,1,2,1,121,1.33,Lost
CUST-06364,590,5,2893.23,1,3,4,134,2.67,At Risk
CUST-03579,590,6,2721.57,1,4,4,144,3.0,Loyal Customers
CUST-08784,589,2,212.35,1,1,1,111,1.0,Lost
CUST-05948,589,3,269.42,1,1,1,111,1.0,Lost
CUST-03273,589,4,1455.88,1,2,3,123,2.0,Lost
CUST-03581,589,4,1746.3,1,2,3,123,2.0,Lost
CUST-08966,589,4,2069.42,1,2,3,123,2.0,Lost
CUST-11653,589,6,1663.78,1,4,3,143,2.67,Loyal Customers
CUST-04814,589,9,4173.95,1,5,5,155,3.67,Loyal Customers
CUST-06790,588,3,2640.19,1,2,4,124,2.33,Lost
CUST-13604,588,5,358.4,1,3,1,131,1.67,Needs Attention
CUST-03553,588,5,1800.62,1,3,3,133,2.33,At Risk
CUST-10543,588,5,2171.3,1,3,4,134,2.67,At Risk
CUST-05032,588,6,3123.19,1,4,5,145,3.33,Loyal Customers
CUST-00244,588,7,5544.14,1,5,5,155,3.67,Loyal Customers
CUST-06093,588,8,1982.29,1,5,3,153,3.0,Loyal Customers
CUST-07255,588,8,3106.34,1,5,5,155,3.67,Loyal Customers
CUST-01981,587,2,1816.69,1,1,3,113,1.67,Lost
CUST-03004,587,3,296.08,1,1,1,111,1.0,Lost
CUST-10999,587,3,1167.96,1,2,2,122,1.67,Lost
CUST-01028,587,9,2269.36,1,5,4,154,3.33,Loyal Customers
CUST-04259,586,4,1293.57,1,2,2,122,1.67,Lost
CUST-11947,586,4,1399.82,1,2,3,123,2.0,Lost
CUST-00320,586,4,1477.67,1,2,3,123,2.0,Lost
CUST-02272,586,4,2607.77,1,3,4,134,2.67,At Risk
CUST-09460,586,5,3973.0,1,4,5,145,3.33,Loyal Customers
CUST-08751,586,6,3473.51,1,4,5,145,3.33,Loyal Customers
CUST-01301,585,2,1133.95,1,1,2,112,1.33,Lost
CUST-05757,585,3,436.98,1,1,1,111,1.0,Lost
CUST-06427,585,3,1106.49,1,2,2,122,1.67,Lost
CUST-07325,585,3,2350.01,1,2,4,124,2.33,Lost
CUST-05443,585,4,833.34,1,2,2,122,1.67,Lost
CUST-12756,585,6,2724.13,1,4,4,144,3.0,Loyal Customers
CUST-06621,585,7,3577.07,1,5,5,155,3.67,Loyal Customers
CUST-00682,585,7,4016.59,1,5,5,155,3.67,Loyal Customers
CUST-00754,584,2,893.77,1,1,2,112,1.33,Lost
CUST-11773,584,3,299.71,1,1,1,111,1.0,Lost
CUST-06092,584,3,457.32,1,1,1,111,1.0,Lost
CUST-09486,584,5,2257.85,1,3,4,134,2.67,At Risk
CUST-09341,584,5,2564.34,1,3,4,134,2.67,At Risk
CUST-10009,583,2,752.12,1,1,1,111,1.0,Lost
CUST-12203,583,3,379.13,1,1,1,111,1.0,Lost
CUST-11862,583,3,1499.42,1,2,3,123,2.0,Lost
CUST-01837,583,4,996.85,1,2,2,122,1.67,Lost
CUST-10622,583,4,1509.94,1,2,3,123,2.0,Lost
CUST-00086,583,4,1550.99,1,2,3,123,2.0,Lost
CUST-08909,583,6,1054.95,1,4,2,142,2.33,Needs Attention
CUST-06478,582,2,1715.89,1,1,3,113,1.67,Lost
CUST-14590,582,3,332.81,1,1,1,111,1.0,Lost
CUST-08841,582,3,625.29,1,1,1,111,1.0,Lost
CUST-10632,582,3,1237.37,1,2,2,122,1.67,Lost
CUST-14408,582,4,458.96,1,2,1,121,1.33,Lost
CUST-14341,582,4,2787.97,1,3,4,134,2.67,At Risk
CUST-03724,582,6,2783.47,1,4,4,144,3.0,Loyal Customers
CUST-03906,582,8,3646.93,1,5,5,155,3.67,Loyal Customers
CUST-09854,581,2,2008.02,1,1,3,113,1.67,Lost
CUST-04906,581,4,868.18,1,2,2,122,1.67,Lost
CUST-11339,581,4,1561.43,1,2,3,123,2.0,Lost
CUST-13166,581,6,2559.82,1,4,4,144,3.0,Loyal Customers
CUST-14635,581,7,2339.86,1,5,4,154,3.33,Loyal Customers
CUST-09124,581,7,5033.19,1,5,5,155,3.67,Loyal Customers
CUST-13484,580,3,2235.74,1,2,4,124,2.33,Lost
CUST-08179,580,4,2067.58,1,2,3,123,2.0,Lost
CUST-01098,580,4,2197.52,1,2,4,124,2.33,Lost
CUST-02005,580,5,1681.68,1,3,3,133,2.33,At Risk
CUST-02500,580,5,3523.32,1,3,5,135,3.0,At Risk
CUST-12571,580,6,1289.14,1,4,2,142,2.33,Needs Attention
CUST-12107,580,7,2734.23,1,5,4,154,3.33,Loyal Customers
CUST-01564,580,7,5121.7,1,5,5,155,3.67,Loyal Customers
CUST-10285,579,3,645.03,1,1,1,111,1.0,Lost
CUST-03196,579,3,3080.66,1,2,5,125,2.67,Lost
CUST-01931,579,4,588.27,1,2,1,121,1.33,Lost
CUST-04056,579,4,909.65,1,2,2,122,1.67,Lost
CUST-11810,579,4,1253.8,1,2,2,122,1.67,Lost
CUST-07590,579,4,1938.84,1,2,3,123,2.0,Lost
CUST-06931,578,2,1365.85,1,1,2,112,1.33,Lost
CUST-12550,578,4,1121.31,1,2,2,122,1.67,Lost
CUST-10714,577,2,265.48,1,1,1,111,1.0,Lost
CUST-02488,577,2,273.3,1,1,1,111,1.0,Lost
CUST-11048,577,2,1847.09,1,1,3,113,1.67,Lost
CUST-13573,577,3,2592.02,1,2,4,124,2.33,Lost
CUST-00985,577,4,2255.73,1,2,4,124,2.33,Lost
CUST-02036,577,4,2658.92,1,3,4,134,2.67,At Risk
CUST-13569,577,5,1397.08,1,3,3,133,2.33,At Risk
CUST-07001,577,5,2571.44,1,3,4,134,2.67,At Risk
CUST-03676,577,6,2836.48,1,4,4,144,3.0,Loyal Customers
CUST-11274,577,7,2254.37,1,5,4,154,3.33,Loyal Customers
CUST-05620,576,5,1043.71,1,3,2,132,2.0,Needs Attention
CUST-05088,576,5,1619.43,1,3,3,133,2.33,At Risk
CUST-05013,576,5,3240.16,1,3,5,135,3.0,At Risk
CUST-00489,576,5,4970.81,1,4,5,145,3.33,Loyal Customers
CUST-06219,576,7,1723.99,1,4,3,143,2.67,Loyal Customers
CUST-09992,575,2,143.41,1,1,1,111,1.0,Lost
CUST-01235,575,4,561.39,1,2,1,121,1.33,Lost
CUST-02169,575,5,3404.65,1,3,5,135,3.0,At Risk
CUST-01720,575,7,1810.03,1,4,3,143,2.67,Loyal Customers
CUST-01640,575,7,2024.1,1,4,3,143,2.67,Loyal Customers
CUST-09907,574,3,983.63,1,1,2,112,1.33,Lost
CUST-14547,574,3,1317.68,1,2,2,122,1.67,Lost
CUST-01363,574,4,1094.06,1,2,2,122,1.67,Lost
CUST-07846,574,5,1624.36,1,3,3,133,2.33,At Risk
CUST-04839,574,5,2264.46,1,3,4,134,2.67,At Risk
CUST-13656,574,7,3076.83,1,5,5,155,3.67,Loyal Customers
CUST-05214,574,10,4362.97,1,5,5,155,3.67,Loyal Customers
CUST-05910,573,2,541.66,1,1,1,111,1.0,Lost
CUST-08962,573,2,640.99,1,1,1,111,1.0,Lost
CUST-13729,573,3,2041.53,1,2,3,123,2.0,Lost
CUST-09765,573,4,1276.45,1,2,2,122,1.67,Lost
CUST-12016,573,5,1795.87,1,3,3,133,2.33,At Risk
CUST-11209,573,5,3133.24,1,3,5,135,3.0,At Risk
CUST-11613,573,5,4865.32,1,4,5,145,3.33,Loyal Customers
CUST-10123,572,3,947.03,1,1,2,112,1.33,Lost
CUST-04819,572,4,716.3,1,2,1,121,1.33,Lost
CUST-13080,572,6,1472.29,1,4,3,143,2.67,Loyal Customers
CUST-08809,572,7,1081.52,1,4,2,142,2.33,Needs Attention
CUST-01671,572,8,4153.8,1,5,5,155,3.67,Loyal Customers
CUST-07894,571,2,402.6,1,1,1,111,1.0,Lost
CUST-03426,571,2,1458.05,1,1,3,113,1.67,Lost
CUST-08670,571,4,1549.96,1,2,3,123,2.0,Lost
CUST-03413,571,5,705.34,1,3,1,131,1.67,Needs Attention
CUST-13915,571,5,1155.02,1,3,2,132,2.0,Needs Attention
CUST-14291,571,6,1326.29,1,4,2,142,2.33,Needs Attention
CUST-07594,571,6,2109.53,1,4,4,144,3.0,Loyal Customers
CUST-13899,570,4,1086.76,1,2,2,122,1.67,Lost
CUST-06489,570,4,1328.82,1,2,2,122,1.67,Lost
CUST-06573,570,4,2173.66,1,2,4,124,2.33,Lost
CUST-10562,570,5,1619.03,1,3,3,133,2.33,At Risk
CUST-01169,570,6,2913.68,1,4,4,144,3.0,Loyal Customers
CUST-11871,570,6,2949.33,1,4,4,144,3.0,Loyal Customers
CUST-07253,570,7,686.88,1,4,1,141,2.0,Needs Attention
CUST-05701,569,2,1050.77,1,1,2,112,1.33,Lost
CUST-13002,569,3,368.26,1,1,1,111,1.0,Lost
CUST-14158,569,3,2042.62,1,2,3,123,2.0,Lost
CUST-14066,569,5,2650.78,1,3,4,134,2.67,At Risk
CUST-06329,569,7,2105.52,1,5,4,154,3.33,Loyal Customers
CUST-06870,568,3,468.9,1,1,1,111,1.0,Lost
CUST-10354,568,3,1527.44,1,2,3,123,2.0,Lost
CUST-04878,568,4,684.24,1,2,1,121,1.33,Lost
CUST-06851,568,8,1815.88,1,5,3,153,3.0,Loyal Customers
CUST-14997,568,8,3471.68,1,5,5,155,3.67,Loyal Customers
CUST-14463,567,3,597.85,1,1,1,111,1.0,Lost
CUST-04509,567,4,1698.49,1,2,3,123,2.0,Lost
CUST-07298,567,5,2735.17,1,3,4,134,2.67,At Risk
CUST-14806,567,8,2805.07,1,5,4,154,3.33,Loyal Customers
CUST-14305,566,2,348.89,1,1,1,111,1.0,Lost
CUST-07760,566,3,393.24,1,1,1,111,1.0,Lost
CUST-07530,566,3,1231.26,1,2,2,122,1.67,Lost
CUST-05122,566,3,2360.34,1,2,4,124,2.33,Lost
CUST-10151,566,4,275.94,1,2,1,121,1.33,Lost
CUST-09624,566,4,1264.19,1,2,2,122,1.67,Lost
CUST-03316,566,7,1457.74,1,4,3,143,2.67,Loyal Customers
CUST-01000,566,9,1861.36,1,5,3,153,3.0,Loyal Customers
CUST-01141,565,3,2223.26,1,2,4,124,2.33,Lost
CUST-05331,565,7,2780.89,1,5,4,154,3.33,Loyal Customers
CUST-02389,565,9,5144.57,1,5,5,155,3.67,Loyal Customers
CUST-07428,564,2,31.4,1,1,1,111,1.0,Lost
CUST-14054,564,2,962.98,1,1,2,112,1.33,Lost
CUST-06894,564,3,572.7,1,1,1,111,1.0,Lost
CUST-10707,564,3,1184.35,1,2,2,122,1.67,Lost
CUST-03440,563,2,804.84,1,1,2,112,1.33,Lost
CUST-05193,563,3,1407.31,1,2,3,123,2.0,Lost
CUST-09926,563,4,2144.83,1,2,4,124,2.33,Lost
CUST-13694,563,5,1484.61,1,3,3,133,2.33,At Risk
CUST-00364,563,6,2286.0,1,4,4,144,3.0,Loyal Customers
CUST-07348,563,7,5047.86,1,5,5,155,3.67,Loyal Customers
CUST-04305,562,2,2007.22,1,1,3,113,1.67,Lost
CUST-08919,562,4,522.62,1,2,1,121,1.33,Lost
CUST-01191,562,4,594.17,1,2,1,121,1.33,Lost
CUST-11751,562,5,3526.64,1,3,5,135,3.0,At Risk
CUST-14336,562,7,3361.02,1,5,5,155,3.67,Loyal Customers
CUST-02270,562,7,3897.03,1,5,5,155,3.67,Loyal Customers
CUST-12594,562,8,2501.29,1,5,4,154,3.33,Loyal Customers
CUST-06482,561,3,1609.27,1,2,3,123,2.0,Lost
CUST-11122,561,4,1620.35,1,2,3,123,2.0,Lost
CUST-11092,561,4,1829.94,1,2,3,123,2.0,Lost
CUST-11814,561,4,2455.95,1,3,4,134,2.67,At Risk
CUST-13308,561,5,518.32,1,3,1,131,1.67,Needs Attention
CUST-09271,561,6,1295.96,1,4,2,142,2.33,Needs Attention
CUST-02935,561,10,6928.43,1,5,5,155,3.67,Loyal Customers
CUST-10932,560,3,464.32,1,1,1,111,1.0,Lost
CUST-07949,560,4,376.26,1,2,1,121,1.33,Lost
CUST-02742,560,4,723.48,1,2,1,121,1.33,Lost
CUST-10720,560,5,979.38,1,3,2,132,2.0,Needs Attention
CUST-07174,560,6,3982.15,1,4,5,145,3.33,Loyal Customers
CUST-05840,559,3,962.15,1,1,2,112,1.33,Lost
CUST-08249,559,5,752.13,1,3,1,131,1.67,Needs Attention
CUST-01250,559,6,1238.9,1,4,2,142,2.33,Needs Attention
CUST-04271,559,6,2560.72,1,4,4,144,3.0,Loyal Customers
CUST-12249,559,7,1260.2,1,4,2,142,2.33,Needs Attention
CUST-07691,558,2,601.68,1,1,1,111,1.0,Lost
CUST-08617,558,2,2765.71,1,1,4,114,2.0,Lost
CUST-05743,558,3,226.92,1,1,1,111,1.0,Lost
CUST-10020,558,3,1187.05,1,2,2,122,1.67,Lost
CUST-00272,558,3,2939.16,1,2,4,124,2.33,Lost
CUST-10146,558,4,1629.31,1,2,3,123,2.0,Lost
CUST-04536,558,4,2207.91,1,2,4,124,2.33,Lost
CUST-13615,558,4,3006.11,1,3,5,135,3.0,At Risk
CUST-01004,558,6,1993.07,1,4,3,143,2.67,Loyal Customers
CUST-13346,557,2,184.87,1,1,1,111,1.0,Lost
CUST-07108,557,2,411.11,1,1,1,111,1.0,Lost
CUST-03225,557,2,1002.0,1,1,2,112,1.33,Lost
CUST-06647,557,2,1863.57,1,1,3,113,1.67,Lost
CUST-14319,557,3,885.56,1,1,2,112,1.33,Lost
CUST-13455,557,4,1152.23,1,2,2,122,1.67,Lost
CUST-02361,557,4,2818.24,1,3,4,134,2.67,At Risk
CUST-06265,557,5,1853.53,1,3,3,133,2.33,At Risk
CUST-00654,557,5,1934.76,1,3,3,133,2.33,At Risk
CUST-03551,556,2,235.52,1,1,1,111,1.0,Lost
CUST-14819,556,3,522.57,1,1,1,111,1.0,Lost
CUST-11939,556,4,585.67,1,2,1,121,1.33,Lost
CUST-01933,556,6,3020.99,1,4,5,145,3.33,Loyal Customers
CUST-07404,555,3,189.87,1,1,1,111,1.0,Lost
CUST-09422,555,3,371.86,1,1,1,111,1.0,Lost
CUST-13723,555,3,900.75,1,1,2,112,1.33,Lost
CUST-00455,555,3,2620.67,1,2,4,124,2.33,Lost
CUST-08387,555,6,1707.57,1,4,3,143,2.67,Loyal Customers
CUST-04263,554,2,196.36,1,1,1,111,1.0,Lost
CUST-12277,554,2,1050.44,1,1,2,112,1.33,Lost
CUST-09396,554,4,479.79,1,2,1,121,1.33,Lost
CUST-11513,554,4,731.64,1,2,1,121,1.33,Lost
CUST-04547,554,4,1559.21,1,2,3,123,2.0,Lost
CUST-01156,554,5,880.45,1,3,2,132,2.0,Needs Attention
CUST-03704,554,5,1915.44,1,3,3,133,2.33,At Risk
CUST-09810,554,8,1394.33,1,5,3,153,3.0,Loyal Customers
CUST-02670,553,2,589.34,1,1,1,111,1.0,Lost
CUST-08774,553,2,2127.91,1,1,4,114,2.0,Lost
CUST-03343,553,3,2106.03,1,2,4,124,2.33,Lost
CUST-09203,553,4,782.57,1,2,2,122,1.67,Lost
CUST-14333,553,4,2222.42,1,2,4,124,2.33,Lost
CUST-10907,553,5,1523.08,1,3,3,133,2.33,At Risk
CUST-07227,553,6,1286.68,1,4,2,142,2.33,Needs Attention
CUST-10215,553,7,1821.82,1,4,3,143,2.67,Loyal Customers
CUST-03746,553,8,3112.08,1,5,5,155,3.67,Loyal Customers
CUST-05846,552,2,98.16,1,1,1,111,1.0,Lost
CUST-00420,552,3,796.6,1,1,2,112,1.33,Lost
CUST-10771,552,3,828.41,1,1,2,112,1.33,Lost
CUST-03768,552,3,838.18,1,1,2,112,1.33,Lost
CUST-13120,552,4,1950.09,1,2,3,123,2.0,Lost
CUST-06115,552,5,1046.71,1,3,2,132,2.0,Needs Attention
CUST-04118,552,6,1491.34,1,4,3,143,2.67,Loyal Customers
CUST-01271,552,6,1567.92,1,4,3,143,2.67,Loyal Customers
CUST-05862,552,9,1742.2,1,5,3,153,3.0,Loyal Customers
CUST-12041,551,3,357.63,1,1,1,111,1.0,Lost
CUST-05401,551,3,487.49,1,1,1,111,1.0,Lost
CUST-00880,551,3,994.25,1,1,2,112,1.33,Lost
CUST-09001,551,3,1781.95,1,2,3,123,2.0,Lost
CUST-11117,551,3,2383.32,1,2,4,124,2.33,Lost
CUST-10778,551,5,1230.94,1,3,2,132,2.0,Needs Attention
CUST-07629,550,3,512.09,1,1,1,111,1.0,Lost
CUST-11015,550,4,644.01,1,2,1,121,1.33,Lost
CUST-13949,550,5,768.11,1,3,2,132,2.0,Needs Attention
CUST-01916,550,5,3250.87,1,3,5,135,3.0,At Risk
CUST-06379,550,7,2880.8,1,5,4,154,3.33,Loyal Customers
CUST-14772,549,2,416.54,1,1,1,111,1.0,Lost
CUST-13114,549,3,2648.52,1,2,4,124,2.33,Lost
CUST-01408,549,4,635.05,1,2,1,121,1.33,Lost
CUST-02995,549,5,3263.41,1,3,5,135,3.0,At Risk
CUST-01174,549,6,2158.53,1,4,4,144,3.0,Loyal Customers
CUST-06837,548,2,33.51,1,1,1,111,1.0,Lost
CUST-05797,548,2,565.88,1,1,1,111,1.0,Lost
CUST-07794,548,3,237.23,1,1,1,111,1.0,Lost
CUST-01939,548,3,499.16,1,1,1,111,1.0,Lost
CUST-03833,548,3,1864.54,1,2,3,123,2.0,Lost
CUST-11914,548,4,1159.44,1,2,2,122,1.67,Lost
CUST-14191,548,4,1593.67,1,2,3,123,2.0,Lost
CUST-12017,548,6,1045.17,1,4,2,142,2.33,Needs Attention
CUST-08825,548,6,1260.25,1,4,2,142,2.33,Needs Attention
CUST-03460,548,6,2452.05,1,4,4,144,3.0,Loyal Customers
CUST-03741,548,6,2671.16,1,4,4,144,3.0,Loyal Customers
CUST-00314,548,7,3236.06,1,5,5,155,3.67,Loyal Customers
CUST-13001,548,11,5070.48,1,5,5,155,3.67,Loyal Customers
CUST-14419,547,2,1222.78,1,1,2,112,1.33,Lost
CUST-01555,547,2,1497.23,1,1,3,113,1.67,Lost
CUST-06915,547,3,1841.07,1,2,3,123,2.0,Lost
CUST-06168,547,3,4393.23,1,2,5,125,2.67,Lost
CUST-10253,547,5,4627.69,1,4,5,145,3.33,Loyal Customers
CUST-09591,547,7,3753.41,1,5,5,155,3.67,Loyal Customers
CUST-01031,546,2,485.17,1,1,1,111,1.0,Lost
CUST-02572,546,2,544.57,1,1,1,111,1.0,Lost
CUST-04246,546,3,990.64,1,1,2,112,1.33,Lost
CUST-08038,546,3,1172.86,1,2,2,122,1.67,Lost
CUST-12776,546,3,2354.73,1,2,4,124,2.33,Lost
CUST-08334,545,3,465.63,1,1,1,111,1.0,Lost
CUST-02643,545,3,741.17,1,1,1,111,1.0,Lost
CUST-01094,545,3,3151.83,1,2,5,125,2.67,Lost
CUST-08215,545,4,262.19,1,2,1,121,1.33,Lost
CUST-03232,545,4,1115.95,1,2,2,122,1.67,Lost
CUST-10024,545,5,925.89,1,3,2,132,2.0,Needs Attention
CUST-00630,545,5,3742.61,1,4,5,145,3.33,Loyal Customers
CUST-06198,545,5,3951.63,1,4,5,145,3.33,Loyal Customers
CUST-07648,545,5,4826.44,1,4,5,145,3.33,Loyal Customers
CUST-11754,545,6,1314.44,1,4,2,142,2.33,Needs Attention
CUST-14196,545,6,1779.33,1,4,3,143,2.67,Loyal Customers
CUST-03036,544,3,2180.38,1,2,4,124,2.33,Lost
CUST-12537,544,4,357.0,1,2,1,121,1.33,Lost
CUST-01361,544,4,458.18,1,2,1,121,1.33,Lost
CUST-03113,544,4,596.79,1,2,1,121,1.33,Lost
CUST-06069,544,4,1891.26,1,2,3,123,2.0,Lost
CUST-11617,544,4,2670.41,1,3,4,134,2.67,At Risk
CUST-07090,544,4,3251.78,1,3,5,135,3.0,At Risk
CUST-01517,544,4,3725.05,1,3,5,135,3.0,At Risk
CUST-01461,544,6,2458.95,1,4,4,144,3.0,Loyal Customers
CUST-10330,544,6,2830.72,1,4,4,144,3.0,Loyal Customers
CUST-11406,543,4,962.72,1,2,2,122,1.67,Lost
CUST-11767,543,4,1982.92,1,2,3,123,2.0,Lost
CUST-00725,543,4,2054.56,1,2,3,123,2.0,Lost
CUST-11359,543,4,2280.69,1,2,4,124,2.33,Lost
CUST-14429,543,8,2025.52,1,5,3,153,3.0,Loyal Customers
CUST-02114,543,10,1779.77,1,5,3,153,3.0,Loyal Customers
CUST-14678,542,2,587.23,1,1,1,111,1.0,Lost
CUST-08882,542,2,715.11,1,1,1,111,1.0,Lost
CUST-08485,542,2,1172.19,1,1,2,112,1.33,Lost
CUST-03279,542,6,3316.28,1,4,5,145,3.33,Loyal Customers
CUST-00388,542,9,3622.93,1,5,5,155,3.67,Loyal Customers
CUST-10475,541,2,46.49,1,1,1,111,1.0,Lost
CUST-00189,541,3,500.38,1,1,1,111,1.0,Lost
CUST-02050,541,3,696.13,1,1,1,111,1.0,Lost
CUST-14287,541,3,1754.08,1,2,3,123,2.0,Lost
CUST-01694,541,4,552.94,1,2,1,121,1.33,Lost
CUST-08970,541,4,760.33,1,2,2,122,1.67,Lost
CUST-14427,541,5,1253.6,1,3,2,132,2.0,Needs Attention
CUST-00604,541,5,3426.1,1,3,5,135,3.0,At Risk
CUST-06282,541,6,1804.95,1,4,3,143,2.67,Loyal Customers
CUST-05064,541,6,2876.15,1,4,4,144,3.0,Loyal Customers
CUST-06099,541,10,2961.54,1,5,4,154,3.33,Loyal Customers
CUST-07018,541,11,3804.21,1,5,5,155,3.67,Loyal Customers
CUST-03215,540,3,572.93,1,1,1,111,1.0,Lost
CUST-01436,540,3,2346.54,1,2,4,124,2.33,Lost
CUST-12440,540,4,642.28,1,2,1,121,1.33,Lost
CUST-13107,540,4,1370.29,1,2,2,122,1.67,Lost
CUST-09818,540,4,1452.94,1,2,3,123,2.0,Lost
CUST-02210,540,4,3806.53,1,3,5,135,3.0,At Risk
CUST-06920,540,5,2478.97,1,3,4,134,2.67,At Risk
CUST-00151,540,6,826.89,1,4,2,142,2.33,Needs Attention
CUST-02578,540,6,1672.93,1,4,3,143,2.67,Loyal Customers
CUST-10323,540,8,2009.65,1,5,3,153,3.0,Loyal Customers
CUST-02390,539,4,1346.05,1,2,2,122,1.67,Lost
CUST-05656,539,6,2102.34,1,4,4,144,3.0,Loyal Customers
CUST-00180,539,8,1249.76,1,5,2,152,2.67,Needs Attention
CUST-13761,539,9,4183.42,1,5,5,155,3.67,Loyal Customers
CUST-05547,538,3,600.17,1,1,1,111,1.0,Lost
CUST-02007,538,3,920.23,1,1,2,112,1.33,Lost
CUST-08106,538,4,1925.19,1,2,3,123,2.0,Lost
CUST-11249,538,6,1252.69,1,4,2,142,2.33,Needs Attention
CUST-06563,538,6,1307.31,1,4,2,142,2.33,Needs Attention
CUST-00842,538,6,4179.58,1,4,5,145,3.33,Loyal Customers
CUST-02547,538,7,2394.45,1,5,4,154,3.33,Loyal Customers
CUST-09448,537,2,105.52,1,1,1,111,1.0,Lost
CUST-06635,537,2,116.72,1,1,1,111,1.0,Lost
CUST-04369,537,2,1302.94,1,1,2,112,1.33,Lost
CUST-09303,537,3,517.27,1,1,1,111,1.0,Lost
CUST-06231,537,3,1575.46,1,2,3,123,2.0,Lost
CUST-06987,537,4,1602.16,1,2,3,123,2.0,Lost
CUST-03408,537,5,1951.8,1,3,3,133,2.33,At Risk
CUST-11216,537,5,3005.27,1,3,5,135,3.0,At Risk
CUST-13811,537,7,5230.01,1,5,5,155,3.67,Loyal Customers
CUST-14671,537,9,4908.0,1,5,5,155,3.67,Loyal Customers
CUST-06814,536,2,346.46,1,1,1,111,1.0,Lost
CUST-14307,536,2,520.88,1,1,1,111,1.0,Lost
CUST-00471,536,2,2267.46,1,1,4,114,2.0,Lost
CUST-02492,536,4,1678.79,1,2,3,123,2.0,Lost
CUST-05358,536,5,554.36,1,3,1,131,1.67,Needs Attention
CUST-06956,536,5,1421.87,1,3,3,133,2.33,At Risk
CUST-06343,536,5,1834.58,1,3,3,133,2.33,At Risk
CUST-05117,536,6,1722.29,1,4,3,143,2.67,Loyal Customers
CUST-01643,536,6,2338.46,1,4,4,144,3.0,Loyal Customers
CUST-09933,536,7,4390.21,1,5,5,155,3.67,Loyal Customers
CUST-10861,535,4,871.75,1,2,2,122,1.67,Lost
CUST-04286,535,5,674.69,1,3,1,131,1.67,Needs Attention
CUST-12420,535,6,1121.37,1,4,2,142,2.33,Needs Attention
CUST-02734,535,6,1607.73,1,4,3,143,2.67,Loyal Customers
CUST-04135,535,6,3375.26,1,4,5,145,3.33,Loyal Customers
CUST-12350,535,6,4111.35,1,4,5,145,3.33,Loyal Customers
CUST-02503,535,8,3804.99,1,5,5,155,3.67,Loyal Customers
CUST-08069,534,2,114.45,1,1,1,111,1.0,Lost
CUST-02973,534,2,1933.0,1,1,3,113,1.67,Lost
CUST-08499,534,2,2468.84,1,1,4,114,2.0,Lost
CUST-11960,534,3,1945.16,1,2,3,123,2.0,Lost
CUST-07409,534,4,819.4,1,2,2,122,1.67,Lost
CUST-10636,534,4,1363.76,1,2,2,122,1.67,Lost
CUST-03303,534,4,2731.65,1,3,4,134,2.67,At Risk
CUST-09614,534,8,2636.33,1,5,4,154,3.33,Loyal Customers
CUST-05369,534,8,3756.27,1,5,5,155,3.67,Loyal Customers
CUST-09081,533,2,84.0,1,1,1,111,1.0,Lost
CUST-09466,533,2,530.03,1,1,1,111,1.0,Lost
CUST-05167,533,4,716.01,1,2,1,121,1.33,Lost
CUST-01111,533,4,2509.67,1,3,4,134,2.67,At Risk
CUST-04807,533,5,921.11,1,3,2,132,2.0,Needs Attention
CUST-01337,533,6,3103.68,1,4,5,145,3.33,Loyal Customers
CUST-08910,533,8,2384.77,1,5,4,154,3.33,Loyal Customers
CUST-03048,532,2,240.05,1,1,1,111,1.0,Lost
CUST-06204,532,2,1347.06,1,1,2,112,1.33,Lost
CUST-06887,532,2,2041.83,1,1,3,113,1.67,Lost
CUST-04421,532,4,1470.61,1,2,3,123,2.0,Lost
CUST-08678,532,4,1471.57,1,2,3,123,2.0,Lost
CUST-04356,532,4,2265.61,1,2,4,124,2.33,Lost
CUST-04165,532,4,2784.44,1,3,4,134,2.67,At Risk
CUST-06372,532,6,2481.19,1,4,4,144,3.0,Loyal Customers
CUST-06816,532,7,1901.69,1,4,3,143,2.67,Loyal Customers
CUST-02061,532,7,5305.1,1,5,5,155,3.67,Loyal Customers
CUST-10901,531,2,1218.38,1,1,2,112,1.33,Lost
CUST-00926,531,3,1088.96,1,2,2,122,1.67,Lost
CUST-03112,531,3,1727.73,1,2,3,123,2.0,Lost
CUST-14413,531,3,1859.38,1,2,3,123,2.0,Lost
CUST-08898,531,4,1981.31,1,2,3,123,2.0,Lost
CUST-13742,531,4,2455.85,1,3,4,134,2.67,At Risk
CUST-09661,531,5,1125.93,1,3,2,132,2.0,Needs Attention
CUST-06742,531,5,2009.39,1,3,3,133,2.33,At Risk
CUST-06288,531,5,3162.72,1,3,5,135,3.0,At Risk
CUST-03252,531,7,4031.01,1,5,5,155,3.67,Loyal Customers
CUST-00955,531,10,1949.98,1,5,3,153,3.0,Loyal Customers
CUST-07710,530,2,128.45,1,1,1,111,1.0,Lost
CUST-08020,530,2,404.04,1,1,1,111,1.0,Lost
CUST-01853,530,3,732.35,1,1,1,111,1.0,Lost
CUST-02031,530,3,745.11,1,1,1,111,1.0,Lost
CUST-14239,530,3,2086.85,1,2,4,124,2.33,Lost
CUST-14007,530,4,318.89,1,2,1,121,1.33,Lost
CUST-10963,530,4,1779.56,1,2,3,123,2.0,Lost
CUST-14392,530,7,5427.5,1,5,5,155,3.67,Loyal Customers
CUST-06130,529,2,483.9,1,1,1,111,1.0,Lost
CUST-14938,529,2,1487.71,1,1,3,113,1.67,Lost
CUST-06975,529,5,1579.24,1,3,3,133,2.33,At Risk
CUST-11069,529,5,2277.5,1,3,4,134,2.67,At Risk
CUST-13860,529,6,1818.95,1,4,3,143,2.67,Loyal Customers
CUST-08216,528,3,546.66,1,1,1,111,1.0,Lost
CUST-14464,528,3,1858.26,1,2,3,123,2.0,Lost
CUST-05025,528,4,310.78,1,2,1,121,1.33,Lost
CUST-00647,528,4,813.07,1,2,2,122,1.67,Lost
CUST-12764,528,4,910.91,1,2,2,122,1.67,Lost
CUST-10239,528,5,2116.61,1,3,4,134,2.67,At Risk
CUST-03216,528,5,2251.17,1,3,4,134,2.67,At Risk
CUST-06579,528,5,3443.55,1,3,5,135,3.0,At Risk
CUST-12647,528,6,2546.71,1,4,4,144,3.0,Loyal Customers
CUST-06079,528,6,3532.1,1,4,5,145,3.33,Loyal Customers
CUST-14899,527,2,394.95,1,1,1,111,1.0,Lost
CUST-12149,527,3,692.8,1,1,1,111,1.0,Lost
CUST-11605,527,5,2247.81,1,3,4,134,2.67,At Risk
CUST-06882,527,6,1520.51,1,4,3,143,2.67,Loyal Customers
CUST-11675,527,7,3440.84,1,5,5,155,3.67,Loyal Customers
CUST-14481,526,2,89.59,1,1,1,111,1.0,Lost
CUST-05842,526,2,598.89,1,1,1,111,1.0,Lost
CUST-11292,526,3,177.61,1,1,1,111,1.0,Lost
CUST-13201,526,3,1127.19,1,2,2,122,1.67,Lost
CUST-05892,526,4,2487.98,1,3,4,134,2.67,At Risk
CUST-14728,526,5,1831.96,1,3,3,133,2.33,At Risk
CUST-13244,526,5,3547.64,1,3,5,135,3.0,At Risk
CUST-06910,526,6,1947.98,1,4,3,143,2.67,Loyal Customers
CUST-06602,526,6,2446.3,1,4,4,144,3.0,Loyal Customers
CUST-01443,526,7,1896.38,1,4,3,143,2.67,Loyal Customers
CUST-04144,525,2,1674.56,1,1,3,113,1.67,Lost
CUST-01200,525,3,1344.64,1,2,2,122,1.67,Lost
CUST-09686,525,3,1469.16,1,2,3,123,2.0,Lost
CUST-06120,525,3,1535.46,1,2,3,123,2.0,Lost
CUST-09274,525,3,1599.18,1,2,3,123,2.0,Lost
CUST-02187,525,4,527.76,1,2,1,121,1.33,Lost
CUST-05405,525,6,1614.87,1,4,3,143,2.67,Loyal Customers
CUST-06724,525,6,2284.56,1,4,4,144,3.0,Loyal Customers
CUST-02693,525,7,2114.03,1,5,4,154,3.33,Loyal Customers
CUST-12704,524,2,1403.35,1,1,3,113,1.67,Lost
CUST-03131,524,3,260.74,1,1,1,111,1.0,Lost
CUST-03339,524,3,395.46,1,1,1,111,1.0,Lost
CUST-06547,524,5,1105.13,1,3,2,132,2.0,Needs Attention
CUST-04472,524,6,2397.44,1,4,4,144,3.0,Loyal Customers
CUST-00620,524,6,4509.34,1,4,5,145,3.33,Loyal Customers
CUST-05465,524,8,1343.77,1,5,2,152,2.67,Needs Attention
CUST-02217,523,3,832.75,1,1,2,112,1.33,Lost
CUST-11094,523,3,1077.88,1,2,2,122,1.67,Lost
CUST-08992,523,4,1486.1,1,2,3,123,2.0,Lost
CUST-03455,523,5,566.44,1,3,1,131,1.67,Needs Attention
CUST-08414,523,5,2417.55,1,3,4,134,2.67,At Risk
CUST-05052,523,6,3579.39,1,4,5,145,3.33,Loyal Customers
CUST-04094,523,7,3715.59,1,5,5,155,3.67,Loyal Customers
CUST-09750,522,2,326.56,1,1,1,111,1.0,Lost
CUST-07843,522,2,1356.53,1,1,2,112,1.33,Lost
CUST-03294,522,4,533.24,1,2,1,121,1.33,Lost
CUST-04301,522,4,1868.43,1,2,3,123,2.0,Lost
CUST-04274,522,5,2168.11,1,3,4,134,2.67,At Risk
CUST-00289,522,6,1046.31,1,4,2,142,2.33,Needs Attention
CUST-07743,522,6,4314.58,1,4,5,145,3.33,Loyal Customers
CUST-04567,522,7,888.36,1,4,2,142,2.33,Needs Attention
CUST-00246,522,7,2149.26,1,5,4,154,3.33,Loyal Customers
CUST-10565,521,2,172.62,1,1,1,111,1.0,Lost
CUST-04404,521,2,2067.47,1,1,3,113,1.67,Lost
CUST-13271,521,4,362.14,1,2,1,121,1.33,Lost
CUST-01718,521,4,2671.35,1,3,4,134,2.67,At Risk
CUST-14942,521,6,657.77,1,4,1,141,2.0,Needs Attention
CUST-01471,521,7,2898.84,1,5,4,154,3.33,Loyal Customers
CUST-12018,520,2,332.3,1,1,1,111,1.0,Lost
CUST-08601,520,4,4845.96,1,3,5,135,3.0,At Risk
CUST-06679,520,6,1574.78,1,4,3,143,2.67,Loyal Customers
CUST-06983,520,6,2222.22,1,4,4,144,3.0,Loyal Customers
CUST-07398,520,8,2947.11,1,5,4,154,3.33,Loyal Customers
CUST-05536,519,2,219.93,1,1,1,111,1.0,Lost
CUST-08087,519,2,286.41,1,1,1,111,1.0,Lost
CUST-08379,519,2,1757.96,1,1,3,113,1.67,Lost
CUST-01994,519,4,762.75,1,2,2,122,1.67,Lost
CUST-14428,519,4,2534.27,1,3,4,134,2.67,At Risk
CUST-09668,518,3,320.0,1,1,1,111,1.0,Lost
CUST-03237,518,5,1330.44,1,3,2,132,2.0,Needs Attention
CUST-10185,518,6,2471.66,1,4,4,144,3.0,Loyal Customers
CUST-11610,518,7,1680.72,1,4,3,143,2.67,Loyal Customers
CUST-13388,517,2,2128.45,1,1,4,114,2.0,Lost
CUST-12807,517,2,2318.59,1,1,4,114,2.0,Lost
CUST-07575,517,3,382.35,1,1,1,111,1.0,Lost
CUST-06782,517,3,1517.99,1,2,3,123,2.0,Lost
CUST-11856,517,3,1527.52,1,2,3,123,2.0,Lost
CUST-13810,517,3,3290.43,1,2,5,125,2.67,Lost
CUST-06149,517,4,1454.59,1,2,3,123,2.0,Lost
CUST-13799,517,4,2359.46,1,2,4,124,2.33,Lost
CUST-12929,517,5,869.62,1,3,2,132,2.0,Needs Attention
CUST-10472,517,6,669.41,1,4,1,141,2.0,Needs Attention
CUST-13423,517,6,964.28,1,4,2,142,2.33,Needs Attention
CUST-14039,517,6,4652.28,1,4,5,145,3.33,Loyal Customers
CUST-07257,516,2,183.06,1,1,1,111,1.0,Lost
CUST-10956,516,2,1616.49,1,1,3,113,1.67,Lost
CUST-07808,516,3,598.01,1,1,1,111,1.0,Lost
CUST-00233,516,3,1137.8,1,2,2,122,1.67,Lost
CUST-13302,516,3,1749.37,1,2,3,123,2.0,Lost
CUST-00541,516,5,525.56,1,3,1,131,1.67,Needs Attention
CUST-07750,516,6,1907.66,1,4,3,143,2.67,Loyal Customers
CUST-01789,516,7,1811.8,1,4,3,143,2.67,Loyal Customers
CUST-03661,516,7,3033.09,1,5,5,155,3.67,Loyal Customers
CUST-07285,515,2,853.31,1,1,2,112,1.33,Lost
CUST-12846,515,2,1480.78,1,1,3,113,1.67,Lost
CUST-02071,515,3,715.9,1,1,1,111,1.0,Lost
CUST-03777,515,3,960.93,1,1,2,112,1.33,Lost
CUST-00574,515,4,1370.57,1,2,2,122,1.67,Lost
CUST-06167,515,4,2529.48,1,3,4,134,2.67,At Risk
CUST-09329,515,4,3148.17,1,3,5,135,3.0,At Risk
CUST-01952,515,5,1668.3,1,3,3,133,2.33,At Risk
CUST-11600,515,7,2608.99,1,5,4,154,3.33,Loyal Customers
CUST-12545,515,7,4235.8,1,5,5,155,3.67,Loyal Customers
CUST-08907,514,2,1191.79,1,1,2,112,1.33,Lost
CUST-13502,514,4,1258.74,1,2,2,122,1.67,Lost
CUST-11459,514,5,2717.12,1,3,4,134,2.67,At Risk
CUST-09037,514,6,2484.07,1,4,4,144,3.0,Loyal Customers
CUST-01009,514,8,1142.45,1,5,2,152,2.67,Needs Attention
CUST-00509,514,9,6294.1,1,5,5,155,3.67,Loyal Customers
CUST-12320,513,3,920.11,1,1,2,112,1.33,Lost
CUST-07204,513,4,1892.58,1,2,3,123,2.0,Lost
CUST-01431,513,5,1591.19,1,3,3,133,2.33,At Risk
CUST-05101,513,5,1674.03,1,3,3,133,2.33,At Risk
CUST-07526,513,6,730.97,1,4,1,141,2.0,Needs Attention
CUST-01728,513,7,916.91,1,4,2,142,2.33,Needs Attention
CUST-08412,512,2,1881.62,1,1,3,113,1.67,Lost
CUST-09186,512,4,3175.82,1,3,5,135,3.0,At Risk
CUST-07129,512,5,2060.76,1,3,3,133,2.33,At Risk
CUST-01675,512,5,4305.97,1,4,5,145,3.33,Loyal Customers
CUST-10867,512,6,1077.86,1,4,2,142,2.33,Needs Attention
CUST-01915,512,6,1455.42,1,4,3,143,2.67,Loyal Customers
CUST-02452,512,6,1866.24,1,4,3,143,2.67,Loyal Customers
CUST-08009,512,6,3559.68,1,4,5,145,3.33,Loyal Customers
CUST-02469,512,7,913.25,1,4,2,142,2.33,Needs Attention
CUST-12192,512,9,2378.02,1,5,4,154,3.33,Loyal Customers
CUST-05085,512,9,2528.23,1,5,4,154,3.33,Loyal Customers
CUST-05188,511,2,1284.78,1,1,2,112,1.33,Lost
CUST-14862,511,4,2430.22,1,3,4,134,2.67,At Risk
CUST-13718,511,5,1614.84,1,3,3,133,2.33,At Risk
CUST-01977,511,5,2798.72,1,3,4,134,2.67,At Risk
CUST-13364,511,6,2967.1,1,4,4,144,3.0,Loyal Customers
CUST-03107,511,6,3969.05,1,4,5,145,3.33,Loyal Customers
CUST-09061,511,7,3830.72,1,5,5,155,3.67,Loyal Customers
CUST-08737,510,3,565.14,1,1,1,111,1.0,Lost
CUST-13957,510,3,1631.92,1,2,3,123,2.0,Lost
CUST-10412,510,4,1212.53,1,2,2,122,1.67,Lost
CUST-13620,510,5,1184.03,1,3,2,132,2.0,Needs Attention
CUST-12938,510,6,939.24,1,4,2,142,2.33,Needs Attention
CUST-05221,510,8,1944.64,1,5,3,153,3.0,Loyal Customers
CUST-13861,509,2,498.46,1,1,1,111,1.0,Lost
CUST-14362,509,2,779.68,1,1,2,112,1.33,Lost
CUST-11345,509,3,1289.98,1,2,2,122,1.67,Lost
CUST-02370,509,4,1029.85,1,2,2,122,1.67,Lost
CUST-09981,509,4,1813.13,1,2,3,123,2.0,Lost
CUST-02306,509,4,3275.28,1,3,5,135,3.0,At Risk
CUST-11154,509,5,910.48,1,3,2,132,2.0,Needs Attention
CUST-03801,509,5,1284.24,1,3,2,132,2.0,Needs Attention
CUST-14186,509,6,650.76,1,4,1,141,2.0,Needs Attention
CUST-03667,509,6,1831.05,1,4,3,143,2.67,Loyal Customers
CUST-03986,509,6,1936.6,1,4,3,143,2.67,Loyal Customers
CUST-05274,508,2,196.28,1,1,1,111,1.0,Lost
CUST-11702,508,2,197.09,1,1,1,111,1.0,Lost
CUST-04217,508,3,528.96,1,1,1,111,1.0,Lost
CUST-07460,508,3,1667.88,1,2,3,123,2.0,Lost
CUST-02418,508,4,2546.43,1,3,4,134,2.67,At Risk
CUST-04430,508,5,2321.95,1,3,4,134,2.67,At Risk
CUST-10402,508,6,2795.02,1,4,4,144,3.0,Loyal Customers
CUST-09190,508,7,1253.86,1,4,2,142,2.33,Needs Attention
CUST-13682,507,2,109.54,1,1,1,111,1.0,Lost
CUST-03292,507,2,452.13,1,1,1,111,1.0,Lost
CUST-01025,507,2,581.28,1,1,1,111,1.0,Lost
CUST-11189,507,2,1041.42,1,1,2,112,1.33,Lost
CUST-08837,507,3,1250.35,1,2,2,122,1.67,Lost
CUST-09914,507,3,1303.76,1,2,2,122,1.67,Lost
CUST-14454,507,3,1469.28,1,2,3,123,2.0,Lost
CUST-10479,507,5,885.47,1,3,2,132,2.0,Needs Attention
CUST-12089,507,5,1215.49,1,3,2,132,2.0,Needs Attention
CUST-13843,507,5,1221.8,1,3,2,132,2.0,Needs Attention
CUST-06986,507,6,2011.98,1,4,3,143,2.67,Loyal Customers
CUST-00513,507,6,2380.3,1,4,4,144,3.0,Loyal Customers
CUST-12179,507,8,3059.05,1,5,5,155,3.67,Loyal Customers
CUST-09930,506,3,1197.04,1,2,2,122,1.67,Lost
CUST-08182,506,4,1423.18,1,2,3,123,2.0,Lost
CUST-09781,506,5,1696.79,1,3,3,133,2.33,At Risk
CUST-03466,506,6,2409.24,1,4,4,144,3.0,Loyal Customers
CUST-13383,506,6,3473.0,1,4,5,145,3.33,Loyal Customers
CUST-14209,506,7,3398.09,1,5,5,155,3.67,Loyal Customers
CUST-01774,505,3,240.26,1,1,1,111,1.0,Lost
CUST-02700,505,4,821.08,1,2,2,122,1.67,Lost
CUST-10096,505,4,1322.28,1,2,2,122,1.67,Lost
CUST-10046,505,5,1002.55,1,3,2,132,2.0,Needs Attention
CUST-00512,505,5,3337.92,1,3,5,135,3.0,At Risk
CUST-05129,505,7,2745.18,1,5,4,154,3.33,Loyal Customers
CUST-07146,505,7,3491.0,1,5,5,155,3.67,Loyal Customers
CUST-13427,504,3,616.58,1,1,1,111,1.0,Lost
CUST-13208,504,4,2091.29,1,2,4,124,2.33,Lost
CUST-00089,504,5,671.13,1,3,1,131,1.67,Needs Attention
CUST-13133,504,5,1346.99,1,3,2,132,2.0,Needs Attention
CUST-04376,504,5,1500.43,1,3,3,133,2.33,At Risk
CUST-12232,504,5,2419.7,1,3,4,134,2.67,At Risk
CUST-12923,504,7,2510.89,1,5,4,154,3.33,Loyal Customers
CUST-00696,503,3,355.39,1,1,1,111,1.0,Lost
CUST-02256,503,4,311.55,1,2,1,121,1.33,Lost
CUST-04042,503,6,4272.07,1,4,5,145,3.33,Loyal Customers
CUST-14050,503,8,1661.75,1,5,3,153,3.0,Loyal Customers
CUST-11801,502,3,406.82,1,1,1,111,1.0,Lost
CUST-05577,502,3,1797.97,1,2,3,123,2.0,Lost
CUST-04548,502,3,2307.57,1,2,4,124,2.33,Lost
CUST-12344,502,4,639.89,1,2,1,121,1.33,Lost
CUST-03975,502,5,2744.61,1,3,4,134,2.67,At Risk
CUST-12209,502,5,3700.51,1,3,5,135,3.0,At Risk
CUST-04752,502,8,4413.34,1,5,5,155,3.67,Loyal Customers
CUST-01370,502,10,1611.83,1,5,3,153,3.0,Loyal Customers
CUST-13008,501,2,726.78,1,1,1,111,1.0,Lost
CUST-03457,501,2,2088.73,1,1,4,114,2.0,Lost
CUST-04362,501,3,318.37,1,1,1,111,1.0,Lost
CUST-00974,501,4,1381.5,1,2,2,122,1.67,Lost
CUST-02941,501,5,671.05,1,3,1,131,1.67,Needs Attention
CUST-05610,501,5,1331.97,1,3,2,132,2.0,Needs Attention
CUST-13875,501,6,4046.78,1,4,5,145,3.33,Loyal Customers
CUST-01020,501,7,4444.33,1,5,5,155,3.67,Loyal Customers
CUST-11835,501,8,3075.33,1,5,5,155,3.67,Loyal Customers
CUST-06507,500,4,1170.2,1,2,2,122,1.67,Lost
CUST-03988,500,4,1198.28,1,2,2,122,1.67,Lost
CUST-04145,500,4,3224.42,1,3,5,135,3.0,At Risk
CUST-11885,500,5,907.51,1,3,2,132,2.0,Needs Attention
CUST-02029,500,8,8284.46,1,5,5,155,3.67,Loyal Customers
CUST-10306,499,2,820.46,1,1,2,112,1.33,Lost
CUST-10698,499,4,948.88,1,2,2,122,1.67,Lost
CUST-07637,499,4,1081.74,1,2,2,122,1.67,Lost
CUST-14888,499,5,1777.26,1,3,3,133,2.33,At Risk
CUST-05707,499,6,4681.35,1,4,5,145,3.33,Loyal Customers
CUST-14742,498,3,1153.13,1,2,2,122,1.67,Lost
CUST-10460,498,4,562.31,1,2,1,121,1.33,Lost
CUST-04797,498,5,2332.57,1,3,4,134,2.67,At Risk
CUST-12321,498,6,2005.34,1,4,3,143,2.67,Loyal Customers
CUST-07040,498,6,2127.63,1,4,4,144,3.0,Loyal Customers
CUST-09581,497,2,174.48,1,1,1,111,1.0,Lost
CUST-14757,497,2,200.28,1,1,1,111,1.0,Lost
CUST-08675,497,4,1986.82,1,2,3,123,2.0,Lost
CUST-14798,497,6,2262.0,1,4,4,144,3.0,Loyal Customers
CUST-03532,497,6,2684.31,1,4,4,144,3.0,Loyal Customers
CUST-14501,497,6,2766.45,1,4,4,144,3.0,Loyal Customers
CUST-13859,497,7,3500.93,1,5,5,155,3.67,Loyal Customers
CUST-02520,497,8,3915.89,1,5,5,155,3.67,Loyal Customers
CUST-00982,497,10,4196.75,1,5,5,155,3.67,Loyal Customers
CUST-02165,496,2,327.69,1,1,1,111,1.0,Lost
CUST-04614,496,2,1727.86,1,1,3,113,1.67,Lost
CUST-14103,496,3,812.33,1,1,2,112,1.33,Lost
CUST-01278,496,4,990.37,1,2,2,122,1.67,Lost
CUST-01458,496,4,2130.67,1,2,4,124,2.33,Lost
CUST-06512,496,5,1743.68,1,3,3,133,2.33,At Risk
CUST-10722,496,6,1339.34,1,4,2,142,2.33,Needs Attention
CUST-09775,496,7,1006.18,1,4,2,142,2.33,Needs Attention
CUST-14990,496,7,4798.21,1,5,5,155,3.67,Loyal Customers
CUST-08867,495,2,978.62,1,1,2,112,1.33,Lost
CUST-11458,495,2,2683.85,2,1,4,214,2.33,Needs Attention
CUST-12816,495,3,414.03,2,1,1,211,1.33,Needs Attention
CUST-04021,495,5,977.58,2,3,2,232,2.33,Needs Attention
CUST-07585,495,5,1638.44,2,3,3,233,2.67,Needs Attention
CUST-12778,495,5,3253.61,2,3,5,235,3.33,Needs Attention
CUST-03538,495,6,1514.32,2,4,3,243,3.0,Loyal Customers
CUST-05542,494,2,131.32,2,1,1,211,1.33,Needs Attention
CUST-13984,494,2,337.59,2,1,1,211,1.33,Needs Attention
CUST-00695,494,4,1397.02,2,2,3,223,2.33,Needs Attention
CUST-13175,493,2,142.86,2,1,1,211,1.33,Needs Attention
CUST-09760,493,2,573.13,2,1,1,211,1.33,Needs Attention
CUST-14820,493,3,2355.42,2,2,4,224,2.67,Needs Attention
CUST-08086,493,4,787.34,2,2,2,222,2.0,Needs Attention
CUST-08111,493,5,2774.82,2,3,4,234,3.0,Needs Attention
CUST-09647,493,6,1687.08,2,4,3,243,3.0,Loyal Customers
CUST-09127,493,6,5552.74,2,4,5,245,3.67,Loyal Customers
CUST-12152,493,7,2132.85,2,5,4,254,3.67,Loyal Customers
CUST-00129,493,8,7035.73,2,5,5,255,4.0,Loyal Customers
CUST-10678,492,2,1583.11,2,1,3,213,2.0,Needs Attention
CUST-03843,492,3,250.79,2,1,1,211,1.33,Needs Attention
CUST-07122,492,3,363.2,2,1,1,211,1.33,Needs Attention
CUST-11282,492,3,2393.95,2,2,4,224,2.67,Needs Attention
CUST-10516,492,4,714.96,2,2,1,221,1.67,Needs Attention
CUST-14581,492,4,1484.5,2,2,3,223,2.33,Needs Attention
CUST-07553,492,5,2226.23,2,3,4,234,3.0,Needs Attention
CUST-05569,492,5,3218.46,2,3,5,235,3.33,Needs Attention
CUST-06272,492,5,4112.42,2,4,5,245,3.67,Loyal Customers
CUST-02697,491,2,1528.29,2,1,3,213,2.0,Needs Attention
CUST-07032,491,3,260.52,2,1,1,211,1.33,Needs Attention
CUST-03523,491,3,649.91,2,1,1,211,1.33,Needs Attention
CUST-08789,491,3,704.82,2,1,1,211,1.33,Needs Attention
CUST-11883,491,3,1122.25,2,2,2,222,2.0,Needs Attention
CUST-08693,491,4,470.8,2,2,1,221,1.67,Needs Attention
CUST-05196,491,4,593.73,2,2,1,221,1.67,Needs Attention
CUST-00989,491,4,2525.82,2,3,4,234,3.0,Needs Attention
CUST-09389,491,5,982.63,2,3,2,232,2.33,Needs Attention
CUST-05629,491,6,1107.58,2,4,2,242,2.67,Needs Attention
CUST-09281,491,6,3458.02,2,4,5,245,3.67,Loyal Customers
CUST-03786,491,7,1674.9,2,4,3,243,3.0,Loyal Customers
CUST-03404,491,10,3128.46,2,5,5,255,4.0,Loyal Customers
CUST-02151,490,3,505.45,2,1,1,211,1.33,Needs Attention
CUST-01849,490,4,1313.39,2,2,2,222,2.0,Needs Attention
CUST-01147,490,4,3822.87,2,3,5,235,3.33,Needs Attention
CUST-03976,490,6,1913.93,2,4,3,243,3.0,Loyal Customers
CUST-11275,490,7,4197.99,2,5,5,255,4.0,Loyal Customers
CUST-00532,490,8,2133.47,2,5,4,254,3.67,Loyal Customers
CUST-06299,489,2,114.59,2,1,1,211,1.33,Needs Attention
CUST-03189,489,2,236.16,2,1,1,211,1.33,Needs Attention
CUST-00901,489,2,2078.14,2,1,4,214,2.33,Needs Attention
CUST-11713,489,5,1394.06,2,3,3,233,2.67,Needs Attention
CUST-08415,489,5,1531.9,2,3,3,233,2.67,Needs Attention
CUST-10490,489,5,5244.83,2,4,5,245,3.67,Loyal Customers
CUST-06260,489,6,1483.97,2,4,3,243,3.0,Loyal Customers
CUST-11518,489,6,1680.24,2,4,3,243,3.0,Loyal Customers
CUST-06560,488,3,1102.93,2,2,2,222,2.0,Needs Attention
CUST-13303,488,5,814.79,2,3,2,232,2.33,Needs Attention
CUST-09092,488,6,713.73,2,4,1,241,2.33,Needs Attention
CUST-00966,488,7,3405.38,2,5,5,255,4.0,Loyal Customers
CUST-04389,487,3,2473.07,2,2,4,224,2.67,Needs Attention
CUST-02280,487,4,1562.76,2,2,3,223,2.33,Needs Attention
CUST-08709,487,4,1638.74,2,2,3,223,2.33,Needs Attention
CUST-03000,487,5,1168.19,2,3,2,232,2.33,Needs Attention
CUST-00396,487,7,2831.05,2,5,4,254,3.67,Loyal Customers
CUST-04520,486,2,453.4,2,1,1,211,1.33,Needs Attention
CUST-06475,486,3,1170.87,2,2,2,222,2.0,Needs Attention
CUST-09048,486,3,1419.3,2,2,3,223,2.33,Needs Attention
CUST-07531,486,3,1468.67,2,2,3,223,2.33,Needs Attention
CUST-05803,486,3,2274.48,2,2,4,224,2.67,Needs Attention
CUST-04452,486,5,1149.89,2,3,2,232,2.33,Needs Attention
CUST-07816,486,5,1233.25,2,3,2,232,2.33,Needs Attention
CUST-05243,486,5,4568.84,2,4,5,245,3.67,Loyal Customers
CUST-12047,486,6,3439.48,2,4,5,245,3.67,Loyal Customers
CUST-09681,486,7,3512.73,2,5,5,255,4.0,Loyal Customers
CUST-13043,485,2,1689.81,2,1,3,213,2.0,Needs Attention
CUST-02066,485,4,1221.78,2,2,2,222,2.0,Needs Attention
CUST-03938,485,5,868.19,2,3,2,232,2.33,Needs Attention
CUST-02725,485,6,407.86,2,4,1,241,2.33,Needs Attention
CUST-09246,485,7,1674.42,2,4,3,243,3.0,Loyal Customers
CUST-13695,484,2,219.02,2,1,1,211,1.33,Needs Attention
CUST-08650,484,5,1037.38,2,3,2,232,2.33,Needs Attention
CUST-11410,484,5,1780.33,2,3,3,233,2.67,Needs Attention
CUST-00382,484,6,1169.63,2,4,2,242,2.67,Needs Attention
CUST-09618,483,2,284.75,2,1,1,211,1.33,Needs Attention
CUST-14685,483,2,448.11,2,1,1,211,1.33,Needs Attention
CUST-04605,483,2,794.21,2,1,2,212,1.67,Needs Attention
CUST-07367,483,2,1508.98,2,1,3,213,2.0,Needs Attention
CUST-00358,483,3,1542.54,2,2,3,223,2.33,Needs Attention
CUST-14907,483,3,1580.92,2,2,3,223,2.33,Needs Attention
CUST-14680,483,4,2446.83,2,3,4,234,3.0,Needs Attention
CUST-07851,483,5,1584.78,2,3,3,233,2.67,Needs Attention
CUST-13165,483,6,723.4,2,4,1,241,2.33,Needs Attention
CUST-06738,483,6,1908.99,2,4,3,243,3.0,Loyal Customers
CUST-00767,483,6,2916.09,2,4,4,244,3.33,Loyal Customers
CUST-07715,483,6,4210.66,2,4,5,245,3.67,Loyal Customers
CUST-11658,483,7,1341.16,2,4,2,242,2.67,Needs Attention
CUST-04084,483,8,2038.52,2,5,3,253,3.33,Loyal Customers
CUST-10727,482,2,468.03,2,1,1,211,1.33,Needs Attention
CUST-00417,482,3,262.58,2,1,1,211,1.33,Needs Attention
CUST-02338,482,3,357.34,2,1,1,211,1.33,Needs Attention
CUST-02545,482,3,1265.75,2,2,2,222,2.0,Needs Attention
CUST-08978,482,4,483.54,2,2,1,221,1.67,Needs Attention
CUST-03430,482,4,686.15,2,2,1,221,1.67,Needs Attention
CUST-11800,482,5,686.83,2,3,1,231,2.0,Needs Attention
CUST-09693,482,5,961.2,2,3,2,232,2.33,Needs Attention
CUST-07252,482,5,1336.8,2,3,2,232,2.33,Needs Attention
CUST-09398,482,6,436.4,2,4,1,241,2.33,Needs Attention
CUST-08280,482,6,729.07,2,4,1,241,2.33,Needs Attention
CUST-12195,482,6,3244.0,2,4,5,245,3.67,Loyal Customers
CUST-06410,482,7,1694.24,2,4,3,243,3.0,Loyal Customers
CUST-14832,481,2,1584.51,2,1,3,213,2.0,Needs Attention
CUST-06274,481,4,1921.34,2,2,3,223,2.33,Needs Attention
CUST-13037,481,6,1448.1,2,4,3,243,3.0,Loyal Customers
CUST-14894,481,7,3238.92,2,5,5,255,4.0,Loyal Customers
CUST-11136,481,8,1956.73,2,5,3,253,3.33,Loyal Customers
CUST-07024,481,8,2918.52,2,5,4,254,3.67,Loyal Customers
CUST-14940,480,2,540.12,2,1,1,211,1.33,Needs Attention
CUST-00460,480,3,675.39,2,1,1,211,1.33,Needs Attention
CUST-02639,480,3,1173.67,2,2,2,222,2.0,Needs Attention
CUST-02437,480,4,662.71,2,2,1,221,1.67,Needs Attention
CUST-10256,480,5,973.41,2,3,2,232,2.33,Needs Attention
CUST-06451,480,6,773.84,2,4,2,242,2.67,Needs Attention
CUST-12822,480,6,1677.69,2,4,3,243,3.0,Loyal Customers
CUST-11063,480,6,2176.38,2,4,4,244,3.33,Loyal Customers
CUST-12218,480,6,2824.06,2,4,4,244,3.33,Loyal Customers
CUST-03290,480,6,2923.86,2,4,4,244,3.33,Loyal Customers
CUST-04189,480,7,3489.26,2,5,5,255,4.0,Loyal Customers
CUST-00146,479,2,233.28,2,1,1,211,1.33,Needs Attention
CUST-02755,479,2,1936.11,2,1,3,213,2.0,Needs Attention
CUST-07111,479,3,1051.72,2,1,2,212,1.67,Needs Attention
CUST-02043,479,3,1356.07,2,2,2,222,2.0,Needs Attention
CUST-06745,479,4,1264.63,2,2,2,222,2.0,Needs Attention
CUST-14578,479,4,1410.54,2,2,3,223,2.33,Needs Attention
CUST-09726,479,4,2856.57,2,3,4,234,3.0,Needs Attention
CUST-04759,479,5,2024.86,2,3,3,233,2.67,Needs Attention
CUST-10531,479,5,3568.24,2,3,5,235,3.33,Needs Attention
CUST-03251,479,6,1780.2,2,4,3,243,3.0,Loyal Customers
CUST-13538,479,7,1443.58,2,4,3,243,3.0,Loyal Customers
CUST-12838,479,7,2270.73,2,5,4,254,3.67,Loyal Customers
CUST-12052,479,11,5883.66,2,5,5,255,4.0,Loyal Customers
CUST-03057,478,3,304.0,2,1,1,211,1.33,Needs Attention
CUST-12907,478,5,452.62,2,3,1,231,2.0,Needs Attention
CUST-06450,478,6,2430.93,2,4,4,244,3.33,Loyal Customers
CUST-00854,478,6,2451.75,2,4,4,244,3.33,Loyal Customers
CUST-00049,478,6,3316.43,2,4,5,245,3.67,Loyal Customers
CUST-05920,478,6,3744.62,2,4,5,245,3.67,Loyal Customers
CUST-01989,478,7,3867.59,2,5,5,255,4.0,Loyal Customers
CUST-03995,477,2,1083.76,2,1,2,212,1.67,Needs Attention
CUST-09840,477,2,2600.98,2,1,4,214,2.33,Needs Attention
CUST-08914,477,4,723.95,2,2,1,221,1.67,Needs Attention
CUST-11798,477,5,1567.85,2,3,3,233,2.67,Needs Attention
CUST-05120,477,5,3812.44,2,4,5,245,3.67,Loyal Customers
CUST-12927,477,6,877.13,2,4,2,242,2.67,Needs Attention
CUST-02364,477,6,1747.93,2,4,3,243,3.0,Loyal Customers
CUST-05270,477,10,4958.23,2,5,5,255,4.0,Loyal Customers
CUST-00740,476,2,586.42,2,1,1,211,1.33,Needs Attention
CUST-14552,476,3,321.52,2,1,1,211,1.33,Needs Attention
CUST-03492,476,3,1630.18,2,2,3,223,2.33,Needs Attention
CUST-02188,476,4,419.14,2,2,1,221,1.67,Needs Attention
CUST-00916,476,4,2379.37,2,2,4,224,2.67,Needs Attention
CUST-10248,476,5,1663.94,2,3,3,233,2.67,Needs Attention
CUST-13319,476,6,2189.74,2,4,4,244,3.33,Loyal Customers
CUST-12435,476,7,2600.28,2,5,4,254,3.67,Loyal Customers
CUST-11321,476,7,2889.39,2,5,4,254,3.67,Loyal Customers
CUST-00930,476,7,3233.29,2,5,5,255,4.0,Loyal Customers
CUST-04457,475,2,118.17,2,1,1,211,1.33,Needs Attention
CUST-11979,475,2,1626.54,2,1,3,213,2.0,Needs Attention
CUST-09558,475,3,244.05,2,1,1,211,1.33,Needs Attention
CUST-07143,475,5,2578.67,2,3,4,234,3.0,Needs Attention
CUST-00441,475,5,5770.43,2,4,5,245,3.67,Loyal Customers
CUST-10063,475,6,1122.98,2,4,2,242,2.67,Needs Attention
CUST-12979,475,6,1396.02,2,4,3,243,3.0,Loyal Customers
CUST-12071,475,6,1805.94,2,4,3,243,3.0,Loyal Customers
CUST-00275,475,6,3516.39,2,4,5,245,3.67,Loyal Customers
CUST-12366,475,7,2987.48,2,5,4,254,3.67,Loyal Customers
CUST-04850,474,2,286.7,2,1,1,211,1.33,Needs Attention
CUST-00908,474,2,304.69,2,1,1,211,1.33,Needs Attention
CUST-04072,474,2,923.13,2,1,2,212,1.67,Needs Attention
CUST-13447,474,3,508.29,2,1,1,211,1.33,Needs Attention
CUST-11034,474,4,381.23,2,2,1,221,1.67,Needs Attention
CUST-12076,474,4,417.36,2,2,1,221,1.67,Needs Attention
CUST-07103,474,4,2052.44,2,2,3,223,2.33,Needs Attention
CUST-14525,474,6,820.66,2,4,2,242,2.67,Needs Attention
CUST-10363,474,6,1795.86,2,4,3,243,3.0,Loyal Customers
CUST-07889,474,7,2407.05,2,5,4,254,3.67,Loyal Customers
CUST-14053,474,8,2906.72,2,5,4,254,3.67,Loyal Customers
CUST-04872,474,9,2506.12,2,5,4,254,3.67,Loyal Customers
CUST-01935,474,11,5366.85,2,5,5,255,4.0,Loyal Customers
CUST-00983,473,2,794.16,2,1,2,212,1.67,Needs Attention
CUST-04774,473,3,540.13,2,1,1,211,1.33,Needs Attention
CUST-04583,473,4,850.07,2,2,2,222,2.0,Needs Attention
CUST-11386,473,4,2791.28,2,3,4,234,3.0,Needs Attention
CUST-13917,473,5,2216.38,2,3,4,234,3.0,Needs Attention
CUST-05992,473,5,3136.5,2,3,5,235,3.33,Needs Attention
CUST-13560,473,6,1284.65,2,4,2,242,2.67,Needs Attention
CUST-08474,473,6,2790.63,2,4,4,244,3.33,Loyal Customers
CUST-06227,473,8,1496.07,2,5,3,253,3.33,Loyal Customers
CUST-04401,473,9,2168.84,2,5,4,254,3.67,Loyal Customers
CUST-00294,472,2,336.55,2,1,1,211,1.33,Needs Attention
CUST-07780,472,3,287.49,2,1,1,211,1.33,Needs Attention
CUST-14557,472,3,1225.18,2,2,2,222,2.0,Needs Attention
CUST-06175,472,4,1987.79,2,2,3,223,2.33,Needs Attention
CUST-04126,472,5,3113.68,2,3,5,235,3.33,Needs Attention
CUST-04647,472,5,3323.0,2,3,5,235,3.33,Needs Attention
CUST-12750,472,7,4356.42,2,5,5,255,4.0,Loyal Customers
CUST-07522,472,8,2832.29,2,5,4,254,3.67,Loyal Customers
CUST-04381,471,2,395.67,2,1,1,211,1.33,Needs Attention
CUST-09021,471,2,1300.62,2,1,2,212,1.67,Needs Attention
CUST-09278,471,3,1899.36,2,2,3,223,2.33,Needs Attention
CUST-07681,471,4,932.61,2,2,2,222,2.0,Needs Attention
CUST-13204,471,4,1139.21,2,2,2,222,2.0,Needs Attention
CUST-10035,471,4,1757.2,2,2,3,223,2.33,Needs Attention
CUST-05282,471,5,619.06,2,3,1,231,2.0,Needs Attention
CUST-02131,471,6,1454.83,2,4,3,243,3.0,Loyal Customers
CUST-11917,471,7,2105.3,2,5,4,254,3.67,Loyal Customers
CUST-00193,470,3,207.74,2,1,1,211,1.33,Needs Attention
CUST-01672,470,3,828.02,2,1,2,212,1.67,Needs Attention
CUST-06780,470,3,1514.24,2,2,3,223,2.33,Needs Attention
CUST-11956,470,4,388.98,2,2,1,221,1.67,Needs Attention
CUST-06833,470,4,1530.62,2,2,3,223,2.33,Needs Attention
CUST-10749,470,4,1682.66,2,2,3,223,2.33,Needs Attention
CUST-05184,470,4,2281.51,2,2,4,224,2.67,Needs Attention
CUST-05603,470,4,3353.25,2,3,5,235,3.33,Needs Attention
CUST-01510,470,5,1282.65,2,3,2,232,2.33,Needs Attention
CUST-03521,470,5,3905.71,2,4,5,245,3.67,Loyal Customers
CUST-05739,470,6,2648.16,2,4,4,244,3.33,Loyal Customers
CUST-11521,469,3,276.82,2,1,1,211,1.33,Needs Attention
CUST-06532,469,3,2702.02,2,2,4,224,2.67,Needs Attention
CUST-13855,469,4,757.85,2,2,2,222,2.0,Needs Attention
CUST-12200,469,4,2415.53,2,3,4,234,3.0,Needs Attention
CUST-01937,469,6,3603.94,2,4,5,245,3.67,Loyal Customers
CUST-11425,469,7,2358.44,2,5,4,254,3.67,Loyal Customers
CUST-00204,469,7,3670.63,2,5,5,255,4.0,Loyal Customers
CUST-03364,469,8,7175.95,2,5,5,255,4.0,Loyal Customers
CUST-05000,468,2,364.32,2,1,1,211,1.33,Needs Attention
CUST-05356,468,2,878.48,2,1,2,212,1.67,Needs Attention
CUST-06062,468,2,1357.22,2,1,2,212,1.67,Needs Attention
CUST-04884,468,3,977.75,2,1,2,212,1.67,Needs Attention
CUST-14510,468,3,1286.15,2,2,2,222,2.0,Needs Attention
CUST-13862,468,3,1434.4,2,2,3,223,2.33,Needs Attention
CUST-02791,468,4,1002.22,2,2,2,222,2.0,Needs Attention
CUST-06895,468,4,1724.84,2,2,3,223,2.33,Needs Attention
CUST-01498,468,4,2442.2,2,3,4,234,3.0,Needs Attention
CUST-04741,468,4,3623.36,2,3,5,235,3.33,Needs Attention
CUST-04680,468,5,595.72,2,3,1,231,2.0,Needs Attention
CUST-06577,468,5,1925.91,2,3,3,233,2.67,Needs Attention
CUST-03332,468,5,2401.91,2,3,4,234,3.0,Needs Attention
CUST-07309,468,6,2650.01,2,4,4,244,3.33,Loyal Customers
CUST-11403,468,7,3376.41,2,5,5,255,4.0,Loyal Customers
CUST-14241,468,9,3531.97,2,5,5,255,4.0,Loyal Customers
CUST-09363,467,2,910.49,2,1,2,212,1.67,Needs Attention
CUST-10876,467,2,994.48,2,1,2,212,1.67,Needs Attention
CUST-09931,467,3,251.74,2,1,1,211,1.33,Needs Attention
CUST-11084,467,3,356.84,2,1,1,211,1.33,Needs Attention
CUST-14748,467,3,399.24,2,1,1,211,1.33,Needs Attention
CUST-13558,467,3,632.67,2,1,1,211,1.33,Needs Attention
CUST-10850,467,3,1315.35,2,2,2,222,2.0,Needs Attention
CUST-12798,467,3,2637.35,2,2,4,224,2.67,Needs Attention
CUST-05859,467,4,1970.44,2,2,3,223,2.33,Needs Attention
CUST-03099,467,4,2445.27,2,3,4,234,3.0,Needs Attention
CUST-02232,467,5,1004.0,2,3,2,232,2.33,Needs Attention
CUST-11314,467,5,1172.82,2,3,2,232,2.33,Needs Attention
CUST-04545,467,6,1613.65,2,4,3,243,3.0,Loyal Customers
CUST-01423,467,6,1870.18,2,4,3,243,3.0,Loyal Customers
CUST-03517,466,2,121.27,2,1,1,211,1.33,Needs Attention
CUST-13945,466,2,137.02,2,1,1,211,1.33,Needs Attention
CUST-01650,466,2,1141.61,2,1,2,212,1.67,Needs Attention
CUST-10934,466,2,1204.73,2,1,2,212,1.67,Needs Attention
CUST-06930,466,2,3087.0,2,1,5,215,2.67,Needs Attention
CUST-07956,466,3,2036.62,2,2,3,223,2.33,Needs Attention
CUST-08790,466,4,650.82,2,2,1,221,1.67,Needs Attention
CUST-07939,466,4,1143.71,2,2,2,222,2.0,Needs Attention
CUST-01901,466,4,1153.95,2,2,2,222,2.0,Needs Attention
CUST-01919,466,4,1940.11,2,2,3,223,2.33,Needs Attention
CUST-00683,466,4,2937.56,2,3,4,234,3.0,Needs Attention
CUST-03467,466,5,2088.84,2,3,4,234,3.0,Needs Attention
CUST-06803,466,5,2782.0,2,3,4,234,3.0,Needs Attention
CUST-04971,466,12,6040.96,2,5,5,255,4.0,Loyal Customers
CUST-06418,465,3,471.59,2,1,1,211,1.33,Needs Attention
CUST-07642,465,3,1901.38,2,2,3,223,2.33,Needs Attention
CUST-05902,465,4,3024.68,2,3,5,235,3.33,Needs Attention
CUST-10162,465,6,4629.58,2,4,5,245,3.67,Loyal Customers
CUST-03672,465,6,5140.41,2,4,5,245,3.67,Loyal Customers
CUST-00198,465,7,2311.76,2,5,4,254,3.67,Loyal Customers
CUST-05333,465,7,3190.88,2,5,5,255,4.0,Loyal Customers
CUST-10192,465,7,3880.36,2,5,5,255,4.0,Loyal Customers
CUST-01963,465,8,1863.36,2,5,3,253,3.33,Loyal Customers
CUST-12544,464,3,195.14,2,1,1,211,1.33,Needs Attention
CUST-10597,464,4,1407.46,2,2,3,223,2.33,Needs Attention
CUST-04964,464,4,1711.55,2,2,3,223,2.33,Needs Attention
CUST-13182,464,4,1720.96,2,2,3,223,2.33,Needs Attention
CUST-02943,464,4,1741.57,2,2,3,223,2.33,Needs Attention
CUST-05675,464,5,2179.86,2,3,4,234,3.0,Needs Attention
CUST-10627,464,6,3440.38,2,4,5,245,3.67,Loyal Customers
CUST-03614,464,7,931.79,2,4,2,242,2.67,Needs Attention
CUST-04244,464,12,4603.74,2,5,5,255,4.0,Loyal Customers
CUST-00379,463,2,1238.25,2,1,2,212,1.67,Needs Attention
CUST-07155,463,3,91.17,2,1,1,211,1.33,Needs Attention
CUST-08945,463,3,752.89,2,1,1,211,1.33,Needs Attention
CUST-08848,463,3,1524.02,2,2,3,223,2.33,Needs Attention
CUST-12167,463,4,1474.11,2,2,3,223,2.33,Needs Attention
CUST-01556,463,4,1516.57,2,2,3,223,2.33,Needs Attention
CUST-05491,463,4,2280.72,2,2,4,224,2.67,Needs Attention
CUST-12364,463,4,3661.23,2,3,5,235,3.33,Needs Attention
CUST-11963,463,5,2625.95,2,3,4,234,3.0,Needs Attention
CUST-00751,463,6,5193.02,2,4,5,245,3.67,Loyal Customers
CUST-10289,463,7,3211.05,2,5,5,255,4.0,Loyal Customers
CUST-05124,462,2,190.5,2,1,1,211,1.33,Needs Attention
CUST-12681,462,2,1488.07,2,1,3,213,2.0,Needs Attention
CUST-13013,462,3,251.06,2,1,1,211,1.33,Needs Attention
CUST-08631,462,4,1873.02,2,2,3,223,2.33,Needs Attention
CUST-03214,462,5,783.37,2,3,2,232,2.33,Needs Attention
CUST-05622,462,5,858.17,2,3,2,232,2.33,Needs Attention
CUST-02840,462,5,1690.86,2,3,3,233,2.67,Needs Attention
CUST-03832,462,5,2778.32,2,3,4,234,3.0,Needs Attention
CUST-07474,462,6,802.41,2,4,2,242,2.67,Needs Attention
CUST-11329,462,6,2612.95,2,4,4,244,3.33,Loyal Customers
CUST-12175,462,6,2854.82,2,4,4,244,3.33,Loyal Customers
CUST-11131,462,7,1381.92,2,4,2,242,2.67,Needs Attention
CUST-08286,462,7,2626.4,2,5,4,254,3.67,Loyal Customers
CUST-06354,462,7,3352.23,2,5,5,255,4.0,Loyal Customers
CUST-09427,461,2,307.91,2,1,1,211,1.33,Needs Attention
CUST-12899,461,2,1147.8,2,1,2,212,1.67,Needs Attention
CUST-01349,461,2,1322.06,2,1,2,212,1.67,Needs Attention
CUST-07664,461,2,1469.83,2,1,3,213,2.0,Needs Attention
CUST-02189,461,3,818.36,2,1,2,212,1.67,Needs Attention
CUST-09733,461,4,2057.32,2,2,3,223,2.33,Needs Attention
CUST-08359,461,4,2374.17,2,2,4,224,2.67,Needs Attention
CUST-10198,461,5,814.86,2,3,2,232,2.33,Needs Attention
CUST-05292,461,5,2780.03,2,3,4,234,3.0,Needs Attention
CUST-05566,461,5,2846.12,2,3,4,234,3.0,Needs Attention
CUST-11823,461,6,3693.38,2,4,5,245,3.67,Loyal Customers
CUST-11360,461,7,3382.87,2,5,5,255,4.0,Loyal Customers
CUST-13362,461,12,6298.74,2,5,5,255,4.0,Loyal Customers
CUST-02809,460,2,124.32,2,1,1,211,1.33,Needs Attention
CUST-04534,460,3,179.01,2,1,1,211,1.33,Needs Attention
CUST-00183,460,3,252.08,2,1,1,211,1.33,Needs Attention
CUST-07915,460,3,2360.93,2,2,4,224,2.67,Needs Attention
CUST-13868,460,4,241.51,2,2,1,221,1.67,Needs Attention
CUST-14316,460,4,1450.78,2,2,3,223,2.33,Needs Attention
CUST-09235,460,5,626.61,2,3,1,231,2.0,Needs Attention
CUST-01842,460,5,2108.18,2,3,4,234,3.0,Needs Attention
CUST-12925,460,8,2094.46,2,5,4,254,3.67,Loyal Customers
CUST-05069,460,8,2860.77,2,5,4,254,3.67,Loyal Customers
CUST-06733,459,2,740.43,2,1,1,211,1.33,Needs Attention
CUST-11955,459,3,450.82,2,1,1,211,1.33,Needs Attention
CUST-05549,459,3,1009.43,2,1,2,212,1.67,Needs Attention
CUST-00487,459,4,2128.13,2,2,4,224,2.67,Needs Attention
CUST-00504,459,5,1394.03,2,3,3,233,2.67,Needs Attention
CUST-13220,459,5,3734.0,2,3,5,235,3.33,Needs Attention
CUST-08409,459,6,2590.43,2,4,4,244,3.33,Loyal Customers
CUST-02690,459,6,3608.6,2,4,5,245,3.67,Loyal Customers
CUST-02871,459,7,3659.84,2,5,5,255,4.0,Loyal Customers
CUST-09482,459,8,2823.28,2,5,4,254,3.67,Loyal Customers
CUST-13450,458,4,549.23,2,2,1,221,1.67,Needs Attention
CUST-11764,458,4,2037.13,2,2,3,223,2.33,Needs Attention
CUST-02381,458,5,910.64,2,3,2,232,2.33,Needs Attention
CUST-09406,458,6,1037.92,2,4,2,242,2.67,Needs Attention
CUST-07756,458,6,1237.79,2,4,2,242,2.67,Needs Attention
CUST-12349,457,2,178.17,2,1,1,211,1.33,Needs Attention
CUST-04747,457,2,241.13,2,1,1,211,1.33,Needs Attention
CUST-12059,457,3,1249.6,2,2,2,222,2.0,Needs Attention
CUST-10058,457,3,1990.87,2,2,3,223,2.33,Needs Attention
CUST-11068,457,4,591.06,2,2,1,221,1.67,Needs Attention
CUST-05528,457,4,1251.99,2,2,2,222,2.0,Needs Attention
CUST-01996,457,4,2871.34,2,3,4,234,3.0,Needs Attention
CUST-14672,457,5,1735.09,2,3,3,233,2.67,Needs Attention
CUST-03063,457,5,3650.29,2,3,5,235,3.33,Needs Attention
CUST-08629,457,5,4604.75,2,4,5,245,3.67,Loyal Customers
CUST-10380,457,6,1303.96,2,4,2,242,2.67,Needs Attention
CUST-03032,457,8,1049.39,2,5,2,252,3.0,Needs Attention
CUST-03944,457,8,4247.37,2,5,5,255,4.0,Loyal Customers
CUST-08383,456,2,249.63,2,1,1,211,1.33,Needs Attention
CUST-08371,456,2,822.97,2,1,2,212,1.67,Needs Attention
CUST-14244,456,2,1206.05,2,1,2,212,1.67,Needs Attention
CUST-11307,456,2,2474.51,2,1,4,214,2.33,Needs Attention
CUST-10735,456,3,163.84,2,1,1,211,1.33,Needs Attention
CUST-08351,456,3,477.7,2,1,1,211,1.33,Needs Attention
CUST-03288,456,3,753.28,2,1,1,211,1.33,Needs Attention
CUST-07695,456,4,522.57,2,2,1,221,1.67,Needs Attention
CUST-14641,456,5,2335.12,2,3,4,234,3.0,Needs Attention
CUST-00712,456,6,692.86,2,4,1,241,2.33,Needs Attention
CUST-08979,456,6,2115.98,2,4,4,244,3.33,Loyal Customers
CUST-06477,456,8,2520.17,2,5,4,254,3.67,Loyal Customers
CUST-12066,456,8,3749.61,2,5,5,255,4.0,Loyal Customers
CUST-10377,455,3,342.84,2,1,1,211,1.33,Needs Attention
CUST-12857,455,4,610.93,2,2,1,221,1.67,Needs Attention
CUST-05043,455,4,3644.27,2,3,5,235,3.33,Needs Attention
CUST-02342,455,6,1931.86,2,4,3,243,3.0,Loyal Customers
CUST-07149,455,6,2168.17,2,4,4,244,3.33,Loyal Customers
CUST-01400,455,9,2998.16,2,5,4,254,3.67,Loyal Customers
CUST-01479,454,2,254.42,2,1,1,211,1.33,Needs Attention
CUST-14142,454,2,286.93,2,1,1,211,1.33,Needs Attention
CUST-02143,454,2,996.53,2,1,2,212,1.67,Needs Attention
CUST-14455,454,5,1005.88,2,3,2,232,2.33,Needs Attention
CUST-00367,454,5,1246.92,2,3,2,232,2.33,Needs Attention
CUST-07117,454,5,1921.61,2,3,3,233,2.67,Needs Attention
CUST-04433,454,5,2408.49,2,3,4,234,3.0,Needs Attention
CUST-00354,454,7,1952.35,2,4,3,243,3.0,Loyal Customers
CUST-14476,454,7,2242.84,2,5,4,254,3.67,Loyal Customers
CUST-08668,454,7,3056.03,2,5,5,255,4.0,Loyal Customers
CUST-03820,454,7,3578.25,2,5,5,255,4.0,Loyal Customers
CUST-11618,453,3,240.19,2,1,1,211,1.33,Needs Attention
CUST-05378,453,3,671.84,2,1,1,211,1.33,Needs Attention
CUST-12486,453,3,860.34,2,1,2,212,1.67,Needs Attention
CUST-00748,453,4,649.15,2,2,1,221,1.67,Needs Attention
CUST-13318,453,5,890.85,2,3,2,232,2.33,Needs Attention
CUST-12690,453,6,1542.67,2,4,3,243,3.0,Loyal Customers
CUST-01091,453,7,1072.88,2,4,2,242,2.67,Needs Attention
CUST-09894,453,8,2149.78,2,5,4,254,3.67,Loyal Customers
CUST-07092,453,8,2269.48,2,5,4,254,3.67,Loyal Customers
CUST-12742,453,9,3528.35,2,5,5,255,4.0,Loyal Customers
CUST-02579,452,2,1332.33,2,1,2,212,1.67,Needs Attention
CUST-14299,452,3,650.32,2,1,1,211,1.33,Needs Attention
CUST-09038,452,4,662.08,2,2,1,221,1.67,Needs Attention
CUST-00338,452,4,725.45,2,2,1,221,1.67,Needs Attention
CUST-13965,452,4,1101.06,2,2,2,222,2.0,Needs Attention
CUST-00732,452,4,1736.37,2,2,3,223,2.33,Needs Attention
CUST-13529,452,4,2384.14,2,3,4,234,3.0,Needs Attention
CUST-03953,452,5,1678.9,2,3,3,233,2.67,Needs Attention
CUST-03325,452,5,2111.41,2,3,4,234,3.0,Needs Attention
CUST-00507,452,5,3720.97,2,3,5,235,3.33,Needs Attention
CUST-02108,452,6,966.37,2,4,2,242,2.67,Needs Attention
CUST-04860,452,7,3171.51,2,5,5,255,4.0,Loyal Customers
CUST-07537,452,7,4456.8,2,5,5,255,4.0,Loyal Customers
CUST-05142,452,9,2681.5,2,5,4,254,3.67,Loyal Customers
CUST-14189,451,4,828.25,2,2,2,222,2.0,Needs Attention
CUST-02125,451,4,2408.09,2,3,4,234,3.0,Needs Attention
CUST-02686,451,5,1885.61,2,3,3,233,2.67,Needs Attention
CUST-04960,451,5,2111.47,2,3,4,234,3.0,Needs Attention
CUST-03159,451,5,2904.42,2,3,4,234,3.0,Needs Attention
CUST-04020,451,7,2482.73,2,5,4,254,3.67,Loyal Customers
CUST-08451,450,2,611.25,2,1,1,211,1.33,Needs Attention
CUST-13665,450,2,652.7,2,1,1,211,1.33,Needs Attention
CUST-04978,450,3,386.42,2,1,1,211,1.33,Needs Attention
CUST-07256,450,3,1236.77,2,2,2,222,2.0,Needs Attention
CUST-10445,450,4,780.81,2,2,2,222,2.0,Needs Attention
CUST-08015,450,4,1148.1,2,2,2,222,2.0,Needs Attention
CUST-13684,450,5,2423.03,2,3,4,234,3.0,Needs Attention
CUST-07426,450,5,3174.2,2,3,5,235,3.33,Needs Attention
CUST-07068,450,6,1982.17,2,4,3,243,3.0,Loyal Customers
CUST-08493,450,6,3156.82,2,4,5,245,3.67,Loyal Customers
CUST-09996,450,6,3963.07,2,4,5,245,3.67,Loyal Customers
CUST-03217,450,7,3558.7,2,5,5,255,4.0,Loyal Customers
CUST-06208,450,9,2880.59,2,5,4,254,3.67,Loyal Customers
CUST-05975,450,9,2936.82,2,5,4,254,3.67,Loyal Customers
CUST-00942,450,9,3939.07,2,5,5,255,4.0,Loyal Customers
CUST-04515,450,9,4590.63,2,5,5,255,4.0,Loyal Customers
CUST-13784,449,2,1495.1,2,1,3,213,2.0,Needs Attention
CUST-02286,449,3,915.11,2,1,2,212,1.67,Needs Attention
CUST-05958,449,3,2286.55,2,2,4,224,2.67,Needs Attention
CUST-00691,449,4,210.3,2,2,1,221,1.67,Needs Attention
CUST-05559,449,4,902.08,2,2,2,222,2.0,Needs Attention
CUST-03708,449,5,698.85,2,3,1,231,2.0,Needs Attention
CUST-00587,449,5,1227.31,2,3,2,232,2.33,Needs Attention
CUST-14282,449,5,1473.59,2,3,3,233,2.67,Needs Attention
CUST-00159,449,5,1975.2,2,3,3,233,2.67,Needs Attention
CUST-13492,449,6,2461.14,2,4,4,244,3.33,Loyal Customers
CUST-11003,449,8,3974.44,2,5,5,255,4.0,Loyal Customers
CUST-00542,448,2,311.15,2,1,1,211,1.33,Needs Attention
CUST-01805,448,3,514.73,2,1,1,211,1.33,Needs Attention
CUST-08731,448,3,1698.11,2,2,3,223,2.33,Needs Attention
CUST-13342,448,3,2044.78,2,2,3,223,2.33,Needs Attention
CUST-08016,448,4,1910.42,2,2,3,223,2.33,Needs Attention
CUST-10532,448,4,3186.49,2,3,5,235,3.33,Needs Attention
CUST-14576,448,6,3768.05,2,4,5,245,3.67,Loyal Customers
CUST-08614,448,6,4614.76,2,4,5,245,3.67,Loyal Customers
CUST-03145,448,7,1044.92,2,4,2,242,2.67,Needs Attention
CUST-13015,448,8,3378.01,2,5,5,255,4.0,Loyal Customers
CUST-06462,447,3,596.32,2,1,1,211,1.33,Needs Attention
CUST-08112,447,3,1925.95,2,2,3,223,2.33,Needs Attention
CUST-03473,447,4,1642.92,2,2,3,223,2.33,Needs Attention
CUST-10104,447,4,2098.06,2,2,4,224,2.67,Needs Attention
CUST-11687,447,5,330.05,2,3,1,231,2.0,Needs Attention
CUST-11112,447,5,2382.59,2,3,4,234,3.0,Needs Attention
CUST-03334,447,6,2103.26,2,4,4,244,3.33,Loyal Customers
CUST-01512,447,6,5297.76,2,4,5,245,3.67,Loyal Customers
CUST-07667,447,7,1218.04,2,4,2,242,2.67,Needs Attention
CUST-00652,446,2,166.27,2,1,1,211,1.33,Needs Attention
CUST-00122,446,2,228.79,2,1,1,211,1.33,Needs Attention
CUST-01217,446,2,839.65,2,1,2,212,1.67,Needs Attention
CUST-13750,446,2,2522.46,2,1,4,214,2.33,Needs Attention
CUST-09033,446,3,558.25,2,1,1,211,1.33,Needs Attention
CUST-02498,446,3,691.95,2,1,1,211,1.33,Needs Attention
CUST-08444,446,4,453.9,2,2,1,221,1.67,Needs Attention
CUST-01126,446,4,529.7,2,2,1,221,1.67,Needs Attention
CUST-01168,446,6,1083.76,2,4,2,242,2.67,Needs Attention
CUST-12191,446,9,3118.11,2,5,5,255,4.0,Loyal Customers
CUST-06027,445,2,476.06,2,1,1,211,1.33,Needs Attention
CUST-04003,445,2,616.83,2,1,1,211,1.33,Needs Attention
CUST-01146,445,2,1016.58,2,1,2,212,1.67,Needs Attention
CUST-05720,445,2,1264.73,2,1,2,212,1.67,Needs Attention
CUST-00530,445,3,422.66,2,1,1,211,1.33,Needs Attention
CUST-05616,445,3,619.17,2,1,1,211,1.33,Needs Attention
CUST-02054,445,4,750.4,2,2,1,221,1.67,Needs Attention
CUST-10443,445,4,1059.99,2,2,2,222,2.0,Needs Attention
CUST-01534,445,7,3607.13,2,5,5,255,4.0,Loyal Customers
CUST-08100,445,9,2641.57,2,5,4,254,3.67,Loyal Customers
CUST-02391,444,2,73.95,2,1,1,211,1.33,Needs Attention
CUST-12485,444,2,188.38,2,1,1,211,1.33,Needs Attention
CUST-03816,444,3,515.74,2,1,1,211,1.33,Needs Attention
CUST-10842,444,3,551.33,2,1,1,211,1.33,Needs Attention
CUST-09015,444,3,1252.49,2,2,2,222,2.0,Needs Attention
CUST-01303,444,3,1362.86,2,2,2,222,2.0,Needs Attention
CUST-10950,444,4,829.9,2,2,2,222,2.0,Needs Attention
CUST-14922,444,4,1628.41,2,2,3,223,2.33,Needs Attention
CUST-11388,444,5,858.29,2,3,2,232,2.33,Needs Attention
CUST-10487,444,5,1694.03,2,3,3,233,2.67,Needs Attention
CUST-08638,444,5,3318.68,2,3,5,235,3.33,Needs Attention
CUST-04407,444,6,683.25,2,4,1,241,2.33,Needs Attention
CUST-11637,444,6,4565.02,2,4,5,245,3.67,Loyal Customers
CUST-11700,443,2,1175.78,2,1,2,212,1.67,Needs Attention
CUST-06549,443,3,404.16,2,1,1,211,1.33,Needs Attention
CUST-09347,443,5,678.8,2,3,1,231,2.0,Needs Attention
CUST-12341,443,5,2660.19,2,3,4,234,3.0,Needs Attention
CUST-03438,443,6,1664.18,2,4,3,243,3.0,Loyal Customers
CUST-10243,443,6,3702.27,2,4,5,245,3.67,Loyal Customers
CUST-11053,442,2,261.49,2,1,1,211,1.33,Needs Attention
CUST-00309,442,2,692.73,2,1,1,211,1.33,Needs Attention
CUST-12832,442,3,329.12,2,1,1,211,1.33,Needs Attention
CUST-09420,442,3,340.08,2,1,1,211,1.33,Needs Attention
CUST-12190,442,3,1088.12,2,2,2,222,2.0,Needs Attention
CUST-07015,442,4,281.14,2,2,1,221,1.67,Needs Attention
CUST-04627,442,4,2075.38,2,2,4,224,2.67,Needs Attention
CUST-08680,442,4,2812.51,2,3,4,234,3.0,Needs Attention
CUST-02931,442,5,627.75,2,3,1,231,2.0,Needs Attention
CUST-02355,442,5,743.83,2,3,1,231,2.0,Needs Attention
CUST-13269,442,5,907.56,2,3,2,232,2.33,Needs Attention
CUST-03052,442,5,1083.67,2,3,2,232,2.33,Needs Attention
CUST-13224,442,6,499.82,2,4,1,241,2.33,Needs Attention
CUST-04110,442,6,1913.64,2,4,3,243,3.0,Loyal Customers
CUST-04922,442,7,1011.55,2,4,2,242,2.67,Needs Attention
CUST-08925,442,9,2383.1,2,5,4,254,3.67,Loyal Customers
CUST-05161,441,2,337.88,2,1,1,211,1.33,Needs Attention
CUST-07536,441,3,509.36,2,1,1,211,1.33,Needs Attention
CUST-12293,441,4,746.63,2,2,1,221,1.67,Needs Attention
CUST-06158,441,4,774.58,2,2,2,222,2.0,Needs Attention
CUST-06706,441,4,804.48,2,2,2,222,2.0,Needs Attention
CUST-05347,441,5,824.28,2,3,2,232,2.33,Needs Attention
CUST-02170,441,5,2415.01,2,3,4,234,3.0,Needs Attention
CUST-11402,441,5,4371.81,2,4,5,245,3.67,Loyal Customers
CUST-05812,441,6,2270.83,2,4,4,244,3.33,Loyal Customers
CUST-07812,441,7,2298.39,2,5,4,254,3.67,Loyal Customers
CUST-02911,440,3,478.18,2,1,1,211,1.33,Needs Attention
CUST-12702,440,5,823.54,2,3,2,232,2.33,Needs Attention
CUST-11350,440,7,1482.16,2,4,3,243,3.0,Loyal Customers
CUST-10250,440,7,1833.48,2,4,3,243,3.0,Loyal Customers
CUST-01829,439,2,338.47,2,1,1,211,1.33,Needs Attention
CUST-12652,439,2,1024.35,2,1,2,212,1.67,Needs Attention
CUST-07159,439,3,548.63,2,1,1,211,1.33,Needs Attention
CUST-09375,439,4,1447.1,2,2,3,223,2.33,Needs Attention
CUST-07493,439,5,2014.4,2,3,3,233,2.67,Needs Attention
CUST-06927,439,6,2262.18,2,4,4,244,3.33,Loyal Customers
CUST-04345,439,8,2458.68,2,5,4,254,3.67,Loyal Customers
CUST-03727,439,8,6441.43,2,5,5,255,4.0,Loyal Customers
CUST-09534,438,2,69.84,2,1,1,211,1.33,Needs Attention
CUST-13704,438,2,135.71,2,1,1,211,1.33,Needs Attention
CUST-01390,438,3,2472.06,2,2,4,224,2.67,Needs Attention
CUST-00895,438,4,2191.33,2,2,4,224,2.67,Needs Attention
CUST-08024,438,5,1742.56,2,3,3,233,2.67,Needs Attention
CUST-14574,438,7,3031.95,2,5,5,255,4.0,Loyal Customers
CUST-06306,438,7,3526.95,2,5,5,255,4.0,Loyal Customers
CUST-12303,438,9,3538.54,2,5,5,255,4.0,Loyal Customers
CUST-12123,438,10,4128.19,2,5,5,255,4.0,Loyal Customers
CUST-02320,437,2,309.03,2,1,1,211,1.33,Needs Attention
CUST-07107,437,4,557.25,2,2,1,221,1.67,Needs Attention
CUST-00977,437,4,947.42,2,2,2,222,2.0,Needs Attention
CUST-12498,437,5,2055.16,2,3,3,233,2.67,Needs Attention
CUST-13411,437,7,3734.98,2,5,5,255,4.0,Loyal Customers
CUST-00298,437,7,3963.15,2,5,5,255,4.0,Loyal Customers
CUST-00621,437,8,4389.53,2,5,5,255,4.0,Loyal Customers
CUST-03218,436,2,226.23,2,1,1,211,1.33,Needs Attention
CUST-09045,436,3,1413.41,2,2,3,223,2.33,Needs Attention
CUST-05663,436,4,737.13,2,2,1,221,1.67,Needs Attention
CUST-00972,436,5,3087.34,2,3,5,235,3.33,Needs Attention
CUST-06305,436,5,3156.29,2,3,5,235,3.33,Needs Attention
CUST-05796,436,6,3606.16,2,4,5,245,3.67,Loyal Customers
CUST-01243,436,6,3714.15,2,4,5,245,3.67,Loyal Customers
CUST-05446,436,6,3858.25,2,4,5,245,3.67,Loyal Customers
CUST-00361,435,2,263.48,2,1,1,211,1.33,Needs Attention
CUST-05746,435,2,1851.38,2,1,3,213,2.0,Needs Attention
CUST-02993,435,3,511.97,2,1,1,211,1.33,Needs Attention
CUST-14944,435,3,1504.45,2,2,3,223,2.33,Needs Attention
CUST-00390,435,4,1978.85,2,2,3,223,2.33,Needs Attention
CUST-07592,435,4,2740.2,2,3,4,234,3.0,Needs Attention
CUST-12205,435,5,1191.82,2,3,2,232,2.33,Needs Attention
CUST-08530,435,5,1488.4,2,3,3,233,2.67,Needs Attention
CUST-08674,435,5,2061.06,2,3,3,233,2.67,Needs Attention
CUST-08234,435,5,2306.26,2,3,4,234,3.0,Needs Attention
CUST-09751,435,5,2358.54,2,3,4,234,3.0,Needs Attention
CUST-12476,435,6,1110.3,2,4,2,242,2.67,Needs Attention
CUST-07376,435,6,1248.14,2,4,2,242,2.67,Needs Attention
CUST-01745,435,6,1730.82,2,4,3,243,3.0,Loyal Customers
CUST-01386,434,2,514.74,2,1,1,211,1.33,Needs Attention
CUST-14360,434,3,691.71,2,1,1,211,1.33,Needs Attention
CUST-00370,434,3,933.31,2,1,2,212,1.67,Needs Attention
CUST-08301,434,4,1994.5,2,2,3,223,2.33,Needs Attention
CUST-06765,434,4,2308.77,2,2,4,224,2.67,Needs Attention
CUST-01465,434,5,973.25,2,3,2,232,2.33,Needs Attention
CUST-14324,434,5,1360.69,2,3,2,232,2.33,Needs Attention
CUST-04657,434,5,2946.97,2,3,4,234,3.0,Needs Attention
CUST-04974,434,6,1044.91,2,4,2,242,2.67,Needs Attention
CUST-00860,434,6,2134.23,2,4,4,244,3.33,Loyal Customers
CUST-01880,434,6,3187.75,2,4,5,245,3.67,Loyal Customers
CUST-10505,434,7,2840.05,2,5,4,254,3.67,Loyal Customers
CUST-07656,434,8,2487.99,2,5,4,254,3.67,Loyal Customers
CUST-04380,434,9,3022.94,2,5,5,255,4.0,Loyal Customers
CUST-12316,433,2,1649.45,2,1,3,213,2.0,Needs Attention
CUST-02559,433,3,1604.5,2,2,3,223,2.33,Needs Attention
CUST-02453,433,3,1715.49,2,2,3,223,2.33,Needs Attention
CUST-08436,433,4,1927.89,2,2,3,223,2.33,Needs Attention
CUST-04030,433,5,1053.57,2,3,2,232,2.33,Needs Attention
CUST-10132,433,5,3570.83,2,3,5,235,3.33,Needs Attention
CUST-06126,433,6,1847.32,2,4,3,243,3.0,Loyal Customers
CUST-14355,433,6,2256.41,2,4,4,244,3.33,Loyal Customers
CUST-09856,433,7,3231.61,2,5,5,255,4.0,Loyal Customers
CUST-06402,433,7,3666.78,2,5,5,255,4.0,Loyal Customers
CUST-00404,433,8,4234.07,2,5,5,255,4.0,Loyal Customers
CUST-12212,433,9,1824.61,2,5,3,253,3.33,Loyal Customers
CUST-02859,433,9,6269.91,2,5,5,255,4.0,Loyal Customers
CUST-06144,432,2,225.68,2,1,1,211,1.33,Needs Attention
CUST-14508,432,2,694.34,2,1,1,211,1.33,Needs Attention
CUST-02957,432,3,444.42,2,1,1,211,1.33,Needs Attention
CUST-03302,432,4,211.93,2,2,1,221,1.67,Needs Attention
CUST-12467,432,4,1171.27,2,2,2,222,2.0,Needs Attention
CUST-03590,432,5,1020.13,2,3,2,232,2.33,Needs Attention
CUST-07276,432,7,4625.34,2,5,5,255,4.0,Loyal Customers
CUST-04879,431,2,447.09,2,1,1,211,1.33,Needs Attention
CUST-09563,431,2,934.29,2,1,2,212,1.67,Needs Attention
CUST-14136,431,3,1584.49,2,2,3,223,2.33,Needs Attention
CUST-05417,431,4,2665.12,2,3,4,234,3.0,Needs Attention
CUST-00912,431,5,1770.72,2,3,3,233,2.67,Needs Attention
CUST-05740,431,5,2920.5,2,3,4,234,3.0,Needs Attention
CUST-10858,431,5,3420.63,2,3,5,235,3.33,Needs Attention
CUST-14516,431,6,1136.13,2,4,2,242,2.67,Needs Attention
CUST-00557,431,7,3571.76,2,5,5,255,4.0,Loyal Customers
CUST-02164,431,7,4826.41,2,5,5,255,4.0,Loyal Customers
CUST-01737,431,8,3272.34,2,5,5,255,4.0,Loyal Customers
CUST-14281,430,2,124.14,2,1,1,211,1.33,Needs Attention
CUST-06633,430,2,159.34,2,1,1,211,1.33,Needs Attention
CUST-04942,430,2,165.44,2,1,1,211,1.33,Needs Attention
CUST-00711,430,4,1150.22,2,2,2,222,2.0,Needs Attention
CUST-09716,430,4,2644.12,2,3,4,234,3.0,Needs Attention
CUST-08396,430,5,1133.47,2,3,2,232,2.33,Needs Attention
CUST-03342,430,5,2302.41,2,3,4,234,3.0,Needs Attention
CUST-08468,430,5,3017.26,2,3,5,235,3.33,Needs Attention
CUST-10054,430,5,3660.88,2,3,5,235,3.33,Needs Attention
CUST-09276,430,6,1266.91,2,4,2,242,2.67,Needs Attention
CUST-10584,430,7,2856.72,2,5,4,254,3.67,Loyal Customers
CUST-04136,429,2,205.79,2,1,1,211,1.33,Needs Attention
CUST-12556,429,2,268.06,2,1,1,211,1.33,Needs Attention
CUST-04761,429,2,1266.55,2,1,2,212,1.67,Needs Attention
CUST-10799,429,3,728.28,2,1,1,211,1.33,Needs Attention
CUST-03840,429,3,1916.2,2,2,3,223,2.33,Needs Attention
CUST-05449,429,5,1763.85,2,3,3,233,2.67,Needs Attention
CUST-14403,429,5,2206.9,2,3,4,234,3.0,Needs Attention
CUST-12106,429,5,2224.92,2,3,4,234,3.0,Needs Attention
CUST-03813,429,6,2035.43,2,4,3,243,3.0,Loyal Customers
CUST-13525,429,7,2251.32,2,5,4,254,3.67,Loyal Customers
CUST-07740,429,7,4227.09,2,5,5,255,4.0,Loyal Customers
CUST-01371,428,2,531.36,2,1,1,211,1.33,Needs Attention
CUST-04602,428,4,546.27,2,2,1,221,1.67,Needs Attention
CUST-04241,428,4,1128.24,2,2,2,222,2.0,Needs Attention
CUST-02540,428,4,1138.21,2,2,2,222,2.0,Needs Attention
CUST-10703,428,6,1567.92,2,4,3,243,3.0,Loyal Customers
CUST-08508,427,2,335.26,2,1,1,211,1.33,Needs Attention
CUST-13648,427,3,729.13,2,1,1,211,1.33,Needs Attention
CUST-11559,427,4,625.16,2,2,1,221,1.67,Needs Attention
CUST-05352,427,4,817.88,2,2,2,222,2.0,Needs Attention
CUST-09174,427,4,1193.75,2,2,2,222,2.0,Needs Attention
CUST-13134,427,4,1258.76,2,2,2,222,2.0,Needs Attention
CUST-14242,427,4,2659.76,2,3,4,234,3.0,Needs Attention
CUST-09689,427,4,2816.15,2,3,4,234,3.0,Needs Attention
CUST-02248,427,5,3670.68,2,3,5,235,3.33,Needs Attention
CUST-00168,427,6,711.8,2,4,1,241,2.33,Needs Attention
CUST-11363,427,6,4158.29,2,4,5,245,3.67,Loyal Customers
CUST-11082,427,10,3666.38,2,5,5,255,4.0,Loyal Customers
CUST-14550,426,2,440.41,2,1,1,211,1.33,Needs Attention
CUST-08506,426,3,581.75,2,1,1,211,1.33,Needs Attention
CUST-02710,426,3,1356.25,2,2,2,222,2.0,Needs Attention
CUST-08283,426,4,1336.27,2,2,2,222,2.0,Needs Attention
CUST-14300,426,4,3699.32,2,3,5,235,3.33,Needs Attention
CUST-00197,426,5,942.6,2,3,2,232,2.33,Needs Attention
CUST-10423,426,5,1011.06,2,3,2,232,2.33,Needs Attention
CUST-06042,426,5,1862.85,2,3,3,233,2.67,Needs Attention
CUST-02024,426,5,2337.67,2,3,4,234,3.0,Needs Attention
CUST-03305,426,5,2688.05,2,3,4,234,3.0,Needs Attention
CUST-06273,426,6,645.15,2,4,1,241,2.33,Needs Attention
CUST-06629,426,6,2099.94,2,4,4,244,3.33,Loyal Customers
CUST-06623,426,6,4242.93,2,4,5,245,3.67,Loyal Customers
CUST-06885,426,7,2516.22,2,5,4,254,3.67,Loyal Customers
CUST-11728,426,8,582.64,2,5,1,251,2.67,Needs Attention
CUST-01432,426,12,5530.24,2,5,5,255,4.0,Loyal Customers
CUST-07745,425,2,1443.71,2,1,3,213,2.0,Needs Attention
CUST-14906,425,2,1621.21,2,1,3,213,2.0,Needs Attention
CUST-06693,425,3,485.85,2,1,1,211,1.33,Needs Attention
CUST-10920,425,3,990.81,2,1,2,212,1.67,Needs Attention
CUST-08422,425,3,2362.17,2,2,4,224,2.67,Needs Attention
CUST-06813,425,4,1025.37,2,2,2,222,2.0,Needs Attention
CUST-11330,425,4,1844.4,2,2,3,223,2.33,Needs Attention
CUST-00259,425,4,2182.55,2,2,4,224,2.67,Needs Attention
CUST-01586,425,4,2699.9,2,3,4,234,3.0,Needs Attention
CUST-12469,425,5,1151.6,2,3,2,232,2.33,Needs Attention
CUST-14850,425,6,1742.19,2,4,3,243,3.0,Loyal Customers
CUST-07871,424,2,1054.69,2,1,2,212,1.67,Needs Attention
CUST-00222,424,5,1302.39,2,3,2,232,2.33,Needs Attention
CUST-10583,424,5,1825.31,2,3,3,233,2.67,Needs Attention
CUST-07938,424,5,1830.38,2,3,3,233,2.67,Needs Attention
CUST-09335,424,7,1025.73,2,4,2,242,2.67,Needs Attention
CUST-00307,424,7,1554.07,2,4,3,243,3.0,Loyal Customers
CUST-08704,423,3,759.81,2,1,2,212,1.67,Needs Attention
CUST-09155,423,4,954.3,2,2,2,222,2.0,Needs Attention
CUST-11581,423,4,1118.28,2,2,2,222,2.0,Needs Attention
CUST-10875,423,5,1074.51,2,3,2,232,2.33,Needs Attention
CUST-00818,423,5,2150.3,2,3,4,234,3.0,Needs Attention
CUST-05146,423,5,3113.16,2,3,5,235,3.33,Needs Attention
CUST-10809,423,5,4152.13,2,4,5,245,3.67,Loyal Customers
CUST-07847,423,6,1745.38,2,4,3,243,3.0,Loyal Customers
CUST-09677,423,6,2545.38,2,4,4,244,3.33,Loyal Customers
CUST-06458,423,6,2890.13,2,4,4,244,3.33,Loyal Customers
CUST-06544,423,6,4317.32,2,4,5,245,3.67,Loyal Customers
CUST-11808,423,7,1496.01,2,4,3,243,3.0,Loyal Customers
CUST-06818,422,3,230.71,2,1,1,211,1.33,Needs Attention
CUST-05858,422,3,816.0,2,1,2,212,1.67,Needs Attention
CUST-04318,422,3,1773.4,2,2,3,223,2.33,Needs Attention
CUST-04137,422,3,2224.78,2,2,4,224,2.67,Needs Attention
CUST-10791,422,5,3434.16,2,3,5,235,3.33,Needs Attention
CUST-05780,422,5,4012.32,2,4,5,245,3.67,Loyal Customers
CUST-07766,422,6,1399.29,2,4,3,243,3.0,Loyal Customers
CUST-08683,422,8,2723.93,2,5,4,254,3.67,Loyal Customers
CUST-08703,422,8,4596.99,2,5,5,255,4.0,Loyal Customers
CUST-04973,422,9,4465.74,2,5,5,255,4.0,Loyal Customers
CUST-14725,421,3,1812.12,2,2,3,223,2.33,Needs Attention
CUST-13003,421,4,1814.57,2,2,3,223,2.33,Needs Attention
CUST-12207,421,4,2385.81,2,3,4,234,3.0,Needs Attention
CUST-12036,421,5,845.91,2,3,2,232,2.33,Needs Attention
CUST-00822,421,5,1670.52,2,3,3,233,2.67,Needs Attention
CUST-07150,421,5,2716.84,2,3,4,234,3.0,Needs Attention
CUST-14090,421,6,3508.49,2,4,5,245,3.67,Loyal Customers
CUST-08686,421,7,3625.8,2,5,5,255,4.0,Loyal Customers
CUST-12829,421,7,3719.33,2,5,5,255,4.0,Loyal Customers
CUST-11125,421,8,1596.96,2,5,3,253,3.33,Loyal Customers
CUST-09972,421,8,3848.94,2,5,5,255,4.0,Loyal Customers
CUST-11211,421,8,5874.41,2,5,5,255,4.0,Loyal Customers
CUST-08335,420,2,406.03,2,1,1,211,1.33,Needs Attention
CUST-02790,420,2,985.93,2,1,2,212,1.67,Needs Attention
CUST-01735,420,3,4427.17,2,2,5,225,3.0,Needs Attention
CUST-02128,420,4,1450.95,2,2,3,223,2.33,Needs Attention
CUST-13753,420,4,2213.38,2,2,4,224,2.67,Needs Attention
CUST-00731,420,5,1991.6,2,3,3,233,2.67,Needs Attention
CUST-10625,420,5,2066.53,2,3,3,233,2.67,Needs Attention
CUST-04050,420,5,2495.83,2,3,4,234,3.0,Needs Attention
CUST-02746,420,8,2096.34,2,5,4,254,3.67,Loyal Customers
CUST-00624,420,8,3177.66,2,5,5,255,4.0,Loyal Customers
CUST-14622,419,2,725.26,2,1,1,211,1.33,Needs Attention
CUST-07053,419,3,483.42,2,1,1,211,1.33,Needs Attention
CUST-03358,419,3,1453.27,2,2,3,223,2.33,Needs Attention
CUST-14046,419,4,829.27,2,2,2,222,2.0,Needs Attention
CUST-07573,419,4,2779.96,2,3,4,234,3.0,Needs Attention
CUST-08469,419,4,3154.15,2,3,5,235,3.33,Needs Attention
CUST-07946,419,4,4449.29,2,3,5,235,3.33,Needs Attention
CUST-04896,419,5,1295.08,2,3,2,232,2.33,Needs Attention
CUST-11445,419,5,1785.05,2,3,3,233,2.67,Needs Attention
CUST-05113,419,5,2123.8,2,3,4,234,3.0,Needs Attention
CUST-06425,419,6,1900.04,2,4,3,243,3.0,Loyal Customers
CUST-14332,419,6,2938.93,2,4,4,244,3.33,Loyal Customers
CUST-01743,419,7,2794.03,2,5,4,254,3.67,Loyal Customers
CUST-12818,418,2,568.37,2,1,1,211,1.33,Needs Attention
CUST-14857,418,2,1387.82,2,1,2,212,1.67,Needs Attention
CUST-00202,418,3,1017.03,2,1,2,212,1.67,Needs Attention
CUST-07267,418,5,708.3,2,3,1,231,2.0,Needs Attention
CUST-01286,418,5,1888.66,2,3,3,233,2.67,Needs Attention
CUST-05791,418,5,2326.51,2,3,4,234,3.0,Needs Attention
CUST-01252,418,6,3022.72,2,4,5,245,3.67,Loyal Customers
CUST-04933,418,7,2857.79,2,5,4,254,3.67,Loyal Customers
CUST-03188,418,8,2157.82,2,5,4,254,3.67,Loyal Customers
CUST-08632,417,2,332.39,2,1,1,211,1.33,Needs Attention
CUST-14302,417,2,489.07,2,1,1,211,1.33,Needs Attention
CUST-06609,417,2,600.03,2,1,1,211,1.33,Needs Attention
CUST-09588,417,3,442.4,2,1,1,211,1.33,Needs Attention
CUST-05395,417,3,463.53,2,1,1,211,1.33,Needs Attention
CUST-03851,417,3,486.56,2,1,1,211,1.33,Needs Attention
CUST-06292,417,3,652.96,2,1,1,211,1.33,Needs Attention
CUST-06938,417,3,754.05,2,1,1,211,1.33,Needs Attention
CUST-13365,417,3,1364.62,2,2,2,222,2.0,Needs Attention
CUST-10148,417,3,1553.18,2,2,3,223,2.33,Needs Attention
CUST-08883,417,3,1657.3,2,2,3,223,2.33,Needs Attention
CUST-09722,417,6,1792.48,2,4,3,243,3.0,Loyal Customers
CUST-03384,417,7,1704.62,2,4,3,243,3.0,Loyal Customers
CUST-13128,417,8,2202.14,2,5,4,254,3.67,Loyal Customers
CUST-14497,417,10,3727.83,2,5,5,255,4.0,Loyal Customers
CUST-12429,416,2,428.13,2,1,1,211,1.33,Needs Attention
CUST-05089,416,3,542.57,2,1,1,211,1.33,Needs Attention
CUST-14698,416,4,623.43,2,2,1,221,1.67,Needs Attention
CUST-05535,416,4,721.25,2,2,1,221,1.67,Needs Attention
CUST-04411,416,4,1691.19,2,2,3,223,2.33,Needs Attention
CUST-01260,416,6,5734.4,2,4,5,245,3.67,Loyal Customers
CUST-06583,416,8,5688.93,2,5,5,255,4.0,Loyal Customers
CUST-06856,415,2,737.45,2,1,1,211,1.33,Needs Attention
CUST-01207,415,4,1010.38,2,2,2,222,2.0,Needs Attention
CUST-00277,415,4,1141.46,2,2,2,222,2.0,Needs Attention
CUST-14357,415,4,1157.65,2,2,2,222,2.0,Needs Attention
CUST-01495,415,4,1600.97,2,2,3,223,2.33,Needs Attention
CUST-07178,415,4,2788.7,2,3,4,234,3.0,Needs Attention
CUST-02327,415,6,1413.64,2,4,3,243,3.0,Loyal Customers
CUST-08763,415,6,1667.08,2,4,3,243,3.0,Loyal Customers
CUST-09332,415,7,2816.57,2,5,4,254,3.67,Loyal Customers
CUST-07437,414,2,175.13,2,1,1,211,1.33,Needs Attention
CUST-14002,414,3,2186.87,2,2,4,224,2.67,Needs Attention
CUST-00703,414,4,1603.0,2,2,3,223,2.33,Needs Attention
CUST-10318,414,5,2835.39,2,3,4,234,3.0,Needs Attention
CUST-02456,414,6,1045.3,2,4,2,242,2.67,Needs Attention
CUST-08390,414,7,1478.04,2,4,3,243,3.0,Loyal Customers
CUST-12146,414,8,2021.03,2,5,3,253,3.33,Loyal Customers
CUST-04316,414,8,5673.73,2,5,5,255,4.0,Loyal Customers
CUST-13611,413,3,1128.92,2,2,2,222,2.0,Needs Attention
CUST-02239,413,5,2096.79,2,3,4,234,3.0,Needs Attention
CUST-10610,413,6,963.71,2,4,2,242,2.67,Needs Attention
CUST-06991,413,6,2512.29,2,4,4,244,3.33,Loyal Customers
CUST-14559,413,6,3747.76,2,4,5,245,3.67,Loyal Customers
CUST-10683,413,7,1499.73,2,4,3,243,3.0,Loyal Customers
CUST-07906,412,2,67.98,2,1,1,211,1.33,Needs Attention
CUST-04113,412,2,1235.47,2,1,2,212,1.67,Needs Attention
CUST-02966,412,3,273.37,2,1,1,211,1.33,Needs Attention
CUST-09756,412,4,891.47,2,2,2,222,2.0,Needs Attention
CUST-11966,412,4,1462.56,2,2,3,223,2.33,Needs Attention
CUST-12319,412,6,4113.45,2,4,5,245,3.67,Loyal Customers
CUST-14611,412,7,1232.86,2,4,2,242,2.67,Needs Attention
CUST-12709,412,7,1722.6,2,4,3,243,3.0,Loyal Customers
CUST-03421,412,7,2507.18,2,5,4,254,3.67,Loyal Customers
CUST-05371,411,2,1143.04,2,1,2,212,1.67,Needs Attention
CUST-04919,411,2,2076.16,2,1,4,214,2.33,Needs Attention
CUST-04308,411,3,380.56,2,1,1,211,1.33,Needs Attention
CUST-14049,411,4,1159.07,2,2,2,222,2.0,Needs Attention
CUST-04123,411,4,1256.65,2,2,2,222,2.0,Needs Attention
CUST-07876,411,5,1196.7,2,3,2,232,2.33,Needs Attention
CUST-04499,411,6,1647.43,2,4,3,243,3.0,Loyal Customers
CUST-03814,411,6,2736.3,2,4,4,244,3.33,Loyal Customers
CUST-01703,411,6,3863.29,2,4,5,245,3.67,Loyal Customers
CUST-02157,411,6,4952.57,2,4,5,245,3.67,Loyal Customers
CUST-05381,411,7,4065.56,2,5,5,255,4.0,Loyal Customers
CUST-13764,410,2,1654.03,2,1,3,213,2.0,Needs Attention
CUST-01967,410,3,3499.42,2,2,5,225,3.0,Needs Attention
CUST-11710,410,5,551.24,2,3,1,231,2.0,Needs Attention
CUST-01907,410,6,1065.48,2,4,2,242,2.67,Needs Attention
CUST-05151,410,6,1065.88,2,4,2,242,2.67,Needs Attention
CUST-04052,410,6,1172.95,2,4,2,242,2.67,Needs Attention
CUST-07565,410,6,1436.12,2,4,3,243,3.0,Loyal Customers
CUST-08482,410,6,1588.23,2,4,3,243,3.0,Loyal Customers
CUST-03304,410,7,1322.87,2,4,2,242,2.67,Needs Attention
CUST-10126,410,7,2764.84,2,5,4,254,3.67,Loyal Customers
CUST-12595,409,2,1299.38,2,1,2,212,1.67,Needs Attention
CUST-11497,409,3,344.67,2,1,1,211,1.33,Needs Attention
CUST-04291,409,3,817.43,2,1,2,212,1.67,Needs Attention
CUST-08344,409,3,876.51,2,1,2,212,1.67,Needs Attention
CUST-01621,409,3,1215.13,2,2,2,222,2.0,Needs Attention
CUST-03740,409,3,2687.81,2,2,4,224,2.67,Needs Attention
CUST-07377,409,4,1011.54,2,2,2,222,2.0,Needs Attention
CUST-01335,409,4,3102.25,2,3,5,235,3.33,Needs Attention
CUST-04043,409,6,967.66,2,4,2,242,2.67,Needs Attention
CUST-08213,409,12,4301.26,2,5,5,255,4.0,Loyal Customers
CUST-13765,408,2,193.5,2,1,1,211,1.33,Needs Attention
CUST-02535,408,2,788.93,2,1,2,212,1.67,Needs Attention
CUST-01373,408,3,754.44,2,1,1,211,1.33,Needs Attention
CUST-01986,408,3,1800.97,2,2,3,223,2.33,Needs Attention
CUST-12405,408,3,1839.27,2,2,3,223,2.33,Needs Attention
CUST-02201,408,4,236.14,2,2,1,221,1.67,Needs Attention
CUST-05591,408,6,1192.17,2,4,2,242,2.67,Needs Attention
CUST-14789,408,6,4379.1,2,4,5,245,3.67,Loyal Customers
CUST-00037,408,7,2760.67,2,5,4,254,3.67,Loyal Customers
CUST-01875,408,8,4352.4,2,5,5,255,4.0,Loyal Customers
CUST-06755,408,9,5424.94,2,5,5,255,4.0,Loyal Customers
CUST-02180,407,2,233.45,2,1,1,211,1.33,Needs Attention
CUST-02517,407,2,236.91,2,1,1,211,1.33,Needs Attention
CUST-11489,407,2,1443.23,2,1,3,213,2.0,Needs Attention
CUST-10702,407,3,273.48,2,1,1,211,1.33,Needs Attention
CUST-14081,407,3,519.7,2,1,1,211,1.33,Needs Attention
CUST-04558,407,3,2311.27,2,2,4,224,2.67,Needs Attention
CUST-07343,407,4,3320.15,2,3,5,235,3.33,Needs Attention
CUST-08232,407,5,1103.31,2,3,2,232,2.33,Needs Attention
CUST-03003,407,5,1799.82,2,3,3,233,2.67,Needs Attention
CUST-09505,407,5,2564.19,2,3,4,234,3.0,Needs Attention
CUST-06697,407,6,1814.64,2,4,3,243,3.0,Loyal Customers
CUST-08621,407,7,1291.62,2,4,2,242,2.67,Needs Attention
CUST-14952,407,11,3302.15,2,5,5,255,4.0,Loyal Customers
CUST-05010,406,2,1241.91,2,1,2,212,1.67,Needs Attention
CUST-08263,406,3,1179.78,2,2,2,222,2.0,Needs Attention
CUST-04357,406,3,1548.62,2,2,3,223,2.33,Needs Attention
CUST-06335,406,5,863.59,2,3,2,232,2.33,Needs Attention
CUST-01173,406,5,970.56,2,3,2,232,2.33,Needs Attention
CUST-12676,406,5,1776.23,2,3,3,233,2.67,Needs Attention
CUST-02168,406,6,2989.86,2,4,4,244,3.33,Loyal Customers
CUST-07505,406,7,3087.86,2,5,5,255,4.0,Loyal Customers
CUST-08954,406,7,3172.08,2,5,5,255,4.0,Loyal Customers
CUST-12164,405,2,347.73,2,1,1,211,1.33,Needs Attention
CUST-14705,405,4,2943.53,2,3,4,234,3.0,Needs Attention
CUST-09301,405,5,1137.33,2,3,2,232,2.33,Needs Attention
CUST-13804,405,5,3385.15,2,3,5,235,3.33,Needs Attention
CUST-11771,405,6,1115.87,2,4,2,242,2.67,Needs Attention
CUST-13936,405,6,1852.65,2,4,3,243,3.0,Loyal Customers
CUST-03665,405,7,2228.14,2,5,4,254,3.67,Loyal Customers
CUST-02555,405,8,2622.86,2,5,4,254,3.67,Loyal Customers
CUST-06820,404,2,1029.49,2,1,2,212,1.67,Needs Attention
CUST-08293,404,3,1502.96,2,2,3,223,2.33,Needs Attention
CUST-11818,404,3,1711.15,2,2,3,223,2.33,Needs Attention
CUST-02567,404,4,1278.84,2,2,2,222,2.0,Needs Attention
CUST-10197,404,4,1363.18,2,2,2,222,2.0,Needs Attention
CUST-03118,404,4,1507.67,2,2,3,223,2.33,Needs Attention
CUST-11938,404,6,1630.06,2,4,3,243,3.0,Loyal Customers
CUST-01545,404,7,802.44,2,4,2,242,2.67,Needs Attention
CUST-06491,404,7,2058.97,2,4,3,243,3.0,Loyal Customers
CUST-04804,404,10,6901.65,2,5,5,255,4.0,Loyal Customers
CUST-01851,403,2,530.65,2,1,1,211,1.33,Needs Attention
CUST-08210,403,3,570.23,2,1,1,211,1.33,Needs Attention
CUST-12898,403,4,732.79,2,2,1,221,1.67,Needs Attention
CUST-02182,403,4,1008.32,2,2,2,222,2.0,Needs Attention
CUST-14758,403,4,1189.67,2,2,2,222,2.0,Needs Attention
CUST-07867,403,4,1803.48,2,2,3,223,2.33,Needs Attention
CUST-09809,403,4,3879.69,2,3,5,235,3.33,Needs Attention
CUST-00618,403,6,680.04,2,4,1,241,2.33,Needs Attention
CUST-03329,403,6,1351.99,2,4,2,242,2.67,Needs Attention
CUST-01766,403,6,1491.46,2,4,3,243,3.0,Loyal Customers
CUST-00996,403,7,2089.1,2,5,4,254,3.67,Loyal Customers
CUST-01956,402,2,228.41,2,1,1,211,1.33,Needs Attention
CUST-09410,402,3,684.17,2,1,1,211,1.33,Needs Attention
CUST-10915,402,3,1174.18,2,2,2,222,2.0,Needs Attention
CUST-10644,402,3,1576.23,2,2,3,223,2.33,Needs Attention
CUST-05081,402,4,656.33,2,2,1,221,1.67,Needs Attention
CUST-07916,402,4,2952.17,2,3,4,234,3.0,Needs Attention
CUST-07748,402,5,743.82,2,3,1,231,2.0,Needs Attention
CUST-09111,402,5,1251.79,2,3,2,232,2.33,Needs Attention
CUST-10309,402,5,1691.81,2,3,3,233,2.67,Needs Attention
CUST-10210,402,5,2147.93,2,3,4,234,3.0,Needs Attention
CUST-04642,402,7,1661.82,2,4,3,243,3.0,Loyal Customers
CUST-06875,402,10,3596.52,2,5,5,255,4.0,Loyal Customers
CUST-08400,401,2,389.63,2,1,1,211,1.33,Needs Attention
CUST-02780,401,2,761.36,2,1,2,212,1.67,Needs Attention
CUST-09652,401,3,560.37,2,1,1,211,1.33,Needs Attention
CUST-13807,401,3,1724.77,2,2,3,223,2.33,Needs Attention
CUST-12671,401,4,1008.21,2,2,2,222,2.0,Needs Attention
CUST-11943,401,4,1643.47,2,2,3,223,2.33,Needs Attention
CUST-06466,401,5,948.82,2,3,2,232,2.33,Needs Attention
CUST-09786,401,5,2001.58,2,3,3,233,2.67,Needs Attention
CUST-13431,401,5,2459.6,2,3,4,234,3.0,Needs Attention
CUST-12452,401,6,930.36,2,4,2,242,2.67,Needs Attention
CUST-11483,401,8,3311.03,2,5,5,255,4.0,Loyal Customers
CUST-04805,400,3,1594.99,2,2,3,223,2.33,Needs Attention
CUST-02619,400,3,2203.25,2,2,4,224,2.67,Needs Attention
CUST-00475,400,4,952.37,2,2,2,222,2.0,Needs Attention
CUST-04549,400,4,3114.65,2,3,5,235,3.33,Needs Attention
CUST-04524,400,4,3401.34,2,3,5,235,3.33,Needs Attention
CUST-07265,400,5,3002.76,2,3,4,234,3.0,Needs Attention
CUST-06423,400,6,832.27,2,4,2,242,2.67,Needs Attention
CUST-07736,400,6,1234.1,2,4,2,242,2.67,Needs Attention
CUST-12697,400,7,1771.24,2,4,3,243,3.0,Loyal Customers
CUST-02237,400,7,4285.01,2,5,5,255,4.0,Loyal Customers
CUST-12087,400,8,3470.8,2,5,5,255,4.0,Loyal Customers
CUST-04242,400,9,2211.42,2,5,4,254,3.67,Loyal Customers
CUST-05149,399,2,378.57,2,1,1,211,1.33,Needs Attention
CUST-01569,399,2,1111.51,2,1,2,212,1.67,Needs Attention
CUST-09566,399,3,512.75,2,1,1,211,1.33,Needs Attention
CUST-03679,399,3,1385.37,2,2,2,222,2.0,Needs Attention
CUST-06468,399,4,412.41,2,2,1,221,1.67,Needs Attention
CUST-05213,399,4,857.19,2,2,2,222,2.0,Needs Attention
CUST-03322,399,5,1677.58,2,3,3,233,2.67,Needs Attention
CUST-00657,399,6,1402.1,2,4,3,243,3.0,Loyal Customers
CUST-11650,399,6,1586.13,2,4,3,243,3.0,Loyal Customers
CUST-05277,399,6,3081.81,2,4,5,245,3.67,Loyal Customers
CUST-11765,399,6,3358.43,2,4,5,245,3.67,Loyal Customers
CUST-14774,398,2,842.38,2,1,2,212,1.67,Needs Attention
CUST-01902,398,3,530.63,2,1,1,211,1.33,Needs Attention
CUST-08788,398,3,767.32,2,1,2,212,1.67,Needs Attention
CUST-03690,398,3,1240.03,2,2,2,222,2.0,Needs Attention
CUST-08162,398,3,2115.64,2,2,4,224,2.67,Needs Attention
CUST-00527,398,4,1853.77,2,2,3,223,2.33,Needs Attention
CUST-09467,398,5,795.89,2,3,2,232,2.33,Needs Attention
CUST-08201,398,5,1082.35,2,3,2,232,2.33,Needs Attention
CUST-01615,398,5,1333.95,2,3,2,232,2.33,Needs Attention
CUST-02704,398,5,1921.87,2,3,3,233,2.67,Needs Attention
CUST-01155,398,6,2791.07,2,4,4,244,3.33,Loyal Customers
CUST-11262,398,6,3606.15,2,4,5,245,3.67,Loyal Customers
CUST-05126,398,6,4042.69,2,4,5,245,3.67,Loyal Customers
CUST-10832,398,7,2467.89,2,5,4,254,3.67,Loyal Customers
CUST-06124,398,9,4225.74,2,5,5,255,4.0,Loyal Customers
CUST-12842,397,2,262.1,2,1,1,211,1.33,Needs Attention
CUST-06594,397,2,457.18,2,1,1,211,1.33,Needs Attention
CUST-12082,397,2,462.41,2,1,1,211,1.33,Needs Attention
CUST-04237,397,2,524.57,2,1,1,211,1.33,Needs Attention
CUST-12737,397,3,1008.2,2,1,2,212,1.67,Needs Attention
CUST-10041,397,3,1853.62,2,2,3,223,2.33,Needs Attention
CUST-09819,397,4,407.71,2,2,1,221,1.67,Needs Attention
CUST-05776,397,4,516.57,2,2,1,221,1.67,Needs Attention
CUST-02904,397,4,772.96,2,2,2,222,2.0,Needs Attention
CUST-06180,397,4,1833.24,2,2,3,223,2.33,Needs Attention
CUST-09011,397,4,2156.19,2,2,4,224,2.67,Needs Attention
CUST-01310,397,4,2396.07,2,3,4,234,3.0,Needs Attention
CUST-11596,397,6,574.86,2,4,1,241,2.33,Needs Attention
CUST-14956,397,6,1795.2,2,4,3,243,3.0,Loyal Customers
CUST-03987,397,6,3456.68,2,4,5,245,3.67,Loyal Customers
CUST-08404,397,6,3621.19,2,4,5,245,3.67,Loyal Customers
CUST-03688,397,8,3545.29,2,5,5,255,4.0,Loyal Customers
CUST-01715,397,9,2992.58,2,5,4,254,3.67,Loyal Customers
CUST-04986,396,2,193.56,2,1,1,211,1.33,Needs Attention
CUST-11440,396,2,362.04,2,1,1,211,1.33,Needs Attention
CUST-11900,396,4,2116.39,2,2,4,224,2.67,Needs Attention
CUST-14126,396,4,3662.25,2,3,5,235,3.33,Needs Attention
CUST-04133,396,5,2243.59,2,3,4,234,3.0,Needs Attention
CUST-01533,396,5,2724.19,2,3,4,234,3.0,Needs Attention
CUST-12642,396,6,583.33,2,4,1,241,2.33,Needs Attention
CUST-13671,396,7,1561.01,2,4,3,243,3.0,Loyal Customers
CUST-08195,396,8,2872.09,2,5,4,254,3.67,Loyal Customers
CUST-03802,395,2,361.33,2,1,1,211,1.33,Needs Attention
CUST-06728,395,2,895.41,2,1,2,212,1.67,Needs Attention
CUST-01964,395,3,492.36,2,1,1,211,1.33,Needs Attention
CUST-09521,395,3,782.44,2,1,2,212,1.67,Needs Attention
CUST-11471,395,4,2774.9,2,3,4,234,3.0,Needs Attention
CUST-10905,395,4,3178.28,2,3,5,235,3.33,Needs Attention
CUST-00915,395,5,1903.92,2,3,3,233,2.67,Needs Attention
CUST-07951,395,5,1939.37,2,3,3,233,2.67,Needs Attention
CUST-14863,395,5,4028.16,2,4,5,245,3.67,Loyal Customers
CUST-05509,395,6,3347.32,2,4,5,245,3.67,Loyal Customers
CUST-06363,395,9,2444.18,2,5,4,254,3.67,Loyal Customers
CUST-12251,394,2,552.04,2,1,1,211,1.33,Needs Attention
CUST-02817,394,3,807.06,2,1,2,212,1.67,Needs Attention
CUST-13815,394,4,2249.2,2,2,4,224,2.67,Needs Attention
CUST-11446,394,4,2541.99,2,3,4,234,3.0,Needs Attention
CUST-04641,394,5,985.04,2,3,2,232,2.33,Needs Attention
CUST-04750,394,5,1636.72,2,3,3,233,2.67,Needs Attention
CUST-08289,394,5,2199.98,2,3,4,234,3.0,Needs Attention
CUST-03689,394,6,3243.75,2,4,5,245,3.67,Loyal Customers
CUST-09070,394,9,3438.11,2,5,5,255,4.0,Loyal Customers
CUST-06325,393,2,999.49,2,1,2,212,1.67,Needs Attention
CUST-04506,393,2,1939.69,2,1,3,213,2.0,Needs Attention
CUST-14804,393,4,2302.33,2,2,4,224,2.67,Needs Attention
CUST-13089,393,4,2501.88,2,3,4,234,3.0,Needs Attention
CUST-13514,393,5,1880.4,2,3,3,233,2.67,Needs Attention
CUST-05384,393,5,4041.29,2,4,5,245,3.67,Loyal Customers
CUST-01281,393,6,971.76,2,4,2,242,2.67,Needs Attention
CUST-07917,393,6,1750.98,2,4,3,243,3.0,Loyal Customers
CUST-10960,393,6,2309.24,2,4,4,244,3.33,Loyal Customers
CUST-09122,393,6,2440.5,2,4,4,244,3.33,Loyal Customers
CUST-12765,393,6,3555.17,2,4,5,245,3.67,Loyal Customers
CUST-05200,392,2,1333.18,2,1,2,212,1.67,Needs Attention
CUST-05191,392,2,2401.23,2,1,4,214,2.33,Needs Attention
CUST-14840,392,3,173.53,2,1,1,211,1.33,Needs Attention
CUST-05348,392,3,2967.85,2,2,4,224,2.67,Needs Attention
CUST-05328,392,4,317.63,2,2,1,221,1.67,Needs Attention
CUST-00810,392,4,1298.09,2,2,2,222,2.0,Needs Attention
CUST-11382,392,4,2171.71,2,2,4,224,2.67,Needs Attention
CUST-10748,392,5,478.58,2,3,1,231,2.0,Needs Attention
CUST-14625,392,5,1192.32,2,3,2,232,2.33,Needs Attention
CUST-12953,392,5,1414.98,2,3,3,233,2.67,Needs Attention
CUST-07099,392,5,1915.17,2,3,3,233,2.67,Needs Attention
CUST-04348,392,5,4101.54,2,4,5,245,3.67,Loyal Customers
CUST-01228,392,6,1827.26,2,4,3,243,3.0,Loyal Customers
CUST-06662,392,6,2952.48,2,4,4,244,3.33,Loyal Customers
CUST-14174,392,8,3474.01,2,5,5,255,4.0,Loyal Customers
CUST-04153,391,2,176.51,2,1,1,211,1.33,Needs Attention
CUST-12744,391,2,1319.23,2,1,2,212,1.67,Needs Attention
CUST-11787,391,5,1655.34,2,3,3,233,2.67,Needs Attention
CUST-13542,391,5,4356.26,2,4,5,245,3.67,Loyal Customers
CUST-07729,391,6,889.42,2,4,2,242,2.67,Needs Attention
CUST-07330,391,7,3941.02,2,5,5,255,4.0,Loyal Customers
CUST-06438,390,2,571.5,2,1,1,211,1.33,Needs Attention
CUST-13842,390,2,765.47,2,1,2,212,1.67,Needs Attention
CUST-04905,390,2,1959.26,2,1,3,213,2.0,Needs Attention
CUST-11717,390,3,555.92,2,1,1,211,1.33,Needs Attention
CUST-01221,390,3,744.78,2,1,1,211,1.33,Needs Attention
CUST-12618,390,3,1009.71,2,1,2,212,1.67,Needs Attention
CUST-11822,390,5,660.0,2,3,1,231,2.0,Needs Attention
CUST-06064,390,6,2112.84,2,4,4,244,3.33,Loyal Customers
CUST-04497,389,2,2076.79,2,1,4,214,2.33,Needs Attention
CUST-13050,389,3,1481.9,2,2,3,223,2.33,Needs Attention
CUST-02641,389,4,525.75,2,2,1,221,1.67,Needs Attention
CUST-07803,389,4,871.65,2,2,2,222,2.0,Needs Attention
CUST-14936,389,4,1321.91,2,2,2,222,2.0,Needs Attention
CUST-08798,389,4,1867.91,2,2,3,223,2.33,Needs Attention
CUST-08892,389,5,2072.79,2,3,4,234,3.0,Needs Attention
CUST-12449,389,6,2357.14,2,4,4,244,3.33,Loyal Customers
CUST-10921,389,6,3323.42,2,4,5,245,3.67,Loyal Customers
CUST-14329,389,6,3350.63,2,4,5,245,3.67,Loyal Customers
CUST-14872,389,6,4079.74,2,4,5,245,3.67,Loyal Customers
CUST-06127,388,2,1630.95,2,1,3,213,2.0,Needs Attention
CUST-05887,388,3,940.18,2,1,2,212,1.67,Needs Attention
CUST-08349,388,3,1389.08,2,2,2,222,2.0,Needs Attention
CUST-07190,388,4,1832.76,2,2,3,223,2.33,Needs Attention
CUST-08801,388,6,1592.28,2,4,3,243,3.0,Loyal Customers
CUST-06862,388,6,2365.77,2,4,4,244,3.33,Loyal Customers
CUST-00127,388,6,3929.43,2,4,5,245,3.67,Loyal Customers
CUST-05003,388,7,1023.12,2,4,2,242,2.67,Needs Attention
CUST-01046,388,7,1085.24,2,4,2,242,2.67,Needs Attention
CUST-00280,387,2,241.88,2,1,1,211,1.33,Needs Attention
CUST-07684,387,3,1426.23,2,2,3,223,2.33,Needs Attention
CUST-08358,387,4,633.17,2,2,1,221,1.67,Needs Attention
CUST-11044,387,4,1473.2,2,2,3,223,2.33,Needs Attention
CUST-14688,387,4,2475.2,2,3,4,234,3.0,Needs Attention
CUST-10846,387,5,420.91,2,3,1,231,2.0,Needs Attention
CUST-07413,387,5,656.32,2,3,1,231,2.0,Needs Attention
CUST-01527,387,5,1835.72,2,3,3,233,2.67,Needs Attention
CUST-04011,387,5,2764.29,2,3,4,234,3.0,Needs Attention
CUST-13963,387,7,3182.69,2,5,5,255,4.0,Loyal Customers
CUST-02146,387,9,3438.38,2,5,5,255,4.0,Loyal Customers
CUST-04403,386,2,2396.56,2,1,4,214,2.33,Needs Attention
CUST-09063,386,3,1005.76,2,1,2,212,1.67,Needs Attention
CUST-12029,386,3,3718.47,2,2,5,225,3.0,Needs Attention
CUST-14673,386,4,900.32,2,2,2,222,2.0,Needs Attention
CUST-06286,386,4,3227.84,2,3,5,235,3.33,Needs Attention
CUST-04671,386,5,298.29,2,3,1,231,2.0,Needs Attention
CUST-00330,386,5,820.36,2,3,2,232,2.33,Needs Attention
CUST-14719,386,5,861.77,2,3,2,232,2.33,Needs Attention
CUST-01142,386,6,967.39,2,4,2,242,2.67,Needs Attention
CUST-10807,386,6,3630.13,2,4,5,245,3.67,Loyal Customers
CUST-02443,386,7,2116.65,2,5,4,254,3.67,Loyal Customers
CUST-06366,386,7,3799.14,2,5,5,255,4.0,Loyal Customers
CUST-05493,386,8,2104.05,2,5,4,254,3.67,Loyal Customers
CUST-00558,386,9,4611.58,2,5,5,255,4.0,Loyal Customers
CUST-11657,385,3,441.29,2,1,1,211,1.33,Needs Attention
CUST-07988,385,4,1623.34,2,2,3,223,2.33,Needs Attention
CUST-10954,385,4,1735.53,2,2,3,223,2.33,Needs Attention
CUST-09638,385,4,1764.23,2,2,3,223,2.33,Needs Attention
CUST-03136,385,4,3140.03,2,3,5,235,3.33,Needs Attention
CUST-07239,385,5,3496.12,2,3,5,235,3.33,Needs Attention
CUST-10482,385,6,1328.76,2,4,2,242,2.67,Needs Attention
CUST-01696,385,9,2556.29,2,5,4,254,3.67,Loyal Customers
CUST-01905,384,2,306.69,2,1,1,211,1.33,Needs Attention
CUST-10836,384,3,372.44,2,1,1,211,1.33,Needs Attention
CUST-11075,384,3,1299.02,2,2,2,222,2.0,Needs Attention
CUST-05863,384,3,2815.35,2,2,4,224,2.67,Needs Attention
CUST-13976,384,4,444.35,2,2,1,221,1.67,Needs Attention
CUST-01198,384,5,1010.81,2,3,2,232,2.33,Needs Attention
CUST-10509,384,5,1538.65,2,3,3,233,2.67,Needs Attention
CUST-07352,384,5,2911.5,2,3,4,234,3.0,Needs Attention
CUST-06571,384,5,3142.4,2,3,5,235,3.33,Needs Attention
CUST-09575,384,5,3992.04,2,4,5,245,3.67,Loyal Customers
CUST-08927,384,6,781.37,2,4,2,242,2.67,Needs Attention
CUST-07538,384,8,1550.63,2,5,3,253,3.33,Loyal Customers
CUST-10406,383,2,1603.28,2,1,3,213,2.0,Needs Attention
CUST-12295,383,3,1759.09,2,2,3,223,2.33,Needs Attention
CUST-12782,383,3,1926.78,2,2,3,223,2.33,Needs Attention
CUST-00012,383,3,2110.75,2,2,4,224,2.67,Needs Attention
CUST-06321,383,3,4956.05,2,2,5,225,3.0,Needs Attention
CUST-10305,383,5,688.31,2,3,1,231,2.0,Needs Attention
CUST-01435,383,5,865.02,2,3,2,232,2.33,Needs Attention
CUST-13183,383,5,1041.45,2,3,2,232,2.33,Needs Attention
CUST-11708,383,5,3608.82,2,3,5,235,3.33,Needs Attention
CUST-14387,383,6,497.52,2,4,1,241,2.33,Needs Attention
CUST-02782,383,6,605.19,2,4,1,241,2.33,Needs Attention
CUST-11024,383,6,2922.78,2,4,4,244,3.33,Loyal Customers
CUST-09435,383,6,4517.62,2,4,5,245,3.67,Loyal Customers
CUST-12470,383,7,1933.71,2,4,3,243,3.0,Loyal Customers
CUST-08797,382,2,68.8,2,1,1,211,1.33,Needs Attention
CUST-00976,382,2,1283.07,2,1,2,212,1.67,Needs Attention
CUST-01993,382,2,2910.02,2,1,4,214,2.33,Needs Attention
CUST-08732,382,3,2317.48,2,2,4,224,2.67,Needs Attention
CUST-13392,382,4,885.05,2,2,2,222,2.0,Needs Attention
CUST-05474,382,4,927.96,2,2,2,222,2.0,Needs Attention
CUST-10097,382,4,1253.25,2,2,2,222,2.0,Needs Attention
CUST-00517,382,4,1617.95,2,2,3,223,2.33,Needs Attention
CUST-07359,382,5,647.26,2,3,1,231,2.0,Needs Attention
CUST-02978,382,5,1704.95,2,3,3,233,2.67,Needs Attention
CUST-02948,382,5,1736.36,2,3,3,233,2.67,Needs Attention
CUST-09560,382,5,2931.72,2,3,4,234,3.0,Needs Attention
CUST-10064,382,5,5104.13,2,4,5,245,3.67,Loyal Customers
CUST-07563,382,6,925.06,2,4,2,242,2.67,Needs Attention
CUST-03884,382,6,1487.63,2,4,3,243,3.0,Loyal Customers
CUST-08805,382,6,2652.4,2,4,4,244,3.33,Loyal Customers
CUST-10927,381,2,250.38,2,1,1,211,1.33,Needs Attention
CUST-11820,381,2,282.84,2,1,1,211,1.33,Needs Attention
CUST-06518,381,2,660.18,2,1,1,211,1.33,Needs Attention
CUST-12840,381,2,709.15,2,1,1,211,1.33,Needs Attention
CUST-08759,381,2,859.63,2,1,2,212,1.67,Needs Attention
CUST-12674,381,2,1274.2,2,1,2,212,1.67,Needs Attention
CUST-00169,381,3,258.17,2,1,1,211,1.33,Needs Attention
CUST-07598,381,3,423.69,2,1,1,211,1.33,Needs Attention
CUST-08528,381,3,626.92,2,1,1,211,1.33,Needs Attention
CUST-07093,381,3,1097.29,2,2,2,222,2.0,Needs Attention
CUST-06641,381,4,2363.73,2,2,4,224,2.67,Needs Attention
CUST-11730,381,5,2191.13,2,3,4,234,3.0,Needs Attention
CUST-13544,381,5,2719.04,2,3,4,234,3.0,Needs Attention
CUST-11453,381,6,2077.75,2,4,4,244,3.33,Loyal Customers
CUST-07733,381,8,4395.31,2,5,5,255,4.0,Loyal Customers
CUST-08718,381,10,4591.74,2,5,5,255,4.0,Loyal Customers
CUST-02038,380,2,774.09,2,1,2,212,1.67,Needs Attention
CUST-11967,380,2,2017.2,2,1,3,213,2.0,Needs Attention
CUST-12158,380,3,734.64,2,1,1,211,1.33,Needs Attention
CUST-09622,380,3,1216.03,2,2,2,222,2.0,Needs Attention
CUST-02939,380,4,1731.92,2,2,3,223,2.33,Needs Attention
CUST-00248,380,4,2978.66,2,3,4,234,3.0,Needs Attention
CUST-03648,380,5,1906.99,2,3,3,233,2.67,Needs Attention
CUST-01389,380,7,2327.68,2,5,4,254,3.67,Loyal Customers
CUST-05375,380,7,3701.3,2,5,5,255,4.0,Loyal Customers
CUST-03253,380,8,1044.96,2,5,2,252,3.0,Needs Attention
CUST-10043,380,8,2366.95,2,5,4,254,3.67,Loyal Customers
CUST-11168,380,9,3114.91,2,5,5,255,4.0,Loyal Customers
CUST-07462,379,2,776.44,2,1,2,212,1.67,Needs Attention
CUST-05668,379,3,485.1,2,1,1,211,1.33,Needs Attention
CUST-08144,379,3,605.95,2,1,1,211,1.33,Needs Attention
CUST-04205,379,4,812.69,2,2,2,222,2.0,Needs Attention
CUST-11397,379,4,1704.24,2,2,3,223,2.33,Needs Attention
CUST-00678,379,5,917.5,2,3,2,232,2.33,Needs Attention
CUST-05589,379,6,1293.98,2,4,2,242,2.67,Needs Attention
CUST-01754,379,6,1793.2,2,4,3,243,3.0,Loyal Customers
CUST-05831,379,6,1879.23,2,4,3,243,3.0,Loyal Customers
CUST-05339,378,2,1209.39,2,1,2,212,1.67,Needs Attention
CUST-03959,378,3,632.5,2,1,1,211,1.33,Needs Attention
CUST-05041,378,4,2448.97,2,3,4,234,3.0,Needs Attention
CUST-12326,378,4,3526.56,2,3,5,235,3.33,Needs Attention
CUST-04287,378,5,2322.65,2,3,4,234,3.0,Needs Attention
CUST-04102,378,5,2458.09,2,3,4,234,3.0,Needs Attention
CUST-10072,378,5,2795.67,2,3,4,234,3.0,Needs Attention
CUST-07078,378,5,3876.53,2,4,5,245,3.67,Loyal Customers
CUST-14865,378,6,2312.21,2,4,4,244,3.33,Loyal Customers
CUST-00780,378,6,2393.58,2,4,4,244,3.33,Loyal Customers
CUST-08028,378,6,2512.27,2,4,4,244,3.33,Loyal Customers
CUST-12542,378,7,1364.62,2,4,2,242,2.67,Needs Attention
CUST-14573,378,7,4562.4,2,5,5,255,4.0,Loyal Customers
CUST-03681,378,8,3154.78,2,5,5,255,4.0,Loyal Customers
CUST-14070,377,2,152.42,2,1,1,211,1.33,Needs Attention
CUST-00046,377,2,899.08,2,1,2,212,1.67,Needs Attention
CUST-12860,377,3,391.28,2,1,1,211,1.33,Needs Attention
CUST-06854,377,4,983.78,2,2,2,222,2.0,Needs Attention
CUST-05323,377,4,2874.5,2,3,4,234,3.0,Needs Attention
CUST-13098,377,5,834.37,2,3,2,232,2.33,Needs Attention
CUST-09615,377,5,977.99,2,3,2,232,2.33,Needs Attention
CUST-05771,377,6,2572.64,2,4,4,244,3.33,Loyal Customers
CUST-14796,377,8,2830.31,2,5,4,254,3.67,Loyal Customers
CUST-00766,377,9,2844.39,2,5,4,254,3.67,Loyal Customers
CUST-00236,376,3,433.21,2,1,1,211,1.33,Needs Attention
CUST-02112,376,3,2447.2,2,2,4,224,2.67,Needs Attention
CUST-04040,376,4,2633.72,2,3,4,234,3.0,Needs Attention
CUST-02122,376,5,603.1,2,3,1,231,2.0,Needs Attention
CUST-04825,376,5,2825.83,2,3,4,234,3.0,Needs Attention
CUST-14349,376,5,3799.74,2,4,5,245,3.67,Loyal Customers
CUST-02940,376,6,1904.82,2,4,3,243,3.0,Loyal Customers
CUST-02512,376,6,2067.73,2,4,3,243,3.0,Loyal Customers
CUST-07765,376,6,2446.8,2,4,4,244,3.33,Loyal Customers
CUST-01490,376,7,1406.02,2,4,3,243,3.0,Loyal Customers
CUST-04491,376,7,1600.15,2,4,3,243,3.0,Loyal Customers
CUST-08590,375,2,211.35,2,1,1,211,1.33,Needs Attention
CUST-14891,375,3,1763.57,2,2,3,223,2.33,Needs Attention
CUST-13962,375,3,2029.56,2,2,3,223,2.33,Needs Attention
CUST-03835,375,3,2154.3,2,2,4,224,2.67,Needs Attention
CUST-10317,375,3,2408.95,2,2,4,224,2.67,Needs Attention
CUST-03776,375,4,1727.6,2,2,3,223,2.33,Needs Attention
CUST-09123,375,4,2043.77,2,2,3,223,2.33,Needs Attention
CUST-01812,375,4,2975.17,2,3,4,234,3.0,Needs Attention
CUST-00448,375,5,883.31,2,3,2,232,2.33,Needs Attention
CUST-05361,375,5,999.56,2,3,2,232,2.33,Needs Attention
CUST-11523,375,5,1104.19,2,3,2,232,2.33,Needs Attention
CUST-01433,375,5,1145.19,2,3,2,232,2.33,Needs Attention
CUST-04353,375,5,3237.17,2,3,5,235,3.33,Needs Attention
CUST-05587,375,5,4091.48,2,4,5,245,3.67,Loyal Customers
CUST-09029,375,6,1646.4,2,4,3,243,3.0,Loyal Customers
CUST-14730,375,6,3508.15,2,4,5,245,3.67,Loyal Customers
CUST-03707,375,6,4953.38,2,4,5,245,3.67,Loyal Customers
CUST-00461,375,7,2466.68,2,5,4,254,3.67,Loyal Customers
CUST-10631,375,7,4638.84,2,5,5,255,4.0,Loyal Customers
CUST-10646,375,8,1760.37,2,5,3,253,3.33,Loyal Customers
CUST-10912,375,9,4127.92,2,5,5,255,4.0,Loyal Customers
CUST-08076,375,9,4137.21,2,5,5,255,4.0,Loyal Customers
CUST-00482,374,2,457.66,2,1,1,211,1.33,Needs Attention
CUST-06663,374,3,1146.22,2,2,2,222,2.0,Needs Attention
CUST-06352,374,4,653.13,2,2,1,221,1.67,Needs Attention
CUST-10930,374,4,810.83,2,2,2,222,2.0,Needs Attention
CUST-02184,374,4,2334.87,2,2,4,224,2.67,Needs Attention
CUST-14695,374,5,2736.3,2,3,4,234,3.0,Needs Attention
CUST-07144,374,5,3110.02,2,3,5,235,3.33,Needs Attention
CUST-13279,374,6,2172.58,2,4,4,244,3.33,Loyal Customers
CUST-11537,374,6,2478.6,2,4,4,244,3.33,Loyal Customers
CUST-06328,374,11,4560.04,2,5,5,255,4.0,Loyal Customers
CUST-13892,373,3,536.81,2,1,1,211,1.33,Needs Attention
CUST-12512,373,3,1209.65,2,2,2,222,2.0,Needs Attention
CUST-07362,373,3,2930.72,2,2,4,224,2.67,Needs Attention
CUST-08999,373,4,719.28,2,2,1,221,1.67,Needs Attention
CUST-11349,373,4,1762.04,2,2,3,223,2.33,Needs Attention
CUST-10734,373,4,3307.88,2,3,5,235,3.33,Needs Attention
CUST-10059,373,4,3353.82,2,3,5,235,3.33,Needs Attention
CUST-13948,373,4,3822.24,2,3,5,235,3.33,Needs Attention
CUST-04391,373,5,345.6,2,3,1,231,2.0,Needs Attention
CUST-00140,373,5,544.98,2,3,1,231,2.0,Needs Attention
CUST-08237,373,5,771.99,2,3,2,232,2.33,Needs Attention
CUST-10817,373,5,1364.4,2,3,2,232,2.33,Needs Attention
CUST-12930,373,5,3354.68,2,3,5,235,3.33,Needs Attention
CUST-06692,373,5,3938.6,2,4,5,245,3.67,Loyal Customers
CUST-10452,373,6,1316.78,2,4,2,242,2.67,Needs Attention
CUST-03652,373,6,2248.0,2,4,4,244,3.33,Loyal Customers
CUST-02140,373,6,3751.07,2,4,5,245,3.67,Loyal Customers
CUST-02135,373,6,4446.94,2,4,5,245,3.67,Loyal Customers
CUST-03093,373,7,4704.06,2,5,5,255,4.0,Loyal Customers
CUST-01382,373,8,3498.33,2,5,5,255,4.0,Loyal Customers
CUST-12298,372,2,277.96,2,1,1,211,1.33,Needs Attention
CUST-12346,372,2,735.04,2,1,1,211,1.33,Needs Attention
CUST-09474,372,3,1374.96,2,2,2,222,2.0,Needs Attention
CUST-10141,372,3,3025.2,2,2,5,225,3.0,Needs Attention
CUST-14617,372,3,4226.57,2,2,5,225,3.0,Needs Attention
CUST-09582,372,4,380.0,2,2,1,221,1.67,Needs Attention
CUST-13614,372,4,498.91,2,2,1,221,1.67,Needs Attention
CUST-03376,372,4,543.86,2,2,1,221,1.67,Needs Attention
CUST-00019,372,5,448.06,2,3,1,231,2.0,Needs Attention
CUST-04718,372,5,874.26,2,3,2,232,2.33,Needs Attention
CUST-14953,372,5,2250.38,2,3,4,234,3.0,Needs Attention
CUST-13234,372,6,1730.58,2,4,3,243,3.0,Loyal Customers
CUST-03301,372,6,3618.13,2,4,5,245,3.67,Loyal Customers
CUST-12593,372,6,3945.89,2,4,5,245,3.67,Loyal Customers
CUST-08124,372,8,2167.7,2,5,4,254,3.67,Loyal Customers
CUST-12005,372,9,4712.96,2,5,5,255,4.0,Loyal Customers
CUST-02992,371,2,203.65,2,1,1,211,1.33,Needs Attention
CUST-05672,371,2,300.93,2,1,1,211,1.33,Needs Attention
CUST-10866,371,2,781.32,2,1,2,212,1.67,Needs Attention
CUST-04963,371,3,245.46,2,1,1,211,1.33,Needs Attention
CUST-10069,371,3,322.64,2,1,1,211,1.33,Needs Attention
CUST-01605,371,3,598.75,2,1,1,211,1.33,Needs Attention
CUST-03485,371,3,1062.68,2,1,2,212,1.67,Needs Attention
CUST-06416,371,3,3384.35,2,2,5,225,3.0,Needs Attention
CUST-07443,371,4,395.76,2,2,1,221,1.67,Needs Attention
CUST-07133,371,4,1299.63,2,2,2,222,2.0,Needs Attention
CUST-01153,371,5,864.81,2,3,2,232,2.33,Needs Attention
CUST-05192,371,5,869.63,2,3,2,232,2.33,Needs Attention
CUST-07722,371,5,1731.52,2,3,3,233,2.67,Needs Attention
CUST-04972,371,6,2513.28,2,4,4,244,3.33,Loyal Customers
CUST-11426,371,6,3019.93,2,4,5,245,3.67,Loyal Customers
CUST-07094,371,6,3464.65,2,4,5,245,3.67,Loyal Customers
CUST-08441,371,7,4226.23,2,5,5,255,4.0,Loyal Customers
CUST-12040,371,8,1490.09,2,5,3,253,3.33,Loyal Customers
CUST-11071,370,2,68.36,2,1,1,211,1.33,Needs Attention
CUST-03922,370,3,363.2,2,1,1,211,1.33,Needs Attention
CUST-05067,370,3,2425.47,2,2,4,224,2.67,Needs Attention
CUST-08578,370,4,1557.79,2,2,3,223,2.33,Needs Attention
CUST-07120,370,5,2166.86,2,3,4,234,3.0,Needs Attention
CUST-14442,370,6,1018.46,2,4,2,242,2.67,Needs Attention
CUST-08870,370,6,4919.95,2,4,5,245,3.67,Loyal Customers
CUST-12403,370,8,4216.56,2,5,5,255,4.0,Loyal Customers
CUST-01544,369,2,525.17,2,1,1,211,1.33,Needs Attention
CUST-13850,369,3,1302.96,2,2,2,222,2.0,Needs Attention
CUST-12268,369,4,1883.59,2,2,3,223,2.33,Needs Attention
CUST-04163,369,4,2232.03,2,2,4,224,2.67,Needs Attention
CUST-05276,369,4,2250.5,2,2,4,224,2.67,Needs Attention
CUST-05488,369,5,765.11,2,3,2,232,2.33,Needs Attention
CUST-12600,369,5,1345.84,2,3,2,232,2.33,Needs Attention
CUST-04164,369,5,1406.47,2,3,3,233,2.67,Needs Attention
CUST-00079,369,5,2049.97,2,3,3,233,2.67,Needs Attention
CUST-09883,369,6,645.31,2,4,1,241,2.33,Needs Attention
CUST-02969,369,6,960.79,2,4,2,242,2.67,Needs Attention
CUST-01504,369,6,1136.46,2,4,2,242,2.67,Needs Attention
CUST-07065,369,7,2801.67,2,5,4,254,3.67,Loyal Customers
CUST-02665,369,7,3036.3,2,5,5,255,4.0,Loyal Customers
CUST-03256,369,7,5685.6,2,5,5,255,4.0,Loyal Customers
CUST-00479,368,2,554.69,2,1,1,211,1.33,Needs Attention
CUST-07464,368,2,839.82,2,1,2,212,1.67,Needs Attention
CUST-07730,368,3,729.57,2,1,1,211,1.33,Needs Attention
CUST-06395,368,3,2063.72,2,2,3,223,2.33,Needs Attention
CUST-14494,368,4,596.65,2,2,1,221,1.67,Needs Attention
CUST-05617,368,4,853.03,2,2,2,222,2.0,Needs Attention
CUST-13639,368,4,884.06,2,2,2,222,2.0,Needs Attention
CUST-03563,368,4,2423.52,2,3,4,234,3.0,Needs Attention
CUST-09673,368,5,3177.88,2,3,5,235,3.33,Needs Attention
CUST-06020,368,6,815.79,2,4,2,242,2.67,Needs Attention
CUST-11971,368,7,2187.54,2,5,4,254,3.67,Loyal Customers
CUST-07692,368,7,4607.59,2,5,5,255,4.0,Loyal Customers
CUST-00445,367,2,592.89,2,1,1,211,1.33,Needs Attention
CUST-09263,367,2,1903.1,2,1,3,213,2.0,Needs Attention
CUST-13113,367,3,1618.35,2,2,3,223,2.33,Needs Attention
CUST-06555,367,3,1648.94,2,2,3,223,2.33,Needs Attention
CUST-11573,367,3,1928.31,2,2,3,223,2.33,Needs Attention
CUST-06651,367,3,2096.75,2,2,4,224,2.67,Needs Attention
CUST-07385,367,4,940.79,2,2,2,222,2.0,Needs Attention
CUST-02820,367,5,1665.78,2,3,3,233,2.67,Needs Attention
CUST-06090,367,5,4354.37,2,4,5,245,3.67,Loyal Customers
CUST-08361,367,6,1710.51,2,4,3,243,3.0,Loyal Customers
CUST-01508,367,6,2380.69,2,4,4,244,3.33,Loyal Customers
CUST-10494,367,6,2548.65,2,4,4,244,3.33,Loyal Customers
CUST-01298,367,7,4481.88,2,5,5,255,4.0,Loyal Customers
CUST-14372,366,3,362.06,2,1,1,211,1.33,Needs Attention
CUST-05996,366,3,1263.27,2,2,2,222,2.0,Needs Attention
CUST-05806,366,3,2431.53,2,2,4,224,2.67,Needs Attention
CUST-04350,366,4,961.52,2,2,2,222,2.0,Needs Attention
CUST-12327,366,4,1430.41,2,2,3,223,2.33,Needs Attention
CUST-12177,366,4,1958.82,2,2,3,223,2.33,Needs Attention
CUST-04014,366,4,2733.35,2,3,4,234,3.0,Needs Attention
CUST-03067,366,5,1543.91,2,3,3,233,2.67,Needs Attention
CUST-00322,366,5,1916.7,2,3,3,233,2.67,Needs Attention
CUST-13020,366,5,3148.52,2,3,5,235,3.33,Needs Attention
CUST-02761,366,6,887.64,2,4,2,242,2.67,Needs Attention
CUST-14492,366,6,1129.99,2,4,2,242,2.67,Needs Attention
CUST-06223,366,6,1869.72,2,4,3,243,3.0,Loyal Customers
CUST-04317,366,6,2205.72,2,4,4,244,3.33,Loyal Customers
CUST-08796,366,7,1200.9,2,4,2,242,2.67,Needs Attention
CUST-02781,366,7,3017.42,2,5,5,255,4.0,Loyal Customers
CUST-09658,365,2,59.44,2,1,1,211,1.33,Needs Attention
CUST-07633,365,2,345.93,2,1,1,211,1.33,Needs Attention
CUST-09175,365,2,940.33,2,1,2,212,1.67,Needs Attention
CUST-12869,365,4,936.63,2,2,2,222,2.0,Needs Attention
CUST-02293,365,4,3876.67,2,3,5,235,3.33,Needs Attention
CUST-01644,365,5,1264.47,2,3,2,232,2.33,Needs Attention
CUST-06250,365,5,3018.89,2,3,5,235,3.33,Needs Attention
CUST-13676,365,5,3104.7,2,3,5,235,3.33,Needs Attention
CUST-02129,365,6,2667.72,2,4,4,244,3.33,Loyal Customers
CUST-10978,365,6,3285.64,2,4,5,245,3.67,Loyal Customers
CUST-04012,365,6,4327.51,2,4,5,245,3.67,Loyal Customers
CUST-00408,365,7,4540.93,2,5,5,255,4.0,Loyal Customers
CUST-11647,365,9,3069.79,2,5,5,255,4.0,Loyal Customers
CUST-12499,364,2,318.55,2,1,1,211,1.33,Needs Attention
CUST-00858,364,2,566.98,2,1,1,211,1.33,Needs Attention
CUST-11750,364,2,663.5,2,1,1,211,1.33,Needs Attention
CUST-03549,364,2,1423.54,2,1,3,213,2.0,Needs Attention
CUST-09494,364,3,78.14,2,1,1,211,1.33,Needs Attention
CUST-05097,364,3,436.95,2,1,1,211,1.33,Needs Attention
CUST-07937,364,3,1566.81,2,2,3,223,2.33,Needs Attention
CUST-04233,364,3,1948.75,2,2,3,223,2.33,Needs Attention
CUST-07528,364,4,852.25,2,2,2,222,2.0,Needs Attention
CUST-02393,364,4,3017.83,2,3,5,235,3.33,Needs Attention
CUST-01988,364,4,3226.11,2,3,5,235,3.33,Needs Attention
CUST-12589,364,5,456.88,2,3,1,231,2.0,Needs Attention
CUST-03383,364,5,1023.81,2,3,2,232,2.33,Needs Attention
CUST-14213,364,5,1673.34,2,3,3,233,2.67,Needs Attention
CUST-00584,364,5,1802.04,2,3,3,233,2.67,Needs Attention
CUST-05102,364,5,2238.41,2,3,4,234,3.0,Needs Attention
CUST-09936,364,5,3038.48,2,3,5,235,3.33,Needs Attention
CUST-13602,364,5,3846.29,2,4,5,245,3.67,Loyal Customers
CUST-09557,364,6,1304.57,2,4,2,242,2.67,Needs Attention
CUST-10896,364,7,3017.26,2,5,5,255,4.0,Loyal Customers
CUST-12549,364,7,3489.06,2,5,5,255,4.0,Loyal Customers
CUST-05138,364,10,2786.78,2,5,4,254,3.67,Loyal Customers
CUST-12624,363,3,182.74,2,1,1,211,1.33,Needs Attention
CUST-13250,363,4,579.93,2,2,1,221,1.67,Needs Attention
CUST-09142,363,4,1273.44,2,2,2,222,2.0,Needs Attention
CUST-01894,363,4,1870.92,2,2,3,223,2.33,Needs Attention
CUST-01024,363,4,2829.39,2,3,4,234,3.0,Needs Attention
CUST-07953,363,4,3151.69,2,3,5,235,3.33,Needs Attention
CUST-07569,363,4,3423.49,2,3,5,235,3.33,Needs Attention
CUST-12256,363,5,1454.12,2,3,3,233,2.67,Needs Attention
CUST-04757,363,6,3588.04,2,4,5,245,3.67,Loyal Customers
CUST-13686,363,7,1133.07,2,4,2,242,2.67,Needs Attention
CUST-13527,363,8,1583.45,2,5,3,253,3.33,Loyal Customers
CUST-03414,363,8,3492.93,2,5,5,255,4.0,Loyal Customers
CUST-07454,363,9,4286.2,2,5,5,255,4.0,Loyal Customers
CUST-14356,362,2,250.82,2,1,1,211,1.33,Needs Attention
CUST-04654,362,2,804.22,2,1,2,212,1.67,Needs Attention
CUST-09790,362,2,1007.57,2,1,2,212,1.67,Needs Attention
CUST-05658,362,3,345.38,2,1,1,211,1.33,Needs Attention
CUST-07510,362,3,419.62,2,1,1,211,1.33,Needs Attention
CUST-06636,362,3,3055.39,2,2,5,225,3.0,Needs Attention
CUST-14998,362,4,369.23,2,2,1,221,1.67,Needs Attention
CUST-14500,362,4,659.96,2,2,1,221,1.67,Needs Attention
CUST-09241,362,4,839.7,2,2,2,222,2.0,Needs Attention
CUST-12153,362,4,1235.49,2,2,2,222,2.0,Needs Attention
CUST-11192,362,4,1770.95,2,2,3,223,2.33,Needs Attention
CUST-06190,362,4,1866.56,2,2,3,223,2.33,Needs Attention
CUST-02018,362,5,979.17,2,3,2,232,2.33,Needs Attention
CUST-09156,362,5,1019.93,2,3,2,232,2.33,Needs Attention
CUST-05504,362,5,2856.47,2,3,4,234,3.0,Needs Attention
CUST-00234,362,6,1614.1,2,4,3,243,3.0,Loyal Customers
CUST-02279,362,6,2531.08,2,4,4,244,3.33,Loyal Customers
CUST-13635,362,7,3119.58,2,5,5,255,4.0,Loyal Customers
CUST-01378,362,7,4556.25,2,5,5,255,4.0,Loyal Customers
CUST-03819,362,8,1659.47,2,5,3,253,3.33,Loyal Customers
CUST-11096,362,8,1712.08,2,5,3,253,3.33,Loyal Customers
CUST-03006,361,2,1533.82,2,1,3,213,2.0,Needs Attention
CUST-03410,361,3,226.55,2,1,1,211,1.33,Needs Attention
CUST-07999,361,4,365.68,2,2,1,221,1.67,Needs Attention
CUST-12535,361,4,1121.48,2,2,2,222,2.0,Needs Attention
CUST-11215,361,4,3716.21,2,3,5,235,3.33,Needs Attention
CUST-13233,361,5,1215.67,2,3,2,232,2.33,Needs Attention
CUST-13844,361,5,2151.02,2,3,4,234,3.0,Needs Attention
CUST-00374,361,5,2583.81,2,3,4,234,3.0,Needs Attention
CUST-13728,361,5,2759.86,2,3,4,234,3.0,Needs Attention
CUST-13912,361,6,2569.29,2,4,4,244,3.33,Loyal Customers
CUST-10476,361,6,2817.16,2,4,4,244,3.33,Loyal Customers
CUST-03729,361,7,1869.61,2,4,3,243,3.0,Loyal Customers
CUST-05641,360,2,2212.37,2,1,4,214,2.33,Needs Attention
CUST-05162,360,2,3676.16,2,1,5,215,2.67,Needs Attention
CUST-03934,360,3,1317.87,2,2,2,222,2.0,Needs Attention
CUST-09697,360,4,976.16,2,2,2,222,2.0,Needs Attention
CUST-09757,360,4,1685.76,2,2,3,223,2.33,Needs Attention
CUST-05889,360,4,2646.24,2,3,4,234,3.0,Needs Attention
CUST-08228,360,5,1270.01,2,3,2,232,2.33,Needs Attention
CUST-02581,360,7,1132.25,2,4,2,242,2.67,Needs Attention
CUST-09659,360,7,1332.94,2,4,2,242,2.67,Needs Attention
CUST-11656,360,7,2711.53,2,5,4,254,3.67,Loyal Customers
CUST-00812,360,8,2420.47,2,5,4,254,3.67,Loyal Customers
CUST-12490,360,10,3787.32,2,5,5,255,4.0,Loyal Customers
CUST-12235,359,2,456.59,2,1,1,211,1.33,Needs Attention
CUST-02743,359,2,1256.03,2,1,2,212,1.67,Needs Attention
CUST-00941,359,2,1393.95,2,1,3,213,2.0,Needs Attention
CUST-01856,359,3,1149.27,2,2,2,222,2.0,Needs Attention
CUST-09370,359,3,3206.2,2,2,5,225,3.0,Needs Attention
CUST-12949,359,4,2408.88,2,3,4,234,3.0,Needs Attention
CUST-12215,359,5,827.56,2,3,2,232,2.33,Needs Attention
CUST-12689,359,6,2391.52,2,4,4,244,3.33,Loyal Customers
CUST-09987,359,6,3055.76,2,4,5,245,3.67,Loyal Customers
CUST-09904,359,7,1562.06,2,4,3,243,3.0,Loyal Customers
CUST-10276,359,7,1850.68,2,4,3,243,3.0,Loyal Customers
CUST-12982,359,8,3144.86,2,5,5,255,4.0,Loyal Customers
CUST-01189,359,9,1942.36,2,5,3,253,3.33,Loyal Customers
CUST-02557,358,3,775.01,2,1,2,212,1.67,Needs Attention
CUST-09010,358,3,838.04,2,1,2,212,1.67,Needs Attention
CUST-06672,358,3,2833.15,2,2,4,224,2.67,Needs Attention
CUST-07790,358,4,975.86,2,2,2,222,2.0,Needs Attention
CUST-02130,358,4,1289.52,2,2,2,222,2.0,Needs Attention
CUST-07694,358,4,1823.03,2,2,3,223,2.33,Needs Attention
CUST-05532,358,6,1087.2,2,4,2,242,2.67,Needs Attention
CUST-02004,358,6,2939.07,2,4,4,244,3.33,Loyal Customers
CUST-12657,358,6,3124.99,2,4,5,245,3.67,Loyal Customers
CUST-04395,358,6,3758.84,2,4,5,245,3.67,Loyal Customers
CUST-10459,358,7,2381.71,2,5,4,254,3.67,Loyal Customers
CUST-14839,358,7,3697.24,2,5,5,255,4.0,Loyal Customers
CUST-07268,358,8,2279.98,2,5,4,254,3.67,Loyal Customers
CUST-09909,358,8,4063.99,2,5,5,255,4.0,Loyal Customers
CUST-13272,357,2,235.15,2,1,1,211,1.33,Needs Attention
CUST-08032,357,2,385.8,2,1,1,211,1.33,Needs Attention
CUST-10672,357,3,3987.8,2,2,5,225,3.0,Needs Attention
CUST-12933,357,4,889.9,2,2,2,222,2.0,Needs Attention
CUST-06071,357,4,1347.89,2,2,2,222,2.0,Needs Attention
CUST-06316,357,4,1539.26,2,2,3,223,2.33,Needs Attention
CUST-12400,357,4,1822.96,2,2,3,223,2.33,Needs Attention
CUST-08439,357,4,2715.72,2,3,4,234,3.0,Needs Attention
CUST-07025,357,5,2850.26,2,3,4,234,3.0,Needs Attention
CUST-06696,357,5,3170.16,2,3,5,235,3.33,Needs Attention
CUST-12492,357,5,3240.18,2,3,5,235,3.33,Needs Attention
CUST-00783,357,6,1614.5,2,4,3,243,3.0,Loyal Customers
CUST-03895,357,6,1687.44,2,4,3,243,3.0,Loyal Customers
CUST-08936,357,6,4197.59,2,4,5,245,3.67,Loyal Customers
CUST-01833,357,7,1734.58,2,4,3,243,3.0,Loyal Customers
CUST-03484,357,10,2859.4,2,5,4,254,3.67,Loyal Customers
CUST-05285,356,2,235.24,2,1,1,211,1.33,Needs Attention
CUST-02616,356,2,478.54,2,1,1,211,1.33,Needs Attention
CUST-14138,356,2,2254.83,2,1,4,214,2.33,Needs Attention
CUST-06914,356,3,1054.28,2,1,2,212,1.67,Needs Attention
CUST-09629,356,3,1683.04,2,2,3,223,2.33,Needs Attention
CUST-00023,356,4,640.48,2,2,1,221,1.67,Needs Attention
CUST-12586,356,4,2435.13,2,3,4,234,3.0,Needs Attention
CUST-11673,356,4,4146.41,2,3,5,235,3.33,Needs Attention
CUST-13464,356,5,1146.11,2,3,2,232,2.33,Needs Attention
CUST-12534,356,5,1568.04,2,3,3,233,2.67,Needs Attention
CUST-11809,356,5,1901.56,2,3,3,233,2.67,Needs Attention
CUST-02378,356,6,892.58,2,4,2,242,2.67,Needs Attention
CUST-05354,356,6,1972.23,2,4,3,243,3.0,Loyal Customers
CUST-12259,356,6,2239.62,2,4,4,244,3.33,Loyal Customers
CUST-08781,356,7,1166.33,2,4,2,242,2.67,Needs Attention
CUST-07513,356,7,1559.19,2,4,3,243,3.0,Loyal Customers
CUST-02886,356,7,2631.39,2,5,4,254,3.67,Loyal Customers
CUST-08156,356,9,2775.95,2,5,4,254,3.67,Loyal Customers
CUST-07718,356,9,4155.82,2,5,5,255,4.0,Loyal Customers
CUST-14106,356,9,5122.0,2,5,5,255,4.0,Loyal Customers
CUST-06435,355,3,658.83,2,1,1,211,1.33,Needs Attention
CUST-13027,355,3,2573.3,2,2,4,224,2.67,Needs Attention
CUST-01066,355,4,2312.13,2,2,4,224,2.67,Needs Attention
CUST-08180,355,4,2833.48,2,3,4,234,3.0,Needs Attention
CUST-01457,355,5,1399.8,2,3,3,233,2.67,Needs Attention
CUST-13090,355,5,2561.79,2,3,4,234,3.0,Needs Attention
CUST-02386,355,6,2248.1,2,4,4,244,3.33,Loyal Customers
CUST-07806,355,7,1580.39,2,4,3,243,3.0,Loyal Customers
CUST-08831,355,8,2101.77,2,5,4,254,3.67,Loyal Customers
CUST-07599,355,8,2478.96,2,5,4,254,3.67,Loyal Customers
CUST-13149,354,2,615.06,2,1,1,211,1.33,Needs Attention
CUST-02907,354,3,402.66,2,1,1,211,1.33,Needs Attention
CUST-14616,354,3,515.12,2,1,1,211,1.33,Needs Attention
CUST-07994,354,3,1076.5,2,2,2,222,2.0,Needs Attention
CUST-01306,354,3,1791.65,2,2,3,223,2.33,Needs Attention
CUST-15000,354,4,433.4,2,2,1,221,1.67,Needs Attention
CUST-10362,354,4,489.32,2,2,1,221,1.67,Needs Attention
CUST-12065,354,4,779.66,2,2,2,222,2.0,Needs Attention
CUST-03961,354,4,1761.78,2,2,3,223,2.33,Needs Attention
CUST-06174,354,4,2562.67,2,3,4,234,3.0,Needs Attention
CUST-03926,354,5,835.33,2,3,2,232,2.33,Needs Attention
CUST-02709,354,5,1529.83,2,3,3,233,2.67,Needs Attention
CUST-05268,354,5,2310.16,2,3,4,234,3.0,Needs Attention
CUST-14108,354,5,3065.68,2,3,5,235,3.33,Needs Attention
CUST-11571,354,6,1111.33,2,4,2,242,2.67,Needs Attention
CUST-08591,354,6,3822.78,2,4,5,245,3.67,Loyal Customers
CUST-00676,354,7,1080.88,2,4,2,242,2.67,Needs Attention
CUST-03692,354,7,3289.04,2,5,5,255,4.0,Loyal Customers
CUST-09518,354,7,4333.63,2,5,5,255,4.0,Loyal Customers
CUST-11434,354,8,2077.35,2,5,4,254,3.67,Loyal Customers
CUST-02006,354,8,2388.43,2,5,4,254,3.67,Loyal Customers
CUST-14272,354,8,3935.17,2,5,5,255,4.0,Loyal Customers
CUST-14249,353,2,119.91,2,1,1,211,1.33,Needs Attention
CUST-02623,353,2,708.2,2,1,1,211,1.33,Needs Attention
CUST-00677,353,2,1016.98,2,1,2,212,1.67,Needs Attention
CUST-10862,353,2,1969.73,2,1,3,213,2.0,Needs Attention
CUST-07508,353,2,2014.08,2,1,3,213,2.0,Needs Attention
CUST-13084,353,3,605.85,2,1,1,211,1.33,Needs Attention
CUST-01342,353,3,1870.7,2,2,3,223,2.33,Needs Attention
CUST-10717,353,3,1946.37,2,2,3,223,2.33,Needs Attention
CUST-03211,353,4,1591.87,2,2,3,223,2.33,Needs Attention
CUST-14446,353,4,2721.7,2,3,4,234,3.0,Needs Attention
CUST-05104,353,5,3003.34,2,3,5,235,3.33,Needs Attention
CUST-02733,353,6,1865.06,2,4,3,243,3.0,Loyal Customers
CUST-06562,353,8,3491.34,2,5,5,255,4.0,Loyal Customers
CUST-00914,352,4,453.81,2,2,1,221,1.67,Needs Attention
CUST-12393,352,4,669.5,2,2,1,221,1.67,Needs Attention
CUST-07047,352,4,2707.99,2,3,4,234,3.0,Needs Attention
CUST-11962,352,5,1891.86,2,3,3,233,2.67,Needs Attention
CUST-10082,352,5,2057.11,2,3,3,233,2.67,Needs Attention
CUST-01637,352,5,2919.3,2,3,4,234,3.0,Needs Attention
CUST-08047,352,6,1114.26,2,4,2,242,2.67,Needs Attention
CUST-02926,352,6,2776.23,2,4,4,244,3.33,Loyal Customers
CUST-07033,352,8,2749.03,2,5,4,254,3.67,Loyal Customers
CUST-02372,352,8,3912.85,2,5,5,255,4.0,Loyal Customers
CUST-00998,352,9,4295.37,2,5,5,255,4.0,Loyal Customers
CUST-11698,351,2,219.89,2,1,1,211,1.33,Needs Attention
CUST-04062,351,2,262.6,2,1,1,211,1.33,Needs Attention
CUST-14264,351,2,1021.04,2,1,2,212,1.67,Needs Attention
CUST-07308,351,3,456.72,2,1,1,211,1.33,Needs Attention
CUST-13373,351,3,577.39,2,1,1,211,1.33,Needs Attention
CUST-06508,351,3,963.25,2,1,2,212,1.67,Needs Attention
CUST-12227,351,3,2979.7,2,2,4,224,2.67,Needs Attention
CUST-01302,351,4,1938.51,2,2,3,223,2.33,Needs Attention
CUST-14041,351,5,1022.62,2,3,2,232,2.33,Needs Attention
CUST-06376,351,6,679.01,2,4,1,241,2.33,Needs Attention
CUST-01822,350,2,308.26,2,1,1,211,1.33,Needs Attention
CUST-10547,350,2,1006.24,2,1,2,212,1.67,Needs Attention
CUST-07100,350,3,758.53,2,1,2,212,1.67,Needs Attention
CUST-05911,350,3,806.54,2,1,2,212,1.67,Needs Attention
CUST-01438,350,3,1126.49,2,2,2,222,2.0,Needs Attention
CUST-02960,350,3,1341.42,2,2,2,222,2.0,Needs Attention
CUST-07036,350,4,377.43,2,2,1,221,1.67,Needs Attention
CUST-10804,350,4,1332.15,2,2,2,222,2.0,Needs Attention
CUST-00179,350,4,3174.7,2,3,5,235,3.33,Needs Attention
CUST-04220,350,5,1559.11,2,3,3,233,2.67,Needs Attention
CUST-03969,350,5,1719.17,2,3,3,233,2.67,Needs Attention
CUST-05154,350,5,2222.95,2,3,4,234,3.0,Needs Attention
CUST-14876,350,5,4071.38,2,4,5,245,3.67,Loyal Customers
CUST-10124,350,10,3608.23,2,5,5,255,4.0,Loyal Customers
CUST-05424,349,2,535.28,2,1,1,211,1.33,Needs Attention
CUST-12377,349,3,594.3,2,1,1,211,1.33,Needs Attention
CUST-08935,349,3,1580.59,2,2,3,223,2.33,Needs Attention
CUST-13594,349,4,279.55,2,2,1,221,1.67,Needs Attention
CUST-11676,349,4,1072.01,2,2,2,222,2.0,Needs Attention
CUST-02427,349,4,2071.46,2,2,4,224,2.67,Needs Attention
CUST-03838,349,4,2164.07,2,2,4,224,2.67,Needs Attention
CUST-04227,349,4,2599.9,2,3,4,234,3.0,Needs Attention
CUST-04730,349,4,2896.95,2,3,4,234,3.0,Needs Attention
CUST-01043,349,5,551.62,2,3,1,231,2.0,Needs Attention
CUST-10787,349,5,671.37,2,3,1,231,2.0,Needs Attention
CUST-01631,349,5,755.09,2,3,2,232,2.33,Needs Attention
CUST-07993,349,7,1367.78,2,4,2,242,2.67,Needs Attention
CUST-12094,349,7,1929.4,2,4,3,243,3.0,Loyal Customers
CUST-08878,349,7,1983.13,2,4,3,243,3.0,Loyal Customers
CUST-08281,349,8,1194.59,2,5,2,252,3.0,Needs Attention
CUST-13420,349,11,5422.84,2,5,5,255,4.0,Loyal Customers
CUST-04481,348,2,169.41,2,1,1,211,1.33,Needs Attention
CUST-01106,348,2,679.79,2,1,1,211,1.33,Needs Attention
CUST-10044,348,2,693.39,2,1,1,211,1.33,Needs Attention
CUST-10893,348,3,1008.37,2,1,2,212,1.67,Needs Attention
CUST-01409,348,3,1947.11,2,2,3,223,2.33,Needs Attention
CUST-07141,348,4,1101.81,2,2,2,222,2.0,Needs Attention
CUST-11854,348,4,3070.35,2,3,5,235,3.33,Needs Attention
CUST-09192,348,4,3202.59,2,3,5,235,3.33,Needs Attention
CUST-12053,348,5,2073.16,2,3,4,234,3.0,Needs Attention
CUST-14512,348,5,2429.49,2,3,4,234,3.0,Needs Attention
CUST-04540,348,5,2629.96,2,3,4,234,3.0,Needs Attention
CUST-07911,348,6,838.2,2,4,2,242,2.67,Needs Attention
CUST-06570,348,6,3769.1,2,4,5,245,3.67,Loyal Customers
CUST-04539,348,8,1468.46,2,5,3,253,3.33,Loyal Customers
CUST-05984,348,8,1926.41,2,5,3,253,3.33,Loyal Customers
CUST-09634,348,8,2916.2,2,5,4,254,3.67,Loyal Customers
CUST-11520,348,9,3872.53,2,5,5,255,4.0,Loyal Customers
CUST-04658,347,2,100.33,2,1,1,211,1.33,Needs Attention
CUST-00789,347,2,108.86,2,1,1,211,1.33,Needs Attention
CUST-10060,347,2,658.58,2,1,1,211,1.33,Needs Attention
CUST-10395,347,2,919.31,2,1,2,212,1.67,Needs Attention
CUST-05211,347,4,807.51,2,2,2,222,2.0,Needs Attention
CUST-09352,347,5,1009.05,2,3,2,232,2.33,Needs Attention
CUST-10220,347,5,1259.38,2,3,2,232,2.33,Needs Attention
CUST-06147,347,5,2450.49,2,3,4,234,3.0,Needs Attention
CUST-06873,347,6,1802.6,2,4,3,243,3.0,Loyal Customers
CUST-00856,347,6,1951.63,2,4,3,243,3.0,Loyal Customers
CUST-07060,347,6,3536.42,2,4,5,245,3.67,Loyal Customers
CUST-12771,346,2,638.58,2,1,1,211,1.33,Needs Attention
CUST-05868,346,3,1637.13,2,2,3,223,2.33,Needs Attention
CUST-02807,346,4,1926.14,2,2,3,223,2.33,Needs Attention
CUST-05461,346,4,3218.53,2,3,5,235,3.33,Needs Attention
CUST-03699,346,5,1533.49,2,3,3,233,2.67,Needs Attention
CUST-01570,346,5,4279.72,2,4,5,245,3.67,Loyal Customers
CUST-11884,346,7,2306.29,2,5,4,254,3.67,Loyal Customers
CUST-05385,346,9,4660.87,2,5,5,255,4.0,Loyal Customers
CUST-01238,346,10,5396.76,2,5,5,255,4.0,Loyal Customers
CUST-12096,345,2,185.52,2,1,1,211,1.33,Needs Attention
CUST-10783,345,2,325.46,2,1,1,211,1.33,Needs Attention
CUST-00761,345,2,678.4,2,1,1,211,1.33,Needs Attention
CUST-01978,345,4,618.53,2,2,1,221,1.67,Needs Attention
CUST-04103,345,4,1043.82,2,2,2,222,2.0,Needs Attention
CUST-06030,345,5,1154.45,2,3,2,232,2.33,Needs Attention
CUST-06259,345,5,1612.9,2,3,3,233,2.67,Needs Attention
CUST-08262,345,5,3312.67,2,3,5,235,3.33,Needs Attention
CUST-03450,345,6,654.17,2,4,1,241,2.33,Needs Attention
CUST-13174,345,6,918.78,2,4,2,242,2.67,Needs Attention
CUST-06209,345,6,1137.58,2,4,2,242,2.67,Needs Attention
CUST-10828,345,6,3417.87,2,4,5,245,3.67,Loyal Customers
CUST-07669,345,7,1708.33,2,4,3,243,3.0,Loyal Customers
CUST-10719,345,7,2715.32,2,5,4,254,3.67,Loyal Customers
CUST-13315,345,7,4813.37,2,5,5,255,4.0,Loyal Customers
CUST-11442,344,2,390.12,2,1,1,211,1.33,Needs Attention
CUST-05606,344,2,1115.49,2,1,2,212,1.67,Needs Attention
CUST-01312,344,2,1226.71,2,1,2,212,1.67,Needs Attention
CUST-05974,344,3,704.93,2,1,1,211,1.33,Needs Attention
CUST-03027,344,3,1684.76,2,2,3,223,2.33,Needs Attention
CUST-00283,344,4,2008.47,2,2,3,223,2.33,Needs Attention
CUST-13505,344,4,2702.7,2,3,4,234,3.0,Needs Attention
CUST-06840,344,5,377.88,2,3,1,231,2.0,Needs Attention
CUST-11868,344,5,1658.1,2,3,3,233,2.67,Needs Attention
CUST-06768,344,7,2184.83,2,5,4,254,3.67,Loyal Customers
CUST-11592,344,8,2293.84,2,5,4,254,3.67,Loyal Customers
CUST-08191,343,2,230.21,2,1,1,211,1.33,Needs Attention
CUST-11889,343,3,1113.86,2,2,2,222,2.0,Needs Attention
CUST-11703,343,4,562.33,2,2,1,221,1.67,Needs Attention
CUST-01073,343,5,876.06,2,3,2,232,2.33,Needs Attention
CUST-06154,343,5,1806.26,2,3,3,233,2.67,Needs Attention
CUST-11619,343,5,2572.46,2,3,4,234,3.0,Needs Attention
CUST-09837,343,5,2628.79,2,3,4,234,3.0,Needs Attention
CUST-12811,343,5,2738.01,2,3,4,234,3.0,Needs Attention
CUST-10983,343,5,4777.81,2,4,5,245,3.67,Loyal Customers
CUST-05637,343,6,1248.06,2,4,2,242,2.67,Needs Attention
CUST-05613,343,6,1360.33,2,4,2,242,2.67,Needs Attention
CUST-08090,343,6,2686.53,2,4,4,244,3.33,Loyal Customers
CUST-12213,343,8,6022.66,2,5,5,255,4.0,Loyal Customers
CUST-01925,342,2,319.95,2,1,1,211,1.33,Needs Attention
CUST-06605,342,2,443.8,2,1,1,211,1.33,Needs Attention
CUST-02788,342,2,991.45,2,1,2,212,1.67,Needs Attention
CUST-09109,342,2,1201.53,2,1,2,212,1.67,Needs Attention
CUST-00738,342,2,2733.73,2,1,4,214,2.33,Needs Attention
CUST-00984,342,3,631.85,2,1,1,211,1.33,Needs Attention
CUST-14885,342,3,1785.52,2,2,3,223,2.33,Needs Attention
CUST-05874,342,4,2511.05,2,3,4,234,3.0,Needs Attention
CUST-05288,342,5,1688.78,2,3,3,233,2.67,Needs Attention
CUST-04533,342,6,1430.54,2,4,3,243,3.0,Loyal Customers
CUST-00893,342,6,2252.43,2,4,4,244,3.33,Loyal Customers
CUST-11583,342,6,3283.39,2,4,5,245,3.67,Loyal Customers
CUST-12009,342,6,4400.74,2,4,5,245,3.67,Loyal Customers
CUST-06086,342,7,2554.63,2,5,4,254,3.67,Loyal Customers
CUST-08434,342,8,1932.14,2,5,3,253,3.33,Loyal Customers
CUST-04159,342,8,3188.17,2,5,5,255,4.0,Loyal Customers
CUST-05949,341,3,261.69,2,1,1,211,1.33,Needs Attention
CUST-05218,341,3,1065.21,2,1,2,212,1.67,Needs Attention
CUST-11864,341,4,525.87,2,2,1,221,1.67,Needs Attention
CUST-00588,341,4,631.27,2,2,1,221,1.67,Needs Attention
CUST-02857,341,4,1444.81,2,2,3,223,2.33,Needs Attention
CUST-02057,341,4,3503.25,2,3,5,235,3.33,Needs Attention
CUST-10026,341,5,626.96,2,3,1,231,2.0,Needs Attention
CUST-09607,341,5,3762.16,2,4,5,245,3.67,Loyal Customers
CUST-14601,341,6,1456.71,2,4,3,243,3.0,Loyal Customers
CUST-07166,341,6,1465.73,2,4,3,243,3.0,Loyal Customers
CUST-14532,341,6,2445.04,2,4,4,244,3.33,Loyal Customers
CUST-12417,341,6,2866.65,2,4,4,244,3.33,Loyal Customers
CUST-12680,341,7,3074.96,2,5,5,255,4.0,Loyal Customers
CUST-14337,341,8,1667.16,2,5,3,253,3.33,Loyal Customers
CUST-00207,340,2,282.4,2,1,1,211,1.33,Needs Attention
CUST-04834,340,2,343.48,2,1,1,211,1.33,Needs Attention
CUST-04943,340,2,756.92,2,1,2,212,1.67,Needs Attention
CUST-03371,340,2,1038.59,2,1,2,212,1.67,Needs Attention
CUST-06337,340,2,1302.26,2,1,2,212,1.67,Needs Attention
CUST-00167,340,3,308.41,2,1,1,211,1.33,Needs Attention
CUST-04432,340,4,1022.02,2,2,2,222,2.0,Needs Attention
CUST-12984,340,4,1484.07,2,2,3,223,2.33,Needs Attention
CUST-03695,340,4,1525.28,2,2,3,223,2.33,Needs Attention
CUST-13877,340,5,1750.75,2,3,3,233,2.67,Needs Attention
CUST-08418,340,6,1079.4,2,4,2,242,2.67,Needs Attention
CUST-11285,340,7,4622.23,2,5,5,255,4.0,Loyal Customers
CUST-01532,340,8,6287.86,2,5,5,255,4.0,Loyal Customers
CUST-08516,339,2,359.55,2,1,1,211,1.33,Needs Attention
CUST-08319,339,3,742.41,2,1,1,211,1.33,Needs Attention
CUST-09342,339,4,987.91,2,2,2,222,2.0,Needs Attention
CUST-13143,339,4,1492.23,2,2,3,223,2.33,Needs Attention
CUST-06659,339,4,1676.8,2,2,3,223,2.33,Needs Attention
CUST-06453,339,4,2214.3,2,2,4,224,2.67,Needs Attention
CUST-11042,339,5,608.39,2,3,1,231,2.0,Needs Attention
CUST-12184,339,5,1073.29,2,3,2,232,2.33,Needs Attention
CUST-05357,339,5,3150.43,2,3,5,235,3.33,Needs Attention
CUST-01063,339,5,3420.21,2,3,5,235,3.33,Needs Attention
CUST-11398,339,6,2038.69,2,4,3,243,3.0,Loyal Customers
CUST-10557,339,6,2743.48,2,4,4,244,3.33,Loyal Customers
CUST-13170,339,6,4141.5,2,4,5,245,3.67,Loyal Customers
CUST-04892,339,7,1536.12,2,4,3,243,3.0,Loyal Customers
CUST-07249,339,7,1813.63,2,4,3,243,3.0,Loyal Customers
CUST-05489,338,2,251.05,2,1,1,211,1.33,Needs Attention
CUST-08158,338,2,711.56,2,1,1,211,1.33,Needs Attention
CUST-12069,338,2,1063.54,2,1,2,212,1.67,Needs Attention
CUST-06169,338,3,397.18,2,1,1,211,1.33,Needs Attention
CUST-06484,338,3,527.72,2,1,1,211,1.33,Needs Attention
CUST-01364,338,5,733.74,2,3,1,231,2.0,Needs Attention
CUST-13565,338,5,1226.34,2,3,2,232,2.33,Needs Attention
CUST-06430,338,5,1447.59,2,3,3,233,2.67,Needs Attention
CUST-11058,338,5,2500.51,2,3,4,234,3.0,Needs Attention
CUST-05047,338,5,2852.41,2,3,4,234,3.0,Needs Attention
CUST-09480,338,6,4504.6,2,4,5,245,3.67,Loyal Customers
CUST-00591,338,7,3366.98,2,5,5,255,4.0,Loyal Customers
CUST-10523,338,8,5574.07,2,5,5,255,4.0,Loyal Customers
CUST-04889,338,9,3625.84,2,5,5,255,4.0,Loyal Customers
CUST-02014,337,2,488.15,2,1,1,211,1.33,Needs Attention
CUST-04077,337,3,501.72,2,1,1,211,1.33,Needs Attention
CUST-04436,337,3,1606.62,2,2,3,223,2.33,Needs Attention
CUST-03799,337,3,3655.7,2,2,5,225,3.0,Needs Attention
CUST-13348,337,4,749.91,2,2,1,221,1.67,Needs Attention
CUST-04684,337,4,1348.52,2,2,2,222,2.0,Needs Attention
CUST-13973,337,4,2510.71,2,3,4,234,3.0,Needs Attention
CUST-12722,337,4,2726.16,2,3,4,234,3.0,Needs Attention
CUST-04809,337,5,2024.83,2,3,3,233,2.67,Needs Attention
CUST-12238,337,5,3703.93,2,3,5,235,3.33,Needs Attention
CUST-02682,337,7,2056.4,2,4,3,243,3.0,Loyal Customers
CUST-02362,337,8,6213.94,2,5,5,255,4.0,Loyal Customers
CUST-07048,336,2,1300.43,2,1,2,212,1.67,Needs Attention
CUST-00879,336,3,2748.33,2,2,4,224,2.67,Needs Attention
CUST-13024,336,4,674.8,2,2,1,221,1.67,Needs Attention
CUST-05320,336,4,1406.41,2,2,3,223,2.33,Needs Attention
CUST-00395,336,4,1681.32,2,2,3,223,2.33,Needs Attention
CUST-14259,336,5,416.37,2,3,1,231,2.0,Needs Attention
CUST-07925,336,5,812.61,2,3,2,232,2.33,Needs Attention
CUST-02877,336,5,825.44,2,3,2,232,2.33,Needs Attention
CUST-05534,336,5,1882.22,2,3,3,233,2.67,Needs Attention
CUST-07000,336,5,1911.73,2,3,3,233,2.67,Needs Attention
CUST-01212,336,6,811.51,2,4,2,242,2.67,Needs Attention
CUST-11224,336,6,1412.19,2,4,3,243,3.0,Loyal Customers
CUST-06717,336,6,3617.44,2,4,5,245,3.67,Loyal Customers
CUST-04261,336,6,3701.42,2,4,5,245,3.67,Loyal Customers
CUST-06683,336,7,2246.49,2,5,4,254,3.67,Loyal Customers
CUST-12524,336,8,4119.82,2,5,5,255,4.0,Loyal Customers
CUST-09715,336,8,4512.09,2,5,5,255,4.0,Loyal Customers
CUST-12617,336,11,4398.7,2,5,5,255,4.0,Loyal Customers
CUST-10955,335,2,346.91,2,1,1,211,1.33,Needs Attention
CUST-08421,335,2,511.04,2,1,1,211,1.33,Needs Attention
CUST-07558,335,2,2133.11,2,1,4,214,2.33,Needs Attention
CUST-06171,335,3,674.82,2,1,1,211,1.33,Needs Attention
CUST-07071,335,3,1768.25,2,2,3,223,2.33,Needs Attention
CUST-10579,335,5,1988.09,2,3,3,233,2.67,Needs Attention
CUST-10668,335,5,6418.09,2,4,5,245,3.67,Loyal Customers
CUST-09764,335,6,2604.08,2,4,4,244,3.33,Loyal Customers
CUST-13044,335,7,1918.07,2,4,3,243,3.0,Loyal Customers
CUST-00870,335,7,2386.58,2,5,4,254,3.67,Loyal Customers
CUST-07631,335,8,1664.92,2,5,3,253,3.33,Loyal Customers
CUST-03207,335,9,1407.04,2,5,3,253,3.33,Loyal Customers
CUST-00857,335,9,5663.17,2,5,5,255,4.0,Loyal Customers
CUST-09567,334,2,1737.38,2,1,3,213,2.0,Needs Attention
CUST-09146,334,3,300.06,2,1,1,211,1.33,Needs Attention
CUST-04965,334,3,334.8,2,1,1,211,1.33,Needs Attention
CUST-01530,334,3,576.42,2,1,1,211,1.33,Needs Attention
CUST-09767,334,3,1556.49,2,2,3,223,2.33,Needs Attention
CUST-06678,334,4,1491.49,2,2,3,223,2.33,Needs Attention
CUST-06653,334,4,2597.69,2,3,4,234,3.0,Needs Attention
CUST-12719,334,5,2756.52,2,3,4,234,3.0,Needs Attention
CUST-07663,334,5,3305.42,2,3,5,235,3.33,Needs Attention
CUST-13710,334,8,2284.37,2,5,4,254,3.67,Loyal Customers
CUST-00889,334,8,2497.35,2,5,4,254,3.67,Loyal Customers
CUST-05583,334,8,3968.54,2,5,5,255,4.0,Loyal Customers
CUST-03141,333,2,225.89,2,1,1,211,1.33,Needs Attention
CUST-06357,333,2,375.79,2,1,1,211,1.33,Needs Attention
CUST-01876,333,2,508.08,2,1,1,211,1.33,Needs Attention
CUST-14391,333,2,1828.94,2,1,3,213,2.0,Needs Attention
CUST-11953,333,3,515.63,2,1,1,211,1.33,Needs Attention
CUST-03862,333,3,594.13,2,1,1,211,1.33,Needs Attention
CUST-03685,333,3,936.55,2,1,2,212,1.67,Needs Attention
CUST-09330,333,3,2308.83,2,2,4,224,2.67,Needs Attention
CUST-14095,333,4,747.59,2,2,1,221,1.67,Needs Attention
CUST-05093,333,4,1998.96,2,2,3,223,2.33,Needs Attention
CUST-10662,333,4,4952.38,2,3,5,235,3.33,Needs Attention
CUST-13314,333,5,338.05,2,3,1,231,2.0,Needs Attention
CUST-13125,333,5,2751.14,2,3,4,234,3.0,Needs Attention
CUST-10911,333,6,1321.77,2,4,2,242,2.67,Needs Attention
CUST-06869,333,6,1843.83,2,4,3,243,3.0,Loyal Customers
CUST-07037,333,6,2925.18,2,4,4,244,3.33,Loyal Customers
CUST-09923,333,6,3551.84,2,4,5,245,3.67,Loyal Customers
CUST-03880,333,8,2544.58,2,5,4,254,3.67,Loyal Customers
CUST-07679,333,8,4500.01,2,5,5,255,4.0,Loyal Customers
CUST-07589,332,2,167.38,2,1,1,211,1.33,Needs Attention
CUST-03365,332,2,534.83,2,1,1,211,1.33,Needs Attention
CUST-08682,332,2,901.85,2,1,2,212,1.67,Needs Attention
CUST-05205,332,3,308.39,2,1,1,211,1.33,Needs Attention
CUST-14110,332,3,2684.28,2,2,4,224,2.67,Needs Attention
CUST-12230,332,5,546.39,2,3,1,231,2.0,Needs Attention
CUST-13572,332,5,728.32,2,3,1,231,2.0,Needs Attention
CUST-07616,332,5,1776.96,2,3,3,233,2.67,Needs Attention
CUST-11140,332,5,3692.75,2,3,5,235,3.33,Needs Attention
CUST-14128,332,6,945.56,2,4,2,242,2.67,Needs Attention
CUST-08218,332,6,1122.84,2,4,2,242,2.67,Needs Attention
CUST-01543,332,6,2756.73,2,4,4,244,3.33,Loyal Customers
CUST-02086,332,9,1089.57,2,5,2,252,3.0,Needs Attention
CUST-04405,331,2,313.89,2,1,1,211,1.33,Needs Attention
CUST-07924,331,3,438.45,2,1,1,211,1.33,Needs Attention
CUST-11210,331,3,508.35,2,1,1,211,1.33,Needs Attention
CUST-10294,331,3,595.98,2,1,1,211,1.33,Needs Attention
CUST-06392,331,3,689.88,2,1,1,211,1.33,Needs Attention
CUST-13276,331,3,1081.52,2,2,2,222,2.0,Needs Attention
CUST-07292,331,4,371.7,2,2,1,221,1.67,Needs Attention
CUST-07232,331,4,1014.49,2,2,2,222,2.0,Needs Attention
CUST-07762,331,4,2599.38,2,3,4,234,3.0,Needs Attention
CUST-14538,331,5,2253.07,2,3,4,234,3.0,Needs Attention
CUST-03683,331,5,3035.35,2,3,5,235,3.33,Needs Attention
CUST-08010,331,6,1240.78,2,4,2,242,2.67,Needs Attention
CUST-03155,331,6,1745.57,2,4,3,243,3.0,Loyal Customers
CUST-03760,331,7,1507.0,2,4,3,243,3.0,Loyal Customers
CUST-09938,331,7,3722.64,2,5,5,255,4.0,Loyal Customers
CUST-14280,331,8,3352.49,2,5,5,255,4.0,Loyal Customers
CUST-11169,331,10,1888.85,2,5,3,253,3.33,Loyal Customers
CUST-10466,331,10,3588.68,2,5,5,255,4.0,Loyal Customers
CUST-03918,330,2,922.88,2,1,2,212,1.67,Needs Attention
CUST-03480,330,4,1723.63,2,2,3,223,2.33,Needs Attention
CUST-00602,330,5,2781.29,2,3,4,234,3.0,Needs Attention
CUST-02196,330,6,1972.47,2,4,3,243,3.0,Loyal Customers
CUST-11830,330,6,2430.9,2,4,4,244,3.33,Loyal Customers
CUST-12063,330,6,2815.89,2,4,4,244,3.33,Loyal Customers
CUST-14712,330,8,2395.14,2,5,4,254,3.67,Loyal Customers
CUST-13958,329,2,1768.03,2,1,3,213,2.0,Needs Attention
CUST-03898,329,2,2940.58,2,1,4,214,2.33,Needs Attention
CUST-09772,329,3,664.16,2,1,1,211,1.33,Needs Attention
CUST-14918,329,3,795.15,2,1,2,212,1.67,Needs Attention
CUST-03248,329,4,1768.24,2,2,3,223,2.33,Needs Attention
CUST-01405,329,4,2290.84,2,2,4,224,2.67,Needs Attention
CUST-11193,329,5,803.28,2,3,2,232,2.33,Needs Attention
CUST-06411,329,5,2708.83,2,3,4,234,3.0,Needs Attention
CUST-10885,329,5,2978.41,2,3,4,234,3.0,Needs Attention
CUST-08540,329,6,2470.95,2,4,4,244,3.33,Loyal Customers
CUST-13491,329,6,2573.09,2,4,4,244,3.33,Loyal Customers
CUST-09319,329,7,2665.45,2,5,4,254,3.67,Loyal Customers
CUST-11020,329,7,3537.99,2,5,5,255,4.0,Loyal Customers
CUST-08083,329,10,1421.97,2,5,3,253,3.33,Loyal Customers
CUST-05704,328,2,1033.94,2,1,2,212,1.67,Needs Attention
CUST-12007,328,2,1747.53,2,1,3,213,2.0,Needs Attention
CUST-13325,328,2,1943.45,2,1,3,213,2.0,Needs Attention
CUST-12682,328,3,235.65,2,1,1,211,1.33,Needs Attention
CUST-14831,328,4,364.7,2,2,1,221,1.67,Needs Attention
CUST-12536,328,4,1332.04,2,2,2,222,2.0,Needs Attention
CUST-13791,328,4,1479.4,2,2,3,223,2.33,Needs Attention
CUST-06953,328,4,3718.37,2,3,5,235,3.33,Needs Attention
CUST-05817,328,5,729.66,2,3,1,231,2.0,Needs Attention
CUST-04632,328,5,1343.04,2,3,2,232,2.33,Needs Attention
CUST-05157,328,5,1493.43,2,3,3,233,2.67,Needs Attention
CUST-11725,328,5,2180.23,2,3,4,234,3.0,Needs Attention
CUST-09565,328,6,1180.81,2,4,2,242,2.67,Needs Attention
CUST-12306,328,7,5051.89,2,5,5,255,4.0,Loyal Customers
CUST-00176,328,8,2726.14,2,5,4,254,3.67,Loyal Customers
CUST-05913,327,2,1414.14,2,1,3,213,2.0,Needs Attention
CUST-03031,327,3,290.65,2,1,1,211,1.33,Needs Attention
CUST-10762,327,3,1025.72,2,1,2,212,1.67,Needs Attention
CUST-02648,327,3,1467.22,2,2,3,223,2.33,Needs Attention
CUST-06132,327,4,1094.54,2,2,2,222,2.0,Needs Attention
CUST-00720,327,4,1425.71,2,2,3,223,2.33,Needs Attention
CUST-09362,327,5,3396.92,2,3,5,235,3.33,Needs Attention
CUST-11303,327,6,960.71,2,4,2,242,2.67,Needs Attention
CUST-10633,327,7,2009.59,2,4,3,243,3.0,Loyal Customers
CUST-00830,327,7,6093.16,2,5,5,255,4.0,Loyal Customers
CUST-06537,326,3,1481.73,2,2,3,223,2.33,Needs Attention
CUST-05438,326,3,2759.58,2,2,4,224,2.67,Needs Attention
CUST-11147,326,4,744.78,2,2,1,221,1.67,Needs Attention
CUST-06409,326,4,1303.18,2,2,2,222,2.0,Needs Attention
CUST-03324,326,4,1403.34,2,2,3,223,2.33,Needs Attention
CUST-06863,326,6,1622.5,2,4,3,243,3.0,Loyal Customers
CUST-01466,326,6,1652.22,2,4,3,243,3.0,Loyal Customers
CUST-13142,326,6,2105.75,2,4,4,244,3.33,Loyal Customers
CUST-13726,326,7,2089.08,2,5,4,254,3.67,Loyal Customers
CUST-12784,326,7,2425.73,2,5,4,254,3.67,Loyal Customers
CUST-04281,326,7,2954.48,2,5,4,254,3.67,Loyal Customers
CUST-02977,326,7,3050.05,2,5,5,255,4.0,Loyal Customers
CUST-11477,326,8,1283.14,2,5,2,252,3.0,Needs Attention
CUST-04488,326,8,3607.51,2,5,5,255,4.0,Loyal Customers
CUST-00537,326,9,3006.28,2,5,5,255,4.0,Loyal Customers
CUST-00847,325,2,1322.25,2,1,2,212,1.67,Needs Attention
CUST-13326,325,3,487.58,2,1,1,211,1.33,Needs Attention
CUST-00593,325,4,195.64,2,2,1,221,1.67,Needs Attention
CUST-03086,325,4,1660.86,2,2,3,223,2.33,Needs Attention
CUST-02363,325,5,2544.12,2,3,4,234,3.0,Needs Attention
CUST-03670,325,5,2805.86,2,3,4,234,3.0,Needs Attention
CUST-02311,325,6,1569.51,2,4,3,243,3.0,Loyal Customers
CUST-03992,325,7,1075.73,2,4,2,242,2.67,Needs Attention
CUST-11847,325,7,2036.72,2,4,3,243,3.0,Loyal Customers
CUST-01629,324,2,255.32,2,1,1,211,1.33,Needs Attention
CUST-02420,324,2,311.34,2,1,1,211,1.33,Needs Attention
CUST-03824,324,2,1067.57,2,1,2,212,1.67,Needs Attention
CUST-01152,324,3,1568.27,2,2,3,223,2.33,Needs Attention
CUST-04231,324,3,2147.44,2,2,4,224,2.67,Needs Attention
CUST-04122,324,4,1944.95,2,2,3,223,2.33,Needs Attention
CUST-03979,324,5,937.59,2,3,2,232,2.33,Needs Attention
CUST-00340,324,6,1901.37,2,4,3,243,3.0,Loyal Customers
CUST-03514,324,6,3435.42,2,4,5,245,3.67,Loyal Customers
CUST-07295,324,7,1103.11,2,4,2,242,2.67,Needs Attention
CUST-00109,324,7,1514.96,2,4,3,243,3.0,Loyal Customers
CUST-12374,324,8,5518.66,2,5,5,255,4.0,Loyal Customers
CUST-09073,323,2,484.28,2,1,1,211,1.33,Needs Attention
CUST-08479,323,2,543.36,2,1,1,211,1.33,Needs Attention
CUST-08486,323,3,532.97,2,1,1,211,1.33,Needs Attention
CUST-06005,323,3,907.9,2,1,2,212,1.67,Needs Attention
CUST-04388,323,3,4303.68,2,2,5,225,3.0,Needs Attention
CUST-03277,323,4,824.31,2,2,2,222,2.0,Needs Attention
CUST-07049,323,5,699.37,2,3,1,231,2.0,Needs Attention
CUST-13557,323,5,2203.17,2,3,4,234,3.0,Needs Attention
CUST-11878,323,5,2846.94,2,3,4,234,3.0,Needs Attention
CUST-00112,323,5,2874.42,2,3,4,234,3.0,Needs Attention
CUST-05182,323,6,1285.28,2,4,2,242,2.67,Needs Attention
CUST-01688,323,6,1674.58,2,4,3,243,3.0,Loyal Customers
CUST-12946,323,6,4143.6,2,4,5,245,3.67,Loyal Customers
CUST-11922,323,7,1948.06,2,4,3,243,3.0,Loyal Customers
CUST-13369,322,2,189.85,2,1,1,211,1.33,Needs Attention
CUST-10292,322,2,358.85,2,1,1,211,1.33,Needs Attention
CUST-13055,322,2,374.57,2,1,1,211,1.33,Needs Attention
CUST-05818,322,2,1856.38,2,1,3,213,2.0,Needs Attention
CUST-06347,322,4,3250.04,2,3,5,235,3.33,Needs Attention
CUST-08524,322,5,1257.03,2,3,2,232,2.33,Needs Attention
CUST-00605,322,5,1549.7,2,3,3,233,2.67,Needs Attention
CUST-11036,322,5,3185.51,2,3,5,235,3.33,Needs Attention
CUST-08233,322,5,3330.29,2,3,5,235,3.33,Needs Attention
CUST-01069,322,7,2135.73,2,5,4,254,3.67,Loyal Customers
CUST-04830,322,7,4034.91,2,5,5,255,4.0,Loyal Customers
CUST-02090,322,8,5755.28,2,5,5,255,4.0,Loyal Customers
CUST-04186,322,9,2766.74,2,5,4,254,3.67,Loyal Customers
CUST-11428,322,9,3017.29,2,5,5,255,4.0,Loyal Customers
CUST-09233,321,2,186.03,2,1,1,211,1.33,Needs Attention
CUST-01485,321,3,771.89,2,1,2,212,1.67,Needs Attention
CUST-14957,321,3,833.11,2,1,2,212,1.67,Needs Attention
CUST-01415,321,4,766.74,2,2,2,222,2.0,Needs Attention
CUST-09855,321,4,2934.68,2,3,4,234,3.0,Needs Attention
CUST-02585,321,5,943.46,2,3,2,232,2.33,Needs Attention
CUST-10514,321,5,1429.98,2,3,3,233,2.67,Needs Attention
CUST-10103,321,6,1261.71,2,4,2,242,2.67,Needs Attention
CUST-04776,321,6,1762.47,2,4,3,243,3.0,Loyal Customers
CUST-07741,321,6,3785.22,2,4,5,245,3.67,Loyal Customers
CUST-08082,321,7,3578.29,2,5,5,255,4.0,Loyal Customers
CUST-14328,321,8,3386.71,2,5,5,255,4.0,Loyal Customers
CUST-14893,320,2,217.7,2,1,1,211,1.33,Needs Attention
CUST-12002,320,2,1015.05,2,1,2,212,1.67,Needs Attention
CUST-03848,320,5,1378.4,2,3,2,232,2.33,Needs Attention
CUST-01974,320,6,1682.41,2,4,3,243,3.0,Loyal Customers
CUST-10394,320,6,1807.3,2,4,3,243,3.0,Loyal Customers
CUST-06973,320,7,2666.84,2,5,4,254,3.67,Loyal Customers
CUST-08373,319,2,548.91,2,1,1,211,1.33,Needs Attention
CUST-09257,319,2,1267.33,2,1,2,212,1.67,Needs Attention
CUST-06355,319,2,3014.36,2,1,5,215,2.67,Needs Attention
CUST-09138,319,3,528.14,2,1,1,211,1.33,Needs Attention
CUST-02205,319,3,1105.49,2,2,2,222,2.0,Needs Attention
CUST-00526,319,4,1110.95,2,2,2,222,2.0,Needs Attention
CUST-11338,319,4,1343.01,2,2,2,222,2.0,Needs Attention
CUST-02017,319,4,1978.42,2,2,3,223,2.33,Needs Attention
CUST-00305,319,4,3627.8,2,3,5,235,3.33,Needs Attention
CUST-01211,319,5,460.73,2,3,1,231,2.0,Needs Attention
CUST-03609,319,5,3164.22,2,3,5,235,3.33,Needs Attention
CUST-11113,319,6,1281.76,2,4,2,242,2.67,Needs Attention
CUST-04537,319,6,3442.66,2,4,5,245,3.67,Loyal Customers
CUST-03671,319,7,6219.99,2,5,5,255,4.0,Loyal Customers
CUST-14634,319,9,3974.89,2,5,5,255,4.0,Loyal Customers
CUST-14445,319,9,4320.52,2,5,5,255,4.0,Loyal Customers
CUST-08890,318,3,361.62,2,1,1,211,1.33,Needs Attention
CUST-03974,318,5,804.53,2,3,2,232,2.33,Needs Attention
CUST-04523,318,5,886.8,2,3,2,232,2.33,Needs Attention
CUST-09187,318,5,3228.6,2,3,5,235,3.33,Needs Attention
CUST-09793,318,6,2067.92,2,4,3,243,3.0,Loyal Customers
CUST-10433,318,7,2166.26,2,5,4,254,3.67,Loyal Customers
CUST-02965,317,2,220.07,2,1,1,211,1.33,Needs Attention
CUST-05850,317,2,1011.34,2,1,2,212,1.67,Needs Attention
CUST-14314,317,3,772.38,2,1,2,212,1.67,Needs Attention
CUST-07245,317,3,1106.11,2,2,2,222,2.0,Needs Attention
CUST-08608,317,3,1546.01,2,2,3,223,2.33,Needs Attention
CUST-11711,317,3,1781.57,2,2,3,223,2.33,Needs Attention
CUST-11644,317,4,410.33,2,2,1,221,1.67,Needs Attention
CUST-11336,317,4,676.97,2,2,1,221,1.67,Needs Attention
CUST-09559,317,5,512.91,2,3,1,231,2.0,Needs Attention
CUST-10176,317,5,1732.83,2,3,3,233,2.67,Needs Attention
CUST-01008,317,5,2152.61,2,3,4,234,3.0,Needs Attention
CUST-04939,317,5,2485.09,2,3,4,234,3.0,Needs Attention
CUST-03133,317,6,1328.5,2,4,2,242,2.67,Needs Attention
CUST-03347,317,6,1656.53,2,4,3,243,3.0,Loyal Customers
CUST-00840,317,6,3404.15,2,4,5,245,3.67,Loyal Customers
CUST-07509,317,7,2051.7,2,4,3,243,3.0,Loyal Customers
CUST-02612,317,9,4054.28,2,5,5,255,4.0,Loyal Customers
CUST-10548,316,3,527.88,2,1,1,211,1.33,Needs Attention
CUST-06163,316,3,797.9,2,1,2,212,1.67,Needs Attention
CUST-12315,316,3,1212.82,2,2,2,222,2.0,Needs Attention
CUST-06080,316,4,1598.06,2,2,3,223,2.33,Needs Attention
CUST-09724,316,4,1788.32,2,2,3,223,2.33,Needs Attention
CUST-10670,316,5,1301.99,2,3,2,232,2.33,Needs Attention
CUST-03864,316,5,1618.45,2,3,3,233,2.67,Needs Attention
CUST-08712,316,5,4385.6,2,4,5,245,3.67,Loyal Customers
CUST-00468,316,6,1194.83,2,4,2,242,2.67,Needs Attention
CUST-02062,316,6,1891.49,2,4,3,243,3.0,Loyal Customers
CUST-00700,316,6,1901.19,2,4,3,243,3.0,Loyal Customers
CUST-08519,316,6,2739.84,2,4,4,244,3.33,Loyal Customers
CUST-11530,316,7,3091.05,2,5,5,255,4.0,Loyal Customers
CUST-01975,316,7,3879.71,2,5,5,255,4.0,Loyal Customers
CUST-05964,316,8,3353.79,2,5,5,255,4.0,Loyal Customers
CUST-01603,316,9,4423.04,2,5,5,255,4.0,Loyal Customers
CUST-04053,315,2,462.39,2,1,1,211,1.33,Needs Attention
CUST-11399,315,2,931.07,2,1,2,212,1.67,Needs Attention
CUST-08846,315,2,1235.97,2,1,2,212,1.67,Needs Attention
CUST-12864,315,3,339.37,2,1,1,211,1.33,Needs Attention
CUST-02569,315,3,545.48,2,1,1,211,1.33,Needs Attention
CUST-08654,315,3,637.54,2,1,1,211,1.33,Needs Attention
CUST-07758,315,4,336.83,2,2,1,221,1.67,Needs Attention
CUST-07463,315,4,1252.2,2,2,2,222,2.0,Needs Attention
CUST-09255,315,5,622.63,2,3,1,231,2.0,Needs Attention
CUST-09188,315,5,719.81,2,3,1,231,2.0,Needs Attention
CUST-03626,315,5,1125.27,2,3,2,232,2.33,Needs Attention
CUST-06734,315,5,2388.59,2,3,4,234,3.0,Needs Attention
CUST-07992,315,5,3378.42,2,3,5,235,3.33,Needs Attention
CUST-10448,315,7,1941.09,2,4,3,243,3.0,Loyal Customers
CUST-11959,315,7,4157.45,2,5,5,255,4.0,Loyal Customers
CUST-05599,315,8,3778.15,2,5,5,255,4.0,Loyal Customers
CUST-07884,315,9,2173.79,2,5,4,254,3.67,Loyal Customers
CUST-03250,314,4,684.64,2,2,1,221,1.67,Needs Attention
CUST-12754,314,4,1831.54,2,2,3,223,2.33,Needs Attention
CUST-01050,314,4,2709.03,2,3,4,234,3.0,Needs Attention
CUST-09132,314,5,780.7,2,3,2,232,2.33,Needs Attention
CUST-10139,314,5,1226.67,2,3,2,232,2.33,Needs Attention
CUST-05767,314,5,1523.37,2,3,3,233,2.67,Needs Attention
CUST-07974,314,5,2855.64,2,3,4,234,3.0,Needs Attention
CUST-04469,314,6,779.53,2,4,2,242,2.67,Needs Attention
CUST-11552,314,6,1725.4,2,4,3,243,3.0,Loyal Customers
CUST-09535,314,6,4397.53,2,4,5,245,3.67,Loyal Customers
CUST-00836,313,2,626.76,2,1,1,211,1.33,Needs Attention
CUST-13213,313,2,1094.34,2,1,2,212,1.67,Needs Attention
CUST-09469,313,2,1820.29,2,1,3,213,2.0,Needs Attention
CUST-00407,313,3,663.67,2,1,1,211,1.33,Needs Attention
CUST-12013,313,3,1155.23,2,2,2,222,2.0,Needs Attention
CUST-08297,313,3,1641.84,2,2,3,223,2.33,Needs Attention
CUST-04756,313,4,2280.86,2,2,4,224,2.67,Needs Attention
CUST-01758,313,5,1120.43,2,3,2,232,2.33,Needs Attention
CUST-12667,313,5,1851.56,2,3,3,233,2.67,Needs Attention
CUST-14520,313,5,2602.62,2,3,4,234,3.0,Needs Attention
CUST-11110,313,5,3222.21,2,3,5,235,3.33,Needs Attention
CUST-05556,313,6,2437.34,2,4,4,244,3.33,Loyal Customers
CUST-02438,313,7,4870.47,2,5,5,255,4.0,Loyal Customers
CUST-06006,313,8,1227.54,2,5,2,252,3.0,Needs Attention
CUST-01489,313,10,2692.4,2,5,4,254,3.67,Loyal Customers
CUST-10575,312,3,390.85,2,1,1,211,1.33,Needs Attention
CUST-11487,312,4,528.08,2,2,1,221,1.67,Needs Attention
CUST-14546,312,4,673.69,2,2,1,221,1.67,Needs Attention
CUST-07070,312,4,2050.78,2,2,3,223,2.33,Needs Attention
CUST-04937,312,4,2647.88,2,3,4,234,3.0,Needs Attention
CUST-03781,312,6,1733.3,2,4,3,243,3.0,Loyal Customers
CUST-02649,312,6,2325.12,2,4,4,244,3.33,Loyal Customers
CUST-07200,312,7,2410.11,2,5,4,254,3.67,Loyal Customers
CUST-01796,312,8,4490.92,2,5,5,255,4.0,Loyal Customers
CUST-07393,312,9,2595.0,2,5,4,254,3.67,Loyal Customers
CUST-11355,311,2,569.79,2,1,1,211,1.33,Needs Attention
CUST-14074,311,2,635.6,2,1,1,211,1.33,Needs Attention
CUST-03997,311,3,721.17,2,1,1,211,1.33,Needs Attention
CUST-03201,311,3,929.95,2,1,2,212,1.67,Needs Attention
CUST-11866,311,3,1504.71,2,2,3,223,2.33,Needs Attention
CUST-12325,311,4,1777.25,2,2,3,223,2.33,Needs Attention
CUST-03677,311,4,3102.36,2,3,5,235,3.33,Needs Attention
CUST-06215,311,5,1944.02,2,3,3,233,2.67,Needs Attention
CUST-02486,311,5,2171.53,2,3,4,234,3.0,Needs Attention
CUST-00411,311,5,3267.99,2,3,5,235,3.33,Needs Attention
CUST-10738,311,8,790.41,2,5,2,252,3.0,Needs Attention
CUST-09956,310,2,505.57,2,1,1,211,1.33,Needs Attention
CUST-06582,310,2,571.17,2,1,1,211,1.33,Needs Attention
CUST-13941,310,2,829.38,2,1,2,212,1.67,Needs Attention
CUST-14434,310,2,2136.88,2,1,4,214,2.33,Needs Attention
CUST-07217,310,2,3035.21,2,1,5,215,2.67,Needs Attention
CUST-05201,310,3,2262.45,2,2,4,224,2.67,Needs Attention
CUST-04157,310,4,951.25,2,2,2,222,2.0,Needs Attention
CUST-12333,310,4,1361.8,2,2,2,222,2.0,Needs Attention
CUST-04448,310,4,2522.1,2,3,4,234,3.0,Needs Attention
CUST-14363,310,4,2834.26,2,3,4,234,3.0,Needs Attention
CUST-05078,310,4,3023.98,2,3,5,235,3.33,Needs Attention
CUST-02216,310,5,874.78,2,3,2,232,2.33,Needs Attention
CUST-12097,310,5,1140.05,2,3,2,232,2.33,Needs Attention
CUST-02335,310,5,1777.23,2,3,3,233,2.67,Needs Attention
CUST-00345,310,5,3184.79,2,3,5,235,3.33,Needs Attention
CUST-01140,310,6,1068.2,2,4,2,242,2.67,Needs Attention
CUST-02089,310,6,1189.21,2,4,2,242,2.67,Needs Attention
CUST-10005,310,7,1377.16,2,4,2,242,2.67,Needs Attention
CUST-03806,310,7,4276.15,2,5,5,255,4.0,Loyal Customers
CUST-09946,310,10,4167.35,2,5,5,255,4.0,Loyal Customers
CUST-03380,310,11,2815.65,2,5,4,254,3.67,Loyal Customers
CUST-08723,309,2,1375.68,2,1,2,212,1.67,Needs Attention
CUST-11876,309,3,389.26,2,1,1,211,1.33,Needs Attention
CUST-07980,309,3,491.59,2,1,1,211,1.33,Needs Attention
CUST-11223,309,4,363.45,2,2,1,221,1.67,Needs Attention
CUST-00800,309,4,3245.63,2,3,5,235,3.33,Needs Attention
CUST-02334,309,5,717.93,2,3,1,231,2.0,Needs Attention
CUST-05291,309,5,2350.01,2,3,4,234,3.0,Needs Attention
CUST-02678,309,5,2561.39,2,3,4,234,3.0,Needs Attention
CUST-12518,309,6,1572.64,2,4,3,243,3.0,Loyal Customers
CUST-09269,309,6,1677.91,2,4,3,243,3.0,Loyal Customers
CUST-08092,309,6,1715.31,2,4,3,243,3.0,Loyal Customers
CUST-03631,309,6,2477.77,2,4,4,244,3.33,Loyal Customers
CUST-10922,309,7,1490.99,2,4,3,243,3.0,Loyal Customers
CUST-12514,309,7,3115.55,2,5,5,255,4.0,Loyal Customers
CUST-13212,309,8,2960.03,2,5,4,254,3.67,Loyal Customers
CUST-03712,309,9,4145.49,2,5,5,255,4.0,Loyal Customers
CUST-14206,309,9,5166.78,2,5,5,255,4.0,Loyal Customers
CUST-13264,308,3,1163.06,2,2,2,222,2.0,Needs Attention
CUST-14609,308,4,389.91,2,2,1,221,1.67,Needs Attention
CUST-02134,308,4,521.96,2,2,1,221,1.67,Needs Attention
CUST-07844,308,4,543.57,2,2,1,221,1.67,Needs Attention
CUST-14633,308,4,925.88,2,2,2,222,2.0,Needs Attention
CUST-05802,308,4,3129.75,2,3,5,235,3.33,Needs Attention
CUST-11132,308,5,1337.88,2,3,2,232,2.33,Needs Attention
CUST-13304,308,5,2932.42,2,3,4,234,3.0,Needs Attention
CUST-12706,308,5,4555.79,2,4,5,245,3.67,Loyal Customers
CUST-06712,308,8,1115.06,2,5,2,252,3.0,Needs Attention
CUST-05455,308,8,1850.23,2,5,3,253,3.33,Loyal Customers
CUST-07119,308,8,4057.86,2,5,5,255,4.0,Loyal Customers
CUST-07897,307,2,933.25,2,1,2,212,1.67,Needs Attention
CUST-13822,307,2,1601.46,2,1,3,213,2.0,Needs Attention
CUST-08491,307,3,598.68,2,1,1,211,1.33,Needs Attention
CUST-07666,307,3,1161.68,2,2,2,222,2.0,Needs Attention
CUST-09982,307,3,2603.75,2,2,4,224,2.67,Needs Attention
CUST-12906,307,4,1302.22,2,2,2,222,2.0,Needs Attention
CUST-02596,307,4,1372.68,2,2,2,222,2.0,Needs Attention
CUST-09231,307,4,1438.1,2,2,3,223,2.33,Needs Attention
CUST-10906,307,4,1597.6,2,2,3,223,2.33,Needs Attention
CUST-02900,307,5,1107.16,2,3,2,232,2.33,Needs Attention
CUST-02401,307,5,1517.98,2,3,3,233,2.67,Needs Attention
CUST-02806,307,5,2399.98,2,3,4,234,3.0,Needs Attention
CUST-10495,307,5,3257.08,2,3,5,235,3.33,Needs Attention
CUST-05564,307,6,2796.15,2,4,4,244,3.33,Loyal Customers
CUST-04397,307,7,3564.72,2,5,5,255,4.0,Loyal Customers
CUST-04108,307,7,4683.82,2,5,5,255,4.0,Loyal Customers
CUST-10231,307,8,4259.15,2,5,5,255,4.0,Loyal Customers
CUST-09180,306,2,193.14,2,1,1,211,1.33,Needs Attention
CUST-03400,306,2,1321.8,2,1,2,212,1.67,Needs Attention
CUST-08669,306,2,1485.45,2,1,3,213,2.0,Needs Attention
CUST-00693,306,2,2203.95,2,1,4,214,2.33,Needs Attention
CUST-05079,306,3,529.88,2,1,1,211,1.33,Needs Attention
CUST-08181,306,3,629.07,2,1,1,211,1.33,Needs Attention
CUST-09115,306,3,1012.47,2,1,2,212,1.67,Needs Attention
CUST-12351,306,3,1860.92,2,2,3,223,2.33,Needs Attention
CUST-13467,306,5,1023.05,2,3,2,232,2.33,Needs Attention
CUST-05070,306,5,1195.74,2,3,2,232,2.33,Needs Attention
CUST-10869,306,5,1453.86,2,3,3,233,2.67,Needs Attention
CUST-03991,306,5,1766.08,2,3,3,233,2.67,Needs Attention
CUST-07275,306,5,2489.15,2,3,4,234,3.0,Needs Attention
CUST-08006,306,5,6390.31,2,4,5,245,3.67,Loyal Customers
CUST-09064,306,6,1997.79,2,4,3,243,3.0,Loyal Customers
CUST-12448,306,8,3518.11,2,5,5,255,4.0,Loyal Customers
CUST-13443,305,2,232.0,2,1,1,211,1.33,Needs Attention
CUST-06554,305,3,2007.83,2,2,3,223,2.33,Needs Attention
CUST-02594,305,4,595.96,2,2,1,221,1.67,Needs Attention
CUST-09523,305,4,2455.73,2,3,4,234,3.0,Needs Attention
CUST-02178,305,5,1144.76,2,3,2,232,2.33,Needs Attention
CUST-10549,305,6,1071.4,2,4,2,242,2.67,Needs Attention
CUST-04306,305,6,1904.23,2,4,3,243,3.0,Loyal Customers
CUST-05197,305,6,3437.36,2,4,5,245,3.67,Loyal Customers
CUST-00017,305,7,1905.14,2,4,3,243,3.0,Loyal Customers
CUST-05301,305,8,3049.33,2,5,5,255,4.0,Loyal Customers
CUST-08081,305,12,3804.61,2,5,5,255,4.0,Loyal Customers
CUST-07807,304,2,348.44,2,1,1,211,1.33,Needs Attention
CUST-08299,304,2,384.41,2,1,1,211,1.33,Needs Attention
CUST-06965,304,2,874.97,2,1,2,212,1.67,Needs Attention
CUST-04619,304,3,287.84,2,1,1,211,1.33,Needs Attention
CUST-03954,304,3,452.26,2,1,1,211,1.33,Needs Attention
CUST-01557,304,3,925.26,2,1,2,212,1.67,Needs Attention
CUST-06492,304,3,2520.2,2,2,4,224,2.67,Needs Attention
CUST-07242,304,4,1053.82,2,2,2,222,2.0,Needs Attention
CUST-02083,304,4,1667.02,2,2,3,223,2.33,Needs Attention
CUST-11957,304,4,1748.48,2,2,3,223,2.33,Needs Attention
CUST-10390,304,4,2071.19,2,2,4,224,2.67,Needs Attention
CUST-13312,304,5,2132.81,2,3,4,234,3.0,Needs Attention
CUST-11853,304,6,930.46,2,4,2,242,2.67,Needs Attention
CUST-05066,304,6,2197.34,2,4,4,244,3.33,Loyal Customers
CUST-06982,304,7,3435.4,2,5,5,255,4.0,Loyal Customers
CUST-12091,304,7,5482.92,2,5,5,255,4.0,Loyal Customers
CUST-08035,304,8,3822.29,2,5,5,255,4.0,Loyal Customers
CUST-05628,304,10,6234.26,2,5,5,255,4.0,Loyal Customers
CUST-13951,303,2,211.16,2,1,1,211,1.33,Needs Attention
CUST-04873,303,3,260.97,2,1,1,211,1.33,Needs Attention
CUST-01596,303,3,697.62,2,1,1,211,1.33,Needs Attention
CUST-11860,303,3,1494.5,2,2,3,223,2.33,Needs Attention
CUST-10620,303,4,635.87,2,2,1,221,1.67,Needs Attention
CUST-14610,303,4,723.26,2,2,1,221,1.67,Needs Attention
CUST-03195,303,4,2988.69,2,3,4,234,3.0,Needs Attention
CUST-09674,303,5,799.99,2,3,2,232,2.33,Needs Attention
CUST-06994,303,5,1102.63,2,3,2,232,2.33,Needs Attention
CUST-08522,303,5,2254.99,2,3,4,234,3.0,Needs Attention
CUST-11845,303,5,2315.95,2,3,4,234,3.0,Needs Attention
CUST-12278,303,5,4386.02,2,4,5,245,3.67,Loyal Customers
CUST-03785,303,5,6193.2,2,4,5,245,3.67,Loyal Customers
CUST-14102,303,6,1700.34,2,4,3,243,3.0,Loyal Customers
CUST-00543,303,7,4483.04,2,5,5,255,4.0,Loyal Customers
CUST-09998,302,2,283.48,2,1,1,211,1.33,Needs Attention
CUST-04796,302,3,199.38,2,1,1,211,1.33,Needs Attention
CUST-14375,302,3,530.88,2,1,1,211,1.33,Needs Attention
CUST-12736,302,3,760.32,2,1,2,212,1.67,Needs Attention
CUST-13588,302,3,1884.87,2,2,3,223,2.33,Needs Attention
CUST-06834,302,4,560.45,2,2,1,221,1.67,Needs Attention
CUST-04764,302,4,907.3,2,2,2,222,2.0,Needs Attention
CUST-10178,302,4,1079.62,2,2,2,222,2.0,Needs Attention
CUST-14180,302,4,1188.28,2,2,2,222,2.0,Needs Attention
CUST-01333,302,4,1664.2,2,2,3,223,2.33,Needs Attention
CUST-09539,302,4,1726.76,2,2,3,223,2.33,Needs Attention
CUST-06201,302,4,1811.25,2,2,3,223,2.33,Needs Attention
CUST-06319,302,5,983.01,2,3,2,232,2.33,Needs Attention
CUST-02215,302,5,1838.9,2,3,3,233,2.67,Needs Attention
CUST-05665,302,5,2312.18,2,3,4,234,3.0,Needs Attention
CUST-00150,302,6,986.66,2,4,2,242,2.67,Needs Attention
CUST-08153,302,7,6371.69,2,5,5,255,4.0,Loyal Customers
CUST-07319,302,8,2860.85,2,5,4,254,3.67,Loyal Customers
CUST-10888,302,9,3082.6,2,5,5,255,4.0,Loyal Customers
CUST-04370,302,10,4000.17,2,5,5,255,4.0,Loyal Customers
CUST-14910,301,2,191.03,2,1,1,211,1.33,Needs Attention
CUST-11761,301,2,386.95,2,1,1,211,1.33,Needs Attention
CUST-03434,301,3,350.16,2,1,1,211,1.33,Needs Attention
CUST-06890,301,3,993.7,2,1,2,212,1.67,Needs Attention
CUST-09791,301,3,1002.26,2,1,2,212,1.67,Needs Attention
CUST-08515,301,3,1607.38,2,2,3,223,2.33,Needs Attention
CUST-12732,301,4,287.78,2,2,1,221,1.67,Needs Attention
CUST-01263,301,4,1416.91,2,2,3,223,2.33,Needs Attention
CUST-11111,301,4,2736.56,2,3,4,234,3.0,Needs Attention
CUST-04909,301,5,2303.93,2,3,4,234,3.0,Needs Attention
CUST-12511,301,6,1702.28,2,4,3,243,3.0,Loyal Customers
CUST-01653,301,6,2469.72,2,4,4,244,3.33,Loyal Customers
CUST-00028,301,7,2459.41,2,5,4,254,3.67,Loyal Customers
CUST-06839,301,7,2837.64,2,5,4,254,3.67,Loyal Customers
CUST-04788,301,9,2615.92,2,5,4,254,3.67,Loyal Customers
CUST-03641,301,9,4761.12,2,5,5,255,4.0,Loyal Customers
CUST-09041,300,2,128.76,2,1,1,211,1.33,Needs Attention
CUST-11475,300,2,1281.41,2,1,2,212,1.67,Needs Attention
CUST-08844,300,2,1454.55,2,1,3,213,2.0,Needs Attention
CUST-05112,300,3,1224.26,2,2,2,222,2.0,Needs Attention
CUST-01611,300,4,2313.67,2,2,4,224,2.67,Needs Attention
CUST-02663,300,5,994.09,2,3,2,232,2.33,Needs Attention
CUST-00442,300,6,593.95,2,4,1,241,2.33,Needs Attention
CUST-07628,300,6,1775.31,2,4,3,243,3.0,Loyal Customers
CUST-07674,300,7,1668.69,2,4,3,243,3.0,Loyal Customers
CUST-12856,300,7,2450.15,2,5,4,254,3.67,Loyal Customers
CUST-04636,300,7,3434.31,2,5,5,255,4.0,Loyal Customers
CUST-03694,300,7,4770.24,2,5,5,255,4.0,Loyal Customers
CUST-04372,300,9,1853.97,2,5,3,253,3.33,Loyal Customers
CUST-02297,300,9,3261.42,2,5,5,255,4.0,Loyal Customers
CUST-02925,299,2,659.81,2,1,1,211,1.33,Needs Attention
CUST-11344,299,2,1328.97,2,1,2,212,1.67,Needs Attention
CUST-09093,299,3,359.06,2,1,1,211,1.33,Needs Attention
CUST-06068,299,3,409.31,2,1,1,211,1.33,Needs Attention
CUST-06934,299,3,508.54,2,1,1,211,1.33,Needs Attention
CUST-11133,299,3,3646.06,2,2,5,225,3.0,Needs Attention
CUST-11160,299,4,1619.11,2,2,3,223,2.33,Needs Attention
CUST-14927,299,4,1638.25,2,2,3,223,2.33,Needs Attention
CUST-10429,299,4,1891.24,2,2,3,223,2.33,Needs Attention
CUST-03341,299,4,2200.51,2,2,4,224,2.67,Needs Attention
CUST-08401,299,4,2411.96,2,3,4,234,3.0,Needs Attention
CUST-05578,299,5,924.81,2,3,2,232,2.33,Needs Attention
CUST-01816,299,6,974.97,2,4,2,242,2.67,Needs Attention
CUST-01879,299,7,1144.6,2,4,2,242,2.67,Needs Attention
CUST-00007,299,7,2168.9,2,5,4,254,3.67,Loyal Customers
CUST-05563,299,8,3873.53,2,5,5,255,4.0,Loyal Customers
CUST-14172,298,2,580.24,2,1,1,211,1.33,Needs Attention
CUST-04580,298,2,775.12,2,1,2,212,1.67,Needs Attention
CUST-07716,298,2,1610.34,2,1,3,213,2.0,Needs Attention
CUST-08172,298,2,1699.66,2,1,3,213,2.0,Needs Attention
CUST-08043,298,3,397.76,2,1,1,211,1.33,Needs Attention
CUST-07809,298,3,1286.16,2,2,2,222,2.0,Needs Attention
CUST-11607,298,3,1745.41,2,2,3,223,2.33,Needs Attention
CUST-10277,298,4,1607.48,2,2,3,223,2.33,Needs Attention
CUST-10709,298,4,1756.26,2,2,3,223,2.33,Needs Attention
CUST-02387,298,4,2266.82,2,2,4,224,2.67,Needs Attention
CUST-12721,298,4,2706.74,2,3,4,234,3.0,Needs Attention
CUST-03587,298,6,1054.55,2,4,2,242,2.67,Needs Attention
CUST-12845,298,6,1599.27,2,4,3,243,3.0,Loyal Customers
CUST-04250,298,9,5028.81,2,5,5,255,4.0,Loyal Customers
CUST-12701,297,2,149.97,2,1,1,211,1.33,Needs Attention
CUST-10280,297,2,155.31,2,1,1,211,1.33,Needs Attention
CUST-01929,297,2,315.73,2,1,1,211,1.33,Needs Attention
CUST-09163,297,4,743.66,2,2,1,221,1.67,Needs Attention
CUST-06906,297,5,770.72,2,3,2,232,2.33,Needs Attention
CUST-13105,297,5,1775.66,2,3,3,233,2.67,Needs Attention
CUST-06846,297,6,2365.26,2,4,4,244,3.33,Loyal Customers
CUST-09861,297,8,1064.02,2,5,2,252,3.0,Needs Attention
CUST-03111,297,8,2660.15,2,5,4,254,3.67,Loyal Customers
CUST-02835,296,2,237.68,2,1,1,211,1.33,Needs Attention
CUST-01224,296,2,267.3,2,1,1,211,1.33,Needs Attention
CUST-09670,296,2,618.85,2,1,1,211,1.33,Needs Attention
CUST-09805,296,2,892.24,2,1,2,212,1.67,Needs Attention
CUST-14544,296,2,1097.66,2,1,2,212,1.67,Needs Attention
CUST-01635,296,2,1115.45,2,1,2,212,1.67,Needs Attention
CUST-09540,296,2,1693.8,2,1,3,213,2.0,Needs Attention
CUST-00817,296,3,210.07,2,1,1,211,1.33,Needs Attention
CUST-01356,296,3,380.13,2,1,1,211,1.33,Needs Attention
CUST-02981,296,3,839.71,2,1,2,212,1.67,Needs Attention
CUST-05568,296,4,2147.81,2,2,4,224,2.67,Needs Attention
CUST-06221,296,4,2441.44,2,3,4,234,3.0,Needs Attention
CUST-01511,296,5,929.7,2,3,2,232,2.33,Needs Attention
CUST-00896,296,5,1006.0,2,3,2,232,2.33,Needs Attention
CUST-05748,296,5,1245.81,2,3,2,232,2.33,Needs Attention
CUST-03081,296,6,1955.14,2,4,3,243,3.0,Loyal Customers
CUST-06008,296,6,2084.15,2,4,4,244,3.33,Loyal Customers
CUST-12645,296,6,2476.98,2,4,4,244,3.33,Loyal Customers
CUST-00825,296,8,3339.12,2,5,5,255,4.0,Loyal Customers
CUST-00718,296,9,1749.91,2,5,3,253,3.33,Loyal Customers
CUST-09405,296,10,3158.45,2,5,5,255,4.0,Loyal Customers
CUST-10914,296,11,2794.46,2,5,4,254,3.67,Loyal Customers
CUST-05321,295,2,337.79,2,1,1,211,1.33,Needs Attention
CUST-08698,295,2,3016.9,2,1,5,215,2.67,Needs Attention
CUST-12959,295,3,472.65,2,1,1,211,1.33,Needs Attention
CUST-08048,295,4,1394.79,2,2,3,223,2.33,Needs Attention
CUST-06615,295,4,1757.25,2,2,3,223,2.33,Needs Attention
CUST-14709,295,4,1978.05,2,2,3,223,2.33,Needs Attention
CUST-00596,295,4,3531.74,2,3,5,235,3.33,Needs Attention
CUST-10510,295,5,1960.16,2,3,3,233,2.67,Needs Attention
CUST-10796,295,5,2350.42,2,3,4,234,3.0,Needs Attention
CUST-01893,295,6,2061.97,2,4,3,243,3.0,Loyal Customers
CUST-03557,295,7,1213.54,2,4,2,242,2.67,Needs Attention
CUST-01692,295,7,2095.0,2,5,4,254,3.67,Loyal Customers
CUST-11994,294,2,58.98,2,1,1,211,1.33,Needs Attention
CUST-07480,294,2,305.36,2,1,1,211,1.33,Needs Attention
CUST-10113,294,2,359.72,2,1,1,211,1.33,Needs Attention
CUST-11649,294,3,1884.27,2,2,3,223,2.33,Needs Attention
CUST-10006,294,4,2831.03,2,3,4,234,3.0,Needs Attention
CUST-03156,294,5,703.05,2,3,1,231,2.0,Needs Attention
CUST-06805,294,5,994.38,2,3,2,232,2.33,Needs Attention
CUST-01158,294,5,1128.75,2,3,2,232,2.33,Needs Attention
CUST-03313,294,5,1913.32,2,3,3,233,2.67,Needs Attention
CUST-07869,294,5,3923.44,2,4,5,245,3.67,Loyal Customers
CUST-00083,294,6,1519.33,2,4,3,243,3.0,Loyal Customers
CUST-06720,294,6,2854.78,2,4,4,244,3.33,Loyal Customers
CUST-01501,294,7,1610.46,2,4,3,243,3.0,Loyal Customers
CUST-03751,294,7,1911.5,2,4,3,243,3.0,Loyal Customers
CUST-12493,294,7,2366.97,2,5,4,254,3.67,Loyal Customers
CUST-08366,294,7,3469.14,2,5,5,255,4.0,Loyal Customers
CUST-12853,294,8,5079.02,2,5,5,255,4.0,Loyal Customers
CUST-06033,294,9,2192.96,2,5,4,254,3.67,Loyal Customers
CUST-14706,293,2,453.4,2,1,1,211,1.33,Needs Attention
CUST-12649,293,2,684.76,2,1,1,211,1.33,Needs Attention
CUST-08665,293,2,1460.85,2,1,3,213,2.0,Needs Attention
CUST-03398,293,2,1711.42,2,1,3,213,2.0,Needs Attention
CUST-14330,293,3,306.41,2,1,1,211,1.33,Needs Attention
CUST-06530,293,3,468.27,2,1,1,211,1.33,Needs Attention
CUST-06580,293,3,680.93,2,1,1,211,1.33,Needs Attention
CUST-07101,293,3,1064.62,2,1,2,212,1.67,Needs Attention
CUST-08768,293,3,2167.91,2,2,4,224,2.67,Needs Attention
CUST-06767,293,3,2302.68,2,2,4,224,2.67,Needs Attention
CUST-08881,293,4,1273.41,2,2,2,222,2.0,Needs Attention
CUST-00911,293,4,2790.62,2,3,4,234,3.0,Needs Attention
CUST-05368,293,4,4363.54,2,3,5,235,3.33,Needs Attention
CUST-01494,293,5,1024.15,2,3,2,232,2.33,Needs Attention
CUST-08064,293,5,1394.37,2,3,3,233,2.67,Needs Attention
CUST-14221,293,5,2474.08,2,3,4,234,3.0,Needs Attention
CUST-03482,293,5,3239.25,2,3,5,235,3.33,Needs Attention
CUST-07646,293,5,3355.66,2,3,5,235,3.33,Needs Attention
CUST-12468,293,6,1063.78,2,4,2,242,2.67,Needs Attention
CUST-00962,293,6,1303.44,2,4,2,242,2.67,Needs Attention
CUST-01265,293,6,2566.01,2,4,4,244,3.33,Loyal Customers
CUST-13377,293,7,2599.19,2,5,4,254,3.67,Loyal Customers
CUST-09788,293,7,2955.6,2,5,4,254,3.67,Loyal Customers
CUST-09080,293,9,4927.31,2,5,5,255,4.0,Loyal Customers
CUST-13683,292,2,316.42,2,1,1,211,1.33,Needs Attention
CUST-09462,292,2,379.38,2,1,1,211,1.33,Needs Attention
CUST-03619,292,2,640.9,2,1,1,211,1.33,Needs Attention
CUST-05020,292,2,680.41,2,1,1,211,1.33,Needs Attention
CUST-12688,292,3,116.87,2,1,1,211,1.33,Needs Attention
CUST-05343,292,3,341.77,2,1,1,211,1.33,Needs Attention
CUST-12451,292,3,840.9,2,1,2,212,1.67,Needs Attention
CUST-12729,292,3,1422.4,2,2,3,223,2.33,Needs Attention
CUST-02025,292,3,1595.04,2,2,3,223,2.33,Needs Attention
CUST-00033,292,3,2282.58,2,2,4,224,2.67,Needs Attention
CUST-00292,292,4,2568.01,2,3,4,234,3.0,Needs Attention
CUST-03512,292,6,1977.42,2,4,3,243,3.0,Loyal Customers
CUST-02300,292,6,2181.92,2,4,4,244,3.33,Loyal Customers
CUST-11529,292,6,2881.36,2,4,4,244,3.33,Loyal Customers
CUST-01187,292,6,5274.59,2,4,5,245,3.67,Loyal Customers
CUST-08494,292,7,1241.14,2,4,2,242,2.67,Needs Attention
CUST-10203,292,7,2337.29,2,5,4,254,3.67,Loyal Customers
CUST-07110,292,8,3573.07,2,5,5,255,4.0,Loyal Customers
CUST-09692,291,2,293.45,2,1,1,211,1.33,Needs Attention
CUST-00564,291,2,500.16,2,1,1,211,1.33,Needs Attention
CUST-08173,291,4,794.86,2,2,2,222,2.0,Needs Attention
CUST-13117,291,4,863.81,2,2,2,222,2.0,Needs Attention
CUST-10784,291,4,1756.5,2,2,3,223,2.33,Needs Attention
CUST-05898,291,4,2215.13,2,2,4,224,2.67,Needs Attention
CUST-13952,291,4,2633.61,2,3,4,234,3.0,Needs Attention
CUST-10923,291,5,1399.02,2,3,3,233,2.67,Needs Attention
CUST-11636,291,6,2481.35,2,4,4,244,3.33,Loyal Customers
CUST-06138,291,7,1874.49,2,4,3,243,3.0,Loyal Customers
CUST-12343,291,7,2574.58,2,5,4,254,3.67,Loyal Customers
CUST-07337,291,7,2724.83,2,5,4,254,3.67,Loyal Customers
CUST-03968,291,8,4584.2,2,5,5,255,4.0,Loyal Customers
CUST-12113,291,9,1803.07,2,5,3,253,3.33,Loyal Customers
CUST-11788,290,2,331.29,2,1,1,211,1.33,Needs Attention
CUST-08070,290,3,588.41,2,1,1,211,1.33,Needs Attention
CUST-08117,290,3,1402.0,2,2,3,223,2.33,Needs Attention
CUST-03767,290,3,1935.59,2,2,3,223,2.33,Needs Attention
CUST-11746,290,3,2032.72,2,2,3,223,2.33,Needs Attention
CUST-11931,290,4,1427.54,2,2,3,223,2.33,Needs Attention
CUST-03130,290,4,1430.56,2,2,3,223,2.33,Needs Attention
CUST-00753,290,4,1698.44,2,2,3,223,2.33,Needs Attention
CUST-09542,290,4,2465.87,2,3,4,234,3.0,Needs Attention
CUST-05800,290,5,550.3,2,3,1,231,2.0,Needs Attention
CUST-07189,290,5,2026.97,2,3,3,233,2.67,Needs Attention
CUST-00999,290,5,2508.61,2,3,4,234,3.0,Needs Attention
CUST-09366,290,5,2810.78,2,3,4,234,3.0,Needs Attention
CUST-09502,290,6,2163.52,2,4,4,244,3.33,Loyal Customers
CUST-10520,290,7,1947.43,2,4,3,243,3.0,Loyal Customers
CUST-01711,290,7,4405.6,2,5,5,255,4.0,Loyal Customers
CUST-01914,290,8,2801.61,2,5,4,254,3.67,Loyal Customers
CUST-04238,290,8,5227.1,2,5,5,255,4.0,Loyal Customers
CUST-12459,290,9,5204.18,2,5,5,255,4.0,Loyal Customers
CUST-11239,289,2,192.21,2,1,1,211,1.33,Needs Attention
CUST-05923,289,2,293.28,2,1,1,211,1.33,Needs Attention
CUST-04010,289,2,2700.8,2,1,4,214,2.33,Needs Attention
CUST-14335,289,3,404.26,2,1,1,211,1.33,Needs Attention
CUST-04104,289,3,1195.91,2,2,2,222,2.0,Needs Attention
CUST-08492,289,3,1542.9,2,2,3,223,2.33,Needs Attention
CUST-09941,289,3,1942.94,2,2,3,223,2.33,Needs Attention
CUST-06457,289,3,2363.88,2,2,4,224,2.67,Needs Attention
CUST-10089,289,4,4270.95,2,3,5,235,3.33,Needs Attention
CUST-09250,289,5,1766.98,2,3,3,233,2.67,Needs Attention
CUST-01841,289,5,2194.53,2,3,4,234,3.0,Needs Attention
CUST-01958,289,5,2789.25,2,3,4,234,3.0,Needs Attention
CUST-04532,289,5,3571.14,2,3,5,235,3.33,Needs Attention
CUST-08769,289,6,2201.89,2,4,4,244,3.33,Loyal Customers
CUST-08073,289,6,2910.46,2,4,4,244,3.33,Loyal Customers
CUST-12457,289,6,3420.61,2,4,5,245,3.67,Loyal Customers
CUST-05710,289,6,4238.95,2,4,5,245,3.67,Loyal Customers
CUST-05686,289,7,1527.76,2,4,3,243,3.0,Loyal Customers
CUST-13004,289,7,4173.55,2,5,5,255,4.0,Loyal Customers
CUST-08155,289,8,7163.93,2,5,5,255,4.0,Loyal Customers
CUST-12427,288,2,202.11,2,1,1,211,1.33,Needs Attention
CUST-01159,288,2,2132.3,2,1,4,214,2.33,Needs Attention
CUST-07731,288,3,565.77,2,1,1,211,1.33,Needs Attention
CUST-11405,288,4,424.46,2,2,1,221,1.67,Needs Attention
CUST-07991,288,4,537.5,2,2,1,221,1.67,Needs Attention
CUST-00833,288,4,895.49,2,2,2,222,2.0,Needs Attention
CUST-10706,288,4,1059.97,2,2,2,222,2.0,Needs Attention
CUST-01594,288,4,1461.33,2,2,3,223,2.33,Needs Attention
CUST-06947,288,5,630.76,2,3,1,231,2.0,Needs Attention
CUST-00953,288,5,819.52,2,3,2,232,2.33,Needs Attention
CUST-09654,288,5,1398.56,2,3,3,233,2.67,Needs Attention
CUST-09167,288,5,2433.44,2,3,4,234,3.0,Needs Attention
CUST-05042,288,5,2718.86,2,3,4,234,3.0,Needs Attention
CUST-03436,288,6,798.18,2,4,2,242,2.67,Needs Attention
CUST-04045,288,6,1308.5,2,4,2,242,2.67,Needs Attention
CUST-02455,288,6,1952.18,2,4,3,243,3.0,Loyal Customers
CUST-01097,288,6,2745.85,2,4,4,244,3.33,Loyal Customers
CUST-00245,288,6,3460.05,2,4,5,245,3.67,Loyal Customers
CUST-01402,288,6,3691.69,2,4,5,245,3.67,Loyal Customers
CUST-14845,288,7,1087.44,2,4,2,242,2.67,Needs Attention
CUST-08481,287,2,634.72,2,1,1,211,1.33,Needs Attention
CUST-13735,287,2,635.02,2,1,1,211,1.33,Needs Attention
CUST-03176,287,2,1379.41,2,1,2,212,1.67,Needs Attention
CUST-13672,287,2,1946.77,2,1,3,213,2.0,Needs Attention
CUST-06950,287,2,2030.8,2,1,3,213,2.0,Needs Attention
CUST-10419,287,3,448.97,2,1,1,211,1.33,Needs Attention
CUST-14533,287,3,573.04,2,1,1,211,1.33,Needs Attention
CUST-06399,287,3,577.61,2,1,1,211,1.33,Needs Attention
CUST-08817,287,3,600.05,2,1,1,211,1.33,Needs Attention
CUST-05758,287,3,814.04,2,1,2,212,1.67,Needs Attention
CUST-08398,287,3,1176.66,2,2,2,222,2.0,Needs Attention
CUST-02514,287,3,1725.2,2,2,3,223,2.33,Needs Attention
CUST-08595,287,4,394.91,2,2,1,221,1.67,Needs Attention
CUST-11014,287,4,601.37,2,2,1,221,1.67,Needs Attention
CUST-06162,287,5,1636.92,2,3,3,233,2.67,Needs Attention
CUST-01001,287,5,2335.26,2,3,4,234,3.0,Needs Attention
CUST-05680,287,5,3136.66,2,3,5,235,3.33,Needs Attention
CUST-14856,287,5,3860.23,2,4,5,245,3.67,Loyal Customers
CUST-14086,287,6,1384.98,2,4,2,242,2.67,Needs Attention
CUST-08570,287,6,1608.02,2,4,3,243,3.0,Loyal Customers
CUST-06034,287,6,1938.81,2,4,3,243,3.0,Loyal Customers
CUST-14554,287,6,3453.34,2,4,5,245,3.67,Loyal Customers
CUST-07318,287,7,1849.27,2,4,3,243,3.0,Loyal Customers
CUST-02045,287,7,2045.55,2,4,3,243,3.0,Loyal Customers
CUST-14784,287,7,3266.68,2,5,5,255,4.0,Loyal Customers
CUST-03752,287,9,4143.45,2,5,5,255,4.0,Loyal Customers
CUST-09561,286,2,193.37,2,1,1,211,1.33,Needs Attention
CUST-03286,286,2,338.9,2,1,1,211,1.33,Needs Attention
CUST-07903,286,3,468.15,2,1,1,211,1.33,Needs Attention
CUST-12453,286,4,1005.28,2,2,2,222,2.0,Needs Attention
CUST-07196,286,4,1174.29,2,2,2,222,2.0,Needs Attention
CUST-01521,286,4,1233.12,2,2,2,222,2.0,Needs Attention
CUST-12423,286,4,1839.79,2,2,3,223,2.33,Needs Attention
CUST-08326,286,4,1871.92,2,2,3,223,2.33,Needs Attention
CUST-12574,286,4,3400.02,2,3,5,235,3.33,Needs Attention
CUST-06838,286,5,651.26,2,3,1,231,2.0,Needs Attention
CUST-12801,286,5,862.76,2,3,2,232,2.33,Needs Attention
CUST-01706,286,5,2113.96,2,3,4,234,3.0,Needs Attention
CUST-13738,286,5,3327.39,2,3,5,235,3.33,Needs Attention
CUST-08549,286,6,2515.81,2,4,4,244,3.33,Loyal Customers
CUST-08341,286,6,3475.5,2,4,5,245,3.67,Loyal Customers
CUST-05775,286,7,2694.01,2,5,4,254,3.67,Loyal Customers
CUST-04589,286,8,1632.81,2,5,3,253,3.33,Loyal Customers
CUST-05096,286,8,2428.4,2,5,4,254,3.67,Loyal Customers
CUST-04155,286,8,2747.47,2,5,4,254,3.67,Loyal Customers
CUST-13219,286,8,3037.16,2,5,5,255,4.0,Loyal Customers
CUST-03197,286,8,3794.75,2,5,5,255,4.0,Loyal Customers
CUST-10612,286,11,2129.33,2,5,4,254,3.67,Loyal Customers
CUST-02251,285,2,326.94,2,1,1,211,1.33,Needs Attention
CUST-13141,285,2,392.44,2,1,1,211,1.33,Needs Attention
CUST-07003,285,2,754.94,2,1,1,211,1.33,Needs Attention
CUST-02684,285,2,1102.9,2,1,2,212,1.67,Needs Attention
CUST-01584,285,2,1356.43,2,1,2,212,1.67,Needs Attention
CUST-01731,285,2,1815.4,2,1,3,213,2.0,Needs Attention
CUST-04027,285,3,1055.1,2,1,2,212,1.67,Needs Attention
CUST-02928,285,4,501.88,2,2,1,221,1.67,Needs Attention
CUST-09893,285,4,509.24,2,2,1,221,1.67,Needs Attention
CUST-14589,285,4,673.56,2,2,1,221,1.67,Needs Attention
CUST-02739,285,4,850.67,2,2,2,222,2.0,Needs Attention
CUST-08166,285,4,1607.91,2,2,3,223,2.33,Needs Attention
CUST-13653,285,4,1610.75,2,2,3,223,2.33,Needs Attention
CUST-02351,285,4,1865.45,2,2,3,223,2.33,Needs Attention
CUST-06248,285,4,2636.18,2,3,4,234,3.0,Needs Attention
CUST-04142,285,5,1971.16,2,3,3,233,2.67,Needs Attention
CUST-08116,285,6,1132.21,2,4,2,242,2.67,Needs Attention
CUST-05611,285,6,2854.7,2,4,4,244,3.33,Loyal Customers
CUST-12119,285,6,4247.78,2,4,5,245,3.67,Loyal Customers
CUST-01416,285,7,1822.69,2,4,3,243,3.0,Loyal Customers
CUST-00707,285,7,3171.5,2,5,5,255,4.0,Loyal Customers
CUST-14828,285,8,1599.76,2,5,3,253,3.33,Loyal Customers
CUST-09699,285,8,3569.36,2,5,5,255,4.0,Loyal Customers
CUST-07127,285,9,5014.14,2,5,5,255,4.0,Loyal Customers
CUST-09813,285,11,4014.11,2,5,5,255,4.0,Loyal Customers
CUST-10839,284,2,1949.1,2,1,3,213,2.0,Needs Attention
CUST-05297,284,3,1233.04,2,2,2,222,2.0,Needs Attention
CUST-06309,284,3,1266.34,2,2,2,222,2.0,Needs Attention
CUST-02705,284,4,1080.46,2,2,2,222,2.0,Needs Attention
CUST-01346,284,4,1104.42,2,2,2,222,2.0,Needs Attention
CUST-10779,284,4,1383.16,2,2,2,222,2.0,Needs Attention
CUST-04613,284,4,1527.23,2,2,3,223,2.33,Needs Attention
CUST-08973,284,5,1257.93,2,3,2,232,2.33,Needs Attention
CUST-07586,284,5,2356.61,2,3,4,234,3.0,Needs Attention
CUST-01117,284,6,2043.74,2,4,3,243,3.0,Loyal Customers
CUST-09643,284,6,2293.11,2,4,4,244,3.33,Loyal Customers
CUST-07034,284,7,1454.31,2,4,3,243,3.0,Loyal Customers
CUST-06993,284,7,3098.71,2,5,5,255,4.0,Loyal Customers
CUST-08126,284,7,4088.09,2,5,5,255,4.0,Loyal Customers
CUST-03241,283,2,441.27,2,1,1,211,1.33,Needs Attention
CUST-09135,283,2,469.86,2,1,1,211,1.33,Needs Attention
CUST-10416,283,3,615.19,2,1,1,211,1.33,Needs Attention
CUST-13550,283,3,824.76,2,1,2,212,1.67,Needs Attention
CUST-03794,283,3,866.81,2,1,2,212,1.67,Needs Attention
CUST-04940,283,3,1444.15,2,2,3,223,2.33,Needs Attention
CUST-13854,283,3,2457.84,2,2,4,224,2.67,Needs Attention
CUST-02172,283,4,340.82,2,2,1,221,1.67,Needs Attention
CUST-10193,283,5,1709.64,2,3,3,233,2.67,Needs Attention
CUST-03490,283,5,2301.16,2,3,4,234,3.0,Needs Attention
CUST-14020,283,6,3952.94,2,4,5,245,3.67,Loyal Customers
CUST-12272,283,7,1481.54,2,4,3,243,3.0,Loyal Customers
CUST-07711,283,7,1895.26,2,4,3,243,3.0,Loyal Customers
CUST-07511,283,7,1902.26,2,4,3,243,3.0,Loyal Customers
CUST-14657,283,8,1023.21,2,5,2,252,3.0,Needs Attention
CUST-03296,283,8,4187.09,2,5,5,255,4.0,Loyal Customers
CUST-01892,283,9,3007.63,2,5,5,255,4.0,Loyal Customers
CUST-13387,282,2,276.16,2,1,1,211,1.33,Needs Attention
CUST-02916,282,2,1882.06,2,1,3,213,2.0,Needs Attention
CUST-00139,282,3,337.06,2,1,1,211,1.33,Needs Attention
CUST-12439,282,4,642.63,2,2,1,221,1.67,Needs Attention
CUST-12137,282,4,1679.49,2,2,3,223,2.33,Needs Attention
CUST-11126,282,5,1529.33,2,3,3,233,2.67,Needs Attention
CUST-14951,282,6,1775.93,2,4,3,243,3.0,Loyal Customers
CUST-03935,282,6,1951.01,2,4,3,243,3.0,Loyal Customers
CUST-10329,282,7,1776.55,2,4,3,243,3.0,Loyal Customers
CUST-08164,282,7,3042.79,2,5,5,255,4.0,Loyal Customers
CUST-06971,282,7,3506.21,2,5,5,255,4.0,Loyal Customers
CUST-02271,282,8,5114.33,2,5,5,255,4.0,Loyal Customers
CUST-03146,282,9,7352.01,2,5,5,255,4.0,Loyal Customers
CUST-11427,281,2,599.31,2,1,1,211,1.33,Needs Attention
CUST-10463,281,2,871.32,2,1,2,212,1.67,Needs Attention
CUST-02238,281,2,1798.52,2,1,3,213,2.0,Needs Attention
CUST-11240,281,3,566.1,2,1,1,211,1.33,Needs Attention
CUST-02778,281,3,677.68,2,1,1,211,1.33,Needs Attention
CUST-06016,281,4,296.95,2,2,1,221,1.67,Needs Attention
CUST-05310,281,4,3697.92,2,3,5,235,3.33,Needs Attention
CUST-13112,281,6,1069.86,2,4,2,242,2.67,Needs Attention
CUST-09196,281,6,2050.34,2,4,3,243,3.0,Loyal Customers
CUST-09731,281,6,2105.78,2,4,4,244,3.33,Loyal Customers
CUST-01424,281,6,2323.68,2,4,4,244,3.33,Loyal Customers
CUST-01120,281,7,6097.98,2,5,5,255,4.0,Loyal Customers
CUST-04845,281,8,3578.78,2,5,5,255,4.0,Loyal Customers
CUST-14646,281,10,4620.13,2,5,5,255,4.0,Loyal Customers
CUST-09754,280,2,318.36,2,1,1,211,1.33,Needs Attention
CUST-04706,280,2,1672.83,2,1,3,213,2.0,Needs Attention
CUST-06886,280,3,395.73,2,1,1,211,1.33,Needs Attention
CUST-04264,280,4,2479.2,2,3,4,234,3.0,Needs Attention
CUST-04579,280,4,3177.73,2,3,5,235,3.33,Needs Attention
CUST-07907,280,4,3428.32,2,3,5,235,3.33,Needs Attention
CUST-12620,280,4,3621.96,2,3,5,235,3.33,Needs Attention
CUST-07687,280,5,820.58,2,3,2,232,2.33,Needs Attention
CUST-07626,280,5,1174.04,2,3,2,232,2.33,Needs Attention
CUST-11630,280,5,1191.98,2,3,2,232,2.33,Needs Attention
CUST-11420,280,5,1330.58,2,3,2,232,2.33,Needs Attention
CUST-01955,280,7,1549.47,2,4,3,243,3.0,Loyal Customers
CUST-14808,280,9,3681.28,2,5,5,255,4.0,Loyal Customers
CUST-04932,280,9,3808.17,2,5,5,255,4.0,Loyal Customers
CUST-05669,279,2,380.41,2,1,1,211,1.33,Needs Attention
CUST-00339,279,2,384.93,2,1,1,211,1.33,Needs Attention
CUST-10242,279,2,1083.62,2,1,2,212,1.67,Needs Attention
CUST-02544,279,2,1733.84,2,1,3,213,2.0,Needs Attention
CUST-09158,279,3,278.1,2,1,1,211,1.33,Needs Attention
CUST-01391,279,3,589.58,2,1,1,211,1.33,Needs Attention
CUST-14252,279,3,1126.29,2,2,2,222,2.0,Needs Attention
CUST-09656,279,4,680.03,2,2,1,221,1.67,Needs Attention
CUST-02001,279,4,683.5,2,2,1,221,1.67,Needs Attention
CUST-11672,279,4,1563.9,2,2,3,223,2.33,Needs Attention
CUST-14133,279,4,1794.35,2,2,3,223,2.33,Needs Attention
CUST-07105,279,5,1257.38,2,3,2,232,2.33,Needs Attention
CUST-14059,279,5,1623.43,2,3,3,233,2.67,Needs Attention
CUST-07823,279,5,3092.24,2,3,5,235,3.33,Needs Attention
CUST-00562,279,6,1096.61,2,4,2,242,2.67,Needs Attention
CUST-11882,279,6,1167.84,2,4,2,242,2.67,Needs Attention
CUST-10952,279,6,1273.51,2,4,2,242,2.67,Needs Attention
CUST-01172,279,6,1385.88,2,4,2,242,2.67,Needs Attention
CUST-03419,279,6,1618.22,2,4,3,243,3.0,Loyal Customers
CUST-05224,279,6,2310.4,2,4,4,244,3.33,Loyal Customers
CUST-12263,279,6,2374.37,2,4,4,244,3.33,Loyal Customers
CUST-06716,279,6,5607.09,2,4,5,245,3.67,Loyal Customers
CUST-04342,279,7,1416.82,2,4,3,243,3.0,Loyal Customers
CUST-03761,279,8,2643.93,2,5,4,254,3.67,Loyal Customers
CUST-12157,279,8,4064.58,2,5,5,255,4.0,Loyal Customers
CUST-05570,278,2,164.71,2,1,1,211,1.33,Needs Attention
CUST-00924,278,2,1153.61,2,1,2,212,1.67,Needs Attention
CUST-04841,278,4,586.09,2,2,1,221,1.67,Needs Attention
CUST-01358,278,4,1654.57,2,2,3,223,2.33,Needs Attention
CUST-02636,278,4,2628.55,2,3,4,234,3.0,Needs Attention
CUST-06445,278,4,2939.39,2,3,4,234,3.0,Needs Attention
CUST-02676,278,4,3032.9,2,3,5,235,3.33,Needs Attention
CUST-13479,278,4,3334.89,2,3,5,235,3.33,Needs Attention
CUST-07948,278,5,1833.3,2,3,3,233,2.67,Needs Attention
CUST-12437,278,5,2210.19,2,3,4,234,3.0,Needs Attention
CUST-07612,278,5,2794.25,2,3,4,234,3.0,Needs Attention
CUST-03769,278,5,3206.33,2,3,5,235,3.33,Needs Attention
CUST-07767,278,6,921.81,2,4,2,242,2.67,Needs Attention
CUST-09165,278,6,1253.73,2,4,2,242,2.67,Needs Attention
CUST-03982,278,6,1704.5,2,4,3,243,3.0,Loyal Customers
CUST-07614,278,6,1904.56,2,4,3,243,3.0,Loyal Customers
CUST-01505,278,6,2635.94,2,4,4,244,3.33,Loyal Customers
CUST-12409,278,7,3490.03,2,5,5,255,4.0,Loyal Customers
CUST-10077,278,7,4196.65,2,5,5,255,4.0,Loyal Customers
CUST-00250,278,8,1582.52,2,5,3,253,3.33,Loyal Customers
CUST-02291,277,2,405.64,2,1,1,211,1.33,Needs Attention
CUST-09360,277,3,347.12,2,1,1,211,1.33,Needs Attention
CUST-03350,277,3,2239.88,2,2,4,224,2.67,Needs Attention
CUST-01177,277,4,575.8,2,2,1,221,1.67,Needs Attention
CUST-10739,277,4,732.19,2,2,1,221,1.67,Needs Attention
CUST-06257,277,4,2115.3,2,2,4,224,2.67,Needs Attention
CUST-13489,277,5,368.61,2,3,1,231,2.0,Needs Attention
CUST-05998,277,5,590.46,2,3,1,231,2.0,Needs Attention
CUST-01362,277,6,3564.08,2,4,5,245,3.67,Loyal Customers
CUST-09118,277,7,1709.9,2,4,3,243,3.0,Loyal Customers
CUST-03395,277,7,2609.89,2,5,4,254,3.67,Loyal Customers
CUST-14541,277,7,2748.04,2,5,4,254,3.67,Loyal Customers
CUST-09927,277,7,4588.68,2,5,5,255,4.0,Loyal Customers
CUST-08672,277,8,3195.76,2,5,5,255,4.0,Loyal Customers
CUST-01468,277,8,3562.38,2,5,5,255,4.0,Loyal Customers
CUST-00612,277,9,2573.08,2,5,4,254,3.67,Loyal Customers
CUST-14821,276,2,212.52,2,1,1,211,1.33,Needs Attention
CUST-07597,276,2,332.95,2,1,1,211,1.33,Needs Attention
CUST-07529,276,2,560.05,2,1,1,211,1.33,Needs Attention
CUST-05819,276,2,830.86,2,1,2,212,1.67,Needs Attention
CUST-04282,276,2,1332.52,2,1,2,212,1.67,Needs Attention
CUST-07373,276,3,485.78,2,1,1,211,1.33,Needs Attention
CUST-06981,276,3,2145.74,2,2,4,224,2.67,Needs Attention
CUST-01057,276,3,3777.4,2,2,5,225,3.0,Needs Attention
CUST-00194,276,4,475.56,2,2,1,221,1.67,Needs Attention
CUST-08264,276,4,1011.81,2,2,2,222,2.0,Needs Attention
CUST-02566,276,4,1072.15,2,2,2,222,2.0,Needs Attention
CUST-00095,276,4,2027.6,2,2,3,223,2.33,Needs Attention
CUST-10819,276,4,2595.9,2,3,4,234,3.0,Needs Attention
CUST-04440,276,5,270.92,2,3,1,231,2.0,Needs Attention
CUST-05736,276,5,1204.94,2,3,2,232,2.33,Needs Attention
CUST-01080,276,5,2035.25,2,3,3,233,2.67,Needs Attention
CUST-05304,276,5,3080.27,2,3,5,235,3.33,Needs Attention
CUST-10158,276,6,786.76,2,4,2,242,2.67,Needs Attention
CUST-10254,276,6,2074.41,2,4,4,244,3.33,Loyal Customers
CUST-00820,276,6,2406.98,2,4,4,244,3.33,Loyal Customers
CUST-14037,276,6,2601.56,2,4,4,244,3.33,Loyal Customers
CUST-14881,276,7,1223.31,2,4,2,242,2.67,Needs Attention
CUST-03881,276,8,2708.19,2,5,4,254,3.67,Loyal Customers
CUST-13580,276,9,2131.31,2,5,4,254,3.67,Loyal Customers
CUST-02524,276,9,3612.97,2,5,5,255,4.0,Loyal Customers
CUST-14843,275,4,746.38,2,2,1,221,1.67,Needs Attention
CUST-12080,275,4,1461.26,2,2,3,223,2.33,Needs Attention
CUST-01406,275,5,1793.02,2,3,3,233,2.67,Needs Attention
CUST-07130,275,6,1851.92,2,4,3,243,3.0,Loyal Customers
CUST-07796,275,6,2781.29,2,4,4,244,3.33,Loyal Customers
CUST-02436,275,7,1101.76,2,4,2,242,2.67,Needs Attention
CUST-14746,275,8,3967.47,2,5,5,255,4.0,Loyal Customers
CUST-12912,275,8,5605.11,2,5,5,255,4.0,Loyal Customers
CUST-00006,275,9,2641.2,2,5,4,254,3.67,Loyal Customers
CUST-08550,275,12,4340.72,2,5,5,255,4.0,Loyal Customers
CUST-12199,274,2,94.38,2,1,1,211,1.33,Needs Attention
CUST-01872,274,2,154.92,2,1,1,211,1.33,Needs Attention
CUST-04085,274,2,565.54,2,1,1,211,1.33,Needs Attention
CUST-13402,274,2,2290.4,2,1,4,214,2.33,Needs Attention
CUST-01633,274,4,847.02,2,2,2,222,2.0,Needs Attention
CUST-09832,274,4,1879.42,2,2,3,223,2.33,Needs Attention
CUST-06682,274,4,2284.1,2,2,4,224,2.67,Needs Attention
CUST-06222,274,5,558.79,2,3,1,231,2.0,Needs Attention
CUST-06567,274,5,1344.22,2,3,2,232,2.33,Needs Attention
CUST-08541,274,5,2569.46,2,3,4,234,3.0,Needs Attention
CUST-09404,274,5,2792.36,2,3,4,234,3.0,Needs Attention
CUST-13494,274,6,622.66,2,4,1,241,2.33,Needs Attention
CUST-03309,274,6,1110.99,2,4,2,242,2.67,Needs Attention
CUST-00778,274,6,2886.17,2,4,4,244,3.33,Loyal Customers
CUST-02316,274,6,3654.0,2,4,5,245,3.67,Loyal Customers
CUST-13151,274,6,4234.67,2,4,5,245,3.67,Loyal Customers
CUST-09897,274,7,3590.56,2,5,5,255,4.0,Loyal Customers
CUST-07360,274,7,4609.68,2,5,5,255,4.0,Loyal Customers
CUST-04092,274,8,3453.94,2,5,5,255,4.0,Loyal Customers
CUST-11120,274,9,1620.61,2,5,3,253,3.33,Loyal Customers
CUST-07423,273,2,285.24,2,1,1,211,1.33,Needs Attention
CUST-04444,273,2,976.18,2,1,2,212,1.67,Needs Attention
CUST-03014,273,3,443.42,2,1,1,211,1.33,Needs Attention
CUST-06123,273,3,1319.75,2,2,2,222,2.0,Needs Attention
CUST-10769,273,3,1710.23,2,2,3,223,2.33,Needs Attention
CUST-12130,273,4,889.29,2,2,2,222,2.0,Needs Attention
CUST-11838,273,4,894.82,2,2,2,222,2.0,Needs Attention
CUST-00419,273,4,1339.89,2,2,2,222,2.0,Needs Attention
CUST-09013,273,4,1707.09,2,2,3,223,2.33,Needs Attention
CUST-14473,273,4,2124.99,2,2,4,224,2.67,Needs Attention
CUST-12187,273,6,808.67,2,4,2,242,2.67,Needs Attention
CUST-07639,273,6,1662.95,2,4,3,243,3.0,Loyal Customers
CUST-01571,273,6,4851.4,2,4,5,245,3.67,Loyal Customers
CUST-12489,273,6,6237.44,2,4,5,245,3.67,Loyal Customers
CUST-03637,273,7,1575.86,2,4,3,243,3.0,Loyal Customers
CUST-08633,273,7,3728.56,2,5,5,255,4.0,Loyal Customers
CUST-12836,273,7,3949.26,2,5,5,255,4.0,Loyal Customers
CUST-12954,273,8,1854.55,2,5,3,253,3.33,Loyal Customers
CUST-08969,273,8,2784.48,2,5,4,254,3.67,Loyal Customers
CUST-14756,272,2,225.1,2,1,1,211,1.33,Needs Attention
CUST-13610,272,2,441.57,2,1,1,211,1.33,Needs Attention
CUST-12727,272,3,646.78,2,1,1,211,1.33,Needs Attention
CUST-03184,272,4,283.03,2,2,1,221,1.67,Needs Attention
CUST-05766,272,4,1338.19,2,2,2,222,2.0,Needs Attention
CUST-11828,272,4,1447.86,2,2,3,223,2.33,Needs Attention
CUST-04881,272,4,1658.5,2,2,3,223,2.33,Needs Attention
CUST-06029,272,4,2824.74,2,3,4,234,3.0,Needs Attention
CUST-02768,272,5,554.73,2,3,1,231,2.0,Needs Attention
CUST-13935,272,5,1036.99,2,3,2,232,2.33,Needs Attention
CUST-02933,272,5,2096.66,2,3,4,234,3.0,Needs Attention
CUST-07507,272,5,2423.0,2,3,4,234,3.0,Needs Attention
CUST-06690,272,6,749.13,2,4,1,241,2.33,Needs Attention
CUST-10428,272,6,979.14,2,4,2,242,2.67,Needs Attention
CUST-05458,272,6,1634.86,2,4,3,243,3.0,Loyal Customers
CUST-01054,272,6,3310.83,2,4,5,245,3.67,Loyal Customers
CUST-07625,272,6,3972.21,2,4,5,245,3.67,Loyal Customers
CUST-13582,272,7,2309.51,2,5,4,254,3.67,Loyal Customers
CUST-08895,272,7,3259.4,2,5,5,255,4.0,Loyal Customers
CUST-06415,272,9,7253.91,2,5,5,255,4.0,Loyal Customers
CUST-09979,271,2,248.87,2,1,1,211,1.33,Needs Attention
CUST-11264,271,2,524.88,2,1,1,211,1.33,Needs Attention
CUST-08791,271,2,3029.59,2,1,5,215,2.67,Needs Attention
CUST-07798,271,3,271.95,2,1,1,211,1.33,Needs Attention
CUST-07845,271,4,660.81,2,2,1,221,1.67,Needs Attention
CUST-14275,271,4,958.71,2,2,2,222,2.0,Needs Attention
CUST-07912,271,4,2218.95,2,2,4,224,2.67,Needs Attention
CUST-13759,271,4,2548.73,2,3,4,234,3.0,Needs Attention
CUST-00931,271,5,1945.93,2,3,3,233,2.67,Needs Attention
CUST-03875,271,5,2988.16,2,3,4,234,3.0,Needs Attention
CUST-07270,271,6,2137.05,2,4,4,244,3.33,Loyal Customers
CUST-08080,271,6,2763.3,2,4,4,244,3.33,Loyal Customers
CUST-13918,271,6,3350.58,2,4,5,245,3.67,Loyal Customers
CUST-11317,271,6,3451.7,2,4,5,245,3.67,Loyal Customers
CUST-14257,271,6,4233.47,2,4,5,245,3.67,Loyal Customers
CUST-13419,271,7,2548.66,2,5,4,254,3.67,Loyal Customers
CUST-10513,270,2,1513.07,2,1,3,213,2.0,Needs Attention
CUST-05346,270,3,748.17,2,1,1,211,1.33,Needs Attention
CUST-07383,270,3,1572.02,2,2,3,223,2.33,Needs Attention
CUST-03874,270,4,467.0,2,2,1,221,1.67,Needs Attention
CUST-06705,270,4,1622.98,2,2,3,223,2.33,Needs Attention
CUST-07690,270,4,2661.52,2,3,4,234,3.0,Needs Attention
CUST-09433,270,4,3031.67,2,3,5,235,3.33,Needs Attention
CUST-13997,270,5,613.97,2,3,1,231,2.0,Needs Attention
CUST-06557,270,5,660.49,2,3,1,231,2.0,Needs Attention
CUST-13283,270,5,1562.11,2,3,3,233,2.67,Needs Attention
CUST-14684,270,5,1796.49,2,3,3,233,2.67,Needs Attention
CUST-01119,270,5,2687.18,2,3,4,234,3.0,Needs Attention
CUST-03259,270,6,806.25,2,4,2,242,2.67,Needs Attention
CUST-00937,270,7,1650.72,2,4,3,243,3.0,Loyal Customers
CUST-09346,270,7,1831.6,2,4,3,243,3.0,Loyal Customers
CUST-12389,270,10,2248.28,2,5,4,254,3.67,Loyal Customers
CUST-08328,270,10,4237.27,2,5,5,255,4.0,Loyal Customers
CUST-08276,270,10,5368.14,2,5,5,255,4.0,Loyal Customers
CUST-14884,269,2,247.11,2,1,1,211,1.33,Needs Attention
CUST-06459,269,2,501.37,2,1,1,211,1.33,Needs Attention
CUST-00252,269,3,492.92,2,1,1,211,1.33,Needs Attention
CUST-05712,269,3,504.37,2,1,1,211,1.33,Needs Attention
CUST-03013,269,3,1429.27,2,2,3,223,2.33,Needs Attention
CUST-00135,269,3,1979.81,2,2,3,223,2.33,Needs Attention
CUST-09065,269,4,454.46,2,2,1,221,1.67,Needs Attention
CUST-08556,269,4,638.7,2,2,1,221,1.67,Needs Attention
CUST-06022,269,4,945.42,2,2,2,222,2.0,Needs Attention
CUST-06472,269,4,1418.14,2,2,3,223,2.33,Needs Attention
CUST-00200,269,4,1482.5,2,2,3,223,2.33,Needs Attention
CUST-03030,269,4,1800.18,2,2,3,223,2.33,Needs Attention
CUST-09910,269,5,537.57,2,3,1,231,2.0,Needs Attention
CUST-02039,269,5,1109.49,2,3,2,232,2.33,Needs Attention
CUST-02032,269,5,1144.25,2,3,2,232,2.33,Needs Attention
CUST-09865,269,5,2390.64,2,3,4,234,3.0,Needs Attention
CUST-04213,269,5,3399.43,2,3,5,235,3.33,Needs Attention
CUST-08684,269,5,5669.89,2,4,5,245,3.67,Loyal Customers
CUST-10559,269,6,3936.54,2,4,5,245,3.67,Loyal Customers
CUST-00580,269,7,1460.94,2,4,3,243,3.0,Loyal Customers
CUST-02637,269,7,1578.79,2,4,3,243,3.0,Loyal Customers
CUST-06015,269,7,2260.98,2,5,4,254,3.67,Loyal Customers
CUST-10320,269,7,2552.24,2,5,4,254,3.67,Loyal Customers
CUST-02994,269,7,3295.41,2,5,5,255,4.0,Loyal Customers
CUST-14130,269,7,3554.46,2,5,5,255,4.0,Loyal Customers
CUST-12174,269,9,6118.41,2,5,5,255,4.0,Loyal Customers
CUST-04456,268,2,155.36,2,1,1,211,1.33,Needs Attention
CUST-06849,268,2,195.76,2,1,1,211,1.33,Needs Attention
CUST-14930,268,4,900.2,2,2,2,222,2.0,Needs Attention
CUST-11601,268,4,1730.8,2,2,3,223,2.33,Needs Attention
CUST-13495,268,4,2407.71,2,3,4,234,3.0,Needs Attention
CUST-08333,268,5,1241.32,2,3,2,232,2.33,Needs Attention
CUST-09397,268,5,2813.49,2,3,4,234,3.0,Needs Attention
CUST-13500,268,6,2251.42,2,4,4,244,3.33,Loyal Customers
CUST-11060,267,2,2905.77,2,1,4,214,2.33,Needs Attention
CUST-13140,267,3,396.92,2,1,1,211,1.33,Needs Attention
CUST-03868,267,3,474.5,2,1,1,211,1.33,Needs Attention
CUST-02731,267,3,1335.21,2,2,2,222,2.0,Needs Attention
CUST-13334,267,3,1986.55,2,2,3,223,2.33,Needs Attention
CUST-04175,267,4,795.4,2,2,2,222,2.0,Needs Attention
CUST-05428,267,4,1169.27,2,2,2,222,2.0,Needs Attention
CUST-11365,267,4,1455.55,2,2,3,223,2.33,Needs Attention
CUST-13769,267,4,2429.12,2,3,4,234,3.0,Needs Attention
CUST-10841,267,4,2616.22,2,3,4,234,3.0,Needs Attention
CUST-01950,267,4,2964.7,2,3,4,234,3.0,Needs Attention
CUST-01936,267,5,1027.37,2,3,2,232,2.33,Needs Attention
CUST-12748,267,5,1827.17,2,3,3,233,2.67,Needs Attention
CUST-13767,267,5,2520.56,2,3,4,234,3.0,Needs Attention
CUST-07863,267,6,1403.89,2,4,3,243,3.0,Loyal Customers
CUST-13193,267,6,4334.85,2,4,5,245,3.67,Loyal Customers
CUST-13262,267,7,2322.88,2,5,4,254,3.67,Loyal Customers
CUST-07228,267,7,2795.19,2,5,4,254,3.67,Loyal Customers
CUST-11500,267,7,3197.74,2,5,5,255,4.0,Loyal Customers
CUST-08652,266,2,990.25,2,1,2,212,1.67,Needs Attention
CUST-09632,266,2,1683.49,2,1,3,213,2.0,Needs Attention
CUST-00031,266,2,2253.06,2,1,4,214,2.33,Needs Attention
CUST-01138,266,3,338.41,2,1,1,211,1.33,Needs Attention
CUST-00481,266,3,368.19,2,1,1,211,1.33,Needs Attention
CUST-11478,266,4,636.35,2,2,1,221,1.67,Needs Attention
CUST-04676,266,4,1278.6,2,2,2,222,2.0,Needs Attention
CUST-14350,266,4,1337.21,2,2,2,222,2.0,Needs Attention
CUST-09296,266,4,1902.9,2,2,3,223,2.33,Needs Attention
CUST-01647,266,4,2063.22,2,2,3,223,2.33,Needs Attention
CUST-04981,266,4,2114.31,2,2,4,224,2.67,Needs Attention
CUST-12220,266,5,961.73,2,3,2,232,2.33,Needs Attention
CUST-12359,266,5,1385.98,2,3,2,232,2.33,Needs Attention
CUST-09738,266,5,1390.64,2,3,2,232,2.33,Needs Attention
CUST-11911,266,5,1643.63,2,3,3,233,2.67,Needs Attention
CUST-12424,266,5,1897.73,2,3,3,233,2.67,Needs Attention
CUST-05300,266,5,2869.71,2,3,4,234,3.0,Needs Attention
CUST-03924,266,6,1265.63,2,4,2,242,2.67,Needs Attention
CUST-13406,266,6,1597.72,2,4,3,243,3.0,Loyal Customers
CUST-01862,266,6,2198.95,2,4,4,244,3.33,Loyal Customers
CUST-13012,266,6,2388.97,2,4,4,244,3.33,Loyal Customers
CUST-09012,266,6,3467.28,2,4,5,245,3.67,Loyal Customers
CUST-06382,266,7,2116.74,2,5,4,254,3.67,Loyal Customers
CUST-12528,266,7,2807.91,2,5,4,254,3.67,Loyal Customers
CUST-00688,266,7,2889.89,2,5,4,254,3.67,Loyal Customers
CUST-01035,266,8,2640.36,2,5,4,254,3.67,Loyal Customers
CUST-08313,266,8,5309.42,2,5,5,255,4.0,Loyal Customers
CUST-06524,266,9,3399.02,2,5,5,255,4.0,Loyal Customers
CUST-05114,266,11,1999.34,2,5,3,253,3.33,Loyal Customers
CUST-06616,266,11,8402.02,2,5,5,255,4.0,Loyal Customers
CUST-01792,265,2,361.33,2,1,1,211,1.33,Needs Attention
CUST-04550,265,2,574.83,2,1,1,211,1.33,Needs Attention
CUST-06819,265,2,1153.14,2,1,2,212,1.67,Needs Attention
CUST-07742,265,2,1650.14,2,1,3,213,2.0,Needs Attention
CUST-01839,265,3,468.3,2,1,1,211,1.33,Needs Attention
CUST-01493,265,3,1723.28,2,2,3,223,2.33,Needs Attention
CUST-04141,265,3,1746.4,2,2,3,223,2.33,Needs Attention
CUST-06012,265,4,768.63,2,2,2,222,2.0,Needs Attention
CUST-02289,265,5,823.39,2,3,2,232,2.33,Needs Attention
CUST-14626,265,5,1117.24,2,3,2,232,2.33,Needs Attention
CUST-01015,265,5,1679.86,2,3,3,233,2.67,Needs Attention
CUST-13748,265,5,1861.07,2,3,3,233,2.67,Needs Attention
CUST-06939,265,5,1899.29,2,3,3,233,2.67,Needs Attention
CUST-07416,265,5,2469.37,2,3,4,234,3.0,Needs Attention
CUST-02845,265,5,2915.87,2,3,4,234,3.0,Needs Attention
CUST-07214,265,7,590.97,2,4,1,241,2.33,Needs Attention
CUST-14024,265,7,1442.38,2,4,3,243,3.0,Loyal Customers
CUST-00764,265,7,1703.06,2,4,3,243,3.0,Loyal Customers
CUST-09416,265,7,1779.92,2,4,3,243,3.0,Loyal Customers
CUST-14057,265,7,2279.14,2,5,4,254,3.67,Loyal Customers
CUST-06876,265,8,892.46,2,5,2,252,3.0,Needs Attention
CUST-14662,265,8,3333.87,2,5,5,255,4.0,Loyal Customers
CUST-03080,265,8,4389.22,2,5,5,255,4.0,Loyal Customers
CUST-11663,264,2,1109.31,2,1,2,212,1.67,Needs Attention
CUST-03167,264,3,198.98,2,1,1,211,1.33,Needs Attention
CUST-14160,264,4,2358.26,2,2,4,224,2.67,Needs Attention
CUST-03830,264,5,520.94,2,3,1,231,2.0,Needs Attention
CUST-14303,264,5,1835.09,2,3,3,233,2.67,Needs Attention
CUST-00472,264,5,2498.98,2,3,4,234,3.0,Needs Attention
CUST-10831,264,6,3367.25,2,4,5,245,3.67,Loyal Customers
CUST-05503,264,6,4957.58,2,4,5,245,3.67,Loyal Customers
CUST-12554,264,7,947.64,2,4,2,242,2.67,Needs Attention
CUST-06440,264,7,1385.2,2,4,2,242,2.67,Needs Attention
CUST-08037,264,8,2176.78,2,5,4,254,3.67,Loyal Customers
CUST-08208,263,2,951.69,2,1,2,212,1.67,Needs Attention
CUST-02027,263,2,1677.19,2,1,3,213,2.0,Needs Attention
CUST-00687,263,3,261.34,2,1,1,211,1.33,Needs Attention
CUST-10765,263,5,799.78,2,3,2,232,2.33,Needs Attention
CUST-09355,263,5,2084.61,2,3,4,234,3.0,Needs Attention
CUST-04251,263,5,2610.19,2,3,4,234,3.0,Needs Attention
CUST-06344,263,5,2674.83,2,3,4,234,3.0,Needs Attention
CUST-09627,263,6,651.22,2,4,1,241,2.33,Needs Attention
CUST-08288,263,6,1707.59,2,4,3,243,3.0,Loyal Customers
CUST-06963,263,6,2787.05,2,4,4,244,3.33,Loyal Customers
CUST-09999,263,7,3590.52,2,5,5,255,4.0,Loyal Customers
CUST-10441,263,7,4621.63,2,5,5,255,4.0,Loyal Customers
CUST-03632,262,2,312.3,2,1,1,211,1.33,Needs Attention
CUST-13162,262,2,334.23,2,1,1,211,1.33,Needs Attention
CUST-08108,262,2,805.13,2,1,2,212,1.67,Needs Attention
CUST-04719,262,2,876.19,2,1,2,212,1.67,Needs Attention
CUST-02496,262,3,576.87,2,1,1,211,1.33,Needs Attention
CUST-11312,262,3,680.57,2,1,1,211,1.33,Needs Attention
CUST-05459,262,3,1521.4,2,2,3,223,2.33,Needs Attention
CUST-11438,262,3,2129.56,2,2,4,224,2.67,Needs Attention
CUST-00454,262,4,698.23,2,2,1,221,1.67,Needs Attention
CUST-01095,262,5,1591.11,2,3,3,233,2.67,Needs Attention
CUST-00053,262,5,1647.46,2,3,3,233,2.67,Needs Attention
CUST-12151,262,5,2481.69,2,3,4,234,3.0,Needs Attention
CUST-04968,262,5,2834.09,2,3,4,234,3.0,Needs Attention
CUST-13155,262,6,1038.47,2,4,2,242,2.67,Needs Attention
CUST-08851,262,6,1227.73,2,4,2,242,2.67,Needs Attention
CUST-09969,262,6,2482.58,3,4,4,344,3.67,Loyal Customers
CUST-14374,262,6,2731.95,3,4,4,344,3.67,Loyal Customers
CUST-12961,262,6,2783.33,3,4,4,344,3.67,Loyal Customers
CUST-01277,262,7,2544.29,3,5,4,354,4.0,Loyal Customers
CUST-09714,262,8,2993.83,3,5,4,354,4.0,Loyal Customers
CUST-05399,262,8,3561.29,3,5,5,355,4.33,Loyal Customers
CUST-06511,262,8,3908.11,3,5,5,355,4.33,Loyal Customers
CUST-01800,262,8,4612.35,3,5,5,355,4.33,Loyal Customers
CUST-07434,262,8,5942.49,3,5,5,355,4.33,Loyal Customers
CUST-12956,262,11,4210.69,3,5,5,355,4.33,Loyal Customers
CUST-13313,261,2,1118.05,3,1,2,312,2.0,Needs Attention
CUST-04132,261,2,1279.9,3,1,2,312,2.0,Needs Attention
CUST-08875,261,2,1417.69,3,1,3,313,2.33,Promising
CUST-13223,261,3,242.98,3,1,1,311,1.67,Needs Attention
CUST-01488,261,3,555.79,3,1,1,311,1.67,Needs Attention
CUST-03542,261,3,2009.99,3,2,3,323,2.67,Promising
CUST-04912,261,4,546.17,3,2,1,321,2.0,Needs Attention
CUST-07602,261,4,1652.63,3,2,3,323,2.67,Promising
CUST-12384,261,4,2478.9,3,3,4,334,3.33,Potential Loyalists
CUST-14383,261,4,3325.97,3,3,5,335,3.67,Potential Loyalists
CUST-00786,261,5,2535.99,3,3,4,334,3.33,Potential Loyalists
CUST-03165,261,5,3602.14,3,3,5,335,3.67,Potential Loyalists
CUST-08685,261,6,1188.68,3,4,2,342,3.0,Potential Loyalists
CUST-14986,261,6,1550.01,3,4,3,343,3.33,Loyal Customers
CUST-07827,261,6,1615.63,3,4,3,343,3.33,Loyal Customers
CUST-11867,261,6,1882.94,3,4,3,343,3.33,Loyal Customers
CUST-10190,261,6,3018.52,3,4,5,345,4.0,Loyal Customers
CUST-00157,261,7,3271.32,3,5,5,355,4.33,Loyal Customers
CUST-04313,261,7,3279.3,3,5,5,355,4.33,Loyal Customers
CUST-10049,261,8,1118.52,3,5,2,352,3.33,Potential Loyalists
CUST-10855,261,8,2254.74,3,5,4,354,4.0,Loyal Customers
CUST-03179,261,8,4568.34,3,5,5,355,4.33,Loyal Customers
CUST-10657,261,10,3702.53,3,5,5,355,4.33,Loyal Customers
CUST-01439,260,2,449.69,3,1,1,311,1.67,Needs Attention
CUST-09723,260,2,1401.0,3,1,3,313,2.33,Promising
CUST-04033,260,2,1552.36,3,1,3,313,2.33,Promising
CUST-10759,260,3,1705.41,3,2,3,323,2.67,Promising
CUST-05691,260,3,1983.12,3,2,3,323,2.67,Promising
CUST-03821,260,4,275.49,3,2,1,321,2.0,Needs Attention
CUST-07029,260,5,743.91,3,3,1,331,2.33,Potential Loyalists
CUST-07010,260,5,1677.3,3,3,3,333,3.0,Potential Loyalists
CUST-06959,260,5,2370.14,3,3,4,334,3.33,Potential Loyalists
CUST-14895,260,5,3600.57,3,3,5,335,3.67,Potential Loyalists
CUST-05080,260,6,1012.3,3,4,2,342,3.0,Potential Loyalists
CUST-09960,260,6,1164.66,3,4,2,342,3.0,Potential Loyalists
CUST-02983,260,6,3778.37,3,4,5,345,4.0,Loyal Customers
CUST-07568,260,6,4003.18,3,4,5,345,4.0,Loyal Customers
CUST-12015,260,6,4295.91,3,4,5,345,4.0,Loyal Customers
CUST-14436,260,6,4354.21,3,4,5,345,4.0,Loyal Customers
CUST-10805,260,8,2568.85,3,5,4,354,4.0,Loyal Customers
CUST-13341,260,8,3309.69,3,5,5,355,4.33,Loyal Customers
CUST-10506,260,9,3538.14,3,5,5,355,4.33,Loyal Customers
CUST-02518,259,2,310.02,3,1,1,311,1.67,Needs Attention
CUST-14785,259,2,761.81,3,1,2,312,2.0,Needs Attention
CUST-12461,259,2,923.67,3,1,2,312,2.0,Needs Attention
CUST-10100,259,2,1067.88,3,1,2,312,2.0,Needs Attention
CUST-05295,259,3,338.8,3,1,1,311,1.67,Needs Attention
CUST-06689,259,3,462.54,3,1,1,311,1.67,Needs Attention
CUST-01300,259,3,487.97,3,1,1,311,1.67,Needs Attention
CUST-12919,259,3,539.18,3,1,1,311,1.67,Needs Attention
CUST-14971,259,3,1337.41,3,2,2,322,2.33,Needs Attention
CUST-07203,259,4,321.03,3,2,1,321,2.0,Needs Attention
CUST-01609,259,4,632.27,3,2,1,321,2.0,Needs Attention
CUST-01239,259,4,1877.95,3,2,3,323,2.67,Promising
CUST-03312,259,5,974.7,3,3,2,332,2.67,Potential Loyalists
CUST-06912,259,5,980.51,3,3,2,332,2.67,Potential Loyalists
CUST-05655,259,5,1426.21,3,3,3,333,3.0,Potential Loyalists
CUST-08121,259,5,1834.7,3,3,3,333,3.0,Potential Loyalists
CUST-09853,259,5,4945.1,3,4,5,345,4.0,Loyal Customers
CUST-04197,259,6,2658.6,3,4,4,344,3.67,Loyal Customers
CUST-00752,259,6,3322.01,3,4,5,345,4.0,Loyal Customers
CUST-13878,259,7,1565.72,3,4,3,343,3.33,Loyal Customers
CUST-08761,259,7,1955.94,3,4,3,343,3.33,Loyal Customers
CUST-00705,259,7,2029.54,3,4,3,343,3.33,Loyal Customers
CUST-03381,259,7,2145.21,3,5,4,354,4.0,Loyal Customers
CUST-00935,259,7,4354.59,3,5,5,355,4.33,Loyal Customers
CUST-00772,259,7,5068.35,3,5,5,355,4.33,Loyal Customers
CUST-02631,259,8,1618.27,3,5,3,353,3.67,Loyal Customers
CUST-10501,259,8,1872.56,3,5,3,353,3.67,Loyal Customers
CUST-02365,258,2,224.53,3,1,1,311,1.67,Needs Attention
CUST-06766,258,2,350.81,3,1,1,311,1.67,Needs Attention
CUST-02650,258,3,349.83,3,1,1,311,1.67,Needs Attention
CUST-01738,258,3,505.21,3,1,1,311,1.67,Needs Attention
CUST-07125,258,3,1399.0,3,2,3,323,2.67,Promising
CUST-06899,258,3,1747.33,3,2,3,323,2.67,Promising
CUST-02962,258,3,2041.23,3,2,3,323,2.67,Promising
CUST-10637,258,4,540.15,3,2,1,321,2.0,Needs Attention
CUST-09746,258,4,823.29,3,2,2,322,2.33,Needs Attention
CUST-12619,258,4,1783.9,3,2,3,323,2.67,Promising
CUST-00253,258,5,869.65,3,3,2,332,2.67,Potential Loyalists
CUST-03852,258,5,886.95,3,3,2,332,2.67,Potential Loyalists
CUST-12095,258,5,1160.12,3,3,2,332,2.67,Potential Loyalists
CUST-12347,258,5,1637.72,3,3,3,333,3.0,Potential Loyalists
CUST-04616,258,5,2650.23,3,3,4,334,3.33,Potential Loyalists
CUST-05999,258,5,4871.03,3,4,5,345,4.0,Loyal Customers
CUST-09380,258,6,2156.54,3,4,4,344,3.67,Loyal Customers
CUST-09204,258,6,2185.43,3,4,4,344,3.67,Loyal Customers
CUST-10381,258,7,2069.46,3,5,3,353,3.67,Loyal Customers
CUST-06955,258,7,2290.0,3,5,4,354,4.0,Loyal Customers
CUST-14382,258,9,1858.27,3,5,3,353,3.67,Loyal Customers
CUST-01034,257,2,1009.24,3,1,2,312,2.0,Needs Attention
CUST-00706,257,3,287.31,3,1,1,311,1.67,Needs Attention
CUST-12698,257,3,526.55,3,1,1,311,1.67,Needs Attention
CUST-02082,257,3,913.3,3,1,2,312,2.0,Needs Attention
CUST-11012,257,3,1878.3,3,2,3,323,2.67,Promising
CUST-08147,257,4,575.94,3,2,1,321,2.0,Needs Attention
CUST-11547,257,5,987.62,3,3,2,332,2.67,Potential Loyalists
CUST-11124,257,5,1354.53,3,3,2,332,2.67,Potential Loyalists
CUST-01795,257,5,1834.97,3,3,3,333,3.0,Potential Loyalists
CUST-03481,257,5,2544.86,3,3,4,334,3.33,Potential Loyalists
CUST-03857,257,5,2868.96,3,3,4,334,3.33,Potential Loyalists
CUST-09069,257,6,2772.86,3,4,4,344,3.67,Loyal Customers
CUST-02951,256,2,138.37,3,1,1,311,1.67,Needs Attention
CUST-10456,256,2,1206.7,3,1,2,312,2.0,Needs Attention
CUST-05231,256,3,482.08,3,1,1,311,1.67,Needs Attention
CUST-00581,256,3,546.72,3,1,1,311,1.67,Needs Attention
CUST-00398,256,3,3125.58,3,2,5,325,3.33,Promising
CUST-03758,256,3,4709.49,3,2,5,325,3.33,Promising
CUST-03647,256,4,249.37,3,2,1,321,2.0,Needs Attention
CUST-13103,256,4,917.52,3,2,2,322,2.33,Needs Attention
CUST-05330,256,4,1387.12,3,2,2,322,2.33,Needs Attention
CUST-08746,256,4,1780.5,3,2,3,323,2.67,Promising
CUST-06017,256,5,919.83,3,3,2,332,2.67,Potential Loyalists
CUST-10078,256,5,2104.88,3,3,4,334,3.33,Potential Loyalists
CUST-13282,256,5,2708.22,3,3,4,334,3.33,Potential Loyalists
CUST-04443,256,5,2756.53,3,3,4,334,3.33,Potential Loyalists
CUST-12432,256,6,1096.62,3,4,2,342,3.0,Potential Loyalists
CUST-12116,256,6,2063.22,3,4,3,343,3.33,Loyal Customers
CUST-03519,256,6,2120.66,3,4,4,344,3.67,Loyal Customers
CUST-07759,256,6,2167.22,3,4,4,344,3.67,Loyal Customers
CUST-11238,256,6,2255.44,3,4,4,344,3.67,Loyal Customers
CUST-04598,256,6,3025.52,3,4,5,345,4.0,Loyal Customers
CUST-09053,256,6,3062.57,3,4,5,345,4.0,Loyal Customers
CUST-08127,256,6,4032.51,3,4,5,345,4.0,Loyal Customers
CUST-06586,256,8,2554.06,3,5,4,354,4.0,Loyal Customers
CUST-06972,255,2,1103.01,3,1,2,312,2.0,Needs Attention
CUST-14295,255,2,2416.54,3,1,4,314,2.67,Promising
CUST-08967,255,3,1181.19,3,2,2,322,2.33,Needs Attention
CUST-08104,255,4,1095.15,3,2,2,322,2.33,Needs Attention
CUST-06787,255,4,1141.27,3,2,2,322,2.33,Needs Attention
CUST-09664,255,4,1403.42,3,2,3,323,2.67,Promising
CUST-13437,255,4,2864.39,3,3,4,334,3.33,Potential Loyalists
CUST-12775,255,4,3247.54,3,3,5,335,3.67,Potential Loyalists
CUST-05582,255,5,2528.4,3,3,4,334,3.33,Potential Loyalists
CUST-03778,255,6,744.31,3,4,1,341,2.67,Potential Loyalists
CUST-00171,255,7,3089.7,3,5,5,355,4.33,Loyal Customers
CUST-11926,255,7,3420.29,3,5,5,355,4.33,Loyal Customers
CUST-07447,255,7,4774.42,3,5,5,355,4.33,Loyal Customers
CUST-08330,255,8,3461.2,3,5,5,355,4.33,Loyal Customers
CUST-09833,255,9,3102.02,3,5,5,355,4.33,Loyal Customers
CUST-10233,255,10,4850.73,3,5,5,355,4.33,Loyal Customers
CUST-00494,254,2,315.49,3,1,1,311,1.67,Needs Attention
CUST-01726,254,2,361.13,3,1,1,311,1.67,Needs Attention
CUST-01459,254,2,1881.04,3,1,3,313,2.33,Promising
CUST-08658,254,3,607.22,3,1,1,311,1.67,Needs Attention
CUST-14607,254,3,889.93,3,1,2,312,2.0,Needs Attention
CUST-03278,254,3,1078.65,3,2,2,322,2.33,Needs Attention
CUST-08740,254,4,701.4,3,2,1,321,2.0,Needs Attention
CUST-06903,254,4,1105.64,3,2,2,322,2.33,Needs Attention
CUST-04864,254,4,1937.63,3,2,3,323,2.67,Promising
CUST-10098,254,4,2016.17,3,2,3,323,2.67,Promising
CUST-09850,254,5,888.22,3,3,2,332,2.67,Potential Loyalists
CUST-01297,254,5,1220.36,3,3,2,332,2.67,Potential Loyalists
CUST-05442,254,5,1277.73,3,3,2,332,2.67,Potential Loyalists
CUST-08120,254,5,1773.71,3,3,3,333,3.0,Potential Loyalists
CUST-12162,254,5,2986.91,3,3,4,334,3.33,Potential Loyalists
CUST-11270,254,6,3034.61,3,4,5,345,4.0,Loyal Customers
CUST-04128,254,6,4023.85,3,4,5,345,4.0,Loyal Customers
CUST-11183,254,8,1617.76,3,5,3,353,3.67,Loyal Customers
CUST-12990,254,8,1827.32,3,5,3,353,3.67,Loyal Customers
CUST-04637,254,8,4529.81,3,5,5,355,4.33,Loyal Customers
CUST-04837,253,2,455.98,3,1,1,311,1.67,Needs Attention
CUST-09993,253,3,506.88,3,1,1,311,1.67,Needs Attention
CUST-06504,253,3,697.56,3,1,1,311,1.67,Needs Attention
CUST-08956,253,3,2585.99,3,2,4,324,3.0,Promising
CUST-13005,253,4,947.33,3,2,2,322,2.33,Needs Attention
CUST-06587,253,4,1815.36,3,2,3,323,2.67,Promising
CUST-02912,253,5,593.73,3,3,1,331,2.33,Potential Loyalists
CUST-04049,253,5,1122.7,3,3,2,332,2.67,Potential Loyalists
CUST-08626,253,5,1537.81,3,3,3,333,3.0,Potential Loyalists
CUST-12753,253,5,1926.72,3,3,3,333,3.0,Potential Loyalists
CUST-10987,253,5,3515.79,3,3,5,335,3.67,Potential Loyalists
CUST-10507,253,6,2420.63,3,4,4,344,3.67,Loyal Customers
CUST-13692,253,6,2547.43,3,4,4,344,3.67,Loyal Customers
CUST-02087,253,9,5730.73,3,5,5,355,4.33,Loyal Customers
CUST-02588,252,2,92.4,3,1,1,311,1.67,Needs Attention
CUST-05666,252,2,112.07,3,1,1,311,1.67,Needs Attention
CUST-08739,252,2,520.02,3,1,1,311,1.67,Needs Attention
CUST-04129,252,3,245.96,3,1,1,311,1.67,Needs Attention
CUST-07324,252,3,1630.98,3,2,3,323,2.67,Promising
CUST-07752,252,3,2295.08,3,2,4,324,3.0,Promising
CUST-12746,252,4,1015.52,3,2,2,322,2.33,Needs Attention
CUST-08455,252,4,1110.12,3,2,2,322,2.33,Needs Attention
CUST-14447,252,4,1402.89,3,2,3,323,2.67,Promising
CUST-11145,252,5,521.04,3,3,1,331,2.33,Potential Loyalists
CUST-04216,252,5,969.87,3,3,2,332,2.67,Potential Loyalists
CUST-04248,252,5,1123.02,3,3,2,332,2.67,Potential Loyalists
CUST-00048,252,5,1802.51,3,3,3,333,3.0,Potential Loyalists
CUST-01898,252,5,1846.57,3,3,3,333,3.0,Potential Loyalists
CUST-02458,252,5,2031.95,3,3,3,333,3.0,Potential Loyalists
CUST-05183,252,5,2974.67,3,3,4,334,3.33,Potential Loyalists
CUST-03173,252,6,1157.38,3,4,2,342,3.0,Potential Loyalists
CUST-08743,252,6,1239.77,3,4,2,342,3.0,Potential Loyalists
CUST-09698,252,6,2303.75,3,4,4,344,3.67,Loyal Customers
CUST-08433,252,7,2753.95,3,5,4,354,4.0,Loyal Customers
CUST-09449,252,7,3635.18,3,5,5,355,4.33,Loyal Customers
CUST-04995,252,8,4183.32,3,5,5,355,4.33,Loyal Customers
CUST-12870,251,2,741.02,3,1,1,311,1.67,Needs Attention
CUST-02937,251,3,356.84,3,1,1,311,1.67,Needs Attention
CUST-13243,251,3,647.46,3,1,1,311,1.67,Needs Attention
CUST-04767,251,3,2377.85,3,2,4,324,3.0,Promising
CUST-12944,251,4,685.61,3,2,1,321,2.0,Needs Attention
CUST-14723,251,5,911.38,3,3,2,332,2.67,Potential Loyalists
CUST-03644,251,5,1848.08,3,3,3,333,3.0,Potential Loyalists
CUST-11981,251,5,2007.52,3,3,3,333,3.0,Potential Loyalists
CUST-05943,251,5,3415.14,3,3,5,335,3.67,Potential Loyalists
CUST-04009,251,6,1566.73,3,4,3,343,3.33,Loyal Customers
CUST-11281,251,6,2273.99,3,4,4,344,3.67,Loyal Customers
CUST-14954,251,6,2375.98,3,4,4,344,3.67,Loyal Customers
CUST-05692,251,7,1196.83,3,4,2,342,3.0,Potential Loyalists
CUST-06028,251,7,1856.33,3,4,3,343,3.33,Loyal Customers
CUST-01455,251,7,2204.18,3,5,4,354,4.0,Loyal Customers
CUST-00950,251,7,2301.87,3,5,4,354,4.0,Loyal Customers
CUST-04494,251,7,2631.54,3,5,4,354,4.0,Loyal Customers
CUST-07340,251,9,1596.05,3,5,3,353,3.67,Loyal Customers
CUST-05930,251,9,2649.33,3,5,4,354,4.0,Loyal Customers
CUST-02308,250,2,196.45,3,1,1,311,1.67,Needs Attention
CUST-08906,250,2,292.15,3,1,1,311,1.67,Needs Attention
CUST-06367,250,2,328.22,3,1,1,311,1.67,Needs Attention
CUST-12851,250,2,359.11,3,1,1,311,1.67,Needs Attention
CUST-00491,250,2,511.7,3,1,1,311,1.67,Needs Attention
CUST-13150,250,2,628.49,3,1,1,311,1.67,Needs Attention
CUST-11439,250,2,1237.95,3,1,2,312,2.0,Needs Attention
CUST-11351,250,2,2233.6,3,1,4,314,2.67,Promising
CUST-01595,250,4,330.74,3,2,1,321,2.0,Needs Attention
CUST-08891,250,4,443.04,3,2,1,321,2.0,Needs Attention
CUST-00316,250,4,780.68,3,2,2,322,2.33,Needs Attention
CUST-07886,250,4,1375.41,3,2,2,322,2.33,Needs Attention
CUST-13266,250,4,1617.76,3,2,3,323,2.67,Promising
CUST-10590,250,4,2156.65,3,2,4,324,3.0,Promising
CUST-08380,250,5,277.17,3,3,1,331,2.33,Potential Loyalists
CUST-01798,250,5,464.84,3,3,1,331,2.33,Potential Loyalists
CUST-10341,250,5,796.0,3,3,2,332,2.67,Potential Loyalists
CUST-03629,250,5,2891.56,3,3,4,334,3.33,Potential Loyalists
CUST-07801,250,6,1421.11,3,4,3,343,3.33,Loyal Customers
CUST-06359,250,6,1976.91,3,4,3,343,3.33,Loyal Customers
CUST-10503,250,7,1689.91,3,4,3,343,3.33,Loyal Customers
CUST-07313,250,7,3736.94,3,5,5,355,4.33,Loyal Customers
CUST-14433,250,7,4412.18,3,5,5,355,4.33,Loyal Customers
CUST-06923,250,8,3170.35,3,5,5,355,4.33,Loyal Customers
CUST-01542,249,2,185.85,3,1,1,311,1.67,Needs Attention
CUST-05349,249,2,490.07,3,1,1,311,1.67,Needs Attention
CUST-12799,249,2,539.88,3,1,1,311,1.67,Needs Attention
CUST-05768,249,2,852.29,3,1,2,312,2.0,Needs Attention
CUST-07013,249,3,530.19,3,1,1,311,1.67,Needs Attention
CUST-04822,249,3,685.61,3,1,1,311,1.67,Needs Attention
CUST-04502,249,3,2648.66,3,2,4,324,3.0,Promising
CUST-11670,249,4,1571.29,3,2,3,323,2.67,Promising
CUST-08793,249,4,1712.35,3,2,3,323,2.67,Promising
CUST-11454,249,4,2986.02,3,3,4,334,3.33,Potential Loyalists
CUST-01941,249,4,3675.79,3,3,5,335,3.67,Potential Loyalists
CUST-11892,249,5,1684.19,3,3,3,333,3.0,Potential Loyalists
CUST-12045,249,5,4629.08,3,4,5,345,4.0,Loyal Customers
CUST-05199,249,6,1410.16,3,4,3,343,3.33,Loyal Customers
CUST-11544,249,7,1863.6,3,4,3,343,3.33,Loyal Customers
CUST-10067,249,7,1907.33,3,4,3,343,3.33,Loyal Customers
CUST-06433,249,7,3314.68,3,5,5,355,4.33,Loyal Customers
CUST-07961,249,7,3699.28,3,5,5,355,4.33,Loyal Customers
CUST-03899,249,7,5461.02,3,5,5,355,4.33,Loyal Customers
CUST-13794,249,8,3051.35,3,5,5,355,4.33,Loyal Customers
CUST-02257,248,2,207.45,3,1,1,311,1.67,Needs Attention
CUST-09327,248,2,1838.35,3,1,3,313,2.33,Promising
CUST-13847,248,4,1285.63,3,2,2,322,2.33,Needs Attention
CUST-09876,248,4,1652.36,3,2,3,323,2.67,Promising
CUST-03817,248,5,879.6,3,3,2,332,2.67,Potential Loyalists
CUST-05408,248,5,3215.1,3,3,5,335,3.67,Potential Loyalists
CUST-01588,248,6,3380.71,3,4,5,345,4.0,Loyal Customers
CUST-01336,248,7,1712.57,3,4,3,343,3.33,Loyal Customers
CUST-04140,248,7,3909.36,3,5,5,355,4.33,Loyal Customers
CUST-00406,248,8,1629.82,3,5,3,353,3.67,Loyal Customers
CUST-08448,248,9,2074.96,3,5,4,354,4.0,Loyal Customers
CUST-00992,247,2,222.22,3,1,1,311,1.67,Needs Attention
CUST-03737,247,2,443.89,3,1,1,311,1.67,Needs Attention
CUST-02971,247,2,489.17,3,1,1,311,1.67,Needs Attention
CUST-04219,247,2,744.83,3,1,1,311,1.67,Needs Attention
CUST-09184,247,2,1622.1,3,1,3,313,2.33,Promising
CUST-07027,247,3,548.84,3,1,1,311,1.67,Needs Attention
CUST-07263,247,3,875.72,3,1,2,312,2.0,Needs Attention
CUST-13994,247,3,1878.26,3,2,3,323,2.67,Promising
CUST-06746,247,4,2153.64,3,2,4,324,3.0,Promising
CUST-13886,247,5,999.0,3,3,2,332,2.67,Potential Loyalists
CUST-06861,247,5,1048.91,3,3,2,332,2.67,Potential Loyalists
CUST-14963,247,5,1691.29,3,3,3,333,3.0,Potential Loyalists
CUST-01003,247,5,1853.6,3,3,3,333,3.0,Potential Loyalists
CUST-10137,247,6,1143.01,3,4,2,342,3.0,Potential Loyalists
CUST-03333,247,6,1755.03,3,4,3,343,3.33,Loyal Customers
CUST-07116,247,6,3082.25,3,4,5,345,4.0,Loyal Customers
CUST-12160,247,6,4702.68,3,4,5,345,4.0,Loyal Customers
CUST-11089,247,7,2076.51,3,5,4,354,4.0,Loyal Customers
CUST-14470,247,8,3617.6,3,5,5,355,4.33,Loyal Customers
CUST-09899,247,8,5638.41,3,5,5,355,4.33,Loyal Customers
CUST-07905,247,11,6564.83,3,5,5,355,4.33,Loyal Customers
CUST-00881,246,2,265.6,3,1,1,311,1.67,Needs Attention
CUST-01052,246,2,420.61,3,1,1,311,1.67,Needs Attention
CUST-02827,246,3,285.58,3,1,1,311,1.67,Needs Attention
CUST-09050,246,3,1461.97,3,2,3,323,2.67,Promising
CUST-13826,246,4,742.75,3,2,1,321,2.0,Needs Attention
CUST-04249,246,4,774.68,3,2,2,322,2.33,Needs Attention
CUST-11144,246,4,819.07,3,2,2,322,2.33,Needs Attention
CUST-11999,246,4,1808.65,3,2,3,323,2.67,Promising
CUST-13241,246,5,500.03,3,3,1,331,2.33,Potential Loyalists
CUST-07849,246,5,955.21,3,3,2,332,2.67,Potential Loyalists
CUST-08835,246,5,1950.03,3,3,3,333,3.0,Potential Loyalists
CUST-10951,246,5,3642.19,3,3,5,335,3.67,Potential Loyalists
CUST-03479,246,6,895.59,3,4,2,342,3.0,Potential Loyalists
CUST-02893,246,6,1612.19,3,4,3,343,3.33,Loyal Customers
CUST-00348,246,6,2364.35,3,4,4,344,3.67,Loyal Customers
CUST-08356,246,6,2656.72,3,4,4,344,3.67,Loyal Customers
CUST-09768,246,6,2787.37,3,4,4,344,3.67,Loyal Customers
CUST-11379,246,7,1711.27,3,4,3,343,3.33,Loyal Customers
CUST-05103,246,7,3834.36,3,5,5,355,4.33,Loyal Customers
CUST-09488,246,7,5287.8,3,5,5,355,4.33,Loyal Customers
CUST-10134,246,8,743.36,3,5,1,351,3.0,Potential Loyalists
CUST-06217,246,11,3670.14,3,5,5,355,4.33,Loyal Customers
CUST-09099,245,2,231.55,3,1,1,311,1.67,Needs Attention
CUST-02913,245,2,677.8,3,1,1,311,1.67,Needs Attention
CUST-01513,245,3,572.15,3,1,1,311,1.67,Needs Attention
CUST-14639,245,3,1096.88,3,2,2,322,2.33,Needs Attention
CUST-03401,245,3,3628.8,3,2,5,325,3.33,Promising
CUST-01857,245,4,449.81,3,2,1,321,2.0,Needs Attention
CUST-08828,245,4,476.51,3,2,1,321,2.0,Needs Attention
CUST-05505,245,4,841.26,3,2,2,322,2.33,Needs Attention
CUST-00118,245,4,966.1,3,2,2,322,2.33,Needs Attention
CUST-11744,245,4,1985.28,3,2,3,323,2.67,Promising
CUST-02901,245,5,1931.54,3,3,3,333,3.0,Potential Loyalists
CUST-07370,245,6,530.72,3,4,1,341,2.67,Potential Loyalists
CUST-10566,245,6,888.54,3,4,2,342,3.0,Potential Loyalists
CUST-01006,245,6,960.87,3,4,2,342,3.0,Potential Loyalists
CUST-05283,245,6,1744.29,3,4,3,343,3.33,Loyal Customers
CUST-12446,245,6,1937.7,3,4,3,343,3.33,Loyal Customers
CUST-11279,245,6,2601.66,3,4,4,344,3.67,Loyal Customers
CUST-07344,245,6,4502.35,3,4,5,345,4.0,Loyal Customers
CUST-14652,245,7,2649.9,3,5,4,354,4.0,Loyal Customers
CUST-13884,245,7,3636.56,3,5,5,355,4.33,Loyal Customers
CUST-02691,245,7,4609.82,3,5,5,355,4.33,Loyal Customers
CUST-10301,245,8,2773.0,3,5,4,354,4.0,Loyal Customers
CUST-13797,245,9,2504.28,3,5,4,354,4.0,Loyal Customers
CUST-13893,245,9,2831.9,3,5,4,354,4.0,Loyal Customers
CUST-06770,245,9,2978.82,3,5,4,354,4.0,Loyal Customers
CUST-07262,245,9,4086.74,3,5,5,355,4.33,Loyal Customers
CUST-07303,245,9,4899.87,3,5,5,355,4.33,Loyal Customers
CUST-08463,244,2,194.63,3,1,1,311,1.67,Needs Attention
CUST-06290,244,2,387.06,3,1,1,311,1.67,Needs Attention
CUST-11802,244,2,396.21,3,1,1,311,1.67,Needs Attention
CUST-08604,244,2,985.92,3,1,2,312,2.0,Needs Attention
CUST-09295,244,3,1146.87,3,2,2,322,2.33,Needs Attention
CUST-11550,244,4,1464.61,3,2,3,323,2.67,Promising
CUST-02484,244,5,1225.93,3,3,2,332,2.67,Potential Loyalists
CUST-03500,244,5,4595.42,3,4,5,345,4.0,Loyal Customers
CUST-00529,244,6,2060.67,3,4,3,343,3.33,Loyal Customers
CUST-02972,244,6,2346.0,3,4,4,344,3.67,Loyal Customers
CUST-13911,244,6,2547.24,3,4,4,344,3.67,Loyal Customers
CUST-04201,244,6,2573.16,3,4,4,344,3.67,Loyal Customers
CUST-06442,244,6,3999.58,3,4,5,345,4.0,Loyal Customers
CUST-07014,244,6,7187.29,3,4,5,345,4.0,Loyal Customers
CUST-11342,244,7,1909.15,3,4,3,343,3.33,Loyal Customers
CUST-08972,244,7,2789.68,3,5,4,354,4.0,Loyal Customers
CUST-05880,244,8,3357.74,3,5,5,355,4.33,Loyal Customers
CUST-06056,243,2,513.3,3,1,1,311,1.67,Needs Attention
CUST-08819,243,2,629.51,3,1,1,311,1.67,Needs Attention
CUST-08852,243,3,1120.07,3,2,2,322,2.33,Needs Attention
CUST-11575,243,4,1470.46,3,2,3,323,2.67,Promising
CUST-04702,243,4,1628.37,3,2,3,323,2.67,Promising
CUST-10576,243,4,2657.7,3,3,4,334,3.33,Potential Loyalists
CUST-04181,243,5,912.26,3,3,2,332,2.67,Potential Loyalists
CUST-00302,243,5,1920.15,3,3,3,333,3.0,Potential Loyalists
CUST-05936,243,5,2520.44,3,3,4,334,3.33,Potential Loyalists
CUST-09550,243,5,2781.03,3,3,4,334,3.33,Potential Loyalists
CUST-02730,243,5,3525.73,3,3,5,335,3.67,Potential Loyalists
CUST-14664,243,6,3643.89,3,4,5,345,4.0,Loyal Customers
CUST-12828,243,6,3908.63,3,4,5,345,4.0,Loyal Customers
CUST-11466,243,7,834.84,3,4,2,342,3.0,Potential Loyalists
CUST-04887,243,7,2451.08,3,5,4,354,4.0,Loyal Customers
CUST-08971,243,7,2664.05,3,5,4,354,4.0,Loyal Customers
CUST-09381,243,7,3256.78,3,5,5,355,4.33,Loyal Customers
CUST-13470,243,8,5773.42,3,5,5,355,4.33,Loyal Customers
CUST-14849,242,2,36.45,3,1,1,311,1.67,Needs Attention
CUST-10154,242,2,178.14,3,1,1,311,1.67,Needs Attention
CUST-07708,242,2,293.64,3,1,1,311,1.67,Needs Attention
CUST-04467,242,2,1486.06,3,1,3,313,2.33,Promising
CUST-06528,242,3,962.17,3,1,2,312,2.0,Needs Attention
CUST-00831,242,4,579.19,3,2,1,321,2.0,Needs Attention
CUST-01913,242,4,725.83,3,2,1,321,2.0,Needs Attention
CUST-02051,242,4,1274.61,3,2,2,322,2.33,Needs Attention
CUST-01160,242,4,1407.33,3,2,3,323,2.67,Promising
CUST-10357,242,4,1409.56,3,2,3,323,2.67,Promising
CUST-01296,242,4,3828.64,3,3,5,335,3.67,Potential Loyalists
CUST-10546,242,5,741.38,3,3,1,331,2.33,Potential Loyalists
CUST-04687,242,5,2949.06,3,3,4,334,3.33,Potential Loyalists
CUST-13845,242,6,2274.64,3,4,4,344,3.67,Loyal Customers
CUST-06829,242,7,1912.3,3,4,3,343,3.33,Loyal Customers
CUST-11842,242,7,2680.01,3,5,4,354,4.0,Loyal Customers
CUST-10729,242,7,3258.64,3,5,5,355,4.33,Loyal Customers
CUST-12365,242,7,5037.25,3,5,5,355,4.33,Loyal Customers
CUST-11526,241,2,475.66,3,1,1,311,1.67,Needs Attention
CUST-12547,241,2,822.1,3,1,2,312,2.0,Needs Attention
CUST-06741,241,3,300.05,3,1,1,311,1.67,Needs Attention
CUST-10716,241,3,1470.53,3,2,3,323,2.67,Promising
CUST-11057,241,3,1616.74,3,2,3,323,2.67,Promising
CUST-04630,241,4,517.89,3,2,1,321,2.0,Needs Attention
CUST-13353,241,4,1153.16,3,2,2,322,2.33,Needs Attention
CUST-09892,241,5,2626.33,3,3,4,334,3.33,Potential Loyalists
CUST-13530,241,6,3268.74,3,4,5,345,4.0,Loyal Customers
CUST-05760,241,7,957.23,3,4,2,342,3.0,Potential Loyalists
CUST-02961,241,7,1386.6,3,4,2,342,3.0,Potential Loyalists
CUST-00387,241,8,1971.28,3,5,3,353,3.67,Loyal Customers
CUST-00104,241,8,4231.51,3,5,5,355,4.33,Loyal Customers
CUST-01803,241,9,1606.0,3,5,3,353,3.67,Loyal Customers
CUST-01353,241,10,3070.26,3,5,5,355,4.33,Loyal Customers
CUST-04339,240,2,484.58,3,1,1,311,1.67,Needs Attention
CUST-08845,240,2,1342.6,3,1,2,312,2.0,Needs Attention
CUST-12540,240,3,403.72,3,1,1,311,1.67,Needs Attention
CUST-09008,240,3,1287.15,3,2,2,322,2.33,Needs Attention
CUST-00228,240,3,2949.11,3,2,4,324,3.0,Promising
CUST-04762,240,4,324.32,3,2,1,321,2.0,Needs Attention
CUST-09783,240,4,1138.64,3,2,2,322,2.33,Needs Attention
CUST-00285,240,4,1165.09,3,2,2,322,2.33,Needs Attention
CUST-08484,240,4,1217.5,3,2,2,322,2.33,Needs Attention
CUST-02867,240,4,2063.96,3,2,3,323,2.67,Promising
CUST-06176,240,5,653.16,3,3,1,331,2.33,Potential Loyalists
CUST-08512,240,5,926.51,3,3,2,332,2.67,Potential Loyalists
CUST-00585,240,5,1709.93,3,3,3,333,3.0,Potential Loyalists
CUST-08151,240,5,2238.35,3,3,4,334,3.33,Potential Loyalists
CUST-04296,240,6,1014.37,3,4,2,342,3.0,Potential Loyalists
CUST-02982,240,6,1068.78,3,4,2,342,3.0,Potential Loyalists
CUST-02193,240,6,3074.12,3,4,5,345,4.0,Loyal Customers
CUST-14846,240,6,3980.55,3,4,5,345,4.0,Loyal Customers
CUST-06278,240,7,784.21,3,4,2,342,3.0,Potential Loyalists
CUST-11288,240,7,1303.12,3,4,2,342,3.0,Potential Loyalists
CUST-09297,240,7,2256.26,3,5,4,354,4.0,Loyal Customers
CUST-00459,240,8,2801.42,3,5,4,354,4.0,Loyal Customers
CUST-10003,240,8,4006.22,3,5,5,355,4.33,Loyal Customers
CUST-13189,240,8,4320.71,3,5,5,355,4.33,Loyal Customers
CUST-11212,240,8,5905.27,3,5,5,355,4.33,Loyal Customers
CUST-00981,240,9,1515.5,3,5,3,353,3.67,Loyal Customers
CUST-11796,240,9,2207.57,3,5,4,354,4.0,Loyal Customers
CUST-12480,239,2,939.28,3,1,2,312,2.0,Needs Attention
CUST-03522,239,2,1131.45,3,1,2,312,2.0,Needs Attention
CUST-11284,239,3,531.17,3,1,1,311,1.67,Needs Attention
CUST-13873,239,3,531.78,3,1,1,311,1.67,Needs Attention
CUST-12229,239,3,1851.1,3,2,3,323,2.67,Promising
CUST-11219,239,3,2027.56,3,2,3,323,2.67,Promising
CUST-10694,239,4,314.68,3,2,1,321,2.0,Needs Attention
CUST-06066,239,4,963.65,3,2,2,322,2.33,Needs Attention
CUST-05136,239,4,1576.65,3,2,3,323,2.67,Promising
CUST-01236,239,5,1565.6,3,3,3,333,3.0,Potential Loyalists
CUST-04951,239,5,1575.69,3,3,3,333,3.0,Potential Loyalists
CUST-04447,239,5,2848.88,3,3,4,334,3.33,Potential Loyalists
CUST-00506,239,6,952.4,3,4,2,342,3.0,Potential Loyalists
CUST-04673,239,6,1052.28,3,4,2,342,3.0,Potential Loyalists
CUST-07425,239,6,3466.17,3,4,5,345,4.0,Loyal Customers
CUST-12438,239,6,3635.29,3,4,5,345,4.0,Loyal Customers
CUST-02819,239,7,2969.9,3,5,4,354,4.0,Loyal Customers
CUST-00293,239,9,2182.7,3,5,4,354,4.0,Loyal Customers
CUST-03528,239,9,3885.71,3,5,5,355,4.33,Loyal Customers
CUST-08030,239,9,6682.09,3,5,5,355,4.33,Loyal Customers
CUST-12217,238,2,747.21,3,1,1,311,1.67,Needs Attention
CUST-05150,238,3,581.34,3,1,1,311,1.67,Needs Attention
CUST-13345,238,3,674.43,3,1,1,311,1.67,Needs Attention
CUST-14414,238,3,791.5,3,1,2,312,2.0,Needs Attention
CUST-13524,238,3,2327.79,3,2,4,324,3.0,Promising
CUST-07009,238,3,3164.08,3,2,5,325,3.33,Promising
CUST-02635,238,4,748.08,3,2,1,321,2.0,Needs Attention
CUST-08013,238,4,1033.53,3,2,2,322,2.33,Needs Attention
CUST-11984,238,4,1557.79,3,2,3,323,2.67,Promising
CUST-14127,238,4,2070.31,3,2,3,323,2.67,Promising
CUST-12011,238,4,2655.37,3,3,4,334,3.33,Potential Loyalists
CUST-12539,238,4,3564.55,3,3,5,335,3.67,Potential Loyalists
CUST-12830,238,4,3595.71,3,3,5,335,3.67,Potential Loyalists
CUST-05046,238,5,1693.65,3,3,3,333,3.0,Potential Loyalists
CUST-00066,238,6,845.56,3,4,2,342,3.0,Potential Loyalists
CUST-01954,238,6,1248.27,3,4,2,342,3.0,Potential Loyalists
CUST-02116,238,7,1943.68,3,4,3,343,3.33,Loyal Customers
CUST-02273,238,7,3474.93,3,5,5,355,4.33,Loyal Customers
CUST-14970,238,7,4188.42,3,5,5,355,4.33,Loyal Customers
CUST-08385,237,3,902.34,3,1,2,312,2.0,Needs Attention
CUST-03012,237,4,2454.21,3,3,4,334,3.33,Potential Loyalists
CUST-09302,237,5,754.55,3,3,1,331,2.33,Potential Loyalists
CUST-12963,237,5,1032.51,3,3,2,332,2.67,Potential Loyalists
CUST-05308,237,5,1437.99,3,3,3,333,3.0,Potential Loyalists
CUST-09491,237,5,1740.69,3,3,3,333,3.0,Potential Loyalists
CUST-05273,237,5,1748.05,3,3,3,333,3.0,Potential Loyalists
CUST-03447,237,5,1829.67,3,3,3,333,3.0,Potential Loyalists
CUST-10881,237,5,2000.87,3,3,3,333,3.0,Potential Loyalists
CUST-05307,237,5,2294.52,3,3,4,334,3.33,Potential Loyalists
CUST-02421,237,5,3417.83,3,3,5,335,3.67,Potential Loyalists
CUST-02294,237,6,2152.98,3,4,4,344,3.67,Loyal Customers
CUST-09252,237,6,2202.04,3,4,4,344,3.67,Loyal Customers
CUST-13592,237,6,3205.11,3,4,5,345,4.0,Loyal Customers
CUST-04363,237,6,4403.03,3,4,5,345,4.0,Loyal Customers
CUST-11006,237,7,3220.8,3,5,5,355,4.33,Loyal Customers
CUST-13147,237,7,4553.58,3,5,5,355,4.33,Loyal Customers
CUST-12635,237,8,3960.5,3,5,5,355,4.33,Loyal Customers
CUST-11234,237,10,3277.37,3,5,5,355,4.33,Loyal Customers
CUST-02956,236,2,250.45,3,1,1,311,1.67,Needs Attention
CUST-12358,236,3,531.37,3,1,1,311,1.67,Needs Attention
CUST-07787,236,3,814.7,3,1,2,312,2.0,Needs Attention
CUST-09734,236,3,2084.82,3,2,4,324,3.0,Promising
CUST-03377,236,4,1001.22,3,2,2,322,2.33,Needs Attention
CUST-12673,236,4,1150.84,3,2,2,322,2.33,Needs Attention
CUST-06758,236,4,1500.36,3,2,3,323,2.67,Promising
CUST-14248,236,4,1574.77,3,2,3,323,2.67,Promising
CUST-13109,236,4,1939.95,3,2,3,323,2.67,Promising
CUST-04587,236,5,1494.24,3,3,3,333,3.0,Potential Loyalists
CUST-05091,236,5,1914.27,3,3,3,333,3.0,Potential Loyalists
CUST-14848,236,5,1999.05,3,3,3,333,3.0,Potential Loyalists
CUST-04385,236,6,1380.25,3,4,2,342,3.0,Potential Loyalists
CUST-05540,236,6,1721.97,3,4,3,343,3.33,Loyal Customers
CUST-04511,236,6,1849.05,3,4,3,343,3.33,Loyal Customers
CUST-14693,236,6,2620.26,3,4,4,344,3.67,Loyal Customers
CUST-12296,236,6,2989.88,3,4,4,344,3.67,Loyal Customers
CUST-08879,236,6,3874.45,3,4,5,345,4.0,Loyal Customers
CUST-03306,236,6,4096.75,3,4,5,345,4.0,Loyal Customers
CUST-00873,236,7,1394.61,3,4,3,343,3.33,Loyal Customers
CUST-10008,236,7,1512.44,3,4,3,343,3.33,Loyal Customers
CUST-09275,236,7,2302.09,3,5,4,354,4.0,Loyal Customers
CUST-01751,236,8,2960.47,3,5,4,354,4.0,Loyal Customers
CUST-01714,236,8,3157.22,3,5,5,355,4.33,Loyal Customers
CUST-00606,236,11,3797.03,3,5,5,355,4.33,Loyal Customers
CUST-03409,236,12,5976.72,3,5,5,355,4.33,Loyal Customers
CUST-09763,235,2,123.52,3,1,1,311,1.67,Needs Attention
CUST-00154,235,2,214.85,3,1,1,311,1.67,Needs Attention
CUST-06665,235,2,1298.36,3,1,2,312,2.0,Needs Attention
CUST-04781,235,3,134.36,3,1,1,311,1.67,Needs Attention
CUST-05044,235,3,392.69,3,1,1,311,1.67,Needs Attention
CUST-14468,235,3,1484.9,3,2,3,323,2.67,Promising
CUST-12607,235,3,2305.96,3,2,4,324,3.0,Promising
CUST-13440,235,4,1471.01,3,2,3,323,2.67,Promising
CUST-06246,235,4,1494.5,3,2,3,323,2.67,Promising
CUST-13762,235,4,2316.07,3,2,4,324,3.0,Promising
CUST-04980,235,4,3838.66,3,3,5,335,3.67,Potential Loyalists
CUST-14011,235,5,1325.83,3,3,2,332,2.67,Potential Loyalists
CUST-05376,235,5,1467.05,3,3,3,333,3.0,Potential Loyalists
CUST-11151,235,6,868.45,3,4,2,342,3.0,Potential Loyalists
CUST-06226,235,6,2629.57,3,4,4,344,3.67,Loyal Customers
CUST-11309,235,6,2729.02,3,4,4,344,3.67,Loyal Customers
CUST-11149,235,6,2868.1,3,4,4,344,3.67,Loyal Customers
CUST-05725,235,7,1301.95,3,4,2,342,3.0,Potential Loyalists
CUST-14143,235,7,2735.82,3,5,4,354,4.0,Loyal Customers
CUST-02751,235,7,3064.58,3,5,5,355,4.33,Loyal Customers
CUST-08214,235,8,2499.37,3,5,4,354,4.0,Loyal Customers
CUST-00600,235,8,5980.39,3,5,5,355,4.33,Loyal Customers
CUST-06374,235,9,2479.47,3,5,4,354,4.0,Loyal Customers
CUST-12368,234,2,93.76,3,1,1,311,1.67,Needs Attention
CUST-13724,234,2,119.94,3,1,1,311,1.67,Needs Attention
CUST-04061,234,2,357.17,3,1,1,311,1.67,Needs Attention
CUST-07888,234,3,452.53,3,1,1,311,1.67,Needs Attention
CUST-09759,234,3,568.02,3,1,1,311,1.67,Needs Attention
CUST-11142,234,3,1172.93,3,2,2,322,2.33,Needs Attention
CUST-02687,234,3,2171.69,3,2,4,324,3.0,Promising
CUST-02076,234,3,3919.19,3,2,5,325,3.33,Promising
CUST-05598,234,4,829.55,3,2,2,322,2.33,Needs Attention
CUST-03387,234,5,1104.77,3,3,2,332,2.67,Potential Loyalists
CUST-12067,234,5,1295.11,3,3,2,332,2.67,Potential Loyalists
CUST-05421,234,5,1694.49,3,3,3,333,3.0,Potential Loyalists
CUST-11157,234,5,2407.15,3,3,4,334,3.33,Potential Loyalists
CUST-09249,234,5,3547.94,3,3,5,335,3.67,Potential Loyalists
CUST-13061,234,6,2697.59,3,4,4,344,3.67,Loyal Customers
CUST-05912,234,6,4075.81,3,4,5,345,4.0,Loyal Customers
CUST-03114,234,6,4191.1,3,4,5,345,4.0,Loyal Customers
CUST-11980,234,7,1395.49,3,4,3,343,3.33,Loyal Customers
CUST-04554,234,9,3442.49,3,5,5,355,4.33,Loyal Customers
CUST-00623,234,9,5649.24,3,5,5,355,4.33,Loyal Customers
CUST-00324,234,10,3333.63,3,5,5,355,4.33,Loyal Customers
CUST-00882,233,2,630.69,3,1,1,311,1.67,Needs Attention
CUST-01655,233,3,549.94,3,1,1,311,1.67,Needs Attention
CUST-10303,233,3,720.5,3,1,1,311,1.67,Needs Attention
CUST-00963,233,4,548.84,3,2,1,321,2.0,Needs Attention
CUST-12070,233,4,571.55,3,2,1,321,2.0,Needs Attention
CUST-05730,233,4,958.76,3,2,2,322,2.33,Needs Attention
CUST-03024,233,4,1168.92,3,2,2,322,2.33,Needs Attention
CUST-01092,233,5,1087.9,3,3,2,332,2.67,Potential Loyalists
CUST-14962,233,5,3790.71,3,4,5,345,4.0,Loyal Customers
CUST-03594,233,6,2438.99,3,4,4,344,3.67,Loyal Customers
CUST-10164,233,6,2879.44,3,4,4,344,3.67,Loyal Customers
CUST-14677,233,6,3412.59,3,4,5,345,4.0,Loyal Customers
CUST-01651,233,6,4977.95,3,4,5,345,4.0,Loyal Customers
CUST-03739,233,7,1151.72,3,4,2,342,3.0,Potential Loyalists
CUST-05403,233,7,1486.9,3,4,3,343,3.33,Loyal Customers
CUST-04240,233,9,2076.39,3,5,4,354,4.0,Loyal Customers
CUST-06452,232,2,112.8,3,1,1,311,1.67,Needs Attention
CUST-04304,232,2,225.33,3,1,1,311,1.67,Needs Attention
CUST-01447,232,2,1554.67,3,1,3,313,2.33,Promising
CUST-08880,232,3,642.82,3,1,1,311,1.67,Needs Attention
CUST-05127,232,3,2146.4,3,2,4,324,3.0,Promising
CUST-01481,232,4,711.25,3,2,1,321,2.0,Needs Attention
CUST-02770,232,4,1040.67,3,2,2,322,2.33,Needs Attention
CUST-01327,232,4,1422.39,3,2,3,323,2.67,Promising
CUST-03461,232,4,2078.36,3,2,4,324,3.0,Promising
CUST-03115,232,4,2175.67,3,2,4,324,3.0,Promising
CUST-04160,232,4,3679.49,3,3,5,335,3.67,Potential Loyalists
CUST-14792,232,5,928.93,3,3,2,332,2.67,Potential Loyalists
CUST-11072,232,5,1549.02,3,3,3,333,3.0,Potential Loyalists
CUST-06534,232,6,576.82,3,4,1,341,2.67,Potential Loyalists
CUST-09253,232,6,2226.21,3,4,4,344,3.67,Loyal Customers
CUST-13449,232,7,982.19,3,4,2,342,3.0,Potential Loyalists
CUST-09511,232,7,1352.61,3,4,2,342,3.0,Potential Loyalists
CUST-08931,231,2,542.12,3,1,1,311,1.67,Needs Attention
CUST-02695,231,2,911.88,3,1,2,312,2.0,Needs Attention
CUST-04067,231,3,294.23,3,1,1,311,1.67,Needs Attention
CUST-05734,231,3,486.04,3,1,1,311,1.67,Needs Attention
CUST-04206,231,4,1770.08,3,2,3,323,2.67,Promising
CUST-03900,231,5,947.66,3,3,2,332,2.67,Potential Loyalists
CUST-01472,231,5,1785.6,3,3,3,333,3.0,Potential Loyalists
CUST-13595,231,5,2122.54,3,3,4,334,3.33,Potential Loyalists
CUST-08503,231,5,2856.25,3,3,4,334,3.33,Potential Loyalists
CUST-11162,231,5,3234.76,3,3,5,335,3.67,Potential Loyalists
CUST-13131,231,5,5290.36,3,4,5,345,4.0,Loyal Customers
CUST-13100,231,6,1077.67,3,4,2,342,3.0,Potential Loyalists
CUST-04225,231,6,2597.5,3,4,4,344,3.67,Loyal Customers
CUST-11208,231,7,1699.98,3,4,3,343,3.33,Loyal Customers
CUST-11584,231,7,2660.01,3,5,4,354,4.0,Loyal Customers
CUST-04913,231,7,2851.58,3,5,4,354,4.0,Loyal Customers
CUST-07219,231,7,3055.35,3,5,5,355,4.33,Loyal Customers
CUST-01591,231,8,2446.38,3,5,4,354,4.0,Loyal Customers
CUST-10971,231,8,2521.51,3,5,4,354,4.0,Loyal Customers
CUST-00241,231,10,2846.18,3,5,4,354,4.0,Loyal Customers
CUST-05861,231,11,4000.52,3,5,5,355,4.33,Loyal Customers
CUST-07834,230,2,213.5,3,1,1,311,1.67,Needs Attention
CUST-02898,230,3,1861.2,3,2,3,323,2.67,Promising
CUST-05711,230,3,5757.96,3,2,5,325,3.33,Promising
CUST-08953,230,4,1920.06,3,2,3,323,2.67,Promising
CUST-02142,230,4,2359.14,3,2,4,324,3.0,Promising
CUST-09447,230,5,687.96,3,3,1,331,2.33,Potential Loyalists
CUST-07453,230,5,1324.68,3,3,2,332,2.67,Potential Loyalists
CUST-03774,230,5,2159.53,3,3,4,334,3.33,Potential Loyalists
CUST-03730,230,5,2391.28,3,3,4,334,3.33,Potential Loyalists
CUST-06194,230,5,2745.12,3,3,4,334,3.33,Potential Loyalists
CUST-07022,230,6,1579.53,3,4,3,343,3.33,Loyal Customers
CUST-14165,230,6,2116.05,3,4,4,344,3.67,Loyal Customers
CUST-06853,230,7,1436.25,3,4,3,343,3.33,Loyal Customers
CUST-13770,230,7,2060.01,3,4,3,343,3.33,Loyal Customers
CUST-11255,230,8,2461.15,3,5,4,354,4.0,Loyal Customers
CUST-03276,230,8,3324.36,3,5,5,355,4.33,Loyal Customers
CUST-06134,229,2,412.47,3,1,1,311,1.67,Needs Attention
CUST-04101,229,3,800.98,3,1,2,312,2.0,Needs Attention
CUST-09328,229,3,1256.0,3,2,2,322,2.33,Needs Attention
CUST-05781,229,3,2144.46,3,2,4,324,3.0,Promising
CUST-03206,229,3,2829.37,3,2,4,324,3.0,Promising
CUST-00016,229,4,715.7,3,2,1,321,2.0,Needs Attention
CUST-11769,229,4,900.78,3,2,2,322,2.33,Needs Attention
CUST-04358,229,4,1030.73,3,2,2,322,2.33,Needs Attention
CUST-11037,229,4,1309.13,3,2,2,322,2.33,Needs Attention
CUST-00224,229,5,1052.08,3,3,2,332,2.67,Potential Loyalists
CUST-07881,229,5,1500.96,3,3,3,333,3.0,Potential Loyalists
CUST-10408,229,5,1679.89,3,3,3,333,3.0,Potential Loyalists
CUST-05699,229,5,1801.31,3,3,3,333,3.0,Potential Loyalists
CUST-13985,229,5,2081.14,3,3,4,334,3.33,Potential Loyalists
CUST-04638,229,7,614.53,3,4,1,341,2.67,Potential Loyalists
CUST-06704,229,7,1375.5,3,4,2,342,3.0,Potential Loyalists
CUST-13036,229,7,2212.23,3,5,4,354,4.0,Loyal Customers
CUST-03456,229,8,3605.34,3,5,5,355,4.33,Loyal Customers
CUST-06952,229,9,4186.07,3,5,5,355,4.33,Loyal Customers
CUST-03810,229,9,4703.03,3,5,5,355,4.33,Loyal Customers
CUST-01664,228,2,378.99,3,1,1,311,1.67,Needs Attention
CUST-11585,228,3,341.51,3,1,1,311,1.67,Needs Attention
CUST-06996,228,3,361.26,3,1,1,311,1.67,Needs Attention
CUST-03085,228,3,583.14,3,1,1,311,1.67,Needs Attention
CUST-01704,228,3,1578.67,3,2,3,323,2.67,Promising
CUST-02115,228,3,3578.19,3,2,5,325,3.33,Promising
CUST-02153,228,4,554.33,3,2,1,321,2.0,Needs Attention
CUST-08888,228,4,817.23,3,2,2,322,2.33,Needs Attention
CUST-10689,228,4,898.07,3,2,2,322,2.33,Needs Attention
CUST-08000,228,4,1167.09,3,2,2,322,2.33,Needs Attention
CUST-14238,228,4,1466.92,3,2,3,323,2.67,Promising
CUST-04096,228,4,2939.61,3,3,4,334,3.33,Potential Loyalists
CUST-08649,228,5,834.87,3,3,2,332,2.67,Potential Loyalists
CUST-01018,228,5,1816.45,3,3,3,333,3.0,Potential Loyalists
CUST-07559,228,6,2443.76,3,4,4,344,3.67,Loyal Customers
CUST-02523,228,6,4503.97,3,4,5,345,4.0,Loyal Customers
CUST-05090,228,7,1170.72,3,4,2,342,3.0,Potential Loyalists
CUST-12247,228,7,1493.53,3,4,3,343,3.33,Loyal Customers
CUST-05825,228,11,5273.72,3,5,5,355,4.33,Loyal Customers
CUST-05355,227,3,334.38,3,1,1,311,1.67,Needs Attention
CUST-08766,227,3,1268.01,3,2,2,322,2.33,Needs Attention
CUST-12165,227,3,1678.12,3,2,3,323,2.67,Promising
CUST-12112,227,3,1934.92,3,2,3,323,2.67,Promising
CUST-06455,227,4,554.1,3,2,1,321,2.0,Needs Attention
CUST-08536,227,4,1160.79,3,2,2,322,2.33,Needs Attention
CUST-14909,227,4,1381.28,3,2,2,322,2.33,Needs Attention
CUST-00853,227,5,698.37,3,3,1,331,2.33,Potential Loyalists
CUST-03477,227,5,1493.71,3,3,3,333,3.0,Potential Loyalists
CUST-01724,227,5,2677.11,3,3,4,334,3.33,Potential Loyalists
CUST-04331,227,6,1905.11,3,4,3,343,3.33,Loyal Customers
CUST-09669,227,6,2947.17,3,4,4,344,3.67,Loyal Customers
CUST-11128,227,7,4515.03,3,5,5,355,4.33,Loyal Customers
CUST-12716,227,8,3182.24,3,5,5,355,4.33,Loyal Customers
CUST-11680,227,8,3741.34,3,5,5,355,4.33,Loyal Customers
CUST-14704,227,9,1990.18,3,5,3,353,3.67,Loyal Customers
CUST-07410,227,10,4756.53,3,5,5,355,4.33,Loyal Customers
CUST-08917,226,2,570.97,3,1,1,311,1.67,Needs Attention
CUST-07771,226,3,296.95,3,1,1,311,1.67,Needs Attention
CUST-12558,226,3,651.24,3,1,1,311,1.67,Needs Attention
CUST-02822,226,4,873.81,3,2,2,322,2.33,Needs Attention
CUST-14983,226,4,924.04,3,2,2,322,2.33,Needs Attention
CUST-00359,226,4,1070.58,3,2,2,322,2.33,Needs Attention
CUST-10617,226,4,1185.81,3,2,2,322,2.33,Needs Attention
CUST-03577,226,4,1399.27,3,2,3,323,2.67,Promising
CUST-06473,226,5,1106.91,3,3,2,332,2.67,Potential Loyalists
CUST-06377,226,6,2750.31,3,4,4,344,3.67,Loyal Customers
CUST-13987,226,7,3913.6,3,5,5,355,4.33,Loyal Customers
CUST-03996,226,8,2817.73,3,5,4,354,4.0,Loyal Customers
CUST-08134,226,10,1586.09,3,5,3,353,3.67,Loyal Customers
CUST-02124,226,11,2854.69,3,5,4,354,4.0,Loyal Customers
CUST-11002,225,2,465.09,3,1,1,311,1.67,Needs Attention
CUST-14498,225,2,818.6,3,1,2,312,2.0,Needs Attention
CUST-11791,225,4,1031.18,3,2,2,322,2.33,Needs Attention
CUST-14711,225,4,2228.69,3,2,4,324,3.0,Promising
CUST-08429,225,4,2745.94,3,3,4,334,3.33,Potential Loyalists
CUST-07964,225,5,357.48,3,3,1,331,2.33,Potential Loyalists
CUST-01203,225,5,570.64,3,3,1,331,2.33,Potential Loyalists
CUST-04166,225,5,920.4,3,3,2,332,2.67,Potential Loyalists
CUST-05854,225,5,1831.61,3,3,3,333,3.0,Potential Loyalists
CUST-04882,225,5,2196.21,3,3,4,334,3.33,Potential Loyalists
CUST-05735,225,5,2984.8,3,3,4,334,3.33,Potential Loyalists
CUST-03359,225,5,3434.16,3,3,5,335,3.67,Potential Loyalists
CUST-07433,225,6,1668.25,3,4,3,343,3.33,Loyal Customers
CUST-10145,225,6,2355.54,3,4,4,344,3.67,Loyal Customers
CUST-14200,225,6,3174.04,3,4,5,345,4.0,Loyal Customers
CUST-10120,225,6,3187.14,3,4,5,345,4.0,Loyal Customers
CUST-14812,225,6,3565.99,3,4,5,345,4.0,Loyal Customers
CUST-01843,225,7,6871.39,3,5,5,355,4.33,Loyal Customers
CUST-00107,225,8,1060.99,3,5,2,352,3.33,Potential Loyalists
CUST-06287,225,9,3840.62,3,5,5,355,4.33,Loyal Customers
CUST-03748,224,2,291.84,3,1,1,311,1.67,Needs Attention
CUST-08174,224,2,305.9,3,1,1,311,1.67,Needs Attention
CUST-05315,224,3,224.64,3,1,1,311,1.67,Needs Attention
CUST-13026,224,3,484.09,3,1,1,311,1.67,Needs Attention
CUST-07176,224,4,409.59,3,2,1,321,2.0,Needs Attention
CUST-00098,224,4,502.62,3,2,1,321,2.0,Needs Attention
CUST-00278,224,4,549.53,3,2,1,321,2.0,Needs Attention
CUST-13989,224,4,561.16,3,2,1,321,2.0,Needs Attention
CUST-00675,224,4,1474.49,3,2,3,323,2.67,Promising
CUST-03798,224,4,2014.85,3,2,3,323,2.67,Promising
CUST-07877,224,5,880.77,3,3,2,332,2.67,Potential Loyalists
CUST-06940,224,5,900.59,3,3,2,332,2.67,Potential Loyalists
CUST-05337,224,5,993.31,3,3,2,332,2.67,Potential Loyalists
CUST-00416,224,5,3011.12,3,3,5,335,3.67,Potential Loyalists
CUST-12546,224,6,938.11,3,4,2,342,3.0,Potential Loyalists
CUST-07261,224,6,1098.17,3,4,2,342,3.0,Potential Loyalists
CUST-02156,224,6,1709.27,3,4,3,343,3.33,Loyal Customers
CUST-13688,224,6,1791.34,3,4,3,343,3.33,Loyal Customers
CUST-08382,224,6,2689.94,3,4,4,344,3.67,Loyal Customers
CUST-03732,224,7,2080.25,3,5,4,354,4.0,Loyal Customers
CUST-13298,224,7,2526.97,3,5,4,354,4.0,Loyal Customers
CUST-08072,224,8,1500.11,3,5,3,353,3.67,Loyal Customers
CUST-00566,224,8,1881.94,3,5,3,353,3.67,Loyal Customers
CUST-01426,224,8,3012.92,3,5,5,355,4.33,Loyal Customers
CUST-09721,224,8,3196.36,3,5,5,355,4.33,Loyal Customers
CUST-13652,224,9,3055.06,3,5,5,355,4.33,Loyal Customers
CUST-14836,224,11,4854.72,3,5,5,355,4.33,Loyal Customers
CUST-01679,223,3,337.34,3,1,1,311,1.67,Needs Attention
CUST-00091,223,3,342.19,3,1,1,311,1.67,Needs Attention
CUST-04586,223,3,798.9,3,1,2,312,2.0,Needs Attention
CUST-04112,223,3,1003.77,3,1,2,312,2.0,Needs Attention
CUST-07786,223,3,1216.65,3,2,2,322,2.33,Needs Attention
CUST-02317,223,3,2521.75,3,2,4,324,3.0,Promising
CUST-08287,223,4,471.6,3,2,1,321,2.0,Needs Attention
CUST-06747,223,4,1174.36,3,2,2,322,2.33,Needs Attention
CUST-03160,223,4,1384.37,3,2,2,322,2.33,Needs Attention
CUST-08445,223,4,1668.06,3,2,3,323,2.67,Promising
CUST-05418,223,5,573.87,3,3,1,331,2.33,Potential Loyalists
CUST-09017,223,5,1511.79,3,3,3,333,3.0,Potential Loyalists
CUST-10589,223,5,1676.04,3,3,3,333,3.0,Potential Loyalists
CUST-10062,223,6,1324.54,3,4,2,342,3.0,Potential Loyalists
CUST-02738,223,6,3189.04,3,4,5,345,4.0,Loyal Customers
CUST-05118,223,6,4365.68,3,4,5,345,4.0,Loyal Customers
CUST-10776,223,7,799.49,3,4,2,342,3.0,Potential Loyalists
CUST-03231,223,7,1135.34,3,4,2,342,3.0,Potential Loyalists
CUST-06900,223,7,2627.63,3,5,4,354,4.0,Loyal Customers
CUST-14771,223,8,1185.32,3,5,2,352,3.33,Potential Loyalists
CUST-14537,223,9,3006.19,3,5,5,355,4.33,Loyal Customers
CUST-14402,223,9,3296.27,3,5,5,355,4.33,Loyal Customers
CUST-13101,222,2,344.52,3,1,1,311,1.67,Needs Attention
CUST-10588,222,2,1471.23,3,1,3,313,2.33,Promising
CUST-04596,222,3,1181.72,3,2,2,322,2.33,Needs Attention
CUST-12161,222,3,1424.26,3,2,3,323,2.67,Promising
CUST-10964,222,4,925.75,3,2,2,322,2.33,Needs Attention
CUST-13205,222,4,1332.71,3,2,2,322,2.33,Needs Attention
CUST-10117,222,4,1519.1,3,2,3,323,2.67,Promising
CUST-08046,222,4,2080.26,3,2,4,324,3.0,Promising
CUST-04337,222,4,2322.46,3,2,4,324,3.0,Promising
CUST-14168,222,4,2396.75,3,3,4,334,3.33,Potential Loyalists
CUST-12960,222,5,797.34,3,3,2,332,2.67,Potential Loyalists
CUST-07192,222,5,1935.35,3,3,3,333,3.0,Potential Loyalists
CUST-13772,222,5,2055.11,3,3,3,333,3.0,Potential Loyalists
CUST-05886,222,5,3662.2,3,3,5,335,3.67,Potential Loyalists
CUST-02905,222,6,454.1,3,4,1,341,2.67,Potential Loyalists
CUST-01891,222,6,1581.59,3,4,3,343,3.33,Loyal Customers
CUST-09848,222,6,5024.0,3,4,5,345,4.0,Loyal Customers
CUST-06620,222,7,2033.34,3,4,3,343,3.33,Loyal Customers
CUST-14255,222,7,2815.86,3,5,4,354,4.0,Loyal Customers
CUST-07600,221,2,1314.95,3,1,2,312,2.0,Needs Attention
CUST-00670,221,3,520.56,3,1,1,311,1.67,Needs Attention
CUST-09939,221,3,547.91,3,1,1,311,1.67,Needs Attention
CUST-10564,221,3,1248.74,3,2,2,322,2.33,Needs Attention
CUST-08514,221,3,1761.64,3,2,3,323,2.67,Promising
CUST-02515,221,4,750.36,3,2,1,321,2.0,Needs Attention
CUST-13882,221,4,750.45,3,2,1,321,2.0,Needs Attention
CUST-07241,221,4,2079.68,3,2,4,324,3.0,Promising
CUST-04846,221,4,2628.04,3,3,4,334,3.33,Potential Loyalists
CUST-08168,221,4,2632.01,3,3,4,334,3.33,Potential Loyalists
CUST-00990,221,5,748.63,3,3,1,331,2.33,Potential Loyalists
CUST-05477,221,5,829.29,3,3,2,332,2.67,Potential Loyalists
CUST-07478,221,5,867.7,3,3,2,332,2.67,Potential Loyalists
CUST-00568,221,5,1798.75,3,3,3,333,3.0,Potential Loyalists
CUST-04652,221,6,792.87,3,4,2,342,3.0,Potential Loyalists
CUST-10271,221,6,2104.81,3,4,4,344,3.67,Loyal Customers
CUST-14531,221,6,4642.97,3,4,5,345,4.0,Loyal Customers
CUST-05206,221,7,1348.76,3,4,2,342,3.0,Potential Loyalists
CUST-03844,221,7,2538.43,3,5,4,354,4.0,Loyal Customers
CUST-10638,221,7,4595.49,3,5,5,355,4.33,Loyal Customers
CUST-10208,221,8,2585.39,3,5,4,354,4.0,Loyal Customers
CUST-02250,221,9,1477.02,3,5,3,353,3.67,Loyal Customers
CUST-00237,221,11,4129.57,3,5,5,355,4.33,Loyal Customers
CUST-02245,220,2,418.24,3,1,1,311,1.67,Needs Attention
CUST-11972,220,2,878.69,3,1,2,312,2.0,Needs Attention
CUST-04982,220,2,1502.49,3,1,3,313,2.33,Promising
CUST-05179,220,3,400.25,3,1,1,311,1.67,Needs Attention
CUST-04594,220,3,1650.42,3,2,3,323,2.67,Promising
CUST-14689,220,4,374.04,3,2,1,321,2.0,Needs Attention
CUST-11590,220,4,706.28,3,2,1,321,2.0,Needs Attention
CUST-00476,220,4,2100.16,3,2,4,324,3.0,Promising
CUST-06177,220,5,1176.03,3,3,2,332,2.67,Potential Loyalists
CUST-14628,220,5,1848.93,3,3,3,333,3.0,Potential Loyalists
CUST-05682,220,5,2170.86,3,3,4,334,3.33,Potential Loyalists
CUST-06951,220,5,2337.27,3,3,4,334,3.33,Potential Loyalists
CUST-12129,220,5,2979.08,3,3,4,334,3.33,Potential Loyalists
CUST-07160,220,5,3067.05,3,3,5,335,3.67,Potential Loyalists
CUST-11276,220,6,3416.77,3,4,5,345,4.0,Loyal Customers
CUST-12388,220,7,1051.48,3,4,2,342,3.0,Potential Loyalists
CUST-11640,220,7,1706.41,3,4,3,343,3.33,Loyal Customers
CUST-05824,220,7,2253.54,3,5,4,354,4.0,Loyal Customers
CUST-11362,220,7,2582.79,3,5,4,354,4.0,Loyal Customers
CUST-09425,220,7,2778.72,3,5,4,354,4.0,Loyal Customers
CUST-09568,220,8,3088.68,3,5,5,355,4.33,Loyal Customers
CUST-13669,220,9,2444.47,3,5,4,354,4.0,Loyal Customers
CUST-01909,220,9,4488.32,3,5,5,355,4.33,Loyal Customers
CUST-14882,219,2,740.03,3,1,1,311,1.67,Needs Attention
CUST-10634,219,2,1336.93,3,1,2,312,2.0,Needs Attention
CUST-12950,219,3,874.38,3,1,2,312,2.0,Needs Attention
CUST-09964,219,3,3450.64,3,2,5,325,3.33,Promising
CUST-09586,219,4,1089.55,3,2,2,322,2.33,Needs Attention
CUST-02016,219,4,1293.29,3,2,2,322,2.33,Needs Attention
CUST-04903,219,4,1362.87,3,2,2,322,2.33,Needs Attention
CUST-12345,219,5,450.79,3,3,1,331,2.33,Potential Loyalists
CUST-08139,219,5,734.41,3,3,1,331,2.33,Potential Loyalists
CUST-06649,219,6,983.9,3,4,2,342,3.0,Potential Loyalists
CUST-14223,219,6,2610.44,3,4,4,344,3.67,Loyal Customers
CUST-14235,219,6,3628.33,3,4,5,345,4.0,Loyal Customers
CUST-10398,219,7,1151.43,3,4,2,342,3.0,Potential Loyalists
CUST-14340,219,7,1606.45,3,4,3,343,3.33,Loyal Customers
CUST-05790,219,7,3593.09,3,5,5,355,4.33,Loyal Customers
CUST-07481,219,7,3822.56,3,5,5,355,4.33,Loyal Customers
CUST-13712,219,8,2211.6,3,5,4,354,4.0,Loyal Customers
CUST-08897,219,9,2928.28,3,5,4,354,4.0,Loyal Customers
CUST-02318,219,12,3875.55,3,5,5,355,4.33,Loyal Customers
CUST-04396,218,2,135.88,3,1,1,311,1.67,Needs Attention
CUST-06390,218,2,206.92,3,1,1,311,1.67,Needs Attention
CUST-00349,218,2,207.81,3,1,1,311,1.67,Needs Attention
CUST-06822,218,2,239.02,3,1,1,311,1.67,Needs Attention
CUST-09769,218,3,1527.58,3,2,3,323,2.67,Promising
CUST-05128,218,4,819.77,3,2,2,322,2.33,Needs Attention
CUST-12375,218,4,1054.91,3,2,2,322,2.33,Needs Attention
CUST-12281,218,4,2555.95,3,3,4,334,3.33,Potential Loyalists
CUST-11532,218,4,3325.38,3,3,5,335,3.67,Potential Loyalists
CUST-12655,218,5,677.26,3,3,1,331,2.33,Potential Loyalists
CUST-14655,218,5,1762.84,3,3,3,333,3.0,Potential Loyalists
CUST-07658,218,5,2843.96,3,3,4,334,3.33,Potential Loyalists
CUST-11989,218,5,4124.79,3,4,5,345,4.0,Loyal Customers
CUST-14214,218,6,1437.64,3,4,3,343,3.33,Loyal Customers
CUST-04816,218,6,2689.01,3,4,4,344,3.67,Loyal Customers
CUST-13739,218,7,1631.84,3,4,3,343,3.33,Loyal Customers
CUST-02741,218,7,2036.74,3,4,3,343,3.33,Loyal Customers
CUST-10599,218,7,2353.18,3,5,4,354,4.0,Loyal Customers
CUST-12893,218,7,2915.24,3,5,4,354,4.0,Loyal Customers
CUST-12141,218,7,3752.65,3,5,5,355,4.33,Loyal Customers
CUST-06327,218,8,3525.29,3,5,5,355,4.33,Loyal Customers
CUST-12125,218,9,3905.02,3,5,5,355,4.33,Loyal Customers
CUST-01691,217,2,543.43,3,1,1,311,1.67,Needs Attention
CUST-06968,217,2,2205.75,3,1,4,314,2.67,Promising
CUST-13461,217,3,357.69,3,1,1,311,1.67,Needs Attention
CUST-03567,217,4,487.02,3,2,1,321,2.0,Needs Attention
CUST-08323,217,4,1681.49,3,2,3,323,2.67,Promising
CUST-04079,217,4,1881.66,3,2,3,323,2.67,Promising
CUST-05683,217,4,3109.37,3,3,5,335,3.67,Potential Loyalists
CUST-10444,217,5,254.69,3,3,1,331,2.33,Potential Loyalists
CUST-10939,217,5,573.0,3,3,1,331,2.33,Potential Loyalists
CUST-00869,217,5,908.29,3,3,2,332,2.67,Potential Loyalists
CUST-14431,217,5,1587.2,3,3,3,333,3.0,Potential Loyalists
CUST-03762,217,5,2486.52,3,3,4,334,3.33,Potential Loyalists
CUST-11570,217,5,3857.46,3,4,5,345,4.0,Loyal Customers
CUST-13129,217,5,3961.17,3,4,5,345,4.0,Loyal Customers
CUST-14157,217,6,1372.07,3,4,2,342,3.0,Potential Loyalists
CUST-13591,217,6,3171.54,3,4,5,345,4.0,Loyal Customers
CUST-02290,217,6,3950.65,3,4,5,345,4.0,Loyal Customers
CUST-14791,217,8,3990.55,3,5,5,355,4.33,Loyal Customers
CUST-05436,216,2,197.94,3,1,1,311,1.67,Needs Attention
CUST-13667,216,2,333.6,3,1,1,311,1.67,Needs Attention
CUST-10115,216,2,915.15,3,1,2,312,2.0,Needs Attention
CUST-02404,216,3,568.77,3,1,1,311,1.67,Needs Attention
CUST-06977,216,3,625.15,3,1,1,311,1.67,Needs Attention
CUST-02103,216,3,1308.71,3,2,2,322,2.33,Needs Attention
CUST-09446,216,3,1781.8,3,2,3,323,2.67,Promising
CUST-04065,216,3,2425.45,3,2,4,324,3.0,Promising
CUST-09147,216,4,652.5,3,2,1,321,2.0,Needs Attention
CUST-03103,216,4,1096.62,3,2,2,322,2.33,Needs Attention
CUST-05647,216,4,1519.29,3,2,3,323,2.67,Promising
CUST-10282,216,4,1872.09,3,2,3,323,2.67,Promising
CUST-08253,216,5,371.95,3,3,1,331,2.33,Potential Loyalists
CUST-01531,216,5,613.01,3,3,1,331,2.33,Potential Loyalists
CUST-05189,216,5,1276.63,3,3,2,332,2.67,Potential Loyalists
CUST-01222,216,5,1740.45,3,3,3,333,3.0,Potential Loyalists
CUST-00080,216,5,2118.46,3,3,4,334,3.33,Potential Loyalists
CUST-10774,216,5,2594.72,3,3,4,334,3.33,Potential Loyalists
CUST-04856,216,6,1911.33,3,4,3,343,3.33,Loyal Customers
CUST-06559,216,6,3131.31,3,4,5,345,4.0,Loyal Customers
CUST-09513,216,7,3925.18,3,5,5,355,4.33,Loyal Customers
CUST-11316,216,9,3674.58,3,5,5,355,4.33,Loyal Customers
CUST-11506,216,9,5577.69,3,5,5,355,4.33,Loyal Customers
CUST-04840,215,2,198.89,3,1,1,311,1.67,Needs Attention
CUST-12967,215,2,544.7,3,1,1,311,1.67,Needs Attention
CUST-03073,215,2,1836.9,3,1,3,313,2.33,Promising
CUST-14852,215,3,615.31,3,1,1,311,1.67,Needs Attention
CUST-10204,215,4,395.67,3,2,1,321,2.0,Needs Attention
CUST-08949,215,4,586.26,3,2,1,321,2.0,Needs Attention
CUST-09324,215,4,1076.83,3,2,2,322,2.33,Needs Attention
CUST-09394,215,4,1794.42,3,2,3,323,2.67,Promising
CUST-06680,215,4,4183.28,3,3,5,335,3.67,Potential Loyalists
CUST-14289,215,5,1315.25,3,3,2,332,2.67,Potential Loyalists
CUST-01506,215,6,2262.62,3,4,4,344,3.67,Loyal Customers
CUST-07030,215,6,2421.74,3,4,4,344,3.67,Loyal Customers
CUST-09169,215,6,4189.91,3,4,5,345,4.0,Loyal Customers
CUST-12760,215,6,5116.48,3,4,5,345,4.0,Loyal Customers
CUST-01068,215,7,1488.94,3,4,3,343,3.33,Loyal Customers
CUST-04076,215,7,1920.15,3,4,3,343,3.33,Loyal Customers
CUST-14343,215,7,2473.4,3,5,4,354,4.0,Loyal Customers
CUST-12430,215,7,5173.7,3,5,5,355,4.33,Loyal Customers
CUST-07979,214,2,276.55,3,1,1,311,1.67,Needs Attention
CUST-13717,214,2,473.13,3,1,1,311,1.67,Needs Attention
CUST-10110,214,2,1313.39,3,1,2,312,2.0,Needs Attention
CUST-04007,214,3,92.09,3,1,1,311,1.67,Needs Attention
CUST-13848,214,3,188.48,3,1,1,311,1.67,Needs Attention
CUST-05076,214,3,202.93,3,1,1,311,1.67,Needs Attention
CUST-10669,214,3,359.69,3,1,1,311,1.67,Needs Attention
CUST-02000,214,3,646.87,3,1,1,311,1.67,Needs Attention
CUST-01871,214,3,2113.17,3,2,4,324,3.0,Promising
CUST-09471,214,4,1767.23,3,2,3,323,2.67,Promising
CUST-13481,214,4,3505.34,3,3,5,335,3.67,Potential Loyalists
CUST-00611,214,6,1354.99,3,4,2,342,3.0,Potential Loyalists
CUST-09084,214,6,3243.39,3,4,5,345,4.0,Loyal Customers
CUST-12135,214,6,4270.73,3,4,5,345,4.0,Loyal Customers
CUST-10219,214,6,5032.53,3,4,5,345,4.0,Loyal Customers
CUST-13787,214,6,5838.56,3,4,5,345,4.0,Loyal Customers
CUST-04707,214,7,3059.57,3,5,5,355,4.33,Loyal Customers
CUST-01220,214,7,3767.41,3,5,5,355,4.33,Loyal Customers
CUST-05864,214,7,4125.14,3,5,5,355,4.33,Loyal Customers
CUST-04071,214,7,4680.61,3,5,5,355,4.33,Loyal Customers
CUST-03651,214,10,3471.13,3,5,5,355,4.33,Loyal Customers
CUST-01573,213,2,265.2,3,1,1,311,1.67,Needs Attention
CUST-05932,213,2,399.91,3,1,1,311,1.67,Needs Attention
CUST-07560,213,2,617.5,3,1,1,311,1.67,Needs Attention
CUST-06688,213,2,668.08,3,1,1,311,1.67,Needs Attention
CUST-11141,213,2,1169.18,3,1,2,312,2.0,Needs Attention
CUST-09609,213,3,614.21,3,1,1,311,1.67,Needs Attention
CUST-04176,213,3,981.95,3,1,2,312,2.0,Needs Attention
CUST-09207,213,3,1040.78,3,1,2,312,2.0,Needs Attention
CUST-01608,213,3,1792.69,3,2,3,323,2.67,Promising
CUST-14710,213,3,3531.3,3,2,5,325,3.33,Promising
CUST-10359,213,4,1687.19,3,2,3,323,2.67,Promising
CUST-10410,213,4,1754.28,3,2,3,323,2.67,Promising
CUST-00661,213,4,2889.59,3,3,4,334,3.33,Potential Loyalists
CUST-12462,213,4,3252.05,3,3,5,335,3.67,Potential Loyalists
CUST-09150,213,5,397.38,3,3,1,331,2.33,Potential Loyalists
CUST-08995,213,5,882.53,3,3,2,332,2.67,Potential Loyalists
CUST-08217,213,5,1936.21,3,3,3,333,3.0,Potential Loyalists
CUST-07163,213,5,2320.85,3,3,4,334,3.33,Potential Loyalists
CUST-12285,213,5,2471.05,3,3,4,334,3.33,Potential Loyalists
CUST-04209,213,6,1427.2,3,4,3,343,3.33,Loyal Customers
CUST-10473,213,6,1610.0,3,4,3,343,3.33,Loyal Customers
CUST-09119,213,6,1737.39,3,4,3,343,3.33,Loyal Customers
CUST-10328,213,6,2253.33,3,4,4,344,3.67,Loyal Customers
CUST-11739,213,6,2647.04,3,4,4,344,3.67,Loyal Customers
CUST-10605,213,8,2578.25,3,5,4,354,4.0,Loyal Customers
CUST-12242,213,8,2940.38,3,5,4,354,4.0,Loyal Customers
CUST-13977,213,10,3164.95,3,5,5,355,4.33,Loyal Customers
CUST-11952,212,2,541.71,3,1,1,311,1.67,Needs Attention
CUST-00047,212,3,1545.5,3,2,3,323,2.67,Promising
CUST-06303,212,3,1642.53,3,2,3,323,2.67,Promising
CUST-13483,212,3,2096.93,3,2,4,324,3.0,Promising
CUST-08324,212,4,2013.53,3,2,3,323,2.67,Promising
CUST-06179,212,4,2027.49,3,2,3,323,2.67,Promising
CUST-12064,212,4,2494.67,3,3,4,334,3.33,Potential Loyalists
CUST-09354,212,4,3090.76,3,3,5,335,3.67,Potential Loyalists
CUST-12525,212,5,1140.49,3,3,2,332,2.67,Potential Loyalists
CUST-03028,212,5,1568.85,3,3,3,333,3.0,Potential Loyalists
CUST-14021,212,6,3041.12,3,4,5,345,4.0,Loyal Customers
CUST-04414,212,6,5077.03,3,4,5,345,4.0,Loyal Customers
CUST-05594,212,7,897.55,3,4,2,342,3.0,Potential Loyalists
CUST-02191,212,7,1328.62,3,4,2,342,3.0,Potential Loyalists
CUST-14107,212,7,4952.75,3,5,5,355,4.33,Loyal Customers
CUST-11163,212,8,3893.98,3,5,5,355,4.33,Loyal Customers
CUST-00223,212,9,1158.15,3,5,2,352,3.33,Potential Loyalists
CUST-05770,212,9,2669.22,3,5,4,354,4.0,Loyal Customers
CUST-12928,212,9,6505.23,3,5,5,355,4.33,Loyal Customers
CUST-01721,211,4,432.26,3,2,1,321,2.0,Needs Attention
CUST-06625,211,4,2090.1,3,2,4,324,3.0,Promising
CUST-11061,211,4,2617.37,3,3,4,334,3.33,Potential Loyalists
CUST-02564,211,4,2621.25,3,3,4,334,3.33,Potential Loyalists
CUST-10677,211,5,1227.1,3,3,2,332,2.67,Potential Loyalists
CUST-00723,211,5,1305.23,3,3,2,332,2.67,Potential Loyalists
CUST-00344,211,5,1497.29,3,3,3,333,3.0,Potential Loyalists
CUST-08896,211,5,2396.36,3,3,4,334,3.33,Potential Loyalists
CUST-14198,211,7,2519.97,3,5,4,354,4.0,Loyal Customers
CUST-01764,211,7,2802.41,3,5,4,354,4.0,Loyal Customers
CUST-11579,211,7,2864.88,3,5,4,354,4.0,Loyal Customers
CUST-12672,211,8,5159.47,3,5,5,355,4.33,Loyal Customers
CUST-02199,211,8,5162.63,3,5,5,355,4.33,Loyal Customers
CUST-00123,211,9,2069.69,3,5,3,353,3.67,Loyal Customers
CUST-02222,211,9,3404.14,3,5,5,355,4.33,Loyal Customers
CUST-12785,211,11,2297.86,3,5,4,354,4.0,Loyal Customers
CUST-03892,211,12,4649.36,3,5,5,355,4.33,Loyal Customers
CUST-07349,210,2,125.09,3,1,1,311,1.67,Needs Attention
CUST-02190,210,3,460.59,3,1,1,311,1.67,Needs Attention
CUST-08372,210,3,487.64,3,1,1,311,1.67,Needs Attention
CUST-05135,210,3,953.69,3,1,2,312,2.0,Needs Attention
CUST-11927,210,3,1637.1,3,2,3,323,2.67,Promising
CUST-05325,210,3,1723.65,3,2,3,323,2.67,Promising
CUST-07539,210,4,368.33,3,2,1,321,2.0,Needs Attention
CUST-10994,210,4,551.13,3,2,1,321,2.0,Needs Attention
CUST-03828,210,4,1218.14,3,2,2,322,2.33,Needs Attention
CUST-00326,210,4,1564.73,3,2,3,323,2.67,Promising
CUST-02072,210,4,1950.05,3,2,3,323,2.67,Promising
CUST-08755,210,4,2617.63,3,3,4,334,3.33,Potential Loyalists
CUST-12877,210,4,2751.64,3,3,4,334,3.33,Potential Loyalists
CUST-07354,210,4,2860.52,3,3,4,334,3.33,Potential Loyalists
CUST-03008,210,4,3339.53,3,3,5,335,3.67,Potential Loyalists
CUST-04182,210,5,947.07,3,3,2,332,2.67,Potential Loyalists
CUST-02431,210,5,1223.31,3,3,2,332,2.67,Potential Loyalists
CUST-13628,210,5,1855.98,3,3,3,333,3.0,Potential Loyalists
CUST-05287,210,5,2113.71,3,3,4,334,3.33,Potential Loyalists
CUST-08476,210,5,2789.5,3,3,4,334,3.33,Potential Loyalists
CUST-03007,210,5,3182.84,3,3,5,335,3.67,Potential Loyalists
CUST-05055,210,5,3660.62,3,3,5,335,3.67,Potential Loyalists
CUST-05579,210,6,898.08,3,4,2,342,3.0,Potential Loyalists
CUST-05722,210,6,2764.62,3,4,4,344,3.67,Loyal Customers
CUST-02147,210,7,1680.03,3,4,3,343,3.33,Loyal Customers
CUST-07972,210,7,2015.95,3,4,3,343,3.33,Loyal Customers
CUST-14790,210,7,2173.3,3,5,4,354,4.0,Loyal Customers
CUST-01154,210,7,2320.5,3,5,4,354,4.0,Loyal Customers
CUST-08066,210,9,3076.74,3,5,5,355,4.33,Loyal Customers
CUST-06556,209,2,217.12,3,1,1,311,1.67,Needs Attention
CUST-13442,209,3,209.57,3,1,1,311,1.67,Needs Attention
CUST-10570,209,3,1397.46,3,2,3,323,2.67,Promising
CUST-00052,209,4,384.78,3,2,1,321,2.0,Needs Attention
CUST-09248,209,4,1306.25,3,2,2,322,2.33,Needs Attention
CUST-01870,209,4,1367.12,3,2,2,322,2.33,Needs Attention
CUST-10016,209,4,1836.3,3,2,3,323,2.67,Promising
CUST-01332,209,4,1914.81,3,2,3,323,2.67,Promising
CUST-10055,209,4,2103.18,3,2,4,324,3.0,Promising
CUST-09062,209,4,2600.04,3,3,4,334,3.33,Potential Loyalists
CUST-13436,209,4,2798.53,3,3,4,334,3.33,Potential Loyalists
CUST-07311,209,5,677.49,3,3,1,331,2.33,Potential Loyalists
CUST-08532,209,5,3000.01,3,3,4,334,3.33,Potential Loyalists
CUST-02917,209,7,2580.53,3,5,4,354,4.0,Loyal Customers
CUST-03966,209,7,3648.36,3,5,5,355,4.33,Loyal Customers
CUST-00928,209,8,1307.94,3,5,2,352,3.33,Potential Loyalists
CUST-02531,209,8,1448.08,3,5,3,353,3.67,Loyal Customers
CUST-13293,209,9,4447.83,3,5,5,355,4.33,Loyal Customers
CUST-05744,208,2,194.02,3,1,1,311,1.67,Needs Attention
CUST-05689,208,2,286.94,3,1,1,311,1.67,Needs Attention
CUST-01850,208,2,547.62,3,1,1,311,1.67,Needs Attention
CUST-09551,208,3,729.85,3,1,1,311,1.67,Needs Attention
CUST-12497,208,3,1818.21,3,2,3,323,2.67,Promising
CUST-02030,208,4,584.83,3,2,1,321,2.0,Needs Attention
CUST-05595,208,4,616.92,3,2,1,321,2.0,Needs Attention
CUST-02927,208,4,693.57,3,2,1,321,2.0,Needs Attention
CUST-02618,208,4,883.54,3,2,2,322,2.33,Needs Attention
CUST-06185,208,4,1445.6,3,2,3,323,2.67,Promising
CUST-08392,208,5,840.93,3,3,2,332,2.67,Potential Loyalists
CUST-06691,208,5,1238.32,3,3,2,332,2.67,Potential Loyalists
CUST-06331,208,5,1636.06,3,3,3,333,3.0,Potential Loyalists
CUST-12916,208,5,2047.42,3,3,3,333,3.0,Potential Loyalists
CUST-05048,208,5,2422.95,3,3,4,334,3.33,Potential Loyalists
CUST-02463,208,5,4896.6,3,4,5,345,4.0,Loyal Customers
CUST-12236,208,6,1058.65,3,4,2,342,3.0,Potential Loyalists
CUST-14441,208,6,1544.95,3,4,3,343,3.33,Loyal Customers
CUST-12335,208,6,2037.14,3,4,3,343,3.33,Loyal Customers
CUST-11326,208,6,3097.97,3,4,5,345,4.0,Loyal Customers
CUST-13091,208,7,1386.43,3,4,2,342,3.0,Potential Loyalists
CUST-07853,208,7,2509.55,3,5,4,354,4.0,Loyal Customers
CUST-06297,208,7,6514.86,3,5,5,355,4.33,Loyal Customers
CUST-13643,208,8,2042.65,3,5,3,353,3.67,Loyal Customers
CUST-07169,208,12,2475.36,3,5,4,354,4.0,Loyal Customers
CUST-10766,208,12,4690.43,3,5,5,355,4.33,Loyal Customers
CUST-03321,207,3,629.55,3,1,1,311,1.67,Needs Attention
CUST-00274,207,3,1046.3,3,1,2,312,2.0,Needs Attention
CUST-06279,207,3,1176.36,3,2,2,322,2.33,Needs Attention
CUST-03660,207,3,1384.49,3,2,2,322,2.33,Needs Attention
CUST-08738,207,3,1631.63,3,2,3,323,2.67,Promising
CUST-05552,207,4,516.03,3,2,1,321,2.0,Needs Attention
CUST-05909,207,4,1077.84,3,2,2,322,2.33,Needs Attention
CUST-00560,207,4,3068.25,3,3,5,335,3.67,Potential Loyalists
CUST-13177,207,4,4017.0,3,3,5,335,3.67,Potential Loyalists
CUST-13802,207,5,1299.09,3,3,2,332,2.67,Potential Loyalists
CUST-09597,207,5,2557.41,3,3,4,334,3.33,Potential Loyalists
CUST-13307,207,5,3019.97,3,3,5,335,3.67,Potential Loyalists
CUST-07697,207,5,3109.38,3,3,5,335,3.67,Potential Loyalists
CUST-10407,207,6,2321.97,3,4,4,344,3.67,Loyal Customers
CUST-09197,207,6,2443.48,3,4,4,344,3.67,Loyal Customers
CUST-11606,207,6,3605.54,3,4,5,345,4.0,Loyal Customers
CUST-04300,207,7,2365.42,3,5,4,354,4.0,Loyal Customers
CUST-09589,207,7,5203.75,3,5,5,355,4.33,Loyal Customers
CUST-14755,207,8,1728.89,3,5,3,353,3.67,Loyal Customers
CUST-01307,207,9,2560.99,3,5,4,354,4.0,Loyal Customers
CUST-07987,207,10,2276.34,3,5,4,354,4.0,Loyal Customers
CUST-05145,207,12,9373.06,3,5,5,355,4.33,Loyal Customers
CUST-11373,206,2,374.03,3,1,1,311,1.67,Needs Attention
CUST-09672,206,3,369.44,3,1,1,311,1.67,Needs Attention
CUST-05834,206,3,603.9,3,1,1,311,1.67,Needs Attention
CUST-07791,206,3,1861.92,3,2,3,323,2.67,Promising
CUST-13017,206,3,2532.01,3,2,4,324,3.0,Promising
CUST-11932,206,4,278.3,3,2,1,321,2.0,Needs Attention
CUST-08857,206,4,378.81,3,2,1,321,2.0,Needs Attention
CUST-10393,206,4,818.15,3,2,2,322,2.33,Needs Attention
CUST-08509,206,4,820.26,3,2,2,322,2.33,Needs Attention
CUST-11004,206,4,995.8,3,2,2,322,2.33,Needs Attention
CUST-11614,206,4,1048.89,3,2,2,322,2.33,Needs Attention
CUST-00841,206,4,1758.92,3,2,3,323,2.67,Promising
CUST-06349,206,4,2075.43,3,2,4,324,3.0,Promising
CUST-05181,206,5,319.66,3,3,1,331,2.33,Potential Loyalists
CUST-00790,206,5,575.57,3,3,1,331,2.33,Potential Loyalists
CUST-09314,206,5,1070.06,3,3,2,332,2.67,Potential Loyalists
CUST-10511,206,5,1341.61,3,3,2,332,2.67,Potential Loyalists
CUST-05235,206,5,1493.84,3,3,3,333,3.0,Potential Loyalists
CUST-05490,206,5,2110.96,3,3,4,334,3.33,Potential Loyalists
CUST-00020,206,5,2335.43,3,3,4,334,3.33,Potential Loyalists
CUST-01835,206,5,2760.27,3,3,4,334,3.33,Potential Loyalists
CUST-01636,206,5,3803.87,3,4,5,345,4.0,Loyal Customers
CUST-09678,206,5,3934.72,3,4,5,345,4.0,Loyal Customers
CUST-02862,206,6,413.13,3,4,1,341,2.67,Potential Loyalists
CUST-07424,206,6,900.86,3,4,2,342,3.0,Potential Loyalists
CUST-08347,206,6,1683.29,3,4,3,343,3.33,Loyal Customers
CUST-01848,206,6,4204.68,3,4,5,345,4.0,Loyal Customers
CUST-05141,206,7,1374.96,3,4,2,342,3.0,Potential Loyalists
CUST-07062,206,7,1487.19,3,4,3,343,3.33,Loyal Customers
CUST-03101,206,7,1687.1,3,4,3,343,3.33,Loyal Customers
CUST-14222,206,8,2721.02,3,5,4,354,4.0,Loyal Customers
CUST-01821,206,9,1776.1,3,5,3,353,3.67,Loyal Customers
CUST-01983,206,9,1778.42,3,5,3,353,3.67,Loyal Customers
CUST-11631,206,9,4235.45,3,5,5,355,4.33,Loyal Customers
CUST-07039,205,3,1566.2,3,2,3,323,2.67,Promising
CUST-05732,205,4,479.2,3,2,1,321,2.0,Needs Attention
CUST-03166,205,4,1172.81,3,2,2,322,2.33,Needs Attention
CUST-05166,205,5,602.28,3,3,1,331,2.33,Potential Loyalists
CUST-14225,205,5,764.36,3,3,2,332,2.67,Potential Loyalists
CUST-02783,205,5,1311.28,3,3,2,332,2.67,Potential Loyalists
CUST-10724,205,5,3020.92,3,3,5,335,3.67,Potential Loyalists
CUST-04798,205,6,2009.34,3,4,3,343,3.33,Loyal Customers
CUST-02149,205,7,1016.57,3,4,2,342,3.0,Potential Loyalists
CUST-03431,205,7,2221.54,3,5,4,354,4.0,Loyal Customers
CUST-02560,205,7,3098.59,3,5,5,355,4.33,Loyal Customers
CUST-01036,205,7,4755.9,3,5,5,355,4.33,Loyal Customers
CUST-05495,205,8,3241.64,3,5,5,355,4.33,Loyal Customers
CUST-06258,205,8,4694.66,3,5,5,355,4.33,Loyal Customers
CUST-14284,204,2,268.63,3,1,1,311,1.67,Needs Attention
CUST-14747,204,2,364.27,3,1,1,311,1.67,Needs Attention
CUST-02310,204,2,800.69,3,1,2,312,2.0,Needs Attention
CUST-04674,204,2,1791.59,3,1,3,313,2.33,Promising
CUST-14943,204,3,595.62,3,1,1,311,1.67,Needs Attention
CUST-01204,204,3,2231.63,3,2,4,324,3.0,Promising
CUST-07287,204,4,557.93,3,2,1,321,2.0,Needs Attention
CUST-10287,204,4,854.97,3,2,2,322,2.33,Needs Attention
CUST-14722,204,4,932.09,3,2,2,322,2.33,Needs Attention
CUST-12463,204,4,1200.85,3,2,2,322,2.33,Needs Attention
CUST-06143,204,4,1528.71,3,2,3,323,2.67,Promising
CUST-11625,204,4,1580.61,3,2,3,323,2.67,Promising
CUST-08123,204,4,2760.55,3,3,4,334,3.33,Potential Loyalists
CUST-11849,204,4,3222.27,3,3,5,335,3.67,Potential Loyalists
CUST-10486,204,5,796.23,3,3,2,332,2.67,Potential Loyalists
CUST-09620,204,5,1187.29,3,3,2,332,2.67,Potential Loyalists
CUST-10961,204,5,1524.82,3,3,3,333,3.0,Potential Loyalists
CUST-03717,204,5,1564.66,3,3,3,333,3.0,Potential Loyalists
CUST-02145,204,5,1964.5,3,3,3,333,3.0,Potential Loyalists
CUST-10877,204,5,2919.8,3,3,4,334,3.33,Potential Loyalists
CUST-11863,204,5,4090.73,3,4,5,345,4.0,Loyal Customers
CUST-13445,204,6,1103.47,3,4,2,342,3.0,Potential Loyalists
CUST-05115,204,6,1203.05,3,4,2,342,3.0,Potential Loyalists
CUST-14935,204,6,1497.39,3,4,3,343,3.33,Loyal Customers
CUST-04428,204,6,3021.81,3,4,5,345,4.0,Loyal Customers
CUST-00832,204,7,2325.12,3,5,4,354,4.0,Loyal Customers
CUST-12299,204,7,2463.83,3,5,4,354,4.0,Loyal Customers
CUST-11018,204,7,3923.53,3,5,5,355,4.33,Loyal Customers
CUST-13552,204,8,1482.16,3,5,3,353,3.67,Loyal Customers
CUST-04295,204,9,3786.57,3,5,5,355,4.33,Loyal Customers
CUST-02841,204,10,2911.91,3,5,4,354,4.0,Loyal Customers
CUST-05242,203,2,254.16,3,1,1,311,1.67,Needs Attention
CUST-05596,203,2,594.26,3,1,1,311,1.67,Needs Attention
CUST-01478,203,3,1048.19,3,1,2,312,2.0,Needs Attention
CUST-03662,203,3,1165.95,3,2,2,322,2.33,Needs Attention
CUST-01580,203,3,1635.62,3,2,3,323,2.67,Promising
CUST-03869,203,3,1643.08,3,2,3,323,2.67,Promising
CUST-02073,203,3,1748.29,3,2,3,323,2.67,Promising
CUST-06307,203,4,467.87,3,2,1,321,2.0,Needs Attention
CUST-10073,203,4,766.84,3,2,2,322,2.33,Needs Attention
CUST-09963,203,4,1942.15,3,2,3,323,2.67,Promising
CUST-02246,203,4,3496.07,3,3,5,335,3.67,Potential Loyalists
CUST-04738,203,5,771.45,3,3,2,332,2.67,Potential Loyalists
CUST-01038,203,5,1297.54,3,3,2,332,2.67,Potential Loyalists
CUST-05947,203,5,2309.81,3,3,4,334,3.33,Potential Loyalists
CUST-06539,203,5,2356.06,3,3,4,334,3.33,Potential Loyalists
CUST-09925,203,6,2454.1,3,4,4,344,3.67,Loyal Customers
CUST-09151,203,6,2863.63,3,4,4,344,3.67,Loyal Customers
CUST-02964,203,7,2379.08,3,5,4,354,4.0,Loyal Customers
CUST-05473,203,7,3066.41,3,5,5,355,4.33,Loyal Customers
CUST-11654,203,10,3168.03,3,5,5,355,4.33,Loyal Customers
CUST-09112,202,2,169.9,3,1,1,311,1.67,Needs Attention
CUST-05965,202,2,622.73,3,1,1,311,1.67,Needs Attention
CUST-01103,202,4,627.63,3,2,1,321,2.0,Needs Attention
CUST-06109,202,4,658.79,3,2,1,321,2.0,Needs Attention
CUST-05789,202,4,815.58,3,2,2,322,2.33,Needs Attention
CUST-02379,202,4,1373.79,3,2,2,322,2.33,Needs Attention
CUST-13432,202,5,1101.63,3,3,2,332,2.67,Potential Loyalists
CUST-03805,202,5,1107.67,3,3,2,332,2.67,Potential Loyalists
CUST-14597,202,5,2346.76,3,3,4,334,3.33,Potential Loyalists
CUST-13501,202,5,2417.13,3,3,4,334,3.33,Potential Loyalists
CUST-11248,202,5,2505.42,3,3,4,334,3.33,Potential Loyalists
CUST-07050,202,5,3457.03,3,3,5,335,3.67,Potential Loyalists
CUST-10539,202,6,647.01,3,4,1,341,2.67,Potential Loyalists
CUST-12773,202,7,1172.47,3,4,2,342,3.0,Potential Loyalists
CUST-13721,202,7,2023.58,3,4,3,343,3.33,Loyal Customers
CUST-10856,202,7,3738.8,3,5,5,355,4.33,Loyal Customers
CUST-04147,202,8,3014.34,3,5,5,355,4.33,Loyal Customers
CUST-08285,202,9,5765.57,3,5,5,355,4.33,Loyal Customers
CUST-12108,201,2,149.09,3,1,1,311,1.67,Needs Attention
CUST-06339,201,2,740.18,3,1,1,311,1.67,Needs Attention
CUST-09712,201,3,352.42,3,1,1,311,1.67,Needs Attention
CUST-13157,201,3,1058.4,3,1,2,312,2.0,Needs Attention
CUST-02546,201,3,3070.96,3,2,5,325,3.33,Promising
CUST-07444,201,4,1266.03,3,2,2,322,2.33,Needs Attention
CUST-03765,201,4,3455.98,3,3,5,335,3.67,Potential Loyalists
CUST-08854,201,5,722.08,3,3,1,331,2.33,Potential Loyalists
CUST-01828,201,5,1312.73,3,3,2,332,2.67,Potential Loyalists
CUST-09537,201,5,2389.72,3,3,4,334,3.33,Potential Loyalists
CUST-05625,201,6,1199.25,3,4,2,342,3.0,Potential Loyalists
CUST-00392,201,7,1974.04,3,4,3,343,3.33,Loyal Customers
CUST-06756,201,7,2780.88,3,5,4,354,4.0,Loyal Customers
CUST-09966,201,7,2949.98,3,5,4,354,4.0,Loyal Customers
CUST-00613,200,2,139.95,3,1,1,311,1.67,Needs Attention
CUST-09097,200,2,469.55,3,1,1,311,1.67,Needs Attention
CUST-14472,200,3,269.23,3,1,1,311,1.67,Needs Attention
CUST-04739,200,3,583.88,3,1,1,311,1.67,Needs Attention
CUST-00874,200,3,584.21,3,1,1,311,1.67,Needs Attention
CUST-08874,200,3,637.32,3,1,1,311,1.67,Needs Attention
CUST-11305,200,3,737.21,3,1,1,311,1.67,Needs Attention
CUST-06118,200,3,1054.35,3,1,2,312,2.0,Needs Attention
CUST-03220,200,3,1076.09,3,1,2,312,2.0,Needs Attention
CUST-09481,200,3,1439.48,3,2,3,323,2.67,Promising
CUST-00492,200,4,626.1,3,2,1,321,2.0,Needs Attention
CUST-10304,200,4,895.47,3,2,2,322,2.33,Needs Attention
CUST-14012,200,4,1000.77,3,2,2,322,2.33,Needs Attention
CUST-09407,200,4,1006.0,3,2,2,322,2.33,Needs Attention
CUST-09098,200,4,1093.4,3,2,2,322,2.33,Needs Attention
CUST-02267,200,4,2054.72,3,2,3,323,2.67,Promising
CUST-11311,200,5,1568.1,3,3,3,333,3.0,Potential Loyalists
CUST-09429,200,5,1954.02,3,3,3,333,3.0,Potential Loyalists
CUST-10130,200,5,1961.65,3,3,3,333,3.0,Potential Loyalists
CUST-02276,200,5,2082.24,3,3,4,334,3.33,Potential Loyalists
CUST-11062,200,5,2167.6,3,3,4,334,3.33,Potential Loyalists
CUST-14100,200,5,2727.25,3,3,4,334,3.33,Potential Loyalists
CUST-02375,200,5,2932.34,3,3,4,334,3.33,Potential Loyalists
CUST-02095,200,6,1161.22,3,4,2,342,3.0,Potential Loyalists
CUST-03827,200,6,2692.49,3,4,4,344,3.67,Loyal Customers
CUST-02416,200,7,1760.98,3,4,3,343,3.33,Loyal Customers
CUST-04522,200,7,2852.76,3,5,4,354,4.0,Loyal Customers
CUST-11432,200,7,3035.57,3,5,5,355,4.33,Loyal Customers
CUST-01917,200,7,3346.19,3,5,5,355,4.33,Loyal Customers
CUST-09137,200,8,1527.11,3,5,3,353,3.67,Loyal Customers
CUST-14113,199,2,368.01,3,1,1,311,1.67,Needs Attention
CUST-12888,199,2,443.83,3,1,1,311,1.67,Needs Attention
CUST-14994,199,2,625.67,3,1,1,311,1.67,Needs Attention
CUST-07167,199,2,706.37,3,1,1,311,1.67,Needs Attention
CUST-14509,199,2,931.76,3,1,2,312,2.0,Needs Attention
CUST-06202,199,2,1532.67,3,1,3,313,2.33,Promising
CUST-05927,199,4,427.17,3,2,1,321,2.0,Needs Attention
CUST-03915,199,4,647.32,3,2,1,321,2.0,Needs Attention
CUST-08209,199,4,1306.65,3,2,2,322,2.33,Needs Attention
CUST-08241,199,5,315.63,3,3,1,331,2.33,Potential Loyalists
CUST-08610,199,5,1593.8,3,3,3,333,3.0,Potential Loyalists
CUST-05966,199,5,1826.84,3,3,3,333,3.0,Potential Loyalists
CUST-03958,199,5,2382.86,3,3,4,334,3.33,Potential Loyalists
CUST-00701,199,5,2797.62,3,3,4,334,3.33,Potential Loyalists
CUST-07405,199,5,3080.97,3,3,5,335,3.67,Potential Loyalists
CUST-06348,199,5,3443.02,3,3,5,335,3.67,Potential Loyalists
CUST-08771,199,6,1205.47,3,4,2,342,3.0,Potential Loyalists
CUST-11299,199,6,1706.79,3,4,3,343,3.33,Loyal Customers
CUST-14870,199,6,2176.86,3,4,4,344,3.67,Loyal Customers
CUST-04510,199,6,2286.11,3,4,4,344,3.67,Loyal Customers
CUST-05228,199,6,2330.97,3,4,4,344,3.67,Loyal Customers
CUST-11064,199,6,2407.78,3,4,4,344,3.67,Loyal Customers
CUST-13267,199,6,2823.98,3,4,4,344,3.67,Loyal Customers
CUST-06003,199,6,2851.03,3,4,4,344,3.67,Loyal Customers
CUST-09215,199,8,3049.8,3,5,5,355,4.33,Loyal Customers
CUST-12373,199,11,8932.77,3,5,5,355,4.33,Loyal Customers
CUST-09493,198,2,2303.05,3,1,4,314,2.67,Promising
CUST-10573,198,3,1240.52,3,2,2,322,2.33,Needs Attention
CUST-04002,198,3,1508.53,3,2,3,323,2.67,Promising
CUST-07997,198,3,1999.19,3,2,3,323,2.67,Promising
CUST-10723,198,3,2630.11,3,2,4,324,3.0,Promising
CUST-14640,198,4,851.68,3,2,2,322,2.33,Needs Attention
CUST-11535,198,4,892.97,3,2,2,322,2.33,Needs Attention
CUST-03855,198,4,1422.92,3,2,3,323,2.67,Promising
CUST-07747,198,4,2261.18,3,2,4,324,3.0,Promising
CUST-14810,198,4,2516.86,3,3,4,334,3.33,Potential Loyalists
CUST-04866,198,5,1276.15,3,3,2,332,2.67,Potential Loyalists
CUST-12940,198,5,1424.99,3,3,3,333,3.0,Potential Loyalists
CUST-00191,198,5,2133.6,3,3,4,334,3.33,Potential Loyalists
CUST-10754,198,5,3047.87,3,3,5,335,3.67,Potential Loyalists
CUST-05903,198,6,1779.2,3,4,3,343,3.33,Loyal Customers
CUST-06495,198,6,2542.71,3,4,4,344,3.67,Loyal Customers
CUST-14961,198,6,2983.97,3,4,4,344,3.67,Loyal Customers
CUST-03147,198,7,737.54,3,4,1,341,2.67,Potential Loyalists
CUST-06658,198,7,1600.39,3,4,3,343,3.33,Loyal Customers
CUST-14984,198,7,2020.34,3,4,3,343,3.33,Loyal Customers
CUST-02976,198,7,3217.31,3,5,5,355,4.33,Loyal Customers
CUST-08786,198,7,3986.96,3,5,5,355,4.33,Loyal Customers
CUST-01148,198,8,2259.73,3,5,4,354,4.0,Loyal Customers
CUST-02915,198,8,2438.5,3,5,4,354,4.0,Loyal Customers
CUST-10730,198,8,2701.23,3,5,4,354,4.0,Loyal Customers
CUST-01897,198,8,3360.29,3,5,5,355,4.33,Loyal Customers
CUST-03203,198,9,3085.92,3,5,5,355,4.33,Loyal Customers
CUST-11421,198,9,3441.84,3,5,5,355,4.33,Loyal Customers
CUST-02067,198,9,6097.87,3,5,5,355,4.33,Loyal Customers
CUST-05597,197,2,235.92,3,1,1,311,1.67,Needs Attention
CUST-05841,197,3,968.15,3,1,2,312,2.0,Needs Attention
CUST-03888,197,3,1559.1,3,2,3,323,2.67,Promising
CUST-01344,197,4,365.93,3,2,1,321,2.0,Needs Attention
CUST-01331,197,4,992.16,3,2,2,322,2.33,Needs Attention
CUST-07541,197,4,1071.38,3,2,2,322,2.33,Needs Attention
CUST-01858,197,4,1106.03,3,2,2,322,2.33,Needs Attention
CUST-09983,197,5,596.65,3,3,1,331,2.33,Potential Loyalists
CUST-06962,197,5,1008.97,3,3,2,332,2.67,Potential Loyalists
CUST-04480,197,5,1436.48,3,3,3,333,3.0,Potential Loyalists
CUST-04769,197,5,2643.7,3,3,4,334,3.33,Potential Loyalists
CUST-08026,197,5,2944.51,3,3,4,334,3.33,Potential Loyalists
CUST-04484,197,5,3005.06,3,3,5,335,3.67,Potential Loyalists
CUST-00126,197,5,3384.25,3,3,5,335,3.67,Potential Loyalists
CUST-04824,197,6,803.52,3,4,2,342,3.0,Potential Loyalists
CUST-00113,197,6,1090.93,3,4,2,342,3.0,Potential Loyalists
CUST-07535,197,6,1589.81,3,4,3,343,3.33,Loyal Customers
CUST-05764,197,6,2169.13,3,4,4,344,3.67,Loyal Customers
CUST-06711,197,6,4433.52,3,4,5,345,4.0,Loyal Customers
CUST-14228,197,7,2597.68,3,5,4,354,4.0,Loyal Customers
CUST-09305,197,7,3647.95,3,5,5,355,4.33,Loyal Customers
CUST-01775,197,8,4845.39,3,5,5,355,4.33,Loyal Customers
CUST-04398,197,8,5004.51,3,5,5,355,4.33,Loyal Customers
CUST-09414,197,9,1948.78,3,5,3,353,3.67,Loyal Customers
CUST-01973,197,9,4227.68,3,5,5,355,4.33,Loyal Customers
CUST-05823,196,3,186.42,3,1,1,311,1.67,Needs Attention
CUST-08033,196,3,1867.58,3,2,3,323,2.67,Promising
CUST-09318,196,4,673.23,3,2,1,321,2.0,Needs Attention
CUST-02435,196,4,1110.55,3,2,2,322,2.33,Needs Attention
CUST-03505,196,4,2957.91,3,3,4,334,3.33,Potential Loyalists
CUST-07494,196,5,1231.34,3,3,2,332,2.67,Potential Loyalists
CUST-11510,196,5,1374.63,3,3,2,332,2.67,Potential Loyalists
CUST-06170,196,6,1518.63,3,4,3,343,3.33,Loyal Customers
CUST-04708,196,6,2275.18,3,4,4,344,3.67,Loyal Customers
CUST-05561,196,6,2343.59,3,4,4,344,3.67,Loyal Customers
CUST-11059,196,6,2466.18,3,4,4,344,3.67,Loyal Customers
CUST-09211,196,6,2484.48,3,4,4,344,3.67,Loyal Customers
CUST-09409,196,6,2916.94,3,4,4,344,3.67,Loyal Customers
CUST-01496,196,6,3530.77,3,4,5,345,4.0,Loyal Customers
CUST-03701,196,6,4014.18,3,4,5,345,4.0,Loyal Customers
CUST-09680,196,6,4601.9,3,4,5,345,4.0,Loyal Customers
CUST-10919,196,7,2109.99,3,5,4,354,4.0,Loyal Customers
CUST-06388,196,7,2271.13,3,5,4,354,4.0,Loyal Customers
CUST-01525,196,7,2489.67,3,5,4,354,4.0,Loyal Customers
CUST-03559,196,7,4365.89,3,5,5,355,4.33,Loyal Customers
CUST-00401,196,8,1014.45,3,5,2,352,3.33,Potential Loyalists
CUST-04354,196,8,2424.89,3,5,4,354,4.0,Loyal Customers
CUST-05476,195,2,505.19,3,1,1,311,1.67,Needs Attention
CUST-11907,195,2,1081.83,3,1,2,312,2.0,Needs Attention
CUST-00332,195,3,578.55,3,1,1,311,1.67,Needs Attention
CUST-03055,195,3,1449.45,3,2,3,323,2.67,Promising
CUST-01232,195,3,1695.29,3,2,3,323,2.67,Promising
CUST-04418,195,3,2337.38,3,2,4,324,3.0,Promising
CUST-09831,195,4,833.31,3,2,2,322,2.33,Needs Attention
CUST-10181,195,4,889.39,3,2,2,322,2.33,Needs Attention
CUST-12915,195,4,895.05,3,2,2,322,2.33,Needs Attention
CUST-11007,195,4,1150.23,3,2,2,322,2.33,Needs Attention
CUST-00792,195,4,1660.9,3,2,3,323,2.67,Promising
CUST-00239,195,4,1690.81,3,2,3,323,2.67,Promising
CUST-11301,195,4,1746.17,3,2,3,323,2.67,Promising
CUST-02626,195,4,2473.46,3,3,4,334,3.33,Potential Loyalists
CUST-10812,195,5,852.76,3,3,2,332,2.67,Potential Loyalists
CUST-03911,195,5,1034.46,3,3,2,332,2.67,Potential Loyalists
CUST-08187,195,5,1174.58,3,3,2,332,2.67,Potential Loyalists
CUST-09524,195,5,2141.75,3,3,4,334,3.33,Potential Loyalists
CUST-03315,195,5,2261.59,3,3,4,334,3.33,Potential Loyalists
CUST-09344,195,6,2484.47,3,4,4,344,3.67,Loyal Customers
CUST-04996,195,6,3721.6,3,4,5,345,4.0,Loyal Customers
CUST-13288,195,6,3894.0,3,4,5,345,4.0,Loyal Customers
CUST-06929,195,7,461.1,3,4,1,341,2.67,Potential Loyalists
CUST-05593,195,7,1667.59,3,4,3,343,3.33,Loyal Customers
CUST-03040,195,7,2212.16,3,5,4,354,4.0,Loyal Customers
CUST-10879,195,8,2900.93,3,5,4,354,4.0,Loyal Customers
CUST-07248,195,9,4868.26,3,5,5,355,4.33,Loyal Customers
CUST-09896,195,10,3654.34,3,5,5,355,4.33,Loyal Customers
CUST-05953,194,3,665.37,3,1,1,311,1.67,Needs Attention
CUST-10640,194,3,1513.34,3,2,3,323,2.67,Promising
CUST-04290,194,4,1363.48,3,2,2,322,2.33,Needs Attention
CUST-12602,194,4,1630.94,3,2,3,323,2.67,Promising
CUST-03639,194,4,2048.94,3,2,3,323,2.67,Promising
CUST-05377,194,4,2136.76,3,2,4,324,3.0,Promising
CUST-09046,194,4,2403.42,3,3,4,334,3.33,Potential Loyalists
CUST-13414,194,5,1613.25,3,3,3,333,3.0,Potential Loyalists
CUST-05415,194,5,2267.09,3,3,4,334,3.33,Potential Loyalists
CUST-12357,194,5,2989.39,3,3,4,334,3.33,Potential Loyalists
CUST-03516,194,6,1080.19,3,4,2,342,3.0,Potential Loyalists
CUST-01733,194,6,1584.89,3,4,3,343,3.33,Loyal Customers
CUST-08183,194,6,2598.43,3,4,4,344,3.67,Loyal Customers
CUST-07785,194,7,730.05,3,4,1,341,2.67,Potential Loyalists
CUST-13081,194,7,1686.46,3,4,3,343,3.33,Loyal Customers
CUST-05247,194,7,2358.99,3,5,4,354,4.0,Loyal Customers
CUST-14250,194,7,4348.2,3,5,5,355,4.33,Loyal Customers
CUST-12133,194,10,5410.84,3,5,5,355,4.33,Loyal Customers
CUST-05037,193,2,2518.72,3,1,4,314,2.67,Promising
CUST-13300,193,3,548.19,3,1,1,311,1.67,Needs Attention
CUST-04483,193,3,1626.76,3,2,3,323,2.67,Promising
CUST-05441,193,4,752.4,3,2,1,321,2.0,Needs Attention
CUST-10997,193,4,811.43,3,2,2,322,2.33,Needs Attention
CUST-13072,193,4,992.65,3,2,2,322,2.33,Needs Attention
CUST-09322,193,4,1374.97,3,2,2,322,2.33,Needs Attention
CUST-06192,193,4,1957.76,3,2,3,323,2.67,Promising
CUST-03065,193,4,2114.21,3,2,4,324,3.0,Promising
CUST-00803,193,5,424.78,3,3,1,331,2.33,Potential Loyalists
CUST-03555,193,5,951.73,3,3,2,332,2.67,Potential Loyalists
CUST-01280,193,5,1130.65,3,3,2,332,2.67,Potential Loyalists
CUST-10464,193,5,1169.95,3,3,2,332,2.67,Potential Loyalists
CUST-12686,193,5,1543.68,3,3,3,333,3.0,Potential Loyalists
CUST-12561,193,5,1640.78,3,3,3,333,3.0,Potential Loyalists
CUST-03894,193,5,2151.66,3,3,4,334,3.33,Potential Loyalists
CUST-11807,193,5,2175.64,3,3,4,334,3.33,Potential Loyalists
CUST-07042,193,6,1066.81,3,4,2,342,3.0,Potential Loyalists
CUST-12334,193,6,1732.53,3,4,3,343,3.33,Loyal Customers
CUST-06807,193,6,2181.03,3,4,4,344,3.67,Loyal Customers
CUST-11332,193,6,2869.04,3,4,4,344,3.67,Loyal Customers
CUST-10345,193,6,3186.7,3,4,5,345,4.0,Loyal Customers
CUST-10040,193,7,2445.83,3,5,4,354,4.0,Loyal Customers
CUST-03255,193,7,2569.96,3,5,4,354,4.0,Loyal Customers
CUST-02044,193,7,2610.38,3,5,4,354,4.0,Loyal Customers
CUST-14353,193,7,3225.84,3,5,5,355,4.33,Loyal Customers
CUST-03202,193,9,3518.9,3,5,5,355,4.33,Loyal Customers
CUST-02150,192,2,408.34,3,1,1,311,1.67,Needs Attention
CUST-08765,192,2,539.86,3,1,1,311,1.67,Needs Attention
CUST-02628,192,2,1174.41,3,1,2,312,2.0,Needs Attention
CUST-01150,192,2,1568.7,3,1,3,313,2.33,Promising
CUST-04952,192,2,2029.75,3,1,3,313,2.33,Promising
CUST-09871,192,3,444.47,3,1,1,311,1.67,Needs Attention
CUST-03947,192,3,868.05,3,1,2,312,2.0,Needs Attention
CUST-09687,192,3,1006.0,3,1,2,312,2.0,Needs Attention
CUST-10296,192,3,1687.03,3,2,3,323,2.67,Promising
CUST-04624,192,4,387.37,3,2,1,321,2.0,Needs Attention
CUST-06483,192,4,513.44,3,2,1,321,2.0,Needs Attention
CUST-11721,192,4,542.46,3,2,1,321,2.0,Needs Attention
CUST-07439,192,4,946.43,3,2,2,322,2.33,Needs Attention
CUST-04479,192,4,3242.18,3,3,5,335,3.67,Potential Loyalists
CUST-03108,192,5,1345.43,3,3,2,332,2.67,Potential Loyalists
CUST-09193,192,5,3501.38,3,3,5,335,3.67,Potential Loyalists
CUST-12904,192,6,777.46,3,4,2,342,3.0,Potential Loyalists
CUST-06131,192,6,1185.44,3,4,2,342,3.0,Potential Loyalists
CUST-06394,192,6,1321.76,3,4,2,342,3.0,Potential Loyalists
CUST-10478,192,6,1380.96,3,4,2,342,3.0,Potential Loyalists
CUST-00077,192,6,1624.09,3,4,3,343,3.33,Loyal Customers
CUST-03738,192,6,1894.06,3,4,3,343,3.33,Loyal Customers
CUST-06526,192,7,1053.04,3,4,2,342,3.0,Potential Loyalists
CUST-09440,192,7,2355.06,3,5,4,354,4.0,Loyal Customers
CUST-12918,192,7,2775.82,3,5,4,354,4.0,Loyal Customers
CUST-11970,192,8,1063.12,3,5,2,352,3.33,Potential Loyalists
CUST-11174,192,8,2901.64,3,5,4,354,4.0,Loyal Customers
CUST-09323,192,8,3299.2,3,5,5,355,4.33,Loyal Customers
CUST-02132,192,8,3479.23,3,5,5,355,4.33,Loyal Customers
CUST-01582,192,8,3563.42,3,5,5,355,4.33,Loyal Customers
CUST-10696,192,10,3266.5,3,5,5,355,4.33,Loyal Customers
CUST-05244,191,2,207.53,3,1,1,311,1.67,Needs Attention
CUST-12999,191,2,217.66,3,1,1,311,1.67,Needs Attention
CUST-03547,191,2,331.08,3,1,1,311,1.67,Needs Attention
CUST-14842,191,2,1093.7,3,1,2,312,2.0,Needs Attention
CUST-05468,191,3,261.28,3,1,1,311,1.67,Needs Attention
CUST-07113,191,3,422.02,3,1,1,311,1.67,Needs Attention
CUST-07394,191,4,1291.48,3,2,2,322,2.33,Needs Attention
CUST-05008,191,5,1115.26,3,3,2,332,2.67,Potential Loyalists
CUST-14582,191,5,1536.15,3,3,3,333,3.0,Potential Loyalists
CUST-08185,191,5,2444.79,3,3,4,334,3.33,Potential Loyalists
CUST-06941,191,6,1007.24,3,4,2,342,3.0,Potential Loyalists
CUST-02098,191,6,1154.41,3,4,2,342,3.0,Potential Loyalists
CUST-09921,191,6,3422.48,3,4,5,345,4.0,Loyal Customers
CUST-05950,191,6,4014.09,3,4,5,345,4.0,Loyal Customers
CUST-04929,191,7,964.39,3,4,2,342,3.0,Potential Loyalists
CUST-13715,191,7,1586.37,3,4,3,343,3.33,Loyal Customers
CUST-06673,191,7,4034.9,3,5,5,355,4.33,Loyal Customers
CUST-14258,191,8,779.2,3,5,2,352,3.33,Potential Loyalists
CUST-08961,191,8,1999.8,3,5,3,353,3.67,Loyal Customers
CUST-05567,191,8,2161.92,3,5,4,354,4.0,Loyal Customers
CUST-11924,191,10,4396.52,3,5,5,355,4.33,Loyal Customers
CUST-06669,191,11,2174.06,3,5,4,354,4.0,Loyal Customers
CUST-08938,191,12,2826.24,3,5,4,354,4.0,Loyal Customers
CUST-08052,190,2,287.8,3,1,1,311,1.67,Needs Attention
CUST-11315,190,2,617.18,3,1,1,311,1.67,Needs Attention
CUST-02412,190,2,686.62,3,1,1,311,1.67,Needs Attention
CUST-13471,190,2,1771.83,3,1,3,313,2.33,Promising
CUST-04859,190,3,619.55,3,1,1,311,1.67,Needs Attention
CUST-00315,190,3,1471.42,3,2,3,323,2.67,Promising
CUST-06626,190,4,675.62,3,2,1,321,2.0,Needs Attention
CUST-12416,190,4,729.28,3,2,1,321,2.0,Needs Attention
CUST-08587,190,4,1515.97,3,2,3,323,2.67,Promising
CUST-14237,190,4,3002.86,3,3,4,334,3.33,Potential Loyalists
CUST-04979,190,4,3084.53,3,3,5,335,3.67,Potential Loyalists
CUST-04036,190,5,635.14,3,3,1,331,2.33,Potential Loyalists
CUST-08336,190,5,1034.87,3,3,2,332,2.67,Potential Loyalists
CUST-01081,190,5,1167.9,3,3,2,332,2.67,Potential Loyalists
CUST-04938,190,5,1181.35,3,3,2,332,2.67,Potential Loyalists
CUST-09166,190,5,4130.54,3,4,5,345,4.0,Loyal Customers
CUST-14759,190,5,4693.48,3,4,5,345,4.0,Loyal Customers
CUST-12978,190,7,3246.48,3,5,5,355,4.33,Loyal Customers
CUST-11890,190,7,3435.53,3,5,5,355,4.33,Loyal Customers
CUST-07982,190,8,1908.87,3,5,3,353,3.67,Loyal Customers
CUST-09610,190,8,2137.87,3,5,4,354,4.0,Loyal Customers
CUST-06575,190,8,3480.44,3,5,5,355,4.33,Loyal Customers
CUST-06268,190,8,4601.79,3,5,5,355,4.33,Loyal Customers
CUST-03022,189,2,263.31,3,1,1,311,1.67,Needs Attention
CUST-13229,189,2,488.76,3,1,1,311,1.67,Needs Attention
CUST-08259,189,3,1320.05,3,2,2,322,2.33,Needs Attention
CUST-00663,189,3,1627.92,3,2,3,323,2.67,Promising
CUST-09748,189,4,1456.07,3,2,3,323,2.67,Promising
CUST-04134,189,4,2728.17,3,3,4,334,3.33,Potential Loyalists
CUST-08340,189,4,2741.66,3,3,4,334,3.33,Potential Loyalists
CUST-00897,189,4,3059.73,3,3,5,335,3.67,Potential Loyalists
CUST-08733,189,4,3250.54,3,3,5,335,3.67,Potential Loyalists
CUST-08775,189,5,1643.6,3,3,3,333,3.0,Potential Loyalists
CUST-00689,189,5,2798.32,3,3,4,334,3.33,Potential Loyalists
CUST-12939,189,6,1352.6,3,4,2,342,3.0,Potential Loyalists
CUST-11334,189,6,1650.73,3,4,3,343,3.33,Loyal Customers
CUST-08676,189,6,2045.65,3,4,3,343,3.33,Loyal Customers
CUST-00493,189,6,2118.37,3,4,4,344,3.67,Loyal Customers
CUST-09018,189,6,2359.06,3,4,4,344,3.67,Loyal Customers
CUST-00709,189,7,1078.36,3,4,2,342,3.0,Potential Loyalists
CUST-06002,189,7,2171.53,3,5,4,354,4.0,Loyal Customers
CUST-13337,189,7,2501.57,3,5,4,354,4.0,Loyal Customers
CUST-04275,189,7,4246.91,3,5,5,355,4.33,Loyal Customers
CUST-12937,188,2,349.4,3,1,1,311,1.67,Needs Attention
CUST-06060,188,2,1144.58,3,1,2,312,2.0,Needs Attention
CUST-14226,188,3,670.08,3,1,1,311,1.67,Needs Attention
CUST-08830,188,3,2122.02,3,2,4,324,3.0,Promising
CUST-00758,188,4,804.85,3,2,2,322,2.33,Needs Attention
CUST-13281,188,4,1556.55,3,2,3,323,2.67,Promising
CUST-14069,188,4,1691.91,3,2,3,323,2.67,Promising
CUST-02921,188,4,1693.96,3,2,3,323,2.67,Promising
CUST-14071,188,4,3364.11,3,3,5,335,3.67,Potential Loyalists
CUST-14450,188,5,1661.68,3,3,3,333,3.0,Potential Loyalists
CUST-14137,188,5,2230.22,3,3,4,334,3.33,Potential Loyalists
CUST-11736,188,5,2940.46,3,3,4,334,3.33,Potential Loyalists
CUST-02756,188,6,853.16,3,4,2,342,3.0,Potential Loyalists
CUST-02552,188,6,1335.88,3,4,2,342,3.0,Potential Loyalists
CUST-14974,188,6,2735.17,3,4,4,344,3.67,Loyal Customers
CUST-07520,188,6,3216.44,3,4,5,345,4.0,Loyal Customers
CUST-13586,188,6,3352.42,3,4,5,345,4.0,Loyal Customers
CUST-02507,188,7,1041.18,3,4,2,342,3.0,Potential Loyalists
CUST-06333,188,7,1366.95,3,4,2,342,3.0,Potential Loyalists
CUST-04082,188,7,2238.27,3,5,4,354,4.0,Loyal Customers
CUST-03714,188,8,3138.76,3,5,5,355,4.33,Loyal Customers
CUST-10916,188,8,3195.18,3,5,5,355,4.33,Loyal Customers
CUST-13829,188,8,3281.44,3,5,5,355,4.33,Loyal Customers
CUST-09660,188,8,5672.1,3,5,5,355,4.33,Loyal Customers
CUST-08939,188,9,3035.91,3,5,5,355,4.33,Loyal Customers
CUST-04538,187,2,80.5,3,1,1,311,1.67,Needs Attention
CUST-00216,187,2,368.89,3,1,1,311,1.67,Needs Attention
CUST-05705,187,2,431.53,3,1,1,311,1.67,Needs Attention
CUST-12001,187,2,1124.22,3,1,2,312,2.0,Needs Attention
CUST-01547,187,3,1604.57,3,2,3,323,2.67,Promising
CUST-05271,187,3,2623.36,3,2,4,324,3.0,Promising
CUST-12038,187,4,1543.1,3,2,3,323,2.67,Promising
CUST-11817,187,4,2294.45,3,2,4,324,3.0,Promising
CUST-07989,187,5,1482.39,3,3,3,333,3.0,Potential Loyalists
CUST-06858,187,5,1777.93,3,3,3,333,3.0,Potential Loyalists
CUST-00802,187,5,2796.71,3,3,4,334,3.33,Potential Loyalists
CUST-10313,187,5,2910.53,3,3,4,334,3.33,Potential Loyalists
CUST-01717,187,6,1281.26,3,4,2,342,3.0,Potential Loyalists
CUST-05772,187,6,1985.28,3,4,3,343,3.33,Loyal Customers
CUST-09026,187,6,2316.76,3,4,4,344,3.67,Loyal Customers
CUST-11374,187,6,2339.82,3,4,4,344,3.67,Loyal Customers
CUST-09749,187,6,3703.05,3,4,5,345,4.0,Loyal Customers
CUST-00164,187,7,685.54,3,4,1,341,2.67,Potential Loyalists
CUST-14896,187,7,3246.14,3,5,5,355,4.33,Loyal Customers
CUST-01762,187,8,4259.44,3,5,5,355,4.33,Loyal Customers
CUST-04086,187,9,3113.98,3,5,5,355,4.33,Loyal Customers
CUST-06802,187,10,3527.06,3,5,5,355,4.33,Loyal Customers
CUST-08818,186,2,1461.07,3,1,3,313,2.33,Promising
CUST-02283,186,2,2378.41,3,1,4,314,2.67,Promising
CUST-04386,186,3,353.72,3,1,1,311,1.67,Needs Attention
CUST-06599,186,3,576.29,3,1,1,311,1.67,Needs Attention
CUST-13006,186,3,3525.09,3,2,5,325,3.33,Promising
CUST-05839,186,4,582.79,3,2,1,321,2.0,Needs Attention
CUST-06383,186,4,1231.09,3,2,2,322,2.33,Needs Attention
CUST-00381,186,4,2450.14,3,3,4,334,3.33,Potential Loyalists
CUST-00548,186,4,3412.23,3,3,5,335,3.67,Potential Loyalists
CUST-05147,186,5,699.16,3,3,1,331,2.33,Potential Loyalists
CUST-01746,186,5,1160.68,3,3,2,332,2.67,Potential Loyalists
CUST-09442,186,5,1400.11,3,3,3,333,3.0,Potential Loyalists
CUST-07895,186,5,1417.46,3,3,3,333,3.0,Potential Loyalists
CUST-12401,186,5,1703.43,3,3,3,333,3.0,Potential Loyalists
CUST-00470,186,5,2601.31,3,3,4,334,3.33,Potential Loyalists
CUST-13841,186,6,806.34,3,4,2,342,3.0,Potential Loyalists
CUST-02747,186,6,1821.13,3,4,3,343,3.33,Loyal Customers
CUST-10837,186,6,2002.65,3,4,3,343,3.33,Loyal Customers
CUST-01330,186,6,2095.73,3,4,4,344,3.67,Loyal Customers
CUST-06049,186,8,3600.42,3,5,5,355,4.33,Loyal Customers
CUST-04124,186,8,7744.66,3,5,5,355,4.33,Loyal Customers
CUST-01454,186,10,3123.07,3,5,5,355,4.33,Loyal Customers
CUST-03345,185,2,176.24,3,1,1,311,1.67,Needs Attention
CUST-05447,185,2,398.8,3,1,1,311,1.67,Needs Attention
CUST-13226,185,3,466.76,3,1,1,311,1.67,Needs Attention
CUST-07793,185,3,574.29,3,1,1,311,1.67,Needs Attention
CUST-12144,185,3,1267.37,3,2,2,322,2.33,Needs Attention
CUST-03539,185,4,458.03,3,2,1,321,2.0,Needs Attention
CUST-13065,185,4,1028.33,3,2,2,322,2.33,Needs Attention
CUST-14823,185,4,1293.17,3,2,2,322,2.33,Needs Attention
CUST-05573,185,4,1625.62,3,2,3,323,2.67,Promising
CUST-13472,185,4,2036.93,3,2,3,323,2.67,Promising
CUST-11539,185,5,414.94,3,3,1,331,2.33,Potential Loyalists
CUST-11870,185,5,1804.68,3,3,3,333,3.0,Potential Loyalists
CUST-00690,185,5,2087.82,3,3,4,334,3.33,Potential Loyalists
CUST-05366,185,5,3154.95,3,3,5,335,3.67,Potential Loyalists
CUST-11108,185,5,3390.9,3,3,5,335,3.67,Potential Loyalists
CUST-04681,185,6,470.71,3,4,1,341,2.67,Potential Loyalists
CUST-03142,185,6,2009.72,3,4,3,343,3.33,Loyal Customers
CUST-02865,185,6,3604.75,3,4,5,345,4.0,Loyal Customers
CUST-00145,185,6,4402.68,3,4,5,345,4.0,Loyal Customers
CUST-06252,185,7,1192.98,3,4,2,342,3.0,Potential Loyalists
CUST-02160,185,7,2364.29,3,5,4,354,4.0,Loyal Customers
CUST-13679,185,7,2479.93,3,5,4,354,4.0,Loyal Customers
CUST-05527,185,7,2980.4,3,5,4,354,4.0,Loyal Customers
CUST-13075,185,7,3810.24,3,5,5,355,4.33,Loyal Customers
CUST-11235,185,7,3951.99,3,5,5,355,4.33,Loyal Customers
CUST-06100,185,7,4443.88,3,5,5,355,4.33,Loyal Customers
CUST-04853,185,7,4643.11,3,5,5,355,4.33,Loyal Customers
CUST-14058,185,8,3051.08,3,5,5,355,4.33,Loyal Customers
CUST-03601,185,9,3370.46,3,5,5,355,4.33,Loyal Customers
CUST-14048,185,9,4399.45,3,5,5,355,4.33,Loyal Customers
CUST-09343,185,11,5523.71,3,5,5,355,4.33,Loyal Customers
CUST-01930,185,12,4706.84,3,5,5,355,4.33,Loyal Customers
CUST-10525,184,2,200.57,3,1,1,311,1.67,Needs Attention
CUST-01814,184,2,1634.99,3,1,3,313,2.33,Promising
CUST-14216,184,3,750.6,3,1,1,311,1.67,Needs Attention
CUST-11973,184,4,615.42,3,2,1,321,2.0,Needs Attention
CUST-13627,184,4,704.57,3,2,1,321,2.0,Needs Attention
CUST-05901,184,4,820.46,3,2,2,322,2.33,Needs Attention
CUST-02671,184,5,1766.5,3,3,3,333,3.0,Potential Loyalists
CUST-00443,184,5,2305.93,3,3,4,334,3.33,Potential Loyalists
CUST-06397,184,5,2702.63,3,3,4,334,3.33,Potential Loyalists
CUST-12431,184,5,3498.96,3,3,5,335,3.67,Potential Loyalists
CUST-06426,184,6,953.85,3,4,2,342,3.0,Potential Loyalists
CUST-11130,184,6,1332.52,3,4,2,342,3.0,Potential Loyalists
CUST-01269,184,6,2419.18,3,4,4,344,3.67,Loyal Customers
CUST-01918,184,6,2503.52,3,4,4,344,3.67,Loyal Customers
CUST-00765,184,6,2825.98,3,4,4,344,3.67,Loyal Customers
CUST-08370,184,7,2891.94,3,5,4,354,4.0,Loyal Customers
CUST-07805,184,7,3883.3,3,5,5,355,4.33,Loyal Customers
CUST-12723,184,8,3741.86,3,5,5,355,4.33,Loyal Customers
CUST-05498,184,8,5530.34,3,5,5,355,4.33,Loyal Customers
CUST-04204,184,9,2799.19,3,5,4,354,4.0,Loyal Customers
CUST-10535,184,9,4191.32,3,5,5,355,4.33,Loyal Customers
CUST-01392,184,12,6856.49,3,5,5,355,4.33,Loyal Customers
CUST-00642,183,2,131.15,3,1,1,311,1.67,Needs Attention
CUST-14764,183,2,1293.49,3,1,2,312,2.0,Needs Attention
CUST-08472,183,3,354.32,3,1,1,311,1.67,Needs Attention
CUST-03611,183,3,539.25,3,1,1,311,1.67,Needs Attention
CUST-10101,183,3,908.08,3,1,2,312,2.0,Needs Attention
CUST-05525,183,3,971.46,3,1,2,312,2.0,Needs Attention
CUST-14837,183,3,1061.86,3,1,2,312,2.0,Needs Attention
CUST-13082,183,3,1159.83,3,2,2,322,2.33,Needs Attention
CUST-09578,183,3,1365.23,3,2,2,322,2.33,Needs Attention
CUST-11304,183,3,1574.76,3,2,3,323,2.67,Promising
CUST-02163,183,4,682.19,3,2,1,321,2.0,Needs Attention
CUST-09157,183,4,740.91,3,2,1,321,2.0,Needs Attention
CUST-10182,183,4,1051.82,3,2,2,322,2.33,Needs Attention
CUST-03001,183,4,1606.04,3,2,3,323,2.67,Promising
CUST-01626,183,4,1762.22,3,2,3,323,2.67,Promising
CUST-11855,183,4,3632.48,3,3,5,335,3.67,Potential Loyalists
CUST-01620,183,5,1254.47,3,3,2,332,2.67,Potential Loyalists
CUST-06568,183,5,2186.2,3,3,4,334,3.33,Potential Loyalists
CUST-13916,183,5,2907.05,3,3,4,334,3.33,Potential Loyalists
CUST-04005,183,5,2948.8,3,3,4,334,3.33,Potential Loyalists
CUST-01137,183,5,3336.24,3,3,5,335,3.67,Potential Loyalists
CUST-06142,183,6,1256.23,3,4,2,342,3.0,Potential Loyalists
CUST-03199,183,6,4126.82,3,4,5,345,4.0,Loyal Customers
CUST-09183,183,7,1246.23,3,4,2,342,3.0,Potential Loyalists
CUST-11158,183,7,1747.8,3,4,3,343,3.33,Loyal Customers
CUST-10845,183,8,4508.13,3,5,5,355,4.33,Loyal Customers
CUST-12455,183,9,4670.03,3,5,5,355,4.33,Loyal Customers
CUST-04289,182,2,748.46,3,1,1,311,1.67,Needs Attention
CUST-06089,182,2,1618.65,3,1,3,313,2.33,Promising
CUST-04869,182,3,358.85,3,1,1,311,1.67,Needs Attention
CUST-07901,182,3,757.89,3,1,2,312,2.0,Needs Attention
CUST-02664,182,3,2507.25,3,2,4,324,3.0,Promising
CUST-08146,182,4,895.96,3,2,2,322,2.33,Needs Attention
CUST-04269,182,4,957.44,3,2,2,322,2.33,Needs Attention
CUST-10105,182,4,1851.27,3,2,3,323,2.67,Promising
CUST-06389,182,5,2408.84,3,3,4,334,3.33,Potential Loyalists
CUST-13286,182,5,2521.86,3,3,4,334,3.33,Potential Loyalists
CUST-06404,182,6,3337.55,3,4,5,345,4.0,Loyal Customers
CUST-01763,182,6,3652.82,3,4,5,345,4.0,Loyal Customers
CUST-04373,182,7,792.82,3,4,2,342,3.0,Potential Loyalists
CUST-06148,182,7,2708.5,3,5,4,354,4.0,Loyal Customers
CUST-05457,182,7,3188.74,3,5,5,355,4.33,Loyal Customers
CUST-09990,182,8,1119.56,3,5,2,352,3.33,Potential Loyalists
CUST-06157,182,8,1685.47,3,5,3,353,3.67,Loyal Customers
CUST-03446,182,8,2942.69,3,5,4,354,4.0,Loyal Customers
CUST-10746,182,8,5018.39,3,5,5,355,4.33,Loyal Customers
CUST-03010,182,10,3770.21,3,5,5,355,4.33,Loyal Customers
CUST-01033,182,11,4845.32,3,5,5,355,4.33,Loyal Customers
CUST-00030,181,2,376.22,3,1,1,311,1.67,Needs Attention
CUST-09649,181,2,490.86,3,1,1,311,1.67,Needs Attention
CUST-02117,181,2,799.31,3,1,2,312,2.0,Needs Attention
CUST-06835,181,3,94.1,3,1,1,311,1.67,Needs Attention
CUST-02727,181,3,519.72,3,1,1,311,1.67,Needs Attention
CUST-14608,181,3,688.26,3,1,1,311,1.67,Needs Attention
CUST-13052,181,4,823.31,3,2,2,322,2.33,Needs Attention
CUST-01768,181,4,971.19,3,2,2,322,2.33,Needs Attention
CUST-00209,181,4,1751.38,3,2,3,323,2.67,Promising
CUST-14638,181,4,2101.51,3,2,4,324,3.0,Promising
CUST-09333,181,5,333.91,3,3,1,331,2.33,Potential Loyalists
CUST-05541,181,5,1245.32,3,3,2,332,2.67,Potential Loyalists
CUST-11873,181,5,1475.91,3,3,3,333,3.0,Potential Loyalists
CUST-14149,181,5,1833.38,3,3,3,333,3.0,Potential Loyalists
CUST-01979,181,5,2056.27,3,3,3,333,3.0,Potential Loyalists
CUST-03508,181,5,2144.83,3,3,4,334,3.33,Potential Loyalists
CUST-08305,181,5,3467.25,3,3,5,335,3.67,Potential Loyalists
CUST-14247,181,5,3613.69,3,3,5,335,3.67,Potential Loyalists
CUST-02854,181,6,2312.01,3,4,4,344,3.67,Loyal Customers
CUST-11272,181,6,2770.73,3,4,4,344,3.67,Loyal Customers
CUST-06666,181,7,1943.06,3,4,3,343,3.33,Loyal Customers
CUST-02479,181,7,2872.38,3,5,4,354,4.0,Loyal Customers
CUST-09704,181,9,4084.63,3,5,5,355,4.33,Loyal Customers
CUST-14342,181,9,4714.25,3,5,5,355,4.33,Loyal Customers
CUST-08612,180,2,183.18,3,1,1,311,1.67,Needs Attention
CUST-10091,180,2,249.4,3,1,1,311,1.67,Needs Attention
CUST-09443,180,2,257.18,3,1,1,311,1.67,Needs Attention
CUST-10802,180,2,275.46,3,1,1,311,1.67,Needs Attention
CUST-03205,180,2,479.87,3,1,1,311,1.67,Needs Attention
CUST-11005,180,2,1516.24,3,1,3,313,2.33,Promising
CUST-10092,180,3,1111.03,3,2,2,322,2.33,Needs Attention
CUST-14663,180,3,1483.68,3,2,3,323,2.67,Promising
CUST-11358,180,4,982.83,3,2,2,322,2.33,Needs Attention
CUST-08997,180,4,1228.87,3,2,2,322,2.33,Needs Attention
CUST-13660,180,4,1330.67,3,2,2,322,2.33,Needs Attention
CUST-07978,180,4,1938.67,3,2,3,323,2.67,Promising
CUST-02829,180,4,2352.98,3,2,4,324,3.0,Promising
CUST-06434,180,4,3036.5,3,3,5,335,3.67,Potential Loyalists
CUST-09863,180,5,1277.2,3,3,2,332,2.67,Potential Loyalists
CUST-00523,180,5,3884.02,3,4,5,345,4.0,Loyal Customers
CUST-13981,180,6,1264.74,3,4,2,342,3.0,Potential Loyalists
CUST-12390,180,6,1746.3,3,4,3,343,3.33,Loyal Customers
CUST-09580,180,6,1776.85,3,4,3,343,3.33,Loyal Customers
CUST-04265,180,6,2514.92,3,4,4,344,3.67,Loyal Customers
CUST-01693,180,7,1825.45,3,4,3,343,3.33,Loyal Customers
CUST-07202,180,7,2056.99,3,4,3,343,3.33,Loyal Customers
CUST-14687,180,7,2132.48,3,5,4,354,4.0,Loyal Customers
CUST-00883,180,7,2304.53,3,5,4,354,4.0,Loyal Customers
CUST-09178,180,7,2605.89,3,5,4,354,4.0,Loyal Customers
CUST-05972,180,7,3631.49,3,5,5,355,4.33,Loyal Customers
CUST-10793,180,7,4535.98,3,5,5,355,4.33,Loyal Customers
CUST-02528,180,8,1736.97,3,5,3,353,3.67,Loyal Customers
CUST-10940,180,12,3789.25,3,5,5,355,4.33,Loyal Customers
CUST-11331,179,2,426.08,3,1,1,311,1.67,Needs Attention
CUST-13509,179,3,315.25,3,1,1,311,1.67,Needs Attention
CUST-14401,179,4,456.08,3,2,1,321,2.0,Needs Attention
CUST-12284,179,4,753.5,3,2,1,321,2.0,Needs Attention
CUST-05718,179,4,868.07,3,2,2,322,2.33,Needs Attention
CUST-08776,179,4,1432.49,3,2,3,323,2.67,Promising
CUST-01575,179,4,1920.01,3,2,3,323,2.67,Promising
CUST-01005,179,4,2073.84,3,2,4,324,3.0,Promising
CUST-05036,179,4,3057.28,3,3,5,335,3.67,Potential Loyalists
CUST-06119,179,4,3503.27,3,3,5,335,3.67,Potential Loyalists
CUST-09483,179,5,2159.18,3,3,4,334,3.33,Potential Loyalists
CUST-07621,179,6,2287.64,3,4,4,344,3.67,Loyal Customers
CUST-10140,179,7,1330.4,3,4,2,342,3.0,Potential Loyalists
CUST-07282,179,8,2178.1,3,5,4,354,4.0,Loyal Customers
CUST-13145,179,8,2624.54,3,5,4,354,4.0,Loyal Customers
CUST-09635,179,10,2072.99,3,5,4,354,4.0,Loyal Customers
CUST-10045,179,11,2063.5,3,5,3,353,3.67,Loyal Customers
CUST-01379,179,11,2069.26,3,5,3,353,3.67,Loyal Customers
CUST-10356,178,2,150.49,3,1,1,311,1.67,Needs Attention
CUST-05643,178,2,325.7,3,1,1,311,1.67,Needs Attention
CUST-12740,178,2,555.09,3,1,1,311,1.67,Needs Attention
CUST-02424,178,3,528.7,3,1,1,311,1.67,Needs Attention
CUST-05393,178,3,743.58,3,1,1,311,1.67,Needs Attention
CUST-05227,178,4,535.61,3,2,1,321,2.0,Needs Attention
CUST-04257,178,4,2424.41,3,3,4,334,3.33,Potential Loyalists
CUST-09240,178,5,1266.6,3,3,2,332,2.67,Potential Loyalists
CUST-06781,178,5,2638.83,3,3,4,334,3.33,Potential Loyalists
CUST-00552,178,6,1123.26,3,4,2,342,3.0,Potential Loyalists
CUST-04918,178,6,3140.03,3,4,5,345,4.0,Loyal Customers
CUST-03721,178,7,1480.48,3,4,3,343,3.33,Loyal Customers
CUST-04018,178,7,5281.81,3,5,5,355,4.33,Loyal Customers
CUST-13127,178,7,6122.34,3,5,5,355,4.33,Loyal Customers
CUST-03772,178,8,1306.51,3,5,2,352,3.33,Potential Loyalists
CUST-10177,178,8,3254.62,3,5,5,355,4.33,Loyal Customers
CUST-03932,178,8,3261.44,3,5,5,355,4.33,Loyal Customers
CUST-09949,178,8,3290.03,3,5,5,355,4.33,Loyal Customers
CUST-14887,177,2,325.39,3,1,1,311,1.67,Needs Attention
CUST-12685,177,2,563.93,3,1,1,311,1.67,Needs Attention
CUST-14777,177,2,1177.66,3,1,2,312,2.0,Needs Attention
CUST-02784,177,3,303.51,3,1,1,311,1.67,Needs Attention
CUST-13366,177,3,539.78,3,1,1,311,1.67,Needs Attention
CUST-01403,177,3,642.53,3,1,1,311,1.67,Needs Attention
CUST-05985,177,3,1251.81,3,2,2,322,2.33,Needs Attention
CUST-13531,177,4,499.99,3,2,1,321,2.0,Needs Attention
CUST-03020,177,4,1099.33,3,2,2,322,2.33,Needs Attention
CUST-06105,177,4,2541.52,3,3,4,334,3.33,Potential Loyalists
CUST-10485,177,4,2556.43,3,3,4,334,3.33,Potential Loyalists
CUST-12942,177,4,2848.13,3,3,4,334,3.33,Potential Loyalists
CUST-04541,177,5,493.1,3,3,1,331,2.33,Potential Loyalists
CUST-10109,177,5,853.2,3,3,2,332,2.67,Potential Loyalists
CUST-00138,177,5,1038.93,3,3,2,332,2.67,Potential Loyalists
CUST-13901,177,5,1174.45,3,3,2,332,2.67,Potential Loyalists
CUST-10031,177,5,1521.0,3,3,3,333,3.0,Potential Loyalists
CUST-04768,177,5,2860.58,3,3,4,334,3.33,Potential Loyalists
CUST-10184,177,5,3029.61,3,3,5,335,3.67,Potential Loyalists
CUST-00299,177,5,3710.62,3,3,5,335,3.67,Potential Loyalists
CUST-00975,177,6,693.04,3,4,1,341,2.67,Potential Loyalists
CUST-04690,177,6,1148.24,3,4,2,342,3.0,Potential Loyalists
CUST-02460,177,6,1569.8,3,4,3,343,3.33,Loyal Customers
CUST-11422,177,6,2766.76,3,4,4,344,3.67,Loyal Customers
CUST-02824,177,6,3779.7,3,4,5,345,4.0,Loyal Customers
CUST-00131,177,7,1773.99,3,4,3,343,3.33,Loyal Customers
CUST-10470,177,7,2188.83,3,5,4,354,4.0,Loyal Customers
CUST-06709,177,7,3337.63,3,5,5,355,4.33,Loyal Customers
CUST-04329,177,8,1498.33,3,5,3,353,3.67,Loyal Customers
CUST-11741,177,8,5578.61,3,5,5,355,4.33,Loyal Customers
CUST-00439,177,9,3035.63,3,5,5,355,4.33,Loyal Customers
CUST-02744,177,11,3951.57,3,5,5,355,4.33,Loyal Customers
CUST-06655,176,2,578.27,3,1,1,311,1.67,Needs Attention
CUST-06519,176,3,105.4,3,1,1,311,1.67,Needs Attention
CUST-01834,176,3,414.22,3,1,1,311,1.67,Needs Attention
CUST-03126,176,3,755.42,3,1,2,312,2.0,Needs Attention
CUST-09942,176,3,833.71,3,1,2,312,2.0,Needs Attention
CUST-13381,176,3,2274.07,3,2,4,324,3.0,Promising
CUST-08041,176,4,527.45,3,2,1,321,2.0,Needs Attention
CUST-02963,176,4,1422.17,3,2,3,323,2.67,Promising
CUST-10442,176,4,2242.52,3,2,4,324,3.0,Promising
CUST-12997,176,5,511.76,3,3,1,331,2.33,Potential Loyalists
CUST-04555,176,5,572.34,3,3,1,331,2.33,Potential Loyalists
CUST-13626,176,5,925.73,3,3,2,332,2.67,Potential Loyalists
CUST-02448,176,5,3336.54,3,3,5,335,3.67,Potential Loyalists
CUST-13785,176,5,3537.42,3,3,5,335,3.67,Potential Loyalists
CUST-09348,176,5,4352.44,3,4,5,345,4.0,Loyal Customers
CUST-11353,176,6,1123.66,3,4,2,342,3.0,Potential Loyalists
CUST-03753,176,6,1361.61,3,4,2,342,3.0,Potential Loyalists
CUST-02444,176,6,2518.54,3,4,4,344,3.67,Loyal Customers
CUST-06088,176,7,1505.45,3,4,3,343,3.33,Loyal Customers
CUST-07861,176,7,1576.63,3,4,3,343,3.33,Loyal Customers
CUST-04420,176,7,2912.5,3,5,4,354,4.0,Loyal Customers
CUST-05209,176,7,4404.57,3,5,5,355,4.33,Loyal Customers
CUST-12654,176,8,3935.47,3,5,5,355,4.33,Loyal Customers
CUST-13339,175,2,1076.23,3,1,2,312,2.0,Needs Attention
CUST-11257,175,3,385.21,3,1,1,311,1.67,Needs Attention
CUST-03348,175,3,407.26,3,1,1,311,1.67,Needs Attention
CUST-14869,175,3,1707.66,3,2,3,323,2.67,Promising
CUST-10310,175,4,571.17,3,2,1,321,2.0,Needs Attention
CUST-03633,175,4,634.48,3,2,1,321,2.0,Needs Attention
CUST-03445,175,4,695.41,3,2,1,321,2.0,Needs Attention
CUST-03921,175,4,1063.79,3,2,2,322,2.33,Needs Attention
CUST-07714,175,4,2705.48,3,3,4,334,3.33,Potential Loyalists
CUST-06199,175,5,1072.07,3,3,2,332,2.67,Potential Loyalists
CUST-04709,175,5,1473.95,3,3,3,333,3.0,Potential Loyalists
CUST-13589,175,5,2093.08,3,3,4,334,3.33,Potential Loyalists
CUST-08273,175,5,2803.6,3,3,4,334,3.33,Potential Loyalists
CUST-02109,175,5,3871.43,3,4,5,345,4.0,Loyal Customers
CUST-03382,175,6,853.23,3,4,2,342,3.0,Potential Loyalists
CUST-04252,175,6,3136.83,3,4,5,345,4.0,Loyal Customers
CUST-04477,175,7,1714.07,3,4,3,343,3.33,Loyal Customers
CUST-03797,175,7,2084.58,3,5,4,354,4.0,Loyal Customers
CUST-11296,175,7,2558.39,3,5,4,354,4.0,Loyal Customers
CUST-11622,175,7,2814.75,3,5,4,354,4.0,Loyal Customers
CUST-02296,175,8,3203.36,3,5,5,355,4.33,Loyal Customers
CUST-08386,175,8,6888.72,3,5,5,355,4.33,Loyal Customers
CUST-02794,175,9,2560.07,3,5,4,354,4.0,Loyal Customers
CUST-13197,175,10,2774.29,3,5,4,354,4.0,Loyal Customers
CUST-09719,174,2,128.27,3,1,1,311,1.67,Needs Attention
CUST-00287,174,2,160.88,3,1,1,311,1.67,Needs Attention
CUST-02638,174,2,725.5,3,1,1,311,1.67,Needs Attention
CUST-04208,174,2,1576.1,3,1,3,313,2.33,Promising
CUST-05039,174,3,206.2,3,1,1,311,1.67,Needs Attention
CUST-08905,174,3,386.73,3,1,1,311,1.67,Needs Attention
CUST-12426,174,3,1161.7,3,2,2,322,2.33,Needs Attention
CUST-06776,174,3,1491.15,3,2,3,323,2.67,Promising
CUST-04465,174,3,3436.1,3,2,5,325,3.33,Promising
CUST-06312,174,4,613.86,3,2,1,321,2.0,Needs Attention
CUST-06762,174,4,886.02,3,2,2,322,2.33,Needs Attention
CUST-12210,174,4,1252.5,3,2,2,322,2.33,Needs Attention
CUST-08161,174,4,1395.44,3,2,3,323,2.67,Promising
CUST-07472,174,4,1499.23,3,2,3,323,2.67,Promising
CUST-10299,174,4,1616.16,3,2,3,323,2.67,Promising
CUST-00426,174,4,1683.65,3,2,3,323,2.67,Promising
CUST-10378,174,4,1756.14,3,2,3,323,2.67,Promising
CUST-06784,174,4,2200.55,3,2,4,324,3.0,Promising
CUST-11623,174,5,811.53,3,3,2,332,2.67,Potential Loyalists
CUST-02873,174,5,1093.53,3,3,2,332,2.67,Potential Loyalists
CUST-05915,174,5,1282.18,3,3,2,332,2.67,Potential Loyalists
CUST-13545,174,5,2124.91,3,3,4,334,3.33,Potential Loyalists
CUST-07783,174,5,3474.53,3,3,5,335,3.67,Potential Loyalists
CUST-11280,174,6,1639.23,3,4,3,343,3.33,Loyal Customers
CUST-08255,174,6,2498.16,3,4,4,344,3.67,Loyal Customers
CUST-05881,174,6,2640.22,3,4,4,344,3.67,Loyal Customers
CUST-05303,174,6,3112.48,3,4,5,345,4.0,Loyal Customers
CUST-03624,174,6,3309.04,3,4,5,345,4.0,Loyal Customers
CUST-08197,174,7,1243.41,3,4,2,342,3.0,Potential Loyalists
CUST-01877,174,7,1839.06,3,4,3,343,3.33,Loyal Customers
CUST-07737,174,7,1939.89,3,4,3,343,3.33,Loyal Customers
CUST-09438,174,7,2017.48,3,4,3,343,3.33,Loyal Customers
CUST-09300,174,8,2764.67,3,5,4,354,4.0,Loyal Customers
CUST-12897,174,8,2840.11,3,5,4,354,4.0,Loyal Customers
CUST-09541,174,8,3412.72,3,5,5,355,4.33,Loyal Customers
CUST-10977,174,9,3554.59,3,5,5,355,4.33,Loyal Customers
CUST-07489,174,9,4977.46,3,5,5,355,4.33,Loyal Customers
CUST-02360,174,10,3713.79,3,5,5,355,4.33,Loyal Customers
CUST-03033,173,2,62.27,3,1,1,311,1.67,Needs Attention
CUST-13025,173,3,213.41,3,1,1,311,1.67,Needs Attention
CUST-05642,173,3,421.72,3,1,1,311,1.67,Needs Attention
CUST-00849,173,3,726.06,3,1,1,311,1.67,Needs Attention
CUST-03059,173,3,1186.55,3,2,2,322,2.33,Needs Attention
CUST-08381,173,3,1314.95,3,2,2,322,2.33,Needs Attention
CUST-04697,173,3,2039.59,3,2,3,323,2.67,Promising
CUST-13073,173,3,2122.6,3,2,4,324,3.0,Promising
CUST-11527,173,4,380.3,3,2,1,321,2.0,Needs Attention
CUST-07345,173,4,631.53,3,2,1,321,2.0,Needs Attention
CUST-08756,173,4,967.2,3,2,2,322,2.33,Needs Attention
CUST-02881,173,4,1510.32,3,2,3,323,2.67,Promising
CUST-06763,173,5,667.04,3,3,1,331,2.33,Potential Loyalists
CUST-01846,173,5,2898.82,3,3,4,334,3.33,Potential Loyalists
CUST-11076,173,5,3704.34,3,3,5,335,3.67,Potential Loyalists
CUST-10368,173,5,5193.09,3,4,5,345,4.0,Loyal Customers
CUST-01060,173,6,980.38,3,4,2,342,3.0,Potential Loyalists
CUST-01210,173,6,1553.36,3,4,3,343,3.33,Loyal Customers
CUST-12035,173,6,1709.69,3,4,3,343,3.33,Loyal Customers
CUST-04904,173,6,1855.15,3,4,3,343,3.33,Loyal Customers
CUST-12863,173,6,2630.6,3,4,4,344,3.67,Loyal Customers
CUST-11624,173,6,3026.96,3,4,5,345,4.0,Loyal Customers
CUST-04568,173,7,1526.91,3,4,3,343,3.33,Loyal Customers
CUST-14726,173,7,1652.88,3,4,3,343,3.33,Loyal Customers
CUST-04194,173,7,2033.99,3,4,3,343,3.33,Loyal Customers
CUST-10849,173,7,2532.97,3,5,4,354,4.0,Loyal Customers
CUST-02656,173,7,2880.17,3,5,4,354,4.0,Loyal Customers
CUST-07746,173,8,1617.09,3,5,3,353,3.67,Loyal Customers
CUST-09309,173,8,2754.16,3,5,4,354,4.0,Loyal Customers
CUST-02173,173,9,4265.56,3,5,5,355,4.33,Loyal Customers
CUST-14732,172,3,481.19,3,1,1,311,1.67,Needs Attention
CUST-07422,172,3,734.8,3,1,1,311,1.67,Needs Attention
CUST-14104,172,4,651.83,3,2,1,321,2.0,Needs Attention
CUST-14177,172,4,746.64,3,2,1,321,2.0,Needs Attention
CUST-14296,172,4,1015.83,3,2,2,322,2.33,Needs Attention
CUST-06541,172,4,1195.77,3,2,2,322,2.33,Needs Attention
CUST-01750,172,4,1298.45,3,2,2,322,2.33,Needs Attention
CUST-06664,172,4,2006.15,3,2,3,323,2.67,Promising
CUST-05976,172,4,2877.74,3,3,4,334,3.33,Potential Loyalists
CUST-06760,172,4,2989.73,3,3,4,334,3.33,Potential Loyalists
CUST-05038,172,5,564.29,3,3,1,331,2.33,Potential Loyalists
CUST-01779,172,5,608.09,3,3,1,331,2.33,Potential Loyalists
CUST-05750,172,5,2335.47,3,3,4,334,3.33,Potential Loyalists
CUST-04415,172,5,2701.88,3,3,4,334,3.33,Potential Loyalists
CUST-14368,172,5,4963.04,3,4,5,345,4.0,Loyal Customers
CUST-13744,172,6,2338.89,3,4,4,344,3.67,Loyal Customers
CUST-06872,172,6,2641.75,3,4,4,344,3.67,Loyal Customers
CUST-03865,172,6,4503.69,3,4,5,345,4.0,Loyal Customers
CUST-05475,172,6,5500.21,3,4,5,345,4.0,Loyal Customers
CUST-04989,172,7,1912.87,3,4,3,343,3.33,Loyal Customers
CUST-02651,172,7,3398.32,3,5,5,355,4.33,Loyal Customers
CUST-09057,172,8,3857.38,3,5,5,355,4.33,Loyal Customers
CUST-01747,172,9,1723.12,3,5,3,353,3.67,Loyal Customers
CUST-00276,172,9,2754.06,3,5,4,354,4.0,Loyal Customers
CUST-06295,172,10,4480.01,3,5,5,355,4.33,Loyal Customers
CUST-10195,171,2,1076.9,3,1,2,312,2.0,Needs Attention
CUST-06661,171,2,1519.52,3,1,3,313,2.33,Promising
CUST-14079,171,2,1788.86,3,1,3,313,2.33,Promising
CUST-02383,171,3,671.3,3,1,1,311,1.67,Needs Attention
CUST-06018,171,3,1642.13,3,2,3,323,2.67,Promising
CUST-08342,171,3,2223.91,3,2,4,324,3.0,Promising
CUST-00446,171,4,678.42,3,2,1,321,2.0,Needs Attention
CUST-12504,171,4,826.19,3,2,2,322,2.33,Needs Attention
CUST-11354,171,4,2014.81,3,2,3,323,2.67,Promising
CUST-09350,171,4,2346.95,3,2,4,324,3.0,Promising
CUST-09803,171,5,942.74,3,3,2,332,2.67,Potential Loyalists
CUST-02346,171,5,1024.49,3,3,2,332,2.67,Potential Loyalists
CUST-03443,171,5,2029.98,3,3,3,333,3.0,Potential Loyalists
CUST-03293,171,5,2357.41,3,3,4,334,3.33,Potential Loyalists
CUST-04232,171,5,3142.72,3,3,5,335,3.67,Potential Loyalists
CUST-14114,171,5,3879.58,3,4,5,345,4.0,Loyal Customers
CUST-03129,171,6,1063.02,3,4,2,342,3.0,Potential Loyalists
CUST-03200,171,6,2163.8,3,4,4,344,3.67,Loyal Customers
CUST-08779,171,6,2666.44,3,4,4,344,3.67,Loyal Customers
CUST-12791,171,6,4178.46,3,4,5,345,4.0,Loyal Customers
CUST-11324,171,7,844.24,3,4,2,342,3.0,Potential Loyalists
CUST-10671,171,7,3084.16,3,5,5,355,4.33,Loyal Customers
CUST-07420,171,7,3453.06,3,5,5,355,4.33,Loyal Customers
CUST-14858,171,8,4703.43,3,5,5,355,4.33,Loyal Customers
CUST-06332,170,3,352.95,3,1,1,311,1.67,Needs Attention
CUST-11783,170,3,816.96,3,1,2,312,2.0,Needs Attention
CUST-11541,170,3,1621.05,3,2,3,323,2.67,Promising
CUST-01946,170,4,130.94,3,2,1,321,2.0,Needs Attention
CUST-05023,170,4,517.98,3,2,1,321,2.0,Needs Attention
CUST-13139,170,4,557.8,3,2,1,321,2.0,Needs Attention
CUST-13000,170,4,836.76,3,2,2,322,2.33,Needs Attention
CUST-06232,170,4,2568.89,3,3,4,334,3.33,Potential Loyalists
CUST-01244,170,4,3653.21,3,3,5,335,3.67,Potential Loyalists
CUST-08994,170,5,981.18,3,3,2,332,2.67,Potential Loyalists
CUST-03872,170,5,1298.21,3,3,2,332,2.67,Potential Loyalists
CUST-03068,170,5,1746.52,3,3,3,333,3.0,Potential Loyalists
CUST-01948,170,5,1841.48,3,3,3,333,3.0,Potential Loyalists
CUST-07128,170,5,2728.94,3,3,4,334,3.33,Potential Loyalists
CUST-11341,170,6,1626.3,3,4,3,343,3.33,Loyal Customers
CUST-11778,170,6,2143.52,3,4,4,344,3.67,Loyal Customers
CUST-06804,170,6,3732.8,3,4,5,345,4.0,Loyal Customers
CUST-05856,170,7,1950.99,3,4,3,343,3.33,Loyal Customers
CUST-14570,170,7,2856.58,3,5,4,354,4.0,Loyal Customers
CUST-13970,170,7,2991.84,3,5,4,354,4.0,Loyal Customers
CUST-05994,170,8,1962.23,3,5,3,353,3.67,Loyal Customers
CUST-04880,170,9,2946.34,3,5,4,354,4.0,Loyal Customers
CUST-09208,170,9,3704.64,3,5,5,355,4.33,Loyal Customers
CUST-03993,170,11,5056.5,3,5,5,355,4.33,Loyal Customers
CUST-02028,169,3,511.44,3,1,1,311,1.67,Needs Attention
CUST-14094,169,3,1213.46,3,2,2,322,2.33,Needs Attention
CUST-06667,169,3,1336.9,3,2,2,322,2.33,Needs Attention
CUST-06011,169,3,1660.78,3,2,3,323,2.67,Promising
CUST-01167,169,4,906.77,3,2,2,322,2.33,Needs Attention
CUST-12305,169,4,1632.36,3,2,3,323,2.67,Promising
CUST-14351,169,4,1856.24,3,2,3,323,2.67,Promising
CUST-09829,169,4,2047.68,3,2,3,323,2.67,Promising
CUST-00964,169,4,2720.31,3,3,4,334,3.33,Potential Loyalists
CUST-03504,169,4,2892.56,3,3,4,334,3.33,Potential Loyalists
CUST-10980,169,4,3721.5,3,3,5,335,3.67,Potential Loyalists
CUST-13083,169,5,665.19,3,3,1,331,2.33,Potential Loyalists
CUST-14826,169,5,973.37,3,3,2,332,2.67,Potential Loyalists
CUST-09576,169,5,1192.74,3,3,2,332,2.67,Potential Loyalists
CUST-00776,169,5,1274.35,3,3,2,332,2.67,Potential Loyalists
CUST-07831,169,5,1555.93,3,3,3,333,3.0,Potential Loyalists
CUST-09508,169,6,1982.95,3,4,3,343,3.33,Loyal Customers
CUST-03386,169,6,2231.35,3,4,4,344,3.67,Loyal Customers
CUST-02077,169,6,2436.62,3,4,4,344,3.67,Loyal Customers
CUST-06786,169,7,1111.48,3,4,2,342,3.0,Potential Loyalists
CUST-14656,169,7,1353.58,3,4,2,342,3.0,Potential Loyalists
CUST-12868,169,7,1752.82,3,4,3,343,3.33,Loyal Customers
CUST-04392,169,7,3381.77,3,5,5,355,4.33,Loyal Customers
CUST-00317,169,8,2413.77,3,5,4,354,4.0,Loyal Customers
CUST-13650,169,9,5106.35,3,5,5,355,4.33,Loyal Customers
CUST-07933,169,10,2330.17,3,5,4,354,4.0,Loyal Customers
CUST-04152,169,10,2893.09,3,5,4,354,4.0,Loyal Customers
CUST-00196,168,2,202.92,3,1,1,311,1.67,Needs Attention
CUST-10962,168,2,973.66,3,1,2,312,2.0,Needs Attention
CUST-13446,168,3,484.17,3,1,1,311,1.67,Needs Attention
CUST-00173,168,3,627.5,3,1,1,311,1.67,Needs Attention
CUST-05030,168,3,798.01,3,1,2,312,2.0,Needs Attention
CUST-07112,168,3,992.36,3,1,2,312,2.0,Needs Attention
CUST-10945,168,3,1193.82,3,2,2,322,2.33,Needs Attention
CUST-12291,168,3,2177.06,3,2,4,324,3.0,Promising
CUST-00058,168,4,852.72,3,2,2,322,2.33,Needs Attention
CUST-03790,168,4,3206.06,3,3,5,335,3.67,Potential Loyalists
CUST-14218,168,5,778.48,3,3,2,332,2.67,Potential Loyalists
CUST-12669,168,5,1977.56,3,3,3,333,3.0,Potential Loyalists
CUST-11705,168,5,2456.4,3,3,4,334,3.33,Potential Loyalists
CUST-12970,168,5,2551.85,3,3,4,334,3.33,Potential Loyalists
CUST-09516,168,5,3268.99,3,3,5,335,3.67,Potential Loyalists
CUST-07151,168,6,1709.29,3,4,3,343,3.33,Loyal Customers
CUST-08031,168,6,1807.7,3,4,3,343,3.33,Loyal Customers
CUST-04597,168,6,1816.03,3,4,3,343,3.33,Loyal Customers
CUST-03185,168,6,2705.99,3,4,4,344,3.67,Loyal Customers
CUST-12920,168,7,1154.33,3,4,2,342,3.0,Potential Loyalists
CUST-06932,168,7,2592.15,3,5,4,354,4.0,Loyal Customers
CUST-13773,168,7,3591.2,3,5,5,355,4.33,Loyal Customers
CUST-10116,168,7,4200.0,3,5,5,355,4.33,Loyal Customers
CUST-14262,168,8,1073.75,3,5,2,352,3.33,Potential Loyalists
CUST-08419,168,9,4320.49,3,5,5,355,4.33,Loyal Customers
CUST-03011,167,2,139.11,3,1,1,311,1.67,Needs Attention
CUST-00054,167,2,268.94,3,1,1,311,1.67,Needs Attention
CUST-13711,167,2,1203.47,3,1,2,312,2.0,Needs Attention
CUST-02041,167,3,717.96,3,1,1,311,1.67,Needs Attention
CUST-11390,167,3,1391.75,3,2,3,323,2.67,Promising
CUST-10191,167,3,1520.24,3,2,3,323,2.67,Promising
CUST-01469,167,3,1883.98,3,2,3,323,2.67,Promising
CUST-05015,167,3,2337.82,3,2,4,324,3.0,Promising
CUST-09417,167,4,242.28,3,2,1,321,2.0,Needs Attention
CUST-01560,167,4,784.14,3,2,2,322,2.33,Needs Attention
CUST-10697,167,4,959.41,3,2,2,322,2.33,Needs Attention
CUST-12088,167,4,1659.34,3,2,3,323,2.67,Promising
CUST-00660,167,4,2394.39,3,3,4,334,3.33,Potential Loyalists
CUST-05143,167,5,1091.21,3,3,2,332,2.67,Potential Loyalists
CUST-00061,167,5,1585.94,3,3,3,333,3.0,Potential Loyalists
CUST-02295,167,5,2793.76,3,3,4,334,3.33,Potential Loyalists
CUST-07638,167,6,684.63,3,4,1,341,2.67,Potential Loyalists
CUST-03486,167,6,2054.12,3,4,3,343,3.33,Loyal Customers
CUST-04927,167,6,2606.22,3,4,4,344,3.67,Loyal Customers
CUST-02959,167,6,2729.3,3,4,4,344,3.67,Loyal Customers
CUST-11033,167,6,2842.41,3,4,4,344,3.67,Loyal Customers
CUST-05792,167,6,3222.34,3,4,5,345,4.0,Loyal Customers
CUST-09145,167,6,3450.42,3,4,5,345,4.0,Loyal Customers
CUST-11244,167,6,3475.17,3,4,5,345,4.0,Loyal Customers
CUST-05018,167,7,1375.08,3,4,2,342,3.0,Potential Loyalists
CUST-12665,167,7,2366.52,3,5,4,354,4.0,Loyal Customers
CUST-10004,167,8,2767.42,3,5,4,354,4.0,Loyal Customers
CUST-06161,167,8,3678.88,3,5,5,355,4.33,Loyal Customers
CUST-03763,167,9,2433.5,3,5,4,354,4.0,Loyal Customers
CUST-05524,167,9,3018.61,3,5,5,355,4.33,Loyal Customers
CUST-12541,167,10,2218.63,3,5,4,354,4.0,Loyal Customers
CUST-12835,167,11,3552.82,3,5,5,355,4.33,Loyal Customers
CUST-07653,166,2,91.63,3,1,1,311,1.67,Needs Attention
CUST-05687,166,2,204.09,3,1,1,311,1.67,Needs Attention
CUST-03399,166,2,342.74,3,1,1,311,1.67,Needs Attention
CUST-11287,166,2,386.54,3,1,1,311,1.67,Needs Attention
CUST-01782,166,2,411.85,3,1,1,311,1.67,Needs Attention
CUST-13029,166,2,435.71,3,1,1,311,1.67,Needs Attention
CUST-09683,166,2,646.47,3,1,1,311,1.67,Needs Attention
CUST-09728,166,2,1949.88,3,1,3,313,2.33,Promising
CUST-08114,166,2,2264.75,3,1,4,314,2.67,Promising
CUST-01082,166,2,2294.75,3,1,4,314,2.67,Promising
CUST-05223,166,3,272.23,3,1,1,311,1.67,Needs Attention
CUST-09543,166,3,716.56,3,1,1,311,1.67,Needs Attention
CUST-04695,166,3,1522.64,3,2,3,323,2.67,Promising
CUST-03379,166,4,1034.72,3,2,2,322,2.33,Needs Attention
CUST-14469,166,4,1799.17,3,2,3,323,2.67,Promising
CUST-03586,166,4,2234.63,3,2,4,324,3.0,Promising
CUST-04098,166,4,2691.16,3,3,4,334,3.33,Potential Loyalists
CUST-01606,166,5,875.9,3,3,2,332,2.67,Potential Loyalists
CUST-06460,166,5,1008.58,3,3,2,332,2.67,Potential Loyalists
CUST-01752,166,5,1020.8,3,3,2,332,2.67,Potential Loyalists
CUST-03526,166,6,1267.52,3,4,2,342,3.0,Potential Loyalists
CUST-09006,166,6,1910.51,3,4,3,343,3.33,Loyal Customers
CUST-00835,166,6,2283.0,3,4,4,344,3.67,Loyal Customers
CUST-00142,166,6,2582.87,3,4,4,344,3.67,Loyal Customers
CUST-11651,166,6,2702.2,3,4,4,344,3.67,Loyal Customers
CUST-13410,166,7,1517.4,3,4,3,343,3.33,Loyal Customers
CUST-11940,166,7,1795.51,3,4,3,343,3.33,Loyal Customers
CUST-09510,166,8,1443.03,3,5,3,353,3.67,Loyal Customers
CUST-04601,166,9,3238.73,3,5,5,355,4.33,Loyal Customers
CUST-01928,166,11,3114.48,3,5,5,355,4.33,Loyal Customers
CUST-01275,165,2,131.91,3,1,1,311,1.67,Needs Attention
CUST-12820,165,2,251.55,3,1,1,311,1.67,Needs Attention
CUST-10948,165,2,309.97,3,1,1,311,1.67,Needs Attention
CUST-10827,165,2,791.57,3,1,2,312,2.0,Needs Attention
CUST-10521,165,2,1570.75,3,1,3,313,2.33,Promising
CUST-11486,165,2,1921.8,3,1,3,313,2.33,Promising
CUST-13902,165,3,673.74,3,1,1,311,1.67,Needs Attention
CUST-02754,165,4,498.85,3,2,1,321,2.0,Needs Attention
CUST-07761,165,4,516.89,3,2,1,321,2.0,Needs Attention
CUST-11237,165,4,1227.86,3,2,2,322,2.33,Needs Attention
CUST-02803,165,4,1278.03,3,2,2,322,2.33,Needs Attention
CUST-13021,165,4,1843.04,3,2,3,323,2.67,Promising
CUST-12601,165,4,2032.09,3,2,3,323,2.67,Promising
CUST-10969,165,4,2436.83,3,3,4,334,3.33,Potential Loyalists
CUST-02836,165,5,420.66,3,3,1,331,2.33,Potential Loyalists
CUST-13137,165,5,623.61,3,3,1,331,2.33,Potential Loyalists
CUST-07512,165,5,1592.97,3,3,3,333,3.0,Potential Loyalists
CUST-13311,165,5,1927.24,3,3,3,333,3.0,Potential Loyalists
CUST-14889,165,5,3794.39,3,4,5,345,4.0,Loyal Customers
CUST-14352,165,6,1323.61,3,4,2,342,3.0,Potential Loyalists
CUST-00281,165,6,2127.44,3,4,4,344,3.67,Loyal Customers
CUST-06050,165,6,3634.95,3,4,5,345,4.0,Loyal Customers
CUST-00327,165,6,4109.12,3,4,5,345,4.0,Loyal Customers
CUST-13386,165,7,1592.51,3,4,3,343,3.33,Loyal Customers
CUST-13069,165,7,1917.12,3,4,3,343,3.33,Loyal Customers
CUST-02646,165,7,2937.51,3,5,4,354,4.0,Loyal Customers
CUST-06730,165,7,4466.8,3,5,5,355,4.33,Loyal Customers
CUST-00846,165,8,2562.11,3,5,4,354,4.0,Loyal Customers
CUST-07226,165,9,3107.15,3,5,5,355,4.33,Loyal Customers
CUST-06116,165,11,6395.73,3,5,5,355,4.33,Loyal Customers
CUST-02696,164,2,855.17,3,1,2,312,2.0,Needs Attention
CUST-04254,164,2,1119.81,3,1,2,312,2.0,Needs Attention
CUST-13396,164,3,399.18,3,1,1,311,1.67,Needs Attention
CUST-00266,164,3,812.41,3,1,2,312,2.0,Needs Attention
CUST-11078,164,3,1640.11,3,2,3,323,2.67,Promising
CUST-09307,164,3,2437.37,3,2,4,324,3.0,Promising
CUST-03394,164,3,2794.28,3,2,4,324,3.0,Promising
CUST-13399,164,4,487.34,3,2,1,321,2.0,Needs Attention
CUST-00232,164,4,2344.52,3,2,4,324,3.0,Promising
CUST-02330,164,4,2384.9,3,3,4,334,3.33,Potential Loyalists
CUST-09812,164,4,2436.54,3,3,4,334,3.33,Potential Loyalists
CUST-13099,164,4,2487.71,3,3,4,334,3.33,Potential Loyalists
CUST-10427,164,5,406.55,3,3,1,331,2.33,Potential Loyalists
CUST-13071,164,5,498.1,3,3,1,331,2.33,Potential Loyalists
CUST-01425,164,5,1112.82,3,3,2,332,2.67,Potential Loyalists
CUST-07326,164,5,1433.4,3,3,3,333,3.0,Potential Loyalists
CUST-14827,164,5,1507.92,3,3,3,333,3.0,Potential Loyalists
CUST-11179,164,5,1774.85,3,3,3,333,3.0,Potential Loyalists
CUST-13382,164,5,2111.74,3,3,4,334,3.33,Potential Loyalists
CUST-01492,164,5,2410.49,3,3,4,334,3.33,Potential Loyalists
CUST-10556,164,5,2948.01,3,3,4,334,3.33,Potential Loyalists
CUST-07775,164,6,1276.39,3,4,2,342,3.0,Potential Loyalists
CUST-14563,164,6,1624.06,3,4,3,343,3.33,Loyal Customers
CUST-10155,164,6,1628.14,3,4,3,343,3.33,Loyal Customers
CUST-09436,164,7,733.07,3,4,1,341,2.67,Potential Loyalists
CUST-12892,164,7,3684.83,3,5,5,355,4.33,Loyal Customers
CUST-07540,164,8,1269.22,3,5,2,352,3.33,Potential Loyalists
CUST-05679,164,8,5684.04,3,5,5,355,4.33,Loyal Customers
CUST-02085,164,8,5754.53,3,5,5,355,4.33,Loyal Customers
CUST-05084,164,9,2507.19,3,5,4,354,4.0,Loyal Customers
CUST-14001,164,10,3655.42,3,5,5,355,4.33,Loyal Customers
CUST-12216,163,2,287.53,3,1,1,311,1.67,Needs Attention
CUST-09136,163,2,696.41,3,1,1,311,1.67,Needs Attention
CUST-07302,163,2,1251.3,3,1,2,312,2.0,Needs Attention
CUST-10221,163,2,1542.14,3,1,3,313,2.33,Promising
CUST-03121,163,3,1354.69,3,2,2,322,2.33,Needs Attention
CUST-02837,163,3,2075.18,3,2,4,324,3.0,Promising
CUST-05897,163,3,2606.81,3,2,4,324,3.0,Promising
CUST-04519,163,4,356.42,3,2,1,321,2.0,Needs Attention
CUST-13305,163,4,1766.13,3,2,3,323,2.67,Promising
CUST-03075,163,4,2012.54,3,2,3,323,2.67,Promising
CUST-12936,163,4,2082.09,3,2,4,324,3.0,Promising
CUST-10883,163,5,1210.61,3,3,2,332,2.67,Potential Loyalists
CUST-09399,163,5,1504.6,3,3,3,333,3.0,Potential Loyalists
CUST-00515,163,5,1506.94,3,3,3,333,3.0,Potential Loyalists
CUST-04503,163,5,1807.4,3,3,3,333,3.0,Potential Loyalists
CUST-09874,163,5,1855.91,3,3,3,333,3.0,Potential Loyalists
CUST-04910,163,5,2166.28,3,3,4,334,3.33,Potential Loyalists
CUST-08093,163,5,2508.4,3,3,4,334,3.33,Potential Loyalists
CUST-11660,163,5,4535.07,3,4,5,345,4.0,Loyal Customers
CUST-01002,163,6,1269.19,3,4,2,342,3.0,Potential Loyalists
CUST-14089,163,6,2935.14,3,4,4,344,3.67,Loyal Customers
CUST-11582,163,6,3018.12,3,4,5,345,4.0,Loyal Customers
CUST-13689,163,7,3791.08,3,5,5,355,4.33,Loyal Customers
CUST-03389,162,2,238.03,3,1,1,311,1.67,Needs Attention
CUST-05215,162,2,575.59,3,1,1,311,1.67,Needs Attention
CUST-14716,162,2,990.73,3,1,2,312,2.0,Needs Attention
CUST-09991,162,3,362.29,3,1,1,311,1.67,Needs Attention
CUST-09646,162,3,607.87,3,1,1,311,1.67,Needs Attention
CUST-08495,162,3,762.26,3,1,2,312,2.0,Needs Attention
CUST-05105,162,3,1255.39,3,2,2,322,2.33,Needs Attention
CUST-11191,162,4,304.2,3,2,1,321,2.0,Needs Attention
CUST-00428,162,4,1166.75,3,2,2,322,2.33,Needs Attention
CUST-12134,162,4,1271.28,3,2,2,322,2.33,Needs Attention
CUST-13397,162,4,1615.13,3,2,3,323,2.67,Promising
CUST-12568,162,4,2419.13,3,3,4,334,3.33,Potential Loyalists
CUST-00637,162,5,1164.69,3,3,2,332,2.67,Potential Loyalists
CUST-12626,162,5,3622.65,3,3,5,335,3.67,Potential Loyalists
CUST-10052,162,5,4372.12,3,4,5,345,4.0,Loyal Customers
CUST-01376,162,6,1413.37,3,4,3,343,3.33,Loyal Customers
CUST-02019,162,6,2562.31,3,4,4,344,3.67,Loyal Customers
CUST-13394,162,6,3166.09,3,4,5,345,4.0,Loyal Customers
CUST-00702,162,6,4060.98,3,4,5,345,4.0,Loyal Customers
CUST-05918,162,7,2209.1,3,5,4,354,4.0,Loyal Customers
CUST-05778,162,7,2822.64,3,5,4,354,4.0,Loyal Customers
CUST-05256,162,8,818.33,3,5,2,352,3.33,Potential Loyalists
CUST-10757,162,8,2277.15,3,5,4,354,4.0,Loyal Customers
CUST-05450,162,8,3432.82,3,5,5,355,4.33,Loyal Customers
CUST-02853,162,9,2922.32,3,5,4,354,4.0,Loyal Customers
CUST-14188,161,2,253.68,3,1,1,311,1.67,Needs Attention
CUST-11293,161,2,318.6,3,1,1,311,1.67,Needs Attention
CUST-03353,161,2,1358.85,3,1,2,312,2.0,Needs Attention
CUST-09859,161,3,1281.07,3,2,2,322,2.33,Needs Attention
CUST-09310,161,3,2054.96,3,2,3,323,2.67,Promising
CUST-03158,161,4,491.07,3,2,1,321,2.0,Needs Attention
CUST-13795,161,4,713.95,3,2,1,321,2.0,Needs Attention
CUST-07177,161,4,1003.05,3,2,2,322,2.33,Needs Attention
CUST-08221,161,4,1293.65,3,2,2,322,2.33,Needs Attention
CUST-11572,161,4,1387.79,3,2,2,322,2.33,Needs Attention
CUST-09547,161,4,1425.57,3,2,3,323,2.67,Promising
CUST-00892,161,4,1697.85,3,2,3,323,2.67,Promising
CUST-08918,161,5,456.09,3,3,1,331,2.33,Potential Loyalists
CUST-06351,161,5,589.65,3,3,1,331,2.33,Potential Loyalists
CUST-10028,161,5,1597.12,3,3,3,333,3.0,Potential Loyalists
CUST-06188,161,5,1909.22,3,3,3,333,3.0,Potential Loyalists
CUST-07618,161,5,2666.49,3,3,4,334,3.33,Potential Loyalists
CUST-00781,161,6,1361.84,3,4,2,342,3.0,Potential Loyalists
CUST-03239,161,6,1635.72,3,4,3,343,3.33,Loyal Customers
CUST-01790,161,6,2530.01,3,4,4,344,3.67,Loyal Customers
CUST-11588,161,6,2628.14,3,4,4,344,3.67,Loyal Customers
CUST-08729,161,6,3351.7,3,4,5,345,4.0,Loyal Customers
CUST-01085,161,6,3934.02,3,4,5,345,4.0,Loyal Customers
CUST-05257,161,6,4138.09,3,4,5,345,4.0,Loyal Customers
CUST-12847,161,7,994.99,3,4,2,342,3.0,Potential Loyalists
CUST-07866,161,7,1844.46,3,4,3,343,3.33,Loyal Customers
CUST-11816,161,8,2703.31,3,5,4,354,4.0,Loyal Customers
CUST-02042,161,9,3453.95,3,5,5,355,4.33,Loyal Customers
CUST-12882,161,9,3759.55,3,5,5,355,4.33,Loyal Customers
CUST-14135,160,2,228.49,3,1,1,311,1.67,Needs Attention
CUST-01995,160,2,448.7,3,1,1,311,1.67,Needs Attention
CUST-01921,160,3,175.11,3,1,1,311,1.67,Needs Attention
CUST-13124,160,3,314.71,3,1,1,311,1.67,Needs Attention
CUST-14347,160,3,587.9,3,1,1,311,1.67,Needs Attention
CUST-08877,160,3,629.12,3,1,1,311,1.67,Needs Attention
CUST-07655,160,3,997.37,3,1,2,312,2.0,Needs Attention
CUST-13940,160,3,1455.76,3,2,3,323,2.67,Promising
CUST-14379,160,4,2025.52,3,2,3,323,2.67,Promising
CUST-00511,160,4,3975.67,3,3,5,335,3.67,Potential Loyalists
CUST-13261,160,5,3209.02,3,3,5,335,3.67,Potential Loyalists
CUST-14148,160,6,1023.05,3,4,2,342,3.0,Potential Loyalists
CUST-13922,160,6,1289.84,3,4,2,342,3.0,Potential Loyalists
CUST-00745,160,6,1720.63,3,4,3,343,3.33,Loyal Customers
CUST-06702,160,6,2205.82,3,4,4,344,3.67,Loyal Customers
CUST-01122,160,6,2818.72,3,4,4,344,3.67,Loyal Customers
CUST-08284,160,6,4179.86,3,4,5,345,4.0,Loyal Customers
CUST-12943,160,7,1388.78,3,4,2,342,3.0,Potential Loyalists
CUST-01317,160,7,1848.27,3,4,3,343,3.33,Loyal Customers
CUST-14453,160,7,2535.55,3,5,4,354,4.0,Loyal Customers
CUST-14651,160,8,953.46,3,5,2,352,3.33,Potential Loyalists
CUST-11913,160,8,1289.6,3,5,2,352,3.33,Potential Loyalists
CUST-10336,160,8,2216.05,3,5,4,354,4.0,Loyal Customers
CUST-11456,160,8,3067.69,3,5,5,355,4.33,Loyal Customers
CUST-03360,159,2,363.98,3,1,1,311,1.67,Needs Attention
CUST-04961,159,2,1202.0,3,1,2,312,2.0,Needs Attention
CUST-02052,159,3,1049.6,3,1,2,312,2.0,Needs Attention
CUST-04847,159,3,1087.48,3,2,2,322,2.33,Needs Attention
CUST-07212,159,3,1381.29,3,2,2,322,2.33,Needs Attention
CUST-10432,159,3,1433.29,3,2,3,323,2.67,Promising
CUST-05340,159,3,2011.59,3,2,3,323,2.67,Promising
CUST-14661,159,3,2028.2,3,2,3,323,2.67,Promising
CUST-08115,159,4,1642.08,3,2,3,323,2.67,Promising
CUST-14627,159,4,1799.06,3,2,3,323,2.67,Promising
CUST-00161,159,4,3273.62,3,3,5,335,3.67,Potential Loyalists
CUST-07395,159,5,3684.61,3,3,5,335,3.67,Potential Loyalists
CUST-03734,159,6,1498.43,3,4,3,343,3.33,Loyal Customers
CUST-14529,159,6,1743.74,3,4,3,343,3.33,Loyal Customers
CUST-14904,159,6,1759.58,3,4,3,343,3.33,Loyal Customers
CUST-03418,159,6,3312.5,3,4,5,345,4.0,Loyal Customers
CUST-02074,159,7,3398.08,3,5,5,355,4.33,Loyal Customers
CUST-08222,159,7,4839.29,3,5,5,355,4.33,Loyal Customers
CUST-05557,159,8,2037.51,3,5,3,353,3.67,Loyal Customers
CUST-02714,159,8,2659.43,3,5,4,354,4.0,Loyal Customers
CUST-03783,159,8,6508.99,3,5,5,355,4.33,Loyal Customers
CUST-08420,159,9,2661.42,3,5,4,354,4.0,Loyal Customers
CUST-08022,159,9,3405.59,3,5,5,355,4.33,Loyal Customers
CUST-03800,159,10,1465.65,3,5,3,353,3.67,Loyal Customers
CUST-05062,159,10,1777.17,3,5,3,353,3.67,Loyal Customers
CUST-06110,159,10,4220.13,3,5,5,355,4.33,Loyal Customers
CUST-14739,158,2,230.75,3,1,1,311,1.67,Needs Attention
CUST-03826,158,2,389.81,3,1,1,311,1.67,Needs Attention
CUST-12964,158,2,763.96,3,1,2,312,2.0,Needs Attention
CUST-06499,158,2,812.26,3,1,2,312,2.0,Needs Attention
CUST-13328,158,2,939.0,3,1,2,312,2.0,Needs Attention
CUST-11505,158,3,417.18,3,1,1,311,1.67,Needs Attention
CUST-12692,158,3,2640.24,3,2,4,324,3.0,Promising
CUST-13042,158,4,499.68,3,2,1,321,2.0,Needs Attention
CUST-12324,158,4,624.34,3,2,1,321,2.0,Needs Attention
CUST-05695,158,4,719.47,3,2,1,321,2.0,Needs Attention
CUST-02757,158,4,965.07,3,2,2,322,2.33,Needs Attention
CUST-02493,158,4,990.61,3,2,2,322,2.33,Needs Attention
CUST-13623,158,5,911.48,3,3,2,332,2.67,Potential Loyalists
CUST-11229,158,5,1213.26,3,3,2,332,2.67,Potential Loyalists
CUST-09741,158,5,2319.37,3,3,4,334,3.33,Potential Loyalists
CUST-07818,158,5,2358.83,3,3,4,334,3.33,Potential Loyalists
CUST-06550,158,5,2501.26,3,3,4,334,3.33,Potential Loyalists
CUST-12159,158,6,1077.97,3,4,2,342,3.0,Potential Loyalists
CUST-06107,158,6,1453.73,3,4,3,343,3.33,Loyal Customers
CUST-13969,158,6,1772.27,3,4,3,343,3.33,Loyal Customers
CUST-14965,158,6,2503.18,3,4,4,344,3.67,Loyal Customers
CUST-09974,158,6,3483.02,3,4,5,345,4.0,Loyal Customers
CUST-11859,158,6,3625.06,3,4,5,345,4.0,Loyal Customers
CUST-03971,158,7,906.42,3,4,2,342,3.0,Potential Loyalists
CUST-00247,158,7,1450.77,3,4,3,343,3.33,Loyal Customers
CUST-10990,158,7,1737.79,3,4,3,343,3.33,Loyal Customers
CUST-08343,158,7,1906.83,3,4,3,343,3.33,Loyal Customers
CUST-14560,158,7,3121.78,3,5,5,355,4.33,Loyal Customers
CUST-01884,158,7,4218.98,3,5,5,355,4.33,Loyal Customers
CUST-01638,158,8,3052.37,3,5,5,355,4.33,Loyal Customers
CUST-08246,158,8,3963.92,3,5,5,355,4.33,Loyal Customers
CUST-09922,158,8,4851.86,3,5,5,355,4.33,Loyal Customers
CUST-02305,158,9,4340.77,3,5,5,355,4.33,Loyal Customers
CUST-10469,158,9,6279.07,3,5,5,355,4.33,Loyal Customers
CUST-09172,157,2,182.12,3,1,1,311,1.67,Needs Attention
CUST-07300,157,2,224.13,3,1,1,311,1.67,Needs Attention
CUST-10691,157,3,154.29,3,1,1,311,1.67,Needs Attention
CUST-11106,157,3,1308.84,3,2,2,322,2.33,Needs Attention
CUST-00533,157,3,1530.88,3,2,3,323,2.67,Promising
CUST-02894,157,4,266.21,3,2,1,321,2.0,Needs Attention
CUST-07959,157,4,544.31,3,2,1,321,2.0,Needs Attention
CUST-12479,157,4,560.92,3,2,1,321,2.0,Needs Attention
CUST-12332,157,4,771.26,3,2,2,322,2.33,Needs Attention
CUST-04109,157,4,1532.47,3,2,3,323,2.67,Promising
CUST-03914,157,4,1573.22,3,2,3,323,2.67,Promising
CUST-04699,157,4,2896.37,3,3,4,334,3.33,Potential Loyalists
CUST-09191,157,5,338.33,3,3,1,331,2.33,Potential Loyalists
CUST-14950,157,5,1089.7,3,3,2,332,2.67,Potential Loyalists
CUST-07651,157,5,2293.23,3,3,4,334,3.33,Potential Loyalists
CUST-01748,157,5,4653.17,3,4,5,345,4.0,Loyal Customers
CUST-01723,157,6,1180.49,3,4,2,342,3.0,Potential Loyalists
CUST-11032,157,6,1678.38,3,4,3,343,3.33,Loyal Customers
CUST-03622,157,6,1841.61,3,4,3,343,3.33,Loyal Customers
CUST-12204,157,6,1911.48,3,4,3,343,3.33,Loyal Customers
CUST-07904,157,6,3003.05,3,4,4,344,3.67,Loyal Customers
CUST-01264,157,7,2307.55,3,5,4,354,4.0,Loyal Customers
CUST-10642,157,7,3461.68,3,5,5,355,4.33,Loyal Customers
CUST-10606,157,7,4087.71,3,5,5,355,4.33,Loyal Customers
CUST-08930,157,8,6392.25,3,5,5,355,4.33,Loyal Customers
CUST-06809,157,9,2310.09,3,5,4,354,4.0,Loyal Customers
CUST-03536,157,10,4843.25,3,5,5,355,4.33,Loyal Customers
CUST-05165,157,10,5090.42,3,5,5,355,4.33,Loyal Customers
CUST-11677,157,11,3962.92,3,5,5,355,4.33,Loyal Customers
CUST-11495,156,2,367.3,3,1,1,311,1.67,Needs Attention
CUST-04746,156,2,1651.06,3,1,3,313,2.33,Promising
CUST-03137,156,3,1176.71,3,2,2,322,2.33,Needs Attention
CUST-07609,156,3,1277.26,3,2,2,322,2.33,Needs Attention
CUST-06239,156,3,1414.77,3,2,3,323,2.67,Promising
CUST-10364,156,4,678.88,3,2,1,321,2.0,Needs Attention
CUST-03960,156,4,920.54,3,2,2,322,2.33,Needs Attention
CUST-03620,156,4,1457.45,3,2,3,323,2.67,Promising
CUST-10474,156,4,1553.98,3,2,3,323,2.67,Promising
CUST-05028,156,4,2495.85,3,3,4,334,3.33,Potential Loyalists
CUST-10931,156,4,2890.59,3,3,4,334,3.33,Potential Loyalists
CUST-08559,156,5,970.36,3,3,2,332,2.67,Potential Loyalists
CUST-02875,156,5,1336.66,3,3,2,332,2.67,Potential Loyalists
CUST-09214,156,5,1603.26,3,3,3,333,3.0,Potential Loyalists
CUST-14955,156,5,3140.32,3,3,5,335,3.67,Potential Loyalists
CUST-12287,156,5,3816.17,3,4,5,345,4.0,Loyal Customers
CUST-14613,156,5,4226.63,3,4,5,345,4.0,Loyal Customers
CUST-08321,156,6,1943.02,3,4,3,343,3.33,Loyal Customers
CUST-05372,156,6,2459.66,3,4,4,344,3.67,Loyal Customers
CUST-00437,156,6,2867.13,3,4,4,344,3.67,Loyal Customers
CUST-13575,156,6,3097.04,3,4,5,345,4.0,Loyal Customers
CUST-08742,156,7,2280.8,3,5,4,354,4.0,Loyal Customers
CUST-14415,156,7,2532.58,3,5,4,354,4.0,Loyal Customers
CUST-07968,156,7,2916.47,3,5,4,354,4.0,Loyal Customers
CUST-09841,156,8,2090.81,3,5,4,354,4.0,Loyal Customers
CUST-03375,156,8,2416.29,3,5,4,354,4.0,Loyal Customers
CUST-12769,156,9,1597.89,3,5,3,353,3.67,Loyal Customers
CUST-04235,156,9,3070.58,3,5,5,355,4.33,Loyal Customers
CUST-05644,155,2,450.46,3,1,1,311,1.67,Needs Attention
CUST-10561,155,3,299.19,3,1,1,311,1.67,Needs Attention
CUST-11246,155,3,2456.24,3,2,4,324,3.0,Promising
CUST-07233,155,4,1230.98,3,2,2,322,2.33,Needs Attention
CUST-12128,155,4,1465.38,3,2,3,323,2.67,Promising
CUST-08671,155,4,2336.99,3,2,4,324,3.0,Promising
CUST-00773,155,5,1539.22,3,3,3,333,3.0,Potential Loyalists
CUST-06598,155,5,1757.38,3,3,3,333,3.0,Potential Loyalists
CUST-11743,155,5,1774.01,3,3,3,333,3.0,Potential Loyalists
CUST-12419,155,5,1836.96,3,3,3,333,3.0,Potential Loyalists
CUST-14556,155,5,1865.81,3,3,3,333,3.0,Potential Loyalists
CUST-01368,155,5,1941.41,3,3,3,333,3.0,Potential Loyalists
CUST-02104,155,6,1207.06,3,4,2,342,3.0,Potential Loyalists
CUST-08527,155,6,1721.64,3,4,3,343,3.33,Loyal Customers
CUST-12248,155,6,1796.35,3,4,3,343,3.33,Loyal Customers
CUST-04712,155,6,2037.88,3,4,3,343,3.33,Loyal Customers
CUST-11494,155,6,2332.56,3,4,4,344,3.67,Loyal Customers
CUST-03766,155,6,2625.98,3,4,4,344,3.67,Loyal Customers
CUST-00806,155,6,2927.05,3,4,4,344,3.67,Loyal Customers
CUST-01070,155,6,3360.62,3,4,5,345,4.0,Loyal Customers
CUST-11400,155,7,1994.89,3,4,3,343,3.33,Loyal Customers
CUST-03646,155,7,3178.24,3,5,5,355,4.33,Loyal Customers
CUST-07369,155,8,1410.61,3,5,3,353,3.67,Loyal Customers
CUST-07269,155,8,4950.37,3,5,5,355,4.33,Loyal Customers
CUST-09377,155,9,2661.83,3,5,4,354,4.0,Loyal Customers
CUST-00885,155,9,3401.69,3,5,5,355,4.33,Loyal Customers
CUST-11009,155,12,3741.85,3,5,5,355,4.33,Loyal Customers
CUST-11150,155,12,4497.97,3,5,5,355,4.33,Loyal Customers
CUST-02766,155,12,4503.01,3,5,5,355,4.33,Loyal Customers
CUST-07246,154,2,242.87,3,1,1,311,1.67,Needs Attention
CUST-08438,154,2,1165.37,3,1,2,312,2.0,Needs Attention
CUST-08462,154,2,1271.78,3,1,2,312,2.0,Needs Attention
CUST-01199,154,2,1720.17,3,1,3,313,2.33,Promising
CUST-08952,154,3,297.23,3,1,1,311,1.67,Needs Attention
CUST-05607,154,3,359.36,3,1,1,311,1.67,Needs Attention
CUST-02206,154,3,507.79,3,1,1,311,1.67,Needs Attention
CUST-02126,154,3,576.35,3,1,1,311,1.67,Needs Attention
CUST-06341,154,4,334.69,3,2,1,321,2.0,Needs Attention
CUST-13696,154,4,425.11,3,2,1,321,2.0,Needs Attention
CUST-11256,154,4,1122.97,3,2,2,322,2.33,Needs Attention
CUST-07605,154,4,1958.63,3,2,3,323,2.67,Promising
CUST-12062,154,5,664.62,3,3,1,331,2.33,Potential Loyalists
CUST-14065,154,5,707.93,3,3,1,331,2.33,Potential Loyalists
CUST-08673,154,5,2131.77,3,3,4,334,3.33,Potential Loyalists
CUST-05170,154,5,2149.49,3,3,4,334,3.33,Potential Loyalists
CUST-14256,154,5,2225.79,3,3,4,334,3.33,Potential Loyalists
CUST-01112,154,5,4091.42,3,4,5,345,4.0,Loyal Customers
CUST-04700,154,6,719.93,3,4,1,341,2.67,Potential Loyalists
CUST-12553,154,6,2590.19,3,4,4,344,3.67,Loyal Customers
CUST-11266,154,6,3257.5,3,4,5,345,4.0,Loyal Customers
CUST-03066,154,6,3310.41,3,4,5,345,4.0,Loyal Customers
CUST-06719,154,7,2160.63,3,5,4,354,4.0,Loyal Customers
CUST-07436,154,7,3081.47,3,5,5,355,4.33,Loyal Customers
CUST-08865,153,3,117.23,3,1,1,311,1.67,Needs Attention
CUST-03879,153,3,212.47,3,1,1,311,1.67,Needs Attention
CUST-03743,153,3,644.3,3,1,1,311,1.67,Needs Attention
CUST-01589,153,3,1026.01,3,1,2,312,2.0,Needs Attention
CUST-02166,153,3,1629.58,3,2,3,323,2.67,Promising
CUST-09133,153,3,1651.64,3,2,3,323,2.67,Promising
CUST-00601,153,4,521.85,3,2,1,321,2.0,Needs Attention
CUST-14696,153,4,613.26,3,2,1,321,2.0,Needs Attention
CUST-02615,153,4,798.1,3,2,2,322,2.33,Needs Attention
CUST-08242,153,4,1298.46,3,2,2,322,2.33,Needs Attention
CUST-14571,153,4,1818.02,3,2,3,323,2.67,Promising
CUST-04445,153,4,2230.42,3,2,4,324,3.0,Promising
CUST-07131,153,5,1048.62,3,3,2,332,2.67,Potential Loyalists
CUST-07919,153,5,1910.85,3,3,3,333,3.0,Potential Loyalists
CUST-01922,153,5,2915.38,3,3,4,334,3.33,Potential Loyalists
CUST-01523,153,5,4360.21,3,4,5,345,4.0,Loyal Customers
CUST-01195,153,6,1710.03,3,4,3,343,3.33,Loyal Customers
CUST-14323,153,6,1752.41,3,4,3,343,3.33,Loyal Customers
CUST-11347,153,6,5677.9,3,4,5,345,4.0,Loyal Customers
CUST-11308,153,7,1265.14,3,4,2,342,3.0,Potential Loyalists
CUST-09067,153,7,1984.23,3,4,3,343,3.33,Loyal Customers
CUST-02611,153,7,3665.96,3,5,5,355,4.33,Loyal Customers
CUST-05435,153,7,3714.78,3,5,5,355,4.33,Loyal Customers
CUST-02902,153,8,3216.41,3,5,5,355,4.33,Loyal Customers
CUST-07832,153,8,4543.25,3,5,5,355,4.33,Loyal Customers
CUST-01927,153,10,4122.61,3,5,5,355,4.33,Loyal Customers
CUST-03498,153,10,4154.28,3,5,5,355,4.33,Loyal Customers
CUST-08982,153,11,4828.17,3,5,5,355,4.33,Loyal Customers
CUST-10418,152,2,1909.54,3,1,3,313,2.33,Promising
CUST-03181,152,3,558.55,3,1,1,311,1.67,Needs Attention
CUST-14045,152,3,920.05,3,1,2,312,2.0,Needs Attention
CUST-06794,152,3,1412.13,3,2,3,323,2.67,Promising
CUST-00255,152,4,618.09,3,2,1,321,2.0,Needs Attention
CUST-09621,152,4,1498.8,3,2,3,323,2.67,Promising
CUST-06576,152,4,1821.47,3,2,3,323,2.67,Promising
CUST-10228,152,4,2101.55,3,2,4,324,3.0,Promising
CUST-06216,152,4,2466.53,3,3,4,334,3.33,Potential Loyalists
CUST-02702,152,5,993.32,3,3,2,332,2.67,Potential Loyalists
CUST-03546,152,5,1505.57,3,3,3,333,3.0,Potential Loyalists
CUST-14897,152,5,1675.44,3,3,3,333,3.0,Potential Loyalists
CUST-06988,152,5,1743.19,3,3,3,333,3.0,Potential Loyalists
CUST-06708,152,5,1845.76,3,3,3,333,3.0,Potential Loyalists
CUST-07442,152,5,2343.02,3,3,4,334,3.33,Potential Loyalists
CUST-00264,152,5,2545.89,3,3,4,334,3.33,Potential Loyalists
CUST-01304,152,5,3111.74,3,3,5,335,3.67,Potential Loyalists
CUST-09945,152,5,3568.56,3,3,5,335,3.67,Potential Loyalists
CUST-08464,152,5,3624.02,3,3,5,335,3.67,Potential Loyalists
CUST-13110,152,5,4236.54,3,4,5,345,4.0,Loyal Customers
CUST-12969,152,6,808.28,3,4,2,342,3.0,Potential Loyalists
CUST-10527,152,6,1275.09,3,4,2,342,3.0,Potential Loyalists
CUST-00188,152,6,2029.0,3,4,3,343,3.33,Loyal Customers
CUST-06610,152,6,2468.27,3,4,4,344,3.67,Loyal Customers
CUST-05899,152,6,3058.07,3,4,5,345,4.0,Loyal Customers
CUST-06864,152,7,1641.59,3,4,3,343,3.33,Loyal Customers
CUST-14809,152,7,2233.21,3,5,4,354,4.0,Loyal Customers
CUST-13991,152,7,2638.64,3,5,4,354,4.0,Loyal Customers
CUST-02986,152,7,2939.55,3,5,4,354,4.0,Loyal Customers
CUST-03174,152,7,3795.58,3,5,5,355,4.33,Loyal Customers
CUST-11251,152,10,2136.82,3,5,4,354,4.0,Loyal Customers
CUST-10773,152,11,5671.56,3,5,5,355,4.33,Loyal Customers
CUST-05829,151,2,716.36,3,1,1,311,1.67,Needs Attention
CUST-00485,151,2,1616.77,3,1,3,313,2.33,Promising
CUST-12629,151,3,688.68,3,1,1,311,1.67,Needs Attention
CUST-00108,151,3,711.01,3,1,1,311,1.67,Needs Attention
CUST-00969,151,3,843.67,3,1,2,312,2.0,Needs Attention
CUST-02144,151,3,888.13,3,1,2,312,2.0,Needs Attention
CUST-14116,151,3,1411.27,3,2,3,323,2.67,Promising
CUST-10229,151,3,1748.87,3,2,3,323,2.67,Promising
CUST-06296,151,4,376.45,3,2,1,321,2.0,Needs Attention
CUST-07502,151,4,385.69,3,2,1,321,2.0,Needs Attention
CUST-11043,151,4,509.92,3,2,1,321,2.0,Needs Attention
CUST-01807,151,4,560.01,3,2,1,321,2.0,Needs Attention
CUST-10205,151,4,642.56,3,2,1,321,2.0,Needs Attention
CUST-04914,151,4,868.33,3,2,2,322,2.33,Needs Attention
CUST-12948,151,4,951.88,3,2,2,322,2.33,Needs Attention
CUST-01722,151,4,2449.91,3,3,4,334,3.33,Potential Loyalists
CUST-03596,151,5,837.99,3,3,2,332,2.67,Potential Loyalists
CUST-08965,151,5,962.15,3,3,2,332,2.67,Potential Loyalists
CUST-06036,151,5,1331.49,3,3,2,332,2.67,Potential Loyalists
CUST-13023,151,5,1755.79,3,3,3,333,3.0,Potential Loyalists
CUST-00759,151,5,2042.94,3,3,3,333,3.0,Potential Loyalists
CUST-06043,151,5,2772.67,3,3,4,334,3.33,Potential Loyalists
CUST-07839,151,5,3015.63,3,3,5,335,3.67,Potential Loyalists
CUST-12336,151,5,3442.52,3,3,5,335,3.67,Potential Loyalists
CUST-13971,151,5,3876.66,3,4,5,345,4.0,Loyal Customers
CUST-07990,151,6,2152.86,3,4,4,344,3.67,Loyal Customers
CUST-13209,151,7,1022.93,3,4,2,342,3.0,Potential Loyalists
CUST-03621,151,7,1483.49,3,4,3,343,3.33,Loyal Customers
CUST-05543,151,7,3242.25,3,5,5,355,4.33,Loyal Customers
CUST-05021,151,7,3619.66,3,5,5,355,4.33,Loyal Customers
CUST-11668,151,8,3745.04,3,5,5,355,4.33,Loyal Customers
CUST-05429,151,9,2698.24,3,5,4,354,4.0,Loyal Customers
CUST-04476,150,2,560.49,3,1,1,311,1.67,Needs Attention
CUST-12142,150,2,908.26,3,1,2,312,2.0,Needs Attention
CUST-04531,150,2,1386.53,3,1,2,312,2.0,Needs Attention
CUST-00262,150,2,1589.92,3,1,3,313,2.33,Promising
CUST-07963,150,3,668.22,3,1,1,311,1.67,Needs Attention
CUST-03157,150,3,1232.73,3,2,2,322,2.33,Needs Attention
CUST-02450,150,4,1159.17,3,2,2,322,2.33,Needs Attention
CUST-01171,150,4,1625.27,3,2,3,323,2.67,Promising
CUST-07527,150,5,1428.11,3,3,3,333,3.0,Potential Loyalists
CUST-07466,150,5,1845.0,3,3,3,333,3.0,Potential Loyalists
CUST-07995,150,5,2813.58,3,3,4,334,3.33,Potential Loyalists
CUST-13757,150,5,2875.22,3,3,4,334,3.33,Potential Loyalists
CUST-12021,150,5,2983.1,3,3,4,334,3.33,Potential Loyalists
CUST-10169,150,6,1506.44,3,4,3,343,3.33,Loyal Customers
CUST-08711,150,6,1650.51,3,4,3,343,3.33,Loyal Customers
CUST-13929,150,6,1871.13,3,4,3,343,3.33,Loyal Customers
CUST-12889,150,6,2397.02,3,4,4,344,3.67,Loyal Customers
CUST-06751,150,7,1482.93,3,4,3,343,3.33,Loyal Customers
CUST-00500,150,7,3196.93,3,5,5,355,4.33,Loyal Customers
CUST-01982,150,7,3885.74,3,5,5,355,4.33,Loyal Customers
CUST-11620,150,7,3995.54,3,5,5,355,4.33,Loyal Customers
CUST-05463,150,7,4211.27,3,5,5,355,4.33,Loyal Customers
CUST-08872,150,7,5774.17,3,5,5,355,4.33,Loyal Customers
CUST-05773,150,7,6314.78,3,5,5,355,4.33,Loyal Customers
CUST-08044,150,8,1029.56,3,5,2,352,3.33,Potential Loyalists
CUST-12924,150,8,1935.07,3,5,3,353,3.67,Loyal Customers
CUST-05009,150,8,2153.61,3,5,4,354,4.0,Loyal Customers
CUST-09066,150,9,923.65,3,5,2,352,3.33,Potential Loyalists
CUST-04920,149,2,182.83,3,1,1,311,1.67,Needs Attention
CUST-07059,149,3,347.48,3,1,1,311,1.67,Needs Attention
CUST-03818,149,3,447.15,3,1,1,311,1.67,Needs Attention
CUST-04721,149,3,630.12,3,1,1,311,1.67,Needs Attention
CUST-11376,149,3,2338.47,3,2,4,324,3.0,Promising
CUST-03573,149,4,505.58,3,2,1,321,2.0,Needs Attention
CUST-13018,149,4,525.75,3,2,1,321,2.0,Needs Attention
CUST-11161,149,4,691.55,3,2,1,321,2.0,Needs Attention
CUST-08659,149,4,900.16,3,2,2,322,2.33,Needs Attention
CUST-14548,149,4,937.53,3,2,2,322,2.33,Needs Attention
CUST-03842,149,4,994.68,3,2,2,322,2.33,Needs Attention
CUST-04740,149,4,1048.04,3,2,2,322,2.33,Needs Attention
CUST-07147,149,5,1394.31,3,3,3,333,3.0,Potential Loyalists
CUST-13019,149,5,1522.29,3,3,3,333,3.0,Potential Loyalists
CUST-12185,149,5,1803.24,3,3,3,333,3.0,Potential Loyalists
CUST-06103,149,5,1852.88,3,3,3,333,3.0,Potential Loyalists
CUST-10417,149,5,1899.7,3,3,3,333,3.0,Potential Loyalists
CUST-02715,149,5,2167.42,3,3,4,334,3.33,Potential Loyalists
CUST-13890,149,5,2947.14,3,3,4,334,3.33,Potential Loyalists
CUST-04720,149,5,3407.63,3,3,5,335,3.67,Potential Loyalists
CUST-14818,149,6,1311.26,3,4,2,342,3.0,Potential Loyalists
CUST-05131,149,6,1580.14,3,4,3,343,3.33,Loyal Customers
CUST-05123,149,6,2618.41,3,4,4,344,3.67,Loyal Customers
CUST-14125,149,7,867.21,3,4,2,342,3.0,Potential Loyalists
CUST-09042,149,7,1133.11,3,4,2,342,3.0,Potential Loyalists
CUST-02408,149,7,1290.77,3,4,2,342,3.0,Potential Loyalists
CUST-09359,149,7,1749.57,3,4,3,343,3.33,Loyal Customers
CUST-05380,149,7,2127.29,3,5,4,354,4.0,Loyal Customers
CUST-04770,149,8,2325.65,3,5,4,354,4.0,Loyal Customers
CUST-07087,149,11,3303.75,3,5,5,355,4.33,Loyal Customers
CUST-14586,148,3,199.01,3,1,1,311,1.67,Needs Attention
CUST-01309,148,3,886.95,3,1,2,312,2.0,Needs Attention
CUST-07632,148,3,1236.5,3,2,2,322,2.33,Needs Attention
CUST-05448,148,3,1236.88,3,2,2,322,2.33,Needs Attention
CUST-10688,148,3,2438.25,3,2,4,324,3.0,Promising
CUST-01753,148,3,2519.09,3,2,4,324,3.0,Promising
CUST-08122,148,4,717.82,3,2,1,321,2.0,Needs Attention
CUST-08303,148,4,1199.54,3,2,2,322,2.33,Needs Attention
CUST-08960,148,4,1401.63,3,2,3,323,2.67,Promising
CUST-14197,148,4,1411.24,3,2,3,323,2.67,Promising
CUST-02923,148,4,2691.63,3,3,4,334,3.33,Potential Loyalists
CUST-13566,148,5,540.18,3,3,1,331,2.33,Potential Loyalists
CUST-02692,148,5,670.34,3,3,1,331,2.33,Potential Loyalists
CUST-01563,148,5,1164.58,3,3,2,332,2.67,Potential Loyalists
CUST-03905,148,5,2154.88,3,3,4,334,3.33,Potential Loyalists
CUST-12972,148,5,2194.26,3,3,4,334,3.33,Potential Loyalists
CUST-00799,148,5,2789.41,3,3,4,334,3.33,Potential Loyalists
CUST-12392,148,5,5401.4,3,4,5,345,4.0,Loyal Customers
CUST-10728,148,6,1431.23,3,4,3,343,3.33,Loyal Customers
CUST-13519,148,6,1823.86,3,4,3,343,3.33,Loyal Customers
CUST-12766,148,6,2064.39,3,4,3,343,3.33,Loyal Customers
CUST-12118,148,6,2390.62,3,4,4,344,3.67,Loyal Customers
CUST-04352,148,6,2934.17,3,4,4,344,3.67,Loyal Customers
CUST-05411,148,6,3723.01,3,4,5,345,4.0,Loyal Customers
CUST-08747,148,7,1108.03,3,4,2,342,3.0,Potential Loyalists
CUST-05640,148,7,1414.6,3,4,3,343,3.33,Loyal Customers
CUST-05871,148,7,1907.77,3,4,3,343,3.33,Loyal Customers
CUST-08637,148,7,3568.37,3,5,5,355,4.33,Loyal Customers
CUST-10000,148,8,1478.57,3,5,3,353,3.67,Loyal Customers
CUST-07799,148,8,2067.05,3,5,3,353,3.67,Loyal Customers
CUST-10726,148,9,2991.58,3,5,4,354,4.0,Loyal Customers
CUST-05389,148,9,3527.38,3,5,5,355,4.33,Loyal Customers
CUST-14467,148,9,4535.66,3,5,5,355,4.33,Loyal Customers
CUST-06868,148,10,6886.81,3,5,5,355,4.33,Loyal Customers
CUST-12752,147,2,99.93,3,1,1,311,1.67,Needs Attention
CUST-10425,147,2,1598.81,3,1,3,313,2.33,Promising
CUST-10263,147,2,2085.46,3,1,4,314,2.67,Promising
CUST-07620,147,3,1235.62,3,2,2,322,2.33,Needs Attention
CUST-04195,147,3,1264.34,3,2,2,322,2.33,Needs Attention
CUST-05749,147,3,1322.38,3,2,2,322,2.33,Needs Attention
CUST-12833,147,3,1671.96,3,2,3,323,2.67,Promising
CUST-13599,147,3,2024.62,3,2,3,323,2.67,Promising
CUST-04891,147,4,850.01,3,2,2,322,2.33,Needs Attention
CUST-10222,147,4,1074.76,3,2,2,322,2.33,Needs Attention
CUST-13746,147,4,1177.2,3,2,2,322,2.33,Needs Attention
CUST-02491,147,4,1502.83,3,2,3,323,2.67,Promising
CUST-05551,147,4,1560.92,3,2,3,323,2.67,Promising
CUST-01254,147,4,1827.74,3,2,3,323,2.67,Promising
CUST-06087,147,4,2006.02,3,2,3,323,2.67,Promising
CUST-13668,147,5,423.1,3,3,1,331,2.33,Potential Loyalists
CUST-02832,147,5,1080.1,3,3,2,332,2.67,Potential Loyalists
CUST-12262,147,5,3577.8,3,3,5,335,3.67,Potential Loyalists
CUST-10982,147,5,3978.92,3,4,5,345,4.0,Loyal Customers
CUST-02842,147,6,812.23,3,4,2,342,3.0,Potential Loyalists
CUST-13054,147,6,1160.78,3,4,2,342,3.0,Potential Loyalists
CUST-07096,147,6,2725.51,3,4,4,344,3.67,Loyal Customers
CUST-02121,147,7,3275.46,3,5,5,355,4.33,Loyal Customers
CUST-08635,147,8,2682.6,3,5,4,354,4.0,Loyal Customers
CUST-14967,147,8,6459.46,3,5,5,355,4.33,Loyal Customers
CUST-09603,147,8,6978.48,3,5,5,355,4.33,Loyal Customers
CUST-04487,147,9,1823.68,3,5,3,353,3.67,Loyal Customers
CUST-09503,147,9,5449.44,3,5,5,355,4.33,Loyal Customers
CUST-11474,147,9,6113.18,3,5,5,355,4.33,Loyal Customers
CUST-09217,146,2,240.01,3,1,1,311,1.67,Needs Attention
CUST-00554,146,3,1761.8,3,2,3,323,2.67,Promising
CUST-10600,146,3,1989.64,3,2,3,323,2.67,Promising
CUST-04628,146,4,449.73,3,2,1,321,2.0,Needs Attention
CUST-11177,146,4,823.44,3,2,2,322,2.33,Needs Attention
CUST-11642,146,4,911.67,3,2,2,322,2.33,Needs Attention
CUST-00038,146,4,971.42,3,2,2,322,2.33,Needs Attention
CUST-10755,146,4,2500.88,3,3,4,334,3.33,Potential Loyalists
CUST-00343,146,5,597.01,3,3,1,331,2.33,Potential Loyalists
CUST-14780,146,5,1982.65,3,3,3,333,3.0,Potential Loyalists
CUST-14932,146,5,3421.34,3,3,5,335,3.67,Potential Loyalists
CUST-08558,146,6,2598.23,3,4,4,344,3.67,Loyal Customers
CUST-13238,146,6,3454.83,3,4,5,345,4.0,Loyal Customers
CUST-11449,146,7,1290.78,3,4,2,342,3.0,Potential Loyalists
CUST-00859,146,7,1560.34,3,4,3,343,3.33,Loyal Customers
CUST-03470,146,7,2653.56,3,5,4,354,4.0,Loyal Customers
CUST-09920,146,7,2769.9,3,5,4,354,4.0,Loyal Customers
CUST-01785,146,7,3100.92,3,5,5,355,4.33,Loyal Customers
CUST-11318,146,7,3183.72,3,5,5,355,4.33,Loyal Customers
CUST-11799,146,7,3932.13,3,5,5,355,4.33,Loyal Customers
CUST-00777,146,7,3961.04,3,5,5,355,4.33,Loyal Customers
CUST-06301,146,7,4434.85,3,5,5,355,4.33,Loyal Customers
CUST-07859,146,7,4800.24,3,5,5,355,4.33,Loyal Customers
CUST-11782,146,8,2481.55,3,5,4,354,4.0,Loyal Customers
CUST-02974,146,8,5540.16,3,5,5,355,4.33,Loyal Customers
CUST-00796,146,9,7169.93,3,5,5,355,4.33,Loyal Customers
CUST-09392,146,12,3550.64,3,5,5,355,4.33,Loyal Customers
CUST-09022,145,2,553.85,3,1,1,311,1.67,Needs Attention
CUST-05983,145,2,2404.48,3,1,4,314,2.67,Promising
CUST-12661,145,3,611.92,3,1,1,311,1.67,Needs Attention
CUST-04429,145,3,668.05,3,1,1,311,1.67,Needs Attention
CUST-03420,145,3,1436.78,3,2,3,323,2.67,Promising
CUST-00597,145,3,1801.15,3,2,3,323,2.67,Promising
CUST-09143,145,4,1707.36,3,2,3,323,2.67,Promising
CUST-11879,145,4,1767.62,3,2,3,323,2.67,Promising
CUST-02583,145,4,3834.06,3,3,5,335,3.67,Potential Loyalists
CUST-03948,145,5,606.88,3,3,1,331,2.33,Potential Loyalists
CUST-09827,145,5,1634.28,3,3,3,333,3.0,Potential Loyalists
CUST-10699,145,5,1936.84,3,3,3,333,3.0,Potential Loyalists
CUST-03495,145,5,2584.69,3,3,4,334,3.33,Potential Loyalists
CUST-08350,145,5,2618.08,3,3,4,334,3.33,Potential Loyalists
CUST-09653,145,5,5200.83,3,4,5,345,4.0,Loyal Customers
CUST-09870,145,6,414.45,3,4,1,341,2.67,Potential Loyalists
CUST-14788,145,6,1578.96,3,4,3,343,3.33,Loyal Customers
CUST-03927,145,6,2027.44,3,4,3,343,3.33,Loyal Customers
CUST-08085,145,6,2056.23,3,4,3,343,3.33,Loyal Customers
CUST-12155,145,6,2193.48,3,4,4,344,3.67,Loyal Customers
CUST-12197,145,6,3183.59,3,4,5,345,4.0,Loyal Customers
CUST-04223,145,7,1124.8,3,4,2,342,3.0,Potential Loyalists
CUST-09977,145,7,1314.46,3,4,2,342,3.0,Potential Loyalists
CUST-12998,145,8,1445.2,3,5,3,353,3.67,Loyal Customers
CUST-03416,145,9,3067.28,3,5,5,355,4.33,Loyal Customers
CUST-09230,145,9,4223.54,3,5,5,355,4.33,Loyal Customers
CUST-14101,145,10,3889.58,3,5,5,355,4.33,Loyal Customers
CUST-01649,144,2,110.32,3,1,1,311,1.67,Needs Attention
CUST-03506,144,2,268.74,3,1,1,311,1.67,Needs Attention
CUST-08840,144,2,377.97,3,1,1,311,1.67,Needs Attention
CUST-04400,144,2,768.84,3,1,2,312,2.0,Needs Attention
CUST-02261,144,3,504.48,3,1,1,311,1.67,Needs Attention
CUST-11099,144,4,689.23,3,2,1,321,2.0,Needs Attention
CUST-14682,144,4,753.09,3,2,1,321,2.0,Needs Attention
CUST-09390,144,4,1414.35,3,2,3,323,2.67,Promising
CUST-04728,144,5,830.39,3,3,2,332,2.67,Potential Loyalists
CUST-00394,144,5,1444.35,3,3,3,333,3.0,Potential Loyalists
CUST-08295,144,5,1519.02,3,3,3,333,3.0,Potential Loyalists
CUST-08389,144,5,1701.7,3,3,3,333,3.0,Potential Loyalists
CUST-06513,144,5,1753.89,3,3,3,333,3.0,Potential Loyalists
CUST-12666,144,5,3203.72,3,3,5,335,3.67,Potential Loyalists
CUST-09434,144,6,600.33,3,4,1,341,2.67,Potential Loyalists
CUST-11655,144,6,2184.53,3,4,4,344,3.67,Loyal Customers
CUST-03520,144,6,2575.7,3,4,4,344,3.67,Loyal Customers
CUST-12382,144,6,4448.85,3,4,5,345,4.0,Loyal Customers
CUST-03463,144,6,5633.08,3,4,5,345,4.0,Loyal Customers
CUST-01559,144,6,6274.69,3,4,5,345,4.0,Loyal Customers
CUST-05226,144,7,1492.5,3,4,3,343,3.33,Loyal Customers
CUST-10792,144,7,1993.13,3,4,3,343,3.33,Loyal Customers
CUST-09650,144,7,2427.4,3,5,4,354,4.0,Loyal Customers
CUST-05359,144,7,2744.37,3,5,4,354,4.0,Loyal Customers
CUST-08169,144,7,3665.38,3,5,5,355,4.33,Loyal Customers
CUST-10290,144,7,3939.95,3,5,5,355,4.33,Loyal Customers
CUST-05011,144,7,5521.02,3,5,5,355,4.33,Loyal Customers
CUST-10789,144,8,1830.53,3,5,3,353,3.67,Loyal Customers
CUST-02430,144,8,2770.54,3,5,4,354,4.0,Loyal Customers
CUST-09485,144,9,2156.56,3,5,4,354,4.0,Loyal Customers
CUST-00002,144,9,7186.98,3,5,5,355,4.33,Loyal Customers
CUST-14824,144,10,3227.36,3,5,5,355,4.33,Loyal Customers
CUST-11763,143,2,468.06,3,1,1,311,1.67,Needs Attention
CUST-11153,143,2,541.29,3,1,1,311,1.67,Needs Attention
CUST-14580,143,2,1005.78,3,1,2,312,2.0,Needs Attention
CUST-09636,143,3,538.06,3,1,1,311,1.67,Needs Attention
CUST-05937,143,3,645.95,3,1,1,311,1.67,Needs Attention
CUST-04063,143,3,1227.96,3,2,2,322,2.33,Needs Attention
CUST-02138,143,3,2527.68,3,2,4,324,3.0,Promising
CUST-14274,143,4,313.73,3,2,1,321,2.0,Needs Attention
CUST-13766,143,4,751.66,3,2,1,321,2.0,Needs Attention
CUST-12371,143,4,860.95,3,2,2,322,2.33,Needs Attention
CUST-03412,143,4,1520.79,3,2,3,323,2.67,Promising
CUST-09334,143,4,1626.55,3,2,3,323,2.67,Promising
CUST-10279,143,4,2125.33,3,2,4,324,3.0,Promising
CUST-09517,143,5,1012.74,3,3,2,332,2.67,Potential Loyalists
CUST-05289,143,5,1105.54,3,3,2,332,2.67,Potential Loyalists
CUST-10601,143,5,1200.4,3,3,2,332,2.67,Potential Loyalists
CUST-01395,143,5,1417.69,3,3,3,333,3.0,Potential Loyalists
CUST-10351,143,5,1532.25,3,3,3,333,3.0,Potential Loyalists
CUST-13076,143,5,1681.26,3,3,3,333,3.0,Potential Loyalists
CUST-04500,143,5,2277.73,3,3,4,334,3.33,Potential Loyalists
CUST-07926,143,6,4273.43,3,4,5,345,4.0,Loyal Customers
CUST-03187,143,7,1945.42,3,4,3,343,3.33,Loyal Customers
CUST-06596,143,7,3088.98,3,5,5,355,4.33,Loyal Customers
CUST-06924,143,7,3671.13,3,5,5,355,4.33,Loyal Customers
CUST-11732,143,7,4821.13,3,5,5,355,4.33,Loyal Customers
CUST-12114,143,8,1872.91,3,5,3,353,3.67,Loyal Customers
CUST-06298,143,8,2957.16,3,5,4,354,4.0,Loyal Customers
CUST-01040,143,8,3308.3,3,5,5,355,4.33,Loyal Customers
CUST-13237,143,8,4036.0,3,5,5,355,4.33,Loyal Customers
CUST-09279,143,9,5459.55,3,5,5,355,4.33,Loyal Customers
CUST-08701,143,12,6641.67,3,5,5,355,4.33,Loyal Customers
CUST-02485,142,2,441.64,3,1,1,311,1.67,Needs Attention
CUST-07188,142,2,1752.09,3,1,3,313,2.33,Promising
CUST-02093,142,3,1014.46,3,1,2,312,2.0,Needs Attention
CUST-14359,142,3,1280.62,3,2,2,322,2.33,Needs Attention
CUST-02885,142,3,2371.3,3,2,4,324,3.0,Promising
CUST-05329,142,4,1053.04,3,2,2,322,2.33,Needs Attention
CUST-03497,142,4,2578.85,3,3,4,334,3.33,Potential Loyalists
CUST-06969,142,4,2885.03,3,3,4,334,3.33,Potential Loyalists
CUST-11052,142,4,3864.61,3,3,5,335,3.67,Potential Loyalists
CUST-09082,142,5,902.68,3,3,2,332,2.67,Potential Loyalists
CUST-03091,142,5,1073.33,3,3,2,332,2.67,Potential Loyalists
CUST-06077,142,5,1697.61,3,3,3,333,3.0,Potential Loyalists
CUST-07467,142,5,2640.06,3,3,4,334,3.33,Potential Loyalists
CUST-00875,142,5,3317.72,3,3,5,335,3.67,Potential Loyalists
CUST-00952,142,6,2085.41,3,4,4,344,3.67,Loyal Customers
CUST-14460,142,6,2232.45,3,4,4,344,3.67,Loyal Customers
CUST-11085,142,6,4107.54,3,4,5,345,4.0,Loyal Customers
CUST-07789,142,7,2456.25,3,5,4,354,4.0,Loyal Customers
CUST-07132,142,7,3038.26,3,5,5,355,4.33,Loyal Customers
CUST-03950,142,7,4102.08,3,5,5,355,4.33,Loyal Customers
CUST-13284,142,8,3619.87,3,5,5,355,4.33,Loyal Customers
CUST-01943,142,9,4747.79,3,5,5,355,4.33,Loyal Customers
CUST-00877,141,2,277.14,3,1,1,311,1.67,Needs Attention
CUST-09718,141,2,289.83,3,1,1,311,1.67,Needs Attention
CUST-12131,141,2,339.5,3,1,1,311,1.67,Needs Attention
CUST-11356,141,2,749.61,3,1,1,311,1.67,Needs Attention
CUST-07533,141,3,1281.54,3,2,2,322,2.33,Needs Attention
CUST-14993,141,3,2083.95,3,2,4,324,3.0,Promising
CUST-08764,141,4,399.57,3,2,1,321,2.0,Needs Attention
CUST-08480,141,4,1127.51,3,2,2,322,2.33,Needs Attention
CUST-11920,141,5,944.69,3,3,2,332,2.67,Potential Loyalists
CUST-01951,141,5,1040.98,3,3,2,332,2.67,Potential Loyalists
CUST-10172,141,5,1239.01,3,3,2,332,2.67,Potential Loyalists
CUST-06954,141,5,1341.74,3,3,2,332,2.67,Potential Loyalists
CUST-00988,141,6,1684.93,3,4,3,343,3.33,Loyal Customers
CUST-09490,141,6,1851.05,3,4,3,343,3.33,Loyal Customers
CUST-03527,141,6,1935.38,3,4,3,343,3.33,Loyal Customers
CUST-03311,141,6,1987.72,3,4,3,343,3.33,Loyal Customers
CUST-02357,141,6,2035.35,3,4,3,343,3.33,Loyal Customers
CUST-09016,141,6,2281.69,3,4,4,344,3.67,Loyal Customers
CUST-08227,141,6,2609.97,3,4,4,344,3.67,Loyal Customers
CUST-06548,141,6,3672.38,3,4,5,345,4.0,Loyal Customers
CUST-11766,141,6,4246.78,3,4,5,345,4.0,Loyal Customers
CUST-07543,141,7,1102.16,3,4,2,342,3.0,Potential Loyalists
CUST-00240,141,7,1120.73,3,4,2,342,3.0,Potential Loyalists
CUST-12043,141,7,1168.34,3,4,2,342,3.0,Potential Loyalists
CUST-10237,141,8,1256.18,3,5,2,352,3.33,Potential Loyalists
CUST-02985,141,8,1524.45,3,5,3,353,3.67,Loyal Customers
CUST-09223,141,8,1892.71,3,5,3,353,3.67,Loyal Customers
CUST-02234,141,8,3232.57,3,5,5,355,4.33,Loyal Customers
CUST-09104,141,8,3280.03,3,5,5,355,4.33,Loyal Customers
CUST-08060,141,8,3881.71,3,5,5,355,4.33,Loyal Customers
CUST-10891,140,2,149.45,3,1,1,311,1.67,Needs Attention
CUST-10267,140,2,156.47,3,1,1,311,1.67,Needs Attention
CUST-02861,140,3,539.13,3,1,1,311,1.67,Needs Attention
CUST-09391,140,3,2258.18,3,2,4,324,3.0,Promising
CUST-00921,140,4,684.45,3,2,1,321,2.0,Needs Attention
CUST-02542,140,4,750.5,3,2,1,321,2.0,Needs Attention
CUST-03507,140,4,849.22,3,2,2,322,2.33,Needs Attention
CUST-12817,140,4,1035.64,3,2,2,322,2.33,Needs Attention
CUST-02433,140,4,1323.73,3,2,2,322,2.33,Needs Attention
CUST-09000,140,4,1396.47,3,2,3,323,2.67,Promising
CUST-02120,140,4,1818.63,3,2,3,323,2.67,Promising
CUST-07595,140,4,2518.3,3,3,4,334,3.33,Potential Loyalists
CUST-09236,140,4,3347.96,3,3,5,335,3.67,Potential Loyalists
CUST-13178,140,5,747.61,3,3,1,331,2.33,Potential Loyalists
CUST-06497,140,5,1680.09,3,3,3,333,3.0,Potential Loyalists
CUST-11928,140,5,1769.57,3,3,3,333,3.0,Potential Loyalists
CUST-05027,140,5,2578.69,3,3,4,334,3.33,Potential Loyalists
CUST-04409,140,6,569.71,3,4,1,341,2.67,Potential Loyalists
CUST-00811,140,6,959.77,3,4,2,342,3.0,Potential Loyalists
CUST-07357,140,6,1031.89,3,4,2,342,3.0,Potential Loyalists
CUST-04843,140,6,2275.41,3,4,4,344,3.67,Loyal Customers
CUST-05379,140,6,2843.94,3,4,4,344,3.67,Loyal Customers
CUST-08265,140,6,3233.28,3,4,5,345,4.0,Loyal Customers
CUST-12311,140,6,3862.02,3,4,5,345,4.0,Loyal Customers
CUST-02324,140,7,1453.43,3,4,3,343,3.33,Loyal Customers
CUST-04542,140,7,1766.2,3,4,3,343,3.33,Loyal Customers
CUST-13953,140,7,2056.27,3,4,3,343,3.33,Loyal Customers
CUST-10383,140,7,2565.54,3,5,4,354,4.0,Loyal Customers
CUST-12126,140,7,2933.49,3,5,4,354,4.0,Loyal Customers
CUST-06102,140,8,1624.16,3,5,3,353,3.67,Loyal Customers
CUST-05345,140,8,2365.15,3,5,4,354,4.0,Loyal Customers
CUST-02407,140,8,3147.05,3,5,5,355,4.33,Loyal Customers
CUST-09906,140,8,4402.95,3,5,5,355,4.33,Loyal Customers
CUST-03269,139,2,400.95,3,1,1,311,1.67,Needs Attention
CUST-12886,139,2,751.89,3,1,1,311,1.67,Needs Attention
CUST-02287,139,3,482.1,3,1,1,311,1.67,Needs Attention
CUST-10180,139,3,1532.08,3,2,3,323,2.67,Promising
CUST-09083,139,3,2954.96,3,2,4,324,3.0,Promising
CUST-10070,139,4,788.07,3,2,2,322,2.33,Needs Attention
CUST-08345,139,4,1106.71,3,2,2,322,2.33,Needs Attention
CUST-05670,139,4,1752.83,3,2,3,323,2.67,Promising
CUST-09074,139,5,913.51,3,3,2,332,2.67,Potential Loyalists
CUST-08459,139,5,1170.23,3,3,2,332,2.67,Potential Loyalists
CUST-00715,139,5,1256.46,3,3,2,332,2.67,Potential Loyalists
CUST-07456,139,5,1643.42,3,3,3,333,3.0,Potential Loyalists
CUST-04364,139,5,1690.57,3,3,3,333,3.0,Potential Loyalists
CUST-13876,139,5,2572.55,3,3,4,334,3.33,Potential Loyalists
CUST-04279,139,6,1169.28,3,4,2,342,3.0,Potential Loyalists
CUST-01283,139,6,1541.36,3,4,3,343,3.33,Loyal Customers
CUST-13547,139,6,1543.81,3,4,3,343,3.33,Loyal Customers
CUST-04649,139,6,1613.63,3,4,3,343,3.33,Loyal Customers
CUST-11665,139,6,1793.94,3,4,3,343,3.33,Loyal Customers
CUST-12794,139,6,1812.11,3,4,3,343,3.33,Loyal Customers
CUST-03696,139,6,2055.89,3,4,3,343,3.33,Loyal Customers
CUST-08838,139,6,2142.52,3,4,4,344,3.67,Loyal Customers
CUST-10560,139,6,2600.61,3,4,4,344,3.67,Loyal Customers
CUST-07562,139,6,2868.48,3,4,4,344,3.67,Loyal Customers
CUST-04696,139,6,3290.99,3,4,5,345,4.0,Loyal Customers
CUST-13828,139,6,3317.65,3,4,5,345,4.0,Loyal Customers
CUST-14489,139,6,5243.83,3,4,5,345,4.0,Loyal Customers
CUST-05178,139,7,673.21,3,4,1,341,2.67,Potential Loyalists
CUST-02748,139,7,700.87,3,4,1,341,2.67,Potential Loyalists
CUST-08405,139,7,3609.51,3,5,5,355,4.33,Loyal Customers
CUST-14752,139,7,3655.35,3,5,5,355,4.33,Loyal Customers
CUST-10322,139,8,1965.21,3,5,3,353,3.67,Loyal Customers
CUST-08465,139,8,2601.19,3,5,4,354,4.0,Loyal Customers
CUST-01394,139,10,4461.52,3,5,5,355,4.33,Loyal Customers
CUST-09684,138,2,181.83,3,1,1,311,1.67,Needs Attention
CUST-10586,138,2,219.25,3,1,1,311,1.67,Needs Attention
CUST-13063,138,2,518.44,3,1,1,311,1.67,Needs Attention
CUST-02049,138,3,181.07,3,1,1,311,1.67,Needs Attention
CUST-04578,138,3,485.74,3,1,1,311,1.67,Needs Attention
CUST-00823,138,3,1146.52,3,2,2,322,2.33,Needs Attention
CUST-14187,138,4,1539.71,3,2,3,323,2.67,Promising
CUST-04068,138,4,1856.06,3,2,3,323,2.67,Promising
CUST-02863,138,4,3667.69,3,3,5,335,3.67,Potential Loyalists
CUST-05430,138,5,522.92,3,3,1,331,2.33,Potential Loyalists
CUST-11010,138,5,1572.01,3,3,3,333,3.0,Potential Loyalists
CUST-09916,138,5,2073.48,3,3,4,334,3.33,Potential Loyalists
CUST-10298,138,5,2213.56,3,3,4,334,3.33,Potential Loyalists
CUST-05548,138,6,3959.68,3,4,5,345,4.0,Loyal Customers
CUST-00435,138,7,1284.41,3,4,2,342,3.0,Potential Loyalists
CUST-00863,138,7,1604.32,3,4,3,343,3.33,Loyal Customers
CUST-12805,138,7,1776.51,3,4,3,343,3.33,Loyal Customers
CUST-14814,138,7,1887.6,3,4,3,343,3.33,Loyal Customers
CUST-08119,138,7,2020.22,3,4,3,343,3.33,Loyal Customers
CUST-00735,138,7,2570.82,3,5,4,354,4.0,Loyal Customers
CUST-09953,138,7,3282.15,3,5,5,355,4.33,Loyal Customers
CUST-12121,138,8,1361.47,3,5,2,352,3.33,Potential Loyalists
CUST-08247,138,8,2523.63,3,5,4,354,4.0,Loyal Customers
CUST-01151,138,8,3057.77,3,5,5,355,4.33,Loyal Customers
CUST-14320,138,8,3530.69,3,5,5,355,4.33,Loyal Customers
CUST-01039,138,9,1852.41,3,5,3,353,3.67,Loyal Customers
CUST-00297,138,10,2012.76,3,5,3,353,3.67,Loyal Customers
CUST-10534,138,11,4145.36,3,5,5,355,4.33,Loyal Customers
CUST-03475,137,2,109.67,3,1,1,311,1.67,Needs Attention
CUST-08543,137,2,112.98,3,1,1,311,1.67,Needs Attention
CUST-10388,137,2,202.17,3,1,1,311,1.67,Needs Attention
CUST-00617,137,2,1333.73,3,1,2,312,2.0,Needs Attention
CUST-11291,137,3,419.77,3,1,1,311,1.67,Needs Attention
CUST-01165,137,3,518.44,3,1,1,311,1.67,Needs Attention
CUST-07613,137,3,2046.7,3,2,3,323,2.67,Promising
CUST-11413,137,4,170.83,3,2,1,321,2.0,Needs Attention
CUST-12501,137,4,328.12,3,2,1,321,2.0,Needs Attention
CUST-09032,137,4,1191.27,3,2,2,322,2.33,Needs Attention
CUST-12596,137,4,1195.64,3,2,2,322,2.33,Needs Attention
CUST-01396,137,4,1252.99,3,2,2,322,2.33,Needs Attention
CUST-13248,137,4,1945.27,3,2,3,323,2.67,Promising
CUST-01325,137,4,2126.4,3,2,4,324,3.0,Promising
CUST-03366,137,4,2262.85,3,2,4,324,3.0,Promising
CUST-00257,137,5,564.12,3,3,1,331,2.33,Potential Loyalists
CUST-09808,137,5,1611.32,3,3,3,333,3.0,Potential Loyalists
CUST-10106,137,5,2089.09,3,3,4,334,3.33,Potential Loyalists
CUST-01698,137,5,2252.37,3,3,4,334,3.33,Potential Loyalists
CUST-09625,137,5,3030.71,3,3,5,335,3.67,Potential Loyalists
CUST-00599,137,6,990.75,3,4,2,342,3.0,Potential Loyalists
CUST-12564,137,6,2044.65,3,4,3,343,3.33,Loyal Customers
CUST-13510,137,6,2524.2,3,4,4,344,3.67,Loyal Customers
CUST-03234,137,7,1070.88,3,4,2,342,3.0,Potential Loyalists
CUST-01133,137,7,1708.65,3,4,3,343,3.33,Loyal Customers
CUST-06432,137,7,1902.12,3,4,3,343,3.33,Loyal Customers
CUST-14800,137,7,2117.99,3,5,4,354,4.0,Loyal Customers
CUST-05653,137,7,2774.96,3,5,4,354,4.0,Loyal Customers
CUST-06315,137,8,1853.32,3,5,3,353,3.67,Loyal Customers
CUST-13703,137,8,3655.37,3,5,5,355,4.33,Loyal Customers
CUST-08915,137,8,3657.31,3,5,5,355,4.33,Loyal Customers
CUST-05296,137,9,3007.65,3,5,5,355,4.33,Loyal Customers
CUST-08623,137,9,3673.28,3,5,5,355,4.33,Loyal Customers
CUST-03317,136,2,132.55,3,1,1,311,1.67,Needs Attention
CUST-00978,136,2,202.77,3,1,1,311,1.67,Needs Attention
CUST-01444,136,2,251.3,3,1,1,311,1.67,Needs Attention
CUST-11540,136,2,288.97,3,1,1,311,1.67,Needs Attention
CUST-04416,136,2,387.03,4,1,1,411,2.0,New Customers
CUST-08847,136,2,389.68,4,1,1,411,2.0,New Customers
CUST-06439,136,2,1064.28,4,1,2,412,2.33,New Customers
CUST-07635,136,3,255.26,4,1,1,411,2.0,New Customers
CUST-00508,136,3,389.15,4,1,1,411,2.0,New Customers
CUST-08478,136,3,565.88,4,1,1,411,2.0,New Customers
CUST-01129,136,3,784.95,4,1,2,412,2.33,New Customers
CUST-12578,136,3,3007.65,4,2,5,425,3.67,New Customers
CUST-01231,136,4,1745.36,4,2,3,423,3.0,New Customers
CUST-03686,136,4,1919.46,4,2,3,423,3.0,New Customers
CUST-00939,136,4,2958.45,4,3,4,434,3.67,Potential Loyalists
CUST-02903,136,4,3814.23,4,3,5,435,4.0,Potential Loyalists
CUST-05630,136,5,858.15,4,3,2,432,3.0,Potential Loyalists
CUST-13413,136,5,885.12,4,3,2,432,3.0,Potential Loyalists
CUST-14890,136,5,1500.34,4,3,3,433,3.33,Potential Loyalists
CUST-13200,136,5,1869.08,4,3,3,433,3.33,Potential Loyalists
CUST-02652,136,5,1915.53,4,3,3,433,3.33,Potential Loyalists
CUST-11627,136,5,1972.68,4,3,3,433,3.33,Potential Loyalists
CUST-11846,136,5,2186.58,4,3,4,434,3.67,Potential Loyalists
CUST-12859,136,5,4205.74,4,4,5,445,4.33,Champions
CUST-06509,136,6,673.78,4,4,1,441,3.0,Potential Loyalists
CUST-08719,136,6,1633.3,4,4,3,443,3.67,Loyal Customers
CUST-14112,136,6,1797.5,4,4,3,443,3.67,Loyal Customers
CUST-00868,136,6,2696.16,4,4,4,444,4.0,Champions
CUST-14834,136,6,2871.92,4,4,4,444,4.0,Champions
CUST-04893,136,6,3524.52,4,4,5,445,4.33,Champions
CUST-04294,136,6,4199.82,4,4,5,445,4.33,Champions
CUST-05956,136,6,4252.38,4,4,5,445,4.33,Champions
CUST-13619,136,7,2834.71,4,5,4,454,4.33,Champions
CUST-08411,136,7,3506.66,4,5,5,455,4.67,Champions
CUST-09418,136,9,4595.82,4,5,5,455,4.67,Champions
CUST-12494,136,9,5256.21,4,5,5,455,4.67,Champions
CUST-07365,136,10,3027.85,4,5,5,455,4.67,Champions
CUST-06184,136,10,3095.15,4,5,5,455,4.67,Champions
CUST-11277,136,10,3873.48,4,5,5,455,4.67,Champions
CUST-10207,136,11,5493.89,4,5,5,455,4.67,Champions
CUST-08694,135,2,1019.27,4,1,2,412,2.33,New Customers
CUST-13992,135,2,2339.44,4,1,4,414,3.0,New Customers
CUST-00788,135,3,524.67,4,1,1,411,2.0,New Customers
CUST-13734,135,3,547.28,4,1,1,411,2.0,New Customers
CUST-00649,135,3,560.21,4,1,1,411,2.0,New Customers
CUST-13421,135,3,869.31,4,1,2,412,2.33,New Customers
CUST-04829,135,3,998.86,4,1,2,412,2.33,New Customers
CUST-10480,135,3,1340.1,4,2,2,422,2.67,New Customers
CUST-13507,135,3,2088.63,4,2,4,424,3.33,New Customers
CUST-13867,135,3,2936.32,4,2,4,424,3.33,New Customers
CUST-14775,135,4,381.77,4,2,1,421,2.33,New Customers
CUST-14996,135,4,412.71,4,2,1,421,2.33,New Customers
CUST-12926,135,4,662.92,4,2,1,421,2.33,New Customers
CUST-01149,135,4,921.72,4,2,2,422,2.67,New Customers
CUST-05390,135,4,1055.33,4,2,2,422,2.67,New Customers
CUST-10628,135,4,1400.6,4,2,3,423,3.0,New Customers
CUST-06908,135,4,1916.25,4,2,3,423,3.0,New Customers
CUST-06139,135,4,2092.74,4,2,4,424,3.33,New Customers
CUST-04621,135,4,3646.93,4,3,5,435,4.0,Potential Loyalists
CUST-11164,135,5,844.89,4,3,2,432,3.0,Potential Loyalists
CUST-04615,135,5,1719.78,4,3,3,433,3.33,Potential Loyalists
CUST-03984,135,6,1011.22,4,4,2,442,3.33,Potential Loyalists
CUST-06368,135,6,2240.17,4,4,4,444,4.0,Champions
CUST-03860,135,6,3221.55,4,4,5,445,4.33,Champions
CUST-09239,135,6,3742.79,4,4,5,445,4.33,Champions
CUST-06585,135,7,2291.46,4,5,4,454,4.33,Champions
CUST-06317,135,7,2652.63,4,5,4,454,4.33,Champions
CUST-02352,135,8,1402.98,4,5,3,453,4.0,Loyal Customers
CUST-06081,135,8,2669.36,4,5,4,454,4.33,Champions
CUST-00456,135,8,3133.76,4,5,5,455,4.67,Champions
CUST-12977,135,8,4824.73,4,5,5,455,4.67,Champions
CUST-05326,135,9,2749.79,4,5,4,454,4.33,Champions
CUST-04298,135,10,3908.38,4,5,5,455,4.67,Champions
CUST-02529,135,11,2809.27,4,5,4,454,4.33,Champions
CUST-03489,134,2,137.7,4,1,1,411,2.0,New Customers
CUST-03877,134,3,715.53,4,1,1,411,2.0,New Customers
CUST-06878,134,3,797.4,4,1,2,412,2.33,New Customers
CUST-11912,134,4,549.34,4,2,1,421,2.33,New Customers
CUST-03513,134,4,725.47,4,2,1,421,2.33,New Customers
CUST-10517,134,4,1523.88,4,2,3,423,3.0,New Customers
CUST-10667,134,4,1730.55,4,2,3,423,3.0,New Customers
CUST-05423,134,4,2181.69,4,2,4,424,3.33,New Customers
CUST-04453,134,4,2303.44,4,2,4,424,3.33,New Customers
CUST-08393,134,4,2357.88,4,2,4,424,3.33,New Customers
CUST-00295,134,4,3201.84,4,3,5,435,4.0,Potential Loyalists
CUST-05728,134,5,684.04,4,3,1,431,2.67,Potential Loyalists
CUST-08534,134,5,766.81,4,3,2,432,3.0,Potential Loyalists
CUST-09103,134,5,1126.65,4,3,2,432,3.0,Potential Loyalists
CUST-09130,134,5,1838.86,4,3,3,433,3.33,Potential Loyalists
CUST-10236,134,5,1928.14,4,3,3,433,3.33,Potential Loyalists
CUST-06191,134,5,2763.36,4,3,4,434,3.67,Potential Loyalists
CUST-03337,134,5,3691.54,4,3,5,435,4.0,Potential Loyalists
CUST-05125,134,6,1227.0,4,4,2,442,3.33,Potential Loyalists
CUST-12993,134,6,1288.63,4,4,2,442,3.33,Potential Loyalists
CUST-12795,134,6,1587.01,4,4,3,443,3.67,Loyal Customers
CUST-11348,134,6,2131.15,4,4,4,444,4.0,Champions
CUST-08950,134,6,3117.81,4,4,5,445,4.33,Champions
CUST-07384,134,6,4018.46,4,4,5,445,4.33,Champions
CUST-14073,134,7,761.09,4,4,2,442,3.33,Potential Loyalists
CUST-09320,134,7,1404.42,4,4,3,443,3.67,Loyal Customers
CUST-14553,134,7,2559.16,4,5,4,454,4.33,Champions
CUST-04771,134,7,3869.73,4,5,5,455,4.67,Champions
CUST-00768,134,8,2520.68,4,5,4,454,4.33,Champions
CUST-11840,134,8,2557.91,4,5,4,454,4.33,Champions
CUST-01713,134,8,5078.74,4,5,5,455,4.67,Champions
CUST-07579,134,9,1797.45,4,5,3,453,4.0,Loyal Customers
CUST-03120,134,10,2341.13,4,5,4,454,4.33,Champions
CUST-09770,134,11,4345.39,4,5,5,455,4.67,Champions
CUST-06113,133,2,270.13,4,1,1,411,2.0,New Customers
CUST-13661,133,2,389.82,4,1,1,411,2.0,New Customers
CUST-01056,133,2,432.25,4,1,1,411,2.0,New Customers
CUST-05007,133,2,454.99,4,1,1,411,2.0,New Customers
CUST-03668,133,3,784.6,4,1,2,412,2.33,New Customers
CUST-00447,133,3,789.13,4,1,2,412,2.33,New Customers
CUST-13937,133,3,1097.46,4,2,2,422,2.67,New Customers
CUST-05249,133,3,1368.51,4,2,2,422,2.67,New Customers
CUST-12478,133,4,483.31,4,2,1,421,2.33,New Customers
CUST-13172,133,4,673.67,4,2,1,421,2.33,New Customers
CUST-13727,133,4,983.43,4,2,2,422,2.67,New Customers
CUST-06135,133,4,2622.48,4,3,4,434,3.67,Potential Loyalists
CUST-08198,133,5,1063.18,4,3,2,432,3.0,Potential Loyalists
CUST-08029,133,5,2024.51,4,3,3,433,3.33,Potential Loyalists
CUST-01429,133,5,2352.05,4,3,4,434,3.67,Potential Loyalists
CUST-04572,133,5,2580.23,4,3,4,434,3.67,Potential Loyalists
CUST-14474,133,5,2722.26,4,3,4,434,3.67,Potential Loyalists
CUST-13632,133,5,2983.88,4,3,4,434,3.67,Potential Loyalists
CUST-11793,133,5,3915.58,4,4,5,445,4.33,Champions
CUST-02852,133,6,1059.37,4,4,2,442,3.33,Potential Loyalists
CUST-06645,133,6,1100.36,4,4,2,442,3.33,Potential Loyalists
CUST-07347,133,6,1210.91,4,4,2,442,3.33,Potential Loyalists
CUST-08873,133,6,1512.75,4,4,3,443,3.67,Loyal Customers
CUST-00452,133,6,1577.23,4,4,3,443,3.67,Loyal Customers
CUST-13934,133,6,2266.36,4,4,4,444,4.0,Champions
CUST-11852,133,6,2634.64,4,4,4,444,4.0,Champions
CUST-00096,133,7,1037.36,4,4,2,442,3.33,Potential Loyalists
CUST-04925,133,7,2008.25,4,4,3,443,3.67,Loyal Customers
CUST-13736,133,8,2273.04,4,5,4,454,4.33,Champions
CUST-03841,133,9,2048.87,4,5,3,453,4.0,Loyal Customers
CUST-14003,133,9,2303.31,4,5,4,454,4.33,Champions
CUST-08717,133,9,2321.18,4,5,4,454,4.33,Champions
CUST-08138,133,12,2260.08,4,5,4,454,4.33,Champions
CUST-10311,132,2,1248.46,4,1,2,412,2.33,New Customers
CUST-06465,132,2,1565.84,4,1,3,413,2.67,New Customers
CUST-03208,132,2,2042.29,4,1,3,413,2.67,New Customers
CUST-13367,132,3,769.4,4,1,2,412,2.33,New Customers
CUST-11561,132,3,2197.43,4,2,4,424,3.33,New Customers
CUST-06753,132,4,488.42,4,2,1,421,2.33,New Customers
CUST-11930,132,4,1020.47,4,2,2,422,2.67,New Customers
CUST-00522,132,4,2927.67,4,3,4,434,3.67,Potential Loyalists
CUST-07229,132,4,3324.24,4,3,5,435,4.0,Potential Loyalists
CUST-09005,132,5,1585.16,4,3,3,433,3.33,Potential Loyalists
CUST-06031,132,5,1984.56,4,3,3,433,3.33,Potential Loyalists
CUST-10316,132,5,2066.9,4,3,3,433,3.33,Potential Loyalists
CUST-01322,132,5,2456.03,4,3,4,434,3.67,Potential Loyalists
CUST-02554,132,5,2484.08,4,3,4,434,3.67,Potential Loyalists
CUST-10138,132,5,2574.01,4,3,4,434,3.67,Potential Loyalists
CUST-03449,132,5,3399.59,4,3,5,435,4.0,Potential Loyalists
CUST-08810,132,5,3878.34,4,4,5,445,4.33,Champions
CUST-12140,132,6,1055.87,4,4,2,442,3.33,Potential Loyalists
CUST-01598,132,6,1581.08,4,4,3,443,3.67,Loyal Customers
CUST-11263,132,6,2012.11,4,4,3,443,3.67,Loyal Customers
CUST-13939,132,6,2162.22,4,4,4,444,4.0,Champions
CUST-06935,132,6,2195.52,4,4,4,444,4.0,Champions
CUST-14404,132,6,3143.42,4,4,5,445,4.33,Champions
CUST-14367,132,7,1559.19,4,4,3,443,3.67,Loyal Customers
CUST-00719,132,7,1666.51,4,4,3,443,3.67,Loyal Customers
CUST-13708,132,7,1984.12,4,4,3,443,3.67,Loyal Customers
CUST-03132,132,7,2148.52,4,5,4,454,4.33,Champions
CUST-10189,132,7,3595.01,4,5,5,455,4.67,Champions
CUST-05921,132,7,3709.49,4,5,5,455,4.67,Champions
CUST-14444,132,7,4468.8,4,5,5,455,4.67,Champions
CUST-07591,132,8,1875.34,4,5,3,453,4.0,Loyal Customers
CUST-06686,132,9,2073.11,4,5,4,454,4.33,Champions
CUST-05152,131,2,457.56,4,1,1,411,2.0,New Customers
CUST-11615,131,2,531.58,4,1,1,411,2.0,New Customers
CUST-03608,131,2,1070.47,4,1,2,412,2.33,New Customers
CUST-13428,131,2,2276.54,4,1,4,414,3.0,New Customers
CUST-05798,131,3,1598.64,4,2,3,423,3.0,New Customers
CUST-14204,131,3,1716.78,4,2,3,423,3.0,New Customers
CUST-00155,131,4,362.2,4,2,1,421,2.33,New Customers
CUST-11919,131,4,372.05,4,2,1,421,2.33,New Customers
CUST-07712,131,4,762.92,4,2,2,422,2.67,New Customers
CUST-10811,131,4,1763.72,4,2,3,423,3.0,New Customers
CUST-02525,131,5,1040.05,4,3,2,432,3.0,Potential Loyalists
CUST-03349,131,5,1964.13,4,3,3,433,3.33,Potential Loyalists
CUST-13216,131,5,2226.83,4,3,4,434,3.67,Potential Loyalists
CUST-08367,131,5,2473.11,4,3,4,434,3.67,Potential Loyalists
CUST-07175,131,5,2585.91,4,3,4,434,3.67,Potential Loyalists
CUST-08322,131,6,1019.53,4,4,2,442,3.33,Potential Loyalists
CUST-05229,131,6,1621.78,4,4,3,443,3.67,Loyal Customers
CUST-13584,131,6,1716.45,4,4,3,443,3.67,Loyal Customers
CUST-13122,131,6,3044.15,4,4,5,445,4.33,Champions
CUST-11661,131,7,833.8,4,4,2,442,3.33,Potential Loyalists
CUST-06525,131,7,2909.43,4,5,4,454,4.33,Champions
CUST-14779,131,7,3165.76,4,5,5,455,4.67,Champions
CUST-01314,131,7,3339.78,4,5,5,455,4.67,Champions
CUST-02175,131,8,2066.84,4,5,3,453,4.0,Loyal Customers
CUST-14253,131,8,2828.66,4,5,4,454,4.33,Champions
CUST-14740,131,8,4068.75,4,5,5,455,4.67,Champions
CUST-04332,131,9,2087.34,4,5,4,454,4.33,Champions
CUST-07763,131,9,2613.81,4,5,4,454,4.33,Champions
CUST-01341,131,9,4380.95,4,5,5,455,4.67,Champions
CUST-13793,131,9,8129.57,4,5,5,455,4.67,Champions
CUST-12000,130,2,112.47,4,1,1,411,2.0,New Customers
CUST-05804,130,2,182.37,4,1,1,411,2.0,New Customers
CUST-01619,130,3,487.8,4,1,1,411,2.0,New Customers
CUST-12509,130,3,582.68,4,1,1,411,2.0,New Customers
CUST-07784,130,3,647.14,4,1,1,411,2.0,New Customers
CUST-10099,130,4,884.68,4,2,2,422,2.67,New Customers
CUST-01021,130,5,505.58,4,3,1,431,2.67,Potential Loyalists
CUST-04333,130,5,650.43,4,3,1,431,2.67,Potential Loyalists
CUST-04858,130,5,1630.7,4,3,3,433,3.33,Potential Loyalists
CUST-12083,130,5,2154.93,4,3,4,434,3.67,Potential Loyalists
CUST-03745,130,6,415.09,4,4,1,441,3.0,Potential Loyalists
CUST-00815,130,6,1069.94,4,4,2,442,3.33,Potential Loyalists
CUST-08193,130,6,1464.74,4,4,3,443,3.67,Loyal Customers
CUST-06207,130,6,1732.29,4,4,3,443,3.67,Loyal Customers
CUST-02462,130,6,2592.82,4,4,4,444,4.0,Champions
CUST-12976,130,7,822.93,4,4,2,442,3.33,Potential Loyalists
CUST-13301,130,7,1633.55,4,4,3,443,3.67,Loyal Customers
CUST-01473,130,7,2109.41,4,5,4,454,4.33,Champions
CUST-09628,130,7,3161.34,4,5,5,455,4.67,Champions
CUST-02521,130,8,3773.79,4,5,5,455,4.67,Champions
CUST-08277,130,8,6439.07,4,5,5,455,4.67,Champions
CUST-13158,130,9,1741.62,4,5,3,453,4.0,Loyal Customers
CUST-06350,130,9,2668.96,4,5,4,454,4.33,Champions
CUST-13460,130,9,5308.39,4,5,5,455,4.67,Champions
CUST-07981,130,10,3086.6,4,5,5,455,4.67,Champions
CUST-12634,130,10,3853.85,4,5,5,455,4.67,Champions
CUST-08574,130,11,3064.55,4,5,5,455,4.67,Champions
CUST-10647,129,3,354.23,4,1,1,411,2.0,New Customers
CUST-03224,129,3,610.31,4,1,1,411,2.0,New Customers
CUST-11524,129,3,730.4,4,1,1,411,2.0,New Customers
CUST-12376,129,3,805.45,4,1,2,412,2.33,New Customers
CUST-14720,129,4,408.69,4,2,1,421,2.33,New Customers
CUST-11435,129,4,652.64,4,2,1,421,2.33,New Customers
CUST-08449,129,4,746.06,4,2,1,421,2.33,New Customers
CUST-03453,129,4,1360.41,4,2,2,422,2.67,New Customers
CUST-14268,129,5,520.5,4,3,1,431,2.67,Potential Loyalists
CUST-10492,129,5,716.35,4,3,1,431,2.67,Potential Loyalists
CUST-00050,129,5,805.9,4,3,2,432,3.0,Potential Loyalists
CUST-06639,129,5,1099.33,4,3,2,432,3.0,Potential Loyalists
CUST-04802,129,5,1192.99,4,3,2,432,3.0,Potential Loyalists
CUST-00483,129,5,1584.78,4,3,3,433,3.33,Potential Loyalists
CUST-00362,129,5,1805.49,4,3,3,433,3.33,Potential Loyalists
CUST-09384,129,6,1001.3,4,4,2,442,3.33,Potential Loyalists
CUST-03327,129,6,1956.97,4,4,3,443,3.67,Loyal Customers
CUST-07782,129,6,2174.16,4,4,4,444,4.0,Champions
CUST-02752,129,6,2833.19,4,4,4,444,4.0,Champions
CUST-00363,129,6,2944.11,4,4,4,444,4.0,Champions
CUST-08887,129,6,3206.59,4,4,5,445,4.33,Champions
CUST-00273,129,7,1785.87,4,4,3,443,3.67,Loyal Customers
CUST-09430,129,7,2191.91,4,5,4,454,4.33,Champions
CUST-05033,129,7,2487.5,4,5,4,454,4.33,Champions
CUST-07872,129,7,4850.19,4,5,5,455,4.67,Champions
CUST-04565,129,9,4938.21,4,5,5,455,4.67,Champions
CUST-12198,129,10,2315.09,4,5,4,454,4.33,Champions
CUST-04885,129,10,4509.17,4,5,5,455,4.67,Champions
CUST-14426,129,10,5596.22,4,5,5,455,4.67,Champions
CUST-08980,128,2,485.09,4,1,1,411,2.0,New Customers
CUST-13156,128,2,920.61,4,1,2,412,2.33,New Customers
CUST-14082,128,3,464.72,4,1,1,411,2.0,New Customers
CUST-07773,128,4,1063.03,4,2,2,422,2.67,New Customers
CUST-01340,128,4,1795.55,4,2,3,423,3.0,New Customers
CUST-11737,128,4,1799.33,4,2,3,423,3.0,New Customers
CUST-11447,128,4,2262.69,4,2,4,424,3.33,New Customers
CUST-03823,128,5,477.37,4,3,1,431,2.67,Potential Loyalists
CUST-02419,128,5,485.58,4,3,1,431,2.67,Potential Loyalists
CUST-11496,128,5,994.54,4,3,2,432,3.0,Potential Loyalists
CUST-09720,128,5,1602.77,4,3,3,433,3.33,Potential Loyalists
CUST-04528,128,5,1956.56,4,3,3,433,3.33,Potential Loyalists
CUST-08470,128,5,3106.86,4,3,5,435,4.0,Potential Loyalists
CUST-00539,128,5,3366.03,4,3,5,435,4.0,Potential Loyalists
CUST-12881,128,6,2387.65,4,4,4,444,4.0,Champions
CUST-11987,128,6,2726.85,4,4,4,444,4.0,Champions
CUST-09361,128,6,4857.3,4,4,5,445,4.33,Champions
CUST-03784,128,7,1362.97,4,4,2,442,3.33,Potential Loyalists
CUST-01421,128,7,2102.99,4,5,4,454,4.33,Champions
CUST-01497,128,7,3140.97,4,5,5,455,4.67,Champions
CUST-06566,128,7,3518.4,4,5,5,455,4.67,Champions
CUST-10186,128,7,3548.3,4,5,5,455,4.67,Champions
CUST-06153,128,7,4007.46,4,5,5,455,4.67,Champions
CUST-07008,128,7,4162.79,4,5,5,455,4.67,Champions
CUST-14555,128,8,2968.1,4,5,4,454,4.33,Champions
CUST-01114,128,8,3414.74,4,5,5,455,4.67,Champions
CUST-03243,128,10,5749.01,4,5,5,455,4.67,Champions
CUST-07908,128,11,4183.69,4,5,5,455,4.67,Champions
CUST-09950,127,2,383.98,4,1,1,411,2.0,New Customers
CUST-13290,127,3,781.48,4,1,2,412,2.33,New Customers
CUST-03396,127,3,868.91,4,1,2,412,2.33,New Customers
CUST-03193,127,3,1169.13,4,2,2,422,2.67,New Customers
CUST-13335,127,3,1193.9,4,2,2,422,2.67,New Customers
CUST-05220,127,3,1491.17,4,2,3,423,3.0,New Customers
CUST-03069,127,4,471.14,4,2,1,421,2.33,New Customers
CUST-01071,127,4,922.24,4,2,2,422,2.67,New Customers
CUST-05869,127,4,1077.19,4,2,2,422,2.67,New Customers
CUST-04041,127,4,1660.74,4,2,3,423,3.0,New Customers
CUST-13277,127,4,1735.04,4,2,3,423,3.0,New Customers
CUST-12879,127,4,2647.17,4,3,4,434,3.67,Potential Loyalists
CUST-12110,127,4,3227.01,4,3,5,435,4.0,Potential Loyalists
CUST-05171,127,5,802.27,4,3,2,432,3.0,Potential Loyalists
CUST-03415,127,5,1071.48,4,3,2,432,3.0,Potential Loyalists
CUST-06736,127,5,1364.22,4,3,2,432,3.0,Potential Loyalists
CUST-07810,127,5,2402.9,4,3,4,434,3.67,Potential Loyalists
CUST-01806,127,5,3421.1,4,3,5,435,4.0,Potential Loyalists
CUST-12821,127,5,3919.61,4,4,5,445,4.33,Champions
CUST-06098,127,5,4326.62,4,4,5,445,4.33,Champions
CUST-09852,127,6,1119.42,4,4,2,442,3.33,Potential Loyalists
CUST-05253,127,6,1458.95,4,4,3,443,3.67,Loyal Customers
CUST-03560,127,6,1751.37,4,4,3,443,3.67,Loyal Customers
CUST-11516,127,6,1915.92,4,4,3,443,3.67,Loyal Customers
CUST-10959,127,6,1997.84,4,4,3,443,3.67,Loyal Customers
CUST-06860,127,6,2853.43,4,4,4,444,4.0,Champions
CUST-08572,127,6,2882.51,4,4,4,444,4.0,Champions
CUST-11499,127,6,3216.89,4,4,5,445,4.33,Champions
CUST-07064,127,6,3684.33,4,4,5,445,4.33,Champions
CUST-13374,127,7,1400.54,4,4,3,443,3.67,Loyal Customers
CUST-04871,127,7,1403.74,4,4,3,443,3.67,Loyal Customers
CUST-10721,127,7,1770.29,4,4,3,443,3.67,Loyal Customers
CUST-00662,127,7,1906.95,4,4,3,443,3.67,Loyal Customers
CUST-01274,127,7,1955.2,4,4,3,443,3.67,Loyal Customers
CUST-09929,127,7,2154.63,4,5,4,454,4.33,Champions
CUST-02721,127,7,2838.06,4,5,4,454,4.33,Champions
CUST-00366,127,7,3463.34,4,5,5,455,4.67,Champions
CUST-13359,127,7,4533.31,4,5,5,455,4.67,Champions
CUST-09612,127,8,1191.45,4,5,2,452,3.67,Potential Loyalists
CUST-01441,127,8,1810.13,4,5,3,453,4.0,Loyal Customers
CUST-04177,127,8,3599.58,4,5,5,455,4.67,Champions
CUST-04006,127,8,4000.66,4,5,5,455,4.67,Champions
CUST-11715,127,9,3150.31,4,5,5,455,4.67,Champions
CUST-09451,127,9,3274.42,4,5,5,455,4.67,Champions
CUST-05671,127,9,3804.63,4,5,5,455,4.67,Champions
CUST-02262,127,9,5999.4,4,5,5,455,4.67,Champions
CUST-12677,127,10,5142.68,4,5,5,455,4.67,Champions
CUST-06189,127,11,2332.7,4,5,4,454,4.33,Champions
CUST-14534,127,11,3583.2,4,5,5,455,4.67,Champions
CUST-08778,126,2,473.98,4,1,1,411,2.0,New Customers
CUST-06469,126,2,570.61,4,1,1,411,2.0,New Customers
CUST-14947,126,2,1123.96,4,1,2,412,2.33,New Customers
CUST-10654,126,2,3798.15,4,1,5,415,3.33,New Customers
CUST-11695,126,3,519.8,4,1,1,411,2.0,New Customers
CUST-12705,126,3,539.98,4,1,1,411,2.0,New Customers
CUST-13375,126,4,399.06,4,2,1,421,2.33,New Customers
CUST-08428,126,4,754.7,4,2,1,421,2.33,New Customers
CUST-07703,126,4,1267.99,4,2,2,422,2.67,New Customers
CUST-12019,126,4,2230.78,4,2,4,424,3.33,New Customers
CUST-08425,126,4,2360.89,4,2,4,424,3.33,New Customers
CUST-10458,126,4,2490.7,4,3,4,434,3.67,Potential Loyalists
CUST-07465,126,4,2510.41,4,3,4,434,3.67,Potential Loyalists
CUST-05816,126,5,924.04,4,3,2,432,3.0,Potential Loyalists
CUST-06590,126,5,1217.76,4,3,2,432,3.0,Potential Loyalists
CUST-14326,126,5,1334.61,4,3,2,432,3.0,Potential Loyalists
CUST-09973,126,5,1565.44,4,3,3,433,3.33,Potential Loyalists
CUST-05316,126,5,1800.7,4,3,3,433,3.33,Potential Loyalists
CUST-09431,126,5,1839.91,4,3,3,433,3.33,Potential Loyalists
CUST-14674,126,5,1938.39,4,3,3,433,3.33,Potential Loyalists
CUST-01627,126,5,2140.25,4,3,4,434,3.67,Potential Loyalists
CUST-07320,126,6,919.35,4,4,2,442,3.33,Potential Loyalists
CUST-10355,126,6,1605.8,4,4,3,443,3.67,Loyal Customers
CUST-02158,126,6,2270.58,4,4,4,444,4.0,Champions
CUST-04174,126,6,4244.68,4,4,5,445,4.33,Champions
CUST-05485,126,7,1352.35,4,4,2,442,3.33,Potential Loyalists
CUST-02640,126,7,1700.75,4,4,3,443,3.67,Loyal Customers
CUST-13252,126,7,2403.63,4,5,4,454,4.33,Champions
CUST-12111,126,7,3819.11,4,5,5,455,4.67,Champions
CUST-10007,126,7,4168.99,4,5,5,455,4.67,Champions
CUST-01452,126,7,4329.17,4,5,5,455,4.67,Champions
CUST-10013,126,7,4574.0,4,5,5,455,4.67,Champions
CUST-03140,126,8,2535.56,4,5,4,454,4.33,Champions
CUST-04507,126,8,2677.25,4,5,4,454,4.33,Champions
CUST-10545,126,8,3538.12,4,5,5,455,4.67,Champions
CUST-08702,126,9,909.19,4,5,2,452,3.67,Potential Loyalists
CUST-07751,126,9,2881.35,4,5,4,454,4.33,Champions
CUST-10813,126,9,3175.64,4,5,5,455,4.67,Champions
CUST-10682,126,10,3108.79,4,5,5,455,4.67,Champions
CUST-13889,126,10,4477.87,4,5,5,455,4.67,Champions
CUST-07006,126,11,3346.07,4,5,5,455,4.67,Champions
CUST-02654,125,2,124.5,4,1,1,411,2.0,New Customers
CUST-01233,125,2,372.17,4,1,1,411,2.0,New Customers
CUST-13637,125,2,1495.19,4,1,3,413,2.67,New Customers
CUST-07583,125,3,440.03,4,1,1,411,2.0,New Customers
CUST-00576,125,3,1215.58,4,2,2,422,2.67,New Customers
CUST-04977,125,3,1242.26,4,2,2,422,2.67,New Customers
CUST-14032,125,4,498.58,4,2,1,421,2.33,New Customers
CUST-03554,125,4,518.54,4,2,1,421,2.33,New Customers
CUST-05883,125,4,1044.49,4,2,2,422,2.67,New Customers
CUST-05049,125,4,2371.27,4,2,4,424,3.33,New Customers
CUST-14923,125,4,2777.49,4,3,4,434,3.67,Potential Loyalists
CUST-07615,125,5,713.77,4,3,1,431,2.67,Potential Loyalists
CUST-09630,125,5,1751.25,4,3,3,433,3.33,Potential Loyalists
CUST-06271,125,5,3471.72,4,3,5,435,4.0,Potential Loyalists
CUST-01209,125,5,3560.03,4,3,5,435,4.0,Potential Loyalists
CUST-07546,125,6,1113.89,4,4,2,442,3.33,Potential Loyalists
CUST-10973,125,6,1313.27,4,4,2,442,3.33,Potential Loyalists
CUST-08219,125,6,1943.89,4,4,3,443,3.67,Loyal Customers
CUST-07271,125,6,2362.55,4,4,4,444,4.0,Champions
CUST-11414,125,7,2688.34,4,5,4,454,4.33,Champions
CUST-10815,125,7,2717.72,4,5,4,454,4.33,Champions
CUST-01267,125,7,4119.75,4,5,5,455,4.67,Champions
CUST-03807,125,7,4395.65,4,5,5,455,4.67,Champions
CUST-14979,125,8,2936.27,4,5,4,454,4.33,Champions
CUST-03154,125,8,4142.04,4,5,5,455,4.67,Champions
CUST-06164,124,2,408.31,4,1,1,411,2.0,New Customers
CUST-12757,124,2,834.28,4,1,2,412,2.33,New Customers
CUST-02020,124,3,282.67,4,1,1,411,2.0,New Customers
CUST-02105,124,3,526.34,4,1,1,411,2.0,New Customers
CUST-08641,124,3,984.62,4,1,2,412,2.33,New Customers
CUST-08861,124,3,2261.75,4,2,4,424,3.33,New Customers
CUST-13086,124,4,499.66,4,2,1,421,2.33,New Customers
CUST-13067,124,4,516.7,4,2,1,421,2.33,New Customers
CUST-09154,124,4,781.12,4,2,2,422,2.67,New Customers
CUST-11901,124,4,927.64,4,2,2,422,2.67,New Customers
CUST-05590,124,4,1045.83,4,2,2,422,2.67,New Customers
CUST-00011,124,4,1288.47,4,2,2,422,2.67,New Customers
CUST-00306,124,4,1356.38,4,2,2,422,2.67,New Customers
CUST-13781,124,4,1714.56,4,2,3,423,3.0,New Customers
CUST-05737,124,4,3019.74,4,3,5,435,4.0,Potential Loyalists
CUST-01013,124,4,3373.51,4,3,5,435,4.0,Potential Loyalists
CUST-11226,124,5,962.19,4,3,2,432,3.0,Potential Loyalists
CUST-10076,124,5,1594.57,4,3,3,433,3.33,Potential Loyalists
CUST-12475,124,5,1796.74,4,3,3,433,3.33,Potential Loyalists
CUST-13839,124,6,3769.38,4,4,5,445,4.33,Champions
CUST-05631,124,7,844.55,4,4,2,442,3.33,Potential Loyalists
CUST-14409,124,7,3918.22,4,5,5,455,4.67,Champions
CUST-08977,124,7,3919.06,4,5,5,455,4.67,Champions
CUST-00734,124,8,4180.14,4,5,5,455,4.67,Champions
CUST-00586,124,8,4286.9,4,5,5,455,4.67,Champions
CUST-00934,124,8,4655.13,4,5,5,455,4.67,Champions
CUST-10297,124,9,2071.35,4,5,4,454,4.33,Champions
CUST-09051,124,9,2139.85,4,5,4,454,4.33,Champions
CUST-01742,124,10,3848.5,4,5,5,455,4.67,Champions
CUST-03700,124,11,3773.18,4,5,5,455,4.67,Champions
CUST-12684,124,11,4566.15,4,5,5,455,4.67,Champions
CUST-14031,123,2,194.4,4,1,1,411,2.0,New Customers
CUST-00801,123,2,531.85,4,1,1,411,2.0,New Customers
CUST-11576,123,2,584.4,4,1,1,411,2.0,New Customers
CUST-11313,123,2,791.28,4,1,2,412,2.33,New Customers
CUST-08096,123,3,281.63,4,1,1,411,2.0,New Customers
CUST-00656,123,3,467.94,4,1,1,411,2.0,New Customers
CUST-08145,123,3,488.02,4,1,1,411,2.0,New Customers
CUST-07584,123,3,507.33,4,1,1,411,2.0,New Customers
CUST-14243,123,3,570.96,4,1,1,411,2.0,New Customers
CUST-01284,123,4,878.19,4,2,2,422,2.67,New Customers
CUST-13979,123,4,1205.17,4,2,2,422,2.67,New Customers
CUST-10820,123,4,2405.75,4,3,4,434,3.67,Potential Loyalists
CUST-01932,123,4,2680.86,4,3,4,434,3.67,Potential Loyalists
CUST-06140,123,5,468.24,4,3,1,431,2.67,Potential Loyalists
CUST-08645,123,5,1434.61,4,3,3,433,3.33,Potential Loyalists
CUST-07820,123,5,1633.15,4,3,3,433,3.33,Potential Loyalists
CUST-00265,123,5,2774.12,4,3,4,434,3.67,Potential Loyalists
CUST-00628,123,6,2352.18,4,4,4,444,4.0,Champions
CUST-06701,123,6,2994.51,4,4,4,444,4.0,Champions
CUST-01685,123,6,3856.34,4,4,5,445,4.33,Champions
CUST-09800,123,6,4367.68,4,4,5,445,4.33,Champions
CUST-10968,123,8,2142.39,4,5,4,454,4.33,Champions
CUST-06228,123,8,2939.92,4,5,4,454,4.33,Champions
CUST-07829,123,8,3292.58,4,5,5,455,4.67,Champions
CUST-02642,123,8,3547.75,4,5,5,455,4.67,Champions
CUST-06058,123,8,4910.16,4,5,5,455,4.67,Champions
CUST-07561,123,9,3051.88,4,5,5,455,4.67,Champions
CUST-11195,123,11,3908.78,4,5,5,455,4.67,Champions
CUST-04799,123,12,4201.35,4,5,5,455,4.67,Champions
CUST-04115,122,3,427.44,4,1,1,411,2.0,New Customers
CUST-13439,122,3,569.13,4,1,1,411,2.0,New Customers
CUST-00260,122,4,464.99,4,2,1,421,2.33,New Customers
CUST-09869,122,4,2062.59,4,2,3,423,3.0,New Customers
CUST-05373,122,5,393.86,4,3,1,431,2.67,Potential Loyalists
CUST-11213,122,5,426.3,4,3,1,431,2.67,Potential Loyalists
CUST-09844,122,5,1049.64,4,3,2,432,3.0,Potential Loyalists
CUST-11632,122,5,2684.59,4,3,4,434,3.67,Potential Loyalists
CUST-00065,122,5,3591.49,4,3,5,435,4.0,Potential Loyalists
CUST-09889,122,5,4058.29,4,4,5,445,4.33,Champions
CUST-12772,122,6,496.38,4,4,1,441,3.0,Potential Loyalists
CUST-03795,122,6,1415.68,4,4,3,443,3.67,Loyal Customers
CUST-13280,122,6,1971.15,4,4,3,443,3.67,Loyal Customers
CUST-13207,122,6,2231.74,4,4,4,444,4.0,Champions
CUST-13039,122,6,2369.18,4,4,4,444,4.0,Champions
CUST-07700,122,6,3406.22,4,4,5,445,4.33,Champions
CUST-12806,122,7,1240.25,4,4,2,442,3.33,Potential Loyalists
CUST-08529,122,8,2773.55,4,5,4,454,4.33,Champions
CUST-01840,122,8,3315.37,4,5,5,455,4.67,Champions
CUST-01712,122,8,3502.38,4,5,5,455,4.67,Champions
CUST-09570,122,8,4312.26,4,5,5,455,4.67,Champions
CUST-02556,122,9,2233.41,4,5,4,454,4.33,Champions
CUST-07380,122,11,4292.9,4,5,5,455,4.67,Champions
CUST-03235,121,2,153.72,4,1,1,411,2.0,New Customers
CUST-06096,121,2,366.93,4,1,1,411,2.0,New Customers
CUST-00230,121,3,743.83,4,1,1,411,2.0,New Customers
CUST-09696,121,3,2417.64,4,2,4,424,3.33,New Customers
CUST-01678,121,4,695.16,4,2,1,421,2.33,New Customers
CUST-06998,121,4,910.83,4,2,2,422,2.67,New Customers
CUST-01273,121,4,1176.22,4,2,2,422,2.67,New Customers
CUST-05419,121,4,1191.99,4,2,2,422,2.67,New Customers
CUST-13275,121,4,2191.25,4,2,4,424,3.33,New Customers
CUST-09106,121,4,2224.72,4,2,4,424,3.33,New Customers
CUST-02530,121,4,2295.47,4,2,4,424,3.33,New Customers
CUST-00034,121,4,2635.7,4,3,4,434,3.67,Potential Loyalists
CUST-02489,121,4,3272.35,4,3,5,435,4.0,Potential Loyalists
CUST-01940,121,4,3909.77,4,3,5,435,4.0,Potential Loyalists
CUST-14348,121,5,1300.72,4,3,2,432,3.0,Potential Loyalists
CUST-06897,121,5,1934.87,4,3,3,433,3.33,Potential Loyalists
CUST-14587,121,5,3022.92,4,3,5,435,4.0,Potential Loyalists
CUST-01607,121,6,661.46,4,4,1,441,3.0,Potential Loyalists
CUST-04607,121,6,1824.28,4,4,3,443,3.67,Loyal Customers
CUST-11976,121,6,2183.6,4,4,4,444,4.0,Champions
CUST-13068,121,6,2436.57,4,4,4,444,4.0,Champions
CUST-11664,121,6,2596.58,4,4,4,444,4.0,Champions
CUST-08194,121,6,2877.19,4,4,4,444,4.0,Champions
CUST-10404,121,6,3161.67,4,4,5,445,4.33,Champions
CUST-05234,121,6,3709.35,4,4,5,445,4.33,Champions
CUST-01778,121,7,843.65,4,4,2,442,3.33,Potential Loyalists
CUST-05501,121,7,1623.87,4,4,3,443,3.67,Loyal Customers
CUST-03955,121,7,4930.7,4,5,5,455,4.67,Champions
CUST-02133,121,8,2062.75,4,5,3,453,4.0,Loyal Customers
CUST-02037,121,8,2752.44,4,5,4,454,4.33,Champions
CUST-04319,121,9,1881.99,4,5,3,453,4.0,Loyal Customers
CUST-04341,120,2,279.47,4,1,1,411,2.0,New Customers
CUST-00867,120,2,337.79,4,1,1,411,2.0,New Customers
CUST-00724,120,2,1862.6,4,1,3,413,2.67,New Customers
CUST-03897,120,3,233.23,4,1,1,411,2.0,New Customers
CUST-14068,120,3,418.99,4,1,1,411,2.0,New Customers
CUST-07430,120,3,1204.65,4,2,2,422,2.67,New Customers
CUST-00115,120,3,1327.8,4,2,2,422,2.67,New Customers
CUST-10048,120,3,1382.25,4,2,2,422,2.67,New Customers
CUST-08597,120,3,2596.95,4,2,4,424,3.33,New Customers
CUST-06774,120,4,623.1,4,2,1,421,2.33,New Customers
CUST-07417,120,4,882.6,4,2,2,422,2.67,New Customers
CUST-13629,120,4,1412.88,4,2,3,423,3.0,New Customers
CUST-06490,120,4,2295.0,4,2,4,424,3.33,New Customers
CUST-11170,120,4,2467.34,4,3,4,434,3.67,Potential Loyalists
CUST-14733,120,4,2894.69,4,3,4,434,3.67,Potential Loyalists
CUST-02953,120,4,3993.93,4,3,5,435,4.0,Potential Loyalists
CUST-06657,120,5,925.13,4,3,2,432,3.0,Potential Loyalists
CUST-03747,120,5,1434.91,4,3,3,433,3.33,Potential Loyalists
CUST-07768,120,5,2195.84,4,3,4,434,3.67,Potential Loyalists
CUST-09713,120,5,2720.01,4,3,4,434,3.67,Potential Loyalists
CUST-05497,120,5,2951.4,4,3,4,434,3.67,Potential Loyalists
CUST-08320,120,6,2642.79,4,4,4,444,4.0,Champions
CUST-06283,120,6,2809.62,4,4,4,444,4.0,Champions
CUST-13469,120,6,3675.56,4,4,5,445,4.33,Champions
CUST-08792,120,6,3715.17,4,4,5,445,4.33,Champions
CUST-04355,120,6,4016.06,4,4,5,445,4.33,Champions
CUST-13663,120,8,1529.58,4,5,3,453,4.0,Loyal Customers
CUST-10602,120,8,1799.35,4,5,3,453,4.0,Loyal Customers
CUST-11381,120,10,3832.58,4,5,5,455,4.67,Champions
CUST-00997,120,11,1731.09,4,5,3,453,4.0,Loyal Customers
CUST-09232,119,2,522.07,4,1,1,411,2.0,New Customers
CUST-09666,119,2,540.61,4,1,1,411,2.0,New Customers
CUST-06628,119,3,258.1,4,1,1,411,2.0,New Customers
CUST-04808,119,3,277.52,4,1,1,411,2.0,New Customers
CUST-09470,119,3,498.8,4,1,1,411,2.0,New Customers
CUST-12630,119,3,1470.55,4,2,3,423,3.0,New Customers
CUST-07414,119,3,1613.93,4,2,3,423,3.0,New Customers
CUST-08959,119,4,271.48,4,2,1,421,2.33,New Customers
CUST-11594,119,4,588.9,4,2,1,421,2.33,New Customers
CUST-07815,119,4,1324.81,4,2,2,422,2.67,New Customers
CUST-11969,119,4,1716.65,4,2,3,423,3.0,New Customers
CUST-04425,119,4,2222.05,4,2,4,424,3.33,New Customers
CUST-06601,119,5,950.38,4,3,2,432,3.0,Potential Loyalists
CUST-03754,119,5,1686.58,4,3,3,433,3.33,Potential Loyalists
CUST-08619,119,5,1945.98,4,3,3,433,3.33,Potential Loyalists
CUST-02954,119,5,1997.09,4,3,3,433,3.33,Potential Loyalists
CUST-07140,119,5,2549.43,4,3,4,434,3.67,Potential Loyalists
CUST-13776,119,5,2845.63,4,3,4,434,3.67,Potential Loyalists
CUST-12777,119,5,3663.0,4,3,5,435,4.0,Potential Loyalists
CUST-07457,119,6,1251.06,4,4,2,442,3.33,Potential Loyalists
CUST-01687,119,6,1273.62,4,4,2,442,3.33,Potential Loyalists
CUST-13333,119,6,1549.78,4,4,3,443,3.67,Loyal Customers
CUST-09369,119,6,2377.36,4,4,4,444,4.0,Champions
CUST-08628,119,6,3799.9,4,4,5,445,4.33,Champions
CUST-03792,119,7,1755.0,4,4,3,443,3.67,Loyal Customers
CUST-02595,119,7,1995.83,4,4,3,443,3.67,Loyal Customers
CUST-14660,119,7,2673.74,4,5,4,454,4.33,Champions
CUST-14437,119,7,3290.0,4,5,5,455,4.67,Champions
CUST-02558,119,7,3408.99,4,5,5,455,4.67,Champions
CUST-12301,119,7,4757.02,4,5,5,455,4.67,Champions
CUST-00755,119,8,2488.46,4,5,4,454,4.33,Champions
CUST-04284,119,9,2903.06,4,5,4,454,4.33,Champions
CUST-09262,119,9,3968.49,4,5,5,455,4.67,Champions
CUST-00925,118,2,130.14,4,1,1,411,2.0,New Customers
CUST-02012,118,2,287.91,4,1,1,411,2.0,New Customers
CUST-14091,118,2,374.4,4,1,1,411,2.0,New Customers
CUST-10903,118,2,466.31,4,1,1,411,2.0,New Customers
CUST-07335,118,3,278.09,4,1,1,411,2.0,New Customers
CUST-03258,118,3,570.41,4,1,1,411,2.0,New Customers
CUST-07707,118,3,1639.52,4,2,3,423,3.0,New Customers
CUST-10491,118,3,2812.85,4,2,4,424,3.33,New Customers
CUST-03913,118,4,364.01,4,2,1,421,2.33,New Customers
CUST-00213,118,4,902.91,4,2,2,422,2.67,New Customers
CUST-05888,118,4,1582.65,4,2,3,423,3.0,New Customers
CUST-06275,118,4,1841.16,4,2,3,423,3.0,New Customers
CUST-14085,118,4,2485.15,4,3,4,434,3.67,Potential Loyalists
CUST-00187,118,4,3005.94,4,3,5,435,4.0,Potential Loyalists
CUST-13064,118,5,867.69,4,3,2,432,3.0,Potential Loyalists
CUST-13903,118,5,987.68,4,3,2,432,3.0,Potential Loyalists
CUST-05807,118,5,1064.58,4,3,2,432,3.0,Potential Loyalists
CUST-06084,118,5,2518.69,4,3,4,434,3.67,Potential Loyalists
CUST-02425,118,5,2574.06,4,3,4,434,3.67,Potential Loyalists
CUST-13270,118,5,2970.37,4,3,4,434,3.67,Potential Loyalists
CUST-05238,118,6,779.21,4,4,2,442,3.33,Potential Loyalists
CUST-01354,118,6,1163.49,4,4,2,442,3.33,Potential Loyalists
CUST-12104,118,6,2020.7,4,4,3,443,3.67,Loyal Customers
CUST-06946,118,6,3963.22,4,4,5,445,4.33,Champions
CUST-05860,118,7,2485.96,4,5,4,454,4.33,Champions
CUST-02468,118,7,2750.29,4,5,4,454,4.33,Champions
CUST-03705,118,7,3158.18,4,5,5,455,4.67,Champions
CUST-01058,118,7,3535.86,4,5,5,455,4.67,Champions
CUST-07054,118,7,4114.83,4,5,5,455,4.67,Champions
CUST-05765,118,8,1878.45,4,5,3,453,4.0,Loyal Customers
CUST-12815,118,8,2428.98,4,5,4,454,4.33,Champions
CUST-10993,118,9,4017.73,4,5,5,455,4.67,Champions
CUST-04365,118,9,5480.3,4,5,5,455,4.67,Champions
CUST-08431,118,9,6659.67,4,5,5,455,4.67,Champions
CUST-13194,118,10,2523.12,4,5,4,454,4.33,Champions
CUST-01708,118,10,4414.46,4,5,5,455,4.67,Champions
CUST-07185,117,2,80.3,4,1,1,411,2.0,New Customers
CUST-11352,117,2,284.32,4,1,1,411,2.0,New Customers
CUST-08533,117,2,322.5,4,1,1,411,2.0,New Customers
CUST-01815,117,2,397.12,4,1,1,411,2.0,New Customers
CUST-07932,117,3,251.9,4,1,1,411,2.0,New Customers
CUST-10273,117,3,257.61,4,1,1,411,2.0,New Customers
CUST-01016,117,3,2458.87,4,2,4,424,3.33,New Customers
CUST-02519,117,4,732.71,4,2,1,421,2.33,New Customers
CUST-12844,117,4,1015.93,4,2,2,422,2.67,New Customers
CUST-08302,117,4,1817.42,4,2,3,423,3.0,New Customers
CUST-05072,117,4,1853.99,4,2,3,423,3.0,New Customers
CUST-01030,117,4,3517.09,4,3,5,435,4.0,Potential Loyalists
CUST-05065,117,4,3679.58,4,3,5,435,4.0,Potential Loyalists
CUST-05794,117,5,419.66,4,3,1,431,2.67,Potential Loyalists
CUST-05388,117,5,1126.64,4,3,2,432,3.0,Potential Loyalists
CUST-02667,117,5,1576.23,4,3,3,433,3.33,Potential Loyalists
CUST-09711,117,5,1597.05,4,3,3,433,3.33,Potential Loyalists
CUST-12887,117,5,2391.14,4,3,4,434,3.67,Potential Loyalists
CUST-09071,117,5,2783.88,4,3,4,434,3.67,Potential Loyalists
CUST-14185,117,6,646.19,4,4,1,441,3.0,Potential Loyalists
CUST-03356,117,6,1122.39,4,4,2,442,3.33,Potential Loyalists
CUST-09489,117,6,1154.96,4,4,2,442,3.33,Potential Loyalists
CUST-01554,117,6,1904.97,4,4,3,443,3.67,Loyal Customers
CUST-10736,117,6,2159.26,4,4,4,444,4.0,Champions
CUST-05905,117,6,2322.97,4,4,4,444,4.0,Champions
CUST-00653,117,6,2487.01,4,4,4,444,4.0,Champions
CUST-09997,117,6,3024.81,4,4,5,445,4.33,Champions
CUST-07114,117,7,1209.75,4,4,2,442,3.33,Potential Loyalists
CUST-00310,117,7,1672.02,4,4,3,443,3.67,Loyal Customers
CUST-05460,117,7,2224.93,4,5,4,454,4.33,Champions
CUST-08787,117,7,2868.37,4,5,4,454,4.33,Champions
CUST-01997,117,7,3195.57,4,5,5,455,4.67,Champions
CUST-01574,117,7,3686.25,4,5,5,455,4.67,Champions
CUST-06630,117,7,6062.63,4,5,5,455,4.67,Champions
CUST-04936,117,8,2455.68,4,5,4,454,4.33,Champions
CUST-14389,117,8,4533.18,4,5,5,455,4.67,Champions
CUST-07368,117,9,2092.62,4,5,4,454,4.33,Champions
CUST-12962,117,9,3731.15,4,5,5,455,4.67,Champions
CUST-13633,117,9,3943.11,4,5,5,455,4.67,Champions
CUST-01026,117,9,5165.5,4,5,5,455,4.67,Champions
CUST-03726,117,9,8164.46,4,5,5,455,4.67,Champions
CUST-10166,117,12,7063.52,4,5,5,455,4.67,Champions
CUST-04315,116,2,1333.37,4,1,2,412,2.33,New Customers
CUST-10093,116,3,476.13,4,1,1,411,2.0,New Customers
CUST-04755,116,3,3054.89,4,2,5,425,3.67,New Customers
CUST-08772,116,4,864.41,4,2,2,422,2.67,New Customers
CUST-04212,116,4,928.46,4,2,2,422,2.67,New Customers
CUST-03432,116,4,1023.17,4,2,2,422,2.67,New Customers
CUST-00436,116,4,2137.07,4,2,4,424,3.33,New Customers
CUST-00457,116,4,2382.07,4,3,4,434,3.67,Potential Loyalists
CUST-07449,116,5,472.31,4,3,1,431,2.67,Potential Loyalists
CUST-01326,116,5,697.62,4,3,1,431,2.67,Potential Loyalists
CUST-09368,116,5,927.23,4,3,2,432,3.0,Potential Loyalists
CUST-02198,116,5,1048.21,4,3,2,432,3.0,Potential Loyalists
CUST-00249,116,5,1060.68,4,3,2,432,3.0,Potential Loyalists
CUST-11417,116,5,1484.31,4,3,3,433,3.33,Potential Loyalists
CUST-03533,116,5,1662.97,4,3,3,433,3.33,Potential Loyalists
CUST-06815,116,5,1960.6,4,3,3,433,3.33,Potential Loyalists
CUST-02065,116,5,2020.6,4,3,3,433,3.33,Potential Loyalists
CUST-11958,116,5,2844.65,4,3,4,434,3.67,Potential Loyalists
CUST-14562,116,5,4122.22,4,4,5,445,4.33,Champions
CUST-09121,116,6,866.6,4,4,2,442,3.33,Potential Loyalists
CUST-12496,116,6,1761.86,4,4,3,443,3.67,Loyal Customers
CUST-13782,116,6,1863.82,4,4,3,443,3.67,Loyal Customers
CUST-03370,116,6,2446.44,4,4,4,444,4.0,Champions
CUST-07346,116,6,3457.76,4,4,5,445,4.33,Champions
CUST-13866,116,6,3711.68,4,4,5,445,4.33,Champions
CUST-03295,116,7,908.14,4,4,2,442,3.33,Potential Loyalists
CUST-09952,116,7,6083.24,4,5,5,455,4.67,Champions
CUST-07322,116,8,2415.14,4,5,4,454,4.33,Champions
CUST-10985,116,8,3163.88,4,5,5,455,4.67,Champions
CUST-07026,116,9,1277.13,4,5,2,452,3.67,Potential Loyalists
CUST-14545,116,9,2093.71,4,5,4,454,4.33,Champions
CUST-03192,116,9,2687.54,4,5,4,454,4.33,Champions
CUST-11586,116,9,4579.43,4,5,5,455,4.67,Champions
CUST-14903,116,10,4004.42,4,5,5,455,4.67,Champions
CUST-12454,115,2,454.01,4,1,1,411,2.0,New Customers
CUST-05245,115,3,697.39,4,1,1,411,2.0,New Customers
CUST-08603,115,3,1066.06,4,1,2,412,2.33,New Customers
CUST-05425,115,3,1660.35,4,2,3,423,3.0,New Customers
CUST-06065,115,4,463.02,4,2,1,421,2.33,New Customers
CUST-10314,115,4,466.99,4,2,1,421,2.33,New Customers
CUST-02945,115,4,494.52,4,2,1,421,2.33,New Customers
CUST-10777,115,4,718.26,4,2,1,421,2.33,New Customers
CUST-10209,115,4,817.8,4,2,2,422,2.67,New Customers
CUST-00056,115,4,944.56,4,2,2,422,2.67,New Customers
CUST-08004,115,4,1348.57,4,2,2,422,2.67,New Customers
CUST-13768,115,5,1304.31,4,3,2,432,3.0,Potential Loyalists
CUST-07914,115,5,1838.98,4,3,3,433,3.33,Potential Loyalists
CUST-08403,115,6,998.5,4,4,2,442,3.33,Potential Loyalists
CUST-05585,115,6,2096.72,4,4,4,444,4.0,Champions
CUST-11384,115,6,2788.72,4,4,4,444,4.0,Champions
CUST-07283,115,6,3107.55,4,4,5,445,4.33,Champions
CUST-06514,115,6,3194.73,4,4,5,445,4.33,Champions
CUST-00397,115,8,1970.17,4,5,3,453,4.0,Loyal Customers
CUST-05694,115,8,3392.63,4,5,5,455,4.67,Champions
CUST-12989,115,8,3825.23,4,5,5,455,4.67,Champions
CUST-08862,115,9,5472.96,4,5,5,455,4.67,Champions
CUST-05445,115,10,3284.08,4,5,5,455,4.67,Champions
CUST-02409,115,10,3452.29,4,5,5,455,4.67,Champions
CUST-05198,115,12,3888.47,4,5,5,455,4.67,Champions
CUST-08458,114,2,237.45,4,1,1,411,2.0,New Customers
CUST-11159,114,3,239.9,4,1,1,411,2.0,New Customers
CUST-08049,114,3,424.48,4,1,1,411,2.0,New Customers
CUST-05293,114,3,731.27,4,1,1,411,2.0,New Customers
CUST-02975,114,3,1471.57,4,2,3,423,3.0,New Customers
CUST-10958,114,4,743.0,4,2,1,421,2.33,New Customers
CUST-09836,114,4,767.28,4,2,2,422,2.67,New Customers
CUST-04569,114,4,850.57,4,2,2,422,2.67,New Customers
CUST-05555,114,4,1238.24,4,2,2,422,2.67,New Customers
CUST-05626,114,4,1707.3,4,2,3,423,3.0,New Customers
CUST-10295,114,5,755.34,4,3,2,432,3.0,Potential Loyalists
CUST-01381,114,5,909.47,4,3,2,432,3.0,Potential Loyalists
CUST-04222,114,5,933.52,4,3,2,432,3.0,Potential Loyalists
CUST-11178,114,5,1039.38,4,3,2,432,3.0,Potential Loyalists
CUST-04338,114,5,1048.58,4,3,2,432,3.0,Potential Loyalists
CUST-08510,114,5,2846.8,4,3,4,434,3.67,Potential Loyalists
CUST-00465,114,6,1322.85,4,4,2,442,3.33,Potential Loyalists
CUST-14737,114,6,1338.83,4,4,2,442,3.33,Potential Loyalists
CUST-14400,114,6,1554.66,4,4,3,443,3.67,Loyal Customers
CUST-07854,114,6,2250.84,4,4,4,444,4.0,Champions
CUST-13310,114,6,6101.92,4,4,5,445,4.33,Champions
CUST-04535,114,7,1174.21,4,4,2,442,3.33,Potential Loyalists
CUST-12974,114,7,3375.38,4,5,5,455,4.67,Champions
CUST-12610,114,7,3904.53,4,5,5,455,4.67,Champions
CUST-01826,114,7,4336.12,4,5,5,455,4.67,Champions
CUST-01578,114,7,5412.73,4,5,5,455,4.67,Champions
CUST-03603,114,8,2309.23,4,5,4,454,4.33,Champions
CUST-11175,114,8,3195.88,4,5,5,455,4.67,Champions
CUST-04984,114,8,3663.18,4,5,5,455,4.67,Champions
CUST-04631,114,9,3964.17,4,5,5,455,4.67,Champions
CUST-08008,114,9,5526.9,4,5,5,455,4.67,Champions
CUST-13838,114,10,7007.13,4,5,5,455,4.67,Champions
CUST-01055,113,3,485.48,4,1,1,411,2.0,New Customers
CUST-10133,113,4,1091.48,4,2,2,422,2.67,New Customers
CUST-12342,113,5,774.79,4,3,2,432,3.0,Potential Loyalists
CUST-12214,113,5,1471.98,4,3,3,433,3.33,Potential Loyalists
CUST-07187,113,5,2866.6,4,3,4,434,3.67,Potential Loyalists
CUST-12763,113,5,3496.0,4,3,5,435,4.0,Potential Loyalists
CUST-09690,113,5,4061.06,4,4,5,445,4.33,Champions
CUST-02590,113,5,4892.34,4,4,5,445,4.33,Champions
CUST-13944,113,6,969.71,4,4,2,442,3.33,Potential Loyalists
CUST-09052,113,6,1177.86,4,4,2,442,3.33,Potential Loyalists
CUST-09242,113,6,1359.74,4,4,2,442,3.33,Potential Loyalists
CUST-02101,113,6,1417.84,4,4,3,443,3.67,Loyal Customers
CUST-08014,113,6,1419.38,4,4,3,443,3.67,Loyal Customers
CUST-14637,113,6,1737.53,4,4,3,443,3.67,Loyal Customers
CUST-05004,113,6,2188.44,4,4,4,444,4.0,Champions
CUST-04172,113,6,2278.77,4,4,4,444,4.0,Champions
CUST-04714,113,6,2471.31,4,4,4,444,4.0,Champions
CUST-05299,113,6,2892.36,4,4,4,444,4.0,Champions
CUST-04032,113,6,4810.14,4,4,5,445,4.33,Champions
CUST-06173,113,7,1445.27,4,4,3,443,3.67,Loyal Customers
CUST-13047,113,7,2107.01,4,5,4,454,4.33,Champions
CUST-01654,113,7,2754.39,4,5,4,454,4.33,Champions
CUST-12644,113,7,3337.25,4,5,5,455,4.67,Champions
CUST-14603,113,8,3884.85,4,5,5,455,4.67,Champions
CUST-11457,113,8,5727.08,4,5,5,455,4.67,Champions
CUST-02952,113,9,1515.94,4,5,3,453,4.0,Loyal Customers
CUST-11055,112,2,205.67,4,1,1,411,2.0,New Customers
CUST-04693,112,2,471.03,4,1,1,411,2.0,New Customers
CUST-12957,112,2,734.92,4,1,1,411,2.0,New Customers
CUST-10307,112,2,1048.99,4,1,2,412,2.33,New Customers
CUST-05327,112,2,2311.52,4,1,4,414,3.0,New Customers
CUST-13960,112,3,462.32,4,1,1,411,2.0,New Customers
CUST-07501,112,3,1991.52,4,2,3,423,3.0,New Customers
CUST-06985,112,4,374.65,4,2,1,421,2.33,New Customers
CUST-02984,112,4,398.7,4,2,1,421,2.33,New Customers
CUST-02775,112,4,851.28,4,2,2,422,2.67,New Customers
CUST-02548,112,4,984.92,4,2,2,422,2.67,New Customers
CUST-03535,112,4,1779.85,4,2,3,423,3.0,New Customers
CUST-02613,112,4,2945.1,4,3,4,434,3.67,Potential Loyalists
CUST-13833,112,4,3233.32,4,3,5,435,4.0,Potential Loyalists
CUST-10830,112,4,4883.63,4,3,5,435,4.0,Potential Loyalists
CUST-08730,112,5,872.14,4,3,2,432,3.0,Potential Loyalists
CUST-05510,112,5,1591.37,4,3,3,433,3.33,Potential Loyalists
CUST-01135,112,5,1997.39,4,3,3,433,3.33,Potential Loyalists
CUST-06314,112,5,2205.57,4,3,4,434,3.67,Potential Loyalists
CUST-08109,112,5,2307.31,4,3,4,434,3.67,Potential Loyalists
CUST-14650,112,5,2515.97,4,3,4,434,3.67,Potential Loyalists
CUST-07657,112,5,2687.11,4,3,4,434,3.67,Potential Loyalists
CUST-13356,112,6,695.49,4,4,1,441,3.0,Potential Loyalists
CUST-05254,112,6,954.82,4,4,2,442,3.33,Potential Loyalists
CUST-08212,112,6,2011.74,4,4,3,443,3.67,Loyal Customers
CUST-09212,112,6,2530.58,4,4,4,444,4.0,Champions
CUST-02991,112,6,2579.28,4,4,4,444,4.0,Champions
CUST-13236,112,6,2876.53,4,4,4,444,4.0,Champions
CUST-04686,112,6,2935.76,4,4,4,444,4.0,Champions
CUST-12986,112,6,3918.22,4,4,5,445,4.33,Champions
CUST-14230,112,6,3962.06,4,4,5,445,4.33,Champions
CUST-10017,112,7,1217.92,4,4,2,442,3.33,Potential Loyalists
CUST-03213,112,7,3623.61,4,5,5,455,4.67,Champions
CUST-10047,112,7,4080.27,4,5,5,455,4.67,Champions
CUST-14047,112,8,1654.66,4,5,3,453,4.0,Loyal Customers
CUST-05995,112,8,2289.73,4,5,4,454,4.33,Champions
CUST-04962,112,11,4995.19,4,5,5,455,4.67,Champions
CUST-06284,111,2,105.27,4,1,1,411,2.0,New Customers
CUST-09538,111,3,300.02,4,1,1,411,2.0,New Customers
CUST-13066,111,3,388.01,4,1,1,411,2.0,New Customers
CUST-07770,111,3,596.72,4,1,1,411,2.0,New Customers
CUST-12747,111,3,1210.13,4,2,2,422,2.67,New Customers
CUST-01942,111,4,275.16,4,2,1,421,2.33,New Customers
CUST-10512,111,4,895.2,4,2,2,422,2.67,New Customers
CUST-00923,111,5,1989.96,4,3,3,433,3.33,Potential Loyalists
CUST-08067,111,5,2055.93,4,3,3,433,3.33,Potential Loyalists
CUST-08362,111,5,2457.58,4,3,4,434,3.67,Potential Loyalists
CUST-07698,111,5,3525.28,4,3,5,435,4.0,Potential Loyalists
CUST-10278,111,5,6135.73,4,4,5,445,4.33,Champions
CUST-08039,111,6,1579.2,4,4,3,443,3.67,Loyal Customers
CUST-13574,111,6,6242.79,4,4,5,445,4.33,Champions
CUST-10558,111,7,1252.6,4,4,2,442,3.33,Potential Loyalists
CUST-10818,111,8,909.35,4,5,2,452,3.67,Potential Loyalists
CUST-12584,111,8,1539.4,4,5,3,453,4.0,Loyal Customers
CUST-04066,111,8,2416.35,4,5,4,454,4.33,Champions
CUST-03963,111,8,4818.43,4,5,5,455,4.67,Champions
CUST-01102,111,9,1321.41,4,5,2,452,3.67,Potential Loyalists
CUST-02568,111,9,2051.51,4,5,3,453,4.0,Loyal Customers
CUST-05351,110,2,263.12,4,1,1,411,2.0,New Customers
CUST-14215,110,2,787.96,4,1,2,412,2.33,New Customers
CUST-03122,110,2,1440.35,4,1,3,413,2.67,New Customers
CUST-07841,110,3,272.5,4,1,1,411,2.0,New Customers
CUST-11898,110,3,520.24,4,1,1,411,2.0,New Customers
CUST-02278,110,3,658.49,4,1,1,411,2.0,New Customers
CUST-10400,110,3,1482.29,4,2,3,423,3.0,New Customers
CUST-01218,110,3,3948.66,4,2,5,425,3.67,New Customers
CUST-02586,110,4,711.76,4,2,1,421,2.33,New Customers
CUST-04384,110,4,790.27,4,2,2,422,2.67,New Customers
CUST-01865,110,4,864.29,4,2,2,422,2.67,New Customers
CUST-00680,110,4,2736.16,4,3,4,434,3.67,Potential Loyalists
CUST-11716,110,5,789.38,4,3,2,432,3.0,Potential Loyalists
CUST-05815,110,5,804.1,4,3,2,432,3.0,Potential Loyalists
CUST-14877,110,5,876.94,4,3,2,432,3.0,Potential Loyalists
CUST-08125,110,5,1003.73,4,3,2,432,3.0,Potential Loyalists
CUST-03209,110,5,1018.61,4,3,2,432,3.0,Potential Loyalists
CUST-14577,110,5,1367.8,4,3,2,432,3.0,Potential Loyalists
CUST-05961,110,5,1447.46,4,3,3,433,3.33,Potential Loyalists
CUST-01538,110,5,1547.94,4,3,3,433,3.33,Potential Loyalists
CUST-08827,110,5,1551.38,4,3,3,433,3.33,Potential Loyalists
CUST-05828,110,5,1687.3,4,3,3,433,3.33,Potential Loyalists
CUST-14338,110,5,1726.89,4,3,3,433,3.33,Potential Loyalists
CUST-01084,110,5,2001.75,4,3,3,433,3.33,Potential Loyalists
CUST-07477,110,5,2071.11,4,3,4,434,3.67,Potential Loyalists
CUST-02620,110,5,3211.91,4,3,5,435,4.0,Potential Loyalists
CUST-04777,110,5,3229.11,4,3,5,435,4.0,Potential Loyalists
CUST-07402,110,5,3739.59,4,4,5,445,4.33,Champions
CUST-11118,110,6,1185.92,4,4,2,442,3.33,Potential Loyalists
CUST-12557,110,6,1456.75,4,4,3,443,3.67,Loyal Customers
CUST-12193,110,6,1983.46,4,4,3,443,3.67,Loyal Customers
CUST-00422,110,6,1987.36,4,4,3,443,3.67,Loyal Customers
CUST-04595,110,6,2667.22,4,4,4,444,4.0,Champions
CUST-09337,110,6,3041.76,4,4,5,445,4.33,Champions
CUST-00980,110,6,3503.48,4,4,5,445,4.33,Champions
CUST-02022,110,6,3691.95,4,4,5,445,4.33,Champions
CUST-03435,110,6,3844.55,4,4,5,445,4.33,Champions
CUST-10926,110,6,3917.46,4,4,5,445,4.33,Champions
CUST-09806,110,7,1559.4,4,4,3,443,3.67,Loyal Customers
CUST-09085,110,7,5264.38,4,5,5,455,4.67,Champions
CUST-01861,110,9,3942.32,4,5,5,455,4.67,Champions
CUST-01460,110,9,4038.88,4,5,5,455,4.67,Champions
CUST-04516,109,2,173.03,4,1,1,411,2.0,New Customers
CUST-06893,109,2,258.41,4,1,1,411,2.0,New Customers
CUST-05068,109,2,318.7,4,1,1,411,2.0,New Customers
CUST-05623,109,2,486.27,4,1,1,411,2.0,New Customers
CUST-08316,109,2,1774.32,4,1,3,413,2.67,New Customers
CUST-03352,109,3,427.67,4,1,1,411,2.0,New Customers
CUST-04501,109,3,516.38,4,1,1,411,2.0,New Customers
CUST-03267,109,3,1218.51,4,2,2,422,2.67,New Customers
CUST-08245,109,3,1556.09,4,2,3,423,3.0,New Customers
CUST-05659,109,3,3399.97,4,2,5,425,3.67,New Customers
CUST-02356,109,4,277.53,4,2,1,421,2.33,New Customers
CUST-04454,109,4,635.37,4,2,1,421,2.33,New Customers
CUST-06151,109,4,2525.23,4,3,4,434,3.67,Potential Loyalists
CUST-13249,109,4,3096.28,4,3,5,435,4.0,Potential Loyalists
CUST-00862,109,4,4752.06,4,3,5,435,4.0,Potential Loyalists
CUST-08454,109,5,656.7,4,3,1,431,2.67,Potential Loyalists
CUST-03642,109,5,768.0,4,3,2,432,3.0,Potential Loyalists
CUST-00160,109,5,1696.39,4,3,3,433,3.33,Potential Loyalists
CUST-06046,109,5,2310.96,4,3,4,434,3.67,Potential Loyalists
CUST-13218,109,5,2692.63,4,3,4,434,3.67,Potential Loyalists
CUST-11498,109,5,3181.39,4,3,5,435,4.0,Potential Loyalists
CUST-12802,109,6,1501.08,4,4,3,443,3.67,Loyal Customers
CUST-09349,109,6,1606.62,4,4,3,443,3.67,Loyal Customers
CUST-09706,109,6,1672.94,4,4,3,443,3.67,Loyal Customers
CUST-13060,109,6,1919.56,4,4,3,443,3.67,Loyal Customers
CUST-09034,109,6,2597.96,4,4,4,444,4.0,Champions
CUST-07973,109,6,3285.55,4,4,5,445,4.33,Champions
CUST-07215,109,7,1470.43,4,4,3,443,3.67,Loyal Customers
CUST-09579,109,7,1537.3,4,4,3,443,3.67,Loyal Customers
CUST-14465,109,7,2889.09,4,5,4,454,4.33,Champions
CUST-06387,109,7,4657.65,4,5,5,455,4.67,Champions
CUST-08311,109,8,2596.21,4,5,4,454,4.33,Champions
CUST-06898,109,9,2762.04,4,5,4,454,4.33,Champions
CUST-03616,109,9,4026.99,4,5,5,455,4.67,Champions
CUST-07984,109,9,4259.31,4,5,5,455,4.67,Champions
CUST-12931,109,10,3959.92,4,5,5,455,4.67,Champions
CUST-13554,108,2,53.51,4,1,1,411,2.0,New Customers
CUST-10087,108,2,295.85,4,1,1,411,2.0,New Customers
CUST-14361,108,2,730.53,4,1,1,411,2.0,New Customers
CUST-13896,108,3,584.12,4,1,1,411,2.0,New Customers
CUST-09479,108,3,1218.63,4,2,2,422,2.67,New Customers
CUST-12024,108,3,1430.87,4,2,3,423,3.0,New Customers
CUST-07389,108,3,2397.12,4,2,4,424,3.33,New Customers
CUST-13409,108,4,430.3,4,2,1,421,2.33,New Customers
CUST-05409,108,4,911.96,4,2,2,422,2.67,New Customers
CUST-00032,108,4,1893.3,4,2,3,423,3.0,New Customers
CUST-04844,108,4,2900.66,4,3,4,434,3.67,Potential Loyalists
CUST-10326,108,5,1452.22,4,3,3,433,3.33,Potential Loyalists
CUST-13407,108,5,2065.35,4,3,3,433,3.33,Potential Loyalists
CUST-05302,108,5,2712.67,4,3,4,434,3.67,Potential Loyalists
CUST-00667,108,5,4345.44,4,4,5,445,4.33,Champions
CUST-06631,108,6,644.42,4,4,1,441,3.0,Potential Loyalists
CUST-00106,108,6,1023.92,4,4,2,442,3.33,Potential Loyalists
CUST-05753,108,6,1218.1,4,4,2,442,3.33,Potential Loyalists
CUST-11933,108,6,1219.01,4,4,2,442,3.33,Potential Loyalists
CUST-01225,108,6,2141.42,4,4,4,444,4.0,Champions
CUST-10391,108,6,4379.13,4,4,5,445,4.33,Champions
CUST-08378,108,7,984.83,4,4,2,442,3.33,Potential Loyalists
CUST-01445,108,7,1849.85,4,4,3,443,3.67,Loyal Customers
CUST-05082,108,7,2101.62,4,5,4,454,4.33,Champions
CUST-01096,108,7,2463.34,4,5,4,454,4.33,Champions
CUST-00499,108,7,2800.63,4,5,4,454,4.33,Champions
CUST-14530,108,8,3035.66,4,5,5,455,4.67,Champions
CUST-12648,108,8,4179.88,4,5,5,455,4.67,Champions
CUST-07374,108,10,1639.48,4,5,3,453,4.0,Loyal Customers
CUST-03496,107,2,248.56,4,1,1,411,2.0,New Customers
CUST-01491,107,2,540.69,4,1,1,411,2.0,New Customers
CUST-08466,107,2,1285.79,4,1,2,412,2.33,New Customers
CUST-05248,107,3,374.6,4,1,1,411,2.0,New Customers
CUST-09880,107,3,510.63,4,1,1,411,2.0,New Customers
CUST-08813,107,4,565.32,4,2,1,421,2.33,New Customers
CUST-04471,107,4,956.76,4,2,2,422,2.67,New Customers
CUST-05726,107,4,1772.12,4,2,3,423,3.0,New Customers
CUST-14122,107,4,3260.77,4,3,5,435,4.0,Potential Loyalists
CUST-13559,107,5,741.86,4,3,1,431,2.67,Potential Loyalists
CUST-14783,107,5,837.14,4,3,2,432,3.0,Potential Loyalists
CUST-12143,107,5,1182.1,4,3,2,432,3.0,Potential Loyalists
CUST-06025,107,5,1292.34,4,3,2,432,3.0,Potential Loyalists
CUST-11589,107,5,1732.59,4,3,3,433,3.33,Potential Loyalists
CUST-00917,107,5,1907.1,4,3,3,433,3.33,Potential Loyalists
CUST-02634,107,5,1911.72,4,3,3,433,3.33,Potential Loyalists
CUST-06264,107,5,4218.9,4,4,5,445,4.33,Champions
CUST-08811,107,6,1270.08,4,4,2,442,3.33,Potential Loyalists
CUST-09140,107,6,1348.16,4,4,2,442,3.33,Potential Loyalists
CUST-10941,107,6,1890.24,4,4,3,443,3.67,Loyal Customers
CUST-14205,107,6,1948.02,4,4,3,443,3.67,Loyal Customers
CUST-06612,107,6,4306.96,4,4,5,445,4.33,Champions
CUST-10175,107,7,1372.11,4,4,2,442,3.33,Potential Loyalists
CUST-13154,107,7,2097.38,4,5,4,454,4.33,Champions
CUST-04347,107,7,2204.88,4,5,4,454,4.33,Champions
CUST-00556,107,7,2312.82,4,5,4,454,4.33,Champions
CUST-05624,107,7,4649.06,4,5,5,455,4.67,Champions
CUST-12085,107,8,801.39,4,5,2,452,3.67,Potential Loyalists
CUST-06437,107,8,1958.33,4,5,3,453,4.0,Loyal Customers
CUST-03346,107,8,2275.28,4,5,4,454,4.33,Champions
CUST-03271,107,8,2638.18,4,5,4,454,4.33,Champions
CUST-13430,107,8,4049.91,4,5,5,455,4.67,Champions
CUST-06703,107,9,3065.79,4,5,5,455,4.67,Champions
CUST-04842,107,9,3915.41,4,5,5,455,4.67,Champions
CUST-04715,107,9,5518.11,4,5,5,455,4.67,Champions
CUST-13078,107,10,1264.29,4,5,2,452,3.67,Potential Loyalists
CUST-08416,107,11,5253.0,4,5,5,455,4.67,Champions
CUST-10431,106,2,160.31,4,1,1,411,2.0,New Customers
CUST-12387,106,2,2899.51,4,1,4,414,3.0,New Customers
CUST-13823,106,3,349.1,4,1,1,411,2.0,New Customers
CUST-01642,106,3,506.94,4,1,1,411,2.0,New Customers
CUST-06505,106,3,1101.02,4,2,2,422,2.67,New Customers
CUST-14631,106,3,1222.27,4,2,2,422,2.67,New Customers
CUST-06241,106,4,656.67,4,2,1,421,2.33,New Customers
CUST-02534,106,4,747.47,4,2,1,421,2.33,New Customers
CUST-03054,106,4,1043.09,4,2,2,422,2.67,New Customers
CUST-04190,106,4,1307.29,4,2,2,422,2.67,New Customers
CUST-11706,106,4,2168.64,4,2,4,424,3.33,New Customers
CUST-02876,106,4,2241.77,4,2,4,424,3.33,New Customers
CUST-14734,106,4,2413.12,4,3,4,434,3.67,Potential Loyalists
CUST-00331,106,4,2672.3,4,3,4,434,3.67,Potential Loyalists
CUST-11503,106,4,2977.05,4,3,4,434,3.67,Potential Loyalists
CUST-08803,106,4,3481.92,4,3,5,435,4.0,Potential Loyalists
CUST-04185,106,5,711.03,4,3,1,431,2.67,Potential Loyalists
CUST-10655,106,5,1362.43,4,3,2,432,3.0,Potential Loyalists
CUST-10810,106,5,1476.48,4,3,3,433,3.33,Potential Loyalists
CUST-00243,106,5,1511.39,4,3,3,433,3.33,Potential Loyalists
CUST-06320,106,5,1623.97,4,3,3,433,3.33,Potential Loyalists
CUST-06843,106,5,2010.29,4,3,3,433,3.33,Potential Loyalists
CUST-03268,106,5,2540.66,4,3,4,434,3.67,Potential Loyalists
CUST-11488,106,5,2987.22,4,3,4,434,3.67,Potential Loyalists
CUST-12445,106,5,3058.69,4,3,5,435,4.0,Potential Loyalists
CUST-01507,106,5,3240.45,4,3,5,435,4.0,Potential Loyalists
CUST-11333,106,5,3560.16,4,3,5,435,4.0,Potential Loyalists
CUST-09386,106,5,4592.45,4,4,5,445,4.33,Champions
CUST-12865,106,6,1122.72,4,4,2,442,3.33,Potential Loyalists
CUST-02562,106,6,1635.69,4,4,3,443,3.67,Loyal Customers
CUST-05054,106,6,2530.23,4,4,4,444,4.0,Champions
CUST-03580,106,6,2600.38,4,4,4,444,4.0,Champions
CUST-04928,106,6,2723.53,4,4,4,444,4.0,Champions
CUST-03574,106,6,3699.39,4,4,5,445,4.33,Champions
CUST-08505,106,7,1470.29,4,4,3,443,3.67,Loyal Customers
CUST-08099,106,7,1978.17,4,4,3,443,3.67,Loyal Customers
CUST-09815,106,7,2246.48,4,5,4,454,4.33,Champions
CUST-10847,106,7,2265.4,4,5,4,454,4.33,Champions
CUST-09555,106,7,2303.3,4,5,4,454,4.33,Champions
CUST-06812,106,8,957.11,4,5,2,452,3.67,Potential Loyalists
CUST-11608,106,8,1269.16,4,5,2,452,3.67,Potential Loyalists
CUST-00685,106,8,1683.75,4,5,3,453,4.0,Loyal Customers
CUST-06574,106,8,2112.65,4,5,4,454,4.33,Champions
CUST-12322,106,8,3079.91,4,5,5,455,4.67,Champions
CUST-01419,106,9,3191.11,4,5,5,455,4.67,Champions
CUST-09789,106,10,4183.85,4,5,5,455,4.67,Champions
CUST-06533,105,2,535.54,4,1,1,411,2.0,New Customers
CUST-06713,105,2,1389.12,4,1,2,412,2.33,New Customers
CUST-09639,105,3,387.85,4,1,1,411,2.0,New Customers
CUST-02155,105,3,687.27,4,1,1,411,2.0,New Customers
CUST-12520,105,3,1487.71,4,2,3,423,3.0,New Customers
CUST-04970,105,3,1789.65,4,2,3,423,3.0,New Customers
CUST-03548,105,3,2434.66,4,2,4,424,3.33,New Customers
CUST-14118,105,4,440.68,4,2,1,421,2.33,New Customers
CUST-05437,105,4,462.63,4,2,1,421,2.33,New Customers
CUST-12691,105,4,480.82,4,2,1,421,2.33,New Customers
CUST-06510,105,4,880.17,4,2,2,422,2.67,New Customers
CUST-12988,105,4,1055.47,4,2,2,422,2.67,New Customers
CUST-13316,105,4,1382.18,4,2,2,422,2.67,New Customers
CUST-08310,105,4,1535.01,4,2,3,423,3.0,New Customers
CUST-08274,105,4,2517.88,4,3,4,434,3.67,Potential Loyalists
CUST-00201,105,5,1127.08,4,3,2,432,3.0,Potential Loyalists
CUST-04311,105,5,1172.71,4,3,2,432,3.0,Potential Loyalists
CUST-14707,105,5,1577.08,4,3,3,433,3.33,Potential Loyalists
CUST-09114,105,5,2867.33,4,3,4,434,3.67,Potential Loyalists
CUST-12823,105,5,3013.81,4,3,5,435,4.0,Potential Loyalists
CUST-07864,105,6,1587.05,4,4,3,443,3.67,Loyal Customers
CUST-07778,105,6,2741.28,4,4,4,444,4.0,Champions
CUST-12639,105,6,2922.3,4,4,4,444,4.0,Champions
CUST-05991,105,6,3978.59,4,4,5,445,4.33,Champions
CUST-08501,105,6,4140.18,4,4,5,445,4.33,Champions
CUST-05086,105,7,1616.89,4,4,3,443,3.67,Loyal Customers
CUST-05662,105,7,2745.74,4,5,4,454,4.33,Champions
CUST-06419,105,7,3067.89,4,5,5,455,4.67,Champions
CUST-14263,105,7,3077.12,4,5,5,455,4.67,Champions
CUST-12378,105,7,4100.37,4,5,5,455,4.67,Champions
CUST-04180,105,7,4263.9,4,5,5,455,4.67,Champions
CUST-06479,105,10,3101.47,4,5,5,455,4.67,Champions
CUST-12941,105,12,4213.17,4,5,5,455,4.67,Champions
CUST-01161,104,2,278.88,4,1,1,411,2.0,New Customers
CUST-11941,104,2,347.58,4,1,1,411,2.0,New Customers
CUST-01253,104,3,329.62,4,1,1,411,2.0,New Customers
CUST-10680,104,3,773.6,4,1,2,412,2.33,New Customers
CUST-07891,104,3,774.54,4,1,2,412,2.33,New Customers
CUST-00254,104,3,780.38,4,1,2,412,2.33,New Customers
CUST-12981,104,3,938.53,4,1,2,412,2.33,New Customers
CUST-10943,104,3,1085.28,4,2,2,422,2.67,New Customers
CUST-04498,104,3,1619.96,4,2,3,423,3.0,New Customers
CUST-07927,104,4,414.89,4,2,1,421,2.33,New Customers
CUST-02167,104,4,1702.03,4,2,3,423,3.0,New Customers
CUST-05721,104,5,701.54,4,3,1,431,2.67,Potential Loyalists
CUST-06045,104,5,830.63,4,3,2,432,3.0,Potential Loyalists
CUST-10882,104,5,967.8,4,3,2,432,3.0,Potential Loyalists
CUST-10264,104,5,1159.56,4,3,2,432,3.0,Potential Loyalists
CUST-09458,104,5,1215.68,4,3,2,432,3.0,Potential Loyalists
CUST-03236,104,5,1618.08,4,3,3,433,3.33,Potential Loyalists
CUST-06842,104,5,1895.53,4,3,3,433,3.33,Potential Loyalists
CUST-04490,104,5,3568.77,4,3,5,435,4.0,Potential Loyalists
CUST-03178,104,6,1569.51,4,4,3,443,3.67,Loyal Customers
CUST-06456,104,6,1697.83,4,4,3,443,3.67,Loyal Customers
CUST-01552,104,6,1749.14,4,4,3,443,3.67,Loyal Customers
CUST-06010,104,6,1974.49,4,4,3,443,3.67,Loyal Customers
CUST-07983,104,6,2780.06,4,4,4,444,4.0,Champions
CUST-11789,104,6,3214.45,4,4,5,445,4.33,Champions
CUST-10504,104,6,3340.58,4,4,5,445,4.33,Champions
CUST-05360,104,6,4113.54,4,4,5,445,4.33,Champions
CUST-08460,104,7,1391.44,4,4,2,442,3.33,Potential Loyalists
CUST-13677,104,7,2239.24,4,5,4,454,4.33,Champions
CUST-08130,104,7,2263.17,4,5,4,454,4.33,Champions
CUST-05338,104,7,2591.52,4,5,4,454,4.33,Champions
CUST-05083,104,8,2574.22,4,5,4,454,4.33,Champions
CUST-11638,104,8,5209.31,4,5,5,455,4.67,Champions
CUST-01616,104,8,5212.92,4,5,5,455,4.67,Champions
CUST-11460,104,9,3182.25,4,5,5,455,4.67,Champions
CUST-10324,104,11,2922.75,4,5,4,454,4.33,Champions
CUST-10946,103,2,2404.42,4,1,4,414,3.0,New Customers
CUST-13740,103,3,303.84,4,1,1,411,2.0,New Customers
CUST-03556,103,3,407.36,4,1,1,411,2.0,New Customers
CUST-09801,103,3,1345.01,4,2,2,422,2.67,New Customers
CUST-04270,103,3,3344.21,4,2,5,425,3.67,New Customers
CUST-12360,103,4,836.96,4,2,2,422,2.67,New Customers
CUST-13148,103,4,2131.31,4,2,4,424,3.33,New Customers
CUST-11271,103,4,2670.27,4,3,4,434,3.67,Potential Loyalists
CUST-11045,103,5,992.64,4,3,2,432,3.0,Potential Loyalists
CUST-01345,103,5,1297.94,4,3,2,432,3.0,Potential Loyalists
CUST-09277,103,5,1303.98,4,3,2,432,3.0,Potential Loyalists
CUST-03550,103,5,1366.61,4,3,2,432,3.0,Potential Loyalists
CUST-13227,103,5,2468.31,4,3,4,434,3.67,Potential Loyalists
CUST-02891,103,6,454.63,4,4,1,441,3.0,Potential Loyalists
CUST-03764,103,6,2427.41,4,4,4,444,4.0,Champions
CUST-12178,103,6,4411.63,4,4,5,445,4.33,Champions
CUST-08714,103,7,656.51,4,4,1,441,3.0,Potential Loyalists
CUST-08021,103,7,1283.37,4,4,2,442,3.33,Potential Loyalists
CUST-05544,103,7,1635.58,4,4,3,443,3.67,Loyal Customers
CUST-13391,103,7,1715.79,4,4,3,443,3.67,Loyal Customers
CUST-05029,103,7,1828.55,4,4,3,443,3.67,Loyal Customers
CUST-09735,103,7,1891.93,4,4,3,443,3.67,Loyal Customers
CUST-10234,103,7,1973.93,4,4,3,443,3.67,Loyal Customers
CUST-02633,103,7,2145.28,4,5,4,454,4.33,Champions
CUST-09968,103,7,2579.93,4,5,4,454,4.33,Champions
CUST-09777,103,7,3136.29,4,5,5,455,4.67,Champions
CUST-04901,103,7,4087.97,4,5,5,455,4.67,Champions
CUST-10483,103,7,5414.14,4,5,5,455,4.67,Champions
CUST-06112,103,8,2440.35,4,5,4,454,4.33,Champions
CUST-03565,103,8,2657.06,4,5,4,454,4.33,Champions
CUST-04566,103,9,739.24,4,5,1,451,3.33,Potential Loyalists
CUST-03742,103,9,7887.14,4,5,5,455,4.67,Champions
CUST-02553,103,10,4655.56,4,5,5,455,4.67,Champions
CUST-14028,102,2,1867.6,4,1,3,413,2.67,New Customers
CUST-07619,102,3,2107.09,4,2,4,424,3.33,New Customers
CUST-02003,102,3,2915.02,4,2,4,424,3.33,New Customers
CUST-12093,102,3,3924.79,4,2,5,425,3.67,New Customers
CUST-10619,102,3,4101.88,4,2,5,425,3.67,New Customers
CUST-11031,102,4,275.58,4,2,1,421,2.33,New Customers
CUST-02088,102,4,315.56,4,2,1,421,2.33,New Customers
CUST-00055,102,4,684.78,4,2,1,421,2.33,New Customers
CUST-09762,102,4,705.75,4,2,1,421,2.33,New Customers
CUST-03471,102,4,1263.2,4,2,2,422,2.67,New Customers
CUST-06051,102,4,1733.53,4,2,3,423,3.0,New Customers
CUST-02565,102,4,1914.18,4,2,3,423,3.0,New Customers
CUST-00256,102,4,2159.08,4,2,4,424,3.33,New Customers
CUST-06007,102,5,1450.66,4,3,3,433,3.33,Potential Loyalists
CUST-00221,102,5,2114.9,4,3,4,434,3.67,Potential Loyalists
CUST-04993,102,5,2516.08,4,3,4,434,3.67,Potential Loyalists
CUST-09299,102,5,2520.07,4,3,4,434,3.67,Potential Loyalists
CUST-04576,102,5,3075.54,4,3,5,435,4.0,Potential Loyalists
CUST-11220,102,5,3094.73,4,3,5,435,4.0,Potential Loyalists
CUST-08822,102,6,929.09,4,4,2,442,3.33,Potential Loyalists
CUST-08884,102,6,1188.83,4,4,2,442,3.33,Potential Loyalists
CUST-14921,102,6,2247.14,4,4,4,444,4.0,Champions
CUST-03736,102,6,2395.45,4,4,4,444,4.0,Champions
CUST-02343,102,6,5397.82,4,4,5,445,4.33,Champions
CUST-08483,102,7,940.3,4,4,2,442,3.33,Potential Loyalists
CUST-05233,102,7,1381.6,4,4,2,442,3.33,Potential Loyalists
CUST-14234,102,7,2690.76,4,5,4,454,4.33,Champions
CUST-09456,102,7,3088.55,4,5,5,455,4.67,Champions
CUST-03464,102,8,1672.53,4,5,3,453,4.0,Loyal Customers
CUST-12014,102,8,2190.99,4,5,4,454,4.33,Champions
CUST-03219,102,8,2789.73,4,5,4,454,4.33,Champions
CUST-04151,102,8,3598.1,4,5,5,455,4.67,Champions
CUST-04367,102,8,5904.52,4,5,5,455,4.67,Champions
CUST-09598,102,10,2488.29,4,5,4,454,4.33,Champions
CUST-07243,102,10,5188.99,4,5,5,455,4.67,Champions
CUST-10142,102,11,3808.65,4,5,5,455,4.67,Champions
CUST-01064,101,2,548.0,4,1,1,411,2.0,New Customers
CUST-13473,101,2,842.64,4,1,2,412,2.33,New Customers
CUST-14982,101,3,284.04,4,1,1,411,2.0,New Customers
CUST-04293,101,3,323.56,4,1,1,411,2.0,New Customers
CUST-10397,101,3,578.25,4,1,1,411,2.0,New Customers
CUST-09924,101,3,913.91,4,1,2,412,2.33,New Customers
CUST-05269,101,4,556.82,4,2,1,421,2.33,New Customers
CUST-07284,101,4,1058.0,4,2,2,422,2.67,New Customers
CUST-14016,101,4,1377.41,4,2,2,422,2.67,New Customers
CUST-05873,101,4,1543.5,4,2,3,423,3.0,New Customers
CUST-08823,101,4,2581.94,4,3,4,434,3.67,Potential Loyalists
CUST-09477,101,4,4229.44,4,3,5,435,4.0,Potential Loyalists
CUST-13357,101,5,769.47,4,3,2,432,3.0,Potential Loyalists
CUST-00078,101,5,1352.84,4,3,2,432,3.0,Potential Loyalists
CUST-04171,101,5,1862.62,4,3,3,433,3.33,Potential Loyalists
CUST-04307,101,5,2053.17,4,3,3,433,3.33,Potential Loyalists
CUST-10529,101,5,2190.77,4,3,4,434,3.67,Potential Loyalists
CUST-12397,101,5,2196.72,4,3,4,434,3.67,Potential Loyalists
CUST-14738,101,5,2234.35,4,3,4,434,3.67,Potential Loyalists
CUST-13217,101,5,2774.78,4,3,4,434,3.67,Potential Loyalists
CUST-08734,101,5,3661.93,4,3,5,435,4.0,Potential Loyalists
CUST-08408,101,6,720.33,4,4,1,441,3.0,Potential Loyalists
CUST-05981,101,6,1421.62,4,4,3,443,3.67,Loyal Customers
CUST-02598,101,6,1965.99,4,4,3,443,3.67,Loyal Customers
CUST-05763,101,6,1981.99,4,4,3,443,3.67,Loyal Customers
CUST-03291,101,6,2125.48,4,4,4,444,4.0,Champions
CUST-07498,101,6,2329.46,4,4,4,444,4.0,Champions
CUST-04663,101,6,2664.01,4,4,4,444,4.0,Champions
CUST-13778,101,6,2761.44,4,4,4,444,4.0,Champions
CUST-09796,101,6,3108.44,4,4,5,445,4.33,Champions
CUST-14621,101,7,1595.99,4,4,3,443,3.67,Loyal Customers
CUST-05208,101,7,1660.53,4,4,3,443,3.67,Loyal Customers
CUST-01520,101,7,1672.52,4,4,3,443,3.67,Loyal Customers
CUST-07534,101,7,2388.6,4,5,4,454,4.33,Champions
CUST-00036,101,7,2879.62,4,5,4,454,4.33,Champions
CUST-11416,101,7,2906.61,4,5,4,454,4.33,Champions
CUST-05752,101,7,3208.3,4,5,5,455,4.67,Champions
CUST-08690,101,7,3599.54,4,5,5,455,4.67,Champions
CUST-13670,101,8,2530.18,4,5,4,454,4.33,Champions
CUST-10413,101,8,2746.14,4,5,4,454,4.33,Champions
CUST-05805,101,8,4208.44,4,5,5,455,4.67,Champions
CUST-05022,100,2,165.84,4,1,1,411,2.0,New Customers
CUST-04377,100,2,172.21,4,1,1,411,2.0,New Customers
CUST-09795,100,2,258.1,4,1,1,411,2.0,New Customers
CUST-01924,100,2,722.44,4,1,1,411,2.0,New Customers
CUST-02406,100,2,991.3,4,1,2,412,2.33,New Customers
CUST-12987,100,2,1269.85,4,1,2,412,2.33,New Customers
CUST-11261,100,3,223.92,4,1,1,411,2.0,New Customers
CUST-04743,100,3,394.64,4,1,1,411,2.0,New Customers
CUST-14782,100,3,513.22,4,1,1,411,2.0,New Customers
CUST-14140,100,3,1796.22,4,2,3,423,3.0,New Customers
CUST-03061,100,3,2494.73,4,2,4,424,3.33,New Customers
CUST-04679,100,3,2874.39,4,2,4,424,3.33,New Customers
CUST-03300,100,4,480.46,4,2,1,421,2.33,New Customers
CUST-11652,100,4,959.58,4,2,2,422,2.67,New Customers
CUST-00152,100,4,974.76,4,2,2,422,2.67,New Customers
CUST-07183,100,4,1078.4,4,2,2,422,2.67,New Customers
CUST-08561,100,4,1268.17,4,2,2,422,2.67,New Customers
CUST-12148,100,4,1372.93,4,2,2,422,2.67,New Customers
CUST-04028,100,4,2012.61,4,2,3,423,3.0,New Customers
CUST-13579,100,4,2091.84,4,2,4,424,3.33,New Customers
CUST-11779,100,4,2421.03,4,3,4,434,3.67,Potential Loyalists
CUST-02091,100,5,923.66,4,3,2,432,3.0,Potential Loyalists
CUST-04854,100,5,1116.17,4,3,2,432,3.0,Potential Loyalists
CUST-10515,100,5,1269.47,4,3,2,432,3.0,Potential Loyalists
CUST-05026,100,5,1754.35,4,3,3,433,3.33,Potential Loyalists
CUST-03378,100,5,1858.1,4,3,3,433,3.33,Potential Loyalists
CUST-09743,100,5,2276.32,4,3,4,434,3.67,Potential Loyalists
CUST-13674,100,6,977.81,4,4,2,442,3.33,Potential Loyalists
CUST-02161,100,6,1286.79,4,4,2,442,3.33,Potential Loyalists
CUST-12668,100,6,1489.79,4,4,3,443,3.67,Loyal Customers
CUST-06487,100,6,2629.98,4,4,4,444,4.0,Champions
CUST-08055,100,7,1783.73,4,4,3,443,3.67,Loyal Customers
CUST-06346,100,7,2113.74,4,5,4,454,4.33,Champions
CUST-04895,100,7,2127.62,4,5,4,454,4.33,Champions
CUST-14761,100,7,2678.3,4,5,4,454,4.33,Champions
CUST-03102,100,7,3105.29,4,5,5,455,4.67,Champions
CUST-01407,100,7,4218.62,4,5,5,455,4.67,Champions
CUST-00041,100,8,1675.05,4,5,3,453,4.0,Loyal Customers
CUST-00563,100,8,3884.75,4,5,5,455,4.67,Champions
CUST-11825,100,9,4259.72,4,5,5,455,4.67,Champions
CUST-12895,100,9,4369.14,4,5,5,455,4.67,Champions
CUST-08056,100,10,1878.92,4,5,3,453,4.0,Loyal Customers
CUST-09088,100,10,3593.1,4,5,5,455,4.67,Champions
CUST-07407,100,12,3548.0,4,5,5,455,4.67,Champions
CUST-02526,99,2,77.5,4,1,1,411,2.0,New Customers
CUST-10733,99,2,185.18,4,1,1,411,2.0,New Customers
CUST-07556,99,2,617.68,4,1,1,411,2.0,New Customers
CUST-06267,99,2,881.76,4,1,2,412,2.33,New Customers
CUST-10403,99,2,1525.48,4,1,3,413,2.67,New Customers
CUST-09218,99,3,680.73,4,1,1,411,2.0,New Customers
CUST-05406,99,3,694.59,4,1,1,411,2.0,New Customers
CUST-07079,99,3,830.02,4,1,2,412,2.33,New Customers
CUST-07792,99,3,879.99,4,1,2,412,2.33,New Customers
CUST-08753,99,3,1116.43,4,2,2,422,2.67,New Customers
CUST-07661,99,3,3594.75,4,2,5,425,3.67,New Customers
CUST-09821,99,3,3898.34,4,2,5,425,3.67,New Customers
CUST-12211,99,4,538.52,4,2,1,421,2.33,New Customers
CUST-11430,99,4,1530.7,4,2,3,423,3.0,New Customers
CUST-08110,99,4,1960.84,4,2,3,423,3.0,New Customers
CUST-10275,99,4,2278.7,4,2,4,424,3.33,New Customers
CUST-09994,99,4,2610.91,4,3,4,434,3.67,Potential Loyalists
CUST-13813,99,5,467.95,4,3,1,431,2.67,Potential Loyalists
CUST-01202,99,5,908.43,4,3,2,432,3.0,Potential Loyalists
CUST-00013,99,5,980.57,4,3,2,432,3.0,Potential Loyalists
CUST-06342,99,5,1101.55,4,3,2,432,3.0,Potential Loyalists
CUST-11040,99,5,1141.2,4,3,2,432,3.0,Potential Loyalists
CUST-00655,99,5,1772.13,4,3,3,433,3.33,Potential Loyalists
CUST-09116,99,5,1845.17,4,3,3,433,3.33,Potential Loyalists
CUST-07350,99,5,2191.58,4,3,4,434,3.67,Potential Loyalists
CUST-01535,99,5,2385.98,4,3,4,434,3.67,Potential Loyalists
CUST-04792,99,5,2787.3,4,3,4,434,3.67,Potential Loyalists
CUST-10763,99,5,3747.51,4,4,5,445,4.33,Champions
CUST-00590,99,6,1303.79,4,4,2,442,3.33,Potential Loyalists
CUST-03035,99,6,1324.37,4,4,2,442,3.33,Potential Loyalists
CUST-07704,99,6,1635.73,4,4,3,443,3.67,Loyal Customers
CUST-11198,99,6,1726.03,4,4,3,443,3.67,Loyal Customers
CUST-01855,99,6,1973.9,4,4,3,443,3.67,Loyal Customers
CUST-01623,99,6,2145.09,4,4,4,444,4.0,Champions
CUST-02385,99,6,2928.89,4,4,4,444,4.0,Champions
CUST-05906,99,6,4428.52,4,4,5,445,4.33,Champions
CUST-04863,99,7,1744.71,4,4,3,443,3.67,Loyal Customers
CUST-06117,99,7,2966.9,4,5,4,454,4.33,Champions
CUST-14623,99,7,3507.37,4,5,5,455,4.67,Champions
CUST-11286,99,8,1599.46,4,5,3,453,4.0,Loyal Customers
CUST-06535,99,8,3348.6,4,5,5,455,4.67,Champions
CUST-10863,99,8,3661.54,4,5,5,455,4.67,Champions
CUST-07254,99,8,4400.74,4,5,5,455,4.67,Champions
CUST-00405,98,2,86.34,4,1,1,411,2.0,New Customers
CUST-09251,98,2,98.27,4,1,1,411,2.0,New Customers
CUST-07052,98,2,254.27,4,1,1,411,2.0,New Customers
CUST-08399,98,2,671.73,4,1,1,411,2.0,New Customers
CUST-13254,98,3,101.88,4,1,1,411,2.0,New Customers
CUST-08799,98,3,318.34,4,1,1,411,2.0,New Customers
CUST-14327,98,3,398.1,4,1,1,411,2.0,New Customers
CUST-02373,98,3,547.07,4,1,1,411,2.0,New Customers
CUST-10685,98,3,1162.3,4,2,2,422,2.67,New Customers
CUST-06380,98,4,711.31,4,2,1,421,2.33,New Customers
CUST-14750,98,4,1480.11,4,2,3,423,3.0,New Customers
CUST-11951,98,4,1649.31,4,2,3,423,3.0,New Customers
CUST-10843,98,4,2083.09,4,2,4,424,3.33,New Customers
CUST-07678,98,4,2622.15,4,3,4,434,3.67,Potential Loyalists
CUST-02476,98,5,589.21,4,3,1,431,2.67,Potential Loyalists
CUST-14713,98,5,1013.21,4,3,2,432,3.0,Potential Loyalists
CUST-00063,98,6,1084.21,4,4,2,442,3.33,Potential Loyalists
CUST-04703,98,6,1197.34,4,4,2,442,3.33,Potential Loyalists
CUST-07607,98,6,1456.46,4,4,3,443,3.67,Loyal Customers
CUST-02645,98,6,1752.75,4,4,3,443,3.67,Loyal Customers
CUST-06619,98,6,2232.6,4,4,4,444,4.0,Champions
CUST-14867,98,6,2287.97,4,4,4,444,4.0,Champions
CUST-09216,98,6,3300.16,4,4,5,445,4.33,Champions
CUST-14605,98,7,1975.33,4,4,3,443,3.67,Loyal Customers
CUST-02920,98,7,3169.54,4,5,5,455,4.67,Champions
CUST-12516,98,7,4135.62,4,5,5,455,4.67,Champions
CUST-14183,98,7,4757.95,4,5,5,455,4.67,Champions
CUST-05341,98,7,5664.53,4,5,5,455,4.67,Champions
CUST-00936,98,8,1550.82,4,5,3,453,4.0,Loyal Customers
CUST-03709,98,8,1849.91,4,5,3,453,4.0,Loyal Customers
CUST-09450,98,8,2190.13,4,5,4,454,4.33,Champions
CUST-03079,98,8,2618.44,4,5,4,454,4.33,Champions
CUST-09499,98,9,1625.2,4,5,3,453,4.0,Loyal Customers
CUST-01700,98,12,5241.84,4,5,5,455,4.67,Champions
CUST-10224,97,2,427.36,4,1,1,411,2.0,New Customers
CUST-02002,97,2,1664.1,4,1,3,413,2.67,New Customers
CUST-14162,97,2,3507.38,4,1,5,415,3.33,New Customers
CUST-04214,97,3,357.48,4,1,1,411,2.0,New Customers
CUST-06558,97,4,781.7,4,2,2,422,2.67,New Customers
CUST-10578,97,4,931.99,4,2,2,422,2.67,New Customers
CUST-01075,97,4,1116.3,4,2,2,422,2.67,New Customers
CUST-05335,97,4,1541.12,4,2,3,423,3.0,New Customers
CUST-14210,97,4,1640.6,4,2,3,423,3.0,New Customers
CUST-11101,97,4,2213.14,4,2,4,424,3.33,New Customers
CUST-11731,97,4,2260.78,4,2,4,424,3.33,New Customers
CUST-13376,97,4,2383.77,4,3,4,434,3.67,Potential Loyalists
CUST-10857,97,4,2751.22,4,3,4,434,3.67,Potential Loyalists
CUST-10542,97,5,645.47,4,3,1,431,2.67,Potential Loyalists
CUST-08575,97,5,1204.93,4,3,2,432,3.0,Potential Loyalists
CUST-08535,97,5,1392.17,4,3,3,433,3.33,Potential Loyalists
CUST-01873,97,5,1554.21,4,3,3,433,3.33,Potential Loyalists
CUST-02679,97,5,1557.53,4,3,3,433,3.33,Potential Loyalists
CUST-09076,97,5,2598.95,4,3,4,434,3.67,Potential Loyalists
CUST-05811,97,5,3480.19,4,3,5,435,4.0,Potential Loyalists
CUST-03478,97,6,481.19,4,4,1,441,3.0,Potential Loyalists
CUST-02890,97,6,2275.02,4,4,4,444,4.0,Champions
CUST-14475,97,6,2529.93,4,4,4,444,4.0,Champions
CUST-07432,97,6,3779.63,4,4,5,445,4.33,Champions
CUST-04543,97,6,3974.09,4,4,5,445,4.33,Champions
CUST-03829,97,7,1146.65,4,4,2,442,3.33,Potential Loyalists
CUST-14518,97,7,1554.64,4,4,3,443,3.67,Loyal Customers
CUST-14692,97,7,1722.72,4,4,3,443,3.67,Loyal Customers
CUST-09484,97,8,2561.02,4,5,4,454,4.33,Champions
CUST-10835,97,8,3557.41,4,5,5,455,4.67,Champions
CUST-12708,97,9,3325.92,4,5,5,455,4.67,Champions
CUST-12790,96,2,272.68,4,1,1,411,2.0,New Customers
CUST-05322,96,2,386.76,4,1,1,411,2.0,New Customers
CUST-14461,96,2,566.97,4,1,1,411,2.0,New Customers
CUST-14008,96,2,574.4,4,1,1,411,2.0,New Customers
CUST-10153,96,3,507.94,4,1,1,411,2.0,New Customers
CUST-14914,96,3,843.3,4,1,2,412,2.33,New Customers
CUST-13038,96,3,1660.39,4,2,3,423,3.0,New Customers
CUST-00819,96,3,3421.36,4,2,5,425,3.67,New Customers
CUST-07386,96,4,578.82,4,2,1,421,2.33,New Customers
CUST-03871,96,4,901.58,4,2,2,422,2.67,New Customers
CUST-10156,96,4,1264.55,4,2,2,422,2.67,New Customers
CUST-07676,96,4,2728.75,4,3,4,434,3.67,Potential Loyalists
CUST-04727,96,5,964.2,4,3,2,432,3.0,Potential Loyalists
CUST-00838,96,5,1149.5,4,3,2,432,3.0,Potential Loyalists
CUST-08602,96,5,1415.29,4,3,3,433,3.33,Potential Loyalists
CUST-08306,96,5,1446.22,4,3,3,433,3.33,Potential Loyalists
CUST-03682,96,5,1470.47,4,3,3,433,3.33,Potential Loyalists
CUST-13760,96,5,1698.73,4,3,3,433,3.33,Potential Loyalists
CUST-08812,96,5,2075.36,4,3,4,434,3.67,Potential Loyalists
CUST-11392,96,5,2320.61,4,3,4,434,3.67,Potential Loyalists
CUST-14596,96,6,1743.21,4,4,3,443,3.67,Loyal Customers
CUST-13463,96,6,2080.22,4,4,4,444,4.0,Champions
CUST-14945,96,6,2197.42,4,4,4,444,4.0,Champions
CUST-00640,96,6,2267.05,4,4,4,444,4.0,Champions
CUST-06644,96,6,5078.86,4,4,5,445,4.33,Champions
CUST-07836,96,7,915.76,4,4,2,442,3.33,Potential Loyalists
CUST-12675,96,7,954.16,4,4,2,442,3.33,Potential Loyalists
CUST-13317,96,7,995.78,4,4,2,442,3.33,Potential Loyalists
CUST-07193,96,7,2274.26,4,5,4,454,4.33,Champions
CUST-09339,96,7,2340.0,4,5,4,454,4.33,Champions
CUST-05884,96,7,2450.74,4,5,4,454,4.33,Champions
CUST-10661,96,7,3401.76,4,5,5,455,4.67,Champions
CUST-14175,96,8,1923.33,4,5,3,453,4.0,Loyal Customers
CUST-04874,96,8,4023.63,4,5,5,455,4.67,Champions
CUST-07564,96,9,2003.85,4,5,3,453,4.0,Loyal Customers
CUST-00837,96,9,3652.62,4,5,5,455,4.67,Champions
CUST-03163,96,9,4286.1,4,5,5,455,4.67,Champions
CUST-07180,96,10,4156.32,4,5,5,455,4.67,Champions
CUST-08656,96,11,2924.53,4,5,4,454,4.33,Champions
CUST-13568,96,11,3947.4,4,5,5,455,4.67,Champions
CUST-12932,95,2,153.66,4,1,1,411,2.0,New Customers
CUST-03720,95,2,1397.45,4,1,3,413,2.67,New Customers
CUST-03369,95,2,1771.04,4,1,3,413,2.67,New Customers
CUST-07523,95,3,571.47,4,1,1,411,2.0,New Customers
CUST-02035,95,3,615.25,4,1,1,411,2.0,New Customers
CUST-13032,95,3,654.22,4,1,1,411,2.0,New Customers
CUST-06754,95,3,710.19,4,1,1,411,2.0,New Customers
CUST-10681,95,3,1802.93,4,2,3,423,3.0,New Customers
CUST-08157,95,3,1916.13,4,2,3,423,3.0,New Customers
CUST-06067,95,3,2142.68,4,2,4,424,3.33,New Customers
CUST-14388,95,4,382.69,4,2,1,421,2.33,New Customers
CUST-13515,95,4,662.16,4,2,1,421,2.33,New Customers
CUST-02380,95,4,850.89,4,2,2,422,2.67,New Customers
CUST-07338,95,4,1298.25,4,2,2,422,2.67,New Customers
CUST-10550,95,5,574.31,4,3,1,431,2.67,Potential Loyalists
CUST-01285,95,5,671.27,4,3,1,431,2.67,Potential Loyalists
CUST-06486,95,5,696.72,4,3,1,431,2.67,Potential Loyalists
CUST-09226,95,5,734.17,4,3,1,431,2.67,Potential Loyalists
CUST-12226,95,5,1421.77,4,3,3,433,3.33,Potential Loyalists
CUST-07182,95,5,1746.84,4,3,3,433,3.33,Potential Loyalists
CUST-10422,95,5,1881.84,4,3,3,433,3.33,Potential Loyalists
CUST-02774,95,5,1983.42,4,3,3,433,3.33,Potential Loyalists
CUST-14484,95,5,2157.84,4,3,4,434,3.67,Potential Loyalists
CUST-13597,95,5,2629.62,4,3,4,434,3.67,Potential Loyalists
CUST-02325,95,6,602.51,4,4,1,441,3.0,Potential Loyalists
CUST-14937,95,6,5579.69,4,4,5,445,4.33,Champions
CUST-10538,95,7,731.8,4,4,1,441,3.0,Potential Loyalists
CUST-04987,95,7,1042.59,4,4,2,442,3.33,Potential Loyalists
CUST-05502,95,7,1287.82,4,4,2,442,3.33,Potential Loyalists
CUST-05531,95,7,3404.54,4,5,5,455,4.67,Champions
CUST-11467,95,7,3506.96,4,5,5,455,4.67,Champions
CUST-04057,95,7,3697.53,4,5,5,455,4.67,Champions
CUST-05212,95,7,3738.99,4,5,5,455,4.67,Champions
CUST-06023,95,7,4248.96,4,5,5,455,4.67,Champions
CUST-11569,95,8,2076.41,4,5,4,454,4.33,Champions
CUST-12314,95,8,2503.42,4,5,4,454,4.33,Champions
CUST-13215,95,8,2595.35,4,5,4,454,4.33,Champions
CUST-11641,95,8,3354.97,4,5,5,455,4.67,Champions
CUST-09826,95,9,3917.53,4,5,5,455,4.67,Champions
CUST-09090,95,9,4735.74,4,5,5,455,4.67,Champions
CUST-07689,95,9,5195.46,4,5,5,455,4.67,Champions
CUST-04675,94,2,2340.93,4,1,4,414,3.0,New Customers
CUST-03149,94,3,182.43,4,1,1,411,2.0,New Customers
CUST-13988,94,3,402.66,4,1,1,411,2.0,New Customers
CUST-00902,94,3,411.0,4,1,1,411,2.0,New Customers
CUST-10034,94,4,415.17,4,2,1,421,2.33,New Customers
CUST-07519,94,4,866.22,4,2,2,422,2.67,New Customers
CUST-12733,94,4,1380.43,4,2,2,422,2.67,New Customers
CUST-04593,94,4,1555.21,4,2,3,423,3.0,New Customers
CUST-09290,94,4,1848.1,4,2,3,423,3.0,New Customers
CUST-07041,94,4,2697.66,4,3,4,434,3.67,Potential Loyalists
CUST-13408,94,5,842.09,4,3,2,432,3.0,Potential Loyalists
CUST-08477,94,5,901.78,4,3,2,432,3.0,Potential Loyalists
CUST-10868,94,5,1310.62,4,3,2,432,3.0,Potential Loyalists
CUST-05608,94,5,1537.21,4,3,3,433,3.33,Potential Loyalists
CUST-08800,94,5,2653.78,4,3,4,434,3.67,Potential Loyalists
CUST-14523,94,5,2773.68,4,3,4,434,3.67,Potential Loyalists
CUST-13211,94,5,4164.05,4,4,5,445,4.33,Champions
CUST-10751,94,6,685.6,4,4,1,441,3.0,Potential Loyalists
CUST-12273,94,6,1780.49,4,4,3,443,3.67,Loyal Customers
CUST-12781,94,6,3000.26,4,4,4,444,4.0,Champions
CUST-02398,94,7,667.26,4,4,1,441,3.0,Potential Loyalists
CUST-05290,94,7,3007.82,4,5,5,455,4.67,Champions
CUST-07091,94,8,1295.38,4,5,2,452,3.67,Potential Loyalists
CUST-10074,94,8,2349.82,4,5,4,454,4.33,Champions
CUST-02209,94,8,3635.27,4,5,5,455,4.67,Champions
CUST-03654,94,10,1458.85,4,5,3,453,4.0,Loyal Customers
CUST-08268,94,10,2477.03,4,5,4,454,4.33,Champions
CUST-04025,94,12,4155.78,4,5,5,455,4.67,Champions
CUST-13265,93,2,451.31,4,1,1,411,2.0,New Customers
CUST-04161,93,2,703.55,4,1,1,411,2.0,New Customers
CUST-06061,93,2,1172.04,4,1,2,412,2.33,New Customers
CUST-02685,93,3,1145.87,4,2,2,422,2.67,New Customers
CUST-00572,93,3,1351.29,4,2,2,422,2.67,New Customers
CUST-08507,93,3,2045.93,4,2,3,423,3.0,New Customers
CUST-07727,93,3,3093.51,4,2,5,425,3.67,New Customers
CUST-07975,93,4,673.12,4,2,1,421,2.33,New Customers
CUST-05836,93,4,975.67,4,2,2,422,2.67,New Customers
CUST-05703,93,4,2274.69,4,2,4,424,3.33,New Customers
CUST-05139,93,5,1345.43,4,3,2,432,3.0,Potential Loyalists
CUST-00639,93,5,1391.58,4,3,2,432,3.0,Potential Loyalists
CUST-02787,93,5,1455.59,4,3,3,433,3.33,Potential Loyalists
CUST-07198,93,5,1511.98,4,3,3,433,3.33,Potential Loyalists
CUST-06552,93,5,1742.67,4,3,3,433,3.33,Potential Loyalists
CUST-00714,93,5,2735.54,4,3,4,434,3.67,Potential Loyalists
CUST-12385,93,5,5498.05,4,4,5,445,4.33,Champions
CUST-09776,93,6,720.57,4,4,1,441,3.0,Potential Loyalists
CUST-03674,93,6,770.23,4,4,2,442,3.33,Potential Loyalists
CUST-12402,93,6,1444.98,4,4,3,443,3.67,Loyal Customers
CUST-07382,93,6,2011.15,4,4,3,443,3.67,Loyal Customers
CUST-11580,93,6,2461.54,4,4,4,444,4.0,Champions
CUST-03310,93,6,2854.61,4,4,4,444,4.0,Champions
CUST-07838,93,6,3643.78,4,4,5,445,4.33,Champions
CUST-05397,93,7,1623.44,4,4,3,443,3.67,Loyal Customers
CUST-10369,93,7,2996.35,4,5,4,454,4.33,Champions
CUST-12105,93,7,3291.63,4,5,5,455,4.67,Champions
CUST-02574,93,7,3445.78,4,5,5,455,4.67,Champions
CUST-04581,93,7,3841.28,4,5,5,455,4.67,Champions
CUST-14718,93,7,3999.81,4,5,5,455,4.67,Champions
CUST-01257,93,7,4155.04,4,5,5,455,4.67,Champions
CUST-13198,93,7,4365.42,4,5,5,455,4.67,Champions
CUST-04604,93,7,5101.19,4,5,5,455,4.67,Champions
CUST-01817,93,8,1233.1,4,5,2,452,3.67,Potential Loyalists
CUST-08547,93,8,1764.1,4,5,3,453,4.0,Loyal Customers
CUST-07244,93,8,3317.24,4,5,5,455,4.67,Champions
CUST-06502,93,9,3166.09,4,5,5,455,4.67,Champions
CUST-13016,92,2,348.42,4,1,1,411,2.0,New Customers
CUST-13913,92,2,1208.94,4,1,2,412,2.33,New Customers
CUST-08916,92,2,1499.31,4,1,3,413,2.67,New Customers
CUST-08546,92,3,250.85,4,1,1,411,2.0,New Customers
CUST-12599,92,3,399.63,4,1,1,411,2.0,New Customers
CUST-06266,92,3,476.48,4,1,1,411,2.0,New Customers
CUST-00010,92,3,751.42,4,1,1,411,2.0,New Customers
CUST-01105,92,3,1112.13,4,2,2,422,2.67,New Customers
CUST-07554,92,3,1198.52,4,2,2,422,2.67,New Customers
CUST-08538,92,3,1379.6,4,2,2,422,2.67,New Customers
CUST-00946,92,3,1405.35,4,2,3,423,3.0,New Customers
CUST-08984,92,3,1832.45,4,2,3,423,3.0,New Customers
CUST-14776,92,3,1861.34,4,2,3,423,3.0,New Customers
CUST-13485,92,4,515.94,4,2,1,421,2.33,New Customers
CUST-14169,92,4,541.68,4,2,1,421,2.33,New Customers
CUST-14346,92,4,670.86,4,2,1,421,2.33,New Customers
CUST-05483,92,4,721.0,4,2,1,421,2.33,New Customers
CUST-01089,92,4,1113.65,4,2,2,422,2.67,New Customers
CUST-02722,92,4,1444.53,4,2,3,423,3.0,New Customers
CUST-13260,92,4,1747.26,4,2,3,423,3.0,New Customers
CUST-12627,92,4,1872.05,4,2,3,423,3.0,New Customers
CUST-06740,92,4,2579.5,4,3,4,434,3.67,Potential Loyalists
CUST-04266,92,5,1065.53,4,3,2,432,3.0,Potential Loyalists
CUST-13041,92,5,1562.07,4,3,3,433,3.33,Potential Loyalists
CUST-12640,92,5,1725.58,4,3,3,433,3.33,Potential Loyalists
CUST-07611,92,5,1755.69,4,3,3,433,3.33,Potential Loyalists
CUST-10933,92,5,1918.08,4,3,3,433,3.33,Potential Loyalists
CUST-13871,92,5,2342.29,4,3,4,434,3.67,Potential Loyalists
CUST-01910,92,5,2486.33,4,3,4,434,3.67,Potential Loyalists
CUST-07356,92,5,2979.13,4,3,4,434,3.67,Potential Loyalists
CUST-04821,92,5,3606.72,4,3,5,435,4.0,Potential Loyalists
CUST-14440,92,6,1693.08,4,4,3,443,3.67,Loyal Customers
CUST-06545,92,6,2354.66,4,4,4,444,4.0,Champions
CUST-01992,92,6,2437.4,4,4,4,444,4.0,Champions
CUST-14754,92,6,2440.79,4,4,4,444,4.0,Champions
CUST-01944,92,6,2469.18,4,4,4,444,4.0,Champions
CUST-08430,92,6,2875.49,4,4,4,444,4.0,Champions
CUST-12827,92,7,1134.24,4,4,2,442,3.33,Potential Loyalists
CUST-02079,92,7,1484.56,4,4,3,443,3.67,Loyal Customers
CUST-09401,92,7,1706.99,4,4,3,443,3.67,Loyal Customers
CUST-10648,92,7,2105.51,4,5,4,454,4.33,Champions
CUST-02864,92,7,2565.14,4,5,4,454,4.33,Champions
CUST-04790,92,7,2568.38,4,5,4,454,4.33,Champions
CUST-04742,92,7,2598.6,4,5,4,454,4.33,Champions
CUST-01772,92,7,3864.55,4,5,5,455,4.67,Champions
CUST-04325,92,8,1058.94,4,5,2,452,3.67,Potential Loyalists
CUST-02589,92,8,1836.24,4,5,3,453,4.0,Loyal Customers
CUST-08272,92,8,2049.28,4,5,3,453,4.0,Loyal Customers
CUST-03946,92,8,4672.73,4,5,5,455,4.67,Champions
CUST-14966,92,8,5116.05,4,5,5,455,4.67,Champions
CUST-01249,92,9,4195.28,4,5,5,455,4.67,Champions
CUST-13887,92,12,6368.21,4,5,5,455,4.67,Champions
CUST-05554,91,2,307.89,4,1,1,411,2.0,New Customers
CUST-13856,91,2,543.73,4,1,1,411,2.0,New Customers
CUST-07157,91,2,1280.17,4,1,2,412,2.33,New Customers
CUST-11795,91,2,2068.61,4,1,3,413,2.67,New Customers
CUST-09028,91,3,573.9,4,1,1,411,2.0,New Customers
CUST-03943,91,3,916.02,4,1,2,412,2.33,New Customers
CUST-11391,91,3,1803.98,4,2,3,423,3.0,New Customers
CUST-13144,91,4,1273.79,4,2,2,422,2.67,New Customers
CUST-08864,91,4,1598.58,4,2,3,423,3.0,New Customers
CUST-01145,91,4,1709.93,4,2,3,423,3.0,New Customers
CUST-13459,91,4,2003.57,4,2,3,423,3.0,New Customers
CUST-04633,91,4,3644.85,4,3,5,435,4.0,Potential Loyalists
CUST-02706,91,4,3754.3,4,3,5,435,4.0,Potential Loyalists
CUST-14304,91,5,938.48,4,3,2,432,3.0,Potential Loyalists
CUST-12264,91,5,1012.29,4,3,2,432,3.0,Potential Loyalists
CUST-01143,91,5,3416.08,4,3,5,435,4.0,Potential Loyalists
CUST-11704,91,5,3458.38,4,3,5,435,4.0,Potential Loyalists
CUST-08593,91,6,837.72,4,4,2,442,3.33,Potential Loyalists
CUST-13255,91,6,1500.6,4,4,3,443,3.67,Loyal Customers
CUST-00093,91,6,2347.88,4,4,4,444,4.0,Champions
CUST-05837,91,6,2998.09,4,4,4,444,4.0,Champions
CUST-03945,91,6,5050.16,4,4,5,445,4.33,Champions
CUST-07412,91,7,986.35,4,4,2,442,3.33,Potential Loyalists
CUST-01787,91,7,3399.87,4,5,5,455,4.67,Champions
CUST-02550,91,7,5672.3,4,5,5,455,4.67,Champions
CUST-01246,91,8,3270.36,4,5,5,455,4.67,Champions
CUST-08563,91,8,3515.16,4,5,5,455,4.67,Champions
CUST-03722,91,8,3896.21,4,5,5,455,4.67,Champions
CUST-01227,91,8,4157.4,4,5,5,455,4.67,Champions
CUST-14331,91,8,4385.54,4,5,5,455,4.67,Champions
CUST-04211,91,9,2669.35,4,5,4,454,4.33,Champions
CUST-01567,91,9,3748.32,4,5,5,455,4.67,Champions
CUST-14266,91,9,4545.64,4,5,5,455,4.67,Champions
CUST-08188,90,2,542.35,4,1,1,411,2.0,New Customers
CUST-11815,90,2,843.75,4,1,2,412,2.33,New Customers
CUST-05279,90,2,1783.82,4,1,3,413,2.67,New Customers
CUST-05016,90,3,183.12,4,1,1,411,2.0,New Customers
CUST-06326,90,3,452.89,4,1,1,411,2.0,New Customers
CUST-06769,90,3,2287.13,4,2,4,424,3.33,New Customers
CUST-03427,90,3,3557.04,4,2,5,425,3.67,New Customers
CUST-12543,90,4,1392.96,4,2,3,423,3.0,New Customers
CUST-03876,90,4,1663.36,4,2,3,423,3.0,New Customers
CUST-14528,90,4,1745.15,4,2,3,423,3.0,New Customers
CUST-04857,90,4,2768.67,4,3,4,434,3.67,Potential Loyalists
CUST-05627,90,4,3025.19,4,3,5,435,4.0,Potential Loyalists
CUST-07397,90,5,1436.42,4,3,3,433,3.33,Potential Loyalists
CUST-14448,90,5,1699.4,4,3,3,433,3.33,Potential Loyalists
CUST-06699,90,5,3042.26,4,3,5,435,4.0,Potential Loyalists
CUST-06522,90,6,257.14,4,4,1,441,3.0,Potential Loyalists
CUST-07515,90,6,557.54,4,4,1,441,3.0,Potential Loyalists
CUST-06403,90,6,1016.43,4,4,2,442,3.33,Potential Loyalists
CUST-00219,90,6,1130.32,4,4,2,442,3.33,Potential Loyalists
CUST-01949,90,6,1276.46,4,4,2,442,3.33,Potential Loyalists
CUST-03796,90,6,1641.64,4,4,3,443,3.67,Loyal Customers
CUST-12395,90,6,1693.66,4,4,3,443,3.67,Loyal Customers
CUST-01299,90,6,1708.02,4,4,3,443,3.67,Loyal Customers
CUST-05724,90,6,1754.29,4,4,3,443,3.67,Loyal Customers
CUST-10174,90,6,2386.59,4,4,4,444,4.0,Champions
CUST-04625,90,6,2537.17,4,4,4,444,4.0,Champions
CUST-10112,90,6,3379.53,4,4,5,445,4.33,Champions
CUST-09164,90,6,3425.4,4,4,5,445,4.33,Champions
CUST-11222,90,6,3639.71,4,4,5,445,4.33,Champions
CUST-05386,90,6,3828.72,4,4,5,445,4.33,Champions
CUST-01908,90,7,1340.95,4,4,2,442,3.33,Potential Loyalists
CUST-07654,90,7,1527.32,4,4,3,443,3.67,Loyal Customers
CUST-00625,90,7,2023.19,4,4,3,443,3.67,Loyal Customers
CUST-14105,90,7,2040.46,4,4,3,443,3.67,Loyal Customers
CUST-11877,90,7,2069.34,4,5,3,453,4.0,Loyal Customers
CUST-11893,90,7,3002.23,4,5,4,454,4.33,Champions
CUST-09019,90,7,3554.84,4,5,5,455,4.67,Champions
CUST-01707,90,7,4871.26,4,5,5,455,4.67,Champions
CUST-03328,90,7,5582.65,4,5,5,455,4.67,Champions
CUST-00615,90,8,2138.04,4,5,4,454,4.33,Champions
CUST-07240,90,8,3039.51,4,5,5,455,4.67,Champions
CUST-11254,90,9,1282.1,4,5,2,452,3.67,Potential Loyalists
CUST-08871,90,9,3318.75,4,5,5,455,4.67,Champions
CUST-04474,90,9,3339.01,4,5,5,455,4.67,Champions
CUST-11166,90,9,3945.63,4,5,5,455,4.67,Champions
CUST-11554,90,10,1910.0,4,5,3,453,4.0,Loyal Customers
CUST-12361,89,2,492.76,4,1,1,411,2.0,New Customers
CUST-00666,89,3,347.99,4,1,1,411,2.0,New Customers
CUST-02231,89,3,463.31,4,1,1,411,2.0,New Customers
CUST-08142,89,3,717.17,4,1,1,411,2.0,New Customers
CUST-08849,89,4,925.59,4,2,2,422,2.67,New Customers
CUST-04297,89,4,1115.89,4,2,2,422,2.67,New Customers
CUST-05470,89,4,1185.63,4,2,2,422,2.67,New Customers
CUST-03082,89,4,1646.7,4,2,3,423,3.0,New Customers
CUST-02717,89,4,2168.36,4,2,4,424,3.33,New Customers
CUST-05391,89,4,2197.81,4,2,4,424,3.33,New Customers
CUST-12749,89,4,2366.68,4,2,4,424,3.33,New Customers
CUST-07482,89,4,2378.34,4,2,4,424,3.33,New Customers
CUST-11490,89,4,2574.08,4,3,4,434,3.67,Potential Loyalists
CUST-06166,89,5,520.45,4,3,1,431,2.67,Potential Loyalists
CUST-14270,89,5,1092.2,4,3,2,432,3.0,Potential Loyalists
CUST-00959,89,5,1175.03,4,3,2,432,3.0,Potential Loyalists
CUST-12590,89,5,1574.42,4,3,3,433,3.33,Potential Loyalists
CUST-06618,89,5,1672.51,4,3,3,433,3.33,Potential Loyalists
CUST-10212,89,5,1925.13,4,3,3,433,3.33,Potential Loyalists
CUST-05175,89,5,2060.16,4,3,3,433,3.33,Potential Loyalists
CUST-03610,89,6,947.02,4,4,2,442,3.33,Potential Loyalists
CUST-12139,89,6,1039.01,4,4,2,442,3.33,Potential Loyalists
CUST-13593,89,6,1081.68,4,4,2,442,3.33,Potential Loyalists
CUST-10038,89,6,1099.7,4,4,2,442,3.33,Potential Loyalists
CUST-07012,89,6,1134.55,4,4,2,442,3.33,Potential Loyalists
CUST-02655,89,6,1379.98,4,4,2,442,3.33,Potential Loyalists
CUST-12028,89,6,1521.52,4,4,3,443,3.67,Loyal Customers
CUST-10075,89,6,1816.77,4,4,3,443,3.67,Loyal Customers
CUST-11977,89,6,2362.48,4,4,4,444,4.0,Champions
CUST-01625,89,6,2475.36,4,4,4,444,4.0,Champions
CUST-06212,89,6,2832.45,4,4,4,444,4.0,Champions
CUST-07492,89,6,2982.25,4,4,4,444,4.0,Champions
CUST-09824,89,7,865.58,4,4,2,442,3.33,Potential Loyalists
CUST-14052,89,7,1887.63,4,4,3,443,3.67,Loyal Customers
CUST-08226,89,7,2298.55,4,5,4,454,4.33,Champions
CUST-04899,89,7,2729.75,4,5,4,454,4.33,Champions
CUST-12890,89,7,3527.38,4,5,5,455,4.67,Champions
CUST-12099,89,8,2845.14,4,5,4,454,4.33,Champions
CUST-03854,89,8,3697.73,4,5,5,455,4.67,Champions
CUST-11843,89,8,4974.41,4,5,5,455,4.67,Champions
CUST-03837,89,9,1718.34,4,5,3,453,4.0,Loyal Customers
CUST-06904,89,9,2675.56,4,5,4,454,4.33,Champions
CUST-00603,89,9,3867.98,4,5,5,455,4.67,Champions
CUST-06990,89,9,4151.44,4,5,5,455,4.67,Champions
CUST-09694,89,10,5234.26,4,5,5,455,4.67,Champions
CUST-12233,88,2,349.13,4,1,1,411,2.0,New Customers
CUST-06611,88,2,1048.13,4,1,2,412,2.33,New Customers
CUST-13790,88,3,391.42,4,1,1,411,2.0,New Customers
CUST-00082,88,3,1190.04,4,2,2,422,2.67,New Customers
CUST-05849,88,4,402.41,4,2,1,421,2.33,New Customers
CUST-04852,88,4,440.77,4,2,1,421,2.33,New Customers
CUST-05650,88,4,508.91,4,2,1,421,2.33,New Customers
CUST-04015,88,4,756.59,4,2,2,422,2.67,New Customers
CUST-00904,88,4,1700.9,4,2,3,423,3.0,New Customers
CUST-07645,88,4,1778.83,4,2,3,423,3.0,New Customers
CUST-01602,88,4,1900.11,4,2,3,423,3.0,New Customers
CUST-01934,88,4,2093.62,4,2,4,424,3.33,New Customers
CUST-10434,88,4,3279.46,4,3,5,435,4.0,Potential Loyalists
CUST-08708,88,5,705.57,4,3,1,431,2.67,Potential Loyalists
CUST-00097,88,5,1298.88,4,3,2,432,3.0,Potential Loyalists
CUST-12450,88,5,1599.0,4,3,3,433,3.33,Potential Loyalists
CUST-09173,88,5,1743.53,4,3,3,433,3.33,Potential Loyalists
CUST-10884,88,5,2001.05,4,3,3,433,3.33,Potential Loyalists
CUST-08040,88,5,3084.25,4,3,5,435,4.0,Potential Loyalists
CUST-08750,88,6,1118.56,4,4,2,442,3.33,Potential Loyalists
CUST-14132,88,6,1268.56,4,4,2,442,3.33,Potential Loyalists
CUST-04088,88,6,2062.6,4,4,3,443,3.67,Loyal Customers
CUST-08131,88,6,2484.83,4,4,4,444,4.0,Champions
CUST-12055,88,6,2570.02,4,4,4,444,4.0,Champions
CUST-11667,88,7,970.49,4,4,2,442,3.33,Potential Loyalists
CUST-03962,88,7,2109.22,4,5,4,454,4.33,Champions
CUST-01128,88,7,3724.46,4,5,5,455,4.67,Champions
CUST-02374,88,7,4918.88,4,5,5,455,4.67,Champions
CUST-03575,88,7,6917.17,4,5,5,455,4.67,Champions
CUST-10890,88,8,2772.47,4,5,4,454,4.33,Champions
CUST-14691,88,8,3821.19,4,5,5,455,4.67,Champions
CUST-11714,88,8,4558.97,4,5,5,455,4.67,Champions
CUST-02243,88,8,5267.67,4,5,5,455,4.67,Champions
CUST-12849,88,9,4242.8,4,5,5,455,4.67,Champions
CUST-11143,88,10,3761.73,4,5,5,455,4.67,Champions
CUST-11167,88,12,5534.36,4,5,5,455,4.67,Champions
CUST-05916,87,2,333.26,4,1,1,411,2.0,New Customers
CUST-12176,87,2,493.37,4,1,1,411,2.0,New Customers
CUST-10152,87,2,2272.04,4,1,4,414,3.0,New Customers
CUST-13849,87,3,873.96,4,1,2,412,2.33,New Customers
CUST-05933,87,3,2043.65,4,2,3,423,3.0,New Customers
CUST-12631,87,4,367.64,4,2,1,421,2.33,New Customers
CUST-12266,87,4,685.42,4,2,1,421,2.33,New Customers
CUST-11187,87,4,736.91,4,2,1,421,2.33,New Customers
CUST-09101,87,4,769.52,4,2,2,422,2.67,New Customers
CUST-13725,87,4,942.48,4,2,2,422,2.67,New Customers
CUST-01630,87,4,954.0,4,2,2,422,2.67,New Customers
CUST-01610,87,4,2232.09,4,2,4,424,3.33,New Customers
CUST-11260,87,4,3089.82,4,3,5,435,4.0,Potential Loyalists
CUST-02348,87,4,3587.62,4,3,5,435,4.0,Potential Loyalists
CUST-01475,87,5,930.6,4,3,2,432,3.0,Potential Loyalists
CUST-12004,87,5,1831.44,4,3,3,433,3.33,Potential Loyalists
CUST-10090,87,5,1869.39,4,3,3,433,3.33,Potential Loyalists
CUST-10979,87,5,2670.14,4,3,4,434,3.67,Potential Loyalists
CUST-04273,87,5,2931.3,4,3,4,434,3.67,Potential Loyalists
CUST-14301,87,6,1160.59,4,4,2,442,3.33,Potential Loyalists
CUST-02075,87,6,1832.63,4,4,3,443,3.67,Loyal Customers
CUST-10331,87,6,2048.13,4,4,3,443,3.67,Loyal Customers
CUST-01334,87,6,2234.25,4,4,4,444,4.0,Champions
CUST-14311,87,6,2392.44,4,4,4,444,4.0,Champions
CUST-11844,87,6,2493.19,4,4,4,444,4.0,Champions
CUST-12947,87,6,2503.81,4,4,4,444,4.0,Champions
CUST-06671,87,6,3261.41,4,4,5,445,4.33,Champions
CUST-07811,87,6,3625.01,4,4,5,445,4.33,Champions
CUST-04107,87,6,3739.23,4,4,5,445,4.33,Champions
CUST-05190,87,6,4155.47,4,4,5,445,4.33,Champions
CUST-02183,87,6,4739.48,4,4,5,445,4.33,Champions
CUST-05924,87,7,1804.74,4,4,3,443,3.67,Loyal Customers
CUST-02765,87,7,2454.92,4,5,4,454,4.33,Champions
CUST-05318,87,7,2808.35,4,5,4,454,4.33,Champions
CUST-12548,87,7,2860.32,4,5,4,454,4.33,Champions
CUST-02604,87,7,3690.0,4,5,5,455,4.67,Champions
CUST-12901,87,7,4171.16,4,5,5,455,4.67,Champions
CUST-09804,87,7,4292.08,4,5,5,455,4.67,Champions
CUST-09108,87,8,2653.33,4,5,4,454,4.33,Champions
CUST-08773,87,8,2833.5,4,5,4,454,4.33,Champions
CUST-06978,87,8,4954.42,4,5,5,455,4.67,Champions
CUST-13230,87,9,1343.49,4,5,2,452,3.67,Potential Loyalists
CUST-01732,87,9,2958.12,4,5,4,454,4.33,Champions
CUST-06710,87,9,3331.25,4,5,5,455,4.67,Champions
CUST-00414,87,9,5523.77,4,5,5,455,4.67,Champions
CUST-01205,87,9,5927.21,4,5,5,455,4.67,Champions
CUST-03125,87,10,3243.13,4,5,5,455,4.67,Champions
CUST-08140,86,2,137.5,4,1,1,411,2.0,New Customers
CUST-03049,86,2,353.77,4,1,1,411,2.0,New Customers
CUST-06375,86,2,610.18,4,1,1,411,2.0,New Customers
CUST-08964,86,3,885.29,4,1,2,412,2.33,New Customers
CUST-14406,86,3,1616.22,4,2,3,423,3.0,New Customers
CUST-14630,86,3,2493.36,4,2,4,424,3.33,New Customers
CUST-09268,86,4,1997.01,4,2,3,423,3.0,New Customers
CUST-00149,86,4,2152.16,4,2,4,424,3.33,New Customers
CUST-04196,86,4,3815.76,4,3,5,435,4.0,Potential Loyalists
CUST-08615,86,5,785.98,4,3,2,432,3.0,Potential Loyalists
CUST-08375,86,5,1276.6,4,3,2,432,3.0,Potential Loyalists
CUST-10829,86,5,1309.82,4,3,2,432,3.0,Potential Loyalists
CUST-00565,86,5,1345.16,4,3,2,432,3.0,Potential Loyalists
CUST-14060,86,5,1763.99,4,3,3,433,3.33,Potential Loyalists
CUST-06358,86,5,1796.79,4,3,3,433,3.33,Potential Loyalists
CUST-02392,86,5,1971.54,4,3,3,433,3.33,Potential Loyalists
CUST-05928,86,5,2301.66,4,3,4,434,3.67,Potential Loyalists
CUST-09600,86,5,2540.44,4,3,4,434,3.67,Potential Loyalists
CUST-01261,86,5,2720.26,4,3,4,434,3.67,Potential Loyalists
CUST-09895,86,6,1354.59,4,4,2,442,3.33,Potential Loyalists
CUST-11997,86,6,1616.36,4,4,3,443,3.67,Loyal Customers
CUST-10664,86,6,1649.74,4,4,3,443,3.67,Loyal Customers
CUST-08983,86,6,1671.43,4,4,3,443,3.67,Loyal Customers
CUST-11646,86,6,1715.52,4,4,3,443,3.67,Loyal Customers
CUST-01206,86,6,2208.06,4,4,4,444,4.0,Champions
CUST-06877,86,6,2821.42,4,4,4,444,4.0,Champions
CUST-07739,86,6,3724.71,4,4,5,445,4.33,Champions
CUST-13832,86,7,522.98,4,4,1,441,3.0,Potential Loyalists
CUST-02303,86,7,1259.47,4,4,2,442,3.33,Potential Loyalists
CUST-06984,86,7,2427.28,4,5,4,454,4.33,Champions
CUST-00824,86,8,5373.4,4,5,5,455,4.67,Champions
CUST-05519,86,9,1569.85,4,5,3,453,4.0,Loyal Customers
CUST-09153,86,9,2646.48,4,5,4,454,4.33,Champions
CUST-00951,86,9,3174.76,4,5,5,455,4.67,Champions
CUST-01042,86,9,4367.52,4,5,5,455,4.67,Champions
CUST-08442,86,10,1621.58,4,5,3,453,4.0,Loyal Customers
CUST-12862,86,10,4618.77,4,5,5,455,4.67,Champions
CUST-07488,86,10,5874.82,4,5,5,455,4.67,Champions
CUST-01503,86,10,6580.31,4,5,5,455,4.67,Champions
CUST-00378,86,11,3054.97,4,5,5,455,4.67,Champions
CUST-00103,85,3,163.01,4,1,1,411,2.0,New Customers
CUST-03972,85,3,781.08,4,1,2,412,2.33,New Customers
CUST-01601,85,3,1080.68,4,2,2,422,2.67,New Customers
CUST-14745,85,3,1167.46,4,2,2,422,2.67,New Customers
CUST-04644,85,3,1498.62,4,2,3,423,3.0,New Customers
CUST-14975,85,3,1664.13,4,2,3,423,3.0,New Customers
CUST-10743,85,4,657.99,4,2,1,421,2.33,New Customers
CUST-10870,85,4,1995.03,4,2,3,423,3.0,New Customers
CUST-02249,85,4,2090.91,4,2,4,424,3.33,New Customers
CUST-14017,85,4,2445.31,4,3,4,434,3.67,Potential Loyalists
CUST-10666,85,4,2772.37,4,3,4,434,3.67,Potential Loyalists
CUST-14269,85,4,2874.85,4,3,4,434,3.67,Potential Loyalists
CUST-08567,85,5,1321.94,4,3,2,432,3.0,Potential Loyalists
CUST-02924,85,5,1601.02,4,3,3,433,3.33,Potential Loyalists
CUST-11891,85,5,1811.82,4,3,3,433,3.33,Potential Loyalists
CUST-04855,85,5,2064.66,4,3,3,433,3.33,Potential Loyalists
CUST-12353,85,5,2378.46,4,3,4,434,3.67,Potential Loyalists
CUST-07401,85,5,6389.54,4,4,5,445,4.33,Champions
CUST-03585,85,6,1352.06,4,4,2,442,3.33,Potential Loyalists
CUST-08388,85,6,1782.71,4,4,3,443,3.67,Loyal Customers
CUST-02333,85,6,2170.91,4,4,4,444,4.0,Champions
CUST-06921,85,6,2961.81,4,4,4,444,4.0,Champions
CUST-02369,85,6,3202.47,4,4,5,445,4.33,Champions
CUST-02069,85,7,2692.63,4,5,4,454,4.33,Champions
CUST-00433,85,7,2693.56,4,5,4,454,4.33,Champions
CUST-11184,85,7,3216.39,4,5,5,455,4.67,Champions
CUST-05398,85,7,3849.66,4,5,5,455,4.67,Champions
CUST-00391,85,7,3972.14,4,5,5,455,4.67,Champions
CUST-03019,85,8,1335.76,4,5,2,452,3.67,Potential Loyalists
CUST-05313,85,8,1621.19,4,5,3,453,4.0,Loyal Customers
CUST-13820,85,8,2616.35,4,5,4,454,4.33,Champions
CUST-00589,85,8,3503.6,4,5,5,455,4.67,Champions
CUST-03666,85,9,2942.85,4,5,4,454,4.33,Champions
CUST-03053,85,11,4616.31,4,5,5,455,4.67,Champions
CUST-08557,85,12,4560.18,4,5,5,455,4.67,Champions
CUST-05045,85,12,8853.39,4,5,5,455,4.67,Champions
CUST-06037,84,2,195.08,4,1,1,411,2.0,New Customers
CUST-10227,84,2,323.68,4,1,1,411,2.0,New Customers
CUST-11134,84,2,355.1,4,1,1,411,2.0,New Customers
CUST-09056,84,2,875.69,4,1,2,412,2.33,New Customers
CUST-13332,84,2,1769.39,4,1,3,413,2.67,New Customers
CUST-05034,84,3,1320.46,4,2,2,422,2.67,New Customers
CUST-04733,84,3,1489.21,4,2,3,423,3.0,New Customers
CUST-07986,84,4,631.99,4,2,1,421,2.33,New Customers
CUST-13651,84,4,759.56,4,2,2,422,2.67,New Customers
CUST-03190,84,4,2176.08,4,2,4,424,3.33,New Customers
CUST-04434,84,4,2535.72,4,3,4,434,3.67,Potential Loyalists
CUST-01572,84,4,3424.1,4,3,5,435,4.0,Potential Loyalists
CUST-09613,84,5,850.86,4,3,2,432,3.0,Potential Loyalists
CUST-11073,84,5,911.16,4,3,2,432,3.0,Potential Loyalists
CUST-13741,84,5,1255.21,4,3,2,432,3.0,Potential Loyalists
CUST-06637,84,5,1465.03,4,3,3,433,3.33,Potential Loyalists
CUST-10710,84,5,1577.07,4,3,3,433,3.33,Potential Loyalists
CUST-07753,84,5,1655.43,4,3,3,433,3.33,Potential Loyalists
CUST-09514,84,5,2714.81,4,3,4,434,3.67,Potential Loyalists
CUST-04427,84,6,1818.09,4,4,3,443,3.67,Loyal Customers
CUST-10257,84,6,1948.12,4,4,3,443,3.67,Loyal Customers
CUST-11729,84,6,2752.95,4,4,4,444,4.0,Champions
CUST-02718,84,6,2812.08,4,4,4,444,4.0,Champions
CUST-03015,84,7,1307.22,4,4,2,442,3.33,Potential Loyalists
CUST-01810,84,7,1697.93,4,4,3,443,3.67,Loyal Customers
CUST-07899,84,7,1946.49,4,4,3,443,3.67,Loyal Customers
CUST-06698,84,7,2411.92,4,5,4,454,4.33,Champions
CUST-06059,84,7,3111.74,4,5,5,455,4.67,Champions
CUST-07800,84,7,3243.88,4,5,5,455,4.67,Champions
CUST-07833,84,7,3980.17,4,5,5,455,4.67,Champions
CUST-11109,84,7,4895.75,4,5,5,455,4.67,Champions
CUST-04268,84,8,1203.76,4,5,2,452,3.67,Potential Loyalists
CUST-01247,84,8,3256.48,4,5,5,455,4.67,Champions
CUST-14701,84,8,3709.45,4,5,5,455,4.67,Champions
CUST-12819,84,10,2102.49,4,5,4,454,4.33,Champions
CUST-02332,84,10,3635.69,4,5,5,455,4.67,Champions
CUST-14844,84,10,5147.06,4,5,5,455,4.67,Champions
CUST-03731,83,2,285.89,4,1,1,411,2.0,New Customers
CUST-13885,83,2,2451.19,4,1,4,414,3.0,New Customers
CUST-09663,83,3,1278.37,4,2,2,422,2.67,New Customers
CUST-04292,83,3,1553.61,4,2,3,423,3.0,New Customers
CUST-06150,83,3,1800.69,4,2,3,423,3.0,New Customers
CUST-01690,83,4,548.33,4,2,1,421,2.33,New Customers
CUST-00137,83,4,755.38,4,2,2,422,2.67,New Customers
CUST-01518,83,4,1402.55,4,2,3,423,3.0,New Customers
CUST-05601,83,4,1810.29,4,2,3,423,3.0,New Customers
CUST-02899,83,4,2124.51,4,2,4,424,3.33,New Customers
CUST-06255,83,4,2609.76,4,3,4,434,3.67,Potential Loyalists
CUST-08504,83,4,3146.16,4,3,5,435,4.0,Potential Loyalists
CUST-01388,83,5,870.08,4,3,2,432,3.0,Potential Loyalists
CUST-08573,83,5,906.17,4,3,2,432,3.0,Potential Loyalists
CUST-00782,83,5,1088.18,4,3,2,432,3.0,Potential Loyalists
CUST-00474,83,5,1137.75,4,3,2,432,3.0,Potential Loyalists
CUST-06242,83,5,2890.52,4,3,4,434,3.67,Potential Loyalists
CUST-06634,83,5,3946.24,4,4,5,445,4.33,Champions
CUST-08204,83,5,6319.41,4,4,5,445,4.33,Champions
CUST-12911,83,6,692.13,4,4,1,441,3.0,Potential Loyalists
CUST-01622,83,6,853.08,4,4,2,442,3.33,Potential Loyalists
CUST-09577,83,6,979.86,4,4,2,442,3.33,Potential Loyalists
CUST-10440,83,6,1114.87,4,4,2,442,3.33,Potential Loyalists
CUST-12768,83,6,1401.37,4,4,3,443,3.67,Loyal Customers
CUST-13526,83,6,1765.4,4,4,3,443,3.67,Loyal Customers
CUST-00659,83,6,1856.33,4,4,3,443,3.67,Loyal Customers
CUST-02226,83,6,2084.64,4,4,4,444,4.0,Champions
CUST-12181,83,6,2567.29,4,4,4,444,4.0,Champions
CUST-10767,83,6,2882.71,4,4,4,444,4.0,Champions
CUST-07702,83,6,2905.34,4,4,4,444,4.0,Champions
CUST-06913,83,6,3850.28,4,4,5,445,4.33,Champions
CUST-10770,83,7,805.83,4,4,2,442,3.33,Potential Loyalists
CUST-01823,83,7,1256.72,4,4,2,442,3.33,Potential Loyalists
CUST-07258,83,7,1358.99,4,4,2,442,3.33,Potential Loyalists
CUST-03904,83,7,1673.2,4,4,3,443,3.67,Loyal Customers
CUST-08833,83,7,2512.12,4,5,4,454,4.33,Champions
CUST-06206,83,7,2748.43,4,5,4,454,4.33,Champions
CUST-14799,83,7,2898.99,4,5,4,454,4.33,Champions
CUST-00865,83,7,2922.88,4,5,4,454,4.33,Champions
CUST-07435,83,8,4963.78,4,5,5,455,4.67,Champions
CUST-09229,83,9,5136.98,4,5,5,455,4.67,Champions
CUST-08616,83,9,5279.7,4,5,5,455,4.67,Champions
CUST-10595,83,10,3734.45,4,5,5,455,4.67,Champions
CUST-05639,82,2,355.74,4,1,1,411,2.0,New Customers
CUST-13169,82,3,404.49,4,1,1,411,2.0,New Customers
CUST-03340,82,3,690.34,4,1,1,411,2.0,New Customers
CUST-04868,82,3,4118.26,4,2,5,425,3.67,New Customers
CUST-12367,82,4,672.9,4,2,1,421,2.33,New Customers
CUST-14700,82,4,741.93,4,2,1,421,2.33,New Customers
CUST-03716,82,4,752.27,4,2,1,421,2.33,New Customers
CUST-07524,82,4,921.2,4,2,2,422,2.67,New Customers
CUST-07419,82,4,1547.07,4,2,3,423,3.0,New Customers
CUST-04811,82,4,1634.46,4,2,3,423,3.0,New Customers
CUST-14006,82,4,2658.37,4,3,4,434,3.67,Potential Loyalists
CUST-04793,82,4,2857.99,4,3,4,434,3.67,Potential Loyalists
CUST-02451,82,4,3204.67,4,3,5,435,4.0,Potential Loyalists
CUST-14293,82,4,3843.92,4,3,5,435,4.0,Potential Loyalists
CUST-09162,82,5,199.5,4,3,1,431,2.67,Potential Loyalists
CUST-13087,82,5,444.03,4,3,1,431,2.67,Potential Loyalists
CUST-12613,82,5,775.72,4,3,2,432,3.0,Potential Loyalists
CUST-02848,82,5,795.79,4,3,2,432,3.0,Potential Loyalists
CUST-12565,82,5,886.21,4,3,2,432,3.0,Potential Loyalists
CUST-03005,82,5,1030.8,4,3,2,432,3.0,Potential Loyalists
CUST-14569,82,5,1689.36,4,3,3,433,3.33,Potential Loyalists
CUST-08012,82,5,1799.37,4,3,3,433,3.33,Potential Loyalists
CUST-07138,82,5,2283.03,4,3,4,434,3.67,Potential Loyalists
CUST-03135,82,5,2465.99,4,3,4,434,3.67,Potential Loyalists
CUST-08584,82,5,2525.16,4,3,4,434,3.67,Potential Loyalists
CUST-09667,82,5,2616.72,4,3,4,434,3.67,Potential Loyalists
CUST-10616,82,5,2750.36,4,3,4,434,3.67,Potential Loyalists
CUST-00220,82,5,2763.31,4,3,4,434,3.67,Potential Loyalists
CUST-00318,82,6,753.67,4,4,1,441,3.0,Potential Loyalists
CUST-03429,82,6,2030.82,4,4,3,443,3.67,Loyal Customers
CUST-13477,82,6,2067.22,4,4,3,443,3.67,Loyal Customers
CUST-07670,82,6,2089.11,4,4,4,444,4.0,Champions
CUST-06749,82,6,2307.46,4,4,4,444,4.0,Champions
CUST-00203,82,6,4343.89,4,4,5,445,4.33,Champions
CUST-01549,82,6,5368.9,4,4,5,445,4.33,Champions
CUST-06371,82,7,2438.76,4,5,4,454,4.33,Champions
CUST-04004,82,7,2966.5,4,5,4,454,4.33,Champions
CUST-14653,82,7,3032.48,4,5,5,455,4.67,Champions
CUST-00608,82,7,3573.36,4,5,5,455,4.67,Champions
CUST-14212,82,7,4162.19,4,5,5,455,4.67,Champions
CUST-08235,82,7,5168.49,4,5,5,455,4.67,Champions
CUST-06302,82,8,1096.52,4,5,2,452,3.67,Potential Loyalists
CUST-09976,82,8,2637.23,4,5,4,454,4.33,Champions
CUST-05324,82,8,3109.44,4,5,5,455,4.67,Champions
CUST-07555,82,8,3617.97,4,5,5,455,4.67,Champions
CUST-00741,82,8,6743.12,4,5,5,455,4.67,Champions
CUST-04643,82,9,3164.02,4,5,5,455,4.67,Champions
CUST-08407,82,9,3356.73,4,5,5,455,4.67,Champions
CUST-08564,82,9,5364.55,4,5,5,455,4.67,Champions
CUST-00635,82,10,3635.52,4,5,5,455,4.67,Champions
CUST-14522,81,2,1268.54,4,1,2,412,2.33,New Customers
CUST-00350,81,3,386.23,4,1,1,411,2.0,New Customers
CUST-03323,81,3,597.77,4,1,1,411,2.0,New Customers
CUST-02918,81,3,2432.33,4,2,4,424,3.33,New Customers
CUST-10986,81,4,684.9,4,2,1,421,2.33,New Customers
CUST-12224,81,4,734.38,4,2,1,421,2.33,New Customers
CUST-12637,81,4,940.23,4,2,2,422,2.67,New Customers
CUST-06121,81,4,1118.43,4,2,2,422,2.67,New Customers
CUST-10437,81,4,1447.75,4,2,3,423,3.0,New Customers
CUST-08332,81,4,1886.28,4,2,3,423,3.0,New Customers
CUST-10989,81,4,2572.9,4,3,4,434,3.67,Potential Loyalists
CUST-00357,81,5,453.29,4,3,1,431,2.67,Potential Loyalists
CUST-01669,81,5,704.27,4,3,1,431,2.67,Potential Loyalists
CUST-02958,81,5,980.44,4,3,2,432,3.0,Potential Loyalists
CUST-12410,81,5,1459.9,4,3,3,433,3.33,Potential Loyalists
CUST-01618,81,5,1540.61,4,3,3,433,3.33,Potential Loyalists
CUST-04210,81,5,1541.1,4,3,3,433,3.33,Potential Loyalists
CUST-08634,81,5,1698.5,4,3,3,433,3.33,Potential Loyalists
CUST-08924,81,5,1987.77,4,3,3,433,3.33,Potential Loyalists
CUST-12258,81,5,2203.55,4,3,4,434,3.67,Potential Loyalists
CUST-05306,81,5,3931.45,4,4,5,445,4.33,Champions
CUST-01793,81,6,759.63,4,4,2,442,3.33,Potential Loyalists
CUST-13168,81,6,1095.75,4,4,2,442,3.33,Potential Loyalists
CUST-00400,81,6,1869.8,4,4,3,443,3.67,Loyal Customers
CUST-05635,81,6,2107.77,4,4,4,444,4.0,Champions
CUST-02179,81,6,2330.95,4,4,4,444,4.0,Champions
CUST-11536,81,6,2675.44,4,4,4,444,4.0,Champions
CUST-13210,81,6,3035.75,4,4,5,445,4.33,Champions
CUST-12581,81,6,3180.46,4,4,5,445,4.33,Champions
CUST-09340,81,6,4651.79,4,4,5,445,4.33,Champions
CUST-01420,81,7,2132.92,4,5,4,454,4.33,Champions
CUST-07725,81,7,3132.05,4,5,5,455,4.67,Champions
CUST-14370,81,7,3618.75,4,5,5,455,4.67,Champions
CUST-13690,81,8,3568.33,4,5,5,455,4.67,Champions
CUST-02527,81,9,899.93,4,5,2,452,3.67,Potential Loyalists
CUST-10339,81,9,3122.07,4,5,5,455,4.67,Champions
CUST-08315,81,9,4829.56,4,5,5,455,4.67,Champions
CUST-01245,81,9,5352.62,4,5,5,455,4.67,Champions
CUST-12873,81,9,5512.49,4,5,5,455,4.67,Champions
CUST-14121,80,2,117.84,4,1,1,411,2.0,New Customers
CUST-10975,80,2,283.18,4,1,1,411,2.0,New Customers
CUST-07082,80,2,1997.24,4,1,3,413,2.67,New Customers
CUST-08200,80,3,394.16,4,1,1,411,2.0,New Customers
CUST-07870,80,3,836.73,4,1,2,412,2.33,New Customers
CUST-11921,80,3,3299.99,4,2,5,425,3.67,New Customers
CUST-10675,80,4,449.11,4,2,1,421,2.33,New Customers
CUST-04047,80,4,1047.71,4,2,2,422,2.67,New Customers
CUST-07273,80,4,2253.1,4,2,4,424,3.33,New Customers
CUST-01866,80,5,587.88,4,3,1,431,2.67,Potential Loyalists
CUST-00068,80,5,625.33,4,3,1,431,2.67,Potential Loyalists
CUST-08298,80,5,765.18,4,3,2,432,3.0,Potential Loyalists
CUST-13454,80,5,810.83,4,3,2,432,3.0,Potential Loyalists
CUST-09379,80,5,917.86,4,3,2,432,3.0,Potential Loyalists
CUST-14123,80,5,988.53,4,3,2,432,3.0,Potential Loyalists
CUST-02023,80,5,994.68,4,3,2,432,3.0,Potential Loyalists
CUST-11925,80,5,1329.35,4,3,2,432,3.0,Potential Loyalists
CUST-00251,80,5,1673.79,4,3,3,433,3.33,Potential Loyalists
CUST-14277,80,5,1774.72,4,3,3,433,3.33,Potential Loyalists
CUST-07660,80,5,1782.77,4,3,3,433,3.33,Potential Loyalists
CUST-01484,80,5,2150.21,4,3,4,434,3.67,Potential Loyalists
CUST-00269,80,5,2206.25,4,3,4,434,3.67,Potential Loyalists
CUST-12994,80,5,2339.49,4,3,4,434,3.67,Potential Loyalists
CUST-06797,80,5,2393.58,4,3,4,434,3.67,Potential Loyalists
CUST-02487,80,5,2867.21,4,3,4,434,3.67,Potential Loyalists
CUST-11988,80,5,3243.95,4,3,5,435,4.0,Potential Loyalists
CUST-01906,80,5,3478.02,4,3,5,435,4.0,Potential Loyalists
CUST-12506,80,6,1472.23,4,4,3,443,3.67,Loyal Customers
CUST-02737,80,6,2680.95,4,4,4,444,4.0,Champions
CUST-05877,80,6,2940.1,4,4,4,444,4.0,Champions
CUST-05719,80,6,3121.57,4,4,5,445,4.33,Champions
CUST-08661,80,6,4067.98,4,4,5,445,4.33,Champions
CUST-00943,80,6,4740.61,4,4,5,445,4.33,Champions
CUST-12871,80,7,1379.62,4,4,2,442,3.33,Potential Loyalists
CUST-03907,80,7,1871.71,4,4,3,443,3.67,Loyal Customers
CUST-00502,80,7,1894.44,4,4,3,443,3.67,Loyal Customers
CUST-02034,80,7,2287.22,4,5,4,454,4.33,Champions
CUST-13801,80,7,2931.1,4,5,4,454,4.33,Champions
CUST-11832,80,7,3295.36,4,5,5,455,4.67,Champions
CUST-01099,80,7,3432.88,4,5,5,455,4.67,Champions
CUST-13864,80,7,4404.58,4,5,5,455,4.67,Champions
CUST-10844,80,7,5352.49,4,5,5,455,4.67,Champions
CUST-13954,80,8,2602.36,4,5,4,454,4.33,Champions
CUST-03859,80,8,2880.65,4,5,4,454,4.33,Champions
CUST-08958,80,8,3007.6,4,5,5,455,4.67,Champions
CUST-01984,80,8,3501.08,4,5,5,455,4.67,Champions
CUST-06137,80,8,4483.13,4,5,5,455,4.67,Champions
CUST-05262,80,8,5021.32,4,5,5,455,4.67,Champions
CUST-08243,80,9,5350.6,4,5,5,455,4.67,Champions
CUST-09266,80,10,5228.51,4,5,5,455,4.67,Champions
CUST-02136,80,11,3136.13,4,5,5,455,4.67,Champions
CUST-03002,80,11,6978.2,4,5,5,455,4.67,Champions
CUST-06638,79,2,162.37,4,1,1,411,2.0,New Customers
CUST-14394,79,2,933.6,4,1,2,412,2.33,New Customers
CUST-09606,79,2,1070.79,4,1,2,412,2.33,New Customers
CUST-08050,79,2,1213.59,4,1,2,412,2.33,New Customers
CUST-13034,79,2,2899.14,4,1,4,414,3.0,New Customers
CUST-04463,79,3,641.0,4,1,1,411,2.0,New Customers
CUST-12728,79,3,926.58,4,1,2,412,2.33,New Customers
CUST-05259,79,3,985.68,4,1,2,412,2.33,New Customers
CUST-13641,79,3,1385.46,4,2,2,422,2.67,New Customers
CUST-04785,79,3,1553.78,4,2,3,423,3.0,New Customers
CUST-14236,79,3,1559.05,4,2,3,423,3.0,New Customers
CUST-10663,79,3,2686.49,4,2,4,424,3.33,New Customers
CUST-13774,79,3,2839.18,4,2,4,424,3.33,New Customers
CUST-05094,79,4,1192.93,4,2,2,422,2.67,New Customers
CUST-05652,79,4,1374.69,4,2,2,422,2.67,New Customers
CUST-08749,79,4,1495.72,4,2,3,423,3.0,New Customers
CUST-03640,79,4,1707.03,4,2,3,423,3.0,New Customers
CUST-13982,79,4,1899.8,4,2,3,423,3.0,New Customers
CUST-02698,79,4,2294.08,4,2,4,424,3.33,New Customers
CUST-12253,79,5,691.23,4,3,1,431,2.67,Potential Loyalists
CUST-05788,79,5,923.56,4,3,2,432,3.0,Potential Loyalists
CUST-00826,79,5,1423.09,4,3,3,433,3.33,Potential Loyalists
CUST-00125,79,5,1655.16,4,3,3,433,3.33,Potential Loyalists
CUST-12362,79,5,1700.3,4,3,3,433,3.33,Potential Loyalists
CUST-11934,79,5,1743.15,4,3,3,433,3.33,Potential Loyalists
CUST-06187,79,5,1806.14,4,3,3,433,3.33,Potential Loyalists
CUST-13606,79,5,2296.55,4,3,4,434,3.67,Potential Loyalists
CUST-08054,79,5,2536.43,4,3,4,434,3.67,Potential Loyalists
CUST-01329,79,5,2654.41,4,3,4,434,3.67,Potential Loyalists
CUST-06707,79,5,2820.56,4,3,4,434,3.67,Potential Loyalists
CUST-14443,79,5,2834.55,4,3,4,434,3.67,Potential Loyalists
CUST-02828,79,5,2995.41,4,3,4,434,3.67,Potential Loyalists
CUST-12474,79,5,3190.58,4,3,5,435,4.0,Potential Loyalists
CUST-07976,79,5,3767.11,4,4,5,445,4.33,Champions
CUST-07045,79,5,4833.63,4,4,5,445,4.33,Champions
CUST-00920,79,6,1977.08,4,4,3,443,3.67,Loyal Customers
CUST-01012,79,6,2226.72,4,4,4,444,4.0,Champions
CUST-14430,79,6,2375.31,4,4,4,444,4.0,Champions
CUST-08427,79,6,6153.29,4,4,5,445,4.33,Champions
CUST-02377,79,7,590.53,4,4,1,441,3.0,Potential Loyalists
CUST-07732,79,7,2361.5,4,5,4,454,4.33,Champions
CUST-13898,79,7,2514.15,4,5,4,454,4.33,Champions
CUST-11491,79,7,2778.12,4,5,4,454,4.33,Champions
CUST-14195,79,7,2802.57,4,5,4,454,4.33,Champions
CUST-12391,79,7,3033.08,4,5,5,455,4.67,Champions
CUST-01463,79,8,3506.02,4,5,5,455,4.67,Champions
CUST-14524,79,8,5305.31,4,5,5,455,4.67,Champions
CUST-08042,79,9,2802.87,4,5,4,454,4.33,Champions
CUST-09159,79,9,4127.39,4,5,5,455,4.67,Champions
CUST-14504,79,10,3549.83,4,5,5,455,4.67,Champions
CUST-03949,79,12,2671.33,4,5,4,454,4.33,Champions
CUST-02922,78,2,603.85,4,1,1,411,2.0,New Customers
CUST-04610,78,2,1148.75,4,1,2,412,2.33,New Customers
CUST-00134,78,3,472.46,4,1,1,411,2.0,New Customers
CUST-06642,78,3,479.01,4,1,1,411,2.0,New Customers
CUST-13909,78,3,716.36,4,1,1,411,2.0,New Customers
CUST-07201,78,3,782.19,4,1,2,412,2.33,New Customers
CUST-02669,78,3,909.22,4,1,2,412,2.33,New Customers
CUST-01305,78,3,1167.95,4,2,2,422,2.67,New Customers
CUST-00899,78,3,1452.68,4,2,3,423,3.0,New Customers
CUST-03994,78,3,3069.68,4,2,5,425,3.67,New Customers
CUST-05222,78,3,3296.81,4,2,5,425,3.67,New Customers
CUST-07181,78,4,1931.98,4,2,3,423,3.0,New Customers
CUST-12855,78,4,2749.44,4,3,4,434,3.67,Potential Loyalists
CUST-03074,78,5,677.1,4,3,1,431,2.67,Potential Loyalists
CUST-12761,78,5,841.71,4,3,2,432,3.0,Potential Loyalists
CUST-14096,78,5,1367.72,4,3,2,432,3.0,Potential Loyalists
CUST-04818,78,5,2495.99,4,3,4,434,3.67,Potential Loyalists
CUST-00547,78,5,2609.45,4,3,4,434,3.67,Potential Loyalists
CUST-01896,78,5,3024.32,4,3,5,435,4.0,Potential Loyalists
CUST-00518,78,6,2406.08,4,4,4,444,4.0,Champions
CUST-13070,78,6,3026.29,4,4,5,445,4.33,Champions
CUST-11259,78,6,3872.4,4,4,5,445,4.33,Champions
CUST-13612,78,6,4647.25,4,4,5,445,4.33,Champions
CUST-13681,78,7,1192.43,4,4,2,442,3.33,Potential Loyalists
CUST-10358,78,7,2277.93,4,5,4,454,4.33,Champions
CUST-10201,78,7,4344.07,4,5,5,455,4.67,Champions
CUST-03636,78,8,1994.65,4,5,3,453,4.0,Loyal Customers
CUST-12355,78,8,2600.17,4,5,4,454,4.33,Champions
CUST-05479,78,8,3580.41,4,5,5,455,4.67,Champions
CUST-13883,78,8,4344.54,4,5,5,455,4.67,Champions
CUST-02092,78,9,3843.33,4,5,5,455,4.67,Champions
CUST-01962,78,10,2177.65,4,5,4,454,4.33,Champions
CUST-04527,78,10,3527.48,4,5,5,455,4.67,Champions
CUST-08735,78,10,3539.6,4,5,5,455,4.67,Champions
CUST-11029,77,2,610.49,4,1,1,411,2.0,New Customers
CUST-10281,77,3,287.3,4,1,1,411,2.0,New Customers
CUST-03942,77,3,919.14,4,1,2,412,2.33,New Customers
CUST-11718,77,3,954.26,4,1,2,412,2.33,New Customers
CUST-04299,77,3,1355.25,4,2,2,422,2.67,New Customers
CUST-01844,77,3,1717.04,4,2,3,423,3.0,New Customers
CUST-04745,77,3,1732.08,4,2,3,423,3.0,New Customers
CUST-05751,77,3,1836.06,4,2,3,423,3.0,New Customers
CUST-10453,77,3,2588.93,4,2,4,424,3.33,New Customers
CUST-05793,77,4,434.38,4,2,1,421,2.33,New Customers
CUST-14496,77,4,2658.26,4,3,4,434,3.67,Potential Loyalists
CUST-10409,77,5,733.11,4,3,1,431,2.67,Potential Loyalists
CUST-06254,77,5,791.18,4,3,2,432,3.0,Potential Loyalists
CUST-13605,77,5,1172.81,4,3,2,432,3.0,Potential Loyalists
CUST-06892,77,5,1330.03,4,3,2,432,3.0,Potential Loyalists
CUST-12077,77,5,1371.47,4,3,2,432,3.0,Potential Loyalists
CUST-00072,77,5,1445.47,4,3,3,433,3.33,Potential Loyalists
CUST-06748,77,5,1695.72,4,3,3,433,3.33,Potential Loyalists
CUST-06233,77,5,1846.34,4,3,3,433,3.33,Potential Loyalists
CUST-00595,77,5,2129.05,4,3,4,434,3.67,Potential Loyalists
CUST-01288,77,5,2142.43,4,3,4,434,3.67,Potential Loyalists
CUST-02285,77,5,2414.56,4,3,4,434,3.67,Potential Loyalists
CUST-08808,77,5,2801.67,4,3,4,434,3.67,Potential Loyalists
CUST-02949,77,5,3447.62,4,3,5,435,4.0,Potential Loyalists
CUST-07084,77,5,4128.19,4,4,5,445,4.33,Champions
CUST-06516,77,5,6694.17,4,4,5,445,4.33,Champions
CUST-13534,77,6,1629.24,4,4,3,443,3.67,Loyal Customers
CUST-05945,77,6,1973.53,4,4,3,443,3.67,Loyal Customers
CUST-08135,77,6,3245.21,4,4,5,445,4.33,Champions
CUST-01985,77,6,3246.17,4,4,5,445,4.33,Champions
CUST-05621,77,6,3301.37,4,4,5,445,4.33,Champions
CUST-07148,77,6,3397.4,4,4,5,445,4.33,Champions
CUST-04553,77,6,3424.37,4,4,5,445,4.33,Champions
CUST-02159,77,6,3830.65,4,4,5,445,4.33,Champions
CUST-07222,77,6,5303.33,4,4,5,445,4.33,Champions
CUST-11983,77,7,1665.51,4,4,3,443,3.67,Loyal Customers
CUST-01689,77,7,2358.42,4,5,4,454,4.33,Champions
CUST-12530,77,7,2440.86,4,5,4,454,4.33,Champions
CUST-06879,77,7,3256.44,4,5,5,455,4.67,Champions
CUST-03270,77,7,4118.33,4,5,5,455,4.67,Champions
CUST-00490,77,7,4272.33,4,5,5,455,4.67,Champions
CUST-03078,77,8,1158.05,4,5,2,452,3.67,Potential Loyalists
CUST-14075,77,8,3603.58,4,5,5,455,4.67,Champions
CUST-03697,77,9,1809.07,4,5,3,453,4.0,Loyal Customers
CUST-09002,77,9,2616.93,4,5,4,454,4.33,Champions
CUST-05422,77,9,2993.34,4,5,4,454,4.33,Champions
CUST-01741,77,9,3064.57,4,5,5,455,4.67,Champions
CUST-13967,77,9,3944.39,4,5,5,455,4.67,Champions
CUST-14482,77,9,4261.14,4,5,5,455,4.67,Champions
CUST-00770,77,9,6902.29,4,5,5,455,4.67,Champions
CUST-06300,77,10,3179.68,4,5,5,455,4.67,Champions
CUST-02625,77,11,3928.23,4,5,5,455,4.67,Champions
CUST-00076,76,3,416.53,4,1,1,411,2.0,New Customers
CUST-05163,76,3,447.89,4,1,1,411,2.0,New Customers
CUST-06398,76,3,627.54,4,1,1,411,2.0,New Customers
CUST-13418,76,3,1062.73,4,1,2,412,2.33,New Customers
CUST-13400,76,3,1511.29,4,2,3,423,3.0,New Customers
CUST-06035,76,3,1591.03,4,2,3,423,3.0,New Customers
CUST-06234,76,4,624.5,4,2,1,421,2.33,New Customers
CUST-14549,76,4,762.95,4,2,2,422,2.67,New Customers
CUST-13285,76,4,820.71,4,2,2,422,2.67,New Customers
CUST-03411,76,4,872.92,4,2,2,422,2.67,New Customers
CUST-07757,76,4,1502.99,4,2,3,423,3.0,New Customers
CUST-13706,76,5,635.64,4,3,1,431,2.67,Potential Loyalists
CUST-11634,76,5,844.42,4,3,2,432,3.0,Potential Loyalists
CUST-10910,76,5,879.44,4,3,2,432,3.0,Potential Loyalists
CUST-04106,76,5,1205.5,4,3,2,432,3.0,Potential Loyalists
CUST-11228,76,5,1876.4,4,3,3,433,3.33,Potential Loyalists
CUST-13978,76,5,1964.13,4,3,3,433,3.33,Potential Loyalists
CUST-14231,76,5,2189.21,4,3,4,434,3.67,Potential Loyalists
CUST-04953,76,5,2213.3,4,3,4,434,3.67,Potential Loyalists
CUST-07484,76,5,2594.33,4,3,4,434,3.67,Potential Loyalists
CUST-10029,76,5,2634.18,4,3,4,434,3.67,Potential Loyalists
CUST-07688,76,5,2886.35,4,3,4,434,3.67,Potential Loyalists
CUST-04517,76,5,3388.09,4,3,5,435,4.0,Potential Loyalists
CUST-13809,76,5,4339.33,4,4,5,445,4.33,Champions
CUST-04215,76,6,1450.94,4,4,3,443,3.67,Loyal Customers
CUST-08706,76,6,1798.06,4,4,3,443,3.67,Loyal Customers
CUST-00430,76,6,1962.66,4,4,3,443,3.67,Loyal Customers
CUST-12643,76,6,2654.38,4,4,4,444,4.0,Champions
CUST-10129,76,6,2777.69,4,4,4,444,4.0,Champions
CUST-08098,76,7,1668.74,4,4,3,443,3.67,Loyal Customers
CUST-04422,76,7,2645.3,4,5,4,454,4.33,Champions
CUST-04090,76,7,3596.9,4,5,5,455,4.67,Champions
CUST-09531,76,8,2616.45,4,5,4,454,4.33,Champions
CUST-14873,76,8,3375.33,4,5,5,455,4.67,Champions
CUST-10942,76,9,4621.85,4,5,5,455,4.67,Champions
CUST-11035,76,9,6466.94,4,5,5,455,4.67,Champions
CUST-10086,76,12,3772.47,4,5,5,455,4.67,Champions
CUST-01017,75,2,370.0,4,1,1,411,2.0,New Customers
CUST-04525,75,3,526.57,4,1,1,411,2.0,New Customers
CUST-06238,75,4,322.73,4,2,1,421,2.33,New Customers
CUST-14654,75,4,1382.71,4,2,2,422,2.67,New Customers
CUST-13879,75,4,2522.98,4,3,4,434,3.67,Potential Loyalists
CUST-09351,75,4,3072.24,4,3,5,435,4.0,Potential Loyalists
CUST-06129,75,5,817.48,4,3,2,432,3.0,Potential Loyalists
CUST-12257,75,5,878.8,4,3,2,432,3.0,Potential Loyalists
CUST-10798,75,5,1421.28,4,3,3,433,3.33,Potential Loyalists
CUST-09599,75,5,2190.9,4,3,4,434,3.67,Potential Loyalists
CUST-07225,75,5,2846.19,4,3,4,434,3.67,Potential Loyalists
CUST-11343,75,5,3133.0,4,3,5,435,4.0,Potential Loyalists
CUST-12048,75,5,3269.75,4,3,5,435,4.0,Potential Loyalists
CUST-09556,75,6,1746.25,4,4,3,443,3.67,Loyal Customers
CUST-07549,75,6,1837.07,4,4,3,443,3.67,Loyal Customers
CUST-11395,75,6,2642.51,4,4,4,444,4.0,Champions
CUST-00014,75,6,2658.59,4,4,4,444,4.0,Champions
CUST-03886,75,6,2962.31,4,4,4,444,4.0,Champions
CUST-03070,75,6,3472.65,4,4,5,445,4.33,Champions
CUST-09256,75,6,3704.85,4,4,5,445,4.33,Champions
CUST-01255,75,7,800.54,4,4,2,442,3.33,Potential Loyalists
CUST-11597,75,7,1151.64,4,4,2,442,3.33,Potential Loyalists
CUST-00933,75,7,2523.03,4,5,4,454,4.33,Champions
CUST-09270,75,7,2853.96,4,5,4,454,4.33,Champions
CUST-06108,75,7,3257.86,4,5,5,455,4.67,Champions
CUST-12090,75,7,3411.03,4,5,5,455,4.67,Champions
CUST-14115,75,7,3712.04,4,5,5,455,4.67,Champions
CUST-09321,75,7,4262.63,4,5,5,455,4.67,Champions
CUST-08815,75,8,605.88,4,5,1,451,3.33,Potential Loyalists
CUST-14744,75,9,4227.54,4,5,5,455,4.67,Champions
CUST-08426,75,9,6216.43,4,5,5,455,4.67,Champions
CUST-04276,75,10,3807.38,4,5,5,455,4.67,Champions
CUST-14833,75,11,6411.9,4,5,5,455,4.67,Champions
CUST-06561,75,12,3309.39,4,5,5,455,4.67,Champions
CUST-08974,74,2,187.47,4,1,1,411,2.0,New Customers
CUST-08267,74,2,207.09,4,1,1,411,2.0,New Customers
CUST-07170,74,2,226.72,4,1,1,411,2.0,New Customers
CUST-14770,74,3,233.56,4,1,1,411,2.0,New Customers
CUST-06406,74,4,317.24,4,2,1,421,2.33,New Customers
CUST-10992,74,4,637.65,4,2,1,421,2.33,New Customers
CUST-05822,74,4,664.43,4,2,1,421,2.33,New Customers
CUST-09168,74,4,807.99,4,2,2,422,2.67,New Customers
CUST-02059,74,4,833.83,4,2,2,422,2.67,New Customers
CUST-09710,74,4,1626.75,4,2,3,423,3.0,New Customers
CUST-08394,74,4,1702.25,4,2,3,423,3.0,New Customers
CUST-05678,74,4,1824.78,4,2,3,423,3.0,New Customers
CUST-09388,74,4,1963.52,4,2,3,423,3.0,New Customers
CUST-07721,74,5,310.2,4,3,1,431,2.67,Potential Loyalists
CUST-06353,74,5,723.19,4,3,1,431,2.67,Potential Loyalists
CUST-09079,74,5,1021.68,4,3,2,432,3.0,Potential Loyalists
CUST-03789,74,5,1303.9,4,3,2,432,3.0,Potential Loyalists
CUST-06289,74,5,2681.46,4,3,4,434,3.67,Potential Loyalists
CUST-05632,74,5,2862.1,4,3,4,434,3.67,Potential Loyalists
CUST-07673,74,5,3055.33,4,3,5,435,4.0,Potential Loyalists
CUST-05452,74,5,3518.47,4,3,5,435,4.0,Potential Loyalists
CUST-09700,74,5,3881.8,4,4,5,445,4.33,Champions
CUST-02694,74,5,3893.43,4,4,5,445,4.33,Champions
CUST-01791,74,6,865.33,4,4,2,442,3.33,Potential Loyalists
CUST-09144,74,6,1048.3,4,4,2,442,3.33,Potential Loyalists
CUST-05106,74,6,1331.87,4,4,2,442,3.33,Potential Loyalists
CUST-13009,74,6,1841.55,4,4,3,443,3.67,Loyal Customers
CUST-00453,74,6,2410.95,4,4,4,444,4.0,Champions
CUST-08741,74,6,2928.59,4,4,4,444,4.0,Champions
CUST-12418,74,6,3039.56,4,4,5,445,4.33,Champions
CUST-05904,74,6,3570.85,4,4,5,445,4.33,Champions
CUST-02429,74,7,921.5,4,4,2,442,3.33,Potential Loyalists
CUST-11250,74,7,1472.01,4,4,3,443,3.67,Loyal Customers
CUST-13707,74,7,1989.06,4,4,3,443,3.67,Loyal Customers
CUST-04462,74,7,4096.7,4,5,5,455,4.67,Champions
CUST-11621,74,8,1997.82,4,5,3,453,4.0,Loyal Customers
CUST-12872,74,8,2465.68,4,5,4,454,4.33,Champions
CUST-01710,74,8,3104.03,4,5,5,455,4.67,Champions
CUST-07923,74,9,1679.61,4,5,3,453,4.0,Loyal Customers
CUST-13294,74,9,3520.98,4,5,5,455,4.67,Champions
CUST-10873,74,9,5322.82,4,5,5,455,4.67,Champions
CUST-10708,73,2,39.77,4,1,1,411,2.0,New Customers
CUST-02866,73,2,275.03,4,1,1,411,2.0,New Customers
CUST-03407,73,2,1054.41,4,1,2,412,2.33,New Customers
CUST-10346,73,3,1854.08,4,2,3,423,3.0,New Customers
CUST-05035,73,4,310.24,4,2,1,421,2.33,New Customers
CUST-03711,73,4,1025.79,4,2,2,422,2.67,New Customers
CUST-08981,73,4,1197.5,4,2,2,422,2.67,New Customers
CUST-08566,73,4,1682.16,4,2,3,423,3.0,New Customers
CUST-09031,73,4,1728.53,4,2,3,423,3.0,New Customers
CUST-05057,73,4,2894.58,4,3,4,434,3.67,Potential Loyalists
CUST-06999,73,5,651.26,4,3,1,431,2.67,Potential Loyalists
CUST-12458,73,5,1285.55,4,3,2,432,3.0,Potential Loyalists
CUST-03846,73,5,1756.89,4,3,3,433,3.33,Potential Loyalists
CUST-03811,73,5,2027.34,4,3,3,433,3.33,Potential Loyalists
CUST-08417,73,5,2194.41,4,3,4,434,3.67,Potential Loyalists
CUST-00211,73,5,2320.61,4,3,4,434,3.67,Potential Loyalists
CUST-09797,73,6,1170.47,4,4,2,442,3.33,Potential Loyalists
CUST-14083,73,6,1495.96,4,4,3,443,3.67,Loyal Customers
CUST-11337,73,6,2048.34,4,4,3,443,3.67,Loyal Customers
CUST-03221,73,6,2776.21,4,4,4,444,4.0,Champions
CUST-05334,73,7,1537.91,4,4,3,443,3.67,Loyal Customers
CUST-01062,73,7,1805.06,4,4,3,443,3.67,Loyal Customers
CUST-00288,73,7,2510.87,4,5,4,454,4.33,Champions
CUST-09027,73,7,3291.06,4,5,5,455,4.67,Champions
CUST-00698,73,7,4648.69,4,5,5,455,4.67,Champions
CUST-04001,73,8,1832.16,4,5,3,453,4.0,Loyal Customers
CUST-00665,73,8,3766.73,4,5,5,455,4.67,Champions
CUST-09387,73,8,3850.42,4,5,5,455,4.67,Champions
CUST-14636,73,8,4892.8,4,5,5,455,4.67,Champions
CUST-13617,73,9,1875.35,4,5,3,453,4.0,Loyal Customers
CUST-07375,73,10,3604.54,4,5,5,455,4.67,Champions
CUST-03964,72,2,65.32,4,1,1,411,2.0,New Customers
CUST-04603,72,2,151.5,4,1,1,411,2.0,New Customers
CUST-14946,72,2,290.25,4,1,1,411,2.0,New Customers
CUST-00438,72,3,226.9,4,1,1,411,2.0,New Customers
CUST-06401,72,3,437.95,4,1,1,411,2.0,New Customers
CUST-11887,72,3,876.39,4,1,2,412,2.33,New Customers
CUST-10929,72,4,251.5,4,2,1,421,2.33,New Customers
CUST-04526,72,4,334.47,4,2,1,421,2.33,New Customers
CUST-01116,72,4,1048.45,4,2,2,422,2.67,New Customers
CUST-03779,72,4,1702.42,4,2,3,423,3.0,New Customers
CUST-09170,72,4,1770.13,4,2,3,423,3.0,New Customers
CUST-00903,72,4,3091.28,4,3,5,435,4.0,Potential Loyalists
CUST-04875,72,5,375.92,4,3,1,431,2.67,Potential Loyalists
CUST-10247,72,5,811.7,4,3,2,432,3.0,Potential Loyalists
CUST-10438,72,5,1219.77,4,3,2,432,3.0,Potential Loyalists
CUST-03153,72,6,918.33,4,4,2,442,3.33,Potential Loyalists
CUST-04949,72,6,1583.49,4,4,3,443,3.67,Loyal Customers
CUST-14934,72,6,2031.94,4,4,3,443,3.67,Loyal Customers
CUST-02808,72,6,2682.87,4,4,4,444,4.0,Champions
CUST-09325,72,7,1765.38,4,4,3,443,3.67,Loyal Customers
CUST-11752,72,7,1836.94,4,4,3,443,3.67,Loyal Customers
CUST-12411,72,7,2635.22,4,5,4,454,4.33,Champions
CUST-13164,72,7,2756.7,4,5,4,454,4.33,Champions
CUST-13188,72,7,3842.38,4,5,5,455,4.67,Champions
CUST-13872,72,8,2356.59,4,5,4,454,4.33,Champions
CUST-13874,72,8,2741.22,4,5,4,454,4.33,Champions
CUST-04178,72,8,2988.17,4,5,4,454,4.33,Champions
CUST-13048,72,8,4812.99,4,5,5,455,4.67,Champions
CUST-09773,71,2,135.83,4,1,1,411,2.0,New Customers
CUST-01624,71,2,359.91,4,1,1,411,2.0,New Customers
CUST-05727,71,2,953.01,4,1,2,412,2.33,New Customers
CUST-08471,71,2,1363.78,4,1,2,412,2.33,New Customers
CUST-02464,71,2,2376.18,4,1,4,414,3.0,New Customers
CUST-14219,71,3,1148.13,4,2,2,422,2.67,New Customers
CUST-01827,71,3,2033.07,4,2,3,423,3.0,New Customers
CUST-01960,71,3,2280.19,4,2,4,424,3.33,New Customers
CUST-11093,71,4,428.83,4,2,1,421,2.33,New Customers
CUST-01175,71,4,841.4,4,2,2,422,2.67,New Customers
CUST-05826,71,4,849.6,4,2,2,422,2.67,New Customers
CUST-00839,71,4,1027.83,4,2,2,422,2.67,New Customers
CUST-10493,71,4,1073.01,4,2,2,422,2.67,New Customers
CUST-06926,71,4,1752.58,4,2,3,423,3.0,New Customers
CUST-13996,71,4,1833.46,4,2,3,423,3.0,New Customers
CUST-14675,71,4,2007.79,4,2,3,423,3.0,New Customers
CUST-12693,71,4,2101.8,4,2,4,424,3.33,New Customers
CUST-05469,71,4,2318.67,4,2,4,424,3.33,New Customers
CUST-12515,71,4,3438.24,4,3,5,435,4.0,Potential Loyalists
CUST-09129,71,5,575.68,4,3,1,431,2.67,Potential Loyalists
CUST-11361,71,5,611.95,4,3,1,431,2.67,Potential Loyalists
CUST-02268,71,5,783.87,4,3,2,432,3.0,Potential Loyalists
CUST-08143,71,5,841.54,4,3,2,432,3.0,Potential Loyalists
CUST-08270,71,5,1067.63,4,3,2,432,3.0,Potential Loyalists
CUST-10808,71,5,1154.24,4,3,2,432,3.0,Potential Loyalists
CUST-00177,71,6,1730.92,4,4,3,443,3.67,Loyal Customers
CUST-01272,71,6,2015.42,4,4,3,443,3.67,Loyal Customers
CUST-09985,71,6,2353.87,4,4,4,444,4.0,Champions
CUST-01476,71,6,2415.76,4,4,4,444,4.0,Champions
CUST-13384,71,6,2880.8,4,4,4,444,4.0,Champions
CUST-14399,71,6,4311.66,4,4,5,445,4.33,Champions
CUST-03182,71,7,2405.6,4,5,4,454,4.33,Champions
CUST-04431,71,7,2644.37,4,5,4,454,4.33,Champions
CUST-11444,71,7,3222.64,4,5,5,455,4.67,Champions
CUST-01709,71,7,3676.71,4,5,5,455,4.67,Champions
CUST-12225,71,7,4086.09,4,5,5,455,4.67,Champions
CUST-12250,71,8,939.22,4,5,2,452,3.67,Potential Loyalists
CUST-11086,71,8,1152.0,4,5,2,452,3.67,Potential Loyalists
CUST-11180,71,8,2475.57,4,5,4,454,4.33,Champions
CUST-06917,71,8,2762.73,4,5,4,454,4.33,Champions
CUST-05265,71,8,4253.39,4,5,5,455,4.67,Champions
CUST-14062,71,9,1626.18,4,5,3,453,4.0,Loyal Customers
CUST-14766,71,9,2951.66,4,5,4,454,4.33,Champions
CUST-09526,71,9,3934.71,4,5,5,455,4.67,Champions
CUST-03318,71,10,3120.66,4,5,5,455,4.67,Champions
CUST-12653,71,10,5869.15,4,5,5,455,4.67,Champions
CUST-06464,71,11,3531.35,4,5,5,455,4.67,Champions
CUST-05843,70,2,1541.02,4,1,3,413,2.67,New Customers
CUST-02795,70,3,289.42,4,1,1,411,2.0,New Customers
CUST-05847,70,3,1635.64,4,2,3,423,3.0,New Customers
CUST-07960,70,4,601.54,4,2,1,421,2.33,New Customers
CUST-04562,70,4,744.16,4,2,1,421,2.33,New Customers
CUST-10695,70,4,1607.23,4,2,3,423,3.0,New Customers
CUST-14339,70,5,557.7,4,3,1,431,2.67,Potential Loyalists
CUST-03442,70,5,895.79,4,3,2,432,3.0,Potential Loyalists
CUST-12081,70,5,1816.1,4,3,3,433,3.33,Potential Loyalists
CUST-09421,70,5,2119.45,4,3,4,434,3.67,Potential Loyalists
CUST-00431,70,6,837.43,4,4,2,442,3.33,Potential Loyalists
CUST-04314,70,6,1234.95,4,4,2,442,3.33,Potential Loyalists
CUST-01023,70,6,1400.3,4,4,3,443,3.67,Loyal Customers
CUST-04931,70,6,1824.32,4,4,3,443,3.67,Loyal Customers
CUST-04723,70,6,2444.97,4,4,4,444,4.0,Champions
CUST-13152,70,6,2454.6,4,4,4,444,4.0,Champions
CUST-06481,70,6,3534.48,4,4,5,445,4.33,Champions
CUST-11990,70,6,5174.82,4,4,5,445,4.33,Champions
CUST-02400,70,7,899.49,4,4,2,442,3.33,Potential Loyalists
CUST-08057,70,7,2273.71,4,5,4,454,4.33,Champions
CUST-04247,70,7,2639.65,4,5,4,454,4.33,Champions
CUST-01540,70,7,2780.15,4,5,4,454,4.33,Champions
CUST-09595,70,8,1026.79,4,5,2,452,3.67,Potential Loyalists
CUST-02793,70,8,2783.65,4,5,4,454,4.33,Champions
CUST-02255,70,8,3248.68,4,5,5,455,4.67,Champions
CUST-10607,70,8,3406.14,4,5,5,455,4.67,Champions
CUST-04886,70,8,4472.27,4,5,5,455,4.67,Champions
CUST-01668,70,8,4592.19,4,5,5,455,4.67,Champions
CUST-01729,70,9,1842.32,4,5,3,453,4.0,Loyal Customers
CUST-10108,70,9,4287.58,4,5,5,455,4.67,Champions
CUST-12656,70,10,2653.75,4,5,4,454,4.33,Champions
CUST-14396,70,10,3022.33,4,5,5,455,4.67,Champions
CUST-11975,70,10,3832.09,4,5,5,455,4.67,Champions
CUST-14227,69,2,510.81,4,1,1,411,2.0,New Customers
CUST-02326,69,2,695.46,4,1,1,411,2.0,New Customers
CUST-12054,69,2,1088.56,4,1,2,412,2.33,New Customers
CUST-01048,69,3,469.94,4,1,1,411,2.0,New Customers
CUST-01780,69,3,757.83,4,1,2,412,2.33,New Customers
CUST-06761,69,3,1302.76,4,2,2,422,2.67,New Customers
CUST-02812,69,3,1877.79,4,2,3,423,3.0,New Customers
CUST-05109,69,3,3054.79,4,2,5,425,3.67,New Customers
CUST-03127,69,3,4037.85,4,2,5,425,3.67,New Customers
CUST-02950,69,4,1055.39,4,2,2,422,2.67,New Customers
CUST-06448,69,4,2055.62,4,2,3,423,3.0,New Customers
CUST-04139,69,4,2995.15,4,3,4,434,3.67,Potential Loyalists
CUST-01736,69,5,885.61,4,3,2,432,3.0,Potential Loyalists
CUST-02673,69,5,896.68,4,3,2,432,3.0,Potential Loyalists
CUST-01820,69,5,995.8,4,3,2,432,3.0,Potential Loyalists
CUST-14286,69,5,1272.07,4,3,2,432,3.0,Potential Loyalists
CUST-07985,69,5,1398.22,4,3,3,433,3.33,Potential Loyalists
CUST-06446,69,5,1682.53,4,3,3,433,3.33,Potential Loyalists
CUST-07153,69,5,2117.52,4,3,4,434,3.67,Potential Loyalists
CUST-06070,69,5,2123.39,4,3,4,434,3.67,Potential Loyalists
CUST-10908,69,5,2265.99,4,3,4,434,3.67,Potential Loyalists
CUST-10684,69,5,3221.15,4,3,5,435,4.0,Potential Loyalists
CUST-07701,69,6,796.65,4,4,2,442,3.33,Potential Loyalists
CUST-04170,69,6,1147.28,4,4,2,442,3.33,Potential Loyalists
CUST-08606,69,6,1391.77,4,4,3,443,3.67,Loyal Customers
CUST-11080,69,6,1937.53,4,4,3,443,3.67,Loyal Customers
CUST-13203,69,6,2210.98,4,4,4,444,4.0,Champions
CUST-01864,69,6,2648.06,4,4,4,444,4.0,Champions
CUST-08843,69,6,3163.17,4,4,5,445,4.33,Champions
CUST-01130,69,7,1992.3,4,4,3,443,3.67,Loyal Customers
CUST-01292,69,7,2209.46,4,5,4,454,4.33,Champions
CUST-00762,69,7,2612.16,4,5,4,454,4.33,Champions
CUST-03725,69,7,3115.5,4,5,5,455,4.67,Champions
CUST-04087,69,7,3457.66,4,5,5,455,4.67,Champions
CUST-03812,69,7,5206.76,4,5,5,455,4.67,Champions
CUST-01566,69,8,3870.55,4,5,5,455,4.67,Champions
CUST-00550,69,8,3935.61,4,5,5,455,4.67,Champions
CUST-12168,69,8,4815.47,4,5,5,455,4.67,Champions
CUST-11517,69,9,2415.3,4,5,4,454,4.33,Champions
CUST-07186,69,10,2164.63,4,5,4,454,4.33,Champions
CUST-13645,69,11,4067.61,4,5,5,455,4.67,Champions
CUST-09601,68,2,320.93,4,1,1,411,2.0,New Customers
CUST-00987,68,2,413.26,4,1,1,411,2.0,New Customers
CUST-03757,68,2,1772.74,4,1,3,413,2.67,New Customers
CUST-14251,68,3,433.11,4,1,1,411,2.0,New Customers
CUST-03260,68,3,453.26,4,1,1,411,2.0,New Customers
CUST-14380,68,3,472.65,4,1,1,411,2.0,New Customers
CUST-08248,68,3,525.85,4,1,1,411,2.0,New Customers
CUST-00583,68,3,579.54,4,1,1,411,2.0,New Customers
CUST-04439,68,3,581.68,4,1,1,411,2.0,New Customers
CUST-01234,68,3,1944.05,4,2,3,423,3.0,New Customers
CUST-14645,68,3,1998.91,4,2,3,423,3.0,New Customers
CUST-04303,68,4,1712.56,4,2,3,423,3.0,New Customers
CUST-12896,68,4,1856.61,4,2,3,423,3.0,New Customers
CUST-11985,68,4,1884.14,4,2,3,423,3.0,New Customers
CUST-13816,68,4,2112.47,4,2,4,424,3.33,New Customers
CUST-01311,68,5,499.45,4,3,1,431,2.67,Potential Loyalists
CUST-08899,68,5,1344.76,4,3,2,432,3.0,Potential Loyalists
CUST-10937,68,5,1405.47,4,3,3,433,3.33,Potential Loyalists
CUST-04262,68,5,1420.78,4,3,3,433,3.33,Potential Loyalists
CUST-03597,68,5,1517.28,4,3,3,433,3.33,Potential Loyalists
CUST-02223,68,5,1621.53,4,3,3,433,3.33,Potential Loyalists
CUST-03831,68,5,1844.99,4,3,3,433,3.33,Potential Loyalists
CUST-09075,68,5,1967.85,4,3,3,433,3.33,Potential Loyalists
CUST-01166,68,6,1064.81,4,4,2,442,3.33,Potential Loyalists
CUST-05130,68,6,1197.04,4,4,2,442,3.33,Potential Loyalists
CUST-12951,68,6,1249.37,4,4,2,442,3.33,Potential Loyalists
CUST-05821,68,6,1348.84,4,4,2,442,3.33,Potential Loyalists
CUST-10051,68,6,1986.77,4,4,3,443,3.67,Loyal Customers
CUST-02252,68,6,2053.84,4,4,3,443,3.67,Loyal Customers
CUST-05482,68,6,2139.91,4,4,4,444,4.0,Champions
CUST-04321,68,6,2205.12,4,4,4,444,4.0,Champions
CUST-07136,68,6,2834.02,4,4,4,444,4.0,Champions
CUST-14412,68,6,3441.62,4,4,5,445,4.33,Champions
CUST-02203,68,6,5380.91,4,4,5,445,4.33,Champions
CUST-06269,68,7,1133.31,4,4,2,442,3.33,Potential Loyalists
CUST-09273,68,7,2123.0,4,5,4,454,4.33,Champions
CUST-07152,68,7,2384.41,4,5,4,454,4.33,Champions
CUST-07817,68,7,2492.67,4,5,4,454,4.33,Champions
CUST-03451,68,7,3291.24,4,5,5,455,4.67,Champions
CUST-06091,68,7,3515.62,4,5,5,455,4.67,Champions
CUST-10972,68,7,5439.75,4,5,5,455,4.67,Champions
CUST-11720,68,8,3016.63,4,5,5,455,4.67,Champions
CUST-07124,68,8,3992.1,4,5,5,455,4.67,Champions
CUST-07965,68,9,2545.12,4,5,4,454,4.33,Champions
CUST-13225,68,10,2192.79,4,5,4,454,4.33,Champions
CUST-13702,68,12,4342.07,4,5,5,455,4.67,Champions
CUST-09411,68,12,6148.33,4,5,5,455,4.67,Champions
CUST-00958,67,2,245.35,4,1,1,411,2.0,New Customers
CUST-13927,67,2,294.64,4,1,1,411,2.0,New Customers
CUST-02137,67,3,255.1,4,1,1,411,2.0,New Customers
CUST-14875,67,3,376.72,4,1,1,411,2.0,New Customers
CUST-13814,67,3,411.81,4,1,1,411,2.0,New Customers
CUST-07331,67,3,476.8,4,1,1,411,2.0,New Customers
CUST-09376,67,3,1826.44,4,2,3,423,3.0,New Customers
CUST-11001,67,3,2521.38,4,2,4,424,3.33,New Customers
CUST-08346,67,4,959.81,4,2,2,422,2.67,New Customers
CUST-09845,67,4,1761.6,4,2,3,423,3.0,New Customers
CUST-12570,67,4,2198.05,4,2,4,424,3.33,New Customers
CUST-04907,67,5,747.55,4,3,1,431,2.67,Potential Loyalists
CUST-14602,67,5,1520.33,4,3,3,433,3.33,Potential Loyalists
CUST-04736,67,5,1556.2,4,3,3,433,3.33,Potential Loyalists
CUST-05180,67,5,1681.72,4,3,3,433,3.33,Potential Loyalists
CUST-14088,67,5,1918.15,4,3,3,433,3.33,Potential Loyalists
CUST-10389,67,5,2220.92,4,3,4,434,3.67,Potential Loyalists
CUST-13541,67,5,2241.92,4,3,4,434,3.67,Potential Loyalists
CUST-13292,67,5,2275.32,4,3,4,434,3.67,Potential Loyalists
CUST-08908,67,5,2396.42,4,3,4,434,3.67,Potential Loyalists
CUST-00212,67,5,3218.21,4,3,5,435,4.0,Potential Loyalists
CUST-07321,67,5,3730.32,4,3,5,435,4.0,Potential Loyalists
CUST-04787,67,5,6031.38,4,4,5,445,4.33,Champions
CUST-07749,67,6,1331.61,4,4,2,442,3.33,Potential Loyalists
CUST-03606,67,6,1587.84,4,4,3,443,3.67,Loyal Customers
CUST-01885,67,6,1974.35,4,4,3,443,3.67,Loyal Customers
CUST-04935,67,6,2009.31,4,4,3,443,3.67,Loyal Customers
CUST-07491,67,6,2053.62,4,4,3,443,3.67,Loyal Customers
CUST-05716,67,6,2938.21,4,4,4,444,4.0,Champions
CUST-03330,67,6,3206.21,4,4,5,445,4.33,Champions
CUST-09984,67,6,3938.95,4,4,5,445,4.33,Champions
CUST-13999,67,6,4065.09,4,4,5,445,4.33,Champions
CUST-14506,67,7,1796.11,4,4,3,443,3.67,Loyal Customers
CUST-08027,67,7,2048.3,4,4,3,443,3.67,Loyal Customers
CUST-00497,67,7,3664.76,4,5,5,455,4.67,Champions
CUST-03936,67,7,4203.36,4,5,5,455,4.67,Champions
CUST-02632,67,7,5459.8,4,5,5,455,4.67,Champions
CUST-07067,67,8,1612.37,4,5,3,453,4.0,Loyal Customers
CUST-02776,67,8,1735.1,4,5,3,453,4.0,Loyal Customers
CUST-11645,67,8,1906.3,4,5,3,453,4.0,Loyal Customers
CUST-10161,67,8,3588.03,4,5,5,455,4.67,Champions
CUST-09682,67,8,4605.4,4,5,5,455,4.67,Champions
CUST-10057,67,8,5209.62,4,5,5,455,4.67,Champions
CUST-03713,67,8,5233.9,4,5,5,455,4.67,Champions
CUST-00008,67,9,2179.61,4,5,4,454,4.33,Champions
CUST-05294,67,9,2188.18,4,5,4,454,4.33,Champions
CUST-07011,67,9,2355.19,4,5,4,454,4.33,Champions
CUST-03552,67,9,3257.85,4,5,5,455,4.67,Champions
CUST-10502,67,9,3516.67,4,5,5,455,4.67,Champions
CUST-12100,67,9,4610.47,4,5,5,455,4.67,Champions
CUST-06592,67,9,6241.13,4,5,5,455,4.67,Champions
CUST-13232,66,2,1266.09,4,1,2,412,2.33,New Customers
CUST-02302,66,3,926.14,4,1,2,412,2.33,New Customers
CUST-11628,66,3,1658.23,4,2,3,423,3.0,New Customers
CUST-10030,66,3,3240.22,4,2,5,425,3.67,New Customers
CUST-05508,66,4,535.52,4,2,1,421,2.33,New Customers
CUST-14802,66,4,1028.68,4,2,2,422,2.67,New Customers
CUST-03494,66,4,1227.02,4,2,2,422,2.67,New Customers
CUST-07307,66,4,1711.22,4,2,3,423,3.0,New Customers
CUST-07547,66,4,2066.46,4,2,3,423,3.0,New Customers
CUST-02732,66,4,2476.77,4,3,4,434,3.67,Potential Loyalists
CUST-04560,66,4,3739.8,4,3,5,435,4.0,Potential Loyalists
CUST-06775,66,4,3952.96,4,3,5,435,4.0,Potential Loyalists
CUST-06072,66,5,442.34,4,3,1,431,2.67,Potential Loyalists
CUST-00828,66,5,1088.57,4,3,2,432,3.0,Potential Loyalists
CUST-08497,66,5,2303.72,4,3,4,434,3.67,Potential Loyalists
CUST-08839,66,5,2451.36,4,3,4,434,3.67,Potential Loyalists
CUST-02816,66,5,2632.83,4,3,4,434,3.67,Potential Loyalists
CUST-09293,66,5,3454.55,4,3,5,435,4.0,Potential Loyalists
CUST-12231,66,5,3916.48,4,4,5,445,4.33,Champions
CUST-09237,66,6,469.53,4,4,1,441,3.0,Potential Loyalists
CUST-03041,66,6,727.19,4,4,1,441,3.0,Potential Loyalists
CUST-14801,66,6,1075.39,4,4,2,442,3.33,Potential Loyalists
CUST-01561,66,6,1124.72,4,4,2,442,3.33,Potential Loyalists
CUST-04622,66,6,1303.67,4,4,2,442,3.33,Potential Loyalists
CUST-03589,66,6,1487.88,4,4,3,443,3.67,Loyal Customers
CUST-00726,66,6,1757.91,4,4,3,443,3.67,Loyal Customers
CUST-08071,66,6,1929.36,4,4,3,443,3.67,Loyal Customers
CUST-13642,66,6,2385.45,4,4,4,444,4.0,Champions
CUST-04438,66,6,2555.84,4,4,4,444,4.0,Champions
CUST-02009,66,6,2776.34,4,4,4,444,4.0,Champions
CUST-06369,66,6,2910.22,4,4,4,444,4.0,Champions
CUST-14371,66,6,4215.85,4,4,5,445,4.33,Champions
CUST-10872,66,7,1041.86,4,4,2,442,3.33,Potential Loyalists
CUST-13756,66,7,1560.6,4,4,3,443,3.67,Loyal Customers
CUST-10537,66,7,1604.99,4,4,3,443,3.67,Loyal Customers
CUST-04564,66,7,2279.01,4,5,4,454,4.33,Champions
CUST-13108,66,7,2334.68,4,5,4,454,4.33,Champions
CUST-11241,66,7,2544.46,4,5,4,454,4.33,Champions
CUST-10758,66,7,2778.99,4,5,4,454,4.33,Champions
CUST-07813,66,7,3418.59,4,5,5,455,4.67,Champions
CUST-10360,66,7,4709.83,4,5,5,455,4.67,Champions
CUST-02321,66,7,5573.58,4,5,5,455,4.67,Champions
CUST-06494,66,8,1284.4,4,5,2,452,3.67,Potential Loyalists
CUST-07856,66,8,1569.43,4,5,3,453,4.0,Loyal Customers
CUST-03097,66,8,1854.58,4,5,3,453,4.0,Loyal Customers
CUST-00386,66,8,2586.01,4,5,4,454,4.33,Champions
CUST-10372,66,8,3200.33,4,5,5,455,4.67,Champions
CUST-06330,66,8,3719.22,4,5,5,455,4.67,Champions
CUST-08490,66,9,1215.07,4,5,2,452,3.67,Potential Loyalists
CUST-05634,66,9,1612.98,4,5,3,453,4.0,Loyal Customers
CUST-03571,66,10,6180.95,4,5,5,455,4.67,Champions
CUST-12255,65,3,237.16,4,1,1,411,2.0,New Customers
CUST-01911,65,3,331.41,4,1,1,411,2.0,New Customers
CUST-03393,65,3,484.91,4,1,1,411,2.0,New Customers
CUST-02610,65,3,588.64,4,1,1,411,2.0,New Customers
CUST-09703,65,3,1572.46,4,2,3,423,3.0,New Customers
CUST-05714,65,3,1662.92,4,2,3,423,3.0,New Customers
CUST-02301,65,3,1711.12,4,2,3,423,3.0,New Customers
CUST-13161,65,4,1297.53,4,2,2,422,2.67,New Customers
CUST-14566,65,4,1676.49,4,2,3,423,3.0,New Customers
CUST-13517,65,4,2453.56,4,3,4,434,3.67,Potential Loyalists
CUST-00622,65,5,569.55,4,3,1,431,2.67,Potential Loyalists
CUST-10795,65,5,829.7,4,3,2,432,3.0,Potential Loyalists
CUST-07004,65,5,2066.27,4,3,3,433,3.33,Potential Loyalists
CUST-02505,65,6,1363.53,4,4,2,442,3.33,Potential Loyalists
CUST-13511,65,6,1961.77,4,4,3,443,3.67,Loyal Customers
CUST-04188,65,6,2119.42,4,4,4,444,4.0,Champions
CUST-05580,65,6,2202.31,4,4,4,444,4.0,Champions
CUST-02010,65,6,2467.29,4,4,4,444,4.0,Champions
CUST-14751,65,6,2796.8,4,4,4,444,4.0,Champions
CUST-02477,65,6,2837.41,4,4,4,444,4.0,Champions
CUST-12867,65,6,3051.25,4,4,5,445,4.33,Champions
CUST-13577,65,7,1995.4,4,4,3,443,3.67,Loyal Customers
CUST-11593,65,7,2241.55,4,5,4,454,4.33,Champions
CUST-09780,65,7,2564.31,4,5,4,454,4.33,Champions
CUST-11320,65,7,2704.77,4,5,4,454,4.33,Champions
CUST-09497,65,7,3240.94,4,5,5,455,4.67,Champions
CUST-13278,65,7,3809.03,4,5,5,455,4.67,Champions
CUST-06431,65,8,6504.32,4,5,5,455,4.67,Champions
CUST-03878,65,9,2548.7,4,5,4,454,4.33,Champions
CUST-00760,65,10,2610.42,4,5,4,454,4.33,Champions
CUST-12057,65,10,3778.09,4,5,5,455,4.67,Champions
CUST-14855,64,2,309.65,4,1,1,411,2.0,New Customers
CUST-14924,64,2,350.1,4,1,1,411,2.0,New Customers
CUST-04760,64,2,1901.54,4,1,3,413,2.67,New Customers
CUST-14499,64,3,1086.43,4,2,2,422,2.67,New Customers
CUST-06417,64,3,1278.17,4,2,2,422,2.67,New Customers
CUST-00650,64,3,1664.54,4,2,3,423,3.0,New Customers
CUST-09530,64,3,2258.78,4,2,4,424,3.33,New Customers
CUST-03039,64,4,467.36,4,2,1,421,2.33,New Customers
CUST-01860,64,4,1035.83,4,2,2,422,2.67,New Customers
CUST-01276,64,4,1372.98,4,2,2,422,2.67,New Customers
CUST-01456,64,4,1860.85,4,2,3,423,3.0,New Customers
CUST-00961,64,4,3640.23,4,3,5,435,4.0,Potential Loyalists
CUST-06553,64,5,440.46,4,3,1,431,2.67,Potential Loyalists
CUST-02833,64,5,562.35,4,3,1,431,2.67,Potential Loyalists
CUST-05673,64,5,653.49,4,3,1,431,2.67,Potential Loyalists
CUST-09846,64,5,1185.97,4,3,2,432,3.0,Potential Loyalists
CUST-03117,64,5,1189.34,4,3,2,432,3.0,Potential Loyalists
CUST-01825,64,5,1340.73,4,3,2,432,3.0,Potential Loyalists
CUST-00848,64,5,1505.24,4,3,3,433,3.33,Potential Loyalists
CUST-07085,64,5,1561.38,4,3,3,433,3.33,Potential Loyalists
CUST-05110,64,5,1718.54,4,3,3,433,3.33,Potential Loyalists
CUST-01375,64,5,1927.99,4,3,3,433,3.33,Potential Loyalists
CUST-11404,64,5,2209.76,4,3,4,434,3.67,Potential Loyalists
CUST-05971,64,5,2932.41,4,3,4,434,3.67,Potential Loyalists
CUST-06844,64,5,3269.61,4,3,5,435,4.0,Potential Loyalists
CUST-02603,64,5,3844.53,4,4,5,445,4.33,Champions
CUST-03755,64,5,4179.07,4,4,5,445,4.33,Champions
CUST-09068,64,6,957.13,4,4,2,442,3.33,Potential Loyalists
CUST-12460,64,6,1345.42,4,4,2,442,3.33,Potential Loyalists
CUST-04048,64,6,1526.79,4,4,3,443,3.67,Loyal Customers
CUST-06832,64,6,2169.46,4,4,4,444,4.0,Champions
CUST-14217,64,6,3268.22,4,4,5,445,4.33,Champions
CUST-10711,64,7,1273.14,4,4,2,442,3.33,Potential Loyalists
CUST-14462,64,7,1518.68,4,4,3,443,3.67,Loyal Customers
CUST-11041,64,7,2049.89,4,4,3,443,3.67,Loyal Customers
CUST-00648,64,7,2570.92,4,5,4,454,4.33,Champions
CUST-02823,64,7,2576.52,4,5,4,454,4.33,Champions
CUST-08424,64,7,3236.41,4,5,5,455,4.67,Champions
CUST-09439,64,8,1190.69,4,5,2,452,3.67,Potential Loyalists
CUST-12380,64,8,1703.64,4,5,3,453,4.0,Loyal Customers
CUST-06640,64,8,2399.86,4,5,4,454,4.33,Champions
CUST-09862,64,8,2824.58,4,5,4,454,4.33,Champions
CUST-04921,64,8,3162.31,4,5,5,455,4.67,Champions
CUST-06336,64,8,4892.65,4,5,5,455,4.67,Champions
CUST-06373,64,9,1499.16,4,5,3,453,4.0,Loyal Customers
CUST-09280,64,9,2592.65,4,5,4,454,4.33,Champions
CUST-11377,64,9,3306.97,4,5,5,455,4.67,Champions
CUST-03910,64,9,4906.97,4,5,5,455,4.67,Champions
CUST-07945,64,9,6770.48,4,5,5,455,4.67,Champions
CUST-05387,64,10,3843.14,4,5,5,455,4.67,Champions
CUST-04660,64,10,4069.36,4,5,5,455,4.67,Champions
CUST-13786,63,2,212.28,4,1,1,411,2.0,New Customers
CUST-11508,63,3,504.06,4,1,1,411,2.0,New Customers
CUST-07057,63,3,774.96,4,1,2,412,2.33,New Customers
CUST-01295,63,3,799.58,4,1,2,412,2.33,New Customers
CUST-00957,63,3,1008.4,4,1,2,412,2.33,New Customers
CUST-08307,63,3,1588.56,4,2,3,423,3.0,New Customers
CUST-02282,63,4,455.12,4,2,1,421,2.33,New Customers
CUST-12762,63,4,547.73,4,2,1,421,2.33,New Customers
CUST-02592,63,4,813.8,4,2,2,422,2.67,New Customers
CUST-01339,63,4,917.72,4,2,2,422,2.67,New Customers
CUST-10379,63,4,1119.85,4,2,2,422,2.67,New Customers
CUST-00312,63,4,1495.92,4,2,3,423,3.0,New Customers
CUST-11804,63,4,1867.84,4,2,3,423,3.0,New Customers
CUST-00313,63,4,1923.42,4,2,3,423,3.0,New Customers
CUST-05515,63,4,2078.15,4,2,4,424,3.33,New Customers
CUST-12304,63,4,2090.4,4,2,4,424,3.33,New Customers
CUST-10461,63,4,2144.19,4,2,4,424,3.33,New Customers
CUST-08254,63,4,2226.5,4,2,4,424,3.33,New Customers
CUST-02213,63,4,3251.4,4,3,5,435,4.0,Potential Loyalists
CUST-06799,63,5,1197.92,4,3,2,432,3.0,Potential Loyalists
CUST-01427,63,5,2150.55,4,3,4,434,3.67,Potential Loyalists
CUST-13817,63,5,2616.7,4,3,4,434,3.67,Potential Loyalists
CUST-12551,63,5,3093.79,4,3,5,435,4.0,Potential Loyalists
CUST-04689,63,5,3525.01,4,3,5,435,4.0,Potential Loyalists
CUST-13921,63,5,4000.38,4,4,5,445,4.33,Champions
CUST-12725,63,5,4138.6,4,4,5,445,4.33,Champions
CUST-14292,63,6,1078.02,4,4,2,442,3.33,Potential Loyalists
CUST-11910,63,6,1241.44,4,4,2,442,3.33,Potential Loyalists
CUST-01854,63,6,1550.17,4,4,3,443,3.67,Loyal Customers
CUST-00199,63,6,2433.7,4,4,4,444,4.0,Champions
CUST-07056,63,6,2928.81,4,4,4,444,4.0,Champions
CUST-00749,63,6,3351.11,4,4,5,445,4.33,Champions
CUST-07774,63,6,5014.8,4,4,5,445,4.33,Champions
CUST-03228,63,7,1369.72,4,4,2,442,3.33,Potential Loyalists
CUST-03572,63,7,2511.7,4,5,4,454,4.33,Champions
CUST-09219,63,7,2924.06,4,5,4,454,4.33,Champions
CUST-05195,63,7,3515.23,4,5,5,455,4.67,Champions
CUST-14435,63,7,4047.37,4,5,5,455,4.67,Champions
CUST-08929,63,7,5035.51,4,5,5,455,4.67,Champions
CUST-08613,63,7,5941.06,4,5,5,455,4.67,Champions
CUST-07358,63,8,2350.75,4,5,4,454,4.33,Champions
CUST-00423,63,8,3553.91,4,5,5,455,4.67,Champions
CUST-06224,63,9,2144.71,4,5,4,454,4.33,Champions
CUST-09637,63,10,3342.54,4,5,5,455,4.67,Champions
CUST-13360,63,11,6446.24,4,5,5,455,4.67,Champions
CUST-10367,62,2,283.04,4,1,1,411,2.0,New Customers
CUST-03965,62,2,323.22,4,1,1,411,2.0,New Customers
CUST-12813,62,3,383.65,4,1,1,411,2.0,New Customers
CUST-06785,62,3,717.41,4,1,1,411,2.0,New Customers
CUST-08314,62,3,1568.23,4,2,3,423,3.0,New Customers
CUST-07328,62,3,1677.61,4,2,3,423,3.0,New Customers
CUST-07126,62,4,260.37,4,2,1,421,2.33,New Customers
CUST-00905,62,4,1260.48,4,2,2,422,2.67,New Customers
CUST-03468,62,4,1381.8,4,2,2,422,2.67,New Customers
CUST-07312,62,4,1805.61,4,2,3,423,3.0,New Customers
CUST-14600,62,4,2513.47,4,3,4,434,3.67,Potential Loyalists
CUST-07860,62,4,2953.73,4,3,4,434,3.67,Potential Loyalists
CUST-02896,62,5,615.86,4,3,1,431,2.67,Potential Loyalists
CUST-10342,62,5,874.53,4,3,2,432,3.0,Potential Loyalists
CUST-07445,62,5,1491.9,4,3,3,433,3.33,Potential Loyalists
CUST-08609,62,5,3133.83,4,3,5,435,4.0,Potential Loyalists
CUST-14152,62,5,3247.38,4,3,5,435,4.0,Potential Loyalists
CUST-09814,62,6,782.68,4,4,2,442,3.33,Potential Loyalists
CUST-11242,62,6,1457.61,4,4,3,443,3.67,Loyal Customers
CUST-02749,62,6,2168.04,4,4,4,444,4.0,Champions
CUST-14926,62,6,2938.55,4,4,4,444,4.0,Champions
CUST-06362,62,6,3033.86,4,4,5,445,4.33,Champions
CUST-01258,62,6,3763.85,4,4,5,445,4.33,Champions
CUST-06159,62,6,4766.87,4,4,5,445,4.33,Champions
CUST-12441,62,7,1382.34,4,4,2,442,3.33,Potential Loyalists
CUST-09141,62,7,1923.03,4,4,3,443,3.67,Loyal Customers
CUST-11389,62,7,2258.71,4,5,4,454,4.33,Champions
CUST-05168,62,7,2891.74,4,5,4,454,4.33,Champions
CUST-02186,62,7,3665.25,4,5,5,455,4.67,Champions
CUST-14072,62,8,2176.01,4,5,4,454,4.33,Champions
CUST-07134,62,8,3850.81,4,5,5,455,4.67,Champions
CUST-12274,62,8,4234.16,4,5,5,455,4.67,Champions
CUST-09004,62,8,4588.22,4,5,5,455,4.67,Champions
CUST-02967,62,9,1872.53,4,5,3,453,4.0,Loyal Customers
CUST-01524,62,9,2607.51,4,5,4,454,4.33,Champions
CUST-03564,62,9,2688.47,4,5,4,454,4.33,Champions
CUST-03673,62,9,7417.31,4,5,5,455,4.67,Champions
CUST-06937,61,3,241.02,4,1,1,411,2.0,New Customers
CUST-14765,61,3,382.07,4,1,1,411,2.0,New Customers
CUST-04941,61,3,2212.31,4,2,4,424,3.33,New Customers
CUST-08720,61,4,136.87,4,2,1,421,2.33,New Customers
CUST-01482,61,4,549.09,4,2,1,421,2.33,New Customers
CUST-03029,61,4,833.65,4,2,2,422,2.67,New Customers
CUST-02064,61,4,1860.4,4,2,3,423,3.0,New Customers
CUST-07837,61,4,3828.21,4,3,5,435,4.0,Potential Loyalists
CUST-07726,61,5,1303.45,4,3,2,432,3.0,Potential Loyalists
CUST-00329,61,5,1996.87,4,3,3,433,3.33,Potential Loyalists
CUST-13570,61,5,2345.62,4,3,4,434,3.67,Potential Loyalists
CUST-05225,61,5,3451.33,4,3,5,435,4.0,Potential Loyalists
CUST-00144,61,5,3870.68,4,4,5,445,4.33,Champions
CUST-05955,61,6,734.81,4,4,1,441,3.0,Potential Loyalists
CUST-11176,61,6,1314.82,4,4,2,442,3.33,Potential Loyalists
CUST-05553,61,6,1338.7,4,4,2,442,3.33,Potential Loyalists
CUST-05317,61,6,1339.78,4,4,2,442,3.33,Potential Loyalists
CUST-07892,61,6,1472.76,4,4,3,443,3.67,Loyal Customers
CUST-08545,61,6,1521.16,4,4,3,443,3.67,Loyal Customers
CUST-13438,61,6,1860.4,4,4,3,443,3.67,Loyal Customers
CUST-08154,61,6,2191.08,4,4,4,444,4.0,Champions
CUST-04026,61,6,3251.34,4,4,5,445,4.33,Champions
CUST-07652,61,6,4005.38,4,4,5,445,4.33,Champions
CUST-07336,61,6,4311.65,4,4,5,445,4.33,Champions
CUST-05506,61,6,4459.41,4,4,5,445,4.33,Champions
CUST-01367,61,7,539.27,4,4,1,441,3.0,Potential Loyalists
CUST-08137,61,7,1668.7,4,4,3,443,3.67,Loyal Customers
CUST-14981,61,7,1843.68,4,4,3,443,3.67,Loyal Customers
CUST-01883,61,7,2157.54,4,5,4,454,4.33,Champions
CUST-04478,61,7,2168.17,4,5,4,454,4.33,Champions
CUST-11472,61,7,2467.1,4,5,4,454,4.33,Champions
CUST-10497,61,7,3422.93,4,5,5,455,4.67,Champions
CUST-12572,61,7,4292.96,4,5,5,455,4.67,Champions
CUST-14565,61,8,1617.91,4,5,3,453,4.0,Loyal Customers
CUST-13678,61,8,3295.9,4,5,5,455,4.67,Champions
CUST-10042,61,8,3378.97,4,5,5,455,4.67,Champions
CUST-02233,61,8,3384.04,4,5,5,455,4.67,Champions
CUST-00466,61,8,3758.47,4,5,5,455,4.67,Champions
CUST-03336,61,8,3901.99,4,5,5,455,4.67,Champions
CUST-02929,61,8,4766.1,4,5,5,455,4.67,Champions
CUST-14874,61,9,2180.88,4,5,4,454,4.33,Champions
CUST-04288,61,9,3837.2,4,5,5,455,4.67,Champions
CUST-01242,61,9,6787.63,4,5,5,455,4.67,Champions
CUST-00074,61,10,2412.69,4,5,4,454,4.33,Champions
CUST-04716,60,2,476.04,4,1,1,411,2.0,New Customers
CUST-06449,60,2,1194.17,4,1,2,412,2.33,New Customers
CUST-10737,60,3,2019.02,4,2,3,423,3.0,New Customers
CUST-07074,60,3,2675.13,4,2,4,424,3.33,New Customers
CUST-07680,60,4,501.29,4,2,1,421,2.33,New Customers
CUST-13751,60,4,637.74,4,2,1,421,2.33,New Customers
CUST-12290,60,4,703.81,4,2,1,421,2.33,New Customers
CUST-01442,60,4,750.83,4,2,1,421,2.33,New Customers
CUST-13831,60,4,1086.42,4,2,2,422,2.67,New Customers
CUST-00658,60,4,1142.61,4,2,2,422,2.67,New Customers
CUST-04948,60,4,1169.3,4,2,2,422,2.67,New Customers
CUST-05439,60,4,1491.25,4,2,3,423,3.0,New Customers
CUST-10965,60,4,1645.93,4,2,3,423,3.0,New Customers
CUST-03744,60,4,1737.08,4,2,3,423,3.0,New Customers
CUST-08696,60,4,2014.11,4,2,3,423,3.0,New Customers
CUST-10147,60,4,2460.17,4,3,4,434,3.67,Potential Loyalists
CUST-05412,60,4,2862.65,4,3,4,434,3.67,Potential Loyalists
CUST-04944,60,4,2988.91,4,3,4,434,3.67,Potential Loyalists
CUST-12408,60,5,283.76,4,3,1,431,2.67,Potential Loyalists
CUST-13480,60,5,898.58,4,3,2,432,3.0,Potential Loyalists
CUST-01646,60,5,941.02,4,3,2,432,3.0,Potential Loyalists
CUST-00804,60,5,1087.87,4,3,2,432,3.0,Potential Loyalists
CUST-06565,60,5,1117.69,4,3,2,432,3.0,Potential Loyalists
CUST-02858,60,5,1525.89,4,3,3,433,3.33,Potential Loyalists
CUST-09413,60,5,1580.05,4,3,3,433,3.33,Potential Loyalists
CUST-02878,60,5,1654.99,4,3,3,433,3.33,Potential Loyalists
CUST-01670,60,5,2008.58,4,3,3,433,3.33,Potential Loyalists
CUST-10094,60,5,2298.06,4,3,4,434,3.67,Potential Loyalists
CUST-01716,60,5,2394.35,4,3,4,434,3.67,Potential Loyalists
CUST-02240,60,5,2564.28,4,3,4,434,3.67,Potential Loyalists
CUST-11385,60,5,3018.91,4,3,5,435,4.0,Potential Loyalists
CUST-05988,60,6,879.8,4,4,2,442,3.33,Potential Loyalists
CUST-06845,60,6,943.04,4,4,2,442,3.33,Potential Loyalists
CUST-01194,60,6,1131.2,4,4,2,442,3.33,Potential Loyalists
CUST-05867,60,6,1207.71,4,4,2,442,3.33,Potential Loyalists
CUST-13398,60,6,1726.09,4,4,3,443,3.67,Loyal Customers
CUST-13187,60,6,1835.8,4,4,3,443,3.67,Loyal Customers
CUST-00713,60,6,2329.25,4,4,4,444,4.0,Champions
CUST-10283,60,7,912.32,4,4,2,442,3.33,Potential Loyalists
CUST-14418,60,7,945.07,4,4,2,442,3.33,Potential Loyalists
CUST-12422,60,7,2549.19,4,5,4,454,4.33,Champions
CUST-06073,60,7,2607.72,4,5,4,454,4.33,Champions
CUST-13621,60,7,3135.3,4,5,5,455,4.67,Champions
CUST-09209,60,7,3619.48,4,5,5,455,4.67,Champions
CUST-08034,60,8,3135.18,4,5,5,455,4.67,Champions
CUST-11851,60,8,3190.18,4,5,5,455,4.67,Champions
CUST-13647,60,8,3380.81,4,5,5,455,4.67,Champions
CUST-07842,60,8,3513.98,4,5,5,455,4.67,Champions
CUST-11302,60,8,3704.7,4,5,5,455,4.67,Champions
CUST-10288,60,9,2982.82,4,5,4,454,4.33,Champions
CUST-09785,60,10,4453.24,4,5,5,455,4.67,Champions
CUST-12339,60,11,2915.01,4,5,4,454,4.33,Champions
CUST-08943,60,11,3439.3,4,5,5,455,4.67,Champions
CUST-12078,59,2,86.54,4,1,1,411,2.0,New Customers
CUST-08258,59,3,332.09,4,1,1,411,2.0,New Customers
CUST-07608,59,3,417.53,4,1,1,411,2.0,New Customers
CUST-08327,59,3,455.08,4,1,1,411,2.0,New Customers
CUST-10859,59,3,589.28,4,1,1,411,2.0,New Customers
CUST-13458,59,3,1221.03,4,2,2,422,2.67,New Customers
CUST-05522,59,3,1840.86,4,2,3,423,3.0,New Customers
CUST-06867,59,4,272.02,4,2,1,421,2.33,New Customers
CUST-03123,59,4,275.08,4,2,1,421,2.33,New Customers
CUST-10347,59,4,408.11,4,2,1,421,2.33,New Customers
CUST-02814,59,4,525.03,4,2,1,421,2.33,New Customers
CUST-05396,59,4,721.49,4,2,1,421,2.33,New Customers
CUST-01998,59,4,851.54,4,2,2,422,2.67,New Customers
CUST-00467,59,4,2004.25,4,2,3,423,3.0,New Customers
CUST-05059,59,4,2031.39,4,2,3,423,3.0,New Customers
CUST-12576,59,4,2714.07,4,3,4,434,3.67,Potential Loyalists
CUST-03289,59,4,4660.02,4,3,5,435,4.0,Potential Loyalists
CUST-10918,59,5,844.25,4,3,2,432,3.0,Potential Loyalists
CUST-06595,59,5,1069.41,4,3,2,432,3.0,Potential Loyalists
CUST-03171,59,5,1801.03,4,3,3,433,3.33,Potential Loyalists
CUST-10211,59,5,2054.97,4,3,3,433,3.33,Potential Loyalists
CUST-12787,59,5,2158.02,4,3,4,434,3.67,Potential Loyalists
CUST-06467,59,5,3408.94,4,3,5,435,4.0,Potential Loyalists
CUST-07922,59,6,914.49,4,4,2,442,3.33,Potential Loyalists
CUST-03257,59,6,1332.2,4,4,2,442,3.33,Potential Loyalists
CUST-00045,59,6,1772.33,4,4,3,443,3.67,Loyal Customers
CUST-13749,59,6,2367.49,4,4,4,444,4.0,Champions
CUST-09040,59,6,2388.98,4,4,4,444,4.0,Champions
CUST-00432,59,7,1465.13,4,4,3,443,3.67,Loyal Customers
CUST-13609,59,7,1510.4,4,4,3,443,3.67,Loyal Customers
CUST-00323,59,7,1602.0,4,4,3,443,3.67,Loyal Customers
CUST-05402,59,7,1736.49,4,4,3,443,3.67,Loyal Customers
CUST-02674,59,7,1909.23,4,4,3,443,3.67,Loyal Customers
CUST-11881,59,7,2325.98,4,5,4,454,4.33,Champions
CUST-05562,59,7,2380.18,4,5,4,454,4.33,Champions
CUST-10232,59,7,2827.75,4,5,4,454,4.33,Champions
CUST-00528,59,7,3241.18,4,5,5,455,4.67,Champions
CUST-09039,59,8,1641.31,4,5,3,453,4.0,Loyal Customers
CUST-12060,59,8,2300.09,4,5,4,454,4.33,Champions
CUST-14763,59,8,2720.03,4,5,4,454,4.33,Champions
CUST-11525,59,8,3195.1,4,5,5,455,4.67,Champions
CUST-11407,59,10,3153.88,4,5,5,455,4.67,Champions
CUST-13350,59,11,4577.07,4,5,5,455,4.67,Champions
CUST-05612,58,2,365.84,4,1,1,411,2.0,New Customers
CUST-03568,58,2,446.28,4,1,1,411,2.0,New Customers
CUST-09306,58,3,485.2,4,1,1,411,2.0,New Customers
CUST-01451,58,3,811.17,4,1,2,412,2.33,New Customers
CUST-05968,58,3,969.42,4,1,2,412,2.33,New Customers
CUST-09408,58,3,1604.17,4,2,3,423,3.0,New Customers
CUST-09739,58,3,1792.09,4,2,3,423,3.0,New Customers
CUST-08432,58,3,2320.9,4,2,4,424,3.33,New Customers
CUST-03511,58,4,497.66,4,2,1,421,2.33,New Customers
CUST-06313,58,4,506.83,4,2,1,421,2.33,New Customers
CUST-11762,58,4,803.89,4,2,2,422,2.67,New Customers
CUST-12902,58,4,1061.93,4,2,2,422,2.67,New Customers
CUST-02384,58,4,1258.17,4,2,2,422,2.67,New Customers
CUST-11888,58,4,1303.85,4,2,2,422,2.67,New Customers
CUST-13258,58,4,1847.0,4,2,3,423,3.0,New Customers
CUST-04326,58,4,2154.92,4,2,4,424,3.33,New Customers
CUST-14977,58,4,3824.1,4,3,5,435,4.0,Potential Loyalists
CUST-10582,58,5,484.23,4,3,1,431,2.67,Potential Loyalists
CUST-09884,58,5,672.28,4,3,1,431,2.67,Potential Loyalists
CUST-11772,58,5,679.22,4,3,1,431,2.67,Potential Loyalists
CUST-03788,58,5,925.36,4,3,2,432,3.0,Potential Loyalists
CUST-10760,58,5,1123.31,4,3,2,432,3.0,Potential Loyalists
CUST-12883,58,5,1142.13,4,3,2,432,3.0,Potential Loyalists
CUST-06901,58,5,1963.2,4,3,3,433,3.33,Potential Loyalists
CUST-03109,58,5,3209.63,4,3,5,435,4.0,Potential Loyalists
CUST-09245,58,5,4162.89,4,4,5,445,4.33,Champions
CUST-09202,58,5,4336.9,4,4,5,445,4.33,Champions
CUST-00672,58,5,5297.5,4,4,5,445,4.33,Champions
CUST-14980,58,6,750.23,4,4,1,441,3.0,Potential Loyalists
CUST-01183,58,6,776.58,4,4,2,442,3.33,Potential Loyalists
CUST-14025,58,6,1200.22,4,4,2,442,3.33,Potential Loyalists
CUST-05513,58,6,2240.0,4,4,4,444,4.0,Champions
CUST-05571,58,6,2259.9,4,4,4,444,4.0,Champions
CUST-01878,58,6,2535.66,4,4,4,444,4.0,Champions
CUST-00486,58,6,2598.62,4,4,4,444,4.0,Champions
CUST-00352,58,6,3195.26,4,4,5,445,4.33,Champions
CUST-00743,58,6,3452.81,4,4,5,445,4.33,Champions
CUST-09412,58,7,832.09,4,4,2,442,3.33,Potential Loyalists
CUST-09382,58,7,1484.0,4,4,3,443,3.67,Loyal Customers
CUST-06485,58,7,2061.14,4,4,3,443,3.67,Loyal Customers
CUST-05649,58,7,2069.2,4,5,3,453,4.0,Loyal Customers
CUST-03664,58,7,2563.04,4,5,4,454,4.33,Champions
CUST-06896,58,7,3289.09,4,5,5,455,4.67,Champions
CUST-02947,58,7,3684.04,4,5,5,455,4.67,Champions
CUST-05014,58,7,3959.01,4,5,5,455,4.67,Champions
CUST-11204,58,8,2693.15,4,5,4,454,4.33,Champions
CUST-06597,58,9,1314.06,4,5,2,452,3.67,Potential Loyalists
CUST-05496,58,9,1369.07,4,5,2,452,3.67,Potential Loyalists
CUST-08894,58,9,2638.54,4,5,4,454,4.33,Champions
CUST-12905,58,9,4320.92,4,5,5,455,4.67,Champions
CUST-06918,58,10,4405.46,4,5,5,455,4.67,Champions
CUST-07135,57,2,444.93,4,1,1,411,2.0,New Customers
CUST-14817,57,3,333.36,4,1,1,411,2.0,New Customers
CUST-11514,57,3,944.33,4,1,2,412,2.33,New Customers
CUST-01215,57,3,1491.89,4,2,3,423,3.0,New Customers
CUST-01740,57,3,2025.28,4,2,3,423,3.0,New Customers
CUST-13513,57,4,355.7,4,2,1,421,2.33,New Customers
CUST-10874,57,4,1000.62,4,2,2,422,2.67,New Customers
CUST-03458,57,4,1381.07,4,2,2,422,2.67,New Customers
CUST-01213,57,4,2599.6,4,3,4,434,3.67,Potential Loyalists
CUST-10821,57,5,345.71,4,3,1,431,2.67,Potential Loyalists
CUST-03929,57,5,947.71,4,3,2,432,3.0,Potential Loyalists
CUST-10880,57,5,1144.93,4,3,2,432,3.0,Potential Loyalists
CUST-13263,57,5,1147.92,4,3,2,432,3.0,Potential Loyalists
CUST-05099,57,5,1233.85,4,3,2,432,3.0,Potential Loyalists
CUST-10002,57,5,1498.75,4,3,3,433,3.33,Potential Loyalists
CUST-14568,57,5,1821.4,4,3,3,433,3.33,Potential Loyalists
CUST-06517,57,5,1973.8,5,3,3,533,3.67,Potential Loyalists
CUST-06001,57,5,2506.01,5,3,4,534,4.0,Potential Loyalists
CUST-00827,57,5,2612.0,5,3,4,534,4.0,Potential Loyalists
CUST-06725,57,5,2669.68,5,3,4,534,4.0,Potential Loyalists
CUST-08078,57,6,624.68,5,4,1,541,3.33,Potential Loyalists
CUST-09177,57,6,1296.61,5,4,2,542,3.67,Potential Loyalists
CUST-09228,57,6,2040.9,5,4,3,543,4.0,Loyal Customers
CUST-13546,57,6,2133.76,5,4,4,544,4.33,Champions
CUST-10676,57,6,2137.91,5,4,4,544,4.33,Champions
CUST-05420,57,6,2299.75,5,4,4,544,4.33,Champions
CUST-04800,57,6,2477.0,5,4,4,544,4.33,Champions
CUST-08688,57,6,2573.48,5,4,4,544,4.33,Champions
CUST-04958,57,6,3351.54,5,4,5,545,4.67,Champions
CUST-14170,57,6,3354.13,5,4,5,545,4.67,Champions
CUST-13600,57,6,3601.08,5,4,5,545,4.67,Champions
CUST-07574,57,7,1214.59,5,4,2,542,3.67,Potential Loyalists
CUST-08304,57,7,1333.27,5,4,2,542,3.67,Potential Loyalists
CUST-00505,57,7,1402.31,5,4,3,543,4.0,Loyal Customers
CUST-00308,57,7,2600.98,5,5,4,554,4.67,Champions
CUST-09298,57,7,2753.43,5,5,4,554,4.67,Champions
CUST-04849,57,7,3361.67,5,5,5,555,5.0,Champions
CUST-02541,57,7,3532.75,5,5,5,555,5.0,Champions
CUST-11105,57,8,2565.24,5,5,4,554,4.67,Champions
CUST-05708,57,8,2696.52,5,5,4,554,4.67,Champions
CUST-14502,57,9,1594.19,5,5,3,553,4.33,Loyal Customers
CUST-09619,57,9,4663.3,5,5,5,555,5.0,Champions
CUST-14825,57,9,5653.38,5,5,5,555,5.0,Champions
CUST-08202,57,10,2230.01,5,5,4,554,4.67,Champions
CUST-07496,57,10,3526.76,5,5,5,555,5.0,Champions
CUST-12444,57,11,4662.24,5,5,5,555,5.0,Champions
CUST-08691,57,11,6581.57,5,5,5,555,5.0,Champions
CUST-09787,57,12,6972.79,5,5,5,555,5.0,Champions
CUST-05250,56,2,777.53,5,1,2,512,2.67,New Customers
CUST-08003,56,4,686.2,5,2,1,521,2.67,New Customers
CUST-13662,56,4,762.67,5,2,2,522,3.0,New Customers
CUST-10333,56,4,1206.82,5,2,2,522,3.0,New Customers
CUST-09898,56,4,1241.89,5,2,2,522,3.0,New Customers
CUST-01847,56,4,1547.17,5,2,3,523,3.33,New Customers
CUST-12604,56,4,1654.05,5,2,3,523,3.33,New Customers
CUST-08163,56,4,2099.55,5,2,4,524,3.67,New Customers
CUST-11171,56,4,2297.25,5,2,4,524,3.67,New Customers
CUST-02008,56,5,596.83,5,3,1,531,3.0,Potential Loyalists
CUST-05963,56,5,883.5,5,3,2,532,3.33,Potential Loyalists
CUST-01192,56,5,895.68,5,3,2,532,3.33,Potential Loyalists
CUST-00346,56,5,1228.17,5,3,2,532,3.33,Potential Loyalists
CUST-12051,56,5,1680.25,5,3,3,533,3.67,Potential Loyalists
CUST-03098,56,5,2408.17,5,3,4,534,4.0,Potential Loyalists
CUST-07317,56,5,3197.05,5,3,5,535,4.33,Potential Loyalists
CUST-06836,56,5,4297.08,5,4,5,545,4.67,Champions
CUST-06675,56,6,1270.01,5,4,2,542,3.67,Potential Loyalists
CUST-11982,56,6,1612.5,5,4,3,543,4.0,Loyal Customers
CUST-02906,56,6,2070.24,5,4,3,543,4.0,Loyal Customers
CUST-11724,56,6,2255.65,5,4,4,544,4.33,Champions
CUST-08728,56,6,3505.1,5,4,5,545,4.67,Champions
CUST-02831,56,6,3718.99,5,4,5,545,4.67,Champions
CUST-14659,56,6,3976.45,5,4,5,545,4.67,Champions
CUST-13536,56,6,4545.02,5,4,5,545,4.67,Champions
CUST-00427,56,7,1935.68,5,4,3,543,4.0,Loyal Customers
CUST-08727,56,7,2132.02,5,5,4,554,4.67,Champions
CUST-13363,56,7,2482.65,5,5,4,554,4.67,Champions
CUST-11322,56,7,2589.82,5,5,4,554,4.67,Champions
CUST-02811,56,7,3158.19,5,5,5,555,5.0,Champions
CUST-01467,56,7,4132.75,5,5,5,555,5.0,Champions
CUST-09611,56,7,4266.48,5,5,5,555,5.0,Champions
CUST-12913,56,8,1317.02,5,5,2,552,4.0,Potential Loyalists
CUST-00184,56,8,3564.17,5,5,5,555,5.0,Champions
CUST-06569,56,8,3678.67,5,5,5,555,5.0,Champions
CUST-11742,56,8,4964.82,5,5,5,555,5.0,Champions
CUST-04956,56,9,2656.77,5,5,4,554,4.67,Champions
CUST-12910,56,9,2844.44,5,5,4,554,4.67,Champions
CUST-06627,56,9,5740.62,5,5,5,555,5.0,Champions
CUST-03759,56,10,5193.23,5,5,5,555,5.0,Champions
CUST-02895,56,12,9548.84,5,5,5,555,5.0,Champions
CUST-08374,55,2,181.07,5,1,1,511,2.33,New Customers
CUST-02068,55,2,256.0,5,1,1,511,2.33,New Customers
CUST-02214,55,2,296.52,5,1,1,511,2.33,New Customers
CUST-07518,55,3,260.42,5,1,1,511,2.33,New Customers
CUST-04119,55,3,700.96,5,1,1,511,2.33,New Customers
CUST-08923,55,3,761.69,5,1,2,512,2.67,New Customers
CUST-00956,55,3,988.71,5,1,2,512,2.67,New Customers
CUST-14312,55,3,1411.49,5,2,3,523,3.33,New Customers
CUST-08129,55,3,1884.46,5,2,3,523,3.33,New Customers
CUST-11948,55,4,805.36,5,2,2,522,3.0,New Customers
CUST-14539,55,4,900.5,5,2,2,522,3.0,New Customers
CUST-11781,55,4,1690.26,5,2,3,523,3.33,New Customers
CUST-12308,55,4,2809.1,5,3,4,534,4.0,Potential Loyalists
CUST-02536,55,5,762.31,5,3,2,532,3.33,Potential Loyalists
CUST-12580,55,5,991.97,5,3,2,532,3.33,Potential Loyalists
CUST-01684,55,5,1108.04,5,3,2,532,3.33,Potential Loyalists
CUST-12340,55,5,1289.9,5,3,2,532,3.33,Potential Loyalists
CUST-02111,55,5,2095.07,5,3,4,534,4.0,Potential Loyalists
CUST-02785,55,5,2871.36,5,3,4,534,4.0,Potential Loyalists
CUST-09594,55,5,3039.25,5,3,5,535,4.33,Potential Loyalists
CUST-10023,55,5,3136.87,5,3,5,535,4.33,Potential Loyalists
CUST-04449,55,5,3372.71,5,3,5,535,4.33,Potential Loyalists
CUST-02825,55,5,3423.1,5,3,5,535,4.33,Potential Loyalists
CUST-09954,55,5,4154.79,5,4,5,545,4.67,Champions
CUST-08553,55,6,1087.49,5,4,2,542,3.67,Potential Loyalists
CUST-09353,55,6,1714.0,5,4,3,543,4.0,Loyal Customers
CUST-00872,55,6,1967.76,5,4,3,543,4.0,Loyal Customers
CUST-08785,55,6,2654.73,5,4,4,544,4.33,Champions
CUST-09198,55,6,2785.64,5,4,4,544,4.33,Champions
CUST-14978,55,6,2837.19,5,4,4,544,4.33,Champions
CUST-11206,55,6,3516.0,5,4,5,545,4.67,Champions
CUST-07601,55,6,3517.46,5,4,5,545,4.67,Champions
CUST-03847,55,6,4306.57,5,4,5,545,4.67,Champions
CUST-09107,55,6,4459.2,5,4,5,545,4.67,Champions
CUST-02314,55,6,4754.31,5,4,5,545,4.67,Champions
CUST-13126,55,7,999.45,5,4,2,542,3.67,Potential Loyalists
CUST-10864,55,7,1365.58,5,4,2,542,3.67,Potential Loyalists
CUST-10650,55,7,1985.96,5,4,3,543,4.0,Loyal Customers
CUST-14051,55,7,2333.82,5,5,4,554,4.67,Champions
CUST-02358,55,7,2348.47,5,5,4,554,4.67,Champions
CUST-05075,55,7,3339.29,5,5,5,555,5.0,Champions
CUST-14376,55,7,3745.43,5,5,5,555,5.0,Champions
CUST-05499,55,8,931.73,5,5,2,552,4.0,Potential Loyalists
CUST-13136,55,8,3077.83,5,5,5,555,5.0,Champions
CUST-03143,55,8,3960.22,5,5,5,555,5.0,Champions
CUST-08834,55,9,1608.25,5,5,3,553,4.33,Loyal Customers
CUST-12309,55,9,4532.26,5,5,5,555,5.0,Champions
CUST-11451,55,9,6481.71,5,5,5,555,5.0,Champions
CUST-03018,54,2,820.0,5,1,2,512,2.67,New Customers
CUST-11734,54,3,514.51,5,1,1,511,2.33,New Customers
CUST-00022,54,3,516.56,5,1,1,511,2.33,New Customers
CUST-02459,54,3,555.92,5,1,1,511,2.33,New Customers
CUST-09272,54,3,578.99,5,1,1,511,2.33,New Customers
CUST-00368,54,3,889.26,5,1,2,512,2.67,New Customers
CUST-04022,54,3,1202.86,5,2,2,522,3.0,New Customers
CUST-05935,54,3,1770.34,5,2,3,523,3.33,New Customers
CUST-02307,54,4,1374.67,5,2,2,522,3.0,New Customers
CUST-05140,54,4,1657.83,5,2,3,523,3.33,New Customers
CUST-11776,54,4,2977.17,5,3,4,534,4.0,Potential Loyalists
CUST-07281,54,5,476.14,5,3,1,531,3.0,Potential Loyalists
CUST-10244,54,5,1036.61,5,3,2,532,3.33,Potential Loyalists
CUST-02328,54,5,1098.87,5,3,2,532,3.33,Potential Loyalists
CUST-02802,54,5,1432.87,5,3,3,533,3.67,Potential Loyalists
CUST-11616,54,5,1467.31,5,3,3,533,3.67,Potential Loyalists
CUST-05159,54,5,1581.88,5,3,3,533,3.67,Potential Loyalists
CUST-11531,54,5,2030.23,5,3,3,533,3.67,Potential Loyalists
CUST-09224,54,5,3562.64,5,3,5,535,4.33,Potential Loyalists
CUST-02980,54,5,3712.28,5,3,5,535,4.33,Potential Loyalists
CUST-13571,54,5,4189.41,5,4,5,545,4.67,Champions
CUST-14334,54,6,874.8,5,4,2,542,3.67,Potential Loyalists
CUST-11515,54,6,1068.36,5,4,2,542,3.67,Potential Loyalists
CUST-05667,54,6,1546.85,5,4,3,543,4.0,Loyal Customers
CUST-10340,54,6,1994.69,5,4,3,543,4.0,Loyal Customers
CUST-14271,54,6,2779.93,5,4,4,544,4.33,Champions
CUST-02622,54,6,3862.91,5,4,5,545,4.67,Champions
CUST-14267,54,6,4039.05,5,4,5,545,4.67,Champions
CUST-07044,54,6,4462.48,5,4,5,545,4.67,Champions
CUST-09857,54,7,1046.05,5,4,2,542,3.67,Potential Loyalists
CUST-13135,54,7,1137.45,5,4,2,542,3.67,Potential Loyalists
CUST-00864,54,7,1339.01,5,4,2,542,3.67,Potential Loyalists
CUST-07399,54,7,1380.6,5,4,2,542,3.67,Potential Loyalists
CUST-11011,54,7,2281.9,5,5,4,554,4.67,Champions
CUST-09264,54,7,2300.63,5,5,4,554,4.67,Champions
CUST-04283,54,7,2326.16,5,5,4,554,4.67,Champions
CUST-12841,54,7,3680.45,5,5,5,555,5.0,Champions
CUST-07795,54,8,2277.01,5,5,4,554,4.67,Champions
CUST-11202,54,8,3116.41,5,5,5,555,5.0,Champions
CUST-02244,54,8,3715.76,5,5,5,555,5.0,Champions
CUST-01268,54,8,4370.12,5,5,5,555,5.0,Champions
CUST-08355,54,8,5360.61,5,5,5,555,5.0,Champions
CUST-02516,54,9,3192.53,5,5,5,555,5.0,Champions
CUST-09428,54,9,3701.3,5,5,5,555,5.0,Champions
CUST-11897,54,9,3704.01,5,5,5,555,5.0,Champions
CUST-13368,54,9,4264.9,5,5,5,555,5.0,Champions
CUST-11074,53,2,1761.71,5,1,3,513,3.0,New Customers
CUST-03889,53,3,458.24,5,1,1,511,2.33,New Customers
CUST-14905,53,3,606.85,5,1,1,511,2.33,New Customers
CUST-06750,53,3,1092.28,5,2,2,522,3.0,New Customers
CUST-08618,53,3,1818.12,5,2,3,523,3.33,New Customers
CUST-05614,53,3,3197.01,5,2,5,525,4.0,New Customers
CUST-12717,53,4,381.57,5,2,1,521,2.67,New Customers
CUST-00059,53,4,649.86,5,2,1,521,2.67,New Customers
CUST-12633,53,4,1067.51,5,2,2,522,3.0,New Customers
CUST-06591,53,4,1268.87,5,2,2,522,3.0,New Customers
CUST-03655,53,4,2621.78,5,3,4,534,4.0,Potential Loyalists
CUST-12608,53,4,2870.02,5,3,4,534,4.0,Potential Loyalists
CUST-12102,53,5,1085.84,5,3,2,532,3.33,Potential Loyalists
CUST-07046,53,5,1978.88,5,3,3,533,3.67,Potential Loyalists
CUST-11218,53,5,2002.44,5,3,3,533,3.67,Potential Loyalists
CUST-07224,53,5,2067.43,5,3,3,533,3.67,Potential Loyalists
CUST-06160,53,5,2268.55,5,3,4,534,4.0,Potential Loyalists
CUST-01072,53,5,2468.5,5,3,4,534,4.0,Potential Loyalists
CUST-14040,53,5,3000.31,5,3,4,534,4.0,Potential Loyalists
CUST-10450,53,5,3443.28,5,3,5,535,4.33,Potential Loyalists
CUST-05236,53,6,751.87,5,4,1,541,3.33,Potential Loyalists
CUST-14911,53,6,832.15,5,4,2,542,3.67,Potential Loyalists
CUST-04070,53,6,948.68,5,4,2,542,3.67,Potential Loyalists
CUST-09007,53,6,1045.98,5,4,2,542,3.67,Potential Loyalists
CUST-13352,53,6,1318.56,5,4,2,542,3.67,Potential Loyalists
CUST-10262,53,6,1412.19,5,4,3,543,4.0,Loyal Customers
CUST-03247,53,6,1489.72,5,4,3,543,4.0,Loyal Customers
CUST-03561,53,6,1638.37,5,4,3,543,4.0,Loyal Customers
CUST-02712,53,6,1872.63,5,4,3,543,4.0,Loyal Customers
CUST-07247,53,6,2404.19,5,4,4,544,4.33,Champions
CUST-08102,53,7,2154.62,5,5,4,554,4.67,Champions
CUST-03680,53,7,2294.71,5,5,4,554,4.67,Champions
CUST-04083,53,7,2338.35,5,5,4,554,4.67,Champions
CUST-03459,53,7,4519.77,5,5,5,555,5.0,Champions
CUST-11639,53,8,780.74,5,5,2,552,4.0,Potential Loyalists
CUST-02838,53,8,952.56,5,5,2,552,4.0,Potential Loyalists
CUST-11760,53,8,2209.96,5,5,4,554,4.67,Champions
CUST-10704,53,8,4445.13,5,5,5,555,5.0,Champions
CUST-03901,53,9,2817.65,5,5,4,554,4.67,Champions
CUST-05382,53,9,2939.69,5,5,4,554,4.67,Champions
CUST-12694,53,10,3261.22,5,5,5,555,5.0,Champions
CUST-01088,53,10,3965.13,5,5,5,555,5.0,Champions
CUST-05723,53,10,4885.62,5,5,5,555,5.0,Champions
CUST-01230,52,2,42.61,5,1,1,511,2.33,New Customers
CUST-03037,52,2,219.37,5,1,1,511,2.33,New Customers
CUST-00973,52,2,528.47,5,1,1,511,2.33,New Customers
CUST-12662,52,2,706.34,5,1,1,511,2.33,New Customers
CUST-07213,52,2,782.05,5,1,2,512,2.67,New Customers
CUST-01086,52,2,793.34,5,1,2,512,2.67,New Customers
CUST-00185,52,2,1703.96,5,1,3,513,3.0,New Customers
CUST-02344,52,2,2013.86,5,1,3,513,3.0,New Customers
CUST-01398,52,2,2341.15,5,1,4,514,3.33,New Customers
CUST-02405,52,3,285.12,5,1,1,511,2.33,New Customers
CUST-10814,52,3,731.98,5,1,1,511,2.33,New Customers
CUST-02494,52,3,1349.96,5,2,2,522,3.0,New Customers
CUST-06156,52,3,1418.34,5,2,3,523,3.33,New Customers
CUST-03570,52,3,2667.12,5,2,4,524,3.67,New Customers
CUST-04258,52,4,476.16,5,2,1,521,2.67,New Customers
CUST-08911,52,4,760.31,5,2,2,522,3.0,New Customers
CUST-02048,52,4,1123.0,5,2,2,522,3.0,New Customers
CUST-09592,52,4,2122.21,5,2,4,524,3.67,New Customers
CUST-02830,52,5,947.34,5,3,2,532,3.33,Potential Loyalists
CUST-14229,52,5,2069.25,5,3,3,533,3.67,Potential Loyalists
CUST-12286,52,5,2352.74,5,3,4,534,4.0,Potential Loyalists
CUST-01838,52,5,2586.2,5,3,4,534,4.0,Potential Loyalists
CUST-10374,52,5,2750.84,5,3,4,534,4.0,Potential Loyalists
CUST-03598,52,5,2930.22,5,3,4,534,4.0,Potential Loyalists
CUST-07468,52,5,2981.99,5,3,4,534,4.0,Potential Loyalists
CUST-09755,52,5,4101.04,5,4,5,545,4.67,Champions
CUST-12759,52,6,1056.92,5,4,2,542,3.67,Potential Loyalists
CUST-14124,52,6,1603.4,5,4,3,543,4.0,Loyal Customers
CUST-00353,52,6,1896.97,5,4,3,543,4.0,Loyal Customers
CUST-09504,52,6,2362.81,5,4,4,544,4.33,Champions
CUST-01315,52,6,2391.68,5,4,4,544,4.33,Champions
CUST-13079,52,6,2670.79,5,4,4,544,4.33,Champions
CUST-02432,52,6,3369.08,5,4,5,545,4.67,Champions
CUST-03808,52,6,5435.84,5,4,5,545,4.67,Champions
CUST-08660,52,7,635.12,5,4,1,541,3.33,Potential Loyalists
CUST-13567,52,7,2370.65,5,5,4,554,4.67,Champions
CUST-02689,52,7,4899.28,5,5,5,555,5.0,Champions
CUST-00166,52,8,1452.87,5,5,3,553,4.33,Loyal Customers
CUST-09911,52,8,4183.06,5,5,5,555,5.0,Champions
CUST-09881,52,9,2815.07,5,5,4,554,4.67,Champions
CUST-06277,52,9,6057.78,5,5,5,555,5.0,Champions
CUST-08856,52,9,6410.25,5,5,5,555,5.0,Champions
CUST-09025,52,11,4050.84,5,5,5,555,5.0,Champions
CUST-11097,52,12,5802.53,5,5,5,555,5.0,Champions
CUST-13287,51,2,493.61,5,1,1,511,2.33,New Customers
CUST-09774,51,2,890.12,5,1,2,512,2.67,New Customers
CUST-07264,51,2,2798.18,5,1,4,514,3.33,New Customers
CUST-11152,51,3,772.62,5,1,2,512,2.67,New Customers
CUST-08548,51,3,826.32,5,1,2,512,2.67,New Customers
CUST-08814,51,3,833.32,5,1,2,512,2.67,New Customers
CUST-03100,51,3,1051.18,5,1,2,512,2.67,New Customers
CUST-00100,51,3,1200.68,5,2,2,522,3.0,New Customers
CUST-02919,51,3,1345.4,5,2,2,522,3.0,New Customers
CUST-11155,51,3,1454.2,5,2,3,523,3.33,New Customers
CUST-00205,51,4,411.49,5,2,1,521,2.67,New Customers
CUST-09640,51,4,417.33,5,2,1,521,2.67,New Customers
CUST-13228,51,4,1111.57,5,2,2,522,3.0,New Customers
CUST-13354,51,4,1308.45,5,2,2,522,3.0,New Customers
CUST-10056,51,4,2265.44,5,2,4,524,3.67,New Customers
CUST-08901,51,4,2473.51,5,3,4,534,4.0,Potential Loyalists
CUST-00947,51,4,2594.39,5,3,4,534,4.0,Potential Loyalists
CUST-11067,51,4,3242.41,5,3,5,535,4.33,Potential Loyalists
CUST-11039,51,5,787.31,5,3,2,532,3.33,Potential Loyalists
CUST-12952,51,5,895.41,5,3,2,532,3.33,Potential Loyalists
CUST-07390,51,5,1145.64,5,3,2,532,3.33,Potential Loyalists
CUST-08539,51,5,3570.8,5,3,5,535,4.33,Potential Loyalists
CUST-09023,51,6,932.55,5,4,2,542,3.67,Potential Loyalists
CUST-05133,51,6,2046.88,5,4,3,543,4.0,Loyal Customers
CUST-09676,51,6,2579.23,5,4,4,544,4.33,Champions
CUST-08410,51,6,2742.48,5,4,4,544,4.33,Champions
CUST-13596,51,6,2799.45,5,4,4,544,4.33,Champions
CUST-14109,51,6,3143.0,5,4,5,545,4.67,Champions
CUST-09623,51,6,3305.85,5,4,5,545,4.67,Champions
CUST-04412,51,6,3441.04,5,4,5,545,4.67,Champions
CUST-02683,51,7,665.61,5,4,1,541,3.33,Potential Loyalists
CUST-01680,51,7,1998.37,5,4,3,543,4.0,Loyal Customers
CUST-10125,51,7,3031.65,5,5,5,555,5.0,Champions
CUST-01109,51,7,3395.18,5,5,5,555,5.0,Champions
CUST-14958,51,7,4246.31,5,5,5,555,5.0,Champions
CUST-11485,51,8,1182.4,5,5,2,552,4.0,Potential Loyalists
CUST-06114,51,8,1816.58,5,5,3,553,4.33,Loyal Customers
CUST-07514,51,8,1887.29,5,5,3,553,4.33,Loyal Customers
CUST-09189,51,8,2780.01,5,5,4,554,4.67,Champions
CUST-06771,51,8,4480.27,5,5,5,555,5.0,Champions
CUST-11629,51,8,5943.57,5,5,5,555,5.0,Champions
CUST-00413,51,9,1831.31,5,5,3,553,4.33,Loyal Customers
CUST-04661,51,9,2487.63,5,5,4,554,4.67,Champions
CUST-09662,51,10,2575.43,5,5,4,554,4.67,Champions
CUST-03978,51,10,2652.13,5,5,4,554,4.67,Champions
CUST-07941,51,10,4052.08,5,5,5,555,5.0,Champions
CUST-05344,51,10,4250.22,5,5,5,555,5.0,Champions
CUST-04505,51,10,4831.51,5,5,5,555,5.0,Champions
CUST-11894,51,12,4191.18,5,5,5,555,5.0,Champions
CUST-05664,50,2,249.69,5,1,1,511,2.33,New Customers
CUST-02513,50,2,386.7,5,1,1,511,2.33,New Customers
CUST-09655,50,2,1322.85,5,1,2,512,2.67,New Customers
CUST-08721,50,3,708.04,5,1,1,511,2.33,New Customers
CUST-14366,50,3,849.45,5,1,2,512,2.67,New Customers
CUST-01965,50,3,972.13,5,1,2,512,2.67,New Customers
CUST-07828,50,3,3028.55,5,2,5,525,4.0,New Customers
CUST-05413,50,4,315.58,5,2,1,521,2.67,New Customers
CUST-10387,50,4,481.67,5,2,1,521,2.67,New Customers
CUST-08592,50,4,1422.4,5,2,3,523,3.33,New Customers
CUST-14727,50,4,1422.89,5,2,3,523,3.33,New Customers
CUST-10122,50,4,1431.88,5,2,3,523,3.33,New Customers
CUST-00174,50,4,2347.91,5,2,4,524,3.67,New Customers
CUST-11923,50,4,2351.17,5,2,4,524,3.67,New Customers
CUST-03890,50,4,3146.72,5,3,5,535,4.33,Potential Loyalists
CUST-02483,50,5,810.77,5,3,2,532,3.33,Potential Loyalists
CUST-04911,50,5,887.28,5,3,2,532,3.33,Potential Loyalists
CUST-11786,50,5,1571.44,5,3,3,533,3.67,Potential Loyalists
CUST-08928,50,5,2497.27,5,3,4,534,4.0,Potential Loyalists
CUST-09717,50,5,2568.37,5,3,4,534,4.0,Potential Loyalists
CUST-11805,50,5,2717.2,5,3,4,534,4.0,Potential Loyalists
CUST-04105,50,5,3043.83,5,3,5,535,4.33,Potential Loyalists
CUST-13830,50,5,3291.21,5,3,5,535,4.33,Potential Loyalists
CUST-07251,50,5,3385.52,5,3,5,535,4.33,Potential Loyalists
CUST-07171,50,6,779.64,5,4,2,542,3.67,Potential Loyalists
CUST-07902,50,6,1421.69,5,4,3,543,4.0,Loyal Customers
CUST-05702,50,6,1624.65,5,4,3,543,4.0,Loyal Customers
CUST-02946,50,6,1793.09,5,4,3,543,4.0,Loyal Customers
CUST-10949,50,6,1852.73,5,4,3,543,4.0,Loyal Customers
CUST-07158,50,6,2394.62,5,4,4,544,4.33,Champions
CUST-09944,50,6,2405.8,5,4,4,544,4.33,Champions
CUST-08860,50,6,2858.37,5,4,4,544,4.33,Champions
CUST-12597,50,6,3733.02,5,4,5,545,4.67,Champions
CUST-04229,50,7,1608.05,5,4,3,543,4.0,Loyal Customers
CUST-02471,50,7,2312.89,5,5,4,554,4.67,Champions
CUST-07470,50,7,2703.26,5,5,4,554,4.67,Champions
CUST-11790,50,7,2912.3,5,5,4,554,4.67,Champions
CUST-13798,50,8,2974.57,5,5,4,554,4.67,Champions
CUST-00641,50,8,3255.69,5,5,5,555,5.0,Champions
CUST-01576,50,8,6202.7,5,5,5,555,5.0,Champions
CUST-09313,50,9,2496.38,5,5,4,554,4.67,Champions
CUST-14878,50,9,2576.19,5,5,4,554,4.67,Champions
CUST-06957,50,9,2669.09,5,5,4,554,4.67,Champions
CUST-13425,50,10,3394.17,5,5,5,555,5.0,Champions
CUST-07896,50,10,5535.35,5,5,5,555,5.0,Champions
CUST-01347,50,11,4438.15,5,5,5,555,5.0,Champions
CUST-13576,50,11,4536.19,5,5,5,555,5.0,Champions
CUST-11030,50,12,5159.31,5,5,5,555,5.0,Champions
CUST-08724,49,2,170.55,5,1,1,511,2.33,New Customers
CUST-06715,49,2,388.63,5,1,1,511,2.33,New Customers
CUST-12280,49,2,601.37,5,1,1,511,2.33,New Customers
CUST-09210,49,2,928.69,5,1,2,512,2.67,New Customers
CUST-01144,49,2,2311.67,5,1,4,514,3.33,New Customers
CUST-13058,49,3,1181.68,5,2,2,522,3.0,New Customers
CUST-08920,49,3,1668.26,5,2,3,523,3.33,New Customers
CUST-08077,49,3,2749.59,5,2,4,524,3.67,New Customers
CUST-12658,49,4,355.83,5,2,1,521,2.67,New Customers
CUST-06681,49,4,529.34,5,2,1,521,2.67,New Customers
CUST-04224,49,4,1044.64,5,2,2,522,3.0,New Customers
CUST-11408,49,4,1124.69,5,2,2,522,3.0,New Customers
CUST-02349,49,4,1714.4,5,2,3,523,3.33,New Customers
CUST-12774,49,4,1778.01,5,2,3,523,3.33,New Customers
CUST-05173,49,4,1812.63,5,2,3,523,3.33,New Customers
CUST-04656,49,4,1889.64,5,2,3,523,3.33,New Customers
CUST-12718,49,4,2184.36,5,2,4,524,3.67,New Customers
CUST-06654,49,5,942.87,5,3,2,532,3.33,Potential Loyalists
CUST-12555,49,5,1067.71,5,3,2,532,3.33,Potential Loyalists
CUST-09644,49,5,1210.51,5,3,2,532,3.33,Potential Loyalists
CUST-08589,49,5,1227.66,5,3,2,532,3.33,Potential Loyalists
CUST-14224,49,5,1419.78,5,3,3,533,3.67,Potential Loyalists
CUST-04091,49,5,1530.15,5,3,3,533,3.67,Potential Loyalists
CUST-11669,49,5,1649.61,5,3,3,533,3.67,Potential Loyalists
CUST-04766,49,5,2201.67,5,3,4,534,4.0,Potential Loyalists
CUST-06263,49,5,3113.6,5,3,5,535,4.33,Potential Loyalists
CUST-05155,49,5,3322.14,5,3,5,535,4.33,Potential Loyalists
CUST-14647,49,6,512.42,5,4,1,541,3.33,Potential Loyalists
CUST-13171,49,6,1296.65,5,4,2,542,3.67,Potential Loyalists
CUST-12415,49,6,1579.45,5,4,3,543,4.0,Loyal Customers
CUST-14425,49,6,1741.91,5,4,3,543,4.0,Loyal Customers
CUST-13412,49,6,1776.6,5,4,3,543,4.0,Loyal Customers
CUST-14901,49,6,2446.51,5,4,4,544,4.33,Champions
CUST-02801,49,6,2795.57,5,4,4,544,4.33,Champions
CUST-06141,49,6,2965.27,5,4,4,544,4.33,Champions
CUST-03169,49,6,2981.59,5,4,4,544,4.33,Champions
CUST-06540,49,6,3072.48,5,4,5,545,4.67,Champions
CUST-01074,49,6,3093.39,5,4,5,545,4.67,Champions
CUST-00850,49,6,3280.4,5,4,5,545,4.67,Champions
CUST-02843,49,6,3300.05,5,4,5,545,4.67,Champions
CUST-11013,49,6,3320.89,5,4,5,545,4.67,Champions
CUST-13624,49,6,3622.35,5,4,5,545,4.67,Champions
CUST-02938,49,6,5022.76,5,4,5,545,4.67,Champions
CUST-14618,49,7,797.38,5,4,2,542,3.67,Potential Loyalists
CUST-04402,49,7,881.82,5,4,2,542,3.67,Potential Loyalists
CUST-07288,49,7,2032.16,5,4,3,543,4.0,Loyal Customers
CUST-05660,49,7,2484.41,5,5,4,554,4.67,Champions
CUST-08599,49,7,2887.67,5,5,4,554,4.67,Champions
CUST-12659,49,7,4294.84,5,5,5,555,5.0,Champions
CUST-10286,49,8,2557.5,5,5,4,554,4.67,Champions
CUST-03180,49,8,2714.67,5,5,4,554,4.67,Champions
CUST-14503,49,8,3234.17,5,5,5,555,5.0,Champions
CUST-10700,49,8,3988.02,5,5,5,555,5.0,Champions
CUST-02587,49,8,4334.57,5,5,5,555,5.0,Champions
CUST-10202,49,8,5632.04,5,5,5,555,5.0,Champions
CUST-02394,49,9,4720.43,5,5,5,555,5.0,Champions
CUST-05538,49,9,4801.84,5,5,5,555,5.0,Champions
CUST-00088,49,11,5339.26,5,5,5,555,5.0,Champions
CUST-01077,49,12,4519.52,5,5,5,555,5.0,Champions
CUST-14018,48,2,97.34,5,1,1,511,2.33,New Customers
CUST-11070,48,2,142.99,5,1,1,511,2.33,New Customers
CUST-00594,48,2,290.43,5,1,1,511,2.33,New Customers
CUST-12783,48,2,627.65,5,1,1,511,2.33,New Customers
CUST-10745,48,2,707.52,5,1,1,511,2.33,New Customers
CUST-11194,48,2,1087.16,5,1,2,512,2.67,New Customers
CUST-13693,48,3,224.75,5,1,1,511,2.33,New Customers
CUST-13118,48,3,462.35,5,1,1,511,2.33,New Customers
CUST-07582,48,3,548.04,5,1,1,511,2.33,New Customers
CUST-10121,48,3,755.22,5,1,2,512,2.67,New Customers
CUST-04955,48,3,906.59,5,1,2,512,2.67,New Customers
CUST-03940,48,3,1121.99,5,2,2,522,3.0,New Customers
CUST-10165,48,3,1501.61,5,2,3,523,3.33,New Customers
CUST-12260,48,3,1753.22,5,2,3,523,3.33,New Customers
CUST-04267,48,3,2071.95,5,2,4,524,3.67,New Customers
CUST-03469,48,3,2226.03,5,2,4,524,3.67,New Customers
CUST-02011,48,3,5574.32,5,2,5,525,4.0,New Customers
CUST-01583,48,4,494.91,5,2,1,521,2.67,New Customers
CUST-08103,48,4,728.97,5,2,1,521,2.67,New Customers
CUST-11797,48,4,1141.91,5,2,2,522,3.0,New Customers
CUST-01661,48,4,2123.4,5,2,4,524,3.67,New Customers
CUST-10629,48,4,2349.3,5,2,4,524,3.67,New Customers
CUST-11784,48,4,4671.63,5,3,5,535,4.33,Potential Loyalists
CUST-14912,48,5,298.84,5,3,1,531,3.0,Potential Loyalists
CUST-10183,48,5,832.84,5,3,2,532,3.33,Potential Loyalists
CUST-08568,48,5,984.83,5,3,2,532,3.33,Potential Loyalists
CUST-02597,48,5,1918.34,5,3,3,533,3.67,Potential Loyalists
CUST-07290,48,5,2055.95,5,3,3,533,3.67,Potential Loyalists
CUST-07020,48,5,2579.66,5,3,4,534,4.0,Potential Loyalists
CUST-03284,48,6,724.63,5,4,1,541,3.33,Potential Loyalists
CUST-13119,48,6,1287.25,5,4,2,542,3.67,Potential Loyalists
CUST-02661,48,6,1580.91,5,4,3,543,4.0,Loyal Customers
CUST-10465,48,6,1703.87,5,4,3,543,4.0,Loyal Customers
CUST-07418,48,6,1886.05,5,4,3,543,4.0,Loyal Customers
CUST-02026,48,6,2259.9,5,4,4,544,4.33,Champions
CUST-06424,48,6,2360.66,5,4,4,544,4.33,Champions
CUST-08437,48,6,2719.22,5,4,4,544,4.33,Champions
CUST-07862,48,6,3054.36,5,4,5,545,4.67,Champions
CUST-12519,48,6,4152.11,5,4,5,545,4.67,Champions
CUST-00158,48,6,4654.88,5,4,5,545,4.67,Champions
CUST-10618,48,6,4832.5,5,4,5,545,4.67,Champions
CUST-05169,48,7,659.98,5,4,1,541,3.33,Potential Loyalists
CUST-11366,48,7,2613.45,5,5,4,554,4.67,Champions
CUST-13416,48,7,3284.18,5,5,5,555,5.0,Champions
CUST-04692,48,8,1399.74,5,5,3,553,4.33,Loyal Customers
CUST-02099,48,8,2165.53,5,5,4,554,4.67,Champions
CUST-05550,48,8,2921.21,5,5,4,554,4.67,Champions
CUST-01869,48,8,5280.07,5,5,5,555,5.0,Champions
CUST-13990,48,9,2199.09,5,5,4,554,4.67,Champions
CUST-04735,48,9,2834.64,5,5,4,554,4.67,Champions
CUST-08489,48,9,3776.38,5,5,5,555,5.0,Champions
CUST-11819,48,10,3418.98,5,5,5,555,5.0,Champions
CUST-01359,47,3,210.63,5,1,1,511,2.33,New Customers
CUST-07415,47,3,812.74,5,1,2,512,2.67,New Customers
CUST-05426,47,3,900.03,5,1,2,512,2.67,New Customers
CUST-04926,47,3,1029.31,5,1,2,512,2.67,New Customers
CUST-12124,47,3,1039.47,5,1,2,512,2.67,New Customers
CUST-09282,47,3,1450.07,5,2,3,523,3.33,New Customers
CUST-08309,47,4,420.01,5,2,1,521,2.67,New Customers
CUST-03675,47,4,468.16,5,2,1,521,2.67,New Customers
CUST-08947,47,4,496.01,5,2,1,521,2.67,New Customers
CUST-05258,47,4,1550.6,5,2,3,523,3.33,New Customers
CUST-14297,47,4,1719.9,5,2,3,523,3.33,New Customers
CUST-12983,47,4,1749.2,5,2,3,523,3.33,New Customers
CUST-01639,47,4,3136.25,5,3,5,535,4.33,Potential Loyalists
CUST-06205,47,4,3431.41,5,3,5,535,4.33,Potential Loyalists
CUST-01832,47,5,506.26,5,3,1,531,3.0,Potential Loyalists
CUST-04813,47,5,655.49,5,3,1,531,3.0,Potential Loyalists
CUST-09227,47,5,1922.93,5,3,3,533,3.67,Potential Loyalists
CUST-12975,47,5,2761.86,5,3,4,534,4.0,Potential Loyalists
CUST-04514,47,5,2900.36,5,3,4,534,4.0,Potential Loyalists
CUST-07699,47,5,4781.79,5,4,5,545,4.67,Champions
CUST-05907,47,6,581.15,5,4,1,541,3.33,Potential Loyalists
CUST-05977,47,6,1758.81,5,4,3,543,4.0,Loyal Customers
CUST-01568,47,6,1897.69,5,4,3,543,4.0,Loyal Customers
CUST-07495,47,6,2364.9,5,4,4,544,4.33,Champions
CUST-06960,47,6,2494.69,5,4,4,544,4.33,Champions
CUST-13130,47,6,2544.07,5,4,4,544,4.33,Champions
CUST-08640,47,6,2836.46,5,4,4,544,4.33,Champions
CUST-05092,47,6,3003.59,5,4,5,545,4.67,Champions
CUST-11968,47,6,3175.93,5,4,5,545,4.67,Champions
CUST-03530,47,7,1192.95,5,4,2,542,3.67,Potential Loyalists
CUST-05810,47,7,1310.59,5,4,2,542,3.67,Potential Loyalists
CUST-07274,47,7,1544.58,5,4,3,543,4.0,Loyal Customers
CUST-13752,47,7,2666.76,5,5,4,554,4.67,Champions
CUST-02015,47,7,2789.94,5,5,4,554,4.67,Champions
CUST-10012,47,7,2924.82,5,5,4,554,4.67,Champions
CUST-00156,47,7,3499.65,5,5,5,555,5.0,Champions
CUST-07069,47,7,5452.03,5,5,5,555,5.0,Champions
CUST-09160,47,8,1190.81,5,5,2,552,4.0,Potential Loyalists
CUST-02204,47,8,1700.69,5,5,3,553,4.33,Loyal Customers
CUST-12027,47,8,2115.74,5,5,4,554,4.67,Champions
CUST-08475,47,8,2530.28,5,5,4,554,4.67,Champions
CUST-08278,47,8,3381.43,5,5,5,555,5.0,Champions
CUST-03422,47,8,4022.48,5,5,5,555,5.0,Champions
CUST-08019,47,8,5148.47,5,5,5,555,5.0,Champions
CUST-04335,47,9,4365.39,5,5,5,555,5.0,Champions
CUST-08211,47,11,2058.21,5,5,3,553,4.33,Loyal Customers
CUST-01541,46,2,841.77,5,1,2,512,2.67,New Customers
CUST-14373,46,2,1348.87,5,1,2,512,2.67,New Customers
CUST-02910,46,2,1876.38,5,1,3,513,3.0,New Customers
CUST-12372,46,3,174.4,5,1,1,511,2.33,New Customers
CUST-02869,46,3,405.32,5,1,1,511,2.33,New Customers
CUST-08036,46,3,611.77,5,1,1,511,2.33,New Customers
CUST-06521,46,3,674.93,5,1,1,511,2.33,New Customers
CUST-11992,46,3,1220.88,5,2,2,522,3.0,New Customers
CUST-10581,46,4,746.82,5,2,1,521,2.67,New Customers
CUST-03939,46,4,766.04,5,2,2,522,3.0,New Customers
CUST-04975,46,4,807.45,5,2,2,522,3.0,New Customers
CUST-12318,46,4,2344.85,5,2,4,524,3.67,New Customers
CUST-10083,46,4,2500.25,5,3,4,534,4.0,Potential Loyalists
CUST-14768,46,4,2945.56,5,3,4,534,4.0,Potential Loyalists
CUST-01399,46,5,336.27,5,3,1,531,3.0,Potential Loyalists
CUST-14202,46,5,348.56,5,3,1,531,3.0,Potential Loyalists
CUST-02341,46,5,1237.69,5,3,2,532,3.33,Potential Loyalists
CUST-06989,46,5,1844.18,5,3,3,533,3.67,Potential Loyalists
CUST-14417,46,5,2054.92,5,3,3,533,3.67,Potential Loyalists
CUST-11906,46,5,2336.58,5,3,4,534,4.0,Potential Loyalists
CUST-02735,46,5,2652.0,5,3,4,534,4.0,Potential Loyalists
CUST-02211,46,5,3026.69,5,3,5,535,4.33,Potential Loyalists
CUST-13946,46,5,3052.05,5,3,5,535,4.33,Potential Loyalists
CUST-02908,46,5,3727.96,5,3,5,535,4.33,Potential Loyalists
CUST-12508,46,5,6033.23,5,4,5,545,4.67,Champions
CUST-10563,46,6,945.34,5,4,2,542,3.67,Potential Loyalists
CUST-01320,46,6,950.34,5,4,2,542,3.67,Potential Loyalists
CUST-10613,46,6,1788.81,5,4,3,543,4.0,Loyal Customers
CUST-13247,46,6,2000.43,5,4,3,543,4.0,Loyal Customers
CUST-00026,46,6,3315.34,5,4,5,545,4.67,Champions
CUST-04234,46,7,1816.74,5,4,3,543,4.0,Loyal Customers
CUST-01725,46,7,2530.71,5,5,4,554,4.67,Champions
CUST-10405,46,7,2603.35,5,5,4,554,4.67,Champions
CUST-06881,46,7,4699.48,5,5,5,555,5.0,Champions
CUST-07734,46,8,2298.47,5,5,4,554,4.67,Champions
CUST-13395,46,8,2566.53,5,5,4,554,4.67,Champions
CUST-00195,46,8,2759.17,5,5,4,554,4.67,Champions
CUST-01959,46,8,2944.42,5,5,4,554,4.67,Champions
CUST-14207,46,8,3831.72,5,5,5,555,5.0,Champions
CUST-14879,46,8,4634.98,5,5,5,555,5.0,Champions
CUST-10375,46,8,5630.71,5,5,5,555,5.0,Champions
CUST-12523,46,9,1936.06,5,5,3,553,4.33,Loyal Customers
CUST-14416,46,9,2808.4,5,5,4,554,4.67,Champions
CUST-13713,46,9,2833.63,5,5,4,554,4.67,Champions
CUST-14294,46,9,4731.83,5,5,5,555,5.0,Champions
CUST-09688,46,10,6735.61,5,5,5,555,5.0,Champions
CUST-06422,46,11,3364.01,5,5,5,555,5.0,Champions
CUST-12436,46,12,3078.84,5,5,5,555,5.0,Champions
CUST-02426,45,2,1234.74,5,1,2,512,2.67,New Customers
CUST-14708,45,2,1298.31,5,1,2,512,2.67,New Customers
CUST-03385,45,3,189.4,5,1,1,511,2.33,New Customers
CUST-12552,45,3,852.43,5,1,2,512,2.67,New Customers
CUST-01486,45,3,4032.51,5,2,5,525,4.0,New Customers
CUST-03186,45,4,501.08,5,2,1,521,2.67,New Customers
CUST-03710,45,4,532.66,5,2,1,521,2.67,New Customers
CUST-00355,45,4,783.96,5,2,2,522,3.0,New Customers
CUST-01882,45,4,872.29,5,2,2,522,3.0,New Customers
CUST-13857,45,4,2210.71,5,2,4,524,3.67,New Customers
CUST-09096,45,5,751.33,5,3,1,531,3.0,Potential Loyalists
CUST-01293,45,5,783.0,5,3,2,532,3.33,Potential Loyalists
CUST-01539,45,5,1466.07,5,3,3,533,3.67,Potential Loyalists
CUST-09918,45,5,1602.4,5,3,3,533,3.67,Potential Loyalists
CUST-04749,45,5,3020.73,5,3,5,535,4.33,Potential Loyalists
CUST-05280,45,5,3213.14,5,3,5,535,4.33,Potential Loyalists
CUST-00520,45,5,3286.13,5,3,5,535,4.33,Potential Loyalists
CUST-14665,45,5,3328.38,5,3,5,535,4.33,Potential Loyalists
CUST-08511,45,5,3382.49,5,3,5,535,4.33,Potential Loyalists
CUST-07145,45,5,3441.94,5,3,5,535,4.33,Potential Loyalists
CUST-04059,45,6,591.44,5,4,1,541,3.33,Potential Loyalists
CUST-05685,45,6,2143.02,5,4,4,544,4.33,Champions
CUST-05255,45,6,2410.29,5,4,4,544,4.33,Champions
CUST-11944,45,6,2739.63,5,4,4,544,4.33,Champions
CUST-09596,45,6,2757.13,5,4,4,544,4.33,Champions
CUST-04561,45,6,3044.11,5,4,5,545,4.67,Champions
CUST-05908,45,6,3454.72,5,4,5,545,4.67,Champions
CUST-02428,45,6,3665.05,5,4,5,545,4.67,Champions
CUST-00375,45,6,4004.32,5,4,5,545,4.67,Champions
CUST-02708,45,6,4830.6,5,4,5,545,4.67,Champions
CUST-13322,45,6,5986.14,5,4,5,545,4.67,Champions
CUST-08869,45,7,1574.43,5,4,3,543,4.0,Loyal Customers
CUST-03283,45,7,1959.58,5,4,3,543,4.0,Loyal Customers
CUST-00360,45,7,2148.7,5,5,4,554,4.67,Champions
CUST-14278,45,7,2508.26,5,5,4,554,4.67,Champions
CUST-07314,45,7,2562.35,5,5,4,554,4.67,Champions
CUST-12491,45,7,4556.15,5,5,5,555,5.0,Champions
CUST-08023,45,8,1897.81,5,5,3,553,4.33,Loyal Customers
CUST-08062,45,8,2232.49,5,5,4,554,4.67,Champions
CUST-06695,45,8,2654.28,5,5,4,554,4.67,Champions
CUST-00064,45,8,2733.14,5,5,4,554,4.67,Champions
CUST-01313,45,8,4219.57,5,5,5,555,5.0,Champions
CUST-10693,45,9,2076.82,5,5,4,554,4.67,Champions
CUST-02605,45,9,3797.06,5,5,5,555,5.0,Champions
CUST-04239,45,9,5608.52,5,5,5,555,5.0,Champions
CUST-13240,45,9,6146.25,5,5,5,555,5.0,Champions
CUST-09400,45,10,1008.64,5,5,2,552,4.0,Potential Loyalists
CUST-02033,45,10,3405.38,5,5,5,555,5.0,Champions
CUST-09702,45,10,3487.12,5,5,5,555,5.0,Champions
CUST-14080,45,10,4496.3,5,5,5,555,5.0,Champions
CUST-03684,45,11,5644.8,5,5,5,555,5.0,Champions
CUST-09238,44,2,206.52,5,1,1,511,2.33,New Customers
CUST-03367,44,2,314.74,5,1,1,511,2.33,New Customers
CUST-09254,44,2,356.56,5,1,1,511,2.33,New Customers
CUST-13309,44,2,697.81,5,1,1,511,2.33,New Customers
CUST-13115,44,2,1335.31,5,1,2,512,2.67,New Customers
CUST-03903,44,3,492.37,5,1,1,511,2.33,New Customers
CUST-08912,44,3,1269.76,5,2,2,522,3.0,New Customers
CUST-04495,44,3,1551.37,5,2,3,523,3.33,New Customers
CUST-09473,44,3,2003.41,5,2,3,523,3.33,New Customers
CUST-13349,44,4,283.51,5,2,1,521,2.67,New Customers
CUST-05648,44,4,380.49,5,2,1,521,2.67,New Customers
CUST-05895,44,4,533.55,5,2,1,521,2.67,New Customers
CUST-14487,44,4,879.07,5,2,2,522,3.0,New Customers
CUST-03452,44,4,1440.34,5,2,3,523,3.33,New Customers
CUST-02736,44,4,1572.33,5,2,3,523,3.33,New Customers
CUST-02480,44,4,1805.56,5,2,3,523,3.33,New Customers
CUST-04038,44,4,1823.05,5,2,3,523,3.33,New Customers
CUST-13361,44,4,2025.29,5,2,3,523,3.33,New Customers
CUST-13456,44,4,3528.31,5,3,5,535,4.33,Potential Loyalists
CUST-04552,44,5,787.56,5,3,2,532,3.33,Potential Loyalists
CUST-00478,44,5,922.24,5,3,2,532,3.33,Potential Loyalists
CUST-07351,44,5,1065.89,5,3,2,532,3.33,Potential Loyalists
CUST-05588,44,5,1308.2,5,3,2,532,3.33,Potential Loyalists
CUST-03242,44,5,1324.49,5,3,2,532,3.33,Potential Loyalists
CUST-02593,44,5,1332.44,5,3,2,532,3.33,Potential Loyalists
CUST-11046,44,5,1351.9,5,3,2,532,3.33,Potential Loyalists
CUST-09125,44,5,1432.77,5,3,3,533,3.67,Potential Loyalists
CUST-13435,44,5,1456.85,5,3,3,533,3.67,Potential Loyalists
CUST-11774,44,5,1639.23,5,3,3,533,3.67,Potential Loyalists
CUST-05507,44,5,1639.99,5,3,3,533,3.67,Potential Loyalists
CUST-14666,44,5,1953.94,5,3,3,533,3.67,Potential Loyalists
CUST-00133,44,5,2062.16,5,3,3,533,3.67,Potential Loyalists
CUST-10111,44,5,2539.2,5,3,4,534,4.0,Potential Loyalists
CUST-09185,44,6,848.9,5,4,2,542,3.67,Potential Loyalists
CUST-07672,44,6,1032.42,5,4,2,542,3.67,Potential Loyalists
CUST-00971,44,6,1096.99,5,4,2,542,3.67,Potential Loyalists
CUST-04046,44,6,1592.08,5,4,3,543,4.0,Loyal Customers
CUST-13358,44,6,2408.42,5,4,4,544,4.33,Champions
CUST-14669,44,6,2416.53,5,4,4,544,4.33,Champions
CUST-04521,44,6,2416.87,5,4,4,544,4.33,Champions
CUST-04162,44,6,2592.65,5,4,4,544,4.33,Champions
CUST-12447,44,6,2863.51,5,4,4,544,4.33,Champions
CUST-03891,44,6,2997.93,5,4,4,544,4.33,Champions
CUST-06293,44,6,3438.98,5,4,5,545,4.67,Champions
CUST-09283,44,6,3759.9,5,4,5,545,4.67,Champions
CUST-07486,44,6,3952.04,5,4,5,545,4.67,Champions
CUST-13539,44,6,4069.09,5,4,5,545,4.67,Champions
CUST-00540,44,6,4494.83,5,4,5,545,4.67,Champions
CUST-08868,44,6,5991.11,5,4,5,545,4.67,Champions
CUST-11681,44,7,1638.56,5,4,3,543,4.0,Loyal Customers
CUST-11290,44,7,2852.75,5,5,4,554,4.67,Champions
CUST-10572,44,7,2944.27,5,5,4,554,4.67,Champions
CUST-03465,44,7,3411.85,5,5,5,555,5.0,Champions
CUST-09020,44,8,1939.21,5,5,3,553,4.33,Loyal Customers
CUST-12767,44,8,3232.53,5,5,5,555,5.0,Champions
CUST-00165,44,8,4615.96,5,5,5,555,5.0,Champions
CUST-06974,44,9,5310.41,5,5,5,555,5.0,Champions
CUST-06334,44,10,3287.73,5,5,5,555,5.0,Champions
CUST-05546,44,11,8255.05,5,5,5,555,5.0,Champions
CUST-02506,44,12,5338.96,5,5,5,555,5.0,Champions
CUST-14606,43,2,288.99,5,1,1,511,2.33,New Customers
CUST-02417,43,3,215.53,5,1,1,511,2.33,New Customers
CUST-10095,43,3,261.61,5,1,1,511,2.33,New Customers
CUST-14411,43,3,606.62,5,1,1,511,2.33,New Customers
CUST-02846,43,3,747.39,5,1,1,511,2.33,New Customers
CUST-05119,43,3,1166.1,5,2,2,522,3.0,New Customers
CUST-04557,43,3,2261.87,5,2,4,524,3.67,New Customers
CUST-13245,43,3,2967.26,5,2,4,524,3.67,New Customers
CUST-09128,43,4,1272.02,5,2,2,522,3.0,New Customers
CUST-02763,43,4,1278.88,5,2,2,522,3.0,New Customers
CUST-07438,43,4,1681.61,5,2,3,523,3.33,New Customers
CUST-08576,43,4,2012.09,5,2,3,523,3.33,New Customers
CUST-12679,43,4,2020.39,5,2,3,523,3.33,New Customers
CUST-08435,43,4,2090.48,5,2,4,524,3.67,New Customers
CUST-00954,43,4,2153.96,5,2,4,524,3.67,New Customers
CUST-00070,43,4,2233.3,5,2,4,524,3.67,New Customers
CUST-06193,43,4,2253.23,5,2,4,524,3.67,New Customers
CUST-07184,43,5,237.34,5,3,1,531,3.0,Potential Loyalists
CUST-06094,43,5,770.01,5,3,2,532,3.33,Potential Loyalists
CUST-13673,43,5,944.18,5,3,2,532,3.33,Potential Loyalists
CUST-00559,43,5,1448.54,5,3,3,533,3.67,Potential Loyalists
CUST-12166,43,5,1637.8,5,3,3,533,3.67,Potential Loyalists
CUST-07197,43,5,2517.86,5,3,4,534,4.0,Potential Loyalists
CUST-05095,43,6,1230.86,5,4,2,542,3.67,Potential Loyalists
CUST-06979,43,6,1636.07,5,4,3,543,4.0,Loyal Customers
CUST-01579,43,6,2023.75,5,4,3,543,4.0,Loyal Customers
CUST-01519,43,6,2378.77,5,4,4,544,4.33,Champions
CUST-14595,43,6,2876.31,5,4,4,544,4.33,Champions
CUST-05688,43,7,1934.28,5,4,3,543,4.0,Loyal Customers
CUST-11190,43,7,3381.03,5,5,5,555,5.0,Champions
CUST-09798,43,8,1811.13,5,5,3,553,4.33,Loyal Customers
CUST-11378,43,9,1589.33,5,5,3,553,4.33,Loyal Customers
CUST-13666,43,9,4402.8,5,5,5,555,5.0,Champions
CUST-00694,43,10,3950.06,5,5,5,555,5.0,Champions
CUST-07469,43,11,3589.1,5,5,5,555,5.0,Champions
CUST-00538,42,2,787.35,5,1,2,512,2.67,New Customers
CUST-07361,42,3,1219.53,5,2,2,522,3.0,New Customers
CUST-14714,42,3,2360.35,5,2,4,524,3.67,New Customers
CUST-03095,42,4,446.79,5,2,1,521,2.67,New Customers
CUST-07936,42,4,552.92,5,2,1,521,2.67,New Customers
CUST-06808,42,4,1124.99,5,2,2,522,3.0,New Customers
CUST-08239,42,4,1142.9,5,2,2,522,3.0,New Customers
CUST-08450,42,4,1150.28,5,2,2,522,3.0,New Customers
CUST-04867,42,4,1385.37,5,2,2,522,3.0,New Customers
CUST-03909,42,4,1553.45,5,2,3,523,3.33,New Customers
CUST-09958,42,4,1634.87,5,2,3,523,3.33,New Customers
CUST-05364,42,5,440.44,5,3,1,531,3.0,Potential Loyalists
CUST-00182,42,5,883.85,5,3,2,532,3.33,Potential Loyalists
CUST-04897,42,5,1093.13,5,3,2,532,3.33,Potential Loyalists
CUST-01509,42,5,1373.84,5,3,2,532,3.33,Potential Loyalists
CUST-07649,42,5,1392.54,5,3,3,533,3.67,Potential Loyalists
CUST-04359,42,5,1762.1,5,3,3,533,3.67,Potential Loyalists
CUST-10240,42,5,2280.89,5,3,4,534,4.0,Potential Loyalists
CUST-05203,42,5,3455.92,5,3,5,535,4.33,Potential Loyalists
CUST-07156,42,6,1375.03,5,4,2,542,3.67,Potential Loyalists
CUST-10998,42,6,1552.33,5,4,3,543,4.0,Loyal Customers
CUST-12878,42,6,2377.42,5,4,4,544,4.33,Champions
CUST-08300,42,6,2703.29,5,4,4,544,4.33,Champions
CUST-03050,42,6,2704.69,5,4,4,544,4.33,Champions
CUST-14151,42,6,3086.57,5,4,5,545,4.67,Champions
CUST-07173,42,6,3648.81,5,4,5,545,4.67,Champions
CUST-09291,42,6,4162.61,5,4,5,545,4.67,Champions
CUST-04461,42,7,770.37,5,4,2,542,3.67,Potential Loyalists
CUST-03545,42,7,842.37,5,4,2,542,3.67,Potential Loyalists
CUST-02888,42,7,1548.53,5,4,3,543,4.0,Loyal Customers
CUST-06470,42,7,1979.32,5,4,3,543,4.0,Loyal Customers
CUST-12914,42,7,2778.93,5,5,4,554,4.67,Champions
CUST-03204,42,7,2833.8,5,5,4,554,4.67,Champions
CUST-05319,42,7,4780.13,5,5,5,555,5.0,Champions
CUST-14354,42,7,5005.63,5,5,5,555,5.0,Champions
CUST-11565,42,8,1532.65,5,5,3,553,4.33,Loyal Customers
CUST-06054,42,8,2680.25,5,5,4,554,4.67,Champions
CUST-11701,42,8,3310.77,5,5,5,555,5.0,Champions
CUST-04343,42,8,4670.94,5,5,5,555,5.0,Champions
CUST-14731,42,8,4763.94,5,5,5,555,5.0,Champions
CUST-01585,42,8,5077.11,5,5,5,555,5.0,Champions
CUST-14119,42,9,2890.74,5,5,4,554,4.67,Champions
CUST-08053,42,9,4174.78,5,5,5,555,5.0,Champions
CUST-06588,42,9,6462.9,5,5,5,555,5.0,Champions
CUST-07007,42,10,3278.82,5,5,5,555,5.0,Champions
CUST-04786,42,11,3802.97,5,5,5,555,5.0,Champions
CUST-02753,42,11,5610.1,5,5,5,555,5.0,Champions
CUST-13190,42,12,4487.43,5,5,5,555,5.0,Champions
CUST-03623,41,2,419.28,5,1,1,511,2.33,New Customers
CUST-10725,41,2,568.03,5,1,1,511,2.33,New Customers
CUST-04253,41,2,701.76,5,1,1,511,2.33,New Customers
CUST-02176,41,3,442.49,5,1,1,511,2.33,New Customers
CUST-03863,41,3,498.14,5,1,1,511,2.33,New Customers
CUST-11412,41,3,793.46,5,1,2,512,2.67,New Customers
CUST-05121,41,3,906.64,5,1,2,512,2.67,New Customers
CUST-06964,41,3,1005.76,5,1,2,512,2.67,New Customers
CUST-14273,41,3,1898.0,5,2,3,523,3.33,New Customers
CUST-05696,41,3,2253.27,5,2,4,524,3.67,New Customers
CUST-13655,41,3,2401.94,5,2,4,524,3.67,New Customers
CUST-12995,41,4,242.22,5,2,1,521,2.67,New Customers
CUST-04599,41,4,475.68,5,2,1,521,2.67,New Customers
CUST-09940,41,4,651.27,5,2,1,521,2.67,New Customers
CUST-02202,41,4,764.56,5,2,2,522,3.0,New Customers
CUST-10396,41,4,878.38,5,2,2,522,3.0,New Customers
CUST-00519,41,4,1743.32,5,2,3,523,3.33,New Customers
CUST-14667,41,4,2350.38,5,2,4,524,3.67,New Customers
CUST-05787,41,4,2706.51,5,3,4,534,4.0,Potential Loyalists
CUST-01970,41,4,2958.61,5,3,4,534,4.0,Potential Loyalists
CUST-12169,41,5,398.97,5,3,1,531,3.0,Potential Loyalists
CUST-08900,41,5,881.49,5,3,2,532,3.33,Potential Loyalists
CUST-11258,41,5,966.78,5,3,2,532,3.33,Potential Loyalists
CUST-04917,41,5,1573.87,5,3,3,533,3.67,Potential Loyalists
CUST-07035,41,5,1602.94,5,3,3,533,3.67,Potential Loyalists
CUST-13664,41,5,2391.46,5,3,4,534,4.0,Potential Loyalists
CUST-07947,41,6,1441.92,5,4,3,543,4.0,Loyal Customers
CUST-05893,41,6,1925.62,5,4,3,543,4.0,Loyal Customers
CUST-05454,41,6,2141.07,5,4,4,544,4.33,Champions
CUST-00226,41,6,2359.01,5,4,4,544,4.33,Champions
CUST-12294,41,6,3450.68,5,4,5,545,4.67,Champions
CUST-14398,41,6,4636.33,5,4,5,545,4.67,Champions
CUST-08296,41,7,1295.33,5,4,2,542,3.67,Potential Loyalists
CUST-13401,41,7,1450.1,5,4,3,543,4.0,Loyal Customers
CUST-07296,41,7,2196.44,5,5,4,554,4.67,Champions
CUST-12288,41,7,3858.78,5,5,5,555,5.0,Champions
CUST-04446,41,8,1617.71,5,5,3,553,4.33,Loyal Customers
CUST-08663,41,8,2202.03,5,5,4,554,4.67,Champions
CUST-14423,41,8,3484.77,5,5,5,555,5.0,Champions
CUST-07499,41,8,3694.08,5,5,5,555,5.0,Champions
CUST-13417,41,8,4553.65,5,5,5,555,5.0,Champions
CUST-10489,41,9,3829.53,5,5,5,555,5.0,Champions
CUST-09888,41,9,4772.95,5,5,5,555,5.0,Champions
CUST-12533,41,9,8119.51,5,5,5,555,5.0,Champions
CUST-14838,41,11,3436.8,5,5,5,555,5.0,Champions
CUST-06203,41,12,4604.11,5,5,5,555,5.0,Champions
CUST-12488,40,2,785.4,5,1,2,512,2.67,New Customers
CUST-06021,40,3,435.53,5,1,1,511,2.33,New Customers
CUST-01681,40,3,573.08,5,1,1,511,2.33,New Customers
CUST-03540,40,3,705.1,5,1,1,511,2.33,New Customers
CUST-08487,40,3,1341.25,5,2,2,522,3.0,New Customers
CUST-03087,40,3,1939.38,5,2,3,523,3.33,New Customers
CUST-01558,40,4,418.88,5,2,1,521,2.67,New Customers
CUST-11482,40,4,1487.19,5,2,3,523,3.33,New Customers
CUST-05661,40,5,720.02,5,3,1,531,3.0,Potential Loyalists
CUST-01377,40,5,721.13,5,3,1,531,3.0,Potential Loyalists
CUST-11538,40,5,789.64,5,3,2,532,3.33,Potential Loyalists
CUST-14643,40,5,895.06,5,3,2,532,3.33,Potential Loyalists
CUST-04513,40,5,1078.24,5,3,2,532,3.33,Potential Loyalists
CUST-11200,40,5,1099.36,5,3,2,532,3.33,Potential Loyalists
CUST-05216,40,5,1295.63,5,3,2,532,3.33,Potential Loyalists
CUST-14916,40,5,1432.92,5,3,3,533,3.67,Potential Loyalists
CUST-10300,40,5,1477.64,5,3,3,533,3.67,Potential Loyalists
CUST-03223,40,5,1682.35,5,3,3,533,3.67,Potential Loyalists
CUST-00192,40,5,1994.63,5,3,3,533,3.67,Potential Loyalists
CUST-13631,40,5,2106.64,5,3,4,534,4.0,Potential Loyalists
CUST-10260,40,5,2986.09,5,3,4,534,4.0,Potential Loyalists
CUST-12797,40,5,3513.3,5,3,5,535,4.33,Potential Loyalists
CUST-04959,40,6,807.15,5,4,2,542,3.67,Potential Loyalists
CUST-00798,40,6,960.19,5,4,2,542,3.67,Potential Loyalists
CUST-06436,40,6,1157.23,5,4,2,542,3.67,Potential Loyalists
CUST-14117,40,6,1182.29,5,4,2,542,3.67,Potential Loyalists
CUST-14991,40,6,1426.11,5,4,3,543,4.0,Loyal Customers
CUST-10037,40,6,1439.16,5,4,3,543,4.0,Loyal Customers
CUST-01104,40,6,1636.18,5,4,3,543,4.0,Loyal Customers
CUST-04000,40,6,2341.52,5,4,4,544,4.33,Champions
CUST-11205,40,6,2464.64,5,4,4,544,4.33,Champions
CUST-06236,40,6,3326.54,5,4,5,545,4.67,Champions
CUST-00488,40,6,4128.37,5,4,5,545,4.67,Champions
CUST-12074,40,7,1416.2,5,4,3,543,4.0,Loyal Customers
CUST-03331,40,7,3314.41,5,5,5,555,5.0,Champions
CUST-09590,40,7,3990.61,5,5,5,555,5.0,Champions
CUST-05545,40,7,4514.71,5,5,5,555,5.0,Champions
CUST-00876,40,7,4669.17,5,5,5,555,5.0,Champions
CUST-07329,40,8,902.71,5,5,2,552,4.0,Potential Loyalists
CUST-14868,40,8,2559.17,5,5,4,554,4.67,Champions
CUST-01904,40,8,2730.49,5,5,4,554,4.67,Champions
CUST-04023,40,8,3025.03,5,5,5,555,5.0,Champions
CUST-09455,40,8,7010.88,5,5,5,555,5.0,Champions
CUST-07280,40,9,1557.55,5,5,3,553,4.33,Loyal Customers
CUST-10187,40,10,1001.55,5,5,2,552,4.0,Potential Loyalists
CUST-06632,40,10,3583.37,5,5,5,555,5.0,Champions
CUST-02454,40,10,5869.89,5,5,5,555,5.0,Champions
CUST-12876,40,11,1971.06,5,5,3,553,4.33,Loyal Customers
CUST-04812,39,2,122.83,5,1,1,511,2.33,New Customers
CUST-07776,39,2,322.58,5,1,1,511,2.33,New Customers
CUST-11707,39,2,404.77,5,1,1,511,2.33,New Customers
CUST-01387,39,2,405.87,5,1,1,511,2.33,New Customers
CUST-12875,39,2,1749.26,5,1,3,513,3.0,New Customers
CUST-02472,39,3,515.37,5,1,1,511,2.33,New Customers
CUST-09593,39,3,771.22,5,1,2,512,2.67,New Customers
CUST-02288,39,3,2832.98,5,2,4,524,3.67,New Customers
CUST-06032,39,4,384.38,5,2,1,521,2.67,New Customers
CUST-00729,39,4,1448.11,5,2,3,523,3.33,New Customers
CUST-02470,39,4,1876.33,5,2,3,523,3.33,New Customers
CUST-09885,39,4,2024.74,5,2,3,523,3.33,New Customers
CUST-03925,39,4,2695.42,5,3,4,534,4.0,Potential Loyalists
CUST-01044,39,5,769.45,5,3,2,532,3.33,Potential Loyalists
CUST-00429,39,5,937.38,5,3,2,532,3.33,Potential Loyalists
CUST-07934,39,5,1080.55,5,3,2,532,3.33,Potential Loyalists
CUST-06101,39,5,1391.14,5,3,2,532,3.33,Potential Loyalists
CUST-00450,39,5,1749.71,5,3,3,533,3.67,Potential Loyalists
CUST-09527,39,5,2362.86,5,3,4,534,4.0,Potential Loyalists
CUST-09094,39,5,2731.77,5,3,4,534,4.0,Potential Loyalists
CUST-03175,39,5,3822.29,5,4,5,545,4.67,Champions
CUST-02097,39,5,4444.57,5,4,5,545,4.67,Champions
CUST-00855,39,6,1345.54,5,4,2,542,3.67,Potential Loyalists
CUST-00878,39,6,1436.9,5,4,3,543,4.0,Loyal Customers
CUST-06041,39,6,1732.1,5,4,3,543,4.0,Loyal Customers
CUST-04368,39,6,1937.09,5,4,3,543,4.0,Loyal Customers
CUST-07868,39,6,2004.03,5,4,3,543,4.0,Loyal Customers
CUST-05957,39,6,2196.14,5,4,4,544,4.33,Champions
CUST-09905,39,6,2488.17,5,4,4,544,4.33,Champions
CUST-14717,39,6,3121.12,5,4,5,545,4.67,Champions
CUST-07081,39,6,3263.92,5,4,5,545,4.67,Champions
CUST-03025,39,7,1469.0,5,4,3,543,4.0,Loyal Customers
CUST-14033,39,7,1476.9,5,4,3,543,4.0,Loyal Customers
CUST-09934,39,7,1526.74,5,4,3,543,4.0,Loyal Customers
CUST-08643,39,7,1974.42,5,4,3,543,4.0,Loyal Customers
CUST-14457,39,7,3167.79,5,5,5,555,5.0,Champions
CUST-01428,39,7,3623.86,5,5,5,555,5.0,Champions
CUST-13562,39,7,3803.2,5,5,5,555,5.0,Champions
CUST-04039,39,7,3984.76,5,5,5,555,5.0,Champions
CUST-01776,39,8,1133.52,5,5,2,552,4.0,Potential Loyalists
CUST-04285,39,8,2026.72,5,5,3,553,4.33,Loyal Customers
CUST-08695,39,8,3638.69,5,5,5,555,5.0,Champions
CUST-10976,39,8,4965.79,5,5,5,555,5.0,Champions
CUST-00948,39,9,1948.18,5,5,3,553,4.33,Loyal Customers
CUST-06600,39,9,2128.1,5,5,4,554,4.67,Champions
CUST-09148,39,9,3081.63,5,5,5,555,5.0,Champions
CUST-04312,39,10,2690.06,5,5,4,554,4.67,Champions
CUST-07210,39,10,3588.2,5,5,5,555,5.0,Champions
CUST-00636,38,2,128.44,5,1,1,511,2.33,New Customers
CUST-10816,38,3,1364.42,5,2,2,522,3.0,New Customers
CUST-02591,38,4,528.18,5,2,1,521,2.67,New Customers
CUST-11294,38,4,672.18,5,2,1,521,2.67,New Customers
CUST-08716,38,4,800.27,5,2,2,522,3.0,New Customers
CUST-01592,38,4,1018.32,5,2,2,522,3.0,New Customers
CUST-14022,38,4,1414.02,5,2,3,523,3.33,New Customers
CUST-12370,38,4,1639.09,5,2,3,523,3.33,New Customers
CUST-12636,38,4,2313.87,5,2,4,524,3.67,New Customers
CUST-06607,38,4,2378.25,5,2,4,524,3.67,New Customers
CUST-08132,38,4,2855.66,5,3,4,534,4.0,Potential Loyalists
CUST-03607,38,5,578.81,5,3,1,531,3.0,Potential Loyalists
CUST-14134,38,5,599.43,5,3,1,531,3.0,Potential Loyalists
CUST-14811,38,5,924.52,5,3,2,532,3.33,Potential Loyalists
CUST-07719,38,5,1153.54,5,3,2,532,3.33,Potential Loyalists
CUST-08780,38,5,1202.27,5,3,2,532,3.33,Potential Loyalists
CUST-08230,38,5,1331.02,5,3,2,532,3.33,Potential Loyalists
CUST-01440,38,5,1840.0,5,3,3,533,3.67,Potential Loyalists
CUST-11942,38,5,1989.48,5,3,3,533,3.67,Potential Loyalists
CUST-05946,38,5,2184.94,5,3,4,534,4.0,Potential Loyalists
CUST-00627,38,5,2812.47,5,3,4,534,4.0,Potential Loyalists
CUST-11077,38,5,2827.58,5,3,4,534,4.0,Potential Loyalists
CUST-11902,38,5,3402.87,5,3,5,535,4.33,Potential Loyalists
CUST-07061,38,5,3580.22,5,3,5,535,4.33,Potential Loyalists
CUST-05063,38,5,4164.36,5,4,5,545,4.67,Champions
CUST-13691,38,6,1011.31,5,4,2,542,3.67,Potential Loyalists
CUST-09139,38,6,1084.99,5,4,2,542,3.67,Potential Loyalists
CUST-12020,38,6,1190.86,5,4,2,542,3.67,Potential Loyalists
CUST-00626,38,6,2193.21,5,4,4,544,4.33,Champions
CUST-12056,38,6,2961.28,5,4,4,544,4.33,Champions
CUST-09267,38,6,3293.56,5,4,5,545,4.67,Champions
CUST-02154,38,6,3905.23,5,4,5,545,4.67,Champions
CUST-06291,38,6,5904.66,5,4,5,545,4.67,Champions
CUST-01667,38,7,2210.96,5,5,4,554,4.67,Champions
CUST-05400,38,7,2328.25,5,5,4,554,4.67,Champions
CUST-10996,38,7,2596.27,5,5,4,554,4.67,Champions
CUST-01536,38,7,2781.19,5,5,4,554,4.67,Champions
CUST-13968,38,7,2978.55,5,5,4,554,4.67,Champions
CUST-01178,38,7,3399.2,5,5,5,555,5.0,Champions
CUST-00710,38,7,3965.93,5,5,5,555,5.0,Champions
CUST-12710,38,7,4730.34,5,5,5,555,5.0,Champions
CUST-10411,38,7,4889.98,5,5,5,555,5.0,Champions
CUST-11827,38,8,1063.89,5,5,2,552,4.0,Potential Loyalists
CUST-03403,38,8,1274.31,5,5,2,552,4.0,Potential Loyalists
CUST-00944,38,8,2709.58,5,5,4,554,4.67,Champions
CUST-10715,38,8,2735.34,5,5,4,554,4.67,Champions
CUST-00646,38,8,3635.97,5,5,5,555,5.0,Champions
CUST-03510,38,8,3996.11,5,5,5,555,5.0,Champions
CUST-01683,38,8,4478.5,5,5,5,555,5.0,Champions
CUST-02699,38,9,938.38,5,5,2,552,4.0,Potential Loyalists
CUST-13532,38,9,1809.68,5,5,3,553,4.33,Loyal Customers
CUST-01282,38,9,2317.02,5,5,4,554,4.67,Champions
CUST-09383,38,9,2500.09,5,5,4,554,4.67,Champions
CUST-07451,38,9,2536.97,5,5,4,554,4.67,Champions
CUST-11837,38,9,2880.21,5,5,4,554,4.67,Champions
CUST-07769,38,9,4560.1,5,5,5,555,5.0,Champions
CUST-13587,38,10,2746.7,5,5,4,554,4.67,Champions
CUST-05530,38,12,3288.06,5,5,5,555,5.0,Champions
CUST-13340,38,12,4860.15,5,5,5,555,5.0,Champions
CUST-00809,37,2,67.68,5,1,1,511,2.33,New Customers
CUST-08555,37,2,211.95,5,1,1,511,2.33,New Customers
CUST-03043,37,2,1846.99,5,1,3,513,3.0,New Customers
CUST-11415,37,3,258.26,5,1,1,511,2.33,New Customers
CUST-11165,37,3,310.74,5,1,1,511,2.33,New Customers
CUST-12793,37,3,2125.55,5,2,4,524,3.67,New Customers
CUST-04114,37,4,613.93,5,2,1,521,2.67,New Customers
CUST-03715,37,4,803.51,5,2,2,522,3.0,New Customers
CUST-08580,37,4,1033.68,5,2,2,522,3.0,New Customers
CUST-04908,37,4,1613.26,5,2,3,523,3.33,New Customers
CUST-12270,37,4,1891.76,5,2,3,523,3.33,New Customers
CUST-07855,37,4,2468.95,5,3,4,534,4.0,Potential Loyalists
CUST-08893,37,4,2978.66,5,3,4,534,4.0,Potential Loyalists
CUST-04334,37,5,772.71,5,3,2,532,3.33,Potential Loyalists
CUST-13858,37,5,884.0,5,3,2,532,3.33,Potential Loyalists
CUST-12297,37,5,987.91,5,3,2,532,3.33,Potential Loyalists
CUST-13453,37,5,1366.3,5,3,2,532,3.33,Potential Loyalists
CUST-01755,37,5,2719.97,5,3,4,534,4.0,Potential Loyalists
CUST-00186,37,5,2932.32,5,3,4,534,4.0,Potential Loyalists
CUST-00794,37,5,3005.4,5,3,5,535,4.33,Potential Loyalists
CUST-14167,37,5,3106.15,5,3,5,535,4.33,Potential Loyalists
CUST-09657,37,5,3304.87,5,3,5,535,4.33,Potential Loyalists
CUST-10085,37,5,3360.37,5,3,5,535,4.33,Potential Loyalists
CUST-11874,37,6,1352.26,5,4,2,542,3.67,Potential Loyalists
CUST-09336,37,6,1503.93,5,4,3,543,4.0,Loyal Customers
CUST-13540,37,6,1589.23,5,4,3,543,4.0,Loyal Customers
CUST-05982,37,6,1629.33,5,4,3,543,4.0,Loyal Customers
CUST-14203,37,6,1653.5,5,4,3,543,4.0,Loyal Customers
CUST-04099,37,6,1755.81,5,4,3,543,4.0,Loyal Customers
CUST-13434,37,6,1946.58,5,4,3,543,4.0,Loyal Customers
CUST-02247,37,6,2011.45,5,4,3,543,4.0,Loyal Customers
CUST-00918,37,6,2559.55,5,4,4,544,4.33,Champions
CUST-02277,37,6,3828.3,5,4,5,545,4.67,Champions
CUST-14920,37,7,1226.47,5,4,2,542,3.67,Potential Loyalists
CUST-07874,37,7,1538.59,5,4,3,543,4.0,Loyal Customers
CUST-05717,37,7,1688.0,5,4,3,543,4.0,Loyal Customers
CUST-13231,37,7,2336.62,5,5,4,554,4.67,Champions
CUST-08325,37,7,2362.63,5,5,4,554,4.67,Champions
CUST-08223,37,8,4689.56,5,5,5,555,5.0,Champions
CUST-11323,37,9,2730.75,5,5,4,554,4.67,Champions
CUST-00571,37,9,2829.24,5,5,4,554,4.67,Champions
CUST-11758,37,9,3721.0,5,5,5,555,5.0,Champions
CUST-03990,37,9,6377.55,5,5,5,555,5.0,Champions
CUST-05523,37,11,3482.06,5,5,5,555,5.0,Champions
CUST-14699,36,2,989.17,5,1,2,512,2.67,New Customers
CUST-08726,36,2,1956.09,5,1,3,513,3.0,New Customers
CUST-02382,36,3,501.77,5,1,1,511,2.33,New Customers
CUST-05512,36,3,1010.74,5,1,2,512,2.67,New Customers
CUST-02617,36,3,1477.71,5,2,3,523,3.33,New Customers
CUST-13185,36,3,1500.04,5,2,3,523,3.33,New Customers
CUST-01216,36,4,381.02,5,2,1,521,2.67,New Customers
CUST-13880,36,4,580.13,5,2,1,521,2.67,New Customers
CUST-09234,36,4,687.77,5,2,1,521,2.67,New Customers
CUST-02600,36,4,944.21,5,2,2,522,3.0,New Customers
CUST-00069,36,4,1340.7,5,2,2,522,3.0,New Customers
CUST-13745,36,4,1529.97,5,2,3,523,3.33,New Customers
CUST-06823,36,4,1698.49,5,2,3,523,3.33,New Customers
CUST-12903,36,4,1811.82,5,2,3,523,3.33,New Customers
CUST-04585,36,4,2298.66,5,2,4,524,3.67,New Customers
CUST-14220,36,5,495.94,5,3,1,531,3.0,Potential Loyalists
CUST-13926,36,5,556.46,5,3,1,531,3.0,Potential Loyalists
CUST-00282,36,5,698.61,5,3,1,531,3.0,Potential Loyalists
CUST-09047,36,5,1122.07,5,3,2,532,3.33,Potential Loyalists
CUST-10540,36,5,1258.53,5,3,2,532,3.33,Potential Loyalists
CUST-05709,36,5,1310.37,5,3,2,532,3.33,Potential Loyalists
CUST-13923,36,5,1629.15,5,3,3,533,3.67,Potential Loyalists
CUST-13548,36,5,1824.16,5,3,3,533,3.67,Potential Loyalists
CUST-05657,36,5,2276.34,5,3,4,534,4.0,Potential Loyalists
CUST-00136,36,5,3091.27,5,3,5,535,4.33,Potential Loyalists
CUST-13096,36,5,3958.42,5,4,5,545,4.67,Champions
CUST-10571,36,6,1103.28,5,4,2,542,3.67,Potential Loyalists
CUST-01380,36,6,1294.63,5,4,2,542,3.67,Potential Loyalists
CUST-01266,36,6,1473.72,5,4,3,543,4.0,Loyal Customers
CUST-00018,36,6,1659.86,5,4,3,543,4.0,Loyal Customers
CUST-13551,36,6,1727.66,5,4,3,543,4.0,Loyal Customers
CUST-01515,36,6,1862.22,5,4,3,543,4.0,Loyal Customers
CUST-05471,36,6,3028.08,5,4,5,545,4.67,Champions
CUST-07551,36,6,3145.16,5,4,5,545,4.67,Champions
CUST-01548,36,6,3312.22,5,4,5,545,4.67,Champions
CUST-09374,36,6,3429.09,5,4,5,545,4.67,Champions
CUST-00561,36,6,3516.76,5,4,5,545,4.67,Champions
CUST-12202,36,6,3600.6,5,4,5,545,4.67,Champions
CUST-09816,36,7,1876.08,5,4,3,543,4.0,Loyal Customers
CUST-05951,36,7,2288.06,5,5,4,554,4.67,Champions
CUST-09286,36,7,3138.14,5,5,5,555,5.0,Champions
CUST-12582,36,7,3411.37,5,5,5,555,5.0,Champions
CUST-13634,36,8,2235.39,5,5,4,554,4.67,Champions
CUST-13636,36,9,2137.67,5,5,4,554,4.67,Champions
CUST-10679,36,9,2341.55,5,5,4,554,4.67,Champions
CUST-14859,36,9,5071.12,5,5,5,555,5.0,Champions
CUST-07458,36,10,3203.46,5,5,5,555,5.0,Champions
CUST-04349,36,10,3618.68,5,5,5,555,5.0,Champions
CUST-04060,35,2,223.2,5,1,1,511,2.33,New Customers
CUST-12300,35,2,588.6,5,1,1,511,2.33,New Customers
CUST-14144,35,2,642.1,5,1,1,511,2.33,New Customers
CUST-06995,35,2,1146.81,5,1,2,512,2.67,New Customers
CUST-13452,35,2,1237.96,5,1,2,512,2.67,New Customers
CUST-13853,35,3,795.21,5,1,2,512,2.67,New Customers
CUST-04508,35,4,359.32,5,2,1,521,2.67,New Customers
CUST-13754,35,4,406.63,5,2,1,521,2.67,New Customers
CUST-08934,35,4,790.77,5,2,2,522,3.0,New Customers
CUST-04017,35,4,1113.39,5,2,2,522,3.0,New Customers
CUST-02502,35,4,1642.79,5,2,3,523,3.33,New Customers
CUST-05176,35,4,1682.11,5,2,3,523,3.33,New Customers
CUST-03110,35,4,2029.08,5,2,3,523,3.33,New Customers
CUST-12466,35,4,2882.92,5,3,4,534,4.0,Potential Loyalists
CUST-13622,35,4,3035.06,5,3,5,535,4.33,Potential Loyalists
CUST-05676,35,5,533.54,5,3,1,531,3.0,Potential Loyalists
CUST-01412,35,5,620.01,5,3,1,531,3.0,Potential Loyalists
CUST-07754,35,5,1501.82,5,3,3,533,3.67,Potential Loyalists
CUST-14521,35,5,1666.74,5,3,3,533,3.67,Potential Loyalists
CUST-09866,35,5,2086.38,5,3,4,534,4.0,Potential Loyalists
CUST-11748,35,5,2491.85,5,3,4,534,4.0,Potential Loyalists
CUST-03998,35,5,2660.04,5,3,4,534,4.0,Potential Loyalists
CUST-01125,35,6,458.39,5,4,1,541,3.33,Potential Loyalists
CUST-08758,35,6,868.19,5,4,2,542,3.67,Potential Loyalists
CUST-08642,35,6,1109.39,5,4,2,542,3.67,Potential Loyalists
CUST-12031,35,6,1572.87,5,4,3,543,4.0,Loyal Customers
CUST-10143,35,6,2699.79,5,4,4,544,4.33,Champions
CUST-12735,35,7,1019.52,5,4,2,542,3.67,Potential Loyalists
CUST-13792,35,7,1184.67,5,4,2,542,3.67,Potential Loyalists
CUST-04426,35,7,2347.3,5,5,4,554,4.67,Champions
CUST-00005,35,7,2541.01,5,5,4,554,4.67,Champions
CUST-00995,35,7,2857.71,5,5,4,554,4.67,Champions
CUST-03896,35,7,4435.71,5,5,5,555,5.0,Champions
CUST-05782,35,7,4478.7,5,5,5,555,5.0,Champions
CUST-00325,35,8,2713.99,5,5,4,554,4.67,Champions
CUST-08620,35,8,3067.47,5,5,5,555,5.0,Champions
CUST-07038,35,8,3290.2,5,5,5,555,5.0,Champions
CUST-05451,35,8,3997.6,5,5,5,555,5.0,Champions
CUST-03254,35,8,4020.44,5,5,5,555,5.0,Champions
CUST-04458,35,8,6485.25,5,5,5,555,5.0,Champions
CUST-09206,35,10,2453.86,5,5,4,554,4.67,Champions
CUST-01677,35,10,2780.11,5,5,4,554,4.67,Champions
CUST-01393,35,11,5502.08,5,5,5,555,5.0,Champions
CUST-12660,35,12,3616.46,5,5,5,555,5.0,Champions
CUST-03397,34,2,52.16,5,1,1,511,2.33,New Customers
CUST-14835,34,2,191.23,5,1,1,511,2.33,New Customers
CUST-08598,34,2,1053.71,5,1,2,512,2.67,New Customers
CUST-11081,34,3,360.97,5,1,1,511,2.33,New Customers
CUST-00321,34,3,382.33,5,1,1,511,2.33,New Customers
CUST-10904,34,3,950.35,5,1,2,512,2.67,New Customers
CUST-12566,34,3,1509.96,5,2,3,523,3.33,New Customers
CUST-09747,34,3,1511.07,5,2,3,523,3.33,New Customers
CUST-03150,34,4,755.82,5,2,2,522,3.0,New Customers
CUST-08338,34,4,787.92,5,2,2,522,3.0,New Customers
CUST-04069,34,4,1790.0,5,2,3,523,3.33,New Customers
CUST-02329,34,4,1912.83,5,2,3,523,3.33,New Customers
CUST-01794,34,4,1935.86,5,2,3,523,3.33,New Customers
CUST-03177,34,4,2258.76,5,2,4,524,3.67,New Customers
CUST-12188,34,4,2264.15,5,2,4,524,3.67,New Customers
CUST-12510,34,4,2803.08,5,3,4,534,4.0,Potential Loyalists
CUST-02997,34,5,1005.2,5,3,2,532,3.33,Potential Loyalists
CUST-13030,34,5,1551.76,5,3,3,533,3.67,Potential Loyalists
CUST-09120,34,5,1640.57,5,3,3,533,3.67,Potential Loyalists
CUST-01449,34,5,1886.79,5,3,3,533,3.67,Potential Loyalists
CUST-09519,34,5,3264.03,5,3,5,535,4.33,Potential Loyalists
CUST-06752,34,5,3420.15,5,3,5,535,4.33,Potential Loyalists
CUST-11865,34,5,3475.22,5,3,5,535,4.33,Potential Loyalists
CUST-03266,34,6,789.42,5,4,2,542,3.67,Potential Loyalists
CUST-11054,34,6,1019.83,5,4,2,542,3.67,Potential Loyalists
CUST-03839,34,6,1099.13,5,4,2,542,3.67,Potential Loyalists
CUST-00336,34,6,1476.28,5,4,3,543,4.0,Loyal Customers
CUST-05537,34,6,2175.53,5,4,4,544,4.33,Champions
CUST-00910,34,6,2667.81,5,4,4,544,4.33,Champions
CUST-03090,34,6,2895.83,5,4,4,544,4.33,Champions
CUST-09465,34,6,3026.15,5,4,5,545,4.67,Champions
CUST-08963,34,6,3331.34,5,4,5,545,4.67,Champions
CUST-09742,34,7,1004.55,5,4,2,542,3.67,Potential Loyalists
CUST-10764,34,7,1584.78,5,4,3,543,4.0,Loyal Customers
CUST-09059,34,7,1782.97,5,4,3,543,4.0,Loyal Customers
CUST-07930,34,7,2191.11,5,5,4,554,4.67,Champions
CUST-00147,34,7,2394.8,5,5,4,554,4.67,Champions
CUST-11696,34,7,2658.75,5,5,4,554,4.67,Champions
CUST-04862,34,7,2774.73,5,5,4,554,4.67,Champions
CUST-14026,34,7,3383.89,5,5,5,555,5.0,Champions
CUST-07411,34,7,3610.98,5,5,5,555,5.0,Champions
CUST-01781,34,7,4035.3,5,5,5,555,5.0,Champions
CUST-11543,34,7,4744.07,5,5,5,555,5.0,Champions
CUST-01366,34,8,2415.63,5,5,4,554,4.67,Champions
CUST-14948,34,8,3339.47,5,5,5,555,5.0,Champions
CUST-01756,34,8,8160.02,5,5,5,555,5.0,Champions
CUST-09403,34,9,2086.39,5,5,4,554,4.67,Champions
CUST-08667,34,9,5145.12,5,5,5,555,5.0,Champions
CUST-01632,34,9,6463.9,5,5,5,555,5.0,Champions
CUST-02106,34,10,2554.6,5,5,4,554,4.67,Champions
CUST-13747,33,2,278.97,5,1,1,511,2.33,New Customers
CUST-05584,33,2,364.34,5,1,1,511,2.33,New Customers
CUST-03916,33,2,728.88,5,1,1,511,2.33,New Customers
CUST-11727,33,2,1172.8,5,1,2,512,2.67,New Customers
CUST-13176,33,3,324.25,5,1,1,511,2.33,New Customers
CUST-01414,33,3,483.69,5,1,1,511,2.33,New Customers
CUST-06564,33,3,570.98,5,1,1,511,2.33,New Customers
CUST-07738,33,3,876.0,5,1,2,512,2.67,New Customers
CUST-04055,33,3,1450.06,5,2,3,523,3.33,New Customers
CUST-07055,33,4,266.4,5,2,1,521,2.67,New Customers
CUST-13564,33,4,499.67,5,2,1,521,2.67,New Customers
CUST-08957,33,4,883.18,5,2,2,522,3.0,New Customers
CUST-02141,33,4,894.92,5,2,2,522,3.0,New Customers
CUST-12616,33,4,1192.92,5,2,2,522,3.0,New Customers
CUST-10659,33,4,1545.14,5,2,3,523,3.33,New Customers
CUST-03803,33,4,2548.51,5,3,4,534,4.0,Potential Loyalists
CUST-03703,33,4,3869.82,5,3,5,535,4.33,Potential Loyalists
CUST-05237,33,5,648.03,5,3,1,531,3.0,Potential Loyalists
CUST-07935,33,5,1004.03,5,3,2,532,3.33,Potential Loyalists
CUST-12147,33,5,1019.87,5,3,2,532,3.33,Potential Loyalists
CUST-10484,33,5,1245.68,5,3,2,532,3.33,Potential Loyalists
CUST-10897,33,5,3353.97,5,3,5,535,4.33,Potential Loyalists
CUST-14155,33,6,834.28,5,4,2,542,3.67,Potential Loyalists
CUST-10988,33,6,905.84,5,4,2,542,3.67,Potential Loyalists
CUST-10245,33,6,974.88,5,4,2,542,3.67,Potential Loyalists
CUST-06847,33,6,1413.01,5,4,3,543,4.0,Loyal Customers
CUST-05074,33,6,2143.97,5,4,4,544,4.33,Champions
CUST-08679,33,6,2806.01,5,4,4,544,4.33,Champions
CUST-04780,33,6,3199.04,5,4,5,545,4.67,Champions
CUST-02467,33,6,3800.76,5,4,5,545,4.67,Champions
CUST-00175,33,6,3967.23,5,4,5,545,4.67,Champions
CUST-05852,33,6,4364.9,5,4,5,545,4.67,Champions
CUST-06039,33,7,1919.58,5,4,3,543,4.0,Loyal Customers
CUST-03791,33,7,2413.87,5,5,4,554,4.67,Champions
CUST-10781,33,7,2983.77,5,5,4,554,4.67,Champions
CUST-14483,33,7,3425.54,5,5,5,555,5.0,Champions
CUST-02874,33,7,3540.64,5,5,5,555,5.0,Champions
CUST-09036,33,7,3559.56,5,5,5,555,5.0,Champions
CUST-04626,33,7,3756.96,5,5,5,555,5.0,Champions
CUST-12615,33,8,2241.6,5,5,4,554,4.67,Champions
CUST-05941,33,8,2337.92,5,5,4,554,4.67,Champions
CUST-01201,33,8,2989.82,5,5,4,554,4.67,Champions
CUST-14988,33,8,3011.42,5,5,5,555,5.0,Champions
CUST-13897,33,8,5886.62,5,5,5,555,5.0,Champions
CUST-03981,33,8,6327.31,5,5,5,555,5.0,Champions
CUST-09932,33,9,1699.35,5,5,3,553,4.33,Loyal Customers
CUST-09072,33,9,1724.35,5,5,3,553,4.33,Loyal Customers
CUST-02609,33,9,3173.6,5,5,5,555,5.0,Champions
CUST-07596,33,9,3745.99,5,5,5,555,5.0,Champions
CUST-14061,33,9,4720.81,5,5,5,555,5.0,Champions
CUST-03856,33,9,5019.73,5,5,5,555,5.0,Champions
CUST-02084,33,10,6262.24,5,5,5,555,5.0,Champions
CUST-02220,32,2,93.51,5,1,1,511,2.33,New Customers
CUST-01771,32,2,502.96,5,1,1,511,2.33,New Customers
CUST-06338,32,2,1227.11,5,1,2,512,2.67,New Customers
CUST-01581,32,3,952.44,5,1,2,512,2.67,New Customers
CUST-05177,32,3,1021.3,5,1,2,512,2.67,New Customers
CUST-10384,32,3,4207.84,5,2,5,525,4.0,New Customers
CUST-07835,32,4,319.62,5,2,1,521,2.67,New Customers
CUST-09331,32,4,429.75,5,2,1,521,2.67,New Customers
CUST-04713,32,4,514.46,5,2,1,521,2.67,New Customers
CUST-11201,32,4,574.3,5,2,1,521,2.67,New Customers
CUST-08440,32,4,668.85,5,2,1,521,2.67,New Customers
CUST-12529,32,4,717.76,5,2,1,521,2.67,New Customers
CUST-11770,32,4,1062.02,5,2,2,522,3.0,New Customers
CUST-04957,32,4,1364.8,5,2,2,522,3.0,New Customers
CUST-02760,32,4,1515.97,5,2,3,523,3.33,New Customers
CUST-09525,32,4,1555.99,5,2,3,523,3.33,New Customers
CUST-07353,32,4,1625.08,5,2,3,523,3.33,New Customers
CUST-05362,32,4,1776.66,5,2,3,523,3.33,New Customers
CUST-07879,32,4,2392.32,5,3,4,534,4.0,Potential Loyalists
CUST-13504,32,5,656.13,5,3,1,531,3.0,Potential Loyalists
CUST-08331,32,5,870.64,5,3,2,532,3.33,Potential Loyalists
CUST-07072,32,5,1139.92,5,3,2,532,3.33,Potential Loyalists
CUST-12507,32,5,1427.15,5,3,3,533,3.67,Potential Loyalists
CUST-10496,32,5,1883.35,5,3,3,533,3.67,Potential Loyalists
CUST-11697,32,5,2290.55,5,3,4,534,4.0,Potential Loyalists
CUST-12796,32,5,2301.17,5,3,4,534,4.0,Potential Loyalists
CUST-09995,32,5,2912.04,5,3,4,534,4.0,Potential Loyalists
CUST-03326,32,5,3459.51,5,3,5,535,4.33,Potential Loyalists
CUST-13755,32,6,648.87,5,4,1,541,3.33,Potential Loyalists
CUST-03249,32,6,1140.07,5,4,2,542,3.67,Potential Loyalists
CUST-11699,32,6,1398.95,5,4,3,543,4.0,Loyal Customers
CUST-01181,32,6,1857.34,5,4,3,543,4.0,Loyal Customers
CUST-12079,32,6,2515.41,5,4,4,544,4.33,Champions
CUST-06584,32,6,2776.04,5,4,4,544,4.33,Champions
CUST-07355,32,6,2865.49,5,4,4,544,4.33,Champions
CUST-12279,32,6,3215.34,5,4,5,545,4.67,Champions
CUST-10136,32,6,3913.12,5,4,5,545,4.67,Champions
CUST-00575,32,6,5398.02,5,4,5,545,4.67,Champions
CUST-01318,32,7,821.87,5,4,2,542,3.67,Potential Loyalists
CUST-05925,32,7,1772.01,5,4,3,543,4.0,Loyal Customers
CUST-02118,32,7,2943.32,5,5,4,554,4.67,Champions
CUST-07890,32,7,3730.54,5,5,5,555,5.0,Champions
CUST-05969,32,7,4632.9,5,5,5,555,5.0,Champions
CUST-11723,32,7,5358.46,5,5,5,555,5.0,Champions
CUST-10587,32,8,2540.83,5,5,4,554,4.67,Champions
CUST-07392,32,8,3248.06,5,5,5,555,5.0,Champions
CUST-10772,32,8,3692.74,5,5,5,555,5.0,Champions
CUST-03937,32,8,4281.36,5,5,5,555,5.0,Champions
CUST-04954,32,8,4492.32,5,5,5,555,5.0,Champions
CUST-14491,32,8,5513.72,5,5,5,555,5.0,Champions
CUST-07566,32,9,2345.26,5,5,4,554,4.67,Champions
CUST-11996,32,9,3123.61,5,5,5,555,5.0,Champions
CUST-04930,32,9,3467.77,5,5,5,555,5.0,Champions
CUST-00099,32,9,5051.93,5,5,5,555,5.0,Champions
CUST-02944,32,9,5701.67,5,5,5,555,5.0,Champions
CUST-12328,32,10,3125.84,5,5,5,555,5.0,Champions
CUST-08406,32,12,5264.26,5,5,5,555,5.0,Champions
CUST-05148,31,2,144.47,5,1,1,511,2.33,New Customers
CUST-07671,31,2,305.58,5,1,1,511,2.33,New Customers
CUST-12337,31,2,2341.87,5,1,4,514,3.33,New Customers
CUST-09476,31,3,487.6,5,1,1,511,2.33,New Customers
CUST-12252,31,3,636.3,5,1,1,511,2.33,New Customers
CUST-04475,31,3,850.8,5,1,2,512,2.67,New Customers
CUST-03083,31,3,1824.92,5,2,3,523,3.33,New Customers
CUST-01786,31,3,1832.76,5,2,3,523,3.33,New Customers
CUST-10071,31,4,481.67,5,2,1,521,2.67,New Customers
CUST-09701,31,4,543.78,5,2,1,521,2.67,New Customers
CUST-14567,31,4,590.35,5,2,1,521,2.67,New Customers
CUST-09873,31,4,872.02,5,2,2,522,3.0,New Customers
CUST-10079,31,4,1044.54,5,2,2,522,3.0,New Customers
CUST-03272,31,4,1802.79,5,2,3,523,3.33,New Customers
CUST-08921,31,4,2165.26,5,2,4,524,3.67,New Customers
CUST-01118,31,4,2880.2,5,3,4,534,4.0,Potential Loyalists
CUST-06493,31,5,845.44,5,3,2,532,3.33,Potential Loyalists
CUST-07825,31,5,1035.94,5,3,2,532,3.33,Potential Loyalists
CUST-12858,31,5,1293.69,5,3,2,532,3.33,Potential Loyalists
CUST-00645,31,5,1321.43,5,3,2,532,3.33,Potential Loyalists
CUST-03439,31,5,1424.16,5,3,3,533,3.67,Potential Loyalists
CUST-13474,31,5,1656.79,5,3,3,533,3.67,Potential Loyalists
CUST-04894,31,5,2833.77,5,3,4,534,4.0,Potential Loyalists
CUST-14860,31,5,4405.19,5,4,5,545,4.67,Champions
CUST-06529,31,6,1094.4,5,4,2,542,3.67,Potential Loyalists
CUST-09533,31,6,1441.09,5,4,3,543,4.0,Loyal Customers
CUST-14309,31,6,1486.64,5,4,3,543,4.0,Loyal Customers
CUST-11100,31,6,1615.9,5,4,3,543,4.0,Loyal Customers
CUST-10454,31,6,2004.19,5,4,3,543,4.0,Loyal Customers
CUST-02058,31,6,2087.95,5,4,4,544,4.33,Champions
CUST-02777,31,6,2175.84,5,4,4,544,4.33,Champions
CUST-11289,31,6,3495.14,5,4,5,545,4.67,Champions
CUST-02719,31,6,3517.77,5,4,5,545,4.67,Champions
CUST-02415,31,6,3655.62,5,4,5,545,4.67,Champions
CUST-01537,31,7,521.05,5,4,1,541,3.33,Potential Loyalists
CUST-03885,31,7,868.91,5,4,2,542,3.67,Potential Loyalists
CUST-00042,31,7,2243.97,5,5,4,554,4.67,Champions
CUST-07066,31,7,2419.66,5,5,4,554,4.67,Champions
CUST-12022,31,7,2505.76,5,5,4,554,4.67,Champions
CUST-10522,31,8,2404.58,5,5,4,554,4.67,Champions
CUST-03392,31,8,2422.22,5,5,4,554,4.67,Champions
CUST-11119,31,8,3895.43,5,5,5,555,5.0,Champions
CUST-08902,31,9,933.7,5,5,2,552,4.0,Potential Loyalists
CUST-02266,31,9,1905.06,5,5,3,553,4.33,Loyal Customers
CUST-07550,31,9,6229.48,5,5,5,555,5.0,Champions
CUST-14908,31,10,3277.74,5,5,5,555,5.0,Champions
CUST-14173,31,11,6960.64,5,5,5,555,5.0,Champions
CUST-00477,31,12,2072.61,5,5,4,554,4.67,Champions
CUST-13297,31,12,2940.57,5,5,4,554,4.67,Champions
CUST-01813,31,12,3033.85,5,5,5,555,5.0,Champions
CUST-02532,30,2,255.04,5,1,1,511,2.33,New Customers
CUST-10385,30,2,594.87,5,1,1,511,2.33,New Customers
CUST-00614,30,3,418.39,5,1,1,511,2.33,New Customers
CUST-10107,30,3,715.4,5,1,1,511,2.33,New Customers
CUST-04330,30,3,1251.46,5,2,2,522,3.0,New Customers
CUST-14588,30,3,1622.6,5,2,3,523,3.33,New Customers
CUST-10577,30,4,662.81,5,2,1,521,2.67,New Customers
CUST-11038,30,4,1073.21,5,2,2,522,3.0,New Customers
CUST-06739,30,4,1324.74,5,2,2,522,3.0,New Customers
CUST-10167,30,4,1559.08,5,2,3,523,3.33,New Customers
CUST-00444,30,4,1569.08,5,2,3,523,3.33,New Customers
CUST-14432,30,4,1759.94,5,2,3,523,3.33,New Customers
CUST-02339,30,4,2324.25,5,2,4,524,3.67,New Customers
CUST-13630,30,4,3040.93,5,3,5,535,4.33,Potential Loyalists
CUST-03702,30,5,501.47,5,3,1,531,3.0,Potential Loyalists
CUST-14585,30,5,545.97,5,3,1,531,3.0,Potential Loyalists
CUST-01920,30,5,629.46,5,3,1,531,3.0,Potential Loyalists
CUST-12575,30,5,787.36,5,3,2,532,3.33,Potential Loyalists
CUST-14973,30,5,967.87,5,3,2,532,3.33,Potential Loyalists
CUST-05487,30,5,1454.29,5,3,3,533,3.67,Potential Loyalists
CUST-14584,30,5,1859.0,5,3,3,533,3.67,Potential Loyalists
CUST-12030,30,5,2192.62,5,3,4,534,4.0,Potential Loyalists
CUST-03388,30,5,2406.17,5,3,4,534,4.0,Potential Loyalists
CUST-04035,30,5,2416.58,5,3,4,534,4.0,Potential Loyalists
CUST-09258,30,5,2593.4,5,3,4,534,4.0,Potential Loyalists
CUST-12323,30,5,2796.74,5,3,4,534,4.0,Potential Loyalists
CUST-06543,30,5,3043.1,5,3,5,535,4.33,Potential Loyalists
CUST-13535,30,5,3075.16,5,3,5,535,4.33,Potential Loyalists
CUST-03462,30,5,4014.21,5,4,5,545,4.67,Champions
CUST-13863,30,6,2093.31,5,4,4,544,4.33,Champions
CUST-06182,30,6,2544.98,5,4,4,544,4.33,Champions
CUST-05814,30,6,3319.64,5,4,5,545,4.67,Champions
CUST-09709,30,6,4035.65,5,4,5,545,4.67,Champions
CUST-04394,30,7,1472.36,5,4,3,543,4.0,Loyal Customers
CUST-01287,30,7,2265.44,5,5,4,554,4.67,Champions
CUST-09860,30,7,2341.54,5,5,4,554,4.67,Champions
CUST-00373,30,7,3002.35,5,5,4,554,4.67,Champions
CUST-03625,30,8,1786.25,5,5,3,553,4.33,Loyal Customers
CUST-01674,30,8,3006.52,5,5,5,555,5.0,Champions
CUST-12965,30,8,3022.67,5,5,5,555,5.0,Champions
CUST-00634,30,8,3114.86,5,5,5,555,5.0,Champions
CUST-05002,30,8,3318.52,5,5,5,555,5.0,Champions
CUST-07323,30,8,3679.64,5,5,5,555,5.0,Champions
CUST-05453,30,9,4725.07,5,5,5,555,5.0,Champions
CUST-03161,30,10,1300.68,5,5,2,552,4.0,Potential Loyalists
CUST-11964,30,10,3891.34,5,5,5,555,5.0,Champions
CUST-03084,30,10,4926.03,5,5,5,555,5.0,Champions
CUST-14575,30,11,4059.62,5,5,5,555,5.0,Champions
CUST-14260,30,12,7457.58,5,5,5,555,5.0,Champions
CUST-08745,29,2,346.13,5,1,1,511,2.33,New Customers
CUST-00376,29,2,1022.25,5,1,2,512,2.67,New Customers
CUST-09975,29,2,1923.88,5,1,3,513,3.0,New Customers
CUST-08777,29,3,295.6,5,1,1,511,2.33,New Customers
CUST-12560,29,3,440.29,5,1,1,511,2.33,New Customers
CUST-11685,29,3,546.07,5,1,1,511,2.33,New Customers
CUST-05239,29,3,701.97,5,1,1,511,2.33,New Customers
CUST-07483,29,3,1245.35,5,2,2,522,3.0,New Customers
CUST-13077,29,3,1656.84,5,2,3,523,3.33,New Customers
CUST-02644,29,3,2160.16,5,2,4,524,3.67,New Customers
CUST-00993,29,4,1514.29,5,2,3,523,3.33,New Customers
CUST-10756,29,4,2254.78,5,2,4,524,3.67,New Customers
CUST-14139,29,5,448.02,5,3,1,531,3.0,Potential Loyalists
CUST-12663,29,5,628.77,5,3,1,531,3.0,Potential Loyalists
CUST-00190,29,5,665.92,5,3,1,531,3.0,Potential Loyalists
CUST-13975,29,5,724.13,5,3,1,531,3.0,Potential Loyalists
CUST-02080,29,5,878.72,5,3,2,532,3.33,Potential Loyalists
CUST-14830,29,5,3030.79,5,3,5,535,4.33,Potential Loyalists
CUST-01132,29,5,3575.65,5,3,5,535,4.33,Potential Loyalists
CUST-08236,29,6,581.66,5,4,1,541,3.33,Potential Loyalists
CUST-03227,29,6,1154.46,5,4,2,542,3.67,Potential Loyalists
CUST-02312,29,6,1290.79,5,4,2,542,3.67,Potential Loyalists
CUST-04773,29,6,1490.28,5,4,3,543,4.0,Loyal Customers
CUST-03951,29,6,2127.58,5,4,4,544,4.33,Champions
CUST-07840,29,6,2201.07,5,4,4,544,4.33,Champions
CUST-09544,29,6,2727.58,5,4,4,544,4.33,Champions
CUST-07341,29,6,2754.39,5,4,4,544,4.33,Champions
CUST-04410,29,6,2864.46,5,4,4,544,4.33,Champions
CUST-07083,29,6,2966.29,5,4,4,544,4.33,Champions
CUST-06928,29,6,4072.93,5,4,5,545,4.67,Champions
CUST-01845,29,7,1084.74,5,4,2,542,3.67,Potential Loyalists
CUST-00440,29,7,1223.05,5,4,2,542,3.67,Potential Loyalists
CUST-04546,29,7,1307.22,5,4,2,542,3.67,Potential Loyalists
CUST-10343,29,7,1819.58,5,4,3,543,4.0,Loyal Customers
CUST-14056,29,7,2311.3,5,5,4,554,4.67,Champions
CUST-02359,29,7,2431.33,5,5,4,554,4.67,Champions
CUST-06381,29,7,2506.4,5,5,4,554,4.67,Champions
CUST-11137,29,7,3813.84,5,5,5,555,5.0,Champions
CUST-07332,29,8,1339.83,5,5,2,552,4.0,Potential Loyalists
CUST-02759,29,8,1443.71,5,5,3,553,4.33,Loyal Customers
CUST-10050,29,8,1754.1,5,5,3,553,4.33,Loyal Customers
CUST-08045,29,8,1847.94,5,5,3,553,4.33,Loyal Customers
CUST-06668,29,8,2331.49,5,5,4,554,4.67,Champions
CUST-00949,29,8,2900.85,5,5,4,554,4.67,Champions
CUST-10213,29,8,3365.15,5,5,5,555,5.0,Champions
CUST-06866,29,8,4294.66,5,5,5,555,5.0,Champions
CUST-09843,29,9,2304.55,5,5,4,554,4.67,Champions
CUST-05698,29,9,3721.43,5,5,5,555,5.0,Champions
CUST-07744,29,9,4018.99,5,5,5,555,5.0,Champions
CUST-00871,29,9,4423.71,5,5,5,555,5.0,Champions
CUST-11684,29,10,2901.61,5,5,4,554,4.67,Champions
CUST-10899,29,10,4975.74,5,5,5,555,5.0,Champions
CUST-01229,28,2,247.56,5,1,1,511,2.33,New Customers
CUST-04544,28,2,377.68,5,1,1,511,2.33,New Customers
CUST-12908,28,2,474.02,5,1,1,511,2.33,New Customers
CUST-08205,28,2,1525.91,5,1,3,513,3.0,New Customers
CUST-05217,28,3,326.58,5,1,1,511,2.33,New Customers
CUST-13253,28,3,349.64,5,1,1,511,2.33,New Customers
CUST-02789,28,3,398.74,5,1,1,511,2.33,New Customers
CUST-08562,28,3,655.39,5,1,1,511,2.33,New Customers
CUST-12219,28,3,825.5,5,1,2,512,2.67,New Customers
CUST-14321,28,3,1044.97,5,1,2,512,2.67,New Customers
CUST-13730,28,3,1087.95,5,2,2,522,3.0,New Customers
CUST-14604,28,3,1395.45,5,2,3,523,3.33,New Customers
CUST-10713,28,3,1617.18,5,2,3,523,3.33,New Customers
CUST-10750,28,4,967.39,5,2,2,522,3.0,New Customers
CUST-12734,28,4,1706.13,5,2,3,523,3.33,New Customers
CUST-01348,28,4,1740.75,5,2,3,523,3.33,New Customers
CUST-11558,28,4,2081.28,5,2,4,524,3.67,New Customers
CUST-03529,28,4,2261.33,5,2,4,524,3.67,New Customers
CUST-07315,28,4,2333.94,5,2,4,524,3.67,New Customers
CUST-09222,28,5,899.81,5,3,2,532,3.33,Potential Loyalists
CUST-07610,28,5,1273.4,5,3,2,532,3.33,Potential Loyalists
CUST-05267,28,5,1523.45,5,3,3,533,3.67,Potential Loyalists
CUST-03858,28,5,1661.1,5,3,3,533,3.67,Potential Loyalists
CUST-05219,28,5,2125.6,5,3,4,534,4.0,Potential Loyalists
CUST-00704,28,5,4449.44,5,4,5,545,4.67,Champions
CUST-04634,28,6,877.54,5,4,2,542,3.67,Potential Loyalists
CUST-05900,28,6,1154.93,5,4,2,542,3.67,Potential Loyalists
CUST-04861,28,6,1209.24,5,4,2,542,3.67,Potential Loyalists
CUST-00769,28,6,1216.94,5,4,2,542,3.67,Potential Loyalists
CUST-08150,28,6,1352.71,5,4,2,542,3.67,Potential Loyalists
CUST-09464,28,6,1819.71,5,4,3,543,4.0,Loyal Customers
CUST-06538,28,6,1838.07,5,4,3,543,4.0,Loyal Customers
CUST-14949,28,6,2545.86,5,4,4,544,4.33,Champions
CUST-11612,28,6,2566.97,5,4,4,544,4.33,Champions
CUST-05526,28,6,2762.89,5,4,4,544,4.33,Champions
CUST-05830,28,6,3163.77,5,4,5,545,4.67,Champions
CUST-03809,28,7,1076.93,5,4,2,542,3.67,Potential Loyalists
CUST-07461,28,7,1094.71,5,4,2,542,3.67,Potential Loyalists
CUST-05738,28,7,1445.43,5,4,3,543,4.0,Loyal Customers
CUST-01645,28,7,2377.57,5,5,4,554,4.67,Champions
CUST-03653,28,7,2760.53,5,5,4,554,4.67,Champions
CUST-09584,28,7,2941.99,5,5,4,554,4.67,Champions
CUST-07448,28,7,2948.2,5,5,4,554,4.67,Champions
CUST-07431,28,7,3020.31,5,5,5,555,5.0,Champions
CUST-08991,28,7,3496.62,5,5,5,555,5.0,Champions
CUST-13327,28,7,3856.95,5,5,5,555,5.0,Champions
CUST-07617,28,7,4587.89,5,5,5,555,5.0,Champions
CUST-04423,28,8,1777.0,5,5,3,553,4.33,Loyal Customers
CUST-13476,28,8,3222.0,5,5,5,555,5.0,Champions
CUST-09891,28,9,1493.67,5,5,3,553,4.33,Loyal Customers
CUST-02060,28,9,1662.99,5,5,3,553,4.33,Loyal Customers
CUST-12743,28,9,1723.23,5,5,3,553,4.33,Loyal Customers
CUST-04154,28,9,3650.74,5,5,5,555,5.0,Champions
CUST-08820,28,9,3654.41,5,5,5,555,5.0,Champions
CUST-05894,28,9,4410.54,5,5,5,555,5.0,Champions
CUST-11833,28,10,2006.62,5,5,3,553,4.33,Loyal Customers
CUST-01343,28,10,4735.12,5,5,5,555,5.0,Champions
CUST-02659,28,11,2118.38,5,5,4,554,4.67,Champions
CUST-00544,27,2,499.19,5,1,1,511,2.33,New Customers
CUST-11785,27,2,529.05,5,1,1,511,2.33,New Customers
CUST-02094,27,2,614.21,5,1,1,511,2.33,New Customers
CUST-07259,27,2,1677.85,5,1,3,513,3.0,New Customers
CUST-13720,27,3,241.45,5,1,1,511,2.33,New Customers
CUST-06817,27,3,359.7,5,1,1,511,2.33,New Customers
CUST-13956,27,3,517.62,5,1,1,511,2.33,New Customers
CUST-06810,27,3,689.32,5,1,1,511,2.33,New Customers
CUST-00965,27,3,761.18,5,1,2,512,2.67,New Customers
CUST-12971,27,4,945.64,5,2,2,522,3.0,New Customers
CUST-07387,27,4,1103.5,5,2,2,522,3.0,New Customers
CUST-05835,27,4,1118.35,5,2,2,522,3.0,New Customers
CUST-05684,27,4,1145.06,5,2,2,522,3.0,New Customers
CUST-05071,27,4,4083.2,5,3,5,535,4.33,Potential Loyalists
CUST-11603,27,5,621.86,5,3,1,531,3.0,Potential Loyalists
CUST-13202,27,5,991.63,5,3,2,532,3.33,Potential Loyalists
CUST-08710,27,5,1046.02,5,3,2,532,3.33,Potential Loyalists
CUST-13268,27,5,1065.36,5,3,2,532,3.33,Potential Loyalists
CUST-11937,27,5,1215.85,5,3,2,532,3.33,Potential Loyalists
CUST-06589,27,5,1292.04,5,3,2,532,3.33,Potential Loyalists
CUST-12443,27,5,1778.8,5,3,3,533,3.67,Potential Loyalists
CUST-06684,27,5,1861.26,5,3,3,533,3.67,Potential Loyalists
CUST-09292,27,5,2123.79,5,3,4,534,4.0,Potential Loyalists
CUST-07622,27,5,2220.67,5,3,4,534,4.0,Potential Loyalists
CUST-06909,27,5,2341.97,5,3,4,534,4.0,Potential Loyalists
CUST-07516,27,5,2487.74,5,3,4,534,4.0,Potential Loyalists
CUST-02403,27,5,2504.63,5,3,4,534,4.0,Potential Loyalists
CUST-04731,27,5,5414.83,5,4,5,545,4.67,Champions
CUST-14488,27,6,933.15,5,4,2,542,3.67,Potential Loyalists
CUST-09553,27,6,1597.36,5,4,3,543,4.0,Loyal Customers
CUST-10568,27,6,2111.84,5,4,4,544,4.33,Champions
CUST-06038,27,6,2249.07,5,4,4,544,4.33,Champions
CUST-10027,27,6,2259.76,5,4,4,544,4.33,Champions
CUST-08271,27,6,2542.41,5,4,4,544,4.33,Champions
CUST-08571,27,6,2575.83,5,4,4,544,4.33,Champions
CUST-01453,27,6,3738.77,5,4,5,545,4.67,Champions
CUST-02284,27,7,1294.1,5,4,2,542,3.67,Potential Loyalists
CUST-02607,27,7,3032.22,5,5,5,555,5.0,Champions
CUST-02658,27,7,3975.19,5,5,5,555,5.0,Champions
CUST-01888,27,7,4385.54,5,5,5,555,5.0,Champions
CUST-10170,27,8,988.34,5,5,2,552,4.0,Potential Loyalists
CUST-13404,27,8,1351.93,5,5,2,552,4.0,Potential Loyalists
CUST-01686,27,8,1875.38,5,5,3,553,4.33,Loyal Customers
CUST-13323,27,8,2457.63,5,5,4,554,4.67,Champions
CUST-02707,27,8,2598.58,5,5,4,554,4.67,Champions
CUST-02771,27,8,3031.97,5,5,5,555,5.0,Champions
CUST-05922,27,8,4209.31,5,5,5,555,5.0,Champions
CUST-14438,27,9,657.08,5,5,1,551,3.67,Potential Loyalists
CUST-03941,27,9,1180.94,5,5,2,552,4.0,Potential Loyalists
CUST-01434,27,9,2527.58,5,5,4,554,4.67,Champions
CUST-11560,27,9,3563.37,5,5,5,555,5.0,Champions
CUST-11683,27,10,2117.96,5,5,4,554,4.67,Champions
CUST-01338,27,10,3854.37,5,5,5,555,5.0,Champions
CUST-13920,27,11,1673.88,5,5,3,553,4.33,Loyal Customers
CUST-00043,27,11,7154.85,5,5,5,555,5.0,Champions
CUST-01614,27,12,2496.79,5,5,4,554,4.67,Champions
CUST-08975,26,2,607.81,5,1,1,511,2.33,New Customers
CUST-06474,26,2,2195.25,5,1,4,514,3.33,New Customers
CUST-11418,26,3,465.56,5,1,1,511,2.33,New Customers
CUST-13475,26,3,486.04,5,1,1,511,2.33,New Customers
CUST-05073,26,3,642.62,5,1,1,511,2.33,New Customers
CUST-14642,26,3,793.61,5,1,2,512,2.67,New Customers
CUST-07109,26,3,1260.77,5,2,2,522,3.0,New Customers
CUST-07587,26,3,1262.26,5,2,2,522,3.0,New Customers
CUST-03613,26,3,1383.49,5,2,2,522,3.0,New Customers
CUST-05795,26,3,4074.71,5,2,5,525,4.0,New Customers
CUST-00319,26,4,272.38,5,2,1,521,2.67,New Customers
CUST-14265,26,4,357.35,5,2,1,521,2.67,New Customers
CUST-02580,26,4,509.63,5,2,1,521,2.67,New Customers
CUST-11775,26,4,593.53,5,2,1,521,2.67,New Customers
CUST-00498,26,4,626.77,5,2,1,521,2.67,New Customers
CUST-12086,26,4,670.75,5,2,1,521,2.67,New Customers
CUST-03780,26,4,1119.36,5,2,2,522,3.0,New Customers
CUST-01923,26,4,1355.87,5,2,2,522,3.0,New Customers
CUST-08257,26,4,1427.97,5,2,3,523,3.33,New Customers
CUST-11346,26,4,1512.54,5,2,3,523,3.33,New Customers
CUST-04946,26,4,1568.66,5,2,3,523,3.33,New Customers
CUST-08944,26,4,1719.78,5,2,3,523,3.33,New Customers
CUST-09794,26,4,2091.77,5,2,4,524,3.67,New Customers
CUST-03373,26,4,2336.35,5,2,4,524,3.67,New Customers
CUST-13424,26,4,2383.18,5,3,4,534,4.0,Potential Loyalists
CUST-10995,26,5,433.9,5,3,1,531,3.0,Potential Loyalists
CUST-09626,26,5,629.76,5,3,1,531,3.0,Potential Loyalists
CUST-05278,26,5,744.02,5,3,1,531,3.0,Potential Loyalists
CUST-02987,26,5,762.9,5,3,2,532,3.33,Potential Loyalists
CUST-11886,26,5,848.67,5,3,2,532,3.33,Potential Loyalists
CUST-02772,26,5,1437.17,5,3,3,533,3.67,Potential Loyalists
CUST-10917,26,5,1581.42,5,3,3,533,3.67,Potential Loyalists
CUST-03656,26,5,1832.55,5,3,3,533,3.67,Potential Loyalists
CUST-09507,26,5,2187.06,5,3,4,534,4.0,Potential Loyalists
CUST-00268,26,5,2621.45,5,3,4,534,4.0,Potential Loyalists
CUST-01529,26,5,3333.66,5,3,5,535,4.33,Potential Loyalists
CUST-02152,26,5,3662.99,5,3,5,535,4.33,Potential Loyalists
CUST-07576,26,5,4198.06,5,4,5,545,4.67,Champions
CUST-06501,26,6,1283.32,5,4,2,542,3.67,Potential Loyalists
CUST-00514,26,6,1392.88,5,4,3,543,4.0,Loyal Customers
CUST-06831,26,6,1460.55,5,4,3,543,4.0,Loyal Customers
CUST-00218,26,6,1799.63,5,4,3,543,4.0,Loyal Customers
CUST-11437,26,6,1900.44,5,4,3,543,4.0,Loyal Customers
CUST-06270,26,6,1989.99,5,4,3,543,4.0,Loyal Customers
CUST-00003,26,6,2112.95,5,4,4,544,4.33,Champions
CUST-09823,26,6,2325.42,5,4,4,544,4.33,Champions
CUST-12958,26,6,4329.84,5,4,5,545,4.67,Champions
CUST-03390,26,6,5260.52,5,4,5,545,4.67,Champions
CUST-12683,26,7,1512.5,5,4,3,543,4.0,Loyal Customers
CUST-14841,26,7,2024.79,5,4,3,543,4.0,Loyal Customers
CUST-00668,26,7,2129.75,5,5,4,554,4.67,Champions
CUST-13221,26,7,2320.11,5,5,4,554,4.67,Champions
CUST-06340,26,7,2859.19,5,5,4,554,4.67,Champions
CUST-06731,26,7,2880.79,5,5,4,554,4.67,Champions
CUST-09645,26,7,3645.27,5,5,5,555,5.0,Champions
CUST-01418,26,7,6101.42,5,5,5,555,5.0,Champions
CUST-10371,26,8,972.02,5,5,2,552,4.0,Potential Loyalists
CUST-06304,26,8,1727.97,5,5,3,553,4.33,Loyal Customers
CUST-00692,26,8,2182.82,5,5,4,554,4.67,Champions
CUST-05574,26,8,2295.48,5,5,4,554,4.67,Champions
CUST-13625,26,8,3032.9,5,5,5,555,5.0,Champions
CUST-14199,26,8,4370.19,5,5,5,555,5.0,Champions
CUST-08700,26,9,3299.65,5,5,5,555,5.0,Champions
CUST-07019,26,9,3634.92,5,5,5,555,5.0,Champions
CUST-10660,26,10,1994.61,5,5,3,553,4.33,Loyal Customers
CUST-00844,26,10,3478.07,5,5,5,555,5.0,Champions
CUST-14925,26,10,3886.95,5,5,5,555,5.0,Champions
CUST-08554,26,10,3959.56,5,5,5,555,5.0,Champions
CUST-13943,26,10,4814.25,5,5,5,555,5.0,Champions
CUST-09887,25,2,503.53,5,1,1,511,2.33,New Customers
CUST-02397,25,3,170.58,5,1,1,511,2.33,New Customers
CUST-08318,25,3,210.84,5,1,1,511,2.33,New Customers
CUST-04131,25,3,460.45,5,1,1,511,2.33,New Customers
CUST-04590,25,3,486.61,5,1,1,511,2.33,New Customers
CUST-09532,25,3,596.54,5,1,1,511,2.33,New Customers
CUST-12473,25,3,945.46,5,1,2,512,2.67,New Customers
CUST-14917,25,3,1162.95,5,2,2,522,3.0,New Customers
CUST-02413,25,4,808.06,5,2,2,522,3.0,New Customers
CUST-11780,25,4,1271.06,5,2,2,522,3.0,New Customers
CUST-06850,25,4,1407.33,5,2,3,523,3.33,New Customers
CUST-10353,25,4,1785.51,5,2,3,523,3.33,New Customers
CUST-03264,25,4,1834.59,5,2,3,523,3.33,New Customers
CUST-03212,25,4,2000.33,5,2,3,523,3.33,New Customers
CUST-02055,25,4,2289.78,5,2,4,524,3.67,New Customers
CUST-01809,25,4,3330.16,5,3,5,535,4.33,Potential Loyalists
CUST-07913,25,5,731.13,5,3,1,531,3.0,Potential Loyalists
CUST-06859,25,5,830.37,5,3,2,532,3.33,Potential Loyalists
CUST-14968,25,5,1271.8,5,3,2,532,3.33,Potential Loyalists
CUST-06593,25,5,1504.59,5,3,3,533,3.67,Potential Loyalists
CUST-04256,25,5,2223.39,5,3,4,534,4.0,Potential Loyalists
CUST-13506,25,5,2822.92,5,3,4,534,4.0,Potential Loyalists
CUST-04606,25,5,4297.17,5,4,5,545,4.67,Champions
CUST-11470,25,6,908.84,5,4,2,542,3.67,Potential Loyalists
CUST-11436,25,6,1509.76,5,4,3,543,4.0,Loyal Customers
CUST-04187,25,6,1570.86,5,4,3,543,4.0,Loyal Customers
CUST-14176,25,6,2292.81,5,4,4,544,4.33,Champions
CUST-05336,25,6,2442.17,5,4,4,544,4.33,Champions
CUST-11469,25,6,2756.6,5,4,4,544,4.33,Champions
CUST-03056,25,6,3301.62,5,4,5,545,4.67,Champions
CUST-04577,25,6,3903.04,5,4,5,545,4.67,Champions
CUST-07957,25,6,4171.7,5,4,5,545,4.67,Champions
CUST-00945,25,7,2472.23,5,5,4,554,4.67,Champions
CUST-07504,25,7,2607.92,5,5,4,554,4.67,Champions
CUST-11929,25,7,3776.5,5,5,5,555,5.0,Champions
CUST-02461,25,7,4860.67,5,5,5,555,5.0,Champions
CUST-00970,25,8,1594.45,5,5,3,553,4.33,Loyal Customers
CUST-03423,25,8,2026.66,5,5,3,553,4.33,Loyal Customers
CUST-12824,25,8,2111.39,5,5,4,554,4.67,Champions
CUST-10928,25,8,5092.58,5,5,5,555,5.0,Champions
CUST-03448,25,8,6089.25,5,5,5,555,5.0,Champions
CUST-08611,25,9,2652.58,5,5,4,554,4.67,Champions
CUST-00516,25,9,3209.41,5,5,5,555,5.0,Champions
CUST-08560,25,9,3400.41,5,5,5,555,5.0,Champions
CUST-13343,25,10,3547.29,5,5,5,555,5.0,Champions
CUST-11755,25,10,4929.25,5,5,5,555,5.0,Champions
CUST-00261,25,10,5284.2,5,5,5,555,5.0,Champions
CUST-00906,25,11,4659.35,5,5,5,555,5.0,Champions
CUST-07476,25,12,3299.83,5,5,5,555,5.0,Champions
CUST-08942,24,2,122.44,5,1,1,511,2.33,New Customers
CUST-07542,24,2,711.76,5,1,1,511,2.33,New Customers
CUST-03669,24,2,930.87,5,1,2,512,2.67,New Customers
CUST-02769,24,2,1323.85,5,1,2,512,2.67,New Customers
CUST-12194,24,3,368.56,5,1,1,511,2.33,New Customers
CUST-13095,24,3,503.63,5,1,1,511,2.33,New Customers
CUST-00296,24,3,1035.35,5,1,2,512,2.67,New Customers
CUST-13385,24,3,1186.17,5,2,2,522,3.0,New Customers
CUST-08061,24,3,1853.7,5,2,3,523,3.33,New Customers
CUST-13106,24,4,1195.84,5,2,2,522,3.0,New Customers
CUST-13355,24,4,2425.4,5,3,4,534,4.0,Potential Loyalists
CUST-07848,24,4,2564.26,5,3,4,534,4.0,Potential Loyalists
CUST-08859,24,4,2787.59,5,3,4,534,4.0,Potential Loyalists
CUST-01323,24,5,1441.79,5,3,3,533,3.67,Potential Loyalists
CUST-07578,24,5,1621.21,5,3,3,533,3.67,Potential Loyalists
CUST-01749,24,5,1621.61,5,3,3,533,3.67,Potential Loyalists
CUST-10033,24,5,1643.66,5,3,3,533,3.67,Potential Loyalists
CUST-04763,24,5,1872.76,5,3,3,533,3.67,Potential Loyalists
CUST-08360,24,5,2921.8,5,3,4,534,4.0,Potential Loyalists
CUST-06536,24,6,1549.28,5,4,3,543,4.0,Loyal Customers
CUST-05729,24,6,1769.65,5,4,3,543,4.0,Loyal Customers
CUST-10518,24,6,2048.38,5,4,3,543,4.0,Loyal Customers
CUST-02078,24,6,2116.71,5,4,4,544,4.33,Champions
CUST-11481,24,6,3145.39,5,4,5,545,4.67,Champions
CUST-10068,24,6,5688.2,5,4,5,545,4.67,Champions
CUST-00075,24,7,493.29,5,4,1,541,3.33,Potential Loyalists
CUST-02606,24,7,1314.3,5,4,2,542,3.67,Potential Loyalists
CUST-12651,24,7,2547.92,5,5,4,554,4.67,Champions
CUST-02872,24,7,2813.65,5,5,4,554,4.67,Champions
CUST-08655,24,7,3198.28,5,5,5,555,5.0,Champions
CUST-09549,24,7,3751.46,5,5,5,555,5.0,Champions
CUST-10246,24,7,3817.42,5,5,5,555,5.0,Champions
CUST-14558,24,7,5093.78,5,5,5,555,5.0,Champions
CUST-04820,24,8,1082.95,5,5,2,552,4.0,Potential Loyalists
CUST-10373,24,8,2006.57,5,5,3,553,4.33,Loyal Customers
CUST-11396,24,8,4352.41,5,5,5,555,5.0,Champions
CUST-01124,24,9,1231.54,5,5,2,552,4.0,Potential Loyalists
CUST-06617,24,9,1836.2,5,5,3,553,4.33,Loyal Customers
CUST-00866,24,9,3251.41,5,5,5,555,5.0,Champions
CUST-03226,24,10,2692.85,5,5,4,554,4.67,Champions
CUST-01108,24,11,1555.77,5,5,3,553,4.33,Loyal Customers
CUST-06806,24,11,2927.74,5,5,4,554,4.67,Champions
CUST-03229,23,2,504.26,5,1,1,511,2.33,New Customers
CUST-07327,23,2,1243.02,5,1,2,512,2.67,New Customers
CUST-11423,23,2,1377.82,5,1,2,512,2.67,New Customers
CUST-13905,23,3,189.1,5,1,1,511,2.33,New Customers
CUST-04645,23,3,1680.39,5,2,3,523,3.33,New Customers
CUST-14285,23,4,569.2,5,2,1,521,2.67,New Customers
CUST-11545,23,4,590.51,5,2,1,521,2.67,New Customers
CUST-09572,23,4,617.53,5,2,1,521,2.67,New Customers
CUST-11088,23,4,1503.23,5,2,3,523,3.33,New Customers
CUST-07440,23,4,2833.13,5,3,4,534,4.0,Potential Loyalists
CUST-04360,23,5,469.25,5,3,1,531,3.0,Potential Loyalists
CUST-12606,23,5,941.98,5,3,2,532,3.33,Potential Loyalists
CUST-14883,23,5,953.96,5,3,2,532,3.33,Potential Loyalists
CUST-05394,23,5,2172.03,5,3,4,534,4.0,Potential Loyalists
CUST-12848,23,5,2251.77,5,3,4,534,4.0,Potential Loyalists
CUST-05808,23,5,2258.74,5,3,4,534,4.0,Potential Loyalists
CUST-01413,23,5,2510.61,5,3,4,534,4.0,Potential Loyalists
CUST-12331,23,5,3142.31,5,3,5,535,4.33,Potential Loyalists
CUST-05314,23,5,3319.94,5,3,5,535,4.33,Potential Loyalists
CUST-09705,23,5,3543.67,5,3,5,535,4.33,Potential Loyalists
CUST-10255,23,5,3552.28,5,3,5,535,4.33,Potential Loyalists
CUST-08889,23,6,880.62,5,4,2,542,3.67,Potential Loyalists
CUST-04323,23,6,2202.19,5,4,4,544,4.33,Champions
CUST-08767,23,6,2863.99,5,4,4,544,4.33,Champions
CUST-09858,23,6,3384.85,5,4,5,545,4.67,Champions
CUST-05153,23,6,3646.85,5,4,5,545,4.67,Champions
CUST-12033,23,7,1415.23,5,4,3,543,4.0,Loyal Customers
CUST-05832,23,7,1618.48,5,4,3,543,4.0,Loyal Customers
CUST-04340,23,7,2116.18,5,5,4,554,4.67,Champions
CUST-07852,23,7,2465.63,5,5,4,554,4.67,Champions
CUST-08531,23,7,2702.57,5,5,4,554,4.67,Champions
CUST-10887,23,7,2895.38,5,5,4,554,4.67,Champions
CUST-00501,23,7,3198.09,5,5,5,555,5.0,Champions
CUST-12354,23,7,3490.64,5,5,5,555,5.0,Champions
CUST-13910,23,7,3561.38,5,5,5,555,5.0,Champions
CUST-14345,23,7,4083.46,5,5,5,555,5.0,Champions
CUST-09890,23,8,3424.27,5,5,5,555,5.0,Champions
CUST-10080,23,8,3990.1,5,5,5,555,5.0,Champions
CUST-00763,23,9,2651.86,5,5,4,554,4.67,Champions
CUST-07570,23,9,2954.59,5,5,4,554,4.67,Champions
CUST-02442,23,9,3361.46,5,5,5,555,5.0,Champions
CUST-06883,23,10,2755.91,5,5,4,554,4.67,Champions
CUST-04838,23,10,7641.01,5,5,5,555,5.0,Champions
CUST-05434,22,2,837.2,5,1,2,512,2.67,New Customers
CUST-12228,22,2,1368.08,5,1,2,512,2.67,New Customers
CUST-11022,22,3,221.76,5,1,1,511,2.33,New Customers
CUST-12585,22,3,349.46,5,1,1,511,2.33,New Customers
CUST-03920,22,3,500.01,5,1,1,511,2.33,New Customers
CUST-01999,22,3,546.51,5,1,1,511,2.33,New Customers
CUST-11411,22,3,1785.97,5,2,3,523,3.33,New Customers
CUST-03009,22,3,1875.49,5,2,3,523,3.33,New Customers
CUST-04651,22,3,2079.17,5,2,4,524,3.67,New Customers
CUST-05646,22,4,418.76,5,2,1,521,2.67,New Customers
CUST-14929,22,4,424.2,5,2,1,521,2.67,New Customers
CUST-14670,22,4,1260.0,5,2,2,522,3.0,New Customers
CUST-11533,22,4,1763.16,5,2,3,523,3.33,New Customers
CUST-03775,22,4,2189.1,5,2,4,524,3.67,New Customers
CUST-03576,22,4,3944.21,5,3,5,535,4.33,Potential Loyalists
CUST-13964,22,5,705.16,5,3,1,531,3.0,Potential Loyalists
CUST-05938,22,5,765.35,5,3,2,532,3.33,Potential Loyalists
CUST-07017,22,5,779.22,5,3,2,532,3.33,Potential Loyalists
CUST-02313,22,5,859.64,5,3,2,532,3.33,Potential Loyalists
CUST-05754,22,5,1598.28,5,3,3,533,3.67,Potential Loyalists
CUST-09100,22,5,1839.33,5,3,3,533,3.67,Potential Loyalists
CUST-13598,22,5,1990.32,5,3,3,533,3.67,Potential Loyalists
CUST-12037,22,5,2060.59,5,3,3,533,3.67,Potential Loyalists
CUST-03592,22,5,2223.73,5,3,4,534,4.0,Potential Loyalists
CUST-05604,22,5,2553.52,5,3,4,534,4.0,Potential Loyalists
CUST-01773,22,6,607.42,5,4,1,541,3.33,Potential Loyalists
CUST-00569,22,6,783.6,5,4,2,542,3.67,Potential Loyalists
CUST-12786,22,6,1454.42,5,4,3,543,4.0,Loyal Customers
CUST-08689,22,6,1970.36,5,4,3,543,4.0,Loyal Customers
CUST-04817,22,6,1980.23,5,4,3,543,4.0,Loyal Customers
CUST-08165,22,6,2070.55,5,4,3,543,4.0,Loyal Customers
CUST-10731,22,6,2141.02,5,4,4,544,4.33,Champions
CUST-00242,22,6,2834.12,5,4,4,544,4.33,Champions
CUST-05618,22,6,2835.38,5,4,4,544,4.33,Champions
CUST-09782,22,6,3046.87,5,4,5,545,4.67,Champions
CUST-07955,22,6,3081.71,5,4,5,545,4.67,Champions
CUST-09509,22,7,808.08,5,4,2,542,3.67,Potential Loyalists
CUST-10966,22,7,969.77,5,4,2,542,3.67,Potential Loyalists
CUST-06827,22,7,1643.5,5,4,3,543,4.0,Loyal Customers
CUST-10552,22,7,2109.9,5,5,4,554,4.67,Champions
CUST-04923,22,7,2293.08,5,5,4,554,4.67,Champions
CUST-06976,22,7,2734.66,5,5,4,554,4.67,Champions
CUST-02347,22,7,3626.84,5,5,5,555,5.0,Champions
CUST-08095,22,7,4177.79,5,5,5,555,5.0,Champions
CUST-08251,22,8,914.64,5,5,2,552,4.0,Potential Loyalists
CUST-03756,22,8,1162.97,5,5,2,552,4.0,Potential Loyalists
CUST-05108,22,8,1177.83,5,5,2,552,4.0,Potential Loyalists
CUST-11591,22,8,1677.73,5,5,3,553,4.33,Loyal Customers
CUST-03454,22,8,1922.37,5,5,3,553,4.33,Loyal Customers
CUST-00579,22,8,2649.91,5,5,4,554,4.67,Champions
CUST-06496,22,8,2672.33,5,5,4,554,4.67,Champions
CUST-12061,22,8,2781.73,5,5,4,554,4.67,Champions
CUST-14099,22,8,3630.51,5,5,5,555,5.0,Champions
CUST-10424,22,8,5276.57,5,5,5,555,5.0,Champions
CUST-10614,22,9,3880.75,5,5,5,555,5.0,Champions
CUST-05693,22,9,5085.01,5,5,5,555,5.0,Champions
CUST-13256,22,10,3605.49,5,5,5,555,5.0,Champions
CUST-09730,22,11,3382.2,5,5,5,555,5.0,Champions
CUST-05529,22,11,5947.04,5,5,5,555,5.0,Champions
CUST-08940,22,11,7249.65,5,5,5,555,5.0,Champions
CUST-00814,21,2,184.19,5,1,1,511,2.33,New Customers
CUST-13603,21,2,190.96,5,1,1,511,2.33,New Customers
CUST-11511,21,2,471.43,5,1,1,511,2.33,New Customers
CUST-02446,21,3,256.38,5,1,1,511,2.33,New Customers
CUST-10265,21,3,1484.51,5,2,3,523,3.33,New Customers
CUST-01032,21,3,1811.32,5,2,3,523,3.33,New Customers
CUST-09878,21,3,2018.79,5,2,3,523,3.33,New Customers
CUST-07165,21,4,328.93,5,2,1,521,2.67,New Customers
CUST-01477,21,4,1069.38,5,2,2,522,3.0,New Customers
CUST-13512,21,4,1321.95,5,2,2,522,3.0,New Customers
CUST-06245,21,4,2045.32,5,2,3,523,3.33,New Customers
CUST-09935,21,4,2687.04,5,3,4,534,4.0,Potential Loyalists
CUST-03374,21,4,4310.96,5,3,5,535,4.33,Potential Loyalists
CUST-06047,21,5,526.89,5,3,1,531,3.0,Potential Loyalists
CUST-03543,21,5,1213.53,5,3,2,532,3.33,Potential Loyalists
CUST-05633,21,5,1308.4,5,3,2,532,3.33,Potential Loyalists
CUST-14063,21,5,1352.69,5,3,2,532,3.33,Potential Loyalists
CUST-09951,21,5,1670.77,5,3,3,533,3.67,Potential Loyalists
CUST-08646,21,5,2423.72,5,3,4,534,4.0,Potential Loyalists
CUST-07199,21,5,2584.47,5,3,4,534,4.0,Potential Loyalists
CUST-10768,21,5,3370.32,5,3,5,535,4.33,Potential Loyalists
CUST-01938,21,5,4059.74,5,4,5,545,4.67,Champions
CUST-11692,21,5,4772.19,5,4,5,545,4.67,Champions
CUST-00110,21,6,841.17,5,4,2,542,3.67,Potential Loyalists
CUST-08976,21,6,1072.8,5,4,2,542,3.67,Potential Loyalists
CUST-00369,21,6,1194.26,5,4,2,542,3.67,Potential Loyalists
CUST-09225,21,6,1226.86,5,4,2,542,3.67,Potential Loyalists
CUST-10157,21,6,1441.31,5,4,3,543,4.0,Loyal Customers
CUST-12573,21,6,1742.5,5,4,3,543,4.0,Loyal Customers
CUST-01123,21,6,2637.7,5,4,4,544,4.33,Champions
CUST-05414,21,6,2683.18,5,4,4,544,4.33,Champions
CUST-13179,21,6,2933.67,5,4,4,544,4.33,Champions
CUST-10871,21,6,3163.85,5,4,5,545,4.67,Champions
CUST-01240,21,6,3498.23,5,4,5,545,4.67,Champions
CUST-14344,21,7,985.58,5,4,2,542,3.67,Potential Loyalists
CUST-02181,21,7,1064.11,5,4,2,542,3.67,Potential Loyalists
CUST-12171,21,7,1465.85,5,4,3,543,4.0,Loyal Customers
CUST-03525,21,7,2702.84,5,5,4,554,4.67,Champions
CUST-09679,21,7,3230.41,5,5,5,555,5.0,Champions
CUST-09642,21,7,3723.98,5,5,5,555,5.0,Champions
CUST-08354,21,7,4362.82,5,5,5,555,5.0,Champions
CUST-06172,21,8,2738.6,5,5,4,554,4.67,Champions
CUST-02576,21,8,2760.09,5,5,4,554,4.67,Champions
CUST-07940,21,8,2814.88,5,5,4,554,4.67,Champions
CUST-14694,21,8,3369.95,5,5,5,555,5.0,Champions
CUST-11609,21,8,3387.39,5,5,5,555,5.0,Champions
CUST-03116,21,8,3798.87,5,5,5,555,5.0,Champions
CUST-07668,21,8,4090.15,5,5,5,555,5.0,Champions
CUST-12163,21,9,1449.25,5,5,3,553,4.33,Loyal Customers
CUST-05586,21,9,2408.98,5,5,4,554,4.67,Champions
CUST-03474,21,10,4388.86,5,5,5,555,5.0,Champions
CUST-11834,21,11,5889.46,5,5,5,555,5.0,Champions
CUST-10001,20,2,40.84,5,1,1,511,2.33,New Customers
CUST-12283,20,2,220.24,5,1,1,511,2.33,New Customers
CUST-01912,20,2,2052.53,5,1,3,513,3.0,New Customers
CUST-10014,20,3,363.5,5,1,1,511,2.33,New Customers
CUST-00085,20,3,531.0,5,1,1,511,2.33,New Customers
CUST-06764,20,3,717.98,5,1,1,511,2.33,New Customers
CUST-06721,20,3,1046.63,5,1,2,512,2.67,New Customers
CUST-07221,20,3,1444.93,5,2,3,523,3.33,New Customers
CUST-05539,20,3,1938.79,5,2,3,523,3.33,New Customers
CUST-07266,20,3,2031.22,5,2,3,523,3.33,New Customers
CUST-02253,20,3,2039.86,5,2,3,523,3.33,New Customers
CUST-11757,20,4,540.24,5,2,1,521,2.67,New Customers
CUST-10226,20,4,577.63,5,2,1,521,2.67,New Customers
CUST-12075,20,4,685.55,5,2,1,521,2.67,New Customers
CUST-12664,20,4,1838.46,5,2,3,523,3.33,New Customers
CUST-09937,20,4,3014.02,5,3,5,535,4.33,Potential Loyalists
CUST-02081,20,5,568.21,5,3,1,531,3.0,Potential Loyalists
CUST-07950,20,5,714.27,5,3,1,531,3.0,Potential Loyalists
CUST-09965,20,5,1013.21,5,3,2,532,3.33,Potential Loyalists
CUST-11300,20,5,1238.01,5,3,2,532,3.33,Potential Loyalists
CUST-07571,20,5,1322.83,5,3,2,532,3.33,Potential Loyalists
CUST-01462,20,5,1327.47,5,3,2,532,3.33,Potential Loyalists
CUST-09463,20,5,1529.05,5,3,3,533,3.67,Potential Loyalists
CUST-09546,20,5,2146.64,5,3,4,534,4.0,Potential Loyalists
CUST-11079,20,6,356.55,5,4,1,541,3.33,Potential Loyalists
CUST-04563,20,6,910.41,5,4,2,542,3.67,Potential Loyalists
CUST-00365,20,6,1745.07,5,4,3,543,4.0,Loyal Customers
CUST-07098,20,6,2038.29,5,4,3,543,4.0,Loyal Customers
CUST-09955,20,6,2070.97,5,4,4,544,4.33,Champions
CUST-12917,20,6,2084.57,5,4,4,544,4.33,Champions
CUST-11803,20,6,2242.01,5,4,4,544,4.33,Champions
CUST-03902,20,6,2729.35,5,4,4,544,4.33,Champions
CUST-03630,20,6,3034.55,5,4,5,545,4.67,Champions
CUST-11512,20,6,3917.64,5,4,5,545,4.67,Champions
CUST-01976,20,6,4227.64,5,4,5,545,4.67,Champions
CUST-10947,20,7,1397.53,5,4,3,543,4.0,Loyal Customers
CUST-05993,20,7,1541.16,5,4,3,543,4.0,Loyal Customers
CUST-09095,20,7,1806.62,5,4,3,543,4.0,Loyal Customers
CUST-05890,20,7,2257.05,5,5,4,554,4.67,Champions
CUST-14384,20,7,3226.84,5,5,5,555,5.0,Champions
CUST-13640,20,7,4145.61,5,5,5,555,5.0,Champions
CUST-05565,20,8,1182.82,5,5,2,552,4.0,Potential Loyalists
CUST-14471,20,8,1327.58,5,5,2,552,4.0,Potential Loyalists
CUST-08317,20,8,2547.91,5,5,4,554,4.67,Champions
CUST-11509,20,8,4370.13,5,5,5,555,5.0,Champions
CUST-00791,20,8,4578.65,5,5,5,555,5.0,Champions
CUST-14999,20,9,1600.74,5,5,3,553,4.33,Loyal Customers
CUST-00399,20,9,2370.15,5,5,4,554,4.67,Champions
CUST-13295,20,9,3187.67,5,5,5,555,5.0,Champions
CUST-09055,20,9,4378.05,5,5,5,555,5.0,Champions
CUST-06997,20,9,5484.75,5,5,5,555,5.0,Champions
CUST-06970,20,10,3617.36,5,5,5,555,5.0,Champions
CUST-01385,20,10,3786.13,5,5,5,555,5.0,Champions
CUST-06152,20,11,5942.99,5,5,5,555,5.0,Champions
CUST-03600,19,2,244.24,5,1,1,511,2.33,New Customers
CUST-00697,19,2,451.49,5,1,1,511,2.33,New Customers
CUST-14972,19,2,1037.09,5,1,2,512,2.67,New Customers
CUST-06414,19,3,367.86,5,1,1,511,2.33,New Customers
CUST-11599,19,3,1296.19,5,2,2,522,3.0,New Customers
CUST-13904,19,4,681.44,5,2,1,521,2.67,New Customers
CUST-11203,19,4,830.05,5,2,2,522,3.0,New Customers
CUST-08987,19,4,961.33,5,2,2,522,3.0,New Customers
CUST-04024,19,4,1019.71,5,2,2,522,3.0,New Customers
CUST-11468,19,4,1082.28,5,2,2,522,3.0,New Customers
CUST-01739,19,4,1289.05,5,2,2,522,3.0,New Customers
CUST-00484,19,4,1292.5,5,2,2,522,3.0,New Customers
CUST-01049,19,4,1403.75,5,2,3,523,3.33,New Customers
CUST-03834,19,4,2015.05,5,2,3,523,3.33,New Customers
CUST-02162,19,4,2625.72,5,3,4,534,4.0,Potential Loyalists
CUST-03017,19,5,797.31,5,3,2,532,3.33,Potential Loyalists
CUST-14540,19,5,984.41,5,3,2,532,3.33,Potential Loyalists
CUST-02376,19,5,1176.01,5,3,2,532,3.33,Potential Loyalists
CUST-14077,19,5,1528.96,5,3,3,533,3.67,Potential Loyalists
CUST-14527,19,5,1736.21,5,3,3,533,3.67,Potential Loyalists
CUST-06407,19,5,1836.83,5,3,3,533,3.67,Potential Loyalists
CUST-14960,19,5,1971.14,5,3,3,533,3.67,Potential Loyalists
CUST-12183,19,5,1987.95,5,3,3,533,3.67,Potential Loyalists
CUST-02630,19,5,2141.85,5,3,4,534,4.0,Potential Loyalists
CUST-11121,19,5,2186.87,5,3,4,534,4.0,Potential Loyalists
CUST-02713,19,5,2357.11,5,3,4,534,4.0,Potential Loyalists
CUST-00531,19,5,2531.42,5,3,4,534,4.0,Potential Loyalists
CUST-10150,19,5,3032.02,5,3,5,535,4.33,Potential Loyalists
CUST-03230,19,5,3173.47,5,3,5,535,4.33,Potential Loyalists
CUST-03060,19,6,344.29,5,4,1,541,3.33,Potential Loyalists
CUST-02884,19,6,706.41,5,4,1,541,3.33,Potential Loyalists
CUST-03441,19,6,740.9,5,4,1,541,3.33,Potential Loyalists
CUST-11740,19,6,1458.68,5,4,3,543,4.0,Loyal Customers
CUST-00938,19,6,2112.0,5,4,4,544,4.33,Champions
CUST-07086,19,6,2792.92,5,4,4,544,4.33,Champions
CUST-09102,19,6,3082.02,5,4,5,545,4.67,Champions
CUST-00409,19,6,3098.71,5,4,5,545,4.67,Champions
CUST-00681,19,6,3259.09,5,4,5,545,4.67,Champions
CUST-11986,19,6,3341.37,5,4,5,545,4.67,Champions
CUST-06229,19,6,3974.17,5,4,5,545,4.67,Champions
CUST-07206,19,6,5822.6,5,4,5,545,4.67,Champions
CUST-10010,19,7,1460.84,5,4,3,543,4.0,Loyal Customers
CUST-12812,19,7,2411.68,5,5,4,554,4.67,Champions
CUST-04116,19,7,2758.97,5,5,4,554,4.67,Champions
CUST-03428,19,7,2895.83,5,5,4,554,4.67,Champions
CUST-11880,19,7,2967.53,5,5,4,554,4.67,Champions
CUST-09725,19,7,3001.97,5,5,4,554,4.67,Champions
CUST-03280,19,7,3700.05,5,5,5,555,5.0,Champions
CUST-03908,19,7,4124.26,5,5,5,555,5.0,Champions
CUST-03956,19,8,3057.77,5,5,5,555,5.0,Champions
CUST-00094,19,8,3789.22,5,5,5,555,5.0,Champions
CUST-02764,19,8,6027.5,5,5,5,555,5.0,Champions
CUST-14298,19,9,1433.88,5,5,3,553,4.33,Loyal Customers
CUST-13608,19,9,2282.33,5,5,4,554,4.67,Champions
CUST-14797,19,9,2701.99,5,5,4,554,4.67,Champions
CUST-10591,19,9,2708.84,5,5,4,554,4.67,Champions
CUST-03502,19,9,2827.49,5,5,4,554,4.67,Champions
CUST-07682,19,9,3909.48,5,5,5,555,5.0,Champions
CUST-09496,19,9,5124.16,5,5,5,555,5.0,Champions
CUST-14619,19,11,3965.11,5,5,5,555,5.0,Champions
CUST-09766,19,12,3385.2,5,5,5,555,5.0,Champions
CUST-01059,18,2,740.18,5,1,1,511,2.33,New Customers
CUST-06828,18,2,930.47,5,1,2,512,2.67,New Customers
CUST-01219,18,3,396.79,5,1,1,511,2.33,New Customers
CUST-00771,18,3,849.15,5,1,2,512,2.67,New Customers
CUST-02275,18,4,389.59,5,2,1,521,2.67,New Customers
CUST-10319,18,4,540.41,5,2,1,521,2.67,New Customers
CUST-08886,18,4,995.47,5,2,2,522,3.0,New Customers
CUST-12399,18,4,1018.39,5,2,2,522,3.0,New Customers
CUST-04758,18,4,1167.59,5,2,2,522,3.0,New Customers
CUST-06614,18,4,1255.06,5,2,2,522,3.0,New Customers
CUST-14939,18,4,5024.01,5,3,5,535,4.33,Potential Loyalists
CUST-02762,18,5,1395.86,5,3,3,533,3.67,Potential Loyalists
CUST-00356,18,5,1442.38,5,3,3,533,3.67,Potential Loyalists
CUST-01087,18,5,2957.44,5,3,4,534,4.0,Potential Loyalists
CUST-05158,18,5,3081.09,5,3,5,535,4.33,Potential Loyalists
CUST-10913,18,5,3140.08,5,3,5,535,4.33,Potential Loyalists
CUST-09882,18,5,4191.42,5,4,5,545,4.67,Champions
CUST-05651,18,6,1614.48,5,4,3,543,4.0,Loyal Customers
CUST-04328,18,6,1732.14,5,4,3,543,4.0,Loyal Customers
CUST-07873,18,6,2843.94,5,4,4,544,4.33,Champions
CUST-00960,18,6,4217.4,5,4,5,545,4.67,Champions
CUST-04202,18,6,4764.87,5,4,5,545,4.67,Champions
CUST-09685,18,7,557.93,5,4,1,541,3.33,Potential Loyalists
CUST-11364,18,7,1282.24,5,4,2,542,3.67,Potential Loyalists
CUST-13737,18,7,2097.52,5,5,4,554,4.67,Champions
CUST-14405,18,7,2169.54,5,5,4,554,4.67,Champions
CUST-06386,18,7,4478.66,5,5,5,555,5.0,Champions
CUST-05786,18,7,4561.97,5,5,5,555,5.0,Champions
CUST-04725,18,7,4848.48,5,5,5,555,5.0,Champions
CUST-07909,18,8,1300.57,5,5,2,552,4.0,Potential Loyalists
CUST-05311,18,8,3722.35,5,5,5,555,5.0,Champions
CUST-03999,18,8,4602.45,5,5,5,555,5.0,Champions
CUST-09308,18,8,4979.98,5,5,5,555,5.0,Champions
CUST-06356,18,9,1917.3,5,5,3,553,4.33,Loyal Customers
CUST-01784,18,9,2459.66,5,5,4,554,4.67,Champions
CUST-05853,18,9,3324.08,5,5,5,555,5.0,Champions
CUST-01522,18,10,2923.69,5,5,4,554,4.67,Champions
CUST-06057,18,10,3314.68,5,5,5,555,5.0,Champions
CUST-11298,18,10,4974.83,5,5,5,555,5.0,Champions
CUST-05759,18,11,4980.88,5,5,5,555,5.0,Champions
CUST-08802,18,11,8432.71,5,5,5,555,5.0,Champions
CUST-08397,17,2,424.25,5,1,1,511,2.33,New Customers
CUST-03815,17,3,298.19,5,1,1,511,2.33,New Customers
CUST-11578,17,3,369.62,5,1,1,511,2.33,New Customers
CUST-12379,17,3,719.79,5,1,1,511,2.33,New Customers
CUST-06214,17,3,3564.61,5,2,5,525,4.0,New Customers
CUST-03402,17,4,245.86,5,2,1,521,2.67,New Customers
CUST-01270,17,4,755.42,5,2,2,522,3.0,New Customers
CUST-10673,17,4,757.6,5,2,2,522,3.0,New Customers
CUST-08498,17,4,1777.0,5,2,3,523,3.33,New Customers
CUST-09294,17,4,1860.51,5,2,3,523,3.33,New Customers
CUST-00060,17,4,1913.16,5,2,3,523,3.33,New Customers
CUST-01947,17,4,1996.03,5,2,3,523,3.33,New Customers
CUST-00114,17,4,2354.98,5,2,4,524,3.67,New Customers
CUST-12788,17,4,2625.94,5,3,4,534,4.0,Potential Loyalists
CUST-09633,17,5,437.61,5,3,1,531,3.0,Potential Loyalists
CUST-10426,17,5,908.19,5,3,2,532,3.33,Potential Loyalists
CUST-06648,17,5,1914.99,5,3,3,533,3.67,Potential Loyalists
CUST-13429,17,5,2608.44,5,3,4,534,4.0,Potential Loyalists
CUST-03787,17,5,4573.3,5,4,5,545,4.67,Champions
CUST-09003,17,6,766.81,5,4,2,542,3.67,Potential Loyalists
CUST-07636,17,6,837.31,5,4,2,542,3.67,Potential Loyalists
CUST-02274,17,6,1102.16,5,4,2,542,3.67,Potential Loyalists
CUST-09288,17,6,1946.46,5,4,3,543,4.0,Loyal Customers
CUST-12068,17,6,2133.15,5,4,4,544,4.33,Champions
CUST-03698,17,6,2240.16,5,4,4,544,4.33,Champions
CUST-13561,17,6,2313.31,5,4,4,544,4.33,Champions
CUST-00347,17,6,3483.19,5,4,5,545,4.67,Champions
CUST-08581,17,7,737.57,5,4,1,541,3.33,Potential Loyalists
CUST-07339,17,7,1066.41,5,4,2,542,3.67,Potential Loyalists
CUST-04620,17,7,1290.83,5,4,2,542,3.67,Potential Loyalists
CUST-04530,17,7,1341.4,5,4,2,542,3.67,Potential Loyalists
CUST-02847,17,7,1518.93,5,4,3,543,4.0,Loyal Customers
CUST-00235,17,7,2069.33,5,5,3,553,4.33,Loyal Customers
CUST-12751,17,7,2226.8,5,5,4,554,4.67,Champions
CUST-06048,17,7,2346.74,5,5,4,554,4.67,Champions
CUST-06944,17,7,3032.83,5,5,5,555,5.0,Champions
CUST-11025,17,7,3060.08,5,5,5,555,5.0,Champions
CUST-07857,17,7,4273.22,5,5,5,555,5.0,Champions
CUST-06942,17,8,1833.98,5,5,3,553,4.33,Loyal Customers
CUST-08167,17,8,2453.13,5,5,4,554,4.67,Champions
CUST-03583,17,8,2879.06,5,5,4,554,4.67,Champions
CUST-04424,17,8,5091.17,5,5,5,555,5.0,Champions
CUST-13961,17,9,2365.13,5,5,4,554,4.67,Champions
CUST-00555,17,9,3077.97,5,5,5,555,5.0,Champions
CUST-09014,17,9,3846.71,5,5,5,555,5.0,Champions
CUST-14358,17,10,2511.93,5,5,4,554,4.67,Champions
CUST-10524,17,10,2727.22,5,5,4,554,4.67,Champions
CUST-01551,17,10,4207.39,5,5,5,555,5.0,Champions
CUST-04571,17,12,2370.47,5,5,4,554,4.67,Champions
CUST-12042,16,2,118.05,5,1,1,511,2.33,New Customers
CUST-09454,16,2,455.64,5,1,1,511,2.33,New Customers
CUST-01874,16,2,525.56,5,1,1,511,2.33,New Customers
CUST-02423,16,3,432.95,5,1,1,511,2.33,New Customers
CUST-02336,16,3,445.33,5,1,1,511,2.33,New Customers
CUST-13983,16,3,478.93,5,1,1,511,2.33,New Customers
CUST-13493,16,3,585.76,5,1,1,511,2.33,New Customers
CUST-14276,16,3,641.05,5,1,1,511,2.33,New Customers
CUST-08585,16,3,989.41,5,1,2,512,2.67,New Customers
CUST-08537,16,3,1018.83,5,1,2,512,2.67,New Customers
CUST-13618,16,4,364.26,5,2,1,521,2.67,New Customers
CUST-02870,16,4,598.79,5,2,1,521,2.67,New Customers
CUST-04924,16,4,696.31,5,2,1,521,2.67,New Customers
CUST-14378,16,4,1389.8,5,2,2,522,3.0,New Customers
CUST-02046,16,4,1431.17,5,2,3,523,3.33,New Customers
CUST-00410,16,4,1537.56,5,2,3,523,3.33,New Customers
CUST-14786,16,4,1858.66,5,2,3,523,3.33,New Customers
CUST-02584,16,5,672.85,5,3,1,531,3.0,Potential Loyalists
CUST-14535,16,5,966.45,5,3,2,532,3.33,Potential Loyalists
CUST-13824,16,5,1769.88,5,3,3,533,3.67,Potential Loyalists
CUST-14424,16,5,2095.7,5,3,4,534,4.0,Potential Loyalists
CUST-06800,16,5,2202.7,5,3,4,534,4.0,Potential Loyalists
CUST-06311,16,5,2287.35,5,3,4,534,4.0,Potential Loyalists
CUST-13549,16,5,2408.64,5,3,4,534,4.0,Potential Loyalists
CUST-10938,16,5,2786.46,5,3,4,534,4.0,Potential Loyalists
CUST-03487,16,5,2853.54,5,3,4,534,4.0,Potential Loyalists
CUST-11419,16,5,2904.74,5,3,4,534,4.0,Potential Loyalists
CUST-09752,16,5,3710.44,5,3,5,535,4.33,Potential Loyalists
CUST-11826,16,6,881.58,5,4,2,542,3.67,Potential Loyalists
CUST-04379,16,6,1080.36,5,4,2,542,3.67,Potential Loyalists
CUST-11172,16,6,1274.95,5,4,2,542,3.67,Potential Loyalists
CUST-04592,16,6,1363.79,5,4,2,542,3.67,Potential Loyalists
CUST-10967,16,6,1387.81,5,4,2,542,3.67,Potential Loyalists
CUST-06488,16,6,1887.61,5,4,3,543,4.0,Loyal Customers
CUST-07650,16,6,1954.97,5,4,3,543,4.0,Loyal Customers
CUST-14778,16,6,1973.21,5,4,3,543,4.0,Loyal Customers
CUST-04659,16,6,2273.91,5,4,4,544,4.33,Champions
CUST-06249,16,6,2535.45,5,4,4,544,4.33,Champions
CUST-12006,16,6,3155.46,5,4,5,545,4.67,Champions
CUST-10712,16,6,3625.05,5,4,5,545,4.67,Champions
CUST-04876,16,7,1062.82,5,4,2,542,3.67,Potential Loyalists
CUST-12980,16,7,1518.08,5,4,3,543,4.0,Loyal Customers
CUST-09648,16,7,1604.72,5,4,3,543,4.0,Loyal Customers
CUST-08261,16,7,1910.24,5,4,3,543,4.0,Loyal Customers
CUST-03825,16,7,2445.11,5,5,4,554,4.67,Champions
CUST-03693,16,7,2479.85,5,5,4,554,4.67,Champions
CUST-13733,16,7,2871.19,5,5,4,554,4.67,Champions
CUST-13380,16,7,3049.61,5,5,5,555,5.0,Champions
CUST-00206,16,7,3930.08,5,5,5,555,5.0,Champions
CUST-09583,16,7,4307.11,5,5,5,555,5.0,Champions
CUST-14989,16,7,4614.9,5,5,5,555,5.0,Champions
CUST-03931,16,7,5433.8,5,5,5,555,5.0,Champions
CUST-14171,16,8,1228.53,5,5,2,552,4.0,Potential Loyalists
CUST-01262,16,8,4428.2,5,5,5,555,5.0,Champions
CUST-13659,16,9,1893.79,5,5,3,553,4.33,Loyal Customers
CUST-11574,16,9,2129.74,5,5,4,554,4.67,Champions
CUST-10268,16,10,2976.77,5,5,4,554,4.67,Champions
CUST-02998,16,10,5320.52,5,5,5,555,5.0,Champions
CUST-04093,16,11,4437.22,5,5,5,555,5.0,Champions
CUST-00852,16,12,4051.7,5,5,5,555,5.0,Champions
CUST-05997,15,2,582.35,5,1,1,511,2.33,New Customers
CUST-05891,15,2,1095.81,5,1,2,512,2.67,New Customers
CUST-08079,15,4,247.21,5,2,1,521,2.67,New Customers
CUST-11230,15,4,585.07,5,2,1,521,2.67,New Customers
CUST-04678,15,4,771.66,5,2,2,522,3.0,New Customers
CUST-11598,15,4,827.53,5,2,2,522,3.0,New Customers
CUST-06128,15,4,868.18,5,2,2,522,3.0,New Customers
CUST-05260,15,4,900.34,5,2,2,522,3.0,New Customers
CUST-03957,15,4,1543.49,5,2,3,523,3.33,New Customers
CUST-04013,15,4,2661.22,5,3,4,534,4.0,Potential Loyalists
CUST-00578,15,4,2692.27,5,3,4,534,4.0,Potential Loyalists
CUST-14536,15,4,3252.9,5,3,5,535,4.33,Potential Loyalists
CUST-08160,15,5,686.04,5,3,1,531,3.0,Potential Loyalists
CUST-03134,15,5,1194.42,5,3,2,532,3.33,Potential Loyalists
CUST-10344,15,5,1213.47,5,3,2,532,3.33,Potential Loyalists
CUST-03044,15,5,1284.15,5,3,2,532,3.33,Potential Loyalists
CUST-12363,15,5,1576.09,5,3,3,533,3.67,Potential Loyalists
CUST-08985,15,5,1709.45,5,3,3,533,3.67,Potential Loyalists
CUST-10218,15,5,1867.81,5,3,3,533,3.67,Potential Loyalists
CUST-03476,15,5,2004.41,5,3,3,533,3.67,Potential Loyalists
CUST-04648,15,5,2190.69,5,3,4,534,4.0,Potential Loyalists
CUST-11587,15,5,2302.15,5,3,4,534,4.0,Potential Loyalists
CUST-00111,15,5,2779.36,5,3,4,534,4.0,Potential Loyalists
CUST-08152,15,5,4351.25,5,4,5,545,4.67,Champions
CUST-05261,15,6,1571.26,5,4,3,543,4.0,Loyal Customers
CUST-09962,15,6,1757.28,5,4,3,543,4.0,Loyal Customers
CUST-11875,15,6,2027.38,5,4,3,543,4.0,Loyal Customers
CUST-00727,15,6,2301.8,5,4,4,544,4.33,Champions
CUST-00057,15,6,2568.41,5,4,4,544,4.33,Champions
CUST-12973,15,6,3215.79,5,4,5,545,4.67,Champions
CUST-02868,15,6,3388.87,5,4,5,545,4.67,Champions
CUST-04827,15,6,3463.63,5,4,5,545,4.67,Champions
CUST-09475,15,7,1263.42,5,4,2,542,3.67,Potential Loyalists
CUST-09506,15,7,1702.17,5,4,3,543,4.0,Loyal Customers
CUST-04795,15,7,1818.48,5,4,3,543,4.0,Loyal Customers
CUST-09035,15,7,2571.76,5,5,4,554,4.67,Champions
CUST-04835,15,7,3280.94,5,5,5,555,5.0,Champions
CUST-01401,15,7,3384.63,5,5,5,555,5.0,Champions
CUST-03719,15,8,3599.73,5,5,5,555,5.0,Champions
CUST-04669,15,8,3717.5,5,5,5,555,5.0,Champions
CUST-12132,15,8,5548.02,5,5,5,555,5.0,Champions
CUST-01788,15,9,3364.96,5,5,5,555,5.0,Champions
CUST-05431,15,9,4662.41,5,5,5,555,5.0,Champions
CUST-03016,15,10,2601.24,5,5,4,554,4.67,Champions
CUST-04559,15,10,3612.75,5,5,5,555,5.0,Champions
CUST-13585,15,10,4207.98,5,5,5,555,5.0,Champions
CUST-01115,15,11,5194.63,5,5,5,555,5.0,Champions
CUST-14615,14,2,146.79,5,1,1,511,2.33,New Customers
CUST-04611,14,2,158.22,5,1,1,511,2.33,New Customers
CUST-09312,14,2,2166.87,5,1,4,514,3.33,New Customers
CUST-06907,14,3,438.62,5,1,1,511,2.33,New Customers
CUST-14161,14,3,819.01,5,1,2,512,2.67,New Customers
CUST-08175,14,3,886.09,5,1,2,512,2.67,New Customers
CUST-02818,14,3,1211.46,5,2,2,522,3.0,New Customers
CUST-06925,14,3,1286.74,5,2,2,522,3.0,New Customers
CUST-06783,14,3,1302.6,5,2,2,522,3.0,New Customers
CUST-09515,14,3,1348.24,5,2,2,522,3.0,New Customers
CUST-12587,14,3,2627.64,5,2,4,524,3.67,New Customers
CUST-08594,14,4,342.75,5,2,1,521,2.67,New Customers
CUST-13033,14,4,478.31,5,2,1,521,2.67,New Customers
CUST-11534,14,4,806.41,5,2,2,522,3.0,New Customers
CUST-08502,14,4,1913.93,5,2,3,523,3.33,New Customers
CUST-08876,14,4,2401.64,5,3,4,534,4.0,Potential Loyalists
CUST-10519,14,4,3020.02,5,3,5,535,4.33,Potential Loyalists
CUST-08850,14,4,3778.61,5,3,5,535,4.33,Potential Loyalists
CUST-10953,14,5,618.5,5,3,1,531,3.0,Potential Loyalists
CUST-02720,14,5,669.96,5,3,1,531,3.0,Potential Loyalists
CUST-03034,14,5,965.66,5,3,2,532,3.33,Potential Loyalists
CUST-07372,14,5,1123.72,5,3,2,532,3.33,Potential Loyalists
CUST-03634,14,5,1505.25,5,3,3,533,3.67,Potential Loyalists
CUST-01226,14,5,1508.32,5,3,3,533,3.67,Potential Loyalists
CUST-05511,14,5,1696.89,5,3,3,533,3.67,Potential Loyalists
CUST-10498,14,5,1815.67,5,3,3,533,3.67,Potential Loyalists
CUST-04406,14,5,2265.37,5,3,4,534,4.0,Potential Loyalists
CUST-10775,14,5,2380.9,5,3,4,534,4.0,Potential Loyalists
CUST-09988,14,5,2443.78,5,3,4,534,4.0,Potential Loyalists
CUST-01801,14,5,2535.88,5,3,4,534,4.0,Potential Loyalists
CUST-10284,14,6,686.19,5,4,1,541,3.33,Potential Loyalists
CUST-14769,14,6,929.37,5,4,2,542,3.67,Potential Loyalists
CUST-13508,14,6,1119.33,5,4,2,542,3.67,Potential Loyalists
CUST-08225,14,6,1590.97,5,4,3,543,4.0,Loyal Customers
CUST-02269,14,6,1696.85,5,4,3,543,4.0,Loyal Customers
CUST-10536,14,6,1859.84,5,4,3,543,4.0,Loyal Customers
CUST-00102,14,6,3691.07,5,4,5,545,4.67,Champions
CUST-05444,14,6,4425.92,5,4,5,545,4.67,Champions
CUST-02887,14,6,5312.06,5,4,5,545,4.67,Champions
CUST-14410,14,7,842.43,5,4,2,542,3.67,Potential Loyalists
CUST-10430,14,7,1071.72,5,4,2,542,3.67,Potential Loyalists
CUST-14456,14,7,2235.51,5,5,4,554,4.67,Champions
CUST-12101,14,7,2266.04,5,5,4,554,4.67,Champions
CUST-04833,14,7,2414.81,5,5,4,554,4.67,Champions
CUST-05838,14,7,2576.51,5,5,4,554,4.67,Champions
CUST-13465,14,7,2679.43,5,5,4,554,4.67,Champions
CUST-03096,14,8,960.64,5,5,2,552,4.0,Potential Loyalists
CUST-12567,14,8,1483.06,5,5,3,553,4.33,Loyal Customers
CUST-01760,14,8,1835.72,5,5,3,553,4.33,Loyal Customers
CUST-05929,14,8,2814.0,5,5,4,554,4.67,Champions
CUST-02345,14,8,4064.45,5,5,5,555,5.0,Champions
CUST-12885,14,8,6115.79,5,5,5,555,5.0,Champions
CUST-03770,14,8,7271.15,5,5,5,555,5.0,Champions
CUST-08089,14,9,3211.61,5,5,5,555,5.0,Champions
CUST-01968,14,9,5871.15,5,5,5,555,5.0,Champions
CUST-13966,14,10,2179.25,5,5,4,554,4.67,Champions
CUST-00263,14,10,3889.89,5,5,5,555,5.0,Champions
CUST-06824,14,10,3972.38,5,5,5,555,5.0,Champions
CUST-13821,14,10,4651.33,5,5,5,555,5.0,Champions
CUST-07532,14,10,5973.5,5,5,5,555,5.0,Champions
CUST-09287,14,12,3909.75,5,5,5,555,5.0,Champions
CUST-03444,13,2,59.1,5,1,1,511,2.33,New Customers
CUST-13881,13,2,570.78,5,1,1,511,2.33,New Customers
CUST-06788,13,2,1385.94,5,1,2,512,2.67,New Customers
CUST-10171,13,2,2202.29,5,1,4,514,3.33,New Customers
CUST-10217,13,3,548.34,5,1,1,511,2.33,New Customers
CUST-11950,13,3,850.47,5,1,2,512,2.67,New Customers
CUST-11017,13,3,1208.11,5,2,2,522,3.0,New Customers
CUST-03191,13,3,1385.04,5,2,2,522,3.0,New Customers
CUST-14055,13,3,1644.03,5,2,3,523,3.33,New Customers
CUST-13159,13,3,1664.84,5,2,3,523,3.33,New Customers
CUST-00816,13,4,269.02,5,2,1,521,2.67,New Customers
CUST-05006,13,4,485.41,5,2,1,521,2.67,New Customers
CUST-09886,13,4,591.06,5,2,1,521,2.67,New Customers
CUST-07195,13,4,688.9,5,2,1,521,2.67,New Customers
CUST-12292,13,4,821.07,5,2,2,522,3.0,New Customers
CUST-02681,13,4,988.71,5,2,2,522,3.0,New Customers
CUST-05186,13,4,1265.14,5,2,2,522,3.0,New Customers
CUST-02319,13,4,1414.81,5,2,3,523,3.33,New Customers
CUST-09753,13,4,1643.37,5,2,3,523,3.33,New Customers
CUST-14854,13,4,1882.35,5,2,3,523,3.33,New Customers
CUST-12850,13,4,1950.7,5,2,3,523,3.33,New Customers
CUST-10179,13,4,2198.81,5,2,4,524,3.67,New Customers
CUST-08244,13,4,3951.36,5,3,5,535,4.33,Potential Loyalists
CUST-04074,13,4,4203.1,5,3,5,535,4.33,Potential Loyalists
CUST-07931,13,5,453.86,5,3,1,531,3.0,Potential Loyalists
CUST-08996,13,5,909.84,5,3,2,532,3.33,Potential Loyalists
CUST-03615,13,5,996.98,5,3,2,532,3.33,Potential Loyalists
CUST-12522,13,5,1113.13,5,3,2,532,3.33,Potential Loyalists
CUST-01045,13,5,1129.09,5,3,2,532,3.33,Potential Loyalists
CUST-02499,13,5,1491.91,5,3,3,533,3.67,Potential Loyalists
CUST-08913,13,5,1597.3,5,3,3,533,3.67,Potential Loyalists
CUST-14679,13,5,1965.76,5,3,3,533,3.67,Potential Loyalists
CUST-06798,13,5,2180.51,5,3,4,534,4.0,Potential Loyalists
CUST-11679,13,5,3964.56,5,4,5,545,4.67,Champions
CUST-14892,13,5,4078.02,5,4,5,545,4.67,Champions
CUST-07593,13,5,4485.1,5,4,5,545,4.67,Champions
CUST-10018,13,6,938.57,5,4,2,542,3.67,Potential Loyalists
CUST-12808,13,6,2280.94,5,4,4,544,4.33,Champions
CUST-05572,13,6,2324.66,5,4,4,544,4.33,Champions
CUST-13836,13,6,2604.58,5,4,4,544,4.33,Champions
CUST-14517,13,6,2750.66,5,4,4,544,4.33,Champions
CUST-03638,13,6,3752.2,5,4,5,545,4.67,Champions
CUST-06019,13,6,5060.49,5,4,5,545,4.67,Champions
CUST-04236,13,6,5240.11,5,4,5,545,4.67,Champions
CUST-12338,13,7,1168.91,5,4,2,542,3.67,Potential Loyalists
CUST-01969,13,7,2069.78,5,5,3,553,4.33,Loyal Customers
CUST-14038,13,7,2548.77,5,5,4,554,4.67,Champions
CUST-14153,13,7,2659.47,5,5,4,554,4.67,Champions
CUST-13743,13,7,2788.9,5,5,4,554,4.67,Champions
CUST-05370,13,7,2931.88,5,5,4,554,4.67,Champions
CUST-14245,13,7,3628.26,5,5,5,555,5.0,Champions
CUST-09326,13,7,4470.75,5,5,5,555,5.0,Champions
CUST-01448,13,7,4954.08,5,5,5,555,5.0,Champions
CUST-01719,13,8,2025.66,5,5,3,553,4.33,Loyal Customers
CUST-13173,13,8,2146.56,5,5,4,554,4.67,Champions
CUST-08224,13,8,2392.54,5,5,4,554,4.67,Champions
CUST-11493,13,8,3548.72,5,5,5,555,5.0,Champions
CUST-11857,13,8,6974.11,5,5,5,555,5.0,Champions
CUST-09402,13,9,1810.98,5,5,3,553,4.33,Loyal Customers
CUST-02740,13,9,3698.24,5,5,5,555,5.0,Champions
CUST-03045,13,9,4106.74,5,5,5,555,5.0,Champions
CUST-13462,13,10,2305.17,5,5,4,554,4.67,Champions
CUST-03281,13,10,7932.01,5,5,5,555,5.0,Champions
CUST-14233,13,11,4767.64,5,5,5,555,5.0,Champions
CUST-14193,13,11,5567.08,5,5,5,555,5.0,Champions
CUST-01369,12,2,883.14,5,1,2,512,2.67,New Customers
CUST-00887,12,2,1139.34,5,1,2,512,2.67,New Customers
CUST-12241,12,2,1338.24,5,1,2,512,2.67,New Customers
CUST-07640,12,2,1371.8,5,1,2,512,2.67,New Customers
CUST-01991,12,3,998.31,5,1,2,512,2.67,New Customers
CUST-06911,12,3,1075.72,5,1,2,512,2.67,New Customers
CUST-09839,12,4,208.5,5,2,1,521,2.67,New Customers
CUST-14729,12,4,473.78,5,2,1,521,2.67,New Customers
CUST-05246,12,4,565.27,5,2,1,521,2.67,New Customers
CUST-02571,12,4,1449.05,5,2,3,523,3.33,New Customers
CUST-05801,12,4,1605.95,5,2,3,523,3.33,New Customers
CUST-08025,12,4,2520.19,5,3,4,534,4.0,Potential Loyalists
CUST-02395,12,4,2818.24,5,3,4,534,4.0,Potential Loyalists
CUST-10848,12,4,3009.98,5,3,5,535,4.33,Potential Loyalists
CUST-11236,12,5,470.16,5,3,1,531,3.0,Potential Loyalists
CUST-10740,12,5,717.93,5,3,1,531,3.0,Potential Loyalists
CUST-14861,12,5,760.44,5,3,2,532,3.33,Potential Loyalists
CUST-01294,12,5,985.51,5,3,2,532,3.33,Potential Loyalists
CUST-08279,12,5,1067.57,5,3,2,532,3.33,Potential Loyalists
CUST-13528,12,5,1173.04,5,3,2,532,3.33,Potential Loyalists
CUST-10127,12,5,1314.57,5,3,2,532,3.33,Potential Loyalists
CUST-13955,12,5,1604.15,5,3,3,533,3.67,Potential Loyalists
CUST-00025,12,5,1835.64,5,3,3,533,3.67,Potential Loyalists
CUST-00629,12,5,2370.9,5,3,4,534,4.0,Potential Loyalists
CUST-14211,12,5,2404.73,5,3,4,534,4.0,Potential Loyalists
CUST-11455,12,5,2533.05,5,3,4,534,4.0,Potential Loyalists
CUST-01113,12,5,2924.18,5,3,4,534,4.0,Potential Loyalists
CUST-03299,12,5,2975.37,5,3,4,534,4.0,Potential Loyalists
CUST-13441,12,5,2975.66,5,3,4,534,4.0,Potential Loyalists
CUST-02850,12,5,3071.68,5,3,5,535,4.33,Potential Loyalists
CUST-11026,12,6,925.83,5,4,2,542,3.67,Potential Loyalists
CUST-12098,12,6,1212.85,5,4,2,542,3.67,Potential Loyalists
CUST-13490,12,6,1345.21,5,4,2,542,3.67,Potential Loyalists
CUST-13697,12,6,1371.73,5,4,2,542,3.67,Potential Loyalists
CUST-09665,12,6,1433.69,5,4,3,543,4.0,Loyal Customers
CUST-12269,12,6,1519.21,5,4,3,543,4.0,Loyal Customers
CUST-00577,12,6,1571.47,5,4,3,543,4.0,Loyal Customers
CUST-09445,12,6,1951.69,5,4,3,543,4.0,Loyal Customers
CUST-06801,12,6,2366.81,5,4,4,544,4.33,Champions
CUST-01127,12,6,2620.2,5,4,4,544,4.33,Champions
CUST-08795,12,6,2969.37,5,4,4,544,4.33,Champions
CUST-01657,12,6,3292.36,5,4,5,545,4.67,Champions
CUST-12312,12,6,3336.21,5,4,5,545,4.67,Champions
CUST-08705,12,6,3449.96,5,4,5,545,4.67,Champions
CUST-04278,12,7,789.04,5,4,2,542,3.67,Potential Loyalists
CUST-02219,12,7,1706.0,5,4,3,543,4.0,Loyal Customers
CUST-04058,12,7,1721.42,5,4,3,543,4.0,Loyal Customers
CUST-07588,12,7,2142.69,5,5,4,554,4.67,Champions
CUST-13497,12,7,2921.27,5,5,4,554,4.67,Champions
CUST-04437,12,7,2979.29,5,5,4,554,4.67,Champions
CUST-07606,12,7,4180.88,5,5,5,555,5.0,Champions
CUST-10293,12,7,4356.95,5,5,5,555,5.0,Champions
CUST-00130,12,7,4543.56,5,5,5,555,5.0,Champions
CUST-03599,12,8,2133.82,5,5,4,554,4.67,Champions
CUST-09317,12,8,2733.98,5,5,4,554,4.67,Champions
CUST-04582,12,8,2780.82,5,5,4,554,4.67,Champions
CUST-00462,12,8,2864.74,5,5,4,554,4.67,Champions
CUST-09608,12,8,2868.48,5,5,4,554,4.67,Champions
CUST-14686,12,8,5345.23,5,5,5,555,5.0,Champions
CUST-03246,12,9,1616.09,5,5,3,553,4.33,Loyal Customers
CUST-01351,12,9,3767.69,5,5,5,555,5.0,Champions
CUST-01197,12,9,4668.58,5,5,5,555,5.0,Champions
CUST-07545,12,9,5130.19,5,5,5,555,5.0,Champions
CUST-06385,12,10,2688.07,5,5,4,554,4.67,Champions
CUST-02110,12,10,5071.14,5,5,5,555,5.0,Champions
CUST-08664,12,11,2336.3,5,5,4,554,4.67,Champions
CUST-07075,12,11,2985.07,5,5,4,554,4.67,Champions
CUST-00525,12,11,4470.1,5,5,5,555,5.0,Champions
CUST-01410,11,2,78.57,5,1,1,511,2.33,New Customers
CUST-05514,11,2,344.02,5,1,1,511,2.33,New Customers
CUST-09195,11,3,465.2,5,1,1,511,2.33,New Customers
CUST-00785,11,3,474.67,5,1,1,511,2.33,New Customers
CUST-11441,11,3,519.96,5,1,1,511,2.33,New Customers
CUST-14208,11,3,555.87,5,1,1,511,2.33,New Customers
CUST-05989,11,3,1326.95,5,2,2,522,3.0,New Customers
CUST-08941,11,3,1519.2,5,2,3,523,3.33,New Customers
CUST-10321,11,3,1733.83,5,2,3,523,3.33,New Customers
CUST-11551,11,3,2049.76,5,2,3,523,3.33,New Customers
CUST-02570,11,3,2209.16,5,2,4,524,3.67,New Customers
CUST-03119,11,3,2797.61,5,2,4,524,3.67,New Customers
CUST-06865,11,4,144.52,5,2,1,521,2.67,New Customers
CUST-01597,11,4,780.5,5,2,2,522,3.0,New Customers
CUST-00742,11,4,945.86,5,2,2,522,3.0,New Customers
CUST-02353,11,4,1392.93,5,2,3,523,3.33,New Customers
CUST-06013,11,4,1550.38,5,2,3,523,3.33,New Customers
CUST-10214,11,4,2465.53,5,3,4,534,4.0,Potential Loyalists
CUST-01093,11,4,3252.94,5,3,5,535,4.33,Potential Loyalists
CUST-02410,11,5,439.47,5,3,1,531,3.0,Potential Loyalists
CUST-13654,11,5,626.36,5,3,1,531,3.0,Potential Loyalists
CUST-10526,11,5,639.47,5,3,1,531,3.0,Potential Loyalists
CUST-03983,11,5,856.96,5,3,2,532,3.33,Potential Loyalists
CUST-09316,11,5,1183.71,5,3,2,532,3.33,Potential Loyalists
CUST-13246,11,5,1254.61,5,3,2,532,3.33,Potential Loyalists
CUST-02224,11,5,1416.28,5,3,3,533,3.67,Potential Loyalists
CUST-02844,11,5,1765.2,5,3,3,533,3.67,Potential Loyalists
CUST-04387,11,5,1806.52,5,3,3,533,3.67,Potential Loyalists
CUST-10061,11,5,1969.39,5,3,3,533,3.67,Potential Loyalists
CUST-10238,11,5,2030.47,5,3,3,533,3.67,Potential Loyalists
CUST-03678,11,5,2235.3,5,3,4,534,4.0,Potential Loyalists
CUST-09708,11,5,2255.14,5,3,4,534,4.0,Potential Loyalists
CUST-14010,11,5,2291.93,5,3,4,534,4.0,Potential Loyalists
CUST-06700,11,5,2379.8,5,3,4,534,4.0,Potential Loyalists
CUST-06723,11,5,3105.16,5,3,5,535,4.33,Potential Loyalists
CUST-07179,11,5,3931.74,5,4,5,545,4.67,Champions
CUST-00736,11,6,541.08,5,4,1,541,3.33,Potential Loyalists
CUST-06405,11,6,838.3,5,4,2,542,3.67,Potential Loyalists
CUST-01241,11,6,1151.72,5,4,2,542,3.67,Potential Loyalists
CUST-13520,11,6,1705.06,5,4,3,543,4.0,Loyal Customers
CUST-11102,11,6,1868.04,5,4,3,543,4.0,Loyal Customers
CUST-10032,11,6,1988.52,5,4,3,543,4.0,Loyal Customers
CUST-10159,11,6,2051.9,5,4,3,543,4.0,Loyal Customers
CUST-06871,11,6,2470.91,5,4,4,544,4.33,Champions
CUST-09030,11,6,2474.56,5,4,4,544,4.33,Champions
CUST-14313,11,6,2523.24,5,4,4,544,4.33,Champions
CUST-14915,11,6,2551.65,5,4,4,544,4.33,Champions
CUST-06145,11,6,2559.29,5,4,4,544,4.33,Champions
CUST-14479,11,6,3310.54,5,4,5,545,4.67,Champions
CUST-01121,11,6,3491.35,5,4,5,545,4.67,Champions
CUST-11107,11,7,587.84,5,4,1,541,3.33,Potential Loyalists
CUST-05202,11,7,949.4,5,4,2,542,3.67,Potential Loyalists
CUST-01599,11,7,1164.6,5,4,2,542,3.67,Potential Loyalists
CUST-05134,11,7,1906.26,5,4,3,543,4.0,Loyal Customers
CUST-10160,11,7,2204.85,5,5,4,554,4.67,Champions
CUST-04784,11,7,2272.55,5,5,4,554,4.67,Champions
CUST-08452,11,7,3018.03,5,5,5,555,5.0,Champions
CUST-12741,11,7,3905.82,5,5,5,555,5.0,Champions
CUST-09989,11,7,4210.26,5,5,5,555,5.0,Champions
CUST-05263,11,7,4535.35,5,5,5,555,5.0,Champions
CUST-13658,11,8,1354.75,5,5,2,552,4.0,Potential Loyalists
CUST-03733,11,8,1767.49,5,5,3,553,4.33,Loyal Customers
CUST-03870,11,8,2537.6,5,5,4,554,4.67,Champions
CUST-01777,11,8,2780.87,5,5,4,554,4.67,Champions
CUST-06542,11,8,4706.47,5,5,5,555,5.0,Champions
CUST-12843,11,9,2975.69,5,5,4,554,4.67,Champions
CUST-01188,11,9,5052.21,5,5,5,555,5.0,Champions
CUST-09867,11,9,6287.02,5,5,5,555,5.0,Champions
CUST-06603,11,10,1819.94,5,5,3,553,4.33,Loyal Customers
CUST-10019,11,12,6724.04,5,5,5,555,5.0,Champions
CUST-02063,10,3,280.09,5,1,1,511,2.33,New Customers
CUST-04184,10,3,327.13,5,1,1,511,2.33,New Customers
CUST-09695,10,3,2037.92,5,2,3,523,3.33,New Customers
CUST-05060,10,4,576.2,5,2,1,521,2.67,New Customers
CUST-00496,10,4,977.16,5,2,2,522,3.0,New Customers
CUST-12730,10,4,1293.31,5,2,2,522,3.0,New Customers
CUST-14793,10,4,1311.51,5,2,2,522,3.0,New Customers
CUST-03635,10,4,1429.18,5,2,3,523,3.33,New Customers
CUST-12329,10,4,1776.84,5,2,3,523,3.33,New Customers
CUST-06737,10,4,1922.61,5,2,3,523,3.33,New Customers
CUST-06097,10,4,3258.56,5,3,5,535,4.33,Potential Loyalists
CUST-14493,10,5,375.9,5,3,1,531,3.0,Potential Loyalists
CUST-08885,10,5,889.32,5,3,2,532,3.33,Potential Loyalists
CUST-12206,10,5,974.57,5,3,2,532,3.33,Potential Loyalists
CUST-05367,10,5,1173.59,5,3,2,532,3.33,Potential Loyalists
CUST-14279,10,5,2150.42,5,3,4,534,4.0,Potential Loyalists
CUST-11429,10,5,2580.92,5,3,4,534,4.0,Potential Loyalists
CUST-10348,10,5,4257.63,5,4,5,545,4.67,Champions
CUST-08329,10,6,1073.19,5,4,2,542,3.67,Potential Loyalists
CUST-12369,10,6,1166.27,5,4,2,542,3.67,Potential Loyalists
CUST-04848,10,6,1636.39,5,4,3,543,4.0,Loyal Customers
CUST-09220,10,6,1770.74,5,4,3,543,4.0,Loyal Customers
CUST-02726,10,6,2070.58,5,4,4,544,4.33,Champions
CUST-12465,10,6,2216.08,5,4,4,544,4.33,Champions
CUST-01029,10,6,2301.29,5,4,4,544,4.33,Champions
CUST-10541,10,6,2671.7,5,4,4,544,4.33,Champions
CUST-01804,10,6,3742.91,5,4,5,545,4.67,Champions
CUST-07977,10,6,3749.38,5,4,5,545,4.67,Champions
CUST-12246,10,6,4114.7,5,4,5,545,4.67,Champions
CUST-12289,10,7,1747.35,5,4,3,543,4.0,Loyal Customers
CUST-03064,10,7,1747.84,5,4,3,543,4.0,Loyal Customers
CUST-11095,10,7,2223.79,5,5,4,554,4.67,Champions
CUST-14773,10,7,2268.98,5,5,4,554,4.67,Champions
CUST-06779,10,7,2823.54,5,5,4,554,4.67,Champions
CUST-02724,10,7,2890.54,5,5,4,554,4.67,Champions
CUST-09152,10,7,3322.76,5,5,5,555,5.0,Champions
CUST-12814,10,7,4898.51,5,5,5,555,5.0,Champions
CUST-00393,10,8,1523.72,5,5,3,553,4.33,Loyal Customers
CUST-10635,10,8,2672.61,5,5,4,554,4.67,Champions
CUST-00774,10,8,2761.74,5,5,4,554,4.67,Champions
CUST-07191,10,8,3201.93,5,5,5,555,5.0,Champions
CUST-05232,10,8,3896.5,5,5,5,555,5.0,Champions
CUST-09564,10,8,4379.89,5,5,5,555,5.0,Champions
CUST-14913,10,9,2843.41,5,5,4,554,4.67,Champions
CUST-01051,10,9,3249.05,5,5,5,555,5.0,Champions
CUST-07996,10,9,4927.2,5,5,5,555,5.0,Champions
CUST-07023,10,9,7415.11,5,5,5,555,5.0,Champions
CUST-11283,10,10,4744.54,5,5,5,555,5.0,Champions
CUST-07236,10,11,2028.82,5,5,3,553,4.33,Loyal Customers
CUST-11383,10,11,3789.49,5,5,5,555,5.0,Champions
CUST-11297,10,11,3891.03,5,5,5,555,5.0,Champions
CUST-13291,10,12,4272.58,5,5,5,555,5.0,Champions
CUST-12180,10,12,8071.47,5,5,5,555,5.0,Champions
CUST-13581,9,2,607.19,5,1,1,511,2.33,New Customers
CUST-03718,9,3,874.3,5,1,2,512,2.67,New Customers
CUST-00813,9,3,920.97,5,1,2,512,2.67,New Customers
CUST-07403,9,3,2313.39,5,2,4,524,3.67,New Customers
CUST-00861,9,4,243.31,5,2,1,521,2.67,New Customers
CUST-01765,9,4,316.68,5,2,1,521,2.67,New Customers
CUST-08605,9,4,617.77,5,2,1,521,2.67,New Customers
CUST-03866,9,4,736.74,5,2,1,521,2.67,New Customers
CUST-02281,9,4,790.79,5,2,2,522,3.0,New Customers
CUST-13104,9,4,977.67,5,2,2,522,3.0,New Customers
CUST-04272,9,4,1102.99,5,2,2,522,3.0,New Customers
CUST-09605,9,4,1122.38,5,2,2,522,3.0,New Customers
CUST-01157,9,4,1303.03,5,2,2,522,3.0,New Customers
CUST-01971,9,4,1321.84,5,2,2,522,3.0,New Customers
CUST-11567,9,4,1387.85,5,2,2,522,3.0,New Customers
CUST-05284,9,4,1466.77,5,2,3,523,3.33,New Customers
CUST-03391,9,4,2361.74,5,2,4,524,3.67,New Customers
CUST-05518,9,4,2998.67,5,3,4,534,4.0,Potential Loyalists
CUST-05298,9,4,3164.01,5,3,5,535,4.33,Potential Loyalists
CUST-12481,9,4,3603.46,5,3,5,535,4.33,Potential Loyalists
CUST-11023,9,4,3875.23,5,3,5,535,4.33,Potential Loyalists
CUST-09261,9,5,1359.19,5,3,2,532,3.33,Potential Loyalists
CUST-11848,9,5,1420.81,5,3,3,533,3.67,Potential Loyalists
CUST-06412,9,5,1737.89,5,3,3,533,3.67,Potential Loyalists
CUST-09468,9,5,1751.56,5,3,3,533,3.67,Potential Loyalists
CUST-02804,9,5,2074.65,5,3,4,534,4.0,Potential Loyalists
CUST-14076,9,5,2118.73,5,3,4,534,4.0,Potential Loyalists
CUST-06613,9,5,2619.73,5,3,4,534,4.0,Potential Loyalists
CUST-11448,9,5,2947.77,5,3,4,534,4.0,Potential Loyalists
CUST-02914,9,5,3420.67,5,3,5,535,4.33,Potential Loyalists
CUST-14624,9,5,3423.25,5,3,5,535,4.33,Potential Loyalists
CUST-14644,9,5,3516.06,5,3,5,535,4.33,Potential Loyalists
CUST-06443,9,5,4410.52,5,4,5,545,4.67,Champions
CUST-02539,9,6,1277.69,5,4,2,542,3.67,Potential Loyalists
CUST-13191,9,6,1392.57,5,4,3,543,4.0,Loyal Customers
CUST-07429,9,6,1566.44,5,4,3,543,4.0,Loyal Customers
CUST-14741,9,6,1678.51,5,4,3,543,4.0,Loyal Customers
CUST-12724,9,6,2236.75,5,4,4,544,4.33,Champions
CUST-05281,9,6,4697.29,5,4,5,545,4.67,Champions
CUST-06213,9,6,5241.99,5,4,5,545,4.67,Champions
CUST-12603,9,7,1768.88,5,4,3,543,4.0,Loyal Customers
CUST-03849,9,7,2160.15,5,5,4,554,4.67,Champions
CUST-01663,9,7,2419.95,5,5,4,554,4.67,Champions
CUST-07819,9,7,2882.62,5,5,4,554,4.67,Champions
CUST-04320,9,7,3163.25,5,5,5,555,5.0,Champions
CUST-05467,9,7,3369.53,5,5,5,555,5.0,Champions
CUST-14325,9,7,3465.95,5,5,5,555,5.0,Champions
CUST-04803,9,7,3848.6,5,5,5,555,5.0,Champions
CUST-01179,9,7,4446.32,5,5,5,555,5.0,Champions
CUST-01783,9,7,4659.68,5,5,5,555,5.0,Champions
CUST-04226,9,7,5261.87,5,5,5,555,5.0,Champions
CUST-04698,9,7,7228.21,5,5,5,555,5.0,Champions
CUST-03562,9,8,1298.49,5,5,2,552,4.0,Potential Loyalists
CUST-08933,9,8,2010.96,5,5,3,553,4.33,Loyal Customers
CUST-10451,9,8,3411.77,5,5,5,555,5.0,Champions
CUST-13181,9,8,3831.33,5,5,5,555,5.0,Champions
CUST-14614,9,8,4327.06,5,5,5,555,5.0,Champions
CUST-09284,9,8,4358.0,5,5,5,555,5.0,Champions
CUST-13028,9,8,4393.63,5,5,5,555,5.0,Champions
CUST-07073,9,8,6639.06,5,5,5,555,5.0,Champions
CUST-03503,9,9,1451.86,5,5,3,553,4.33,Loyal Customers
CUST-13378,9,9,2263.13,5,5,4,554,4.67,Champions
CUST-02208,9,9,2409.94,5,5,4,554,4.67,Champions
CUST-00425,9,9,2798.64,5,5,4,554,4.67,Champions
CUST-11127,9,9,2837.42,5,5,4,554,4.67,Champions
CUST-12156,9,9,3425.88,5,5,5,555,5.0,Champions
CUST-14519,9,10,2037.52,5,5,3,553,4.33,Loyal Customers
CUST-01903,9,12,6696.94,5,5,5,555,5.0,Champions
CUST-08836,8,2,707.82,5,1,1,511,2.33,New Customers
CUST-07713,8,2,1588.58,5,1,3,513,3.0,New Customers
CUST-01027,8,3,956.77,5,1,2,512,2.67,New Customers
CUST-10036,8,4,581.77,5,2,1,521,2.67,New Customers
CUST-08853,8,4,652.34,5,2,1,521,2.67,New Customers
CUST-09424,8,4,784.48,5,2,2,522,3.0,New Customers
CUST-07142,8,4,1192.58,5,2,2,522,3.0,New Customers
CUST-03845,8,4,2381.21,5,2,4,524,3.67,New Customers
CUST-10084,8,5,882.29,5,3,2,532,3.33,Potential Loyalists
CUST-14490,8,5,1108.33,5,3,2,532,3.33,Potential Loyalists
CUST-02441,8,5,1360.67,5,3,2,532,3.33,Potential Loyalists
CUST-13638,8,5,1394.48,5,3,3,533,3.67,Potential Loyalists
CUST-05602,8,5,1636.32,5,3,3,533,3.67,Potential Loyalists
CUST-03558,8,5,1979.56,5,3,3,533,3.67,Potential Loyalists
CUST-12713,8,5,2036.84,5,3,3,533,3.67,Potential Loyalists
CUST-02855,8,5,2297.63,5,3,4,534,4.0,Potential Loyalists
CUST-03433,8,5,2443.77,5,3,4,534,4.0,Potential Loyalists
CUST-04191,8,5,2645.69,5,3,4,534,4.0,Potential Loyalists
CUST-02212,8,5,2752.83,5,3,4,534,4.0,Potential Loyalists
CUST-06646,8,5,3178.55,5,3,5,535,4.33,Potential Loyalists
CUST-11116,8,5,3571.95,5,3,5,535,4.33,Potential Loyalists
CUST-06500,8,5,3589.78,5,3,5,535,4.33,Potential Loyalists
CUST-00684,8,5,4057.0,5,4,5,545,4.67,Champions
CUST-10909,8,6,898.11,5,4,2,542,3.67,Potential Loyalists
CUST-13035,8,6,1026.75,5,4,2,542,3.67,Potential Loyalists
CUST-03262,8,6,1035.53,5,4,2,542,3.67,Potential Loyalists
CUST-12562,8,6,1071.06,5,4,2,542,3.67,Potential Loyalists
CUST-14381,8,6,1391.9,5,4,3,543,4.0,Loyal Customers
CUST-03362,8,6,1931.24,5,4,3,543,4.0,Loyal Customers
CUST-11181,8,6,2007.55,5,4,3,543,4.0,Loyal Customers
CUST-06916,8,6,2140.15,5,4,4,544,4.33,Champions
CUST-13709,8,6,2247.37,5,4,4,544,4.33,Champions
CUST-00119,8,6,2311.0,5,4,4,544,4.33,Champions
CUST-05779,8,6,2533.15,5,4,4,544,4.33,Champions
CUST-03194,8,6,3773.5,5,4,5,545,4.67,Champions
CUST-13046,8,6,4748.99,5,4,5,545,4.67,Champions
CUST-04688,8,6,6517.24,5,4,5,545,4.67,Champions
CUST-09744,8,7,1758.27,5,4,3,543,4.0,Loyal Customers
CUST-03245,8,7,1983.15,5,4,3,543,4.0,Loyal Customers
CUST-03822,8,7,2490.34,5,5,4,554,4.67,Champions
CUST-02465,8,7,2545.87,5,5,4,554,4.67,Champions
CUST-02422,8,7,2883.53,5,5,4,554,4.67,Champions
CUST-06000,8,7,3121.78,5,5,5,555,5.0,Champions
CUST-07391,8,7,3211.18,5,5,5,555,5.0,Champions
CUST-04031,8,7,3300.54,5,5,5,555,5.0,Champions
CUST-01010,8,7,4282.66,5,5,5,555,5.0,Champions
CUST-07306,8,8,1093.81,5,5,2,552,4.0,Potential Loyalists
CUST-03222,8,8,1941.71,5,5,3,553,4.33,Loyal Customers
CUST-08596,8,8,2517.55,5,5,4,554,4.67,Champions
CUST-14147,8,8,2834.35,5,5,4,554,4.67,Champions
CUST-01437,8,8,3028.57,5,5,5,555,5.0,Champions
CUST-07137,8,8,3176.76,5,5,5,555,5.0,Champions
CUST-12421,8,8,3181.09,5,5,5,555,5.0,Champions
CUST-07929,8,8,4830.01,5,5,5,555,5.0,Champions
CUST-06408,8,8,5554.32,5,5,5,555,5.0,Champions
CUST-01565,8,9,1542.76,5,5,3,553,4.33,Loyal Customers
CUST-13389,8,9,3119.75,5,5,5,555,5.0,Champions
CUST-06503,8,11,4494.7,5,5,5,555,5.0,Champions
CUST-08525,7,2,87.37,5,1,1,511,2.33,New Customers
CUST-08238,7,2,286.73,5,1,1,511,2.33,New Customers
CUST-04218,7,2,297.87,5,1,1,511,2.33,New Customers
CUST-06400,7,2,444.93,5,1,1,511,2.33,New Customers
CUST-06461,7,2,1109.18,5,1,2,512,2.67,New Customers
CUST-00674,7,2,2258.29,5,1,4,514,3.33,New Customers
CUST-06146,7,3,329.63,5,1,1,511,2.33,New Customers
CUST-14407,7,3,1043.7,5,1,2,512,2.67,New Customers
CUST-11712,7,3,1243.33,5,2,2,522,3.0,New Customers
CUST-03595,7,4,249.23,5,2,1,521,2.67,New Customers
CUST-04608,7,4,934.29,5,2,2,522,3.0,New Customers
CUST-12477,7,4,976.93,5,2,2,522,3.0,New Customers
CUST-00536,7,4,1046.93,5,2,2,522,3.0,New Customers
CUST-08290,7,4,1263.53,5,2,2,522,3.0,New Customers
CUST-08365,7,4,1268.74,5,2,2,522,3.0,New Customers
CUST-08998,7,4,1352.82,5,2,2,522,3.0,New Customers
CUST-05962,7,4,1465.03,5,2,3,523,3.33,New Customers
CUST-04573,7,4,1474.21,5,2,3,523,3.33,New Customers
CUST-13719,7,4,1790.52,5,2,3,523,3.33,New Customers
CUST-02221,7,4,2538.01,5,3,4,534,4.0,Potential Loyalists
CUST-04192,7,4,3229.52,5,3,5,535,4.33,Potential Loyalists
CUST-12894,7,4,3587.22,5,3,5,535,4.33,Potential Loyalists
CUST-12614,7,5,499.36,5,3,1,531,3.0,Potential Loyalists
CUST-10608,7,5,1017.94,5,3,2,532,3.33,Potential Loyalists
CUST-00215,7,5,1784.29,5,3,3,533,3.67,Potential Loyalists
CUST-02439,7,5,1834.33,5,3,3,533,3.67,Potential Loyalists
CUST-05745,7,5,1859.9,5,3,3,533,3.67,Potential Loyalists
CUST-08391,7,5,1974.16,5,3,3,533,3.67,Potential Loyalists
CUST-00132,7,5,2366.18,5,3,4,534,4.0,Potential Loyalists
CUST-05040,7,5,2671.51,5,3,4,534,4.0,Potential Loyalists
CUST-09091,7,5,3237.85,5,3,5,535,4.33,Potential Loyalists
CUST-03144,7,5,3778.23,5,4,5,545,4.67,Champions
CUST-11903,7,6,1015.07,5,4,2,542,3.67,Potential Loyalists
CUST-13731,7,6,1200.54,5,4,2,542,3.67,Potential Loyalists
CUST-00463,7,6,1235.44,5,4,2,542,3.67,Potential Loyalists
CUST-00311,7,6,1428.57,5,4,3,543,4.0,Loyal Customers
CUST-14992,7,6,1989.27,5,4,3,543,4.0,Loyal Customers
CUST-02750,7,6,2063.38,5,4,3,543,4.0,Loyal Customers
CUST-14995,7,6,2122.33,5,4,4,544,4.33,Champions
CUST-14184,7,6,2504.57,5,4,4,544,4.33,Champions
CUST-02148,7,6,2705.2,5,4,4,544,4.33,Champions
CUST-05592,7,6,2938.86,5,4,4,544,4.33,Champions
CUST-10626,7,6,3103.1,5,4,5,545,4.67,Champions
CUST-14715,7,6,3235.22,5,4,5,545,4.67,Champions
CUST-01859,7,6,3377.45,5,4,5,545,4.67,Champions
CUST-11462,7,6,3379.46,5,4,5,545,4.67,Champions
CUST-03076,7,6,5533.18,5,4,5,545,4.67,Champions
CUST-06980,7,7,963.93,5,4,2,542,3.67,Potential Loyalists
CUST-11115,7,7,1265.45,5,4,2,542,3.67,Potential Loyalists
CUST-06004,7,7,1790.84,5,4,3,543,4.0,Loyal Customers
CUST-11899,7,7,1881.31,5,4,3,543,4.0,Loyal Customers
CUST-14683,7,7,2454.6,5,5,4,554,4.67,Champions
CUST-11387,7,7,2660.77,5,5,4,554,4.67,Champions
CUST-05713,7,7,2843.45,5,5,4,554,4.67,Champions
CUST-09740,7,7,3021.58,5,5,5,555,5.0,Champions
CUST-06082,7,7,4848.27,5,5,5,555,5.0,Champions
CUST-07388,7,8,1631.04,5,5,3,553,4.33,Loyal Customers
CUST-09364,7,8,1720.64,5,5,3,553,4.33,Loyal Customers
CUST-08754,7,8,1800.6,5,5,3,553,4.33,Loyal Customers
CUST-04588,7,8,2900.57,5,5,4,554,4.67,Champions
CUST-09472,7,8,3131.56,5,5,5,555,5.0,Champions
CUST-00385,7,10,1321.58,5,5,2,552,4.0,Potential Loyalists
CUST-04988,7,10,2636.17,5,5,4,554,4.67,Champions
CUST-11197,7,11,5732.82,5,5,5,555,5.0,Champions
CUST-07235,7,11,7049.4,5,5,5,555,5.0,Champions
CUST-09358,7,12,2479.24,5,5,4,554,4.67,Champions
CUST-07580,6,2,165.06,5,1,1,511,2.33,New Customers
CUST-09423,6,2,2374.05,5,1,4,514,3.33,New Customers
CUST-09395,6,3,1025.0,5,1,2,512,2.67,New Customers
CUST-11372,6,4,340.26,5,2,1,521,2.67,New Customers
CUST-04991,6,4,585.56,5,2,1,521,2.67,New Customers
CUST-07921,6,4,602.05,5,2,1,521,2.67,New Customers
CUST-09432,6,4,711.95,5,2,1,521,2.67,New Customers
CUST-01470,6,4,715.83,5,2,1,521,2.67,New Customers
CUST-05959,6,4,878.68,5,2,2,522,3.0,New Customers
CUST-01863,6,4,1234.68,5,2,2,522,3.0,New Customers
CUST-02340,6,4,1346.66,5,2,2,522,3.0,New Customers
CUST-11522,6,4,1822.43,5,2,3,523,3.33,New Customers
CUST-14315,6,5,415.1,5,3,1,531,3.0,Potential Loyalists
CUST-13324,6,5,682.43,5,3,1,531,3.0,Potential Loyalists
CUST-04691,6,5,706.8,5,3,1,531,3.0,Potential Loyalists
CUST-12058,6,5,782.78,5,3,2,532,3.33,Potential Loyalists
CUST-06063,6,5,835.97,5,3,2,532,3.33,Potential Loyalists
CUST-08453,6,5,911.28,5,3,2,532,3.33,Potential Loyalists
CUST-04704,6,5,1213.33,5,3,2,532,3.33,Potential Loyalists
CUST-01553,6,5,1312.98,5,3,2,532,3.33,Potential Loyalists
CUST-04998,6,5,1841.99,5,3,3,533,3.67,Potential Loyalists
CUST-13160,6,5,1997.59,5,3,3,533,3.67,Potential Loyalists
CUST-07104,6,5,2076.76,5,3,4,534,4.0,Potential Loyalists
CUST-02549,6,5,2116.49,5,3,4,534,4.0,Potential Loyalists
CUST-03138,6,5,2357.04,5,3,4,534,4.0,Potential Loyalists
CUST-09371,6,5,2618.24,5,3,4,534,4.0,Potential Loyalists
CUST-03893,6,5,2733.98,5,3,4,534,4.0,Potential Loyalists
CUST-04167,6,5,2856.28,5,3,4,534,4.0,Potential Loyalists
CUST-12122,6,5,2858.21,5,3,4,534,4.0,Potential Loyalists
CUST-11028,6,5,3123.43,5,3,5,535,4.33,Potential Loyalists
CUST-07441,6,6,1671.37,5,4,3,543,4.0,Loyal Customers
CUST-09901,6,6,1681.02,5,4,3,543,4.0,Loyal Customers
CUST-02127,6,6,1702.83,5,4,3,543,4.0,Loyal Customers
CUST-06428,6,6,2065.59,5,4,3,543,4.0,Loyal Customers
CUST-01799,6,6,2079.23,5,4,4,544,4.33,Champions
CUST-05636,6,6,2327.35,5,4,4,544,4.33,Champions
CUST-11233,6,6,2397.03,5,4,4,544,4.33,Champions
CUST-00503,6,6,2588.87,5,4,4,544,4.33,Champions
CUST-09089,6,6,2927.82,5,4,4,544,4.33,Champions
CUST-05742,6,6,3030.9,5,4,5,545,4.67,Champions
CUST-10611,6,6,3900.35,5,4,5,545,4.67,Champions
CUST-06531,6,7,1153.91,5,4,2,542,3.67,Potential Loyalists
CUST-14959,6,7,1275.11,5,4,2,542,3.67,Potential Loyalists
CUST-11135,6,7,1998.84,5,4,3,543,4.0,Loyal Customers
CUST-01867,6,7,2023.94,5,4,3,543,4.0,Loyal Customers
CUST-05365,6,7,2564.14,5,5,4,554,4.67,Champions
CUST-11745,6,7,2681.39,5,5,4,554,4.67,Champions
CUST-12826,6,7,3031.25,5,5,5,555,5.0,Champions
CUST-04722,6,7,3170.39,5,5,5,555,5.0,Champions
CUST-03021,6,7,3869.93,5,5,5,555,5.0,Champions
CUST-02627,6,7,4263.09,5,5,5,555,5.0,Champions
CUST-05053,6,7,4478.4,5,5,5,555,5.0,Champions
CUST-08488,6,8,731.46,5,5,1,551,3.67,Potential Loyalists
CUST-12472,6,8,1814.79,5,5,3,553,4.33,Loyal Customers
CUST-04831,6,8,2432.4,5,5,4,554,4.67,Champions
CUST-12302,6,8,2816.81,5,5,4,554,4.67,Champions
CUST-02573,6,8,2993.92,5,5,4,554,4.67,Champions
CUST-13007,6,8,3203.9,5,5,5,555,5.0,Champions
CUST-08275,6,8,3349.56,5,5,5,555,5.0,Champions
CUST-01041,6,8,3872.57,5,5,5,555,5.0,Champions
CUST-13777,6,8,4056.88,5,5,5,555,5.0,Champions
CUST-01417,6,9,5121.08,5,5,5,555,5.0,Champions
CUST-06650,6,9,6344.14,5,5,5,555,5.0,Champions
CUST-06106,6,9,7503.34,5,5,5,555,5.0,Champions
CUST-13675,6,10,2852.38,5,5,4,554,4.67,Champions
CUST-10449,5,2,777.04,5,1,2,512,2.67,New Customers
CUST-02930,5,3,336.95,5,1,1,511,2.33,New Customers
CUST-12396,5,3,1035.07,5,1,2,512,2.67,New Customers
CUST-14013,5,3,3276.79,5,2,5,525,4.0,New Customers
CUST-07139,5,4,229.58,5,2,1,521,2.67,New Customers
CUST-12854,5,4,701.6,5,2,1,521,2.67,New Customers
CUST-01895,5,4,907.71,5,2,2,522,3.0,New Customers
CUST-03804,5,4,1100.81,5,2,2,522,3.0,New Customers
CUST-07802,5,4,1192.5,5,2,2,522,3.0,New Customers
CUST-14178,5,4,1378.22,5,2,2,522,3.0,New Customers
CUST-13906,5,4,1673.25,5,2,3,523,3.33,New Customers
CUST-06685,5,4,1699.16,5,2,3,523,3.33,New Customers
CUST-04158,5,4,1840.77,5,2,3,523,3.33,New Customers
CUST-08206,5,4,2282.28,5,2,4,524,3.67,New Customers
CUST-00721,5,4,2458.26,5,3,4,534,4.0,Potential Loyalists
CUST-11008,5,4,2569.22,5,3,4,534,4.0,Potential Loyalists
CUST-00784,5,4,2664.04,5,3,4,534,4.0,Potential Loyalists
CUST-01701,5,4,2784.96,5,3,4,534,4.0,Potential Loyalists
CUST-14486,5,5,285.79,5,3,1,531,3.0,Potential Loyalists
CUST-10652,5,5,830.26,5,3,2,532,3.33,Potential Loyalists
CUST-01769,5,5,1239.04,5,3,2,532,3.33,Potential Loyalists
CUST-06225,5,5,1420.49,5,3,3,533,3.67,Potential Loyalists
CUST-06281,5,5,1764.47,5,3,3,533,3.67,Potential Loyalists
CUST-08760,5,5,1797.23,5,3,3,533,3.67,Potential Loyalists
CUST-01831,5,5,2606.53,5,3,4,534,4.0,Potential Loyalists
CUST-08807,5,5,3012.62,5,3,5,535,4.33,Potential Loyalists
CUST-09917,5,5,3181.77,5,3,5,535,4.33,Potential Loyalists
CUST-12189,5,6,808.54,5,4,2,542,3.67,Potential Loyalists
CUST-12699,5,6,969.42,5,4,2,542,3.67,Potential Loyalists
CUST-12598,5,6,1286.39,5,4,2,542,3.67,Potential Loyalists
CUST-04629,5,6,1297.93,5,4,2,542,3.67,Potential Loyalists
CUST-14648,5,6,1437.91,5,4,3,543,4.0,Loyal Customers
CUST-05875,5,6,1882.48,5,4,3,543,4.0,Loyal Customers
CUST-11556,5,6,2017.37,5,4,3,543,4.0,Loyal Customers
CUST-01078,5,6,2399.69,5,4,4,544,4.33,Champions
CUST-10102,5,6,2522.41,5,4,4,544,4.33,Champions
CUST-05407,5,6,2904.74,5,4,4,544,4.33,Champions
CUST-06178,5,6,3464.37,5,4,5,545,4.67,Champions
CUST-00351,5,6,3882.13,5,4,5,545,4.67,Champions
CUST-05851,5,6,3923.22,5,4,5,545,4.67,Champions
CUST-08250,5,6,4521.16,5,4,5,545,4.67,Champions
CUST-02879,5,7,672.49,5,4,1,541,3.33,Potential Loyalists
CUST-06694,5,7,1231.68,5,4,2,542,3.67,Potential Loyalists
CUST-05615,5,7,1439.77,5,4,3,543,4.0,Loyal Customers
CUST-09617,5,7,1654.53,5,4,3,543,4.0,Loyal Customers
CUST-10551,5,7,1758.35,5,4,3,543,4.0,Loyal Customers
CUST-00290,5,7,2931.2,5,5,4,554,4.67,Champions
CUST-06276,5,7,3643.01,5,5,5,555,5.0,Champions
CUST-04685,5,7,4031.12,5,5,5,555,5.0,Champions
CUST-08456,5,7,5673.72,5,5,5,555,5.0,Champions
CUST-14931,5,8,1831.47,5,5,3,553,4.33,Loyal Customers
CUST-14658,5,8,2065.5,5,5,3,553,4.33,Loyal Customers
CUST-09487,5,8,2269.95,5,5,4,554,4.67,Champions
CUST-03771,5,8,2448.36,5,5,4,554,4.67,Champions
CUST-04902,5,8,3559.62,5,5,5,555,5.0,Champions
CUST-11173,5,8,3907.03,5,5,5,555,5.0,Champions
CUST-13932,5,8,6235.66,5,5,5,555,5.0,Champions
CUST-05827,5,9,3026.4,5,5,5,555,5.0,Champions
CUST-01184,5,9,3133.11,5,5,5,555,5.0,Champions
CUST-02990,5,9,5384.39,5,5,5,555,5.0,Champions
CUST-02677,5,10,5154.13,5,5,5,555,5.0,Champions
CUST-00301,5,10,6110.34,5,5,5,555,5.0,Champions
CUST-10436,5,11,4903.49,5,5,5,555,5.0,Champions
CUST-12221,4,2,99.87,5,1,1,511,2.33,New Customers
CUST-08624,4,2,604.28,5,1,1,511,2.33,New Customers
CUST-03883,4,2,1200.36,5,1,2,512,2.67,New Customers
CUST-11689,4,2,1250.6,5,1,2,512,2.67,New Customers
CUST-06186,4,3,604.15,5,1,1,511,2.33,New Customers
CUST-05374,4,3,1495.45,5,2,3,523,3.33,New Customers
CUST-12758,4,3,3275.09,5,2,5,525,4.0,New Customers
CUST-10230,4,4,388.18,5,2,1,521,2.67,New Customers
CUST-00900,4,4,535.89,5,2,1,521,2.67,New Customers
CUST-03417,4,4,576.32,5,2,1,521,2.67,New Customers
CUST-07459,4,4,610.95,5,2,1,521,2.67,New Customers
CUST-12714,4,4,626.79,5,2,1,521,2.67,New Customers
CUST-11051,4,4,684.0,5,2,1,521,2.67,New Customers
CUST-04976,4,4,769.15,5,2,2,522,3.0,New Customers
CUST-12789,4,4,882.12,5,2,2,522,3.0,New Customers
CUST-06441,4,4,1929.34,5,2,3,523,3.33,New Customers
CUST-14593,4,4,2078.09,5,2,4,524,3.67,New Customers
CUST-03836,4,4,2142.34,5,2,4,524,3.67,New Customers
CUST-07379,4,5,752.35,5,3,1,531,3.0,Potential Loyalists
CUST-04496,4,5,1065.68,5,3,2,532,3.33,Potential Loyalists
CUST-02466,4,5,2447.6,5,3,4,534,4.0,Potential Loyalists
CUST-12127,4,5,2507.91,5,3,4,534,4.0,Potential Loyalists
CUST-09259,4,5,2682.17,5,3,4,534,4.0,Potential Loyalists
CUST-10194,4,5,2682.87,5,3,4,534,4.0,Potential Loyalists
CUST-10592,4,5,3647.18,5,3,5,535,4.33,Potential Loyalists
CUST-13306,4,5,3965.63,5,4,5,545,4.67,Champions
CUST-10447,4,6,791.43,5,4,2,542,3.67,Potential Loyalists
CUST-04518,4,6,879.82,5,4,2,542,3.67,Potential Loyalists
CUST-13192,4,6,1135.14,5,4,2,542,3.67,Potential Loyalists
CUST-00664,4,6,1701.8,5,4,3,543,4.0,Loyal Customers
CUST-13274,4,6,1722.15,5,4,3,543,4.0,Loyal Customers
CUST-06345,4,6,1829.96,5,4,3,543,4.0,Loyal Customers
CUST-00286,4,6,1975.0,5,4,3,543,4.0,Loyal Customers
CUST-11759,4,6,2304.33,5,4,4,544,4.33,Champions
CUST-04473,4,6,2426.96,5,4,4,544,4.33,Champions
CUST-07898,4,6,2600.01,5,4,4,544,4.33,Champions
CUST-09221,4,6,2714.91,5,4,4,544,4.33,Champions
CUST-06936,4,6,3355.1,5,4,5,545,4.67,Champions
CUST-08697,4,6,3420.39,5,4,5,545,4.67,Champions
CUST-11722,4,6,3644.49,5,4,5,545,4.67,Champions
CUST-10624,4,6,4203.16,5,4,5,545,4.67,Champions
CUST-12039,4,6,4257.14,5,4,5,545,4.67,Champions
CUST-00402,4,7,961.69,5,4,2,542,3.67,Potential Loyalists
CUST-00384,4,7,1753.94,5,4,3,543,4.0,Loyal Customers
CUST-07918,4,7,2199.38,5,5,4,554,4.67,Champions
CUST-03351,4,7,2381.22,5,5,4,554,4.67,Champions
CUST-09978,4,7,2746.22,5,5,4,554,4.67,Champions
CUST-10065,4,7,2884.8,5,5,4,554,4.67,Champions
CUST-10567,4,7,3300.7,5,5,5,555,5.0,Champions
CUST-07641,4,7,3980.77,5,5,5,555,5.0,Champions
CUST-06136,4,7,5910.56,5,5,5,555,5.0,Champions
CUST-10457,4,7,6725.26,5,5,5,555,5.0,Champions
CUST-07118,4,8,702.4,5,5,1,551,3.67,Potential Loyalists
CUST-04419,4,8,1241.68,5,5,2,552,4.0,Potential Loyalists
CUST-11463,4,8,1672.05,5,5,3,553,4.33,Loyal Customers
CUST-14898,4,8,2076.44,5,5,4,554,4.67,Champions
CUST-12172,4,8,2090.15,5,5,4,554,4.67,Champions
CUST-13351,4,8,3591.34,5,5,5,555,5.0,Champions
CUST-10686,4,8,3900.73,5,5,5,555,5.0,Champions
CUST-13320,4,9,1815.5,5,5,3,553,4.33,Loyal Customers
CUST-13763,4,9,2574.11,5,5,4,554,4.67,Champions
CUST-01319,4,9,2886.48,5,5,4,554,4.67,Champions
CUST-04664,4,10,2419.33,5,5,4,554,4.67,Champions
CUST-01652,4,10,3064.42,5,5,5,555,5.0,Champions
CUST-02396,4,10,6087.81,5,5,5,555,5.0,Champions
CUST-04019,4,11,3309.83,5,5,5,555,5.0,Champions
CUST-00669,4,11,4965.43,5,5,5,555,5.0,Champions
CUST-03077,3,2,114.34,5,1,1,511,2.33,New Customers
CUST-14034,3,2,275.18,5,1,1,511,2.33,New Customers
CUST-01499,3,2,304.31,5,1,1,511,2.33,New Customers
CUST-13947,3,2,522.39,5,1,1,511,2.33,New Customers
CUST-11476,3,3,317.0,5,1,1,511,2.33,New Customers
CUST-11019,3,3,425.31,5,1,1,511,2.33,New Customers
CUST-04198,3,3,1016.27,5,1,2,512,2.67,New Customers
CUST-00737,3,3,1073.25,5,1,2,512,2.67,New Customers
CUST-06454,3,3,1912.65,5,2,3,523,3.33,New Customers
CUST-08018,3,4,643.27,5,2,1,521,2.67,New Customers
CUST-10332,3,4,908.65,5,2,2,522,3.0,New Customers
CUST-12044,3,4,929.48,5,2,2,522,3.0,New Customers
CUST-12809,3,4,1483.0,5,2,3,523,3.33,New Customers
CUST-00434,3,4,1537.54,5,2,3,523,3.33,New Customers
CUST-00913,3,4,1870.4,5,2,3,523,3.33,New Customers
CUST-11719,3,4,1872.11,5,2,3,523,3.33,New Customers
CUST-06677,3,4,1886.25,5,2,3,523,3.33,New Customers
CUST-01705,3,4,2301.1,5,2,4,524,3.67,New Customers
CUST-03973,3,4,3463.13,5,3,5,535,4.33,Potential Loyalists
CUST-02229,3,5,889.18,5,3,2,532,3.33,Potential Loyalists
CUST-06943,3,5,1078.49,5,3,2,532,3.33,Potential Loyalists
CUST-06078,3,5,1225.23,5,3,2,532,3.33,Potential Loyalists
CUST-04711,3,5,1479.39,5,3,3,533,3.67,Potential Loyalists
CUST-11225,3,5,2062.79,5,3,3,533,3.67,Potential Loyalists
CUST-10196,3,5,3637.05,5,3,5,535,4.33,Potential Loyalists
CUST-01065,3,6,574.7,5,4,1,541,3.33,Potential Loyalists
CUST-14964,3,6,788.02,5,4,2,542,3.67,Potential Loyalists
CUST-10053,3,6,1165.21,5,4,2,542,3.67,Potential Loyalists
CUST-14495,3,6,1353.49,5,4,2,542,3.67,Potential Loyalists
CUST-09928,3,6,2003.45,5,4,3,543,4.0,Loyal Customers
CUST-13415,3,6,2699.11,5,4,4,544,4.33,Champions
CUST-03882,3,6,2712.79,5,4,4,544,4.33,Champions
CUST-11548,3,6,2854.83,5,4,4,544,4.33,Champions
CUST-13980,3,6,2865.66,5,4,4,544,4.33,Champions
CUST-10794,3,6,3125.58,5,4,5,545,4.67,Champions
CUST-03773,3,6,3495.9,5,4,5,545,4.67,Champions
CUST-10886,3,6,4386.95,5,4,5,545,4.67,Champions
CUST-06294,3,6,4719.38,5,4,5,545,4.67,Champions
CUST-07063,3,7,1987.53,5,4,3,543,4.0,Loyal Customers
CUST-04623,3,7,2103.02,5,5,4,554,4.67,Champions
CUST-10594,3,7,2217.52,5,5,4,554,4.67,Champions
CUST-08252,3,7,2752.85,5,5,4,554,4.67,Champions
CUST-08005,3,7,3011.12,5,5,5,555,5.0,Champions
CUST-05857,3,7,4103.68,5,5,5,555,5.0,Champions
CUST-14009,3,8,1358.53,5,5,2,552,4.0,Potential Loyalists
CUST-07097,3,8,1528.82,5,5,3,553,4.33,Loyal Customers
CUST-09631,3,8,1868.85,5,5,3,553,4.33,Loyal Customers
CUST-02882,3,8,2139.47,5,5,4,554,4.67,Champions
CUST-04655,3,8,2217.48,5,5,4,554,4.67,Champions
CUST-01830,3,8,2752.38,5,5,4,554,4.67,Champions
CUST-11492,3,8,2807.66,5,5,4,554,4.67,Champions
CUST-06024,3,8,3126.89,5,5,5,555,5.0,Champions
CUST-13123,3,8,3860.87,5,5,5,555,5.0,Champions
CUST-13700,3,8,4380.14,5,5,5,555,5.0,Champions
CUST-02102,3,9,2556.03,5,5,4,554,4.67,Champions
CUST-05926,3,9,3564.8,5,5,5,555,5.0,Champions
CUST-05472,3,9,5432.53,5,5,5,555,5.0,Champions
CUST-10569,3,11,4590.11,5,5,5,555,5.0,Champions
CUST-13680,3,12,4222.9,5,5,5,555,5.0,Champions
CUST-00231,2,2,2250.22,5,1,4,514,3.33,New Customers
CUST-02955,2,3,466.47,5,1,1,511,2.33,New Customers
CUST-02666,2,3,1646.05,5,2,3,523,3.33,New Customers
CUST-13057,2,3,2105.25,5,2,4,524,3.67,New Customers
CUST-02599,2,3,2661.13,5,2,4,524,3.67,New Customers
CUST-02779,2,4,651.31,5,2,1,521,2.67,New Customers
CUST-06670,2,4,1870.67,5,2,3,523,3.33,New Customers
CUST-00521,2,4,2034.68,5,2,3,523,3.33,New Customers
CUST-05979,2,4,2408.8,5,3,4,534,4.0,Potential Loyalists
CUST-01612,2,4,2571.2,5,3,4,534,4.0,Potential Loyalists
CUST-14386,2,5,321.94,5,3,1,531,3.0,Potential Loyalists
CUST-11401,2,5,456.83,5,3,1,531,3.0,Potential Loyalists
CUST-01162,2,5,689.08,5,3,1,531,3.0,Potential Loyalists
CUST-03038,2,5,963.59,5,3,2,532,3.33,Potential Loyalists
CUST-13457,2,5,1087.02,5,3,2,532,3.33,Potential Loyalists
CUST-12154,2,5,1386.84,5,3,2,532,3.33,Potential Loyalists
CUST-14629,2,5,1926.33,5,3,3,533,3.67,Potential Loyalists
CUST-12073,2,5,1938.7,5,3,3,533,3.67,Potential Loyalists
CUST-07942,2,5,1989.26,5,3,3,533,3.67,Potential Loyalists
CUST-06884,2,5,2108.2,5,3,4,534,4.0,Potential Loyalists
CUST-10114,2,5,2219.29,5,3,4,534,4.0,Potential Loyalists
CUST-11946,2,5,3431.59,5,3,5,535,4.33,Potential Loyalists
CUST-04694,2,6,509.65,5,4,1,541,3.33,Potential Loyalists
CUST-00121,2,6,565.21,5,4,1,541,3.33,Potential Loyalists
CUST-08582,2,6,878.55,5,4,2,542,3.67,Potential Loyalists
CUST-04646,2,6,1225.08,5,4,2,542,3.67,Potential Loyalists
CUST-05970,2,6,1258.17,5,4,2,542,3.67,Potential Loyalists
CUST-01446,2,6,2602.58,5,4,4,544,4.33,Champions
CUST-07893,2,6,2674.89,5,4,4,544,4.33,Champions
CUST-10392,2,6,2746.01,5,4,4,544,4.33,Champions
CUST-00795,2,6,4928.59,5,4,5,545,4.67,Champions
CUST-02942,2,7,1856.32,5,4,3,543,4.0,Loyal Customers
CUST-07095,2,7,2349.64,5,5,4,554,4.67,Champions
CUST-10261,2,7,2677.99,5,5,4,554,4.67,Champions
CUST-13372,2,7,2869.97,5,5,4,554,4.67,Champions
CUST-10701,2,7,4245.03,5,5,5,555,5.0,Champions
CUST-07427,2,7,5014.05,5,5,5,555,5.0,Champions
CUST-11273,2,8,661.41,5,5,1,551,3.67,Potential Loyalists
CUST-03128,2,8,2305.74,5,5,4,554,4.67,Champions
CUST-00909,2,8,3294.46,5,5,5,555,5.0,Champions
CUST-05845,2,8,5272.59,5,5,5,555,5.0,Champions
CUST-09528,2,9,2885.39,5,5,4,554,4.67,Champions
CUST-11542,2,9,4139.24,5,5,5,555,5.0,Champions
CUST-08863,1,2,228.63,5,1,1,511,2.33,New Customers
CUST-00181,1,2,432.94,5,1,1,511,2.33,New Customers
CUST-01797,1,2,603.35,5,1,1,511,2.33,New Customers
CUST-07557,1,2,1007.78,5,1,2,512,2.67,New Customers
CUST-08583,1,3,349.68,5,1,1,511,2.33,New Customers
CUST-13296,1,3,369.59,5,1,1,511,2.33,New Customers
CUST-10553,1,3,972.86,5,1,2,512,2.67,New Customers
CUST-07943,1,3,1424.98,5,2,3,523,3.33,New Customers
CUST-12495,1,3,1520.29,5,2,3,523,3.33,New Customers
CUST-05784,1,3,1782.87,5,2,3,523,3.33,New Customers
CUST-12611,1,3,2864.89,5,2,4,524,3.67,New Customers
CUST-01047,1,4,458.01,5,2,1,521,2.67,New Customers
CUST-03026,1,4,489.67,5,2,1,521,2.67,New Customers
CUST-04751,1,4,676.71,5,2,1,521,2.67,New Customers
CUST-01372,1,4,896.97,5,2,2,522,3.0,New Customers
CUST-06546,1,4,1149.89,5,2,2,522,3.0,New Customers
CUST-08017,1,4,2138.18,5,2,4,524,3.67,New Customers
CUST-05987,1,4,2704.44,5,3,4,534,4.0,Potential Loyalists
CUST-02457,1,5,398.31,5,3,1,531,3.0,Potential Loyalists
CUST-00040,1,5,516.39,5,3,1,531,3.0,Potential Loyalists
CUST-03162,1,5,554.21,5,3,1,531,3.0,Potential Loyalists
CUST-12240,1,5,705.52,5,3,1,531,3.0,Potential Loyalists
CUST-02497,1,5,806.81,5,3,2,532,3.33,Potential Loyalists
CUST-07378,1,5,985.63,5,3,2,532,3.33,Potential Loyalists
CUST-06480,1,5,1500.55,5,3,3,533,3.67,Potential Loyalists
CUST-12433,1,5,1745.7,5,3,3,533,3.67,Potential Loyalists
CUST-11528,1,5,1975.46,5,3,3,533,3.67,Potential Loyalists
CUST-04683,1,5,1999.11,5,3,3,533,3.67,Potential Loyalists
CUST-12792,1,5,2008.34,5,3,3,533,3.67,Potential Loyalists
CUST-10574,1,5,2963.23,5,3,4,534,4.0,Potential Loyalists
CUST-02510,1,5,4403.89,5,4,5,545,4.67,Champions
CUST-14397,1,6,756.12,5,4,2,542,3.67,Potential Loyalists
CUST-04378,1,6,990.85,5,4,2,542,3.67,Potential Loyalists
CUST-10439,1,6,1172.4,5,4,2,542,3.67,Potential Loyalists
CUST-09552,1,6,1911.81,5,4,3,543,4.0,Loyal Customers
CUST-11577,1,6,2022.01,5,4,3,543,4.0,Loyal Customers
CUST-02192,1,6,2755.83,5,4,4,544,4.33,Champions
CUST-07293,1,6,2968.83,5,4,4,544,4.33,Champions
CUST-05494,1,6,4050.89,5,4,5,545,4.67,Champions
CUST-02834,1,6,4450.78,5,4,5,545,4.67,Champions
CUST-14322,1,7,905.39,5,4,2,542,3.67,Potential Loyalists
CUST-01980,1,7,1328.9,5,4,2,542,3.67,Potential Loyalists
CUST-08858,1,7,1499.68,5,4,3,543,4.0,Loyal Customers
CUST-01170,1,7,3228.22,5,5,5,555,5.0,Champions
CUST-02815,1,7,3971.27,5,5,5,555,5.0,Champions
CUST-11678,1,7,4112.79,5,5,5,555,5.0,Champions
CUST-04778,1,8,1193.82,5,5,2,552,4.0,Potential Loyalists
CUST-04934,1,8,1263.98,5,5,2,552,4.0,Potential Loyalists
CUST-02716,1,8,2602.75,5,5,4,554,4.67,Champions
CUST-05609,1,8,2844.39,5,5,4,554,4.67,Champions
CUST-09986,1,8,3001.92,5,5,4,554,4.67,Champions
CUST-12612,1,8,3576.66,5,5,5,555,5.0,Champions
CUST-06933,1,8,5344.58,5,5,5,555,5.0,Champions
CUST-10258,1,9,3138.04,5,5,5,555,5.0,Champions
CUST-10199,1,10,4677.63,5,5,5,555,5.0,Champions
CUST-11995,1,10,5347.14,5,5,5,555,5.0,Champions
